region,basket,month,index_value,base_month,base_value,data_origin,programme_version,package_version,generator_version,random_seed,not_for_empirical_validation,record_hash
US-NORTHEAST,STRUCTURAL_STEEL,2019-01-01,100.264276,2019-01-01,100.0,SYNTHETIC_RESEARCH_FIXTURE,OG-SYNTH-0.3,B1-0.3,build_opus_synthetic_programme_v0_3.py@0.3,20260812,True,6b706bb0476367b36838814d5b6b24322604f8a405d2074da05260ef7f5a8292
US-NORTHEAST,STRUCTURAL_STEEL,2019-02-01,100.425628,2019-01-01,100.0,SYNTHETIC_RESEARCH_FIXTURE,OG-SYNTH-0.3,B1-0.3,build_opus_synthetic_programme_v0_3.py@0.3,20260812,True,d330fec57c6e2a89f31b3c04f2f5fdf669fc1ca16890589cdee9c7be39947c1e
US-NORTHEAST,STRUCTURAL_STEEL,2019-03-01,100.64664,2019-01-01,100.0,SYNTHETIC_RESEARCH_FIXTURE,OG-SYNTH-0.3,B1-0.3,build_opus_synthetic_programme_v0_3.py@0.3,20260812,True,7d65195e3472237309c4c459fc21cba42ac372c1c2eaa7e23a691a14ea73b34c
US-NORTHEAST,STRUCTURAL_STEEL,2019-04-01,100.918708,2019-01-01,100.0,SYNTHETIC_RESEARCH_FIXTURE,OG-SYNTH-0.3,B1-0.3,build_opus_synthetic_programme_v0_3.py@0.3,20260812,True,5d2fe32e2c38a3112a77508f2cbe9ee819c9598787a2e10876ad4b5ff0e9d620
US-NORTHEAST,STRUCTURAL_STEEL,2019-05-01,101.027486,2019-01-01,100.0,SYNTHETIC_RESEARCH_FIXTURE,OG-SYNTH-0.3,B1-0.3,build_opus_synthetic_programme_v0_3.py@0.3,20260812,True,3311e942f81407103b6dc4c51ed3348c71a4925ccd91f0c7bad3de64d337436a
US-NORTHEAST,STRUCTURAL_STEEL,2019-06-01,101.261543,2019-01-01,100.0,SYNTHETIC_RESEARCH_FIXTURE,OG-SYNTH-0.3,B1-0.3,build_opus_synthetic_programme_v0_3.py@0.3,20260812,True,a70a39afa64ddecf9934c66df8646f0191708408a2abf2b27082b59f08078ab0
US-NORTHEAST,STRUCTURAL_STEEL,2019-07-01,101.617294,2019-01-01,100.0,SYNTHETIC_RESEARCH_FIXTURE,OG-SYNTH-0.3,B1-0.3,build_opus_synthetic_programme_v0_3.py@0.3,20260812,True,f37746695386d146b7d17e81613eb6f21a43230735602365bec98add0f13020f
US-NORTHEAST,STRUCTURAL_STEEL,2019-08-01,101.87808,2019-01-01,100.0,SYNTHETIC_RESEARCH_FIXTURE,OG-SYNTH-0.3,B1-0.3,build_opus_synthetic_programme_v0_3.py@0.3,20260812,True,d9870c3c97f9345a166078faafd5418546039368683fcf21686a937d84746013
US-NORTHEAST,STRUCTURAL_STEEL,2019-09-01,102.004373,2019-01-01,100.0,SYNTHETIC_RESEARCH_FIXTURE,OG-SYNTH-0.3,B1-0.3,build_opus_synthetic_programme_v0_3.py@0.3,20260812,True,b3b842e2ff804637aa4cda9df7f4d835e53c1d65df8c7e663c4d00e008ed40af
US-NORTHEAST,STRUCTURAL_STEEL,2019-10-01,102.475056,2019-01-01,100.0,SYNTHETIC_RESEARCH_FIXTURE,OG-SYNTH-0.3,B1-0.3,build_opus_synthetic_programme_v0_3.py@0.3,20260812,True,fea2502351f4b1122492a3d03688930a44c08ce29793eb39bd212ae8e4cd46a8
US-NORTHEAST,STRUCTURAL_STEEL,2019-11-01,102.580653,2019-01-01,100.0,SYNTHETIC_RESEARCH_FIXTURE,OG-SYNTH-0.3,B1-0.3,build_opus_synthetic_programme_v0_3.py@0.3,20260812,True,22cfea5e3d1dd06534927b5670dfcc98a0b41a55ac52c34b2cc8c6e4c0c3546b
US-NORTHEAST,STRUCTURAL_STEEL,2019-12-01,102.538006,2019-01-01,100.0,SYNTHETIC_RESEARCH_FIXTURE,OG-SYNTH-0.3,B1-0.3,build_opus_synthetic_programme_v0_3.py@0.3,20260812,True,13a92ba65dd9c2bea7cc2400bf4f096b0d99055c88dd95f04c5522ef477e15aa
US-NORTHEAST,STRUCTURAL_STEEL,2020-01-01,102.600587,2019-01-01,100.0,SYNTHETIC_RESEARCH_FIXTURE,OG-SYNTH-0.3,B1-0.3,build_opus_synthetic_programme_v0_3.py@0.3,20260812,True,444a29024e4e4371040e5323d7f9132304427102ed8a575316b7838e6bea7ed9
US-NORTHEAST,STRUCTURAL_STEEL,2020-02-01,102.806137,2019-01-01,100.0,SYNTHETIC_RESEARCH_FIXTURE,OG-SYNTH-0.3,B1-0.3,build_opus_synthetic_programme_v0_3.py@0.3,20260812,True,c9d4f4e5ee6c122bbd31826d6cfbd998e069c265c451f8bf87328032da358ff4
US-NORTHEAST,STRUCTURAL_STEEL,2020-03-01,102.960976,2019-01-01,100.0,SYNTHETIC_RESEARCH_FIXTURE,OG-SYNTH-0.3,B1-0.3,build_opus_synthetic_programme_v0_3.py@0.3,20260812,True,ae2d93d5a07d31b86cd6f9dada47292d90b3dbadafc558d6d03ac42039bee81c
US-NORTHEAST,STRUCTURAL_STEEL,2020-04-01,103.240011,2019-01-01,100.0,SYNTHETIC_RESEARCH_FIXTURE,OG-SYNTH-0.3,B1-0.3,build_opus_synthetic_programme_v0_3.py@0.3,20260812,True,d1e45fe0bdc2693f658732681144db6e9fabb48616076961159dfd538e6a925f
US-NORTHEAST,STRUCTURAL_STEEL,2020-05-01,103.372724,2019-01-01,100.0,SYNTHETIC_RESEARCH_FIXTURE,OG-SYNTH-0.3,B1-0.3,build_opus_synthetic_programme_v0_3.py@0.3,20260812,True,87fb2f836075dec55447524abfbc35b8c24a20db4c37bcc7ce284dfe46c17647
US-NORTHEAST,STRUCTURAL_STEEL,2020-06-01,103.345824,2019-01-01,100.0,SYNTHETIC_RESEARCH_FIXTURE,OG-SYNTH-0.3,B1-0.3,build_opus_synthetic_programme_v0_3.py@0.3,20260812,True,ee9cdc0601018aa19366f0b41d572f79e8e26c18d18c5f939814881eefac368e
US-NORTHEAST,STRUCTURAL_STEEL,2020-07-01,103.461605,2019-01-01,100.0,SYNTHETIC_RESEARCH_FIXTURE,OG-SYNTH-0.3,B1-0.3,build_opus_synthetic_programme_v0_3.py@0.3,20260812,True,bae6fe46babde4b0e4b127b70e18c0ad4e7212b8e36424d00cd1dede984d6ad2
US-NORTHEAST,STRUCTURAL_STEEL,2020-08-01,103.410312,2019-01-01,100.0,SYNTHETIC_RESEARCH_FIXTURE,OG-SYNTH-0.3,B1-0.3,build_opus_synthetic_programme_v0_3.py@0.3,20260812,True,052a933131ff2ca0e599015628460bf0cddffee1430ae85266a23c365b75135e
US-NORTHEAST,STRUCTURAL_STEEL,2020-09-01,103.756751,2019-01-01,100.0,SYNTHETIC_RESEARCH_FIXTURE,OG-SYNTH-0.3,B1-0.3,build_opus_synthetic_programme_v0_3.py@0.3,20260812,True,198c7e521486f2640c58694e0d3f8d7f304014d91979e3d40b683f318d478a57
US-NORTHEAST,STRUCTURAL_STEEL,2020-10-01,103.731465,2019-01-01,100.0,SYNTHETIC_RESEARCH_FIXTURE,OG-SYNTH-0.3,B1-0.3,build_opus_synthetic_programme_v0_3.py@0.3,20260812,True,ea75bd421978f73bcd18996b0f5b0b018bbee2f379b5e1842574caa57f5cbb4b
US-NORTHEAST,STRUCTURAL_STEEL,2020-11-01,103.812628,2019-01-01,100.0,SYNTHETIC_RESEARCH_FIXTURE,OG-SYNTH-0.3,B1-0.3,build_opus_synthetic_programme_v0_3.py@0.3,20260812,True,defb36fed2de6ddc3162a9ad8f88f894668f9011f3d69c15f220694a92cc60f9
US-NORTHEAST,STRUCTURAL_STEEL,2020-12-01,103.939851,2019-01-01,100.0,SYNTHETIC_RESEARCH_FIXTURE,OG-SYNTH-0.3,B1-0.3,build_opus_synthetic_programme_v0_3.py@0.3,20260812,True,e790a062c78296dad8ef4dfa8d1c05c1632aa280fa82626155b49c7ec029ace9
US-NORTHEAST,STRUCTURAL_STEEL,2021-01-01,104.062209,2019-01-01,100.0,SYNTHETIC_RESEARCH_FIXTURE,OG-SYNTH-0.3,B1-0.3,build_opus_synthetic_programme_v0_3.py@0.3,20260812,True,de7fb80ce8972e79c31f4442722f71293a0e29c2bdea71867dc0e091cc2adbc5
US-NORTHEAST,STRUCTURAL_STEEL,2021-02-01,103.992616,2019-01-01,100.0,SYNTHETIC_RESEARCH_FIXTURE,OG-SYNTH-0.3,B1-0.3,build_opus_synthetic_programme_v0_3.py@0.3,20260812,True,95cad1636765a685bc5232a4cfcc4fa7987fe130a176ee8fce3d2417220d3c8b
US-NORTHEAST,STRUCTURAL_STEEL,2021-03-01,104.347033,2019-01-01,100.0,SYNTHETIC_RESEARCH_FIXTURE,OG-SYNTH-0.3,B1-0.3,build_opus_synthetic_programme_v0_3.py@0.3,20260812,True,95847107539ec0b3ef522cda79a5462e88a402a74c56dda21b1ebc7b72e6a0e4
US-NORTHEAST,STRUCTURAL_STEEL,2021-04-01,104.621235,2019-01-01,100.0,SYNTHETIC_RESEARCH_FIXTURE,OG-SYNTH-0.3,B1-0.3,build_opus_synthetic_programme_v0_3.py@0.3,20260812,True,633e9aa2f9150537c84be57b63f30b3aec2cbf6f26c998d4a223856770ffa686
US-NORTHEAST,STRUCTURAL_STEEL,2021-05-01,105.573624,2019-01-01,100.0,SYNTHETIC_RESEARCH_FIXTURE,OG-SYNTH-0.3,B1-0.3,build_opus_synthetic_programme_v0_3.py@0.3,20260812,True,8241feba2940b2fc25052e566b9eeb222af798eb513e9823421ab52f80098561
US-NORTHEAST,STRUCTURAL_STEEL,2021-06-01,106.717312,2019-01-01,100.0,SYNTHETIC_RESEARCH_FIXTURE,OG-SYNTH-0.3,B1-0.3,build_opus_synthetic_programme_v0_3.py@0.3,20260812,True,39557d8b3f556781a4cc839742c03a0b40ecb59cf418b53d104c9d4ffe3048b0
US-NORTHEAST,STRUCTURAL_STEEL,2021-07-01,107.649783,2019-01-01,100.0,SYNTHETIC_RESEARCH_FIXTURE,OG-SYNTH-0.3,B1-0.3,build_opus_synthetic_programme_v0_3.py@0.3,20260812,True,18df80aae84ae5911687586fdc00666700902e45758ac0cb30e097f3b5a2edde
US-NORTHEAST,STRUCTURAL_STEEL,2021-08-01,108.707136,2019-01-01,100.0,SYNTHETIC_RESEARCH_FIXTURE,OG-SYNTH-0.3,B1-0.3,build_opus_synthetic_programme_v0_3.py@0.3,20260812,True,ec45b3257edcd0df255e653015cf762d35df2afe06e4f1b12b145e0d72b8139d
US-NORTHEAST,STRUCTURAL_STEEL,2021-09-01,109.769012,2019-01-01,100.0,SYNTHETIC_RESEARCH_FIXTURE,OG-SYNTH-0.3,B1-0.3,build_opus_synthetic_programme_v0_3.py@0.3,20260812,True,783cee808f43dcc076cc1dac77a278b81d546f86173b2fd430ef4bdee9000dc7
US-NORTHEAST,STRUCTURAL_STEEL,2021-10-01,110.608718,2019-01-01,100.0,SYNTHETIC_RESEARCH_FIXTURE,OG-SYNTH-0.3,B1-0.3,build_opus_synthetic_programme_v0_3.py@0.3,20260812,True,e6f3689fa09788a0f16a40307feb04cb936e54afb44246cf06fcf1983d23ffe0
US-NORTHEAST,STRUCTURAL_STEEL,2021-11-01,111.890747,2019-01-01,100.0,SYNTHETIC_RESEARCH_FIXTURE,OG-SYNTH-0.3,B1-0.3,build_opus_synthetic_programme_v0_3.py@0.3,20260812,True,d34dd72634c1690ff3434a9fc68196d173fb9f37c7a43e2c2b2b4fa4ff907c1c
US-NORTHEAST,STRUCTURAL_STEEL,2021-12-01,112.922931,2019-01-01,100.0,SYNTHETIC_RESEARCH_FIXTURE,OG-SYNTH-0.3,B1-0.3,build_opus_synthetic_programme_v0_3.py@0.3,20260812,True,1a343f25f20f5459d0212a3fd9cbfa0b950549c16c95edc3ba11fb021e71de54
US-NORTHEAST,STRUCTURAL_STEEL,2022-01-01,113.696042,2019-01-01,100.0,SYNTHETIC_RESEARCH_FIXTURE,OG-SYNTH-0.3,B1-0.3,build_opus_synthetic_programme_v0_3.py@0.3,20260812,True,ba3c3d70fe66f11c18b8ad462cdad4c2742468ec06ef6e9046801e9d5147b9b7
US-NORTHEAST,STRUCTURAL_STEEL,2022-02-01,114.639262,2019-01-01,100.0,SYNTHETIC_RESEARCH_FIXTURE,OG-SYNTH-0.3,B1-0.3,build_opus_synthetic_programme_v0_3.py@0.3,20260812,True,316676810a966a3eeb08db1ec497132a66ac24680caffa68c512e8d21af0dcec
US-NORTHEAST,STRUCTURAL_STEEL,2022-03-01,116.067044,2019-01-01,100.0,SYNTHETIC_RESEARCH_FIXTURE,OG-SYNTH-0.3,B1-0.3,build_opus_synthetic_programme_v0_3.py@0.3,20260812,True,9595a06317cdbf13bee73db3a15a1022834b4ff313f7da7dcb4c4410b2f21b24
US-NORTHEAST,STRUCTURAL_STEEL,2022-04-01,117.357301,2019-01-01,100.0,SYNTHETIC_RESEARCH_FIXTURE,OG-SYNTH-0.3,B1-0.3,build_opus_synthetic_programme_v0_3.py@0.3,20260812,True,bea60eeb91dfd5acba494c445a5bbf08d90153f12f40f5346ef864f496b349b2
US-NORTHEAST,STRUCTURAL_STEEL,2022-05-01,118.71882,2019-01-01,100.0,SYNTHETIC_RESEARCH_FIXTURE,OG-SYNTH-0.3,B1-0.3,build_opus_synthetic_programme_v0_3.py@0.3,20260812,True,5e85d98fd5cbb7a21084df3bb05bceaf2006c8c57cc779cb2a76af9332e4ba39
US-NORTHEAST,STRUCTURAL_STEEL,2022-06-01,118.66328,2019-01-01,100.0,SYNTHETIC_RESEARCH_FIXTURE,OG-SYNTH-0.3,B1-0.3,build_opus_synthetic_programme_v0_3.py@0.3,20260812,True,16a6eae445a97a4eba519cca6a96b226fe6765ef1fd7acf8b3400275925ac13b
US-NORTHEAST,STRUCTURAL_STEEL,2022-07-01,119.271726,2019-01-01,100.0,SYNTHETIC_RESEARCH_FIXTURE,OG-SYNTH-0.3,B1-0.3,build_opus_synthetic_programme_v0_3.py@0.3,20260812,True,7a08c9497f67ced165dd1183c06d5813d4d6386d6744c22a0b01b5856279ce1b
US-NORTHEAST,STRUCTURAL_STEEL,2022-08-01,119.534459,2019-01-01,100.0,SYNTHETIC_RESEARCH_FIXTURE,OG-SYNTH-0.3,B1-0.3,build_opus_synthetic_programme_v0_3.py@0.3,20260812,True,6b8b7cec144ffc34924ab1a0c35b4069c38b6280e0f14737b54b9c42ec34af5c
US-NORTHEAST,STRUCTURAL_STEEL,2022-09-01,119.999996,2019-01-01,100.0,SYNTHETIC_RESEARCH_FIXTURE,OG-SYNTH-0.3,B1-0.3,build_opus_synthetic_programme_v0_3.py@0.3,20260812,True,4806f6dbdfa321e077ad34f07b3d3168fd1eaf35932043c327d4454a8918f885
US-NORTHEAST,STRUCTURAL_STEEL,2022-10-01,120.181792,2019-01-01,100.0,SYNTHETIC_RESEARCH_FIXTURE,OG-SYNTH-0.3,B1-0.3,build_opus_synthetic_programme_v0_3.py@0.3,20260812,True,06b45fdccefe7f58f20feec36e98c5a82fb2afdd7e1cfbe7b85d9317e3738daf
US-NORTHEAST,STRUCTURAL_STEEL,2022-11-01,120.337668,2019-01-01,100.0,SYNTHETIC_RESEARCH_FIXTURE,OG-SYNTH-0.3,B1-0.3,build_opus_synthetic_programme_v0_3.py@0.3,20260812,True,76946a78a0042405a16bc125d531166f3bfb9e8287c74ffde05877959a0f87f3
US-NORTHEAST,STRUCTURAL_STEEL,2022-12-01,120.769177,2019-01-01,100.0,SYNTHETIC_RESEARCH_FIXTURE,OG-SYNTH-0.3,B1-0.3,build_opus_synthetic_programme_v0_3.py@0.3,20260812,True,157905baf7d27eb91fe35d7f82ca99867f162f46d3e2addd4457578efb6f8a29
US-NORTHEAST,STRUCTURAL_STEEL,2023-01-01,121.564792,2019-01-01,100.0,SYNTHETIC_RESEARCH_FIXTURE,OG-SYNTH-0.3,B1-0.3,build_opus_synthetic_programme_v0_3.py@0.3,20260812,True,c5b500ec7108da5e253253d591a2a80829f73c743aa1374b8b383e8c24e228a5
US-NORTHEAST,STRUCTURAL_STEEL,2023-02-01,121.289763,2019-01-01,100.0,SYNTHETIC_RESEARCH_FIXTURE,OG-SYNTH-0.3,B1-0.3,build_opus_synthetic_programme_v0_3.py@0.3,20260812,True,ac6aab8b6a76cd0a700b9f03267c41ae492977d75c7d2637cf5c0ce6dbd3c7e6
US-NORTHEAST,STRUCTURAL_STEEL,2023-03-01,121.651947,2019-01-01,100.0,SYNTHETIC_RESEARCH_FIXTURE,OG-SYNTH-0.3,B1-0.3,build_opus_synthetic_programme_v0_3.py@0.3,20260812,True,e69bc03fe16780d799d1be452664177d09028b812a9b0bd0992704e5f929ffa5
US-NORTHEAST,STRUCTURAL_STEEL,2023-04-01,121.820633,2019-01-01,100.0,SYNTHETIC_RESEARCH_FIXTURE,OG-SYNTH-0.3,B1-0.3,build_opus_synthetic_programme_v0_3.py@0.3,20260812,True,52296704ec82117eaf20c061cb9d5fd4a31cd1dc205c70bdab98334768a93097
US-NORTHEAST,STRUCTURAL_STEEL,2023-05-01,122.193726,2019-01-01,100.0,SYNTHETIC_RESEARCH_FIXTURE,OG-SYNTH-0.3,B1-0.3,build_opus_synthetic_programme_v0_3.py@0.3,20260812,True,52267a64c0377596b57ff1e937e2153c43566dad0c98ba42593e537afcf5ed8f
US-NORTHEAST,STRUCTURAL_STEEL,2023-06-01,122.124753,2019-01-01,100.0,SYNTHETIC_RESEARCH_FIXTURE,OG-SYNTH-0.3,B1-0.3,build_opus_synthetic_programme_v0_3.py@0.3,20260812,True,7dc9997a5a3411c5d5b885015593f2e4c3eb73df3e5164064911011fa448d5d9
US-NORTHEAST,STRUCTURAL_STEEL,2023-07-01,122.144995,2019-01-01,100.0,SYNTHETIC_RESEARCH_FIXTURE,OG-SYNTH-0.3,B1-0.3,build_opus_synthetic_programme_v0_3.py@0.3,20260812,True,3d3753a252e833ef2f3ceb556f3edfd3cf6cfa0759fd697882ec303a4b142f8e
US-NORTHEAST,STRUCTURAL_STEEL,2023-08-01,122.259912,2019-01-01,100.0,SYNTHETIC_RESEARCH_FIXTURE,OG-SYNTH-0.3,B1-0.3,build_opus_synthetic_programme_v0_3.py@0.3,20260812,True,bdc7559ab86a8a6f81f8b3cb31d3aaa687ef798ec4d880674650409010d131d0
US-NORTHEAST,STRUCTURAL_STEEL,2023-09-01,122.231865,2019-01-01,100.0,SYNTHETIC_RESEARCH_FIXTURE,OG-SYNTH-0.3,B1-0.3,build_opus_synthetic_programme_v0_3.py@0.3,20260812,True,7cd63bed6a99b8bb3ef29635455ae54df5d69ea3f9c248ae6180641e5e64da71
US-NORTHEAST,STRUCTURAL_STEEL,2023-10-01,122.826317,2019-01-01,100.0,SYNTHETIC_RESEARCH_FIXTURE,OG-SYNTH-0.3,B1-0.3,build_opus_synthetic_programme_v0_3.py@0.3,20260812,True,76119047b71babf83b5fa472894fd2bac82e8dc9691e0f894d2e7fe202b2327e
US-NORTHEAST,STRUCTURAL_STEEL,2023-11-01,123.188184,2019-01-01,100.0,SYNTHETIC_RESEARCH_FIXTURE,OG-SYNTH-0.3,B1-0.3,build_opus_synthetic_programme_v0_3.py@0.3,20260812,True,ac66c93c917ae0bdc64a4fdcb3d334544e5329150ca0af387ed37fdc90243313
US-NORTHEAST,STRUCTURAL_STEEL,2023-12-01,123.465721,2019-01-01,100.0,SYNTHETIC_RESEARCH_FIXTURE,OG-SYNTH-0.3,B1-0.3,build_opus_synthetic_programme_v0_3.py@0.3,20260812,True,044d475285eed53ef1c562052fbba11e153a4cbc65596d9dc3db16f7b73b6094
US-NORTHEAST,STRUCTURAL_STEEL,2024-01-01,123.95533,2019-01-01,100.0,SYNTHETIC_RESEARCH_FIXTURE,OG-SYNTH-0.3,B1-0.3,build_opus_synthetic_programme_v0_3.py@0.3,20260812,True,3c39974edf1144f549da057f72864556d484b1e2ad08453502a917f86a71f9e4
US-NORTHEAST,STRUCTURAL_STEEL,2024-02-01,125.033283,2019-01-01,100.0,SYNTHETIC_RESEARCH_FIXTURE,OG-SYNTH-0.3,B1-0.3,build_opus_synthetic_programme_v0_3.py@0.3,20260812,True,0c5b52480efba58dc40538db5956d36cc6dc000162beba101b3a897b84d67dbf
US-NORTHEAST,STRUCTURAL_STEEL,2024-03-01,125.490312,2019-01-01,100.0,SYNTHETIC_RESEARCH_FIXTURE,OG-SYNTH-0.3,B1-0.3,build_opus_synthetic_programme_v0_3.py@0.3,20260812,True,d6a28f5247b7b07b7976161bcd979dab2e7df515bac960f63623e8eb354651ce
US-NORTHEAST,STRUCTURAL_STEEL,2024-04-01,126.234335,2019-01-01,100.0,SYNTHETIC_RESEARCH_FIXTURE,OG-SYNTH-0.3,B1-0.3,build_opus_synthetic_programme_v0_3.py@0.3,20260812,True,c329688c9ad02d36c27a7c0f7fa1bfb08e81b0aa28c60340771e3152ca5454ab
US-NORTHEAST,STRUCTURAL_STEEL,2024-05-01,127.083042,2019-01-01,100.0,SYNTHETIC_RESEARCH_FIXTURE,OG-SYNTH-0.3,B1-0.3,build_opus_synthetic_programme_v0_3.py@0.3,20260812,True,47470d049e57541af7b64730d2ab3413dbe64bf55b244e2cf67fe295e573dac0
US-NORTHEAST,STRUCTURAL_STEEL,2024-06-01,127.895775,2019-01-01,100.0,SYNTHETIC_RESEARCH_FIXTURE,OG-SYNTH-0.3,B1-0.3,build_opus_synthetic_programme_v0_3.py@0.3,20260812,True,5441b2421107fe319c2d8715b9b348210f4d5973226166133b5d2b5285a3a0c9
US-NORTHEAST,STRUCTURAL_STEEL,2024-07-01,128.783272,2019-01-01,100.0,SYNTHETIC_RESEARCH_FIXTURE,OG-SYNTH-0.3,B1-0.3,build_opus_synthetic_programme_v0_3.py@0.3,20260812,True,e0b5153aa7b833cae01c487df9fed2c31d556af59cf967678f44e03afe5f151b
US-NORTHEAST,STRUCTURAL_STEEL,2024-08-01,129.558547,2019-01-01,100.0,SYNTHETIC_RESEARCH_FIXTURE,OG-SYNTH-0.3,B1-0.3,build_opus_synthetic_programme_v0_3.py@0.3,20260812,True,609544702a98eebfadfc97d7baf38e1f00d38c04182ae8969a06a9f86180304a
US-NORTHEAST,STRUCTURAL_STEEL,2024-09-01,129.615689,2019-01-01,100.0,SYNTHETIC_RESEARCH_FIXTURE,OG-SYNTH-0.3,B1-0.3,build_opus_synthetic_programme_v0_3.py@0.3,20260812,True,047f150faea46fccfdbe279e57aec627ed7fe747fd3064c6f342d2e99c86d167
US-NORTHEAST,STRUCTURAL_STEEL,2024-10-01,130.002034,2019-01-01,100.0,SYNTHETIC_RESEARCH_FIXTURE,OG-SYNTH-0.3,B1-0.3,build_opus_synthetic_programme_v0_3.py@0.3,20260812,True,6c6a850c4de3371f2ef1a7ea332445db435d50895213d9df098090066e1a76ac
US-NORTHEAST,STRUCTURAL_STEEL,2024-11-01,130.403367,2019-01-01,100.0,SYNTHETIC_RESEARCH_FIXTURE,OG-SYNTH-0.3,B1-0.3,build_opus_synthetic_programme_v0_3.py@0.3,20260812,True,3ea6ddce8ec4f60a00a6f6bdf851a82bf7beccc608914974bdf40ca89622b15b
US-NORTHEAST,STRUCTURAL_STEEL,2024-12-01,130.487147,2019-01-01,100.0,SYNTHETIC_RESEARCH_FIXTURE,OG-SYNTH-0.3,B1-0.3,build_opus_synthetic_programme_v0_3.py@0.3,20260812,True,29c4ec10b6a39e4c223ae91622355ea89f9c9b470e2dd62f618ab2ad92717945
US-NORTHEAST,STRUCTURAL_STEEL,2025-01-01,130.910043,2019-01-01,100.0,SYNTHETIC_RESEARCH_FIXTURE,OG-SYNTH-0.3,B1-0.3,build_opus_synthetic_programme_v0_3.py@0.3,20260812,True,15a54cffa6a676802de526f07084fc53f1a612abc7a9eb3f332fcb686717d3b8
US-NORTHEAST,STRUCTURAL_STEEL,2025-02-01,131.117666,2019-01-01,100.0,SYNTHETIC_RESEARCH_FIXTURE,OG-SYNTH-0.3,B1-0.3,build_opus_synthetic_programme_v0_3.py@0.3,20260812,True,377332ea4be42ecc8c90c1f95d71f628ba5349776c0b403137e064f16155d00d
US-NORTHEAST,STRUCTURAL_STEEL,2025-03-01,131.786954,2019-01-01,100.0,SYNTHETIC_RESEARCH_FIXTURE,OG-SYNTH-0.3,B1-0.3,build_opus_synthetic_programme_v0_3.py@0.3,20260812,True,a1b2a87872a4698b99d97a6552ceee9c1dc5a79f9874d64aa46e04d5577569d4
US-NORTHEAST,STRUCTURAL_STEEL,2025-04-01,131.56981,2019-01-01,100.0,SYNTHETIC_RESEARCH_FIXTURE,OG-SYNTH-0.3,B1-0.3,build_opus_synthetic_programme_v0_3.py@0.3,20260812,True,83f921ff044cd9e6c43e13661679b96fdef771de1304a8e5e8f45d17e8fbae2f
US-NORTHEAST,STRUCTURAL_STEEL,2025-05-01,132.273349,2019-01-01,100.0,SYNTHETIC_RESEARCH_FIXTURE,OG-SYNTH-0.3,B1-0.3,build_opus_synthetic_programme_v0_3.py@0.3,20260812,True,e466da985643c5c1c87322c36a689d2e3e8d593577ce7139d7173a9f3e1dd524
US-NORTHEAST,STRUCTURAL_STEEL,2025-06-01,133.308149,2019-01-01,100.0,SYNTHETIC_RESEARCH_FIXTURE,OG-SYNTH-0.3,B1-0.3,build_opus_synthetic_programme_v0_3.py@0.3,20260812,True,e675d7e1c5e986c97f33434568ae2b0ef36757549c09784e33a055788a2275a0
US-NORTHEAST,STRUCTURAL_STEEL,2025-07-01,133.411596,2019-01-01,100.0,SYNTHETIC_RESEARCH_FIXTURE,OG-SYNTH-0.3,B1-0.3,build_opus_synthetic_programme_v0_3.py@0.3,20260812,True,83114029dfe4062ed8a0c4a91492b47bdf26a06a42453b35bfc5c057ce24c281
US-NORTHEAST,STRUCTURAL_STEEL,2025-08-01,133.444199,2019-01-01,100.0,SYNTHETIC_RESEARCH_FIXTURE,OG-SYNTH-0.3,B1-0.3,build_opus_synthetic_programme_v0_3.py@0.3,20260812,True,a13737289e3462cf5260d010c6f1e4aba508c58fe93408ffb63d634415d8f9b5
US-NORTHEAST,STRUCTURAL_STEEL,2025-09-01,133.919179,2019-01-01,100.0,SYNTHETIC_RESEARCH_FIXTURE,OG-SYNTH-0.3,B1-0.3,build_opus_synthetic_programme_v0_3.py@0.3,20260812,True,977e5e6ca74d6adeaf9b4e96a5188cbcdbc126fc732434802ed3edf0c9e4da4c
US-NORTHEAST,STRUCTURAL_STEEL,2025-10-01,133.909615,2019-01-01,100.0,SYNTHETIC_RESEARCH_FIXTURE,OG-SYNTH-0.3,B1-0.3,build_opus_synthetic_programme_v0_3.py@0.3,20260812,True,4a6bbf44ab97a356a312a64cb13c55ae4847ab17c69425a431ed9e26bdd7ea8b
US-NORTHEAST,STRUCTURAL_STEEL,2025-11-01,134.342563,2019-01-01,100.0,SYNTHETIC_RESEARCH_FIXTURE,OG-SYNTH-0.3,B1-0.3,build_opus_synthetic_programme_v0_3.py@0.3,20260812,True,0c30295a34d3cd837da703743ce6234e96449d584b48f9b56e17a1783e9d219a
US-NORTHEAST,STRUCTURAL_STEEL,2025-12-01,134.25889,2019-01-01,100.0,SYNTHETIC_RESEARCH_FIXTURE,OG-SYNTH-0.3,B1-0.3,build_opus_synthetic_programme_v0_3.py@0.3,20260812,True,259e660a24e28873651f600c606db6477ee79eecf8e71715db3d61edfff8c344
US-NORTHEAST,STRUCTURAL_STEEL,2026-01-01,134.175997,2019-01-01,100.0,SYNTHETIC_RESEARCH_FIXTURE,OG-SYNTH-0.3,B1-0.3,build_opus_synthetic_programme_v0_3.py@0.3,20260812,True,729afda67968d658d5db6599e64729c45b2053cc2a45ec1ce24377e4620bdd50
US-NORTHEAST,STRUCTURAL_STEEL,2026-02-01,133.652249,2019-01-01,100.0,SYNTHETIC_RESEARCH_FIXTURE,OG-SYNTH-0.3,B1-0.3,build_opus_synthetic_programme_v0_3.py@0.3,20260812,True,4894defb13a62e687b47d7f781505f7886adfea9d1d27707fbe1d65c2ca71ad9
US-NORTHEAST,STRUCTURAL_STEEL,2026-03-01,134.437605,2019-01-01,100.0,SYNTHETIC_RESEARCH_FIXTURE,OG-SYNTH-0.3,B1-0.3,build_opus_synthetic_programme_v0_3.py@0.3,20260812,True,bcb73d854b5a9188b1d536b6fdd6b6213a04b981c367cfe3cdf7ff65efd7550b
US-NORTHEAST,STRUCTURAL_STEEL,2026-04-01,134.875134,2019-01-01,100.0,SYNTHETIC_RESEARCH_FIXTURE,OG-SYNTH-0.3,B1-0.3,build_opus_synthetic_programme_v0_3.py@0.3,20260812,True,13d6850da71c870184f490a325e42f50e327f423197c9fbff6a76d78b7185a93
US-NORTHEAST,STRUCTURAL_STEEL,2026-05-01,135.036081,2019-01-01,100.0,SYNTHETIC_RESEARCH_FIXTURE,OG-SYNTH-0.3,B1-0.3,build_opus_synthetic_programme_v0_3.py@0.3,20260812,True,87617c3491bf92a7fb78808c0909da31fb177e2b37be95f80832baab727e1f7f
US-NORTHEAST,STRUCTURAL_STEEL,2026-06-01,135.606869,2019-01-01,100.0,SYNTHETIC_RESEARCH_FIXTURE,OG-SYNTH-0.3,B1-0.3,build_opus_synthetic_programme_v0_3.py@0.3,20260812,True,c75cc43c7f5b49996457521ef3c33092ecd54a30af4912b99bcdb546bb00b062
US-NORTHEAST,STRUCTURAL_STEEL,2026-07-01,136.093051,2019-01-01,100.0,SYNTHETIC_RESEARCH_FIXTURE,OG-SYNTH-0.3,B1-0.3,build_opus_synthetic_programme_v0_3.py@0.3,20260812,True,4ef35a528e589b4f5957c58dba93baa1cba33ab6a4c6f2a6aed02e427039fff8
US-NORTHEAST,STRUCTURAL_STEEL,2026-08-01,136.554859,2019-01-01,100.0,SYNTHETIC_RESEARCH_FIXTURE,OG-SYNTH-0.3,B1-0.3,build_opus_synthetic_programme_v0_3.py@0.3,20260812,True,4acc7af4aeed53ec858b72fbbe696778a8af24d4ad0e5ce7e485823782f5dd24
US-NORTHEAST,STRUCTURAL_STEEL,2026-09-01,136.925595,2019-01-01,100.0,SYNTHETIC_RESEARCH_FIXTURE,OG-SYNTH-0.3,B1-0.3,build_opus_synthetic_programme_v0_3.py@0.3,20260812,True,d9d9e322be7e6a837c11fc0c531cd1d6d4614d84146263b5957aba3a48b40adc
US-NORTHEAST,STRUCTURAL_STEEL,2026-10-01,137.317804,2019-01-01,100.0,SYNTHETIC_RESEARCH_FIXTURE,OG-SYNTH-0.3,B1-0.3,build_opus_synthetic_programme_v0_3.py@0.3,20260812,True,63477fb9d7574aa6db8f090680b3aada9e8c662d4bd3b21c02152313ecb62de1
US-NORTHEAST,STRUCTURAL_STEEL,2026-11-01,138.166071,2019-01-01,100.0,SYNTHETIC_RESEARCH_FIXTURE,OG-SYNTH-0.3,B1-0.3,build_opus_synthetic_programme_v0_3.py@0.3,20260812,True,71b8dd405bab1dc19f6629faa98b5ca34c81a609887ec8a173be9f52a587c1b2
US-NORTHEAST,STRUCTURAL_STEEL,2026-12-01,138.596288,2019-01-01,100.0,SYNTHETIC_RESEARCH_FIXTURE,OG-SYNTH-0.3,B1-0.3,build_opus_synthetic_programme_v0_3.py@0.3,20260812,True,cd2c51d9c676ea51faad89d7507ef8bbc03efb52880c58c1153d7e8f3f0433a9
US-NORTHEAST,CONCRETE,2019-01-01,102.212815,2019-01-01,100.0,SYNTHETIC_RESEARCH_FIXTURE,OG-SYNTH-0.3,B1-0.3,build_opus_synthetic_programme_v0_3.py@0.3,20260812,True,ab42e8869cc2959c6a94da58a838285a6718933cd3113fcfe33bc10cde8cffd6
US-NORTHEAST,CONCRETE,2019-02-01,102.266302,2019-01-01,100.0,SYNTHETIC_RESEARCH_FIXTURE,OG-SYNTH-0.3,B1-0.3,build_opus_synthetic_programme_v0_3.py@0.3,20260812,True,6db18b5d6f58a01851254666bca513e5a19134b5638cf76358f9570064bab596
US-NORTHEAST,CONCRETE,2019-03-01,102.390261,2019-01-01,100.0,SYNTHETIC_RESEARCH_FIXTURE,OG-SYNTH-0.3,B1-0.3,build_opus_synthetic_programme_v0_3.py@0.3,20260812,True,2633a29f5d722bd9e9ac043e1ebc4c10f943330c7bfdb57263c15f64d9d6e941
US-NORTHEAST,CONCRETE,2019-04-01,102.551804,2019-01-01,100.0,SYNTHETIC_RESEARCH_FIXTURE,OG-SYNTH-0.3,B1-0.3,build_opus_synthetic_programme_v0_3.py@0.3,20260812,True,36541873fe23906d31454f1fc4edd77d63b6489a4c190b0673a757e1cece9c0d
US-NORTHEAST,CONCRETE,2019-05-01,102.567351,2019-01-01,100.0,SYNTHETIC_RESEARCH_FIXTURE,OG-SYNTH-0.3,B1-0.3,build_opus_synthetic_programme_v0_3.py@0.3,20260812,True,b2f4429f01ad6b9ca11ca43ceff369390eb0fcdef13903a40b607d26bfffab30
US-NORTHEAST,CONCRETE,2019-06-01,102.667953,2019-01-01,100.0,SYNTHETIC_RESEARCH_FIXTURE,OG-SYNTH-0.3,B1-0.3,build_opus_synthetic_programme_v0_3.py@0.3,20260812,True,c11f66f6d43fd78c0753dd361abd2f7050bd0ded265108220b1626a71ed4c772
US-NORTHEAST,CONCRETE,2019-07-01,102.507543,2019-01-01,100.0,SYNTHETIC_RESEARCH_FIXTURE,OG-SYNTH-0.3,B1-0.3,build_opus_synthetic_programme_v0_3.py@0.3,20260812,True,23f6c0aae3474af0e091034c86221752f045309a1264a5ec790a3eafa94012a0
US-NORTHEAST,CONCRETE,2019-08-01,102.313391,2019-01-01,100.0,SYNTHETIC_RESEARCH_FIXTURE,OG-SYNTH-0.3,B1-0.3,build_opus_synthetic_programme_v0_3.py@0.3,20260812,True,9af9ffb898391a65c44b50beceec002624cca5218a72d74b94a47480ae17b7da
US-NORTHEAST,CONCRETE,2019-09-01,102.229,2019-01-01,100.0,SYNTHETIC_RESEARCH_FIXTURE,OG-SYNTH-0.3,B1-0.3,build_opus_synthetic_programme_v0_3.py@0.3,20260812,True,aea1499283425bba5a41c2f0dddc18151fa42453c21112942e8a3e038300e294
US-NORTHEAST,CONCRETE,2019-10-01,102.397804,2019-01-01,100.0,SYNTHETIC_RESEARCH_FIXTURE,OG-SYNTH-0.3,B1-0.3,build_opus_synthetic_programme_v0_3.py@0.3,20260812,True,bb89c988da01e659708438bb40af1ed92689e2a8024fa145e0b6a3fa7f7e71cb
US-NORTHEAST,CONCRETE,2019-11-01,102.843274,2019-01-01,100.0,SYNTHETIC_RESEARCH_FIXTURE,OG-SYNTH-0.3,B1-0.3,build_opus_synthetic_programme_v0_3.py@0.3,20260812,True,77dc6ef9a2eb5d68ec14ad3f0e9a460ed5d7ef0b75eb4a5ad634b894ebde5e91
US-NORTHEAST,CONCRETE,2019-12-01,103.23939,2019-01-01,100.0,SYNTHETIC_RESEARCH_FIXTURE,OG-SYNTH-0.3,B1-0.3,build_opus_synthetic_programme_v0_3.py@0.3,20260812,True,5db52fee2ac8214648f64a7fb1bd3fdaf39727e7a06fe0993cdcc628f8bba1af
US-NORTHEAST,CONCRETE,2020-01-01,103.551309,2019-01-01,100.0,SYNTHETIC_RESEARCH_FIXTURE,OG-SYNTH-0.3,B1-0.3,build_opus_synthetic_programme_v0_3.py@0.3,20260812,True,870b6f4f59a05870edd7b6d4ba84951a10507db4df1619bce795d2ff074bcce5
US-NORTHEAST,CONCRETE,2020-02-01,103.998655,2019-01-01,100.0,SYNTHETIC_RESEARCH_FIXTURE,OG-SYNTH-0.3,B1-0.3,build_opus_synthetic_programme_v0_3.py@0.3,20260812,True,6703e347dff185046ac7ef48fed7fe87381e3f5355a135862ae4efab92872d1e
US-NORTHEAST,CONCRETE,2020-03-01,104.234323,2019-01-01,100.0,SYNTHETIC_RESEARCH_FIXTURE,OG-SYNTH-0.3,B1-0.3,build_opus_synthetic_programme_v0_3.py@0.3,20260812,True,f327ef861cbc2b5b9e747a9bc335315046073b8ebfe742498b7f01e0cfce20f9
US-NORTHEAST,CONCRETE,2020-04-01,104.615728,2019-01-01,100.0,SYNTHETIC_RESEARCH_FIXTURE,OG-SYNTH-0.3,B1-0.3,build_opus_synthetic_programme_v0_3.py@0.3,20260812,True,50ae9893ed72cfbfe8fbbfd35bb129c6d87dcc81b8dd7e620f711bb0c6816f60
US-NORTHEAST,CONCRETE,2020-05-01,104.968625,2019-01-01,100.0,SYNTHETIC_RESEARCH_FIXTURE,OG-SYNTH-0.3,B1-0.3,build_opus_synthetic_programme_v0_3.py@0.3,20260812,True,078ede24786ecc896b317b70937523c212cc4aed08e19b9920b38566ac757cef
US-NORTHEAST,CONCRETE,2020-06-01,104.839229,2019-01-01,100.0,SYNTHETIC_RESEARCH_FIXTURE,OG-SYNTH-0.3,B1-0.3,build_opus_synthetic_programme_v0_3.py@0.3,20260812,True,426af324acb5a21e418103f49b51295b1b3b869da37badf9132950b11d49744e
US-NORTHEAST,CONCRETE,2020-07-01,105.714508,2019-01-01,100.0,SYNTHETIC_RESEARCH_FIXTURE,OG-SYNTH-0.3,B1-0.3,build_opus_synthetic_programme_v0_3.py@0.3,20260812,True,229e56037fa6839c1edf2f6d03bb13a9ae911bce2b450115caa031efc5b97529
US-NORTHEAST,CONCRETE,2020-08-01,105.818275,2019-01-01,100.0,SYNTHETIC_RESEARCH_FIXTURE,OG-SYNTH-0.3,B1-0.3,build_opus_synthetic_programme_v0_3.py@0.3,20260812,True,59c20e09f0cdfd6d97253352d2d9dded8be7622c174c2abbe997c0653b7c8c1f
US-NORTHEAST,CONCRETE,2020-09-01,106.248779,2019-01-01,100.0,SYNTHETIC_RESEARCH_FIXTURE,OG-SYNTH-0.3,B1-0.3,build_opus_synthetic_programme_v0_3.py@0.3,20260812,True,c810ff5e5858d9127a4bd350e5ebdf999d6a15eabed9f1de8645b74b10b4e06a
US-NORTHEAST,CONCRETE,2020-10-01,106.556987,2019-01-01,100.0,SYNTHETIC_RESEARCH_FIXTURE,OG-SYNTH-0.3,B1-0.3,build_opus_synthetic_programme_v0_3.py@0.3,20260812,True,88671c3f4bdcab4ff9f5ab8a78c49870932dcd9284e428bf859ee9016349ab8a
US-NORTHEAST,CONCRETE,2020-11-01,106.984598,2019-01-01,100.0,SYNTHETIC_RESEARCH_FIXTURE,OG-SYNTH-0.3,B1-0.3,build_opus_synthetic_programme_v0_3.py@0.3,20260812,True,117d71944c36b9d3a616cbf5d05d5d554acad17b2e0c7b377a85ffb5987c1409
US-NORTHEAST,CONCRETE,2020-12-01,107.335204,2019-01-01,100.0,SYNTHETIC_RESEARCH_FIXTURE,OG-SYNTH-0.3,B1-0.3,build_opus_synthetic_programme_v0_3.py@0.3,20260812,True,3dc97d68881b98f1f63521b77a929bd8f0aa6e3a72c19a79a208376abdb326f2
US-NORTHEAST,CONCRETE,2021-01-01,107.66431,2019-01-01,100.0,SYNTHETIC_RESEARCH_FIXTURE,OG-SYNTH-0.3,B1-0.3,build_opus_synthetic_programme_v0_3.py@0.3,20260812,True,e57c436cb0c41bdaaca455a4de2c2ea0f5ee42ea49d7501d225de412c6b89efc
US-NORTHEAST,CONCRETE,2021-02-01,107.406475,2019-01-01,100.0,SYNTHETIC_RESEARCH_FIXTURE,OG-SYNTH-0.3,B1-0.3,build_opus_synthetic_programme_v0_3.py@0.3,20260812,True,a3b8168a5be79bc7304d417e54501da364c87b9faee13335624de63c6690fa3f
US-NORTHEAST,CONCRETE,2021-03-01,107.546737,2019-01-01,100.0,SYNTHETIC_RESEARCH_FIXTURE,OG-SYNTH-0.3,B1-0.3,build_opus_synthetic_programme_v0_3.py@0.3,20260812,True,c6ef01ff19d552a96abff62ae2fdbc60d820817e555d025f6730a6fad9edbdf8
US-NORTHEAST,CONCRETE,2021-04-01,107.814448,2019-01-01,100.0,SYNTHETIC_RESEARCH_FIXTURE,OG-SYNTH-0.3,B1-0.3,build_opus_synthetic_programme_v0_3.py@0.3,20260812,True,e991cd9600de9af14a20ef67a18a2163ae497ce45c9e4d65efbff1ddfaabfd0a
US-NORTHEAST,CONCRETE,2021-05-01,109.203955,2019-01-01,100.0,SYNTHETIC_RESEARCH_FIXTURE,OG-SYNTH-0.3,B1-0.3,build_opus_synthetic_programme_v0_3.py@0.3,20260812,True,3e88cca7b3b4536b0661438ebe39b039822d27b3c083b2b18a685a0838e088e2
US-NORTHEAST,CONCRETE,2021-06-01,110.409537,2019-01-01,100.0,SYNTHETIC_RESEARCH_FIXTURE,OG-SYNTH-0.3,B1-0.3,build_opus_synthetic_programme_v0_3.py@0.3,20260812,True,13e94bac6781f513d91741701965d672ff32ba4f0ec9836d6be50cbf4aab207c
US-NORTHEAST,CONCRETE,2021-07-01,111.711755,2019-01-01,100.0,SYNTHETIC_RESEARCH_FIXTURE,OG-SYNTH-0.3,B1-0.3,build_opus_synthetic_programme_v0_3.py@0.3,20260812,True,50faccb4420c48e351fcca45556e99940dc6a1f044b105fabdd34b208bbfefc7
US-NORTHEAST,CONCRETE,2021-08-01,112.911415,2019-01-01,100.0,SYNTHETIC_RESEARCH_FIXTURE,OG-SYNTH-0.3,B1-0.3,build_opus_synthetic_programme_v0_3.py@0.3,20260812,True,0226eab6eab845e399ae04783a0cec43de73d53e451cf41b7d7a7578995cf19c
US-NORTHEAST,CONCRETE,2021-09-01,114.490366,2019-01-01,100.0,SYNTHETIC_RESEARCH_FIXTURE,OG-SYNTH-0.3,B1-0.3,build_opus_synthetic_programme_v0_3.py@0.3,20260812,True,1edae0f4071988ed8bb7bbd4e60c98ae0389b3a7c4080375d348a55caa5d5243
US-NORTHEAST,CONCRETE,2021-10-01,115.953989,2019-01-01,100.0,SYNTHETIC_RESEARCH_FIXTURE,OG-SYNTH-0.3,B1-0.3,build_opus_synthetic_programme_v0_3.py@0.3,20260812,True,06bda702ce10400a2ec4a584d751015a7cfa71c1de86aa9bb24e38260794e4ba
US-NORTHEAST,CONCRETE,2021-11-01,117.326067,2019-01-01,100.0,SYNTHETIC_RESEARCH_FIXTURE,OG-SYNTH-0.3,B1-0.3,build_opus_synthetic_programme_v0_3.py@0.3,20260812,True,3d50c51e417cdbbe758101611a0b3fda411aa2adbae779ae373b326023a4fdbf
US-NORTHEAST,CONCRETE,2021-12-01,118.75314,2019-01-01,100.0,SYNTHETIC_RESEARCH_FIXTURE,OG-SYNTH-0.3,B1-0.3,build_opus_synthetic_programme_v0_3.py@0.3,20260812,True,8a7bf9596cc7553b7ce69da4cc80aca8fd93b5e3468a6f70144998063a5648b5
US-NORTHEAST,CONCRETE,2022-01-01,120.238604,2019-01-01,100.0,SYNTHETIC_RESEARCH_FIXTURE,OG-SYNTH-0.3,B1-0.3,build_opus_synthetic_programme_v0_3.py@0.3,20260812,True,20bfd4b12e57ccdcec68caa002831cfd15d8baf3c03289442a0540fee97b3c43
US-NORTHEAST,CONCRETE,2022-02-01,121.917409,2019-01-01,100.0,SYNTHETIC_RESEARCH_FIXTURE,OG-SYNTH-0.3,B1-0.3,build_opus_synthetic_programme_v0_3.py@0.3,20260812,True,90d71db0f05e1279ce5b5b3cd19a452bd5f9b833cb5582f3f42a3b374375ab0e
US-NORTHEAST,CONCRETE,2022-03-01,123.230468,2019-01-01,100.0,SYNTHETIC_RESEARCH_FIXTURE,OG-SYNTH-0.3,B1-0.3,build_opus_synthetic_programme_v0_3.py@0.3,20260812,True,6419cd99b122e8256d3e00b75414ee238a8dc95561e8658ad24dd0b076af7c88
US-NORTHEAST,CONCRETE,2022-04-01,124.54311,2019-01-01,100.0,SYNTHETIC_RESEARCH_FIXTURE,OG-SYNTH-0.3,B1-0.3,build_opus_synthetic_programme_v0_3.py@0.3,20260812,True,bd9b5c99bfe0368fb316cfe7170bc85649fc641a9975e03dee070107dd1d56e5
US-NORTHEAST,CONCRETE,2022-05-01,126.076279,2019-01-01,100.0,SYNTHETIC_RESEARCH_FIXTURE,OG-SYNTH-0.3,B1-0.3,build_opus_synthetic_programme_v0_3.py@0.3,20260812,True,8cb465b61cb921f6e3a1cd9f67351f8f9a19847e7af4a5660916dafc96d4f437
US-NORTHEAST,CONCRETE,2022-06-01,126.388771,2019-01-01,100.0,SYNTHETIC_RESEARCH_FIXTURE,OG-SYNTH-0.3,B1-0.3,build_opus_synthetic_programme_v0_3.py@0.3,20260812,True,2ec96c9819420352c21fb24ac02590502c5521c9851261826f650d1560a8e085
US-NORTHEAST,CONCRETE,2022-07-01,126.603024,2019-01-01,100.0,SYNTHETIC_RESEARCH_FIXTURE,OG-SYNTH-0.3,B1-0.3,build_opus_synthetic_programme_v0_3.py@0.3,20260812,True,80dab56b2d32d095b6d1328a24560f841e701279dfc8d09372eccaded4a9c94d
US-NORTHEAST,CONCRETE,2022-08-01,126.842159,2019-01-01,100.0,SYNTHETIC_RESEARCH_FIXTURE,OG-SYNTH-0.3,B1-0.3,build_opus_synthetic_programme_v0_3.py@0.3,20260812,True,5ab9b6e09c0fdcc7464458d87c957b4aea2c5f7acb5ec8d45699cac20bd95343
US-NORTHEAST,CONCRETE,2022-09-01,127.414899,2019-01-01,100.0,SYNTHETIC_RESEARCH_FIXTURE,OG-SYNTH-0.3,B1-0.3,build_opus_synthetic_programme_v0_3.py@0.3,20260812,True,70bd608a8611aab89640da9d10a63e6e086111d8427d3945a686d31b1fbde189
US-NORTHEAST,CONCRETE,2022-10-01,127.48135,2019-01-01,100.0,SYNTHETIC_RESEARCH_FIXTURE,OG-SYNTH-0.3,B1-0.3,build_opus_synthetic_programme_v0_3.py@0.3,20260812,True,b1d9212b7b770cf7fce7cec2ec62d8d10cba073f28b21843f45e9e9f77c3fa5d
US-NORTHEAST,CONCRETE,2022-11-01,127.447867,2019-01-01,100.0,SYNTHETIC_RESEARCH_FIXTURE,OG-SYNTH-0.3,B1-0.3,build_opus_synthetic_programme_v0_3.py@0.3,20260812,True,40fac81c67c6bab735ba525345a3f2f6fa721ad36e21683e18f1fd74521a9cd4
US-NORTHEAST,CONCRETE,2022-12-01,127.527915,2019-01-01,100.0,SYNTHETIC_RESEARCH_FIXTURE,OG-SYNTH-0.3,B1-0.3,build_opus_synthetic_programme_v0_3.py@0.3,20260812,True,b4a48d97fc670c6b393ba2b1e0dece0a20843daad3d7135b6b80161fc52b1ae0
US-NORTHEAST,CONCRETE,2023-01-01,127.621685,2019-01-01,100.0,SYNTHETIC_RESEARCH_FIXTURE,OG-SYNTH-0.3,B1-0.3,build_opus_synthetic_programme_v0_3.py@0.3,20260812,True,950f07c2bfc115c82bd12e76bcb723b8c35e3078daaa0e7a534414cb2ce45c0f
US-NORTHEAST,CONCRETE,2023-02-01,127.538482,2019-01-01,100.0,SYNTHETIC_RESEARCH_FIXTURE,OG-SYNTH-0.3,B1-0.3,build_opus_synthetic_programme_v0_3.py@0.3,20260812,True,32930540c1764c012f211eb47485801df5ea3bfae7e37d6483ea4655af51c917
US-NORTHEAST,CONCRETE,2023-03-01,128.083749,2019-01-01,100.0,SYNTHETIC_RESEARCH_FIXTURE,OG-SYNTH-0.3,B1-0.3,build_opus_synthetic_programme_v0_3.py@0.3,20260812,True,30325549fc9a8e451d88c03eaebb35b489952703a260c12ca4f20e880b21fe91
US-NORTHEAST,CONCRETE,2023-04-01,128.443105,2019-01-01,100.0,SYNTHETIC_RESEARCH_FIXTURE,OG-SYNTH-0.3,B1-0.3,build_opus_synthetic_programme_v0_3.py@0.3,20260812,True,c167bb5bc87b766ae60f8acb115851d9ec9100b6924f1f0a1d698082f21242d3
US-NORTHEAST,CONCRETE,2023-05-01,128.837821,2019-01-01,100.0,SYNTHETIC_RESEARCH_FIXTURE,OG-SYNTH-0.3,B1-0.3,build_opus_synthetic_programme_v0_3.py@0.3,20260812,True,6585d6b9e4de36080eea6ea5fdae1274d21244d4240c30dfce02edfec5204000
US-NORTHEAST,CONCRETE,2023-06-01,129.215032,2019-01-01,100.0,SYNTHETIC_RESEARCH_FIXTURE,OG-SYNTH-0.3,B1-0.3,build_opus_synthetic_programme_v0_3.py@0.3,20260812,True,1cce17c20811ea5cc7268afd535a8a5e0c74587d336532f841126847011712e1
US-NORTHEAST,CONCRETE,2023-07-01,129.755392,2019-01-01,100.0,SYNTHETIC_RESEARCH_FIXTURE,OG-SYNTH-0.3,B1-0.3,build_opus_synthetic_programme_v0_3.py@0.3,20260812,True,6df364a9a9277ee674e1bb185ab3ed75e705fb0328469799817bb54082c752bf
US-NORTHEAST,CONCRETE,2023-08-01,130.493417,2019-01-01,100.0,SYNTHETIC_RESEARCH_FIXTURE,OG-SYNTH-0.3,B1-0.3,build_opus_synthetic_programme_v0_3.py@0.3,20260812,True,9b6377e61ce1f67c80fb114535d554d1e48c8e31434578b124df7b5cb523d09d
US-NORTHEAST,CONCRETE,2023-09-01,130.570179,2019-01-01,100.0,SYNTHETIC_RESEARCH_FIXTURE,OG-SYNTH-0.3,B1-0.3,build_opus_synthetic_programme_v0_3.py@0.3,20260812,True,062d5837811d438511e4c8d78395a840514abe66d07e06caf7af321376e9fdbe
US-NORTHEAST,CONCRETE,2023-10-01,131.289914,2019-01-01,100.0,SYNTHETIC_RESEARCH_FIXTURE,OG-SYNTH-0.3,B1-0.3,build_opus_synthetic_programme_v0_3.py@0.3,20260812,True,51edf17a70b64ed975b89d35ed21e2b425e0204564ed0ef6e9941a5e4d57573b
US-NORTHEAST,CONCRETE,2023-11-01,131.521914,2019-01-01,100.0,SYNTHETIC_RESEARCH_FIXTURE,OG-SYNTH-0.3,B1-0.3,build_opus_synthetic_programme_v0_3.py@0.3,20260812,True,5ea25fa6e6e9bcfeb3d1c897702d04147b40a6263eb3b8e8e94b52b713902d1f
US-NORTHEAST,CONCRETE,2023-12-01,131.70991,2019-01-01,100.0,SYNTHETIC_RESEARCH_FIXTURE,OG-SYNTH-0.3,B1-0.3,build_opus_synthetic_programme_v0_3.py@0.3,20260812,True,7db5a559035bff6e19cade4d5c248406e77e1842904069adc2e069c5a0762ad3
US-NORTHEAST,CONCRETE,2024-01-01,132.26891,2019-01-01,100.0,SYNTHETIC_RESEARCH_FIXTURE,OG-SYNTH-0.3,B1-0.3,build_opus_synthetic_programme_v0_3.py@0.3,20260812,True,d03ddd3137164a12564cff8d22a6e0579bc2b27a4c41c222d23d845615fda468
US-NORTHEAST,CONCRETE,2024-02-01,132.775695,2019-01-01,100.0,SYNTHETIC_RESEARCH_FIXTURE,OG-SYNTH-0.3,B1-0.3,build_opus_synthetic_programme_v0_3.py@0.3,20260812,True,93d5f102ed303690a38a929662c54ee075e81b341988ccecb894c5d10c326a39
US-NORTHEAST,CONCRETE,2024-03-01,133.398386,2019-01-01,100.0,SYNTHETIC_RESEARCH_FIXTURE,OG-SYNTH-0.3,B1-0.3,build_opus_synthetic_programme_v0_3.py@0.3,20260812,True,0967f2adfa3d7a9c4b29114c9c64b4fc19763c4f835de7b7590ac2cd268c6b46
US-NORTHEAST,CONCRETE,2024-04-01,134.524709,2019-01-01,100.0,SYNTHETIC_RESEARCH_FIXTURE,OG-SYNTH-0.3,B1-0.3,build_opus_synthetic_programme_v0_3.py@0.3,20260812,True,c652b172761c2f3dfd694239ed6f75f9fc111c1a7cfadf87507a2ffbf351b447
US-NORTHEAST,CONCRETE,2024-05-01,135.385342,2019-01-01,100.0,SYNTHETIC_RESEARCH_FIXTURE,OG-SYNTH-0.3,B1-0.3,build_opus_synthetic_programme_v0_3.py@0.3,20260812,True,a68afc2c88ef8bbce5a6e48454a5348da67a5b452abb461101eb9b8a9621d9cb
US-NORTHEAST,CONCRETE,2024-06-01,136.098268,2019-01-01,100.0,SYNTHETIC_RESEARCH_FIXTURE,OG-SYNTH-0.3,B1-0.3,build_opus_synthetic_programme_v0_3.py@0.3,20260812,True,1d9c2a7b86d15dccdb16a1a85373c83def250791e3843e3c5d272680981d022f
US-NORTHEAST,CONCRETE,2024-07-01,136.757672,2019-01-01,100.0,SYNTHETIC_RESEARCH_FIXTURE,OG-SYNTH-0.3,B1-0.3,build_opus_synthetic_programme_v0_3.py@0.3,20260812,True,7239163c720087ffe4d492ffd818df5f67426559a2b92b3fb665047a02eaf858
US-NORTHEAST,CONCRETE,2024-08-01,137.739773,2019-01-01,100.0,SYNTHETIC_RESEARCH_FIXTURE,OG-SYNTH-0.3,B1-0.3,build_opus_synthetic_programme_v0_3.py@0.3,20260812,True,42a08ffd3d7e38bf4ec692bde71ca0435699cf4a6c06334161f1b90031165d81
US-NORTHEAST,CONCRETE,2024-09-01,138.009095,2019-01-01,100.0,SYNTHETIC_RESEARCH_FIXTURE,OG-SYNTH-0.3,B1-0.3,build_opus_synthetic_programme_v0_3.py@0.3,20260812,True,74d3b4fbdf97ff01ddde4acdc0ebf77dfeede690b8b5f19a28c80e29f8720a8e
US-NORTHEAST,CONCRETE,2024-10-01,138.384449,2019-01-01,100.0,SYNTHETIC_RESEARCH_FIXTURE,OG-SYNTH-0.3,B1-0.3,build_opus_synthetic_programme_v0_3.py@0.3,20260812,True,4a241be05cc36479590e66004928b2b919ac0bf97d032e3e7823d0b4941535d1
US-NORTHEAST,CONCRETE,2024-11-01,138.825695,2019-01-01,100.0,SYNTHETIC_RESEARCH_FIXTURE,OG-SYNTH-0.3,B1-0.3,build_opus_synthetic_programme_v0_3.py@0.3,20260812,True,b82387111fbe5ddbd40e44425702990f5f33171079d25a4c916cb4f7bbef9eb7
US-NORTHEAST,CONCRETE,2024-12-01,138.726848,2019-01-01,100.0,SYNTHETIC_RESEARCH_FIXTURE,OG-SYNTH-0.3,B1-0.3,build_opus_synthetic_programme_v0_3.py@0.3,20260812,True,0afedea8b4256d42ea0317d206ed291b697a07ac6c23a6b06e50a03c4a1a5eea
US-NORTHEAST,CONCRETE,2025-01-01,139.135027,2019-01-01,100.0,SYNTHETIC_RESEARCH_FIXTURE,OG-SYNTH-0.3,B1-0.3,build_opus_synthetic_programme_v0_3.py@0.3,20260812,True,b7721115873824fef7fe68d3cd643eb610e24ed5adb5e97f180528822825979a
US-NORTHEAST,CONCRETE,2025-02-01,139.360989,2019-01-01,100.0,SYNTHETIC_RESEARCH_FIXTURE,OG-SYNTH-0.3,B1-0.3,build_opus_synthetic_programme_v0_3.py@0.3,20260812,True,a8bf1e8c01daf0fb994e7cf646bbc6875ab628cd94c9220a8e9a74e1672942cc
US-NORTHEAST,CONCRETE,2025-03-01,140.172612,2019-01-01,100.0,SYNTHETIC_RESEARCH_FIXTURE,OG-SYNTH-0.3,B1-0.3,build_opus_synthetic_programme_v0_3.py@0.3,20260812,True,88f229bc4756f30def2001bad7f8b78615944ae7ca9eaef5128f08b7e7374a50
US-NORTHEAST,CONCRETE,2025-04-01,140.493708,2019-01-01,100.0,SYNTHETIC_RESEARCH_FIXTURE,OG-SYNTH-0.3,B1-0.3,build_opus_synthetic_programme_v0_3.py@0.3,20260812,True,639e3ad05e949c7314375cf711993028296bc465b9cb73ad84f571489ec2c952
US-NORTHEAST,CONCRETE,2025-05-01,140.737532,2019-01-01,100.0,SYNTHETIC_RESEARCH_FIXTURE,OG-SYNTH-0.3,B1-0.3,build_opus_synthetic_programme_v0_3.py@0.3,20260812,True,0434d1d42d76c2a33f3d0c957aad755732bd13670ee69470ac515ae832d73003
US-NORTHEAST,CONCRETE,2025-06-01,140.697058,2019-01-01,100.0,SYNTHETIC_RESEARCH_FIXTURE,OG-SYNTH-0.3,B1-0.3,build_opus_synthetic_programme_v0_3.py@0.3,20260812,True,1a8d9a7d5c3e9622584e2558f839d4ec14ec1b1bc822cb58c91af08732c624d9
US-NORTHEAST,CONCRETE,2025-07-01,141.363974,2019-01-01,100.0,SYNTHETIC_RESEARCH_FIXTURE,OG-SYNTH-0.3,B1-0.3,build_opus_synthetic_programme_v0_3.py@0.3,20260812,True,7242d51f39e92a62158dbba251fc197f145ee51db25b47af0fffba29c4b58ee4
US-NORTHEAST,CONCRETE,2025-08-01,141.727487,2019-01-01,100.0,SYNTHETIC_RESEARCH_FIXTURE,OG-SYNTH-0.3,B1-0.3,build_opus_synthetic_programme_v0_3.py@0.3,20260812,True,ad56e57536a2722776e98ffbe6dcbaca9ab57fe18a835e8eb5f7cb04cc638cc9
US-NORTHEAST,CONCRETE,2025-09-01,141.985092,2019-01-01,100.0,SYNTHETIC_RESEARCH_FIXTURE,OG-SYNTH-0.3,B1-0.3,build_opus_synthetic_programme_v0_3.py@0.3,20260812,True,19003d761d4c3072604fdd18276c6c2829e3ef247da465f05b690ca5f4edefc2
US-NORTHEAST,CONCRETE,2025-10-01,142.570479,2019-01-01,100.0,SYNTHETIC_RESEARCH_FIXTURE,OG-SYNTH-0.3,B1-0.3,build_opus_synthetic_programme_v0_3.py@0.3,20260812,True,631c2ce49f9199ac3130d5bbbdb14fde65f0f58423a46a74c6c43b1f3fe74f83
US-NORTHEAST,CONCRETE,2025-11-01,143.096712,2019-01-01,100.0,SYNTHETIC_RESEARCH_FIXTURE,OG-SYNTH-0.3,B1-0.3,build_opus_synthetic_programme_v0_3.py@0.3,20260812,True,2e46f1d5c8ead837de3081c22365c9821b0165bc21251cc591f477f2a6ce2add
US-NORTHEAST,CONCRETE,2025-12-01,143.522254,2019-01-01,100.0,SYNTHETIC_RESEARCH_FIXTURE,OG-SYNTH-0.3,B1-0.3,build_opus_synthetic_programme_v0_3.py@0.3,20260812,True,7869673327b95c14c33011c11364e8c44ed821fd08c8e9ffddf0b6063e73945f
US-NORTHEAST,CONCRETE,2026-01-01,144.229884,2019-01-01,100.0,SYNTHETIC_RESEARCH_FIXTURE,OG-SYNTH-0.3,B1-0.3,build_opus_synthetic_programme_v0_3.py@0.3,20260812,True,6eaacf9db1c234286a8f80152fdae632a8088bcf1842d5081802ab1566aea2eb
US-NORTHEAST,CONCRETE,2026-02-01,144.5348,2019-01-01,100.0,SYNTHETIC_RESEARCH_FIXTURE,OG-SYNTH-0.3,B1-0.3,build_opus_synthetic_programme_v0_3.py@0.3,20260812,True,c213dee3ea109daa7d93029cd915fb4c2fafe03861c34f3764af754da89611b6
US-NORTHEAST,CONCRETE,2026-03-01,144.580106,2019-01-01,100.0,SYNTHETIC_RESEARCH_FIXTURE,OG-SYNTH-0.3,B1-0.3,build_opus_synthetic_programme_v0_3.py@0.3,20260812,True,8e214237773924ad7aed81e84214a9a9bc096f98903ef75eaa5d63c98c004fb9
US-NORTHEAST,CONCRETE,2026-04-01,144.50813,2019-01-01,100.0,SYNTHETIC_RESEARCH_FIXTURE,OG-SYNTH-0.3,B1-0.3,build_opus_synthetic_programme_v0_3.py@0.3,20260812,True,8fc664fdb0d0efb75ca923e4ef405e23c855854a5d0113beae14649c7bb51f74
US-NORTHEAST,CONCRETE,2026-05-01,144.478724,2019-01-01,100.0,SYNTHETIC_RESEARCH_FIXTURE,OG-SYNTH-0.3,B1-0.3,build_opus_synthetic_programme_v0_3.py@0.3,20260812,True,06b6757018714f08dd74b8465a589afd105841ecccb7a2537fb73e0e9a810249
US-NORTHEAST,CONCRETE,2026-06-01,144.878681,2019-01-01,100.0,SYNTHETIC_RESEARCH_FIXTURE,OG-SYNTH-0.3,B1-0.3,build_opus_synthetic_programme_v0_3.py@0.3,20260812,True,56d05b6569013f4bbfdda14769ce56643911944402198f7cad8043447e8b3966
US-NORTHEAST,CONCRETE,2026-07-01,145.156819,2019-01-01,100.0,SYNTHETIC_RESEARCH_FIXTURE,OG-SYNTH-0.3,B1-0.3,build_opus_synthetic_programme_v0_3.py@0.3,20260812,True,5ba12752e767df7bd363570baeb8c4ba574e678ca101ee1b978aaf11717fe0fd
US-NORTHEAST,CONCRETE,2026-08-01,145.71333,2019-01-01,100.0,SYNTHETIC_RESEARCH_FIXTURE,OG-SYNTH-0.3,B1-0.3,build_opus_synthetic_programme_v0_3.py@0.3,20260812,True,f3727444f7be78c04d0c55ca04e24aa49fdfc3662fcc1878243777f77a802203
US-NORTHEAST,CONCRETE,2026-09-01,146.073664,2019-01-01,100.0,SYNTHETIC_RESEARCH_FIXTURE,OG-SYNTH-0.3,B1-0.3,build_opus_synthetic_programme_v0_3.py@0.3,20260812,True,3969a912a377955c2e2fedac8fc563ef64e74c6cb672012a2c0e9ff79ed30c43
US-NORTHEAST,CONCRETE,2026-10-01,146.610947,2019-01-01,100.0,SYNTHETIC_RESEARCH_FIXTURE,OG-SYNTH-0.3,B1-0.3,build_opus_synthetic_programme_v0_3.py@0.3,20260812,True,0b0b11b2ff88abfadfabf77adc0c3e1cfe26647e36a0158063b095e9b99ccc94
US-NORTHEAST,CONCRETE,2026-11-01,146.822524,2019-01-01,100.0,SYNTHETIC_RESEARCH_FIXTURE,OG-SYNTH-0.3,B1-0.3,build_opus_synthetic_programme_v0_3.py@0.3,20260812,True,7040ca18da3a39e6276f0cc24bc6378c1fef44b6eb90e5ae0ba15e6e42f52c48
US-NORTHEAST,CONCRETE,2026-12-01,147.020885,2019-01-01,100.0,SYNTHETIC_RESEARCH_FIXTURE,OG-SYNTH-0.3,B1-0.3,build_opus_synthetic_programme_v0_3.py@0.3,20260812,True,8234e13311b1086be52f03e51c3abe14203a531a4a8586d516e3357538f2c9bc
US-NORTHEAST,ELECTRICAL_EQUIPMENT,2019-01-01,104.249008,2019-01-01,100.0,SYNTHETIC_RESEARCH_FIXTURE,OG-SYNTH-0.3,B1-0.3,build_opus_synthetic_programme_v0_3.py@0.3,20260812,True,1a88c858570a734933409c0d4f2f0fbd6e933a94dc5ba230b153ed9cd56bb483
US-NORTHEAST,ELECTRICAL_EQUIPMENT,2019-02-01,104.4346,2019-01-01,100.0,SYNTHETIC_RESEARCH_FIXTURE,OG-SYNTH-0.3,B1-0.3,build_opus_synthetic_programme_v0_3.py@0.3,20260812,True,cabca6725c7dc6c3cba4e226baaeeca717c2668f7b20a1579bb3eff71b22a787
US-NORTHEAST,ELECTRICAL_EQUIPMENT,2019-03-01,104.4397,2019-01-01,100.0,SYNTHETIC_RESEARCH_FIXTURE,OG-SYNTH-0.3,B1-0.3,build_opus_synthetic_programme_v0_3.py@0.3,20260812,True,a1f5bcf71ac0b7e3db84fb0c59d0705d18c8b5e9f6d085eaee8b8df0d1d12ad0
US-NORTHEAST,ELECTRICAL_EQUIPMENT,2019-04-01,105.088793,2019-01-01,100.0,SYNTHETIC_RESEARCH_FIXTURE,OG-SYNTH-0.3,B1-0.3,build_opus_synthetic_programme_v0_3.py@0.3,20260812,True,74cbfed376fad8117dc348103276769999a03b90f84034a7184d4e1dd689d2ac
US-NORTHEAST,ELECTRICAL_EQUIPMENT,2019-05-01,105.371228,2019-01-01,100.0,SYNTHETIC_RESEARCH_FIXTURE,OG-SYNTH-0.3,B1-0.3,build_opus_synthetic_programme_v0_3.py@0.3,20260812,True,4a18284291296c6031f3205619df8fe3e935f3496b1d174823322865d88fbb29
US-NORTHEAST,ELECTRICAL_EQUIPMENT,2019-06-01,105.629259,2019-01-01,100.0,SYNTHETIC_RESEARCH_FIXTURE,OG-SYNTH-0.3,B1-0.3,build_opus_synthetic_programme_v0_3.py@0.3,20260812,True,920b44caaabef3c4c645911ae93eeee72e376899ab3e467ef02d91d2bbaa06ad
US-NORTHEAST,ELECTRICAL_EQUIPMENT,2019-07-01,105.620742,2019-01-01,100.0,SYNTHETIC_RESEARCH_FIXTURE,OG-SYNTH-0.3,B1-0.3,build_opus_synthetic_programme_v0_3.py@0.3,20260812,True,a6371846efac8cf99b1bd7c68c2af2f1bcebd7eefec22314b4c33012078929c6
US-NORTHEAST,ELECTRICAL_EQUIPMENT,2019-08-01,105.625592,2019-01-01,100.0,SYNTHETIC_RESEARCH_FIXTURE,OG-SYNTH-0.3,B1-0.3,build_opus_synthetic_programme_v0_3.py@0.3,20260812,True,e1e2f9677eb34b780ef3d71197b912f7e5415db53732b091dd5b9b9c9b84cd37
US-NORTHEAST,ELECTRICAL_EQUIPMENT,2019-09-01,105.962056,2019-01-01,100.0,SYNTHETIC_RESEARCH_FIXTURE,OG-SYNTH-0.3,B1-0.3,build_opus_synthetic_programme_v0_3.py@0.3,20260812,True,ccd1ef85968f483c150d621a14d20451247aedbfe01416c38fbe0abb24080c05
US-NORTHEAST,ELECTRICAL_EQUIPMENT,2019-10-01,106.328467,2019-01-01,100.0,SYNTHETIC_RESEARCH_FIXTURE,OG-SYNTH-0.3,B1-0.3,build_opus_synthetic_programme_v0_3.py@0.3,20260812,True,f29ed357e662548409d2a4ab0cb11d051cddbe07fb59e07d40765951a8769f50
US-NORTHEAST,ELECTRICAL_EQUIPMENT,2019-11-01,106.458974,2019-01-01,100.0,SYNTHETIC_RESEARCH_FIXTURE,OG-SYNTH-0.3,B1-0.3,build_opus_synthetic_programme_v0_3.py@0.3,20260812,True,706ed4bcdec8a8a103ef36d84ca34aa72178ae60cc8cbaac0059d5521a497cde
US-NORTHEAST,ELECTRICAL_EQUIPMENT,2019-12-01,106.517956,2019-01-01,100.0,SYNTHETIC_RESEARCH_FIXTURE,OG-SYNTH-0.3,B1-0.3,build_opus_synthetic_programme_v0_3.py@0.3,20260812,True,cccfe7fd1576ed44edca520a9785a2be027b61d69816212c39a14a150163a0bf
US-NORTHEAST,ELECTRICAL_EQUIPMENT,2020-01-01,106.744363,2019-01-01,100.0,SYNTHETIC_RESEARCH_FIXTURE,OG-SYNTH-0.3,B1-0.3,build_opus_synthetic_programme_v0_3.py@0.3,20260812,True,4a3573342522b084c11494a97c03e1a122b49ee1544261b4aa2f050002f4babb
US-NORTHEAST,ELECTRICAL_EQUIPMENT,2020-02-01,107.029176,2019-01-01,100.0,SYNTHETIC_RESEARCH_FIXTURE,OG-SYNTH-0.3,B1-0.3,build_opus_synthetic_programme_v0_3.py@0.3,20260812,True,09c34f0d765959bcd274fa4cc1379667e464e87d2440185bdc312eefc0e0d344
US-NORTHEAST,ELECTRICAL_EQUIPMENT,2020-03-01,106.989143,2019-01-01,100.0,SYNTHETIC_RESEARCH_FIXTURE,OG-SYNTH-0.3,B1-0.3,build_opus_synthetic_programme_v0_3.py@0.3,20260812,True,cede0820c266b5a59d6c8518ab91d5f91a2158b3f0c9319b6c73b37613a749d4
US-NORTHEAST,ELECTRICAL_EQUIPMENT,2020-04-01,107.216436,2019-01-01,100.0,SYNTHETIC_RESEARCH_FIXTURE,OG-SYNTH-0.3,B1-0.3,build_opus_synthetic_programme_v0_3.py@0.3,20260812,True,fd6c40f3eb1bbd99ae87cc85d6f62bac5aab046dbe1f8ea099d34511840ee638
US-NORTHEAST,ELECTRICAL_EQUIPMENT,2020-05-01,107.291283,2019-01-01,100.0,SYNTHETIC_RESEARCH_FIXTURE,OG-SYNTH-0.3,B1-0.3,build_opus_synthetic_programme_v0_3.py@0.3,20260812,True,75bb5d4e0c8a014bcdfa559fd3afc8670d33c43b14d3c87776242ae41319e4de
US-NORTHEAST,ELECTRICAL_EQUIPMENT,2020-06-01,107.136756,2019-01-01,100.0,SYNTHETIC_RESEARCH_FIXTURE,OG-SYNTH-0.3,B1-0.3,build_opus_synthetic_programme_v0_3.py@0.3,20260812,True,af8f009cfce178679331fd361500ca241102a87dc14c686a679445dd1dd3da01
US-NORTHEAST,ELECTRICAL_EQUIPMENT,2020-07-01,107.223781,2019-01-01,100.0,SYNTHETIC_RESEARCH_FIXTURE,OG-SYNTH-0.3,B1-0.3,build_opus_synthetic_programme_v0_3.py@0.3,20260812,True,a70877ae83cc6010c40ecf15fef6f32151a7fc984ab3a5dc7f7cd045b506c3ed
US-NORTHEAST,ELECTRICAL_EQUIPMENT,2020-08-01,107.455137,2019-01-01,100.0,SYNTHETIC_RESEARCH_FIXTURE,OG-SYNTH-0.3,B1-0.3,build_opus_synthetic_programme_v0_3.py@0.3,20260812,True,edd522ee93868b0d394ed0e472c898865cdd3919b76f7b3405be469d603d670d
US-NORTHEAST,ELECTRICAL_EQUIPMENT,2020-09-01,107.906236,2019-01-01,100.0,SYNTHETIC_RESEARCH_FIXTURE,OG-SYNTH-0.3,B1-0.3,build_opus_synthetic_programme_v0_3.py@0.3,20260812,True,157885c11625e5a331f495e41a985110e2b9c380c4217becfbdfbcfa992a0ea2
US-NORTHEAST,ELECTRICAL_EQUIPMENT,2020-10-01,108.0595,2019-01-01,100.0,SYNTHETIC_RESEARCH_FIXTURE,OG-SYNTH-0.3,B1-0.3,build_opus_synthetic_programme_v0_3.py@0.3,20260812,True,735021dfdf95c16864435707ea0696235c2809bfcbe2d1c6af583620319f3192
US-NORTHEAST,ELECTRICAL_EQUIPMENT,2020-11-01,108.292551,2019-01-01,100.0,SYNTHETIC_RESEARCH_FIXTURE,OG-SYNTH-0.3,B1-0.3,build_opus_synthetic_programme_v0_3.py@0.3,20260812,True,61932989598222f95068919a9f0e3cc0752b5eb25458cf36ddffc6cea0b6f779
US-NORTHEAST,ELECTRICAL_EQUIPMENT,2020-12-01,108.156456,2019-01-01,100.0,SYNTHETIC_RESEARCH_FIXTURE,OG-SYNTH-0.3,B1-0.3,build_opus_synthetic_programme_v0_3.py@0.3,20260812,True,ebc9553840c49591c4dd0efefd3e707439431f4cc78c52ad4dea8cb036153d91
US-NORTHEAST,ELECTRICAL_EQUIPMENT,2021-01-01,108.312427,2019-01-01,100.0,SYNTHETIC_RESEARCH_FIXTURE,OG-SYNTH-0.3,B1-0.3,build_opus_synthetic_programme_v0_3.py@0.3,20260812,True,a384361e4ae68a33908291ad5b8c40f7cd6572af4ee519179d894dd116cd0429
US-NORTHEAST,ELECTRICAL_EQUIPMENT,2021-02-01,108.770133,2019-01-01,100.0,SYNTHETIC_RESEARCH_FIXTURE,OG-SYNTH-0.3,B1-0.3,build_opus_synthetic_programme_v0_3.py@0.3,20260812,True,65d4a4f8d239f6e8291f2cfe2dae9f6150a1e08a6036754ba52bc346cca9baf6
US-NORTHEAST,ELECTRICAL_EQUIPMENT,2021-03-01,109.122817,2019-01-01,100.0,SYNTHETIC_RESEARCH_FIXTURE,OG-SYNTH-0.3,B1-0.3,build_opus_synthetic_programme_v0_3.py@0.3,20260812,True,8d4471b594ce4cb1859ac9210d262a59dfa65b8b9fa859e7309aa44141440753
US-NORTHEAST,ELECTRICAL_EQUIPMENT,2021-04-01,109.214889,2019-01-01,100.0,SYNTHETIC_RESEARCH_FIXTURE,OG-SYNTH-0.3,B1-0.3,build_opus_synthetic_programme_v0_3.py@0.3,20260812,True,8b424e421a66d094692bd3c375959580b2b310182701f8a012d717ada07dc511
US-NORTHEAST,ELECTRICAL_EQUIPMENT,2021-05-01,110.612486,2019-01-01,100.0,SYNTHETIC_RESEARCH_FIXTURE,OG-SYNTH-0.3,B1-0.3,build_opus_synthetic_programme_v0_3.py@0.3,20260812,True,a9ba3e860c24eaeea822efb340396f0d78302a28d5684e1198809c91e64fd016
US-NORTHEAST,ELECTRICAL_EQUIPMENT,2021-06-01,111.966256,2019-01-01,100.0,SYNTHETIC_RESEARCH_FIXTURE,OG-SYNTH-0.3,B1-0.3,build_opus_synthetic_programme_v0_3.py@0.3,20260812,True,718a8ea1d2961afe0a4d4dc15957c13e8ff27173b1ac2f678e8ccb26035894b3
US-NORTHEAST,ELECTRICAL_EQUIPMENT,2021-07-01,113.172725,2019-01-01,100.0,SYNTHETIC_RESEARCH_FIXTURE,OG-SYNTH-0.3,B1-0.3,build_opus_synthetic_programme_v0_3.py@0.3,20260812,True,4216a1cc12930f1918e9ddf74c522db135d8802cfaa69586363317bdb92c1ae3
US-NORTHEAST,ELECTRICAL_EQUIPMENT,2021-08-01,114.532205,2019-01-01,100.0,SYNTHETIC_RESEARCH_FIXTURE,OG-SYNTH-0.3,B1-0.3,build_opus_synthetic_programme_v0_3.py@0.3,20260812,True,4a327f215e0c9c0501240ce3194626b6246a6a17db0d37d048d4434242ac8ba6
US-NORTHEAST,ELECTRICAL_EQUIPMENT,2021-09-01,116.050698,2019-01-01,100.0,SYNTHETIC_RESEARCH_FIXTURE,OG-SYNTH-0.3,B1-0.3,build_opus_synthetic_programme_v0_3.py@0.3,20260812,True,94cac6269e0951ccf068a206e9755fe037bff0975a58f2762581b3b3a721c842
US-NORTHEAST,ELECTRICAL_EQUIPMENT,2021-10-01,117.664242,2019-01-01,100.0,SYNTHETIC_RESEARCH_FIXTURE,OG-SYNTH-0.3,B1-0.3,build_opus_synthetic_programme_v0_3.py@0.3,20260812,True,dc9f05e3d313c7aee3fc620485aa8c193e03daad09735b8407533cb75cd7ae33
US-NORTHEAST,ELECTRICAL_EQUIPMENT,2021-11-01,119.212564,2019-01-01,100.0,SYNTHETIC_RESEARCH_FIXTURE,OG-SYNTH-0.3,B1-0.3,build_opus_synthetic_programme_v0_3.py@0.3,20260812,True,03895c145405ddb6a004c171761919da1c22ee05bbcc2552d353ba0b27d3f693
US-NORTHEAST,ELECTRICAL_EQUIPMENT,2021-12-01,120.773988,2019-01-01,100.0,SYNTHETIC_RESEARCH_FIXTURE,OG-SYNTH-0.3,B1-0.3,build_opus_synthetic_programme_v0_3.py@0.3,20260812,True,38e650bed0ccc3dfe613857db7015007921207c4c09d2f1c984a4b56e52b92bf
US-NORTHEAST,ELECTRICAL_EQUIPMENT,2022-01-01,122.519228,2019-01-01,100.0,SYNTHETIC_RESEARCH_FIXTURE,OG-SYNTH-0.3,B1-0.3,build_opus_synthetic_programme_v0_3.py@0.3,20260812,True,79f19cd6c09808271be1d19449d14977b2d92a88a3fe80b21078dd64eb87fc77
US-NORTHEAST,ELECTRICAL_EQUIPMENT,2022-02-01,123.945733,2019-01-01,100.0,SYNTHETIC_RESEARCH_FIXTURE,OG-SYNTH-0.3,B1-0.3,build_opus_synthetic_programme_v0_3.py@0.3,20260812,True,6c2d030ba3615348dd76339b57ea2e51f3a607eb30599bf3d0478d58f677acef
US-NORTHEAST,ELECTRICAL_EQUIPMENT,2022-03-01,125.515612,2019-01-01,100.0,SYNTHETIC_RESEARCH_FIXTURE,OG-SYNTH-0.3,B1-0.3,build_opus_synthetic_programme_v0_3.py@0.3,20260812,True,d09d9c5efa01256383c61865246385814ee37ac533c6f60744acc4ed825b4004
US-NORTHEAST,ELECTRICAL_EQUIPMENT,2022-04-01,127.458306,2019-01-01,100.0,SYNTHETIC_RESEARCH_FIXTURE,OG-SYNTH-0.3,B1-0.3,build_opus_synthetic_programme_v0_3.py@0.3,20260812,True,4cb0ca00c9b2ac6d67437f8d2d8504c0d1df8186515e31c8ea236133bcbc5ed8
US-NORTHEAST,ELECTRICAL_EQUIPMENT,2022-05-01,129.333769,2019-01-01,100.0,SYNTHETIC_RESEARCH_FIXTURE,OG-SYNTH-0.3,B1-0.3,build_opus_synthetic_programme_v0_3.py@0.3,20260812,True,6635ec766ec07cf6a72f13a703ae6d6cc210a795bda0b204df3575f76e9c7fbb
US-NORTHEAST,ELECTRICAL_EQUIPMENT,2022-06-01,129.40344,2019-01-01,100.0,SYNTHETIC_RESEARCH_FIXTURE,OG-SYNTH-0.3,B1-0.3,build_opus_synthetic_programme_v0_3.py@0.3,20260812,True,fdb2e6c44d4cb0114c9552ce9c4c74f88a2c69c0614f704d3874cb412515484f
US-NORTHEAST,ELECTRICAL_EQUIPMENT,2022-07-01,129.927685,2019-01-01,100.0,SYNTHETIC_RESEARCH_FIXTURE,OG-SYNTH-0.3,B1-0.3,build_opus_synthetic_programme_v0_3.py@0.3,20260812,True,fdd54bcaa0d815d2795c31fdb641d4ef490dab2c9a53192f92a52159940524b0
US-NORTHEAST,ELECTRICAL_EQUIPMENT,2022-08-01,130.37231,2019-01-01,100.0,SYNTHETIC_RESEARCH_FIXTURE,OG-SYNTH-0.3,B1-0.3,build_opus_synthetic_programme_v0_3.py@0.3,20260812,True,c4c19a4ccc04d7c5bdad1f0e4fbac43ab0d402ae2e7473b1ac5aa286c5300799
US-NORTHEAST,ELECTRICAL_EQUIPMENT,2022-09-01,131.081452,2019-01-01,100.0,SYNTHETIC_RESEARCH_FIXTURE,OG-SYNTH-0.3,B1-0.3,build_opus_synthetic_programme_v0_3.py@0.3,20260812,True,4614658e2933dac7c02ec7373f91786d11164c26044644a87a6680d6211070b4
US-NORTHEAST,ELECTRICAL_EQUIPMENT,2022-10-01,131.536308,2019-01-01,100.0,SYNTHETIC_RESEARCH_FIXTURE,OG-SYNTH-0.3,B1-0.3,build_opus_synthetic_programme_v0_3.py@0.3,20260812,True,8a2100389614c8a35cadbd2d8bddc695efa906737d585331937c338af4c7850b
US-NORTHEAST,ELECTRICAL_EQUIPMENT,2022-11-01,131.933321,2019-01-01,100.0,SYNTHETIC_RESEARCH_FIXTURE,OG-SYNTH-0.3,B1-0.3,build_opus_synthetic_programme_v0_3.py@0.3,20260812,True,2a37b3be2ee1f234d58907b3bc2e7b53f6260f1f7f59498efc7629695320d58d
US-NORTHEAST,ELECTRICAL_EQUIPMENT,2022-12-01,132.578113,2019-01-01,100.0,SYNTHETIC_RESEARCH_FIXTURE,OG-SYNTH-0.3,B1-0.3,build_opus_synthetic_programme_v0_3.py@0.3,20260812,True,cf432149116537f355aacfdc57bcaef560bcb764b3c229b12dcfa439d022aa71
US-NORTHEAST,ELECTRICAL_EQUIPMENT,2023-01-01,132.840887,2019-01-01,100.0,SYNTHETIC_RESEARCH_FIXTURE,OG-SYNTH-0.3,B1-0.3,build_opus_synthetic_programme_v0_3.py@0.3,20260812,True,555be9dd3fad5f0e26dd5d340ace0c7d7ac65b1b9115e6522b84a9e202ef2736
US-NORTHEAST,ELECTRICAL_EQUIPMENT,2023-02-01,133.211078,2019-01-01,100.0,SYNTHETIC_RESEARCH_FIXTURE,OG-SYNTH-0.3,B1-0.3,build_opus_synthetic_programme_v0_3.py@0.3,20260812,True,d4a27941c37aa798d1e5dd0c5faca54cd7100142f4d45c84daefd97514140cf3
US-NORTHEAST,ELECTRICAL_EQUIPMENT,2023-03-01,133.802633,2019-01-01,100.0,SYNTHETIC_RESEARCH_FIXTURE,OG-SYNTH-0.3,B1-0.3,build_opus_synthetic_programme_v0_3.py@0.3,20260812,True,8d9224a90f2fdcf62efc40e716b68aa905e4c904cd37137605d6a379fca9f300
US-NORTHEAST,ELECTRICAL_EQUIPMENT,2023-04-01,133.972863,2019-01-01,100.0,SYNTHETIC_RESEARCH_FIXTURE,OG-SYNTH-0.3,B1-0.3,build_opus_synthetic_programme_v0_3.py@0.3,20260812,True,339fa3a8a6208bf119ec35f47ed73bdf861d23ee5953c36631759a549a087b08
US-NORTHEAST,ELECTRICAL_EQUIPMENT,2023-05-01,133.828355,2019-01-01,100.0,SYNTHETIC_RESEARCH_FIXTURE,OG-SYNTH-0.3,B1-0.3,build_opus_synthetic_programme_v0_3.py@0.3,20260812,True,61fd9868f670d97b7e67ebd3160c9a0c2acd7a33e89c482c6e94ccc8d331f6f6
US-NORTHEAST,ELECTRICAL_EQUIPMENT,2023-06-01,133.917272,2019-01-01,100.0,SYNTHETIC_RESEARCH_FIXTURE,OG-SYNTH-0.3,B1-0.3,build_opus_synthetic_programme_v0_3.py@0.3,20260812,True,c2a783987d8dff8507f7a3a7f538f0e34fc3b52e0ad0b8934365da23e3ab05ec
US-NORTHEAST,ELECTRICAL_EQUIPMENT,2023-07-01,134.446027,2019-01-01,100.0,SYNTHETIC_RESEARCH_FIXTURE,OG-SYNTH-0.3,B1-0.3,build_opus_synthetic_programme_v0_3.py@0.3,20260812,True,a43d0a981b3d68c881b7cd78101d7c4c422ca75a9f487c9095a80b9b9ce29975
US-NORTHEAST,ELECTRICAL_EQUIPMENT,2023-08-01,134.771568,2019-01-01,100.0,SYNTHETIC_RESEARCH_FIXTURE,OG-SYNTH-0.3,B1-0.3,build_opus_synthetic_programme_v0_3.py@0.3,20260812,True,0692b1597a88e2dcb17278e88bab06bd6ec3a0e373c757418d538d54da5ce846
US-NORTHEAST,ELECTRICAL_EQUIPMENT,2023-09-01,134.98416,2019-01-01,100.0,SYNTHETIC_RESEARCH_FIXTURE,OG-SYNTH-0.3,B1-0.3,build_opus_synthetic_programme_v0_3.py@0.3,20260812,True,ab8a7892473a9559226a96553e418c45f2ba3a6f5bdf780ecc0a435c04288a2b
US-NORTHEAST,ELECTRICAL_EQUIPMENT,2023-10-01,134.868648,2019-01-01,100.0,SYNTHETIC_RESEARCH_FIXTURE,OG-SYNTH-0.3,B1-0.3,build_opus_synthetic_programme_v0_3.py@0.3,20260812,True,75f47402355772082640762c0d210ae35ef9a1006db3ee9fd3f86862e2bef650
US-NORTHEAST,ELECTRICAL_EQUIPMENT,2023-11-01,135.325664,2019-01-01,100.0,SYNTHETIC_RESEARCH_FIXTURE,OG-SYNTH-0.3,B1-0.3,build_opus_synthetic_programme_v0_3.py@0.3,20260812,True,0f535d5cd1122a95b0a3049a956eb5c8523b1e4dbe96e7ab8d18de4e9d6537d0
US-NORTHEAST,ELECTRICAL_EQUIPMENT,2023-12-01,135.518542,2019-01-01,100.0,SYNTHETIC_RESEARCH_FIXTURE,OG-SYNTH-0.3,B1-0.3,build_opus_synthetic_programme_v0_3.py@0.3,20260812,True,f661e38514642ba1bb7685f69977e3ee86fe4e5ca0054b6b11a82c6e4edc0494
US-NORTHEAST,ELECTRICAL_EQUIPMENT,2024-01-01,136.760159,2019-01-01,100.0,SYNTHETIC_RESEARCH_FIXTURE,OG-SYNTH-0.3,B1-0.3,build_opus_synthetic_programme_v0_3.py@0.3,20260812,True,4e96db42c1ac77639dd11e9db8bb4ce7ffd9e4d642f90e33e2aa543889363573
US-NORTHEAST,ELECTRICAL_EQUIPMENT,2024-02-01,136.88831,2019-01-01,100.0,SYNTHETIC_RESEARCH_FIXTURE,OG-SYNTH-0.3,B1-0.3,build_opus_synthetic_programme_v0_3.py@0.3,20260812,True,3fbaa7e9c6486a419831f01afa07de8a9645085f2639e18d9bb880c69df2680d
US-NORTHEAST,ELECTRICAL_EQUIPMENT,2024-03-01,137.494344,2019-01-01,100.0,SYNTHETIC_RESEARCH_FIXTURE,OG-SYNTH-0.3,B1-0.3,build_opus_synthetic_programme_v0_3.py@0.3,20260812,True,4f87dca6f115363bd6bb14ff3f7b72afd141a1fe0315651197242c8e53a393b8
US-NORTHEAST,ELECTRICAL_EQUIPMENT,2024-04-01,138.188281,2019-01-01,100.0,SYNTHETIC_RESEARCH_FIXTURE,OG-SYNTH-0.3,B1-0.3,build_opus_synthetic_programme_v0_3.py@0.3,20260812,True,486bd3fc43bc242aeb9675717d1c5f92014ebdeeab6012ade2f77ec464c44e04
US-NORTHEAST,ELECTRICAL_EQUIPMENT,2024-05-01,138.539033,2019-01-01,100.0,SYNTHETIC_RESEARCH_FIXTURE,OG-SYNTH-0.3,B1-0.3,build_opus_synthetic_programme_v0_3.py@0.3,20260812,True,4c75b4caf2e561998735f8ffd6ca4daa7cf3c6e90211c2e3559aef081a7832a0
US-NORTHEAST,ELECTRICAL_EQUIPMENT,2024-06-01,139.839415,2019-01-01,100.0,SYNTHETIC_RESEARCH_FIXTURE,OG-SYNTH-0.3,B1-0.3,build_opus_synthetic_programme_v0_3.py@0.3,20260812,True,c0b885a1169ef4fb51df17d1227839eb6202dfcf46eb8275032011ea6723fad1
US-NORTHEAST,ELECTRICAL_EQUIPMENT,2024-07-01,140.468885,2019-01-01,100.0,SYNTHETIC_RESEARCH_FIXTURE,OG-SYNTH-0.3,B1-0.3,build_opus_synthetic_programme_v0_3.py@0.3,20260812,True,d69caf857209455051dcbcfd8dbfc9508cc63ee62832dd7796198544581ddb94
US-NORTHEAST,ELECTRICAL_EQUIPMENT,2024-08-01,141.418346,2019-01-01,100.0,SYNTHETIC_RESEARCH_FIXTURE,OG-SYNTH-0.3,B1-0.3,build_opus_synthetic_programme_v0_3.py@0.3,20260812,True,a6e6dec9cc673c5ff5e720bbde7b427a4de31a7c5b75bc814b6fb64f342cf15a
US-NORTHEAST,ELECTRICAL_EQUIPMENT,2024-09-01,141.495712,2019-01-01,100.0,SYNTHETIC_RESEARCH_FIXTURE,OG-SYNTH-0.3,B1-0.3,build_opus_synthetic_programme_v0_3.py@0.3,20260812,True,944a0906dad3a48cc9cdfc5ad1bc6f4a41df57486feab154412ac84081578489
US-NORTHEAST,ELECTRICAL_EQUIPMENT,2024-10-01,141.93181,2019-01-01,100.0,SYNTHETIC_RESEARCH_FIXTURE,OG-SYNTH-0.3,B1-0.3,build_opus_synthetic_programme_v0_3.py@0.3,20260812,True,34bc9dc8d610db99ac0bcb1272d19d19e47a6f05734ab23f7e8212549d4e0937
US-NORTHEAST,ELECTRICAL_EQUIPMENT,2024-11-01,142.446507,2019-01-01,100.0,SYNTHETIC_RESEARCH_FIXTURE,OG-SYNTH-0.3,B1-0.3,build_opus_synthetic_programme_v0_3.py@0.3,20260812,True,de21eb1a306b84a31f41b0e90ec4abc36b0d2105d07326a6de3f821af1b413ad
US-NORTHEAST,ELECTRICAL_EQUIPMENT,2024-12-01,142.358554,2019-01-01,100.0,SYNTHETIC_RESEARCH_FIXTURE,OG-SYNTH-0.3,B1-0.3,build_opus_synthetic_programme_v0_3.py@0.3,20260812,True,41d971d5736c23d536a1a54588371a974d9cff7354aabebc3bc53e8e59264f2d
US-NORTHEAST,ELECTRICAL_EQUIPMENT,2025-01-01,142.809499,2019-01-01,100.0,SYNTHETIC_RESEARCH_FIXTURE,OG-SYNTH-0.3,B1-0.3,build_opus_synthetic_programme_v0_3.py@0.3,20260812,True,9d24ce1829ad866b62c49932ba7294fcf74a528f3970cc396f74564a9975212b
US-NORTHEAST,ELECTRICAL_EQUIPMENT,2025-02-01,143.107892,2019-01-01,100.0,SYNTHETIC_RESEARCH_FIXTURE,OG-SYNTH-0.3,B1-0.3,build_opus_synthetic_programme_v0_3.py@0.3,20260812,True,19bd5d402fe15f2a9ab76fd2364a964fb7faa36cf787b186f45640b527923b56
US-NORTHEAST,ELECTRICAL_EQUIPMENT,2025-03-01,142.812912,2019-01-01,100.0,SYNTHETIC_RESEARCH_FIXTURE,OG-SYNTH-0.3,B1-0.3,build_opus_synthetic_programme_v0_3.py@0.3,20260812,True,2535a74328c16fbaffd889452e6a72aecb8fc6be24571d5138f2067077d15ee7
US-NORTHEAST,ELECTRICAL_EQUIPMENT,2025-04-01,143.296835,2019-01-01,100.0,SYNTHETIC_RESEARCH_FIXTURE,OG-SYNTH-0.3,B1-0.3,build_opus_synthetic_programme_v0_3.py@0.3,20260812,True,4429239ed7e0ca0f2865cb9223efe59467934b63363b0860daf5de992097acdd
US-NORTHEAST,ELECTRICAL_EQUIPMENT,2025-05-01,144.017924,2019-01-01,100.0,SYNTHETIC_RESEARCH_FIXTURE,OG-SYNTH-0.3,B1-0.3,build_opus_synthetic_programme_v0_3.py@0.3,20260812,True,2dbea934088f64037f4731c190ba118cf726d1a70a4c71e323dbbd0e6d62cf8e
US-NORTHEAST,ELECTRICAL_EQUIPMENT,2025-06-01,144.335287,2019-01-01,100.0,SYNTHETIC_RESEARCH_FIXTURE,OG-SYNTH-0.3,B1-0.3,build_opus_synthetic_programme_v0_3.py@0.3,20260812,True,780e670f890ce442ccb65efa23ee9a127f8f57a0075d7a5f4fd8a176aa084cfb
US-NORTHEAST,ELECTRICAL_EQUIPMENT,2025-07-01,144.843024,2019-01-01,100.0,SYNTHETIC_RESEARCH_FIXTURE,OG-SYNTH-0.3,B1-0.3,build_opus_synthetic_programme_v0_3.py@0.3,20260812,True,051c40640a98b7f75e05f48f49093d2da1d07a6f7ebb34838d3777e04d18f0ad
US-NORTHEAST,ELECTRICAL_EQUIPMENT,2025-08-01,145.365574,2019-01-01,100.0,SYNTHETIC_RESEARCH_FIXTURE,OG-SYNTH-0.3,B1-0.3,build_opus_synthetic_programme_v0_3.py@0.3,20260812,True,e93299a9e9151c9b1d1635d4c77a8b3942ec55865c3b534184d27fe6ec74ee47
US-NORTHEAST,ELECTRICAL_EQUIPMENT,2025-09-01,145.825011,2019-01-01,100.0,SYNTHETIC_RESEARCH_FIXTURE,OG-SYNTH-0.3,B1-0.3,build_opus_synthetic_programme_v0_3.py@0.3,20260812,True,9756ec957561cad6b9da0409722561b8509345a18ccbb798a575e930914b62bb
US-NORTHEAST,ELECTRICAL_EQUIPMENT,2025-10-01,145.919158,2019-01-01,100.0,SYNTHETIC_RESEARCH_FIXTURE,OG-SYNTH-0.3,B1-0.3,build_opus_synthetic_programme_v0_3.py@0.3,20260812,True,dc6d71770b5071833fe5edfb182b47ba7f1458f99b931e0d7bfc8082eadfa330
US-NORTHEAST,ELECTRICAL_EQUIPMENT,2025-11-01,145.993372,2019-01-01,100.0,SYNTHETIC_RESEARCH_FIXTURE,OG-SYNTH-0.3,B1-0.3,build_opus_synthetic_programme_v0_3.py@0.3,20260812,True,20c5d83f461d342fc2df989a3ac3b5089f80ed2af6e5a376a74c33d77a7c9ed6
US-NORTHEAST,ELECTRICAL_EQUIPMENT,2025-12-01,145.538256,2019-01-01,100.0,SYNTHETIC_RESEARCH_FIXTURE,OG-SYNTH-0.3,B1-0.3,build_opus_synthetic_programme_v0_3.py@0.3,20260812,True,8f31ac04dca5140c1ed7d922bc6b2f889d35d97f9dafdf441f0d3bd79e21ab86
US-NORTHEAST,ELECTRICAL_EQUIPMENT,2026-01-01,145.885052,2019-01-01,100.0,SYNTHETIC_RESEARCH_FIXTURE,OG-SYNTH-0.3,B1-0.3,build_opus_synthetic_programme_v0_3.py@0.3,20260812,True,1b3401056182e3111eea4f8393a42c8a0257c7e44bda93d958241e33b2170b4f
US-NORTHEAST,ELECTRICAL_EQUIPMENT,2026-02-01,145.944268,2019-01-01,100.0,SYNTHETIC_RESEARCH_FIXTURE,OG-SYNTH-0.3,B1-0.3,build_opus_synthetic_programme_v0_3.py@0.3,20260812,True,0fc3139b5d3d889fc7585032b589c4678878bf18032468bb06e3a3e58f0d5868
US-NORTHEAST,ELECTRICAL_EQUIPMENT,2026-03-01,145.969651,2019-01-01,100.0,SYNTHETIC_RESEARCH_FIXTURE,OG-SYNTH-0.3,B1-0.3,build_opus_synthetic_programme_v0_3.py@0.3,20260812,True,313a5fc0de2e795804f8a6858c05bbba7a806b81d0313a2dbc3dc8fbe08937d2
US-NORTHEAST,ELECTRICAL_EQUIPMENT,2026-04-01,146.311403,2019-01-01,100.0,SYNTHETIC_RESEARCH_FIXTURE,OG-SYNTH-0.3,B1-0.3,build_opus_synthetic_programme_v0_3.py@0.3,20260812,True,12cbca43bf199616b753fa65e7a6c807f07999ba958e017a8bd5e0d0454bcce8
US-NORTHEAST,ELECTRICAL_EQUIPMENT,2026-05-01,146.549445,2019-01-01,100.0,SYNTHETIC_RESEARCH_FIXTURE,OG-SYNTH-0.3,B1-0.3,build_opus_synthetic_programme_v0_3.py@0.3,20260812,True,1f3b7904cc6a09ea756d2bddba9dc550209022c7b4ca0f45d06b1acc1426e783
US-NORTHEAST,ELECTRICAL_EQUIPMENT,2026-06-01,147.299195,2019-01-01,100.0,SYNTHETIC_RESEARCH_FIXTURE,OG-SYNTH-0.3,B1-0.3,build_opus_synthetic_programme_v0_3.py@0.3,20260812,True,694325ad5f176198a05035898f116167a3a2cd517001cc7402803e27db94c08f
US-NORTHEAST,ELECTRICAL_EQUIPMENT,2026-07-01,147.164873,2019-01-01,100.0,SYNTHETIC_RESEARCH_FIXTURE,OG-SYNTH-0.3,B1-0.3,build_opus_synthetic_programme_v0_3.py@0.3,20260812,True,fbe1d7915df8398bb5b0bb76924503342ff2114d95ca0b8a50e6b4815c54b7a1
US-NORTHEAST,ELECTRICAL_EQUIPMENT,2026-08-01,147.338432,2019-01-01,100.0,SYNTHETIC_RESEARCH_FIXTURE,OG-SYNTH-0.3,B1-0.3,build_opus_synthetic_programme_v0_3.py@0.3,20260812,True,b08e80dc7ee19d82024218336c988716b165f42d57833e7665698b428a496d20
US-NORTHEAST,ELECTRICAL_EQUIPMENT,2026-09-01,147.484993,2019-01-01,100.0,SYNTHETIC_RESEARCH_FIXTURE,OG-SYNTH-0.3,B1-0.3,build_opus_synthetic_programme_v0_3.py@0.3,20260812,True,8568018490c89271158b48a56bc641f6fdd09738bea148cc5e37bcfb31dfea91
US-NORTHEAST,ELECTRICAL_EQUIPMENT,2026-10-01,147.659005,2019-01-01,100.0,SYNTHETIC_RESEARCH_FIXTURE,OG-SYNTH-0.3,B1-0.3,build_opus_synthetic_programme_v0_3.py@0.3,20260812,True,43a0346b62e53e9bc8723144cb30d53384743a8fca83c50bc8a886f275c8cd64
US-NORTHEAST,ELECTRICAL_EQUIPMENT,2026-11-01,148.110527,2019-01-01,100.0,SYNTHETIC_RESEARCH_FIXTURE,OG-SYNTH-0.3,B1-0.3,build_opus_synthetic_programme_v0_3.py@0.3,20260812,True,ef2d528a33cb3a374556a05c2573d629014ba49c97e9e0e92e6121e61ee2bb73
US-NORTHEAST,ELECTRICAL_EQUIPMENT,2026-12-01,148.740329,2019-01-01,100.0,SYNTHETIC_RESEARCH_FIXTURE,OG-SYNTH-0.3,B1-0.3,build_opus_synthetic_programme_v0_3.py@0.3,20260812,True,e80196d7193f1ec442f2e2a4cc2151d9fb8da277c8d40b8d90318a87f9e73d74
US-NORTHEAST,MECHANICAL_EQUIPMENT,2019-01-01,106.266249,2019-01-01,100.0,SYNTHETIC_RESEARCH_FIXTURE,OG-SYNTH-0.3,B1-0.3,build_opus_synthetic_programme_v0_3.py@0.3,20260812,True,5be3211b2996f1d64d503c48560c8bbeaf72a7ea9f0e54487e3b339aa601c94d
US-NORTHEAST,MECHANICAL_EQUIPMENT,2019-02-01,106.515706,2019-01-01,100.0,SYNTHETIC_RESEARCH_FIXTURE,OG-SYNTH-0.3,B1-0.3,build_opus_synthetic_programme_v0_3.py@0.3,20260812,True,0fbbedaaaf93f120c046ccb221c8c09c8a923f62bdc2babd970f85d00c96d39d
US-NORTHEAST,MECHANICAL_EQUIPMENT,2019-03-01,106.90888,2019-01-01,100.0,SYNTHETIC_RESEARCH_FIXTURE,OG-SYNTH-0.3,B1-0.3,build_opus_synthetic_programme_v0_3.py@0.3,20260812,True,18ca20c17dabb67003e8dcd852879b657f2ee83c3cda81acf6ca7eb49df000dd
US-NORTHEAST,MECHANICAL_EQUIPMENT,2019-04-01,106.834857,2019-01-01,100.0,SYNTHETIC_RESEARCH_FIXTURE,OG-SYNTH-0.3,B1-0.3,build_opus_synthetic_programme_v0_3.py@0.3,20260812,True,7787670e2ef76bec2647f78df44166935ae2852a7da92c35d0cba5fa097494db
US-NORTHEAST,MECHANICAL_EQUIPMENT,2019-05-01,106.809016,2019-01-01,100.0,SYNTHETIC_RESEARCH_FIXTURE,OG-SYNTH-0.3,B1-0.3,build_opus_synthetic_programme_v0_3.py@0.3,20260812,True,a8ca5998f172c85d8ad8966c01c3057eba5d5086023eb78b90ead54d708c941e
US-NORTHEAST,MECHANICAL_EQUIPMENT,2019-06-01,107.096478,2019-01-01,100.0,SYNTHETIC_RESEARCH_FIXTURE,OG-SYNTH-0.3,B1-0.3,build_opus_synthetic_programme_v0_3.py@0.3,20260812,True,7143f8b92fe654781ee1267b1b3292f4350fd10b011cb8c65786aa27037894c1
US-NORTHEAST,MECHANICAL_EQUIPMENT,2019-07-01,107.504795,2019-01-01,100.0,SYNTHETIC_RESEARCH_FIXTURE,OG-SYNTH-0.3,B1-0.3,build_opus_synthetic_programme_v0_3.py@0.3,20260812,True,dd77b2ffd11d330702de11f91f6f04ffb0263bf22766c0b69ebff35d8c851481
US-NORTHEAST,MECHANICAL_EQUIPMENT,2019-08-01,107.456707,2019-01-01,100.0,SYNTHETIC_RESEARCH_FIXTURE,OG-SYNTH-0.3,B1-0.3,build_opus_synthetic_programme_v0_3.py@0.3,20260812,True,ca5f2ddea6a2c692579af6048edfa22b67e6fade632ae566cf6f9d3a063b7db7
US-NORTHEAST,MECHANICAL_EQUIPMENT,2019-09-01,107.733111,2019-01-01,100.0,SYNTHETIC_RESEARCH_FIXTURE,OG-SYNTH-0.3,B1-0.3,build_opus_synthetic_programme_v0_3.py@0.3,20260812,True,6cca7a747676f7d58c9dc10a1dae8d9239a91d8954c168d1c2378cc7ee253c03
US-NORTHEAST,MECHANICAL_EQUIPMENT,2019-10-01,107.875154,2019-01-01,100.0,SYNTHETIC_RESEARCH_FIXTURE,OG-SYNTH-0.3,B1-0.3,build_opus_synthetic_programme_v0_3.py@0.3,20260812,True,dc47082c9a80e8fa7bdd6dc01f4e3dcf56cac9718c355257babbf3d6e20a3d58
US-NORTHEAST,MECHANICAL_EQUIPMENT,2019-11-01,108.226632,2019-01-01,100.0,SYNTHETIC_RESEARCH_FIXTURE,OG-SYNTH-0.3,B1-0.3,build_opus_synthetic_programme_v0_3.py@0.3,20260812,True,9967281eb7ace1fa0622acab2ba53fe91cb95727abab09f04a3e8ade2d1355fa
US-NORTHEAST,MECHANICAL_EQUIPMENT,2019-12-01,108.671626,2019-01-01,100.0,SYNTHETIC_RESEARCH_FIXTURE,OG-SYNTH-0.3,B1-0.3,build_opus_synthetic_programme_v0_3.py@0.3,20260812,True,a52de6b9cb9ec83fa6dd06dbf2fd4ea4b0846f40d0da36c944f286eead7f73b2
US-NORTHEAST,MECHANICAL_EQUIPMENT,2020-01-01,108.833795,2019-01-01,100.0,SYNTHETIC_RESEARCH_FIXTURE,OG-SYNTH-0.3,B1-0.3,build_opus_synthetic_programme_v0_3.py@0.3,20260812,True,4d12e84980ce2f6478d59277ff108c2c8529be5a5e229df85dee651255fa8932
US-NORTHEAST,MECHANICAL_EQUIPMENT,2020-02-01,109.001372,2019-01-01,100.0,SYNTHETIC_RESEARCH_FIXTURE,OG-SYNTH-0.3,B1-0.3,build_opus_synthetic_programme_v0_3.py@0.3,20260812,True,10c29162d80b08cb4877dd873c21becdd32c64f0b71233c48926fe89e6b1ba3a
US-NORTHEAST,MECHANICAL_EQUIPMENT,2020-03-01,109.297444,2019-01-01,100.0,SYNTHETIC_RESEARCH_FIXTURE,OG-SYNTH-0.3,B1-0.3,build_opus_synthetic_programme_v0_3.py@0.3,20260812,True,7ef4e26a46075ab1d7808b7c64bcdbc595e00ca1e94f950910adda766c49f1d3
US-NORTHEAST,MECHANICAL_EQUIPMENT,2020-04-01,109.693478,2019-01-01,100.0,SYNTHETIC_RESEARCH_FIXTURE,OG-SYNTH-0.3,B1-0.3,build_opus_synthetic_programme_v0_3.py@0.3,20260812,True,b5b75521115e03432f985e39997753b4fce0d0afcb0f47cce8bf34d435b81a32
US-NORTHEAST,MECHANICAL_EQUIPMENT,2020-05-01,110.15226,2019-01-01,100.0,SYNTHETIC_RESEARCH_FIXTURE,OG-SYNTH-0.3,B1-0.3,build_opus_synthetic_programme_v0_3.py@0.3,20260812,True,5a68e43eb7a487a1d24c7d698ac6151a3f0f13e28d8f2e98bb357dd6b84dc99e
US-NORTHEAST,MECHANICAL_EQUIPMENT,2020-06-01,110.648011,2019-01-01,100.0,SYNTHETIC_RESEARCH_FIXTURE,OG-SYNTH-0.3,B1-0.3,build_opus_synthetic_programme_v0_3.py@0.3,20260812,True,783e2345efd5a4428446728a73641c198d796c4ded80689b9e4a015bbe285b4e
US-NORTHEAST,MECHANICAL_EQUIPMENT,2020-07-01,110.520893,2019-01-01,100.0,SYNTHETIC_RESEARCH_FIXTURE,OG-SYNTH-0.3,B1-0.3,build_opus_synthetic_programme_v0_3.py@0.3,20260812,True,7aa3cb08b0e7b68121713a9f656b57d8c7a70e9dc5cd340d0a213dd81ad54a50
US-NORTHEAST,MECHANICAL_EQUIPMENT,2020-08-01,111.002872,2019-01-01,100.0,SYNTHETIC_RESEARCH_FIXTURE,OG-SYNTH-0.3,B1-0.3,build_opus_synthetic_programme_v0_3.py@0.3,20260812,True,ae06628efca1dd292493d4e01097d2d57d5fe987a059e3b2db4d7cc76ea56d38
US-NORTHEAST,MECHANICAL_EQUIPMENT,2020-09-01,111.306726,2019-01-01,100.0,SYNTHETIC_RESEARCH_FIXTURE,OG-SYNTH-0.3,B1-0.3,build_opus_synthetic_programme_v0_3.py@0.3,20260812,True,97667c277afbad544179a3c862846bd60e8a4b2a50239786cd323218b9389f7f
US-NORTHEAST,MECHANICAL_EQUIPMENT,2020-10-01,111.603927,2019-01-01,100.0,SYNTHETIC_RESEARCH_FIXTURE,OG-SYNTH-0.3,B1-0.3,build_opus_synthetic_programme_v0_3.py@0.3,20260812,True,13e783a103d75c2efc4859dbd55e9fcab71ac571518a20b86c4f7f398fc732a4
US-NORTHEAST,MECHANICAL_EQUIPMENT,2020-11-01,112.207078,2019-01-01,100.0,SYNTHETIC_RESEARCH_FIXTURE,OG-SYNTH-0.3,B1-0.3,build_opus_synthetic_programme_v0_3.py@0.3,20260812,True,25d616c206bf1a3c442a9cf81fbd216e0fa0b39d3120d6d2ff8b188026ec636f
US-NORTHEAST,MECHANICAL_EQUIPMENT,2020-12-01,112.979905,2019-01-01,100.0,SYNTHETIC_RESEARCH_FIXTURE,OG-SYNTH-0.3,B1-0.3,build_opus_synthetic_programme_v0_3.py@0.3,20260812,True,922cc74d8e7773c80e6768cda6c87cd4441e255c937d0c6d3a6fc19e089399b9
US-NORTHEAST,MECHANICAL_EQUIPMENT,2021-01-01,113.125423,2019-01-01,100.0,SYNTHETIC_RESEARCH_FIXTURE,OG-SYNTH-0.3,B1-0.3,build_opus_synthetic_programme_v0_3.py@0.3,20260812,True,6a704306657ebb2eda3dbf93e554c95b3505ea624dfe1bce66aacb7ba91e9e5d
US-NORTHEAST,MECHANICAL_EQUIPMENT,2021-02-01,113.675342,2019-01-01,100.0,SYNTHETIC_RESEARCH_FIXTURE,OG-SYNTH-0.3,B1-0.3,build_opus_synthetic_programme_v0_3.py@0.3,20260812,True,4d70ae62fa587facef135abca709bdf0093c5f84468e2b4b246a8c910664b0f3
US-NORTHEAST,MECHANICAL_EQUIPMENT,2021-03-01,114.032674,2019-01-01,100.0,SYNTHETIC_RESEARCH_FIXTURE,OG-SYNTH-0.3,B1-0.3,build_opus_synthetic_programme_v0_3.py@0.3,20260812,True,2436708786c8fa345edc62912f7aa49ce6315218e6d2500f70d2c98c482286bf
US-NORTHEAST,MECHANICAL_EQUIPMENT,2021-04-01,114.418568,2019-01-01,100.0,SYNTHETIC_RESEARCH_FIXTURE,OG-SYNTH-0.3,B1-0.3,build_opus_synthetic_programme_v0_3.py@0.3,20260812,True,e145735afa1fe6a9a7ae5cccafe6d6bceb1442ebad6469f9d038dd4238022868
US-NORTHEAST,MECHANICAL_EQUIPMENT,2021-05-01,116.093067,2019-01-01,100.0,SYNTHETIC_RESEARCH_FIXTURE,OG-SYNTH-0.3,B1-0.3,build_opus_synthetic_programme_v0_3.py@0.3,20260812,True,25ef18fd96a4d240ccaefbd937b095eb9f06402afe8bc0f02c6debb966882234
US-NORTHEAST,MECHANICAL_EQUIPMENT,2021-06-01,118.173687,2019-01-01,100.0,SYNTHETIC_RESEARCH_FIXTURE,OG-SYNTH-0.3,B1-0.3,build_opus_synthetic_programme_v0_3.py@0.3,20260812,True,fe5131dbc8436d0967653e1e438ea8bdf31b26769f99d837a21863e699f03dfb
US-NORTHEAST,MECHANICAL_EQUIPMENT,2021-07-01,119.811089,2019-01-01,100.0,SYNTHETIC_RESEARCH_FIXTURE,OG-SYNTH-0.3,B1-0.3,build_opus_synthetic_programme_v0_3.py@0.3,20260812,True,2dea71059b83619ba7d5afd0b9c6c740a8cd5ec7457a3ce705483a915dd70b1a
US-NORTHEAST,MECHANICAL_EQUIPMENT,2021-08-01,121.931864,2019-01-01,100.0,SYNTHETIC_RESEARCH_FIXTURE,OG-SYNTH-0.3,B1-0.3,build_opus_synthetic_programme_v0_3.py@0.3,20260812,True,6a68376ace8d1ea09cfd55c43581a307dddbaa7e1391080803c5b53c83b743c7
US-NORTHEAST,MECHANICAL_EQUIPMENT,2021-09-01,123.872011,2019-01-01,100.0,SYNTHETIC_RESEARCH_FIXTURE,OG-SYNTH-0.3,B1-0.3,build_opus_synthetic_programme_v0_3.py@0.3,20260812,True,8aef014d1b3fb2c5c7656ef82fd2c38a06bdc6c390dd42d28c64375bcc589536
US-NORTHEAST,MECHANICAL_EQUIPMENT,2021-10-01,125.784919,2019-01-01,100.0,SYNTHETIC_RESEARCH_FIXTURE,OG-SYNTH-0.3,B1-0.3,build_opus_synthetic_programme_v0_3.py@0.3,20260812,True,9b810d764cb8889baf12c0981c0eda1b06d04bd9916c864299bca70cca7aa0a7
US-NORTHEAST,MECHANICAL_EQUIPMENT,2021-11-01,127.867243,2019-01-01,100.0,SYNTHETIC_RESEARCH_FIXTURE,OG-SYNTH-0.3,B1-0.3,build_opus_synthetic_programme_v0_3.py@0.3,20260812,True,1811919cd66f202f7bc60497c2772cb5f96d8c20e48cf729f62e783d96d69ce2
US-NORTHEAST,MECHANICAL_EQUIPMENT,2021-12-01,129.999125,2019-01-01,100.0,SYNTHETIC_RESEARCH_FIXTURE,OG-SYNTH-0.3,B1-0.3,build_opus_synthetic_programme_v0_3.py@0.3,20260812,True,27dc4ef90a24577b4b0e515156a62bd68327a03748c6d892c83f61fc1040077f
US-NORTHEAST,MECHANICAL_EQUIPMENT,2022-01-01,131.84066,2019-01-01,100.0,SYNTHETIC_RESEARCH_FIXTURE,OG-SYNTH-0.3,B1-0.3,build_opus_synthetic_programme_v0_3.py@0.3,20260812,True,1a02e3032421e0ba6c915cd878a9d822294da68852a3157e834ea53557c3765d
US-NORTHEAST,MECHANICAL_EQUIPMENT,2022-02-01,133.498685,2019-01-01,100.0,SYNTHETIC_RESEARCH_FIXTURE,OG-SYNTH-0.3,B1-0.3,build_opus_synthetic_programme_v0_3.py@0.3,20260812,True,fe2361c5e872a2806975cabe783e25aaca0ceed0ab3c32faec7651a73a06a11d
US-NORTHEAST,MECHANICAL_EQUIPMENT,2022-03-01,135.329533,2019-01-01,100.0,SYNTHETIC_RESEARCH_FIXTURE,OG-SYNTH-0.3,B1-0.3,build_opus_synthetic_programme_v0_3.py@0.3,20260812,True,baa3bf8007eaba48bfe1e676726d0d2febca23eae3f30e3c8bac35ee078b0dfb
US-NORTHEAST,MECHANICAL_EQUIPMENT,2022-04-01,137.145032,2019-01-01,100.0,SYNTHETIC_RESEARCH_FIXTURE,OG-SYNTH-0.3,B1-0.3,build_opus_synthetic_programme_v0_3.py@0.3,20260812,True,4538039f54adf134a64106c6aa76875de1eb89839b2f02da56a422a1552f3129
US-NORTHEAST,MECHANICAL_EQUIPMENT,2022-05-01,139.216344,2019-01-01,100.0,SYNTHETIC_RESEARCH_FIXTURE,OG-SYNTH-0.3,B1-0.3,build_opus_synthetic_programme_v0_3.py@0.3,20260812,True,8f753485ae380b51176f8b485e7caa23e696d1b55c88144a9622111b867dacab
US-NORTHEAST,MECHANICAL_EQUIPMENT,2022-06-01,139.819917,2019-01-01,100.0,SYNTHETIC_RESEARCH_FIXTURE,OG-SYNTH-0.3,B1-0.3,build_opus_synthetic_programme_v0_3.py@0.3,20260812,True,cb323b0953b25a2788aa1fba9906e99f5bcb56f82de1462568da0188c23bf5fb
US-NORTHEAST,MECHANICAL_EQUIPMENT,2022-07-01,140.546511,2019-01-01,100.0,SYNTHETIC_RESEARCH_FIXTURE,OG-SYNTH-0.3,B1-0.3,build_opus_synthetic_programme_v0_3.py@0.3,20260812,True,813ee87253deb7ed9513db76a3249e9b1d23e15c8e96497ea01cfbcb692c8e2d
US-NORTHEAST,MECHANICAL_EQUIPMENT,2022-08-01,141.08296,2019-01-01,100.0,SYNTHETIC_RESEARCH_FIXTURE,OG-SYNTH-0.3,B1-0.3,build_opus_synthetic_programme_v0_3.py@0.3,20260812,True,60f12aae093dd723237af5be0a1b1eb490b5e11739b1de8699a3102c7c820438
US-NORTHEAST,MECHANICAL_EQUIPMENT,2022-09-01,141.606795,2019-01-01,100.0,SYNTHETIC_RESEARCH_FIXTURE,OG-SYNTH-0.3,B1-0.3,build_opus_synthetic_programme_v0_3.py@0.3,20260812,True,5996857b7e24f1b3551c6968d3a3447a75620372e16121bd45e5fc9a57852034
US-NORTHEAST,MECHANICAL_EQUIPMENT,2022-10-01,141.942099,2019-01-01,100.0,SYNTHETIC_RESEARCH_FIXTURE,OG-SYNTH-0.3,B1-0.3,build_opus_synthetic_programme_v0_3.py@0.3,20260812,True,058e9b18d3e7122b4c3c644a59506f12d94ac768da93ff4d64f6875af4ad963f
US-NORTHEAST,MECHANICAL_EQUIPMENT,2022-11-01,142.396964,2019-01-01,100.0,SYNTHETIC_RESEARCH_FIXTURE,OG-SYNTH-0.3,B1-0.3,build_opus_synthetic_programme_v0_3.py@0.3,20260812,True,273a2055943b576ea2b8835240bbabba258ee4bfd30271f19fc633be52461660
US-NORTHEAST,MECHANICAL_EQUIPMENT,2022-12-01,142.495983,2019-01-01,100.0,SYNTHETIC_RESEARCH_FIXTURE,OG-SYNTH-0.3,B1-0.3,build_opus_synthetic_programme_v0_3.py@0.3,20260812,True,a978d4b26137ed166622fcad23d35821273ce1e1256db0975675ba9338678eac
US-NORTHEAST,MECHANICAL_EQUIPMENT,2023-01-01,142.504759,2019-01-01,100.0,SYNTHETIC_RESEARCH_FIXTURE,OG-SYNTH-0.3,B1-0.3,build_opus_synthetic_programme_v0_3.py@0.3,20260812,True,9f0851b7fe5196ba847ef59393316c17c20a0c730453a8a65f28c6ad4ff4d219
US-NORTHEAST,MECHANICAL_EQUIPMENT,2023-02-01,142.907462,2019-01-01,100.0,SYNTHETIC_RESEARCH_FIXTURE,OG-SYNTH-0.3,B1-0.3,build_opus_synthetic_programme_v0_3.py@0.3,20260812,True,841bff9a69ef39fb0d55b186add6834c4b76e44a60351d045773c9e07abfdc2a
US-NORTHEAST,MECHANICAL_EQUIPMENT,2023-03-01,143.030347,2019-01-01,100.0,SYNTHETIC_RESEARCH_FIXTURE,OG-SYNTH-0.3,B1-0.3,build_opus_synthetic_programme_v0_3.py@0.3,20260812,True,36e5a9dc15f0f33a5a4dbbebeaee035805141a07fe1572a8def46f1930220e3f
US-NORTHEAST,MECHANICAL_EQUIPMENT,2023-04-01,143.556542,2019-01-01,100.0,SYNTHETIC_RESEARCH_FIXTURE,OG-SYNTH-0.3,B1-0.3,build_opus_synthetic_programme_v0_3.py@0.3,20260812,True,2b0a58fd99c526d27e67af07eda69533d05a7a3cfcce410702aa0aa0ea121ac8
US-NORTHEAST,MECHANICAL_EQUIPMENT,2023-05-01,143.872122,2019-01-01,100.0,SYNTHETIC_RESEARCH_FIXTURE,OG-SYNTH-0.3,B1-0.3,build_opus_synthetic_programme_v0_3.py@0.3,20260812,True,6d09abb67e73ebf38d65fcbbba0c6695c5ac8fa5e43436c9c7f1e81a37e38de7
US-NORTHEAST,MECHANICAL_EQUIPMENT,2023-06-01,144.065116,2019-01-01,100.0,SYNTHETIC_RESEARCH_FIXTURE,OG-SYNTH-0.3,B1-0.3,build_opus_synthetic_programme_v0_3.py@0.3,20260812,True,d5eb309bd1fe92f25cf9d0030facc15eac17df38c0aa7620e2af48e2a838bf35
US-NORTHEAST,MECHANICAL_EQUIPMENT,2023-07-01,144.288335,2019-01-01,100.0,SYNTHETIC_RESEARCH_FIXTURE,OG-SYNTH-0.3,B1-0.3,build_opus_synthetic_programme_v0_3.py@0.3,20260812,True,a595b0a63540a82c803508397d295ad81517945ad3386c3b326b590bedc818c8
US-NORTHEAST,MECHANICAL_EQUIPMENT,2023-08-01,145.098306,2019-01-01,100.0,SYNTHETIC_RESEARCH_FIXTURE,OG-SYNTH-0.3,B1-0.3,build_opus_synthetic_programme_v0_3.py@0.3,20260812,True,92c56139bc6635679ff7f909a7b9ba13fa7fde39e481837ac461d4558c523561
US-NORTHEAST,MECHANICAL_EQUIPMENT,2023-09-01,145.396042,2019-01-01,100.0,SYNTHETIC_RESEARCH_FIXTURE,OG-SYNTH-0.3,B1-0.3,build_opus_synthetic_programme_v0_3.py@0.3,20260812,True,ae61fdf227aa4f759af0c03e0aa28dffa5b9fcdce52f2a8fa707403ad2742779
US-NORTHEAST,MECHANICAL_EQUIPMENT,2023-10-01,145.372106,2019-01-01,100.0,SYNTHETIC_RESEARCH_FIXTURE,OG-SYNTH-0.3,B1-0.3,build_opus_synthetic_programme_v0_3.py@0.3,20260812,True,221536591e7f478d19d523e8a3f939a298e2488a85e8edfb0f0e380467b6f8fd
US-NORTHEAST,MECHANICAL_EQUIPMENT,2023-11-01,145.997127,2019-01-01,100.0,SYNTHETIC_RESEARCH_FIXTURE,OG-SYNTH-0.3,B1-0.3,build_opus_synthetic_programme_v0_3.py@0.3,20260812,True,4250fad30e68931f53e0a34dff71ca0d8468a276037b35636c70b9183f352890
US-NORTHEAST,MECHANICAL_EQUIPMENT,2023-12-01,146.275362,2019-01-01,100.0,SYNTHETIC_RESEARCH_FIXTURE,OG-SYNTH-0.3,B1-0.3,build_opus_synthetic_programme_v0_3.py@0.3,20260812,True,90a9aff413cbc97b5f44d8fe674d66524de444091b62c52f4d288645590091af
US-NORTHEAST,MECHANICAL_EQUIPMENT,2024-01-01,147.207749,2019-01-01,100.0,SYNTHETIC_RESEARCH_FIXTURE,OG-SYNTH-0.3,B1-0.3,build_opus_synthetic_programme_v0_3.py@0.3,20260812,True,48001f071279c79dee0c6f85d17e02eabf7f0e20c1496dc6657adfa8fcd65518
US-NORTHEAST,MECHANICAL_EQUIPMENT,2024-02-01,147.987085,2019-01-01,100.0,SYNTHETIC_RESEARCH_FIXTURE,OG-SYNTH-0.3,B1-0.3,build_opus_synthetic_programme_v0_3.py@0.3,20260812,True,8ae4a313702dab000f09641fa5c83b6c0b2d8eb891b832b0361baf494fcf9e64
US-NORTHEAST,MECHANICAL_EQUIPMENT,2024-03-01,149.19838,2019-01-01,100.0,SYNTHETIC_RESEARCH_FIXTURE,OG-SYNTH-0.3,B1-0.3,build_opus_synthetic_programme_v0_3.py@0.3,20260812,True,a94a6be6a39e27cd2982a023291684bed2c69817fc0941b8b92423b117682ce8
US-NORTHEAST,MECHANICAL_EQUIPMENT,2024-04-01,150.073249,2019-01-01,100.0,SYNTHETIC_RESEARCH_FIXTURE,OG-SYNTH-0.3,B1-0.3,build_opus_synthetic_programme_v0_3.py@0.3,20260812,True,ae45144848b9fab5f326954bbb4d5c61791be0ceb15c5407e5e4e288695931c8
US-NORTHEAST,MECHANICAL_EQUIPMENT,2024-05-01,150.746624,2019-01-01,100.0,SYNTHETIC_RESEARCH_FIXTURE,OG-SYNTH-0.3,B1-0.3,build_opus_synthetic_programme_v0_3.py@0.3,20260812,True,b0f011df6d5f2448574724fbbe6b20944d82ae43080655be087f652267e77c3f
US-NORTHEAST,MECHANICAL_EQUIPMENT,2024-06-01,150.964111,2019-01-01,100.0,SYNTHETIC_RESEARCH_FIXTURE,OG-SYNTH-0.3,B1-0.3,build_opus_synthetic_programme_v0_3.py@0.3,20260812,True,6b5baa116711002347570b0cbeac33d8601b1c587c562e41a704e0d03c1ea39a
US-NORTHEAST,MECHANICAL_EQUIPMENT,2024-07-01,151.550861,2019-01-01,100.0,SYNTHETIC_RESEARCH_FIXTURE,OG-SYNTH-0.3,B1-0.3,build_opus_synthetic_programme_v0_3.py@0.3,20260812,True,f4ade5c86d705322a77dc79b4693bb83c843614cffdd6ea78f10dd58e7b823a0
US-NORTHEAST,MECHANICAL_EQUIPMENT,2024-08-01,152.775869,2019-01-01,100.0,SYNTHETIC_RESEARCH_FIXTURE,OG-SYNTH-0.3,B1-0.3,build_opus_synthetic_programme_v0_3.py@0.3,20260812,True,a045b5cad3b742ea9f7e5f43cf306af0302c5ac141e181dfb22274d1c193e8b5
US-NORTHEAST,MECHANICAL_EQUIPMENT,2024-09-01,152.620277,2019-01-01,100.0,SYNTHETIC_RESEARCH_FIXTURE,OG-SYNTH-0.3,B1-0.3,build_opus_synthetic_programme_v0_3.py@0.3,20260812,True,32dc5bfad2024b816448227bfb814ab6da7c8b9320391f38673489c9cb250320
US-NORTHEAST,MECHANICAL_EQUIPMENT,2024-10-01,153.168109,2019-01-01,100.0,SYNTHETIC_RESEARCH_FIXTURE,OG-SYNTH-0.3,B1-0.3,build_opus_synthetic_programme_v0_3.py@0.3,20260812,True,0341b422a93615b9f43d41ac0e8b6dbba5ac1e8cdd9593802b37ddc2a7331027
US-NORTHEAST,MECHANICAL_EQUIPMENT,2024-11-01,153.223241,2019-01-01,100.0,SYNTHETIC_RESEARCH_FIXTURE,OG-SYNTH-0.3,B1-0.3,build_opus_synthetic_programme_v0_3.py@0.3,20260812,True,b7004dbc997fb864d39a41afd0de473f7c6f3a5c3ad2bd6511861e9fb735bc37
US-NORTHEAST,MECHANICAL_EQUIPMENT,2024-12-01,153.681344,2019-01-01,100.0,SYNTHETIC_RESEARCH_FIXTURE,OG-SYNTH-0.3,B1-0.3,build_opus_synthetic_programme_v0_3.py@0.3,20260812,True,6f75107ef50bfe090ad3f327200cd9a31093c42cf98e1f6444f8995d5712ac67
US-NORTHEAST,MECHANICAL_EQUIPMENT,2025-01-01,154.230354,2019-01-01,100.0,SYNTHETIC_RESEARCH_FIXTURE,OG-SYNTH-0.3,B1-0.3,build_opus_synthetic_programme_v0_3.py@0.3,20260812,True,8ac72ba196a1a52222043f5c0eab5b250cfc594e549c132be517c1814ee23714
US-NORTHEAST,MECHANICAL_EQUIPMENT,2025-02-01,154.916031,2019-01-01,100.0,SYNTHETIC_RESEARCH_FIXTURE,OG-SYNTH-0.3,B1-0.3,build_opus_synthetic_programme_v0_3.py@0.3,20260812,True,290d419b4daa4920c70c2257e0cf0f37f7a2072cb9cacc755cdfc6796de03839
US-NORTHEAST,MECHANICAL_EQUIPMENT,2025-03-01,155.310603,2019-01-01,100.0,SYNTHETIC_RESEARCH_FIXTURE,OG-SYNTH-0.3,B1-0.3,build_opus_synthetic_programme_v0_3.py@0.3,20260812,True,81bb74576519fa621686ddd212ce2c4ba91c923148ac3c2ba825eab47e5a1967
US-NORTHEAST,MECHANICAL_EQUIPMENT,2025-04-01,155.767749,2019-01-01,100.0,SYNTHETIC_RESEARCH_FIXTURE,OG-SYNTH-0.3,B1-0.3,build_opus_synthetic_programme_v0_3.py@0.3,20260812,True,13d71700814a617cb64e4c87172c9c23fade6c7078e716047e3c1a6a3eb07400
US-NORTHEAST,MECHANICAL_EQUIPMENT,2025-05-01,156.294444,2019-01-01,100.0,SYNTHETIC_RESEARCH_FIXTURE,OG-SYNTH-0.3,B1-0.3,build_opus_synthetic_programme_v0_3.py@0.3,20260812,True,74aa13d5069f616bc9d1e8cb1e6a3d7df256168112383938528cafe8e34e3842
US-NORTHEAST,MECHANICAL_EQUIPMENT,2025-06-01,157.013549,2019-01-01,100.0,SYNTHETIC_RESEARCH_FIXTURE,OG-SYNTH-0.3,B1-0.3,build_opus_synthetic_programme_v0_3.py@0.3,20260812,True,3c253d31f219b576062ede4ecb15a0810576de67a0095416e5d7690ccd23e7d4
US-NORTHEAST,MECHANICAL_EQUIPMENT,2025-07-01,157.974089,2019-01-01,100.0,SYNTHETIC_RESEARCH_FIXTURE,OG-SYNTH-0.3,B1-0.3,build_opus_synthetic_programme_v0_3.py@0.3,20260812,True,575c82f8df7aab3a3ee23b2518655be4e1b95af79f21f38bab69a666a7088f04
US-NORTHEAST,MECHANICAL_EQUIPMENT,2025-08-01,157.873741,2019-01-01,100.0,SYNTHETIC_RESEARCH_FIXTURE,OG-SYNTH-0.3,B1-0.3,build_opus_synthetic_programme_v0_3.py@0.3,20260812,True,0500535efe798bac64b33f80657272e93c1719ed7fd8b19de5078773b369d4c9
US-NORTHEAST,MECHANICAL_EQUIPMENT,2025-09-01,158.294567,2019-01-01,100.0,SYNTHETIC_RESEARCH_FIXTURE,OG-SYNTH-0.3,B1-0.3,build_opus_synthetic_programme_v0_3.py@0.3,20260812,True,ab75c809c5a9fbe0457a19662897f29c95cba36045f363ea1625ba53aa4580c2
US-NORTHEAST,MECHANICAL_EQUIPMENT,2025-10-01,158.359654,2019-01-01,100.0,SYNTHETIC_RESEARCH_FIXTURE,OG-SYNTH-0.3,B1-0.3,build_opus_synthetic_programme_v0_3.py@0.3,20260812,True,9e0179094f40ae8ffbdcfa3d23a5e6bada2bdf839142089f29cf78a5e6d0e084
US-NORTHEAST,MECHANICAL_EQUIPMENT,2025-11-01,158.987844,2019-01-01,100.0,SYNTHETIC_RESEARCH_FIXTURE,OG-SYNTH-0.3,B1-0.3,build_opus_synthetic_programme_v0_3.py@0.3,20260812,True,23bcfd01bed9e997268a1bcf961ca184ff7f23af49afdb648bf6c3a726952148
US-NORTHEAST,MECHANICAL_EQUIPMENT,2025-12-01,159.533271,2019-01-01,100.0,SYNTHETIC_RESEARCH_FIXTURE,OG-SYNTH-0.3,B1-0.3,build_opus_synthetic_programme_v0_3.py@0.3,20260812,True,7e70fec58a6deb32864faec9058484560b59702ffce4974b90c3d7225421c0ff
US-NORTHEAST,MECHANICAL_EQUIPMENT,2026-01-01,159.592381,2019-01-01,100.0,SYNTHETIC_RESEARCH_FIXTURE,OG-SYNTH-0.3,B1-0.3,build_opus_synthetic_programme_v0_3.py@0.3,20260812,True,5d99fe07b1a50eada29db69c10ac72ca6bce74a88284dd6c7e8d2248653be9db
US-NORTHEAST,MECHANICAL_EQUIPMENT,2026-02-01,160.251232,2019-01-01,100.0,SYNTHETIC_RESEARCH_FIXTURE,OG-SYNTH-0.3,B1-0.3,build_opus_synthetic_programme_v0_3.py@0.3,20260812,True,edb6292407e8410304e042ea3d3e43be7806273ac4236df9778f112b8840f23a
US-NORTHEAST,MECHANICAL_EQUIPMENT,2026-03-01,160.210863,2019-01-01,100.0,SYNTHETIC_RESEARCH_FIXTURE,OG-SYNTH-0.3,B1-0.3,build_opus_synthetic_programme_v0_3.py@0.3,20260812,True,0cdbf19a6420e2e312c6fa1b49ad304999e917158a476bc9af516af5d7b1d5fb
US-NORTHEAST,MECHANICAL_EQUIPMENT,2026-04-01,160.106772,2019-01-01,100.0,SYNTHETIC_RESEARCH_FIXTURE,OG-SYNTH-0.3,B1-0.3,build_opus_synthetic_programme_v0_3.py@0.3,20260812,True,f62c20d792fe93e7e1d32eb7993be500c6ea305b32939063708864e9d7ad358b
US-NORTHEAST,MECHANICAL_EQUIPMENT,2026-05-01,160.263779,2019-01-01,100.0,SYNTHETIC_RESEARCH_FIXTURE,OG-SYNTH-0.3,B1-0.3,build_opus_synthetic_programme_v0_3.py@0.3,20260812,True,73870a110dfe16a110c6726fff67310f9eedec422b0619f7fc28bd1053059053
US-NORTHEAST,MECHANICAL_EQUIPMENT,2026-06-01,160.083503,2019-01-01,100.0,SYNTHETIC_RESEARCH_FIXTURE,OG-SYNTH-0.3,B1-0.3,build_opus_synthetic_programme_v0_3.py@0.3,20260812,True,2f1c3e96e29393c33ed03027a1867377fbdd46fd60783dda616e3988a129ad5a
US-NORTHEAST,MECHANICAL_EQUIPMENT,2026-07-01,160.371567,2019-01-01,100.0,SYNTHETIC_RESEARCH_FIXTURE,OG-SYNTH-0.3,B1-0.3,build_opus_synthetic_programme_v0_3.py@0.3,20260812,True,3cd11cf044575e32bd1104dbbbe67eb418667b5d4d300123a501f1022e9f255e
US-NORTHEAST,MECHANICAL_EQUIPMENT,2026-08-01,160.970096,2019-01-01,100.0,SYNTHETIC_RESEARCH_FIXTURE,OG-SYNTH-0.3,B1-0.3,build_opus_synthetic_programme_v0_3.py@0.3,20260812,True,124f76e2549e711fbfe193537a46bfb06542ba931bf8809682573752202bf6ac
US-NORTHEAST,MECHANICAL_EQUIPMENT,2026-09-01,161.350403,2019-01-01,100.0,SYNTHETIC_RESEARCH_FIXTURE,OG-SYNTH-0.3,B1-0.3,build_opus_synthetic_programme_v0_3.py@0.3,20260812,True,dd2517eaabd41959f19c59dcbd996a405800f19413cece5497616bbe7d0a79fe
US-NORTHEAST,MECHANICAL_EQUIPMENT,2026-10-01,161.448029,2019-01-01,100.0,SYNTHETIC_RESEARCH_FIXTURE,OG-SYNTH-0.3,B1-0.3,build_opus_synthetic_programme_v0_3.py@0.3,20260812,True,61c8194704921403132a7c0a6063c67a2329722a639e7dbf297ce9a9838f0546
US-NORTHEAST,MECHANICAL_EQUIPMENT,2026-11-01,161.718451,2019-01-01,100.0,SYNTHETIC_RESEARCH_FIXTURE,OG-SYNTH-0.3,B1-0.3,build_opus_synthetic_programme_v0_3.py@0.3,20260812,True,31cdd8b68bdc7d9d4bd765bebc0377c9c17bf7faafa59d9947d4b56e84db1db2
US-NORTHEAST,MECHANICAL_EQUIPMENT,2026-12-01,162.040222,2019-01-01,100.0,SYNTHETIC_RESEARCH_FIXTURE,OG-SYNTH-0.3,B1-0.3,build_opus_synthetic_programme_v0_3.py@0.3,20260812,True,49f6192b110557b7df8f23910d545e194663894c60a444239106192e467f0201
US-SOUTHEAST,STRUCTURAL_STEEL,2019-01-01,105.254608,2019-01-01,100.0,SYNTHETIC_RESEARCH_FIXTURE,OG-SYNTH-0.3,B1-0.3,build_opus_synthetic_programme_v0_3.py@0.3,20260812,True,e91adb448c77587afe60ade6af029096f09a1a2b3200f211064368cb614c9254
US-SOUTHEAST,STRUCTURAL_STEEL,2019-02-01,105.362921,2019-01-01,100.0,SYNTHETIC_RESEARCH_FIXTURE,OG-SYNTH-0.3,B1-0.3,build_opus_synthetic_programme_v0_3.py@0.3,20260812,True,d118c2b5438e9f7d255207a550a2fb2b57df69fb61f3549612d79a873cd88ec7
US-SOUTHEAST,STRUCTURAL_STEEL,2019-03-01,105.438913,2019-01-01,100.0,SYNTHETIC_RESEARCH_FIXTURE,OG-SYNTH-0.3,B1-0.3,build_opus_synthetic_programme_v0_3.py@0.3,20260812,True,9c4b576b73b6ab9ed9e235140535d95ea93a73dd815b8221b1cb85c1df2f635b
US-SOUTHEAST,STRUCTURAL_STEEL,2019-04-01,105.731958,2019-01-01,100.0,SYNTHETIC_RESEARCH_FIXTURE,OG-SYNTH-0.3,B1-0.3,build_opus_synthetic_programme_v0_3.py@0.3,20260812,True,983e1364cbf08eb5559ca5509605740be363590f063a7b721e261d7855551308
US-SOUTHEAST,STRUCTURAL_STEEL,2019-05-01,106.239451,2019-01-01,100.0,SYNTHETIC_RESEARCH_FIXTURE,OG-SYNTH-0.3,B1-0.3,build_opus_synthetic_programme_v0_3.py@0.3,20260812,True,5f4ce977ba5c645fa7c0ef40f70c71bdfed8b33be4eaafbbda377434b0e48382
US-SOUTHEAST,STRUCTURAL_STEEL,2019-06-01,106.452659,2019-01-01,100.0,SYNTHETIC_RESEARCH_FIXTURE,OG-SYNTH-0.3,B1-0.3,build_opus_synthetic_programme_v0_3.py@0.3,20260812,True,5e53da692bc4c885a0efaf65135807ce531c5adab208017baeccbc9904d997ba
US-SOUTHEAST,STRUCTURAL_STEEL,2019-07-01,106.919321,2019-01-01,100.0,SYNTHETIC_RESEARCH_FIXTURE,OG-SYNTH-0.3,B1-0.3,build_opus_synthetic_programme_v0_3.py@0.3,20260812,True,297b090547c007a8908fb01be5cee580f8aeb8c0f3cc12e5b9a883b2ab579587
US-SOUTHEAST,STRUCTURAL_STEEL,2019-08-01,107.366846,2019-01-01,100.0,SYNTHETIC_RESEARCH_FIXTURE,OG-SYNTH-0.3,B1-0.3,build_opus_synthetic_programme_v0_3.py@0.3,20260812,True,7e89084a7c3e646b605383e53215456a3f71f28f4439261fd3498cfa856986a3
US-SOUTHEAST,STRUCTURAL_STEEL,2019-09-01,107.238941,2019-01-01,100.0,SYNTHETIC_RESEARCH_FIXTURE,OG-SYNTH-0.3,B1-0.3,build_opus_synthetic_programme_v0_3.py@0.3,20260812,True,ea9a257d9341fefd9507f3d6c7eabef698d523b6fc410f5463114e0868997669
US-SOUTHEAST,STRUCTURAL_STEEL,2019-10-01,107.561328,2019-01-01,100.0,SYNTHETIC_RESEARCH_FIXTURE,OG-SYNTH-0.3,B1-0.3,build_opus_synthetic_programme_v0_3.py@0.3,20260812,True,b20d6ccaf4cb65eaff85b7b72e0a45f67c135fb4e39e612bced29585fb45e4e4
US-SOUTHEAST,STRUCTURAL_STEEL,2019-11-01,107.668563,2019-01-01,100.0,SYNTHETIC_RESEARCH_FIXTURE,OG-SYNTH-0.3,B1-0.3,build_opus_synthetic_programme_v0_3.py@0.3,20260812,True,303d3494e971e5bb5dbce3439673ef296fa3c3b005fd1bd2013f5113bfc89c4f
US-SOUTHEAST,STRUCTURAL_STEEL,2019-12-01,107.637089,2019-01-01,100.0,SYNTHETIC_RESEARCH_FIXTURE,OG-SYNTH-0.3,B1-0.3,build_opus_synthetic_programme_v0_3.py@0.3,20260812,True,e4bbd7deaad662cbf747912e0a6863fb74b2924e299a827194a152adf36585e4
US-SOUTHEAST,STRUCTURAL_STEEL,2020-01-01,107.982028,2019-01-01,100.0,SYNTHETIC_RESEARCH_FIXTURE,OG-SYNTH-0.3,B1-0.3,build_opus_synthetic_programme_v0_3.py@0.3,20260812,True,fd5364f086f004205cb30544dcc5c38213668365dabba4a7adda13e34e351c5a
US-SOUTHEAST,STRUCTURAL_STEEL,2020-02-01,108.188483,2019-01-01,100.0,SYNTHETIC_RESEARCH_FIXTURE,OG-SYNTH-0.3,B1-0.3,build_opus_synthetic_programme_v0_3.py@0.3,20260812,True,3620e3ee2601a95a27304b754ca610a0652ed433c3210a970490a63683128d43
US-SOUTHEAST,STRUCTURAL_STEEL,2020-03-01,108.304215,2019-01-01,100.0,SYNTHETIC_RESEARCH_FIXTURE,OG-SYNTH-0.3,B1-0.3,build_opus_synthetic_programme_v0_3.py@0.3,20260812,True,423991ba9d6d111a6008de72699d4febccf6bb40d3a06e0871370c8f4747904f
US-SOUTHEAST,STRUCTURAL_STEEL,2020-04-01,108.723311,2019-01-01,100.0,SYNTHETIC_RESEARCH_FIXTURE,OG-SYNTH-0.3,B1-0.3,build_opus_synthetic_programme_v0_3.py@0.3,20260812,True,366d7163ef13423e4d1dbc0124452c6dbeffed86322b0820f1dbd104a5bad6e9
US-SOUTHEAST,STRUCTURAL_STEEL,2020-05-01,108.884968,2019-01-01,100.0,SYNTHETIC_RESEARCH_FIXTURE,OG-SYNTH-0.3,B1-0.3,build_opus_synthetic_programme_v0_3.py@0.3,20260812,True,0750b9ec9a2ae972171999d5375bb078e3a10a97a9207e06162885c08abf8a9a
US-SOUTHEAST,STRUCTURAL_STEEL,2020-06-01,109.51196,2019-01-01,100.0,SYNTHETIC_RESEARCH_FIXTURE,OG-SYNTH-0.3,B1-0.3,build_opus_synthetic_programme_v0_3.py@0.3,20260812,True,e50f89601c1bafa6cfa0bd03a6051f3ec763edd0f5773914b8b83be2c2428633
US-SOUTHEAST,STRUCTURAL_STEEL,2020-07-01,109.785564,2019-01-01,100.0,SYNTHETIC_RESEARCH_FIXTURE,OG-SYNTH-0.3,B1-0.3,build_opus_synthetic_programme_v0_3.py@0.3,20260812,True,f3d47e5fa07e68e5c4cd8267908e3517d0218b1bde0b97e529eb27a664ea0b67
US-SOUTHEAST,STRUCTURAL_STEEL,2020-08-01,109.676443,2019-01-01,100.0,SYNTHETIC_RESEARCH_FIXTURE,OG-SYNTH-0.3,B1-0.3,build_opus_synthetic_programme_v0_3.py@0.3,20260812,True,eff04bc75f7c8e7a5fe8a1ea396cc4f17d5a79ee7f6917cb1d173fb9bcbc473d
US-SOUTHEAST,STRUCTURAL_STEEL,2020-09-01,109.66435,2019-01-01,100.0,SYNTHETIC_RESEARCH_FIXTURE,OG-SYNTH-0.3,B1-0.3,build_opus_synthetic_programme_v0_3.py@0.3,20260812,True,bd8d07c8e213173d393c6a22fcd908460044e9d54a83da0493ae595c4635e416
US-SOUTHEAST,STRUCTURAL_STEEL,2020-10-01,109.866975,2019-01-01,100.0,SYNTHETIC_RESEARCH_FIXTURE,OG-SYNTH-0.3,B1-0.3,build_opus_synthetic_programme_v0_3.py@0.3,20260812,True,f51511c145b01764468f8f6ff716bb9fdf29cb5095e7ded730df6e34ecf01ac4
US-SOUTHEAST,STRUCTURAL_STEEL,2020-11-01,110.076339,2019-01-01,100.0,SYNTHETIC_RESEARCH_FIXTURE,OG-SYNTH-0.3,B1-0.3,build_opus_synthetic_programme_v0_3.py@0.3,20260812,True,a0ff591f5117fe17c30459066b29811887e8da2e9e8138403466a54ee340cebf
US-SOUTHEAST,STRUCTURAL_STEEL,2020-12-01,110.467084,2019-01-01,100.0,SYNTHETIC_RESEARCH_FIXTURE,OG-SYNTH-0.3,B1-0.3,build_opus_synthetic_programme_v0_3.py@0.3,20260812,True,08d9d210d833637308491ace2cb6b088a66d6f16e00b506519df08b3f34cb74e
US-SOUTHEAST,STRUCTURAL_STEEL,2021-01-01,110.671083,2019-01-01,100.0,SYNTHETIC_RESEARCH_FIXTURE,OG-SYNTH-0.3,B1-0.3,build_opus_synthetic_programme_v0_3.py@0.3,20260812,True,72c5d0566f8fd06f1069f2538624aa9fdc87baedb953365830b8e2ed77bfa353
US-SOUTHEAST,STRUCTURAL_STEEL,2021-02-01,110.969573,2019-01-01,100.0,SYNTHETIC_RESEARCH_FIXTURE,OG-SYNTH-0.3,B1-0.3,build_opus_synthetic_programme_v0_3.py@0.3,20260812,True,1d04af6134274b26a84a549c3b40c2797f096c211b8bac789fc11632d7eaaac9
US-SOUTHEAST,STRUCTURAL_STEEL,2021-03-01,111.440944,2019-01-01,100.0,SYNTHETIC_RESEARCH_FIXTURE,OG-SYNTH-0.3,B1-0.3,build_opus_synthetic_programme_v0_3.py@0.3,20260812,True,74947797184f63556e979e6e33810769956aa2173f6057ca2b7e97169a6f9021
US-SOUTHEAST,STRUCTURAL_STEEL,2021-04-01,111.643036,2019-01-01,100.0,SYNTHETIC_RESEARCH_FIXTURE,OG-SYNTH-0.3,B1-0.3,build_opus_synthetic_programme_v0_3.py@0.3,20260812,True,ffd30c68d840380ae2ba365964b35eb5dbb764dd242def50c981faf3066536ef
US-SOUTHEAST,STRUCTURAL_STEEL,2021-05-01,112.972928,2019-01-01,100.0,SYNTHETIC_RESEARCH_FIXTURE,OG-SYNTH-0.3,B1-0.3,build_opus_synthetic_programme_v0_3.py@0.3,20260812,True,581a47867d4e4ffa68eb670b9a5266f463b5ac635006902adadf6e016df97bad
US-SOUTHEAST,STRUCTURAL_STEEL,2021-06-01,114.056581,2019-01-01,100.0,SYNTHETIC_RESEARCH_FIXTURE,OG-SYNTH-0.3,B1-0.3,build_opus_synthetic_programme_v0_3.py@0.3,20260812,True,29e6889a56e4dc135e7c642ff16485fb49b2e6738db8fcd4afff01fcabe3400a
US-SOUTHEAST,STRUCTURAL_STEEL,2021-07-01,115.284607,2019-01-01,100.0,SYNTHETIC_RESEARCH_FIXTURE,OG-SYNTH-0.3,B1-0.3,build_opus_synthetic_programme_v0_3.py@0.3,20260812,True,062d3e8a91d9a4c4f1a7457887085a4de5c2cc86d0d71d291af99836b15e4940
US-SOUTHEAST,STRUCTURAL_STEEL,2021-08-01,116.132169,2019-01-01,100.0,SYNTHETIC_RESEARCH_FIXTURE,OG-SYNTH-0.3,B1-0.3,build_opus_synthetic_programme_v0_3.py@0.3,20260812,True,1d85419244f7c0d51db8a7347e035e41c1a5df94c3531cc84107d13296cefe57
US-SOUTHEAST,STRUCTURAL_STEEL,2021-09-01,117.37815,2019-01-01,100.0,SYNTHETIC_RESEARCH_FIXTURE,OG-SYNTH-0.3,B1-0.3,build_opus_synthetic_programme_v0_3.py@0.3,20260812,True,4a91e5976468af6e7550be09e76067cc0730168ad126318c2d8eb775d8c21847
US-SOUTHEAST,STRUCTURAL_STEEL,2021-10-01,118.286272,2019-01-01,100.0,SYNTHETIC_RESEARCH_FIXTURE,OG-SYNTH-0.3,B1-0.3,build_opus_synthetic_programme_v0_3.py@0.3,20260812,True,1b86473a04cf6037200a0eeb79eaf4d14dde67298a64586d1fa36e045297414a
US-SOUTHEAST,STRUCTURAL_STEEL,2021-11-01,119.632783,2019-01-01,100.0,SYNTHETIC_RESEARCH_FIXTURE,OG-SYNTH-0.3,B1-0.3,build_opus_synthetic_programme_v0_3.py@0.3,20260812,True,030ee38906df2e9d295e7aee621b410e4cc42591229c79dc6bd5d1e6ada3686d
US-SOUTHEAST,STRUCTURAL_STEEL,2021-12-01,120.9061,2019-01-01,100.0,SYNTHETIC_RESEARCH_FIXTURE,OG-SYNTH-0.3,B1-0.3,build_opus_synthetic_programme_v0_3.py@0.3,20260812,True,c345a262a116e29388729ef37a7c0f143784dfdbeff6ae94dfe30bbfb7aa8f04
US-SOUTHEAST,STRUCTURAL_STEEL,2022-01-01,122.624844,2019-01-01,100.0,SYNTHETIC_RESEARCH_FIXTURE,OG-SYNTH-0.3,B1-0.3,build_opus_synthetic_programme_v0_3.py@0.3,20260812,True,26d6be92dbcbce4963bbcf6105bbe0a9889b41483d329645082fb8ad03605695
US-SOUTHEAST,STRUCTURAL_STEEL,2022-02-01,123.954008,2019-01-01,100.0,SYNTHETIC_RESEARCH_FIXTURE,OG-SYNTH-0.3,B1-0.3,build_opus_synthetic_programme_v0_3.py@0.3,20260812,True,9afcd4ca0c50da416b8024844a01b56754465be6d906b073fa4a7cdda7fc74fa
US-SOUTHEAST,STRUCTURAL_STEEL,2022-03-01,124.713739,2019-01-01,100.0,SYNTHETIC_RESEARCH_FIXTURE,OG-SYNTH-0.3,B1-0.3,build_opus_synthetic_programme_v0_3.py@0.3,20260812,True,e6ffda4219b859a56578ac2f64779bd608affc4f451a83d18876e2f6c9564f69
US-SOUTHEAST,STRUCTURAL_STEEL,2022-04-01,125.961939,2019-01-01,100.0,SYNTHETIC_RESEARCH_FIXTURE,OG-SYNTH-0.3,B1-0.3,build_opus_synthetic_programme_v0_3.py@0.3,20260812,True,dc4e19a27f62193247409c4ec95a9edfb087e532a584dfce364d8c26ad32e080
US-SOUTHEAST,STRUCTURAL_STEEL,2022-05-01,126.918992,2019-01-01,100.0,SYNTHETIC_RESEARCH_FIXTURE,OG-SYNTH-0.3,B1-0.3,build_opus_synthetic_programme_v0_3.py@0.3,20260812,True,d6dbeb1df0b42be2076fc4e59ec8b19b8362aa004e3d2fb079be845debf49701
US-SOUTHEAST,STRUCTURAL_STEEL,2022-06-01,127.487323,2019-01-01,100.0,SYNTHETIC_RESEARCH_FIXTURE,OG-SYNTH-0.3,B1-0.3,build_opus_synthetic_programme_v0_3.py@0.3,20260812,True,0a361928c45cb39c3c0edc9a4b10b49df544df1e20d9e7c09b9b70d2a71ad8f5
US-SOUTHEAST,STRUCTURAL_STEEL,2022-07-01,128.041638,2019-01-01,100.0,SYNTHETIC_RESEARCH_FIXTURE,OG-SYNTH-0.3,B1-0.3,build_opus_synthetic_programme_v0_3.py@0.3,20260812,True,a4ac4785985bc86bd9c7746217d0a13eca056e89bf8520fb64cd6e0a90c1cb7e
US-SOUTHEAST,STRUCTURAL_STEEL,2022-08-01,128.499278,2019-01-01,100.0,SYNTHETIC_RESEARCH_FIXTURE,OG-SYNTH-0.3,B1-0.3,build_opus_synthetic_programme_v0_3.py@0.3,20260812,True,9d7065e47cb83f369403034f4d4e4755438c6a760ea1ae15eb299553dde96a43
US-SOUTHEAST,STRUCTURAL_STEEL,2022-09-01,128.966889,2019-01-01,100.0,SYNTHETIC_RESEARCH_FIXTURE,OG-SYNTH-0.3,B1-0.3,build_opus_synthetic_programme_v0_3.py@0.3,20260812,True,9def750df0a0fd6d3dc1fe2df5783317aa6cd04ab417671dfe4b00060317aab6
US-SOUTHEAST,STRUCTURAL_STEEL,2022-10-01,129.608331,2019-01-01,100.0,SYNTHETIC_RESEARCH_FIXTURE,OG-SYNTH-0.3,B1-0.3,build_opus_synthetic_programme_v0_3.py@0.3,20260812,True,e329117baead3be62f727068f36668d6ff725a475cd6db156514e41ab7c70b9a
US-SOUTHEAST,STRUCTURAL_STEEL,2022-11-01,130.13289,2019-01-01,100.0,SYNTHETIC_RESEARCH_FIXTURE,OG-SYNTH-0.3,B1-0.3,build_opus_synthetic_programme_v0_3.py@0.3,20260812,True,48051d9b78926df79f082020fabd4e4bd89b768acb36e0048228707c58e2ad82
US-SOUTHEAST,STRUCTURAL_STEEL,2022-12-01,130.663995,2019-01-01,100.0,SYNTHETIC_RESEARCH_FIXTURE,OG-SYNTH-0.3,B1-0.3,build_opus_synthetic_programme_v0_3.py@0.3,20260812,True,dc256099052fc2bfa9881bc230a8a0420541f4c03a5b716ab2f7d0317981c3f1
US-SOUTHEAST,STRUCTURAL_STEEL,2023-01-01,130.980264,2019-01-01,100.0,SYNTHETIC_RESEARCH_FIXTURE,OG-SYNTH-0.3,B1-0.3,build_opus_synthetic_programme_v0_3.py@0.3,20260812,True,5434890f4094a59c324aa4317627a88c6bfa2584b1755559704e2e1fb8bf9f33
US-SOUTHEAST,STRUCTURAL_STEEL,2023-02-01,131.33736,2019-01-01,100.0,SYNTHETIC_RESEARCH_FIXTURE,OG-SYNTH-0.3,B1-0.3,build_opus_synthetic_programme_v0_3.py@0.3,20260812,True,efdd8fdcada632392e7bba89c1955cc2b4fcebf5cd6499c2867bdfbf8a737610
US-SOUTHEAST,STRUCTURAL_STEEL,2023-03-01,131.790873,2019-01-01,100.0,SYNTHETIC_RESEARCH_FIXTURE,OG-SYNTH-0.3,B1-0.3,build_opus_synthetic_programme_v0_3.py@0.3,20260812,True,9644e110a08042965b62d73d02c5ab8b14aa2f4d23a722dddc746c02821ce97b
US-SOUTHEAST,STRUCTURAL_STEEL,2023-04-01,132.205988,2019-01-01,100.0,SYNTHETIC_RESEARCH_FIXTURE,OG-SYNTH-0.3,B1-0.3,build_opus_synthetic_programme_v0_3.py@0.3,20260812,True,45f491e4a8bfc7fe7e5449c3d4922990a53e508fc15ce8e2ee4762f67bbfbd59
US-SOUTHEAST,STRUCTURAL_STEEL,2023-05-01,132.451458,2019-01-01,100.0,SYNTHETIC_RESEARCH_FIXTURE,OG-SYNTH-0.3,B1-0.3,build_opus_synthetic_programme_v0_3.py@0.3,20260812,True,baefd342396ea45d2d0862764ce6e285e92449031caf6397c9b04f1fcb160057
US-SOUTHEAST,STRUCTURAL_STEEL,2023-06-01,132.592945,2019-01-01,100.0,SYNTHETIC_RESEARCH_FIXTURE,OG-SYNTH-0.3,B1-0.3,build_opus_synthetic_programme_v0_3.py@0.3,20260812,True,0d0c36ade35c680802a8c5b34d7dcb38bec8f41a5467909d7ac78049b1226e9c
US-SOUTHEAST,STRUCTURAL_STEEL,2023-07-01,133.19232,2019-01-01,100.0,SYNTHETIC_RESEARCH_FIXTURE,OG-SYNTH-0.3,B1-0.3,build_opus_synthetic_programme_v0_3.py@0.3,20260812,True,f89bdae497eaea66aed2aa45836a066d2f5d0a2bff7ffd3b14c50eabbc4af0f4
US-SOUTHEAST,STRUCTURAL_STEEL,2023-08-01,133.18786,2019-01-01,100.0,SYNTHETIC_RESEARCH_FIXTURE,OG-SYNTH-0.3,B1-0.3,build_opus_synthetic_programme_v0_3.py@0.3,20260812,True,5044ba0a2b1b403bee59cc4b43b72d5defb9ab9560d02459d2666b243119a3f2
US-SOUTHEAST,STRUCTURAL_STEEL,2023-09-01,133.34376,2019-01-01,100.0,SYNTHETIC_RESEARCH_FIXTURE,OG-SYNTH-0.3,B1-0.3,build_opus_synthetic_programme_v0_3.py@0.3,20260812,True,6d7e1ac1d541c222d83e30d5c93a3c03dd7917d9fcf271825f24ca7e80c774f3
US-SOUTHEAST,STRUCTURAL_STEEL,2023-10-01,133.58288,2019-01-01,100.0,SYNTHETIC_RESEARCH_FIXTURE,OG-SYNTH-0.3,B1-0.3,build_opus_synthetic_programme_v0_3.py@0.3,20260812,True,cb4be285acabdcfead74792cf75fdcc3578aa02e4e05a21a7d964e3d6538637a
US-SOUTHEAST,STRUCTURAL_STEEL,2023-11-01,133.777041,2019-01-01,100.0,SYNTHETIC_RESEARCH_FIXTURE,OG-SYNTH-0.3,B1-0.3,build_opus_synthetic_programme_v0_3.py@0.3,20260812,True,bc0b770d0ed726b283a3920352d0b6596b1565078491aec871132baa91d06f44
US-SOUTHEAST,STRUCTURAL_STEEL,2023-12-01,134.148516,2019-01-01,100.0,SYNTHETIC_RESEARCH_FIXTURE,OG-SYNTH-0.3,B1-0.3,build_opus_synthetic_programme_v0_3.py@0.3,20260812,True,f5ba5873e84bf82b52388f85880693db1cabc5e9dcee28f264604583234c1c5c
US-SOUTHEAST,STRUCTURAL_STEEL,2024-01-01,134.486087,2019-01-01,100.0,SYNTHETIC_RESEARCH_FIXTURE,OG-SYNTH-0.3,B1-0.3,build_opus_synthetic_programme_v0_3.py@0.3,20260812,True,994041f3d480113e3a2bc4a1517c7f98935b839f175c653dd84dde39e291488d
US-SOUTHEAST,STRUCTURAL_STEEL,2024-02-01,135.275826,2019-01-01,100.0,SYNTHETIC_RESEARCH_FIXTURE,OG-SYNTH-0.3,B1-0.3,build_opus_synthetic_programme_v0_3.py@0.3,20260812,True,6592fcdd8cb4b2d79c63a331569e72032d3d996ee0a021110153ce655d047cc6
US-SOUTHEAST,STRUCTURAL_STEEL,2024-03-01,136.311709,2019-01-01,100.0,SYNTHETIC_RESEARCH_FIXTURE,OG-SYNTH-0.3,B1-0.3,build_opus_synthetic_programme_v0_3.py@0.3,20260812,True,d8bd62c0dad0663e4c05708b3d4ef6262afd4fef7ac21fc28376b6d915f5347c
US-SOUTHEAST,STRUCTURAL_STEEL,2024-04-01,136.842168,2019-01-01,100.0,SYNTHETIC_RESEARCH_FIXTURE,OG-SYNTH-0.3,B1-0.3,build_opus_synthetic_programme_v0_3.py@0.3,20260812,True,78aa547ad4a0ccbf8dc347d2c610e71715502ff20b67f3851b08150f5ea8e85b
US-SOUTHEAST,STRUCTURAL_STEEL,2024-05-01,137.612201,2019-01-01,100.0,SYNTHETIC_RESEARCH_FIXTURE,OG-SYNTH-0.3,B1-0.3,build_opus_synthetic_programme_v0_3.py@0.3,20260812,True,17630c22f7df14635bcf735d8346deff590be2dc3833529c0ff719b792bef0da
US-SOUTHEAST,STRUCTURAL_STEEL,2024-06-01,138.666715,2019-01-01,100.0,SYNTHETIC_RESEARCH_FIXTURE,OG-SYNTH-0.3,B1-0.3,build_opus_synthetic_programme_v0_3.py@0.3,20260812,True,56ef579303d594ed547c22feb0a69a7ff7d0d665ca82e869fc7462383e96ca7f
US-SOUTHEAST,STRUCTURAL_STEEL,2024-07-01,139.703667,2019-01-01,100.0,SYNTHETIC_RESEARCH_FIXTURE,OG-SYNTH-0.3,B1-0.3,build_opus_synthetic_programme_v0_3.py@0.3,20260812,True,598ec5ace5f88aa61b87996b33c494fc958a7aa70a48d3a22e8d4180a7ba0669
US-SOUTHEAST,STRUCTURAL_STEEL,2024-08-01,140.717146,2019-01-01,100.0,SYNTHETIC_RESEARCH_FIXTURE,OG-SYNTH-0.3,B1-0.3,build_opus_synthetic_programme_v0_3.py@0.3,20260812,True,3e08415321c1e4b3282b268072c5c408ee03585f53cd444a2c0c5eee5fe2091f
US-SOUTHEAST,STRUCTURAL_STEEL,2024-09-01,140.937575,2019-01-01,100.0,SYNTHETIC_RESEARCH_FIXTURE,OG-SYNTH-0.3,B1-0.3,build_opus_synthetic_programme_v0_3.py@0.3,20260812,True,f0a04165ece6d27ec9ea913d10bda5cb2767dd1f5e8d7e8d3dac51b9e2d1be53
US-SOUTHEAST,STRUCTURAL_STEEL,2024-10-01,141.274616,2019-01-01,100.0,SYNTHETIC_RESEARCH_FIXTURE,OG-SYNTH-0.3,B1-0.3,build_opus_synthetic_programme_v0_3.py@0.3,20260812,True,ec99009e435f32f685027580b1aa31f26c762e5716d4bfd50fccbc66532b0a20
US-SOUTHEAST,STRUCTURAL_STEEL,2024-11-01,141.268889,2019-01-01,100.0,SYNTHETIC_RESEARCH_FIXTURE,OG-SYNTH-0.3,B1-0.3,build_opus_synthetic_programme_v0_3.py@0.3,20260812,True,ed90529e319e0247421e24c727be4e7e4dac05fd506a6584867b9c5ea0099642
US-SOUTHEAST,STRUCTURAL_STEEL,2024-12-01,141.810265,2019-01-01,100.0,SYNTHETIC_RESEARCH_FIXTURE,OG-SYNTH-0.3,B1-0.3,build_opus_synthetic_programme_v0_3.py@0.3,20260812,True,7dbcdee5321735e66fd9de5f38567924ed00270b080d928e5e8afe8ea7bfd5de
US-SOUTHEAST,STRUCTURAL_STEEL,2025-01-01,142.509915,2019-01-01,100.0,SYNTHETIC_RESEARCH_FIXTURE,OG-SYNTH-0.3,B1-0.3,build_opus_synthetic_programme_v0_3.py@0.3,20260812,True,dbe9947291d296c0c03385e24a7cc435faced6b197de73a75a820ae181bc7be3
US-SOUTHEAST,STRUCTURAL_STEEL,2025-02-01,143.001406,2019-01-01,100.0,SYNTHETIC_RESEARCH_FIXTURE,OG-SYNTH-0.3,B1-0.3,build_opus_synthetic_programme_v0_3.py@0.3,20260812,True,e576a9a772cbb2abe56993fd58649e7da4cf4dcfd58d08616cfcbe74f1dbb692
US-SOUTHEAST,STRUCTURAL_STEEL,2025-03-01,143.479148,2019-01-01,100.0,SYNTHETIC_RESEARCH_FIXTURE,OG-SYNTH-0.3,B1-0.3,build_opus_synthetic_programme_v0_3.py@0.3,20260812,True,f207f7c0d45a05f6de0e6f1c1f2cc5adf6e20928a65634924d870a3e590f53bd
US-SOUTHEAST,STRUCTURAL_STEEL,2025-04-01,143.605207,2019-01-01,100.0,SYNTHETIC_RESEARCH_FIXTURE,OG-SYNTH-0.3,B1-0.3,build_opus_synthetic_programme_v0_3.py@0.3,20260812,True,cd691a8fc3d33fe822ad7c6a8183565016a5a046c12483bfd8bd2ef1fafcafd2
US-SOUTHEAST,STRUCTURAL_STEEL,2025-05-01,143.664408,2019-01-01,100.0,SYNTHETIC_RESEARCH_FIXTURE,OG-SYNTH-0.3,B1-0.3,build_opus_synthetic_programme_v0_3.py@0.3,20260812,True,60b02d313315b9868d4f25fc0a13e2746888dbe27a3a75641d9e113ed92311df
US-SOUTHEAST,STRUCTURAL_STEEL,2025-06-01,143.876818,2019-01-01,100.0,SYNTHETIC_RESEARCH_FIXTURE,OG-SYNTH-0.3,B1-0.3,build_opus_synthetic_programme_v0_3.py@0.3,20260812,True,203c2a38931439b0d7a0a18289df38b43a3f6cd1f5cf9946268f07a7e6c206aa
US-SOUTHEAST,STRUCTURAL_STEEL,2025-07-01,144.380548,2019-01-01,100.0,SYNTHETIC_RESEARCH_FIXTURE,OG-SYNTH-0.3,B1-0.3,build_opus_synthetic_programme_v0_3.py@0.3,20260812,True,f575d14f6e291cc964f35df045cc4ea57613c7788d847f120188aeebbcea8d80
US-SOUTHEAST,STRUCTURAL_STEEL,2025-08-01,144.328772,2019-01-01,100.0,SYNTHETIC_RESEARCH_FIXTURE,OG-SYNTH-0.3,B1-0.3,build_opus_synthetic_programme_v0_3.py@0.3,20260812,True,2c2ea3941144174dc67352372521c7ed41794f2d0e22670fc50ab8c2721a519b
US-SOUTHEAST,STRUCTURAL_STEEL,2025-09-01,144.874593,2019-01-01,100.0,SYNTHETIC_RESEARCH_FIXTURE,OG-SYNTH-0.3,B1-0.3,build_opus_synthetic_programme_v0_3.py@0.3,20260812,True,b2cff0706a2a3659701be624b7f8e25e4b385a85c587fcdab14cfbdc6c6b1999
US-SOUTHEAST,STRUCTURAL_STEEL,2025-10-01,145.137868,2019-01-01,100.0,SYNTHETIC_RESEARCH_FIXTURE,OG-SYNTH-0.3,B1-0.3,build_opus_synthetic_programme_v0_3.py@0.3,20260812,True,708e27431dca1781dbf5b4866d4afbbc4ff601a28cb7a286c2cb819410a2e519
US-SOUTHEAST,STRUCTURAL_STEEL,2025-11-01,145.515496,2019-01-01,100.0,SYNTHETIC_RESEARCH_FIXTURE,OG-SYNTH-0.3,B1-0.3,build_opus_synthetic_programme_v0_3.py@0.3,20260812,True,28edc150a2cbe985f7585971bf99a2d85443c15e82e61ad2a71e4cac737cebf9
US-SOUTHEAST,STRUCTURAL_STEEL,2025-12-01,145.367213,2019-01-01,100.0,SYNTHETIC_RESEARCH_FIXTURE,OG-SYNTH-0.3,B1-0.3,build_opus_synthetic_programme_v0_3.py@0.3,20260812,True,80030e77af8c261ffb838ccce47785e8ed27e8084b194c01a3ce396f40c7eb43
US-SOUTHEAST,STRUCTURAL_STEEL,2026-01-01,145.475733,2019-01-01,100.0,SYNTHETIC_RESEARCH_FIXTURE,OG-SYNTH-0.3,B1-0.3,build_opus_synthetic_programme_v0_3.py@0.3,20260812,True,3cc8103e4b654661ce2b9da7b9a70641c578166d31cd4671a2950e88437fd7e5
US-SOUTHEAST,STRUCTURAL_STEEL,2026-02-01,146.001942,2019-01-01,100.0,SYNTHETIC_RESEARCH_FIXTURE,OG-SYNTH-0.3,B1-0.3,build_opus_synthetic_programme_v0_3.py@0.3,20260812,True,b6059f39e8247ac6322789b6e9e37545aae27d678c76f1a6e3a1cdecf1ba5023
US-SOUTHEAST,STRUCTURAL_STEEL,2026-03-01,146.574803,2019-01-01,100.0,SYNTHETIC_RESEARCH_FIXTURE,OG-SYNTH-0.3,B1-0.3,build_opus_synthetic_programme_v0_3.py@0.3,20260812,True,a118982f8f4132792c49b48b9e94bdfc7badda1e2a9200d4210854628c6b41f8
US-SOUTHEAST,STRUCTURAL_STEEL,2026-04-01,146.699016,2019-01-01,100.0,SYNTHETIC_RESEARCH_FIXTURE,OG-SYNTH-0.3,B1-0.3,build_opus_synthetic_programme_v0_3.py@0.3,20260812,True,5444fc3f58ef62eec53e3734a0f0442e4637ddcdf4bdda2a3e82220cc09f8c3f
US-SOUTHEAST,STRUCTURAL_STEEL,2026-05-01,146.522864,2019-01-01,100.0,SYNTHETIC_RESEARCH_FIXTURE,OG-SYNTH-0.3,B1-0.3,build_opus_synthetic_programme_v0_3.py@0.3,20260812,True,f2c724d95bc078f203afd14a76ea252492f522a5c90fcc0316efa1044e384f9d
US-SOUTHEAST,STRUCTURAL_STEEL,2026-06-01,146.835789,2019-01-01,100.0,SYNTHETIC_RESEARCH_FIXTURE,OG-SYNTH-0.3,B1-0.3,build_opus_synthetic_programme_v0_3.py@0.3,20260812,True,e15f2fac9142095c06b570288a40bdf63120cf85890a49da5f8ff1111c4f07bf
US-SOUTHEAST,STRUCTURAL_STEEL,2026-07-01,147.173537,2019-01-01,100.0,SYNTHETIC_RESEARCH_FIXTURE,OG-SYNTH-0.3,B1-0.3,build_opus_synthetic_programme_v0_3.py@0.3,20260812,True,d8e595ed14faee4619d96bab2357c7fb45cee2f273cf0fe95233a845cc78cb37
US-SOUTHEAST,STRUCTURAL_STEEL,2026-08-01,147.037711,2019-01-01,100.0,SYNTHETIC_RESEARCH_FIXTURE,OG-SYNTH-0.3,B1-0.3,build_opus_synthetic_programme_v0_3.py@0.3,20260812,True,b5d2cbbe8b39de046e2d9b0a3e3f9673e0e9fc7d61cbe611c9bbbf35a1673d45
US-SOUTHEAST,STRUCTURAL_STEEL,2026-09-01,147.250499,2019-01-01,100.0,SYNTHETIC_RESEARCH_FIXTURE,OG-SYNTH-0.3,B1-0.3,build_opus_synthetic_programme_v0_3.py@0.3,20260812,True,c1cd857e939dd4f4ecf4b1e8448b7290d659431031c468e447ba798a9becc13a
US-SOUTHEAST,STRUCTURAL_STEEL,2026-10-01,147.590485,2019-01-01,100.0,SYNTHETIC_RESEARCH_FIXTURE,OG-SYNTH-0.3,B1-0.3,build_opus_synthetic_programme_v0_3.py@0.3,20260812,True,cc8f4d0a3832106f633c7104e5238c923287d0d7b52b29501a387ec22aac519b
US-SOUTHEAST,STRUCTURAL_STEEL,2026-11-01,147.867522,2019-01-01,100.0,SYNTHETIC_RESEARCH_FIXTURE,OG-SYNTH-0.3,B1-0.3,build_opus_synthetic_programme_v0_3.py@0.3,20260812,True,7d6f9fc932e99de4149c7f81bb912e327445b3ac1c7e2dc68d9a9788692c8acb
US-SOUTHEAST,STRUCTURAL_STEEL,2026-12-01,148.452106,2019-01-01,100.0,SYNTHETIC_RESEARCH_FIXTURE,OG-SYNTH-0.3,B1-0.3,build_opus_synthetic_programme_v0_3.py@0.3,20260812,True,7cb2118ce5e2d0d29bef9f7c6836547896d395f4e9d30a75cbaab7a65de6602a
US-SOUTHEAST,CONCRETE,2019-01-01,107.444095,2019-01-01,100.0,SYNTHETIC_RESEARCH_FIXTURE,OG-SYNTH-0.3,B1-0.3,build_opus_synthetic_programme_v0_3.py@0.3,20260812,True,b3462f462bf15cfcb2c1e5b3afe1eaeb21dc46d73f07bb39fa2006133ad39d73
US-SOUTHEAST,CONCRETE,2019-02-01,107.392316,2019-01-01,100.0,SYNTHETIC_RESEARCH_FIXTURE,OG-SYNTH-0.3,B1-0.3,build_opus_synthetic_programme_v0_3.py@0.3,20260812,True,b5102ff181bd1c8c17674c270042baa1a83353dfbe61aa59df75f1a6c4efad74
US-SOUTHEAST,CONCRETE,2019-03-01,107.574937,2019-01-01,100.0,SYNTHETIC_RESEARCH_FIXTURE,OG-SYNTH-0.3,B1-0.3,build_opus_synthetic_programme_v0_3.py@0.3,20260812,True,5fcb72ab81924feb6eb9097892a9cfeab7f263d9489ca017c4adaa0eba60463f
US-SOUTHEAST,CONCRETE,2019-04-01,107.584778,2019-01-01,100.0,SYNTHETIC_RESEARCH_FIXTURE,OG-SYNTH-0.3,B1-0.3,build_opus_synthetic_programme_v0_3.py@0.3,20260812,True,f1eb4f4d5450a176894fb54d69eff6feb0555f1007761d328b91e2bb777d4cbf
US-SOUTHEAST,CONCRETE,2019-05-01,107.963946,2019-01-01,100.0,SYNTHETIC_RESEARCH_FIXTURE,OG-SYNTH-0.3,B1-0.3,build_opus_synthetic_programme_v0_3.py@0.3,20260812,True,64413a920aca661a52421ed981a996792f31cd5b81fd485fdfc2f10d13518b51
US-SOUTHEAST,CONCRETE,2019-06-01,108.173317,2019-01-01,100.0,SYNTHETIC_RESEARCH_FIXTURE,OG-SYNTH-0.3,B1-0.3,build_opus_synthetic_programme_v0_3.py@0.3,20260812,True,e790a3c5cda8c15fc3c21362297a544206f0283d2323ddd7dd411ef225de5022
US-SOUTHEAST,CONCRETE,2019-07-01,108.282706,2019-01-01,100.0,SYNTHETIC_RESEARCH_FIXTURE,OG-SYNTH-0.3,B1-0.3,build_opus_synthetic_programme_v0_3.py@0.3,20260812,True,7e1c5db7fcebe68cfae55e85878c1a1bf237e8e8b93f988bd31673cec2f9cb48
US-SOUTHEAST,CONCRETE,2019-08-01,108.727062,2019-01-01,100.0,SYNTHETIC_RESEARCH_FIXTURE,OG-SYNTH-0.3,B1-0.3,build_opus_synthetic_programme_v0_3.py@0.3,20260812,True,8cec7580bd0337d1d7f25878741d70b8fce14d4c9709ceb2748f7692683a634b
US-SOUTHEAST,CONCRETE,2019-09-01,108.532372,2019-01-01,100.0,SYNTHETIC_RESEARCH_FIXTURE,OG-SYNTH-0.3,B1-0.3,build_opus_synthetic_programme_v0_3.py@0.3,20260812,True,90db7fda24fd985491a38caaec637101c9358c4a122a6f63d1aec165cfef847d
US-SOUTHEAST,CONCRETE,2019-10-01,108.522182,2019-01-01,100.0,SYNTHETIC_RESEARCH_FIXTURE,OG-SYNTH-0.3,B1-0.3,build_opus_synthetic_programme_v0_3.py@0.3,20260812,True,d4aaaf714d9dc1fc5a0f652de8cc9feffeb46bfd76811e004276fd3c637c60fd
US-SOUTHEAST,CONCRETE,2019-11-01,108.724743,2019-01-01,100.0,SYNTHETIC_RESEARCH_FIXTURE,OG-SYNTH-0.3,B1-0.3,build_opus_synthetic_programme_v0_3.py@0.3,20260812,True,cb1e1bcf9811288e6583f65b046eb3dc6b7794a8a18af1b51b5b94133b14bf51
US-SOUTHEAST,CONCRETE,2019-12-01,109.122214,2019-01-01,100.0,SYNTHETIC_RESEARCH_FIXTURE,OG-SYNTH-0.3,B1-0.3,build_opus_synthetic_programme_v0_3.py@0.3,20260812,True,2bd166786bd0e052c84a82127e1fb316c6ad4c2c96a892592cc24efea25d63a4
US-SOUTHEAST,CONCRETE,2020-01-01,109.498357,2019-01-01,100.0,SYNTHETIC_RESEARCH_FIXTURE,OG-SYNTH-0.3,B1-0.3,build_opus_synthetic_programme_v0_3.py@0.3,20260812,True,9f71439d65dce77b724afbf656101529aeb12817c16ffecdb2c02e5cca1a6eb2
US-SOUTHEAST,CONCRETE,2020-02-01,109.962068,2019-01-01,100.0,SYNTHETIC_RESEARCH_FIXTURE,OG-SYNTH-0.3,B1-0.3,build_opus_synthetic_programme_v0_3.py@0.3,20260812,True,8308ae5b57225da57df35140340b42da3c08631ef04b825e110b7b873d907123
US-SOUTHEAST,CONCRETE,2020-03-01,110.193963,2019-01-01,100.0,SYNTHETIC_RESEARCH_FIXTURE,OG-SYNTH-0.3,B1-0.3,build_opus_synthetic_programme_v0_3.py@0.3,20260812,True,5a78bca86ec364866c08ae951cb253d44f213f367874efa12d3e2b2fafd8591e
US-SOUTHEAST,CONCRETE,2020-04-01,110.571367,2019-01-01,100.0,SYNTHETIC_RESEARCH_FIXTURE,OG-SYNTH-0.3,B1-0.3,build_opus_synthetic_programme_v0_3.py@0.3,20260812,True,7a5c68105a26b72ead582af1a9433655c4290bf59d8d4a3045ba38be29ccc3a1
US-SOUTHEAST,CONCRETE,2020-05-01,111.117487,2019-01-01,100.0,SYNTHETIC_RESEARCH_FIXTURE,OG-SYNTH-0.3,B1-0.3,build_opus_synthetic_programme_v0_3.py@0.3,20260812,True,b1b5de253456f2c45f84b125a96fc2ff4f8d8309d9255d4c1cda1a90bcb50aa2
US-SOUTHEAST,CONCRETE,2020-06-01,111.655774,2019-01-01,100.0,SYNTHETIC_RESEARCH_FIXTURE,OG-SYNTH-0.3,B1-0.3,build_opus_synthetic_programme_v0_3.py@0.3,20260812,True,c85ff9e436147a5ea1df5f4f2dfc2635f7d76f5cd6b1ec3f4bbb7383ca7c1cf4
US-SOUTHEAST,CONCRETE,2020-07-01,111.922722,2019-01-01,100.0,SYNTHETIC_RESEARCH_FIXTURE,OG-SYNTH-0.3,B1-0.3,build_opus_synthetic_programme_v0_3.py@0.3,20260812,True,e1bae68f76d54cf78a884eba3a0e480a18addd2da7e755d82140d0159bcc20a0
US-SOUTHEAST,CONCRETE,2020-08-01,112.37842,2019-01-01,100.0,SYNTHETIC_RESEARCH_FIXTURE,OG-SYNTH-0.3,B1-0.3,build_opus_synthetic_programme_v0_3.py@0.3,20260812,True,10b743f868b9ad71538620c27087dbcf352583b32f728d384b4e4e72b8350379
US-SOUTHEAST,CONCRETE,2020-09-01,112.355892,2019-01-01,100.0,SYNTHETIC_RESEARCH_FIXTURE,OG-SYNTH-0.3,B1-0.3,build_opus_synthetic_programme_v0_3.py@0.3,20260812,True,95af8f33a7a5a079468738bd91a59a63764352ed8b58c04db42e4659daeb6fee
US-SOUTHEAST,CONCRETE,2020-10-01,112.880739,2019-01-01,100.0,SYNTHETIC_RESEARCH_FIXTURE,OG-SYNTH-0.3,B1-0.3,build_opus_synthetic_programme_v0_3.py@0.3,20260812,True,9e544d1914ffe50164eeee002312585984419c475f9734c09ffcf80a541658c9
US-SOUTHEAST,CONCRETE,2020-11-01,113.326255,2019-01-01,100.0,SYNTHETIC_RESEARCH_FIXTURE,OG-SYNTH-0.3,B1-0.3,build_opus_synthetic_programme_v0_3.py@0.3,20260812,True,b4be3dfe1e32a731b583bd539f35f8e58809b0a61e17eb5a18976d5b8701a427
US-SOUTHEAST,CONCRETE,2020-12-01,113.317209,2019-01-01,100.0,SYNTHETIC_RESEARCH_FIXTURE,OG-SYNTH-0.3,B1-0.3,build_opus_synthetic_programme_v0_3.py@0.3,20260812,True,8e241d1261e6b3c237ee45b7230e330887e5f5241065703a59e9e3b72a90da57
US-SOUTHEAST,CONCRETE,2021-01-01,113.615699,2019-01-01,100.0,SYNTHETIC_RESEARCH_FIXTURE,OG-SYNTH-0.3,B1-0.3,build_opus_synthetic_programme_v0_3.py@0.3,20260812,True,0c3e47dd13ff8ca86cdf8faa65d17746fdd61cee6170776d53cf819ce5983283
US-SOUTHEAST,CONCRETE,2021-02-01,113.926944,2019-01-01,100.0,SYNTHETIC_RESEARCH_FIXTURE,OG-SYNTH-0.3,B1-0.3,build_opus_synthetic_programme_v0_3.py@0.3,20260812,True,d553e5956ae62352030803d244775ea3c3cdd2665a397823b496bb8d0e92075c
US-SOUTHEAST,CONCRETE,2021-03-01,114.252006,2019-01-01,100.0,SYNTHETIC_RESEARCH_FIXTURE,OG-SYNTH-0.3,B1-0.3,build_opus_synthetic_programme_v0_3.py@0.3,20260812,True,a80ae10aed34ea435d13613b27cea3e1fbea3ef8eb21e9cfb5fff608f28a0862
US-SOUTHEAST,CONCRETE,2021-04-01,114.584991,2019-01-01,100.0,SYNTHETIC_RESEARCH_FIXTURE,OG-SYNTH-0.3,B1-0.3,build_opus_synthetic_programme_v0_3.py@0.3,20260812,True,b3641af4ef6b47c44950e5a94de9af3710af1a444020344066af632d1f2b5032
US-SOUTHEAST,CONCRETE,2021-05-01,115.867721,2019-01-01,100.0,SYNTHETIC_RESEARCH_FIXTURE,OG-SYNTH-0.3,B1-0.3,build_opus_synthetic_programme_v0_3.py@0.3,20260812,True,8feb7c1dda0d37e0e4d45699e4fdaac9b6c395938042307451d9e434c8827f55
US-SOUTHEAST,CONCRETE,2021-06-01,117.547164,2019-01-01,100.0,SYNTHETIC_RESEARCH_FIXTURE,OG-SYNTH-0.3,B1-0.3,build_opus_synthetic_programme_v0_3.py@0.3,20260812,True,711071ff53649419a38e4f81f12fa89494ef03d6b9e020dc2510d5fad980d10a
US-SOUTHEAST,CONCRETE,2021-07-01,118.989787,2019-01-01,100.0,SYNTHETIC_RESEARCH_FIXTURE,OG-SYNTH-0.3,B1-0.3,build_opus_synthetic_programme_v0_3.py@0.3,20260812,True,00f2c101b93f2b32efba8760de659343e9d46c64d5482581c6bd10512b5a7108
US-SOUTHEAST,CONCRETE,2021-08-01,120.822665,2019-01-01,100.0,SYNTHETIC_RESEARCH_FIXTURE,OG-SYNTH-0.3,B1-0.3,build_opus_synthetic_programme_v0_3.py@0.3,20260812,True,84b4ae02e7d6cc05394f619b4443d39bf41e28f4dbc6d9d6ce02c75efdae2e55
US-SOUTHEAST,CONCRETE,2021-09-01,122.415536,2019-01-01,100.0,SYNTHETIC_RESEARCH_FIXTURE,OG-SYNTH-0.3,B1-0.3,build_opus_synthetic_programme_v0_3.py@0.3,20260812,True,ff0b9a181ab2ff3cb408826a192b3fc060b11b4c1dd1d55ac91ebc9567dae1e1
US-SOUTHEAST,CONCRETE,2021-10-01,123.673862,2019-01-01,100.0,SYNTHETIC_RESEARCH_FIXTURE,OG-SYNTH-0.3,B1-0.3,build_opus_synthetic_programme_v0_3.py@0.3,20260812,True,de0ce5e596918a65ef09471f1c5a1515a4e8c79ebc27031e0bcc2640b6253bfb
US-SOUTHEAST,CONCRETE,2021-11-01,125.034067,2019-01-01,100.0,SYNTHETIC_RESEARCH_FIXTURE,OG-SYNTH-0.3,B1-0.3,build_opus_synthetic_programme_v0_3.py@0.3,20260812,True,97232ad9e23a07d500c5d7d9e68cb11cb0d168cb93a29f029df490fa5fb47a7d
US-SOUTHEAST,CONCRETE,2021-12-01,126.49126,2019-01-01,100.0,SYNTHETIC_RESEARCH_FIXTURE,OG-SYNTH-0.3,B1-0.3,build_opus_synthetic_programme_v0_3.py@0.3,20260812,True,bfd18a7eff203eeb8f38bb8bc3a9d929282bca6ebc5b4bfa9c4be5bfe04652de
US-SOUTHEAST,CONCRETE,2022-01-01,128.323162,2019-01-01,100.0,SYNTHETIC_RESEARCH_FIXTURE,OG-SYNTH-0.3,B1-0.3,build_opus_synthetic_programme_v0_3.py@0.3,20260812,True,6a455570eb3bc48a47783420e6daab50a2eb72b458652f102aad58d8518c31f4
US-SOUTHEAST,CONCRETE,2022-02-01,129.842034,2019-01-01,100.0,SYNTHETIC_RESEARCH_FIXTURE,OG-SYNTH-0.3,B1-0.3,build_opus_synthetic_programme_v0_3.py@0.3,20260812,True,538a1830725545c58db8af0ae4ca4e281a26e7f8e23bc567fe2f5a3f5b01fcaa
US-SOUTHEAST,CONCRETE,2022-03-01,131.368794,2019-01-01,100.0,SYNTHETIC_RESEARCH_FIXTURE,OG-SYNTH-0.3,B1-0.3,build_opus_synthetic_programme_v0_3.py@0.3,20260812,True,b7c4676866123c2070ba1c02fa54c17d06cbf9010a00d8f05fcffa02d4b349b3
US-SOUTHEAST,CONCRETE,2022-04-01,132.575082,2019-01-01,100.0,SYNTHETIC_RESEARCH_FIXTURE,OG-SYNTH-0.3,B1-0.3,build_opus_synthetic_programme_v0_3.py@0.3,20260812,True,19c381808c30c16ff9816bb6f58beedce1200cb52516138d8cf46d8cf100e4ea
US-SOUTHEAST,CONCRETE,2022-05-01,134.386198,2019-01-01,100.0,SYNTHETIC_RESEARCH_FIXTURE,OG-SYNTH-0.3,B1-0.3,build_opus_synthetic_programme_v0_3.py@0.3,20260812,True,614ab72fc77e7725e23474c6e35759bc7c63264acf72d0c34056537c5a40feed
US-SOUTHEAST,CONCRETE,2022-06-01,134.429899,2019-01-01,100.0,SYNTHETIC_RESEARCH_FIXTURE,OG-SYNTH-0.3,B1-0.3,build_opus_synthetic_programme_v0_3.py@0.3,20260812,True,e3610dcb39468bf74e677c53745f02ad2cf24ae379dcc9bed398a69283eaf0d3
US-SOUTHEAST,CONCRETE,2022-07-01,134.444741,2019-01-01,100.0,SYNTHETIC_RESEARCH_FIXTURE,OG-SYNTH-0.3,B1-0.3,build_opus_synthetic_programme_v0_3.py@0.3,20260812,True,849aff2ae8d19c3549d5075ce6492c8f4a90f37db7992facbce8411b4801625c
US-SOUTHEAST,CONCRETE,2022-08-01,134.892495,2019-01-01,100.0,SYNTHETIC_RESEARCH_FIXTURE,OG-SYNTH-0.3,B1-0.3,build_opus_synthetic_programme_v0_3.py@0.3,20260812,True,7cb7ee75f788b48c9392390833ddc316deac704eab239991468954a8d1d1968f
US-SOUTHEAST,CONCRETE,2022-09-01,135.443932,2019-01-01,100.0,SYNTHETIC_RESEARCH_FIXTURE,OG-SYNTH-0.3,B1-0.3,build_opus_synthetic_programme_v0_3.py@0.3,20260812,True,da90f755a28324da8f0e97b9bf4da0891e863a6aec58f4df8ce37b96b54756ff
US-SOUTHEAST,CONCRETE,2022-10-01,135.797025,2019-01-01,100.0,SYNTHETIC_RESEARCH_FIXTURE,OG-SYNTH-0.3,B1-0.3,build_opus_synthetic_programme_v0_3.py@0.3,20260812,True,d7ac6e0352725fc4a027279f5a738c8c649cfa91cfc7bbf57d821e8da22acbcf
US-SOUTHEAST,CONCRETE,2022-11-01,135.762885,2019-01-01,100.0,SYNTHETIC_RESEARCH_FIXTURE,OG-SYNTH-0.3,B1-0.3,build_opus_synthetic_programme_v0_3.py@0.3,20260812,True,ddfb5f0f0e9809d4cc12ddce7ca84ac30ae82924241aab9363e3ff975cbf9105
US-SOUTHEAST,CONCRETE,2022-12-01,135.921742,2019-01-01,100.0,SYNTHETIC_RESEARCH_FIXTURE,OG-SYNTH-0.3,B1-0.3,build_opus_synthetic_programme_v0_3.py@0.3,20260812,True,265aeccdca81519c869448b46f22b48abd3256a1e3ec74e39f6ea89a89e7de4d
US-SOUTHEAST,CONCRETE,2023-01-01,136.095324,2019-01-01,100.0,SYNTHETIC_RESEARCH_FIXTURE,OG-SYNTH-0.3,B1-0.3,build_opus_synthetic_programme_v0_3.py@0.3,20260812,True,e369c8b88ca5a02bb32f9848a8631d24dd9e51c9deb2248e626506d3374172da
US-SOUTHEAST,CONCRETE,2023-02-01,136.667994,2019-01-01,100.0,SYNTHETIC_RESEARCH_FIXTURE,OG-SYNTH-0.3,B1-0.3,build_opus_synthetic_programme_v0_3.py@0.3,20260812,True,436cb521832d7a8c5f2ab4a63eb8bcc0f3747cf5338285cd6f915caef21f96e5
US-SOUTHEAST,CONCRETE,2023-03-01,137.503286,2019-01-01,100.0,SYNTHETIC_RESEARCH_FIXTURE,OG-SYNTH-0.3,B1-0.3,build_opus_synthetic_programme_v0_3.py@0.3,20260812,True,505f93f847b5eb21dec903e43af9c586be2ac847ab6279f28e732d5e08c7602f
US-SOUTHEAST,CONCRETE,2023-04-01,137.87561,2019-01-01,100.0,SYNTHETIC_RESEARCH_FIXTURE,OG-SYNTH-0.3,B1-0.3,build_opus_synthetic_programme_v0_3.py@0.3,20260812,True,6a4b4e2e3fe0083e8a324c669e29e1905c8b9b062740a33825982e7d83bd0b8c
US-SOUTHEAST,CONCRETE,2023-05-01,137.895525,2019-01-01,100.0,SYNTHETIC_RESEARCH_FIXTURE,OG-SYNTH-0.3,B1-0.3,build_opus_synthetic_programme_v0_3.py@0.3,20260812,True,85e21f64a52e988d50a3684ee9ba9a4411e6b02db6bba810b226af8ab424b7c2
US-SOUTHEAST,CONCRETE,2023-06-01,138.374625,2019-01-01,100.0,SYNTHETIC_RESEARCH_FIXTURE,OG-SYNTH-0.3,B1-0.3,build_opus_synthetic_programme_v0_3.py@0.3,20260812,True,a14476889d2c7a5be1087fc1acf0db4fef973dd12558262b29c87c7185e2cf51
US-SOUTHEAST,CONCRETE,2023-07-01,138.636109,2019-01-01,100.0,SYNTHETIC_RESEARCH_FIXTURE,OG-SYNTH-0.3,B1-0.3,build_opus_synthetic_programme_v0_3.py@0.3,20260812,True,767598be8992bda102ed48edcd34eb47c63c67609d62ff4963b287cb443c4df8
US-SOUTHEAST,CONCRETE,2023-08-01,139.066478,2019-01-01,100.0,SYNTHETIC_RESEARCH_FIXTURE,OG-SYNTH-0.3,B1-0.3,build_opus_synthetic_programme_v0_3.py@0.3,20260812,True,2fac879440e79c1ced729f1cf4a00e60789896f45e4d3471ae954aa0873896ff
US-SOUTHEAST,CONCRETE,2023-09-01,139.383862,2019-01-01,100.0,SYNTHETIC_RESEARCH_FIXTURE,OG-SYNTH-0.3,B1-0.3,build_opus_synthetic_programme_v0_3.py@0.3,20260812,True,45d97b1b24293024f8da3b3a058d025303317531c1505beb3bbae79ae3a74d5e
US-SOUTHEAST,CONCRETE,2023-10-01,139.68324,2019-01-01,100.0,SYNTHETIC_RESEARCH_FIXTURE,OG-SYNTH-0.3,B1-0.3,build_opus_synthetic_programme_v0_3.py@0.3,20260812,True,09ad31c7a98fe4f954e08f27b27633d9139dbce093bbc155e73e95700f403e16
US-SOUTHEAST,CONCRETE,2023-11-01,140.333264,2019-01-01,100.0,SYNTHETIC_RESEARCH_FIXTURE,OG-SYNTH-0.3,B1-0.3,build_opus_synthetic_programme_v0_3.py@0.3,20260812,True,c158d645f8dc700c097858098f61b926474f548aaac0d7dab3b4cc75e53f4b56
US-SOUTHEAST,CONCRETE,2023-12-01,141.243373,2019-01-01,100.0,SYNTHETIC_RESEARCH_FIXTURE,OG-SYNTH-0.3,B1-0.3,build_opus_synthetic_programme_v0_3.py@0.3,20260812,True,fef25f991e52bc69786d5b04b09f524e0616a5c7587c540af83c4749e51958b8
US-SOUTHEAST,CONCRETE,2024-01-01,141.943978,2019-01-01,100.0,SYNTHETIC_RESEARCH_FIXTURE,OG-SYNTH-0.3,B1-0.3,build_opus_synthetic_programme_v0_3.py@0.3,20260812,True,53b7b8dd2cd9aa347c9b5202ac0da9decda2faf7bd7a2a743c351e56c4a678da
US-SOUTHEAST,CONCRETE,2024-02-01,143.156517,2019-01-01,100.0,SYNTHETIC_RESEARCH_FIXTURE,OG-SYNTH-0.3,B1-0.3,build_opus_synthetic_programme_v0_3.py@0.3,20260812,True,e8a05a32a315db367c992b3cb981becf21985bbcbf8525c3947e8ead063061c3
US-SOUTHEAST,CONCRETE,2024-03-01,143.907469,2019-01-01,100.0,SYNTHETIC_RESEARCH_FIXTURE,OG-SYNTH-0.3,B1-0.3,build_opus_synthetic_programme_v0_3.py@0.3,20260812,True,5b8f7c1c6cbc8899216e92231c55a52f311ba766ea31f5f91cb08008ed230789
US-SOUTHEAST,CONCRETE,2024-04-01,145.067225,2019-01-01,100.0,SYNTHETIC_RESEARCH_FIXTURE,OG-SYNTH-0.3,B1-0.3,build_opus_synthetic_programme_v0_3.py@0.3,20260812,True,19c594f35abfe535ce148dcbc748bedf718d539796c261ac81fdbdc9f1c4d1de
US-SOUTHEAST,CONCRETE,2024-05-01,146.162813,2019-01-01,100.0,SYNTHETIC_RESEARCH_FIXTURE,OG-SYNTH-0.3,B1-0.3,build_opus_synthetic_programme_v0_3.py@0.3,20260812,True,1f8ddfdded715075419c54e9acfbd9d6085e83a4014a4e9ee3f6cda7b16fb670
US-SOUTHEAST,CONCRETE,2024-06-01,147.001517,2019-01-01,100.0,SYNTHETIC_RESEARCH_FIXTURE,OG-SYNTH-0.3,B1-0.3,build_opus_synthetic_programme_v0_3.py@0.3,20260812,True,4a96c88c27ad6cbb648b345eb27161c93167cf70b99004f9e18b1cf010a6fd39
US-SOUTHEAST,CONCRETE,2024-07-01,147.672716,2019-01-01,100.0,SYNTHETIC_RESEARCH_FIXTURE,OG-SYNTH-0.3,B1-0.3,build_opus_synthetic_programme_v0_3.py@0.3,20260812,True,efe6edbec3b440128449ad7bfbff49c1d5bb1120f308d1e3e413bf703e360f63
US-SOUTHEAST,CONCRETE,2024-08-01,148.543387,2019-01-01,100.0,SYNTHETIC_RESEARCH_FIXTURE,OG-SYNTH-0.3,B1-0.3,build_opus_synthetic_programme_v0_3.py@0.3,20260812,True,52e37abaae4f4341494ece98beefb30e896da8b351411b7a147bd1ae182665d2
US-SOUTHEAST,CONCRETE,2024-09-01,148.837038,2019-01-01,100.0,SYNTHETIC_RESEARCH_FIXTURE,OG-SYNTH-0.3,B1-0.3,build_opus_synthetic_programme_v0_3.py@0.3,20260812,True,5bbf09844680335181b4cea49c3f9d826ab7ad23791533555fc3c20b5f6174f8
US-SOUTHEAST,CONCRETE,2024-10-01,149.320955,2019-01-01,100.0,SYNTHETIC_RESEARCH_FIXTURE,OG-SYNTH-0.3,B1-0.3,build_opus_synthetic_programme_v0_3.py@0.3,20260812,True,9eebd0cfeda6d5a4517d56b9e543ddf6abb76d973584e9339a8670c2d09975c1
US-SOUTHEAST,CONCRETE,2024-11-01,149.397526,2019-01-01,100.0,SYNTHETIC_RESEARCH_FIXTURE,OG-SYNTH-0.3,B1-0.3,build_opus_synthetic_programme_v0_3.py@0.3,20260812,True,a8287618c2cfbddef9c014ea84156f27fac43a36cbc13d53c685315886310476
US-SOUTHEAST,CONCRETE,2024-12-01,149.800285,2019-01-01,100.0,SYNTHETIC_RESEARCH_FIXTURE,OG-SYNTH-0.3,B1-0.3,build_opus_synthetic_programme_v0_3.py@0.3,20260812,True,d9886895dfc250cabd4094a7993cd8ea53ae8564da00055324a875e093d0f2fb
US-SOUTHEAST,CONCRETE,2025-01-01,150.249655,2019-01-01,100.0,SYNTHETIC_RESEARCH_FIXTURE,OG-SYNTH-0.3,B1-0.3,build_opus_synthetic_programme_v0_3.py@0.3,20260812,True,bf91fc6f10df648a5f1c699aef8bb803008179c5eac34023c4081d710ea64a36
US-SOUTHEAST,CONCRETE,2025-02-01,150.518451,2019-01-01,100.0,SYNTHETIC_RESEARCH_FIXTURE,OG-SYNTH-0.3,B1-0.3,build_opus_synthetic_programme_v0_3.py@0.3,20260812,True,9ba5499caabef6b26d80b13eefdfb00a20c56d9ffbad0d159e7c1d71ee215f39
US-SOUTHEAST,CONCRETE,2025-03-01,150.794808,2019-01-01,100.0,SYNTHETIC_RESEARCH_FIXTURE,OG-SYNTH-0.3,B1-0.3,build_opus_synthetic_programme_v0_3.py@0.3,20260812,True,8c3dc51962f7ec7bae5adadf1cb025fc1476833c477f203fee811b3e4154c42a
US-SOUTHEAST,CONCRETE,2025-04-01,150.353041,2019-01-01,100.0,SYNTHETIC_RESEARCH_FIXTURE,OG-SYNTH-0.3,B1-0.3,build_opus_synthetic_programme_v0_3.py@0.3,20260812,True,4e308924514d4d8d5a724cf15faf8efea72a41c8ea895a5a60831c40527a6d00
US-SOUTHEAST,CONCRETE,2025-05-01,150.484533,2019-01-01,100.0,SYNTHETIC_RESEARCH_FIXTURE,OG-SYNTH-0.3,B1-0.3,build_opus_synthetic_programme_v0_3.py@0.3,20260812,True,1632b274a1ebc2e3ece948da407a2bddbfceeed5b58d56488273dee319b3dc10
US-SOUTHEAST,CONCRETE,2025-06-01,150.768915,2019-01-01,100.0,SYNTHETIC_RESEARCH_FIXTURE,OG-SYNTH-0.3,B1-0.3,build_opus_synthetic_programme_v0_3.py@0.3,20260812,True,d40e4a54df9abed2d0652abf67779009b7f9b8e7e218e019ab7a34e860fbb576
US-SOUTHEAST,CONCRETE,2025-07-01,150.87212,2019-01-01,100.0,SYNTHETIC_RESEARCH_FIXTURE,OG-SYNTH-0.3,B1-0.3,build_opus_synthetic_programme_v0_3.py@0.3,20260812,True,25a8737ee03c96153ae1d087365a2f59734dcb250bc8e93b03ba5b4452f85781
US-SOUTHEAST,CONCRETE,2025-08-01,151.321099,2019-01-01,100.0,SYNTHETIC_RESEARCH_FIXTURE,OG-SYNTH-0.3,B1-0.3,build_opus_synthetic_programme_v0_3.py@0.3,20260812,True,5147562a4bd82b36c3e024a8672e0f9cc796a831c69f701697ee35a8cdbc10c4
US-SOUTHEAST,CONCRETE,2025-09-01,151.507372,2019-01-01,100.0,SYNTHETIC_RESEARCH_FIXTURE,OG-SYNTH-0.3,B1-0.3,build_opus_synthetic_programme_v0_3.py@0.3,20260812,True,16026620105108cbee0c62e84590946a0fa290e0a019ee3d801c99e3ee8acb08
US-SOUTHEAST,CONCRETE,2025-10-01,151.842404,2019-01-01,100.0,SYNTHETIC_RESEARCH_FIXTURE,OG-SYNTH-0.3,B1-0.3,build_opus_synthetic_programme_v0_3.py@0.3,20260812,True,15368e5f77c66eb7b7010edcc85caa178934b8b6e9fb14daf759cf38da2e733d
US-SOUTHEAST,CONCRETE,2025-11-01,151.775719,2019-01-01,100.0,SYNTHETIC_RESEARCH_FIXTURE,OG-SYNTH-0.3,B1-0.3,build_opus_synthetic_programme_v0_3.py@0.3,20260812,True,29594122522bfbed174dc79e2ebf893ba1704f5fdc0d0507a37f1a130cc7a5c2
US-SOUTHEAST,CONCRETE,2025-12-01,151.511966,2019-01-01,100.0,SYNTHETIC_RESEARCH_FIXTURE,OG-SYNTH-0.3,B1-0.3,build_opus_synthetic_programme_v0_3.py@0.3,20260812,True,e9344de15567a2badfda6727e1d7fccd2b8de9a500cbfcb08660547943cc7998
US-SOUTHEAST,CONCRETE,2026-01-01,151.65558,2019-01-01,100.0,SYNTHETIC_RESEARCH_FIXTURE,OG-SYNTH-0.3,B1-0.3,build_opus_synthetic_programme_v0_3.py@0.3,20260812,True,6a0e568c0d79dd00befea35e25c0a4daf19923affd3f2972400a739af8b62dc6
US-SOUTHEAST,CONCRETE,2026-02-01,151.983186,2019-01-01,100.0,SYNTHETIC_RESEARCH_FIXTURE,OG-SYNTH-0.3,B1-0.3,build_opus_synthetic_programme_v0_3.py@0.3,20260812,True,a2a93ebc6a4df92f3e7e646321737e89de9b400a2783442126e5ac69789d7032
US-SOUTHEAST,CONCRETE,2026-03-01,152.438655,2019-01-01,100.0,SYNTHETIC_RESEARCH_FIXTURE,OG-SYNTH-0.3,B1-0.3,build_opus_synthetic_programme_v0_3.py@0.3,20260812,True,a6d0bb4b5fbb600eca346ce76ef0f3b2ed478321e31257281b6708c4a1d25a3d
US-SOUTHEAST,CONCRETE,2026-04-01,152.998084,2019-01-01,100.0,SYNTHETIC_RESEARCH_FIXTURE,OG-SYNTH-0.3,B1-0.3,build_opus_synthetic_programme_v0_3.py@0.3,20260812,True,b10c7c39f18c344c314869e5553ca9fb1ccd0a3b0da45ac98d0d02e02fc7b9a7
US-SOUTHEAST,CONCRETE,2026-05-01,153.789384,2019-01-01,100.0,SYNTHETIC_RESEARCH_FIXTURE,OG-SYNTH-0.3,B1-0.3,build_opus_synthetic_programme_v0_3.py@0.3,20260812,True,f73321b55f1b1b965c4d8f0b2c3520a5059c7a40e358d3e88eb16a6b3546ffdf
US-SOUTHEAST,CONCRETE,2026-06-01,154.078728,2019-01-01,100.0,SYNTHETIC_RESEARCH_FIXTURE,OG-SYNTH-0.3,B1-0.3,build_opus_synthetic_programme_v0_3.py@0.3,20260812,True,6ba8635789a78195115bea0dedf743872343c43a9d3b9639b47423d550f27085
US-SOUTHEAST,CONCRETE,2026-07-01,154.089361,2019-01-01,100.0,SYNTHETIC_RESEARCH_FIXTURE,OG-SYNTH-0.3,B1-0.3,build_opus_synthetic_programme_v0_3.py@0.3,20260812,True,0c19a30a930b806a220dfa4889c6561a5abcb5d30a082c4c6409ce114876ab24
US-SOUTHEAST,CONCRETE,2026-08-01,154.831444,2019-01-01,100.0,SYNTHETIC_RESEARCH_FIXTURE,OG-SYNTH-0.3,B1-0.3,build_opus_synthetic_programme_v0_3.py@0.3,20260812,True,738a7566503bab9f5a14faaeef05c6bb0461d379fff0f1aa22c61afa23d4ddb7
US-SOUTHEAST,CONCRETE,2026-09-01,155.105752,2019-01-01,100.0,SYNTHETIC_RESEARCH_FIXTURE,OG-SYNTH-0.3,B1-0.3,build_opus_synthetic_programme_v0_3.py@0.3,20260812,True,5916f5952a5c480cf66b32670b2c8796ba7f9555b4e1c000b93b02877d2955f3
US-SOUTHEAST,CONCRETE,2026-10-01,155.084271,2019-01-01,100.0,SYNTHETIC_RESEARCH_FIXTURE,OG-SYNTH-0.3,B1-0.3,build_opus_synthetic_programme_v0_3.py@0.3,20260812,True,c7fd7493cc711601569fe7197241846cb5c7ee6882c3148d1bd884659d57bf05
US-SOUTHEAST,CONCRETE,2026-11-01,155.106558,2019-01-01,100.0,SYNTHETIC_RESEARCH_FIXTURE,OG-SYNTH-0.3,B1-0.3,build_opus_synthetic_programme_v0_3.py@0.3,20260812,True,8328207e086d46014c0ce2a58f621c882fa4674f1d5cff4bb69a33ccd1d45c4d
US-SOUTHEAST,CONCRETE,2026-12-01,155.94294,2019-01-01,100.0,SYNTHETIC_RESEARCH_FIXTURE,OG-SYNTH-0.3,B1-0.3,build_opus_synthetic_programme_v0_3.py@0.3,20260812,True,ce8854f4659b060d0e5f6e204675d438adaf34a678c9d6392ab6d418d5b655d1
US-SOUTHEAST,ELECTRICAL_EQUIPMENT,2019-01-01,109.187639,2019-01-01,100.0,SYNTHETIC_RESEARCH_FIXTURE,OG-SYNTH-0.3,B1-0.3,build_opus_synthetic_programme_v0_3.py@0.3,20260812,True,f03cfd2060099704e1794ac1f706df325427d15e802afc596bf7057b5a87506a
US-SOUTHEAST,ELECTRICAL_EQUIPMENT,2019-02-01,109.558365,2019-01-01,100.0,SYNTHETIC_RESEARCH_FIXTURE,OG-SYNTH-0.3,B1-0.3,build_opus_synthetic_programme_v0_3.py@0.3,20260812,True,b4e8b9cbf0a5d67ff8aeb6abf826df9f41d5cf0a9585644750ea1d02b999dc2f
US-SOUTHEAST,ELECTRICAL_EQUIPMENT,2019-03-01,109.890197,2019-01-01,100.0,SYNTHETIC_RESEARCH_FIXTURE,OG-SYNTH-0.3,B1-0.3,build_opus_synthetic_programme_v0_3.py@0.3,20260812,True,53556a0f169a4d9be79622bf1d6291830d8ad2ecd0ab338c94c87200251ba249
US-SOUTHEAST,ELECTRICAL_EQUIPMENT,2019-04-01,110.185227,2019-01-01,100.0,SYNTHETIC_RESEARCH_FIXTURE,OG-SYNTH-0.3,B1-0.3,build_opus_synthetic_programme_v0_3.py@0.3,20260812,True,aa4469f378ec87dc7f70ef461cd9f4d35bc79250d9954c82d78346b556459ad1
US-SOUTHEAST,ELECTRICAL_EQUIPMENT,2019-05-01,110.594207,2019-01-01,100.0,SYNTHETIC_RESEARCH_FIXTURE,OG-SYNTH-0.3,B1-0.3,build_opus_synthetic_programme_v0_3.py@0.3,20260812,True,a9c6a5463e68d005c428eb753278794feac1bba07a497fa60c6a8a8e633e0ba1
US-SOUTHEAST,ELECTRICAL_EQUIPMENT,2019-06-01,110.971827,2019-01-01,100.0,SYNTHETIC_RESEARCH_FIXTURE,OG-SYNTH-0.3,B1-0.3,build_opus_synthetic_programme_v0_3.py@0.3,20260812,True,a3c3546169064a2acadd1e40d7790ea5ecef13cbc3e6e9d6a1adc8457cb86f46
US-SOUTHEAST,ELECTRICAL_EQUIPMENT,2019-07-01,111.551415,2019-01-01,100.0,SYNTHETIC_RESEARCH_FIXTURE,OG-SYNTH-0.3,B1-0.3,build_opus_synthetic_programme_v0_3.py@0.3,20260812,True,2c0dd3400012434a168f8e1ed11e9fc711b6e6d7c322dde4dc47d42426d46932
US-SOUTHEAST,ELECTRICAL_EQUIPMENT,2019-08-01,111.760736,2019-01-01,100.0,SYNTHETIC_RESEARCH_FIXTURE,OG-SYNTH-0.3,B1-0.3,build_opus_synthetic_programme_v0_3.py@0.3,20260812,True,dd74d897b8b2855adf4193962a211dbbcc91a0f5c369b7ac213207cab9afe5a5
US-SOUTHEAST,ELECTRICAL_EQUIPMENT,2019-09-01,112.086483,2019-01-01,100.0,SYNTHETIC_RESEARCH_FIXTURE,OG-SYNTH-0.3,B1-0.3,build_opus_synthetic_programme_v0_3.py@0.3,20260812,True,98d18f699dbac45947b68b48311460c849053e26371a299d7bd16ab1d050ab19
US-SOUTHEAST,ELECTRICAL_EQUIPMENT,2019-10-01,112.253077,2019-01-01,100.0,SYNTHETIC_RESEARCH_FIXTURE,OG-SYNTH-0.3,B1-0.3,build_opus_synthetic_programme_v0_3.py@0.3,20260812,True,9efda2422e6f1feff8fa6fae61f9d83463a3d437d6607f8630c09854b67eb3a7
US-SOUTHEAST,ELECTRICAL_EQUIPMENT,2019-11-01,112.377389,2019-01-01,100.0,SYNTHETIC_RESEARCH_FIXTURE,OG-SYNTH-0.3,B1-0.3,build_opus_synthetic_programme_v0_3.py@0.3,20260812,True,2866b5a14f0f250e88704992fdfa7e3070d8691a6eeb313e143a585f0c2b012a
US-SOUTHEAST,ELECTRICAL_EQUIPMENT,2019-12-01,112.565704,2019-01-01,100.0,SYNTHETIC_RESEARCH_FIXTURE,OG-SYNTH-0.3,B1-0.3,build_opus_synthetic_programme_v0_3.py@0.3,20260812,True,e554b0944e368563e8a5699266ffef69e2f3ca207dfa7b0f4fdccaff1f4bdef6
US-SOUTHEAST,ELECTRICAL_EQUIPMENT,2020-01-01,113.06557,2019-01-01,100.0,SYNTHETIC_RESEARCH_FIXTURE,OG-SYNTH-0.3,B1-0.3,build_opus_synthetic_programme_v0_3.py@0.3,20260812,True,35e57ed5627c22b964783c38125d69b6f0676a391f129820e567a710d6a87f0d
US-SOUTHEAST,ELECTRICAL_EQUIPMENT,2020-02-01,113.321322,2019-01-01,100.0,SYNTHETIC_RESEARCH_FIXTURE,OG-SYNTH-0.3,B1-0.3,build_opus_synthetic_programme_v0_3.py@0.3,20260812,True,bff9bd450e9536cd73747a13db515feac3444c30432b475e36abe253b3c3234a
US-SOUTHEAST,ELECTRICAL_EQUIPMENT,2020-03-01,113.489212,2019-01-01,100.0,SYNTHETIC_RESEARCH_FIXTURE,OG-SYNTH-0.3,B1-0.3,build_opus_synthetic_programme_v0_3.py@0.3,20260812,True,5e5ad629ccc49d82f8a324594bbf96e208ab6bf292cb3e2b4e0ee4bb2e2dcf1e
US-SOUTHEAST,ELECTRICAL_EQUIPMENT,2020-04-01,113.738086,2019-01-01,100.0,SYNTHETIC_RESEARCH_FIXTURE,OG-SYNTH-0.3,B1-0.3,build_opus_synthetic_programme_v0_3.py@0.3,20260812,True,e59b845d84f702c0f7af7e0216896620266031a53cf3a8f342db0e90664135c3
US-SOUTHEAST,ELECTRICAL_EQUIPMENT,2020-05-01,114.223453,2019-01-01,100.0,SYNTHETIC_RESEARCH_FIXTURE,OG-SYNTH-0.3,B1-0.3,build_opus_synthetic_programme_v0_3.py@0.3,20260812,True,e0c85237bbc81ba0aa750efa4c7454fd41843a07ac3b1fec8dd76059896974b2
US-SOUTHEAST,ELECTRICAL_EQUIPMENT,2020-06-01,114.709316,2019-01-01,100.0,SYNTHETIC_RESEARCH_FIXTURE,OG-SYNTH-0.3,B1-0.3,build_opus_synthetic_programme_v0_3.py@0.3,20260812,True,df2bfa70233a4eef5fbbec23704a2c04fa99a9c598eb49f6f401e983d1525ec0
US-SOUTHEAST,ELECTRICAL_EQUIPMENT,2020-07-01,114.942378,2019-01-01,100.0,SYNTHETIC_RESEARCH_FIXTURE,OG-SYNTH-0.3,B1-0.3,build_opus_synthetic_programme_v0_3.py@0.3,20260812,True,fc8e43ee42879d3358c01a37cc382fe8f1f23cffd037ae5268a71c38683fc71f
US-SOUTHEAST,ELECTRICAL_EQUIPMENT,2020-08-01,115.231578,2019-01-01,100.0,SYNTHETIC_RESEARCH_FIXTURE,OG-SYNTH-0.3,B1-0.3,build_opus_synthetic_programme_v0_3.py@0.3,20260812,True,66200d367bbbbd0a195c089ceb025a29d5bb9bc1f2706a6f3fe5b97b7b8c8ed6
US-SOUTHEAST,ELECTRICAL_EQUIPMENT,2020-09-01,115.68215,2019-01-01,100.0,SYNTHETIC_RESEARCH_FIXTURE,OG-SYNTH-0.3,B1-0.3,build_opus_synthetic_programme_v0_3.py@0.3,20260812,True,b3a63f62fb8d24807d2434fa4fb560344d969c53e522855361816f28b97b3213
US-SOUTHEAST,ELECTRICAL_EQUIPMENT,2020-10-01,115.857296,2019-01-01,100.0,SYNTHETIC_RESEARCH_FIXTURE,OG-SYNTH-0.3,B1-0.3,build_opus_synthetic_programme_v0_3.py@0.3,20260812,True,5d625226bda8c82d8f035204b4d0e31c7262deb7033f86904e6e6b964404ca80
US-SOUTHEAST,ELECTRICAL_EQUIPMENT,2020-11-01,116.132447,2019-01-01,100.0,SYNTHETIC_RESEARCH_FIXTURE,OG-SYNTH-0.3,B1-0.3,build_opus_synthetic_programme_v0_3.py@0.3,20260812,True,0e1a46f329c310081160f25a1be5b4f143f169d090408b5617605f532b56384e
US-SOUTHEAST,ELECTRICAL_EQUIPMENT,2020-12-01,116.585608,2019-01-01,100.0,SYNTHETIC_RESEARCH_FIXTURE,OG-SYNTH-0.3,B1-0.3,build_opus_synthetic_programme_v0_3.py@0.3,20260812,True,fc84ffcc5b0f59f0695fb26c077ff21edacbf3f33bde85d1a9cbede6e5e60705
US-SOUTHEAST,ELECTRICAL_EQUIPMENT,2021-01-01,116.726403,2019-01-01,100.0,SYNTHETIC_RESEARCH_FIXTURE,OG-SYNTH-0.3,B1-0.3,build_opus_synthetic_programme_v0_3.py@0.3,20260812,True,b7ee3894cd783ba682ca0bb69df05025fc53482899ce0e357a63f88b61c6ef5e
US-SOUTHEAST,ELECTRICAL_EQUIPMENT,2021-02-01,116.991026,2019-01-01,100.0,SYNTHETIC_RESEARCH_FIXTURE,OG-SYNTH-0.3,B1-0.3,build_opus_synthetic_programme_v0_3.py@0.3,20260812,True,20e4f362f8a407b80cec6d417042d43519281adf28e3552a5d3b7751775c654c
US-SOUTHEAST,ELECTRICAL_EQUIPMENT,2021-03-01,116.787469,2019-01-01,100.0,SYNTHETIC_RESEARCH_FIXTURE,OG-SYNTH-0.3,B1-0.3,build_opus_synthetic_programme_v0_3.py@0.3,20260812,True,82a9dc55e821031e0ea2a00ffc4d6d2091c6ade298dd31564b2f89b49eddeec2
US-SOUTHEAST,ELECTRICAL_EQUIPMENT,2021-04-01,116.891671,2019-01-01,100.0,SYNTHETIC_RESEARCH_FIXTURE,OG-SYNTH-0.3,B1-0.3,build_opus_synthetic_programme_v0_3.py@0.3,20260812,True,1ba2d18360da60e6d297f90fe11b6e247caaccb31449e81ba9ae5364570b9d7a
US-SOUTHEAST,ELECTRICAL_EQUIPMENT,2021-05-01,118.400878,2019-01-01,100.0,SYNTHETIC_RESEARCH_FIXTURE,OG-SYNTH-0.3,B1-0.3,build_opus_synthetic_programme_v0_3.py@0.3,20260812,True,be613256ac71eaacfda686d84ed9b51f739c59286acf191b275daf772bc67d12
US-SOUTHEAST,ELECTRICAL_EQUIPMENT,2021-06-01,119.934482,2019-01-01,100.0,SYNTHETIC_RESEARCH_FIXTURE,OG-SYNTH-0.3,B1-0.3,build_opus_synthetic_programme_v0_3.py@0.3,20260812,True,01ca27ce24d21a394ec54edc82e30d0307677a8d9e130847fc5511decd34f8ac
US-SOUTHEAST,ELECTRICAL_EQUIPMENT,2021-07-01,121.62444,2019-01-01,100.0,SYNTHETIC_RESEARCH_FIXTURE,OG-SYNTH-0.3,B1-0.3,build_opus_synthetic_programme_v0_3.py@0.3,20260812,True,d2b1ac2f8cf46a166e10882976de605a1f4a153f4a9834e6efa128ad86096e38
US-SOUTHEAST,ELECTRICAL_EQUIPMENT,2021-08-01,123.73193,2019-01-01,100.0,SYNTHETIC_RESEARCH_FIXTURE,OG-SYNTH-0.3,B1-0.3,build_opus_synthetic_programme_v0_3.py@0.3,20260812,True,b3ba97cb46687f2f79e69600d818f79739f51817e5f08a4509d69e83ded9a5bb
US-SOUTHEAST,ELECTRICAL_EQUIPMENT,2021-09-01,125.43063,2019-01-01,100.0,SYNTHETIC_RESEARCH_FIXTURE,OG-SYNTH-0.3,B1-0.3,build_opus_synthetic_programme_v0_3.py@0.3,20260812,True,5d832abdb40caf641eefce6116728e3ef9544fb985b7fbfa999db60702407679
US-SOUTHEAST,ELECTRICAL_EQUIPMENT,2021-10-01,127.14461,2019-01-01,100.0,SYNTHETIC_RESEARCH_FIXTURE,OG-SYNTH-0.3,B1-0.3,build_opus_synthetic_programme_v0_3.py@0.3,20260812,True,d5006d3ce031313a2c72418200f981f31597f0c1e1b6a6ed07112976cde19ff7
US-SOUTHEAST,ELECTRICAL_EQUIPMENT,2021-11-01,129.224388,2019-01-01,100.0,SYNTHETIC_RESEARCH_FIXTURE,OG-SYNTH-0.3,B1-0.3,build_opus_synthetic_programme_v0_3.py@0.3,20260812,True,deba52cf0fef702ebb666528a4b92aad25e3f5367139204a4ca35a9cb2af0924
US-SOUTHEAST,ELECTRICAL_EQUIPMENT,2021-12-01,130.571185,2019-01-01,100.0,SYNTHETIC_RESEARCH_FIXTURE,OG-SYNTH-0.3,B1-0.3,build_opus_synthetic_programme_v0_3.py@0.3,20260812,True,93a267b75fbb0e84d5d1077ad93eb92f747833e01a5d0d10326ff22d79181ae2
US-SOUTHEAST,ELECTRICAL_EQUIPMENT,2022-01-01,132.344172,2019-01-01,100.0,SYNTHETIC_RESEARCH_FIXTURE,OG-SYNTH-0.3,B1-0.3,build_opus_synthetic_programme_v0_3.py@0.3,20260812,True,a870e4ff76e1c43962b52205c7718bc4678475b452edbb368c72713ff50e5398
US-SOUTHEAST,ELECTRICAL_EQUIPMENT,2022-02-01,133.759047,2019-01-01,100.0,SYNTHETIC_RESEARCH_FIXTURE,OG-SYNTH-0.3,B1-0.3,build_opus_synthetic_programme_v0_3.py@0.3,20260812,True,ca4439be1a19c1dfe6c076a34f87244d11af9f55c46377a988e27538cd2e4d0d
US-SOUTHEAST,ELECTRICAL_EQUIPMENT,2022-03-01,135.704231,2019-01-01,100.0,SYNTHETIC_RESEARCH_FIXTURE,OG-SYNTH-0.3,B1-0.3,build_opus_synthetic_programme_v0_3.py@0.3,20260812,True,d610ff60efe757a8113c6f52a9bf64242a086191d46ae7515fc4e244b3e6eece
US-SOUTHEAST,ELECTRICAL_EQUIPMENT,2022-04-01,137.677397,2019-01-01,100.0,SYNTHETIC_RESEARCH_FIXTURE,OG-SYNTH-0.3,B1-0.3,build_opus_synthetic_programme_v0_3.py@0.3,20260812,True,8752b4630d5b30d4f98298e02ccc84957afa3abcf16c8765465ced2f8f1341c3
US-SOUTHEAST,ELECTRICAL_EQUIPMENT,2022-05-01,139.767089,2019-01-01,100.0,SYNTHETIC_RESEARCH_FIXTURE,OG-SYNTH-0.3,B1-0.3,build_opus_synthetic_programme_v0_3.py@0.3,20260812,True,6e07ea7b99878af20ec2dc3e000e7e4dba8113b60d97ffdacde977eebee06889
US-SOUTHEAST,ELECTRICAL_EQUIPMENT,2022-06-01,140.503316,2019-01-01,100.0,SYNTHETIC_RESEARCH_FIXTURE,OG-SYNTH-0.3,B1-0.3,build_opus_synthetic_programme_v0_3.py@0.3,20260812,True,866d5c51d9b2d7f6f64159dddd10ceb388fe308a2576a1f35014c8591da22c89
US-SOUTHEAST,ELECTRICAL_EQUIPMENT,2022-07-01,140.553395,2019-01-01,100.0,SYNTHETIC_RESEARCH_FIXTURE,OG-SYNTH-0.3,B1-0.3,build_opus_synthetic_programme_v0_3.py@0.3,20260812,True,11164755e7572298c16491dfb14fae916723e7b504f8ddcb24ead7d2c9cb765d
US-SOUTHEAST,ELECTRICAL_EQUIPMENT,2022-08-01,140.791382,2019-01-01,100.0,SYNTHETIC_RESEARCH_FIXTURE,OG-SYNTH-0.3,B1-0.3,build_opus_synthetic_programme_v0_3.py@0.3,20260812,True,836f8a3c7cb07f90a74735c02b786e8c2bfa73e044592e6702ab4e443d32ac47
US-SOUTHEAST,ELECTRICAL_EQUIPMENT,2022-09-01,141.268658,2019-01-01,100.0,SYNTHETIC_RESEARCH_FIXTURE,OG-SYNTH-0.3,B1-0.3,build_opus_synthetic_programme_v0_3.py@0.3,20260812,True,ac285711a09463945d47e219ef197240880f7e3e30aa1ee1c2a75eb72abbddd7
US-SOUTHEAST,ELECTRICAL_EQUIPMENT,2022-10-01,141.322128,2019-01-01,100.0,SYNTHETIC_RESEARCH_FIXTURE,OG-SYNTH-0.3,B1-0.3,build_opus_synthetic_programme_v0_3.py@0.3,20260812,True,bf3484950882cd37b65fae1bcc3a7d79c56242637623b50b9fae9337300cdc93
US-SOUTHEAST,ELECTRICAL_EQUIPMENT,2022-11-01,141.853957,2019-01-01,100.0,SYNTHETIC_RESEARCH_FIXTURE,OG-SYNTH-0.3,B1-0.3,build_opus_synthetic_programme_v0_3.py@0.3,20260812,True,8fb8768c63d96a04cda46cb0c12961b85b05defba72a1ad2f6a716bfa18b478d
US-SOUTHEAST,ELECTRICAL_EQUIPMENT,2022-12-01,142.633548,2019-01-01,100.0,SYNTHETIC_RESEARCH_FIXTURE,OG-SYNTH-0.3,B1-0.3,build_opus_synthetic_programme_v0_3.py@0.3,20260812,True,87e203624adb17331b46d224f4926d0a1bc35a7309ac7c190399878d64961adb
US-SOUTHEAST,ELECTRICAL_EQUIPMENT,2023-01-01,142.176072,2019-01-01,100.0,SYNTHETIC_RESEARCH_FIXTURE,OG-SYNTH-0.3,B1-0.3,build_opus_synthetic_programme_v0_3.py@0.3,20260812,True,5a7dd37386c0a7afecbadb7f61e6aa5705b292f7fdb8a3fe5efb4c1bfa4ae1ba
US-SOUTHEAST,ELECTRICAL_EQUIPMENT,2023-02-01,142.569633,2019-01-01,100.0,SYNTHETIC_RESEARCH_FIXTURE,OG-SYNTH-0.3,B1-0.3,build_opus_synthetic_programme_v0_3.py@0.3,20260812,True,454e2a388e9d37df10d2797ee056ab8ddf75713f3f7447fc93f8c1b319803500
US-SOUTHEAST,ELECTRICAL_EQUIPMENT,2023-03-01,142.765186,2019-01-01,100.0,SYNTHETIC_RESEARCH_FIXTURE,OG-SYNTH-0.3,B1-0.3,build_opus_synthetic_programme_v0_3.py@0.3,20260812,True,be2fb82efff31c6bfc8faa288e767da5d1de26179920020ac3f3d4876c922046
US-SOUTHEAST,ELECTRICAL_EQUIPMENT,2023-04-01,142.812449,2019-01-01,100.0,SYNTHETIC_RESEARCH_FIXTURE,OG-SYNTH-0.3,B1-0.3,build_opus_synthetic_programme_v0_3.py@0.3,20260812,True,e62a9ea00898b46b9ada66ef6b3b810f095d18e736eb0483d061c3e13567dec8
US-SOUTHEAST,ELECTRICAL_EQUIPMENT,2023-05-01,143.194435,2019-01-01,100.0,SYNTHETIC_RESEARCH_FIXTURE,OG-SYNTH-0.3,B1-0.3,build_opus_synthetic_programme_v0_3.py@0.3,20260812,True,898c43748b6adba859b90c45a1b4776abc7262e9593912c4c2d0a89a79aaeda6
US-SOUTHEAST,ELECTRICAL_EQUIPMENT,2023-06-01,143.161668,2019-01-01,100.0,SYNTHETIC_RESEARCH_FIXTURE,OG-SYNTH-0.3,B1-0.3,build_opus_synthetic_programme_v0_3.py@0.3,20260812,True,4829f63351581a229e3abd04eb3b27e19799d64bcb741fec48b40f1e9a0d4193
US-SOUTHEAST,ELECTRICAL_EQUIPMENT,2023-07-01,143.703935,2019-01-01,100.0,SYNTHETIC_RESEARCH_FIXTURE,OG-SYNTH-0.3,B1-0.3,build_opus_synthetic_programme_v0_3.py@0.3,20260812,True,ede9d0799bda6a272a8790a39828da68a968e8e359366b4d059bb6de0f6e8e49
US-SOUTHEAST,ELECTRICAL_EQUIPMENT,2023-08-01,143.65352,2019-01-01,100.0,SYNTHETIC_RESEARCH_FIXTURE,OG-SYNTH-0.3,B1-0.3,build_opus_synthetic_programme_v0_3.py@0.3,20260812,True,5b98a3c66e964694fc7dd8177ab0770df6072528ecccce717c658e7b5c0f8cf7
US-SOUTHEAST,ELECTRICAL_EQUIPMENT,2023-09-01,144.099826,2019-01-01,100.0,SYNTHETIC_RESEARCH_FIXTURE,OG-SYNTH-0.3,B1-0.3,build_opus_synthetic_programme_v0_3.py@0.3,20260812,True,3fd6f40bd5be2133ea660aeb2c6e2fad38660df6e0fd009cc1d5a3eb3d18dcce
US-SOUTHEAST,ELECTRICAL_EQUIPMENT,2023-10-01,144.707916,2019-01-01,100.0,SYNTHETIC_RESEARCH_FIXTURE,OG-SYNTH-0.3,B1-0.3,build_opus_synthetic_programme_v0_3.py@0.3,20260812,True,a0dd8595a87874c6a63f621bee9d9350f4aed3eda816694edce3c04a5e8fa8f4
US-SOUTHEAST,ELECTRICAL_EQUIPMENT,2023-11-01,144.858284,2019-01-01,100.0,SYNTHETIC_RESEARCH_FIXTURE,OG-SYNTH-0.3,B1-0.3,build_opus_synthetic_programme_v0_3.py@0.3,20260812,True,2fa02d7771a60a58a721e3286e19dbfa342164eb68be12aadddadd767cf55198
US-SOUTHEAST,ELECTRICAL_EQUIPMENT,2023-12-01,145.129481,2019-01-01,100.0,SYNTHETIC_RESEARCH_FIXTURE,OG-SYNTH-0.3,B1-0.3,build_opus_synthetic_programme_v0_3.py@0.3,20260812,True,dfb47f46360373c5313afa2ed17fe60967c3a4c39867f3c9e6cd71ae59ce23a4
US-SOUTHEAST,ELECTRICAL_EQUIPMENT,2024-01-01,146.112561,2019-01-01,100.0,SYNTHETIC_RESEARCH_FIXTURE,OG-SYNTH-0.3,B1-0.3,build_opus_synthetic_programme_v0_3.py@0.3,20260812,True,d9debc13b8e27cb2f0659ba3ded859ea697a90d14413dc16f899657cfe1e01b8
US-SOUTHEAST,ELECTRICAL_EQUIPMENT,2024-02-01,147.179281,2019-01-01,100.0,SYNTHETIC_RESEARCH_FIXTURE,OG-SYNTH-0.3,B1-0.3,build_opus_synthetic_programme_v0_3.py@0.3,20260812,True,81e7b15879fb4041dc6572c69c4d1a98b9fec30a202588433fc85af67700a2c4
US-SOUTHEAST,ELECTRICAL_EQUIPMENT,2024-03-01,147.898241,2019-01-01,100.0,SYNTHETIC_RESEARCH_FIXTURE,OG-SYNTH-0.3,B1-0.3,build_opus_synthetic_programme_v0_3.py@0.3,20260812,True,9d584bc39b8ddb2b48fd5ae4088b60765da954e40a922de74ed5edb8c3faf74a
US-SOUTHEAST,ELECTRICAL_EQUIPMENT,2024-04-01,147.977843,2019-01-01,100.0,SYNTHETIC_RESEARCH_FIXTURE,OG-SYNTH-0.3,B1-0.3,build_opus_synthetic_programme_v0_3.py@0.3,20260812,True,7b26aab09279515cc7164b03efea8a44c551e841872cc325d43d87c93e4691c7
US-SOUTHEAST,ELECTRICAL_EQUIPMENT,2024-05-01,148.887436,2019-01-01,100.0,SYNTHETIC_RESEARCH_FIXTURE,OG-SYNTH-0.3,B1-0.3,build_opus_synthetic_programme_v0_3.py@0.3,20260812,True,7f1e0eb7abe1024777e275e04de2adcff2dd1d047f29b06536f675ab3627ce10
US-SOUTHEAST,ELECTRICAL_EQUIPMENT,2024-06-01,149.546564,2019-01-01,100.0,SYNTHETIC_RESEARCH_FIXTURE,OG-SYNTH-0.3,B1-0.3,build_opus_synthetic_programme_v0_3.py@0.3,20260812,True,ab4ba1e4ecdecf18557b0f404ec47796b8e272cb7eeafc7efe394f4a7c29a929
US-SOUTHEAST,ELECTRICAL_EQUIPMENT,2024-07-01,150.640383,2019-01-01,100.0,SYNTHETIC_RESEARCH_FIXTURE,OG-SYNTH-0.3,B1-0.3,build_opus_synthetic_programme_v0_3.py@0.3,20260812,True,be5d533a8430d7ab4674d00b7fcee29f2a842ead11a5c3ae44b4bc5369ad7bbd
US-SOUTHEAST,ELECTRICAL_EQUIPMENT,2024-08-01,151.31555,2019-01-01,100.0,SYNTHETIC_RESEARCH_FIXTURE,OG-SYNTH-0.3,B1-0.3,build_opus_synthetic_programme_v0_3.py@0.3,20260812,True,df524050aa1ae36484bced49056df0feed435868d4db945e5684b1f66766ebef
US-SOUTHEAST,ELECTRICAL_EQUIPMENT,2024-09-01,151.702606,2019-01-01,100.0,SYNTHETIC_RESEARCH_FIXTURE,OG-SYNTH-0.3,B1-0.3,build_opus_synthetic_programme_v0_3.py@0.3,20260812,True,24bb910c2168e3fc856d1899e3a94be329d20718a78eb176c7eb20bad86163d4
US-SOUTHEAST,ELECTRICAL_EQUIPMENT,2024-10-01,152.278737,2019-01-01,100.0,SYNTHETIC_RESEARCH_FIXTURE,OG-SYNTH-0.3,B1-0.3,build_opus_synthetic_programme_v0_3.py@0.3,20260812,True,84aaf03a48e75c5be699303d55c89b36f7c99a5d87984c6318db1d1d077589a2
US-SOUTHEAST,ELECTRICAL_EQUIPMENT,2024-11-01,152.702989,2019-01-01,100.0,SYNTHETIC_RESEARCH_FIXTURE,OG-SYNTH-0.3,B1-0.3,build_opus_synthetic_programme_v0_3.py@0.3,20260812,True,96d2b4e06850bf4807584d6ebd9ecd5d8c924953ae538b46d8838d7ab8574d7e
US-SOUTHEAST,ELECTRICAL_EQUIPMENT,2024-12-01,153.032276,2019-01-01,100.0,SYNTHETIC_RESEARCH_FIXTURE,OG-SYNTH-0.3,B1-0.3,build_opus_synthetic_programme_v0_3.py@0.3,20260812,True,ca6b58dc8fb730acabd959ad3660de431c16cc82d7b550ae22ed9705abcfb3f0
US-SOUTHEAST,ELECTRICAL_EQUIPMENT,2025-01-01,153.294285,2019-01-01,100.0,SYNTHETIC_RESEARCH_FIXTURE,OG-SYNTH-0.3,B1-0.3,build_opus_synthetic_programme_v0_3.py@0.3,20260812,True,7b96569a2fb82eca60aad5b0e81fd1d9d585cba5c5ea95f3406cb340792dfe26
US-SOUTHEAST,ELECTRICAL_EQUIPMENT,2025-02-01,153.914275,2019-01-01,100.0,SYNTHETIC_RESEARCH_FIXTURE,OG-SYNTH-0.3,B1-0.3,build_opus_synthetic_programme_v0_3.py@0.3,20260812,True,44b8e9d6c46b61a436edc4075015b1fbcaaa20b746653b9764d58356b5385215
US-SOUTHEAST,ELECTRICAL_EQUIPMENT,2025-03-01,154.349368,2019-01-01,100.0,SYNTHETIC_RESEARCH_FIXTURE,OG-SYNTH-0.3,B1-0.3,build_opus_synthetic_programme_v0_3.py@0.3,20260812,True,adcb2e32d1bdafd06214829d0335e0fc90acabbfaaa7281e2cab48a92b24eb41
US-SOUTHEAST,ELECTRICAL_EQUIPMENT,2025-04-01,154.642155,2019-01-01,100.0,SYNTHETIC_RESEARCH_FIXTURE,OG-SYNTH-0.3,B1-0.3,build_opus_synthetic_programme_v0_3.py@0.3,20260812,True,74e60a732505055c5264b363482eb3c4fd6f51a09bcea3c026dd185950f3ca80
US-SOUTHEAST,ELECTRICAL_EQUIPMENT,2025-05-01,154.784213,2019-01-01,100.0,SYNTHETIC_RESEARCH_FIXTURE,OG-SYNTH-0.3,B1-0.3,build_opus_synthetic_programme_v0_3.py@0.3,20260812,True,312bcd8849fd9726c17b14eb53c78235fbfb87d6f01747bf149228ac868fbb25
US-SOUTHEAST,ELECTRICAL_EQUIPMENT,2025-06-01,155.160381,2019-01-01,100.0,SYNTHETIC_RESEARCH_FIXTURE,OG-SYNTH-0.3,B1-0.3,build_opus_synthetic_programme_v0_3.py@0.3,20260812,True,3d271ad336e6c5ca9b513abf124ba1a7f01a9caf1a418e8f8f79dd326ec55a37
US-SOUTHEAST,ELECTRICAL_EQUIPMENT,2025-07-01,156.171919,2019-01-01,100.0,SYNTHETIC_RESEARCH_FIXTURE,OG-SYNTH-0.3,B1-0.3,build_opus_synthetic_programme_v0_3.py@0.3,20260812,True,0b7b8bacaf5728189f20299a1afb863fa2c9d18763f3594bffa57338a1782363
US-SOUTHEAST,ELECTRICAL_EQUIPMENT,2025-08-01,156.33769,2019-01-01,100.0,SYNTHETIC_RESEARCH_FIXTURE,OG-SYNTH-0.3,B1-0.3,build_opus_synthetic_programme_v0_3.py@0.3,20260812,True,19e41c88a4aeb05c6fccf0491103390639915d50c39d3a9980ed21db5f5bd17e
US-SOUTHEAST,ELECTRICAL_EQUIPMENT,2025-09-01,156.329878,2019-01-01,100.0,SYNTHETIC_RESEARCH_FIXTURE,OG-SYNTH-0.3,B1-0.3,build_opus_synthetic_programme_v0_3.py@0.3,20260812,True,62830046267e937c6d0f78bee9f7cd5fe386c23f05b66f34879a3381c6ffe6e5
US-SOUTHEAST,ELECTRICAL_EQUIPMENT,2025-10-01,156.913332,2019-01-01,100.0,SYNTHETIC_RESEARCH_FIXTURE,OG-SYNTH-0.3,B1-0.3,build_opus_synthetic_programme_v0_3.py@0.3,20260812,True,f7aa7f5e7546a8b53a7e5e2bcda02ddff835af97532cf3d05cd0c0810697636f
US-SOUTHEAST,ELECTRICAL_EQUIPMENT,2025-11-01,157.191509,2019-01-01,100.0,SYNTHETIC_RESEARCH_FIXTURE,OG-SYNTH-0.3,B1-0.3,build_opus_synthetic_programme_v0_3.py@0.3,20260812,True,c20e770dbbeba483171f7a13ebf3bb06e85f92e6f92a81354d76da719b917cf7
US-SOUTHEAST,ELECTRICAL_EQUIPMENT,2025-12-01,157.807119,2019-01-01,100.0,SYNTHETIC_RESEARCH_FIXTURE,OG-SYNTH-0.3,B1-0.3,build_opus_synthetic_programme_v0_3.py@0.3,20260812,True,2f5cfcda9a9b7c08888560993e80762d3eec68ba34b81afca5f5036471ef5a1d
US-SOUTHEAST,ELECTRICAL_EQUIPMENT,2026-01-01,158.130246,2019-01-01,100.0,SYNTHETIC_RESEARCH_FIXTURE,OG-SYNTH-0.3,B1-0.3,build_opus_synthetic_programme_v0_3.py@0.3,20260812,True,0d1949fc1ea069cc1459f6db2778afe7d87ed1af55a5b27d913edd724b3af483
US-SOUTHEAST,ELECTRICAL_EQUIPMENT,2026-02-01,158.581657,2019-01-01,100.0,SYNTHETIC_RESEARCH_FIXTURE,OG-SYNTH-0.3,B1-0.3,build_opus_synthetic_programme_v0_3.py@0.3,20260812,True,4dfc3edfa0763e082cc5b5aeab9b464f18b32ed086581a4bce164fa95912a086
US-SOUTHEAST,ELECTRICAL_EQUIPMENT,2026-03-01,158.868431,2019-01-01,100.0,SYNTHETIC_RESEARCH_FIXTURE,OG-SYNTH-0.3,B1-0.3,build_opus_synthetic_programme_v0_3.py@0.3,20260812,True,3e258fe867124aea8cb67508d0251a1456614e2455aac9868ededc3c08762337
US-SOUTHEAST,ELECTRICAL_EQUIPMENT,2026-04-01,158.698441,2019-01-01,100.0,SYNTHETIC_RESEARCH_FIXTURE,OG-SYNTH-0.3,B1-0.3,build_opus_synthetic_programme_v0_3.py@0.3,20260812,True,840d0256da7c6097979533f6e2ad8a6be9971863292b41d26b7ffec7b51a6346
US-SOUTHEAST,ELECTRICAL_EQUIPMENT,2026-05-01,159.267921,2019-01-01,100.0,SYNTHETIC_RESEARCH_FIXTURE,OG-SYNTH-0.3,B1-0.3,build_opus_synthetic_programme_v0_3.py@0.3,20260812,True,46d8e4098a6906203189c15b975d7523431f395f2a115c7240c98fb2eef68ac6
US-SOUTHEAST,ELECTRICAL_EQUIPMENT,2026-06-01,159.778254,2019-01-01,100.0,SYNTHETIC_RESEARCH_FIXTURE,OG-SYNTH-0.3,B1-0.3,build_opus_synthetic_programme_v0_3.py@0.3,20260812,True,1c764aa2e489c112ea5bbf232c79a8cc2270de9bd576eac5eaaf5bcfcca610d2
US-SOUTHEAST,ELECTRICAL_EQUIPMENT,2026-07-01,160.356008,2019-01-01,100.0,SYNTHETIC_RESEARCH_FIXTURE,OG-SYNTH-0.3,B1-0.3,build_opus_synthetic_programme_v0_3.py@0.3,20260812,True,68f44e104f83f420347faa06f71352f4ba04f04d69e600fceb8cd6ae548a30bb
US-SOUTHEAST,ELECTRICAL_EQUIPMENT,2026-08-01,160.299194,2019-01-01,100.0,SYNTHETIC_RESEARCH_FIXTURE,OG-SYNTH-0.3,B1-0.3,build_opus_synthetic_programme_v0_3.py@0.3,20260812,True,de4258bf2a9db82d514bf8300d9ffa5e80fcce06ab80a3ceb7e745fc1a4bc549
US-SOUTHEAST,ELECTRICAL_EQUIPMENT,2026-09-01,160.611263,2019-01-01,100.0,SYNTHETIC_RESEARCH_FIXTURE,OG-SYNTH-0.3,B1-0.3,build_opus_synthetic_programme_v0_3.py@0.3,20260812,True,93025fb6a1fe4aaf7f60a216d6439a40ab967f2c1e0eb53dd180795beb079aa6
US-SOUTHEAST,ELECTRICAL_EQUIPMENT,2026-10-01,161.230699,2019-01-01,100.0,SYNTHETIC_RESEARCH_FIXTURE,OG-SYNTH-0.3,B1-0.3,build_opus_synthetic_programme_v0_3.py@0.3,20260812,True,02555c11e24fbca9d278ce07052442201d133aa5b296e8e6848f2680b562e063
US-SOUTHEAST,ELECTRICAL_EQUIPMENT,2026-11-01,161.583665,2019-01-01,100.0,SYNTHETIC_RESEARCH_FIXTURE,OG-SYNTH-0.3,B1-0.3,build_opus_synthetic_programme_v0_3.py@0.3,20260812,True,e6f5eafa9e38322d3f947276b684838508cd171ca8de3fab5ce8a9d0e7b8accc
US-SOUTHEAST,ELECTRICAL_EQUIPMENT,2026-12-01,161.815576,2019-01-01,100.0,SYNTHETIC_RESEARCH_FIXTURE,OG-SYNTH-0.3,B1-0.3,build_opus_synthetic_programme_v0_3.py@0.3,20260812,True,b5558438f98fad7ad804f1fcf29c1d90c7e406563b08daf8dea278b6f8b42974
US-SOUTHEAST,MECHANICAL_EQUIPMENT,2019-01-01,111.096494,2019-01-01,100.0,SYNTHETIC_RESEARCH_FIXTURE,OG-SYNTH-0.3,B1-0.3,build_opus_synthetic_programme_v0_3.py@0.3,20260812,True,740cd766a51d30984ffca3aa3a4e5d9dc849f7095cab5c20a68b3bcb8b873fcf
US-SOUTHEAST,MECHANICAL_EQUIPMENT,2019-02-01,110.971373,2019-01-01,100.0,SYNTHETIC_RESEARCH_FIXTURE,OG-SYNTH-0.3,B1-0.3,build_opus_synthetic_programme_v0_3.py@0.3,20260812,True,f799b1dd22124e129f9e2ba3f7933e6876a0cfa0f1116e5d7334db0577eb9940
US-SOUTHEAST,MECHANICAL_EQUIPMENT,2019-03-01,111.288617,2019-01-01,100.0,SYNTHETIC_RESEARCH_FIXTURE,OG-SYNTH-0.3,B1-0.3,build_opus_synthetic_programme_v0_3.py@0.3,20260812,True,592538bb69df88359f192a1695dea6728ab03d959088f69e114ed12eed46a605
US-SOUTHEAST,MECHANICAL_EQUIPMENT,2019-04-01,111.864829,2019-01-01,100.0,SYNTHETIC_RESEARCH_FIXTURE,OG-SYNTH-0.3,B1-0.3,build_opus_synthetic_programme_v0_3.py@0.3,20260812,True,9de4386526c853e7f7ae973df9288fc35b4c1bfa3ddfbabd5c1f68c1c10f4b73
US-SOUTHEAST,MECHANICAL_EQUIPMENT,2019-05-01,111.821803,2019-01-01,100.0,SYNTHETIC_RESEARCH_FIXTURE,OG-SYNTH-0.3,B1-0.3,build_opus_synthetic_programme_v0_3.py@0.3,20260812,True,bd271495c8273f0e54ae53e8a4d653d65b611da3bb6721094fe388b6e8411aab
US-SOUTHEAST,MECHANICAL_EQUIPMENT,2019-06-01,112.131821,2019-01-01,100.0,SYNTHETIC_RESEARCH_FIXTURE,OG-SYNTH-0.3,B1-0.3,build_opus_synthetic_programme_v0_3.py@0.3,20260812,True,67fa74dac8269ea4572a688753d264052e5524808428ad491fb5a11c739b4e8f
US-SOUTHEAST,MECHANICAL_EQUIPMENT,2019-07-01,112.618702,2019-01-01,100.0,SYNTHETIC_RESEARCH_FIXTURE,OG-SYNTH-0.3,B1-0.3,build_opus_synthetic_programme_v0_3.py@0.3,20260812,True,030bccc8c68c150d0e9e6eff5d98b5d3e85eef5210f717d8a5a05cf049d63ced
US-SOUTHEAST,MECHANICAL_EQUIPMENT,2019-08-01,112.704238,2019-01-01,100.0,SYNTHETIC_RESEARCH_FIXTURE,OG-SYNTH-0.3,B1-0.3,build_opus_synthetic_programme_v0_3.py@0.3,20260812,True,774e018bfee26fa718a0bbd3b108fb77b32e0343a5d28e7a2b87b0837e4519a3
US-SOUTHEAST,MECHANICAL_EQUIPMENT,2019-09-01,113.135299,2019-01-01,100.0,SYNTHETIC_RESEARCH_FIXTURE,OG-SYNTH-0.3,B1-0.3,build_opus_synthetic_programme_v0_3.py@0.3,20260812,True,c1672708d34f06a34d7ea80c8bb0da4c11a96dd204b571c15fec2529e872b6c0
US-SOUTHEAST,MECHANICAL_EQUIPMENT,2019-10-01,113.689944,2019-01-01,100.0,SYNTHETIC_RESEARCH_FIXTURE,OG-SYNTH-0.3,B1-0.3,build_opus_synthetic_programme_v0_3.py@0.3,20260812,True,d797d1ab5a2493c061f1259885a80568abf407050cb865518c2975b113789e49
US-SOUTHEAST,MECHANICAL_EQUIPMENT,2019-11-01,113.77029,2019-01-01,100.0,SYNTHETIC_RESEARCH_FIXTURE,OG-SYNTH-0.3,B1-0.3,build_opus_synthetic_programme_v0_3.py@0.3,20260812,True,8d07819a60bde3600a4b25a2f12759ccbbfadb8ba44a254faeb6aaabf664776e
US-SOUTHEAST,MECHANICAL_EQUIPMENT,2019-12-01,114.221369,2019-01-01,100.0,SYNTHETIC_RESEARCH_FIXTURE,OG-SYNTH-0.3,B1-0.3,build_opus_synthetic_programme_v0_3.py@0.3,20260812,True,7e7c53d3a52ae487b0285b9cc5b4832e48faa4572c8789813a5d4d83ac79709e
US-SOUTHEAST,MECHANICAL_EQUIPMENT,2020-01-01,114.524838,2019-01-01,100.0,SYNTHETIC_RESEARCH_FIXTURE,OG-SYNTH-0.3,B1-0.3,build_opus_synthetic_programme_v0_3.py@0.3,20260812,True,8526187fe7a103d47eee85064fc7054036fda5cd64d707aac60f692b02e24806
US-SOUTHEAST,MECHANICAL_EQUIPMENT,2020-02-01,114.688572,2019-01-01,100.0,SYNTHETIC_RESEARCH_FIXTURE,OG-SYNTH-0.3,B1-0.3,build_opus_synthetic_programme_v0_3.py@0.3,20260812,True,b955e2cc85b8db55d0b2bed1567e6e86d7b64890d8769327b949f0bc972a5fd4
US-SOUTHEAST,MECHANICAL_EQUIPMENT,2020-03-01,115.397209,2019-01-01,100.0,SYNTHETIC_RESEARCH_FIXTURE,OG-SYNTH-0.3,B1-0.3,build_opus_synthetic_programme_v0_3.py@0.3,20260812,True,1d619e8ff58f918ec4f44bc9987d0e96bb3c3fedf21f3c24c29e0e15490bf41c
US-SOUTHEAST,MECHANICAL_EQUIPMENT,2020-04-01,115.825991,2019-01-01,100.0,SYNTHETIC_RESEARCH_FIXTURE,OG-SYNTH-0.3,B1-0.3,build_opus_synthetic_programme_v0_3.py@0.3,20260812,True,267c05904511d8888dfe206323c886cd1f66ab8216da10b6e2d876d76f0da667
US-SOUTHEAST,MECHANICAL_EQUIPMENT,2020-05-01,115.989408,2019-01-01,100.0,SYNTHETIC_RESEARCH_FIXTURE,OG-SYNTH-0.3,B1-0.3,build_opus_synthetic_programme_v0_3.py@0.3,20260812,True,1040fbae24339e94dce89b74d9100f3a899587224f5f435fb833ffdd925b5168
US-SOUTHEAST,MECHANICAL_EQUIPMENT,2020-06-01,115.844653,2019-01-01,100.0,SYNTHETIC_RESEARCH_FIXTURE,OG-SYNTH-0.3,B1-0.3,build_opus_synthetic_programme_v0_3.py@0.3,20260812,True,c3f5967eebf30f231664aad97700e9765ba01d4018fd38fe049cfc729aab7a15
US-SOUTHEAST,MECHANICAL_EQUIPMENT,2020-07-01,116.422405,2019-01-01,100.0,SYNTHETIC_RESEARCH_FIXTURE,OG-SYNTH-0.3,B1-0.3,build_opus_synthetic_programme_v0_3.py@0.3,20260812,True,41a5a477d3360c017a5d3eca089daba538efb081b31edd5ee7cddbd000adb487
US-SOUTHEAST,MECHANICAL_EQUIPMENT,2020-08-01,116.804856,2019-01-01,100.0,SYNTHETIC_RESEARCH_FIXTURE,OG-SYNTH-0.3,B1-0.3,build_opus_synthetic_programme_v0_3.py@0.3,20260812,True,0bdb31217a9b5f1c36cff5eae8eb99075eab39131abe539daa6deb27d1248e15
US-SOUTHEAST,MECHANICAL_EQUIPMENT,2020-09-01,117.428734,2019-01-01,100.0,SYNTHETIC_RESEARCH_FIXTURE,OG-SYNTH-0.3,B1-0.3,build_opus_synthetic_programme_v0_3.py@0.3,20260812,True,f99e563d3e02375154555c63a4ece7ab155cbb3fbdba0975cfda83ebee4174ed
US-SOUTHEAST,MECHANICAL_EQUIPMENT,2020-10-01,117.506653,2019-01-01,100.0,SYNTHETIC_RESEARCH_FIXTURE,OG-SYNTH-0.3,B1-0.3,build_opus_synthetic_programme_v0_3.py@0.3,20260812,True,78682f17ce0a0240e2947a0468e760650985325c7e96f9c816caa4e26b5a7c63
US-SOUTHEAST,MECHANICAL_EQUIPMENT,2020-11-01,117.796457,2019-01-01,100.0,SYNTHETIC_RESEARCH_FIXTURE,OG-SYNTH-0.3,B1-0.3,build_opus_synthetic_programme_v0_3.py@0.3,20260812,True,a75ccce40938c58aae8e7fa0669781f0740058cc0de10c7f55ce2b8d6458ef20
US-SOUTHEAST,MECHANICAL_EQUIPMENT,2020-12-01,117.848214,2019-01-01,100.0,SYNTHETIC_RESEARCH_FIXTURE,OG-SYNTH-0.3,B1-0.3,build_opus_synthetic_programme_v0_3.py@0.3,20260812,True,f8a170d2e1e3f0c2f0b56f395b153b1a9320dfdcff83e7d3952cf5da633cf907
US-SOUTHEAST,MECHANICAL_EQUIPMENT,2021-01-01,117.684573,2019-01-01,100.0,SYNTHETIC_RESEARCH_FIXTURE,OG-SYNTH-0.3,B1-0.3,build_opus_synthetic_programme_v0_3.py@0.3,20260812,True,2faf448f3c66956e6e30ee5b3af8ddcca78da589811e6af203811027cb541606
US-SOUTHEAST,MECHANICAL_EQUIPMENT,2021-02-01,117.885914,2019-01-01,100.0,SYNTHETIC_RESEARCH_FIXTURE,OG-SYNTH-0.3,B1-0.3,build_opus_synthetic_programme_v0_3.py@0.3,20260812,True,c592e54b828668bac8838bec742018af1fb2ed67556a4df67e5996fe7b76375b
US-SOUTHEAST,MECHANICAL_EQUIPMENT,2021-03-01,117.668911,2019-01-01,100.0,SYNTHETIC_RESEARCH_FIXTURE,OG-SYNTH-0.3,B1-0.3,build_opus_synthetic_programme_v0_3.py@0.3,20260812,True,478addb5abb6ee0136ac85613408f1a2338e41cfab65921b996fc5dc8746bdc5
US-SOUTHEAST,MECHANICAL_EQUIPMENT,2021-04-01,117.385694,2019-01-01,100.0,SYNTHETIC_RESEARCH_FIXTURE,OG-SYNTH-0.3,B1-0.3,build_opus_synthetic_programme_v0_3.py@0.3,20260812,True,cc2cd833bb81fe53c48141618507d9a87cdadd2f4284528bb6ab0073801fee09
US-SOUTHEAST,MECHANICAL_EQUIPMENT,2021-05-01,119.780675,2019-01-01,100.0,SYNTHETIC_RESEARCH_FIXTURE,OG-SYNTH-0.3,B1-0.3,build_opus_synthetic_programme_v0_3.py@0.3,20260812,True,6219ce6cacb9940f826327f8fd3353ee6080023d69c1ced76e75729e314fba31
US-SOUTHEAST,MECHANICAL_EQUIPMENT,2021-06-01,121.63304,2019-01-01,100.0,SYNTHETIC_RESEARCH_FIXTURE,OG-SYNTH-0.3,B1-0.3,build_opus_synthetic_programme_v0_3.py@0.3,20260812,True,b792063689e611c6bf7b59291614eaa6e5110c64e045e49a80b3198f017339e1
US-SOUTHEAST,MECHANICAL_EQUIPMENT,2021-07-01,123.513694,2019-01-01,100.0,SYNTHETIC_RESEARCH_FIXTURE,OG-SYNTH-0.3,B1-0.3,build_opus_synthetic_programme_v0_3.py@0.3,20260812,True,f7340bbb796dfb2969e78aeb2dc89e9d076b58ad2edb96d761e146cf34af8b8d
US-SOUTHEAST,MECHANICAL_EQUIPMENT,2021-08-01,125.294683,2019-01-01,100.0,SYNTHETIC_RESEARCH_FIXTURE,OG-SYNTH-0.3,B1-0.3,build_opus_synthetic_programme_v0_3.py@0.3,20260812,True,1608a4b5959bc02f8011da72476d601125a928b2d4761da986c9a3859871d141
US-SOUTHEAST,MECHANICAL_EQUIPMENT,2021-09-01,127.313665,2019-01-01,100.0,SYNTHETIC_RESEARCH_FIXTURE,OG-SYNTH-0.3,B1-0.3,build_opus_synthetic_programme_v0_3.py@0.3,20260812,True,3a8ecae3546a8edd573fe6c3c573c36db6ecc7bce4e5a74c4fc558f6405aa632
US-SOUTHEAST,MECHANICAL_EQUIPMENT,2021-10-01,128.690006,2019-01-01,100.0,SYNTHETIC_RESEARCH_FIXTURE,OG-SYNTH-0.3,B1-0.3,build_opus_synthetic_programme_v0_3.py@0.3,20260812,True,e7b405b90b64c3630e6f95fe19a72df22be115403d9ef0fe94f90b74d83bd12a
US-SOUTHEAST,MECHANICAL_EQUIPMENT,2021-11-01,130.498005,2019-01-01,100.0,SYNTHETIC_RESEARCH_FIXTURE,OG-SYNTH-0.3,B1-0.3,build_opus_synthetic_programme_v0_3.py@0.3,20260812,True,d91f510c2400c57eaa5df8f5b9668cc993d861993adf2a6d40206e6852c72e31
US-SOUTHEAST,MECHANICAL_EQUIPMENT,2021-12-01,132.47813,2019-01-01,100.0,SYNTHETIC_RESEARCH_FIXTURE,OG-SYNTH-0.3,B1-0.3,build_opus_synthetic_programme_v0_3.py@0.3,20260812,True,dc786ba1fe25063921faec8a71e6af3443c85e91d09008275240c28d9ee4914e
US-SOUTHEAST,MECHANICAL_EQUIPMENT,2022-01-01,134.540543,2019-01-01,100.0,SYNTHETIC_RESEARCH_FIXTURE,OG-SYNTH-0.3,B1-0.3,build_opus_synthetic_programme_v0_3.py@0.3,20260812,True,1f9f98e23e65aa127a40ae53cc6e5e343c895e896332290d30232ab35ea48de5
US-SOUTHEAST,MECHANICAL_EQUIPMENT,2022-02-01,136.566208,2019-01-01,100.0,SYNTHETIC_RESEARCH_FIXTURE,OG-SYNTH-0.3,B1-0.3,build_opus_synthetic_programme_v0_3.py@0.3,20260812,True,7440c2d9f7443d4ef022e7fe83de5e1fa91aa3e5d3a379c265e1a6c40ee2d74a
US-SOUTHEAST,MECHANICAL_EQUIPMENT,2022-03-01,138.060277,2019-01-01,100.0,SYNTHETIC_RESEARCH_FIXTURE,OG-SYNTH-0.3,B1-0.3,build_opus_synthetic_programme_v0_3.py@0.3,20260812,True,b2b1bf63eac1c8ae1ae61dc86b61a85838140247fbde3aeed2ae88af5537c852
US-SOUTHEAST,MECHANICAL_EQUIPMENT,2022-04-01,139.960387,2019-01-01,100.0,SYNTHETIC_RESEARCH_FIXTURE,OG-SYNTH-0.3,B1-0.3,build_opus_synthetic_programme_v0_3.py@0.3,20260812,True,f1165391cc5dbbad18b2e2198a00afde0c5d1e70ec435bcb34c2d46cffcf2ac5
US-SOUTHEAST,MECHANICAL_EQUIPMENT,2022-05-01,142.487347,2019-01-01,100.0,SYNTHETIC_RESEARCH_FIXTURE,OG-SYNTH-0.3,B1-0.3,build_opus_synthetic_programme_v0_3.py@0.3,20260812,True,7d6a3707d51efbc2e0843777ed0349736100924c49b80d05ce75c2d12cd9975a
US-SOUTHEAST,MECHANICAL_EQUIPMENT,2022-06-01,142.609345,2019-01-01,100.0,SYNTHETIC_RESEARCH_FIXTURE,OG-SYNTH-0.3,B1-0.3,build_opus_synthetic_programme_v0_3.py@0.3,20260812,True,6a36123774ff3cfb4389b4c7fe49e08b389788d9a76a479a3fe98d3b7d374b0e
US-SOUTHEAST,MECHANICAL_EQUIPMENT,2022-07-01,142.585485,2019-01-01,100.0,SYNTHETIC_RESEARCH_FIXTURE,OG-SYNTH-0.3,B1-0.3,build_opus_synthetic_programme_v0_3.py@0.3,20260812,True,82d0e05e34c8b16a7d0329dfdc3bb547311d6b4b58e9a8efbb1017d19fc1d080
US-SOUTHEAST,MECHANICAL_EQUIPMENT,2022-08-01,142.720229,2019-01-01,100.0,SYNTHETIC_RESEARCH_FIXTURE,OG-SYNTH-0.3,B1-0.3,build_opus_synthetic_programme_v0_3.py@0.3,20260812,True,8f04a5ea8e34673bff0deb29347f2b106a3a2b2ff81a6091dfc9cf6eac8e3f15
US-SOUTHEAST,MECHANICAL_EQUIPMENT,2022-09-01,143.160556,2019-01-01,100.0,SYNTHETIC_RESEARCH_FIXTURE,OG-SYNTH-0.3,B1-0.3,build_opus_synthetic_programme_v0_3.py@0.3,20260812,True,27c96008f916c3cfe86241609bf934092870574ee949f696415e7876715a4e5b
US-SOUTHEAST,MECHANICAL_EQUIPMENT,2022-10-01,143.34547,2019-01-01,100.0,SYNTHETIC_RESEARCH_FIXTURE,OG-SYNTH-0.3,B1-0.3,build_opus_synthetic_programme_v0_3.py@0.3,20260812,True,9686e94b8de664bedc963ed9dfe90c3aa1164219886b5844f7db4fb498bd1430
US-SOUTHEAST,MECHANICAL_EQUIPMENT,2022-11-01,143.585708,2019-01-01,100.0,SYNTHETIC_RESEARCH_FIXTURE,OG-SYNTH-0.3,B1-0.3,build_opus_synthetic_programme_v0_3.py@0.3,20260812,True,e6e6cd06cef7470793b290ddaeb5655d176ed705f29d17889d35adc8704707d0
US-SOUTHEAST,MECHANICAL_EQUIPMENT,2022-12-01,143.923546,2019-01-01,100.0,SYNTHETIC_RESEARCH_FIXTURE,OG-SYNTH-0.3,B1-0.3,build_opus_synthetic_programme_v0_3.py@0.3,20260812,True,ba58e1353861ae98a562feccdda264266e44b06246de046a7c2698ca9ce4f49a
US-SOUTHEAST,MECHANICAL_EQUIPMENT,2023-01-01,144.271793,2019-01-01,100.0,SYNTHETIC_RESEARCH_FIXTURE,OG-SYNTH-0.3,B1-0.3,build_opus_synthetic_programme_v0_3.py@0.3,20260812,True,2da25722f73af34e8701b9d0ff614c6dede0ebed0aa8ca2087a6e3002c1447c2
US-SOUTHEAST,MECHANICAL_EQUIPMENT,2023-02-01,144.967263,2019-01-01,100.0,SYNTHETIC_RESEARCH_FIXTURE,OG-SYNTH-0.3,B1-0.3,build_opus_synthetic_programme_v0_3.py@0.3,20260812,True,53a23e6d9bf6b36bf0055a67895543900a5f4aa0f7cc87c34c7430bc5ee5812b
US-SOUTHEAST,MECHANICAL_EQUIPMENT,2023-03-01,145.459486,2019-01-01,100.0,SYNTHETIC_RESEARCH_FIXTURE,OG-SYNTH-0.3,B1-0.3,build_opus_synthetic_programme_v0_3.py@0.3,20260812,True,f38e481172bb7855dbfe97cd5fb2351a49aaac76aa94dd8a57036bf4ad65ee37
US-SOUTHEAST,MECHANICAL_EQUIPMENT,2023-04-01,145.578269,2019-01-01,100.0,SYNTHETIC_RESEARCH_FIXTURE,OG-SYNTH-0.3,B1-0.3,build_opus_synthetic_programme_v0_3.py@0.3,20260812,True,437dc71f87c5e9a7d15d9be84ef3d6ef29590a014e2162b1d74a1746079f8d1b
US-SOUTHEAST,MECHANICAL_EQUIPMENT,2023-05-01,145.720973,2019-01-01,100.0,SYNTHETIC_RESEARCH_FIXTURE,OG-SYNTH-0.3,B1-0.3,build_opus_synthetic_programme_v0_3.py@0.3,20260812,True,586f226f59571de40c518dbec9f22a17be58528e5f7cab47493da00a2c7787a7
US-SOUTHEAST,MECHANICAL_EQUIPMENT,2023-06-01,145.889503,2019-01-01,100.0,SYNTHETIC_RESEARCH_FIXTURE,OG-SYNTH-0.3,B1-0.3,build_opus_synthetic_programme_v0_3.py@0.3,20260812,True,a56657ee8dffe5166258da213be2d78f692c5ad822b99be4e28af993694bc8f9
US-SOUTHEAST,MECHANICAL_EQUIPMENT,2023-07-01,146.229377,2019-01-01,100.0,SYNTHETIC_RESEARCH_FIXTURE,OG-SYNTH-0.3,B1-0.3,build_opus_synthetic_programme_v0_3.py@0.3,20260812,True,2e387de308962c61e073df8bdaf974744caf009d4e0b61416fd0eadff2cba1cf
US-SOUTHEAST,MECHANICAL_EQUIPMENT,2023-08-01,146.849463,2019-01-01,100.0,SYNTHETIC_RESEARCH_FIXTURE,OG-SYNTH-0.3,B1-0.3,build_opus_synthetic_programme_v0_3.py@0.3,20260812,True,94e219471bc66fd06a7c8cd6d5df77363a5bc3f36dc99d899902b3fbd654f05d
US-SOUTHEAST,MECHANICAL_EQUIPMENT,2023-09-01,147.007044,2019-01-01,100.0,SYNTHETIC_RESEARCH_FIXTURE,OG-SYNTH-0.3,B1-0.3,build_opus_synthetic_programme_v0_3.py@0.3,20260812,True,9027eb7d439f551c031f7fc1bd83100d55f9316d90a5ee60f544342e9e3f5c6d
US-SOUTHEAST,MECHANICAL_EQUIPMENT,2023-10-01,147.255708,2019-01-01,100.0,SYNTHETIC_RESEARCH_FIXTURE,OG-SYNTH-0.3,B1-0.3,build_opus_synthetic_programme_v0_3.py@0.3,20260812,True,5cf73d5cbce29863c8cdb1de5e33ad06ec826a46857fe04de479551cef41e9f4
US-SOUTHEAST,MECHANICAL_EQUIPMENT,2023-11-01,148.014737,2019-01-01,100.0,SYNTHETIC_RESEARCH_FIXTURE,OG-SYNTH-0.3,B1-0.3,build_opus_synthetic_programme_v0_3.py@0.3,20260812,True,abe3f29df6d213016252e93e19e850572b96c0db02e48095da471b78bfaa8a50
US-SOUTHEAST,MECHANICAL_EQUIPMENT,2023-12-01,148.728232,2019-01-01,100.0,SYNTHETIC_RESEARCH_FIXTURE,OG-SYNTH-0.3,B1-0.3,build_opus_synthetic_programme_v0_3.py@0.3,20260812,True,41363311187ae70179a6d458906aabaf37ee0b7cce1b7c3e83e8340eb0da2808
US-SOUTHEAST,MECHANICAL_EQUIPMENT,2024-01-01,149.390385,2019-01-01,100.0,SYNTHETIC_RESEARCH_FIXTURE,OG-SYNTH-0.3,B1-0.3,build_opus_synthetic_programme_v0_3.py@0.3,20260812,True,4fddb51cbd4bf8776d87490f0397e20177780fb81bce3d5b68a87a5359c974c7
US-SOUTHEAST,MECHANICAL_EQUIPMENT,2024-02-01,150.327895,2019-01-01,100.0,SYNTHETIC_RESEARCH_FIXTURE,OG-SYNTH-0.3,B1-0.3,build_opus_synthetic_programme_v0_3.py@0.3,20260812,True,d0cdb4f01c737d948476ddc02b4fa43f9c9edbaadc24f8bdf5de73005219f1c4
US-SOUTHEAST,MECHANICAL_EQUIPMENT,2024-03-01,151.177533,2019-01-01,100.0,SYNTHETIC_RESEARCH_FIXTURE,OG-SYNTH-0.3,B1-0.3,build_opus_synthetic_programme_v0_3.py@0.3,20260812,True,fe771bd8e95bf98e140969733932083fe40d75e007dc5a305ed6cddf5ae3a7ae
US-SOUTHEAST,MECHANICAL_EQUIPMENT,2024-04-01,152.355425,2019-01-01,100.0,SYNTHETIC_RESEARCH_FIXTURE,OG-SYNTH-0.3,B1-0.3,build_opus_synthetic_programme_v0_3.py@0.3,20260812,True,b8709ecf0c6c68d3d026878206927533f21a4d0f9996f2a0493151caf987a856
US-SOUTHEAST,MECHANICAL_EQUIPMENT,2024-05-01,153.54102,2019-01-01,100.0,SYNTHETIC_RESEARCH_FIXTURE,OG-SYNTH-0.3,B1-0.3,build_opus_synthetic_programme_v0_3.py@0.3,20260812,True,7dcda53fd7a28da29ae2f226713df9e44ff4a91e91bdadd79a37bd6a270a6f98
US-SOUTHEAST,MECHANICAL_EQUIPMENT,2024-06-01,154.525775,2019-01-01,100.0,SYNTHETIC_RESEARCH_FIXTURE,OG-SYNTH-0.3,B1-0.3,build_opus_synthetic_programme_v0_3.py@0.3,20260812,True,f10d78fc8f85de790fe0e3d15f4cb400649b5c3bd268eca3bc554e69e95fc1da
US-SOUTHEAST,MECHANICAL_EQUIPMENT,2024-07-01,155.515578,2019-01-01,100.0,SYNTHETIC_RESEARCH_FIXTURE,OG-SYNTH-0.3,B1-0.3,build_opus_synthetic_programme_v0_3.py@0.3,20260812,True,d26a445748842a5c4ff40e007102075703e61438642d69cc9928cacb80f6d144
US-SOUTHEAST,MECHANICAL_EQUIPMENT,2024-08-01,156.047725,2019-01-01,100.0,SYNTHETIC_RESEARCH_FIXTURE,OG-SYNTH-0.3,B1-0.3,build_opus_synthetic_programme_v0_3.py@0.3,20260812,True,d2661ffd361516c483f52ab11a045d64998cc7e8945a3f05c29065ba673ebdb4
US-SOUTHEAST,MECHANICAL_EQUIPMENT,2024-09-01,156.431886,2019-01-01,100.0,SYNTHETIC_RESEARCH_FIXTURE,OG-SYNTH-0.3,B1-0.3,build_opus_synthetic_programme_v0_3.py@0.3,20260812,True,c0fac6da95b233f2aead37165729ef87d392d7f3c83a05bdd8e413bee269e691
US-SOUTHEAST,MECHANICAL_EQUIPMENT,2024-10-01,156.647287,2019-01-01,100.0,SYNTHETIC_RESEARCH_FIXTURE,OG-SYNTH-0.3,B1-0.3,build_opus_synthetic_programme_v0_3.py@0.3,20260812,True,2b0cbfb413330108b67350fc9d955ae4ff9af46ca6a037adfccbf11a46ea3f22
US-SOUTHEAST,MECHANICAL_EQUIPMENT,2024-11-01,156.764494,2019-01-01,100.0,SYNTHETIC_RESEARCH_FIXTURE,OG-SYNTH-0.3,B1-0.3,build_opus_synthetic_programme_v0_3.py@0.3,20260812,True,110ea788962cbf69d2e2040ed962e587ffbd02f791f69a625f067889ef5d4ab4
US-SOUTHEAST,MECHANICAL_EQUIPMENT,2024-12-01,157.028661,2019-01-01,100.0,SYNTHETIC_RESEARCH_FIXTURE,OG-SYNTH-0.3,B1-0.3,build_opus_synthetic_programme_v0_3.py@0.3,20260812,True,a6e4d05600bae030bfbf69c191f21dc0f20326be71afac85b9f9f8e10b9a3f62
US-SOUTHEAST,MECHANICAL_EQUIPMENT,2025-01-01,157.416845,2019-01-01,100.0,SYNTHETIC_RESEARCH_FIXTURE,OG-SYNTH-0.3,B1-0.3,build_opus_synthetic_programme_v0_3.py@0.3,20260812,True,3826764eae6e0a18e6da26ca53dd61a94e67886207ec0e809b1f7ae295053930
US-SOUTHEAST,MECHANICAL_EQUIPMENT,2025-02-01,157.768237,2019-01-01,100.0,SYNTHETIC_RESEARCH_FIXTURE,OG-SYNTH-0.3,B1-0.3,build_opus_synthetic_programme_v0_3.py@0.3,20260812,True,2d66e98b3feeaa504fc325bb841479984a01be005dc21eb7fbef7da3fb619715
US-SOUTHEAST,MECHANICAL_EQUIPMENT,2025-03-01,158.049411,2019-01-01,100.0,SYNTHETIC_RESEARCH_FIXTURE,OG-SYNTH-0.3,B1-0.3,build_opus_synthetic_programme_v0_3.py@0.3,20260812,True,0ebebf2f51967087e27a10e632be8a0ca2251b5e2851e7b0f3b5408dbe0f18db
US-SOUTHEAST,MECHANICAL_EQUIPMENT,2025-04-01,158.432735,2019-01-01,100.0,SYNTHETIC_RESEARCH_FIXTURE,OG-SYNTH-0.3,B1-0.3,build_opus_synthetic_programme_v0_3.py@0.3,20260812,True,c1de5739228c73d2561b2ba943ebe9fb5c05f72197590887031a2fc8407a8a52
US-SOUTHEAST,MECHANICAL_EQUIPMENT,2025-05-01,158.670984,2019-01-01,100.0,SYNTHETIC_RESEARCH_FIXTURE,OG-SYNTH-0.3,B1-0.3,build_opus_synthetic_programme_v0_3.py@0.3,20260812,True,27e620851b3f4b5d1b58cea2442d92a0a8aef6c2a72f9b11bb704df9213cfea7
US-SOUTHEAST,MECHANICAL_EQUIPMENT,2025-06-01,158.732409,2019-01-01,100.0,SYNTHETIC_RESEARCH_FIXTURE,OG-SYNTH-0.3,B1-0.3,build_opus_synthetic_programme_v0_3.py@0.3,20260812,True,9caf3ed03476d1ac28f49325ada44f6da6498071787e4976a9781bbb47e68579
US-SOUTHEAST,MECHANICAL_EQUIPMENT,2025-07-01,158.990953,2019-01-01,100.0,SYNTHETIC_RESEARCH_FIXTURE,OG-SYNTH-0.3,B1-0.3,build_opus_synthetic_programme_v0_3.py@0.3,20260812,True,7d40917d4e8ea2abcbb757aa93c19e79bf75a89ffa40abd2cc7515de67a459ce
US-SOUTHEAST,MECHANICAL_EQUIPMENT,2025-08-01,159.466711,2019-01-01,100.0,SYNTHETIC_RESEARCH_FIXTURE,OG-SYNTH-0.3,B1-0.3,build_opus_synthetic_programme_v0_3.py@0.3,20260812,True,daa238d291c9a2d565627649f874aa70b6a1f8c37477b67bdfcb9cac08f84dda
US-SOUTHEAST,MECHANICAL_EQUIPMENT,2025-09-01,159.802772,2019-01-01,100.0,SYNTHETIC_RESEARCH_FIXTURE,OG-SYNTH-0.3,B1-0.3,build_opus_synthetic_programme_v0_3.py@0.3,20260812,True,d1921cd6608299775f2f94df8ae2cc436542065419d4d5bf76edf8add30ae037
US-SOUTHEAST,MECHANICAL_EQUIPMENT,2025-10-01,160.543308,2019-01-01,100.0,SYNTHETIC_RESEARCH_FIXTURE,OG-SYNTH-0.3,B1-0.3,build_opus_synthetic_programme_v0_3.py@0.3,20260812,True,cb57b733a64080b8992f85fd0a90b7186c121a9d7e4078235e7be082405062da
US-SOUTHEAST,MECHANICAL_EQUIPMENT,2025-11-01,161.421217,2019-01-01,100.0,SYNTHETIC_RESEARCH_FIXTURE,OG-SYNTH-0.3,B1-0.3,build_opus_synthetic_programme_v0_3.py@0.3,20260812,True,f48a4d61c409e7b085389eda533f6273c09e4e16647e92d2ba2e19696476057c
US-SOUTHEAST,MECHANICAL_EQUIPMENT,2025-12-01,161.85001,2019-01-01,100.0,SYNTHETIC_RESEARCH_FIXTURE,OG-SYNTH-0.3,B1-0.3,build_opus_synthetic_programme_v0_3.py@0.3,20260812,True,811555c393ffce55056cfbf6987fe4cbcf49ec714faf7e1bac2ee11b0678e507
US-SOUTHEAST,MECHANICAL_EQUIPMENT,2026-01-01,162.287931,2019-01-01,100.0,SYNTHETIC_RESEARCH_FIXTURE,OG-SYNTH-0.3,B1-0.3,build_opus_synthetic_programme_v0_3.py@0.3,20260812,True,e6c129b241ea6389b6951c873dd36d85109e7c4e8bef0ebafabc70bed09b956d
US-SOUTHEAST,MECHANICAL_EQUIPMENT,2026-02-01,163.237947,2019-01-01,100.0,SYNTHETIC_RESEARCH_FIXTURE,OG-SYNTH-0.3,B1-0.3,build_opus_synthetic_programme_v0_3.py@0.3,20260812,True,83e4cca8d4becdda84fa3bd8935525ad146bb0c57ce27b62641445e619d16776
US-SOUTHEAST,MECHANICAL_EQUIPMENT,2026-03-01,164.017257,2019-01-01,100.0,SYNTHETIC_RESEARCH_FIXTURE,OG-SYNTH-0.3,B1-0.3,build_opus_synthetic_programme_v0_3.py@0.3,20260812,True,b1ed90cd8eed10c5db0ba8136073bb16976c2e451753dea58e774362153a9fd9
US-SOUTHEAST,MECHANICAL_EQUIPMENT,2026-04-01,164.411516,2019-01-01,100.0,SYNTHETIC_RESEARCH_FIXTURE,OG-SYNTH-0.3,B1-0.3,build_opus_synthetic_programme_v0_3.py@0.3,20260812,True,1e7f5568be9635578a15ee83bd608e2a531d1f6a4ebd62901b2cac9537168421
US-SOUTHEAST,MECHANICAL_EQUIPMENT,2026-05-01,164.591884,2019-01-01,100.0,SYNTHETIC_RESEARCH_FIXTURE,OG-SYNTH-0.3,B1-0.3,build_opus_synthetic_programme_v0_3.py@0.3,20260812,True,c8a7812247f175c5fa3ba4b046f3dea176d23e5eaf3385a7fdb69404035505f3
US-SOUTHEAST,MECHANICAL_EQUIPMENT,2026-06-01,164.981344,2019-01-01,100.0,SYNTHETIC_RESEARCH_FIXTURE,OG-SYNTH-0.3,B1-0.3,build_opus_synthetic_programme_v0_3.py@0.3,20260812,True,10f5b97e3f2e78eafb628aaff35c3eeebf706090ca21a7807c3b2b84f7902cce
US-SOUTHEAST,MECHANICAL_EQUIPMENT,2026-07-01,165.064684,2019-01-01,100.0,SYNTHETIC_RESEARCH_FIXTURE,OG-SYNTH-0.3,B1-0.3,build_opus_synthetic_programme_v0_3.py@0.3,20260812,True,79bcfc74d6ddb6be3b55ecede1c3b3874d7f89c1c50a771c0ab6831aeead9163
US-SOUTHEAST,MECHANICAL_EQUIPMENT,2026-08-01,165.258358,2019-01-01,100.0,SYNTHETIC_RESEARCH_FIXTURE,OG-SYNTH-0.3,B1-0.3,build_opus_synthetic_programme_v0_3.py@0.3,20260812,True,deee2247e0ec4b2377ab18678daf766c316814521c47bb44cb004d9eca572ab3
US-SOUTHEAST,MECHANICAL_EQUIPMENT,2026-09-01,165.752449,2019-01-01,100.0,SYNTHETIC_RESEARCH_FIXTURE,OG-SYNTH-0.3,B1-0.3,build_opus_synthetic_programme_v0_3.py@0.3,20260812,True,3603de3220f1d834956d1e1851b2c365f860f21e05ef375eae7a45ead40e11f1
US-SOUTHEAST,MECHANICAL_EQUIPMENT,2026-10-01,166.573426,2019-01-01,100.0,SYNTHETIC_RESEARCH_FIXTURE,OG-SYNTH-0.3,B1-0.3,build_opus_synthetic_programme_v0_3.py@0.3,20260812,True,950f0db6e4edb1e418bba7cf790fc3e3c6b3eda0311949fe2c8b76ee6157aef1
US-SOUTHEAST,MECHANICAL_EQUIPMENT,2026-11-01,167.066892,2019-01-01,100.0,SYNTHETIC_RESEARCH_FIXTURE,OG-SYNTH-0.3,B1-0.3,build_opus_synthetic_programme_v0_3.py@0.3,20260812,True,42d64bafb5db3c8f9bb278bcc7ddea0d68fe9f670e3bad5f71a8d276b628e7a4
US-SOUTHEAST,MECHANICAL_EQUIPMENT,2026-12-01,167.097359,2019-01-01,100.0,SYNTHETIC_RESEARCH_FIXTURE,OG-SYNTH-0.3,B1-0.3,build_opus_synthetic_programme_v0_3.py@0.3,20260812,True,7334eebee3f1bb1233973133738ae0478cd1550b2b4deb99821712d07985c0cd
US-MIDWEST,STRUCTURAL_STEEL,2019-01-01,110.267122,2019-01-01,100.0,SYNTHETIC_RESEARCH_FIXTURE,OG-SYNTH-0.3,B1-0.3,build_opus_synthetic_programme_v0_3.py@0.3,20260812,True,9417ff869abe3f206f3b8695fdaa61ebb9991e48a9e961bbf927bc8d38231756
US-MIDWEST,STRUCTURAL_STEEL,2019-02-01,110.39242,2019-01-01,100.0,SYNTHETIC_RESEARCH_FIXTURE,OG-SYNTH-0.3,B1-0.3,build_opus_synthetic_programme_v0_3.py@0.3,20260812,True,75b4e4a3f9971b3defc14e13473236615697cbe353dca5ebeb63ff9f64b9d16a
US-MIDWEST,STRUCTURAL_STEEL,2019-03-01,110.99775,2019-01-01,100.0,SYNTHETIC_RESEARCH_FIXTURE,OG-SYNTH-0.3,B1-0.3,build_opus_synthetic_programme_v0_3.py@0.3,20260812,True,04730444da606bb24db1793ff10db92ef468ee38b5563aba293f2c916f396a5a
US-MIDWEST,STRUCTURAL_STEEL,2019-04-01,110.947385,2019-01-01,100.0,SYNTHETIC_RESEARCH_FIXTURE,OG-SYNTH-0.3,B1-0.3,build_opus_synthetic_programme_v0_3.py@0.3,20260812,True,74e52ae15afc032ddfd7d83103c034654696d180fdffca3d62eb66e02f598664
US-MIDWEST,STRUCTURAL_STEEL,2019-05-01,111.16042,2019-01-01,100.0,SYNTHETIC_RESEARCH_FIXTURE,OG-SYNTH-0.3,B1-0.3,build_opus_synthetic_programme_v0_3.py@0.3,20260812,True,38979a5a4eb152487a50266cb938ae61142a791f4a17a0c00f5d23d611adfced
US-MIDWEST,STRUCTURAL_STEEL,2019-06-01,111.496905,2019-01-01,100.0,SYNTHETIC_RESEARCH_FIXTURE,OG-SYNTH-0.3,B1-0.3,build_opus_synthetic_programme_v0_3.py@0.3,20260812,True,08460fc7a5ce74be45f015240975663757b41e4c13cc66c8b2ab26939a3e4973
US-MIDWEST,STRUCTURAL_STEEL,2019-07-01,112.024824,2019-01-01,100.0,SYNTHETIC_RESEARCH_FIXTURE,OG-SYNTH-0.3,B1-0.3,build_opus_synthetic_programme_v0_3.py@0.3,20260812,True,e9ae069aaa66f5d6db80730c20f2dc0dd960bd4aad7e0101ae44ae994b194793
US-MIDWEST,STRUCTURAL_STEEL,2019-08-01,112.090727,2019-01-01,100.0,SYNTHETIC_RESEARCH_FIXTURE,OG-SYNTH-0.3,B1-0.3,build_opus_synthetic_programme_v0_3.py@0.3,20260812,True,534bf700d0e5145b1881733c7c11328d4d1c17b644f6e6d4b4a765b57c996b1d
US-MIDWEST,STRUCTURAL_STEEL,2019-09-01,112.623708,2019-01-01,100.0,SYNTHETIC_RESEARCH_FIXTURE,OG-SYNTH-0.3,B1-0.3,build_opus_synthetic_programme_v0_3.py@0.3,20260812,True,b041eabe265d799f6f2df7bb7cd8c78d3b52479f06bc2dff7425b737d1cf4654
US-MIDWEST,STRUCTURAL_STEEL,2019-10-01,112.676896,2019-01-01,100.0,SYNTHETIC_RESEARCH_FIXTURE,OG-SYNTH-0.3,B1-0.3,build_opus_synthetic_programme_v0_3.py@0.3,20260812,True,966c58b2d50940aa7bd5b209caada68f80f1b1a96e1e125243a05d9f4d54716a
US-MIDWEST,STRUCTURAL_STEEL,2019-11-01,113.186592,2019-01-01,100.0,SYNTHETIC_RESEARCH_FIXTURE,OG-SYNTH-0.3,B1-0.3,build_opus_synthetic_programme_v0_3.py@0.3,20260812,True,c05a127c6cae3a5a855de5a7ab0e4a182c6fd359ee39ed1c3f9872ffa7ff7533
US-MIDWEST,STRUCTURAL_STEEL,2019-12-01,112.999577,2019-01-01,100.0,SYNTHETIC_RESEARCH_FIXTURE,OG-SYNTH-0.3,B1-0.3,build_opus_synthetic_programme_v0_3.py@0.3,20260812,True,713eb3f0af5500751be5277611d35a7ca87d456a8d2cec6fd8063d6fc3f11b5f
US-MIDWEST,STRUCTURAL_STEEL,2020-01-01,113.52156,2019-01-01,100.0,SYNTHETIC_RESEARCH_FIXTURE,OG-SYNTH-0.3,B1-0.3,build_opus_synthetic_programme_v0_3.py@0.3,20260812,True,5041eb57ff1f9998ba88e20e212285fa06e4b7296f23a5e7598c4122760840ab
US-MIDWEST,STRUCTURAL_STEEL,2020-02-01,113.454677,2019-01-01,100.0,SYNTHETIC_RESEARCH_FIXTURE,OG-SYNTH-0.3,B1-0.3,build_opus_synthetic_programme_v0_3.py@0.3,20260812,True,2d8b5f9f333da9d6895f3b581b54f36aa1e58135c61113d773bbe23e62613cd3
US-MIDWEST,STRUCTURAL_STEEL,2020-03-01,113.57681,2019-01-01,100.0,SYNTHETIC_RESEARCH_FIXTURE,OG-SYNTH-0.3,B1-0.3,build_opus_synthetic_programme_v0_3.py@0.3,20260812,True,acd97d088bc0dc92cc77f8fad523b3f287b87cf8ce3bcc0f3563908e64fd0c45
US-MIDWEST,STRUCTURAL_STEEL,2020-04-01,113.728274,2019-01-01,100.0,SYNTHETIC_RESEARCH_FIXTURE,OG-SYNTH-0.3,B1-0.3,build_opus_synthetic_programme_v0_3.py@0.3,20260812,True,b0ccde97464965fca67292d1a77fee5ea33a4ee13b104e15875379a1627e22f7
US-MIDWEST,STRUCTURAL_STEEL,2020-05-01,113.887147,2019-01-01,100.0,SYNTHETIC_RESEARCH_FIXTURE,OG-SYNTH-0.3,B1-0.3,build_opus_synthetic_programme_v0_3.py@0.3,20260812,True,f7e1f22597681abc44f0f5b96d8b9e58058ace24081e3e0c0fa0924281a50e4a
US-MIDWEST,STRUCTURAL_STEEL,2020-06-01,114.313845,2019-01-01,100.0,SYNTHETIC_RESEARCH_FIXTURE,OG-SYNTH-0.3,B1-0.3,build_opus_synthetic_programme_v0_3.py@0.3,20260812,True,953e78f942cf3332cd3c615fac8b8caad6b64277862735217ac4513273cc7020
US-MIDWEST,STRUCTURAL_STEEL,2020-07-01,114.834087,2019-01-01,100.0,SYNTHETIC_RESEARCH_FIXTURE,OG-SYNTH-0.3,B1-0.3,build_opus_synthetic_programme_v0_3.py@0.3,20260812,True,c0ec481b266d8aa447bd423dae5ae46f70335c6b86baddfa67db10d25df642e1
US-MIDWEST,STRUCTURAL_STEEL,2020-08-01,114.98404,2019-01-01,100.0,SYNTHETIC_RESEARCH_FIXTURE,OG-SYNTH-0.3,B1-0.3,build_opus_synthetic_programme_v0_3.py@0.3,20260812,True,100d1dcf3a75f211477031336d0f359624bf90a70caba7bccf7bc687d855bde8
US-MIDWEST,STRUCTURAL_STEEL,2020-09-01,115.121146,2019-01-01,100.0,SYNTHETIC_RESEARCH_FIXTURE,OG-SYNTH-0.3,B1-0.3,build_opus_synthetic_programme_v0_3.py@0.3,20260812,True,9357c970af650b41d8e665797a404ddb5439eb1c78db9c2541a6b570eab9c80a
US-MIDWEST,STRUCTURAL_STEEL,2020-10-01,115.452363,2019-01-01,100.0,SYNTHETIC_RESEARCH_FIXTURE,OG-SYNTH-0.3,B1-0.3,build_opus_synthetic_programme_v0_3.py@0.3,20260812,True,0ffa64758d132dc7360ddfedc15a6aefc893806d2115c42d74855d36fe0fb035
US-MIDWEST,STRUCTURAL_STEEL,2020-11-01,115.494324,2019-01-01,100.0,SYNTHETIC_RESEARCH_FIXTURE,OG-SYNTH-0.3,B1-0.3,build_opus_synthetic_programme_v0_3.py@0.3,20260812,True,f332e0bfb45f7917aed8b7c1d88f0f5ceed91a6eeae06d17d133b2f161e0146b
US-MIDWEST,STRUCTURAL_STEEL,2020-12-01,115.629021,2019-01-01,100.0,SYNTHETIC_RESEARCH_FIXTURE,OG-SYNTH-0.3,B1-0.3,build_opus_synthetic_programme_v0_3.py@0.3,20260812,True,e27656551ba49485977accd0d482b33b877bbc0d6c841e0d2960cbb3ca368818
US-MIDWEST,STRUCTURAL_STEEL,2021-01-01,115.993889,2019-01-01,100.0,SYNTHETIC_RESEARCH_FIXTURE,OG-SYNTH-0.3,B1-0.3,build_opus_synthetic_programme_v0_3.py@0.3,20260812,True,457e8977c24f91fced915990d3cf146fea083e7e083a9e66acfabdfc6622771d
US-MIDWEST,STRUCTURAL_STEEL,2021-02-01,116.212641,2019-01-01,100.0,SYNTHETIC_RESEARCH_FIXTURE,OG-SYNTH-0.3,B1-0.3,build_opus_synthetic_programme_v0_3.py@0.3,20260812,True,a6d851d213982d8846176b1fb0dd77e36432f69f0173ae7d13be3355b3386ac8
US-MIDWEST,STRUCTURAL_STEEL,2021-03-01,116.248076,2019-01-01,100.0,SYNTHETIC_RESEARCH_FIXTURE,OG-SYNTH-0.3,B1-0.3,build_opus_synthetic_programme_v0_3.py@0.3,20260812,True,ae3188183cfde08c68802cd167812767813519364bce7c9f5e36fd92ec66a930
US-MIDWEST,STRUCTURAL_STEEL,2021-04-01,116.479882,2019-01-01,100.0,SYNTHETIC_RESEARCH_FIXTURE,OG-SYNTH-0.3,B1-0.3,build_opus_synthetic_programme_v0_3.py@0.3,20260812,True,6338df0c9aeaa34ba0dedf0a0aced8e2e3b028fcf37fdbcf572c423779745037
US-MIDWEST,STRUCTURAL_STEEL,2021-05-01,117.57655,2019-01-01,100.0,SYNTHETIC_RESEARCH_FIXTURE,OG-SYNTH-0.3,B1-0.3,build_opus_synthetic_programme_v0_3.py@0.3,20260812,True,f936e1c79599c43944304b8d8bdcfd3892512fa0a5dd79b12093dea496f2c76d
US-MIDWEST,STRUCTURAL_STEEL,2021-06-01,118.53926,2019-01-01,100.0,SYNTHETIC_RESEARCH_FIXTURE,OG-SYNTH-0.3,B1-0.3,build_opus_synthetic_programme_v0_3.py@0.3,20260812,True,ffa536702b35e2c4a12f3e793a6fa718c65bc8a58a1778a6ad49d99cad8881a2
US-MIDWEST,STRUCTURAL_STEEL,2021-07-01,119.978181,2019-01-01,100.0,SYNTHETIC_RESEARCH_FIXTURE,OG-SYNTH-0.3,B1-0.3,build_opus_synthetic_programme_v0_3.py@0.3,20260812,True,c0fbf519d9d4fe5cfe8c7e8fe01a7ad207425dd0e29dfcfe95d418d9719e6746
US-MIDWEST,STRUCTURAL_STEEL,2021-08-01,121.411853,2019-01-01,100.0,SYNTHETIC_RESEARCH_FIXTURE,OG-SYNTH-0.3,B1-0.3,build_opus_synthetic_programme_v0_3.py@0.3,20260812,True,4630c35aa6acf585826b6f279c11022b6598c46badd7b9e643701c65dd0d3682
US-MIDWEST,STRUCTURAL_STEEL,2021-09-01,122.423442,2019-01-01,100.0,SYNTHETIC_RESEARCH_FIXTURE,OG-SYNTH-0.3,B1-0.3,build_opus_synthetic_programme_v0_3.py@0.3,20260812,True,e2edb3ebf377f25e2557326c280e846d984cdfd61ab1b409057fe32668911825
US-MIDWEST,STRUCTURAL_STEEL,2021-10-01,123.647054,2019-01-01,100.0,SYNTHETIC_RESEARCH_FIXTURE,OG-SYNTH-0.3,B1-0.3,build_opus_synthetic_programme_v0_3.py@0.3,20260812,True,2b41a28c0df0d8e6b83667a2fee6e83fbfe4ef7287956f103ad1fd932104d054
US-MIDWEST,STRUCTURAL_STEEL,2021-11-01,125.022554,2019-01-01,100.0,SYNTHETIC_RESEARCH_FIXTURE,OG-SYNTH-0.3,B1-0.3,build_opus_synthetic_programme_v0_3.py@0.3,20260812,True,2070e113db669adffe7dea7879c7e4dd5d0d086194f47dd6d2af0f61fb7a5027
US-MIDWEST,STRUCTURAL_STEEL,2021-12-01,126.352453,2019-01-01,100.0,SYNTHETIC_RESEARCH_FIXTURE,OG-SYNTH-0.3,B1-0.3,build_opus_synthetic_programme_v0_3.py@0.3,20260812,True,482ceddb63f41472df3df140a1a63e19094c622647271d28db351c589ba748a0
US-MIDWEST,STRUCTURAL_STEEL,2022-01-01,128.016499,2019-01-01,100.0,SYNTHETIC_RESEARCH_FIXTURE,OG-SYNTH-0.3,B1-0.3,build_opus_synthetic_programme_v0_3.py@0.3,20260812,True,40fd0385dc10df535c9d992705ffcbd7ed142c268da3d39084d4b6dc1d452d9f
US-MIDWEST,STRUCTURAL_STEEL,2022-02-01,129.442539,2019-01-01,100.0,SYNTHETIC_RESEARCH_FIXTURE,OG-SYNTH-0.3,B1-0.3,build_opus_synthetic_programme_v0_3.py@0.3,20260812,True,39f536a1ef3fdfc45831ad7f45088c7853bff6e6cba67b9c60b72e6322a172ca
US-MIDWEST,STRUCTURAL_STEEL,2022-03-01,130.514222,2019-01-01,100.0,SYNTHETIC_RESEARCH_FIXTURE,OG-SYNTH-0.3,B1-0.3,build_opus_synthetic_programme_v0_3.py@0.3,20260812,True,aef62e4b771f9cc29deba7d1c515ccc88e19eee5880b61576fcfd08f8944682c
US-MIDWEST,STRUCTURAL_STEEL,2022-04-01,131.905468,2019-01-01,100.0,SYNTHETIC_RESEARCH_FIXTURE,OG-SYNTH-0.3,B1-0.3,build_opus_synthetic_programme_v0_3.py@0.3,20260812,True,8b4bbd0ea78c7fcee4d2437947c819d60e9413bdc36e0b81621cf28aa5cbe147
US-MIDWEST,STRUCTURAL_STEEL,2022-05-01,133.028115,2019-01-01,100.0,SYNTHETIC_RESEARCH_FIXTURE,OG-SYNTH-0.3,B1-0.3,build_opus_synthetic_programme_v0_3.py@0.3,20260812,True,878af32086a356b24cc412f588438a0d1635a5d5e9879abdad4dd6fb663ae250
US-MIDWEST,STRUCTURAL_STEEL,2022-06-01,132.905949,2019-01-01,100.0,SYNTHETIC_RESEARCH_FIXTURE,OG-SYNTH-0.3,B1-0.3,build_opus_synthetic_programme_v0_3.py@0.3,20260812,True,cc5d1846e92a9fd78dc60ab8a9d44fdcd9724007f02c5a69404308c57e1a5ae2
US-MIDWEST,STRUCTURAL_STEEL,2022-07-01,133.291839,2019-01-01,100.0,SYNTHETIC_RESEARCH_FIXTURE,OG-SYNTH-0.3,B1-0.3,build_opus_synthetic_programme_v0_3.py@0.3,20260812,True,a05b36b349959946ef2b17abcb0c33dcdccfe620c918fbe53b5f85b7ec3a5282
US-MIDWEST,STRUCTURAL_STEEL,2022-08-01,133.302481,2019-01-01,100.0,SYNTHETIC_RESEARCH_FIXTURE,OG-SYNTH-0.3,B1-0.3,build_opus_synthetic_programme_v0_3.py@0.3,20260812,True,fcfe2d7bc792d94006e3b5a93c31f05dd72edc6943b4804288f7e3606df053fa
US-MIDWEST,STRUCTURAL_STEEL,2022-09-01,133.84393,2019-01-01,100.0,SYNTHETIC_RESEARCH_FIXTURE,OG-SYNTH-0.3,B1-0.3,build_opus_synthetic_programme_v0_3.py@0.3,20260812,True,a78f54c39e07e8e4005286c400e9b6d34b058674619a161a12f9bceb0454d9b3
US-MIDWEST,STRUCTURAL_STEEL,2022-10-01,134.076016,2019-01-01,100.0,SYNTHETIC_RESEARCH_FIXTURE,OG-SYNTH-0.3,B1-0.3,build_opus_synthetic_programme_v0_3.py@0.3,20260812,True,dc6dc6afe8d764e9cf065992e2d1decb80453730926a02991a4079b741944502
US-MIDWEST,STRUCTURAL_STEEL,2022-11-01,134.374885,2019-01-01,100.0,SYNTHETIC_RESEARCH_FIXTURE,OG-SYNTH-0.3,B1-0.3,build_opus_synthetic_programme_v0_3.py@0.3,20260812,True,4edbd1f15bbf10867c6de69a4ce0e97a814294561e5726cc03eaf0c02e1777ea
US-MIDWEST,STRUCTURAL_STEEL,2022-12-01,134.676766,2019-01-01,100.0,SYNTHETIC_RESEARCH_FIXTURE,OG-SYNTH-0.3,B1-0.3,build_opus_synthetic_programme_v0_3.py@0.3,20260812,True,240f4be3402184f005485458554bd4da600e6c570f00bc670e0ebc253309c2f0
US-MIDWEST,STRUCTURAL_STEEL,2023-01-01,134.512543,2019-01-01,100.0,SYNTHETIC_RESEARCH_FIXTURE,OG-SYNTH-0.3,B1-0.3,build_opus_synthetic_programme_v0_3.py@0.3,20260812,True,6d541f5e5de81ee3116b6eb047c157608da61ff841a635e591c02839f505f644
US-MIDWEST,STRUCTURAL_STEEL,2023-02-01,135.072123,2019-01-01,100.0,SYNTHETIC_RESEARCH_FIXTURE,OG-SYNTH-0.3,B1-0.3,build_opus_synthetic_programme_v0_3.py@0.3,20260812,True,deb95f34634ae1d5c9d35fd73d73d0af574def9301e4031f7915ebd24b98cd56
US-MIDWEST,STRUCTURAL_STEEL,2023-03-01,135.253593,2019-01-01,100.0,SYNTHETIC_RESEARCH_FIXTURE,OG-SYNTH-0.3,B1-0.3,build_opus_synthetic_programme_v0_3.py@0.3,20260812,True,398052641cbc71c1d444c3d16605d4beb0ce2fe6b0996b0affb43306d4989cdb
US-MIDWEST,STRUCTURAL_STEEL,2023-04-01,135.642462,2019-01-01,100.0,SYNTHETIC_RESEARCH_FIXTURE,OG-SYNTH-0.3,B1-0.3,build_opus_synthetic_programme_v0_3.py@0.3,20260812,True,198be7b533cac160f3bfb8bd14813c0bb9f9567fd5cc2e829bf96fe0dca77246
US-MIDWEST,STRUCTURAL_STEEL,2023-05-01,135.978933,2019-01-01,100.0,SYNTHETIC_RESEARCH_FIXTURE,OG-SYNTH-0.3,B1-0.3,build_opus_synthetic_programme_v0_3.py@0.3,20260812,True,f83a0a99944e11de0ce533713f5612e4048d917449b6a0520ea1b8633e615376
US-MIDWEST,STRUCTURAL_STEEL,2023-06-01,136.417065,2019-01-01,100.0,SYNTHETIC_RESEARCH_FIXTURE,OG-SYNTH-0.3,B1-0.3,build_opus_synthetic_programme_v0_3.py@0.3,20260812,True,5fb78cc1e0d9aeebaae7010fa51a2019ede128bb309d1a0a57eb14cb1c823850
US-MIDWEST,STRUCTURAL_STEEL,2023-07-01,136.771967,2019-01-01,100.0,SYNTHETIC_RESEARCH_FIXTURE,OG-SYNTH-0.3,B1-0.3,build_opus_synthetic_programme_v0_3.py@0.3,20260812,True,ce70c1ba24a0faaaca06df5e9005ba989ed76db4fad70be8a4ced415f3b760c6
US-MIDWEST,STRUCTURAL_STEEL,2023-08-01,136.997645,2019-01-01,100.0,SYNTHETIC_RESEARCH_FIXTURE,OG-SYNTH-0.3,B1-0.3,build_opus_synthetic_programme_v0_3.py@0.3,20260812,True,c6a4c5975244a1593688220f3766236dc78c1b7062f83811eb2916c8f15d8549
US-MIDWEST,STRUCTURAL_STEEL,2023-09-01,137.083368,2019-01-01,100.0,SYNTHETIC_RESEARCH_FIXTURE,OG-SYNTH-0.3,B1-0.3,build_opus_synthetic_programme_v0_3.py@0.3,20260812,True,9641b9078f8e79ac487886b936edbb78831b9631f2691b1eb651642e5e6cdddc
US-MIDWEST,STRUCTURAL_STEEL,2023-10-01,137.550564,2019-01-01,100.0,SYNTHETIC_RESEARCH_FIXTURE,OG-SYNTH-0.3,B1-0.3,build_opus_synthetic_programme_v0_3.py@0.3,20260812,True,905b5b2adceb2dc59d854b478e757eb125e307b7c328e0e839e7bba639eb8c2e
US-MIDWEST,STRUCTURAL_STEEL,2023-11-01,138.113066,2019-01-01,100.0,SYNTHETIC_RESEARCH_FIXTURE,OG-SYNTH-0.3,B1-0.3,build_opus_synthetic_programme_v0_3.py@0.3,20260812,True,b93d1c2ed645cb7da52cea0bc0c780a45115975ec379de4185bf04ae4b4cc024
US-MIDWEST,STRUCTURAL_STEEL,2023-12-01,138.54995,2019-01-01,100.0,SYNTHETIC_RESEARCH_FIXTURE,OG-SYNTH-0.3,B1-0.3,build_opus_synthetic_programme_v0_3.py@0.3,20260812,True,19d0c9ecabbe4cf3e0f57e94e9180b7b41f29d727cc346d9accf790e41ebfb72
US-MIDWEST,STRUCTURAL_STEEL,2024-01-01,139.002224,2019-01-01,100.0,SYNTHETIC_RESEARCH_FIXTURE,OG-SYNTH-0.3,B1-0.3,build_opus_synthetic_programme_v0_3.py@0.3,20260812,True,cde56ee72fba3b2c666353b3a692667a8f621042cdf047162cdcb509b1638aec
US-MIDWEST,STRUCTURAL_STEEL,2024-02-01,140.238202,2019-01-01,100.0,SYNTHETIC_RESEARCH_FIXTURE,OG-SYNTH-0.3,B1-0.3,build_opus_synthetic_programme_v0_3.py@0.3,20260812,True,1313829abb95232b44731ec9b703a262d1c0758275baab4730b0cf7a870b42eb
US-MIDWEST,STRUCTURAL_STEEL,2024-03-01,140.992959,2019-01-01,100.0,SYNTHETIC_RESEARCH_FIXTURE,OG-SYNTH-0.3,B1-0.3,build_opus_synthetic_programme_v0_3.py@0.3,20260812,True,9b3ed5f1d973684c079c7f0d7b373e6e67ef4e3d647aa952fc848215d212dd0b
US-MIDWEST,STRUCTURAL_STEEL,2024-04-01,142.122792,2019-01-01,100.0,SYNTHETIC_RESEARCH_FIXTURE,OG-SYNTH-0.3,B1-0.3,build_opus_synthetic_programme_v0_3.py@0.3,20260812,True,0f686bc517f3cfb52460a1fc83dfe387530a756791ed8d32e93ed566c04befad
US-MIDWEST,STRUCTURAL_STEEL,2024-05-01,142.917218,2019-01-01,100.0,SYNTHETIC_RESEARCH_FIXTURE,OG-SYNTH-0.3,B1-0.3,build_opus_synthetic_programme_v0_3.py@0.3,20260812,True,b7ce45f82a8c8e513a1cc1a55e99481a7947b99bf96a8d28b7ad95d343e4b8fa
US-MIDWEST,STRUCTURAL_STEEL,2024-06-01,143.591944,2019-01-01,100.0,SYNTHETIC_RESEARCH_FIXTURE,OG-SYNTH-0.3,B1-0.3,build_opus_synthetic_programme_v0_3.py@0.3,20260812,True,bc6f0b19410c9ad6ba51af12b08f00d81a8e4b5f4f8bfc39bca2345909fdb2f5
US-MIDWEST,STRUCTURAL_STEEL,2024-07-01,144.004019,2019-01-01,100.0,SYNTHETIC_RESEARCH_FIXTURE,OG-SYNTH-0.3,B1-0.3,build_opus_synthetic_programme_v0_3.py@0.3,20260812,True,91fef2c8806ae3ad63a601539acccb2b147e01d0062a583b90bf968dc8fdb9a4
US-MIDWEST,STRUCTURAL_STEEL,2024-08-01,144.984976,2019-01-01,100.0,SYNTHETIC_RESEARCH_FIXTURE,OG-SYNTH-0.3,B1-0.3,build_opus_synthetic_programme_v0_3.py@0.3,20260812,True,65349b873212f373f3102e3dcbef2299e4d01c7c6415cd1d2134f37ab5c887d4
US-MIDWEST,STRUCTURAL_STEEL,2024-09-01,145.050578,2019-01-01,100.0,SYNTHETIC_RESEARCH_FIXTURE,OG-SYNTH-0.3,B1-0.3,build_opus_synthetic_programme_v0_3.py@0.3,20260812,True,a2b09b9358e0e2a0fe013a9f6ef77f8010eca854927205078053da7f0a6511ac
US-MIDWEST,STRUCTURAL_STEEL,2024-10-01,145.682768,2019-01-01,100.0,SYNTHETIC_RESEARCH_FIXTURE,OG-SYNTH-0.3,B1-0.3,build_opus_synthetic_programme_v0_3.py@0.3,20260812,True,c7cbb7c255b54b2591d8269abc7c9e2bfed1148f269ca8b1ffc71f887b189e12
US-MIDWEST,STRUCTURAL_STEEL,2024-11-01,146.215694,2019-01-01,100.0,SYNTHETIC_RESEARCH_FIXTURE,OG-SYNTH-0.3,B1-0.3,build_opus_synthetic_programme_v0_3.py@0.3,20260812,True,b97b67e088750948412087605876ef757c1a7dc3c4f6ae141f54fb6f958e6151
US-MIDWEST,STRUCTURAL_STEEL,2024-12-01,146.827161,2019-01-01,100.0,SYNTHETIC_RESEARCH_FIXTURE,OG-SYNTH-0.3,B1-0.3,build_opus_synthetic_programme_v0_3.py@0.3,20260812,True,64a80d08da1245a0d440d2d5dafc17e5e0803acf4c80d9aa65bb3dfe3922488a
US-MIDWEST,STRUCTURAL_STEEL,2025-01-01,147.355605,2019-01-01,100.0,SYNTHETIC_RESEARCH_FIXTURE,OG-SYNTH-0.3,B1-0.3,build_opus_synthetic_programme_v0_3.py@0.3,20260812,True,e386a90b58e8819461388965339dc38e62042c3f7b730f67757156b86095bdad
US-MIDWEST,STRUCTURAL_STEEL,2025-02-01,147.617048,2019-01-01,100.0,SYNTHETIC_RESEARCH_FIXTURE,OG-SYNTH-0.3,B1-0.3,build_opus_synthetic_programme_v0_3.py@0.3,20260812,True,52fe3deca66039b259d8f13fd3202e0fe7373e2232f6066050abedd103b695bc
US-MIDWEST,STRUCTURAL_STEEL,2025-03-01,147.985749,2019-01-01,100.0,SYNTHETIC_RESEARCH_FIXTURE,OG-SYNTH-0.3,B1-0.3,build_opus_synthetic_programme_v0_3.py@0.3,20260812,True,d33118939004ec65e20d3ba28879ab2f3f5ee632dce367302f581ebba1457057
US-MIDWEST,STRUCTURAL_STEEL,2025-04-01,148.076277,2019-01-01,100.0,SYNTHETIC_RESEARCH_FIXTURE,OG-SYNTH-0.3,B1-0.3,build_opus_synthetic_programme_v0_3.py@0.3,20260812,True,cbb893036c455f63bdab166328f645d946d48ba4e6cc39293b7d723ede8893e3
US-MIDWEST,STRUCTURAL_STEEL,2025-05-01,148.29734,2019-01-01,100.0,SYNTHETIC_RESEARCH_FIXTURE,OG-SYNTH-0.3,B1-0.3,build_opus_synthetic_programme_v0_3.py@0.3,20260812,True,dd30f8986c03376273d4df3af7e1f925ffc5bb1f01dcf841ee569cee2e3dabd3
US-MIDWEST,STRUCTURAL_STEEL,2025-06-01,148.263772,2019-01-01,100.0,SYNTHETIC_RESEARCH_FIXTURE,OG-SYNTH-0.3,B1-0.3,build_opus_synthetic_programme_v0_3.py@0.3,20260812,True,e97f56413b608c17c3111ba25bd0b92171bbc838ae963da7309ff835184ce68e
US-MIDWEST,STRUCTURAL_STEEL,2025-07-01,148.680718,2019-01-01,100.0,SYNTHETIC_RESEARCH_FIXTURE,OG-SYNTH-0.3,B1-0.3,build_opus_synthetic_programme_v0_3.py@0.3,20260812,True,b48e34cf859464d45a7ec9817c772fe91d9f886fda480af0aef09d46dcd6792d
US-MIDWEST,STRUCTURAL_STEEL,2025-08-01,149.184786,2019-01-01,100.0,SYNTHETIC_RESEARCH_FIXTURE,OG-SYNTH-0.3,B1-0.3,build_opus_synthetic_programme_v0_3.py@0.3,20260812,True,ca2e078f502af777222617d9b8c10ee093032e7ddafc2003287416d78056a22d
US-MIDWEST,STRUCTURAL_STEEL,2025-09-01,149.428256,2019-01-01,100.0,SYNTHETIC_RESEARCH_FIXTURE,OG-SYNTH-0.3,B1-0.3,build_opus_synthetic_programme_v0_3.py@0.3,20260812,True,81dc31a8deac96db207f6fa748fa81efd996ddb8f0ab59daf387c8c714116ca6
US-MIDWEST,STRUCTURAL_STEEL,2025-10-01,149.682933,2019-01-01,100.0,SYNTHETIC_RESEARCH_FIXTURE,OG-SYNTH-0.3,B1-0.3,build_opus_synthetic_programme_v0_3.py@0.3,20260812,True,cd829f05ba428f5acea896363428a649ca5389f8b52540c1a4d7239a8f3f3e5b
US-MIDWEST,STRUCTURAL_STEEL,2025-11-01,150.095824,2019-01-01,100.0,SYNTHETIC_RESEARCH_FIXTURE,OG-SYNTH-0.3,B1-0.3,build_opus_synthetic_programme_v0_3.py@0.3,20260812,True,825107745b0027197e9da4011a3d08827b31f9d11c4d4bea44c5ce3434d51d53
US-MIDWEST,STRUCTURAL_STEEL,2025-12-01,150.607069,2019-01-01,100.0,SYNTHETIC_RESEARCH_FIXTURE,OG-SYNTH-0.3,B1-0.3,build_opus_synthetic_programme_v0_3.py@0.3,20260812,True,922a74159409b8bb846c6afd8a5a20efdf87d7a7710d63719b1076db6511b9ef
US-MIDWEST,STRUCTURAL_STEEL,2026-01-01,150.864121,2019-01-01,100.0,SYNTHETIC_RESEARCH_FIXTURE,OG-SYNTH-0.3,B1-0.3,build_opus_synthetic_programme_v0_3.py@0.3,20260812,True,0884d905d224cae17b7c92d9e31fab5898d94b10ee26b641ba5e36c31c2e6727
US-MIDWEST,STRUCTURAL_STEEL,2026-02-01,151.418562,2019-01-01,100.0,SYNTHETIC_RESEARCH_FIXTURE,OG-SYNTH-0.3,B1-0.3,build_opus_synthetic_programme_v0_3.py@0.3,20260812,True,9b52906078867c3852c805376f2060fb42800b70cc108e17db5b6df33629c3fe
US-MIDWEST,STRUCTURAL_STEEL,2026-03-01,151.426387,2019-01-01,100.0,SYNTHETIC_RESEARCH_FIXTURE,OG-SYNTH-0.3,B1-0.3,build_opus_synthetic_programme_v0_3.py@0.3,20260812,True,756186678744cc6d7ee9d490c3955f52210ac9faf56bc717fe33dcf31ec9b0aa
US-MIDWEST,STRUCTURAL_STEEL,2026-04-01,151.721099,2019-01-01,100.0,SYNTHETIC_RESEARCH_FIXTURE,OG-SYNTH-0.3,B1-0.3,build_opus_synthetic_programme_v0_3.py@0.3,20260812,True,95013c327101fcb7b14e6c1200a768363d027b7868c45c43263a84acdb9decbe
US-MIDWEST,STRUCTURAL_STEEL,2026-05-01,151.751977,2019-01-01,100.0,SYNTHETIC_RESEARCH_FIXTURE,OG-SYNTH-0.3,B1-0.3,build_opus_synthetic_programme_v0_3.py@0.3,20260812,True,c702e3ba769ca400b0b709a02d4c07033b5f3111015395cea3e65e375b9140db
US-MIDWEST,STRUCTURAL_STEEL,2026-06-01,152.358339,2019-01-01,100.0,SYNTHETIC_RESEARCH_FIXTURE,OG-SYNTH-0.3,B1-0.3,build_opus_synthetic_programme_v0_3.py@0.3,20260812,True,3bbb3839fc5f79e1f743c02d95a9a868693982086566382140ee9caa11f7ca2a
US-MIDWEST,STRUCTURAL_STEEL,2026-07-01,152.189024,2019-01-01,100.0,SYNTHETIC_RESEARCH_FIXTURE,OG-SYNTH-0.3,B1-0.3,build_opus_synthetic_programme_v0_3.py@0.3,20260812,True,e26d4a9a86c6df3691972f8707f17bfa8c60b5e370721a1f947e4e132dd96183
US-MIDWEST,STRUCTURAL_STEEL,2026-08-01,152.148694,2019-01-01,100.0,SYNTHETIC_RESEARCH_FIXTURE,OG-SYNTH-0.3,B1-0.3,build_opus_synthetic_programme_v0_3.py@0.3,20260812,True,1eafe70990097fb2083a7add966f749ae55a67f34285f018645dc2232be70af8
US-MIDWEST,STRUCTURAL_STEEL,2026-09-01,152.684155,2019-01-01,100.0,SYNTHETIC_RESEARCH_FIXTURE,OG-SYNTH-0.3,B1-0.3,build_opus_synthetic_programme_v0_3.py@0.3,20260812,True,e4d0557640c4ad0045902df7f742beb0265fecb76628ddaf8a7362158c0f32cf
US-MIDWEST,STRUCTURAL_STEEL,2026-10-01,153.076703,2019-01-01,100.0,SYNTHETIC_RESEARCH_FIXTURE,OG-SYNTH-0.3,B1-0.3,build_opus_synthetic_programme_v0_3.py@0.3,20260812,True,36dde7bb75479aff82a3d5cd5b63cb5a0fd0e138fcbd1fbfec9456fb499417ca
US-MIDWEST,STRUCTURAL_STEEL,2026-11-01,153.15878,2019-01-01,100.0,SYNTHETIC_RESEARCH_FIXTURE,OG-SYNTH-0.3,B1-0.3,build_opus_synthetic_programme_v0_3.py@0.3,20260812,True,a9aeb9c59699509860aac57029c33c3fa8ae3ac7ca4275504cc74c1ad9a84bc2
US-MIDWEST,STRUCTURAL_STEEL,2026-12-01,153.717204,2019-01-01,100.0,SYNTHETIC_RESEARCH_FIXTURE,OG-SYNTH-0.3,B1-0.3,build_opus_synthetic_programme_v0_3.py@0.3,20260812,True,22c6555ea6fc93d8c8db56fb7e4cd333892659649372a770b7710f07c4e13ffa
US-MIDWEST,CONCRETE,2019-01-01,112.418034,2019-01-01,100.0,SYNTHETIC_RESEARCH_FIXTURE,OG-SYNTH-0.3,B1-0.3,build_opus_synthetic_programme_v0_3.py@0.3,20260812,True,37c3a896e379d2647a290e60164c9b6642b46ee3391ebc5af7e8d9c40488956e
US-MIDWEST,CONCRETE,2019-02-01,112.699069,2019-01-01,100.0,SYNTHETIC_RESEARCH_FIXTURE,OG-SYNTH-0.3,B1-0.3,build_opus_synthetic_programme_v0_3.py@0.3,20260812,True,79d5d19e9a3a215bc871ca819d9ea7ea567f541fc8b97790d0323c9d4a3e2fcc
US-MIDWEST,CONCRETE,2019-03-01,113.131409,2019-01-01,100.0,SYNTHETIC_RESEARCH_FIXTURE,OG-SYNTH-0.3,B1-0.3,build_opus_synthetic_programme_v0_3.py@0.3,20260812,True,a40281ff9bed4d36b13a6bf00521e619f6c48a7878ee29b7d1c66c9b26779650
US-MIDWEST,CONCRETE,2019-04-01,113.599517,2019-01-01,100.0,SYNTHETIC_RESEARCH_FIXTURE,OG-SYNTH-0.3,B1-0.3,build_opus_synthetic_programme_v0_3.py@0.3,20260812,True,5c05498b69c3279acd3156cac6f01b9a09e5df38e6e39b1280683a77bbcf8dfa
US-MIDWEST,CONCRETE,2019-05-01,114.148073,2019-01-01,100.0,SYNTHETIC_RESEARCH_FIXTURE,OG-SYNTH-0.3,B1-0.3,build_opus_synthetic_programme_v0_3.py@0.3,20260812,True,bc391edc2dffa0c68bbf9d4ea2e621746ff42d149d6925691d89252c2615d0aa
US-MIDWEST,CONCRETE,2019-06-01,114.415468,2019-01-01,100.0,SYNTHETIC_RESEARCH_FIXTURE,OG-SYNTH-0.3,B1-0.3,build_opus_synthetic_programme_v0_3.py@0.3,20260812,True,d7fb9e48e0b60922f2b67705e76d19dd32beee0a5abe9aa4ad3051fb5b8e6ae3
US-MIDWEST,CONCRETE,2019-07-01,114.75296,2019-01-01,100.0,SYNTHETIC_RESEARCH_FIXTURE,OG-SYNTH-0.3,B1-0.3,build_opus_synthetic_programme_v0_3.py@0.3,20260812,True,f757de1d50463f458ebced84bfc0af1c3f5f02440d7b906195befe83315ea81d
US-MIDWEST,CONCRETE,2019-08-01,114.660125,2019-01-01,100.0,SYNTHETIC_RESEARCH_FIXTURE,OG-SYNTH-0.3,B1-0.3,build_opus_synthetic_programme_v0_3.py@0.3,20260812,True,fe1ba0c6d43370e7ed03836050f3918ac3fb3fa3bf1d388938bfef0756253c31
US-MIDWEST,CONCRETE,2019-09-01,114.836871,2019-01-01,100.0,SYNTHETIC_RESEARCH_FIXTURE,OG-SYNTH-0.3,B1-0.3,build_opus_synthetic_programme_v0_3.py@0.3,20260812,True,dbbca95f0ea78d3bd6a419681bc1fb8d92e8247a78d6bca92bf94d313c83cd1e
US-MIDWEST,CONCRETE,2019-10-01,114.851334,2019-01-01,100.0,SYNTHETIC_RESEARCH_FIXTURE,OG-SYNTH-0.3,B1-0.3,build_opus_synthetic_programme_v0_3.py@0.3,20260812,True,10edce8832a898197434b9b5bea8358fb70611b9493773d101e53a16ca84d2ce
US-MIDWEST,CONCRETE,2019-11-01,115.097723,2019-01-01,100.0,SYNTHETIC_RESEARCH_FIXTURE,OG-SYNTH-0.3,B1-0.3,build_opus_synthetic_programme_v0_3.py@0.3,20260812,True,4d7a560c50538d293c222925f1703c19ce5be622b906742bfcd2520899e5dd31
US-MIDWEST,CONCRETE,2019-12-01,115.380924,2019-01-01,100.0,SYNTHETIC_RESEARCH_FIXTURE,OG-SYNTH-0.3,B1-0.3,build_opus_synthetic_programme_v0_3.py@0.3,20260812,True,4098d9f7c500d5de1e465adc65e95a1f1e0cfddc733bdab9fc8843808cf1744c
US-MIDWEST,CONCRETE,2020-01-01,116.009097,2019-01-01,100.0,SYNTHETIC_RESEARCH_FIXTURE,OG-SYNTH-0.3,B1-0.3,build_opus_synthetic_programme_v0_3.py@0.3,20260812,True,0585d737b296a4c46ee0e00f45c87ad98ba2132159ca0306f7e011334d078715
US-MIDWEST,CONCRETE,2020-02-01,115.85252,2019-01-01,100.0,SYNTHETIC_RESEARCH_FIXTURE,OG-SYNTH-0.3,B1-0.3,build_opus_synthetic_programme_v0_3.py@0.3,20260812,True,fdfe43e13fb16eee23883025f922f6939b4608802d53f8cee55f9a3abca061e3
US-MIDWEST,CONCRETE,2020-03-01,116.224122,2019-01-01,100.0,SYNTHETIC_RESEARCH_FIXTURE,OG-SYNTH-0.3,B1-0.3,build_opus_synthetic_programme_v0_3.py@0.3,20260812,True,e93e27ebad866655be00defb7ad7ff8efce2514c5e685521a7a2ad58b2f620bc
US-MIDWEST,CONCRETE,2020-04-01,116.856398,2019-01-01,100.0,SYNTHETIC_RESEARCH_FIXTURE,OG-SYNTH-0.3,B1-0.3,build_opus_synthetic_programme_v0_3.py@0.3,20260812,True,80de828f256f19e253349c64dccf41d59e8389fb69c44faa823185a31302f128
US-MIDWEST,CONCRETE,2020-05-01,117.091785,2019-01-01,100.0,SYNTHETIC_RESEARCH_FIXTURE,OG-SYNTH-0.3,B1-0.3,build_opus_synthetic_programme_v0_3.py@0.3,20260812,True,9ef229e7c577f1aa2b80cac12f0c5f2e29336076ba4dc29f497d81ec65957197
US-MIDWEST,CONCRETE,2020-06-01,117.18685,2019-01-01,100.0,SYNTHETIC_RESEARCH_FIXTURE,OG-SYNTH-0.3,B1-0.3,build_opus_synthetic_programme_v0_3.py@0.3,20260812,True,21dfa4da4c7ac69d7656d1a1c76b08030b9b1effcddca9c9d552e64080cffee4
US-MIDWEST,CONCRETE,2020-07-01,117.336044,2019-01-01,100.0,SYNTHETIC_RESEARCH_FIXTURE,OG-SYNTH-0.3,B1-0.3,build_opus_synthetic_programme_v0_3.py@0.3,20260812,True,b10ca8b029d530c9617717ad59ccfcb1b6e17bd5fd9c8c4d0923cc71d2248130
US-MIDWEST,CONCRETE,2020-08-01,117.690221,2019-01-01,100.0,SYNTHETIC_RESEARCH_FIXTURE,OG-SYNTH-0.3,B1-0.3,build_opus_synthetic_programme_v0_3.py@0.3,20260812,True,49b189c0e36f5d79d626debc9d0815414051e710a2b9fe7756baab9c6664c61b
US-MIDWEST,CONCRETE,2020-09-01,117.741183,2019-01-01,100.0,SYNTHETIC_RESEARCH_FIXTURE,OG-SYNTH-0.3,B1-0.3,build_opus_synthetic_programme_v0_3.py@0.3,20260812,True,f016fd673954a54a5f333fc9f97ea2244683ee3f258a1bac57abde1d8d8ff3b8
US-MIDWEST,CONCRETE,2020-10-01,117.822009,2019-01-01,100.0,SYNTHETIC_RESEARCH_FIXTURE,OG-SYNTH-0.3,B1-0.3,build_opus_synthetic_programme_v0_3.py@0.3,20260812,True,95454c4ac940ef325efad84baf09cb383d843ac322b6fda90e54ed571c933e3b
US-MIDWEST,CONCRETE,2020-11-01,117.975112,2019-01-01,100.0,SYNTHETIC_RESEARCH_FIXTURE,OG-SYNTH-0.3,B1-0.3,build_opus_synthetic_programme_v0_3.py@0.3,20260812,True,071308408fbca787154a496b1ea4afd8f5b0946f8f8dcc7a53eef4175e881458
US-MIDWEST,CONCRETE,2020-12-01,118.10249,2019-01-01,100.0,SYNTHETIC_RESEARCH_FIXTURE,OG-SYNTH-0.3,B1-0.3,build_opus_synthetic_programme_v0_3.py@0.3,20260812,True,e1b4406989c83862b77ea11f3c808428bdfc7840d5192cf4e1907b156e3ffbb9
US-MIDWEST,CONCRETE,2021-01-01,118.637806,2019-01-01,100.0,SYNTHETIC_RESEARCH_FIXTURE,OG-SYNTH-0.3,B1-0.3,build_opus_synthetic_programme_v0_3.py@0.3,20260812,True,77863dd4f3319c0d0334e61304945b31c3ab89fc98a893fef6ac0a27b674defe
US-MIDWEST,CONCRETE,2021-02-01,118.619759,2019-01-01,100.0,SYNTHETIC_RESEARCH_FIXTURE,OG-SYNTH-0.3,B1-0.3,build_opus_synthetic_programme_v0_3.py@0.3,20260812,True,d7b5f64d33b82daf81433fbc9b1954e2b98ad32f926ff0c9c21efa321e5b5846
US-MIDWEST,CONCRETE,2021-03-01,118.590544,2019-01-01,100.0,SYNTHETIC_RESEARCH_FIXTURE,OG-SYNTH-0.3,B1-0.3,build_opus_synthetic_programme_v0_3.py@0.3,20260812,True,836cc978e507ceb97334669b15a740b4917d759e0abd6d158033d042daae476a
US-MIDWEST,CONCRETE,2021-04-01,118.959194,2019-01-01,100.0,SYNTHETIC_RESEARCH_FIXTURE,OG-SYNTH-0.3,B1-0.3,build_opus_synthetic_programme_v0_3.py@0.3,20260812,True,61ada07cf8877a0c3c738fad3695a362afb0a2229057d737be17b96a0f7d237f
US-MIDWEST,CONCRETE,2021-05-01,120.269285,2019-01-01,100.0,SYNTHETIC_RESEARCH_FIXTURE,OG-SYNTH-0.3,B1-0.3,build_opus_synthetic_programme_v0_3.py@0.3,20260812,True,f8d080c599c40287e63572a9f863b48cb5d2080eeffd648ddc83a1752d1ecc8f
US-MIDWEST,CONCRETE,2021-06-01,121.796965,2019-01-01,100.0,SYNTHETIC_RESEARCH_FIXTURE,OG-SYNTH-0.3,B1-0.3,build_opus_synthetic_programme_v0_3.py@0.3,20260812,True,f23f8f3469acf1865c277476097911f357da7b257729f56cfd6bc45a7cf00bcd
US-MIDWEST,CONCRETE,2021-07-01,123.233835,2019-01-01,100.0,SYNTHETIC_RESEARCH_FIXTURE,OG-SYNTH-0.3,B1-0.3,build_opus_synthetic_programme_v0_3.py@0.3,20260812,True,eb4325b4dba07d7bf5a16f1cab63f8698c2a9be6745617c3f49547f721ed526d
US-MIDWEST,CONCRETE,2021-08-01,124.8178,2019-01-01,100.0,SYNTHETIC_RESEARCH_FIXTURE,OG-SYNTH-0.3,B1-0.3,build_opus_synthetic_programme_v0_3.py@0.3,20260812,True,ab1b2e1a461ea782966b74e7b93fb8bdc2baa487da2013e8d6baa26d7fa46aad
US-MIDWEST,CONCRETE,2021-09-01,125.963349,2019-01-01,100.0,SYNTHETIC_RESEARCH_FIXTURE,OG-SYNTH-0.3,B1-0.3,build_opus_synthetic_programme_v0_3.py@0.3,20260812,True,bbf7789fda6cf7905924ce9f02be7a65b685fab36ec12a5833c66c09b7c9c80d
US-MIDWEST,CONCRETE,2021-10-01,127.869838,2019-01-01,100.0,SYNTHETIC_RESEARCH_FIXTURE,OG-SYNTH-0.3,B1-0.3,build_opus_synthetic_programme_v0_3.py@0.3,20260812,True,2c1aac09328f8d32f7c7bcfa5c6c852004c5e2fd86f5f4dc4477dc966e95cd46
US-MIDWEST,CONCRETE,2021-11-01,129.716451,2019-01-01,100.0,SYNTHETIC_RESEARCH_FIXTURE,OG-SYNTH-0.3,B1-0.3,build_opus_synthetic_programme_v0_3.py@0.3,20260812,True,c45990849adf5573297cb8952870c76c167331d09fdc25f1efde838714345d3e
US-MIDWEST,CONCRETE,2021-12-01,131.263496,2019-01-01,100.0,SYNTHETIC_RESEARCH_FIXTURE,OG-SYNTH-0.3,B1-0.3,build_opus_synthetic_programme_v0_3.py@0.3,20260812,True,972bb24a0cc4ac3c4002d78d03d85997ae3021ef7db6e9256b68a7579a4c178d
US-MIDWEST,CONCRETE,2022-01-01,132.852313,2019-01-01,100.0,SYNTHETIC_RESEARCH_FIXTURE,OG-SYNTH-0.3,B1-0.3,build_opus_synthetic_programme_v0_3.py@0.3,20260812,True,14e13ae976727e4a9bfffddbab026c27c9f5248464b842765668efa1c96bd579
US-MIDWEST,CONCRETE,2022-02-01,134.439418,2019-01-01,100.0,SYNTHETIC_RESEARCH_FIXTURE,OG-SYNTH-0.3,B1-0.3,build_opus_synthetic_programme_v0_3.py@0.3,20260812,True,99f62dac19e60ac0cabcd1597e803ac9c487a0031104ac88f8bcfb9c5bc03d11
US-MIDWEST,CONCRETE,2022-03-01,136.201932,2019-01-01,100.0,SYNTHETIC_RESEARCH_FIXTURE,OG-SYNTH-0.3,B1-0.3,build_opus_synthetic_programme_v0_3.py@0.3,20260812,True,1908749577b426c382613af9777aa3cc838419461af9c343e8bc5f675d42ef73
US-MIDWEST,CONCRETE,2022-04-01,137.732557,2019-01-01,100.0,SYNTHETIC_RESEARCH_FIXTURE,OG-SYNTH-0.3,B1-0.3,build_opus_synthetic_programme_v0_3.py@0.3,20260812,True,a10ec6ac7249095534553813605b4964a3a4ab348da3336986813e48f2616ab7
US-MIDWEST,CONCRETE,2022-05-01,139.763251,2019-01-01,100.0,SYNTHETIC_RESEARCH_FIXTURE,OG-SYNTH-0.3,B1-0.3,build_opus_synthetic_programme_v0_3.py@0.3,20260812,True,846a6c6640e15f2f6816ecc5986355c0937778afbddcca09fdb8ebb70bc2ef35
US-MIDWEST,CONCRETE,2022-06-01,139.836754,2019-01-01,100.0,SYNTHETIC_RESEARCH_FIXTURE,OG-SYNTH-0.3,B1-0.3,build_opus_synthetic_programme_v0_3.py@0.3,20260812,True,a445da1471292e086a749a89d210caf803237ccca4bf5dd85132d87330f58fa6
US-MIDWEST,CONCRETE,2022-07-01,140.110197,2019-01-01,100.0,SYNTHETIC_RESEARCH_FIXTURE,OG-SYNTH-0.3,B1-0.3,build_opus_synthetic_programme_v0_3.py@0.3,20260812,True,f8fa03f9fb0c2db4535a56a410ccc03f3aab3d51c624816ea9097d1e8901bb6f
US-MIDWEST,CONCRETE,2022-08-01,140.454525,2019-01-01,100.0,SYNTHETIC_RESEARCH_FIXTURE,OG-SYNTH-0.3,B1-0.3,build_opus_synthetic_programme_v0_3.py@0.3,20260812,True,5c1050f391f039bd5448cfa221b75c6a8d44abf38c696f108c7166c87078da06
US-MIDWEST,CONCRETE,2022-09-01,140.967455,2019-01-01,100.0,SYNTHETIC_RESEARCH_FIXTURE,OG-SYNTH-0.3,B1-0.3,build_opus_synthetic_programme_v0_3.py@0.3,20260812,True,87ea6884f61007104a643380a7468d8da4439b371170cb6e05b4196695ed6673
US-MIDWEST,CONCRETE,2022-10-01,141.084902,2019-01-01,100.0,SYNTHETIC_RESEARCH_FIXTURE,OG-SYNTH-0.3,B1-0.3,build_opus_synthetic_programme_v0_3.py@0.3,20260812,True,d08d7d6b9f2e3b4487adbcafeeb05f26ba85cfe1f2948e5b60980b2f70d3c899
US-MIDWEST,CONCRETE,2022-11-01,141.115786,2019-01-01,100.0,SYNTHETIC_RESEARCH_FIXTURE,OG-SYNTH-0.3,B1-0.3,build_opus_synthetic_programme_v0_3.py@0.3,20260812,True,6e9fd0bcc2c3415743e58f2d456c128e027dcceb7aab7f47ff6dd02fcc86cd13
US-MIDWEST,CONCRETE,2022-12-01,140.998505,2019-01-01,100.0,SYNTHETIC_RESEARCH_FIXTURE,OG-SYNTH-0.3,B1-0.3,build_opus_synthetic_programme_v0_3.py@0.3,20260812,True,8a6b06c7d51848b8d64e35e7826b5012f1b5fdb8778d7ca0f08ef2daf6c85ab7
US-MIDWEST,CONCRETE,2023-01-01,141.213323,2019-01-01,100.0,SYNTHETIC_RESEARCH_FIXTURE,OG-SYNTH-0.3,B1-0.3,build_opus_synthetic_programme_v0_3.py@0.3,20260812,True,9fc75fee973fdc555fea2770e524de3f965292245d93c2dc72369c8a555e1786
US-MIDWEST,CONCRETE,2023-02-01,141.22804,2019-01-01,100.0,SYNTHETIC_RESEARCH_FIXTURE,OG-SYNTH-0.3,B1-0.3,build_opus_synthetic_programme_v0_3.py@0.3,20260812,True,f4c9a8d04a6d141a696d5f91541abe26721469ce4839ecd0315e04f81e51bca3
US-MIDWEST,CONCRETE,2023-03-01,141.772166,2019-01-01,100.0,SYNTHETIC_RESEARCH_FIXTURE,OG-SYNTH-0.3,B1-0.3,build_opus_synthetic_programme_v0_3.py@0.3,20260812,True,ee7c9a30248f372d21a9040f65c410c615dc7dfde7d2490e459e36dc650eb0d7
US-MIDWEST,CONCRETE,2023-04-01,141.904555,2019-01-01,100.0,SYNTHETIC_RESEARCH_FIXTURE,OG-SYNTH-0.3,B1-0.3,build_opus_synthetic_programme_v0_3.py@0.3,20260812,True,1a495f56eef29b18c17da78b4e9bb22cad34eff74517a174e08fa8cf58930bd5
US-MIDWEST,CONCRETE,2023-05-01,142.563032,2019-01-01,100.0,SYNTHETIC_RESEARCH_FIXTURE,OG-SYNTH-0.3,B1-0.3,build_opus_synthetic_programme_v0_3.py@0.3,20260812,True,f7f5dee68bb0b168dcdccf333f02f1525acbea6df099848cefbdaba294b225b0
US-MIDWEST,CONCRETE,2023-06-01,142.93926,2019-01-01,100.0,SYNTHETIC_RESEARCH_FIXTURE,OG-SYNTH-0.3,B1-0.3,build_opus_synthetic_programme_v0_3.py@0.3,20260812,True,8a30989909ae7aff746fecb96b19a6a1ae82a2119c96774932577d29772d088b
US-MIDWEST,CONCRETE,2023-07-01,143.14504,2019-01-01,100.0,SYNTHETIC_RESEARCH_FIXTURE,OG-SYNTH-0.3,B1-0.3,build_opus_synthetic_programme_v0_3.py@0.3,20260812,True,70e1d7c3ddb60d2722aeccca697105dfe791c79263149f3a89601c22918a29f0
US-MIDWEST,CONCRETE,2023-08-01,143.237128,2019-01-01,100.0,SYNTHETIC_RESEARCH_FIXTURE,OG-SYNTH-0.3,B1-0.3,build_opus_synthetic_programme_v0_3.py@0.3,20260812,True,b0d33dfa79f7c1fe08a0e3eec8f459fac42e4a5e409f9b16c075d5c80f2bf2b8
US-MIDWEST,CONCRETE,2023-09-01,143.3964,2019-01-01,100.0,SYNTHETIC_RESEARCH_FIXTURE,OG-SYNTH-0.3,B1-0.3,build_opus_synthetic_programme_v0_3.py@0.3,20260812,True,26a12dd365880994786c28cd3dada18d9782615e3316ab814a17c2b0cceac092
US-MIDWEST,CONCRETE,2023-10-01,143.506125,2019-01-01,100.0,SYNTHETIC_RESEARCH_FIXTURE,OG-SYNTH-0.3,B1-0.3,build_opus_synthetic_programme_v0_3.py@0.3,20260812,True,eb9aa96e679052637ad18627bfd11e6496ed2f688d6ea6452464ea0cef2b95ca
US-MIDWEST,CONCRETE,2023-11-01,143.637488,2019-01-01,100.0,SYNTHETIC_RESEARCH_FIXTURE,OG-SYNTH-0.3,B1-0.3,build_opus_synthetic_programme_v0_3.py@0.3,20260812,True,47d03fd151483097cbb87d8a025bb5bdca632ca969711837950c2a76d5183f41
US-MIDWEST,CONCRETE,2023-12-01,143.952757,2019-01-01,100.0,SYNTHETIC_RESEARCH_FIXTURE,OG-SYNTH-0.3,B1-0.3,build_opus_synthetic_programme_v0_3.py@0.3,20260812,True,6230b873706cedda8debe5696b126fa08b1ed0513331c00f40fe00b29c7b0f17
US-MIDWEST,CONCRETE,2024-01-01,144.875961,2019-01-01,100.0,SYNTHETIC_RESEARCH_FIXTURE,OG-SYNTH-0.3,B1-0.3,build_opus_synthetic_programme_v0_3.py@0.3,20260812,True,2c458be577b3d40aff54a18a638073008aeaddf27384a660fa5589b85a5594f6
US-MIDWEST,CONCRETE,2024-02-01,145.841909,2019-01-01,100.0,SYNTHETIC_RESEARCH_FIXTURE,OG-SYNTH-0.3,B1-0.3,build_opus_synthetic_programme_v0_3.py@0.3,20260812,True,9c1c0aba056e2a37511604ac4c666a49f3b5a2babbebdad27c0f126e294bccbe
US-MIDWEST,CONCRETE,2024-03-01,146.589961,2019-01-01,100.0,SYNTHETIC_RESEARCH_FIXTURE,OG-SYNTH-0.3,B1-0.3,build_opus_synthetic_programme_v0_3.py@0.3,20260812,True,dd89a0e2fbd0c166b4d7ddd72b0a357630710cdf786393c4e22f1a9bc6c41c8c
US-MIDWEST,CONCRETE,2024-04-01,147.160474,2019-01-01,100.0,SYNTHETIC_RESEARCH_FIXTURE,OG-SYNTH-0.3,B1-0.3,build_opus_synthetic_programme_v0_3.py@0.3,20260812,True,87bfb925a3ccd8bf7e4ed2c695cda6f2c8120cd73a5f97fd8f7f0c86cc5c4243
US-MIDWEST,CONCRETE,2024-05-01,148.16037,2019-01-01,100.0,SYNTHETIC_RESEARCH_FIXTURE,OG-SYNTH-0.3,B1-0.3,build_opus_synthetic_programme_v0_3.py@0.3,20260812,True,f32475ba4c4d9282fa4a49c56f85e19c9a60f35ec1ce8d4edb6f2f0bf047012b
US-MIDWEST,CONCRETE,2024-06-01,148.566615,2019-01-01,100.0,SYNTHETIC_RESEARCH_FIXTURE,OG-SYNTH-0.3,B1-0.3,build_opus_synthetic_programme_v0_3.py@0.3,20260812,True,deb770d05c2d11f8ca361016e585877d56a5532540f10993be85df09872b7480
US-MIDWEST,CONCRETE,2024-07-01,149.768571,2019-01-01,100.0,SYNTHETIC_RESEARCH_FIXTURE,OG-SYNTH-0.3,B1-0.3,build_opus_synthetic_programme_v0_3.py@0.3,20260812,True,cdcb86cca716876b4831c4746b6aaa6180558217eeca945513b435b81fe9b992
US-MIDWEST,CONCRETE,2024-08-01,150.275915,2019-01-01,100.0,SYNTHETIC_RESEARCH_FIXTURE,OG-SYNTH-0.3,B1-0.3,build_opus_synthetic_programme_v0_3.py@0.3,20260812,True,64d43deaa847605439c105fd8acc675dde0743132404fe575fc82d06c74d82a3
US-MIDWEST,CONCRETE,2024-09-01,150.714411,2019-01-01,100.0,SYNTHETIC_RESEARCH_FIXTURE,OG-SYNTH-0.3,B1-0.3,build_opus_synthetic_programme_v0_3.py@0.3,20260812,True,be9b25810580f31fc2204133a772bcf28acf47cef51a5fc1c0eaf049b8459aaf
US-MIDWEST,CONCRETE,2024-10-01,150.830415,2019-01-01,100.0,SYNTHETIC_RESEARCH_FIXTURE,OG-SYNTH-0.3,B1-0.3,build_opus_synthetic_programme_v0_3.py@0.3,20260812,True,2b9ce7bdd3930bd1b46bd06e42ae74c51585ef819937af47ddefade9fcff2c0d
US-MIDWEST,CONCRETE,2024-11-01,151.297169,2019-01-01,100.0,SYNTHETIC_RESEARCH_FIXTURE,OG-SYNTH-0.3,B1-0.3,build_opus_synthetic_programme_v0_3.py@0.3,20260812,True,0deb99bea67a615e76b0c035aeba9206c3969cf5797138d55918b78066736438
US-MIDWEST,CONCRETE,2024-12-01,151.733206,2019-01-01,100.0,SYNTHETIC_RESEARCH_FIXTURE,OG-SYNTH-0.3,B1-0.3,build_opus_synthetic_programme_v0_3.py@0.3,20260812,True,37356c3cc6b1ee74ab562901a3c9a87664674dad0811ab281ab9a0dc9962f2d3
US-MIDWEST,CONCRETE,2025-01-01,152.01732,2019-01-01,100.0,SYNTHETIC_RESEARCH_FIXTURE,OG-SYNTH-0.3,B1-0.3,build_opus_synthetic_programme_v0_3.py@0.3,20260812,True,613d5f1dc60f7a415955ef58f4f9010df56ed8635d4d1bc5a4673c288578f5ee
US-MIDWEST,CONCRETE,2025-02-01,152.446285,2019-01-01,100.0,SYNTHETIC_RESEARCH_FIXTURE,OG-SYNTH-0.3,B1-0.3,build_opus_synthetic_programme_v0_3.py@0.3,20260812,True,0381645dcc28cfda19e19881fc5221f608911db57f9439ef1c21753c84f8085c
US-MIDWEST,CONCRETE,2025-03-01,152.781503,2019-01-01,100.0,SYNTHETIC_RESEARCH_FIXTURE,OG-SYNTH-0.3,B1-0.3,build_opus_synthetic_programme_v0_3.py@0.3,20260812,True,bfb874854b795dd19db77f7e96dd7e49d48f2f6baaf54cc936cceeac3ec21df7
US-MIDWEST,CONCRETE,2025-04-01,153.095595,2019-01-01,100.0,SYNTHETIC_RESEARCH_FIXTURE,OG-SYNTH-0.3,B1-0.3,build_opus_synthetic_programme_v0_3.py@0.3,20260812,True,77f7ebc9c0d3810cd193c207f4d44f612ce33f65111301b64843dca824e9b764
US-MIDWEST,CONCRETE,2025-05-01,153.219339,2019-01-01,100.0,SYNTHETIC_RESEARCH_FIXTURE,OG-SYNTH-0.3,B1-0.3,build_opus_synthetic_programme_v0_3.py@0.3,20260812,True,7b7eaa0de82e6599acfc43e9536b64f81852739a81631762765e96fd19c45237
US-MIDWEST,CONCRETE,2025-06-01,153.373625,2019-01-01,100.0,SYNTHETIC_RESEARCH_FIXTURE,OG-SYNTH-0.3,B1-0.3,build_opus_synthetic_programme_v0_3.py@0.3,20260812,True,2e7aa25e2160358a5bc4f350fe5b94e74c82afd647af46761f0c334fcf432499
US-MIDWEST,CONCRETE,2025-07-01,154.001369,2019-01-01,100.0,SYNTHETIC_RESEARCH_FIXTURE,OG-SYNTH-0.3,B1-0.3,build_opus_synthetic_programme_v0_3.py@0.3,20260812,True,9a6e28ea854415ebd2facb021277466a2ded47efe8658cb57b37a30c5ab51e16
US-MIDWEST,CONCRETE,2025-08-01,154.288452,2019-01-01,100.0,SYNTHETIC_RESEARCH_FIXTURE,OG-SYNTH-0.3,B1-0.3,build_opus_synthetic_programme_v0_3.py@0.3,20260812,True,857ec3d66cc25a02588c0a06a9486dbd72401d892dcacdc16e7eee8bc49ca289
US-MIDWEST,CONCRETE,2025-09-01,154.360141,2019-01-01,100.0,SYNTHETIC_RESEARCH_FIXTURE,OG-SYNTH-0.3,B1-0.3,build_opus_synthetic_programme_v0_3.py@0.3,20260812,True,6d85c2fab6fd64730903806224e8bb4638308c8586c16764b89904ccbf965981
US-MIDWEST,CONCRETE,2025-10-01,154.766108,2019-01-01,100.0,SYNTHETIC_RESEARCH_FIXTURE,OG-SYNTH-0.3,B1-0.3,build_opus_synthetic_programme_v0_3.py@0.3,20260812,True,739abc2f450d36ad544e4b0cd9671de5df4b351dcd86a5ae7b5b932b07a76cf0
US-MIDWEST,CONCRETE,2025-11-01,154.54581,2019-01-01,100.0,SYNTHETIC_RESEARCH_FIXTURE,OG-SYNTH-0.3,B1-0.3,build_opus_synthetic_programme_v0_3.py@0.3,20260812,True,7ee1e9d0398c01c2324928772692e1b465ef70cb166807c790c3b041081d9d5f
US-MIDWEST,CONCRETE,2025-12-01,154.756769,2019-01-01,100.0,SYNTHETIC_RESEARCH_FIXTURE,OG-SYNTH-0.3,B1-0.3,build_opus_synthetic_programme_v0_3.py@0.3,20260812,True,be83b661df43b0c63ca92cbf1c38d61529f7ff7952b6b77208a4692f10c68278
US-MIDWEST,CONCRETE,2026-01-01,155.312534,2019-01-01,100.0,SYNTHETIC_RESEARCH_FIXTURE,OG-SYNTH-0.3,B1-0.3,build_opus_synthetic_programme_v0_3.py@0.3,20260812,True,de7f4184bc124fafc575a33f4081067ce7ed55a2ef073864070d2c81410b2e66
US-MIDWEST,CONCRETE,2026-02-01,155.59511,2019-01-01,100.0,SYNTHETIC_RESEARCH_FIXTURE,OG-SYNTH-0.3,B1-0.3,build_opus_synthetic_programme_v0_3.py@0.3,20260812,True,f21725e2dc653757218637eafe6bf9488fc71f145e0426ef4137324d7c7ec278
US-MIDWEST,CONCRETE,2026-03-01,156.184321,2019-01-01,100.0,SYNTHETIC_RESEARCH_FIXTURE,OG-SYNTH-0.3,B1-0.3,build_opus_synthetic_programme_v0_3.py@0.3,20260812,True,3ffa883bd804ad7ebcf06aa6fb9c3e1382976cd76ad47c4a705a9fcf4aa04bff
US-MIDWEST,CONCRETE,2026-04-01,156.375477,2019-01-01,100.0,SYNTHETIC_RESEARCH_FIXTURE,OG-SYNTH-0.3,B1-0.3,build_opus_synthetic_programme_v0_3.py@0.3,20260812,True,568922a0b5f11cf5a0435e2e26c5833932e25b8a80df14b77c62b207a92a6abc
US-MIDWEST,CONCRETE,2026-05-01,157.113328,2019-01-01,100.0,SYNTHETIC_RESEARCH_FIXTURE,OG-SYNTH-0.3,B1-0.3,build_opus_synthetic_programme_v0_3.py@0.3,20260812,True,fec515af4d0dc330992eda9adaa5262d613b0ae37218e5f43d49e6ee45189b7c
US-MIDWEST,CONCRETE,2026-06-01,157.335469,2019-01-01,100.0,SYNTHETIC_RESEARCH_FIXTURE,OG-SYNTH-0.3,B1-0.3,build_opus_synthetic_programme_v0_3.py@0.3,20260812,True,1fa72c03210dd8951f5589a6403f56c803b46b7897a1cc30407e3c1008457127
US-MIDWEST,CONCRETE,2026-07-01,157.232967,2019-01-01,100.0,SYNTHETIC_RESEARCH_FIXTURE,OG-SYNTH-0.3,B1-0.3,build_opus_synthetic_programme_v0_3.py@0.3,20260812,True,500aebc0f46c8ef50d1431b68b98d8efd161af88df2ffddfa05d9ed389ab74d0
US-MIDWEST,CONCRETE,2026-08-01,157.871093,2019-01-01,100.0,SYNTHETIC_RESEARCH_FIXTURE,OG-SYNTH-0.3,B1-0.3,build_opus_synthetic_programme_v0_3.py@0.3,20260812,True,7999cb81a8e12d12b146ffd51c9c2dd23d4fc6a2ea290b7c264cfdd0ba2b3f87
US-MIDWEST,CONCRETE,2026-09-01,158.239464,2019-01-01,100.0,SYNTHETIC_RESEARCH_FIXTURE,OG-SYNTH-0.3,B1-0.3,build_opus_synthetic_programme_v0_3.py@0.3,20260812,True,5cce8f12aa8fcbfadf6ca465495045ea686fc5942a960ec721695e7b02d584d1
US-MIDWEST,CONCRETE,2026-10-01,158.461983,2019-01-01,100.0,SYNTHETIC_RESEARCH_FIXTURE,OG-SYNTH-0.3,B1-0.3,build_opus_synthetic_programme_v0_3.py@0.3,20260812,True,0a2c0c5d2f2f407afdd9e4b23462beee38fe555d2ac491be7a6d68ca0b583327
US-MIDWEST,CONCRETE,2026-11-01,158.849142,2019-01-01,100.0,SYNTHETIC_RESEARCH_FIXTURE,OG-SYNTH-0.3,B1-0.3,build_opus_synthetic_programme_v0_3.py@0.3,20260812,True,5b4882903fd35a4044458dbf4faf5f1a67a835b7e7ff231ae66eb2332e9cca16
US-MIDWEST,CONCRETE,2026-12-01,159.246657,2019-01-01,100.0,SYNTHETIC_RESEARCH_FIXTURE,OG-SYNTH-0.3,B1-0.3,build_opus_synthetic_programme_v0_3.py@0.3,20260812,True,f916d0e4d570d08bfd69d8ff8e3b4a4122e30ff7861d31172db78893351b637e
US-MIDWEST,ELECTRICAL_EQUIPMENT,2019-01-01,114.050442,2019-01-01,100.0,SYNTHETIC_RESEARCH_FIXTURE,OG-SYNTH-0.3,B1-0.3,build_opus_synthetic_programme_v0_3.py@0.3,20260812,True,94d20fb0dd91dc13f2b54abe627408d318a584dfbf8e637e53459a57b7563237
US-MIDWEST,ELECTRICAL_EQUIPMENT,2019-02-01,114.292795,2019-01-01,100.0,SYNTHETIC_RESEARCH_FIXTURE,OG-SYNTH-0.3,B1-0.3,build_opus_synthetic_programme_v0_3.py@0.3,20260812,True,16370a69c45cd3750415837665c86b23e2e8139736d7e19551bb7530b84be6b3
US-MIDWEST,ELECTRICAL_EQUIPMENT,2019-03-01,114.589436,2019-01-01,100.0,SYNTHETIC_RESEARCH_FIXTURE,OG-SYNTH-0.3,B1-0.3,build_opus_synthetic_programme_v0_3.py@0.3,20260812,True,2ce697c212097cb99891ea514a57bc2597f3d3f1d859ca3fee30e3f6e3eaad95
US-MIDWEST,ELECTRICAL_EQUIPMENT,2019-04-01,114.675793,2019-01-01,100.0,SYNTHETIC_RESEARCH_FIXTURE,OG-SYNTH-0.3,B1-0.3,build_opus_synthetic_programme_v0_3.py@0.3,20260812,True,b32e92994af7d7ccd0a58480cc90d59cff10c508110a39a2c1104c22959d774c
US-MIDWEST,ELECTRICAL_EQUIPMENT,2019-05-01,115.579166,2019-01-01,100.0,SYNTHETIC_RESEARCH_FIXTURE,OG-SYNTH-0.3,B1-0.3,build_opus_synthetic_programme_v0_3.py@0.3,20260812,True,6d636ea9ed0d79418551dd0b77182a9ed100d4f926ad40695d73fa6f8cd20069
US-MIDWEST,ELECTRICAL_EQUIPMENT,2019-06-01,116.246503,2019-01-01,100.0,SYNTHETIC_RESEARCH_FIXTURE,OG-SYNTH-0.3,B1-0.3,build_opus_synthetic_programme_v0_3.py@0.3,20260812,True,b9c55bd85d9c8e482f9a3b03038483cb8d30fe6f7981e51c09a4e56c9908d2d8
US-MIDWEST,ELECTRICAL_EQUIPMENT,2019-07-01,116.066038,2019-01-01,100.0,SYNTHETIC_RESEARCH_FIXTURE,OG-SYNTH-0.3,B1-0.3,build_opus_synthetic_programme_v0_3.py@0.3,20260812,True,bba7d33405230d415e2cfd95fb9e90eba3b0ed6b291af65891068ba71e6f92bc
US-MIDWEST,ELECTRICAL_EQUIPMENT,2019-08-01,116.265938,2019-01-01,100.0,SYNTHETIC_RESEARCH_FIXTURE,OG-SYNTH-0.3,B1-0.3,build_opus_synthetic_programme_v0_3.py@0.3,20260812,True,4161bfb04480ae92ad3913aba6fd7fcbdceb80234459d58ed0ed524932711f08
US-MIDWEST,ELECTRICAL_EQUIPMENT,2019-09-01,116.69532,2019-01-01,100.0,SYNTHETIC_RESEARCH_FIXTURE,OG-SYNTH-0.3,B1-0.3,build_opus_synthetic_programme_v0_3.py@0.3,20260812,True,6377c596c35175946d794a41dc06bb665a91c3ffd703935b1b9bf9215f71da5b
US-MIDWEST,ELECTRICAL_EQUIPMENT,2019-10-01,116.924719,2019-01-01,100.0,SYNTHETIC_RESEARCH_FIXTURE,OG-SYNTH-0.3,B1-0.3,build_opus_synthetic_programme_v0_3.py@0.3,20260812,True,d528a4c0768fba0acd6d3821b3398613f389778d629bb18218aaff36231ac753
US-MIDWEST,ELECTRICAL_EQUIPMENT,2019-11-01,116.972652,2019-01-01,100.0,SYNTHETIC_RESEARCH_FIXTURE,OG-SYNTH-0.3,B1-0.3,build_opus_synthetic_programme_v0_3.py@0.3,20260812,True,63f4dc7d32e96ff76637be5ed6970c869d80c0606d53b510d255925c07989636
US-MIDWEST,ELECTRICAL_EQUIPMENT,2019-12-01,117.229668,2019-01-01,100.0,SYNTHETIC_RESEARCH_FIXTURE,OG-SYNTH-0.3,B1-0.3,build_opus_synthetic_programme_v0_3.py@0.3,20260812,True,6e44a2d448e501d77453f0cb57938b310c630e6c95cf5f6d556ace43f7093ca4
US-MIDWEST,ELECTRICAL_EQUIPMENT,2020-01-01,117.718701,2019-01-01,100.0,SYNTHETIC_RESEARCH_FIXTURE,OG-SYNTH-0.3,B1-0.3,build_opus_synthetic_programme_v0_3.py@0.3,20260812,True,8a198046c5625d2187f52a47416acf689e651c25bcba67405f6b80c84f45e2ec
US-MIDWEST,ELECTRICAL_EQUIPMENT,2020-02-01,118.365708,2019-01-01,100.0,SYNTHETIC_RESEARCH_FIXTURE,OG-SYNTH-0.3,B1-0.3,build_opus_synthetic_programme_v0_3.py@0.3,20260812,True,2cf59959c318c8ccdbc17dbbec3c709e1f2c74a52fbe82edf683d655e6bb8775
US-MIDWEST,ELECTRICAL_EQUIPMENT,2020-03-01,118.575296,2019-01-01,100.0,SYNTHETIC_RESEARCH_FIXTURE,OG-SYNTH-0.3,B1-0.3,build_opus_synthetic_programme_v0_3.py@0.3,20260812,True,eeb7a68af97bdf978ec8260cbc9c376eecdb6e3a9339fdf6e22101c44f3d37ac
US-MIDWEST,ELECTRICAL_EQUIPMENT,2020-04-01,118.990237,2019-01-01,100.0,SYNTHETIC_RESEARCH_FIXTURE,OG-SYNTH-0.3,B1-0.3,build_opus_synthetic_programme_v0_3.py@0.3,20260812,True,0e6a6d3acfd3ab83f06c8e8e50295d6be3614dbd20b9204087d68d8f038d069a
US-MIDWEST,ELECTRICAL_EQUIPMENT,2020-05-01,118.742351,2019-01-01,100.0,SYNTHETIC_RESEARCH_FIXTURE,OG-SYNTH-0.3,B1-0.3,build_opus_synthetic_programme_v0_3.py@0.3,20260812,True,ade7f8d3939dc6e21bcfaa2ce638969fac6ccd3b2c1b1360491ceece71905731
US-MIDWEST,ELECTRICAL_EQUIPMENT,2020-06-01,119.194501,2019-01-01,100.0,SYNTHETIC_RESEARCH_FIXTURE,OG-SYNTH-0.3,B1-0.3,build_opus_synthetic_programme_v0_3.py@0.3,20260812,True,b1118b585ca944c7151f3b29a3d1f5a6ad1cc03bebc58339f54453ee32ec0464
US-MIDWEST,ELECTRICAL_EQUIPMENT,2020-07-01,118.880964,2019-01-01,100.0,SYNTHETIC_RESEARCH_FIXTURE,OG-SYNTH-0.3,B1-0.3,build_opus_synthetic_programme_v0_3.py@0.3,20260812,True,8e2bbfe4e616131e5cdc62119c21e75215268090c5621a17b1f4062562ff8365
US-MIDWEST,ELECTRICAL_EQUIPMENT,2020-08-01,118.777661,2019-01-01,100.0,SYNTHETIC_RESEARCH_FIXTURE,OG-SYNTH-0.3,B1-0.3,build_opus_synthetic_programme_v0_3.py@0.3,20260812,True,aca7c757cc75ed6f00cf111cd89079275a3848e95772ef21a979f6b119c36af3
US-MIDWEST,ELECTRICAL_EQUIPMENT,2020-09-01,118.944911,2019-01-01,100.0,SYNTHETIC_RESEARCH_FIXTURE,OG-SYNTH-0.3,B1-0.3,build_opus_synthetic_programme_v0_3.py@0.3,20260812,True,16d8a53e785c0d9c6a7e659f348a3ad81192a604ac8a4a928a69448e4ed13f06
US-MIDWEST,ELECTRICAL_EQUIPMENT,2020-10-01,119.13093,2019-01-01,100.0,SYNTHETIC_RESEARCH_FIXTURE,OG-SYNTH-0.3,B1-0.3,build_opus_synthetic_programme_v0_3.py@0.3,20260812,True,69312a9450949692c1e75ec55c0ca190fbe679cbcf3c7bd752e603a5da55a5bf
US-MIDWEST,ELECTRICAL_EQUIPMENT,2020-11-01,119.656155,2019-01-01,100.0,SYNTHETIC_RESEARCH_FIXTURE,OG-SYNTH-0.3,B1-0.3,build_opus_synthetic_programme_v0_3.py@0.3,20260812,True,c3808bae4b31c56fe03eaee46fbfe8b6a617f86a24e2a6e14486f146d2f729fd
US-MIDWEST,ELECTRICAL_EQUIPMENT,2020-12-01,119.932385,2019-01-01,100.0,SYNTHETIC_RESEARCH_FIXTURE,OG-SYNTH-0.3,B1-0.3,build_opus_synthetic_programme_v0_3.py@0.3,20260812,True,46d0cd545f1240784692161c1e25073353f1f550dc73eafb211d3be85afec32b
US-MIDWEST,ELECTRICAL_EQUIPMENT,2021-01-01,120.616837,2019-01-01,100.0,SYNTHETIC_RESEARCH_FIXTURE,OG-SYNTH-0.3,B1-0.3,build_opus_synthetic_programme_v0_3.py@0.3,20260812,True,3bee7a1583dbec924026fbd5c18fb5162be8284560329528922f9eb114339063
US-MIDWEST,ELECTRICAL_EQUIPMENT,2021-02-01,121.076669,2019-01-01,100.0,SYNTHETIC_RESEARCH_FIXTURE,OG-SYNTH-0.3,B1-0.3,build_opus_synthetic_programme_v0_3.py@0.3,20260812,True,d7a8c3a8cc012265ce8efef696248e010c44f4c4f60d9ab9d0463d7e69e8ef7e
US-MIDWEST,ELECTRICAL_EQUIPMENT,2021-03-01,121.258037,2019-01-01,100.0,SYNTHETIC_RESEARCH_FIXTURE,OG-SYNTH-0.3,B1-0.3,build_opus_synthetic_programme_v0_3.py@0.3,20260812,True,3534d5f9f8a14fb77a176c5ad1aa574cb5f397d8cd73bf6db4e8be686504f9ad
US-MIDWEST,ELECTRICAL_EQUIPMENT,2021-04-01,121.535712,2019-01-01,100.0,SYNTHETIC_RESEARCH_FIXTURE,OG-SYNTH-0.3,B1-0.3,build_opus_synthetic_programme_v0_3.py@0.3,20260812,True,6a666f7503563f2cf5df6a02c47dd7d09bd21287730dd0a3efd9782849c34421
US-MIDWEST,ELECTRICAL_EQUIPMENT,2021-05-01,123.463296,2019-01-01,100.0,SYNTHETIC_RESEARCH_FIXTURE,OG-SYNTH-0.3,B1-0.3,build_opus_synthetic_programme_v0_3.py@0.3,20260812,True,988d8d623fa5690959f84a4d683589e3feccb75d5ca9652ae0e58a325c631ed8
US-MIDWEST,ELECTRICAL_EQUIPMENT,2021-06-01,125.59849,2019-01-01,100.0,SYNTHETIC_RESEARCH_FIXTURE,OG-SYNTH-0.3,B1-0.3,build_opus_synthetic_programme_v0_3.py@0.3,20260812,True,008f8513496fa907cf5245ef7b0956f996b7be69d4480f58d0e358bc767121ab
US-MIDWEST,ELECTRICAL_EQUIPMENT,2021-07-01,127.29734,2019-01-01,100.0,SYNTHETIC_RESEARCH_FIXTURE,OG-SYNTH-0.3,B1-0.3,build_opus_synthetic_programme_v0_3.py@0.3,20260812,True,ce9ed3bd2cfe826187d2ec6bd170a62120619357c0834d30fcb0f93bfa5a4f8a
US-MIDWEST,ELECTRICAL_EQUIPMENT,2021-08-01,129.10053,2019-01-01,100.0,SYNTHETIC_RESEARCH_FIXTURE,OG-SYNTH-0.3,B1-0.3,build_opus_synthetic_programme_v0_3.py@0.3,20260812,True,7e12a3859b1bce1ea5b0381537f203f9838ff4fa0ed512bd6c6c07b31f88b2b5
US-MIDWEST,ELECTRICAL_EQUIPMENT,2021-09-01,130.867952,2019-01-01,100.0,SYNTHETIC_RESEARCH_FIXTURE,OG-SYNTH-0.3,B1-0.3,build_opus_synthetic_programme_v0_3.py@0.3,20260812,True,17507400dac0ee3d0ab2cd0b03ece92798040934ec070d352a87ffd34c811b55
US-MIDWEST,ELECTRICAL_EQUIPMENT,2021-10-01,132.911704,2019-01-01,100.0,SYNTHETIC_RESEARCH_FIXTURE,OG-SYNTH-0.3,B1-0.3,build_opus_synthetic_programme_v0_3.py@0.3,20260812,True,4cde04eb382c8e08e4858e401d0be073293543b427426a6b6168633e5c76eb05
US-MIDWEST,ELECTRICAL_EQUIPMENT,2021-11-01,134.709351,2019-01-01,100.0,SYNTHETIC_RESEARCH_FIXTURE,OG-SYNTH-0.3,B1-0.3,build_opus_synthetic_programme_v0_3.py@0.3,20260812,True,7bc4498067de8716fe882b2883cecb022dc320f9fb0e0a43d0cb2177f41a9cfe
US-MIDWEST,ELECTRICAL_EQUIPMENT,2021-12-01,136.330381,2019-01-01,100.0,SYNTHETIC_RESEARCH_FIXTURE,OG-SYNTH-0.3,B1-0.3,build_opus_synthetic_programme_v0_3.py@0.3,20260812,True,0208a8e06d079a82c78a93c515957f7ae762c78c47c4ac28ae90d0d8e0988b37
US-MIDWEST,ELECTRICAL_EQUIPMENT,2022-01-01,137.95262,2019-01-01,100.0,SYNTHETIC_RESEARCH_FIXTURE,OG-SYNTH-0.3,B1-0.3,build_opus_synthetic_programme_v0_3.py@0.3,20260812,True,41e55a17143e82c5cb6f510c8107ba0a537d9a801f429b991f7d11d7cfea702d
US-MIDWEST,ELECTRICAL_EQUIPMENT,2022-02-01,139.94218,2019-01-01,100.0,SYNTHETIC_RESEARCH_FIXTURE,OG-SYNTH-0.3,B1-0.3,build_opus_synthetic_programme_v0_3.py@0.3,20260812,True,c1a195368a05861723a1fa42a0bb58a733ad3ffaba798e76f8ab2ff4516729b9
US-MIDWEST,ELECTRICAL_EQUIPMENT,2022-03-01,142.094812,2019-01-01,100.0,SYNTHETIC_RESEARCH_FIXTURE,OG-SYNTH-0.3,B1-0.3,build_opus_synthetic_programme_v0_3.py@0.3,20260812,True,122d5468ff7701a752541f68b0ef8e06f6ddde9394dbf2ef1393ceae7abd7a53
US-MIDWEST,ELECTRICAL_EQUIPMENT,2022-04-01,143.993844,2019-01-01,100.0,SYNTHETIC_RESEARCH_FIXTURE,OG-SYNTH-0.3,B1-0.3,build_opus_synthetic_programme_v0_3.py@0.3,20260812,True,2eaa353ccdc9a04c4b34374257d147b428c39d1b05c54cb09fa51d26c2ddd48e
US-MIDWEST,ELECTRICAL_EQUIPMENT,2022-05-01,146.235309,2019-01-01,100.0,SYNTHETIC_RESEARCH_FIXTURE,OG-SYNTH-0.3,B1-0.3,build_opus_synthetic_programme_v0_3.py@0.3,20260812,True,f5a8d9e0b4d0f73e31212dc0f4e74e9a4241a260b5279679e5e205cd50e1c7e2
US-MIDWEST,ELECTRICAL_EQUIPMENT,2022-06-01,146.43454,2019-01-01,100.0,SYNTHETIC_RESEARCH_FIXTURE,OG-SYNTH-0.3,B1-0.3,build_opus_synthetic_programme_v0_3.py@0.3,20260812,True,cf873273310e9db73cdc3fe14845ee684e26e1915d73d1ea22368677a4554635
US-MIDWEST,ELECTRICAL_EQUIPMENT,2022-07-01,146.449432,2019-01-01,100.0,SYNTHETIC_RESEARCH_FIXTURE,OG-SYNTH-0.3,B1-0.3,build_opus_synthetic_programme_v0_3.py@0.3,20260812,True,31842a894de9ebe91267baada04dd2421eaeaa5b8994de7b74a57742714a3cd2
US-MIDWEST,ELECTRICAL_EQUIPMENT,2022-08-01,146.795469,2019-01-01,100.0,SYNTHETIC_RESEARCH_FIXTURE,OG-SYNTH-0.3,B1-0.3,build_opus_synthetic_programme_v0_3.py@0.3,20260812,True,456db9930354a12b31a487e3ed7f70166fb7404cc73c1dba3db6c0bc63c58313
US-MIDWEST,ELECTRICAL_EQUIPMENT,2022-09-01,146.839989,2019-01-01,100.0,SYNTHETIC_RESEARCH_FIXTURE,OG-SYNTH-0.3,B1-0.3,build_opus_synthetic_programme_v0_3.py@0.3,20260812,True,8b7982518b243192ff83ba6677ab59377733e46d3fa4ce4703f75670000f4e9b
US-MIDWEST,ELECTRICAL_EQUIPMENT,2022-10-01,147.356651,2019-01-01,100.0,SYNTHETIC_RESEARCH_FIXTURE,OG-SYNTH-0.3,B1-0.3,build_opus_synthetic_programme_v0_3.py@0.3,20260812,True,d1966160a0ab27357c288be81ff8784f679b1ed8177f5d6b79b4bd61c0a77b51
US-MIDWEST,ELECTRICAL_EQUIPMENT,2022-11-01,147.609225,2019-01-01,100.0,SYNTHETIC_RESEARCH_FIXTURE,OG-SYNTH-0.3,B1-0.3,build_opus_synthetic_programme_v0_3.py@0.3,20260812,True,95ba6cb495b639f8b4978631f8851ba50f06ec552c4ccb716f82fab60913f4e9
US-MIDWEST,ELECTRICAL_EQUIPMENT,2022-12-01,147.491923,2019-01-01,100.0,SYNTHETIC_RESEARCH_FIXTURE,OG-SYNTH-0.3,B1-0.3,build_opus_synthetic_programme_v0_3.py@0.3,20260812,True,cddd4b531cd0b464ded21d85cf181cd4d0a15831adb17c0faa98df3ad1a04753
US-MIDWEST,ELECTRICAL_EQUIPMENT,2023-01-01,147.530384,2019-01-01,100.0,SYNTHETIC_RESEARCH_FIXTURE,OG-SYNTH-0.3,B1-0.3,build_opus_synthetic_programme_v0_3.py@0.3,20260812,True,76bb9a8c7b18e3faaee4a0facdb84981ed436e2e9cc37be17071f5af480f1ee3
US-MIDWEST,ELECTRICAL_EQUIPMENT,2023-02-01,147.994434,2019-01-01,100.0,SYNTHETIC_RESEARCH_FIXTURE,OG-SYNTH-0.3,B1-0.3,build_opus_synthetic_programme_v0_3.py@0.3,20260812,True,5918b1f537727e4b40c06c058630b7aa071cff1e690b9fb2559b600d4cfc23ec
US-MIDWEST,ELECTRICAL_EQUIPMENT,2023-03-01,148.502474,2019-01-01,100.0,SYNTHETIC_RESEARCH_FIXTURE,OG-SYNTH-0.3,B1-0.3,build_opus_synthetic_programme_v0_3.py@0.3,20260812,True,b865945ff519e6f5a12346383832f46525d801e9ab9dca568490759b810f1b60
US-MIDWEST,ELECTRICAL_EQUIPMENT,2023-04-01,149.028413,2019-01-01,100.0,SYNTHETIC_RESEARCH_FIXTURE,OG-SYNTH-0.3,B1-0.3,build_opus_synthetic_programme_v0_3.py@0.3,20260812,True,9990a5fd0fb9f3beaa7df62784d493489b7042aa8a2981ff5bd6baad8481d6a9
US-MIDWEST,ELECTRICAL_EQUIPMENT,2023-05-01,149.58264,2019-01-01,100.0,SYNTHETIC_RESEARCH_FIXTURE,OG-SYNTH-0.3,B1-0.3,build_opus_synthetic_programme_v0_3.py@0.3,20260812,True,184318bba62ce8db30226213e9aef83d6062096766d213157f76ed57f4f0417e
US-MIDWEST,ELECTRICAL_EQUIPMENT,2023-06-01,149.663206,2019-01-01,100.0,SYNTHETIC_RESEARCH_FIXTURE,OG-SYNTH-0.3,B1-0.3,build_opus_synthetic_programme_v0_3.py@0.3,20260812,True,d1c0a717ecd4e9ab036e657de2cbcc108a095109ef0d57e5d97b72c9d53ec94e
US-MIDWEST,ELECTRICAL_EQUIPMENT,2023-07-01,150.049831,2019-01-01,100.0,SYNTHETIC_RESEARCH_FIXTURE,OG-SYNTH-0.3,B1-0.3,build_opus_synthetic_programme_v0_3.py@0.3,20260812,True,c76812dd22c5f69e029bd453e8005d33dff5b84a35b8d92c3b45c02da9c44f4f
US-MIDWEST,ELECTRICAL_EQUIPMENT,2023-08-01,149.950331,2019-01-01,100.0,SYNTHETIC_RESEARCH_FIXTURE,OG-SYNTH-0.3,B1-0.3,build_opus_synthetic_programme_v0_3.py@0.3,20260812,True,8ec657c21c56445137a234bcc83abf790f63d93ff5adf11958e61d88fefb0c96
US-MIDWEST,ELECTRICAL_EQUIPMENT,2023-09-01,150.714093,2019-01-01,100.0,SYNTHETIC_RESEARCH_FIXTURE,OG-SYNTH-0.3,B1-0.3,build_opus_synthetic_programme_v0_3.py@0.3,20260812,True,84f8782c20eaaa7537d1e448a3d98dde4d6ce9ad1758c0c0b8bafb602767ca9e
US-MIDWEST,ELECTRICAL_EQUIPMENT,2023-10-01,150.799583,2019-01-01,100.0,SYNTHETIC_RESEARCH_FIXTURE,OG-SYNTH-0.3,B1-0.3,build_opus_synthetic_programme_v0_3.py@0.3,20260812,True,9b72d42574735959c4b15bd3193f133e6655783659a1cc2d37d589b9d32a8911
US-MIDWEST,ELECTRICAL_EQUIPMENT,2023-11-01,151.294222,2019-01-01,100.0,SYNTHETIC_RESEARCH_FIXTURE,OG-SYNTH-0.3,B1-0.3,build_opus_synthetic_programme_v0_3.py@0.3,20260812,True,fdab649b0d06613ab5c6acd6b917bde92440cc50501115e8ce2c2b1f5c2f3833
US-MIDWEST,ELECTRICAL_EQUIPMENT,2023-12-01,151.594055,2019-01-01,100.0,SYNTHETIC_RESEARCH_FIXTURE,OG-SYNTH-0.3,B1-0.3,build_opus_synthetic_programme_v0_3.py@0.3,20260812,True,cabce5030850145f5313609a5bd846c79673f128ab034aa8dd2f8a718d2e0d9c
US-MIDWEST,ELECTRICAL_EQUIPMENT,2024-01-01,152.691631,2019-01-01,100.0,SYNTHETIC_RESEARCH_FIXTURE,OG-SYNTH-0.3,B1-0.3,build_opus_synthetic_programme_v0_3.py@0.3,20260812,True,8678d037244cd22c413575457c0ab27249d6df9bdd24ab6869083c3bc5b9a94d
US-MIDWEST,ELECTRICAL_EQUIPMENT,2024-02-01,153.642863,2019-01-01,100.0,SYNTHETIC_RESEARCH_FIXTURE,OG-SYNTH-0.3,B1-0.3,build_opus_synthetic_programme_v0_3.py@0.3,20260812,True,13ab089133e430db451f6415b31f75dc2975b3b9631ceaf0623f6d40e21189fe
US-MIDWEST,ELECTRICAL_EQUIPMENT,2024-03-01,154.044547,2019-01-01,100.0,SYNTHETIC_RESEARCH_FIXTURE,OG-SYNTH-0.3,B1-0.3,build_opus_synthetic_programme_v0_3.py@0.3,20260812,True,41104e44073cdb77dc315c1997fc4a84bf5e8502fd9e12f16cd8835588a75619
US-MIDWEST,ELECTRICAL_EQUIPMENT,2024-04-01,154.538734,2019-01-01,100.0,SYNTHETIC_RESEARCH_FIXTURE,OG-SYNTH-0.3,B1-0.3,build_opus_synthetic_programme_v0_3.py@0.3,20260812,True,6185653865ca977316d6e7884dece7d597629bc3057840e55d02ba6a3b30e31f
US-MIDWEST,ELECTRICAL_EQUIPMENT,2024-05-01,156.064826,2019-01-01,100.0,SYNTHETIC_RESEARCH_FIXTURE,OG-SYNTH-0.3,B1-0.3,build_opus_synthetic_programme_v0_3.py@0.3,20260812,True,4b12f0aebd1a83f9308fb53f940f7b339cb538da207704e1ee5ff4b7268d481e
US-MIDWEST,ELECTRICAL_EQUIPMENT,2024-06-01,157.168714,2019-01-01,100.0,SYNTHETIC_RESEARCH_FIXTURE,OG-SYNTH-0.3,B1-0.3,build_opus_synthetic_programme_v0_3.py@0.3,20260812,True,3181e15c53a711aa99133383ef4821dde5a845abee4652d85a92854ae8241d3f
US-MIDWEST,ELECTRICAL_EQUIPMENT,2024-07-01,158.052741,2019-01-01,100.0,SYNTHETIC_RESEARCH_FIXTURE,OG-SYNTH-0.3,B1-0.3,build_opus_synthetic_programme_v0_3.py@0.3,20260812,True,1714b194530260356a36988bdf7337acfc1b79431d057989663ea71d24285f79
US-MIDWEST,ELECTRICAL_EQUIPMENT,2024-08-01,158.788824,2019-01-01,100.0,SYNTHETIC_RESEARCH_FIXTURE,OG-SYNTH-0.3,B1-0.3,build_opus_synthetic_programme_v0_3.py@0.3,20260812,True,8c54ebd83214dd56f0709826b21a0656a9479d9d95bbbaf7b8ef7c3459cb7d43
US-MIDWEST,ELECTRICAL_EQUIPMENT,2024-09-01,159.147589,2019-01-01,100.0,SYNTHETIC_RESEARCH_FIXTURE,OG-SYNTH-0.3,B1-0.3,build_opus_synthetic_programme_v0_3.py@0.3,20260812,True,40f74501781fffa11f2867940f728a5ef0754bab3cb7810eb4504527cb22a78e
US-MIDWEST,ELECTRICAL_EQUIPMENT,2024-10-01,159.474367,2019-01-01,100.0,SYNTHETIC_RESEARCH_FIXTURE,OG-SYNTH-0.3,B1-0.3,build_opus_synthetic_programme_v0_3.py@0.3,20260812,True,5399dba26f17ffcf461a78bad97580bbdea2d1b4c4bc143199dcab95483ae176
US-MIDWEST,ELECTRICAL_EQUIPMENT,2024-11-01,159.882271,2019-01-01,100.0,SYNTHETIC_RESEARCH_FIXTURE,OG-SYNTH-0.3,B1-0.3,build_opus_synthetic_programme_v0_3.py@0.3,20260812,True,c40c7a24e500ef788188da2094de912b643d2fe359d1b15f65f297da350dc64e
US-MIDWEST,ELECTRICAL_EQUIPMENT,2024-12-01,160.137627,2019-01-01,100.0,SYNTHETIC_RESEARCH_FIXTURE,OG-SYNTH-0.3,B1-0.3,build_opus_synthetic_programme_v0_3.py@0.3,20260812,True,27a812c9615d9dba11869127a47a90925fa9116529fc958ece22b1fe0bb82b99
US-MIDWEST,ELECTRICAL_EQUIPMENT,2025-01-01,160.223095,2019-01-01,100.0,SYNTHETIC_RESEARCH_FIXTURE,OG-SYNTH-0.3,B1-0.3,build_opus_synthetic_programme_v0_3.py@0.3,20260812,True,e078a2279e8cc24434b85e47c1f9f0c02828def30f098e1c7173ca589b6c7dfb
US-MIDWEST,ELECTRICAL_EQUIPMENT,2025-02-01,160.378144,2019-01-01,100.0,SYNTHETIC_RESEARCH_FIXTURE,OG-SYNTH-0.3,B1-0.3,build_opus_synthetic_programme_v0_3.py@0.3,20260812,True,153e270e8d2c1c6909f42de3d28e19c3d89de0d52aab04cf2cd4f8f473bdfa32
US-MIDWEST,ELECTRICAL_EQUIPMENT,2025-03-01,161.261529,2019-01-01,100.0,SYNTHETIC_RESEARCH_FIXTURE,OG-SYNTH-0.3,B1-0.3,build_opus_synthetic_programme_v0_3.py@0.3,20260812,True,6e7ae6625e675a247b15fc32ccd8496fda78c1249d32bd1176776e3ca6409510
US-MIDWEST,ELECTRICAL_EQUIPMENT,2025-04-01,161.674616,2019-01-01,100.0,SYNTHETIC_RESEARCH_FIXTURE,OG-SYNTH-0.3,B1-0.3,build_opus_synthetic_programme_v0_3.py@0.3,20260812,True,7021b80a49298cef661dd55a0f3482f3d4c6174e1c86e7464bf8509a1936b3fd
US-MIDWEST,ELECTRICAL_EQUIPMENT,2025-05-01,162.388441,2019-01-01,100.0,SYNTHETIC_RESEARCH_FIXTURE,OG-SYNTH-0.3,B1-0.3,build_opus_synthetic_programme_v0_3.py@0.3,20260812,True,b3f504a70e4e08e913b6e12db8dd70efeceb18f462ef58b1f28bd39c9c94f635
US-MIDWEST,ELECTRICAL_EQUIPMENT,2025-06-01,162.624779,2019-01-01,100.0,SYNTHETIC_RESEARCH_FIXTURE,OG-SYNTH-0.3,B1-0.3,build_opus_synthetic_programme_v0_3.py@0.3,20260812,True,22fe2f49ed7fee426607e5898fb53227d891753d44277577c59784c7c87f5970
US-MIDWEST,ELECTRICAL_EQUIPMENT,2025-07-01,162.907486,2019-01-01,100.0,SYNTHETIC_RESEARCH_FIXTURE,OG-SYNTH-0.3,B1-0.3,build_opus_synthetic_programme_v0_3.py@0.3,20260812,True,e10407f456571cfd7337ba0d1e989f25035100b4b1ebd4bfaa44f2b7a84ab822
US-MIDWEST,ELECTRICAL_EQUIPMENT,2025-08-01,163.775877,2019-01-01,100.0,SYNTHETIC_RESEARCH_FIXTURE,OG-SYNTH-0.3,B1-0.3,build_opus_synthetic_programme_v0_3.py@0.3,20260812,True,1257c1e82501c84abb2ca4b84deb5f46bad758cd6fd74cba163a56ea297c53ec
US-MIDWEST,ELECTRICAL_EQUIPMENT,2025-09-01,164.040559,2019-01-01,100.0,SYNTHETIC_RESEARCH_FIXTURE,OG-SYNTH-0.3,B1-0.3,build_opus_synthetic_programme_v0_3.py@0.3,20260812,True,13271743d68d7dd800b96ef4ee20c01053ea7fd17ad720442681254557f54f68
US-MIDWEST,ELECTRICAL_EQUIPMENT,2025-10-01,164.386386,2019-01-01,100.0,SYNTHETIC_RESEARCH_FIXTURE,OG-SYNTH-0.3,B1-0.3,build_opus_synthetic_programme_v0_3.py@0.3,20260812,True,ae5f83c6c3ac301d984724ebd7e9381e70cc35babc599f6ff4b2b39b279df8dc
US-MIDWEST,ELECTRICAL_EQUIPMENT,2025-11-01,164.672773,2019-01-01,100.0,SYNTHETIC_RESEARCH_FIXTURE,OG-SYNTH-0.3,B1-0.3,build_opus_synthetic_programme_v0_3.py@0.3,20260812,True,f1b8edd6aa016f438f85017871c787c7367be3a78d090ff45d0c43d5ea38e7a9
US-MIDWEST,ELECTRICAL_EQUIPMENT,2025-12-01,164.868672,2019-01-01,100.0,SYNTHETIC_RESEARCH_FIXTURE,OG-SYNTH-0.3,B1-0.3,build_opus_synthetic_programme_v0_3.py@0.3,20260812,True,b8db6d448fe6efbe9488052b120ad5ffed23da2f7b37d908bf0c2cae900d62f4
US-MIDWEST,ELECTRICAL_EQUIPMENT,2026-01-01,164.913551,2019-01-01,100.0,SYNTHETIC_RESEARCH_FIXTURE,OG-SYNTH-0.3,B1-0.3,build_opus_synthetic_programme_v0_3.py@0.3,20260812,True,61198522d5029d11dcbf698ce75164fdb94427c343a8ca44e0a92c82e545d8b0
US-MIDWEST,ELECTRICAL_EQUIPMENT,2026-02-01,165.517525,2019-01-01,100.0,SYNTHETIC_RESEARCH_FIXTURE,OG-SYNTH-0.3,B1-0.3,build_opus_synthetic_programme_v0_3.py@0.3,20260812,True,878001025bc5f83ea8e2840f0972386b066bade28eee4b76c3cb3e4c2faf14f1
US-MIDWEST,ELECTRICAL_EQUIPMENT,2026-03-01,165.954376,2019-01-01,100.0,SYNTHETIC_RESEARCH_FIXTURE,OG-SYNTH-0.3,B1-0.3,build_opus_synthetic_programme_v0_3.py@0.3,20260812,True,a039dc39f4e19a77c41a6df538e3523cd82e350a28b93ffbb37e35d1ee336c6b
US-MIDWEST,ELECTRICAL_EQUIPMENT,2026-04-01,166.214249,2019-01-01,100.0,SYNTHETIC_RESEARCH_FIXTURE,OG-SYNTH-0.3,B1-0.3,build_opus_synthetic_programme_v0_3.py@0.3,20260812,True,a2050d16191623fac028a4bece7153b8646700d32b444fd408bf6b42a9488867
US-MIDWEST,ELECTRICAL_EQUIPMENT,2026-05-01,166.569518,2019-01-01,100.0,SYNTHETIC_RESEARCH_FIXTURE,OG-SYNTH-0.3,B1-0.3,build_opus_synthetic_programme_v0_3.py@0.3,20260812,True,ba1c924d5f9092f6f212979d0bfd481c8d365749fa477fc264f2b04e9fb444e4
US-MIDWEST,ELECTRICAL_EQUIPMENT,2026-06-01,166.926892,2019-01-01,100.0,SYNTHETIC_RESEARCH_FIXTURE,OG-SYNTH-0.3,B1-0.3,build_opus_synthetic_programme_v0_3.py@0.3,20260812,True,fb2c189c9da9c4bd8dd08ab406d02f9e161e7146b86df488a1bd41d3343c79eb
US-MIDWEST,ELECTRICAL_EQUIPMENT,2026-07-01,167.251615,2019-01-01,100.0,SYNTHETIC_RESEARCH_FIXTURE,OG-SYNTH-0.3,B1-0.3,build_opus_synthetic_programme_v0_3.py@0.3,20260812,True,c63ba163c6bb9b3ac4908514b38813a82bd3cc322340f0e0802cbc3f559cedfe
US-MIDWEST,ELECTRICAL_EQUIPMENT,2026-08-01,167.418944,2019-01-01,100.0,SYNTHETIC_RESEARCH_FIXTURE,OG-SYNTH-0.3,B1-0.3,build_opus_synthetic_programme_v0_3.py@0.3,20260812,True,dae990abeddf96a119fe3a2e2c7f3794227c4d10ee90d3376b6fed01cd76f900
US-MIDWEST,ELECTRICAL_EQUIPMENT,2026-09-01,167.58589,2019-01-01,100.0,SYNTHETIC_RESEARCH_FIXTURE,OG-SYNTH-0.3,B1-0.3,build_opus_synthetic_programme_v0_3.py@0.3,20260812,True,70a6c727378ff3094d9e9f44e38dcb392f2b4db3ad046eb64983fcce1efb2fc1
US-MIDWEST,ELECTRICAL_EQUIPMENT,2026-10-01,167.986395,2019-01-01,100.0,SYNTHETIC_RESEARCH_FIXTURE,OG-SYNTH-0.3,B1-0.3,build_opus_synthetic_programme_v0_3.py@0.3,20260812,True,2eeabdafc866365f137745ae1a656ae74f2213ac1848d29c696959065d9a8a7d
US-MIDWEST,ELECTRICAL_EQUIPMENT,2026-11-01,168.173679,2019-01-01,100.0,SYNTHETIC_RESEARCH_FIXTURE,OG-SYNTH-0.3,B1-0.3,build_opus_synthetic_programme_v0_3.py@0.3,20260812,True,cc174db848f40798e777215bb904b83b3e6756566556961769c7c24d34bd1113
US-MIDWEST,ELECTRICAL_EQUIPMENT,2026-12-01,168.450657,2019-01-01,100.0,SYNTHETIC_RESEARCH_FIXTURE,OG-SYNTH-0.3,B1-0.3,build_opus_synthetic_programme_v0_3.py@0.3,20260812,True,5f53348e5653d54ff3be015897553afce113f6b94a9f92c994f1ba1251c6e0be
US-MIDWEST,MECHANICAL_EQUIPMENT,2019-01-01,116.643187,2019-01-01,100.0,SYNTHETIC_RESEARCH_FIXTURE,OG-SYNTH-0.3,B1-0.3,build_opus_synthetic_programme_v0_3.py@0.3,20260812,True,0a22bed1ae142c061c416d50ea1e6202c47cf4ea7189a44e6c2dddaedd45f7aa
US-MIDWEST,MECHANICAL_EQUIPMENT,2019-02-01,117.181044,2019-01-01,100.0,SYNTHETIC_RESEARCH_FIXTURE,OG-SYNTH-0.3,B1-0.3,build_opus_synthetic_programme_v0_3.py@0.3,20260812,True,b36b2781b65d3e4ed2ca8eab1dab437d2874f3f5344c0c828fb92fd24f5c0e3d
US-MIDWEST,MECHANICAL_EQUIPMENT,2019-03-01,117.734109,2019-01-01,100.0,SYNTHETIC_RESEARCH_FIXTURE,OG-SYNTH-0.3,B1-0.3,build_opus_synthetic_programme_v0_3.py@0.3,20260812,True,fc76f27f2c58283985953a0fcad3ccac8658d489e442ea78507a5a80009f571b
US-MIDWEST,MECHANICAL_EQUIPMENT,2019-04-01,118.150084,2019-01-01,100.0,SYNTHETIC_RESEARCH_FIXTURE,OG-SYNTH-0.3,B1-0.3,build_opus_synthetic_programme_v0_3.py@0.3,20260812,True,456fc88878b90fc3814c617e247637b9b41ae94ade8a8eb852b7a6e28b9ee263
US-MIDWEST,MECHANICAL_EQUIPMENT,2019-05-01,118.571886,2019-01-01,100.0,SYNTHETIC_RESEARCH_FIXTURE,OG-SYNTH-0.3,B1-0.3,build_opus_synthetic_programme_v0_3.py@0.3,20260812,True,d06d7a0fd888de759293adb5574f397db4f0866883a9a7309a29278636168acc
US-MIDWEST,MECHANICAL_EQUIPMENT,2019-06-01,119.070041,2019-01-01,100.0,SYNTHETIC_RESEARCH_FIXTURE,OG-SYNTH-0.3,B1-0.3,build_opus_synthetic_programme_v0_3.py@0.3,20260812,True,adeaff4f1115d36e40e0f64f99a847cd35644e778e1d8098ef164f913689fb10
US-MIDWEST,MECHANICAL_EQUIPMENT,2019-07-01,119.121898,2019-01-01,100.0,SYNTHETIC_RESEARCH_FIXTURE,OG-SYNTH-0.3,B1-0.3,build_opus_synthetic_programme_v0_3.py@0.3,20260812,True,01463c9f8fd0374485616b858aa1dc410fd9652bf1b496bad927003806ef00bf
US-MIDWEST,MECHANICAL_EQUIPMENT,2019-08-01,119.280441,2019-01-01,100.0,SYNTHETIC_RESEARCH_FIXTURE,OG-SYNTH-0.3,B1-0.3,build_opus_synthetic_programme_v0_3.py@0.3,20260812,True,c899a756646b1e311fbc0b93ec1deb9a9c9b7ab617d3d81e458b48fe5a53d079
US-MIDWEST,MECHANICAL_EQUIPMENT,2019-09-01,119.578783,2019-01-01,100.0,SYNTHETIC_RESEARCH_FIXTURE,OG-SYNTH-0.3,B1-0.3,build_opus_synthetic_programme_v0_3.py@0.3,20260812,True,f11a2884084d5456c0019d1d2a56bcdac77fb6346b8bafbbce3e1a2c7f9d40d7
US-MIDWEST,MECHANICAL_EQUIPMENT,2019-10-01,119.628035,2019-01-01,100.0,SYNTHETIC_RESEARCH_FIXTURE,OG-SYNTH-0.3,B1-0.3,build_opus_synthetic_programme_v0_3.py@0.3,20260812,True,5341bfb8e23711fe27e5e4a019b2de24b241153dfd8832ff53cf7f968c3ca3a2
US-MIDWEST,MECHANICAL_EQUIPMENT,2019-11-01,119.981347,2019-01-01,100.0,SYNTHETIC_RESEARCH_FIXTURE,OG-SYNTH-0.3,B1-0.3,build_opus_synthetic_programme_v0_3.py@0.3,20260812,True,0916c27e1d13d80d9c816b9b58ab9c1916d0546cec307d3a10bb801014b20583
US-MIDWEST,MECHANICAL_EQUIPMENT,2019-12-01,120.31511,2019-01-01,100.0,SYNTHETIC_RESEARCH_FIXTURE,OG-SYNTH-0.3,B1-0.3,build_opus_synthetic_programme_v0_3.py@0.3,20260812,True,9b2a5dbe9a92a48ca75963c087ffc27204d4e626193139757c78baed99681c30
US-MIDWEST,MECHANICAL_EQUIPMENT,2020-01-01,120.473043,2019-01-01,100.0,SYNTHETIC_RESEARCH_FIXTURE,OG-SYNTH-0.3,B1-0.3,build_opus_synthetic_programme_v0_3.py@0.3,20260812,True,d8b1f961504cd0f46f16fb5cd21c00625d8b531a1b05bc40fa218818e8c079c2
US-MIDWEST,MECHANICAL_EQUIPMENT,2020-02-01,120.564626,2019-01-01,100.0,SYNTHETIC_RESEARCH_FIXTURE,OG-SYNTH-0.3,B1-0.3,build_opus_synthetic_programme_v0_3.py@0.3,20260812,True,132d0d0f4012c84a47a6b5d670c7d0977d65c0f12a3983d2960be772cd50596f
US-MIDWEST,MECHANICAL_EQUIPMENT,2020-03-01,120.888335,2019-01-01,100.0,SYNTHETIC_RESEARCH_FIXTURE,OG-SYNTH-0.3,B1-0.3,build_opus_synthetic_programme_v0_3.py@0.3,20260812,True,7aa3f4157a99f8ce3b8f82b82d520c2dea6a99cdead23690d14d61004af95036
US-MIDWEST,MECHANICAL_EQUIPMENT,2020-04-01,121.12679,2019-01-01,100.0,SYNTHETIC_RESEARCH_FIXTURE,OG-SYNTH-0.3,B1-0.3,build_opus_synthetic_programme_v0_3.py@0.3,20260812,True,42af1014977ae58a43a2b0c01447726e15a3a0a0d6e12ca4d9487cadfd58c3ca
US-MIDWEST,MECHANICAL_EQUIPMENT,2020-05-01,121.299014,2019-01-01,100.0,SYNTHETIC_RESEARCH_FIXTURE,OG-SYNTH-0.3,B1-0.3,build_opus_synthetic_programme_v0_3.py@0.3,20260812,True,38ced89f2430cde2482af806ced713e2a191b020b7574facc005c5d176631a95
US-MIDWEST,MECHANICAL_EQUIPMENT,2020-06-01,121.791793,2019-01-01,100.0,SYNTHETIC_RESEARCH_FIXTURE,OG-SYNTH-0.3,B1-0.3,build_opus_synthetic_programme_v0_3.py@0.3,20260812,True,f342a6111c2ec1361ea6644e68fc2973c74f376de3acc00bc580bd8546d541fb
US-MIDWEST,MECHANICAL_EQUIPMENT,2020-07-01,121.880167,2019-01-01,100.0,SYNTHETIC_RESEARCH_FIXTURE,OG-SYNTH-0.3,B1-0.3,build_opus_synthetic_programme_v0_3.py@0.3,20260812,True,abff5eb6740b11fc9034f05e1a1adf8b87da4d6215588de3b333b331273817a5
US-MIDWEST,MECHANICAL_EQUIPMENT,2020-08-01,122.359293,2019-01-01,100.0,SYNTHETIC_RESEARCH_FIXTURE,OG-SYNTH-0.3,B1-0.3,build_opus_synthetic_programme_v0_3.py@0.3,20260812,True,4b051ee08b3a681b4fe449864d57b997d0fd1d538413ce9ef07e3eb4224650de
US-MIDWEST,MECHANICAL_EQUIPMENT,2020-09-01,122.774816,2019-01-01,100.0,SYNTHETIC_RESEARCH_FIXTURE,OG-SYNTH-0.3,B1-0.3,build_opus_synthetic_programme_v0_3.py@0.3,20260812,True,fe7372d04591a248159174bfa39aea7ac5012103a744c3a8583d6ab8c6fdc3b7
US-MIDWEST,MECHANICAL_EQUIPMENT,2020-10-01,123.155411,2019-01-01,100.0,SYNTHETIC_RESEARCH_FIXTURE,OG-SYNTH-0.3,B1-0.3,build_opus_synthetic_programme_v0_3.py@0.3,20260812,True,e908311d482aa29a3024f84726cad7b7c35c2fe7acbb28484aa1edc47db51be0
US-MIDWEST,MECHANICAL_EQUIPMENT,2020-11-01,123.172036,2019-01-01,100.0,SYNTHETIC_RESEARCH_FIXTURE,OG-SYNTH-0.3,B1-0.3,build_opus_synthetic_programme_v0_3.py@0.3,20260812,True,fb0248a5b24d330faf5f56c5f246560d1f4d3def6e31eb387776f96d196656c3
US-MIDWEST,MECHANICAL_EQUIPMENT,2020-12-01,123.45303,2019-01-01,100.0,SYNTHETIC_RESEARCH_FIXTURE,OG-SYNTH-0.3,B1-0.3,build_opus_synthetic_programme_v0_3.py@0.3,20260812,True,c072b2719475ba2eb4ff17b9b7a246f2fff1f72a02cfe3838df93647450530ec
US-MIDWEST,MECHANICAL_EQUIPMENT,2021-01-01,123.608067,2019-01-01,100.0,SYNTHETIC_RESEARCH_FIXTURE,OG-SYNTH-0.3,B1-0.3,build_opus_synthetic_programme_v0_3.py@0.3,20260812,True,74b52e202ae8998b6659628985afe91c853d39854eebd6c3dd37a719392b92ee
US-MIDWEST,MECHANICAL_EQUIPMENT,2021-02-01,123.998209,2019-01-01,100.0,SYNTHETIC_RESEARCH_FIXTURE,OG-SYNTH-0.3,B1-0.3,build_opus_synthetic_programme_v0_3.py@0.3,20260812,True,e82aac7cc823140893821d6341bf81a84d5a55028eff1f8d13623d3f15e06a4d
US-MIDWEST,MECHANICAL_EQUIPMENT,2021-03-01,124.073282,2019-01-01,100.0,SYNTHETIC_RESEARCH_FIXTURE,OG-SYNTH-0.3,B1-0.3,build_opus_synthetic_programme_v0_3.py@0.3,20260812,True,f59865a370fe9cc766f1cfc5853ce3a01a3c1d5643cbc22201650e00fb7d3d99
US-MIDWEST,MECHANICAL_EQUIPMENT,2021-04-01,124.346654,2019-01-01,100.0,SYNTHETIC_RESEARCH_FIXTURE,OG-SYNTH-0.3,B1-0.3,build_opus_synthetic_programme_v0_3.py@0.3,20260812,True,954f93b5e031e9e5c91249c015f9347d12d553157b9360afb2bee11a4b5e4562
US-MIDWEST,MECHANICAL_EQUIPMENT,2021-05-01,126.392455,2019-01-01,100.0,SYNTHETIC_RESEARCH_FIXTURE,OG-SYNTH-0.3,B1-0.3,build_opus_synthetic_programme_v0_3.py@0.3,20260812,True,904ffdce7adf414d5ce3c38a12ffddf3ebb139c0a225ee6570f064af5d94d52d
US-MIDWEST,MECHANICAL_EQUIPMENT,2021-06-01,128.240933,2019-01-01,100.0,SYNTHETIC_RESEARCH_FIXTURE,OG-SYNTH-0.3,B1-0.3,build_opus_synthetic_programme_v0_3.py@0.3,20260812,True,e5770984c895c06f8430220f6bc0dd7f0688d95c5638bdbad0637a4a1ee5caa6
US-MIDWEST,MECHANICAL_EQUIPMENT,2021-07-01,129.999222,2019-01-01,100.0,SYNTHETIC_RESEARCH_FIXTURE,OG-SYNTH-0.3,B1-0.3,build_opus_synthetic_programme_v0_3.py@0.3,20260812,True,5b8ca67f7bef4498614f22e44f6b4e84bb3c9dd2ca1dca3629adb16bdbc47c9d
US-MIDWEST,MECHANICAL_EQUIPMENT,2021-08-01,132.245597,2019-01-01,100.0,SYNTHETIC_RESEARCH_FIXTURE,OG-SYNTH-0.3,B1-0.3,build_opus_synthetic_programme_v0_3.py@0.3,20260812,True,a474e652a4789090a4bc608d0c7a5976f19436cdefdaa35e619fcdfb1c456992
US-MIDWEST,MECHANICAL_EQUIPMENT,2021-09-01,134.739713,2019-01-01,100.0,SYNTHETIC_RESEARCH_FIXTURE,OG-SYNTH-0.3,B1-0.3,build_opus_synthetic_programme_v0_3.py@0.3,20260812,True,28a81a52336cbd348e55da2a137bccee3b74743a4976c068999e6a6ac2942c5e
US-MIDWEST,MECHANICAL_EQUIPMENT,2021-10-01,136.652757,2019-01-01,100.0,SYNTHETIC_RESEARCH_FIXTURE,OG-SYNTH-0.3,B1-0.3,build_opus_synthetic_programme_v0_3.py@0.3,20260812,True,c20c9222c16d681fb70b2da35a46212cdf4c3fed9a9dd5d518796be168cb04f1
US-MIDWEST,MECHANICAL_EQUIPMENT,2021-11-01,138.74736,2019-01-01,100.0,SYNTHETIC_RESEARCH_FIXTURE,OG-SYNTH-0.3,B1-0.3,build_opus_synthetic_programme_v0_3.py@0.3,20260812,True,59fba49204415cb8bfab334faca97f9096bcd02f599b5e4f42b3495924ccafc2
US-MIDWEST,MECHANICAL_EQUIPMENT,2021-12-01,140.800944,2019-01-01,100.0,SYNTHETIC_RESEARCH_FIXTURE,OG-SYNTH-0.3,B1-0.3,build_opus_synthetic_programme_v0_3.py@0.3,20260812,True,db8557218c2264391e2d703ef274a3f69d52ec2c114bb6534c9a88a6ded32723
US-MIDWEST,MECHANICAL_EQUIPMENT,2022-01-01,143.017575,2019-01-01,100.0,SYNTHETIC_RESEARCH_FIXTURE,OG-SYNTH-0.3,B1-0.3,build_opus_synthetic_programme_v0_3.py@0.3,20260812,True,385846f99f08bd7d2fcbcdf84d8b0e6df7560a24704f851d23f66f57f9ef3cc0
US-MIDWEST,MECHANICAL_EQUIPMENT,2022-02-01,145.302546,2019-01-01,100.0,SYNTHETIC_RESEARCH_FIXTURE,OG-SYNTH-0.3,B1-0.3,build_opus_synthetic_programme_v0_3.py@0.3,20260812,True,89fec9b26d14c75a09036ec0fecb96f706a47fa928e0c9e5a03eb6d99c9e9b45
US-MIDWEST,MECHANICAL_EQUIPMENT,2022-03-01,147.159456,2019-01-01,100.0,SYNTHETIC_RESEARCH_FIXTURE,OG-SYNTH-0.3,B1-0.3,build_opus_synthetic_programme_v0_3.py@0.3,20260812,True,74bf424ed8ba7e182a3f10dd879a59e745f90866625b198e388e6cff2be26974
US-MIDWEST,MECHANICAL_EQUIPMENT,2022-04-01,149.347055,2019-01-01,100.0,SYNTHETIC_RESEARCH_FIXTURE,OG-SYNTH-0.3,B1-0.3,build_opus_synthetic_programme_v0_3.py@0.3,20260812,True,54ff89dcf4c84ecfa90f63220e9b5fbec3369e528850b85d95c127e4b05be8ec
US-MIDWEST,MECHANICAL_EQUIPMENT,2022-05-01,151.069536,2019-01-01,100.0,SYNTHETIC_RESEARCH_FIXTURE,OG-SYNTH-0.3,B1-0.3,build_opus_synthetic_programme_v0_3.py@0.3,20260812,True,6f9937bddd156540e44e299834b30ee95257dc727eacab4f9a4860eb30d64df3
US-MIDWEST,MECHANICAL_EQUIPMENT,2022-06-01,151.25744,2019-01-01,100.0,SYNTHETIC_RESEARCH_FIXTURE,OG-SYNTH-0.3,B1-0.3,build_opus_synthetic_programme_v0_3.py@0.3,20260812,True,d7c924bb88f558e3a71407d70a1832ec1a26307b39f1ac70e246945e4dfaff26
US-MIDWEST,MECHANICAL_EQUIPMENT,2022-07-01,151.337505,2019-01-01,100.0,SYNTHETIC_RESEARCH_FIXTURE,OG-SYNTH-0.3,B1-0.3,build_opus_synthetic_programme_v0_3.py@0.3,20260812,True,3a7c833cb4ddf13573e415cf7e2d3d8e9d843bca821c3b9fa5002e5b16cdad79
US-MIDWEST,MECHANICAL_EQUIPMENT,2022-08-01,151.437317,2019-01-01,100.0,SYNTHETIC_RESEARCH_FIXTURE,OG-SYNTH-0.3,B1-0.3,build_opus_synthetic_programme_v0_3.py@0.3,20260812,True,dd96350aa3901aeb99eaf0c2f7026f43e0e95a4bcfa798c72645047d802a39a4
US-MIDWEST,MECHANICAL_EQUIPMENT,2022-09-01,151.902168,2019-01-01,100.0,SYNTHETIC_RESEARCH_FIXTURE,OG-SYNTH-0.3,B1-0.3,build_opus_synthetic_programme_v0_3.py@0.3,20260812,True,177bd67d5144237592624c72a6b2f93baa6d3de02b0f3786d1e0ad9c209085f3
US-MIDWEST,MECHANICAL_EQUIPMENT,2022-10-01,152.477562,2019-01-01,100.0,SYNTHETIC_RESEARCH_FIXTURE,OG-SYNTH-0.3,B1-0.3,build_opus_synthetic_programme_v0_3.py@0.3,20260812,True,3ba5aa5cf12eca27ec37a6344d885e9dd131b316784691b10f30a98d4f5ac2c0
US-MIDWEST,MECHANICAL_EQUIPMENT,2022-11-01,152.383713,2019-01-01,100.0,SYNTHETIC_RESEARCH_FIXTURE,OG-SYNTH-0.3,B1-0.3,build_opus_synthetic_programme_v0_3.py@0.3,20260812,True,d7aa27979edf1ce96b4f01d4680252521a654b9524129745247542a93eb68e22
US-MIDWEST,MECHANICAL_EQUIPMENT,2022-12-01,152.724406,2019-01-01,100.0,SYNTHETIC_RESEARCH_FIXTURE,OG-SYNTH-0.3,B1-0.3,build_opus_synthetic_programme_v0_3.py@0.3,20260812,True,d7bb95025d9e808e78f5ca7780562a3fe5a59d105e3f451e8d18f248c6f84ea0
US-MIDWEST,MECHANICAL_EQUIPMENT,2023-01-01,153.769521,2019-01-01,100.0,SYNTHETIC_RESEARCH_FIXTURE,OG-SYNTH-0.3,B1-0.3,build_opus_synthetic_programme_v0_3.py@0.3,20260812,True,603c97cc1fba7b05b2b359c01e95e3758bef04e8646e5055429af9eda6404bf0
US-MIDWEST,MECHANICAL_EQUIPMENT,2023-02-01,154.070824,2019-01-01,100.0,SYNTHETIC_RESEARCH_FIXTURE,OG-SYNTH-0.3,B1-0.3,build_opus_synthetic_programme_v0_3.py@0.3,20260812,True,bbbd86db95532e89a0fdc31a928d5bcec84aff9d27d046abe040a85651bc293c
US-MIDWEST,MECHANICAL_EQUIPMENT,2023-03-01,155.019031,2019-01-01,100.0,SYNTHETIC_RESEARCH_FIXTURE,OG-SYNTH-0.3,B1-0.3,build_opus_synthetic_programme_v0_3.py@0.3,20260812,True,621efd56d0896ce0eaa08bb8533a26967b244e4de957c7a3f51610cc8c617dd8
US-MIDWEST,MECHANICAL_EQUIPMENT,2023-04-01,154.964376,2019-01-01,100.0,SYNTHETIC_RESEARCH_FIXTURE,OG-SYNTH-0.3,B1-0.3,build_opus_synthetic_programme_v0_3.py@0.3,20260812,True,c840ce988399fb324883f24db2831c9e8c010643079d7f41a2f35b607c73e318
US-MIDWEST,MECHANICAL_EQUIPMENT,2023-05-01,154.882529,2019-01-01,100.0,SYNTHETIC_RESEARCH_FIXTURE,OG-SYNTH-0.3,B1-0.3,build_opus_synthetic_programme_v0_3.py@0.3,20260812,True,24b06b7f327e9f1d12e330cf10521e2e0ad7aba2aa6b60cf3980c9359d20e108
US-MIDWEST,MECHANICAL_EQUIPMENT,2023-06-01,155.224459,2019-01-01,100.0,SYNTHETIC_RESEARCH_FIXTURE,OG-SYNTH-0.3,B1-0.3,build_opus_synthetic_programme_v0_3.py@0.3,20260812,True,3053798b86a6e1a61502ab4dbc1c52a8257a1e97d576b905c8afb8eceb1285a1
US-MIDWEST,MECHANICAL_EQUIPMENT,2023-07-01,155.824877,2019-01-01,100.0,SYNTHETIC_RESEARCH_FIXTURE,OG-SYNTH-0.3,B1-0.3,build_opus_synthetic_programme_v0_3.py@0.3,20260812,True,9c1ecb2125040c3e617898ce8f79627d466b9c5eff4029efaf43507aef3327d4
US-MIDWEST,MECHANICAL_EQUIPMENT,2023-08-01,156.390526,2019-01-01,100.0,SYNTHETIC_RESEARCH_FIXTURE,OG-SYNTH-0.3,B1-0.3,build_opus_synthetic_programme_v0_3.py@0.3,20260812,True,8a2d05d7d6e92770f20dba60cfd14a61f40ab626c482b136c038d5bf659a90c4
US-MIDWEST,MECHANICAL_EQUIPMENT,2023-09-01,157.190215,2019-01-01,100.0,SYNTHETIC_RESEARCH_FIXTURE,OG-SYNTH-0.3,B1-0.3,build_opus_synthetic_programme_v0_3.py@0.3,20260812,True,02fa73e147df9a3258615f0da9cf693344d1ccc8940f098b4632e462b90c5094
US-MIDWEST,MECHANICAL_EQUIPMENT,2023-10-01,157.48259,2019-01-01,100.0,SYNTHETIC_RESEARCH_FIXTURE,OG-SYNTH-0.3,B1-0.3,build_opus_synthetic_programme_v0_3.py@0.3,20260812,True,e98cefa6a1ce6f0660511a2444a943de7c3a99053dd67f8395004432f4f97548
US-MIDWEST,MECHANICAL_EQUIPMENT,2023-11-01,157.768232,2019-01-01,100.0,SYNTHETIC_RESEARCH_FIXTURE,OG-SYNTH-0.3,B1-0.3,build_opus_synthetic_programme_v0_3.py@0.3,20260812,True,262c70a3b3bbdc84aecf26cbbfa4eb4a9f6b2c1856f720c4e843f16e955fbe94
US-MIDWEST,MECHANICAL_EQUIPMENT,2023-12-01,158.010774,2019-01-01,100.0,SYNTHETIC_RESEARCH_FIXTURE,OG-SYNTH-0.3,B1-0.3,build_opus_synthetic_programme_v0_3.py@0.3,20260812,True,732f8817f85140099412103cd2435833e441989e5df9f3870c3515c71e7c3bef
US-MIDWEST,MECHANICAL_EQUIPMENT,2024-01-01,158.66902,2019-01-01,100.0,SYNTHETIC_RESEARCH_FIXTURE,OG-SYNTH-0.3,B1-0.3,build_opus_synthetic_programme_v0_3.py@0.3,20260812,True,6d6435a6add26cec4ccc1c8c405b6074b66e86c4602adcbed81c3a7457999e70
US-MIDWEST,MECHANICAL_EQUIPMENT,2024-02-01,159.294702,2019-01-01,100.0,SYNTHETIC_RESEARCH_FIXTURE,OG-SYNTH-0.3,B1-0.3,build_opus_synthetic_programme_v0_3.py@0.3,20260812,True,1e4c107d5868b4453b4786cd2b3420e8224ddff308f77e6ecd69778b1863fa90
US-MIDWEST,MECHANICAL_EQUIPMENT,2024-03-01,160.157962,2019-01-01,100.0,SYNTHETIC_RESEARCH_FIXTURE,OG-SYNTH-0.3,B1-0.3,build_opus_synthetic_programme_v0_3.py@0.3,20260812,True,192b46fdfb65e99931de1e3d0413951a02bae7ac8daa5fd7c787ddbe603b496b
US-MIDWEST,MECHANICAL_EQUIPMENT,2024-04-01,161.020871,2019-01-01,100.0,SYNTHETIC_RESEARCH_FIXTURE,OG-SYNTH-0.3,B1-0.3,build_opus_synthetic_programme_v0_3.py@0.3,20260812,True,075f50eab8cf43510e3789bf44253c51f5a822605c38053f4c0282efd96a98e2
US-MIDWEST,MECHANICAL_EQUIPMENT,2024-05-01,161.987669,2019-01-01,100.0,SYNTHETIC_RESEARCH_FIXTURE,OG-SYNTH-0.3,B1-0.3,build_opus_synthetic_programme_v0_3.py@0.3,20260812,True,e506c5e78644832da7d56291b70e01eec9bbfd2420ef03f74ee4c7dbbd6c703b
US-MIDWEST,MECHANICAL_EQUIPMENT,2024-06-01,162.636394,2019-01-01,100.0,SYNTHETIC_RESEARCH_FIXTURE,OG-SYNTH-0.3,B1-0.3,build_opus_synthetic_programme_v0_3.py@0.3,20260812,True,04aa48b3d8bd3dcb7a8b9f0ec8cd69936d9148d4a988593a986109e151dfacd1
US-MIDWEST,MECHANICAL_EQUIPMENT,2024-07-01,163.926044,2019-01-01,100.0,SYNTHETIC_RESEARCH_FIXTURE,OG-SYNTH-0.3,B1-0.3,build_opus_synthetic_programme_v0_3.py@0.3,20260812,True,df3baee65cf933b47dd86a13b77c05878c47a5cdc9d98e634325707009f99329
US-MIDWEST,MECHANICAL_EQUIPMENT,2024-08-01,165.313918,2019-01-01,100.0,SYNTHETIC_RESEARCH_FIXTURE,OG-SYNTH-0.3,B1-0.3,build_opus_synthetic_programme_v0_3.py@0.3,20260812,True,0f93aefe762b96c9b2e334c128a797cb6e08c485b1024108a9069378f161dddf
US-MIDWEST,MECHANICAL_EQUIPMENT,2024-09-01,166.281676,2019-01-01,100.0,SYNTHETIC_RESEARCH_FIXTURE,OG-SYNTH-0.3,B1-0.3,build_opus_synthetic_programme_v0_3.py@0.3,20260812,True,6c87efda047a91d8b1330df16d202de2737bec222847ae014ef0b7153d7744be
US-MIDWEST,MECHANICAL_EQUIPMENT,2024-10-01,166.698685,2019-01-01,100.0,SYNTHETIC_RESEARCH_FIXTURE,OG-SYNTH-0.3,B1-0.3,build_opus_synthetic_programme_v0_3.py@0.3,20260812,True,13adcfff648bcbb1c89d27a4b5b83577bd5c8cb51382fcf841e78b64d81b5e5f
US-MIDWEST,MECHANICAL_EQUIPMENT,2024-11-01,167.165217,2019-01-01,100.0,SYNTHETIC_RESEARCH_FIXTURE,OG-SYNTH-0.3,B1-0.3,build_opus_synthetic_programme_v0_3.py@0.3,20260812,True,90ed92a207cb318e0eb2f73d89aba2e5996e220d919bc26b9648284d28e2b337
US-MIDWEST,MECHANICAL_EQUIPMENT,2024-12-01,167.773918,2019-01-01,100.0,SYNTHETIC_RESEARCH_FIXTURE,OG-SYNTH-0.3,B1-0.3,build_opus_synthetic_programme_v0_3.py@0.3,20260812,True,3904af144d02ba66b93c0840fcf6b35d25993894b2fd0a1c80644d11ef5af9a2
US-MIDWEST,MECHANICAL_EQUIPMENT,2025-01-01,167.764728,2019-01-01,100.0,SYNTHETIC_RESEARCH_FIXTURE,OG-SYNTH-0.3,B1-0.3,build_opus_synthetic_programme_v0_3.py@0.3,20260812,True,f66f51dfc7b5accc20c4d6b2aebab9cd8fee2399352cd9e523e0a4a57c6a121b
US-MIDWEST,MECHANICAL_EQUIPMENT,2025-02-01,168.048154,2019-01-01,100.0,SYNTHETIC_RESEARCH_FIXTURE,OG-SYNTH-0.3,B1-0.3,build_opus_synthetic_programme_v0_3.py@0.3,20260812,True,1694c2c924156b5fb48905dd6df54464bafc665bfa1c60ba1ffd4470a17f81e7
US-MIDWEST,MECHANICAL_EQUIPMENT,2025-03-01,168.546256,2019-01-01,100.0,SYNTHETIC_RESEARCH_FIXTURE,OG-SYNTH-0.3,B1-0.3,build_opus_synthetic_programme_v0_3.py@0.3,20260812,True,dfc7b8ff730436891e0837a9c016d98384d59459b8227d0ac78ca513952e43d6
US-MIDWEST,MECHANICAL_EQUIPMENT,2025-04-01,168.946434,2019-01-01,100.0,SYNTHETIC_RESEARCH_FIXTURE,OG-SYNTH-0.3,B1-0.3,build_opus_synthetic_programme_v0_3.py@0.3,20260812,True,f3b63030d974848136ea94e29061c6484f8e20b23dd91d8844e3a7ae8c5fef6d
US-MIDWEST,MECHANICAL_EQUIPMENT,2025-05-01,169.352544,2019-01-01,100.0,SYNTHETIC_RESEARCH_FIXTURE,OG-SYNTH-0.3,B1-0.3,build_opus_synthetic_programme_v0_3.py@0.3,20260812,True,4aa5cab2c46b9671148a00094a259efefd6b8602d5bb83bf4a4ac2d28514ad8b
US-MIDWEST,MECHANICAL_EQUIPMENT,2025-06-01,169.888177,2019-01-01,100.0,SYNTHETIC_RESEARCH_FIXTURE,OG-SYNTH-0.3,B1-0.3,build_opus_synthetic_programme_v0_3.py@0.3,20260812,True,40fdd4694eebf488501e410e024469802462ad7ac84c96ba7890474256a61b24
US-MIDWEST,MECHANICAL_EQUIPMENT,2025-07-01,170.171242,2019-01-01,100.0,SYNTHETIC_RESEARCH_FIXTURE,OG-SYNTH-0.3,B1-0.3,build_opus_synthetic_programme_v0_3.py@0.3,20260812,True,00a69971f3f869e50444fc20d94bddf52a8fd21396c9b016e5a721473f9744fa
US-MIDWEST,MECHANICAL_EQUIPMENT,2025-08-01,170.59021,2019-01-01,100.0,SYNTHETIC_RESEARCH_FIXTURE,OG-SYNTH-0.3,B1-0.3,build_opus_synthetic_programme_v0_3.py@0.3,20260812,True,f09a5011373e71d199ebba7f065a10c3d35ad3d34ade4dfc906edbdee1187f6d
US-MIDWEST,MECHANICAL_EQUIPMENT,2025-09-01,170.952055,2019-01-01,100.0,SYNTHETIC_RESEARCH_FIXTURE,OG-SYNTH-0.3,B1-0.3,build_opus_synthetic_programme_v0_3.py@0.3,20260812,True,609154509af8dde2b1c4225e13f5d9157c261223fbeb93ca4cf680cb2d8b4d69
US-MIDWEST,MECHANICAL_EQUIPMENT,2025-10-01,171.666766,2019-01-01,100.0,SYNTHETIC_RESEARCH_FIXTURE,OG-SYNTH-0.3,B1-0.3,build_opus_synthetic_programme_v0_3.py@0.3,20260812,True,5a9d52d92a9ef15d47f53f82559e577d0e6401713e7c1e7b601bd9509d02db00
US-MIDWEST,MECHANICAL_EQUIPMENT,2025-11-01,171.718627,2019-01-01,100.0,SYNTHETIC_RESEARCH_FIXTURE,OG-SYNTH-0.3,B1-0.3,build_opus_synthetic_programme_v0_3.py@0.3,20260812,True,23634e1fe6fbd458b7831a75d7c87b1a47465b8a2ad84757a0e7c46f436cb3f8
US-MIDWEST,MECHANICAL_EQUIPMENT,2025-12-01,172.444373,2019-01-01,100.0,SYNTHETIC_RESEARCH_FIXTURE,OG-SYNTH-0.3,B1-0.3,build_opus_synthetic_programme_v0_3.py@0.3,20260812,True,b93c6b141885d408d4ce603b3f3a0a7c360e433111d4302cd717d0654a6635f8
US-MIDWEST,MECHANICAL_EQUIPMENT,2026-01-01,172.855038,2019-01-01,100.0,SYNTHETIC_RESEARCH_FIXTURE,OG-SYNTH-0.3,B1-0.3,build_opus_synthetic_programme_v0_3.py@0.3,20260812,True,9d638d771a93ccc2b6a87e24e6fc8165d180cb65c4ca5f98d47ff501dd90ec18
US-MIDWEST,MECHANICAL_EQUIPMENT,2026-02-01,173.171738,2019-01-01,100.0,SYNTHETIC_RESEARCH_FIXTURE,OG-SYNTH-0.3,B1-0.3,build_opus_synthetic_programme_v0_3.py@0.3,20260812,True,1fea91eb221d9e9256ed38b4bf80077e70d10944ec450e4c6eab637b8bf7cc79
US-MIDWEST,MECHANICAL_EQUIPMENT,2026-03-01,174.109159,2019-01-01,100.0,SYNTHETIC_RESEARCH_FIXTURE,OG-SYNTH-0.3,B1-0.3,build_opus_synthetic_programme_v0_3.py@0.3,20260812,True,409657739c7a9abcf65246138923d123b9e949eb42e7bbb62f11d669271cf24d
US-MIDWEST,MECHANICAL_EQUIPMENT,2026-04-01,174.622578,2019-01-01,100.0,SYNTHETIC_RESEARCH_FIXTURE,OG-SYNTH-0.3,B1-0.3,build_opus_synthetic_programme_v0_3.py@0.3,20260812,True,1f69bd7648314800bc72814e2bc0b0a119f6fee0d2fbfbc000cc3a31a5391698
US-MIDWEST,MECHANICAL_EQUIPMENT,2026-05-01,175.376984,2019-01-01,100.0,SYNTHETIC_RESEARCH_FIXTURE,OG-SYNTH-0.3,B1-0.3,build_opus_synthetic_programme_v0_3.py@0.3,20260812,True,f7383626a877590c0e4008d53ccacd3e6f51871a7c9066a071366d4d618e5442
US-MIDWEST,MECHANICAL_EQUIPMENT,2026-06-01,175.59987,2019-01-01,100.0,SYNTHETIC_RESEARCH_FIXTURE,OG-SYNTH-0.3,B1-0.3,build_opus_synthetic_programme_v0_3.py@0.3,20260812,True,720f5a5db4dbcafe94de7cdc19b638f614d6f946c407cf18bb4086b813f50f2b
US-MIDWEST,MECHANICAL_EQUIPMENT,2026-07-01,176.261596,2019-01-01,100.0,SYNTHETIC_RESEARCH_FIXTURE,OG-SYNTH-0.3,B1-0.3,build_opus_synthetic_programme_v0_3.py@0.3,20260812,True,6c1b0b344dd170a650fe0ec7250ef7516e3543ff62312b0a2b204d8937940d83
US-MIDWEST,MECHANICAL_EQUIPMENT,2026-08-01,177.094769,2019-01-01,100.0,SYNTHETIC_RESEARCH_FIXTURE,OG-SYNTH-0.3,B1-0.3,build_opus_synthetic_programme_v0_3.py@0.3,20260812,True,457a1d711ae349f24542735b858463acc81e9cabfbe24300c5b7a030d4df8e6e
US-MIDWEST,MECHANICAL_EQUIPMENT,2026-09-01,177.26438,2019-01-01,100.0,SYNTHETIC_RESEARCH_FIXTURE,OG-SYNTH-0.3,B1-0.3,build_opus_synthetic_programme_v0_3.py@0.3,20260812,True,d8ee64f4244217d6c4fdf2e1df8747bc01f7a673a4670c341d032f33ab628f2d
US-MIDWEST,MECHANICAL_EQUIPMENT,2026-10-01,178.167871,2019-01-01,100.0,SYNTHETIC_RESEARCH_FIXTURE,OG-SYNTH-0.3,B1-0.3,build_opus_synthetic_programme_v0_3.py@0.3,20260812,True,b781e738b397225efd061ca03c1d200ecfd8f5a1ff5446ff14bedb1a1df64d30
US-MIDWEST,MECHANICAL_EQUIPMENT,2026-11-01,178.785917,2019-01-01,100.0,SYNTHETIC_RESEARCH_FIXTURE,OG-SYNTH-0.3,B1-0.3,build_opus_synthetic_programme_v0_3.py@0.3,20260812,True,0146148b62a5e10e6f488d3716892f5cf1b1e5c0bb8e07b4764275012748711d
US-MIDWEST,MECHANICAL_EQUIPMENT,2026-12-01,178.959165,2019-01-01,100.0,SYNTHETIC_RESEARCH_FIXTURE,OG-SYNTH-0.3,B1-0.3,build_opus_synthetic_programme_v0_3.py@0.3,20260812,True,1bf5a2178c5f9eb070a0b508b4ac7df2ea498b63982f171c25f6730dec8fff04
US-WEST,STRUCTURAL_STEEL,2019-01-01,115.276031,2019-01-01,100.0,SYNTHETIC_RESEARCH_FIXTURE,OG-SYNTH-0.3,B1-0.3,build_opus_synthetic_programme_v0_3.py@0.3,20260812,True,91fb7d37a1904c04096275d6cfa96aa3f0fd5ddbb43173477762b2b12d18f1f1
US-WEST,STRUCTURAL_STEEL,2019-02-01,115.271279,2019-01-01,100.0,SYNTHETIC_RESEARCH_FIXTURE,OG-SYNTH-0.3,B1-0.3,build_opus_synthetic_programme_v0_3.py@0.3,20260812,True,5460bb60c177cabdc3800d6df2ecb8b7051ac911be2444d42fc9b3195f494ff6
US-WEST,STRUCTURAL_STEEL,2019-03-01,115.747792,2019-01-01,100.0,SYNTHETIC_RESEARCH_FIXTURE,OG-SYNTH-0.3,B1-0.3,build_opus_synthetic_programme_v0_3.py@0.3,20260812,True,3421a3b1f504e60f4ee68ff2531d3f9d583ae3772834f467b66b357069b00648
US-WEST,STRUCTURAL_STEEL,2019-04-01,115.877443,2019-01-01,100.0,SYNTHETIC_RESEARCH_FIXTURE,OG-SYNTH-0.3,B1-0.3,build_opus_synthetic_programme_v0_3.py@0.3,20260812,True,f7c2540f915ef0b84ff4a4f69fd8c81b08dee4a3da06e7d76f8585bbf65466ee
US-WEST,STRUCTURAL_STEEL,2019-05-01,116.504474,2019-01-01,100.0,SYNTHETIC_RESEARCH_FIXTURE,OG-SYNTH-0.3,B1-0.3,build_opus_synthetic_programme_v0_3.py@0.3,20260812,True,c1ef1fc26ce83554dfe810d6d0571f957a486102d3bf4648aef98e7a07969db3
US-WEST,STRUCTURAL_STEEL,2019-06-01,116.283873,2019-01-01,100.0,SYNTHETIC_RESEARCH_FIXTURE,OG-SYNTH-0.3,B1-0.3,build_opus_synthetic_programme_v0_3.py@0.3,20260812,True,8f53e7cb0b51a6ec0690083850dbeacb1b81de0652ff40ad1270b4026e978809
US-WEST,STRUCTURAL_STEEL,2019-07-01,116.53546,2019-01-01,100.0,SYNTHETIC_RESEARCH_FIXTURE,OG-SYNTH-0.3,B1-0.3,build_opus_synthetic_programme_v0_3.py@0.3,20260812,True,ade7d4a905142f698b778d7a00a207daa9b2fb98b12341bf83f81c60e933c080
US-WEST,STRUCTURAL_STEEL,2019-08-01,116.739808,2019-01-01,100.0,SYNTHETIC_RESEARCH_FIXTURE,OG-SYNTH-0.3,B1-0.3,build_opus_synthetic_programme_v0_3.py@0.3,20260812,True,a93b6288a9e46f28c9d4f7c302907853104a834afcdd6483d6d6b949d9df57ff
US-WEST,STRUCTURAL_STEEL,2019-09-01,116.77997,2019-01-01,100.0,SYNTHETIC_RESEARCH_FIXTURE,OG-SYNTH-0.3,B1-0.3,build_opus_synthetic_programme_v0_3.py@0.3,20260812,True,0504faaf616eed120fc3ae8dc1dbbaba84a73da55d0f0393829946b1e010785f
US-WEST,STRUCTURAL_STEEL,2019-10-01,117.196136,2019-01-01,100.0,SYNTHETIC_RESEARCH_FIXTURE,OG-SYNTH-0.3,B1-0.3,build_opus_synthetic_programme_v0_3.py@0.3,20260812,True,c5a4aadac856641fbc1b49bce5e30d9755485dc2cf7bf1f0e23951d8c00904ca
US-WEST,STRUCTURAL_STEEL,2019-11-01,117.625162,2019-01-01,100.0,SYNTHETIC_RESEARCH_FIXTURE,OG-SYNTH-0.3,B1-0.3,build_opus_synthetic_programme_v0_3.py@0.3,20260812,True,d6a7e390fda3ce6751af19b059582cd256c53105b1269a450bd0cad2b770b02c
US-WEST,STRUCTURAL_STEEL,2019-12-01,118.122606,2019-01-01,100.0,SYNTHETIC_RESEARCH_FIXTURE,OG-SYNTH-0.3,B1-0.3,build_opus_synthetic_programme_v0_3.py@0.3,20260812,True,f58912c86267f84a64f3b6db06777908a7975a7fded758ada1f4c4980e119ab4
US-WEST,STRUCTURAL_STEEL,2020-01-01,118.361384,2019-01-01,100.0,SYNTHETIC_RESEARCH_FIXTURE,OG-SYNTH-0.3,B1-0.3,build_opus_synthetic_programme_v0_3.py@0.3,20260812,True,dd7592e145c108f101873428e07c18883767048eae1e1e00a329ca37215dc60b
US-WEST,STRUCTURAL_STEEL,2020-02-01,118.511365,2019-01-01,100.0,SYNTHETIC_RESEARCH_FIXTURE,OG-SYNTH-0.3,B1-0.3,build_opus_synthetic_programme_v0_3.py@0.3,20260812,True,b41c32ab24dd07aac20a410a58dc33b2e7f23a6899395c8a826bb6460386960a
US-WEST,STRUCTURAL_STEEL,2020-03-01,118.80981,2019-01-01,100.0,SYNTHETIC_RESEARCH_FIXTURE,OG-SYNTH-0.3,B1-0.3,build_opus_synthetic_programme_v0_3.py@0.3,20260812,True,d1f79a22956a74e4dfba11de999ec4fd67433af2c2204cfa227cb396dadba463
US-WEST,STRUCTURAL_STEEL,2020-04-01,119.278194,2019-01-01,100.0,SYNTHETIC_RESEARCH_FIXTURE,OG-SYNTH-0.3,B1-0.3,build_opus_synthetic_programme_v0_3.py@0.3,20260812,True,0cb310520740c77f6644e13ad07554b0adb7726fddb6f4050b9ddd607a9b9737
US-WEST,STRUCTURAL_STEEL,2020-05-01,119.811676,2019-01-01,100.0,SYNTHETIC_RESEARCH_FIXTURE,OG-SYNTH-0.3,B1-0.3,build_opus_synthetic_programme_v0_3.py@0.3,20260812,True,202e74c109406765b2f409b46db934be1e38fc07c3e1733d78281cf59afaff46
US-WEST,STRUCTURAL_STEEL,2020-06-01,120.348806,2019-01-01,100.0,SYNTHETIC_RESEARCH_FIXTURE,OG-SYNTH-0.3,B1-0.3,build_opus_synthetic_programme_v0_3.py@0.3,20260812,True,ef0e2cb66f51dd84cf1ecf3e4a26c9f4eda7e9ca5f864555076ef1cc777a71eb
US-WEST,STRUCTURAL_STEEL,2020-07-01,120.393734,2019-01-01,100.0,SYNTHETIC_RESEARCH_FIXTURE,OG-SYNTH-0.3,B1-0.3,build_opus_synthetic_programme_v0_3.py@0.3,20260812,True,3e1958a4a46b61b104f1999e0ae1b416aa2a24477cf5526eb3102265a366c9e2
US-WEST,STRUCTURAL_STEEL,2020-08-01,120.411148,2019-01-01,100.0,SYNTHETIC_RESEARCH_FIXTURE,OG-SYNTH-0.3,B1-0.3,build_opus_synthetic_programme_v0_3.py@0.3,20260812,True,2167c4d36ae50730dff004043beced533edeeef70877e4d76a2c467c2f90956e
US-WEST,STRUCTURAL_STEEL,2020-09-01,120.696397,2019-01-01,100.0,SYNTHETIC_RESEARCH_FIXTURE,OG-SYNTH-0.3,B1-0.3,build_opus_synthetic_programme_v0_3.py@0.3,20260812,True,5f0f4e9ffb13557a674b9acfcfca321d7b4d57de6ddf7b40ff40e055b4d7d50e
US-WEST,STRUCTURAL_STEEL,2020-10-01,120.792975,2019-01-01,100.0,SYNTHETIC_RESEARCH_FIXTURE,OG-SYNTH-0.3,B1-0.3,build_opus_synthetic_programme_v0_3.py@0.3,20260812,True,92c65db6d61f75fcd233ecb24194c5e3b2b82e181b97f1ebbcb5a30b8c5bf629
US-WEST,STRUCTURAL_STEEL,2020-11-01,120.919178,2019-01-01,100.0,SYNTHETIC_RESEARCH_FIXTURE,OG-SYNTH-0.3,B1-0.3,build_opus_synthetic_programme_v0_3.py@0.3,20260812,True,c7f8f1ec8a55de4e73e3b6430ce3d6d554731ce9cbf6d8e958ef89cfd59d05c8
US-WEST,STRUCTURAL_STEEL,2020-12-01,120.938719,2019-01-01,100.0,SYNTHETIC_RESEARCH_FIXTURE,OG-SYNTH-0.3,B1-0.3,build_opus_synthetic_programme_v0_3.py@0.3,20260812,True,b8b55637b6d647b04ec527412fedf62a19db8b81ebfe1827d3b6688b525e8b6d
US-WEST,STRUCTURAL_STEEL,2021-01-01,120.865425,2019-01-01,100.0,SYNTHETIC_RESEARCH_FIXTURE,OG-SYNTH-0.3,B1-0.3,build_opus_synthetic_programme_v0_3.py@0.3,20260812,True,fc4094325c69edf1874b4f437b21335d773a267187d2890b4e97aee4fe2fbcc6
US-WEST,STRUCTURAL_STEEL,2021-02-01,120.908361,2019-01-01,100.0,SYNTHETIC_RESEARCH_FIXTURE,OG-SYNTH-0.3,B1-0.3,build_opus_synthetic_programme_v0_3.py@0.3,20260812,True,bcf0a52e8850dfa2d96593153dc968f04a51766805cafe4f2895b387750c9a2e
US-WEST,STRUCTURAL_STEEL,2021-03-01,121.414171,2019-01-01,100.0,SYNTHETIC_RESEARCH_FIXTURE,OG-SYNTH-0.3,B1-0.3,build_opus_synthetic_programme_v0_3.py@0.3,20260812,True,f3f4ea43230ed65e1c68fbdfe9d6472b78caa857f01518e635554425ee7ff514
US-WEST,STRUCTURAL_STEEL,2021-04-01,121.83847,2019-01-01,100.0,SYNTHETIC_RESEARCH_FIXTURE,OG-SYNTH-0.3,B1-0.3,build_opus_synthetic_programme_v0_3.py@0.3,20260812,True,b1bbf739d24466ccbe243076ead1002ef65139a98b737d6cb27fa9110286532a
US-WEST,STRUCTURAL_STEEL,2021-05-01,123.063865,2019-01-01,100.0,SYNTHETIC_RESEARCH_FIXTURE,OG-SYNTH-0.3,B1-0.3,build_opus_synthetic_programme_v0_3.py@0.3,20260812,True,d5d38feeb8b780112d1218b2de3b52952326259bfb7c2ff70f5777955a3393cf
US-WEST,STRUCTURAL_STEEL,2021-06-01,124.559605,2019-01-01,100.0,SYNTHETIC_RESEARCH_FIXTURE,OG-SYNTH-0.3,B1-0.3,build_opus_synthetic_programme_v0_3.py@0.3,20260812,True,1b9579faba032ff7b716709d35074355f4486eea4fcb05c5e459b3129708e4de
US-WEST,STRUCTURAL_STEEL,2021-07-01,125.805758,2019-01-01,100.0,SYNTHETIC_RESEARCH_FIXTURE,OG-SYNTH-0.3,B1-0.3,build_opus_synthetic_programme_v0_3.py@0.3,20260812,True,c603dcb9786b7f5f87d862de8be652c194c3d5a9147759b1d2ad23c5d57be109
US-WEST,STRUCTURAL_STEEL,2021-08-01,127.052034,2019-01-01,100.0,SYNTHETIC_RESEARCH_FIXTURE,OG-SYNTH-0.3,B1-0.3,build_opus_synthetic_programme_v0_3.py@0.3,20260812,True,dba65d19500d38250f182083efae7ffddeb4acbf526d8b7388f56e3728e40a53
US-WEST,STRUCTURAL_STEEL,2021-09-01,128.455807,2019-01-01,100.0,SYNTHETIC_RESEARCH_FIXTURE,OG-SYNTH-0.3,B1-0.3,build_opus_synthetic_programme_v0_3.py@0.3,20260812,True,0ef18bffd3c2d41e44aa17c2e33b41b449edc11c87c8ad7567f1aa373e49e846
US-WEST,STRUCTURAL_STEEL,2021-10-01,129.730247,2019-01-01,100.0,SYNTHETIC_RESEARCH_FIXTURE,OG-SYNTH-0.3,B1-0.3,build_opus_synthetic_programme_v0_3.py@0.3,20260812,True,68fb7908f32db39e794ff5f2ee72a90632e9fdb82a8e44d8e5596204975d28e2
US-WEST,STRUCTURAL_STEEL,2021-11-01,130.798802,2019-01-01,100.0,SYNTHETIC_RESEARCH_FIXTURE,OG-SYNTH-0.3,B1-0.3,build_opus_synthetic_programme_v0_3.py@0.3,20260812,True,02746e7994181ed596319892f850ef8e9bddc37f5179c14549497e13e8d1e0fe
US-WEST,STRUCTURAL_STEEL,2021-12-01,132.127633,2019-01-01,100.0,SYNTHETIC_RESEARCH_FIXTURE,OG-SYNTH-0.3,B1-0.3,build_opus_synthetic_programme_v0_3.py@0.3,20260812,True,67195349eb356d2ecbf6bf18f12a26d68c91a91f109319c9b4aec229cd1f6ee0
US-WEST,STRUCTURAL_STEEL,2022-01-01,133.544238,2019-01-01,100.0,SYNTHETIC_RESEARCH_FIXTURE,OG-SYNTH-0.3,B1-0.3,build_opus_synthetic_programme_v0_3.py@0.3,20260812,True,ca68e897a10ba6a9fb7d6b9e1c0b755b782ae1de90f074a5f0124ba7f7a9c9d9
US-WEST,STRUCTURAL_STEEL,2022-02-01,134.891491,2019-01-01,100.0,SYNTHETIC_RESEARCH_FIXTURE,OG-SYNTH-0.3,B1-0.3,build_opus_synthetic_programme_v0_3.py@0.3,20260812,True,4b2c223577924f8b64cdf6c5181cb41ab829b83c25583ea129f50cc693db24b6
US-WEST,STRUCTURAL_STEEL,2022-03-01,136.356586,2019-01-01,100.0,SYNTHETIC_RESEARCH_FIXTURE,OG-SYNTH-0.3,B1-0.3,build_opus_synthetic_programme_v0_3.py@0.3,20260812,True,a5193253f9c24583aa50842ca8deda8ed39376f60f0d491f5773fea72be62c45
US-WEST,STRUCTURAL_STEEL,2022-04-01,137.668235,2019-01-01,100.0,SYNTHETIC_RESEARCH_FIXTURE,OG-SYNTH-0.3,B1-0.3,build_opus_synthetic_programme_v0_3.py@0.3,20260812,True,0b05169269689fcb4816a31090a0502677c776e5f74f5bbfb0726600b99cd451
US-WEST,STRUCTURAL_STEEL,2022-05-01,138.99796,2019-01-01,100.0,SYNTHETIC_RESEARCH_FIXTURE,OG-SYNTH-0.3,B1-0.3,build_opus_synthetic_programme_v0_3.py@0.3,20260812,True,315e9daf62c19821f9d8b07b511a5c5df7c1e9a96523f224e97f5b2350c09f14
US-WEST,STRUCTURAL_STEEL,2022-06-01,139.715677,2019-01-01,100.0,SYNTHETIC_RESEARCH_FIXTURE,OG-SYNTH-0.3,B1-0.3,build_opus_synthetic_programme_v0_3.py@0.3,20260812,True,98289151e53b6e19b5b61ac1be5e7ca507ea3d36b2147532f5ae6be9f565cbe7
US-WEST,STRUCTURAL_STEEL,2022-07-01,140.255511,2019-01-01,100.0,SYNTHETIC_RESEARCH_FIXTURE,OG-SYNTH-0.3,B1-0.3,build_opus_synthetic_programme_v0_3.py@0.3,20260812,True,9046696c3310f762795630ba58a2a4846c77240db926cb087c5a4cbb5e9f8558
US-WEST,STRUCTURAL_STEEL,2022-08-01,140.588998,2019-01-01,100.0,SYNTHETIC_RESEARCH_FIXTURE,OG-SYNTH-0.3,B1-0.3,build_opus_synthetic_programme_v0_3.py@0.3,20260812,True,cd33c2c309ca3d2fd3785166e044327eaf44186af67447ada5d5852c1e45df92
US-WEST,STRUCTURAL_STEEL,2022-09-01,140.892736,2019-01-01,100.0,SYNTHETIC_RESEARCH_FIXTURE,OG-SYNTH-0.3,B1-0.3,build_opus_synthetic_programme_v0_3.py@0.3,20260812,True,e3f743c21ca2a0222b083d5b47d22e4f67d67f20bf0187e7718c4d60bc476e4d
US-WEST,STRUCTURAL_STEEL,2022-10-01,141.478407,2019-01-01,100.0,SYNTHETIC_RESEARCH_FIXTURE,OG-SYNTH-0.3,B1-0.3,build_opus_synthetic_programme_v0_3.py@0.3,20260812,True,492fa02762592b8e6516dfcacf646e6bfd138edea75f9486f3dd900d3ecc2c9a
US-WEST,STRUCTURAL_STEEL,2022-11-01,141.809343,2019-01-01,100.0,SYNTHETIC_RESEARCH_FIXTURE,OG-SYNTH-0.3,B1-0.3,build_opus_synthetic_programme_v0_3.py@0.3,20260812,True,62e357dc1217ad54f11ee543f2c41de8f569aa0ea9e3406668c62564bad39238
US-WEST,STRUCTURAL_STEEL,2022-12-01,142.396896,2019-01-01,100.0,SYNTHETIC_RESEARCH_FIXTURE,OG-SYNTH-0.3,B1-0.3,build_opus_synthetic_programme_v0_3.py@0.3,20260812,True,95c4eb6352f7ce5b5d2a9ba54d5b299365b57f0ffbd82c4bc4c65421fdade7e1
US-WEST,STRUCTURAL_STEEL,2023-01-01,142.797857,2019-01-01,100.0,SYNTHETIC_RESEARCH_FIXTURE,OG-SYNTH-0.3,B1-0.3,build_opus_synthetic_programme_v0_3.py@0.3,20260812,True,254078cfd7697e2538b47032beee233bf87c6cf4c4d12ac390933307217358d3
US-WEST,STRUCTURAL_STEEL,2023-02-01,142.966132,2019-01-01,100.0,SYNTHETIC_RESEARCH_FIXTURE,OG-SYNTH-0.3,B1-0.3,build_opus_synthetic_programme_v0_3.py@0.3,20260812,True,47d6581dec91378b3812b9947d4c0fde9babe87e0e4aac76ebdc284c286457d6
US-WEST,STRUCTURAL_STEEL,2023-03-01,143.40166,2019-01-01,100.0,SYNTHETIC_RESEARCH_FIXTURE,OG-SYNTH-0.3,B1-0.3,build_opus_synthetic_programme_v0_3.py@0.3,20260812,True,d61693f0578f66d2be87e0179836217e6ac7364fcdf2c938b70b0d39e04b748c
US-WEST,STRUCTURAL_STEEL,2023-04-01,143.431421,2019-01-01,100.0,SYNTHETIC_RESEARCH_FIXTURE,OG-SYNTH-0.3,B1-0.3,build_opus_synthetic_programme_v0_3.py@0.3,20260812,True,c24aaa753b24a7b177e0c0476af5dffd0679e6bdc223b23d0d09d788f5338f5e
US-WEST,STRUCTURAL_STEEL,2023-05-01,143.058099,2019-01-01,100.0,SYNTHETIC_RESEARCH_FIXTURE,OG-SYNTH-0.3,B1-0.3,build_opus_synthetic_programme_v0_3.py@0.3,20260812,True,8ebeff2af796521c75c67bf4aefe84e3f9b7fa7a413b3b05a12b1ac4be75d6ce
US-WEST,STRUCTURAL_STEEL,2023-06-01,143.774332,2019-01-01,100.0,SYNTHETIC_RESEARCH_FIXTURE,OG-SYNTH-0.3,B1-0.3,build_opus_synthetic_programme_v0_3.py@0.3,20260812,True,3bc2ab52a26f7f8d52469a956b34d1057baffeaeb4cb85eb8f7d06ea477d91ae
US-WEST,STRUCTURAL_STEEL,2023-07-01,144.338487,2019-01-01,100.0,SYNTHETIC_RESEARCH_FIXTURE,OG-SYNTH-0.3,B1-0.3,build_opus_synthetic_programme_v0_3.py@0.3,20260812,True,f82752a70ab0c75e2b4cb8104af7bd38f1bed2a1a23cb3cc51487e11c1207cd6
US-WEST,STRUCTURAL_STEEL,2023-08-01,144.718103,2019-01-01,100.0,SYNTHETIC_RESEARCH_FIXTURE,OG-SYNTH-0.3,B1-0.3,build_opus_synthetic_programme_v0_3.py@0.3,20260812,True,50566efdaa0913c12765265a51d9ead05e664352fb5b84146d455f8ae20a262f
US-WEST,STRUCTURAL_STEEL,2023-09-01,145.031745,2019-01-01,100.0,SYNTHETIC_RESEARCH_FIXTURE,OG-SYNTH-0.3,B1-0.3,build_opus_synthetic_programme_v0_3.py@0.3,20260812,True,1dc3610d1b0233ccea6f061ad6afb031de9d542c5bd34a8b508f4fbf80d153b1
US-WEST,STRUCTURAL_STEEL,2023-10-01,145.568667,2019-01-01,100.0,SYNTHETIC_RESEARCH_FIXTURE,OG-SYNTH-0.3,B1-0.3,build_opus_synthetic_programme_v0_3.py@0.3,20260812,True,386f180f01a0c0c5664b52427dd79136c73189af70fa1a87074d6b22474cd6dc
US-WEST,STRUCTURAL_STEEL,2023-11-01,146.527904,2019-01-01,100.0,SYNTHETIC_RESEARCH_FIXTURE,OG-SYNTH-0.3,B1-0.3,build_opus_synthetic_programme_v0_3.py@0.3,20260812,True,d47cacef4c1ae8a72bbd8a44312dc43012df2146b145d9551be3fa11dbebbe54
US-WEST,STRUCTURAL_STEEL,2023-12-01,146.716714,2019-01-01,100.0,SYNTHETIC_RESEARCH_FIXTURE,OG-SYNTH-0.3,B1-0.3,build_opus_synthetic_programme_v0_3.py@0.3,20260812,True,22d8a82634d1d9bf823ae78b7a74e2f4f94e71241674411bd2a1c0c8ad08d29b
US-WEST,STRUCTURAL_STEEL,2024-01-01,148.028901,2019-01-01,100.0,SYNTHETIC_RESEARCH_FIXTURE,OG-SYNTH-0.3,B1-0.3,build_opus_synthetic_programme_v0_3.py@0.3,20260812,True,01a9f33781818c8fa35aa5ede5940db5eb629fd50b6b43423221f4c0f9477f49
US-WEST,STRUCTURAL_STEEL,2024-02-01,148.429928,2019-01-01,100.0,SYNTHETIC_RESEARCH_FIXTURE,OG-SYNTH-0.3,B1-0.3,build_opus_synthetic_programme_v0_3.py@0.3,20260812,True,6310efb2a229f93cec5bd76a580160fcfb5b92f21296c8d0ffbd8d2759b2971f
US-WEST,STRUCTURAL_STEEL,2024-03-01,148.984511,2019-01-01,100.0,SYNTHETIC_RESEARCH_FIXTURE,OG-SYNTH-0.3,B1-0.3,build_opus_synthetic_programme_v0_3.py@0.3,20260812,True,ea406c67f97a29b22f9dab2d2f79d7de8b63db5ead390af0ddee2700777361ee
US-WEST,STRUCTURAL_STEEL,2024-04-01,150.0902,2019-01-01,100.0,SYNTHETIC_RESEARCH_FIXTURE,OG-SYNTH-0.3,B1-0.3,build_opus_synthetic_programme_v0_3.py@0.3,20260812,True,5be2f573ffd7ff9694d17e80d89b745b57174ead3d60a6082c3032b4c43a0690
US-WEST,STRUCTURAL_STEEL,2024-05-01,150.688324,2019-01-01,100.0,SYNTHETIC_RESEARCH_FIXTURE,OG-SYNTH-0.3,B1-0.3,build_opus_synthetic_programme_v0_3.py@0.3,20260812,True,629bf0b496617650a8ce265fb01b6defd287b3cc34c6fcda5b184727deae8d46
US-WEST,STRUCTURAL_STEEL,2024-06-01,150.986276,2019-01-01,100.0,SYNTHETIC_RESEARCH_FIXTURE,OG-SYNTH-0.3,B1-0.3,build_opus_synthetic_programme_v0_3.py@0.3,20260812,True,d8dfe0e12da1875afe0451b3de93edaaa2d3e65931020baaa5f75e12e8c76a1d
US-WEST,STRUCTURAL_STEEL,2024-07-01,151.881629,2019-01-01,100.0,SYNTHETIC_RESEARCH_FIXTURE,OG-SYNTH-0.3,B1-0.3,build_opus_synthetic_programme_v0_3.py@0.3,20260812,True,9a264406ab8408fda49a6f45da15194aec20813afd2fce14f09af7680b7eeccc
US-WEST,STRUCTURAL_STEEL,2024-08-01,152.74275,2019-01-01,100.0,SYNTHETIC_RESEARCH_FIXTURE,OG-SYNTH-0.3,B1-0.3,build_opus_synthetic_programme_v0_3.py@0.3,20260812,True,45df8850fd91bb3c379fa932c5d4a9dd6fb2888781de218d136259edba1809cb
US-WEST,STRUCTURAL_STEEL,2024-09-01,153.300622,2019-01-01,100.0,SYNTHETIC_RESEARCH_FIXTURE,OG-SYNTH-0.3,B1-0.3,build_opus_synthetic_programme_v0_3.py@0.3,20260812,True,3eef074327d1d8d46094328413bc780402b8654959daae9a53e1642926f750e2
US-WEST,STRUCTURAL_STEEL,2024-10-01,153.791341,2019-01-01,100.0,SYNTHETIC_RESEARCH_FIXTURE,OG-SYNTH-0.3,B1-0.3,build_opus_synthetic_programme_v0_3.py@0.3,20260812,True,068885a56439bc36ccd1125849672bed7c288f1a285f47d6acc8e6cb174a3a9e
US-WEST,STRUCTURAL_STEEL,2024-11-01,154.346582,2019-01-01,100.0,SYNTHETIC_RESEARCH_FIXTURE,OG-SYNTH-0.3,B1-0.3,build_opus_synthetic_programme_v0_3.py@0.3,20260812,True,bb18b37a028c5c4eb7ca49c45fa599bb4abc3a89f32927a2e9b408dedeea277e
US-WEST,STRUCTURAL_STEEL,2024-12-01,154.683137,2019-01-01,100.0,SYNTHETIC_RESEARCH_FIXTURE,OG-SYNTH-0.3,B1-0.3,build_opus_synthetic_programme_v0_3.py@0.3,20260812,True,7a18398c98f73d5eefa52791f1b5292d4584eae817ea1f7620798b519d423a92
US-WEST,STRUCTURAL_STEEL,2025-01-01,155.013616,2019-01-01,100.0,SYNTHETIC_RESEARCH_FIXTURE,OG-SYNTH-0.3,B1-0.3,build_opus_synthetic_programme_v0_3.py@0.3,20260812,True,00c4617c072fabcf7053b4b92b9cc517cd081dc495a0578986f1835ad3fc1b30
US-WEST,STRUCTURAL_STEEL,2025-02-01,154.858717,2019-01-01,100.0,SYNTHETIC_RESEARCH_FIXTURE,OG-SYNTH-0.3,B1-0.3,build_opus_synthetic_programme_v0_3.py@0.3,20260812,True,26b266951ec82d8cec60157c39a863a91fe81ae7d476a9ea10b62864d9588d4b
US-WEST,STRUCTURAL_STEEL,2025-03-01,155.077404,2019-01-01,100.0,SYNTHETIC_RESEARCH_FIXTURE,OG-SYNTH-0.3,B1-0.3,build_opus_synthetic_programme_v0_3.py@0.3,20260812,True,24b8738346df3771dfac09e0e0f45e08a1fe9dbbe93e120ac7864c692d735b6a
US-WEST,STRUCTURAL_STEEL,2025-04-01,155.137656,2019-01-01,100.0,SYNTHETIC_RESEARCH_FIXTURE,OG-SYNTH-0.3,B1-0.3,build_opus_synthetic_programme_v0_3.py@0.3,20260812,True,e3b1ce8e763bbd180e8bf4db7ac71cc38ba6872bec413ed29ed03689bba71440
US-WEST,STRUCTURAL_STEEL,2025-05-01,155.806235,2019-01-01,100.0,SYNTHETIC_RESEARCH_FIXTURE,OG-SYNTH-0.3,B1-0.3,build_opus_synthetic_programme_v0_3.py@0.3,20260812,True,a0039edc67150bda48a03e25fcbd62bb83b54ff987bf184fce5148c307c25d40
US-WEST,STRUCTURAL_STEEL,2025-06-01,156.387458,2019-01-01,100.0,SYNTHETIC_RESEARCH_FIXTURE,OG-SYNTH-0.3,B1-0.3,build_opus_synthetic_programme_v0_3.py@0.3,20260812,True,8f9a2ecd0badd5c5ea4373d6b54a55e9df9c35758ad0f97341e8e10a5f980f2e
US-WEST,STRUCTURAL_STEEL,2025-07-01,156.43945,2019-01-01,100.0,SYNTHETIC_RESEARCH_FIXTURE,OG-SYNTH-0.3,B1-0.3,build_opus_synthetic_programme_v0_3.py@0.3,20260812,True,3c947133fa1143067919dee30bb3f2b2317264e751122dbf92bda7d1cb242932
US-WEST,STRUCTURAL_STEEL,2025-08-01,156.731271,2019-01-01,100.0,SYNTHETIC_RESEARCH_FIXTURE,OG-SYNTH-0.3,B1-0.3,build_opus_synthetic_programme_v0_3.py@0.3,20260812,True,e48a426b3b3667f75a9027d00ff6375e143932a4e5dc5210635712928cfd8bc5
US-WEST,STRUCTURAL_STEEL,2025-09-01,156.638792,2019-01-01,100.0,SYNTHETIC_RESEARCH_FIXTURE,OG-SYNTH-0.3,B1-0.3,build_opus_synthetic_programme_v0_3.py@0.3,20260812,True,f08d8d8bc00c9d87448e22bd933c403f74caa5b4c0512a66ae541703897d7282
US-WEST,STRUCTURAL_STEEL,2025-10-01,157.042883,2019-01-01,100.0,SYNTHETIC_RESEARCH_FIXTURE,OG-SYNTH-0.3,B1-0.3,build_opus_synthetic_programme_v0_3.py@0.3,20260812,True,0e724a63d2cc80d4f1b0e3264eccc4a0d77d122afb11427dd0c7ad37025164d0
US-WEST,STRUCTURAL_STEEL,2025-11-01,157.334701,2019-01-01,100.0,SYNTHETIC_RESEARCH_FIXTURE,OG-SYNTH-0.3,B1-0.3,build_opus_synthetic_programme_v0_3.py@0.3,20260812,True,902eafa5a743fd71fbc9416986d394023b680daa4c511e3ce4d710def406c911
US-WEST,STRUCTURAL_STEEL,2025-12-01,157.708623,2019-01-01,100.0,SYNTHETIC_RESEARCH_FIXTURE,OG-SYNTH-0.3,B1-0.3,build_opus_synthetic_programme_v0_3.py@0.3,20260812,True,1650b0f9a98b8814c67f081793a76c09b91bc13300159942aec76a0426324a50
US-WEST,STRUCTURAL_STEEL,2026-01-01,158.450505,2019-01-01,100.0,SYNTHETIC_RESEARCH_FIXTURE,OG-SYNTH-0.3,B1-0.3,build_opus_synthetic_programme_v0_3.py@0.3,20260812,True,860cbaede2938aac6df8e79de2c2a4572784cbefe8ce0db184097fc7aaf53d51
US-WEST,STRUCTURAL_STEEL,2026-02-01,158.644789,2019-01-01,100.0,SYNTHETIC_RESEARCH_FIXTURE,OG-SYNTH-0.3,B1-0.3,build_opus_synthetic_programme_v0_3.py@0.3,20260812,True,69c3054a6ff32cdb4c60f30d172b692f25d59c5e672fd490d843da3b6478e125
US-WEST,STRUCTURAL_STEEL,2026-03-01,158.8818,2019-01-01,100.0,SYNTHETIC_RESEARCH_FIXTURE,OG-SYNTH-0.3,B1-0.3,build_opus_synthetic_programme_v0_3.py@0.3,20260812,True,2a1c169484fe00a067e7a38833c24f2062bb5baaba641dfd57252fa362242ebf
US-WEST,STRUCTURAL_STEEL,2026-04-01,159.02952,2019-01-01,100.0,SYNTHETIC_RESEARCH_FIXTURE,OG-SYNTH-0.3,B1-0.3,build_opus_synthetic_programme_v0_3.py@0.3,20260812,True,1aef4f0bfdabf7b4d311de922d34a362163b0853fea15684ea8b738d3f265f9e
US-WEST,STRUCTURAL_STEEL,2026-05-01,159.60568,2019-01-01,100.0,SYNTHETIC_RESEARCH_FIXTURE,OG-SYNTH-0.3,B1-0.3,build_opus_synthetic_programme_v0_3.py@0.3,20260812,True,6cbbc90f60a20331732cb6a9800c0077d270a9c4398c51b329e60a5113659d3a
US-WEST,STRUCTURAL_STEEL,2026-06-01,159.944735,2019-01-01,100.0,SYNTHETIC_RESEARCH_FIXTURE,OG-SYNTH-0.3,B1-0.3,build_opus_synthetic_programme_v0_3.py@0.3,20260812,True,8c1da08191d511ea19fc8f5f542c861ea21abab8bb49efc23f902902c45d793a
US-WEST,STRUCTURAL_STEEL,2026-07-01,159.905846,2019-01-01,100.0,SYNTHETIC_RESEARCH_FIXTURE,OG-SYNTH-0.3,B1-0.3,build_opus_synthetic_programme_v0_3.py@0.3,20260812,True,ad35a6ea10513146451005a932394868c5a6812c02757407593f7d9baf326a8c
US-WEST,STRUCTURAL_STEEL,2026-08-01,159.771173,2019-01-01,100.0,SYNTHETIC_RESEARCH_FIXTURE,OG-SYNTH-0.3,B1-0.3,build_opus_synthetic_programme_v0_3.py@0.3,20260812,True,0fe1ce1c38354aae4a78d5f9aa7c38bbd2b66141011436237f8de283aa4ac1a4
US-WEST,STRUCTURAL_STEEL,2026-09-01,159.813235,2019-01-01,100.0,SYNTHETIC_RESEARCH_FIXTURE,OG-SYNTH-0.3,B1-0.3,build_opus_synthetic_programme_v0_3.py@0.3,20260812,True,3ed3563dc5d4ffc222a81eb641689a4ba5565419a0e5eab0f767c9a19faef6d1
US-WEST,STRUCTURAL_STEEL,2026-10-01,160.179366,2019-01-01,100.0,SYNTHETIC_RESEARCH_FIXTURE,OG-SYNTH-0.3,B1-0.3,build_opus_synthetic_programme_v0_3.py@0.3,20260812,True,c027076c8c6871785558bb99bc19961a7aafe49d827512238fa390958beec48f
US-WEST,STRUCTURAL_STEEL,2026-11-01,160.622541,2019-01-01,100.0,SYNTHETIC_RESEARCH_FIXTURE,OG-SYNTH-0.3,B1-0.3,build_opus_synthetic_programme_v0_3.py@0.3,20260812,True,0ad34f2eb2b590b099a27793bacd09b54c62eeb13b2bca8115cbb7d167f9ccf1
US-WEST,STRUCTURAL_STEEL,2026-12-01,161.20899,2019-01-01,100.0,SYNTHETIC_RESEARCH_FIXTURE,OG-SYNTH-0.3,B1-0.3,build_opus_synthetic_programme_v0_3.py@0.3,20260812,True,4508a00c7ab6f0cd726d396aba294a7d809d7d71e6b9361c548007db09b954d8
US-WEST,CONCRETE,2019-01-01,117.309917,2019-01-01,100.0,SYNTHETIC_RESEARCH_FIXTURE,OG-SYNTH-0.3,B1-0.3,build_opus_synthetic_programme_v0_3.py@0.3,20260812,True,b1b455db9c098ebddecb7654325eb598572c7d12f67dbdfd9f3bdaa13ac44f56
US-WEST,CONCRETE,2019-02-01,117.878676,2019-01-01,100.0,SYNTHETIC_RESEARCH_FIXTURE,OG-SYNTH-0.3,B1-0.3,build_opus_synthetic_programme_v0_3.py@0.3,20260812,True,093d398e25edf31e2fbcd2f970f900ac1c718f6a345b83a0712a2580e61ec092
US-WEST,CONCRETE,2019-03-01,118.054464,2019-01-01,100.0,SYNTHETIC_RESEARCH_FIXTURE,OG-SYNTH-0.3,B1-0.3,build_opus_synthetic_programme_v0_3.py@0.3,20260812,True,dcbb9d41a958f2c08a9270759eeacf585ebf121f29267cb308b54422f82e4408
US-WEST,CONCRETE,2019-04-01,118.344748,2019-01-01,100.0,SYNTHETIC_RESEARCH_FIXTURE,OG-SYNTH-0.3,B1-0.3,build_opus_synthetic_programme_v0_3.py@0.3,20260812,True,3f1799243a8febc3352dd6ce919d52f7deb218fa2c346f34b3fca55eb1842569
US-WEST,CONCRETE,2019-05-01,118.478899,2019-01-01,100.0,SYNTHETIC_RESEARCH_FIXTURE,OG-SYNTH-0.3,B1-0.3,build_opus_synthetic_programme_v0_3.py@0.3,20260812,True,ad59eee06aa39f3c1c15252969634fe6434895fae618b2da6991e3ccf24da7f4
US-WEST,CONCRETE,2019-06-01,118.555533,2019-01-01,100.0,SYNTHETIC_RESEARCH_FIXTURE,OG-SYNTH-0.3,B1-0.3,build_opus_synthetic_programme_v0_3.py@0.3,20260812,True,8a0e18d552349f4ff149cc8071477db2775668bf8ec37aaef051ca944b350047
US-WEST,CONCRETE,2019-07-01,118.926828,2019-01-01,100.0,SYNTHETIC_RESEARCH_FIXTURE,OG-SYNTH-0.3,B1-0.3,build_opus_synthetic_programme_v0_3.py@0.3,20260812,True,eb50a699b139e92e1dba119b30e49692623fa504e048141db3c772ddd3828f5e
US-WEST,CONCRETE,2019-08-01,118.991621,2019-01-01,100.0,SYNTHETIC_RESEARCH_FIXTURE,OG-SYNTH-0.3,B1-0.3,build_opus_synthetic_programme_v0_3.py@0.3,20260812,True,f5baacccbac6ba3ee72afdc565098587e486f99fecbee519b594982f1a5c386d
US-WEST,CONCRETE,2019-09-01,119.219875,2019-01-01,100.0,SYNTHETIC_RESEARCH_FIXTURE,OG-SYNTH-0.3,B1-0.3,build_opus_synthetic_programme_v0_3.py@0.3,20260812,True,8af0ac51dfd553bb969641204e7f3e62cb334b44bae7d9435ffd22dabd2c740c
US-WEST,CONCRETE,2019-10-01,119.675565,2019-01-01,100.0,SYNTHETIC_RESEARCH_FIXTURE,OG-SYNTH-0.3,B1-0.3,build_opus_synthetic_programme_v0_3.py@0.3,20260812,True,b8f50c25f85e37f32b1b540d8e8276dd8cfcef43694ebf78bb2949bed96ab392
US-WEST,CONCRETE,2019-11-01,120.287965,2019-01-01,100.0,SYNTHETIC_RESEARCH_FIXTURE,OG-SYNTH-0.3,B1-0.3,build_opus_synthetic_programme_v0_3.py@0.3,20260812,True,ec366f9c7bab6c7124df5c15bd71d21e11c363371fe123076cde625fd29223b8
US-WEST,CONCRETE,2019-12-01,120.698682,2019-01-01,100.0,SYNTHETIC_RESEARCH_FIXTURE,OG-SYNTH-0.3,B1-0.3,build_opus_synthetic_programme_v0_3.py@0.3,20260812,True,79aea1afedb7647d29a363f47f04d7b29cdf93fb43f800d53036bec4205f07fb
US-WEST,CONCRETE,2020-01-01,120.932931,2019-01-01,100.0,SYNTHETIC_RESEARCH_FIXTURE,OG-SYNTH-0.3,B1-0.3,build_opus_synthetic_programme_v0_3.py@0.3,20260812,True,43521a3a7b03a7e23e86c5b423783007b4a5c5d58e058df8d9d4e63a9c008f86
US-WEST,CONCRETE,2020-02-01,121.510246,2019-01-01,100.0,SYNTHETIC_RESEARCH_FIXTURE,OG-SYNTH-0.3,B1-0.3,build_opus_synthetic_programme_v0_3.py@0.3,20260812,True,8ac481bce7d7bd938ff1a708baf20ed318d7b50c6a85fc431c63c5c545cca4ee
US-WEST,CONCRETE,2020-03-01,121.906973,2019-01-01,100.0,SYNTHETIC_RESEARCH_FIXTURE,OG-SYNTH-0.3,B1-0.3,build_opus_synthetic_programme_v0_3.py@0.3,20260812,True,fbb2b8f7d8debcfd1c536a0d51e442899a71c083733e1b02263cc6134b2fcca3
US-WEST,CONCRETE,2020-04-01,122.323533,2019-01-01,100.0,SYNTHETIC_RESEARCH_FIXTURE,OG-SYNTH-0.3,B1-0.3,build_opus_synthetic_programme_v0_3.py@0.3,20260812,True,3b5ef0897df203d3095ca7d966d3958aeb7b57d33c92315218e660e4bea968e1
US-WEST,CONCRETE,2020-05-01,122.820029,2019-01-01,100.0,SYNTHETIC_RESEARCH_FIXTURE,OG-SYNTH-0.3,B1-0.3,build_opus_synthetic_programme_v0_3.py@0.3,20260812,True,50de2689fd307871983282668b665ad224799477c1f7768d44e61dcc5a6d2478
US-WEST,CONCRETE,2020-06-01,123.158838,2019-01-01,100.0,SYNTHETIC_RESEARCH_FIXTURE,OG-SYNTH-0.3,B1-0.3,build_opus_synthetic_programme_v0_3.py@0.3,20260812,True,8050afef2ab5dc55a58a71c61506784408bf72999d00b6e36c4257c5b86c075a
US-WEST,CONCRETE,2020-07-01,123.468342,2019-01-01,100.0,SYNTHETIC_RESEARCH_FIXTURE,OG-SYNTH-0.3,B1-0.3,build_opus_synthetic_programme_v0_3.py@0.3,20260812,True,cf3ab4bae45748e7c4bd5b0edad4a3859cd14d1dae748c9ba83c9b14b6bf8e28
US-WEST,CONCRETE,2020-08-01,123.40268,2019-01-01,100.0,SYNTHETIC_RESEARCH_FIXTURE,OG-SYNTH-0.3,B1-0.3,build_opus_synthetic_programme_v0_3.py@0.3,20260812,True,ee362f7d3f1f78bf4cc076db9a4dde847114020c6caefcb6c898d33b625b8c42
US-WEST,CONCRETE,2020-09-01,123.632491,2019-01-01,100.0,SYNTHETIC_RESEARCH_FIXTURE,OG-SYNTH-0.3,B1-0.3,build_opus_synthetic_programme_v0_3.py@0.3,20260812,True,c7e577fd0eaf714a2951c2ff03c3c5ed11295038bbd92e36ed3d3e636915d66d
US-WEST,CONCRETE,2020-10-01,124.076591,2019-01-01,100.0,SYNTHETIC_RESEARCH_FIXTURE,OG-SYNTH-0.3,B1-0.3,build_opus_synthetic_programme_v0_3.py@0.3,20260812,True,8a2309c03892f0c3e60605728bde5c9cbe52845f53786a8325f8be48526f9781
US-WEST,CONCRETE,2020-11-01,124.804057,2019-01-01,100.0,SYNTHETIC_RESEARCH_FIXTURE,OG-SYNTH-0.3,B1-0.3,build_opus_synthetic_programme_v0_3.py@0.3,20260812,True,8c7bc2fe5e3183f1ad7cda9ef0621a01773bea64d1778390a03adaca292806d1
US-WEST,CONCRETE,2020-12-01,124.800572,2019-01-01,100.0,SYNTHETIC_RESEARCH_FIXTURE,OG-SYNTH-0.3,B1-0.3,build_opus_synthetic_programme_v0_3.py@0.3,20260812,True,af50080fbea7099a40f87645680c45808afd2adef7d7946360a6e51a3e875e93
US-WEST,CONCRETE,2021-01-01,125.074171,2019-01-01,100.0,SYNTHETIC_RESEARCH_FIXTURE,OG-SYNTH-0.3,B1-0.3,build_opus_synthetic_programme_v0_3.py@0.3,20260812,True,7298da2a7b28b9df9777f1f878c73eb793dc18430edf01ebc0bc2976575b9b85
US-WEST,CONCRETE,2021-02-01,125.092953,2019-01-01,100.0,SYNTHETIC_RESEARCH_FIXTURE,OG-SYNTH-0.3,B1-0.3,build_opus_synthetic_programme_v0_3.py@0.3,20260812,True,087d3569a162e73ad9a68e5f49df551316beb40f845decb5371aec0b749516c1
US-WEST,CONCRETE,2021-03-01,125.175578,2019-01-01,100.0,SYNTHETIC_RESEARCH_FIXTURE,OG-SYNTH-0.3,B1-0.3,build_opus_synthetic_programme_v0_3.py@0.3,20260812,True,694f6a95b9b6179fe129f523453668999ec258472ac074400963ee68b3fd2bbc
US-WEST,CONCRETE,2021-04-01,125.427657,2019-01-01,100.0,SYNTHETIC_RESEARCH_FIXTURE,OG-SYNTH-0.3,B1-0.3,build_opus_synthetic_programme_v0_3.py@0.3,20260812,True,02bf0fc3b68510d7949a6ab32063985dd6c76da561db13d2c4b704baddd0c0af
US-WEST,CONCRETE,2021-05-01,126.905587,2019-01-01,100.0,SYNTHETIC_RESEARCH_FIXTURE,OG-SYNTH-0.3,B1-0.3,build_opus_synthetic_programme_v0_3.py@0.3,20260812,True,e090006a2e1dcda19495196b8d4f7318f5fb9e890584c97a1748284cfe6cb5d5
US-WEST,CONCRETE,2021-06-01,128.090606,2019-01-01,100.0,SYNTHETIC_RESEARCH_FIXTURE,OG-SYNTH-0.3,B1-0.3,build_opus_synthetic_programme_v0_3.py@0.3,20260812,True,1e7c5be1371ce2b8dd92b4d81fcef4fff726d5902e09fb97a257406abb532f73
US-WEST,CONCRETE,2021-07-01,129.692584,2019-01-01,100.0,SYNTHETIC_RESEARCH_FIXTURE,OG-SYNTH-0.3,B1-0.3,build_opus_synthetic_programme_v0_3.py@0.3,20260812,True,c788fa173051f1eb01fd23c1edb0ccc81530ada8685fda191db96a13d595bfe7
US-WEST,CONCRETE,2021-08-01,131.446943,2019-01-01,100.0,SYNTHETIC_RESEARCH_FIXTURE,OG-SYNTH-0.3,B1-0.3,build_opus_synthetic_programme_v0_3.py@0.3,20260812,True,4c1b5c89308c584db5e87be4b31ca812d56ed42426311a35a67bf3340c9802ed
US-WEST,CONCRETE,2021-09-01,133.057874,2019-01-01,100.0,SYNTHETIC_RESEARCH_FIXTURE,OG-SYNTH-0.3,B1-0.3,build_opus_synthetic_programme_v0_3.py@0.3,20260812,True,17e2ce833d0fd66907aeec0ff66793da5af2212c8a6e608a8cffae52dace7e96
US-WEST,CONCRETE,2021-10-01,134.5455,2019-01-01,100.0,SYNTHETIC_RESEARCH_FIXTURE,OG-SYNTH-0.3,B1-0.3,build_opus_synthetic_programme_v0_3.py@0.3,20260812,True,97cc6602f44aa7c666bc2a5388c1457fc29ceb115c1165830f874659053b0120
US-WEST,CONCRETE,2021-11-01,136.14613,2019-01-01,100.0,SYNTHETIC_RESEARCH_FIXTURE,OG-SYNTH-0.3,B1-0.3,build_opus_synthetic_programme_v0_3.py@0.3,20260812,True,91a066c8b2b49ad3360ec0fd981eb0532ca6c9d8979d9e07de893f0fcaee8ab5
US-WEST,CONCRETE,2021-12-01,137.733045,2019-01-01,100.0,SYNTHETIC_RESEARCH_FIXTURE,OG-SYNTH-0.3,B1-0.3,build_opus_synthetic_programme_v0_3.py@0.3,20260812,True,c3163f6d3788629a8ae311dd3f13cb8cfe11b57dfd2769b8039528eb7b20441d
US-WEST,CONCRETE,2022-01-01,139.668797,2019-01-01,100.0,SYNTHETIC_RESEARCH_FIXTURE,OG-SYNTH-0.3,B1-0.3,build_opus_synthetic_programme_v0_3.py@0.3,20260812,True,34358b330284ecd60f0b08f0dfcced44e90b669c988887afff93d5bbdafe185c
US-WEST,CONCRETE,2022-02-01,140.901375,2019-01-01,100.0,SYNTHETIC_RESEARCH_FIXTURE,OG-SYNTH-0.3,B1-0.3,build_opus_synthetic_programme_v0_3.py@0.3,20260812,True,6cfd5e059b94a6ea9eda24b647baf900113cd28ce1a4db0f10c5a2ddb631476f
US-WEST,CONCRETE,2022-03-01,142.454003,2019-01-01,100.0,SYNTHETIC_RESEARCH_FIXTURE,OG-SYNTH-0.3,B1-0.3,build_opus_synthetic_programme_v0_3.py@0.3,20260812,True,1f05dbe864338722f218d0f42d6f68d431183b4bf24b09b64b512942fe8839ff
US-WEST,CONCRETE,2022-04-01,143.785248,2019-01-01,100.0,SYNTHETIC_RESEARCH_FIXTURE,OG-SYNTH-0.3,B1-0.3,build_opus_synthetic_programme_v0_3.py@0.3,20260812,True,4e4cd33cb429df0dcd523239709a3d49349198b17fcc84b74d4923a5e6e5243f
US-WEST,CONCRETE,2022-05-01,145.676689,2019-01-01,100.0,SYNTHETIC_RESEARCH_FIXTURE,OG-SYNTH-0.3,B1-0.3,build_opus_synthetic_programme_v0_3.py@0.3,20260812,True,63bd63852d7752cae5524e6aae933975821662597b09f510d8c50f262d505ec1
US-WEST,CONCRETE,2022-06-01,146.297559,2019-01-01,100.0,SYNTHETIC_RESEARCH_FIXTURE,OG-SYNTH-0.3,B1-0.3,build_opus_synthetic_programme_v0_3.py@0.3,20260812,True,b5c12fe978ba46c7cbd321b296f302a7fb7fb91e014c4bec2b825bfe234cdb60
US-WEST,CONCRETE,2022-07-01,147.213481,2019-01-01,100.0,SYNTHETIC_RESEARCH_FIXTURE,OG-SYNTH-0.3,B1-0.3,build_opus_synthetic_programme_v0_3.py@0.3,20260812,True,b412b9fb6f9479d598731cc3274958c651488a9a71ce7c96b8b988ff8da27741
US-WEST,CONCRETE,2022-08-01,147.467634,2019-01-01,100.0,SYNTHETIC_RESEARCH_FIXTURE,OG-SYNTH-0.3,B1-0.3,build_opus_synthetic_programme_v0_3.py@0.3,20260812,True,ef29538cd74b5d855fba90936aacf9da62da157b565fbaab5ad269ecd52b7aef
US-WEST,CONCRETE,2022-09-01,147.757592,2019-01-01,100.0,SYNTHETIC_RESEARCH_FIXTURE,OG-SYNTH-0.3,B1-0.3,build_opus_synthetic_programme_v0_3.py@0.3,20260812,True,0e64ee1db1fdfedc8b5c0f3d102972c23ec7ca2c27b49faa35ebaf50655af0a4
US-WEST,CONCRETE,2022-10-01,148.016686,2019-01-01,100.0,SYNTHETIC_RESEARCH_FIXTURE,OG-SYNTH-0.3,B1-0.3,build_opus_synthetic_programme_v0_3.py@0.3,20260812,True,39b2ed8e3ffc57863d300ed6bfd79ade6560417bcc8584bd3cfa813064d15540
US-WEST,CONCRETE,2022-11-01,148.511125,2019-01-01,100.0,SYNTHETIC_RESEARCH_FIXTURE,OG-SYNTH-0.3,B1-0.3,build_opus_synthetic_programme_v0_3.py@0.3,20260812,True,76b94898b13ca13f3025c2ed4510cacce2442c14f332ac33bba50d12ef5e1dd9
US-WEST,CONCRETE,2022-12-01,149.197084,2019-01-01,100.0,SYNTHETIC_RESEARCH_FIXTURE,OG-SYNTH-0.3,B1-0.3,build_opus_synthetic_programme_v0_3.py@0.3,20260812,True,1b8451a930b7c7437db4575c5ca73430a3abeb1be50908eacbc2e0c0ca464b21
US-WEST,CONCRETE,2023-01-01,149.291705,2019-01-01,100.0,SYNTHETIC_RESEARCH_FIXTURE,OG-SYNTH-0.3,B1-0.3,build_opus_synthetic_programme_v0_3.py@0.3,20260812,True,b8155debfccd79b6c9b9cc8763288b81b2a0d6c693a219324a02628780e8025e
US-WEST,CONCRETE,2023-02-01,149.884985,2019-01-01,100.0,SYNTHETIC_RESEARCH_FIXTURE,OG-SYNTH-0.3,B1-0.3,build_opus_synthetic_programme_v0_3.py@0.3,20260812,True,092a9e4850b3bab0043d397530d634086aa0a5ddc114251b73bdc21e45aeda5d
US-WEST,CONCRETE,2023-03-01,150.28366,2019-01-01,100.0,SYNTHETIC_RESEARCH_FIXTURE,OG-SYNTH-0.3,B1-0.3,build_opus_synthetic_programme_v0_3.py@0.3,20260812,True,c7be44b77af7d40306eff8ccd50aa1b1460aadc3d4cd09980b9bf62ecc5ff905
US-WEST,CONCRETE,2023-04-01,150.779156,2019-01-01,100.0,SYNTHETIC_RESEARCH_FIXTURE,OG-SYNTH-0.3,B1-0.3,build_opus_synthetic_programme_v0_3.py@0.3,20260812,True,1b8bb674416f922215668561b46293af1f9cb92791cb5f5a5ce08f8a6235d007
US-WEST,CONCRETE,2023-05-01,151.280658,2019-01-01,100.0,SYNTHETIC_RESEARCH_FIXTURE,OG-SYNTH-0.3,B1-0.3,build_opus_synthetic_programme_v0_3.py@0.3,20260812,True,51dfdc86a1f21d12234f0526da867bd22b18303285f52472539629f699167348
US-WEST,CONCRETE,2023-06-01,151.437409,2019-01-01,100.0,SYNTHETIC_RESEARCH_FIXTURE,OG-SYNTH-0.3,B1-0.3,build_opus_synthetic_programme_v0_3.py@0.3,20260812,True,633bac30b6478e8d862579bb368f2ade7a42e7cb40577e86137a76798d95e5ef
US-WEST,CONCRETE,2023-07-01,151.897424,2019-01-01,100.0,SYNTHETIC_RESEARCH_FIXTURE,OG-SYNTH-0.3,B1-0.3,build_opus_synthetic_programme_v0_3.py@0.3,20260812,True,b6db3f63613a84b9307fc4fb2f3da23f9d82732c9b0937803472e7ceca3ad0a1
US-WEST,CONCRETE,2023-08-01,152.068767,2019-01-01,100.0,SYNTHETIC_RESEARCH_FIXTURE,OG-SYNTH-0.3,B1-0.3,build_opus_synthetic_programme_v0_3.py@0.3,20260812,True,f5889bd5bc98f43ef9ec1638647d142a7505ba2543fb778344ecbd18e8b93442
US-WEST,CONCRETE,2023-09-01,152.781282,2019-01-01,100.0,SYNTHETIC_RESEARCH_FIXTURE,OG-SYNTH-0.3,B1-0.3,build_opus_synthetic_programme_v0_3.py@0.3,20260812,True,f31fd48cb15cadb6893294be6c7ae605efc3cc94b7cb4dac75386174a495f875
US-WEST,CONCRETE,2023-10-01,152.720202,2019-01-01,100.0,SYNTHETIC_RESEARCH_FIXTURE,OG-SYNTH-0.3,B1-0.3,build_opus_synthetic_programme_v0_3.py@0.3,20260812,True,625a823064c4829fe16cd97a48cdb80fe911c2a287bcf32e8c8d740ce404603c
US-WEST,CONCRETE,2023-11-01,152.912733,2019-01-01,100.0,SYNTHETIC_RESEARCH_FIXTURE,OG-SYNTH-0.3,B1-0.3,build_opus_synthetic_programme_v0_3.py@0.3,20260812,True,5b8b6c332a4099486eed7768da8be987b575e961cd890dcda4838633c743c356
US-WEST,CONCRETE,2023-12-01,153.014936,2019-01-01,100.0,SYNTHETIC_RESEARCH_FIXTURE,OG-SYNTH-0.3,B1-0.3,build_opus_synthetic_programme_v0_3.py@0.3,20260812,True,af23b480e6d4efafe993a0f710b38e75915cd0b27c2fd524a7fed9df77d0536c
US-WEST,CONCRETE,2024-01-01,154.235256,2019-01-01,100.0,SYNTHETIC_RESEARCH_FIXTURE,OG-SYNTH-0.3,B1-0.3,build_opus_synthetic_programme_v0_3.py@0.3,20260812,True,a6c326bab2ebf0c437ef7aca0910936060bf07d7441de675f7d5f67ecb2dd3fa
US-WEST,CONCRETE,2024-02-01,154.951388,2019-01-01,100.0,SYNTHETIC_RESEARCH_FIXTURE,OG-SYNTH-0.3,B1-0.3,build_opus_synthetic_programme_v0_3.py@0.3,20260812,True,772991839d462d3974a4fa1c9a08d04718796f1bedecaaf52d69a10ee5cbd684
US-WEST,CONCRETE,2024-03-01,156.008898,2019-01-01,100.0,SYNTHETIC_RESEARCH_FIXTURE,OG-SYNTH-0.3,B1-0.3,build_opus_synthetic_programme_v0_3.py@0.3,20260812,True,777f202565879cf72a0558f418b816085211827b6fbed0d6ae8a76058a80dcce
US-WEST,CONCRETE,2024-04-01,156.250233,2019-01-01,100.0,SYNTHETIC_RESEARCH_FIXTURE,OG-SYNTH-0.3,B1-0.3,build_opus_synthetic_programme_v0_3.py@0.3,20260812,True,6c16a10cc61073d4e5070fb170c66c8a9a67fadba18c617aa7f12d1bbfa967d6
US-WEST,CONCRETE,2024-05-01,156.764506,2019-01-01,100.0,SYNTHETIC_RESEARCH_FIXTURE,OG-SYNTH-0.3,B1-0.3,build_opus_synthetic_programme_v0_3.py@0.3,20260812,True,2847e8531158fe52a8117c0bf9ad6c9bbf63b556cfda838cd19f98cd589aaff3
US-WEST,CONCRETE,2024-06-01,157.400674,2019-01-01,100.0,SYNTHETIC_RESEARCH_FIXTURE,OG-SYNTH-0.3,B1-0.3,build_opus_synthetic_programme_v0_3.py@0.3,20260812,True,7b613f66094e95ec053b5311adbd9aa306c0ddac3fe1bf82fb9edc08e8a5c892
US-WEST,CONCRETE,2024-07-01,158.692705,2019-01-01,100.0,SYNTHETIC_RESEARCH_FIXTURE,OG-SYNTH-0.3,B1-0.3,build_opus_synthetic_programme_v0_3.py@0.3,20260812,True,07a97b67dd570a5b45dca71dc7be4184bddd78a6d547ae0597db7baf7c90d424
US-WEST,CONCRETE,2024-08-01,159.554527,2019-01-01,100.0,SYNTHETIC_RESEARCH_FIXTURE,OG-SYNTH-0.3,B1-0.3,build_opus_synthetic_programme_v0_3.py@0.3,20260812,True,f33d44b26a151001e55c89668f6ab9ee9bc941be23949437295d653000742f21
US-WEST,CONCRETE,2024-09-01,160.116034,2019-01-01,100.0,SYNTHETIC_RESEARCH_FIXTURE,OG-SYNTH-0.3,B1-0.3,build_opus_synthetic_programme_v0_3.py@0.3,20260812,True,084d8cc059fd8549a354f9e1a9d776335cc322450ff1058893cc1ee7b61181c9
US-WEST,CONCRETE,2024-10-01,160.465717,2019-01-01,100.0,SYNTHETIC_RESEARCH_FIXTURE,OG-SYNTH-0.3,B1-0.3,build_opus_synthetic_programme_v0_3.py@0.3,20260812,True,ba1b10089741c524abc46a1001c54ca1746c2146fed0c766f75924f8d45c0d34
US-WEST,CONCRETE,2024-11-01,160.633584,2019-01-01,100.0,SYNTHETIC_RESEARCH_FIXTURE,OG-SYNTH-0.3,B1-0.3,build_opus_synthetic_programme_v0_3.py@0.3,20260812,True,b37b3fbce310483e93117d495d0961858a10ebc7fe8c2cd0bae67b5482ad416e
US-WEST,CONCRETE,2024-12-01,161.392059,2019-01-01,100.0,SYNTHETIC_RESEARCH_FIXTURE,OG-SYNTH-0.3,B1-0.3,build_opus_synthetic_programme_v0_3.py@0.3,20260812,True,339603f78027386220ebc051b1d7309342a988ea320d2fcc5d14f5ee248d3c85
US-WEST,CONCRETE,2025-01-01,161.811363,2019-01-01,100.0,SYNTHETIC_RESEARCH_FIXTURE,OG-SYNTH-0.3,B1-0.3,build_opus_synthetic_programme_v0_3.py@0.3,20260812,True,98a8bf636bd7da98b8344c740ecccf15f317584e2f247cc0108b3ac4f3d52e6c
US-WEST,CONCRETE,2025-02-01,162.340873,2019-01-01,100.0,SYNTHETIC_RESEARCH_FIXTURE,OG-SYNTH-0.3,B1-0.3,build_opus_synthetic_programme_v0_3.py@0.3,20260812,True,d1b579266d209aa7c1e05a8605bbdc63bb08e0668787669b6737e02a6356340b
US-WEST,CONCRETE,2025-03-01,162.718729,2019-01-01,100.0,SYNTHETIC_RESEARCH_FIXTURE,OG-SYNTH-0.3,B1-0.3,build_opus_synthetic_programme_v0_3.py@0.3,20260812,True,33d4ebc55c3adf4ec3ad56889d56b422dd67f8f9e9f2ce9e5bcee4645a212fb2
US-WEST,CONCRETE,2025-04-01,162.571307,2019-01-01,100.0,SYNTHETIC_RESEARCH_FIXTURE,OG-SYNTH-0.3,B1-0.3,build_opus_synthetic_programme_v0_3.py@0.3,20260812,True,1cf9317008634fbc233e83699f302051a242634bf52161c1c0897daddeee7e55
US-WEST,CONCRETE,2025-05-01,163.365458,2019-01-01,100.0,SYNTHETIC_RESEARCH_FIXTURE,OG-SYNTH-0.3,B1-0.3,build_opus_synthetic_programme_v0_3.py@0.3,20260812,True,1cb814fd71c01990abe006d2eb86169256dfc40ce6c9161436dcaeafbb591e60
US-WEST,CONCRETE,2025-06-01,163.697276,2019-01-01,100.0,SYNTHETIC_RESEARCH_FIXTURE,OG-SYNTH-0.3,B1-0.3,build_opus_synthetic_programme_v0_3.py@0.3,20260812,True,97e1eea0d366d76a7c9be24d285dda5c464eeda27d0af9f561770bb2d6708359
US-WEST,CONCRETE,2025-07-01,164.258532,2019-01-01,100.0,SYNTHETIC_RESEARCH_FIXTURE,OG-SYNTH-0.3,B1-0.3,build_opus_synthetic_programme_v0_3.py@0.3,20260812,True,c490060d534f558545e2da20f1dfb358783fae643a6b9dd6a11bb0af8ede614a
US-WEST,CONCRETE,2025-08-01,164.746172,2019-01-01,100.0,SYNTHETIC_RESEARCH_FIXTURE,OG-SYNTH-0.3,B1-0.3,build_opus_synthetic_programme_v0_3.py@0.3,20260812,True,e7618d03c8e0c989c9ec7371edb6b17029a117a463f82dee27e72ec618ab88c5
US-WEST,CONCRETE,2025-09-01,164.436731,2019-01-01,100.0,SYNTHETIC_RESEARCH_FIXTURE,OG-SYNTH-0.3,B1-0.3,build_opus_synthetic_programme_v0_3.py@0.3,20260812,True,361dda9d405bc3b5639a6bf6a39cc1e8a4bdfd17ea6fe716bb4fbc645260ec72
US-WEST,CONCRETE,2025-10-01,165.003066,2019-01-01,100.0,SYNTHETIC_RESEARCH_FIXTURE,OG-SYNTH-0.3,B1-0.3,build_opus_synthetic_programme_v0_3.py@0.3,20260812,True,7c7082f373a4af6f573fedfe24bf4c964c66a1bcb27829bec0de1292d6b0f81b
US-WEST,CONCRETE,2025-11-01,165.337909,2019-01-01,100.0,SYNTHETIC_RESEARCH_FIXTURE,OG-SYNTH-0.3,B1-0.3,build_opus_synthetic_programme_v0_3.py@0.3,20260812,True,5fe4d37208873ae581f0d5182a26fe916b9ed98662f098d718393d589d663a8f
US-WEST,CONCRETE,2025-12-01,165.672854,2019-01-01,100.0,SYNTHETIC_RESEARCH_FIXTURE,OG-SYNTH-0.3,B1-0.3,build_opus_synthetic_programme_v0_3.py@0.3,20260812,True,2761ad994177c581354ae6e5b7b1ee8c0f5ad28c3a62b956056a4df61ca1e28c
US-WEST,CONCRETE,2026-01-01,166.083534,2019-01-01,100.0,SYNTHETIC_RESEARCH_FIXTURE,OG-SYNTH-0.3,B1-0.3,build_opus_synthetic_programme_v0_3.py@0.3,20260812,True,d52a3043668acb30d3dcc3031331ced109e0096ee18b298ff93df8327001473d
US-WEST,CONCRETE,2026-02-01,166.639387,2019-01-01,100.0,SYNTHETIC_RESEARCH_FIXTURE,OG-SYNTH-0.3,B1-0.3,build_opus_synthetic_programme_v0_3.py@0.3,20260812,True,75c61ce8c491aa8c5de85850e0b1d593b236fceb284e19d0a91b4acc8a4af33f
US-WEST,CONCRETE,2026-03-01,166.909343,2019-01-01,100.0,SYNTHETIC_RESEARCH_FIXTURE,OG-SYNTH-0.3,B1-0.3,build_opus_synthetic_programme_v0_3.py@0.3,20260812,True,3ac2f034f8266d26378ec4a948bcadbf0426323f99e78be90454c27c8b71abb5
US-WEST,CONCRETE,2026-04-01,167.777351,2019-01-01,100.0,SYNTHETIC_RESEARCH_FIXTURE,OG-SYNTH-0.3,B1-0.3,build_opus_synthetic_programme_v0_3.py@0.3,20260812,True,14e3393496820341a3aa50ad3eb136957f5f11d64f959341880dac5ac8a0246e
US-WEST,CONCRETE,2026-05-01,168.425197,2019-01-01,100.0,SYNTHETIC_RESEARCH_FIXTURE,OG-SYNTH-0.3,B1-0.3,build_opus_synthetic_programme_v0_3.py@0.3,20260812,True,41148466ab7c53dda566cceb07f130d67c7f3026bf593b2e474b31be6743f099
US-WEST,CONCRETE,2026-06-01,168.720045,2019-01-01,100.0,SYNTHETIC_RESEARCH_FIXTURE,OG-SYNTH-0.3,B1-0.3,build_opus_synthetic_programme_v0_3.py@0.3,20260812,True,afab6addcd44c25c0ac01d36bed9054cab1a6faeccbe4efd1e3c939e06a29bb3
US-WEST,CONCRETE,2026-07-01,169.169272,2019-01-01,100.0,SYNTHETIC_RESEARCH_FIXTURE,OG-SYNTH-0.3,B1-0.3,build_opus_synthetic_programme_v0_3.py@0.3,20260812,True,78745cbd64061883968187a65f36258d0cff80c7fcc05418f654049544aa4fe2
US-WEST,CONCRETE,2026-08-01,169.602373,2019-01-01,100.0,SYNTHETIC_RESEARCH_FIXTURE,OG-SYNTH-0.3,B1-0.3,build_opus_synthetic_programme_v0_3.py@0.3,20260812,True,591a59b4015b015c56ed400d1a6208e356c0699d3cbedae40b9a9f26bb538130
US-WEST,CONCRETE,2026-09-01,169.902716,2019-01-01,100.0,SYNTHETIC_RESEARCH_FIXTURE,OG-SYNTH-0.3,B1-0.3,build_opus_synthetic_programme_v0_3.py@0.3,20260812,True,d491352bc6ab56a9f70a1d5a3eb7bca719f55693c288420c61df994c494301f5
US-WEST,CONCRETE,2026-10-01,169.853055,2019-01-01,100.0,SYNTHETIC_RESEARCH_FIXTURE,OG-SYNTH-0.3,B1-0.3,build_opus_synthetic_programme_v0_3.py@0.3,20260812,True,968c3bdb8acf956108e8e44b1e598d02f821ee7e8c906502a20ac3126dc842c9
US-WEST,CONCRETE,2026-11-01,169.590896,2019-01-01,100.0,SYNTHETIC_RESEARCH_FIXTURE,OG-SYNTH-0.3,B1-0.3,build_opus_synthetic_programme_v0_3.py@0.3,20260812,True,4b41dba29dba766ed494495da8ba6bbc08c5744a1c5a3c4a2062cf4e71957caf
US-WEST,CONCRETE,2026-12-01,169.89636,2019-01-01,100.0,SYNTHETIC_RESEARCH_FIXTURE,OG-SYNTH-0.3,B1-0.3,build_opus_synthetic_programme_v0_3.py@0.3,20260812,True,b31c1f667ec7f0256829042d4537015f28802ba302febe22f4a5fffa2d260675
US-WEST,ELECTRICAL_EQUIPMENT,2019-01-01,119.382527,2019-01-01,100.0,SYNTHETIC_RESEARCH_FIXTURE,OG-SYNTH-0.3,B1-0.3,build_opus_synthetic_programme_v0_3.py@0.3,20260812,True,981087eb9bcf386d0f92dcb7e2e466a6a0e48b603c2545c7282d27363650dda5
US-WEST,ELECTRICAL_EQUIPMENT,2019-02-01,120.111492,2019-01-01,100.0,SYNTHETIC_RESEARCH_FIXTURE,OG-SYNTH-0.3,B1-0.3,build_opus_synthetic_programme_v0_3.py@0.3,20260812,True,d34bcbbfac7ec8788803b97624a30f3a86754a83a1f498a873c97b1f651b0668
US-WEST,ELECTRICAL_EQUIPMENT,2019-03-01,120.425026,2019-01-01,100.0,SYNTHETIC_RESEARCH_FIXTURE,OG-SYNTH-0.3,B1-0.3,build_opus_synthetic_programme_v0_3.py@0.3,20260812,True,06133a4968b981873e0b7de678e93b297f06d2ca75928503140194eb1c42ae73
US-WEST,ELECTRICAL_EQUIPMENT,2019-04-01,120.763774,2019-01-01,100.0,SYNTHETIC_RESEARCH_FIXTURE,OG-SYNTH-0.3,B1-0.3,build_opus_synthetic_programme_v0_3.py@0.3,20260812,True,fe1d1d332b290e5eaa51a3ed8085d69f5893f933e42c5e50da3eb6449e9ac8bd
US-WEST,ELECTRICAL_EQUIPMENT,2019-05-01,120.792113,2019-01-01,100.0,SYNTHETIC_RESEARCH_FIXTURE,OG-SYNTH-0.3,B1-0.3,build_opus_synthetic_programme_v0_3.py@0.3,20260812,True,a72bfb541a4f93b0563c95b9212d4bb7fcfe9befa68366482958c818158a1195
US-WEST,ELECTRICAL_EQUIPMENT,2019-06-01,121.156463,2019-01-01,100.0,SYNTHETIC_RESEARCH_FIXTURE,OG-SYNTH-0.3,B1-0.3,build_opus_synthetic_programme_v0_3.py@0.3,20260812,True,d86ac04175eec439e6a166642b09332fd9b8cc5e6d66a90829ed4c453ddc0cec
US-WEST,ELECTRICAL_EQUIPMENT,2019-07-01,121.621752,2019-01-01,100.0,SYNTHETIC_RESEARCH_FIXTURE,OG-SYNTH-0.3,B1-0.3,build_opus_synthetic_programme_v0_3.py@0.3,20260812,True,2544c49c68a9423b55f904bcd4914b49f028f83fcba3858ad832879e6af4a051
US-WEST,ELECTRICAL_EQUIPMENT,2019-08-01,121.752809,2019-01-01,100.0,SYNTHETIC_RESEARCH_FIXTURE,OG-SYNTH-0.3,B1-0.3,build_opus_synthetic_programme_v0_3.py@0.3,20260812,True,9d2d62d9c2f9528b1386df4e67c70969b81397310a000a6c88cf858ccedecdc3
US-WEST,ELECTRICAL_EQUIPMENT,2019-09-01,122.177714,2019-01-01,100.0,SYNTHETIC_RESEARCH_FIXTURE,OG-SYNTH-0.3,B1-0.3,build_opus_synthetic_programme_v0_3.py@0.3,20260812,True,acd48619dc2212e457edf0465bec73e90954fb4b9829bf98a18076013aad95aa
US-WEST,ELECTRICAL_EQUIPMENT,2019-10-01,122.616664,2019-01-01,100.0,SYNTHETIC_RESEARCH_FIXTURE,OG-SYNTH-0.3,B1-0.3,build_opus_synthetic_programme_v0_3.py@0.3,20260812,True,d3a8ffb7402f2faacf99eea7e55f8e6cc114bfb6d6338a80ba6d442d32ae565e
US-WEST,ELECTRICAL_EQUIPMENT,2019-11-01,122.917662,2019-01-01,100.0,SYNTHETIC_RESEARCH_FIXTURE,OG-SYNTH-0.3,B1-0.3,build_opus_synthetic_programme_v0_3.py@0.3,20260812,True,2d30f730d6aad384985197372133dddd62b7f276c0d07a0987dd269a8952d4f3
US-WEST,ELECTRICAL_EQUIPMENT,2019-12-01,123.479468,2019-01-01,100.0,SYNTHETIC_RESEARCH_FIXTURE,OG-SYNTH-0.3,B1-0.3,build_opus_synthetic_programme_v0_3.py@0.3,20260812,True,c9827d408056211219b6357b47b00cde9ef9e1be919768dd9dd5631ccb1963d5
US-WEST,ELECTRICAL_EQUIPMENT,2020-01-01,123.740722,2019-01-01,100.0,SYNTHETIC_RESEARCH_FIXTURE,OG-SYNTH-0.3,B1-0.3,build_opus_synthetic_programme_v0_3.py@0.3,20260812,True,04e92c0bdac743c4a6df6e9dc95131576fb45aa4330315a4958691efc5614e9e
US-WEST,ELECTRICAL_EQUIPMENT,2020-02-01,123.890402,2019-01-01,100.0,SYNTHETIC_RESEARCH_FIXTURE,OG-SYNTH-0.3,B1-0.3,build_opus_synthetic_programme_v0_3.py@0.3,20260812,True,bd2b2ab78326926a0a40c117a2731ac0c6916b0b71d831d6abbe2f048bbc612c
US-WEST,ELECTRICAL_EQUIPMENT,2020-03-01,124.206128,2019-01-01,100.0,SYNTHETIC_RESEARCH_FIXTURE,OG-SYNTH-0.3,B1-0.3,build_opus_synthetic_programme_v0_3.py@0.3,20260812,True,07e3a8dd5356d5c183da614694806a2d45afce9681cf8e9716fec9dd65d6610e
US-WEST,ELECTRICAL_EQUIPMENT,2020-04-01,124.362889,2019-01-01,100.0,SYNTHETIC_RESEARCH_FIXTURE,OG-SYNTH-0.3,B1-0.3,build_opus_synthetic_programme_v0_3.py@0.3,20260812,True,b035d4c67e98c1679ba2f6b9179ac859759526f626fe7cfdc409fbdd4d9d4adc
US-WEST,ELECTRICAL_EQUIPMENT,2020-05-01,124.825698,2019-01-01,100.0,SYNTHETIC_RESEARCH_FIXTURE,OG-SYNTH-0.3,B1-0.3,build_opus_synthetic_programme_v0_3.py@0.3,20260812,True,90e66c16053c41f910f7e0b2377b9a442ea96460228340df5ebdcd2986bea4c2
US-WEST,ELECTRICAL_EQUIPMENT,2020-06-01,125.203015,2019-01-01,100.0,SYNTHETIC_RESEARCH_FIXTURE,OG-SYNTH-0.3,B1-0.3,build_opus_synthetic_programme_v0_3.py@0.3,20260812,True,3761e5182b31c87038d9910a35251c3678e3a9489dc38f2787d0a1f5f8a1643e
US-WEST,ELECTRICAL_EQUIPMENT,2020-07-01,125.500722,2019-01-01,100.0,SYNTHETIC_RESEARCH_FIXTURE,OG-SYNTH-0.3,B1-0.3,build_opus_synthetic_programme_v0_3.py@0.3,20260812,True,1287073d960f69d411d232a15169ebaebf9394e266e81b7f1c1c102e07f9b631
US-WEST,ELECTRICAL_EQUIPMENT,2020-08-01,125.870749,2019-01-01,100.0,SYNTHETIC_RESEARCH_FIXTURE,OG-SYNTH-0.3,B1-0.3,build_opus_synthetic_programme_v0_3.py@0.3,20260812,True,0d8bc92987b63bc8157ad40d049901b40d2efdb03ef0bd931dbb0f8eadda7674
US-WEST,ELECTRICAL_EQUIPMENT,2020-09-01,126.177871,2019-01-01,100.0,SYNTHETIC_RESEARCH_FIXTURE,OG-SYNTH-0.3,B1-0.3,build_opus_synthetic_programme_v0_3.py@0.3,20260812,True,7c9e7bae7c8e514c8fefc85f6810ecc3ebbdcc1648f04c3d4b3eb1d3ce183dff
US-WEST,ELECTRICAL_EQUIPMENT,2020-10-01,126.381883,2019-01-01,100.0,SYNTHETIC_RESEARCH_FIXTURE,OG-SYNTH-0.3,B1-0.3,build_opus_synthetic_programme_v0_3.py@0.3,20260812,True,ba6c7e6c5da750f75390ff04b7c729ba2e6d7b053e4df96aec20f87b1567443d
US-WEST,ELECTRICAL_EQUIPMENT,2020-11-01,126.620074,2019-01-01,100.0,SYNTHETIC_RESEARCH_FIXTURE,OG-SYNTH-0.3,B1-0.3,build_opus_synthetic_programme_v0_3.py@0.3,20260812,True,a1ed3c2038bd4035b55cb974d3ab1e8bf965b2a64af0d48147f878e6a907c921
US-WEST,ELECTRICAL_EQUIPMENT,2020-12-01,126.106861,2019-01-01,100.0,SYNTHETIC_RESEARCH_FIXTURE,OG-SYNTH-0.3,B1-0.3,build_opus_synthetic_programme_v0_3.py@0.3,20260812,True,9d8c6731b6189420dcc4019dd1dd030badfe6a957b1605e31d5c741dea8b1ed8
US-WEST,ELECTRICAL_EQUIPMENT,2021-01-01,126.369484,2019-01-01,100.0,SYNTHETIC_RESEARCH_FIXTURE,OG-SYNTH-0.3,B1-0.3,build_opus_synthetic_programme_v0_3.py@0.3,20260812,True,d2699d3f4d422aa4242c655d1c724eb656803ba2897dbac4678734f83caf6f9c
US-WEST,ELECTRICAL_EQUIPMENT,2021-02-01,126.587089,2019-01-01,100.0,SYNTHETIC_RESEARCH_FIXTURE,OG-SYNTH-0.3,B1-0.3,build_opus_synthetic_programme_v0_3.py@0.3,20260812,True,dcef680c7e0c3dd34596ed18fb2fba817124d431490d8474dfd204df98afce85
US-WEST,ELECTRICAL_EQUIPMENT,2021-03-01,126.545473,2019-01-01,100.0,SYNTHETIC_RESEARCH_FIXTURE,OG-SYNTH-0.3,B1-0.3,build_opus_synthetic_programme_v0_3.py@0.3,20260812,True,aa6c88603491feb80eaabb622f09d1f2534766ed38328f789ee2b339cad7786f
US-WEST,ELECTRICAL_EQUIPMENT,2021-04-01,126.890704,2019-01-01,100.0,SYNTHETIC_RESEARCH_FIXTURE,OG-SYNTH-0.3,B1-0.3,build_opus_synthetic_programme_v0_3.py@0.3,20260812,True,38c5737e7335cf383ea9139f9aec0532dc0c8a6fdebd772568d7126dd2fae7a0
US-WEST,ELECTRICAL_EQUIPMENT,2021-05-01,128.586871,2019-01-01,100.0,SYNTHETIC_RESEARCH_FIXTURE,OG-SYNTH-0.3,B1-0.3,build_opus_synthetic_programme_v0_3.py@0.3,20260812,True,72dc1dfa161a80e17180a843067ebe640c34631a7e69ba83cfd0586f68071071
US-WEST,ELECTRICAL_EQUIPMENT,2021-06-01,130.152352,2019-01-01,100.0,SYNTHETIC_RESEARCH_FIXTURE,OG-SYNTH-0.3,B1-0.3,build_opus_synthetic_programme_v0_3.py@0.3,20260812,True,af2b19cf4caf860cede84b7936ded201ed34835e13db21aa485dc64dad01fea9
US-WEST,ELECTRICAL_EQUIPMENT,2021-07-01,131.721382,2019-01-01,100.0,SYNTHETIC_RESEARCH_FIXTURE,OG-SYNTH-0.3,B1-0.3,build_opus_synthetic_programme_v0_3.py@0.3,20260812,True,4147c23206fcce6089db0d5ce67bc7a819bc6f5927371fb573de9faaa0221d55
US-WEST,ELECTRICAL_EQUIPMENT,2021-08-01,133.968323,2019-01-01,100.0,SYNTHETIC_RESEARCH_FIXTURE,OG-SYNTH-0.3,B1-0.3,build_opus_synthetic_programme_v0_3.py@0.3,20260812,True,d3130d14fdfe2459c21d6da7c9a91246122f80c0fc71c21246246b0bb3eeddf8
US-WEST,ELECTRICAL_EQUIPMENT,2021-09-01,135.68618,2019-01-01,100.0,SYNTHETIC_RESEARCH_FIXTURE,OG-SYNTH-0.3,B1-0.3,build_opus_synthetic_programme_v0_3.py@0.3,20260812,True,11ca1e6380be3c118937a60a192b48f31ff988169a207ccf6cd1cb2ced010e29
US-WEST,ELECTRICAL_EQUIPMENT,2021-10-01,137.596799,2019-01-01,100.0,SYNTHETIC_RESEARCH_FIXTURE,OG-SYNTH-0.3,B1-0.3,build_opus_synthetic_programme_v0_3.py@0.3,20260812,True,b83300be7fbdac753d373eb8c7ecbe0f66fd03fa9480d19277f3ec13d433b506
US-WEST,ELECTRICAL_EQUIPMENT,2021-11-01,139.578004,2019-01-01,100.0,SYNTHETIC_RESEARCH_FIXTURE,OG-SYNTH-0.3,B1-0.3,build_opus_synthetic_programme_v0_3.py@0.3,20260812,True,19d48d1b8bff70b51a1f28289e093876d251e57a58fa79902aade81305afb16f
US-WEST,ELECTRICAL_EQUIPMENT,2021-12-01,141.370803,2019-01-01,100.0,SYNTHETIC_RESEARCH_FIXTURE,OG-SYNTH-0.3,B1-0.3,build_opus_synthetic_programme_v0_3.py@0.3,20260812,True,5e023ac506b7bc1fb0aa7031a4a6e0f47677f5f565eb0e19e1286a14610070f2
US-WEST,ELECTRICAL_EQUIPMENT,2022-01-01,143.316653,2019-01-01,100.0,SYNTHETIC_RESEARCH_FIXTURE,OG-SYNTH-0.3,B1-0.3,build_opus_synthetic_programme_v0_3.py@0.3,20260812,True,1cebd79012bfe31349519a10fde160e05c35084ea22eff1a35ef19cd454bcd6a
US-WEST,ELECTRICAL_EQUIPMENT,2022-02-01,145.155897,2019-01-01,100.0,SYNTHETIC_RESEARCH_FIXTURE,OG-SYNTH-0.3,B1-0.3,build_opus_synthetic_programme_v0_3.py@0.3,20260812,True,61b27f0129a044b316106e0f09ef8323334356997436630a09b503e2fd159f1a
US-WEST,ELECTRICAL_EQUIPMENT,2022-03-01,147.212305,2019-01-01,100.0,SYNTHETIC_RESEARCH_FIXTURE,OG-SYNTH-0.3,B1-0.3,build_opus_synthetic_programme_v0_3.py@0.3,20260812,True,3ea1dca8d87ce6d349d2c0c09763a2751bedbeec3f611c97130192060f42f9f8
US-WEST,ELECTRICAL_EQUIPMENT,2022-04-01,148.71726,2019-01-01,100.0,SYNTHETIC_RESEARCH_FIXTURE,OG-SYNTH-0.3,B1-0.3,build_opus_synthetic_programme_v0_3.py@0.3,20260812,True,0afd411e2b98ee8218bdab5af39f188074d42da7a2bbce9ddf537c864010df6f
US-WEST,ELECTRICAL_EQUIPMENT,2022-05-01,151.169581,2019-01-01,100.0,SYNTHETIC_RESEARCH_FIXTURE,OG-SYNTH-0.3,B1-0.3,build_opus_synthetic_programme_v0_3.py@0.3,20260812,True,574e1fda1577ee0050e6445c17e858fc27d717616de230754161fb98370c4679
US-WEST,ELECTRICAL_EQUIPMENT,2022-06-01,151.537451,2019-01-01,100.0,SYNTHETIC_RESEARCH_FIXTURE,OG-SYNTH-0.3,B1-0.3,build_opus_synthetic_programme_v0_3.py@0.3,20260812,True,39496e99f6b8541c11f549616abdc66df0d9a4741fd6a79581d8225539765ac7
US-WEST,ELECTRICAL_EQUIPMENT,2022-07-01,152.087591,2019-01-01,100.0,SYNTHETIC_RESEARCH_FIXTURE,OG-SYNTH-0.3,B1-0.3,build_opus_synthetic_programme_v0_3.py@0.3,20260812,True,e116e3c0b7b7524716a80fb6e99dae8eece818dbcd379bcc2c24be28c0ee4fef
US-WEST,ELECTRICAL_EQUIPMENT,2022-08-01,152.68146,2019-01-01,100.0,SYNTHETIC_RESEARCH_FIXTURE,OG-SYNTH-0.3,B1-0.3,build_opus_synthetic_programme_v0_3.py@0.3,20260812,True,53d186c4bd40026c8e9f1a18e64f9bdb7620c46024983b9d4abaab048b9f8685
US-WEST,ELECTRICAL_EQUIPMENT,2022-09-01,153.123373,2019-01-01,100.0,SYNTHETIC_RESEARCH_FIXTURE,OG-SYNTH-0.3,B1-0.3,build_opus_synthetic_programme_v0_3.py@0.3,20260812,True,c0b13ec1c216a111b4268a634af4c5a8dcb4e35d1a628d92fc68a07412db9bf4
US-WEST,ELECTRICAL_EQUIPMENT,2022-10-01,153.372917,2019-01-01,100.0,SYNTHETIC_RESEARCH_FIXTURE,OG-SYNTH-0.3,B1-0.3,build_opus_synthetic_programme_v0_3.py@0.3,20260812,True,b02c227d63e0a93ef34ce58826a7b31b3fa7b5733db438e1f27c6d03ac659b94
US-WEST,ELECTRICAL_EQUIPMENT,2022-11-01,153.824061,2019-01-01,100.0,SYNTHETIC_RESEARCH_FIXTURE,OG-SYNTH-0.3,B1-0.3,build_opus_synthetic_programme_v0_3.py@0.3,20260812,True,8d4fdea522f66e8c89c4952f832397a1993327649935231d843ad1d6947e0ee1
US-WEST,ELECTRICAL_EQUIPMENT,2022-12-01,153.935026,2019-01-01,100.0,SYNTHETIC_RESEARCH_FIXTURE,OG-SYNTH-0.3,B1-0.3,build_opus_synthetic_programme_v0_3.py@0.3,20260812,True,f7095729a46df96c391aa54b46abc33adad1925ecc4830edc0737ba9e093dc5e
US-WEST,ELECTRICAL_EQUIPMENT,2023-01-01,153.805825,2019-01-01,100.0,SYNTHETIC_RESEARCH_FIXTURE,OG-SYNTH-0.3,B1-0.3,build_opus_synthetic_programme_v0_3.py@0.3,20260812,True,9ded0bfa1d211ee5ab827c4dbb147375d0fc358c58d27c4af59f255461048e71
US-WEST,ELECTRICAL_EQUIPMENT,2023-02-01,154.188459,2019-01-01,100.0,SYNTHETIC_RESEARCH_FIXTURE,OG-SYNTH-0.3,B1-0.3,build_opus_synthetic_programme_v0_3.py@0.3,20260812,True,f5030871ec423146812253412c00da669a8d9f13a753694727bb098122cb5abd
US-WEST,ELECTRICAL_EQUIPMENT,2023-03-01,154.989559,2019-01-01,100.0,SYNTHETIC_RESEARCH_FIXTURE,OG-SYNTH-0.3,B1-0.3,build_opus_synthetic_programme_v0_3.py@0.3,20260812,True,6cb00639bdba4f2e15debfb63fe0916f801d47604aecad999b6114ebe711573a
US-WEST,ELECTRICAL_EQUIPMENT,2023-04-01,155.356826,2019-01-01,100.0,SYNTHETIC_RESEARCH_FIXTURE,OG-SYNTH-0.3,B1-0.3,build_opus_synthetic_programme_v0_3.py@0.3,20260812,True,021cd4d0e98bbbb474d7e124141ae27d69c6fa9734d9905ef01403e07ce1f2e7
US-WEST,ELECTRICAL_EQUIPMENT,2023-05-01,156.08702,2019-01-01,100.0,SYNTHETIC_RESEARCH_FIXTURE,OG-SYNTH-0.3,B1-0.3,build_opus_synthetic_programme_v0_3.py@0.3,20260812,True,58a476ab07c9510bc1c9d35865f55dca6b2cf8a58fd457d793479551f409167e
US-WEST,ELECTRICAL_EQUIPMENT,2023-06-01,156.382338,2019-01-01,100.0,SYNTHETIC_RESEARCH_FIXTURE,OG-SYNTH-0.3,B1-0.3,build_opus_synthetic_programme_v0_3.py@0.3,20260812,True,a3bbd704ac7b83f4473c203141f50b81d8b477376288b96e6f957e4a6733b3a9
US-WEST,ELECTRICAL_EQUIPMENT,2023-07-01,156.694191,2019-01-01,100.0,SYNTHETIC_RESEARCH_FIXTURE,OG-SYNTH-0.3,B1-0.3,build_opus_synthetic_programme_v0_3.py@0.3,20260812,True,af009fb0c0b92a626fe756b1abc9a0178802ac3f30fc788d7cc91c1dfc3b82ea
US-WEST,ELECTRICAL_EQUIPMENT,2023-08-01,156.767014,2019-01-01,100.0,SYNTHETIC_RESEARCH_FIXTURE,OG-SYNTH-0.3,B1-0.3,build_opus_synthetic_programme_v0_3.py@0.3,20260812,True,2ba1ae84141110edec2de95b1ea2a2633d6e6fddb843d511ddd325d3132e6408
US-WEST,ELECTRICAL_EQUIPMENT,2023-09-01,157.043876,2019-01-01,100.0,SYNTHETIC_RESEARCH_FIXTURE,OG-SYNTH-0.3,B1-0.3,build_opus_synthetic_programme_v0_3.py@0.3,20260812,True,dd5d4079ee5b203adc7f125fd5adfe06a640c85e1a8780ea8ecaca4e2fb87c37
US-WEST,ELECTRICAL_EQUIPMENT,2023-10-01,157.97351,2019-01-01,100.0,SYNTHETIC_RESEARCH_FIXTURE,OG-SYNTH-0.3,B1-0.3,build_opus_synthetic_programme_v0_3.py@0.3,20260812,True,829b3b3c891c8e7c76911dc65806383b1eb020970070412c34b14dad80ff9282
US-WEST,ELECTRICAL_EQUIPMENT,2023-11-01,158.112689,2019-01-01,100.0,SYNTHETIC_RESEARCH_FIXTURE,OG-SYNTH-0.3,B1-0.3,build_opus_synthetic_programme_v0_3.py@0.3,20260812,True,9c49f3e7b9e1ef78d604baad8b8c36e2347fee4969908bc66c9624110de2f3a3
US-WEST,ELECTRICAL_EQUIPMENT,2023-12-01,158.112986,2019-01-01,100.0,SYNTHETIC_RESEARCH_FIXTURE,OG-SYNTH-0.3,B1-0.3,build_opus_synthetic_programme_v0_3.py@0.3,20260812,True,1645f620624eef80287d8d45367f6aa0923411386aac681ac98d70dacec65151
US-WEST,ELECTRICAL_EQUIPMENT,2024-01-01,158.758613,2019-01-01,100.0,SYNTHETIC_RESEARCH_FIXTURE,OG-SYNTH-0.3,B1-0.3,build_opus_synthetic_programme_v0_3.py@0.3,20260812,True,ad2dcd14c6975a54526745b31b155e886d7c479812299fa79f14b8d6dfd808a1
US-WEST,ELECTRICAL_EQUIPMENT,2024-02-01,159.758971,2019-01-01,100.0,SYNTHETIC_RESEARCH_FIXTURE,OG-SYNTH-0.3,B1-0.3,build_opus_synthetic_programme_v0_3.py@0.3,20260812,True,19cb62fad56a33b0db14663aae0b04f3908a9ea13629ae8588b6da58fcbda01a
US-WEST,ELECTRICAL_EQUIPMENT,2024-03-01,160.42033,2019-01-01,100.0,SYNTHETIC_RESEARCH_FIXTURE,OG-SYNTH-0.3,B1-0.3,build_opus_synthetic_programme_v0_3.py@0.3,20260812,True,13e84f985d563699d7b85e5e1644cab85918115c73a380281ad6611953530b4b
US-WEST,ELECTRICAL_EQUIPMENT,2024-04-01,160.925089,2019-01-01,100.0,SYNTHETIC_RESEARCH_FIXTURE,OG-SYNTH-0.3,B1-0.3,build_opus_synthetic_programme_v0_3.py@0.3,20260812,True,b5fa122114db7ad0046e3d6bb30c8157be460e13731a04615c61f35347b93c17
US-WEST,ELECTRICAL_EQUIPMENT,2024-05-01,161.736901,2019-01-01,100.0,SYNTHETIC_RESEARCH_FIXTURE,OG-SYNTH-0.3,B1-0.3,build_opus_synthetic_programme_v0_3.py@0.3,20260812,True,f716ab1673468522258171762dc27b02b15c268d26b927387c1df8e821ab14dd
US-WEST,ELECTRICAL_EQUIPMENT,2024-06-01,162.427313,2019-01-01,100.0,SYNTHETIC_RESEARCH_FIXTURE,OG-SYNTH-0.3,B1-0.3,build_opus_synthetic_programme_v0_3.py@0.3,20260812,True,ddb4c9c4f8dfcf8c54f15629984075144e92e5e87eec0b5a20897be43911cd4c
US-WEST,ELECTRICAL_EQUIPMENT,2024-07-01,163.590211,2019-01-01,100.0,SYNTHETIC_RESEARCH_FIXTURE,OG-SYNTH-0.3,B1-0.3,build_opus_synthetic_programme_v0_3.py@0.3,20260812,True,29677dd875cae5be6a43ab46275183cae44fc6d5d58acf1a7d9495298865c9db
US-WEST,ELECTRICAL_EQUIPMENT,2024-08-01,164.498658,2019-01-01,100.0,SYNTHETIC_RESEARCH_FIXTURE,OG-SYNTH-0.3,B1-0.3,build_opus_synthetic_programme_v0_3.py@0.3,20260812,True,24666b3ab61f0e0ebc0722347acff657b1abdda4d1a5e62059eccb358c9c4bf6
US-WEST,ELECTRICAL_EQUIPMENT,2024-09-01,164.87527,2019-01-01,100.0,SYNTHETIC_RESEARCH_FIXTURE,OG-SYNTH-0.3,B1-0.3,build_opus_synthetic_programme_v0_3.py@0.3,20260812,True,293557e791f62f7d1473419251e80a9f62e4448b88e81a494b6d07c83f1b82f7
US-WEST,ELECTRICAL_EQUIPMENT,2024-10-01,164.919428,2019-01-01,100.0,SYNTHETIC_RESEARCH_FIXTURE,OG-SYNTH-0.3,B1-0.3,build_opus_synthetic_programme_v0_3.py@0.3,20260812,True,fa34336a7b5d5c6d7ea4bfefdec0142077d27f06df8c9706d10bdd06d0c6bd89
US-WEST,ELECTRICAL_EQUIPMENT,2024-11-01,165.231285,2019-01-01,100.0,SYNTHETIC_RESEARCH_FIXTURE,OG-SYNTH-0.3,B1-0.3,build_opus_synthetic_programme_v0_3.py@0.3,20260812,True,d4de49aa3620faca69f84a8b17b7cf06c2aafb8de2a06f9cd8b958272267d241
US-WEST,ELECTRICAL_EQUIPMENT,2024-12-01,165.606667,2019-01-01,100.0,SYNTHETIC_RESEARCH_FIXTURE,OG-SYNTH-0.3,B1-0.3,build_opus_synthetic_programme_v0_3.py@0.3,20260812,True,e585179bbcc89ad40b0e2ee2d34f28e738292b4cf8ce2f40b42629c64c5772f9
US-WEST,ELECTRICAL_EQUIPMENT,2025-01-01,166.261892,2019-01-01,100.0,SYNTHETIC_RESEARCH_FIXTURE,OG-SYNTH-0.3,B1-0.3,build_opus_synthetic_programme_v0_3.py@0.3,20260812,True,f8fac7632cb5a6b89779184d381584f2e9dfa0f90f8430ecc16115eed46429dc
US-WEST,ELECTRICAL_EQUIPMENT,2025-02-01,166.604436,2019-01-01,100.0,SYNTHETIC_RESEARCH_FIXTURE,OG-SYNTH-0.3,B1-0.3,build_opus_synthetic_programme_v0_3.py@0.3,20260812,True,5e2020240bc22055fd206a3606d178f75b539f70c174a1c8c4c99666a8d33734
US-WEST,ELECTRICAL_EQUIPMENT,2025-03-01,167.701353,2019-01-01,100.0,SYNTHETIC_RESEARCH_FIXTURE,OG-SYNTH-0.3,B1-0.3,build_opus_synthetic_programme_v0_3.py@0.3,20260812,True,e5ac5f101ddfd87a2befead9da784a90e991a16180163a1a1fea6f37beac38d3
US-WEST,ELECTRICAL_EQUIPMENT,2025-04-01,167.866805,2019-01-01,100.0,SYNTHETIC_RESEARCH_FIXTURE,OG-SYNTH-0.3,B1-0.3,build_opus_synthetic_programme_v0_3.py@0.3,20260812,True,42e1a59339e944bd39bbf0f7574fcfa9eb2a5e350e7b1d935d4a65eb46f109ef
US-WEST,ELECTRICAL_EQUIPMENT,2025-05-01,168.582122,2019-01-01,100.0,SYNTHETIC_RESEARCH_FIXTURE,OG-SYNTH-0.3,B1-0.3,build_opus_synthetic_programme_v0_3.py@0.3,20260812,True,7947330f00c18cfe54e670c2b5da1f7df103ffba473911291135a247a113e96c
US-WEST,ELECTRICAL_EQUIPMENT,2025-06-01,168.931049,2019-01-01,100.0,SYNTHETIC_RESEARCH_FIXTURE,OG-SYNTH-0.3,B1-0.3,build_opus_synthetic_programme_v0_3.py@0.3,20260812,True,f68cc49fb4b3eb349e41d3cdfb8186d38c51c8d9382fc40d6d2bbf7be1b2ddb3
US-WEST,ELECTRICAL_EQUIPMENT,2025-07-01,169.171473,2019-01-01,100.0,SYNTHETIC_RESEARCH_FIXTURE,OG-SYNTH-0.3,B1-0.3,build_opus_synthetic_programme_v0_3.py@0.3,20260812,True,f5c0c6f2740a0a30b17e6c6f2da309fc9d0f28ef4efc403aa6cb8d59f85977ab
US-WEST,ELECTRICAL_EQUIPMENT,2025-08-01,170.204743,2019-01-01,100.0,SYNTHETIC_RESEARCH_FIXTURE,OG-SYNTH-0.3,B1-0.3,build_opus_synthetic_programme_v0_3.py@0.3,20260812,True,bb98b6c3a786d16a8ecbe77894b92de751e0d94a322156f95525f67ae6a98561
US-WEST,ELECTRICAL_EQUIPMENT,2025-09-01,170.502558,2019-01-01,100.0,SYNTHETIC_RESEARCH_FIXTURE,OG-SYNTH-0.3,B1-0.3,build_opus_synthetic_programme_v0_3.py@0.3,20260812,True,890c8ee1cc86e2cb3b5869b24ed9ca2afc16194baec962c40056312cc5aca0b6
US-WEST,ELECTRICAL_EQUIPMENT,2025-10-01,171.408429,2019-01-01,100.0,SYNTHETIC_RESEARCH_FIXTURE,OG-SYNTH-0.3,B1-0.3,build_opus_synthetic_programme_v0_3.py@0.3,20260812,True,75e3966eaf64e78d262fd2d7c5c27cedfac51bdfceeb75887b0f7c68ed068258
US-WEST,ELECTRICAL_EQUIPMENT,2025-11-01,171.674883,2019-01-01,100.0,SYNTHETIC_RESEARCH_FIXTURE,OG-SYNTH-0.3,B1-0.3,build_opus_synthetic_programme_v0_3.py@0.3,20260812,True,7456a52c4129ea522cd40e413bedca1a6b04bd19abcec0a94c4317d9bdf9787f
US-WEST,ELECTRICAL_EQUIPMENT,2025-12-01,171.826592,2019-01-01,100.0,SYNTHETIC_RESEARCH_FIXTURE,OG-SYNTH-0.3,B1-0.3,build_opus_synthetic_programme_v0_3.py@0.3,20260812,True,4e54c2bc515132fcae1fd0dc553d05e775a45ad0ec2698a4ec10d9458fddb054
US-WEST,ELECTRICAL_EQUIPMENT,2026-01-01,172.183758,2019-01-01,100.0,SYNTHETIC_RESEARCH_FIXTURE,OG-SYNTH-0.3,B1-0.3,build_opus_synthetic_programme_v0_3.py@0.3,20260812,True,df93b32b8b865df0f2dc13f036110d5c5208511ac4bece9c6a31535a581c4c55
US-WEST,ELECTRICAL_EQUIPMENT,2026-02-01,172.654389,2019-01-01,100.0,SYNTHETIC_RESEARCH_FIXTURE,OG-SYNTH-0.3,B1-0.3,build_opus_synthetic_programme_v0_3.py@0.3,20260812,True,10bad48b80eff2da50fbf53185992491948710c87e71106d9bbb340f63c9a7d9
US-WEST,ELECTRICAL_EQUIPMENT,2026-03-01,173.303134,2019-01-01,100.0,SYNTHETIC_RESEARCH_FIXTURE,OG-SYNTH-0.3,B1-0.3,build_opus_synthetic_programme_v0_3.py@0.3,20260812,True,29565a2c3adb5245d67fd6a1f23e8d91404f468ac3bd0b4261092ee965e5e5a7
US-WEST,ELECTRICAL_EQUIPMENT,2026-04-01,173.672617,2019-01-01,100.0,SYNTHETIC_RESEARCH_FIXTURE,OG-SYNTH-0.3,B1-0.3,build_opus_synthetic_programme_v0_3.py@0.3,20260812,True,f6ae15eb23c64c7a9453895169ae89628635ea1c543e4b578f52c79fde4914b9
US-WEST,ELECTRICAL_EQUIPMENT,2026-05-01,173.697017,2019-01-01,100.0,SYNTHETIC_RESEARCH_FIXTURE,OG-SYNTH-0.3,B1-0.3,build_opus_synthetic_programme_v0_3.py@0.3,20260812,True,b22c33354781a573cef1a0376dcb95036f263a9a70fed325065a6c62feb2a03b
US-WEST,ELECTRICAL_EQUIPMENT,2026-06-01,174.883454,2019-01-01,100.0,SYNTHETIC_RESEARCH_FIXTURE,OG-SYNTH-0.3,B1-0.3,build_opus_synthetic_programme_v0_3.py@0.3,20260812,True,bc5dda4df77f3ab8ec747edc8104c82abdc3274a706119b8e811bb117e692314
US-WEST,ELECTRICAL_EQUIPMENT,2026-07-01,175.115922,2019-01-01,100.0,SYNTHETIC_RESEARCH_FIXTURE,OG-SYNTH-0.3,B1-0.3,build_opus_synthetic_programme_v0_3.py@0.3,20260812,True,bce230a7f2b6c6a3a805ca14de602e7242e06e2e5f93b057d70f80cb933bcb7f
US-WEST,ELECTRICAL_EQUIPMENT,2026-08-01,175.609378,2019-01-01,100.0,SYNTHETIC_RESEARCH_FIXTURE,OG-SYNTH-0.3,B1-0.3,build_opus_synthetic_programme_v0_3.py@0.3,20260812,True,d76c17cb169ee8acd297ad233fcc5bf12214b7fbcfa9b079d6688d213525f99a
US-WEST,ELECTRICAL_EQUIPMENT,2026-09-01,176.522239,2019-01-01,100.0,SYNTHETIC_RESEARCH_FIXTURE,OG-SYNTH-0.3,B1-0.3,build_opus_synthetic_programme_v0_3.py@0.3,20260812,True,e7a29d55a3d0cd3eb78b30eb6ce170d7c114574f4ec580c80817f4fe9a22f905
US-WEST,ELECTRICAL_EQUIPMENT,2026-10-01,176.892558,2019-01-01,100.0,SYNTHETIC_RESEARCH_FIXTURE,OG-SYNTH-0.3,B1-0.3,build_opus_synthetic_programme_v0_3.py@0.3,20260812,True,ca5eb5d743c6a765477b53fa85134f0465159ffe07b900b3b5cb4fc488ec7889
US-WEST,ELECTRICAL_EQUIPMENT,2026-11-01,177.171373,2019-01-01,100.0,SYNTHETIC_RESEARCH_FIXTURE,OG-SYNTH-0.3,B1-0.3,build_opus_synthetic_programme_v0_3.py@0.3,20260812,True,4fc9c2274777a02223e4c273dc116f028c857e339e07142b7d99456bf815217c
US-WEST,ELECTRICAL_EQUIPMENT,2026-12-01,177.356925,2019-01-01,100.0,SYNTHETIC_RESEARCH_FIXTURE,OG-SYNTH-0.3,B1-0.3,build_opus_synthetic_programme_v0_3.py@0.3,20260812,True,8191afd3882a1c4b362608c9d71340f4b66fdabaaf07fc6ee65f845cef33af44
US-WEST,MECHANICAL_EQUIPMENT,2019-01-01,121.3832,2019-01-01,100.0,SYNTHETIC_RESEARCH_FIXTURE,OG-SYNTH-0.3,B1-0.3,build_opus_synthetic_programme_v0_3.py@0.3,20260812,True,45ec4b415cb2ea62b6e06660cfcd7e21c4e4571a0a34fc33b63455a24e719e65
US-WEST,MECHANICAL_EQUIPMENT,2019-02-01,121.855141,2019-01-01,100.0,SYNTHETIC_RESEARCH_FIXTURE,OG-SYNTH-0.3,B1-0.3,build_opus_synthetic_programme_v0_3.py@0.3,20260812,True,f1ba26dfff9942dd69972009788c7c8fd8dddba746f97f0b45f539b283f6986c
US-WEST,MECHANICAL_EQUIPMENT,2019-03-01,122.069669,2019-01-01,100.0,SYNTHETIC_RESEARCH_FIXTURE,OG-SYNTH-0.3,B1-0.3,build_opus_synthetic_programme_v0_3.py@0.3,20260812,True,25bcace380a7d6c8cc84f4729db99a8cff33a3b43239b8f155d3fe66684afd84
US-WEST,MECHANICAL_EQUIPMENT,2019-04-01,122.542637,2019-01-01,100.0,SYNTHETIC_RESEARCH_FIXTURE,OG-SYNTH-0.3,B1-0.3,build_opus_synthetic_programme_v0_3.py@0.3,20260812,True,54656b21ad1457f8e875f7e285bf11680e0f274099fd22421886208c0bb59e87
US-WEST,MECHANICAL_EQUIPMENT,2019-05-01,122.732629,2019-01-01,100.0,SYNTHETIC_RESEARCH_FIXTURE,OG-SYNTH-0.3,B1-0.3,build_opus_synthetic_programme_v0_3.py@0.3,20260812,True,4d93c70aa0f03d17fa926d8f88b58bd8cf4d01d0a92c721057281b20cabe9471
US-WEST,MECHANICAL_EQUIPMENT,2019-06-01,123.300285,2019-01-01,100.0,SYNTHETIC_RESEARCH_FIXTURE,OG-SYNTH-0.3,B1-0.3,build_opus_synthetic_programme_v0_3.py@0.3,20260812,True,04997afb56d816f600e192f2e44fdfc58bf24e9ed07f96a83da473bd838a0a28
US-WEST,MECHANICAL_EQUIPMENT,2019-07-01,123.557334,2019-01-01,100.0,SYNTHETIC_RESEARCH_FIXTURE,OG-SYNTH-0.3,B1-0.3,build_opus_synthetic_programme_v0_3.py@0.3,20260812,True,661e9a8015278fa729fe6fdd89e1d4e29e96a2673259faadb79e9971d0fc932f
US-WEST,MECHANICAL_EQUIPMENT,2019-08-01,124.142429,2019-01-01,100.0,SYNTHETIC_RESEARCH_FIXTURE,OG-SYNTH-0.3,B1-0.3,build_opus_synthetic_programme_v0_3.py@0.3,20260812,True,8d2812872d50e678093c96f03218df79993139305ac4dc4d8dc8f0132791d43f
US-WEST,MECHANICAL_EQUIPMENT,2019-09-01,124.468591,2019-01-01,100.0,SYNTHETIC_RESEARCH_FIXTURE,OG-SYNTH-0.3,B1-0.3,build_opus_synthetic_programme_v0_3.py@0.3,20260812,True,e04b25849dc46fd7caf6166e499064bad26ba68adcbf1b53ffdb5091f4e79ddf
US-WEST,MECHANICAL_EQUIPMENT,2019-10-01,124.556471,2019-01-01,100.0,SYNTHETIC_RESEARCH_FIXTURE,OG-SYNTH-0.3,B1-0.3,build_opus_synthetic_programme_v0_3.py@0.3,20260812,True,dc52428b1b2c31aa03c0bd3c7701ded2d5b0d2aa200194689d562355d3aab6e3
US-WEST,MECHANICAL_EQUIPMENT,2019-11-01,124.746413,2019-01-01,100.0,SYNTHETIC_RESEARCH_FIXTURE,OG-SYNTH-0.3,B1-0.3,build_opus_synthetic_programme_v0_3.py@0.3,20260812,True,f6a2ce5400b8d98a3f3b9004e9cb6415b01762b81928de8d749df00cab983f86
US-WEST,MECHANICAL_EQUIPMENT,2019-12-01,124.853651,2019-01-01,100.0,SYNTHETIC_RESEARCH_FIXTURE,OG-SYNTH-0.3,B1-0.3,build_opus_synthetic_programme_v0_3.py@0.3,20260812,True,2c8116c8ae7000f0a49b86cbd04954d055fcd6960328d73f5b3791fb57acadd7
US-WEST,MECHANICAL_EQUIPMENT,2020-01-01,125.013032,2019-01-01,100.0,SYNTHETIC_RESEARCH_FIXTURE,OG-SYNTH-0.3,B1-0.3,build_opus_synthetic_programme_v0_3.py@0.3,20260812,True,98e87d6fee9d718db4d52c8ccd8b64537723f0af290b9cb6db9b4493d036c535
US-WEST,MECHANICAL_EQUIPMENT,2020-02-01,125.33693,2019-01-01,100.0,SYNTHETIC_RESEARCH_FIXTURE,OG-SYNTH-0.3,B1-0.3,build_opus_synthetic_programme_v0_3.py@0.3,20260812,True,3299b9e1631f907b809959c0a66be9607af10b3987769c7c0301abb7a74576f7
US-WEST,MECHANICAL_EQUIPMENT,2020-03-01,125.76486,2019-01-01,100.0,SYNTHETIC_RESEARCH_FIXTURE,OG-SYNTH-0.3,B1-0.3,build_opus_synthetic_programme_v0_3.py@0.3,20260812,True,8f228d7127a7345365595386d6a0ac47669f0fb8f9621dbfabe5fdc6eb848daf
US-WEST,MECHANICAL_EQUIPMENT,2020-04-01,125.942985,2019-01-01,100.0,SYNTHETIC_RESEARCH_FIXTURE,OG-SYNTH-0.3,B1-0.3,build_opus_synthetic_programme_v0_3.py@0.3,20260812,True,a54fcdf8f1fc52a2f4f8eb53cedb94820d1d6a036772f9e67c9c1c13e40d624f
US-WEST,MECHANICAL_EQUIPMENT,2020-05-01,126.264995,2019-01-01,100.0,SYNTHETIC_RESEARCH_FIXTURE,OG-SYNTH-0.3,B1-0.3,build_opus_synthetic_programme_v0_3.py@0.3,20260812,True,d94fcdaeed1032b44e7821a106a15aa9ce148c91d64e9dd42ba1906be4824e51
US-WEST,MECHANICAL_EQUIPMENT,2020-06-01,126.672969,2019-01-01,100.0,SYNTHETIC_RESEARCH_FIXTURE,OG-SYNTH-0.3,B1-0.3,build_opus_synthetic_programme_v0_3.py@0.3,20260812,True,11aa7d32c1e9e6b3ff6f5e33951d49400a0a2970639f311c89161455154a4a72
US-WEST,MECHANICAL_EQUIPMENT,2020-07-01,127.029888,2019-01-01,100.0,SYNTHETIC_RESEARCH_FIXTURE,OG-SYNTH-0.3,B1-0.3,build_opus_synthetic_programme_v0_3.py@0.3,20260812,True,6455923510d2031d5f957b28964431fc86563eaf43413a37cfdb4b3ea4f452f4
US-WEST,MECHANICAL_EQUIPMENT,2020-08-01,127.246462,2019-01-01,100.0,SYNTHETIC_RESEARCH_FIXTURE,OG-SYNTH-0.3,B1-0.3,build_opus_synthetic_programme_v0_3.py@0.3,20260812,True,9ffe64ab6b8aaffdd673981dc4b184b8fbe52d77079eacaa3612180644b7c248
US-WEST,MECHANICAL_EQUIPMENT,2020-09-01,127.650535,2019-01-01,100.0,SYNTHETIC_RESEARCH_FIXTURE,OG-SYNTH-0.3,B1-0.3,build_opus_synthetic_programme_v0_3.py@0.3,20260812,True,e588e0a2df343163feae2916f1564fd92aca2ce30caa9d4f20617873b8d59806
US-WEST,MECHANICAL_EQUIPMENT,2020-10-01,127.96786,2019-01-01,100.0,SYNTHETIC_RESEARCH_FIXTURE,OG-SYNTH-0.3,B1-0.3,build_opus_synthetic_programme_v0_3.py@0.3,20260812,True,9efbaa9d15e8b7ea9ab27b2a10e70bdcb84321dc9d0ce60b99f15f3737ed2d89
US-WEST,MECHANICAL_EQUIPMENT,2020-11-01,128.55679,2019-01-01,100.0,SYNTHETIC_RESEARCH_FIXTURE,OG-SYNTH-0.3,B1-0.3,build_opus_synthetic_programme_v0_3.py@0.3,20260812,True,4b907c5a8bc3c889c5c6b1c2ac9794f10338839b15cee64ec3611b9032d50060
US-WEST,MECHANICAL_EQUIPMENT,2020-12-01,128.592061,2019-01-01,100.0,SYNTHETIC_RESEARCH_FIXTURE,OG-SYNTH-0.3,B1-0.3,build_opus_synthetic_programme_v0_3.py@0.3,20260812,True,8afce56a446bced33c734e965dbfa4002a1ec7a4b2548cad4cb4249b459267d2
US-WEST,MECHANICAL_EQUIPMENT,2021-01-01,128.916324,2019-01-01,100.0,SYNTHETIC_RESEARCH_FIXTURE,OG-SYNTH-0.3,B1-0.3,build_opus_synthetic_programme_v0_3.py@0.3,20260812,True,319ba45aa47e6451a69ee75f1febda04cc844b9ae7041200e319e1f3f9ab10b0
US-WEST,MECHANICAL_EQUIPMENT,2021-02-01,129.227046,2019-01-01,100.0,SYNTHETIC_RESEARCH_FIXTURE,OG-SYNTH-0.3,B1-0.3,build_opus_synthetic_programme_v0_3.py@0.3,20260812,True,f2194eb2cbb2f1e83247e29d263efbafba8534f1aa979fee89c54eeb29704d2b
US-WEST,MECHANICAL_EQUIPMENT,2021-03-01,129.850316,2019-01-01,100.0,SYNTHETIC_RESEARCH_FIXTURE,OG-SYNTH-0.3,B1-0.3,build_opus_synthetic_programme_v0_3.py@0.3,20260812,True,13f376e2c8c017d7dfe607f3975bb6a4c6cb195f599e9eef557063786d2ba2f6
US-WEST,MECHANICAL_EQUIPMENT,2021-04-01,129.994687,2019-01-01,100.0,SYNTHETIC_RESEARCH_FIXTURE,OG-SYNTH-0.3,B1-0.3,build_opus_synthetic_programme_v0_3.py@0.3,20260812,True,84c86be57d5cdd3105add8c67524f737b5d78a873433a0017d9be137f2cfcb08
US-WEST,MECHANICAL_EQUIPMENT,2021-05-01,132.124047,2019-01-01,100.0,SYNTHETIC_RESEARCH_FIXTURE,OG-SYNTH-0.3,B1-0.3,build_opus_synthetic_programme_v0_3.py@0.3,20260812,True,ca564ece942ab3aef187f60093ff36bb31841042c6cd143a3aa5d86d95685b09
US-WEST,MECHANICAL_EQUIPMENT,2021-06-01,134.212417,2019-01-01,100.0,SYNTHETIC_RESEARCH_FIXTURE,OG-SYNTH-0.3,B1-0.3,build_opus_synthetic_programme_v0_3.py@0.3,20260812,True,17e0402161c6174681d674e77819c8fcecde32b4ba199d31b464920f4aeb1015
US-WEST,MECHANICAL_EQUIPMENT,2021-07-01,135.985978,2019-01-01,100.0,SYNTHETIC_RESEARCH_FIXTURE,OG-SYNTH-0.3,B1-0.3,build_opus_synthetic_programme_v0_3.py@0.3,20260812,True,453f1adbe7c2d7b1a565974b0181399dfc50d880e25a2c432ba39aebe02bb7af
US-WEST,MECHANICAL_EQUIPMENT,2021-08-01,137.96894,2019-01-01,100.0,SYNTHETIC_RESEARCH_FIXTURE,OG-SYNTH-0.3,B1-0.3,build_opus_synthetic_programme_v0_3.py@0.3,20260812,True,22319b601a902fd45666ae52b2057b3e80b7847ac82a138a5b37dca70f6afd45
US-WEST,MECHANICAL_EQUIPMENT,2021-09-01,140.267849,2019-01-01,100.0,SYNTHETIC_RESEARCH_FIXTURE,OG-SYNTH-0.3,B1-0.3,build_opus_synthetic_programme_v0_3.py@0.3,20260812,True,1b6f42b14cf2e9609086b66863bcba2959e655653216db4b9632f871dfa2bb3e
US-WEST,MECHANICAL_EQUIPMENT,2021-10-01,142.046415,2019-01-01,100.0,SYNTHETIC_RESEARCH_FIXTURE,OG-SYNTH-0.3,B1-0.3,build_opus_synthetic_programme_v0_3.py@0.3,20260812,True,d212ca725055cdac293cc684fa2ffdf5c604fba601fdede361e30271d3762155
US-WEST,MECHANICAL_EQUIPMENT,2021-11-01,144.340875,2019-01-01,100.0,SYNTHETIC_RESEARCH_FIXTURE,OG-SYNTH-0.3,B1-0.3,build_opus_synthetic_programme_v0_3.py@0.3,20260812,True,039365fb63a81d240b12610f1a62bcff66e290400cbf7ba743048c864ef3873e
US-WEST,MECHANICAL_EQUIPMENT,2021-12-01,146.512626,2019-01-01,100.0,SYNTHETIC_RESEARCH_FIXTURE,OG-SYNTH-0.3,B1-0.3,build_opus_synthetic_programme_v0_3.py@0.3,20260812,True,48e14aead65884ec6d6c9edf8480019ed37ade27c3b285249edcc9bcc3dcf0da
US-WEST,MECHANICAL_EQUIPMENT,2022-01-01,148.629598,2019-01-01,100.0,SYNTHETIC_RESEARCH_FIXTURE,OG-SYNTH-0.3,B1-0.3,build_opus_synthetic_programme_v0_3.py@0.3,20260812,True,35d62ba911de52a2390ce9bd905522c9bce0c731a2a00591811b7856b6c719cd
US-WEST,MECHANICAL_EQUIPMENT,2022-02-01,150.874133,2019-01-01,100.0,SYNTHETIC_RESEARCH_FIXTURE,OG-SYNTH-0.3,B1-0.3,build_opus_synthetic_programme_v0_3.py@0.3,20260812,True,9903a121d756ae4b10785f83a0e0c518d7343097afd3d5ee24f4774a6789d17e
US-WEST,MECHANICAL_EQUIPMENT,2022-03-01,153.267198,2019-01-01,100.0,SYNTHETIC_RESEARCH_FIXTURE,OG-SYNTH-0.3,B1-0.3,build_opus_synthetic_programme_v0_3.py@0.3,20260812,True,de1280c878e2e71100b6aecc54d6b4fbaaab08ade293ff8d55b96d6e3cf6d131
US-WEST,MECHANICAL_EQUIPMENT,2022-04-01,155.872017,2019-01-01,100.0,SYNTHETIC_RESEARCH_FIXTURE,OG-SYNTH-0.3,B1-0.3,build_opus_synthetic_programme_v0_3.py@0.3,20260812,True,4fc5a74333996886a90f3bea2f175a9cc149470ed30f357582db8e95016458c9
US-WEST,MECHANICAL_EQUIPMENT,2022-05-01,158.401224,2019-01-01,100.0,SYNTHETIC_RESEARCH_FIXTURE,OG-SYNTH-0.3,B1-0.3,build_opus_synthetic_programme_v0_3.py@0.3,20260812,True,14e09e0dc022f8d4d6719ec04527e0e451b4fea034e9fdd9010e0034d134e565
US-WEST,MECHANICAL_EQUIPMENT,2022-06-01,159.003993,2019-01-01,100.0,SYNTHETIC_RESEARCH_FIXTURE,OG-SYNTH-0.3,B1-0.3,build_opus_synthetic_programme_v0_3.py@0.3,20260812,True,cd2dbb3538d97f1f3f167618c0d68df005fd491c259382e5e188d617fd855629
US-WEST,MECHANICAL_EQUIPMENT,2022-07-01,159.265041,2019-01-01,100.0,SYNTHETIC_RESEARCH_FIXTURE,OG-SYNTH-0.3,B1-0.3,build_opus_synthetic_programme_v0_3.py@0.3,20260812,True,a79567779d08bbf0ceb23a5b52df29dc0eb9bebeb5d497ecaac3c7167d8aeffc
US-WEST,MECHANICAL_EQUIPMENT,2022-08-01,160.142358,2019-01-01,100.0,SYNTHETIC_RESEARCH_FIXTURE,OG-SYNTH-0.3,B1-0.3,build_opus_synthetic_programme_v0_3.py@0.3,20260812,True,db7edd6dee497c95f923fd6bd476e495571d58f8bb1ad7211ea590251a0cc3a3
US-WEST,MECHANICAL_EQUIPMENT,2022-09-01,160.6198,2019-01-01,100.0,SYNTHETIC_RESEARCH_FIXTURE,OG-SYNTH-0.3,B1-0.3,build_opus_synthetic_programme_v0_3.py@0.3,20260812,True,4501aa062da02b686096d755992ea1b68d6b86afeb358dd7422a397d779775f8
US-WEST,MECHANICAL_EQUIPMENT,2022-10-01,161.300983,2019-01-01,100.0,SYNTHETIC_RESEARCH_FIXTURE,OG-SYNTH-0.3,B1-0.3,build_opus_synthetic_programme_v0_3.py@0.3,20260812,True,ffd49179cfb81f03c9666de4d54fd501dffed2573ab340b1b23982d4152d5b5b
US-WEST,MECHANICAL_EQUIPMENT,2022-11-01,161.950972,2019-01-01,100.0,SYNTHETIC_RESEARCH_FIXTURE,OG-SYNTH-0.3,B1-0.3,build_opus_synthetic_programme_v0_3.py@0.3,20260812,True,6f92b0670656532dedb6f15d8c2b0d608f7e243d8e557fd685c1726515bf32f5
US-WEST,MECHANICAL_EQUIPMENT,2022-12-01,162.119447,2019-01-01,100.0,SYNTHETIC_RESEARCH_FIXTURE,OG-SYNTH-0.3,B1-0.3,build_opus_synthetic_programme_v0_3.py@0.3,20260812,True,0714301ee1137de564b1164f48026126df9824a41920a27c792625ae60042a16
US-WEST,MECHANICAL_EQUIPMENT,2023-01-01,162.248901,2019-01-01,100.0,SYNTHETIC_RESEARCH_FIXTURE,OG-SYNTH-0.3,B1-0.3,build_opus_synthetic_programme_v0_3.py@0.3,20260812,True,1ad6f83b47fbefcdf99f5cd63051a371e9ebe6325f2d6a825640ce2bbefeb04c
US-WEST,MECHANICAL_EQUIPMENT,2023-02-01,163.135142,2019-01-01,100.0,SYNTHETIC_RESEARCH_FIXTURE,OG-SYNTH-0.3,B1-0.3,build_opus_synthetic_programme_v0_3.py@0.3,20260812,True,fcdceb44ecd5ececb02bccc9f72fd1cdf50bfee0f0ae1d4beba167ffc56c032c
US-WEST,MECHANICAL_EQUIPMENT,2023-03-01,163.70601,2019-01-01,100.0,SYNTHETIC_RESEARCH_FIXTURE,OG-SYNTH-0.3,B1-0.3,build_opus_synthetic_programme_v0_3.py@0.3,20260812,True,f73c98b92165c3b2f0996c8961eaf98415894776e75e5beadc49ba72ad95580e
US-WEST,MECHANICAL_EQUIPMENT,2023-04-01,163.59765,2019-01-01,100.0,SYNTHETIC_RESEARCH_FIXTURE,OG-SYNTH-0.3,B1-0.3,build_opus_synthetic_programme_v0_3.py@0.3,20260812,True,e3490f2eebb76e18781ba6a914c1472c073e0da0a5224987e44082e6445a8921
US-WEST,MECHANICAL_EQUIPMENT,2023-05-01,164.759803,2019-01-01,100.0,SYNTHETIC_RESEARCH_FIXTURE,OG-SYNTH-0.3,B1-0.3,build_opus_synthetic_programme_v0_3.py@0.3,20260812,True,82b36a5a9e1bc27033e93f48f49f71921673214778be4d26f96a831746ae6919
US-WEST,MECHANICAL_EQUIPMENT,2023-06-01,165.107342,2019-01-01,100.0,SYNTHETIC_RESEARCH_FIXTURE,OG-SYNTH-0.3,B1-0.3,build_opus_synthetic_programme_v0_3.py@0.3,20260812,True,92d8cd50d5838becb2d93d21b68653175bde5b5e5c305708588a603d9101bfbf
US-WEST,MECHANICAL_EQUIPMENT,2023-07-01,165.936677,2019-01-01,100.0,SYNTHETIC_RESEARCH_FIXTURE,OG-SYNTH-0.3,B1-0.3,build_opus_synthetic_programme_v0_3.py@0.3,20260812,True,fe9e9a538e4bfc923dd4b0a9629c1434e53af87dab9d50b4c59434f9f1b7e406
US-WEST,MECHANICAL_EQUIPMENT,2023-08-01,166.140234,2019-01-01,100.0,SYNTHETIC_RESEARCH_FIXTURE,OG-SYNTH-0.3,B1-0.3,build_opus_synthetic_programme_v0_3.py@0.3,20260812,True,19519f1f1253eb606b19dbdeb4a238a8f59a57b6e7be942c5941b6207ce21fa9
US-WEST,MECHANICAL_EQUIPMENT,2023-09-01,166.32861,2019-01-01,100.0,SYNTHETIC_RESEARCH_FIXTURE,OG-SYNTH-0.3,B1-0.3,build_opus_synthetic_programme_v0_3.py@0.3,20260812,True,0fd96c30455014951cf7efc9162cc135a8066556e1a0a57a0f52a1ab8855491d
US-WEST,MECHANICAL_EQUIPMENT,2023-10-01,167.209427,2019-01-01,100.0,SYNTHETIC_RESEARCH_FIXTURE,OG-SYNTH-0.3,B1-0.3,build_opus_synthetic_programme_v0_3.py@0.3,20260812,True,e074c76658af74e876d38c8ce586b0df1413b46650517c916ea6c78534bfaff5
US-WEST,MECHANICAL_EQUIPMENT,2023-11-01,167.401716,2019-01-01,100.0,SYNTHETIC_RESEARCH_FIXTURE,OG-SYNTH-0.3,B1-0.3,build_opus_synthetic_programme_v0_3.py@0.3,20260812,True,19b22411c251c19ce4230f4842c4f8d0e2013c5662afd4bfbaa8766c8950f052
US-WEST,MECHANICAL_EQUIPMENT,2023-12-01,167.953842,2019-01-01,100.0,SYNTHETIC_RESEARCH_FIXTURE,OG-SYNTH-0.3,B1-0.3,build_opus_synthetic_programme_v0_3.py@0.3,20260812,True,c8f24b6a51e94e400ef84ec8211a8c0fbb73d36c128a1fea5fcb62f7071eb554
US-WEST,MECHANICAL_EQUIPMENT,2024-01-01,169.050451,2019-01-01,100.0,SYNTHETIC_RESEARCH_FIXTURE,OG-SYNTH-0.3,B1-0.3,build_opus_synthetic_programme_v0_3.py@0.3,20260812,True,2d603e2623c7bb2b35fc5cace5259d0005f05338e8538df194382f974f41c464
US-WEST,MECHANICAL_EQUIPMENT,2024-02-01,169.862038,2019-01-01,100.0,SYNTHETIC_RESEARCH_FIXTURE,OG-SYNTH-0.3,B1-0.3,build_opus_synthetic_programme_v0_3.py@0.3,20260812,True,fedd45f09a1d08441ba08df75d46a3c540f5244dbb0c11b118b6d0682a946f92
US-WEST,MECHANICAL_EQUIPMENT,2024-03-01,171.03419,2019-01-01,100.0,SYNTHETIC_RESEARCH_FIXTURE,OG-SYNTH-0.3,B1-0.3,build_opus_synthetic_programme_v0_3.py@0.3,20260812,True,93ae70b15f1a5f3aadc3f708b35c9df666a6b4ffe06033f7ad9e5378c85af5d3
US-WEST,MECHANICAL_EQUIPMENT,2024-04-01,172.7742,2019-01-01,100.0,SYNTHETIC_RESEARCH_FIXTURE,OG-SYNTH-0.3,B1-0.3,build_opus_synthetic_programme_v0_3.py@0.3,20260812,True,6bad7827a34ab3797bbb23c143f913282332f20a9dfcdbd4d7a6789f9ea56ce4
US-WEST,MECHANICAL_EQUIPMENT,2024-05-01,174.205287,2019-01-01,100.0,SYNTHETIC_RESEARCH_FIXTURE,OG-SYNTH-0.3,B1-0.3,build_opus_synthetic_programme_v0_3.py@0.3,20260812,True,cb80bffa78db13fb48f516018c94b9c5aa625dd13d40a6747b3e38e2cdea74b6
US-WEST,MECHANICAL_EQUIPMENT,2024-06-01,175.632626,2019-01-01,100.0,SYNTHETIC_RESEARCH_FIXTURE,OG-SYNTH-0.3,B1-0.3,build_opus_synthetic_programme_v0_3.py@0.3,20260812,True,b8c72c57b10280bf122ceeb31c45ad0cde1633194a15b545426ac823b0b4e058
US-WEST,MECHANICAL_EQUIPMENT,2024-07-01,176.817645,2019-01-01,100.0,SYNTHETIC_RESEARCH_FIXTURE,OG-SYNTH-0.3,B1-0.3,build_opus_synthetic_programme_v0_3.py@0.3,20260812,True,06be8ad0c636bcd5676fc5191ade4aa5850a898fdb8fd924ca358a094db0c576
US-WEST,MECHANICAL_EQUIPMENT,2024-08-01,178.681063,2019-01-01,100.0,SYNTHETIC_RESEARCH_FIXTURE,OG-SYNTH-0.3,B1-0.3,build_opus_synthetic_programme_v0_3.py@0.3,20260812,True,ad9803e05b62a7b406026a50f7f9dc6ed711dcb8ce4202f47e776d18ee7e4909
US-WEST,MECHANICAL_EQUIPMENT,2024-09-01,179.170148,2019-01-01,100.0,SYNTHETIC_RESEARCH_FIXTURE,OG-SYNTH-0.3,B1-0.3,build_opus_synthetic_programme_v0_3.py@0.3,20260812,True,c6c23d8465744fa33a7d98b3ec3114dd55986e60ce4297f671a4e6b7600d70f8
US-WEST,MECHANICAL_EQUIPMENT,2024-10-01,179.196372,2019-01-01,100.0,SYNTHETIC_RESEARCH_FIXTURE,OG-SYNTH-0.3,B1-0.3,build_opus_synthetic_programme_v0_3.py@0.3,20260812,True,ceeda1d3f76ae0624a0c0ef3f1ee84e0eeea66c543e14284b8826a47eab05b73
US-WEST,MECHANICAL_EQUIPMENT,2024-11-01,179.426821,2019-01-01,100.0,SYNTHETIC_RESEARCH_FIXTURE,OG-SYNTH-0.3,B1-0.3,build_opus_synthetic_programme_v0_3.py@0.3,20260812,True,0eed8884bdfc1deca7a7cd90b86e561ad1b9db1486c0dd705ebaad6e4bd92118
US-WEST,MECHANICAL_EQUIPMENT,2024-12-01,179.818214,2019-01-01,100.0,SYNTHETIC_RESEARCH_FIXTURE,OG-SYNTH-0.3,B1-0.3,build_opus_synthetic_programme_v0_3.py@0.3,20260812,True,e0b5fa3aba7cf79d3dd15e6497ff2f9b40b68a9674098a6b38e364f917ae8c63
US-WEST,MECHANICAL_EQUIPMENT,2025-01-01,180.83154,2019-01-01,100.0,SYNTHETIC_RESEARCH_FIXTURE,OG-SYNTH-0.3,B1-0.3,build_opus_synthetic_programme_v0_3.py@0.3,20260812,True,472bc5d55347069d44fac32cd7da60cf53d9ec0c9b591a7afc8942ec9aa6082a
US-WEST,MECHANICAL_EQUIPMENT,2025-02-01,181.255673,2019-01-01,100.0,SYNTHETIC_RESEARCH_FIXTURE,OG-SYNTH-0.3,B1-0.3,build_opus_synthetic_programme_v0_3.py@0.3,20260812,True,04ad3752e51deb340a98ccfa09c38ff7bd203bd8939b21652728e2ec62a3d3cc
US-WEST,MECHANICAL_EQUIPMENT,2025-03-01,181.912486,2019-01-01,100.0,SYNTHETIC_RESEARCH_FIXTURE,OG-SYNTH-0.3,B1-0.3,build_opus_synthetic_programme_v0_3.py@0.3,20260812,True,f85ca76aed4bb9afd3c6738c0c7f2313db162aa3932dbbf251d5e05110c7a26e
US-WEST,MECHANICAL_EQUIPMENT,2025-04-01,182.523325,2019-01-01,100.0,SYNTHETIC_RESEARCH_FIXTURE,OG-SYNTH-0.3,B1-0.3,build_opus_synthetic_programme_v0_3.py@0.3,20260812,True,873412cf007652abf0f042a460e74b6af8bac8b3fff013f2352a1ecea65abc30
US-WEST,MECHANICAL_EQUIPMENT,2025-05-01,182.91227,2019-01-01,100.0,SYNTHETIC_RESEARCH_FIXTURE,OG-SYNTH-0.3,B1-0.3,build_opus_synthetic_programme_v0_3.py@0.3,20260812,True,8caf84a38c6b3780b1df42b8892cb14ca876d993de79cf70276c55e614b9d25d
US-WEST,MECHANICAL_EQUIPMENT,2025-06-01,184.069683,2019-01-01,100.0,SYNTHETIC_RESEARCH_FIXTURE,OG-SYNTH-0.3,B1-0.3,build_opus_synthetic_programme_v0_3.py@0.3,20260812,True,2f192ee025b1ab7bafd60007e88967ca2afa670540fc38b90f05ba32d8a05d83
US-WEST,MECHANICAL_EQUIPMENT,2025-07-01,184.625128,2019-01-01,100.0,SYNTHETIC_RESEARCH_FIXTURE,OG-SYNTH-0.3,B1-0.3,build_opus_synthetic_programme_v0_3.py@0.3,20260812,True,a586385c6676958ece3ff67343b6bcfc5b4040d4cc361acb0b971beb72462ce3
US-WEST,MECHANICAL_EQUIPMENT,2025-08-01,184.744086,2019-01-01,100.0,SYNTHETIC_RESEARCH_FIXTURE,OG-SYNTH-0.3,B1-0.3,build_opus_synthetic_programme_v0_3.py@0.3,20260812,True,9c97ccfda89a8007cfa55fa50d4879b0ab120ac5b9e871c596b683d1dd89cf45
US-WEST,MECHANICAL_EQUIPMENT,2025-09-01,185.068104,2019-01-01,100.0,SYNTHETIC_RESEARCH_FIXTURE,OG-SYNTH-0.3,B1-0.3,build_opus_synthetic_programme_v0_3.py@0.3,20260812,True,1104979d98cdee90cf1b5dbc0afee7a8793204f0529c93d2b78f3f87c6bb91a0
US-WEST,MECHANICAL_EQUIPMENT,2025-10-01,185.682904,2019-01-01,100.0,SYNTHETIC_RESEARCH_FIXTURE,OG-SYNTH-0.3,B1-0.3,build_opus_synthetic_programme_v0_3.py@0.3,20260812,True,b82f9843bc29e722e648830fe68e9c34f1954eec200a40cd007f59a60a4b7018
US-WEST,MECHANICAL_EQUIPMENT,2025-11-01,186.584528,2019-01-01,100.0,SYNTHETIC_RESEARCH_FIXTURE,OG-SYNTH-0.3,B1-0.3,build_opus_synthetic_programme_v0_3.py@0.3,20260812,True,a1621f7be6a34970b670fdb731ab7e22f44155ca312e7689f6d34d18c740186d
US-WEST,MECHANICAL_EQUIPMENT,2025-12-01,186.763481,2019-01-01,100.0,SYNTHETIC_RESEARCH_FIXTURE,OG-SYNTH-0.3,B1-0.3,build_opus_synthetic_programme_v0_3.py@0.3,20260812,True,74fac18512c7459211d74304c9c4151b0f8bab00cfbbde7d94d4d4f356b72556
US-WEST,MECHANICAL_EQUIPMENT,2026-01-01,187.360651,2019-01-01,100.0,SYNTHETIC_RESEARCH_FIXTURE,OG-SYNTH-0.3,B1-0.3,build_opus_synthetic_programme_v0_3.py@0.3,20260812,True,355f294a9e31f3cd83465427e0332b05cf460aba2947761421fe531eb9378dd4
US-WEST,MECHANICAL_EQUIPMENT,2026-02-01,187.841809,2019-01-01,100.0,SYNTHETIC_RESEARCH_FIXTURE,OG-SYNTH-0.3,B1-0.3,build_opus_synthetic_programme_v0_3.py@0.3,20260812,True,1329e1ae9538c4fc676217fc224c353642b71bc44cc1cc1e3cdfe3a058233697
US-WEST,MECHANICAL_EQUIPMENT,2026-03-01,188.63012,2019-01-01,100.0,SYNTHETIC_RESEARCH_FIXTURE,OG-SYNTH-0.3,B1-0.3,build_opus_synthetic_programme_v0_3.py@0.3,20260812,True,3942be739e638a54d052bb14641776c7046fc33e15209a560eedbda2d0f82e3d
US-WEST,MECHANICAL_EQUIPMENT,2026-04-01,188.88488,2019-01-01,100.0,SYNTHETIC_RESEARCH_FIXTURE,OG-SYNTH-0.3,B1-0.3,build_opus_synthetic_programme_v0_3.py@0.3,20260812,True,167e635f3bea4f8ea851bd7cbd0776dcfc14e45c05c47fb1e3d7ee45030402fb
US-WEST,MECHANICAL_EQUIPMENT,2026-05-01,189.36054,2019-01-01,100.0,SYNTHETIC_RESEARCH_FIXTURE,OG-SYNTH-0.3,B1-0.3,build_opus_synthetic_programme_v0_3.py@0.3,20260812,True,67dd9edd78654091faf3cb95542eb0ba176170432ee75f4ba46e5bf8cdb1c8ae
US-WEST,MECHANICAL_EQUIPMENT,2026-06-01,189.949087,2019-01-01,100.0,SYNTHETIC_RESEARCH_FIXTURE,OG-SYNTH-0.3,B1-0.3,build_opus_synthetic_programme_v0_3.py@0.3,20260812,True,1ec79d6ed1ad22e2257a346f8b35c61f51762f8fbbebc49fd33f82028435cc08
US-WEST,MECHANICAL_EQUIPMENT,2026-07-01,190.499359,2019-01-01,100.0,SYNTHETIC_RESEARCH_FIXTURE,OG-SYNTH-0.3,B1-0.3,build_opus_synthetic_programme_v0_3.py@0.3,20260812,True,589c622445884c4661d356a4b573c2c2c2543b464c7c98f1082bdc47e8c528bd
US-WEST,MECHANICAL_EQUIPMENT,2026-08-01,190.484857,2019-01-01,100.0,SYNTHETIC_RESEARCH_FIXTURE,OG-SYNTH-0.3,B1-0.3,build_opus_synthetic_programme_v0_3.py@0.3,20260812,True,9bdb10d747ae17ad1201e3e8c875035910741c0348471d623a70a1cc5ff5664c
US-WEST,MECHANICAL_EQUIPMENT,2026-09-01,190.337672,2019-01-01,100.0,SYNTHETIC_RESEARCH_FIXTURE,OG-SYNTH-0.3,B1-0.3,build_opus_synthetic_programme_v0_3.py@0.3,20260812,True,f4d3c57c1835e64afa1b2d24ec592894d0b2236e7963ce55a11634f380f05284
US-WEST,MECHANICAL_EQUIPMENT,2026-10-01,190.511859,2019-01-01,100.0,SYNTHETIC_RESEARCH_FIXTURE,OG-SYNTH-0.3,B1-0.3,build_opus_synthetic_programme_v0_3.py@0.3,20260812,True,6f4fcff1e644ccf43fa97020d9ce8dbaa34d59399398ec2042a03a09a5978614
US-WEST,MECHANICAL_EQUIPMENT,2026-11-01,191.183326,2019-01-01,100.0,SYNTHETIC_RESEARCH_FIXTURE,OG-SYNTH-0.3,B1-0.3,build_opus_synthetic_programme_v0_3.py@0.3,20260812,True,f7afa06c4cbab0340adb10fc779cbb667362a20384d4214145295efa8a259f79
US-WEST,MECHANICAL_EQUIPMENT,2026-12-01,192.422251,2019-01-01,100.0,SYNTHETIC_RESEARCH_FIXTURE,OG-SYNTH-0.3,B1-0.3,build_opus_synthetic_programme_v0_3.py@0.3,20260812,True,997d2acbe573e6a0a1673f8ade9c75147bcded1623c82502c65f222b7be0d0bf
