reference_project_id,project_type,delivery_method,region,gross_area_m2,length_km,capacity_units,floors,complexity_index,design_completeness,location_factor,baseline_cost_usd,split,data_origin,programme_version,package_version,generator_version,random_seed,not_for_empirical_validation,record_hash
REF-0001,AIRPORT_TERMINAL,DESIGN_BID_BUILD,US-NORTHEAST,64223.272,0.0,89.45,2,0.416027,0.754427,1.18,220671195.49,VALIDATION,SYNTHETIC_RESEARCH_FIXTURE,OG-SYNTH-0.3,B1-0.3,build_opus_synthetic_programme_v0_3.py@0.3,20260812,True,ac3bfc1661d305450e779f46fb9f3e9e249713e8ca58a1a7d161fff938e321b5
REF-0002,HIGHWAY_CORRIDOR,DESIGN_BID_BUILD,US-NORTHEAST,19949.337,18.723,46.952,6,0.48043,0.652273,1.18,195656317.53,VALIDATION,SYNTHETIC_RESEARCH_FIXTURE,OG-SYNTH-0.3,B1-0.3,build_opus_synthetic_programme_v0_3.py@0.3,20260812,True,d9c860dbcd9f892cc8d590525235a6ad63cd88c37d5cd4c53986b33d5dc36953
REF-0003,VERTICAL_HOSPITAL,DESIGN_BID_BUILD,US-NORTHEAST,44906.862,1.587,116.6,11,0.411374,0.951176,1.18,248710215.14,DEVELOPMENT,SYNTHETIC_RESEARCH_FIXTURE,OG-SYNTH-0.3,B1-0.3,build_opus_synthetic_programme_v0_3.py@0.3,20260812,True,653f8008c4363e9f93cd5042c7831f1d56a3c217b2dd8412e1fd14596ff53225
REF-0004,WATER_TREATMENT,DESIGN_BID_BUILD,US-NORTHEAST,24925.698,1.487,122.879,6,0.321805,0.668265,1.18,159804928.27,DEVELOPMENT,SYNTHETIC_RESEARCH_FIXTURE,OG-SYNTH-0.3,B1-0.3,build_opus_synthetic_programme_v0_3.py@0.3,20260812,True,5c8a375c95ae869221b6081e21a0c2cc717444ab86ec81ed761b314a7134fa2d
REF-0005,RAIL_STATION,DESIGN_BID_BUILD,US-NORTHEAST,16234.638,20.432,35.071,6,0.575846,0.91787,1.18,228158119.45,VALIDATION,SYNTHETIC_RESEARCH_FIXTURE,OG-SYNTH-0.3,B1-0.3,build_opus_synthetic_programme_v0_3.py@0.3,20260812,True,42a7380aa1e1219b4e41ddc343cc14101859411460b97b914961ad835b544d1a
REF-0006,DATA_CENTER,DESIGN_BID_BUILD,US-NORTHEAST,44556.752,0.0,151.955,6,0.443134,0.951609,1.18,191884929.22,VALIDATION,SYNTHETIC_RESEARCH_FIXTURE,OG-SYNTH-0.3,B1-0.3,build_opus_synthetic_programme_v0_3.py@0.3,20260812,True,e93ffe5f62e5b9ba2f5f895fef3acc263a2e09201dd869ac3b3a1e53713eeedd
REF-0007,AIRPORT_TERMINAL,DESIGN_BUILD,US-NORTHEAST,18352.979,0.0,86.654,6,0.671891,0.91179,1.18,195491567.74,DEVELOPMENT,SYNTHETIC_RESEARCH_FIXTURE,OG-SYNTH-0.3,B1-0.3,build_opus_synthetic_programme_v0_3.py@0.3,20260812,True,7e4ded1c0a3df3ca7bb22ab5d4943237a00b120200a1360889350b2062e9eb38
REF-0008,HIGHWAY_CORRIDOR,DESIGN_BUILD,US-NORTHEAST,8187.743,13.496,52.752,4,0.302203,0.398651,1.18,125525059.63,DEVELOPMENT,SYNTHETIC_RESEARCH_FIXTURE,OG-SYNTH-0.3,B1-0.3,build_opus_synthetic_programme_v0_3.py@0.3,20260812,True,25afa725344d423beba254fa88c689bc59c03cb5990d4106a4c6675816978042
REF-0009,VERTICAL_HOSPITAL,DESIGN_BUILD,US-NORTHEAST,49255.337,0.278,47.974,10,0.844661,0.35,1.18,264287739.0,DEVELOPMENT,SYNTHETIC_RESEARCH_FIXTURE,OG-SYNTH-0.3,B1-0.3,build_opus_synthetic_programme_v0_3.py@0.3,20260812,True,7684b58671fe38b8fddc998fc085ee6b54228a44cf0e85677d007f154ea8bf89
REF-0010,WATER_TREATMENT,DESIGN_BUILD,US-NORTHEAST,4698.112,8.602,124.82,3,0.747359,0.988626,1.18,170619770.5,DEVELOPMENT,SYNTHETIC_RESEARCH_FIXTURE,OG-SYNTH-0.3,B1-0.3,build_opus_synthetic_programme_v0_3.py@0.3,20260812,True,8a45a9cbbc457305edc0bcf8ea3c9e3ce62c866816b47f998c8f797439f7f6da
REF-0011,RAIL_STATION,DESIGN_BUILD,US-NORTHEAST,17940.878,14.216,64.873,3,0.572476,0.840683,1.18,194347168.28,DEVELOPMENT,SYNTHETIC_RESEARCH_FIXTURE,OG-SYNTH-0.3,B1-0.3,build_opus_synthetic_programme_v0_3.py@0.3,20260812,True,f0d80f9df0e3d3be1a6520ff2bb7fb8bff40b4d4b7ea53dad62a84f7b257e927
REF-0012,DATA_CENTER,DESIGN_BUILD,US-NORTHEAST,52134.234,0.0,117.521,2,0.349732,0.35,1.18,161225878.51,LOCKED_HOLDOUT,SYNTHETIC_RESEARCH_FIXTURE,OG-SYNTH-0.3,B1-0.3,build_opus_synthetic_programme_v0_3.py@0.3,20260812,True,fa95f3ddb4f6233a88c04e485cf3b40880f7a670bd6259e270762ac698115671
REF-0013,AIRPORT_TERMINAL,CMAR,US-NORTHEAST,61852.178,0.0,19.988,3,0.269658,0.499466,1.18,189208052.28,LOCKED_HOLDOUT,SYNTHETIC_RESEARCH_FIXTURE,OG-SYNTH-0.3,B1-0.3,build_opus_synthetic_programme_v0_3.py@0.3,20260812,True,b9891e105b55c527b49414dde8753f7afe7a772c9704ffd28fdf1d57dd3f1bb0
REF-0014,HIGHWAY_CORRIDOR,CMAR,US-NORTHEAST,10078.128,23.574,81.606,1,0.568899,0.371825,1.18,192050394.03,DEVELOPMENT,SYNTHETIC_RESEARCH_FIXTURE,OG-SYNTH-0.3,B1-0.3,build_opus_synthetic_programme_v0_3.py@0.3,20260812,True,52a2d3ac8866a2b9692d1f8b78ca85fb7fb6c6173cb146a115e8a17531c0db99
REF-0015,VERTICAL_HOSPITAL,CMAR,US-NORTHEAST,28607.542,7.826,75.371,8,0.740407,0.821206,1.18,260563763.04,DEVELOPMENT,SYNTHETIC_RESEARCH_FIXTURE,OG-SYNTH-0.3,B1-0.3,build_opus_synthetic_programme_v0_3.py@0.3,20260812,True,0c3150f804fc1883b604df2e432cf640342e88506e90d7d6df8af31806044bfb
REF-0016,WATER_TREATMENT,CMAR,US-NORTHEAST,0.0,0.691,105.535,1,0.934291,0.921696,1.18,162891787.48,VALIDATION,SYNTHETIC_RESEARCH_FIXTURE,OG-SYNTH-0.3,B1-0.3,build_opus_synthetic_programme_v0_3.py@0.3,20260812,True,8994e751f42621f3f99f7ce0b624291c5df279da3abcf9cc2c9ee7e5757fd5a3
REF-0017,RAIL_STATION,CMAR,US-NORTHEAST,16671.7,20.746,62.104,4,0.295602,0.35,1.18,212761105.24,DEVELOPMENT,SYNTHETIC_RESEARCH_FIXTURE,OG-SYNTH-0.3,B1-0.3,build_opus_synthetic_programme_v0_3.py@0.3,20260812,True,c07c3ff019586a7ea6da5529cfc56af06e7852d14ca69b05653ea555703cb5df
REF-0018,DATA_CENTER,CMAR,US-NORTHEAST,38913.166,7.016,146.283,1,0.690246,0.556839,1.18,207578466.99,DEVELOPMENT,SYNTHETIC_RESEARCH_FIXTURE,OG-SYNTH-0.3,B1-0.3,build_opus_synthetic_programme_v0_3.py@0.3,20260812,True,9415c824dee8ee77c1c4b1b69e3fc28f87798ca7491e429e2e40e69685a18e60
REF-0019,AIRPORT_TERMINAL,EPCM,US-NORTHEAST,54486.902,3.562,1.0,2,0.332861,0.773104,1.18,201014453.56,VALIDATION,SYNTHETIC_RESEARCH_FIXTURE,OG-SYNTH-0.3,B1-0.3,build_opus_synthetic_programme_v0_3.py@0.3,20260812,True,0b01788326a9e8d66709eb557ad7987c42172f9fac31ea4db6f3459bc402c9f8
REF-0020,HIGHWAY_CORRIDOR,EPCM,US-NORTHEAST,18723.051,15.691,21.519,5,0.710355,0.801947,1.18,192725360.53,DEVELOPMENT,SYNTHETIC_RESEARCH_FIXTURE,OG-SYNTH-0.3,B1-0.3,build_opus_synthetic_programme_v0_3.py@0.3,20260812,True,e843fae81d70a3d6787702301c9175a26eda151e884fe44485911941b2e1ad40
REF-0021,VERTICAL_HOSPITAL,EPCM,US-NORTHEAST,49559.273,0.0,33.567,10,0.609769,0.736864,1.18,244956678.22,LOCKED_HOLDOUT,SYNTHETIC_RESEARCH_FIXTURE,OG-SYNTH-0.3,B1-0.3,build_opus_synthetic_programme_v0_3.py@0.3,20260812,True,b73745a74629e6b3616c520b77237fada3b15b027aad7266b88b2566f4f07551
REF-0022,WATER_TREATMENT,EPCM,US-NORTHEAST,12292.804,5.377,87.873,7,0.498695,0.8701,1.18,173685133.41,DEVELOPMENT,SYNTHETIC_RESEARCH_FIXTURE,OG-SYNTH-0.3,B1-0.3,build_opus_synthetic_programme_v0_3.py@0.3,20260812,True,ae36d790d7acd5e6eaf90eec8e61b8853d66f1417973dca0231cbeeb8126a01f
REF-0023,RAIL_STATION,EPCM,US-NORTHEAST,21414.871,11.451,92.096,4,0.824618,0.707129,1.18,233799884.58,DEVELOPMENT,SYNTHETIC_RESEARCH_FIXTURE,OG-SYNTH-0.3,B1-0.3,build_opus_synthetic_programme_v0_3.py@0.3,20260812,True,6ac94d3219508b5e2e8c0b702e0e03c5d930133ac98b398fa506427956a888e6
REF-0024,DATA_CENTER,EPCM,US-NORTHEAST,53055.789,0.0,143.776,7,0.37732,0.902535,1.18,196171471.36,LOCKED_HOLDOUT,SYNTHETIC_RESEARCH_FIXTURE,OG-SYNTH-0.3,B1-0.3,build_opus_synthetic_programme_v0_3.py@0.3,20260812,True,3b871e891aa894706c3d3ecd61526db8f8d94aa94d957fd2918824d3e519b3c7
REF-0025,AIRPORT_TERMINAL,DESIGN_BID_BUILD,US-SOUTHEAST,38817.623,0.0,61.714,9,0.792735,0.550949,0.94,183867305.85,DEVELOPMENT,SYNTHETIC_RESEARCH_FIXTURE,OG-SYNTH-0.3,B1-0.3,build_opus_synthetic_programme_v0_3.py@0.3,20260812,True,8c51442fa9138c2db3981ee79dfb124e8d3270db198aebcac0ed39df16151663
REF-0026,HIGHWAY_CORRIDOR,DESIGN_BID_BUILD,US-SOUTHEAST,29517.429,16.186,56.867,2,0.826252,0.893248,0.94,167552011.36,DEVELOPMENT,SYNTHETIC_RESEARCH_FIXTURE,OG-SYNTH-0.3,B1-0.3,build_opus_synthetic_programme_v0_3.py@0.3,20260812,True,19453f1628932dbbd8bd33c5666935b8c3fc5b5210fbdc04a228340686484e75
REF-0027,VERTICAL_HOSPITAL,DESIGN_BID_BUILD,US-SOUTHEAST,32529.427,2.672,84.345,9,0.819023,0.865486,0.94,210091691.17,VALIDATION,SYNTHETIC_RESEARCH_FIXTURE,OG-SYNTH-0.3,B1-0.3,build_opus_synthetic_programme_v0_3.py@0.3,20260812,True,2492863b0424d59bcc517651bc05995be3cdb1b417b4d76d10a9bdcfd92149db
REF-0028,WATER_TREATMENT,DESIGN_BID_BUILD,US-SOUTHEAST,3777.958,0.0,127.6,2,0.623647,0.777787,0.94,120240894.8,DEVELOPMENT,SYNTHETIC_RESEARCH_FIXTURE,OG-SYNTH-0.3,B1-0.3,build_opus_synthetic_programme_v0_3.py@0.3,20260812,True,63c6d3def9746dc65b27ae27d4395c3d51cf9f718c34f7a94355940caa9fd554
REF-0029,RAIL_STATION,DESIGN_BID_BUILD,US-SOUTHEAST,19715.688,13.183,44.398,7,0.639267,0.848014,0.94,176519334.92,DEVELOPMENT,SYNTHETIC_RESEARCH_FIXTURE,OG-SYNTH-0.3,B1-0.3,build_opus_synthetic_programme_v0_3.py@0.3,20260812,True,0279abe9b5f8eee88352033540db7b5063fadfe694328df51635bb9ea24ebd21
REF-0030,DATA_CENTER,DESIGN_BID_BUILD,US-SOUTHEAST,59032.513,6.618,129.818,2,0.280792,0.790318,0.94,160422191.65,DEVELOPMENT,SYNTHETIC_RESEARCH_FIXTURE,OG-SYNTH-0.3,B1-0.3,build_opus_synthetic_programme_v0_3.py@0.3,20260812,True,e4d2f6f4462509378c6dbd422e554202c7fef8f0362b41a535518b10fdb8451e
REF-0031,AIRPORT_TERMINAL,DESIGN_BUILD,US-SOUTHEAST,41765.624,0.0,35.502,1,0.636049,0.584453,0.94,157644027.98,DEVELOPMENT,SYNTHETIC_RESEARCH_FIXTURE,OG-SYNTH-0.3,B1-0.3,build_opus_synthetic_programme_v0_3.py@0.3,20260812,True,db7d667edbe99ef4e99f25c4ff389d79cea3e0ac33cc33514777fa7c4c3c14b1
REF-0032,HIGHWAY_CORRIDOR,DESIGN_BUILD,US-SOUTHEAST,0.0,13.238,29.794,1,0.553999,0.938296,0.94,110112129.63,DEVELOPMENT,SYNTHETIC_RESEARCH_FIXTURE,OG-SYNTH-0.3,B1-0.3,build_opus_synthetic_programme_v0_3.py@0.3,20260812,True,4a1d307a32af22f0c9e38dd249b3f7230adf7c15eb6f3eb22fb15a991de52c30
REF-0033,VERTICAL_HOSPITAL,DESIGN_BUILD,US-SOUTHEAST,56676.208,0.928,61.783,13,0.557849,0.691135,0.94,207045918.97,DEVELOPMENT,SYNTHETIC_RESEARCH_FIXTURE,OG-SYNTH-0.3,B1-0.3,build_opus_synthetic_programme_v0_3.py@0.3,20260812,True,c2ab3e681416c2b55bf5e6c129c70e3643f96b03431eb88ce218188a2c1b2c8f
REF-0034,WATER_TREATMENT,DESIGN_BUILD,US-SOUTHEAST,2055.943,7.551,92.18,10,0.657346,0.522301,0.94,134582480.93,DEVELOPMENT,SYNTHETIC_RESEARCH_FIXTURE,OG-SYNTH-0.3,B1-0.3,build_opus_synthetic_programme_v0_3.py@0.3,20260812,True,c6906f8e01e366b034b9cf3a2764a43fcc0296ef3f49c53675172c6652a7eb45
REF-0035,RAIL_STATION,DESIGN_BUILD,US-SOUTHEAST,26920.258,20.571,46.709,1,0.438663,0.736513,0.94,172630022.41,LOCKED_HOLDOUT,SYNTHETIC_RESEARCH_FIXTURE,OG-SYNTH-0.3,B1-0.3,build_opus_synthetic_programme_v0_3.py@0.3,20260812,True,f428b820d5038888348d6113360e8c769b35d0ef554a8d26636c6c447bac22c6
REF-0036,DATA_CENTER,DESIGN_BUILD,US-SOUTHEAST,57279.167,5.133,133.874,7,0.237314,0.753267,0.94,169865936.81,DEVELOPMENT,SYNTHETIC_RESEARCH_FIXTURE,OG-SYNTH-0.3,B1-0.3,build_opus_synthetic_programme_v0_3.py@0.3,20260812,True,4159ab077a27920cb7bcff2849884c8a58e8e4d35e8617c5a428101dfc62097d
REF-0037,AIRPORT_TERMINAL,CMAR,US-SOUTHEAST,51956.428,6.449,29.112,3,0.637935,0.806464,0.94,183726812.15,LOCKED_HOLDOUT,SYNTHETIC_RESEARCH_FIXTURE,OG-SYNTH-0.3,B1-0.3,build_opus_synthetic_programme_v0_3.py@0.3,20260812,True,c65ae7664e796faea2ccecdc3026a41f21c39a68ad5aa605f93856307902962c
REF-0038,HIGHWAY_CORRIDOR,CMAR,US-SOUTHEAST,6879.569,12.015,72.627,3,0.655082,0.939394,0.94,132529046.17,DEVELOPMENT,SYNTHETIC_RESEARCH_FIXTURE,OG-SYNTH-0.3,B1-0.3,build_opus_synthetic_programme_v0_3.py@0.3,20260812,True,c1fa94969bc0dd877be0fd9992d83882836ff5ab509565919ff2a3f1912f2cdc
REF-0039,VERTICAL_HOSPITAL,CMAR,US-SOUTHEAST,35490.93,0.0,57.726,9,0.519617,0.902746,0.94,171879302.68,DEVELOPMENT,SYNTHETIC_RESEARCH_FIXTURE,OG-SYNTH-0.3,B1-0.3,build_opus_synthetic_programme_v0_3.py@0.3,20260812,True,40816ba689de3b521b9c7b96dbfebce41d55f26b0a9db97f3d074133edcfe40d
REF-0040,WATER_TREATMENT,CMAR,US-SOUTHEAST,18924.941,12.365,92.859,7,0.685487,0.547904,0.94,152392813.38,DEVELOPMENT,SYNTHETIC_RESEARCH_FIXTURE,OG-SYNTH-0.3,B1-0.3,build_opus_synthetic_programme_v0_3.py@0.3,20260812,True,5e6aa5f067451b3eadb73bcd25420ed2fe6f1843a54215240c5c5523cdbb9748
REF-0041,RAIL_STATION,CMAR,US-SOUTHEAST,1514.84,19.809,57.412,1,0.830303,0.88557,0.94,163806267.49,DEVELOPMENT,SYNTHETIC_RESEARCH_FIXTURE,OG-SYNTH-0.3,B1-0.3,build_opus_synthetic_programme_v0_3.py@0.3,20260812,True,7c261feba9b3f7a40559f4704c1c584425aa68385fa586406d35535d7fc28e6f
REF-0042,DATA_CENTER,CMAR,US-SOUTHEAST,30505.946,6.254,82.3,1,0.859766,0.585251,0.94,161486724.55,DEVELOPMENT,SYNTHETIC_RESEARCH_FIXTURE,OG-SYNTH-0.3,B1-0.3,build_opus_synthetic_programme_v0_3.py@0.3,20260812,True,fa3fb6ef0c6faec5745a2bbed21c59a3e061c9556098a97c04a82cfb607f4295
REF-0043,AIRPORT_TERMINAL,EPCM,US-SOUTHEAST,48466.941,0.0,38.589,1,0.585912,0.461098,0.94,162933027.48,DEVELOPMENT,SYNTHETIC_RESEARCH_FIXTURE,OG-SYNTH-0.3,B1-0.3,build_opus_synthetic_programme_v0_3.py@0.3,20260812,True,cb4ff271f0d9da741bed01db6cbad5c88b00a6996c64aea3593d0550c2e79ca5
REF-0044,HIGHWAY_CORRIDOR,EPCM,US-SOUTHEAST,12869.739,0.0,48.056,1,0.445295,0.754255,0.94,78594035.64,DEVELOPMENT,SYNTHETIC_RESEARCH_FIXTURE,OG-SYNTH-0.3,B1-0.3,build_opus_synthetic_programme_v0_3.py@0.3,20260812,True,2f3a18b44740e2a128974a91e2b1c5147d12a34ca8c3c1a79dca6a03115a323c
REF-0045,VERTICAL_HOSPITAL,EPCM,US-SOUTHEAST,60220.229,9.926,87.761,10,0.710797,0.827764,0.94,232400014.1,LOCKED_HOLDOUT,SYNTHETIC_RESEARCH_FIXTURE,OG-SYNTH-0.3,B1-0.3,build_opus_synthetic_programme_v0_3.py@0.3,20260812,True,083befd9fee3aca88bc9f552377bcbbdc1f9eed40cfec445542a3102ab7af23a
REF-0046,WATER_TREATMENT,EPCM,US-SOUTHEAST,11467.667,5.242,106.463,1,0.693819,0.45781,0.94,135468095.48,DEVELOPMENT,SYNTHETIC_RESEARCH_FIXTURE,OG-SYNTH-0.3,B1-0.3,build_opus_synthetic_programme_v0_3.py@0.3,20260812,True,74e3c748d18afc0bb5d4c0b601f9b6c39c2766626f243d51a4708918161ff5ef
REF-0047,RAIL_STATION,EPCM,US-SOUTHEAST,3847.332,23.006,36.12,3,0.787959,0.35,0.94,182702379.02,DEVELOPMENT,SYNTHETIC_RESEARCH_FIXTURE,OG-SYNTH-0.3,B1-0.3,build_opus_synthetic_programme_v0_3.py@0.3,20260812,True,04b17aae6719911c805a239dcac4ca4623545e236645f89e8b1241f33aff7c0a
REF-0048,DATA_CENTER,EPCM,US-SOUTHEAST,61395.499,7.65,141.654,9,0.2927,0.763948,0.94,191157863.48,DEVELOPMENT,SYNTHETIC_RESEARCH_FIXTURE,OG-SYNTH-0.3,B1-0.3,build_opus_synthetic_programme_v0_3.py@0.3,20260812,True,c35413ca4b3474bd30a491a2672b7467423859ecb19da428facfe5cd74ec9a8d
REF-0049,AIRPORT_TERMINAL,DESIGN_BID_BUILD,US-MIDWEST,38778.478,10.937,49.438,4,0.282455,0.890305,0.91,173864959.26,LOCKED_HOLDOUT,SYNTHETIC_RESEARCH_FIXTURE,OG-SYNTH-0.3,B1-0.3,build_opus_synthetic_programme_v0_3.py@0.3,20260812,True,bb461b3b8b9b7311a35d3c986dd6f966fcac7559f95555ca2997bb347b7c250a
REF-0050,HIGHWAY_CORRIDOR,DESIGN_BID_BUILD,US-MIDWEST,20203.448,14.11,97.533,1,0.54195,0.740168,0.91,141147272.37,DEVELOPMENT,SYNTHETIC_RESEARCH_FIXTURE,OG-SYNTH-0.3,B1-0.3,build_opus_synthetic_programme_v0_3.py@0.3,20260812,True,0d3af21be22eadc63e0bd91fe1f73fcca74e092330a9727ffa648f7adb204243
REF-0051,VERTICAL_HOSPITAL,DESIGN_BID_BUILD,US-MIDWEST,48720.777,8.579,23.304,3,0.712124,0.757447,0.91,209750891.98,VALIDATION,SYNTHETIC_RESEARCH_FIXTURE,OG-SYNTH-0.3,B1-0.3,build_opus_synthetic_programme_v0_3.py@0.3,20260812,True,fa47292f8cf16322cef04adad85117bb08c30c53eba5a7128bd5bf1a52fee124
REF-0052,WATER_TREATMENT,DESIGN_BID_BUILD,US-MIDWEST,1063.731,8.591,96.323,2,0.367575,0.729084,0.91,101584681.53,LOCKED_HOLDOUT,SYNTHETIC_RESEARCH_FIXTURE,OG-SYNTH-0.3,B1-0.3,build_opus_synthetic_programme_v0_3.py@0.3,20260812,True,8eab277303f16a1078f70e1ea70fab6fe296cd06ee34ce21619bb8dc00499dea
REF-0053,RAIL_STATION,DESIGN_BID_BUILD,US-MIDWEST,729.759,23.185,65.987,7,0.497823,0.922758,0.91,177819595.52,DEVELOPMENT,SYNTHETIC_RESEARCH_FIXTURE,OG-SYNTH-0.3,B1-0.3,build_opus_synthetic_programme_v0_3.py@0.3,20260812,True,c2951ffc7f562cac789acb09c5417cf637021260c7f758cdd10336d27be0ef3f
REF-0054,DATA_CENTER,DESIGN_BID_BUILD,US-MIDWEST,35598.419,7.609,143.934,1,0.702639,0.862434,0.91,164906570.36,DEVELOPMENT,SYNTHETIC_RESEARCH_FIXTURE,OG-SYNTH-0.3,B1-0.3,build_opus_synthetic_programme_v0_3.py@0.3,20260812,True,db5602431962f07c7c710fd8283aeca4fcfe5b5ac7f7463235e2f8c904b150f0
REF-0055,AIRPORT_TERMINAL,DESIGN_BUILD,US-MIDWEST,33923.501,0.0,81.154,3,0.739889,0.759129,0.91,165202429.52,LOCKED_HOLDOUT,SYNTHETIC_RESEARCH_FIXTURE,OG-SYNTH-0.3,B1-0.3,build_opus_synthetic_programme_v0_3.py@0.3,20260812,True,2b7cb3c094f6fd7d3783d432bfa3763a64d63222be20ec2b94c955a0ce6bf998
REF-0056,HIGHWAY_CORRIDOR,DESIGN_BUILD,US-MIDWEST,1580.684,17.041,68.849,1,0.547596,0.758276,0.91,127236700.9,DEVELOPMENT,SYNTHETIC_RESEARCH_FIXTURE,OG-SYNTH-0.3,B1-0.3,build_opus_synthetic_programme_v0_3.py@0.3,20260812,True,d281ec4f08b5d230f4597007594298a1f184a66a2796742d3f43a168b5d5a13a
REF-0057,VERTICAL_HOSPITAL,DESIGN_BUILD,US-MIDWEST,27570.869,2.976,52.919,15,0.222411,0.760029,0.91,153512079.21,DEVELOPMENT,SYNTHETIC_RESEARCH_FIXTURE,OG-SYNTH-0.3,B1-0.3,build_opus_synthetic_programme_v0_3.py@0.3,20260812,True,dbc997335c97f51328ae9be52193f7028dded5fe4b03b29f5bc199f0ca822a34
REF-0058,WATER_TREATMENT,DESIGN_BUILD,US-MIDWEST,37760.973,0.0,92.687,5,0.560504,0.805462,0.91,132363914.68,DEVELOPMENT,SYNTHETIC_RESEARCH_FIXTURE,OG-SYNTH-0.3,B1-0.3,build_opus_synthetic_programme_v0_3.py@0.3,20260812,True,9475888e19e7f2f48a894d4307d898294fd28c59caa5ca948e4e0b138a38086d
REF-0059,RAIL_STATION,DESIGN_BUILD,US-MIDWEST,12795.853,15.714,72.792,5,0.310596,0.482514,0.91,148718228.91,LOCKED_HOLDOUT,SYNTHETIC_RESEARCH_FIXTURE,OG-SYNTH-0.3,B1-0.3,build_opus_synthetic_programme_v0_3.py@0.3,20260812,True,87e72817d85de231b7567b8c418650c6e66eeebf847d2f03c4d43a6bce9435cd
REF-0060,DATA_CENTER,DESIGN_BUILD,US-MIDWEST,70346.668,5.799,135.538,6,0.6957,0.496326,0.91,183567645.92,DEVELOPMENT,SYNTHETIC_RESEARCH_FIXTURE,OG-SYNTH-0.3,B1-0.3,build_opus_synthetic_programme_v0_3.py@0.3,20260812,True,91218926833565a5abe751571e2181d596960bd80de7b14afd54fd846ec96097
REF-0061,AIRPORT_TERMINAL,CMAR,US-MIDWEST,56780.144,0.0,1.0,7,0.684198,0.690562,0.91,163162415.65,LOCKED_HOLDOUT,SYNTHETIC_RESEARCH_FIXTURE,OG-SYNTH-0.3,B1-0.3,build_opus_synthetic_programme_v0_3.py@0.3,20260812,True,162e9bd52a819054f76d3700fe26ea4a5c39403b48b998e59e4eb6721cf47ef3
REF-0062,HIGHWAY_CORRIDOR,CMAR,US-MIDWEST,4950.027,24.755,40.525,3,0.218624,0.430084,0.91,127176658.48,DEVELOPMENT,SYNTHETIC_RESEARCH_FIXTURE,OG-SYNTH-0.3,B1-0.3,build_opus_synthetic_programme_v0_3.py@0.3,20260812,True,372578e6e8e039ba27ee09b55d6f3baa27f373a3300e5ce23eec18da755e7466
REF-0063,VERTICAL_HOSPITAL,CMAR,US-MIDWEST,37708.93,5.239,76.239,8,0.90983,0.705978,0.91,193634442.51,VALIDATION,SYNTHETIC_RESEARCH_FIXTURE,OG-SYNTH-0.3,B1-0.3,build_opus_synthetic_programme_v0_3.py@0.3,20260812,True,517af4cdc8579d68bda2661dfa9925cb26e7a05f25e5fc8c071bf40b6f90d68c
REF-0064,WATER_TREATMENT,CMAR,US-MIDWEST,0.0,5.479,138.63,4,0.2105,0.35,0.91,106005107.04,LOCKED_HOLDOUT,SYNTHETIC_RESEARCH_FIXTURE,OG-SYNTH-0.3,B1-0.3,build_opus_synthetic_programme_v0_3.py@0.3,20260812,True,05764fe492db2bbc8a386ff4b4eb2fc9f7ef346d174a40892480374ab839c722
REF-0065,RAIL_STATION,CMAR,US-MIDWEST,21424.631,21.241,25.136,7,0.567552,0.454696,0.91,178236221.34,DEVELOPMENT,SYNTHETIC_RESEARCH_FIXTURE,OG-SYNTH-0.3,B1-0.3,build_opus_synthetic_programme_v0_3.py@0.3,20260812,True,3b484686c0525006059381b3fc893cd0b1ac52cae6a691f998a2f6070db1a919
REF-0066,DATA_CENTER,CMAR,US-MIDWEST,54499.17,2.196,88.291,2,0.260774,0.661837,0.91,137238092.72,DEVELOPMENT,SYNTHETIC_RESEARCH_FIXTURE,OG-SYNTH-0.3,B1-0.3,build_opus_synthetic_programme_v0_3.py@0.3,20260812,True,595769aea097e88b3f4b97edb2202401e6a0b649142d6fd6e256aa93f9c3af03
REF-0067,AIRPORT_TERMINAL,EPCM,US-MIDWEST,51170.867,8.065,47.138,2,0.442319,0.916844,0.91,183427402.96,VALIDATION,SYNTHETIC_RESEARCH_FIXTURE,OG-SYNTH-0.3,B1-0.3,build_opus_synthetic_programme_v0_3.py@0.3,20260812,True,716751f213c4e4e63fc12dd88c08f7eea0690d82898cc87b9727c73a10f90d02
REF-0068,HIGHWAY_CORRIDOR,EPCM,US-MIDWEST,21347.006,16.759,21.419,2,0.373819,0.581329,0.91,139268906.34,DEVELOPMENT,SYNTHETIC_RESEARCH_FIXTURE,OG-SYNTH-0.3,B1-0.3,build_opus_synthetic_programme_v0_3.py@0.3,20260812,True,18de49a0caa49d8e71437dda807ceed02bad1b0a23b09026d1320b61fe12e8e3
REF-0069,VERTICAL_HOSPITAL,EPCM,US-MIDWEST,47850.478,0.0,66.999,10,0.489227,0.648783,0.91,175632598.7,DEVELOPMENT,SYNTHETIC_RESEARCH_FIXTURE,OG-SYNTH-0.3,B1-0.3,build_opus_synthetic_programme_v0_3.py@0.3,20260812,True,69332feaf187d38571f1d0afda87cfe82f1a48cbfabe721a08c3d8dbccb7983f
REF-0070,WATER_TREATMENT,EPCM,US-MIDWEST,0.0,0.0,116.501,1,0.681741,0.902183,0.91,107668498.62,DEVELOPMENT,SYNTHETIC_RESEARCH_FIXTURE,OG-SYNTH-0.3,B1-0.3,build_opus_synthetic_programme_v0_3.py@0.3,20260812,True,9778be2cc9e78aecef8816cd53673999e132e8de671e12609d54a1909bbef7ab
REF-0071,RAIL_STATION,EPCM,US-MIDWEST,10602.495,18.179,36.767,3,0.501753,0.788793,0.91,146137069.85,VALIDATION,SYNTHETIC_RESEARCH_FIXTURE,OG-SYNTH-0.3,B1-0.3,build_opus_synthetic_programme_v0_3.py@0.3,20260812,True,f7a07d59457280009fd8a6d3b78e2c0839f6bd586b0d9ea27970a3006799cdc3
REF-0072,DATA_CENTER,EPCM,US-MIDWEST,48417.239,10.93,132.365,2,0.589785,0.826685,0.91,184207267.38,VALIDATION,SYNTHETIC_RESEARCH_FIXTURE,OG-SYNTH-0.3,B1-0.3,build_opus_synthetic_programme_v0_3.py@0.3,20260812,True,c3756b455c2d72ee5274e3c21b168adbce44587aea49190f60ee86c342e4a836
REF-0073,AIRPORT_TERMINAL,DESIGN_BID_BUILD,US-WEST,43420.737,0.561,58.903,3,0.76886,0.772086,1.12,213286750.4,DEVELOPMENT,SYNTHETIC_RESEARCH_FIXTURE,OG-SYNTH-0.3,B1-0.3,build_opus_synthetic_programme_v0_3.py@0.3,20260812,True,4901c620500c75712de022f18754d05bd039e8e185f3f5e7215025f99e6d5a01
REF-0074,HIGHWAY_CORRIDOR,DESIGN_BID_BUILD,US-WEST,11545.065,15.137,87.182,6,0.90545,0.455064,1.12,197058310.06,DEVELOPMENT,SYNTHETIC_RESEARCH_FIXTURE,OG-SYNTH-0.3,B1-0.3,build_opus_synthetic_programme_v0_3.py@0.3,20260812,True,fc121b071e403297286236dd2bae887a02f2fd743a16fa21ee473d5b67f4658a
REF-0075,VERTICAL_HOSPITAL,DESIGN_BID_BUILD,US-WEST,49043.053,6.895,26.84,12,0.47514,0.661656,1.12,240968809.6,LOCKED_HOLDOUT,SYNTHETIC_RESEARCH_FIXTURE,OG-SYNTH-0.3,B1-0.3,build_opus_synthetic_programme_v0_3.py@0.3,20260812,True,f4c7f9446510877e3fea306ec72a18308dbe9f3cbfad2168a63b85364ce07121
REF-0076,WATER_TREATMENT,DESIGN_BID_BUILD,US-WEST,0.0,11.874,147.544,4,0.604051,0.938435,1.12,180557259.95,DEVELOPMENT,SYNTHETIC_RESEARCH_FIXTURE,OG-SYNTH-0.3,B1-0.3,build_opus_synthetic_programme_v0_3.py@0.3,20260812,True,eee6a3465a793c649565bc1b2cb5f3d0c025bc1ab7b395c3a622581b5bcb6c41
REF-0077,RAIL_STATION,DESIGN_BID_BUILD,US-WEST,20620.38,18.307,60.761,1,0.811647,0.786195,1.12,214780796.53,DEVELOPMENT,SYNTHETIC_RESEARCH_FIXTURE,OG-SYNTH-0.3,B1-0.3,build_opus_synthetic_programme_v0_3.py@0.3,20260812,True,3d27d27898f3bb4d1c8a99c05e71d4610f0231b0bc4c4b1b8e0d466fd0e163a5
REF-0078,DATA_CENTER,DESIGN_BID_BUILD,US-WEST,49590.378,0.0,104.712,1,0.085065,0.6618,1.12,153274158.97,VALIDATION,SYNTHETIC_RESEARCH_FIXTURE,OG-SYNTH-0.3,B1-0.3,build_opus_synthetic_programme_v0_3.py@0.3,20260812,True,274a3da7c1e3d7567a8844ff23f3ed99d9a996de60fe49f39d7f3892df9fec93
REF-0079,AIRPORT_TERMINAL,DESIGN_BUILD,US-WEST,48940.637,0.0,81.22,5,0.260301,0.784346,1.12,194999670.58,LOCKED_HOLDOUT,SYNTHETIC_RESEARCH_FIXTURE,OG-SYNTH-0.3,B1-0.3,build_opus_synthetic_programme_v0_3.py@0.3,20260812,True,6714f229ed075a5c6671652d2f9b44b7f45b4c78b24fed5842dd18879346432f
REF-0080,HIGHWAY_CORRIDOR,DESIGN_BUILD,US-WEST,21377.742,25.412,130.367,1,0.677178,0.564919,1.12,210039357.78,LOCKED_HOLDOUT,SYNTHETIC_RESEARCH_FIXTURE,OG-SYNTH-0.3,B1-0.3,build_opus_synthetic_programme_v0_3.py@0.3,20260812,True,d1adc9898e3e1607a8748f1b71e9eb576dec123137350e7565a4a4e363cf7bf3
REF-0081,VERTICAL_HOSPITAL,DESIGN_BUILD,US-WEST,64069.937,5.304,56.469,8,0.480693,0.884542,1.12,246709205.54,DEVELOPMENT,SYNTHETIC_RESEARCH_FIXTURE,OG-SYNTH-0.3,B1-0.3,build_opus_synthetic_programme_v0_3.py@0.3,20260812,True,7f2374cbfc70b33473848193c136cc9826d1be8987d74fa5291bcb4894d62d5c
REF-0082,WATER_TREATMENT,DESIGN_BUILD,US-WEST,0.0,1.641,97.527,7,0.733095,0.842918,1.12,140968080.11,VALIDATION,SYNTHETIC_RESEARCH_FIXTURE,OG-SYNTH-0.3,B1-0.3,build_opus_synthetic_programme_v0_3.py@0.3,20260812,True,0d45ffe01bf63724ba82fefcf8d5abd1b8ca5a4ee74aee910e96955718c59b6c
REF-0083,RAIL_STATION,DESIGN_BUILD,US-WEST,6546.658,26.04,62.161,1,0.469431,0.35,1.12,195775236.83,DEVELOPMENT,SYNTHETIC_RESEARCH_FIXTURE,OG-SYNTH-0.3,B1-0.3,build_opus_synthetic_programme_v0_3.py@0.3,20260812,True,4297c178e14e0b641467b486265c33d0323d70dba9141143d600815a40e3094b
REF-0084,DATA_CENTER,DESIGN_BUILD,US-WEST,36128.687,0.0,73.882,4,0.142743,0.526909,1.12,137375785.16,DEVELOPMENT,SYNTHETIC_RESEARCH_FIXTURE,OG-SYNTH-0.3,B1-0.3,build_opus_synthetic_programme_v0_3.py@0.3,20260812,True,37695046aa865fe34c550b134025c57c9a4b814f2673f4a71938427ca98337a9
REF-0085,AIRPORT_TERMINAL,CMAR,US-WEST,47937.274,0.0,78.674,4,0.624011,0.719783,1.12,211277691.92,DEVELOPMENT,SYNTHETIC_RESEARCH_FIXTURE,OG-SYNTH-0.3,B1-0.3,build_opus_synthetic_programme_v0_3.py@0.3,20260812,True,e9112b1c350fc159427da05943904bc6f17afd5e0fae4b2b6b21cb63e3fbb6a9
REF-0086,HIGHWAY_CORRIDOR,CMAR,US-WEST,0.0,20.066,64.935,10,0.687845,0.99,1.12,188404982.71,DEVELOPMENT,SYNTHETIC_RESEARCH_FIXTURE,OG-SYNTH-0.3,B1-0.3,build_opus_synthetic_programme_v0_3.py@0.3,20260812,True,6be8cac7d8da77adc8603064f4432a7a0addc8e0f83518edc1040dfd2e272c35
REF-0087,VERTICAL_HOSPITAL,CMAR,US-WEST,53536.193,4.537,20.548,14,0.690767,0.823083,1.12,247443234.39,DEVELOPMENT,SYNTHETIC_RESEARCH_FIXTURE,OG-SYNTH-0.3,B1-0.3,build_opus_synthetic_programme_v0_3.py@0.3,20260812,True,57d42ad6f3a6cac2ec18d57db3b616de9318e46ebf4d4a360a8a1d8a2df1b2b7
REF-0088,WATER_TREATMENT,CMAR,US-WEST,10420.102,0.0,120.723,4,0.368964,0.729949,1.12,126604259.4,VALIDATION,SYNTHETIC_RESEARCH_FIXTURE,OG-SYNTH-0.3,B1-0.3,build_opus_synthetic_programme_v0_3.py@0.3,20260812,True,c8e5ba155ede7cca096175c17c858a304e717176ef329c7d2ad646573ee947b4
REF-0089,RAIL_STATION,CMAR,US-WEST,24959.884,19.767,107.125,4,0.808758,0.533611,1.12,223300652.22,DEVELOPMENT,SYNTHETIC_RESEARCH_FIXTURE,OG-SYNTH-0.3,B1-0.3,build_opus_synthetic_programme_v0_3.py@0.3,20260812,True,e4d410ccff17c6719f7b958290d0f0b41084c4add0894ee51ec579a353696d60
REF-0090,DATA_CENTER,CMAR,US-WEST,50927.472,6.946,137.182,7,0.467337,0.678902,1.12,199098572.3,DEVELOPMENT,SYNTHETIC_RESEARCH_FIXTURE,OG-SYNTH-0.3,B1-0.3,build_opus_synthetic_programme_v0_3.py@0.3,20260812,True,036a41f69303da52a2cc745e0784478672d038a92d716eca16d804707a1e3543
REF-0091,AIRPORT_TERMINAL,EPCM,US-WEST,59268.883,8.658,54.557,1,0.467333,0.928456,1.12,243098078.77,DEVELOPMENT,SYNTHETIC_RESEARCH_FIXTURE,OG-SYNTH-0.3,B1-0.3,build_opus_synthetic_programme_v0_3.py@0.3,20260812,True,7c5a2df7f31c86e36d03d340d75e97e449d91005a2506a63818ef63dd99f7c67
REF-0092,HIGHWAY_CORRIDOR,EPCM,US-WEST,21599.922,19.246,15.031,1,0.574276,0.977096,1.12,170747632.96,VALIDATION,SYNTHETIC_RESEARCH_FIXTURE,OG-SYNTH-0.3,B1-0.3,build_opus_synthetic_programme_v0_3.py@0.3,20260812,True,d12895bc232d26510ef4a4c62d360954443ddb1108ee912c24e6f8dbcfe29124
REF-0093,VERTICAL_HOSPITAL,EPCM,US-WEST,41820.092,2.491,63.825,3,0.730888,0.576481,1.12,239889546.24,DEVELOPMENT,SYNTHETIC_RESEARCH_FIXTURE,OG-SYNTH-0.3,B1-0.3,build_opus_synthetic_programme_v0_3.py@0.3,20260812,True,0c7cf98e7b5a4ed5ff59a365e0547809849907c92bac9711acdf3aaeaef5ac51
REF-0094,WATER_TREATMENT,EPCM,US-WEST,42591.005,1.623,172.809,5,0.355676,0.796134,1.12,181165525.81,DEVELOPMENT,SYNTHETIC_RESEARCH_FIXTURE,OG-SYNTH-0.3,B1-0.3,build_opus_synthetic_programme_v0_3.py@0.3,20260812,True,eda8951fa29045ec7020325bfe9123c8e452e67f6736bbef17823f686f2e41c9
REF-0095,RAIL_STATION,EPCM,US-WEST,16593.175,20.485,28.477,1,0.378458,0.35,1.12,189218236.35,VALIDATION,SYNTHETIC_RESEARCH_FIXTURE,OG-SYNTH-0.3,B1-0.3,build_opus_synthetic_programme_v0_3.py@0.3,20260812,True,37b616393ad1c0be04208ca447ad686f2f9a91afb13126bb8c9590ae7585fb52
REF-0096,DATA_CENTER,EPCM,US-WEST,15583.781,1.717,147.013,4,0.490661,0.756515,1.12,146738652.71,LOCKED_HOLDOUT,SYNTHETIC_RESEARCH_FIXTURE,OG-SYNTH-0.3,B1-0.3,build_opus_synthetic_programme_v0_3.py@0.3,20260812,True,168c4fa1fcda984764e9316627e41f41a3c75460e2f68a83724ea15610c33d5e
REF-0097,AIRPORT_TERMINAL,DESIGN_BID_BUILD,US-NORTHEAST,43574.153,9.738,27.804,6,0.557897,0.718367,1.18,240933740.15,LOCKED_HOLDOUT,SYNTHETIC_RESEARCH_FIXTURE,OG-SYNTH-0.3,B1-0.3,build_opus_synthetic_programme_v0_3.py@0.3,20260812,True,8e21d029db52e44996d05e303c14e3ec8628dc9aa852a38f648a831816a9cade
REF-0098,HIGHWAY_CORRIDOR,DESIGN_BID_BUILD,US-NORTHEAST,0.0,21.168,32.172,4,0.844121,0.902715,1.18,196461348.52,VALIDATION,SYNTHETIC_RESEARCH_FIXTURE,OG-SYNTH-0.3,B1-0.3,build_opus_synthetic_programme_v0_3.py@0.3,20260812,True,7ac6e9ff8b7d5cdc518eccc794bbfbff487139a5d2ad7b29371821f5d0f5a742
REF-0099,VERTICAL_HOSPITAL,DESIGN_BID_BUILD,US-NORTHEAST,47994.029,0.0,72.581,9,0.805836,0.743887,1.18,259168304.34,DEVELOPMENT,SYNTHETIC_RESEARCH_FIXTURE,OG-SYNTH-0.3,B1-0.3,build_opus_synthetic_programme_v0_3.py@0.3,20260812,True,40a885d88e201718a5c2f6f4d178e2859efdfd463266a78bbd5b509cca8ff15e
REF-0100,WATER_TREATMENT,DESIGN_BID_BUILD,US-NORTHEAST,2997.539,0.0,130.949,5,0.122843,0.584721,1.18,117164936.01,DEVELOPMENT,SYNTHETIC_RESEARCH_FIXTURE,OG-SYNTH-0.3,B1-0.3,build_opus_synthetic_programme_v0_3.py@0.3,20260812,True,f246a800466ac975cbae8dea166391b68a1003360c2d5412fef1ec8ccbf92f1d
REF-0101,RAIL_STATION,DESIGN_BID_BUILD,US-NORTHEAST,7696.49,23.216,48.117,2,0.862494,0.789579,1.18,248726373.65,DEVELOPMENT,SYNTHETIC_RESEARCH_FIXTURE,OG-SYNTH-0.3,B1-0.3,build_opus_synthetic_programme_v0_3.py@0.3,20260812,True,f830712beded3c3ec55bb9b229c7deb0a5fa08b2c55f016b9989bb5e9e5383dd
REF-0102,DATA_CENTER,DESIGN_BID_BUILD,US-NORTHEAST,57750.9,1.737,148.949,6,0.247963,0.942057,1.18,206295423.51,LOCKED_HOLDOUT,SYNTHETIC_RESEARCH_FIXTURE,OG-SYNTH-0.3,B1-0.3,build_opus_synthetic_programme_v0_3.py@0.3,20260812,True,5ae0750e33c51837b0353cb0ebceae6bd07463dad1acf2a6de93e681a9c0b9f1
REF-0103,AIRPORT_TERMINAL,DESIGN_BUILD,US-NORTHEAST,38632.29,0.0,26.664,4,0.092168,0.693093,1.18,167875505.1,LOCKED_HOLDOUT,SYNTHETIC_RESEARCH_FIXTURE,OG-SYNTH-0.3,B1-0.3,build_opus_synthetic_programme_v0_3.py@0.3,20260812,True,ed19cd35ccf0192283f68f83234712f088de6cb2df633e69db349d9fb7a5e6a7
REF-0104,HIGHWAY_CORRIDOR,DESIGN_BUILD,US-NORTHEAST,1682.586,15.007,54.514,3,0.571356,0.734535,1.18,156177306.61,LOCKED_HOLDOUT,SYNTHETIC_RESEARCH_FIXTURE,OG-SYNTH-0.3,B1-0.3,build_opus_synthetic_programme_v0_3.py@0.3,20260812,True,94088e2c27bc1f206881017de3c67fdcb85ec026f27aa95f013043c580ca405a
REF-0105,VERTICAL_HOSPITAL,DESIGN_BUILD,US-NORTHEAST,47739.306,0.0,10.07,12,0.354708,0.878045,1.18,210128778.77,DEVELOPMENT,SYNTHETIC_RESEARCH_FIXTURE,OG-SYNTH-0.3,B1-0.3,build_opus_synthetic_programme_v0_3.py@0.3,20260812,True,5248d45a725fe752779cf91400e9e4951778e72ed4c6f649762cf4c8aa900a2a
REF-0106,WATER_TREATMENT,DESIGN_BUILD,US-NORTHEAST,13593.605,5.932,157.75,6,0.099109,0.761011,1.18,150842631.05,VALIDATION,SYNTHETIC_RESEARCH_FIXTURE,OG-SYNTH-0.3,B1-0.3,build_opus_synthetic_programme_v0_3.py@0.3,20260812,True,a9222e2ba0363b67ac4ecb71f3096b3d308578ec7a5d55d72ed55149a1afd03a
REF-0107,RAIL_STATION,DESIGN_BUILD,US-NORTHEAST,8844.253,28.982,47.857,5,0.209503,0.923677,1.18,219251448.65,DEVELOPMENT,SYNTHETIC_RESEARCH_FIXTURE,OG-SYNTH-0.3,B1-0.3,build_opus_synthetic_programme_v0_3.py@0.3,20260812,True,a18cefca0556ba499e6a9a01464f1de74a1eeb957f730510adab556f00c513d6
REF-0108,DATA_CENTER,DESIGN_BUILD,US-NORTHEAST,34013.162,4.254,90.099,6,0.546721,0.742582,1.18,191970140.12,DEVELOPMENT,SYNTHETIC_RESEARCH_FIXTURE,OG-SYNTH-0.3,B1-0.3,build_opus_synthetic_programme_v0_3.py@0.3,20260812,True,27a524d9774c2ce378219104c7b764a60884b14fe8459da67e19017ee65f194b
REF-0109,AIRPORT_TERMINAL,CMAR,US-NORTHEAST,35532.146,0.778,70.937,4,0.699427,0.622652,1.18,209421473.94,DEVELOPMENT,SYNTHETIC_RESEARCH_FIXTURE,OG-SYNTH-0.3,B1-0.3,build_opus_synthetic_programme_v0_3.py@0.3,20260812,True,54d165165a4ca651d0eeef2f7418d14c4d382c37893f620d5f3edadc2ab71816
REF-0110,HIGHWAY_CORRIDOR,CMAR,US-NORTHEAST,4200.15,14.069,41.922,1,0.378307,0.870397,1.18,140033362.62,DEVELOPMENT,SYNTHETIC_RESEARCH_FIXTURE,OG-SYNTH-0.3,B1-0.3,build_opus_synthetic_programme_v0_3.py@0.3,20260812,True,d5459a63a9c8c7d5fe53f422c8f512a00357dd273903448d2de56312ea0ebcbd
REF-0111,VERTICAL_HOSPITAL,CMAR,US-NORTHEAST,47604.028,5.518,77.906,10,0.88781,0.84348,1.18,276090112.23,VALIDATION,SYNTHETIC_RESEARCH_FIXTURE,OG-SYNTH-0.3,B1-0.3,build_opus_synthetic_programme_v0_3.py@0.3,20260812,True,8cdefe70f45fd4475fd1371cccd24c750ecccd0644a34cd14ac4959a0000871c
REF-0112,WATER_TREATMENT,CMAR,US-NORTHEAST,14722.347,0.0,91.451,2,0.758834,0.718771,1.18,159096687.21,DEVELOPMENT,SYNTHETIC_RESEARCH_FIXTURE,OG-SYNTH-0.3,B1-0.3,build_opus_synthetic_programme_v0_3.py@0.3,20260812,True,a915c8323e56de1ff33b83c90aed4f1f2bc3901b3e453e28b889747530708cf4
REF-0113,RAIL_STATION,CMAR,US-NORTHEAST,21622.664,27.533,98.407,2,0.621595,0.355711,1.18,263493622.13,DEVELOPMENT,SYNTHETIC_RESEARCH_FIXTURE,OG-SYNTH-0.3,B1-0.3,build_opus_synthetic_programme_v0_3.py@0.3,20260812,True,63536aabb506aae8c0b084a363d08aec118122b92f7e358f3b30a056305086e6
REF-0114,DATA_CENTER,CMAR,US-NORTHEAST,35842.764,7.231,111.934,6,0.390465,0.572833,1.18,196593773.73,DEVELOPMENT,SYNTHETIC_RESEARCH_FIXTURE,OG-SYNTH-0.3,B1-0.3,build_opus_synthetic_programme_v0_3.py@0.3,20260812,True,b422516f49285ff830654b1342c56cc9e41ad6da74724113722ba035ce09dcbd
REF-0115,AIRPORT_TERMINAL,EPCM,US-NORTHEAST,47864.574,1.578,47.759,1,0.613592,0.727923,1.18,221536855.47,LOCKED_HOLDOUT,SYNTHETIC_RESEARCH_FIXTURE,OG-SYNTH-0.3,B1-0.3,build_opus_synthetic_programme_v0_3.py@0.3,20260812,True,4cf8cb707d33c9a4b28fc818d830f67b2f9a7f3091ad031e7192c178cc07a710
REF-0116,HIGHWAY_CORRIDOR,EPCM,US-NORTHEAST,0.0,16.32,100.666,4,0.311704,0.870274,1.18,161471372.54,VALIDATION,SYNTHETIC_RESEARCH_FIXTURE,OG-SYNTH-0.3,B1-0.3,build_opus_synthetic_programme_v0_3.py@0.3,20260812,True,732ac406b1842a006a4a412c204b8698b8c3fc6b7004855a349cb23476c64ff7
REF-0117,VERTICAL_HOSPITAL,EPCM,US-NORTHEAST,59059.49,0.628,32.144,11,0.387914,0.35,1.18,234879439.08,DEVELOPMENT,SYNTHETIC_RESEARCH_FIXTURE,OG-SYNTH-0.3,B1-0.3,build_opus_synthetic_programme_v0_3.py@0.3,20260812,True,acda7b14e3b40a95884b30b1d3d553a3b59c8fe4566d90bdca18be0476c7ae79
REF-0118,WATER_TREATMENT,EPCM,US-NORTHEAST,10711.738,5.294,126.179,6,0.642605,0.417907,1.18,176179304.46,DEVELOPMENT,SYNTHETIC_RESEARCH_FIXTURE,OG-SYNTH-0.3,B1-0.3,build_opus_synthetic_programme_v0_3.py@0.3,20260812,True,391b38fc373143e8496331d92b880b4416ee751f96135de48db242a2752731ae
REF-0119,RAIL_STATION,EPCM,US-NORTHEAST,488.519,16.851,58.209,9,0.271612,0.941706,1.18,203302874.69,DEVELOPMENT,SYNTHETIC_RESEARCH_FIXTURE,OG-SYNTH-0.3,B1-0.3,build_opus_synthetic_programme_v0_3.py@0.3,20260812,True,bd2b282f37eb289b4cab2168f247fa8d59011038eeb2991e92f2d3e3c4c4c49e
REF-0120,DATA_CENTER,EPCM,US-NORTHEAST,60077.241,2.797,165.938,6,0.586286,0.525908,1.18,234407964.0,DEVELOPMENT,SYNTHETIC_RESEARCH_FIXTURE,OG-SYNTH-0.3,B1-0.3,build_opus_synthetic_programme_v0_3.py@0.3,20260812,True,bed61ab34cfd0737b72e84886af0e86b4180ccb885b82937f850ea5f47cf4099
REF-0121,AIRPORT_TERMINAL,DESIGN_BID_BUILD,US-SOUTHEAST,21863.66,0.633,96.954,1,0.65639,0.35,0.94,146311834.88,DEVELOPMENT,SYNTHETIC_RESEARCH_FIXTURE,OG-SYNTH-0.3,B1-0.3,build_opus_synthetic_programme_v0_3.py@0.3,20260812,True,07486cd5a9aab7d9bb10286f15162249ac27cdad73ade2a4b0fa82a12b8c76a5
REF-0122,HIGHWAY_CORRIDOR,DESIGN_BID_BUILD,US-SOUTHEAST,22429.773,24.497,1.0,1,0.645581,0.904852,0.94,162455576.92,DEVELOPMENT,SYNTHETIC_RESEARCH_FIXTURE,OG-SYNTH-0.3,B1-0.3,build_opus_synthetic_programme_v0_3.py@0.3,20260812,True,b72be5a2ccfb0add204f4056dd45489ad229e70e6e634b083759c1d54edb54c2
REF-0123,VERTICAL_HOSPITAL,DESIGN_BID_BUILD,US-SOUTHEAST,46030.144,4.895,61.352,9,0.694079,0.802191,0.94,206253832.99,DEVELOPMENT,SYNTHETIC_RESEARCH_FIXTURE,OG-SYNTH-0.3,B1-0.3,build_opus_synthetic_programme_v0_3.py@0.3,20260812,True,c96e8d329897b0dbf33fefdee2e796fae638e7348397bbf349c382c040cf3ecc
REF-0124,WATER_TREATMENT,DESIGN_BID_BUILD,US-SOUTHEAST,4539.875,0.0,143.175,1,0.284234,0.77855,0.94,103461911.87,DEVELOPMENT,SYNTHETIC_RESEARCH_FIXTURE,OG-SYNTH-0.3,B1-0.3,build_opus_synthetic_programme_v0_3.py@0.3,20260812,True,d707b8a327d65034aba29c249e6f7d61865de39bb8afd2fb3fb580f2edca0979
REF-0125,RAIL_STATION,DESIGN_BID_BUILD,US-SOUTHEAST,12153.18,21.081,25.452,3,0.740883,0.727265,0.94,179473134.54,DEVELOPMENT,SYNTHETIC_RESEARCH_FIXTURE,OG-SYNTH-0.3,B1-0.3,build_opus_synthetic_programme_v0_3.py@0.3,20260812,True,893d8e32fc8d971f084c88d848b05d5ff05fdd0101ce7d0699e81e3984d2f109
REF-0126,DATA_CENTER,DESIGN_BID_BUILD,US-SOUTHEAST,43644.732,3.165,145.997,9,0.579743,0.868821,0.94,198886705.22,DEVELOPMENT,SYNTHETIC_RESEARCH_FIXTURE,OG-SYNTH-0.3,B1-0.3,build_opus_synthetic_programme_v0_3.py@0.3,20260812,True,3e00be8dcce1ea73d92a702f824ac81d3c293cfc06e5eecf30eaa804cc8dadcd
REF-0127,AIRPORT_TERMINAL,DESIGN_BUILD,US-SOUTHEAST,50065.821,5.688,52.92,8,0.672565,0.57664,0.94,183189225.22,DEVELOPMENT,SYNTHETIC_RESEARCH_FIXTURE,OG-SYNTH-0.3,B1-0.3,build_opus_synthetic_programme_v0_3.py@0.3,20260812,True,45748c422d7b46a144ed1527ae7393dc0feb7833463f266990e97019d27eaca2
REF-0128,HIGHWAY_CORRIDOR,DESIGN_BUILD,US-SOUTHEAST,19619.681,22.427,70.254,7,0.749978,0.78653,0.94,163030018.75,VALIDATION,SYNTHETIC_RESEARCH_FIXTURE,OG-SYNTH-0.3,B1-0.3,build_opus_synthetic_programme_v0_3.py@0.3,20260812,True,0fdfe702f2dbc62905a98d82450b36e2d8c9fe347b8b13d6d693896dd9cdaaa8
REF-0129,VERTICAL_HOSPITAL,DESIGN_BUILD,US-SOUTHEAST,55180.075,4.31,45.971,12,0.651581,0.742147,0.94,206900069.62,LOCKED_HOLDOUT,SYNTHETIC_RESEARCH_FIXTURE,OG-SYNTH-0.3,B1-0.3,build_opus_synthetic_programme_v0_3.py@0.3,20260812,True,a22c10dcde887d96c8fbcddcfc7e5b5349c8e6ae967066080448b831bce1b991
REF-0130,WATER_TREATMENT,DESIGN_BUILD,US-SOUTHEAST,18284.671,0.0,127.642,3,0.915116,0.798956,0.94,136871673.56,LOCKED_HOLDOUT,SYNTHETIC_RESEARCH_FIXTURE,OG-SYNTH-0.3,B1-0.3,build_opus_synthetic_programme_v0_3.py@0.3,20260812,True,ba46955b72af4400d6d5271248ba523b492c35fbc924c6c5ee88c744fdd237dd
REF-0131,RAIL_STATION,DESIGN_BUILD,US-SOUTHEAST,2719.533,16.352,72.042,5,0.77593,0.836912,0.94,159314692.57,DEVELOPMENT,SYNTHETIC_RESEARCH_FIXTURE,OG-SYNTH-0.3,B1-0.3,build_opus_synthetic_programme_v0_3.py@0.3,20260812,True,7523ffa3e10d1c6959e0ce9ba4ff25b3dfdeb2a9682d50af33b1ae25d61266a7
REF-0132,DATA_CENTER,DESIGN_BUILD,US-SOUTHEAST,48582.884,0.0,130.72,5,0.930742,0.906528,0.94,178995742.28,DEVELOPMENT,SYNTHETIC_RESEARCH_FIXTURE,OG-SYNTH-0.3,B1-0.3,build_opus_synthetic_programme_v0_3.py@0.3,20260812,True,f491839f4ccd626a1d2abcab3c2775a39eb364ec00ff1c5972589757e6e4fb09
REF-0133,AIRPORT_TERMINAL,CMAR,US-SOUTHEAST,37593.767,1.478,73.99,1,0.934217,0.404251,0.94,172235969.56,DEVELOPMENT,SYNTHETIC_RESEARCH_FIXTURE,OG-SYNTH-0.3,B1-0.3,build_opus_synthetic_programme_v0_3.py@0.3,20260812,True,62999b12cfe7830ce17ac11a4981e06a7082c8e68f594b3fd971f178338f3d31
REF-0134,HIGHWAY_CORRIDOR,CMAR,US-SOUTHEAST,0.0,15.89,39.076,3,0.331338,0.690467,0.94,123548325.02,DEVELOPMENT,SYNTHETIC_RESEARCH_FIXTURE,OG-SYNTH-0.3,B1-0.3,build_opus_synthetic_programme_v0_3.py@0.3,20260812,True,6ef7e8a59b05283f9e021ca072dfe2d251b78a65061e1df49d1c003313961c47
REF-0135,VERTICAL_HOSPITAL,CMAR,US-SOUTHEAST,32981.333,0.0,70.564,10,0.168561,0.791503,0.94,158112541.45,DEVELOPMENT,SYNTHETIC_RESEARCH_FIXTURE,OG-SYNTH-0.3,B1-0.3,build_opus_synthetic_programme_v0_3.py@0.3,20260812,True,dc386eed522c037eaee033f3d273cf7ae54a2ba1509689afbdef740d29592e7d
REF-0136,WATER_TREATMENT,CMAR,US-SOUTHEAST,18964.355,7.221,119.142,4,0.557242,0.496899,0.94,126724736.27,DEVELOPMENT,SYNTHETIC_RESEARCH_FIXTURE,OG-SYNTH-0.3,B1-0.3,build_opus_synthetic_programme_v0_3.py@0.3,20260812,True,21b64e035806694309fadc5b116721bc57b5a05064d531f39b932f28edcf3d8b
REF-0137,RAIL_STATION,CMAR,US-SOUTHEAST,4367.85,21.499,54.409,9,0.614075,0.834864,0.94,187638351.89,DEVELOPMENT,SYNTHETIC_RESEARCH_FIXTURE,OG-SYNTH-0.3,B1-0.3,build_opus_synthetic_programme_v0_3.py@0.3,20260812,True,753bd03c469d012b30bfbff2f9c50bd5620ecdc8183589c6ea18243e260cfdc4
REF-0138,DATA_CENTER,CMAR,US-SOUTHEAST,47040.033,7.492,122.452,2,0.451097,0.764516,0.94,163993766.58,DEVELOPMENT,SYNTHETIC_RESEARCH_FIXTURE,OG-SYNTH-0.3,B1-0.3,build_opus_synthetic_programme_v0_3.py@0.3,20260812,True,d234d53cf69f24efbe47cf888556c2257fec548520f76f93dc333f3eaa460a10
REF-0139,AIRPORT_TERMINAL,EPCM,US-SOUTHEAST,31234.187,9.851,63.341,3,0.621431,0.640422,0.94,170961226.22,DEVELOPMENT,SYNTHETIC_RESEARCH_FIXTURE,OG-SYNTH-0.3,B1-0.3,build_opus_synthetic_programme_v0_3.py@0.3,20260812,True,7d185fe3f6080242f313c100bbd5e8395cf3264aa620bbcc651151a451482db0
REF-0140,HIGHWAY_CORRIDOR,EPCM,US-SOUTHEAST,9629.433,16.302,96.999,1,0.305438,0.59717,0.94,133471967.9,DEVELOPMENT,SYNTHETIC_RESEARCH_FIXTURE,OG-SYNTH-0.3,B1-0.3,build_opus_synthetic_programme_v0_3.py@0.3,20260812,True,bd099a58a2f2c18414c7452addd726f844a09a6b9c85092eebd8d4fe47cb0795
REF-0141,VERTICAL_HOSPITAL,EPCM,US-SOUTHEAST,39371.479,1.038,42.849,13,0.48099,0.957038,0.94,195953234.7,DEVELOPMENT,SYNTHETIC_RESEARCH_FIXTURE,OG-SYNTH-0.3,B1-0.3,build_opus_synthetic_programme_v0_3.py@0.3,20260812,True,1c00331c28fd83fce7401c24205757ba4c3dc56d86521734831149a91de9749a
REF-0142,WATER_TREATMENT,EPCM,US-SOUTHEAST,0.0,0.0,146.866,4,0.232203,0.63202,0.94,88122484.79,DEVELOPMENT,SYNTHETIC_RESEARCH_FIXTURE,OG-SYNTH-0.3,B1-0.3,build_opus_synthetic_programme_v0_3.py@0.3,20260812,True,13f8a3bbfb036dd40aec9fc5e993145850e879bbf048937d230695e3631055c3
REF-0143,RAIL_STATION,EPCM,US-SOUTHEAST,15355.7,28.431,58.225,2,0.579027,0.762786,0.94,194879742.0,DEVELOPMENT,SYNTHETIC_RESEARCH_FIXTURE,OG-SYNTH-0.3,B1-0.3,build_opus_synthetic_programme_v0_3.py@0.3,20260812,True,ec768fca5a2c061c0e7d274f2a561cdeab2e3e0c7599d3680f0ccb324ec9e54b
REF-0144,DATA_CENTER,EPCM,US-SOUTHEAST,44747.512,0.0,126.749,7,0.490563,0.70944,0.94,158520020.35,DEVELOPMENT,SYNTHETIC_RESEARCH_FIXTURE,OG-SYNTH-0.3,B1-0.3,build_opus_synthetic_programme_v0_3.py@0.3,20260812,True,922948fe725bac69528ef8cb13c196342e017582c49a3ab7045db1fe8e36edc3
REF-0145,AIRPORT_TERMINAL,DESIGN_BID_BUILD,US-MIDWEST,84880.603,0.0,65.555,4,0.49491,0.35,0.91,200067779.68,LOCKED_HOLDOUT,SYNTHETIC_RESEARCH_FIXTURE,OG-SYNTH-0.3,B1-0.3,build_opus_synthetic_programme_v0_3.py@0.3,20260812,True,83a8f62a72bb077b5f1738ca9a98898067843e5c732f4ba74874673c7756c9f6
REF-0146,HIGHWAY_CORRIDOR,DESIGN_BID_BUILD,US-MIDWEST,0.0,22.65,103.495,4,0.303161,0.792314,0.91,134585005.31,VALIDATION,SYNTHETIC_RESEARCH_FIXTURE,OG-SYNTH-0.3,B1-0.3,build_opus_synthetic_programme_v0_3.py@0.3,20260812,True,873ea716e7a42075e6c694331fa58e30bfecf93f6f61e77386b780c94a1dd1de
REF-0147,VERTICAL_HOSPITAL,DESIGN_BID_BUILD,US-MIDWEST,38636.794,2.342,47.297,9,0.247173,0.843873,0.91,167068869.1,VALIDATION,SYNTHETIC_RESEARCH_FIXTURE,OG-SYNTH-0.3,B1-0.3,build_opus_synthetic_programme_v0_3.py@0.3,20260812,True,bd4f47746d9fccdaa544325c98b9a7cd87c84ec61883ca37accfe6b7c7f6a7aa
REF-0148,WATER_TREATMENT,DESIGN_BID_BUILD,US-MIDWEST,6191.87,1.443,172.615,5,0.546439,0.701004,0.91,133993879.72,VALIDATION,SYNTHETIC_RESEARCH_FIXTURE,OG-SYNTH-0.3,B1-0.3,build_opus_synthetic_programme_v0_3.py@0.3,20260812,True,947a877f8b56d02dcda8ba0d5635d8b77548f6e877f554fde0f27e645ce7efc5
REF-0149,RAIL_STATION,DESIGN_BID_BUILD,US-MIDWEST,26210.982,21.678,116.839,5,0.431314,0.64984,0.91,184896743.8,LOCKED_HOLDOUT,SYNTHETIC_RESEARCH_FIXTURE,OG-SYNTH-0.3,B1-0.3,build_opus_synthetic_programme_v0_3.py@0.3,20260812,True,794b09ba61cecb352e40fccc13379d1a9cddd35ffd057ffd6f69ee4d5651462d
REF-0150,DATA_CENTER,DESIGN_BID_BUILD,US-MIDWEST,54514.973,2.368,93.506,4,0.149313,0.857695,0.91,156842638.29,DEVELOPMENT,SYNTHETIC_RESEARCH_FIXTURE,OG-SYNTH-0.3,B1-0.3,build_opus_synthetic_programme_v0_3.py@0.3,20260812,True,3682fa546496449cf85f961ffdaac83dd5ab2a8d4e70714c3cea1c026a487a79
REF-0151,AIRPORT_TERMINAL,DESIGN_BUILD,US-MIDWEST,53055.972,1.259,29.977,2,0.206756,0.637107,0.91,147998863.3,VALIDATION,SYNTHETIC_RESEARCH_FIXTURE,OG-SYNTH-0.3,B1-0.3,build_opus_synthetic_programme_v0_3.py@0.3,20260812,True,bbfd84a1377f28158c511fbc6f89e7bd2a413c0e5eebe32694baf703f77939b9
REF-0152,HIGHWAY_CORRIDOR,DESIGN_BUILD,US-MIDWEST,25633.626,9.212,54.639,6,0.652903,0.946345,0.91,133110084.68,DEVELOPMENT,SYNTHETIC_RESEARCH_FIXTURE,OG-SYNTH-0.3,B1-0.3,build_opus_synthetic_programme_v0_3.py@0.3,20260812,True,3d1b2a1246554487ccc1d14f549303b117410bdd73409aafa79e12cecf02574d
REF-0153,VERTICAL_HOSPITAL,DESIGN_BUILD,US-MIDWEST,51892.087,2.837,29.633,12,0.431315,0.957104,0.91,182646266.16,DEVELOPMENT,SYNTHETIC_RESEARCH_FIXTURE,OG-SYNTH-0.3,B1-0.3,build_opus_synthetic_programme_v0_3.py@0.3,20260812,True,8cdad747f2e36d46de6e284ab41f0e9a9c82bdab6521c69261ea5400a139b64c
REF-0154,WATER_TREATMENT,DESIGN_BUILD,US-MIDWEST,0.0,2.698,120.871,2,0.483346,0.838237,0.91,96255092.3,DEVELOPMENT,SYNTHETIC_RESEARCH_FIXTURE,OG-SYNTH-0.3,B1-0.3,build_opus_synthetic_programme_v0_3.py@0.3,20260812,True,372a3a95fb347b984e1745cec4be2e76713b39ac13136235638e3872546f3d19
REF-0155,RAIL_STATION,DESIGN_BUILD,US-MIDWEST,14622.032,21.242,112.756,4,0.344055,0.678129,0.91,162148733.76,LOCKED_HOLDOUT,SYNTHETIC_RESEARCH_FIXTURE,OG-SYNTH-0.3,B1-0.3,build_opus_synthetic_programme_v0_3.py@0.3,20260812,True,83c3ad74c148f5fc27ee2f1040e8658aac90a6866c8b5fe7033b875090440964
REF-0156,DATA_CENTER,DESIGN_BUILD,US-MIDWEST,36110.393,0.0,101.945,1,0.586257,0.819362,0.91,122207471.81,DEVELOPMENT,SYNTHETIC_RESEARCH_FIXTURE,OG-SYNTH-0.3,B1-0.3,build_opus_synthetic_programme_v0_3.py@0.3,20260812,True,0726f0057836331f1c988a944342ff7d79171b5d57d38e585170da293f761f95
REF-0157,AIRPORT_TERMINAL,CMAR,US-MIDWEST,30189.812,3.287,91.404,3,0.72025,0.78183,0.91,161364447.89,LOCKED_HOLDOUT,SYNTHETIC_RESEARCH_FIXTURE,OG-SYNTH-0.3,B1-0.3,build_opus_synthetic_programme_v0_3.py@0.3,20260812,True,06c69afcb2d3bd31431e00727f9108ef9914f015f8ea504583553540c5f877c9
REF-0158,HIGHWAY_CORRIDOR,CMAR,US-MIDWEST,0.0,17.017,24.257,1,0.337571,0.548183,0.91,95314311.44,VALIDATION,SYNTHETIC_RESEARCH_FIXTURE,OG-SYNTH-0.3,B1-0.3,build_opus_synthetic_programme_v0_3.py@0.3,20260812,True,f3db1640ac43f952c5bbc9d9d8d8f632eed8ddeeadbe3148141f1375a079978e
REF-0159,VERTICAL_HOSPITAL,CMAR,US-MIDWEST,44016.098,0.0,67.324,7,0.658437,0.761632,0.91,165351653.96,DEVELOPMENT,SYNTHETIC_RESEARCH_FIXTURE,OG-SYNTH-0.3,B1-0.3,build_opus_synthetic_programme_v0_3.py@0.3,20260812,True,675005e19e99a3a6208434858709ee3e24d33d2b611c0818335333a988756696
REF-0160,WATER_TREATMENT,CMAR,US-MIDWEST,0.0,0.0,131.579,5,0.64582,0.484523,0.91,106432909.99,DEVELOPMENT,SYNTHETIC_RESEARCH_FIXTURE,OG-SYNTH-0.3,B1-0.3,build_opus_synthetic_programme_v0_3.py@0.3,20260812,True,9a62fe6cb5ffc23c77d5ee2e57b16d8cbf9043e26f3e906b1d63ec29c433ca98
REF-0161,RAIL_STATION,CMAR,US-MIDWEST,25517.823,21.785,35.654,3,0.675095,0.98702,0.91,181166279.52,DEVELOPMENT,SYNTHETIC_RESEARCH_FIXTURE,OG-SYNTH-0.3,B1-0.3,build_opus_synthetic_programme_v0_3.py@0.3,20260812,True,9ca546a1292cc3fee6a1230dfef9bae943a0730c026c341a66ff43e4ec6187a1
REF-0162,DATA_CENTER,CMAR,US-MIDWEST,55097.24,3.848,88.224,5,0.168938,0.6914,0.91,146501965.28,DEVELOPMENT,SYNTHETIC_RESEARCH_FIXTURE,OG-SYNTH-0.3,B1-0.3,build_opus_synthetic_programme_v0_3.py@0.3,20260812,True,8c1ce8d669b5317607d82b5526edc3aecb8e2b5ce2003eaf2490bb3f9ef2ef04
REF-0163,AIRPORT_TERMINAL,EPCM,US-MIDWEST,14720.69,0.0,60.785,2,0.79327,0.571434,0.91,152438165.93,LOCKED_HOLDOUT,SYNTHETIC_RESEARCH_FIXTURE,OG-SYNTH-0.3,B1-0.3,build_opus_synthetic_programme_v0_3.py@0.3,20260812,True,ccfcf88a1c3308d3e5de536e28501f034cd20a492e31da31e8f806c402b66e40
REF-0164,HIGHWAY_CORRIDOR,EPCM,US-MIDWEST,6916.798,10.914,55.643,6,0.685305,0.773651,0.91,127755716.02,DEVELOPMENT,SYNTHETIC_RESEARCH_FIXTURE,OG-SYNTH-0.3,B1-0.3,build_opus_synthetic_programme_v0_3.py@0.3,20260812,True,b9712037a1ebc93022fbcac6bbf06e10bb088024dd851c614cc98918ca641d5c
REF-0165,VERTICAL_HOSPITAL,EPCM,US-MIDWEST,40081.399,0.0,56.266,17,0.175234,0.699441,0.91,178015422.25,LOCKED_HOLDOUT,SYNTHETIC_RESEARCH_FIXTURE,OG-SYNTH-0.3,B1-0.3,build_opus_synthetic_programme_v0_3.py@0.3,20260812,True,f386d444aedad90186feaff3c900b73ea2fc56b7551f6e8d4d0616bab8067822
REF-0166,WATER_TREATMENT,EPCM,US-MIDWEST,24620.235,1.754,101.646,5,0.273862,0.919776,0.91,110759035.45,DEVELOPMENT,SYNTHETIC_RESEARCH_FIXTURE,OG-SYNTH-0.3,B1-0.3,build_opus_synthetic_programme_v0_3.py@0.3,20260812,True,e9504912cb0537baafabccfcf4ed65f8f0892912ee3455aa22d08147277446c3
REF-0167,RAIL_STATION,EPCM,US-MIDWEST,6508.799,19.038,43.482,5,0.32859,0.758459,0.91,141967392.03,VALIDATION,SYNTHETIC_RESEARCH_FIXTURE,OG-SYNTH-0.3,B1-0.3,build_opus_synthetic_programme_v0_3.py@0.3,20260812,True,6d0d8bab50fa8e38bc9180c5e96b4eb14d1fcd35588cb3150c14f6efe85a1f72
REF-0168,DATA_CENTER,EPCM,US-MIDWEST,59225.824,4.764,117.488,7,0.718163,0.615752,0.91,177865237.93,DEVELOPMENT,SYNTHETIC_RESEARCH_FIXTURE,OG-SYNTH-0.3,B1-0.3,build_opus_synthetic_programme_v0_3.py@0.3,20260812,True,7ad4b2f2e25dba3250dd79a5bc163c27446ff8d32d908629cc1de6b9460f7475
REF-0169,AIRPORT_TERMINAL,DESIGN_BID_BUILD,US-WEST,57480.284,0.0,35.501,2,0.550923,0.75748,1.12,211083385.82,VALIDATION,SYNTHETIC_RESEARCH_FIXTURE,OG-SYNTH-0.3,B1-0.3,build_opus_synthetic_programme_v0_3.py@0.3,20260812,True,1a8f14e21117fefd92e457bc9182e54fa0056241ce1890e960e641ded2260b7f
REF-0170,HIGHWAY_CORRIDOR,DESIGN_BID_BUILD,US-WEST,6257.61,15.035,1.0,10,0.28335,0.922725,1.12,135409769.79,DEVELOPMENT,SYNTHETIC_RESEARCH_FIXTURE,OG-SYNTH-0.3,B1-0.3,build_opus_synthetic_programme_v0_3.py@0.3,20260812,True,170e53481152b2d9e048238f62b34575ac9cf1468312c5054727efb5d5e1c9f9
REF-0171,VERTICAL_HOSPITAL,DESIGN_BID_BUILD,US-WEST,44495.984,3.37,15.439,7,0.82533,0.810988,1.12,241268605.28,DEVELOPMENT,SYNTHETIC_RESEARCH_FIXTURE,OG-SYNTH-0.3,B1-0.3,build_opus_synthetic_programme_v0_3.py@0.3,20260812,True,54450eb765519d1cd139a879b9ffd78afe6400e38728f12ebfc40d0b293fa04f
REF-0172,WATER_TREATMENT,DESIGN_BID_BUILD,US-WEST,31651.787,3.25,102.451,6,0.200015,0.35,1.12,148141694.59,LOCKED_HOLDOUT,SYNTHETIC_RESEARCH_FIXTURE,OG-SYNTH-0.3,B1-0.3,build_opus_synthetic_programme_v0_3.py@0.3,20260812,True,8414f3bf4ab338b8849fa3717f03f93dab4e9a6fdcb198d19594e9da86031452
REF-0173,RAIL_STATION,DESIGN_BID_BUILD,US-WEST,0.0,13.98,49.303,8,0.692986,0.532071,1.12,193968886.12,LOCKED_HOLDOUT,SYNTHETIC_RESEARCH_FIXTURE,OG-SYNTH-0.3,B1-0.3,build_opus_synthetic_programme_v0_3.py@0.3,20260812,True,57497d00b76594fd7da542cbf57363278fa218df17ba7d8c3fd022ab544787a1
REF-0174,DATA_CENTER,DESIGN_BID_BUILD,US-WEST,52616.06,0.0,107.914,1,0.698102,0.932804,1.12,196926376.87,DEVELOPMENT,SYNTHETIC_RESEARCH_FIXTURE,OG-SYNTH-0.3,B1-0.3,build_opus_synthetic_programme_v0_3.py@0.3,20260812,True,b97920d6380399d77eb028a7452e9348339469abdab5f348f4fae019bbe2aad1
REF-0175,AIRPORT_TERMINAL,DESIGN_BUILD,US-WEST,36366.275,4.408,70.862,2,0.531352,0.387805,1.12,195657505.78,VALIDATION,SYNTHETIC_RESEARCH_FIXTURE,OG-SYNTH-0.3,B1-0.3,build_opus_synthetic_programme_v0_3.py@0.3,20260812,True,e244aedf47553416c8fc05639339e87c66c46a6e8e091ac49564d777b7790adb
REF-0176,HIGHWAY_CORRIDOR,DESIGN_BUILD,US-WEST,24832.511,24.529,98.79,1,0.699279,0.784123,1.12,217733377.76,DEVELOPMENT,SYNTHETIC_RESEARCH_FIXTURE,OG-SYNTH-0.3,B1-0.3,build_opus_synthetic_programme_v0_3.py@0.3,20260812,True,3e117d1e481bffbaab8bd4f70b2cd8d99aaac4733604c8dde4b29d2d2d1d65ef
REF-0177,VERTICAL_HOSPITAL,DESIGN_BUILD,US-WEST,57274.32,0.0,42.544,9,0.575933,0.584688,1.12,226522130.77,LOCKED_HOLDOUT,SYNTHETIC_RESEARCH_FIXTURE,OG-SYNTH-0.3,B1-0.3,build_opus_synthetic_programme_v0_3.py@0.3,20260812,True,90cfb98eadd426a0e313f18fff9ce220766a3ca2faf360fa0522e8f367e760ca
REF-0178,WATER_TREATMENT,DESIGN_BUILD,US-WEST,2981.832,8.129,95.093,1,0.535104,0.544958,1.12,136553019.23,DEVELOPMENT,SYNTHETIC_RESEARCH_FIXTURE,OG-SYNTH-0.3,B1-0.3,build_opus_synthetic_programme_v0_3.py@0.3,20260812,True,df656bca9f92adc8da945d1206c318235a08a0eed224199636af10ad692835b1
REF-0179,RAIL_STATION,DESIGN_BUILD,US-WEST,27789.805,20.416,57.399,1,0.897233,0.722934,1.12,237471055.75,DEVELOPMENT,SYNTHETIC_RESEARCH_FIXTURE,OG-SYNTH-0.3,B1-0.3,build_opus_synthetic_programme_v0_3.py@0.3,20260812,True,626ec3bec0edeeea109d2f6ab3d81cbcd6bad18bc722a23f770ec65ec6412f0f
REF-0180,DATA_CENTER,DESIGN_BUILD,US-WEST,26743.254,0.0,125.676,9,0.814317,0.793831,1.12,178239073.62,VALIDATION,SYNTHETIC_RESEARCH_FIXTURE,OG-SYNTH-0.3,B1-0.3,build_opus_synthetic_programme_v0_3.py@0.3,20260812,True,be0fc573bb38daf214d164e3dd11faad8cae0b82bfc39811714194fa2ad7821f
REF-0181,AIRPORT_TERMINAL,CMAR,US-WEST,71560.775,10.816,57.39,8,0.447199,0.868974,1.12,260393988.36,DEVELOPMENT,SYNTHETIC_RESEARCH_FIXTURE,OG-SYNTH-0.3,B1-0.3,build_opus_synthetic_programme_v0_3.py@0.3,20260812,True,eecdd417ac92aab0ffbc0f4fe4aa213c385e29024c0a279f11241af2982235c0
REF-0182,HIGHWAY_CORRIDOR,CMAR,US-WEST,12047.43,12.08,45.547,3,0.598774,0.483657,1.12,151758331.05,VALIDATION,SYNTHETIC_RESEARCH_FIXTURE,OG-SYNTH-0.3,B1-0.3,build_opus_synthetic_programme_v0_3.py@0.3,20260812,True,c2247c620e7014a78c4eac2019958ad0a0ca07e489949b98965986c0a5d3e8aa
REF-0183,VERTICAL_HOSPITAL,CMAR,US-WEST,43531.24,4.035,87.461,13,0.602929,0.730614,1.12,254821888.33,DEVELOPMENT,SYNTHETIC_RESEARCH_FIXTURE,OG-SYNTH-0.3,B1-0.3,build_opus_synthetic_programme_v0_3.py@0.3,20260812,True,8556344d250caf7f8acc509d0b313d10eb929d5b1011f22ca3d64a916e443ada
REF-0184,WATER_TREATMENT,CMAR,US-WEST,0.0,4.977,123.933,4,0.644271,0.639028,1.12,144326899.05,VALIDATION,SYNTHETIC_RESEARCH_FIXTURE,OG-SYNTH-0.3,B1-0.3,build_opus_synthetic_programme_v0_3.py@0.3,20260812,True,f8532e8cc681cb85e4b06cfa2e758c24a75f44469ac304f9d9d1f11de846ceca
REF-0185,RAIL_STATION,CMAR,US-WEST,0.0,15.273,60.387,7,0.622849,0.638795,1.12,183359535.69,LOCKED_HOLDOUT,SYNTHETIC_RESEARCH_FIXTURE,OG-SYNTH-0.3,B1-0.3,build_opus_synthetic_programme_v0_3.py@0.3,20260812,True,94969bcd9c0719d551d9ae903578bc2a1cdd6539cd5d2592522668ed3ef86d85
REF-0186,DATA_CENTER,CMAR,US-WEST,39667.745,5.127,149.445,4,0.5348,0.871868,1.12,196833308.7,DEVELOPMENT,SYNTHETIC_RESEARCH_FIXTURE,OG-SYNTH-0.3,B1-0.3,build_opus_synthetic_programme_v0_3.py@0.3,20260812,True,a491e14b415b079832bff9e44eb24081713fa9a935a0c56ac8b443967d6be5bf
REF-0187,AIRPORT_TERMINAL,EPCM,US-WEST,28573.833,2.632,80.15,2,0.237125,0.813357,1.12,183336382.35,DEVELOPMENT,SYNTHETIC_RESEARCH_FIXTURE,OG-SYNTH-0.3,B1-0.3,build_opus_synthetic_programme_v0_3.py@0.3,20260812,True,852d47eb7681eda8b473d4ea6dcbb78f37b87f0fae4db5f8409fc1069ab739be
REF-0188,HIGHWAY_CORRIDOR,EPCM,US-WEST,9160.385,12.01,70.093,6,0.259,0.720601,1.12,138973902.43,LOCKED_HOLDOUT,SYNTHETIC_RESEARCH_FIXTURE,OG-SYNTH-0.3,B1-0.3,build_opus_synthetic_programme_v0_3.py@0.3,20260812,True,1ab1503b69078b36442f4afcdc254bba3ef52ce9d9784cf7f7932d660439e9fe
REF-0189,VERTICAL_HOSPITAL,EPCM,US-WEST,42248.631,0.0,72.75,11,0.695463,0.766982,1.12,221221898.72,LOCKED_HOLDOUT,SYNTHETIC_RESEARCH_FIXTURE,OG-SYNTH-0.3,B1-0.3,build_opus_synthetic_programme_v0_3.py@0.3,20260812,True,de690207988a54446e5d7f27817cd093a9fafd6bfb84036f194a27d508b5db32
REF-0190,WATER_TREATMENT,EPCM,US-WEST,12969.729,4.112,150.194,3,0.545148,0.44509,1.12,145322147.0,LOCKED_HOLDOUT,SYNTHETIC_RESEARCH_FIXTURE,OG-SYNTH-0.3,B1-0.3,build_opus_synthetic_programme_v0_3.py@0.3,20260812,True,aa5a0cbc579397ac825d1fedee1a57358a02fdb22e6c0c9f5dd6508e43b1cf63
REF-0191,RAIL_STATION,EPCM,US-WEST,0.0,16.949,82.848,1,0.341485,0.625072,1.12,168247550.17,DEVELOPMENT,SYNTHETIC_RESEARCH_FIXTURE,OG-SYNTH-0.3,B1-0.3,build_opus_synthetic_programme_v0_3.py@0.3,20260812,True,0f693a74d7aa5bd354903c870f725bec969df5e7f4201bf36441e0576cbcae9a
REF-0192,DATA_CENTER,EPCM,US-WEST,27960.022,1.793,139.134,2,0.682925,0.86121,1.12,184611164.52,VALIDATION,SYNTHETIC_RESEARCH_FIXTURE,OG-SYNTH-0.3,B1-0.3,build_opus_synthetic_programme_v0_3.py@0.3,20260812,True,7772c73bc8a4cdace92cd532d66f7b67ba2970221a6a4716981a245a930baf93
REF-0193,AIRPORT_TERMINAL,DESIGN_BID_BUILD,US-NORTHEAST,53093.207,6.344,76.093,5,0.933072,0.782396,1.18,270767022.81,DEVELOPMENT,SYNTHETIC_RESEARCH_FIXTURE,OG-SYNTH-0.3,B1-0.3,build_opus_synthetic_programme_v0_3.py@0.3,20260812,True,bce96911654deea793870be4bf101fec5e4c7b356956425744acf998a2abac48
REF-0194,HIGHWAY_CORRIDOR,DESIGN_BID_BUILD,US-NORTHEAST,9274.8,23.006,97.195,1,0.850416,0.35,1.18,207231980.02,LOCKED_HOLDOUT,SYNTHETIC_RESEARCH_FIXTURE,OG-SYNTH-0.3,B1-0.3,build_opus_synthetic_programme_v0_3.py@0.3,20260812,True,2d563fade3405d5c2684be6967a6db3cead5895d39d8dcf301acb3ed4e893866
REF-0195,VERTICAL_HOSPITAL,DESIGN_BID_BUILD,US-NORTHEAST,15871.654,7.356,47.679,14,0.177885,0.495822,1.18,200968753.97,DEVELOPMENT,SYNTHETIC_RESEARCH_FIXTURE,OG-SYNTH-0.3,B1-0.3,build_opus_synthetic_programme_v0_3.py@0.3,20260812,True,c31d1d12b4b9503b51dee30c95c4d5d2356e58e49c5d54545dda519e493d4978
REF-0196,WATER_TREATMENT,DESIGN_BID_BUILD,US-NORTHEAST,12196.519,0.0,125.602,5,0.494037,0.356118,1.18,150380398.22,DEVELOPMENT,SYNTHETIC_RESEARCH_FIXTURE,OG-SYNTH-0.3,B1-0.3,build_opus_synthetic_programme_v0_3.py@0.3,20260812,True,067574d2e4b8b7425b4760e0b3ad24ddcbefe132a04ce32b33223d01ff49bad3
REF-0197,RAIL_STATION,DESIGN_BID_BUILD,US-NORTHEAST,17268.223,24.913,31.094,4,0.430162,0.622442,1.18,228410197.57,DEVELOPMENT,SYNTHETIC_RESEARCH_FIXTURE,OG-SYNTH-0.3,B1-0.3,build_opus_synthetic_programme_v0_3.py@0.3,20260812,True,26145bb683a5c54a147f4d9129cd3f631f52bc38f836c3fb89540dae0b3d00cb
REF-0198,DATA_CENTER,DESIGN_BID_BUILD,US-NORTHEAST,31767.375,0.0,147.223,6,0.892856,0.778203,1.18,202253656.39,DEVELOPMENT,SYNTHETIC_RESEARCH_FIXTURE,OG-SYNTH-0.3,B1-0.3,build_opus_synthetic_programme_v0_3.py@0.3,20260812,True,ea8e0ccb712ab5f0ef86c8226d642caa77462efd2c060ed760cbc17673362386
REF-0199,AIRPORT_TERMINAL,DESIGN_BUILD,US-NORTHEAST,39046.179,0.0,63.991,6,0.465863,0.99,1.18,206640185.83,DEVELOPMENT,SYNTHETIC_RESEARCH_FIXTURE,OG-SYNTH-0.3,B1-0.3,build_opus_synthetic_programme_v0_3.py@0.3,20260812,True,81b7e1d5384f607a422008cca0c9e6df2251ccc29eff12fe3c3a5b7c1606d249
REF-0200,HIGHWAY_CORRIDOR,DESIGN_BUILD,US-NORTHEAST,24843.966,10.122,69.862,5,0.179961,0.640153,1.18,154357350.94,DEVELOPMENT,SYNTHETIC_RESEARCH_FIXTURE,OG-SYNTH-0.3,B1-0.3,build_opus_synthetic_programme_v0_3.py@0.3,20260812,True,3753c007e6829abf052f5b8a99d5879cba7b46583ebb1bfdd56ec3b62bfc7187
REF-0201,VERTICAL_HOSPITAL,DESIGN_BUILD,US-NORTHEAST,36049.512,0.0,18.646,11,0.67091,0.940909,1.18,214324312.88,DEVELOPMENT,SYNTHETIC_RESEARCH_FIXTURE,OG-SYNTH-0.3,B1-0.3,build_opus_synthetic_programme_v0_3.py@0.3,20260812,True,797ef99e24f24ed3be503e041a4c469063a2fe2b2897cee20308f66939b4152a
REF-0202,WATER_TREATMENT,DESIGN_BUILD,US-NORTHEAST,10964.191,1.889,77.271,1,0.121438,0.35,1.18,91980168.04,LOCKED_HOLDOUT,SYNTHETIC_RESEARCH_FIXTURE,OG-SYNTH-0.3,B1-0.3,build_opus_synthetic_programme_v0_3.py@0.3,20260812,True,21479bd13a1d00c2d126b6125b9218223cced538c53be2c246ae7306fc432aa2
REF-0203,RAIL_STATION,DESIGN_BUILD,US-NORTHEAST,0.0,12.631,39.932,3,0.745867,0.541064,1.18,185595953.7,DEVELOPMENT,SYNTHETIC_RESEARCH_FIXTURE,OG-SYNTH-0.3,B1-0.3,build_opus_synthetic_programme_v0_3.py@0.3,20260812,True,7cca207e62808dfbb28f8ac39c0c807291f394b6b10e96ec1033031f8e6c01d6
REF-0204,DATA_CENTER,DESIGN_BUILD,US-NORTHEAST,46473.014,4.299,148.743,1,0.129173,0.92267,1.18,170158558.31,DEVELOPMENT,SYNTHETIC_RESEARCH_FIXTURE,OG-SYNTH-0.3,B1-0.3,build_opus_synthetic_programme_v0_3.py@0.3,20260812,True,0ea17fed38ca4d54a549f4a28f0a341a69654b7db4b2535c5f5d3161b972dc5e
REF-0205,AIRPORT_TERMINAL,CMAR,US-NORTHEAST,43490.344,0.664,35.717,4,0.552785,0.702778,1.18,200664126.83,VALIDATION,SYNTHETIC_RESEARCH_FIXTURE,OG-SYNTH-0.3,B1-0.3,build_opus_synthetic_programme_v0_3.py@0.3,20260812,True,459d8a896df0265e65668a2e9fda1fc6c56c036916a18dd7566cfa33e80ec0b0
REF-0206,HIGHWAY_CORRIDOR,CMAR,US-NORTHEAST,0.0,15.525,68.893,4,0.552097,0.641783,1.18,151675604.87,DEVELOPMENT,SYNTHETIC_RESEARCH_FIXTURE,OG-SYNTH-0.3,B1-0.3,build_opus_synthetic_programme_v0_3.py@0.3,20260812,True,461ce71b62fb8f2ff73ab4ecca010e644495e0fc5fa54cd462bb4da29c5312bf
REF-0207,VERTICAL_HOSPITAL,CMAR,US-NORTHEAST,49143.485,0.0,52.397,10,0.678766,0.823885,1.18,229117438.52,DEVELOPMENT,SYNTHETIC_RESEARCH_FIXTURE,OG-SYNTH-0.3,B1-0.3,build_opus_synthetic_programme_v0_3.py@0.3,20260812,True,2d92925312098c843bbad46c429fe0c04ad876efd8e1674785c482b71bdba2a5
REF-0208,WATER_TREATMENT,CMAR,US-NORTHEAST,606.149,0.0,97.215,6,0.709389,0.932086,1.18,142225667.92,DEVELOPMENT,SYNTHETIC_RESEARCH_FIXTURE,OG-SYNTH-0.3,B1-0.3,build_opus_synthetic_programme_v0_3.py@0.3,20260812,True,d37836c83894ec6b12506bdf1e0aa139cc7dd519b698f9322ce3aa7308ae6904
REF-0209,RAIL_STATION,CMAR,US-NORTHEAST,5147.539,31.381,41.289,1,0.330727,0.785532,1.18,224102439.85,LOCKED_HOLDOUT,SYNTHETIC_RESEARCH_FIXTURE,OG-SYNTH-0.3,B1-0.3,build_opus_synthetic_programme_v0_3.py@0.3,20260812,True,d653459795999348fa234ee22373b2ae3b90a6877ba26d76339dc1fb72b932f2
REF-0210,DATA_CENTER,CMAR,US-NORTHEAST,41425.246,0.0,117.978,4,0.164981,0.500318,1.18,160701156.5,VALIDATION,SYNTHETIC_RESEARCH_FIXTURE,OG-SYNTH-0.3,B1-0.3,build_opus_synthetic_programme_v0_3.py@0.3,20260812,True,ab3dff5a9e8d6fa44415d5ac8226506c28fb1df9b9b13a304c50b8f469829349
REF-0211,AIRPORT_TERMINAL,EPCM,US-NORTHEAST,31610.284,9.972,37.276,3,0.361056,0.735673,1.18,207875803.1,DEVELOPMENT,SYNTHETIC_RESEARCH_FIXTURE,OG-SYNTH-0.3,B1-0.3,build_opus_synthetic_programme_v0_3.py@0.3,20260812,True,ec8b6c59f9b821a1a8ab1cd55a43c4914c7f79ca29fd5bc6941aa7f10d2cbe93
REF-0212,HIGHWAY_CORRIDOR,EPCM,US-NORTHEAST,32926.183,27.502,65.664,7,0.333639,0.519591,1.18,230571722.62,VALIDATION,SYNTHETIC_RESEARCH_FIXTURE,OG-SYNTH-0.3,B1-0.3,build_opus_synthetic_programme_v0_3.py@0.3,20260812,True,8732b1edd9e3504fee9c3c070974463b33f2b28223bf8bb5619d00a02c347ec7
REF-0213,VERTICAL_HOSPITAL,EPCM,US-NORTHEAST,34237.137,0.0,89.229,14,0.310764,0.881879,1.18,215244657.59,LOCKED_HOLDOUT,SYNTHETIC_RESEARCH_FIXTURE,OG-SYNTH-0.3,B1-0.3,build_opus_synthetic_programme_v0_3.py@0.3,20260812,True,d6cc016164c45dda624d910b18c8e5ac65a95b96716bef753672da692866c061
REF-0214,WATER_TREATMENT,EPCM,US-NORTHEAST,0.0,5.629,152.38,3,0.461926,0.819748,1.18,141927821.62,VALIDATION,SYNTHETIC_RESEARCH_FIXTURE,OG-SYNTH-0.3,B1-0.3,build_opus_synthetic_programme_v0_3.py@0.3,20260812,True,c0b8220e16e092e106ab11fde4e243651d9ef8f588fd4ef48e129a4433b1a1a8
REF-0215,RAIL_STATION,EPCM,US-NORTHEAST,1989.193,18.882,71.571,6,0.427911,0.9682,1.18,200136177.98,VALIDATION,SYNTHETIC_RESEARCH_FIXTURE,OG-SYNTH-0.3,B1-0.3,build_opus_synthetic_programme_v0_3.py@0.3,20260812,True,0ffef8cbe5368c8f6433f7c14de9d163e44dc6a3222adee020d7688f1778b6e0
REF-0216,DATA_CENTER,EPCM,US-NORTHEAST,34665.84,0.0,125.089,14,0.527362,0.884478,1.18,204863114.83,DEVELOPMENT,SYNTHETIC_RESEARCH_FIXTURE,OG-SYNTH-0.3,B1-0.3,build_opus_synthetic_programme_v0_3.py@0.3,20260812,True,ed41e82a631ed661c123bcfe86f04ebc9c6a793e1e74b86920c5dc757a3a4222
REF-0217,AIRPORT_TERMINAL,DESIGN_BID_BUILD,US-SOUTHEAST,49428.267,0.917,48.665,3,0.408501,0.626798,0.94,161614724.85,LOCKED_HOLDOUT,SYNTHETIC_RESEARCH_FIXTURE,OG-SYNTH-0.3,B1-0.3,build_opus_synthetic_programme_v0_3.py@0.3,20260812,True,1800a05c625e53582642f32ebdf3bb50b2a64c4771cc7eef4aaa9869a67f37f4
REF-0218,HIGHWAY_CORRIDOR,DESIGN_BID_BUILD,US-SOUTHEAST,5900.487,20.37,14.763,2,0.538905,0.360553,0.94,125747267.72,DEVELOPMENT,SYNTHETIC_RESEARCH_FIXTURE,OG-SYNTH-0.3,B1-0.3,build_opus_synthetic_programme_v0_3.py@0.3,20260812,True,e34fc9204c06c2d6ba8539569f44349449003b740e601225c07819e25f03b1ac
REF-0219,VERTICAL_HOSPITAL,DESIGN_BID_BUILD,US-SOUTHEAST,40737.728,5.38,80.068,9,0.593273,0.890721,0.94,205028361.8,DEVELOPMENT,SYNTHETIC_RESEARCH_FIXTURE,OG-SYNTH-0.3,B1-0.3,build_opus_synthetic_programme_v0_3.py@0.3,20260812,True,2f21315bcf2fea52efe72d6ffe892c3db7ba9c2aa891d92f7ea79e425916439a
REF-0220,WATER_TREATMENT,DESIGN_BID_BUILD,US-SOUTHEAST,28568.485,0.858,143.827,2,0.740904,0.95555,0.94,164100405.57,DEVELOPMENT,SYNTHETIC_RESEARCH_FIXTURE,OG-SYNTH-0.3,B1-0.3,build_opus_synthetic_programme_v0_3.py@0.3,20260812,True,cf4f59638fcf587a49b62fbaacbf8220c6b0a39abc72cd167298c4042c7bac38
REF-0221,RAIL_STATION,DESIGN_BID_BUILD,US-SOUTHEAST,9813.724,15.87,89.282,3,0.109237,0.577218,0.94,148939301.7,VALIDATION,SYNTHETIC_RESEARCH_FIXTURE,OG-SYNTH-0.3,B1-0.3,build_opus_synthetic_programme_v0_3.py@0.3,20260812,True,3ab36a20dd2c16e1f76366be34a5ea30469100bc7e01c01954250f1b1db04aed
REF-0222,DATA_CENTER,DESIGN_BID_BUILD,US-SOUTHEAST,40392.68,6.877,99.014,1,0.563244,0.371318,0.94,174792664.06,VALIDATION,SYNTHETIC_RESEARCH_FIXTURE,OG-SYNTH-0.3,B1-0.3,build_opus_synthetic_programme_v0_3.py@0.3,20260812,True,c6dd547a8de252cd63b47c6479942013559ad1bd0b8adb7610c066559b9fa3a1
REF-0223,AIRPORT_TERMINAL,DESIGN_BUILD,US-SOUTHEAST,42899.385,0.0,41.539,4,0.110714,0.573216,0.94,134611828.01,DEVELOPMENT,SYNTHETIC_RESEARCH_FIXTURE,OG-SYNTH-0.3,B1-0.3,build_opus_synthetic_programme_v0_3.py@0.3,20260812,True,07d3a862348132f7a51b0e68407d4de67960c07fd576b2d961ad8e885d2d4d7a
REF-0224,HIGHWAY_CORRIDOR,DESIGN_BUILD,US-SOUTHEAST,0.0,18.228,78.604,3,0.343028,0.556295,0.94,124210971.03,DEVELOPMENT,SYNTHETIC_RESEARCH_FIXTURE,OG-SYNTH-0.3,B1-0.3,build_opus_synthetic_programme_v0_3.py@0.3,20260812,True,cab49ceead9a037a737d5fdc99ae63ac5acdb7af9178b53a4b1b977044fbbff4
REF-0225,VERTICAL_HOSPITAL,DESIGN_BUILD,US-SOUTHEAST,47199.289,0.0,59.699,11,0.509524,0.864908,0.94,179579127.95,DEVELOPMENT,SYNTHETIC_RESEARCH_FIXTURE,OG-SYNTH-0.3,B1-0.3,build_opus_synthetic_programme_v0_3.py@0.3,20260812,True,440cca12e60c71186ecfb8f3a297d0bdd729ead816d668e754e4b1c7d3063a48
REF-0226,WATER_TREATMENT,DESIGN_BUILD,US-SOUTHEAST,9002.632,0.0,150.342,4,0.326034,0.916581,0.94,118662376.81,LOCKED_HOLDOUT,SYNTHETIC_RESEARCH_FIXTURE,OG-SYNTH-0.3,B1-0.3,build_opus_synthetic_programme_v0_3.py@0.3,20260812,True,ffefb8f73ec5b0a4cfe85a1a0079d63115e3cd887650781edb4855abe7a7dc27
REF-0227,RAIL_STATION,DESIGN_BUILD,US-SOUTHEAST,34335.208,14.718,43.046,5,0.500242,0.756328,0.94,165925464.59,DEVELOPMENT,SYNTHETIC_RESEARCH_FIXTURE,OG-SYNTH-0.3,B1-0.3,build_opus_synthetic_programme_v0_3.py@0.3,20260812,True,f97270e7736bcf1cb0784681390b35ecbef5e76b493922a115ff3b2fa5ff372d
REF-0228,DATA_CENTER,DESIGN_BUILD,US-SOUTHEAST,55800.829,5.083,109.858,1,0.257511,0.74201,0.94,147256250.48,LOCKED_HOLDOUT,SYNTHETIC_RESEARCH_FIXTURE,OG-SYNTH-0.3,B1-0.3,build_opus_synthetic_programme_v0_3.py@0.3,20260812,True,12f43b3843ed8c04bdea72860730ca3680f9c8325f6fce9950baf3f751f39b65
REF-0229,AIRPORT_TERMINAL,CMAR,US-SOUTHEAST,44694.343,0.0,85.537,5,0.299528,0.740241,0.94,146259368.16,LOCKED_HOLDOUT,SYNTHETIC_RESEARCH_FIXTURE,OG-SYNTH-0.3,B1-0.3,build_opus_synthetic_programme_v0_3.py@0.3,20260812,True,cf7ee45f2c88b70274b09ba9f56efd3f1be63a6b34b2aa4932e0523b3cec07a2
REF-0230,HIGHWAY_CORRIDOR,CMAR,US-SOUTHEAST,15478.259,10.417,67.46,5,0.934049,0.779846,0.94,140340089.53,VALIDATION,SYNTHETIC_RESEARCH_FIXTURE,OG-SYNTH-0.3,B1-0.3,build_opus_synthetic_programme_v0_3.py@0.3,20260812,True,f43bb76d998291a92e3339c4a7bbcbff80bb3945f4bfbb3637cd97e6bdc1cb69
REF-0231,VERTICAL_HOSPITAL,CMAR,US-SOUTHEAST,48446.441,0.0,132.781,11,0.587389,0.672648,0.94,210672683.31,DEVELOPMENT,SYNTHETIC_RESEARCH_FIXTURE,OG-SYNTH-0.3,B1-0.3,build_opus_synthetic_programme_v0_3.py@0.3,20260812,True,633585920f243376b6ee42ca71297ef1b3e7cbb9858fddd3355d624205588339
REF-0232,WATER_TREATMENT,CMAR,US-SOUTHEAST,0.0,7.994,109.59,6,0.794987,0.606181,0.94,146526940.67,DEVELOPMENT,SYNTHETIC_RESEARCH_FIXTURE,OG-SYNTH-0.3,B1-0.3,build_opus_synthetic_programme_v0_3.py@0.3,20260812,True,2fd41bd6e3c4ebbed1ccf07139c53157e037d07ac1431982d53f9489b68d4649
REF-0233,RAIL_STATION,CMAR,US-SOUTHEAST,9401.276,10.647,7.227,1,0.401881,0.951907,0.94,112686592.52,DEVELOPMENT,SYNTHETIC_RESEARCH_FIXTURE,OG-SYNTH-0.3,B1-0.3,build_opus_synthetic_programme_v0_3.py@0.3,20260812,True,274a6a34e92324a2c5508053d561a7bdd52eeeec42d96474a74ba90940834e49
REF-0234,DATA_CENTER,CMAR,US-SOUTHEAST,35260.445,0.0,132.132,9,0.337074,0.458834,0.94,145727068.09,DEVELOPMENT,SYNTHETIC_RESEARCH_FIXTURE,OG-SYNTH-0.3,B1-0.3,build_opus_synthetic_programme_v0_3.py@0.3,20260812,True,9c7d089e9f149be0a8ebb1ab9e4da189b9922821cebb6ef7665f7c60cddbf21d
REF-0235,AIRPORT_TERMINAL,EPCM,US-SOUTHEAST,44323.027,5.204,53.202,1,0.725261,0.793048,0.94,193652035.7,DEVELOPMENT,SYNTHETIC_RESEARCH_FIXTURE,OG-SYNTH-0.3,B1-0.3,build_opus_synthetic_programme_v0_3.py@0.3,20260812,True,57cf634a3cd9332cc256a5d0a94440969bb1d48e626d79fff837f9f2c491ce81
REF-0236,HIGHWAY_CORRIDOR,EPCM,US-SOUTHEAST,11373.488,26.119,58.026,3,0.841828,0.761511,0.94,181538908.41,DEVELOPMENT,SYNTHETIC_RESEARCH_FIXTURE,OG-SYNTH-0.3,B1-0.3,build_opus_synthetic_programme_v0_3.py@0.3,20260812,True,b287745d4d755e6476e7973f3384f4bc74f76fdbfb638b7ed91cbba50933db54
REF-0237,VERTICAL_HOSPITAL,EPCM,US-SOUTHEAST,50194.825,2.907,77.052,6,0.506569,0.686174,0.94,201930031.17,VALIDATION,SYNTHETIC_RESEARCH_FIXTURE,OG-SYNTH-0.3,B1-0.3,build_opus_synthetic_programme_v0_3.py@0.3,20260812,True,6eba1876304b55ec5da12e8994ca2f3c57d28671d8722d4ecc82c45d5227f5d5
REF-0238,WATER_TREATMENT,EPCM,US-SOUTHEAST,0.0,0.0,93.394,9,0.321143,0.878982,0.94,102804477.03,DEVELOPMENT,SYNTHETIC_RESEARCH_FIXTURE,OG-SYNTH-0.3,B1-0.3,build_opus_synthetic_programme_v0_3.py@0.3,20260812,True,a345d7413d82b362c122e0f2435bb45569b3a6ef201941cb45f0c178e63b7c45
REF-0239,RAIL_STATION,EPCM,US-SOUTHEAST,0.0,26.201,68.896,4,0.335534,0.501089,0.94,161159044.22,DEVELOPMENT,SYNTHETIC_RESEARCH_FIXTURE,OG-SYNTH-0.3,B1-0.3,build_opus_synthetic_programme_v0_3.py@0.3,20260812,True,4132a5cfa568eadd8e657f626dc0cfe44272d166989807de1e35e6ab09912a0d
REF-0240,DATA_CENTER,EPCM,US-SOUTHEAST,34059.213,4.908,159.157,6,0.763455,0.657102,0.94,171613090.86,LOCKED_HOLDOUT,SYNTHETIC_RESEARCH_FIXTURE,OG-SYNTH-0.3,B1-0.3,build_opus_synthetic_programme_v0_3.py@0.3,20260812,True,03d07f99bed1bc2b98fddd672423b826f104b4189cc0cadf63e304cff1035a7f
REF-0241,AIRPORT_TERMINAL,DESIGN_BID_BUILD,US-MIDWEST,53758.267,8.145,119.102,5,0.491139,0.838584,0.91,189259262.61,LOCKED_HOLDOUT,SYNTHETIC_RESEARCH_FIXTURE,OG-SYNTH-0.3,B1-0.3,build_opus_synthetic_programme_v0_3.py@0.3,20260812,True,486d568d0f9fd6098b609599a03be2b4dcc13ca850e80ee9916b4d373ddd77ba
REF-0242,HIGHWAY_CORRIDOR,DESIGN_BID_BUILD,US-MIDWEST,7741.467,19.002,66.135,3,0.360947,0.864111,0.91,134419497.91,DEVELOPMENT,SYNTHETIC_RESEARCH_FIXTURE,OG-SYNTH-0.3,B1-0.3,build_opus_synthetic_programme_v0_3.py@0.3,20260812,True,37c05dbc2ca457f0279c1c305bebcc2f673224cc79803845df423c2565c8d973
REF-0243,VERTICAL_HOSPITAL,DESIGN_BID_BUILD,US-MIDWEST,60750.687,0.0,59.994,4,0.430345,0.838261,0.91,198604592.99,DEVELOPMENT,SYNTHETIC_RESEARCH_FIXTURE,OG-SYNTH-0.3,B1-0.3,build_opus_synthetic_programme_v0_3.py@0.3,20260812,True,3d77b0070f913f9162b57041044fb039a23f1ff4cbc836971a2aa98e95e17583
REF-0244,WATER_TREATMENT,DESIGN_BID_BUILD,US-MIDWEST,4496.953,0.0,170.837,4,0.434945,0.955,0.91,115418460.08,DEVELOPMENT,SYNTHETIC_RESEARCH_FIXTURE,OG-SYNTH-0.3,B1-0.3,build_opus_synthetic_programme_v0_3.py@0.3,20260812,True,026edf6a3cb92d8bcb2ad278c65022665c1e5d91811b01821cc598c8bb3b59c5
REF-0245,RAIL_STATION,DESIGN_BID_BUILD,US-MIDWEST,10283.351,12.398,53.994,1,0.626558,0.571117,0.91,160236436.87,DEVELOPMENT,SYNTHETIC_RESEARCH_FIXTURE,OG-SYNTH-0.3,B1-0.3,build_opus_synthetic_programme_v0_3.py@0.3,20260812,True,1fa0dc786594af5482e491a105c73a9cca562bd3c8603a8731091d01c10af2d8
REF-0246,DATA_CENTER,DESIGN_BID_BUILD,US-MIDWEST,33649.902,4.205,157.508,5,0.784053,0.979183,0.91,172176570.76,VALIDATION,SYNTHETIC_RESEARCH_FIXTURE,OG-SYNTH-0.3,B1-0.3,build_opus_synthetic_programme_v0_3.py@0.3,20260812,True,88b303e2aad13a32f038b158fc2eb5e59646ed027a2ae4772e0aede048c7ad0b
REF-0247,AIRPORT_TERMINAL,DESIGN_BUILD,US-MIDWEST,32436.77,0.633,86.46,3,0.519264,0.843034,0.91,154016950.89,DEVELOPMENT,SYNTHETIC_RESEARCH_FIXTURE,OG-SYNTH-0.3,B1-0.3,build_opus_synthetic_programme_v0_3.py@0.3,20260812,True,8bd40aa143f1e6bba91ffadd5192eb60c2720b4390b2eddd37e3df90c4c5ffed
REF-0248,HIGHWAY_CORRIDOR,DESIGN_BUILD,US-MIDWEST,35233.345,26.934,71.332,3,0.299162,0.662991,0.91,171092906.6,VALIDATION,SYNTHETIC_RESEARCH_FIXTURE,OG-SYNTH-0.3,B1-0.3,build_opus_synthetic_programme_v0_3.py@0.3,20260812,True,65046d81b8a3d5ad79369ec27064d3f936e23babccd71648fd1a84efb50e14fb
REF-0249,VERTICAL_HOSPITAL,DESIGN_BUILD,US-MIDWEST,46809.022,0.303,70.667,11,0.242607,0.702886,0.91,157580741.71,DEVELOPMENT,SYNTHETIC_RESEARCH_FIXTURE,OG-SYNTH-0.3,B1-0.3,build_opus_synthetic_programme_v0_3.py@0.3,20260812,True,cda3b55ed50820aec0d6c7b59a7fb1c8fc60cdd3c81047704293ff473c33f639
REF-0250,WATER_TREATMENT,DESIGN_BUILD,US-MIDWEST,9012.818,0.0,159.214,2,0.52025,0.781901,0.91,110096641.08,LOCKED_HOLDOUT,SYNTHETIC_RESEARCH_FIXTURE,OG-SYNTH-0.3,B1-0.3,build_opus_synthetic_programme_v0_3.py@0.3,20260812,True,ee102aa781926cd5c6cc98e5065c3d236f48c9671dce0de1f36ceebc0831e9c3
REF-0251,RAIL_STATION,DESIGN_BUILD,US-MIDWEST,21198.935,28.492,71.735,10,0.701204,0.717442,0.91,206205447.23,LOCKED_HOLDOUT,SYNTHETIC_RESEARCH_FIXTURE,OG-SYNTH-0.3,B1-0.3,build_opus_synthetic_programme_v0_3.py@0.3,20260812,True,81252683d0018b2426f19cb314e474dfc53470412f0b4ae22510807dd5856a13
REF-0252,DATA_CENTER,DESIGN_BUILD,US-MIDWEST,39839.205,0.0,84.466,3,0.522203,0.805442,0.91,129450320.71,DEVELOPMENT,SYNTHETIC_RESEARCH_FIXTURE,OG-SYNTH-0.3,B1-0.3,build_opus_synthetic_programme_v0_3.py@0.3,20260812,True,6440fb1ad00d4674959a0623ad2ccb58c6eea62425c67c1faabe1126174a0bd6
REF-0253,AIRPORT_TERMINAL,CMAR,US-MIDWEST,37458.255,4.343,68.665,1,0.729643,0.756263,0.91,170352529.06,VALIDATION,SYNTHETIC_RESEARCH_FIXTURE,OG-SYNTH-0.3,B1-0.3,build_opus_synthetic_programme_v0_3.py@0.3,20260812,True,c9acabc208c822d71581f1b19ee3003552cae0276e5976696b560ed70d061c7a
REF-0254,HIGHWAY_CORRIDOR,CMAR,US-MIDWEST,9813.811,18.813,117.054,5,0.439898,0.880865,0.91,136207720.68,DEVELOPMENT,SYNTHETIC_RESEARCH_FIXTURE,OG-SYNTH-0.3,B1-0.3,build_opus_synthetic_programme_v0_3.py@0.3,20260812,True,05a33283728266be803c8630a8b5f11c0d3c70beb973101f622288931a340a18
REF-0255,VERTICAL_HOSPITAL,CMAR,US-MIDWEST,55705.635,8.74,58.363,9,0.072013,0.964065,0.91,179364506.78,DEVELOPMENT,SYNTHETIC_RESEARCH_FIXTURE,OG-SYNTH-0.3,B1-0.3,build_opus_synthetic_programme_v0_3.py@0.3,20260812,True,4bf46f3a1ae223301a5f036bf0589c980619f0c97ec5b5b20e35c236dda9f6a2
REF-0256,WATER_TREATMENT,CMAR,US-MIDWEST,18046.713,0.0,123.662,6,0.545109,0.732187,0.91,110617264.89,VALIDATION,SYNTHETIC_RESEARCH_FIXTURE,OG-SYNTH-0.3,B1-0.3,build_opus_synthetic_programme_v0_3.py@0.3,20260812,True,84005693365b961a8297a0460be562b08d0fef51f6294561a17ce52e67f78bc5
REF-0257,RAIL_STATION,CMAR,US-MIDWEST,15736.529,14.44,77.016,1,0.145362,0.880257,0.91,136272706.12,VALIDATION,SYNTHETIC_RESEARCH_FIXTURE,OG-SYNTH-0.3,B1-0.3,build_opus_synthetic_programme_v0_3.py@0.3,20260812,True,84649e8b35db15041b5282db0ff9b6bd1a3c3291e82266ecc709b2cfe079b76e
REF-0258,DATA_CENTER,CMAR,US-MIDWEST,42120.935,1.391,109.844,1,0.694249,0.819828,0.91,145338275.33,DEVELOPMENT,SYNTHETIC_RESEARCH_FIXTURE,OG-SYNTH-0.3,B1-0.3,build_opus_synthetic_programme_v0_3.py@0.3,20260812,True,58bc009af94f096ac919bb55db44df15f2b73f755409e037ec9272e39655cda8
REF-0259,AIRPORT_TERMINAL,EPCM,US-MIDWEST,39943.664,9.917,9.521,1,0.882909,0.861166,0.91,177233081.9,LOCKED_HOLDOUT,SYNTHETIC_RESEARCH_FIXTURE,OG-SYNTH-0.3,B1-0.3,build_opus_synthetic_programme_v0_3.py@0.3,20260812,True,685da356c78660dd79e5bbc7005b6359d8b297cefd5bf27225f301eabd781b4e
REF-0260,HIGHWAY_CORRIDOR,EPCM,US-MIDWEST,6278.878,21.696,38.501,6,0.837554,0.723305,0.91,157363042.73,LOCKED_HOLDOUT,SYNTHETIC_RESEARCH_FIXTURE,OG-SYNTH-0.3,B1-0.3,build_opus_synthetic_programme_v0_3.py@0.3,20260812,True,0ec1cfd9671a1e3cc7950561cff8bdc6beb5b54fa5000639cdc49650a76ec53c
REF-0261,VERTICAL_HOSPITAL,EPCM,US-MIDWEST,46631.966,0.0,103.867,11,0.778503,0.532268,0.91,182409613.3,DEVELOPMENT,SYNTHETIC_RESEARCH_FIXTURE,OG-SYNTH-0.3,B1-0.3,build_opus_synthetic_programme_v0_3.py@0.3,20260812,True,2256db5f9275867b8207684959ad3638f9e46a305beb77d822bbd14897fc8244
REF-0262,WATER_TREATMENT,EPCM,US-MIDWEST,0.0,10.663,116.294,2,0.235428,0.675675,0.91,117108644.12,LOCKED_HOLDOUT,SYNTHETIC_RESEARCH_FIXTURE,OG-SYNTH-0.3,B1-0.3,build_opus_synthetic_programme_v0_3.py@0.3,20260812,True,5503fe824681e07de748530410192a460d081c30e7baf539ab209f2a5adb7ff1
REF-0263,RAIL_STATION,EPCM,US-MIDWEST,0.0,18.108,54.958,7,0.748752,0.727648,0.91,170600860.14,DEVELOPMENT,SYNTHETIC_RESEARCH_FIXTURE,OG-SYNTH-0.3,B1-0.3,build_opus_synthetic_programme_v0_3.py@0.3,20260812,True,09c5d43af592e3ca2b574c0e2e16737836818d38ab38b63ec24a008957a9399a
REF-0264,DATA_CENTER,EPCM,US-MIDWEST,64140.361,4.772,116.5,7,0.432638,0.498288,0.91,171273613.95,VALIDATION,SYNTHETIC_RESEARCH_FIXTURE,OG-SYNTH-0.3,B1-0.3,build_opus_synthetic_programme_v0_3.py@0.3,20260812,True,eba4d1255fe6bded7f1b5d94a7ee1253eed22e192db3651a427c06df425af217
REF-0265,AIRPORT_TERMINAL,DESIGN_BID_BUILD,US-WEST,33685.895,13.344,29.659,6,0.429354,0.446629,1.12,219783733.29,DEVELOPMENT,SYNTHETIC_RESEARCH_FIXTURE,OG-SYNTH-0.3,B1-0.3,build_opus_synthetic_programme_v0_3.py@0.3,20260812,True,785a99f556112c537db6d10c1b5035e0e2e653bd2a366bff6d0712f75597ad0d
REF-0266,HIGHWAY_CORRIDOR,DESIGN_BID_BUILD,US-WEST,30302.499,26.577,55.732,4,0.763735,0.521998,1.12,238383765.35,VALIDATION,SYNTHETIC_RESEARCH_FIXTURE,OG-SYNTH-0.3,B1-0.3,build_opus_synthetic_programme_v0_3.py@0.3,20260812,True,22bdaf9adc6f5e3495e46ac7df48d390c75f801eaa4ec2cba31df7658f09f450
REF-0267,VERTICAL_HOSPITAL,DESIGN_BID_BUILD,US-WEST,19340.722,4.746,62.319,14,0.588054,0.653778,1.12,228252017.43,DEVELOPMENT,SYNTHETIC_RESEARCH_FIXTURE,OG-SYNTH-0.3,B1-0.3,build_opus_synthetic_programme_v0_3.py@0.3,20260812,True,5e972549a3162c2665ed13a3fc48346d7332177960c7815dfd4f0ba1a1d528ed
REF-0268,WATER_TREATMENT,DESIGN_BID_BUILD,US-WEST,37091.873,0.0,106.025,2,0.766455,0.861078,1.12,173728777.13,DEVELOPMENT,SYNTHETIC_RESEARCH_FIXTURE,OG-SYNTH-0.3,B1-0.3,build_opus_synthetic_programme_v0_3.py@0.3,20260812,True,c498c07c87285979e2f464657bb1a8055899f48846ae6c91d6b292c3f8c16531
REF-0269,RAIL_STATION,DESIGN_BID_BUILD,US-WEST,6457.535,12.353,17.63,6,0.954815,0.35,1.12,203501629.25,VALIDATION,SYNTHETIC_RESEARCH_FIXTURE,OG-SYNTH-0.3,B1-0.3,build_opus_synthetic_programme_v0_3.py@0.3,20260812,True,36d074afb9f229b29698ed9a1322dee7f777484c06afec48ea02c4bfa260deba
REF-0270,DATA_CENTER,DESIGN_BID_BUILD,US-WEST,36155.379,0.0,197.671,4,0.186149,0.772854,1.12,176488558.54,DEVELOPMENT,SYNTHETIC_RESEARCH_FIXTURE,OG-SYNTH-0.3,B1-0.3,build_opus_synthetic_programme_v0_3.py@0.3,20260812,True,9ef2b13c39d02e1984b10981424ab12931ea5bd2f2720f449dd61ac77b738050
REF-0271,AIRPORT_TERMINAL,DESIGN_BUILD,US-WEST,47980.889,0.139,66.039,4,0.351707,0.970649,1.12,171059103.58,LOCKED_HOLDOUT,SYNTHETIC_RESEARCH_FIXTURE,OG-SYNTH-0.3,B1-0.3,build_opus_synthetic_programme_v0_3.py@0.3,20260812,True,f560fe39466112110578e688653363b05a7cf1e18db8948ae6afbddee24a173e
REF-0272,HIGHWAY_CORRIDOR,DESIGN_BUILD,US-WEST,8853.05,12.175,68.027,4,0.27717,0.79192,1.12,136665708.57,VALIDATION,SYNTHETIC_RESEARCH_FIXTURE,OG-SYNTH-0.3,B1-0.3,build_opus_synthetic_programme_v0_3.py@0.3,20260812,True,73591fee4f97a0652c569f4ef04a098e87b55e98ca1d76e30d112dcf758d7257
REF-0273,VERTICAL_HOSPITAL,DESIGN_BUILD,US-WEST,56975.124,9.411,11.729,10,0.297886,0.413284,1.12,217437438.3,LOCKED_HOLDOUT,SYNTHETIC_RESEARCH_FIXTURE,OG-SYNTH-0.3,B1-0.3,build_opus_synthetic_programme_v0_3.py@0.3,20260812,True,b2034eabfc9ba101c02b87879809b41a24122930eed9fa256e92e98ce0ea4f82
REF-0274,WATER_TREATMENT,DESIGN_BUILD,US-WEST,10759.304,0.0,135.563,1,0.503321,0.553826,1.12,127050160.96,VALIDATION,SYNTHETIC_RESEARCH_FIXTURE,OG-SYNTH-0.3,B1-0.3,build_opus_synthetic_programme_v0_3.py@0.3,20260812,True,35c9b2517a9f1f62f8917c0b859cf4a14ec3caa596af13f44a9bc7d304c2e2b7
REF-0275,RAIL_STATION,DESIGN_BUILD,US-WEST,17521.971,14.922,62.077,4,0.557906,0.571459,1.12,194600006.43,LOCKED_HOLDOUT,SYNTHETIC_RESEARCH_FIXTURE,OG-SYNTH-0.3,B1-0.3,build_opus_synthetic_programme_v0_3.py@0.3,20260812,True,00c49489ca700bcfcdf9c033866b051d1e7b7283ff07b0fbb3bd0d17188289b9
REF-0276,DATA_CENTER,DESIGN_BUILD,US-WEST,62233.752,0.0,114.676,4,0.535362,0.830919,1.12,189322433.24,DEVELOPMENT,SYNTHETIC_RESEARCH_FIXTURE,OG-SYNTH-0.3,B1-0.3,build_opus_synthetic_programme_v0_3.py@0.3,20260812,True,95939eb053c9b8c4564c24fb79011666c6c5c19a22208b67878230091cd7f175
REF-0277,AIRPORT_TERMINAL,CMAR,US-WEST,48001.642,0.0,79.459,1,0.702155,0.693503,1.12,200147247.34,DEVELOPMENT,SYNTHETIC_RESEARCH_FIXTURE,OG-SYNTH-0.3,B1-0.3,build_opus_synthetic_programme_v0_3.py@0.3,20260812,True,911fa948bd775fd7248cdf1c3ebb5af194713461a61250837da07787d5f879a5
REF-0278,HIGHWAY_CORRIDOR,CMAR,US-WEST,28728.869,14.846,50.266,3,0.40682,0.446355,1.12,158069923.05,DEVELOPMENT,SYNTHETIC_RESEARCH_FIXTURE,OG-SYNTH-0.3,B1-0.3,build_opus_synthetic_programme_v0_3.py@0.3,20260812,True,6cd051513be2cc516b1c6cb096ac9bd8e62a3c4dd15aac0c3e77e133305f4596
REF-0279,VERTICAL_HOSPITAL,CMAR,US-WEST,49972.328,0.0,29.943,10,0.462182,0.833847,1.12,219856650.74,DEVELOPMENT,SYNTHETIC_RESEARCH_FIXTURE,OG-SYNTH-0.3,B1-0.3,build_opus_synthetic_programme_v0_3.py@0.3,20260812,True,bd137d0f174d4fab65bd67c6eb8b6eac8ccd6839cacbc7a114bb2d96a83f9146
REF-0280,WATER_TREATMENT,CMAR,US-WEST,15608.288,4.686,152.535,6,0.367273,0.400821,1.12,172735315.49,DEVELOPMENT,SYNTHETIC_RESEARCH_FIXTURE,OG-SYNTH-0.3,B1-0.3,build_opus_synthetic_programme_v0_3.py@0.3,20260812,True,b121f816bcdc245a6ef5b8e77156443addf61c54a64e314b56a36911c80fa0f8
REF-0281,RAIL_STATION,CMAR,US-WEST,14751.296,13.504,14.942,7,0.541096,0.636238,1.12,181431216.39,VALIDATION,SYNTHETIC_RESEARCH_FIXTURE,OG-SYNTH-0.3,B1-0.3,build_opus_synthetic_programme_v0_3.py@0.3,20260812,True,e4601f01d999d8395c49bc205925e93a5fd2fe5f092be1ba89ea22cf5f2c220f
REF-0282,DATA_CENTER,CMAR,US-WEST,61632.838,0.0,88.752,4,0.813549,0.883779,1.12,220180956.75,DEVELOPMENT,SYNTHETIC_RESEARCH_FIXTURE,OG-SYNTH-0.3,B1-0.3,build_opus_synthetic_programme_v0_3.py@0.3,20260812,True,24f16c948e695660b828b263a84fb6bb944ba6cf450abd66576eedd98ec33cc0
REF-0283,AIRPORT_TERMINAL,EPCM,US-WEST,45298.848,0.0,64.406,1,0.818321,0.538915,1.12,222974960.53,DEVELOPMENT,SYNTHETIC_RESEARCH_FIXTURE,OG-SYNTH-0.3,B1-0.3,build_opus_synthetic_programme_v0_3.py@0.3,20260812,True,1d9bdea34f0929a162e58381a1dff86ee5fde9a3195a5bbc56c1d7d55fda1319
REF-0284,HIGHWAY_CORRIDOR,EPCM,US-WEST,6182.294,15.66,22.842,3,0.369053,0.895087,1.12,150265097.41,DEVELOPMENT,SYNTHETIC_RESEARCH_FIXTURE,OG-SYNTH-0.3,B1-0.3,build_opus_synthetic_programme_v0_3.py@0.3,20260812,True,cd3cae1a2a2aa57f24bf27bda4e5495448d191d298910562be785ec46da93998
REF-0285,VERTICAL_HOSPITAL,EPCM,US-WEST,28734.602,2.708,60.229,11,0.515761,0.866796,1.12,196692905.88,VALIDATION,SYNTHETIC_RESEARCH_FIXTURE,OG-SYNTH-0.3,B1-0.3,build_opus_synthetic_programme_v0_3.py@0.3,20260812,True,7c39a0bb8425f5bc0711802723c3d9cef7ffad1f6371169127f5abcb7a3ef59c
REF-0286,WATER_TREATMENT,EPCM,US-WEST,4771.414,0.0,150.861,3,0.19959,0.715412,1.12,124939068.82,DEVELOPMENT,SYNTHETIC_RESEARCH_FIXTURE,OG-SYNTH-0.3,B1-0.3,build_opus_synthetic_programme_v0_3.py@0.3,20260812,True,0d6fd8bebd16ad9265b31e2fa839765be46a5a58903a41d1162c0e6894fe771f
REF-0287,RAIL_STATION,EPCM,US-WEST,2383.594,6.823,28.352,3,0.431049,0.832517,1.12,131519828.5,VALIDATION,SYNTHETIC_RESEARCH_FIXTURE,OG-SYNTH-0.3,B1-0.3,build_opus_synthetic_programme_v0_3.py@0.3,20260812,True,e4178fb1759688f154791ed1db8e3216181138a4de3625904da1a7f0f0905cee
REF-0288,DATA_CENTER,EPCM,US-WEST,41734.818,6.605,74.955,1,0.98,0.388537,1.12,206749179.22,DEVELOPMENT,SYNTHETIC_RESEARCH_FIXTURE,OG-SYNTH-0.3,B1-0.3,build_opus_synthetic_programme_v0_3.py@0.3,20260812,True,4410efbf0110b3b1bdf2e3fd5e15448d8b814ef902d1a1014286c1bc8b3344f4
REF-0289,AIRPORT_TERMINAL,DESIGN_BID_BUILD,US-NORTHEAST,35657.29,0.0,28.962,1,0.445321,0.777065,1.18,182852746.64,VALIDATION,SYNTHETIC_RESEARCH_FIXTURE,OG-SYNTH-0.3,B1-0.3,build_opus_synthetic_programme_v0_3.py@0.3,20260812,True,e61e88dde99fd76a4b8ace56340665af0689685f3b1202739531018f619eefea
REF-0290,HIGHWAY_CORRIDOR,DESIGN_BID_BUILD,US-NORTHEAST,39764.231,17.832,65.391,1,0.262462,0.451325,1.18,172078756.51,DEVELOPMENT,SYNTHETIC_RESEARCH_FIXTURE,OG-SYNTH-0.3,B1-0.3,build_opus_synthetic_programme_v0_3.py@0.3,20260812,True,178a1cceae5782bf61bcdae012099c7b32d71be52a0449eb069a3ba854bfac58
REF-0291,VERTICAL_HOSPITAL,DESIGN_BID_BUILD,US-NORTHEAST,65146.223,0.164,6.732,10,0.204341,0.932289,1.18,233811323.25,VALIDATION,SYNTHETIC_RESEARCH_FIXTURE,OG-SYNTH-0.3,B1-0.3,build_opus_synthetic_programme_v0_3.py@0.3,20260812,True,a8def15ad353d95d27eadd2449e6aa6a18b3a52c07783925278d4331779d571a
REF-0292,WATER_TREATMENT,DESIGN_BID_BUILD,US-NORTHEAST,0.0,0.0,127.464,2,0.817367,0.708789,1.18,154459945.89,VALIDATION,SYNTHETIC_RESEARCH_FIXTURE,OG-SYNTH-0.3,B1-0.3,build_opus_synthetic_programme_v0_3.py@0.3,20260812,True,4f04c466b68725e9fd125623927f0ca5436247229c1bab639621dbc75f970dcd
REF-0293,RAIL_STATION,DESIGN_BID_BUILD,US-NORTHEAST,10895.223,10.155,6.771,7,0.411127,0.617858,1.18,178009348.19,DEVELOPMENT,SYNTHETIC_RESEARCH_FIXTURE,OG-SYNTH-0.3,B1-0.3,build_opus_synthetic_programme_v0_3.py@0.3,20260812,True,5a4499e41a06e4b089df1174af12c0dac7156f8433bfb47d9494e59071579039
REF-0294,DATA_CENTER,DESIGN_BID_BUILD,US-NORTHEAST,38396.103,7.152,192.174,5,0.660574,0.473265,1.18,233219976.57,DEVELOPMENT,SYNTHETIC_RESEARCH_FIXTURE,OG-SYNTH-0.3,B1-0.3,build_opus_synthetic_programme_v0_3.py@0.3,20260812,True,60cd5b622e9024eab54dc6e677afcd88f069b5e71e4a55dd999ed58e06942921
REF-0295,AIRPORT_TERMINAL,DESIGN_BUILD,US-NORTHEAST,47424.607,0.537,87.094,3,0.264059,0.491937,1.18,182065469.83,DEVELOPMENT,SYNTHETIC_RESEARCH_FIXTURE,OG-SYNTH-0.3,B1-0.3,build_opus_synthetic_programme_v0_3.py@0.3,20260812,True,0fb79485987d0f6e3850a5c40bcec113685c68801acc79a25e7d1aafd11b3b49
REF-0296,HIGHWAY_CORRIDOR,DESIGN_BUILD,US-NORTHEAST,0.0,20.708,98.641,1,0.24716,0.593348,1.18,167452765.66,VALIDATION,SYNTHETIC_RESEARCH_FIXTURE,OG-SYNTH-0.3,B1-0.3,build_opus_synthetic_programme_v0_3.py@0.3,20260812,True,7d92b9ef761b1128ab2422bab4ba1439499eba4580f316f935c947d232953d3e
REF-0297,VERTICAL_HOSPITAL,DESIGN_BUILD,US-NORTHEAST,35497.739,6.263,72.474,7,0.587438,0.707792,1.18,221652841.71,DEVELOPMENT,SYNTHETIC_RESEARCH_FIXTURE,OG-SYNTH-0.3,B1-0.3,build_opus_synthetic_programme_v0_3.py@0.3,20260812,True,5e6e23e369ca4f32a37058a5b06444ceb7b2fecc130164f5efdd4f0570e4873d
REF-0298,WATER_TREATMENT,DESIGN_BUILD,US-NORTHEAST,4474.302,7.367,149.328,1,0.752957,0.608898,1.18,183929304.63,DEVELOPMENT,SYNTHETIC_RESEARCH_FIXTURE,OG-SYNTH-0.3,B1-0.3,build_opus_synthetic_programme_v0_3.py@0.3,20260812,True,52e6acb78b6307d3e59e9922e59d1e5f77682e3a529a46f6a5b3d60fd0cb592d
REF-0299,RAIL_STATION,DESIGN_BUILD,US-NORTHEAST,0.0,20.171,64.638,8,0.550992,0.824754,1.18,209975129.11,VALIDATION,SYNTHETIC_RESEARCH_FIXTURE,OG-SYNTH-0.3,B1-0.3,build_opus_synthetic_programme_v0_3.py@0.3,20260812,True,9dd353bd93dec7853273c1a79215c7b5c0239c20c75040971b30ca98861bf9ce
REF-0300,DATA_CENTER,DESIGN_BUILD,US-NORTHEAST,68720.712,3.733,120.45,3,0.680648,0.441516,1.18,237292613.84,LOCKED_HOLDOUT,SYNTHETIC_RESEARCH_FIXTURE,OG-SYNTH-0.3,B1-0.3,build_opus_synthetic_programme_v0_3.py@0.3,20260812,True,fc73f06c9847ce1b8e9b0ed7b73d8061ab3b7f38d13efb12594aeeba25e211ce
REF-0301,AIRPORT_TERMINAL,CMAR,US-NORTHEAST,54925.562,0.0,56.679,7,0.438628,0.634834,1.18,206227261.04,DEVELOPMENT,SYNTHETIC_RESEARCH_FIXTURE,OG-SYNTH-0.3,B1-0.3,build_opus_synthetic_programme_v0_3.py@0.3,20260812,True,6c02e2c3c3bb885f0949c54a6ba18c007e1875192c59ba96e35b93a6e37608ef
REF-0302,HIGHWAY_CORRIDOR,CMAR,US-NORTHEAST,5699.774,12.945,82.768,3,0.813838,0.493939,1.18,180868508.24,LOCKED_HOLDOUT,SYNTHETIC_RESEARCH_FIXTURE,OG-SYNTH-0.3,B1-0.3,build_opus_synthetic_programme_v0_3.py@0.3,20260812,True,d1fb666e76500fb8c25b0539648a3162d8a606a7348e83ae7a5e5552087d42c0
REF-0303,VERTICAL_HOSPITAL,CMAR,US-NORTHEAST,34076.035,2.898,53.287,12,0.32686,0.620371,1.18,214509873.2,DEVELOPMENT,SYNTHETIC_RESEARCH_FIXTURE,OG-SYNTH-0.3,B1-0.3,build_opus_synthetic_programme_v0_3.py@0.3,20260812,True,9c47ac9490936f0f3581b23f43bccb7d02c09fa2f08dea5b0e8bfece6442b98a
REF-0304,WATER_TREATMENT,CMAR,US-NORTHEAST,0.0,4.617,161.687,4,0.639275,0.35,1.18,175912750.38,LOCKED_HOLDOUT,SYNTHETIC_RESEARCH_FIXTURE,OG-SYNTH-0.3,B1-0.3,build_opus_synthetic_programme_v0_3.py@0.3,20260812,True,d128774060870ad71414c48b34dc9bc493dffccd7b9c4cc230da823e41538aa3
REF-0305,RAIL_STATION,CMAR,US-NORTHEAST,12046.025,15.858,52.06,1,0.616765,0.896126,1.18,190783192.49,DEVELOPMENT,SYNTHETIC_RESEARCH_FIXTURE,OG-SYNTH-0.3,B1-0.3,build_opus_synthetic_programme_v0_3.py@0.3,20260812,True,cf4c0162eb1a81970d9e804e2a10b728b21262021214b3c8d4fea4558bfb8a02
REF-0306,DATA_CENTER,CMAR,US-NORTHEAST,30285.464,7.262,142.676,5,0.263896,0.656454,1.18,185164487.13,DEVELOPMENT,SYNTHETIC_RESEARCH_FIXTURE,OG-SYNTH-0.3,B1-0.3,build_opus_synthetic_programme_v0_3.py@0.3,20260812,True,a08e0ec18b3bfe5d3896d56458ee56db14a5fc6d0d71bf484a35dfac3ed32fd8
REF-0307,AIRPORT_TERMINAL,EPCM,US-NORTHEAST,41552.239,0.0,50.579,9,0.493099,0.986234,1.18,212787207.0,DEVELOPMENT,SYNTHETIC_RESEARCH_FIXTURE,OG-SYNTH-0.3,B1-0.3,build_opus_synthetic_programme_v0_3.py@0.3,20260812,True,76c10649d6c905f867d02850181e24be02e165c3f5f637f4941b4527effd996b
REF-0308,HIGHWAY_CORRIDOR,EPCM,US-NORTHEAST,21897.18,18.078,63.944,5,0.340961,0.764608,1.18,180126024.93,DEVELOPMENT,SYNTHETIC_RESEARCH_FIXTURE,OG-SYNTH-0.3,B1-0.3,build_opus_synthetic_programme_v0_3.py@0.3,20260812,True,b9a462393029460a396140f7c2281a87e64e84285efb8633ac6d3948278f1168
REF-0309,VERTICAL_HOSPITAL,EPCM,US-NORTHEAST,46535.267,3.835,57.12,10,0.192865,0.545322,1.18,214203117.94,LOCKED_HOLDOUT,SYNTHETIC_RESEARCH_FIXTURE,OG-SYNTH-0.3,B1-0.3,build_opus_synthetic_programme_v0_3.py@0.3,20260812,True,3ac04445f7fc814004d1871dbada59741092934510e911b5ee73f93443ef3149
REF-0310,WATER_TREATMENT,EPCM,US-NORTHEAST,0.0,7.649,180.344,5,0.53819,0.491447,1.18,167687959.05,LOCKED_HOLDOUT,SYNTHETIC_RESEARCH_FIXTURE,OG-SYNTH-0.3,B1-0.3,build_opus_synthetic_programme_v0_3.py@0.3,20260812,True,5373d87efa613615691e2aac7a9e4709a64c07b3e717437764f223d056375dc2
REF-0311,RAIL_STATION,EPCM,US-NORTHEAST,0.0,10.998,64.472,4,0.322716,0.665657,1.18,162322008.35,DEVELOPMENT,SYNTHETIC_RESEARCH_FIXTURE,OG-SYNTH-0.3,B1-0.3,build_opus_synthetic_programme_v0_3.py@0.3,20260812,True,ab3c1ae46f0fe37277b9b9b1c22178ebf5a68fa2b18ee3f6558c4dbcaf7a2354
REF-0312,DATA_CENTER,EPCM,US-NORTHEAST,17904.751,0.0,64.687,1,0.324313,0.560289,1.18,132352628.38,DEVELOPMENT,SYNTHETIC_RESEARCH_FIXTURE,OG-SYNTH-0.3,B1-0.3,build_opus_synthetic_programme_v0_3.py@0.3,20260812,True,0d19f8bf72f33768620471ef84627fd8b7cfe00ad1c20da076a0911979b68327
REF-0313,AIRPORT_TERMINAL,DESIGN_BID_BUILD,US-SOUTHEAST,49220.979,1.419,17.154,1,0.503384,0.966817,0.94,166046539.9,LOCKED_HOLDOUT,SYNTHETIC_RESEARCH_FIXTURE,OG-SYNTH-0.3,B1-0.3,build_opus_synthetic_programme_v0_3.py@0.3,20260812,True,fa8c4ea49acd0441e0323ef146a1df9bfe22cbde5e1106a2ce91bce9debd0408
REF-0314,HIGHWAY_CORRIDOR,DESIGN_BID_BUILD,US-SOUTHEAST,2864.245,13.466,38.689,2,0.705905,0.696711,0.94,130223338.92,VALIDATION,SYNTHETIC_RESEARCH_FIXTURE,OG-SYNTH-0.3,B1-0.3,build_opus_synthetic_programme_v0_3.py@0.3,20260812,True,12ecf841289d29330020857edada02c34389b4e60a44ca696b40a51e783dfa5b
REF-0315,VERTICAL_HOSPITAL,DESIGN_BID_BUILD,US-SOUTHEAST,33803.05,0.0,92.64,12,0.545321,0.799622,0.94,198310905.71,DEVELOPMENT,SYNTHETIC_RESEARCH_FIXTURE,OG-SYNTH-0.3,B1-0.3,build_opus_synthetic_programme_v0_3.py@0.3,20260812,True,b7c06aebfeda90efc0b549ae6e630f1187d4fef16f770bc33ccfacacc9d55fc4
REF-0316,WATER_TREATMENT,DESIGN_BID_BUILD,US-SOUTHEAST,23835.276,8.113,128.618,1,0.851263,0.407168,0.94,170804892.32,DEVELOPMENT,SYNTHETIC_RESEARCH_FIXTURE,OG-SYNTH-0.3,B1-0.3,build_opus_synthetic_programme_v0_3.py@0.3,20260812,True,b69ed4697fe896f66131b4644bb3371608f3ba3a30e8165539de5c4148cbb429
REF-0317,RAIL_STATION,DESIGN_BID_BUILD,US-SOUTHEAST,0.0,17.093,5.964,6,0.296999,0.606095,0.94,142305198.29,VALIDATION,SYNTHETIC_RESEARCH_FIXTURE,OG-SYNTH-0.3,B1-0.3,build_opus_synthetic_programme_v0_3.py@0.3,20260812,True,0c6d2edb0da3a244b71c8926830ccfcfc31f667e4dcccc4a77ca0377d97a7a92
REF-0318,DATA_CENTER,DESIGN_BID_BUILD,US-SOUTHEAST,61925.092,0.384,146.638,1,0.723157,0.861336,0.94,180816052.98,DEVELOPMENT,SYNTHETIC_RESEARCH_FIXTURE,OG-SYNTH-0.3,B1-0.3,build_opus_synthetic_programme_v0_3.py@0.3,20260812,True,2384c7b9f228c4fcd707e4d609e3e4df44c611a0b0f3650d261e9d88f62ef677
REF-0319,AIRPORT_TERMINAL,DESIGN_BUILD,US-SOUTHEAST,52668.734,0.0,60.397,1,0.669357,0.573026,0.94,169076804.27,DEVELOPMENT,SYNTHETIC_RESEARCH_FIXTURE,OG-SYNTH-0.3,B1-0.3,build_opus_synthetic_programme_v0_3.py@0.3,20260812,True,f6b06a0500dc29e8733a07236db5314d62f3fdda26774984a79663da2f88b4e6
REF-0320,HIGHWAY_CORRIDOR,DESIGN_BUILD,US-SOUTHEAST,2923.604,15.387,53.107,4,0.727257,0.742632,0.94,127062565.66,VALIDATION,SYNTHETIC_RESEARCH_FIXTURE,OG-SYNTH-0.3,B1-0.3,build_opus_synthetic_programme_v0_3.py@0.3,20260812,True,ad1b36bb26b8e19488922e28c17ddb41d4c3e4a7e435773cc2b2a3ce0c92fc93
REF-0321,VERTICAL_HOSPITAL,DESIGN_BUILD,US-SOUTHEAST,50925.489,0.0,64.718,9,0.587467,0.569573,0.94,174536084.22,VALIDATION,SYNTHETIC_RESEARCH_FIXTURE,OG-SYNTH-0.3,B1-0.3,build_opus_synthetic_programme_v0_3.py@0.3,20260812,True,f76907160dfde20402e5ee8614987e0f7995a2187952f0e087a058d69b3184e7
REF-0322,WATER_TREATMENT,DESIGN_BUILD,US-SOUTHEAST,3640.593,1.997,114.038,1,0.603249,0.799311,0.94,99255293.6,LOCKED_HOLDOUT,SYNTHETIC_RESEARCH_FIXTURE,OG-SYNTH-0.3,B1-0.3,build_opus_synthetic_programme_v0_3.py@0.3,20260812,True,e52739835d24b80e0d105c1ba043f4dae337c0f4251c492b3cc101570516b96e
REF-0323,RAIL_STATION,DESIGN_BUILD,US-SOUTHEAST,1485.44,10.038,37.683,7,0.403474,0.502319,0.94,130151824.86,VALIDATION,SYNTHETIC_RESEARCH_FIXTURE,OG-SYNTH-0.3,B1-0.3,build_opus_synthetic_programme_v0_3.py@0.3,20260812,True,8dfdee27317a522ff1eb626791822e12690e1b0c32581a46bda59300a5d510f1
REF-0324,DATA_CENTER,DESIGN_BUILD,US-SOUTHEAST,38942.082,2.609,122.82,4,0.781028,0.715796,0.94,175433279.5,LOCKED_HOLDOUT,SYNTHETIC_RESEARCH_FIXTURE,OG-SYNTH-0.3,B1-0.3,build_opus_synthetic_programme_v0_3.py@0.3,20260812,True,654aa9a1ff6c02cea72f8648bd6feb99277f8edc01abca4f92dfbff4eccfe262
REF-0325,AIRPORT_TERMINAL,CMAR,US-SOUTHEAST,35027.302,0.0,73.881,5,0.695649,0.704869,0.94,178495782.25,LOCKED_HOLDOUT,SYNTHETIC_RESEARCH_FIXTURE,OG-SYNTH-0.3,B1-0.3,build_opus_synthetic_programme_v0_3.py@0.3,20260812,True,acc156511cae5314b8969ca2e487415d1f9da14ae9c983e24e64ca798f39fc7e
REF-0326,HIGHWAY_CORRIDOR,CMAR,US-SOUTHEAST,0.0,15.739,53.503,4,0.113253,0.84589,0.94,105302442.85,DEVELOPMENT,SYNTHETIC_RESEARCH_FIXTURE,OG-SYNTH-0.3,B1-0.3,build_opus_synthetic_programme_v0_3.py@0.3,20260812,True,2ac22d6a588a1c0d1b8eec95833ad51e8adbab83862329fd9db6893629d526fa
REF-0327,VERTICAL_HOSPITAL,CMAR,US-SOUTHEAST,69740.624,0.0,56.308,11,0.666628,0.620704,0.94,210550886.42,VALIDATION,SYNTHETIC_RESEARCH_FIXTURE,OG-SYNTH-0.3,B1-0.3,build_opus_synthetic_programme_v0_3.py@0.3,20260812,True,7ef662c56afec39a72da7cf6a3b6b2a9f957db929ff27ceb6aa06e9c1881d7b3
REF-0328,WATER_TREATMENT,CMAR,US-SOUTHEAST,5361.793,0.0,79.179,4,0.507572,0.728202,0.94,107562575.96,DEVELOPMENT,SYNTHETIC_RESEARCH_FIXTURE,OG-SYNTH-0.3,B1-0.3,build_opus_synthetic_programme_v0_3.py@0.3,20260812,True,126dccca17642ff5d9201eb08e57d1031be90020393ed06ca2a9e10b9ad211d8
REF-0329,RAIL_STATION,CMAR,US-SOUTHEAST,0.0,19.162,1.0,1,0.577312,0.948186,0.94,130397631.81,DEVELOPMENT,SYNTHETIC_RESEARCH_FIXTURE,OG-SYNTH-0.3,B1-0.3,build_opus_synthetic_programme_v0_3.py@0.3,20260812,True,003da75000cc375eac779a00f8a74b3d70a8684f5000f15ddcbff141eb279aa8
REF-0330,DATA_CENTER,CMAR,US-SOUTHEAST,31174.169,0.0,132.46,3,0.645577,0.433326,0.94,155764686.64,VALIDATION,SYNTHETIC_RESEARCH_FIXTURE,OG-SYNTH-0.3,B1-0.3,build_opus_synthetic_programme_v0_3.py@0.3,20260812,True,a2c23c788625d51988736232ab12e60718026bb074c71dc696743c8b41b35308
REF-0331,AIRPORT_TERMINAL,EPCM,US-SOUTHEAST,51562.827,0.0,102.796,8,0.537055,0.858,0.94,187929341.62,LOCKED_HOLDOUT,SYNTHETIC_RESEARCH_FIXTURE,OG-SYNTH-0.3,B1-0.3,build_opus_synthetic_programme_v0_3.py@0.3,20260812,True,5faa1a564e243f1e02f83432ad4091b46c8cea6d63dae2d8df2defc44f484782
REF-0332,HIGHWAY_CORRIDOR,EPCM,US-SOUTHEAST,17203.86,15.925,77.91,7,0.312906,0.584726,0.94,131084296.05,DEVELOPMENT,SYNTHETIC_RESEARCH_FIXTURE,OG-SYNTH-0.3,B1-0.3,build_opus_synthetic_programme_v0_3.py@0.3,20260812,True,3c0bea5d92429fc52894817f07a8531031725ea30e92188d4b55e888e81c9c7a
REF-0333,VERTICAL_HOSPITAL,EPCM,US-SOUTHEAST,42097.414,0.0,61.622,15,0.564502,0.535337,0.94,186756834.6,LOCKED_HOLDOUT,SYNTHETIC_RESEARCH_FIXTURE,OG-SYNTH-0.3,B1-0.3,build_opus_synthetic_programme_v0_3.py@0.3,20260812,True,79d50c3338f90ec37b2753820b5371116a5c537a099668e2121b838825105727
REF-0334,WATER_TREATMENT,EPCM,US-SOUTHEAST,2324.053,4.287,130.483,1,0.19568,0.76129,0.94,91752363.16,VALIDATION,SYNTHETIC_RESEARCH_FIXTURE,OG-SYNTH-0.3,B1-0.3,build_opus_synthetic_programme_v0_3.py@0.3,20260812,True,c8fc353e722ca34133e5fd2e47980c1fd108eb683d432eacba4eeb5abbb182b6
REF-0335,RAIL_STATION,EPCM,US-SOUTHEAST,2531.789,20.565,34.39,8,0.170011,0.71913,0.94,153809393.85,LOCKED_HOLDOUT,SYNTHETIC_RESEARCH_FIXTURE,OG-SYNTH-0.3,B1-0.3,build_opus_synthetic_programme_v0_3.py@0.3,20260812,True,86ed83fe8151472ad4c1eece4b8b87a272ed6dc37795465d5f3cd66f8651a58f
REF-0336,DATA_CENTER,EPCM,US-SOUTHEAST,6671.534,4.615,145.535,4,0.566025,0.903005,0.94,138753283.25,VALIDATION,SYNTHETIC_RESEARCH_FIXTURE,OG-SYNTH-0.3,B1-0.3,build_opus_synthetic_programme_v0_3.py@0.3,20260812,True,d1522f87678bdd8b2b62d2799e378b1868691ffbebe60b522fc193ed41ef1f9c
REF-0337,AIRPORT_TERMINAL,DESIGN_BID_BUILD,US-MIDWEST,28041.46,0.0,73.754,6,0.198672,0.923356,0.91,145073451.12,DEVELOPMENT,SYNTHETIC_RESEARCH_FIXTURE,OG-SYNTH-0.3,B1-0.3,build_opus_synthetic_programme_v0_3.py@0.3,20260812,True,f5793aa2ddcde64eac760141e59d0b6584516cec8c52c74dfba079c7ebe89ec3
REF-0338,HIGHWAY_CORRIDOR,DESIGN_BID_BUILD,US-MIDWEST,14579.832,16.94,39.916,4,0.514122,0.871111,0.91,130657315.05,LOCKED_HOLDOUT,SYNTHETIC_RESEARCH_FIXTURE,OG-SYNTH-0.3,B1-0.3,build_opus_synthetic_programme_v0_3.py@0.3,20260812,True,498142410ce3bf55808b217487f186673f75f910e3707f899cf14ea0ce331af8
REF-0339,VERTICAL_HOSPITAL,DESIGN_BID_BUILD,US-MIDWEST,36192.789,0.0,45.08,11,0.670514,0.632443,0.91,178565317.37,DEVELOPMENT,SYNTHETIC_RESEARCH_FIXTURE,OG-SYNTH-0.3,B1-0.3,build_opus_synthetic_programme_v0_3.py@0.3,20260812,True,6b4307c206409ed3aff89240439d5dedf4a415d10d5fc385525501f38dd27ac7
REF-0340,WATER_TREATMENT,DESIGN_BID_BUILD,US-MIDWEST,0.0,1.579,96.678,3,0.491118,0.906226,0.91,105683639.71,DEVELOPMENT,SYNTHETIC_RESEARCH_FIXTURE,OG-SYNTH-0.3,B1-0.3,build_opus_synthetic_programme_v0_3.py@0.3,20260812,True,fd26eeb2c2df0146c81498ef9c01db128bbca72518542af13ea3a88f75db60c9
REF-0341,RAIL_STATION,DESIGN_BID_BUILD,US-MIDWEST,1129.227,14.514,45.32,2,0.618796,0.35,0.91,154233340.97,DEVELOPMENT,SYNTHETIC_RESEARCH_FIXTURE,OG-SYNTH-0.3,B1-0.3,build_opus_synthetic_programme_v0_3.py@0.3,20260812,True,114685f4fcb3f2275be35ccb850c763feb7a7307caf523e44260a506b8570548
REF-0342,DATA_CENTER,DESIGN_BID_BUILD,US-MIDWEST,37797.549,0.0,105.366,3,0.674814,0.893409,0.91,162959974.41,DEVELOPMENT,SYNTHETIC_RESEARCH_FIXTURE,OG-SYNTH-0.3,B1-0.3,build_opus_synthetic_programme_v0_3.py@0.3,20260812,True,b4a8a224e1d2c5bc67ca548486bd378ce2f9cbdb3fa1c7ad98f7ba711221dd51
REF-0343,AIRPORT_TERMINAL,DESIGN_BUILD,US-MIDWEST,58492.606,0.0,33.618,4,0.483209,0.89301,0.91,170354596.79,LOCKED_HOLDOUT,SYNTHETIC_RESEARCH_FIXTURE,OG-SYNTH-0.3,B1-0.3,build_opus_synthetic_programme_v0_3.py@0.3,20260812,True,abd82e6eaa7fce132ed291fe981c045692bdb79226872f28b483d01c2356afdb
REF-0344,HIGHWAY_CORRIDOR,DESIGN_BUILD,US-MIDWEST,24977.724,22.962,79.387,3,0.275873,0.813682,0.91,140976473.29,DEVELOPMENT,SYNTHETIC_RESEARCH_FIXTURE,OG-SYNTH-0.3,B1-0.3,build_opus_synthetic_programme_v0_3.py@0.3,20260812,True,34f723a726f664e4b58891f7956d9e3b3c40a2abde58ffbc7dc2c90e2406e030
REF-0345,VERTICAL_HOSPITAL,DESIGN_BUILD,US-MIDWEST,38249.334,0.0,54.635,11,0.659425,0.68178,0.91,177646595.05,DEVELOPMENT,SYNTHETIC_RESEARCH_FIXTURE,OG-SYNTH-0.3,B1-0.3,build_opus_synthetic_programme_v0_3.py@0.3,20260812,True,326f07fa03161e861aef8ae5fc3dc0837f0455d5005cbe30e8255572df08cfb7
REF-0346,WATER_TREATMENT,DESIGN_BUILD,US-MIDWEST,20747.563,0.0,116.977,7,0.353214,0.565608,0.91,119641059.11,DEVELOPMENT,SYNTHETIC_RESEARCH_FIXTURE,OG-SYNTH-0.3,B1-0.3,build_opus_synthetic_programme_v0_3.py@0.3,20260812,True,f024bad7f9c903ec1969f6e59915f2626839485f554b21e0068b690684000804
REF-0347,RAIL_STATION,DESIGN_BUILD,US-MIDWEST,17200.262,17.01,37.375,6,0.288138,0.976762,0.91,149008331.51,DEVELOPMENT,SYNTHETIC_RESEARCH_FIXTURE,OG-SYNTH-0.3,B1-0.3,build_opus_synthetic_programme_v0_3.py@0.3,20260812,True,9a626ee4e4f0fa7864fab810ab6acaa0f4b3792bda8d302926dc6427178cacf2
REF-0348,DATA_CENTER,DESIGN_BUILD,US-MIDWEST,27882.102,3.363,101.104,3,0.175625,0.801671,0.91,113797124.34,DEVELOPMENT,SYNTHETIC_RESEARCH_FIXTURE,OG-SYNTH-0.3,B1-0.3,build_opus_synthetic_programme_v0_3.py@0.3,20260812,True,bedeb985e91c0c814de294d6c99de5a9cf9985f10e96b43c3abfb8735474904e
REF-0349,AIRPORT_TERMINAL,CMAR,US-MIDWEST,40321.871,3.461,80.166,6,0.790083,0.356961,0.91,184983276.47,LOCKED_HOLDOUT,SYNTHETIC_RESEARCH_FIXTURE,OG-SYNTH-0.3,B1-0.3,build_opus_synthetic_programme_v0_3.py@0.3,20260812,True,63b352f0890cb18a7f28ec8cdfa4fbbd9ecbd3cb2a214d14c657eaf6ca913dff
REF-0350,HIGHWAY_CORRIDOR,CMAR,US-MIDWEST,6894.488,19.904,41.785,1,0.673505,0.780321,0.91,127516333.54,LOCKED_HOLDOUT,SYNTHETIC_RESEARCH_FIXTURE,OG-SYNTH-0.3,B1-0.3,build_opus_synthetic_programme_v0_3.py@0.3,20260812,True,c5bf56283b3cd8bf12de9a832bb1927322480ab6e4b78188964dccfebfe36a96
REF-0351,VERTICAL_HOSPITAL,CMAR,US-MIDWEST,47839.507,2.318,41.452,9,0.690178,0.35,0.91,193267382.7,VALIDATION,SYNTHETIC_RESEARCH_FIXTURE,OG-SYNTH-0.3,B1-0.3,build_opus_synthetic_programme_v0_3.py@0.3,20260812,True,39866f888ac0926adc2db20b28e12fe7be82dc146cf8f579408349f46bd4cc07
REF-0352,WATER_TREATMENT,CMAR,US-MIDWEST,9372.065,1.658,122.719,3,0.629426,0.85327,0.91,113310585.65,DEVELOPMENT,SYNTHETIC_RESEARCH_FIXTURE,OG-SYNTH-0.3,B1-0.3,build_opus_synthetic_programme_v0_3.py@0.3,20260812,True,311e79869873e79515bfda0b70a5e1001e7f92e6f0ab995053ed4e3beb204b63
REF-0353,RAIL_STATION,CMAR,US-MIDWEST,7164.168,19.445,61.884,9,0.353483,0.832986,0.91,154941137.49,DEVELOPMENT,SYNTHETIC_RESEARCH_FIXTURE,OG-SYNTH-0.3,B1-0.3,build_opus_synthetic_programme_v0_3.py@0.3,20260812,True,a275c5412f7d9ff50dd5c8d023a7b54e5057d8d1130e17d747784aca1e29654a
REF-0354,DATA_CENTER,CMAR,US-MIDWEST,45843.142,5.842,75.6,1,0.418253,0.657026,0.91,137729004.1,DEVELOPMENT,SYNTHETIC_RESEARCH_FIXTURE,OG-SYNTH-0.3,B1-0.3,build_opus_synthetic_programme_v0_3.py@0.3,20260812,True,af7ff390e02696f848a65dffe9d9dcd94bca577872a2ce42a7050a12e0011fbf
REF-0355,AIRPORT_TERMINAL,EPCM,US-MIDWEST,58729.024,0.0,15.861,4,0.37624,0.855087,0.91,158588675.76,DEVELOPMENT,SYNTHETIC_RESEARCH_FIXTURE,OG-SYNTH-0.3,B1-0.3,build_opus_synthetic_programme_v0_3.py@0.3,20260812,True,f8ab3f6c1508f6145c4b260626fb13a4e716b334537e3abd59ba473b8c66159b
REF-0356,HIGHWAY_CORRIDOR,EPCM,US-MIDWEST,12802.979,13.242,45.381,5,0.356277,0.883518,0.91,127467860.63,DEVELOPMENT,SYNTHETIC_RESEARCH_FIXTURE,OG-SYNTH-0.3,B1-0.3,build_opus_synthetic_programme_v0_3.py@0.3,20260812,True,5b3d89ffb89753d4fa7a343a3c5458fa11042da7a73c6a65b417dc251460c32f
REF-0357,VERTICAL_HOSPITAL,EPCM,US-MIDWEST,47915.228,0.0,62.4,10,0.724593,0.741342,0.91,202988885.53,DEVELOPMENT,SYNTHETIC_RESEARCH_FIXTURE,OG-SYNTH-0.3,B1-0.3,build_opus_synthetic_programme_v0_3.py@0.3,20260812,True,49877185124a033261937246ca05300e3ccb55c9a782ba57f89c15d9b3ee2e37
REF-0358,WATER_TREATMENT,EPCM,US-MIDWEST,10791.138,0.0,132.709,5,0.193417,0.854601,0.91,104157378.92,VALIDATION,SYNTHETIC_RESEARCH_FIXTURE,OG-SYNTH-0.3,B1-0.3,build_opus_synthetic_programme_v0_3.py@0.3,20260812,True,51dc912c4fae306c5d5bc3adb88100edcbe7aba2250ccab059d10bc087cfc4a2
REF-0359,RAIL_STATION,EPCM,US-MIDWEST,0.0,30.735,96.967,1,0.730925,0.748371,0.91,187102031.05,LOCKED_HOLDOUT,SYNTHETIC_RESEARCH_FIXTURE,OG-SYNTH-0.3,B1-0.3,build_opus_synthetic_programme_v0_3.py@0.3,20260812,True,02adfa267cb7c0e179a9891b711a8faf718ae7c8b07177d0f73d1782b4941ebf
REF-0360,DATA_CENTER,EPCM,US-MIDWEST,40998.038,5.793,143.98,6,0.318362,0.509627,0.91,147278043.46,DEVELOPMENT,SYNTHETIC_RESEARCH_FIXTURE,OG-SYNTH-0.3,B1-0.3,build_opus_synthetic_programme_v0_3.py@0.3,20260812,True,390e9674c4b1d00839cc5246c99898a34806a5ad5a20886cad0c45a23319d05d
