reference_project_id,period_number,progress_fraction,cpi,spi,document_risk_score,rfi_open,change_order_count,quality_findings,procurement_items_at_risk,split,data_origin,programme_version,package_version,generator_version,random_seed,not_for_empirical_validation,record_hash
REF-0001,1,0.125,1.047809,1.001908,0.214064,8,1,3,1,VALIDATION,SYNTHETIC_RESEARCH_FIXTURE,OG-SYNTH-0.3,B1-0.3,build_opus_synthetic_programme_v0_3.py@0.3,20260812,True,a5c6c126be95121b397fe53ae39d4bd912767d0a5cdf78af88b1e56bf0608d5c
REF-0001,2,0.25,0.950606,0.975198,0.193765,1,2,1,2,VALIDATION,SYNTHETIC_RESEARCH_FIXTURE,OG-SYNTH-0.3,B1-0.3,build_opus_synthetic_programme_v0_3.py@0.3,20260812,True,84a92643b3d8961f26aff833f492085d483d343549e3a26a5ecb027ee883c858
REF-0001,3,0.375,0.911993,0.92048,0.254141,2,2,1,1,VALIDATION,SYNTHETIC_RESEARCH_FIXTURE,OG-SYNTH-0.3,B1-0.3,build_opus_synthetic_programme_v0_3.py@0.3,20260812,True,542c233facebd88e4f6d3f88df1b26a0007a16a8dbe587b73e84f1fca04bb337
REF-0001,4,0.5,0.938428,0.915285,0.201724,5,3,4,0,VALIDATION,SYNTHETIC_RESEARCH_FIXTURE,OG-SYNTH-0.3,B1-0.3,build_opus_synthetic_programme_v0_3.py@0.3,20260812,True,9e7da34deef4c997066482db83a96bc08c86bb67d56478f12360e12d0f4bf3b4
REF-0001,5,0.625,0.889475,0.89393,0.239477,9,4,3,3,VALIDATION,SYNTHETIC_RESEARCH_FIXTURE,OG-SYNTH-0.3,B1-0.3,build_opus_synthetic_programme_v0_3.py@0.3,20260812,True,1ba29d6a6336da7b2364e46c7e4d3760b08548f40c8fd9a6cf7ee8f85f59f1f7
REF-0001,6,0.75,0.861493,0.884559,0.218802,6,1,1,3,VALIDATION,SYNTHETIC_RESEARCH_FIXTURE,OG-SYNTH-0.3,B1-0.3,build_opus_synthetic_programme_v0_3.py@0.3,20260812,True,448a2f5bb34cc8db12f3ccfbeea4054ed83480a3c959a4e955d47ec1fd940608
REF-0001,7,0.875,0.888788,0.855045,0.283116,15,5,0,3,VALIDATION,SYNTHETIC_RESEARCH_FIXTURE,OG-SYNTH-0.3,B1-0.3,build_opus_synthetic_programme_v0_3.py@0.3,20260812,True,003878d1419ad09b7018fecf1c9f8cb7898cb3bd4c6d6824a2f4c003133dc2c5
REF-0001,8,1.0,0.798446,0.834427,0.246608,6,3,1,1,VALIDATION,SYNTHETIC_RESEARCH_FIXTURE,OG-SYNTH-0.3,B1-0.3,build_opus_synthetic_programme_v0_3.py@0.3,20260812,True,5919cbcbb5b549b8ec3c5b1f42a5b750937fb4706c5e3d60b7c90fc0d3fdc389
REF-0002,1,0.125,0.982965,1.042095,0.180356,4,1,0,2,VALIDATION,SYNTHETIC_RESEARCH_FIXTURE,OG-SYNTH-0.3,B1-0.3,build_opus_synthetic_programme_v0_3.py@0.3,20260812,True,95d0ffbe2d7d56bba3da756bc23cff8ca32ae0bbed7e411b3370ef8d2d88c36a
REF-0002,2,0.25,0.931089,0.954191,0.173879,2,1,0,3,VALIDATION,SYNTHETIC_RESEARCH_FIXTURE,OG-SYNTH-0.3,B1-0.3,build_opus_synthetic_programme_v0_3.py@0.3,20260812,True,0ae52284cdab6da869f341cef228cc2b68aa5427dd8a6c584b83658292ccb436
REF-0002,3,0.375,0.919118,0.979523,0.12636,8,1,4,3,VALIDATION,SYNTHETIC_RESEARCH_FIXTURE,OG-SYNTH-0.3,B1-0.3,build_opus_synthetic_programme_v0_3.py@0.3,20260812,True,b9163d5fcd590ee725096910baca9356675da259d4c2e747f0f3b28868f79237
REF-0002,4,0.5,0.946084,0.89957,0.160387,8,1,2,2,VALIDATION,SYNTHETIC_RESEARCH_FIXTURE,OG-SYNTH-0.3,B1-0.3,build_opus_synthetic_programme_v0_3.py@0.3,20260812,True,cd19e16cee5dbb8f19daac91a3ddf4572af672591ac450f85ed1f52f0fa2cf7b
REF-0002,5,0.625,0.888634,0.887352,0.273479,5,1,0,2,VALIDATION,SYNTHETIC_RESEARCH_FIXTURE,OG-SYNTH-0.3,B1-0.3,build_opus_synthetic_programme_v0_3.py@0.3,20260812,True,8bafef36f8113f2b7f0d692641693031b07daf622b0820dae250cf1f079259af
REF-0002,6,0.75,0.852424,0.893434,0.307387,6,4,0,3,VALIDATION,SYNTHETIC_RESEARCH_FIXTURE,OG-SYNTH-0.3,B1-0.3,build_opus_synthetic_programme_v0_3.py@0.3,20260812,True,07ceac1d0734e0931d290c1be7a33552a497e5d2087dd388fc895006d3b80e22
REF-0002,7,0.875,0.805949,0.875425,0.362034,15,4,2,0,VALIDATION,SYNTHETIC_RESEARCH_FIXTURE,OG-SYNTH-0.3,B1-0.3,build_opus_synthetic_programme_v0_3.py@0.3,20260812,True,5e89558dd9c2dc1f22b8faded79859e8f0c3a781a7c2bda00cae4433506af7f2
REF-0002,8,1.0,0.801016,0.874977,0.263454,10,2,2,2,VALIDATION,SYNTHETIC_RESEARCH_FIXTURE,OG-SYNTH-0.3,B1-0.3,build_opus_synthetic_programme_v0_3.py@0.3,20260812,True,87b6a921577df07024eacedc53ba6be380047a021db63acda1ad7b6a2c5e8bbb
REF-0003,1,0.125,0.959456,0.952304,0.172686,2,0,3,1,DEVELOPMENT,SYNTHETIC_RESEARCH_FIXTURE,OG-SYNTH-0.3,B1-0.3,build_opus_synthetic_programme_v0_3.py@0.3,20260812,True,e465ed794269eaf7c6c659b64f25636f4bfb3f094b8cccad267408650894a948
REF-0003,2,0.25,1.006386,0.985391,0.17429,3,2,2,0,DEVELOPMENT,SYNTHETIC_RESEARCH_FIXTURE,OG-SYNTH-0.3,B1-0.3,build_opus_synthetic_programme_v0_3.py@0.3,20260812,True,87ad2ca45cc2f79840746499abe7b529e5f1f4720c8372a04ccb340397759a63
REF-0003,3,0.375,0.955974,0.949433,0.164632,8,3,4,1,DEVELOPMENT,SYNTHETIC_RESEARCH_FIXTURE,OG-SYNTH-0.3,B1-0.3,build_opus_synthetic_programme_v0_3.py@0.3,20260812,True,d3632d53306c82b5bdc0833ebdb3f464336aab9cac51a04935c902f4786f15e8
REF-0003,4,0.5,0.984173,0.922461,0.219209,8,0,3,4,DEVELOPMENT,SYNTHETIC_RESEARCH_FIXTURE,OG-SYNTH-0.3,B1-0.3,build_opus_synthetic_programme_v0_3.py@0.3,20260812,True,5c2b6b1b9aa9915b0ececc37b6e5ec3318b9c5e9788ed41634d5955f68450f9a
REF-0003,5,0.625,0.940998,0.927595,0.228069,7,0,5,0,DEVELOPMENT,SYNTHETIC_RESEARCH_FIXTURE,OG-SYNTH-0.3,B1-0.3,build_opus_synthetic_programme_v0_3.py@0.3,20260812,True,21dca7492baecdd732f161af607c85a6b451e130c7de486ab684647b9a97f4a1
REF-0003,6,0.75,0.941949,0.897909,0.183503,10,3,7,1,DEVELOPMENT,SYNTHETIC_RESEARCH_FIXTURE,OG-SYNTH-0.3,B1-0.3,build_opus_synthetic_programme_v0_3.py@0.3,20260812,True,b241cfa5387946c8498ac490ac18853467e97e039e8dad9130ee3359188d17c7
REF-0003,7,0.875,0.965302,0.890811,0.250223,12,0,2,0,DEVELOPMENT,SYNTHETIC_RESEARCH_FIXTURE,OG-SYNTH-0.3,B1-0.3,build_opus_synthetic_programme_v0_3.py@0.3,20260812,True,9d8a5442b75022a8b8b3d139918211a205cbdb58f56cd026ec26b205214034b6
REF-0003,8,1.0,0.91581,0.861479,0.247579,12,2,0,1,DEVELOPMENT,SYNTHETIC_RESEARCH_FIXTURE,OG-SYNTH-0.3,B1-0.3,build_opus_synthetic_programme_v0_3.py@0.3,20260812,True,f7264192ec884ed786838b3243cdd733c26132871b434b2c795923ef9acd393d
REF-0004,1,0.125,0.959323,0.956157,0.220503,0,0,1,0,DEVELOPMENT,SYNTHETIC_RESEARCH_FIXTURE,OG-SYNTH-0.3,B1-0.3,build_opus_synthetic_programme_v0_3.py@0.3,20260812,True,41b7ec73d9292954d73c6963c0f2785dc0767c9d579b0c41ed0f7dc445ed3645
REF-0004,2,0.25,1.020778,0.934699,0.227098,2,2,1,0,DEVELOPMENT,SYNTHETIC_RESEARCH_FIXTURE,OG-SYNTH-0.3,B1-0.3,build_opus_synthetic_programme_v0_3.py@0.3,20260812,True,bf3cde92a718d6e5f53506fe2002032342251072a98c1f24437660d903278ab6
REF-0004,3,0.375,0.964314,0.978636,0.181932,2,2,1,1,DEVELOPMENT,SYNTHETIC_RESEARCH_FIXTURE,OG-SYNTH-0.3,B1-0.3,build_opus_synthetic_programme_v0_3.py@0.3,20260812,True,f0fd4d30e1037da51c0458c1cadea40308bb70bf9115ee51fd49c5248083bd08
REF-0004,4,0.5,0.905054,0.987339,0.169204,2,3,2,1,DEVELOPMENT,SYNTHETIC_RESEARCH_FIXTURE,OG-SYNTH-0.3,B1-0.3,build_opus_synthetic_programme_v0_3.py@0.3,20260812,True,67247eba1c89ffd749779dd9f0ddb6db1a40a7eb89c1ab20fa2a1977771f4999
REF-0004,5,0.625,0.898599,0.935148,0.198755,5,2,1,1,DEVELOPMENT,SYNTHETIC_RESEARCH_FIXTURE,OG-SYNTH-0.3,B1-0.3,build_opus_synthetic_programme_v0_3.py@0.3,20260812,True,9a0c24a578a15340557738d878ced59aafe036ec368ae32e4ec4c1aabdba3cde
REF-0004,6,0.75,0.899498,0.926014,0.177971,5,2,0,0,DEVELOPMENT,SYNTHETIC_RESEARCH_FIXTURE,OG-SYNTH-0.3,B1-0.3,build_opus_synthetic_programme_v0_3.py@0.3,20260812,True,504f9451081a7b00c5c264558894d817c1602646f0b3c2ec8bf4f5a2e13f2f30
REF-0004,7,0.875,0.912449,0.863594,0.17668,3,3,3,2,DEVELOPMENT,SYNTHETIC_RESEARCH_FIXTURE,OG-SYNTH-0.3,B1-0.3,build_opus_synthetic_programme_v0_3.py@0.3,20260812,True,5625e6b7fdd0786a31fb6ca2a10a84077fa18ee7fbd73be5eadda424b827d5bb
REF-0004,8,1.0,0.865419,0.83233,0.230837,7,5,4,2,DEVELOPMENT,SYNTHETIC_RESEARCH_FIXTURE,OG-SYNTH-0.3,B1-0.3,build_opus_synthetic_programme_v0_3.py@0.3,20260812,True,a87d96cbc0d7992037d0d8d5a97191fca4219d4971a585efd18c528c09427136
REF-0005,1,0.125,1.026301,0.996258,0.202887,1,0,2,0,VALIDATION,SYNTHETIC_RESEARCH_FIXTURE,OG-SYNTH-0.3,B1-0.3,build_opus_synthetic_programme_v0_3.py@0.3,20260812,True,e3968e6ef2a2353a84d846411e25f6961a6826416c88d907fc8100483a07ad2b
REF-0005,2,0.25,0.970694,0.977105,0.183549,7,0,0,2,VALIDATION,SYNTHETIC_RESEARCH_FIXTURE,OG-SYNTH-0.3,B1-0.3,build_opus_synthetic_programme_v0_3.py@0.3,20260812,True,904eddee8918699bab5fbba8fea37a4da3ec703af663783acc6a1f6312ef9b3d
REF-0005,3,0.375,0.975329,0.947898,0.208202,4,0,1,0,VALIDATION,SYNTHETIC_RESEARCH_FIXTURE,OG-SYNTH-0.3,B1-0.3,build_opus_synthetic_programme_v0_3.py@0.3,20260812,True,6875ca217410de67afca158fd3a88292905a542923588a42d0e573fc60dc163e
REF-0005,4,0.5,0.946593,0.988582,0.171179,6,4,1,1,VALIDATION,SYNTHETIC_RESEARCH_FIXTURE,OG-SYNTH-0.3,B1-0.3,build_opus_synthetic_programme_v0_3.py@0.3,20260812,True,6e9a1691d780af60624afcadbdb4c2dbafca1aff9a0e4a9671441673c20e76b6
REF-0005,5,0.625,0.9342,0.910935,0.224346,10,0,3,4,VALIDATION,SYNTHETIC_RESEARCH_FIXTURE,OG-SYNTH-0.3,B1-0.3,build_opus_synthetic_programme_v0_3.py@0.3,20260812,True,d7fb1e2c2f39a3fa1ced7b47cd3cba9f1fc5ac0b7699cb43ef9a7cdcf655111a
REF-0005,6,0.75,0.928497,0.889155,0.211642,12,3,5,1,VALIDATION,SYNTHETIC_RESEARCH_FIXTURE,OG-SYNTH-0.3,B1-0.3,build_opus_synthetic_programme_v0_3.py@0.3,20260812,True,1ed7ae1c81055fc7d436b863a5306dd267fe9fd2d3f8e68918d2e40e4f7a109f
REF-0005,7,0.875,0.94105,0.90395,0.235745,9,1,2,2,VALIDATION,SYNTHETIC_RESEARCH_FIXTURE,OG-SYNTH-0.3,B1-0.3,build_opus_synthetic_programme_v0_3.py@0.3,20260812,True,8c97b29e71812a66f78ccbbd43cf899f7715f16cb13d0c718759fa5353535d7a
REF-0005,8,1.0,0.885798,0.828401,0.190244,11,1,5,1,VALIDATION,SYNTHETIC_RESEARCH_FIXTURE,OG-SYNTH-0.3,B1-0.3,build_opus_synthetic_programme_v0_3.py@0.3,20260812,True,74c68ceaf5cac8c7ba369dec1321cc9d1a378cdf9834eaeb627a2f6d0dc20f5e
REF-0006,1,0.125,0.966791,0.941561,0.152659,0,0,3,3,VALIDATION,SYNTHETIC_RESEARCH_FIXTURE,OG-SYNTH-0.3,B1-0.3,build_opus_synthetic_programme_v0_3.py@0.3,20260812,True,acab23320ca063df71525c1aa6afe8f78292efa14a92ac4e19ad7eab04101325
REF-0006,2,0.25,0.978636,1.013135,0.142176,4,1,1,0,VALIDATION,SYNTHETIC_RESEARCH_FIXTURE,OG-SYNTH-0.3,B1-0.3,build_opus_synthetic_programme_v0_3.py@0.3,20260812,True,1c63324173de751ddbdb0b039ae9be24598605284def0d5ada049c4620e18b63
REF-0006,3,0.375,0.986237,0.957281,0.104141,5,1,0,0,VALIDATION,SYNTHETIC_RESEARCH_FIXTURE,OG-SYNTH-0.3,B1-0.3,build_opus_synthetic_programme_v0_3.py@0.3,20260812,True,c10ec73bb642f9021a72b6d42ad60b0c105aa67f130762556df1395d9b2dbc46
REF-0006,4,0.5,0.969608,0.966431,0.144315,3,2,5,0,VALIDATION,SYNTHETIC_RESEARCH_FIXTURE,OG-SYNTH-0.3,B1-0.3,build_opus_synthetic_programme_v0_3.py@0.3,20260812,True,2dc4c73c5bd684a337ebf08a23b265fe30676ef35ff34c984b9510d0413592b9
REF-0006,5,0.625,0.925595,0.989392,0.141151,10,2,1,0,VALIDATION,SYNTHETIC_RESEARCH_FIXTURE,OG-SYNTH-0.3,B1-0.3,build_opus_synthetic_programme_v0_3.py@0.3,20260812,True,24ce9962424fdea14b96ddb0b7e446b004a0145c2a179488da8fdbd803cc4aa2
REF-0006,6,0.75,0.933412,0.913865,0.145968,8,0,2,2,VALIDATION,SYNTHETIC_RESEARCH_FIXTURE,OG-SYNTH-0.3,B1-0.3,build_opus_synthetic_programme_v0_3.py@0.3,20260812,True,3082ee40162815e5a4d4ee86076f13b6b805aa419bd55b2a7cadf0760f1af61b
REF-0006,7,0.875,0.937891,0.958403,0.241232,11,1,4,1,VALIDATION,SYNTHETIC_RESEARCH_FIXTURE,OG-SYNTH-0.3,B1-0.3,build_opus_synthetic_programme_v0_3.py@0.3,20260812,True,6780e4b2f1cbf0e77a1ccd8a0612e0ae759af53be366f6b29fae2d6ab3436624
REF-0006,8,1.0,0.946031,0.961788,0.181442,6,1,5,2,VALIDATION,SYNTHETIC_RESEARCH_FIXTURE,OG-SYNTH-0.3,B1-0.3,build_opus_synthetic_programme_v0_3.py@0.3,20260812,True,8818800f2819d9e4e02276e77180214521a69fac71b93229e4a439e2688a59ea
REF-0007,1,0.125,1.019835,0.961866,0.174585,1,2,2,0,DEVELOPMENT,SYNTHETIC_RESEARCH_FIXTURE,OG-SYNTH-0.3,B1-0.3,build_opus_synthetic_programme_v0_3.py@0.3,20260812,True,04e79b01c4493a270b37cb7a1d037a6c9a6d2db35faef6a286f669ab111dc575
REF-0007,2,0.25,0.909545,0.960731,0.195874,4,1,3,1,DEVELOPMENT,SYNTHETIC_RESEARCH_FIXTURE,OG-SYNTH-0.3,B1-0.3,build_opus_synthetic_programme_v0_3.py@0.3,20260812,True,6ac8077b449f5b9a226c11281b7c212c4e5598b31739887949dbdab7922531d5
REF-0007,3,0.375,0.949034,0.887458,0.150144,8,0,1,2,DEVELOPMENT,SYNTHETIC_RESEARCH_FIXTURE,OG-SYNTH-0.3,B1-0.3,build_opus_synthetic_programme_v0_3.py@0.3,20260812,True,74302f7630f47aab63195a635403db22ef8918170556d3a53cc0cab8f40c72f1
REF-0007,4,0.5,0.948526,0.886267,0.191796,7,4,2,1,DEVELOPMENT,SYNTHETIC_RESEARCH_FIXTURE,OG-SYNTH-0.3,B1-0.3,build_opus_synthetic_programme_v0_3.py@0.3,20260812,True,476b76c2f9ee9c4f67c29508c28423b95aeb0a7db88a08ddf86e8b29192f41e8
REF-0007,5,0.625,0.898897,0.87447,0.207687,10,1,5,4,DEVELOPMENT,SYNTHETIC_RESEARCH_FIXTURE,OG-SYNTH-0.3,B1-0.3,build_opus_synthetic_programme_v0_3.py@0.3,20260812,True,c1f6e52c4c5985701aa5e388c7cd25e8af5a2ac13fb960f5ea4d9bbabec7a315
REF-0007,6,0.75,0.889021,0.858366,0.182854,10,0,3,4,DEVELOPMENT,SYNTHETIC_RESEARCH_FIXTURE,OG-SYNTH-0.3,B1-0.3,build_opus_synthetic_programme_v0_3.py@0.3,20260812,True,93393a5dc91973d6aec09694d090a5eb70b49eb3fac01dfee59db95c4ab45f08
REF-0007,7,0.875,0.873872,0.850125,0.266403,13,3,5,2,DEVELOPMENT,SYNTHETIC_RESEARCH_FIXTURE,OG-SYNTH-0.3,B1-0.3,build_opus_synthetic_programme_v0_3.py@0.3,20260812,True,fc6ce9c2d6392509f895fffbb1b8514e02beb34668aadf0d2b4fb7db2d4a4823
REF-0007,8,1.0,0.890857,0.783863,0.297286,6,1,9,5,DEVELOPMENT,SYNTHETIC_RESEARCH_FIXTURE,OG-SYNTH-0.3,B1-0.3,build_opus_synthetic_programme_v0_3.py@0.3,20260812,True,8849e1b003f7c9ff5c8ddc6605ac4e54f7d90cea916bb83aab5cb2e3fc737d1e
REF-0008,1,0.125,0.956651,0.938572,0.183541,4,0,0,2,DEVELOPMENT,SYNTHETIC_RESEARCH_FIXTURE,OG-SYNTH-0.3,B1-0.3,build_opus_synthetic_programme_v0_3.py@0.3,20260812,True,a435c64451d168be8924e43fab916f884c8ea0b66662d4dbdb2ca2f7a837e094
REF-0008,2,0.25,0.9566,0.929516,0.22528,6,4,2,2,DEVELOPMENT,SYNTHETIC_RESEARCH_FIXTURE,OG-SYNTH-0.3,B1-0.3,build_opus_synthetic_programme_v0_3.py@0.3,20260812,True,2bdfcb822c72bbfb69366a4a57bbf0bb20dff2231dcc078ee83cec7e4a1b3960
REF-0008,3,0.375,0.865648,0.893885,0.233381,3,1,1,0,DEVELOPMENT,SYNTHETIC_RESEARCH_FIXTURE,OG-SYNTH-0.3,B1-0.3,build_opus_synthetic_programme_v0_3.py@0.3,20260812,True,757f17452b7515c1cf8cc31ff272446c95a1edf3105e82656f2052e50ddf2a6b
REF-0008,4,0.5,0.789829,0.855439,0.247306,4,4,2,2,DEVELOPMENT,SYNTHETIC_RESEARCH_FIXTURE,OG-SYNTH-0.3,B1-0.3,build_opus_synthetic_programme_v0_3.py@0.3,20260812,True,76ce1fe0c2e2bdb9d9c09fbd086c53cae4a6eec13de11ffd1cf2284a576fc520
REF-0008,5,0.625,0.787486,0.777604,0.296961,3,4,3,3,DEVELOPMENT,SYNTHETIC_RESEARCH_FIXTURE,OG-SYNTH-0.3,B1-0.3,build_opus_synthetic_programme_v0_3.py@0.3,20260812,True,244230ba2d01b5a8ac532333f94ad00c8e4a3ec1b93e900ae3688b99977000bb
REF-0008,6,0.75,0.765771,0.810517,0.325547,9,4,6,6,DEVELOPMENT,SYNTHETIC_RESEARCH_FIXTURE,OG-SYNTH-0.3,B1-0.3,build_opus_synthetic_programme_v0_3.py@0.3,20260812,True,958c9a730d9918ed02ef6efd5f6effda3ce92cdd8207abf1d9d4b9cdb6e2071d
REF-0008,7,0.875,0.730024,0.702832,0.349529,4,4,3,4,DEVELOPMENT,SYNTHETIC_RESEARCH_FIXTURE,OG-SYNTH-0.3,B1-0.3,build_opus_synthetic_programme_v0_3.py@0.3,20260812,True,d92482c04511bdf7638d008204845f7b2cb0afc7c119ee0d5332612be95d55b0
REF-0008,8,1.0,0.684829,0.740835,0.345241,7,8,1,2,DEVELOPMENT,SYNTHETIC_RESEARCH_FIXTURE,OG-SYNTH-0.3,B1-0.3,build_opus_synthetic_programme_v0_3.py@0.3,20260812,True,2440f41763f2a7b3d177998703e1833e3a2d44e134219de75450016e14d56789
REF-0009,1,0.125,0.963131,0.973481,0.195246,4,1,4,1,DEVELOPMENT,SYNTHETIC_RESEARCH_FIXTURE,OG-SYNTH-0.3,B1-0.3,build_opus_synthetic_programme_v0_3.py@0.3,20260812,True,ccd8496ba85a3474a9e8d011e1dade2965192e1e9310881db52f56b4b01d853d
REF-0009,2,0.25,0.961434,0.896234,0.175328,6,1,1,1,DEVELOPMENT,SYNTHETIC_RESEARCH_FIXTURE,OG-SYNTH-0.3,B1-0.3,build_opus_synthetic_programme_v0_3.py@0.3,20260812,True,0e8c07aa234f7fb2697454817ac9304a43897626ef3646ac0e8d1e17fbdc04d1
REF-0009,3,0.375,0.916932,0.883684,0.158977,14,0,6,1,DEVELOPMENT,SYNTHETIC_RESEARCH_FIXTURE,OG-SYNTH-0.3,B1-0.3,build_opus_synthetic_programme_v0_3.py@0.3,20260812,True,327c6d616e4a5150ca4511b7eb095961e1eb0fd176834642616a418a44cf3835
REF-0009,4,0.5,0.868522,0.930336,0.227348,8,5,1,2,DEVELOPMENT,SYNTHETIC_RESEARCH_FIXTURE,OG-SYNTH-0.3,B1-0.3,build_opus_synthetic_programme_v0_3.py@0.3,20260812,True,c74f823c0edbd0f7ad58574bc6f85110369c891bcdfa0c9888ff5cae813c80ac
REF-0009,5,0.625,0.858905,0.87502,0.136085,12,4,3,4,DEVELOPMENT,SYNTHETIC_RESEARCH_FIXTURE,OG-SYNTH-0.3,B1-0.3,build_opus_synthetic_programme_v0_3.py@0.3,20260812,True,514bbff88fe7289c009032e7d0a295b28e021829e440c65428d4eabb3fa58153
REF-0009,6,0.75,0.810686,0.799483,0.256296,14,2,6,4,DEVELOPMENT,SYNTHETIC_RESEARCH_FIXTURE,OG-SYNTH-0.3,B1-0.3,build_opus_synthetic_programme_v0_3.py@0.3,20260812,True,6313d1673025305c46312fa9be71a3ba43265b0b21b80fa7e8f095492f34c230
REF-0009,7,0.875,0.775466,0.854913,0.358198,11,2,7,3,DEVELOPMENT,SYNTHETIC_RESEARCH_FIXTURE,OG-SYNTH-0.3,B1-0.3,build_opus_synthetic_programme_v0_3.py@0.3,20260812,True,6311786a79ddf8c5668b7585b01fc480bf02a1433eb743d83914840941f0aea0
REF-0009,8,1.0,0.788022,0.815124,0.320769,17,3,6,6,DEVELOPMENT,SYNTHETIC_RESEARCH_FIXTURE,OG-SYNTH-0.3,B1-0.3,build_opus_synthetic_programme_v0_3.py@0.3,20260812,True,96dab34725881c158364ea98f1bf9abf2fb80ad9fccebfa21f86bdbb58ae077e
REF-0010,1,0.125,0.983908,0.982995,0.202176,6,1,3,2,DEVELOPMENT,SYNTHETIC_RESEARCH_FIXTURE,OG-SYNTH-0.3,B1-0.3,build_opus_synthetic_programme_v0_3.py@0.3,20260812,True,1d5e7af27592a4ff92bc2177484f621784d326db7b6bde397d3e0039b899dae0
REF-0010,2,0.25,0.94956,0.946951,0.185438,8,0,2,1,DEVELOPMENT,SYNTHETIC_RESEARCH_FIXTURE,OG-SYNTH-0.3,B1-0.3,build_opus_synthetic_programme_v0_3.py@0.3,20260812,True,459f0475045a3ed199a2b7f3b24209fe5857fbb0dcd6fd7fe89e2ae090b8e138
REF-0010,3,0.375,0.983808,0.992421,0.20361,8,2,1,1,DEVELOPMENT,SYNTHETIC_RESEARCH_FIXTURE,OG-SYNTH-0.3,B1-0.3,build_opus_synthetic_programme_v0_3.py@0.3,20260812,True,56dd39470941afaa5eae9767703f48b907f975d896e3382d296e2c4627129cfb
REF-0010,4,0.5,0.985762,0.894259,0.194661,9,3,7,2,DEVELOPMENT,SYNTHETIC_RESEARCH_FIXTURE,OG-SYNTH-0.3,B1-0.3,build_opus_synthetic_programme_v0_3.py@0.3,20260812,True,b304626233b8fd239dd802f6ce89ac13d25b8530664f043c530e65d773ad0d08
REF-0010,5,0.625,0.93704,0.925196,0.250466,18,0,4,3,DEVELOPMENT,SYNTHETIC_RESEARCH_FIXTURE,OG-SYNTH-0.3,B1-0.3,build_opus_synthetic_programme_v0_3.py@0.3,20260812,True,0b0303f8f71cbc53464d3011b6318545a4babdd5ab8ac01bea4de1dbf33511cb
REF-0010,6,0.75,0.925953,0.923387,0.259146,11,3,3,3,DEVELOPMENT,SYNTHETIC_RESEARCH_FIXTURE,OG-SYNTH-0.3,B1-0.3,build_opus_synthetic_programme_v0_3.py@0.3,20260812,True,fd735c23bc4675d50ed62061508d8f12cdfbfcdd55b72e22a62631c8c1f9349f
REF-0010,7,0.875,0.925161,0.884328,0.257002,13,1,4,2,DEVELOPMENT,SYNTHETIC_RESEARCH_FIXTURE,OG-SYNTH-0.3,B1-0.3,build_opus_synthetic_programme_v0_3.py@0.3,20260812,True,65d7b6ee490defe2a0642683063f32c58e23068e6a006bafb0837dd367e9a5de
REF-0010,8,1.0,0.908714,0.844657,0.188137,12,1,5,4,DEVELOPMENT,SYNTHETIC_RESEARCH_FIXTURE,OG-SYNTH-0.3,B1-0.3,build_opus_synthetic_programme_v0_3.py@0.3,20260812,True,c80671db8235d9de30712b15e575803505ead6d77dfc51e60eb467b1078f5407
REF-0011,1,0.125,0.991305,0.978889,0.198986,6,2,0,0,DEVELOPMENT,SYNTHETIC_RESEARCH_FIXTURE,OG-SYNTH-0.3,B1-0.3,build_opus_synthetic_programme_v0_3.py@0.3,20260812,True,c4a92e1e47b828c66be2f16d1ab985493705ca555965c0b8d330b2da0215cc23
REF-0011,2,0.25,0.967601,1.006225,0.21543,4,2,1,1,DEVELOPMENT,SYNTHETIC_RESEARCH_FIXTURE,OG-SYNTH-0.3,B1-0.3,build_opus_synthetic_programme_v0_3.py@0.3,20260812,True,19d10154b982a3390eccdaba881bc49386db055cdbf2635eb1787c28e046f33e
REF-0011,3,0.375,0.949525,0.993322,0.253156,7,1,2,0,DEVELOPMENT,SYNTHETIC_RESEARCH_FIXTURE,OG-SYNTH-0.3,B1-0.3,build_opus_synthetic_programme_v0_3.py@0.3,20260812,True,73a1c42a77026900b6922c30835af65f9dc52ce4051b945a0d46c2ff2b7ed648
REF-0011,4,0.5,0.928184,0.997844,0.120523,7,1,3,1,DEVELOPMENT,SYNTHETIC_RESEARCH_FIXTURE,OG-SYNTH-0.3,B1-0.3,build_opus_synthetic_programme_v0_3.py@0.3,20260812,True,b3ff35afa0ce2e5c9f2e3cc3b56a29b90b532ed68ea302a960df49a77ebd2c6c
REF-0011,5,0.625,0.892525,0.994069,0.211998,15,2,4,0,DEVELOPMENT,SYNTHETIC_RESEARCH_FIXTURE,OG-SYNTH-0.3,B1-0.3,build_opus_synthetic_programme_v0_3.py@0.3,20260812,True,2b51f6f2d89b6a70b3f0ff4fd3a9d55791806c166c731ac4ccf2c6c9f0fc81d8
REF-0011,6,0.75,0.874258,1.029221,0.193801,15,2,3,0,DEVELOPMENT,SYNTHETIC_RESEARCH_FIXTURE,OG-SYNTH-0.3,B1-0.3,build_opus_synthetic_programme_v0_3.py@0.3,20260812,True,dacbf3d97a4741dc3f145f802ddc9c612cee043914d21c67d944fc94b9e536d3
REF-0011,7,0.875,0.910937,1.028071,0.235902,15,1,3,0,DEVELOPMENT,SYNTHETIC_RESEARCH_FIXTURE,OG-SYNTH-0.3,B1-0.3,build_opus_synthetic_programme_v0_3.py@0.3,20260812,True,c61778f0022ba768ae501c8706e2aa68a5c443f80027de5da7b4b19ef647b6c7
REF-0011,8,1.0,0.868445,1.028492,0.256332,12,2,4,4,DEVELOPMENT,SYNTHETIC_RESEARCH_FIXTURE,OG-SYNTH-0.3,B1-0.3,build_opus_synthetic_programme_v0_3.py@0.3,20260812,True,6b5e247cf8fb9474b0c17438e88070a419b854e66cc3f51d90e122e3c01c89c7
REF-0012,1,0.125,0.984071,1.009933,0.077544,5,3,2,0,LOCKED_HOLDOUT,SYNTHETIC_RESEARCH_FIXTURE,OG-SYNTH-0.3,B1-0.3,build_opus_synthetic_programme_v0_3.py@0.3,20260812,True,c3df8d831691b017efcb0a9dc5d1f373edfbd6b7e47fcb9b40e5a85c857d76bf
REF-0012,2,0.25,0.92549,0.957403,0.135629,2,2,1,1,LOCKED_HOLDOUT,SYNTHETIC_RESEARCH_FIXTURE,OG-SYNTH-0.3,B1-0.3,build_opus_synthetic_programme_v0_3.py@0.3,20260812,True,648e12327141cc1f26fcfef1d0190e374831f5f5dac38ec15b1f1c9e977004fc
REF-0012,3,0.375,0.920032,0.944008,0.220031,5,3,3,1,LOCKED_HOLDOUT,SYNTHETIC_RESEARCH_FIXTURE,OG-SYNTH-0.3,B1-0.3,build_opus_synthetic_programme_v0_3.py@0.3,20260812,True,cb07e2b29d5550cb5f9b59b1ee53b94b0c9762afdd08a4971ac3e9c1a994fa06
REF-0012,4,0.5,0.890044,0.935279,0.17915,4,0,2,5,LOCKED_HOLDOUT,SYNTHETIC_RESEARCH_FIXTURE,OG-SYNTH-0.3,B1-0.3,build_opus_synthetic_programme_v0_3.py@0.3,20260812,True,69aa31f9334ce3c0cf914789f68ed1e70f5010c6ea46c5311c1bac4779697c89
REF-0012,5,0.625,0.878685,0.938052,0.254336,10,1,1,2,LOCKED_HOLDOUT,SYNTHETIC_RESEARCH_FIXTURE,OG-SYNTH-0.3,B1-0.3,build_opus_synthetic_programme_v0_3.py@0.3,20260812,True,81abd2ff8aaf0a68b10b489bbc966bc3f04d789a350169a2817e82f820e802a0
REF-0012,6,0.75,0.829958,0.880907,0.257903,6,6,3,1,LOCKED_HOLDOUT,SYNTHETIC_RESEARCH_FIXTURE,OG-SYNTH-0.3,B1-0.3,build_opus_synthetic_programme_v0_3.py@0.3,20260812,True,b3ad3519d63270204a7ee96603cc5f239e964c38349962990be5b88184330bdb
REF-0012,7,0.875,0.816385,0.887969,0.27264,10,5,3,3,LOCKED_HOLDOUT,SYNTHETIC_RESEARCH_FIXTURE,OG-SYNTH-0.3,B1-0.3,build_opus_synthetic_programme_v0_3.py@0.3,20260812,True,f0501a3206ab87b0bfcce288e1a961537f66ac7699f4d0a4bed66cc85ad1c5b8
REF-0012,8,1.0,0.77108,0.879605,0.297154,6,2,1,2,LOCKED_HOLDOUT,SYNTHETIC_RESEARCH_FIXTURE,OG-SYNTH-0.3,B1-0.3,build_opus_synthetic_programme_v0_3.py@0.3,20260812,True,f9a6eb337dcaf2d92339e0eb6ee7e973b484096d29ba83690cc81d557ceec6a6
REF-0013,1,0.125,0.982001,0.992454,0.206795,0,4,3,2,LOCKED_HOLDOUT,SYNTHETIC_RESEARCH_FIXTURE,OG-SYNTH-0.3,B1-0.3,build_opus_synthetic_programme_v0_3.py@0.3,20260812,True,f017e56f79dd3bdeb14591a2e2094004e92be441561f48a40d107c5f4f4739e8
REF-0013,2,0.25,0.903234,0.985631,0.166658,3,2,1,4,LOCKED_HOLDOUT,SYNTHETIC_RESEARCH_FIXTURE,OG-SYNTH-0.3,B1-0.3,build_opus_synthetic_programme_v0_3.py@0.3,20260812,True,aa04ef759993344396d06d683f0cb9b90fe6b878e1063943a43a6d650cf11c5b
REF-0013,3,0.375,0.878471,0.911766,0.178816,2,5,1,3,LOCKED_HOLDOUT,SYNTHETIC_RESEARCH_FIXTURE,OG-SYNTH-0.3,B1-0.3,build_opus_synthetic_programme_v0_3.py@0.3,20260812,True,20c6f6340bb4092e0e9643d2003eb3dc64152d2e32ead75deccc775e40955b70
REF-0013,4,0.5,0.882209,0.943119,0.227163,7,1,1,2,LOCKED_HOLDOUT,SYNTHETIC_RESEARCH_FIXTURE,OG-SYNTH-0.3,B1-0.3,build_opus_synthetic_programme_v0_3.py@0.3,20260812,True,e11c37762cbb0a9e87977a3f4e8b79d06da5d6ec9356a51a3d97c0060e741059
REF-0013,5,0.625,0.837121,0.939434,0.244116,5,2,4,0,LOCKED_HOLDOUT,SYNTHETIC_RESEARCH_FIXTURE,OG-SYNTH-0.3,B1-0.3,build_opus_synthetic_programme_v0_3.py@0.3,20260812,True,f6d9c786a608fafe47afc99e469819b53da243b182feb4ea7dc3b52785ea2099
REF-0013,6,0.75,0.857009,0.924733,0.19531,2,1,0,1,LOCKED_HOLDOUT,SYNTHETIC_RESEARCH_FIXTURE,OG-SYNTH-0.3,B1-0.3,build_opus_synthetic_programme_v0_3.py@0.3,20260812,True,d7fa0a9737c7c42c72f31cb4c7732123d7130369974352161e66f334c7e1c122
REF-0013,7,0.875,0.844801,0.908187,0.218602,7,7,4,2,LOCKED_HOLDOUT,SYNTHETIC_RESEARCH_FIXTURE,OG-SYNTH-0.3,B1-0.3,build_opus_synthetic_programme_v0_3.py@0.3,20260812,True,b05014b11ecb1f9d2704b4ca84995be35a1680690cf7e3c1515f5b758ae4088d
REF-0013,8,1.0,0.801143,0.85234,0.367944,6,0,1,4,LOCKED_HOLDOUT,SYNTHETIC_RESEARCH_FIXTURE,OG-SYNTH-0.3,B1-0.3,build_opus_synthetic_programme_v0_3.py@0.3,20260812,True,38e778eaba49ff430dda36d812ef0031b0ec4a78565837bfb0f222da377d5239
REF-0014,1,0.125,0.980521,0.989384,0.142795,8,2,0,0,DEVELOPMENT,SYNTHETIC_RESEARCH_FIXTURE,OG-SYNTH-0.3,B1-0.3,build_opus_synthetic_programme_v0_3.py@0.3,20260812,True,b7064a114cd25fae05aba2d1fee7f6bbbb56a292334b7b50cf270b6c0ee290c1
REF-0014,2,0.25,0.967862,0.966137,0.11716,4,1,0,0,DEVELOPMENT,SYNTHETIC_RESEARCH_FIXTURE,OG-SYNTH-0.3,B1-0.3,build_opus_synthetic_programme_v0_3.py@0.3,20260812,True,fd42101069ea62863e7a3acbeb91c8a2cf1a22c26f0c43fa3b824e6d607afd12
REF-0014,3,0.375,0.959426,0.957759,0.194735,9,3,2,4,DEVELOPMENT,SYNTHETIC_RESEARCH_FIXTURE,OG-SYNTH-0.3,B1-0.3,build_opus_synthetic_programme_v0_3.py@0.3,20260812,True,7e77fd06cedb7035cf961684731882571febfaf89ead374883b0412d2ee8bc40
REF-0014,4,0.5,0.932099,0.978969,0.307424,9,2,1,1,DEVELOPMENT,SYNTHETIC_RESEARCH_FIXTURE,OG-SYNTH-0.3,B1-0.3,build_opus_synthetic_programme_v0_3.py@0.3,20260812,True,d8a7a74fe6efab63035372c8343eb1c3b103bd36c26e6e16e1f6f3a4408b25b4
REF-0014,5,0.625,0.902386,0.932462,0.256388,7,4,4,1,DEVELOPMENT,SYNTHETIC_RESEARCH_FIXTURE,OG-SYNTH-0.3,B1-0.3,build_opus_synthetic_programme_v0_3.py@0.3,20260812,True,868aadd5a499be2fd1c162e204878ddd0319d9c5b777e122f23931508725a40b
REF-0014,6,0.75,0.882872,0.923808,0.259093,5,3,6,1,DEVELOPMENT,SYNTHETIC_RESEARCH_FIXTURE,OG-SYNTH-0.3,B1-0.3,build_opus_synthetic_programme_v0_3.py@0.3,20260812,True,7b7a07096323414fe5f52eb535bba6bb2eb5cbc10f4f16e4eff9abebbbdda8f5
REF-0014,7,0.875,0.835245,0.855772,0.174268,14,2,5,3,DEVELOPMENT,SYNTHETIC_RESEARCH_FIXTURE,OG-SYNTH-0.3,B1-0.3,build_opus_synthetic_programme_v0_3.py@0.3,20260812,True,47f6de5fb4be8a7a5506b4785e3671140afb1ab05d4a1eca1af3bc3cf5d77018
REF-0014,8,1.0,0.789952,0.862854,0.240253,8,4,2,4,DEVELOPMENT,SYNTHETIC_RESEARCH_FIXTURE,OG-SYNTH-0.3,B1-0.3,build_opus_synthetic_programme_v0_3.py@0.3,20260812,True,c621a411c87577c6cc2894f0964eadc81de924915cdd196854310a7991e5caa2
REF-0015,1,0.125,1.015901,0.978585,0.188559,6,2,2,0,DEVELOPMENT,SYNTHETIC_RESEARCH_FIXTURE,OG-SYNTH-0.3,B1-0.3,build_opus_synthetic_programme_v0_3.py@0.3,20260812,True,84b6f139f903d96a3b44a5a6c2f2c9f4c8b3645f03a94099cbb281c8c9eb5337
REF-0015,2,0.25,0.95397,0.977047,0.116919,4,0,2,0,DEVELOPMENT,SYNTHETIC_RESEARCH_FIXTURE,OG-SYNTH-0.3,B1-0.3,build_opus_synthetic_programme_v0_3.py@0.3,20260812,True,ca17a220b0247e11bad7257bb6f7c52f0d402db6f6b3b4e09b3575e04129ba31
REF-0015,3,0.375,0.952383,0.966323,0.182922,5,1,2,3,DEVELOPMENT,SYNTHETIC_RESEARCH_FIXTURE,OG-SYNTH-0.3,B1-0.3,build_opus_synthetic_programme_v0_3.py@0.3,20260812,True,3ea03e8a48432844fd24acbde6fcd8633bcf2376f019dba93930132136160e1c
REF-0015,4,0.5,0.933733,0.966093,0.213148,12,2,4,2,DEVELOPMENT,SYNTHETIC_RESEARCH_FIXTURE,OG-SYNTH-0.3,B1-0.3,build_opus_synthetic_programme_v0_3.py@0.3,20260812,True,e0f66237d833bba229222f32212358f50396f30ff080ece3afdbc37653cf3152
REF-0015,5,0.625,0.87966,0.914442,0.262166,11,5,2,2,DEVELOPMENT,SYNTHETIC_RESEARCH_FIXTURE,OG-SYNTH-0.3,B1-0.3,build_opus_synthetic_programme_v0_3.py@0.3,20260812,True,8d3cd107a79cfa2198bd1945660daef73206524b1ef49a501d1e1769a7f45f3e
REF-0015,6,0.75,0.909649,0.887871,0.255272,9,0,3,2,DEVELOPMENT,SYNTHETIC_RESEARCH_FIXTURE,OG-SYNTH-0.3,B1-0.3,build_opus_synthetic_programme_v0_3.py@0.3,20260812,True,70a110100239a0553913b734373359df97f6a5c2990537f28c8971a9d1d178f6
REF-0015,7,0.875,0.837734,0.884306,0.288635,12,6,6,3,DEVELOPMENT,SYNTHETIC_RESEARCH_FIXTURE,OG-SYNTH-0.3,B1-0.3,build_opus_synthetic_programme_v0_3.py@0.3,20260812,True,3606947ce3347572f6d92f387959046c46fb47b455574c2f931b654f5741fc34
REF-0015,8,1.0,0.873852,0.866908,0.204816,13,4,5,2,DEVELOPMENT,SYNTHETIC_RESEARCH_FIXTURE,OG-SYNTH-0.3,B1-0.3,build_opus_synthetic_programme_v0_3.py@0.3,20260812,True,fd3409ff8b19c93c5aa5c23dd776da7ca8943f6c0498b976b006457504fbb134
REF-0016,1,0.125,0.975638,0.958681,0.160401,4,1,3,3,VALIDATION,SYNTHETIC_RESEARCH_FIXTURE,OG-SYNTH-0.3,B1-0.3,build_opus_synthetic_programme_v0_3.py@0.3,20260812,True,22649d1046610b38dff089fb0081953f306b9d659e6a9b5716f4ce0ca1ddd6af
REF-0016,2,0.25,0.964628,0.97584,0.177228,6,0,2,1,VALIDATION,SYNTHETIC_RESEARCH_FIXTURE,OG-SYNTH-0.3,B1-0.3,build_opus_synthetic_programme_v0_3.py@0.3,20260812,True,203b96ce6ceace104288c534eac41ed460c5300aa7ec00669caf6b2ae33b9586
REF-0016,3,0.375,0.95578,0.915932,0.212612,6,1,2,1,VALIDATION,SYNTHETIC_RESEARCH_FIXTURE,OG-SYNTH-0.3,B1-0.3,build_opus_synthetic_programme_v0_3.py@0.3,20260812,True,3707217cf858d388881c64e4c5c82e677f0b85f1712baeef5523da0b0a3fe9d0
REF-0016,4,0.5,0.948921,0.835108,0.229478,8,2,2,3,VALIDATION,SYNTHETIC_RESEARCH_FIXTURE,OG-SYNTH-0.3,B1-0.3,build_opus_synthetic_programme_v0_3.py@0.3,20260812,True,c63394b2ad7f2f06b0874812d604c9151c7c5996829bb3587f7882a14a590b5b
REF-0016,5,0.625,0.920585,0.834915,0.247266,16,5,4,1,VALIDATION,SYNTHETIC_RESEARCH_FIXTURE,OG-SYNTH-0.3,B1-0.3,build_opus_synthetic_programme_v0_3.py@0.3,20260812,True,0974c0de75a834b34ee10e691bfc65a160b5b78ce855dc780ae3c3b68c2e3645
REF-0016,6,0.75,0.900813,0.777836,0.189001,17,0,5,6,VALIDATION,SYNTHETIC_RESEARCH_FIXTURE,OG-SYNTH-0.3,B1-0.3,build_opus_synthetic_programme_v0_3.py@0.3,20260812,True,c4f53e94109cffca0b4feca9a47527895aaa3f60c676bfc0de6637bb7a03ec04
REF-0016,7,0.875,0.911009,0.821753,0.410051,8,2,7,5,VALIDATION,SYNTHETIC_RESEARCH_FIXTURE,OG-SYNTH-0.3,B1-0.3,build_opus_synthetic_programme_v0_3.py@0.3,20260812,True,bf25baeab0e3ab3103771d6ce258306bdc779d3f26906736b61fd93702de9a3c
REF-0016,8,1.0,0.914679,0.781774,0.34708,17,0,2,3,VALIDATION,SYNTHETIC_RESEARCH_FIXTURE,OG-SYNTH-0.3,B1-0.3,build_opus_synthetic_programme_v0_3.py@0.3,20260812,True,36300ac0769e0fc0fe69ea4550ac2548d78a764f8faf3ecf50beccb7df065ad1
REF-0017,1,0.125,0.947715,0.967586,0.198539,5,2,1,3,DEVELOPMENT,SYNTHETIC_RESEARCH_FIXTURE,OG-SYNTH-0.3,B1-0.3,build_opus_synthetic_programme_v0_3.py@0.3,20260812,True,7a21528f159f6d82ada4c51fd58a0c1f3c30bf31683c5b0db9c0c4864d3b816d
REF-0017,2,0.25,0.958228,0.944459,0.244737,2,1,2,3,DEVELOPMENT,SYNTHETIC_RESEARCH_FIXTURE,OG-SYNTH-0.3,B1-0.3,build_opus_synthetic_programme_v0_3.py@0.3,20260812,True,78135123ccf3f2267e9270852b3d4416951235847328f7e092a038f6042144c5
REF-0017,3,0.375,0.835959,0.865654,0.272059,3,2,3,3,DEVELOPMENT,SYNTHETIC_RESEARCH_FIXTURE,OG-SYNTH-0.3,B1-0.3,build_opus_synthetic_programme_v0_3.py@0.3,20260812,True,5743a4cdc5e2741ad32a25e690e4d5d195f339ea8f350e3a2d7adfbaec48dc89
REF-0017,4,0.5,0.842699,0.841951,0.214449,5,2,3,6,DEVELOPMENT,SYNTHETIC_RESEARCH_FIXTURE,OG-SYNTH-0.3,B1-0.3,build_opus_synthetic_programme_v0_3.py@0.3,20260812,True,6eabc225af6e05e2a90fd9d93707b904cfc08f4bef283eddb8cdbe9738abe50a
REF-0017,5,0.625,0.795794,0.790609,0.377738,5,4,0,1,DEVELOPMENT,SYNTHETIC_RESEARCH_FIXTURE,OG-SYNTH-0.3,B1-0.3,build_opus_synthetic_programme_v0_3.py@0.3,20260812,True,2262328f15c0166e181038b225a7b4a34f79659f5ccce5b9c5d9575c307f3e05
REF-0017,6,0.75,0.748889,0.753165,0.393711,3,5,1,3,DEVELOPMENT,SYNTHETIC_RESEARCH_FIXTURE,OG-SYNTH-0.3,B1-0.3,build_opus_synthetic_programme_v0_3.py@0.3,20260812,True,66618cfe2bfdd71d9e3f96b09756d1d8c44bc3b435a3b268fea99ba6525fd3f1
REF-0017,7,0.875,0.743701,0.747179,0.386079,7,4,3,2,DEVELOPMENT,SYNTHETIC_RESEARCH_FIXTURE,OG-SYNTH-0.3,B1-0.3,build_opus_synthetic_programme_v0_3.py@0.3,20260812,True,9415a41516016ed826b03a167e6085a2e9d458c9c9c7dc8e395ab22a1e8a56e1
REF-0017,8,1.0,0.681462,0.650658,0.414754,9,8,1,7,DEVELOPMENT,SYNTHETIC_RESEARCH_FIXTURE,OG-SYNTH-0.3,B1-0.3,build_opus_synthetic_programme_v0_3.py@0.3,20260812,True,e15b20709d820080bae0d5fb090d3c2fa7a3f9fa7063c707701607e528025afa
REF-0018,1,0.125,0.971084,1.007285,0.142999,3,1,1,1,DEVELOPMENT,SYNTHETIC_RESEARCH_FIXTURE,OG-SYNTH-0.3,B1-0.3,build_opus_synthetic_programme_v0_3.py@0.3,20260812,True,d4fe00e6e4b73f9825beb3db0a8796992ba3c5f5250be3d4c23b72e101018ed5
REF-0018,2,0.25,0.964288,0.968286,0.126257,7,1,5,3,DEVELOPMENT,SYNTHETIC_RESEARCH_FIXTURE,OG-SYNTH-0.3,B1-0.3,build_opus_synthetic_programme_v0_3.py@0.3,20260812,True,7fe29ac38ac7b4158ed6647119ef560b9cddcd9ab387fd4aff0de61a8add70ac
REF-0018,3,0.375,1.009273,0.917384,0.170442,5,4,4,1,DEVELOPMENT,SYNTHETIC_RESEARCH_FIXTURE,OG-SYNTH-0.3,B1-0.3,build_opus_synthetic_programme_v0_3.py@0.3,20260812,True,c6a4a9fd674e97669d23afddf9269e08ae18ce95dc21890fcf85c665eae53a4b
REF-0018,4,0.5,0.99376,0.96489,0.150243,11,1,1,1,DEVELOPMENT,SYNTHETIC_RESEARCH_FIXTURE,OG-SYNTH-0.3,B1-0.3,build_opus_synthetic_programme_v0_3.py@0.3,20260812,True,aeadc663a69d6815fcefea18e43fb663f51675b1abece3d0033de40cfbb31671
REF-0018,5,0.625,0.998136,0.917928,0.227455,10,1,4,0,DEVELOPMENT,SYNTHETIC_RESEARCH_FIXTURE,OG-SYNTH-0.3,B1-0.3,build_opus_synthetic_programme_v0_3.py@0.3,20260812,True,e3d62bb51292160e84de5f5a0ebfa4128c84abea2c5cda5aa113ad0113f420af
REF-0018,6,0.75,0.967755,0.909847,0.195133,9,3,1,2,DEVELOPMENT,SYNTHETIC_RESEARCH_FIXTURE,OG-SYNTH-0.3,B1-0.3,build_opus_synthetic_programme_v0_3.py@0.3,20260812,True,c25db7c8b1e05d4384df86d1bddc465312f0ddadb7e67070760ef73f40c06358
REF-0018,7,0.875,0.948084,0.891999,0.293524,11,2,3,1,DEVELOPMENT,SYNTHETIC_RESEARCH_FIXTURE,OG-SYNTH-0.3,B1-0.3,build_opus_synthetic_programme_v0_3.py@0.3,20260812,True,21c1e860d9576c0aec769fd93d97b620f7b7ab2140ba96f3338b9f916db7e81d
REF-0018,8,1.0,0.921675,0.91355,0.200865,19,2,5,1,DEVELOPMENT,SYNTHETIC_RESEARCH_FIXTURE,OG-SYNTH-0.3,B1-0.3,build_opus_synthetic_programme_v0_3.py@0.3,20260812,True,b8e8c5330f2553b01a5de1ef8fe70830614251972db25155f68b18725b0e0bbe
REF-0019,1,0.125,1.045796,0.987093,0.18316,3,1,0,1,VALIDATION,SYNTHETIC_RESEARCH_FIXTURE,OG-SYNTH-0.3,B1-0.3,build_opus_synthetic_programme_v0_3.py@0.3,20260812,True,69d881cca54f3c89197f82f04efb958cbbc3629fa237b37fecac354dbc3ee887
REF-0019,2,0.25,0.98354,0.913673,0.236452,3,0,2,0,VALIDATION,SYNTHETIC_RESEARCH_FIXTURE,OG-SYNTH-0.3,B1-0.3,build_opus_synthetic_programme_v0_3.py@0.3,20260812,True,751c71a4b6d047ce64d4a19e54ed97b2f755ffe807a43848073b93840098b5a6
REF-0019,3,0.375,1.01661,0.929242,0.198284,7,0,0,3,VALIDATION,SYNTHETIC_RESEARCH_FIXTURE,OG-SYNTH-0.3,B1-0.3,build_opus_synthetic_programme_v0_3.py@0.3,20260812,True,e4f25181a9e86f85cc7a2ecc8ce7b53f160e8eb604fb104a6ab9c55fe47f17f4
REF-0019,4,0.5,0.974009,0.914594,0.251522,6,2,1,3,VALIDATION,SYNTHETIC_RESEARCH_FIXTURE,OG-SYNTH-0.3,B1-0.3,build_opus_synthetic_programme_v0_3.py@0.3,20260812,True,fa3c159bd88c1e3a7e88d85202e1df5a9a81a97cb9ed0c040862d34183582171
REF-0019,5,0.625,0.980915,0.886931,0.227465,8,1,1,1,VALIDATION,SYNTHETIC_RESEARCH_FIXTURE,OG-SYNTH-0.3,B1-0.3,build_opus_synthetic_programme_v0_3.py@0.3,20260812,True,b2e6b1527a9cb1550f1f425897ea92ba3bdd248a4524e190766870b292c5f6f7
REF-0019,6,0.75,0.975945,0.864221,0.257407,8,1,4,4,VALIDATION,SYNTHETIC_RESEARCH_FIXTURE,OG-SYNTH-0.3,B1-0.3,build_opus_synthetic_programme_v0_3.py@0.3,20260812,True,c4f6fd2114d5816cd9acc6cd52b82b7384f3f996bde4b2ca39acaff464185a70
REF-0019,7,0.875,0.967136,0.878181,0.293375,5,0,2,1,VALIDATION,SYNTHETIC_RESEARCH_FIXTURE,OG-SYNTH-0.3,B1-0.3,build_opus_synthetic_programme_v0_3.py@0.3,20260812,True,9ba35a84c83ea21445cfa41f6f0ef9e2e38e084c7ce7ce05f61742defed626d6
REF-0019,8,1.0,0.94981,0.792021,0.274593,8,2,0,2,VALIDATION,SYNTHETIC_RESEARCH_FIXTURE,OG-SYNTH-0.3,B1-0.3,build_opus_synthetic_programme_v0_3.py@0.3,20260812,True,370ce94a8683a136e051e0638272de8d1b1ebb407e418ed0c7b5d9ab55253859
REF-0020,1,0.125,1.009365,1.002021,0.152334,3,1,1,1,DEVELOPMENT,SYNTHETIC_RESEARCH_FIXTURE,OG-SYNTH-0.3,B1-0.3,build_opus_synthetic_programme_v0_3.py@0.3,20260812,True,9097b068b01fb76ee1d82fae5c49bf1e6b49b2cbfeb4f0b0d47c0ad1a66a0d09
REF-0020,2,0.25,0.985074,0.913767,0.156055,3,1,1,3,DEVELOPMENT,SYNTHETIC_RESEARCH_FIXTURE,OG-SYNTH-0.3,B1-0.3,build_opus_synthetic_programme_v0_3.py@0.3,20260812,True,938b4a88808f3bd97d08b8933c51a2785c5db8f34f818ae7c9203b3d4d67a82e
REF-0020,3,0.375,0.947478,0.978441,0.133139,11,0,2,2,DEVELOPMENT,SYNTHETIC_RESEARCH_FIXTURE,OG-SYNTH-0.3,B1-0.3,build_opus_synthetic_programme_v0_3.py@0.3,20260812,True,ff277a84365e266afb08ef88e6027a3a233124c4e10fa7f3952e2338c950fe08
REF-0020,4,0.5,0.931999,0.99902,0.204253,10,3,2,2,DEVELOPMENT,SYNTHETIC_RESEARCH_FIXTURE,OG-SYNTH-0.3,B1-0.3,build_opus_synthetic_programme_v0_3.py@0.3,20260812,True,1683ecda4822d0ec26f5b8474af935d13a835db149b80d321327fb86d2b524f6
REF-0020,5,0.625,0.868395,0.940078,0.207637,9,3,1,3,DEVELOPMENT,SYNTHETIC_RESEARCH_FIXTURE,OG-SYNTH-0.3,B1-0.3,build_opus_synthetic_programme_v0_3.py@0.3,20260812,True,37d4bbabb5b406463507598d124de9863b356337a37ef917a034aa210d094431
REF-0020,6,0.75,0.892915,0.912678,0.185987,13,0,0,2,DEVELOPMENT,SYNTHETIC_RESEARCH_FIXTURE,OG-SYNTH-0.3,B1-0.3,build_opus_synthetic_programme_v0_3.py@0.3,20260812,True,5e86fb6d4201d98a559b118392724da6ff4d5605ad652cb917ce293a8fb2c1bb
REF-0020,7,0.875,0.900355,0.887852,0.224071,13,2,7,3,DEVELOPMENT,SYNTHETIC_RESEARCH_FIXTURE,OG-SYNTH-0.3,B1-0.3,build_opus_synthetic_programme_v0_3.py@0.3,20260812,True,6a55bb9dd0a2dbb89870f60f345cd1c81730dc049407fdfb56722ec1cca9c163
REF-0020,8,1.0,0.808883,0.913301,0.278899,17,2,8,1,DEVELOPMENT,SYNTHETIC_RESEARCH_FIXTURE,OG-SYNTH-0.3,B1-0.3,build_opus_synthetic_programme_v0_3.py@0.3,20260812,True,075073bcb1c47bd2cc37cc2eb7589c00b5b5f7ed0843853d51052f1c7e134682
REF-0021,1,0.125,1.02114,1.038528,0.194665,8,3,3,3,LOCKED_HOLDOUT,SYNTHETIC_RESEARCH_FIXTURE,OG-SYNTH-0.3,B1-0.3,build_opus_synthetic_programme_v0_3.py@0.3,20260812,True,0cd1eaeefc63a0293a226efa402623f52c4a36f4776875a8610b78be056477de
REF-0021,2,0.25,0.960452,1.003849,0.194258,5,1,1,0,LOCKED_HOLDOUT,SYNTHETIC_RESEARCH_FIXTURE,OG-SYNTH-0.3,B1-0.3,build_opus_synthetic_programme_v0_3.py@0.3,20260812,True,676d7e820a47bc2f6631330f0206395278ebf0f7dfd15075cdc6d7a5b1a1f035
REF-0021,3,0.375,0.994494,0.92096,0.188726,7,1,3,0,LOCKED_HOLDOUT,SYNTHETIC_RESEARCH_FIXTURE,OG-SYNTH-0.3,B1-0.3,build_opus_synthetic_programme_v0_3.py@0.3,20260812,True,42003293f2990b615dbd8329497d6e92a8e59b9cadc96848f8df719e33e31c71
REF-0021,4,0.5,0.964279,0.957773,0.209165,10,1,3,0,LOCKED_HOLDOUT,SYNTHETIC_RESEARCH_FIXTURE,OG-SYNTH-0.3,B1-0.3,build_opus_synthetic_programme_v0_3.py@0.3,20260812,True,48955977d59eb36f39f91950cedf845d18f7aff0e5834e3e05ec088271285a89
REF-0021,5,0.625,0.969857,0.930462,0.245237,10,2,2,3,LOCKED_HOLDOUT,SYNTHETIC_RESEARCH_FIXTURE,OG-SYNTH-0.3,B1-0.3,build_opus_synthetic_programme_v0_3.py@0.3,20260812,True,4c18f642777ea35461acbbc39a6d64a215e57f0652e4a2492e4a47c84cdce495
REF-0021,6,0.75,0.939444,0.900015,0.254271,9,2,3,4,LOCKED_HOLDOUT,SYNTHETIC_RESEARCH_FIXTURE,OG-SYNTH-0.3,B1-0.3,build_opus_synthetic_programme_v0_3.py@0.3,20260812,True,e7ccf41ef12e7df84af2ae59e8b8d73cd9f15a8d98e0771633b5694750d9b014
REF-0021,7,0.875,0.947127,0.852679,0.256016,9,2,3,2,LOCKED_HOLDOUT,SYNTHETIC_RESEARCH_FIXTURE,OG-SYNTH-0.3,B1-0.3,build_opus_synthetic_programme_v0_3.py@0.3,20260812,True,76c9aaac94e013447e85c536ff5a997e0a6d65f90f478ad49aaf3038814f6773
REF-0021,8,1.0,0.922348,0.890792,0.259747,11,2,3,3,LOCKED_HOLDOUT,SYNTHETIC_RESEARCH_FIXTURE,OG-SYNTH-0.3,B1-0.3,build_opus_synthetic_programme_v0_3.py@0.3,20260812,True,fb1282c41c9669d6912a8f71aac7c490d7556ccd6d8186c2d54355881c276d22
REF-0022,1,0.125,0.996921,0.959561,0.195599,5,0,1,1,DEVELOPMENT,SYNTHETIC_RESEARCH_FIXTURE,OG-SYNTH-0.3,B1-0.3,build_opus_synthetic_programme_v0_3.py@0.3,20260812,True,682ec9e4f1beabd527ecc22fcd53afe7fdbedad6bbbdc22ccce27c5fb872e3de
REF-0022,2,0.25,0.950472,0.922561,0.13218,1,4,2,3,DEVELOPMENT,SYNTHETIC_RESEARCH_FIXTURE,OG-SYNTH-0.3,B1-0.3,build_opus_synthetic_programme_v0_3.py@0.3,20260812,True,42baeffb480e1fb443a59993426f5256c5a855be3e0885326b7849461407d1cb
REF-0022,3,0.375,0.990045,0.922845,0.244987,5,2,3,2,DEVELOPMENT,SYNTHETIC_RESEARCH_FIXTURE,OG-SYNTH-0.3,B1-0.3,build_opus_synthetic_programme_v0_3.py@0.3,20260812,True,d65cb90ee0d35cb08e6083b040696f0abeac274628ea03dac70546a7d3f61b1a
REF-0022,4,0.5,1.029507,0.896523,0.235082,3,4,1,3,DEVELOPMENT,SYNTHETIC_RESEARCH_FIXTURE,OG-SYNTH-0.3,B1-0.3,build_opus_synthetic_programme_v0_3.py@0.3,20260812,True,b600176a52971798afec62c18210b60fc19403ab7327c7ae01ed7d687f439bc2
REF-0022,5,0.625,0.915825,0.83738,0.28664,9,2,1,3,DEVELOPMENT,SYNTHETIC_RESEARCH_FIXTURE,OG-SYNTH-0.3,B1-0.3,build_opus_synthetic_programme_v0_3.py@0.3,20260812,True,2b96ed11cbb4ce41a4bf8fc532f56256ca6b104fc9047b78bc920d9388cf03f6
REF-0022,6,0.75,0.91941,0.864406,0.252779,11,1,4,1,DEVELOPMENT,SYNTHETIC_RESEARCH_FIXTURE,OG-SYNTH-0.3,B1-0.3,build_opus_synthetic_programme_v0_3.py@0.3,20260812,True,8437cc414258a461530104b549432144addf5fdec581e56b305a504541d3a6db
REF-0022,7,0.875,0.915274,0.797175,0.399256,9,0,7,1,DEVELOPMENT,SYNTHETIC_RESEARCH_FIXTURE,OG-SYNTH-0.3,B1-0.3,build_opus_synthetic_programme_v0_3.py@0.3,20260812,True,c07bed6abc519b4359b7bdc6070a1f43d236c5372d006345874a626335962a0f
REF-0022,8,1.0,0.890581,0.805823,0.326528,7,3,3,3,DEVELOPMENT,SYNTHETIC_RESEARCH_FIXTURE,OG-SYNTH-0.3,B1-0.3,build_opus_synthetic_programme_v0_3.py@0.3,20260812,True,cacaca36b5f984f87f79e1700279a6728c415744f256f86793d16958e8d3661d
REF-0023,1,0.125,0.978475,0.978822,0.110434,4,1,0,1,DEVELOPMENT,SYNTHETIC_RESEARCH_FIXTURE,OG-SYNTH-0.3,B1-0.3,build_opus_synthetic_programme_v0_3.py@0.3,20260812,True,fd58a17655d4d80af372882527fd51ba1dacf269d188bc4a63b0fba8a54361c3
REF-0023,2,0.25,0.932944,0.985248,0.216667,5,3,1,1,DEVELOPMENT,SYNTHETIC_RESEARCH_FIXTURE,OG-SYNTH-0.3,B1-0.3,build_opus_synthetic_programme_v0_3.py@0.3,20260812,True,83c3bde23fc6420f44608f60161132eef2b4a8b48127536d6e7feff9503980ae
REF-0023,3,0.375,0.965659,0.978325,0.148289,11,0,2,3,DEVELOPMENT,SYNTHETIC_RESEARCH_FIXTURE,OG-SYNTH-0.3,B1-0.3,build_opus_synthetic_programme_v0_3.py@0.3,20260812,True,aa019878b0056a922bdee2fac913039cb4f5cf560787226a4f3b2b9c5714ef96
REF-0023,4,0.5,0.907867,0.973239,0.234292,8,4,3,1,DEVELOPMENT,SYNTHETIC_RESEARCH_FIXTURE,OG-SYNTH-0.3,B1-0.3,build_opus_synthetic_programme_v0_3.py@0.3,20260812,True,2d68ad650ae6ce34089d67771f9944c89aa3001945382c970e740df6d60b7f88
REF-0023,5,0.625,0.945817,0.971495,0.238778,10,2,3,2,DEVELOPMENT,SYNTHETIC_RESEARCH_FIXTURE,OG-SYNTH-0.3,B1-0.3,build_opus_synthetic_programme_v0_3.py@0.3,20260812,True,3098048eac264c690adba20a537de478bd79947bc27a6c1afac62c8ea7669184
REF-0023,6,0.75,0.89672,0.941139,0.157545,9,6,3,2,DEVELOPMENT,SYNTHETIC_RESEARCH_FIXTURE,OG-SYNTH-0.3,B1-0.3,build_opus_synthetic_programme_v0_3.py@0.3,20260812,True,afad629ce50587e11877ef9b6856937a110735e2bd76809e42e9335d8e77c64a
REF-0023,7,0.875,0.867841,0.935261,0.289355,14,2,4,2,DEVELOPMENT,SYNTHETIC_RESEARCH_FIXTURE,OG-SYNTH-0.3,B1-0.3,build_opus_synthetic_programme_v0_3.py@0.3,20260812,True,1ac284849c2cd0c271b25a2c167fe81126b60a2b02c4a316392126e94ad01088
REF-0023,8,1.0,0.847137,0.960046,0.144057,18,1,8,3,DEVELOPMENT,SYNTHETIC_RESEARCH_FIXTURE,OG-SYNTH-0.3,B1-0.3,build_opus_synthetic_programme_v0_3.py@0.3,20260812,True,ab4df9abdfe3f1c6dd5508f5e5c9a9f35389f64cfe760963444f3375b3105765
REF-0024,1,0.125,0.944481,1.023395,0.185167,3,1,5,0,LOCKED_HOLDOUT,SYNTHETIC_RESEARCH_FIXTURE,OG-SYNTH-0.3,B1-0.3,build_opus_synthetic_programme_v0_3.py@0.3,20260812,True,84c7e6541e81d337ee34b1b3a681060ac25de0443ba05e011a235392344213c0
REF-0024,2,0.25,0.940648,1.0175,0.152313,2,2,2,1,LOCKED_HOLDOUT,SYNTHETIC_RESEARCH_FIXTURE,OG-SYNTH-0.3,B1-0.3,build_opus_synthetic_programme_v0_3.py@0.3,20260812,True,96e749f93ea01e7942afa55bb1d57f19ce2a628dfdcc3421dac89e4f427c3d25
REF-0024,3,0.375,0.923329,1.076894,0.196081,1,0,1,0,LOCKED_HOLDOUT,SYNTHETIC_RESEARCH_FIXTURE,OG-SYNTH-0.3,B1-0.3,build_opus_synthetic_programme_v0_3.py@0.3,20260812,True,22d3cc3a97ecccc50058e5843075711c275fb85b859ac298090ba7e2737850a7
REF-0024,4,0.5,0.902394,1.025173,0.173104,7,2,3,1,LOCKED_HOLDOUT,SYNTHETIC_RESEARCH_FIXTURE,OG-SYNTH-0.3,B1-0.3,build_opus_synthetic_programme_v0_3.py@0.3,20260812,True,28a1b82a9f3dc452a7e4c1c553a6ce519509ab8f02594fa56c26e952819b85f2
REF-0024,5,0.625,0.894067,1.010209,0.265606,9,3,5,1,LOCKED_HOLDOUT,SYNTHETIC_RESEARCH_FIXTURE,OG-SYNTH-0.3,B1-0.3,build_opus_synthetic_programme_v0_3.py@0.3,20260812,True,c4b01c832303f184ad284c6571ddf1535dd93fecd227e8555844512c4f01385f
REF-0024,6,0.75,0.875102,0.966773,0.223865,7,2,1,1,LOCKED_HOLDOUT,SYNTHETIC_RESEARCH_FIXTURE,OG-SYNTH-0.3,B1-0.3,build_opus_synthetic_programme_v0_3.py@0.3,20260812,True,a93ce73576689dbc41f2de14da5b8fd6fb65250a101941cc9c905627c90adc83
REF-0024,7,0.875,0.82716,1.002326,0.233431,10,5,1,0,LOCKED_HOLDOUT,SYNTHETIC_RESEARCH_FIXTURE,OG-SYNTH-0.3,B1-0.3,build_opus_synthetic_programme_v0_3.py@0.3,20260812,True,028b7552ce4f8172038b38eef303bcbe242ab2268755b59259049bdd9d31fc93
REF-0024,8,1.0,0.847127,0.983191,0.237517,9,0,6,1,LOCKED_HOLDOUT,SYNTHETIC_RESEARCH_FIXTURE,OG-SYNTH-0.3,B1-0.3,build_opus_synthetic_programme_v0_3.py@0.3,20260812,True,cb0599a611b33881bc74b5b9b7726abf363822e02123859bbe7684e556e786a8
REF-0025,1,0.125,0.946373,0.952913,0.182833,2,2,2,0,DEVELOPMENT,SYNTHETIC_RESEARCH_FIXTURE,OG-SYNTH-0.3,B1-0.3,build_opus_synthetic_programme_v0_3.py@0.3,20260812,True,e8c95193d420e1a2ac79e1a8496cf2cbf121ccf511afa328bd0a192b6389aee9
REF-0025,2,0.25,0.952999,0.911733,0.165721,8,4,4,3,DEVELOPMENT,SYNTHETIC_RESEARCH_FIXTURE,OG-SYNTH-0.3,B1-0.3,build_opus_synthetic_programme_v0_3.py@0.3,20260812,True,bafb6db1f3498d32b37231030f5f7e8af29a54cfd725adb5b5b83f34a1faaee8
REF-0025,3,0.375,0.89665,0.936282,0.217362,8,0,1,4,DEVELOPMENT,SYNTHETIC_RESEARCH_FIXTURE,OG-SYNTH-0.3,B1-0.3,build_opus_synthetic_programme_v0_3.py@0.3,20260812,True,acd45a0a951f8f2ad2379bcc82b1afa82c153fc5b4500081b2b07feda8b53b29
REF-0025,4,0.5,0.897741,0.895649,0.248792,12,2,5,1,DEVELOPMENT,SYNTHETIC_RESEARCH_FIXTURE,OG-SYNTH-0.3,B1-0.3,build_opus_synthetic_programme_v0_3.py@0.3,20260812,True,647c1730e64dd04428841072bf0a4bf655368078b5e9fab6ae93f5e5c0139189
REF-0025,5,0.625,0.857398,0.883686,0.223283,17,1,3,1,DEVELOPMENT,SYNTHETIC_RESEARCH_FIXTURE,OG-SYNTH-0.3,B1-0.3,build_opus_synthetic_programme_v0_3.py@0.3,20260812,True,66ad8a92fa10a61a776faa205534b89b1809dcfa7318fcd704bff01d229a2697
REF-0025,6,0.75,0.85221,0.823009,0.304275,13,2,2,4,DEVELOPMENT,SYNTHETIC_RESEARCH_FIXTURE,OG-SYNTH-0.3,B1-0.3,build_opus_synthetic_programme_v0_3.py@0.3,20260812,True,a528d9999ddf7b9d33988a0e053353c5d47bc3d58008a4215a6ad279402f0595
REF-0025,7,0.875,0.851104,0.783836,0.314285,16,5,1,2,DEVELOPMENT,SYNTHETIC_RESEARCH_FIXTURE,OG-SYNTH-0.3,B1-0.3,build_opus_synthetic_programme_v0_3.py@0.3,20260812,True,486f7c1a1357e0eb6e31c635d46a984a42f94c32f63ea8705f7f073f3d0648ff
REF-0025,8,1.0,0.811578,0.760384,0.25528,17,3,8,7,DEVELOPMENT,SYNTHETIC_RESEARCH_FIXTURE,OG-SYNTH-0.3,B1-0.3,build_opus_synthetic_programme_v0_3.py@0.3,20260812,True,41b965cc1af8c891752cfa221e0b204ed216452bb29a4c1d6779599e8d46fd06
REF-0026,1,0.125,0.946547,0.990841,0.264109,1,2,3,1,DEVELOPMENT,SYNTHETIC_RESEARCH_FIXTURE,OG-SYNTH-0.3,B1-0.3,build_opus_synthetic_programme_v0_3.py@0.3,20260812,True,354c8890dc76c51db729427355ea65e12b0ad3772445f62c685a7f9efa17c523
REF-0026,2,0.25,0.957183,0.993842,0.232883,9,1,2,3,DEVELOPMENT,SYNTHETIC_RESEARCH_FIXTURE,OG-SYNTH-0.3,B1-0.3,build_opus_synthetic_programme_v0_3.py@0.3,20260812,True,ece0abf1001afa1733617fe4ca83503223012b51010cb8c2223560e92c9657aa
REF-0026,3,0.375,0.940369,0.916552,0.187898,9,1,3,1,DEVELOPMENT,SYNTHETIC_RESEARCH_FIXTURE,OG-SYNTH-0.3,B1-0.3,build_opus_synthetic_programme_v0_3.py@0.3,20260812,True,022d35554429b6902d4301c84a2bff3489f5c73f9c39f2b6a26ca54c830c9424
REF-0026,4,0.5,0.91136,0.951343,0.269159,12,0,1,1,DEVELOPMENT,SYNTHETIC_RESEARCH_FIXTURE,OG-SYNTH-0.3,B1-0.3,build_opus_synthetic_programme_v0_3.py@0.3,20260812,True,5a0075807bed47423420961b4475ad08fa5e5e32d30b3ddb9ba3d09e35fbb656
REF-0026,5,0.625,0.893684,0.958732,0.181753,8,1,3,2,DEVELOPMENT,SYNTHETIC_RESEARCH_FIXTURE,OG-SYNTH-0.3,B1-0.3,build_opus_synthetic_programme_v0_3.py@0.3,20260812,True,80041d6f7618efaeb0fa2cf1a620e0c4b520c394a59eb016fc933c482b279942
REF-0026,6,0.75,0.873338,0.892004,0.223687,8,4,3,1,DEVELOPMENT,SYNTHETIC_RESEARCH_FIXTURE,OG-SYNTH-0.3,B1-0.3,build_opus_synthetic_programme_v0_3.py@0.3,20260812,True,70afbb5087deda2a95d0157b3228ffea5a58fc92db77556294eb051d112dd259
REF-0026,7,0.875,0.814778,0.901947,0.314343,17,2,5,0,DEVELOPMENT,SYNTHETIC_RESEARCH_FIXTURE,OG-SYNTH-0.3,B1-0.3,build_opus_synthetic_programme_v0_3.py@0.3,20260812,True,79c544bcfd14c78905da027652e991dfa47460c17151be70d7b946dc45926582
REF-0026,8,1.0,0.799821,0.905566,0.258666,13,4,4,1,DEVELOPMENT,SYNTHETIC_RESEARCH_FIXTURE,OG-SYNTH-0.3,B1-0.3,build_opus_synthetic_programme_v0_3.py@0.3,20260812,True,02511a8e087f1e43408517a442464669a6d9b2f6fa7205ea41ce7089cd9d83bf
REF-0027,1,0.125,0.976097,0.991578,0.149928,7,1,3,0,VALIDATION,SYNTHETIC_RESEARCH_FIXTURE,OG-SYNTH-0.3,B1-0.3,build_opus_synthetic_programme_v0_3.py@0.3,20260812,True,a419aa3d94aa20c45c760a4d450255afd4996cf60229c40d15bd7da73a03c238
REF-0027,2,0.25,0.966373,0.983364,0.123575,4,1,1,1,VALIDATION,SYNTHETIC_RESEARCH_FIXTURE,OG-SYNTH-0.3,B1-0.3,build_opus_synthetic_programme_v0_3.py@0.3,20260812,True,41de7ee2fc83a3bc11f27e01000bbdbb81ec7393b9bf6d10e5b77b06d6425b92
REF-0027,3,0.375,0.992696,0.952609,0.183028,9,1,3,3,VALIDATION,SYNTHETIC_RESEARCH_FIXTURE,OG-SYNTH-0.3,B1-0.3,build_opus_synthetic_programme_v0_3.py@0.3,20260812,True,a6cc400d5732e0fb6a4247f7965e4cc34eb6d660cb7634a8c92f110bdb47c840
REF-0027,4,0.5,0.900654,0.912312,0.226985,8,1,2,4,VALIDATION,SYNTHETIC_RESEARCH_FIXTURE,OG-SYNTH-0.3,B1-0.3,build_opus_synthetic_programme_v0_3.py@0.3,20260812,True,b6e94b31efd19c3acf0d388ef2950007be80ace38022eeeab54acf1d58ae33e6
REF-0027,5,0.625,0.881206,0.905439,0.199731,8,0,4,3,VALIDATION,SYNTHETIC_RESEARCH_FIXTURE,OG-SYNTH-0.3,B1-0.3,build_opus_synthetic_programme_v0_3.py@0.3,20260812,True,7a7fa34491e9b4c523504b838140edd7912becefaa8a4fbf4012089f47d1c26c
REF-0027,6,0.75,0.844166,0.898622,0.244569,14,4,3,3,VALIDATION,SYNTHETIC_RESEARCH_FIXTURE,OG-SYNTH-0.3,B1-0.3,build_opus_synthetic_programme_v0_3.py@0.3,20260812,True,6f80b229aa876e17204cdff601f512dc1598f7ef44dde4ef343f76362e907726
REF-0027,7,0.875,0.834521,0.816342,0.257841,11,2,6,3,VALIDATION,SYNTHETIC_RESEARCH_FIXTURE,OG-SYNTH-0.3,B1-0.3,build_opus_synthetic_programme_v0_3.py@0.3,20260812,True,a127824f6a061b81336ef3665aa0741145edf59e3e637d0e1f4fb90975d8b4f9
REF-0027,8,1.0,0.825057,0.834144,0.274798,24,2,6,1,VALIDATION,SYNTHETIC_RESEARCH_FIXTURE,OG-SYNTH-0.3,B1-0.3,build_opus_synthetic_programme_v0_3.py@0.3,20260812,True,c4feb62dc3daf43361337bd2614ec916562ad729b1a616005d4c69500704a891
REF-0028,1,0.125,0.930647,0.995481,0.181759,4,1,1,0,DEVELOPMENT,SYNTHETIC_RESEARCH_FIXTURE,OG-SYNTH-0.3,B1-0.3,build_opus_synthetic_programme_v0_3.py@0.3,20260812,True,cdef399357bd7fc2b698e32727b5f72fe582778e233f812ae490a534fdef6be4
REF-0028,2,0.25,0.990716,1.012391,0.225516,4,2,3,3,DEVELOPMENT,SYNTHETIC_RESEARCH_FIXTURE,OG-SYNTH-0.3,B1-0.3,build_opus_synthetic_programme_v0_3.py@0.3,20260812,True,61bdc352e601840ab1de50bb2554bf367ba2f144493d5449b47f7bcc2419ce19
REF-0028,3,0.375,0.927695,0.921711,0.169032,10,2,4,1,DEVELOPMENT,SYNTHETIC_RESEARCH_FIXTURE,OG-SYNTH-0.3,B1-0.3,build_opus_synthetic_programme_v0_3.py@0.3,20260812,True,3941173568487288f850e7f99bec1d58368fb98a191241776e33f690046be3e5
REF-0028,4,0.5,0.95444,0.939633,0.222344,6,1,2,3,DEVELOPMENT,SYNTHETIC_RESEARCH_FIXTURE,OG-SYNTH-0.3,B1-0.3,build_opus_synthetic_programme_v0_3.py@0.3,20260812,True,541790072f59b536376b5d08c042040f1b540dd4d62e1ebbe7d4709bff33b667
REF-0028,5,0.625,0.956552,0.899817,0.192852,9,1,2,4,DEVELOPMENT,SYNTHETIC_RESEARCH_FIXTURE,OG-SYNTH-0.3,B1-0.3,build_opus_synthetic_programme_v0_3.py@0.3,20260812,True,354af1ce7948a2bdea939f78a57dd5469546b24ca254274895d172b793681c5a
REF-0028,6,0.75,0.944651,0.908969,0.161204,7,0,2,1,DEVELOPMENT,SYNTHETIC_RESEARCH_FIXTURE,OG-SYNTH-0.3,B1-0.3,build_opus_synthetic_programme_v0_3.py@0.3,20260812,True,e03ad7208d44c2570ff528ce1c3cb964df4732e200e3f7e30df3ac5dad8336d7
REF-0028,7,0.875,0.838488,0.880788,0.213188,7,4,1,2,DEVELOPMENT,SYNTHETIC_RESEARCH_FIXTURE,OG-SYNTH-0.3,B1-0.3,build_opus_synthetic_programme_v0_3.py@0.3,20260812,True,6e38a43c329fd5dd1898f0bdaf594c57ef591384cf5933b8d9c547952f3a4364
REF-0028,8,1.0,0.902321,0.855745,0.179015,9,5,3,2,DEVELOPMENT,SYNTHETIC_RESEARCH_FIXTURE,OG-SYNTH-0.3,B1-0.3,build_opus_synthetic_programme_v0_3.py@0.3,20260812,True,68346ddbeb552350a9d4f85b1c689cef822948cf6c8bb20c0faea2f3a1c4b87f
REF-0029,1,0.125,0.998154,0.961457,0.149213,1,3,3,2,DEVELOPMENT,SYNTHETIC_RESEARCH_FIXTURE,OG-SYNTH-0.3,B1-0.3,build_opus_synthetic_programme_v0_3.py@0.3,20260812,True,8c9273e67ed449324e687905a6462e4571d3138ef9a191a61adb080372f1979a
REF-0029,2,0.25,0.91659,0.933008,0.169872,2,3,1,1,DEVELOPMENT,SYNTHETIC_RESEARCH_FIXTURE,OG-SYNTH-0.3,B1-0.3,build_opus_synthetic_programme_v0_3.py@0.3,20260812,True,d66cbbbfde9a1e0d4dddcedeb5bccb86d3736a8e2d47673cb840ec011a46701d
REF-0029,3,0.375,0.905128,0.932386,0.188691,7,1,1,3,DEVELOPMENT,SYNTHETIC_RESEARCH_FIXTURE,OG-SYNTH-0.3,B1-0.3,build_opus_synthetic_programme_v0_3.py@0.3,20260812,True,3e0594eef35cc8c91445dc292645d0934ec1418bc04a8795b4956ca1e0efc251
REF-0029,4,0.5,0.874285,0.930039,0.192223,11,1,2,2,DEVELOPMENT,SYNTHETIC_RESEARCH_FIXTURE,OG-SYNTH-0.3,B1-0.3,build_opus_synthetic_programme_v0_3.py@0.3,20260812,True,9c68acd8066b93d9b86cb8fe13eec406d603830ed260b47c336bf89fe1795bc5
REF-0029,5,0.625,0.873356,0.896623,0.219909,6,3,2,2,DEVELOPMENT,SYNTHETIC_RESEARCH_FIXTURE,OG-SYNTH-0.3,B1-0.3,build_opus_synthetic_programme_v0_3.py@0.3,20260812,True,a1a0382e5984139bae26d55c673184e5641f9d169353ae24bb0de69f2053e500
REF-0029,6,0.75,0.813989,0.880044,0.222107,8,3,3,4,DEVELOPMENT,SYNTHETIC_RESEARCH_FIXTURE,OG-SYNTH-0.3,B1-0.3,build_opus_synthetic_programme_v0_3.py@0.3,20260812,True,c473dd17f952d84fcff002dee26d6de1b7e34d7d7e7ecb871b23acc2845d42eb
REF-0029,7,0.875,0.816229,0.851334,0.335145,12,2,3,2,DEVELOPMENT,SYNTHETIC_RESEARCH_FIXTURE,OG-SYNTH-0.3,B1-0.3,build_opus_synthetic_programme_v0_3.py@0.3,20260812,True,2a57230854c9df6dd2cb21bf6ab6e0f2013e39533b9cfb8e5c074da55f08587b
REF-0029,8,1.0,0.814706,0.80842,0.293775,15,5,4,5,DEVELOPMENT,SYNTHETIC_RESEARCH_FIXTURE,OG-SYNTH-0.3,B1-0.3,build_opus_synthetic_programme_v0_3.py@0.3,20260812,True,44009936f60332e7d8e971e0eac840e39a91469cd2aaf1f60e0302ee0612a4a6
REF-0030,1,0.125,0.961347,0.970541,0.134405,0,0,3,1,DEVELOPMENT,SYNTHETIC_RESEARCH_FIXTURE,OG-SYNTH-0.3,B1-0.3,build_opus_synthetic_programme_v0_3.py@0.3,20260812,True,cf98117836b98d0fdb07fb31a80b5e3cf2815d9f2688aa8a604d2cd82f4d8d1e
REF-0030,2,0.25,0.961907,0.950556,0.203298,2,3,1,2,DEVELOPMENT,SYNTHETIC_RESEARCH_FIXTURE,OG-SYNTH-0.3,B1-0.3,build_opus_synthetic_programme_v0_3.py@0.3,20260812,True,3db34dbc227972ac2673295af3b1ce4c6ffee7160ede471a95eebbdb6edb2a8c
REF-0030,3,0.375,0.965637,0.950929,0.118856,0,2,1,1,DEVELOPMENT,SYNTHETIC_RESEARCH_FIXTURE,OG-SYNTH-0.3,B1-0.3,build_opus_synthetic_programme_v0_3.py@0.3,20260812,True,12c2b93f4af7af72a549e6c3789c3854093f0df1df48a01224bf5d143a696f08
REF-0030,4,0.5,0.950825,1.013448,0.178167,6,1,1,1,DEVELOPMENT,SYNTHETIC_RESEARCH_FIXTURE,OG-SYNTH-0.3,B1-0.3,build_opus_synthetic_programme_v0_3.py@0.3,20260812,True,b0a62f719345f04a07868fadf590c70c11832cfd32b776c9a31ea3044edb9217
REF-0030,5,0.625,0.928565,0.921854,0.22708,3,2,2,2,DEVELOPMENT,SYNTHETIC_RESEARCH_FIXTURE,OG-SYNTH-0.3,B1-0.3,build_opus_synthetic_programme_v0_3.py@0.3,20260812,True,5349295b1f8b51b9a121c028c9980100007a328d37ae338743775dbdee83a163
REF-0030,6,0.75,0.895493,0.899834,0.181459,9,1,3,0,DEVELOPMENT,SYNTHETIC_RESEARCH_FIXTURE,OG-SYNTH-0.3,B1-0.3,build_opus_synthetic_programme_v0_3.py@0.3,20260812,True,2a77f92ceb943cfd38fe18bece7de900a79b0a2c8d4a64b543ebf0a7d6aa746f
REF-0030,7,0.875,0.931574,0.935851,0.272954,6,0,3,1,DEVELOPMENT,SYNTHETIC_RESEARCH_FIXTURE,OG-SYNTH-0.3,B1-0.3,build_opus_synthetic_programme_v0_3.py@0.3,20260812,True,b06521ebe5401ad8985f706ccf9aee5d375357646cba480f8a4215f10c0f8332
REF-0030,8,1.0,0.906714,0.840121,0.175332,4,2,4,1,DEVELOPMENT,SYNTHETIC_RESEARCH_FIXTURE,OG-SYNTH-0.3,B1-0.3,build_opus_synthetic_programme_v0_3.py@0.3,20260812,True,5449166316c0ca335cb902f7217569eda8e84cc2af685db27d236934dc1bcf82
REF-0031,1,0.125,0.958914,1.015983,0.191027,5,0,0,1,DEVELOPMENT,SYNTHETIC_RESEARCH_FIXTURE,OG-SYNTH-0.3,B1-0.3,build_opus_synthetic_programme_v0_3.py@0.3,20260812,True,9af1f600d7b73903182ea803bc66c1d1d574e1074519506cfc75cb7f4e5add2c
REF-0031,2,0.25,1.023969,0.992233,0.108686,7,2,1,0,DEVELOPMENT,SYNTHETIC_RESEARCH_FIXTURE,OG-SYNTH-0.3,B1-0.3,build_opus_synthetic_programme_v0_3.py@0.3,20260812,True,614c6ffabc1705a4a0c397f8d056cf4581dd657f0f56307582b2e1fdfa8a09c8
REF-0031,3,0.375,0.982596,0.916857,0.108906,11,2,1,1,DEVELOPMENT,SYNTHETIC_RESEARCH_FIXTURE,OG-SYNTH-0.3,B1-0.3,build_opus_synthetic_programme_v0_3.py@0.3,20260812,True,c0993236a865f96241665a22e2eb933524b2bea6fdd27e8c40ceda3cc8fc8b1b
REF-0031,4,0.5,0.931613,0.912938,0.177807,7,1,2,1,DEVELOPMENT,SYNTHETIC_RESEARCH_FIXTURE,OG-SYNTH-0.3,B1-0.3,build_opus_synthetic_programme_v0_3.py@0.3,20260812,True,bbae1ef51d380bfe1856367d2f84fcc84bf7c4efd021fe13660216512b64a448
REF-0031,5,0.625,0.929491,0.931214,0.147303,10,2,4,3,DEVELOPMENT,SYNTHETIC_RESEARCH_FIXTURE,OG-SYNTH-0.3,B1-0.3,build_opus_synthetic_programme_v0_3.py@0.3,20260812,True,2cf8984f1aa3ccb7089af35a24759ed6bdd670669ad2a8b346e110ce8d183efa
REF-0031,6,0.75,0.910893,0.942949,0.172557,7,0,4,0,DEVELOPMENT,SYNTHETIC_RESEARCH_FIXTURE,OG-SYNTH-0.3,B1-0.3,build_opus_synthetic_programme_v0_3.py@0.3,20260812,True,e89a34c2bc70894228a76b97e4fbf2f39a262795fc2539949696378556f1fc36
REF-0031,7,0.875,0.87461,0.890844,0.183811,11,0,5,2,DEVELOPMENT,SYNTHETIC_RESEARCH_FIXTURE,OG-SYNTH-0.3,B1-0.3,build_opus_synthetic_programme_v0_3.py@0.3,20260812,True,3bcbafc464bf915aabcd649acb1c26cf0f9f98e80d367b9936e0f92ccff619c0
REF-0031,8,1.0,0.896819,0.874056,0.223054,18,2,4,1,DEVELOPMENT,SYNTHETIC_RESEARCH_FIXTURE,OG-SYNTH-0.3,B1-0.3,build_opus_synthetic_programme_v0_3.py@0.3,20260812,True,3eefc9da6acffe7719f8e51ae46d76f9020ebd31a26f23980181b6f1847d1289
REF-0032,1,0.125,0.994515,1.020568,0.213544,5,1,1,1,DEVELOPMENT,SYNTHETIC_RESEARCH_FIXTURE,OG-SYNTH-0.3,B1-0.3,build_opus_synthetic_programme_v0_3.py@0.3,20260812,True,51b48e4fc1f96d4e224ab6128700b31045697039c0f2946b2f835836bfe98ac0
REF-0032,2,0.25,0.9349,0.969545,0.146721,6,3,1,1,DEVELOPMENT,SYNTHETIC_RESEARCH_FIXTURE,OG-SYNTH-0.3,B1-0.3,build_opus_synthetic_programme_v0_3.py@0.3,20260812,True,ebea8fb13af83b8f123776f6a91ea8a5733970f24b4c5f1f7216dbbfa38a0760
REF-0032,3,0.375,0.930231,0.922644,0.187796,5,3,3,1,DEVELOPMENT,SYNTHETIC_RESEARCH_FIXTURE,OG-SYNTH-0.3,B1-0.3,build_opus_synthetic_programme_v0_3.py@0.3,20260812,True,6a892d7847c2efa738563981a972bef8cc1eea4e8feedaf22353af1daac293e9
REF-0032,4,0.5,0.93082,0.942,0.274584,8,1,1,1,DEVELOPMENT,SYNTHETIC_RESEARCH_FIXTURE,OG-SYNTH-0.3,B1-0.3,build_opus_synthetic_programme_v0_3.py@0.3,20260812,True,0b5c3c9682efbe59e24768878b60339457e52c482015a92b810c3d3f146da2c3
REF-0032,5,0.625,0.91443,0.932158,0.300192,10,4,1,0,DEVELOPMENT,SYNTHETIC_RESEARCH_FIXTURE,OG-SYNTH-0.3,B1-0.3,build_opus_synthetic_programme_v0_3.py@0.3,20260812,True,779bd12f599e5e07dcd883d9f9c79d7da753ff2983daff620eec21b4ad90940c
REF-0032,6,0.75,0.863844,0.929277,0.196822,5,1,1,2,DEVELOPMENT,SYNTHETIC_RESEARCH_FIXTURE,OG-SYNTH-0.3,B1-0.3,build_opus_synthetic_programme_v0_3.py@0.3,20260812,True,5080248bd1364fa1e7f7d50727c0240aaf1114036373e9aa1043d36a65fb3155
REF-0032,7,0.875,0.84761,0.867696,0.298544,10,4,4,3,DEVELOPMENT,SYNTHETIC_RESEARCH_FIXTURE,OG-SYNTH-0.3,B1-0.3,build_opus_synthetic_programme_v0_3.py@0.3,20260812,True,7c960746ce4252a25e1ab286cac37a3c7a956b27e11da2830ba05835206d96fc
REF-0032,8,1.0,0.799005,0.893035,0.322288,6,2,3,2,DEVELOPMENT,SYNTHETIC_RESEARCH_FIXTURE,OG-SYNTH-0.3,B1-0.3,build_opus_synthetic_programme_v0_3.py@0.3,20260812,True,d4e021d487bc6fa590522e07804530c1c24481e8c85ab5dad7d8123cba0cddb1
REF-0033,1,0.125,0.974319,0.980348,0.144798,4,2,1,1,DEVELOPMENT,SYNTHETIC_RESEARCH_FIXTURE,OG-SYNTH-0.3,B1-0.3,build_opus_synthetic_programme_v0_3.py@0.3,20260812,True,0ba53acc6393886e017a676d2e68144799b292cf9f5335ff8ce50865731b080b
REF-0033,2,0.25,0.929677,0.958252,0.219924,3,0,3,1,DEVELOPMENT,SYNTHETIC_RESEARCH_FIXTURE,OG-SYNTH-0.3,B1-0.3,build_opus_synthetic_programme_v0_3.py@0.3,20260812,True,c23ffb4a5d7c9f81fae711f29673f7ee8fbc122142628a4b4a6f9d47febd1b5e
REF-0033,3,0.375,0.965056,0.919675,0.131109,2,1,5,1,DEVELOPMENT,SYNTHETIC_RESEARCH_FIXTURE,OG-SYNTH-0.3,B1-0.3,build_opus_synthetic_programme_v0_3.py@0.3,20260812,True,ad369174fc43c0514424bbba2203979b24fe2c3d0dc7b14d2abcfdcd52c6db59
REF-0033,4,0.5,0.885569,0.87774,0.240928,8,3,5,1,DEVELOPMENT,SYNTHETIC_RESEARCH_FIXTURE,OG-SYNTH-0.3,B1-0.3,build_opus_synthetic_programme_v0_3.py@0.3,20260812,True,33cb28a3c9b85a4d640c8841a311d0e7ef72888a7e20b47465f6c195a4398b37
REF-0033,5,0.625,0.911608,0.850752,0.131119,5,1,2,1,DEVELOPMENT,SYNTHETIC_RESEARCH_FIXTURE,OG-SYNTH-0.3,B1-0.3,build_opus_synthetic_programme_v0_3.py@0.3,20260812,True,c95627389a5990226cd7b7ef30c5f39519851f1e467a176d2e4d0748ab67229f
REF-0033,6,0.75,0.95476,0.894222,0.236464,12,1,4,2,DEVELOPMENT,SYNTHETIC_RESEARCH_FIXTURE,OG-SYNTH-0.3,B1-0.3,build_opus_synthetic_programme_v0_3.py@0.3,20260812,True,8e2543adcb4e6fc6fbdee616503cf7a463534cbc0158247e06208188752d71b1
REF-0033,7,0.875,0.937603,0.838547,0.333073,15,5,1,3,DEVELOPMENT,SYNTHETIC_RESEARCH_FIXTURE,OG-SYNTH-0.3,B1-0.3,build_opus_synthetic_programme_v0_3.py@0.3,20260812,True,325dcba2cb12312d6e43c17fd1176e189d5ebf063d6a5bd87efee79e91b5f263
REF-0033,8,1.0,0.900158,0.771267,0.273574,10,2,4,3,DEVELOPMENT,SYNTHETIC_RESEARCH_FIXTURE,OG-SYNTH-0.3,B1-0.3,build_opus_synthetic_programme_v0_3.py@0.3,20260812,True,a53abaaaa21a1d6debe330668382d60b9bb0d76144597ed1820fb75ed560d60e
REF-0034,1,0.125,0.955103,1.002092,0.189484,1,2,2,0,DEVELOPMENT,SYNTHETIC_RESEARCH_FIXTURE,OG-SYNTH-0.3,B1-0.3,build_opus_synthetic_programme_v0_3.py@0.3,20260812,True,a6795700cdce036b4899824c59a26ef7a07e8459eca038430187ca20b5a4f465
REF-0034,2,0.25,0.962803,0.910946,0.191383,6,2,3,2,DEVELOPMENT,SYNTHETIC_RESEARCH_FIXTURE,OG-SYNTH-0.3,B1-0.3,build_opus_synthetic_programme_v0_3.py@0.3,20260812,True,c3f44ec2f935ba85c123831a109b1ce0e5c2b4a9dc98d5d9d02fd84ace42321a
REF-0034,3,0.375,0.937546,0.932256,0.224121,6,2,1,3,DEVELOPMENT,SYNTHETIC_RESEARCH_FIXTURE,OG-SYNTH-0.3,B1-0.3,build_opus_synthetic_programme_v0_3.py@0.3,20260812,True,0c2fea58edd3e371e8e5215882b3be2b778e6d86938cd80820e5ad1df6e90cf5
REF-0034,4,0.5,0.951649,0.901394,0.265704,3,3,1,2,DEVELOPMENT,SYNTHETIC_RESEARCH_FIXTURE,OG-SYNTH-0.3,B1-0.3,build_opus_synthetic_programme_v0_3.py@0.3,20260812,True,cebfdac018959fc871fd8db6395589389fd14ce1e965868b412668bb2aee5896
REF-0034,5,0.625,0.933643,0.899789,0.172854,15,2,2,4,DEVELOPMENT,SYNTHETIC_RESEARCH_FIXTURE,OG-SYNTH-0.3,B1-0.3,build_opus_synthetic_programme_v0_3.py@0.3,20260812,True,15af108e66dd64e5d19fbd1996c6440b52648ef914ceef69c1b42939799d87c8
REF-0034,6,0.75,0.903939,0.861605,0.210788,13,1,4,4,DEVELOPMENT,SYNTHETIC_RESEARCH_FIXTURE,OG-SYNTH-0.3,B1-0.3,build_opus_synthetic_programme_v0_3.py@0.3,20260812,True,4d6eca501dc3d633b6dc322c1122dd256b4c338c2918dc92fc473fef53c2e168
REF-0034,7,0.875,0.895092,0.838339,0.231384,10,1,2,2,DEVELOPMENT,SYNTHETIC_RESEARCH_FIXTURE,OG-SYNTH-0.3,B1-0.3,build_opus_synthetic_programme_v0_3.py@0.3,20260812,True,0d25ac5155b7e0f41081cfae7300e435ea4356073b3a0384582966895f28cbd8
REF-0034,8,1.0,0.923963,0.856467,0.309938,17,2,10,0,DEVELOPMENT,SYNTHETIC_RESEARCH_FIXTURE,OG-SYNTH-0.3,B1-0.3,build_opus_synthetic_programme_v0_3.py@0.3,20260812,True,91d296c3d83e0f04c0f83e99bdb5316446fceb9e92a072f006fe0ac6d80f700f
REF-0035,1,0.125,0.976187,0.979092,0.166302,5,0,2,1,LOCKED_HOLDOUT,SYNTHETIC_RESEARCH_FIXTURE,OG-SYNTH-0.3,B1-0.3,build_opus_synthetic_programme_v0_3.py@0.3,20260812,True,dfe4f3f4e99ce6b8207527734ec84ac0e6cecef1c25f995786501faec48e7ffd
REF-0035,2,0.25,0.999971,0.966636,0.127138,4,3,1,2,LOCKED_HOLDOUT,SYNTHETIC_RESEARCH_FIXTURE,OG-SYNTH-0.3,B1-0.3,build_opus_synthetic_programme_v0_3.py@0.3,20260812,True,14f7db8847e182a7cbb08f7d2ddc2d93a391e0916f98a4bb7f562ab7e1d47807
REF-0035,3,0.375,0.93664,0.962118,0.143203,7,4,1,1,LOCKED_HOLDOUT,SYNTHETIC_RESEARCH_FIXTURE,OG-SYNTH-0.3,B1-0.3,build_opus_synthetic_programme_v0_3.py@0.3,20260812,True,ad3f5261697fae9180d5dab553b6cbf9696330e0cda95d37495890023a450a7e
REF-0035,4,0.5,0.892223,0.943944,0.221885,4,2,0,0,LOCKED_HOLDOUT,SYNTHETIC_RESEARCH_FIXTURE,OG-SYNTH-0.3,B1-0.3,build_opus_synthetic_programme_v0_3.py@0.3,20260812,True,66d13a1530fbd9a40e71fffdb737ffe5395bce01115ce236d729338844a02805
REF-0035,5,0.625,0.952438,0.920126,0.216935,8,3,4,2,LOCKED_HOLDOUT,SYNTHETIC_RESEARCH_FIXTURE,OG-SYNTH-0.3,B1-0.3,build_opus_synthetic_programme_v0_3.py@0.3,20260812,True,76428927c4985308a040359da1d2e1f3eba4d2bc00f80c9d05a13f2230d32eeb
REF-0035,6,0.75,0.884243,0.913211,0.05816,7,2,3,3,LOCKED_HOLDOUT,SYNTHETIC_RESEARCH_FIXTURE,OG-SYNTH-0.3,B1-0.3,build_opus_synthetic_programme_v0_3.py@0.3,20260812,True,2243a265ff8a96e7296e469e2066504105208e1c10a9b9c201156a94124fa807
REF-0035,7,0.875,0.925701,0.861091,0.193056,7,2,0,2,LOCKED_HOLDOUT,SYNTHETIC_RESEARCH_FIXTURE,OG-SYNTH-0.3,B1-0.3,build_opus_synthetic_programme_v0_3.py@0.3,20260812,True,e42bbf1c3c6ac83538c1d78cc5a887f2521cb1021c111dcd2ba491db3474df7f
REF-0035,8,1.0,0.852684,0.857701,0.238403,16,4,3,1,LOCKED_HOLDOUT,SYNTHETIC_RESEARCH_FIXTURE,OG-SYNTH-0.3,B1-0.3,build_opus_synthetic_programme_v0_3.py@0.3,20260812,True,4f0f128a4d6d5acc99fac0a987643cc99b75e6e6c386ade32349724347b74e4c
REF-0036,1,0.125,1.00436,1.013615,0.177675,2,1,1,0,DEVELOPMENT,SYNTHETIC_RESEARCH_FIXTURE,OG-SYNTH-0.3,B1-0.3,build_opus_synthetic_programme_v0_3.py@0.3,20260812,True,d7220020ec0510c1de9aa6b07448f25af8287c82681aaa394fbea8ab8901226a
REF-0036,2,0.25,1.006097,1.018981,0.146201,2,2,2,1,DEVELOPMENT,SYNTHETIC_RESEARCH_FIXTURE,OG-SYNTH-0.3,B1-0.3,build_opus_synthetic_programme_v0_3.py@0.3,20260812,True,d6f9d91ab800b564c80d4bc3e718404843099ea6e619be6510bde7811d011471
REF-0036,3,0.375,0.902264,0.983811,0.173875,4,2,0,1,DEVELOPMENT,SYNTHETIC_RESEARCH_FIXTURE,OG-SYNTH-0.3,B1-0.3,build_opus_synthetic_programme_v0_3.py@0.3,20260812,True,825072017c074ec5c983b8eaaade7e72de4903b8781d6f51654231df884e2df0
REF-0036,4,0.5,0.917998,1.008653,0.265115,5,1,1,2,DEVELOPMENT,SYNTHETIC_RESEARCH_FIXTURE,OG-SYNTH-0.3,B1-0.3,build_opus_synthetic_programme_v0_3.py@0.3,20260812,True,15a10d2c2c71f2c761538b34ef88597abfa82de9376d3b251aefd511dd4659ed
REF-0036,5,0.625,0.917353,0.953688,0.13858,6,0,1,0,DEVELOPMENT,SYNTHETIC_RESEARCH_FIXTURE,OG-SYNTH-0.3,B1-0.3,build_opus_synthetic_programme_v0_3.py@0.3,20260812,True,9a2677c3ad7e32e60a5b0d7a2b27ad6f44ed931f1e796bd9f68e6aecd8a5c95e
REF-0036,6,0.75,0.897823,0.985908,0.208506,2,2,3,0,DEVELOPMENT,SYNTHETIC_RESEARCH_FIXTURE,OG-SYNTH-0.3,B1-0.3,build_opus_synthetic_programme_v0_3.py@0.3,20260812,True,714fb3d261767473798e9a39fe9f68bef5186156b2cc0b89befae32ace6cd452
REF-0036,7,0.875,0.898135,0.965918,0.229075,7,1,3,1,DEVELOPMENT,SYNTHETIC_RESEARCH_FIXTURE,OG-SYNTH-0.3,B1-0.3,build_opus_synthetic_programme_v0_3.py@0.3,20260812,True,21a5de6df0ebea4ab7f3992a598d2db154952910e988cb8e32222476bd00297d
REF-0036,8,1.0,0.870794,0.952741,0.230504,2,2,2,2,DEVELOPMENT,SYNTHETIC_RESEARCH_FIXTURE,OG-SYNTH-0.3,B1-0.3,build_opus_synthetic_programme_v0_3.py@0.3,20260812,True,f4c7512a53e47a4e01a016753b767b8617ae30822b8cf41ea98125a9e87a63fa
REF-0037,1,0.125,0.99701,0.943663,0.174939,2,2,2,1,LOCKED_HOLDOUT,SYNTHETIC_RESEARCH_FIXTURE,OG-SYNTH-0.3,B1-0.3,build_opus_synthetic_programme_v0_3.py@0.3,20260812,True,e1f4a1e87afcc86e36566bd2a7d0368c93d4d5b8f9041e6a544c584cd5b2bc1c
REF-0037,2,0.25,0.927332,1.016512,0.167277,5,0,1,3,LOCKED_HOLDOUT,SYNTHETIC_RESEARCH_FIXTURE,OG-SYNTH-0.3,B1-0.3,build_opus_synthetic_programme_v0_3.py@0.3,20260812,True,2b7a980b26f80957b380ecb56b69b5819431518e4fc3a7fa24c8361635837530
REF-0037,3,0.375,0.970511,0.945243,0.187407,4,3,2,2,LOCKED_HOLDOUT,SYNTHETIC_RESEARCH_FIXTURE,OG-SYNTH-0.3,B1-0.3,build_opus_synthetic_programme_v0_3.py@0.3,20260812,True,0f7a7def16ad2cd6ba646171a554b4a42d46f1a8dc651a9d563e3ccf04f88214
REF-0037,4,0.5,0.909765,0.941721,0.104265,8,2,2,1,LOCKED_HOLDOUT,SYNTHETIC_RESEARCH_FIXTURE,OG-SYNTH-0.3,B1-0.3,build_opus_synthetic_programme_v0_3.py@0.3,20260812,True,1a360dcc2548cde08cf885393c7b9f4f513e015bc55904399a98f4e83b7d845b
REF-0037,5,0.625,0.901617,0.900664,0.193841,12,0,4,3,LOCKED_HOLDOUT,SYNTHETIC_RESEARCH_FIXTURE,OG-SYNTH-0.3,B1-0.3,build_opus_synthetic_programme_v0_3.py@0.3,20260812,True,a0a02c53e2ec1474e887c5a64f2798bba4733952ba07943bea7fc9093dda7ea1
REF-0037,6,0.75,0.871222,0.968973,0.214068,9,3,3,2,LOCKED_HOLDOUT,SYNTHETIC_RESEARCH_FIXTURE,OG-SYNTH-0.3,B1-0.3,build_opus_synthetic_programme_v0_3.py@0.3,20260812,True,df98bad8ccef0549a1d0a007743a8a2efdd3f94378ce8dbb51815a2d29d80244
REF-0037,7,0.875,0.8847,0.887427,0.265433,18,3,4,3,LOCKED_HOLDOUT,SYNTHETIC_RESEARCH_FIXTURE,OG-SYNTH-0.3,B1-0.3,build_opus_synthetic_programme_v0_3.py@0.3,20260812,True,b6318aee14df3566f298c6e84ebc024e9cba8b3072b5814205f5005c2c7b041f
REF-0037,8,1.0,0.858158,0.886771,0.317627,19,4,2,3,LOCKED_HOLDOUT,SYNTHETIC_RESEARCH_FIXTURE,OG-SYNTH-0.3,B1-0.3,build_opus_synthetic_programme_v0_3.py@0.3,20260812,True,0dcda3a63f9dff7c63c0bff2847a8b46b24c06c27fa7ff1db2169b161669071b
REF-0038,1,0.125,0.950848,0.972582,0.187795,3,0,0,2,DEVELOPMENT,SYNTHETIC_RESEARCH_FIXTURE,OG-SYNTH-0.3,B1-0.3,build_opus_synthetic_programme_v0_3.py@0.3,20260812,True,199eeb250e68faaba165619dbe599997d3e915b38f71b925d1cc9e45f1a7b621
REF-0038,2,0.25,0.937708,0.948481,0.201116,7,2,1,0,DEVELOPMENT,SYNTHETIC_RESEARCH_FIXTURE,OG-SYNTH-0.3,B1-0.3,build_opus_synthetic_programme_v0_3.py@0.3,20260812,True,aa9762141dbcb874d682118bf667a90bc48e7f8639926701e86729f66889a5c6
REF-0038,3,0.375,0.928791,0.925248,0.163331,5,1,1,1,DEVELOPMENT,SYNTHETIC_RESEARCH_FIXTURE,OG-SYNTH-0.3,B1-0.3,build_opus_synthetic_programme_v0_3.py@0.3,20260812,True,cd1cb2ab54f3e68aaad37b6c1be4afab51387fcc877be90a596a47da6c983f06
REF-0038,4,0.5,0.938598,0.956195,0.18739,11,2,4,1,DEVELOPMENT,SYNTHETIC_RESEARCH_FIXTURE,OG-SYNTH-0.3,B1-0.3,build_opus_synthetic_programme_v0_3.py@0.3,20260812,True,30ff3207d60752bddf8bccfe3ff1da2988104a5ed26cc375c10d8eee2a5abb85
REF-0038,5,0.625,0.912576,0.900698,0.317918,8,1,2,0,DEVELOPMENT,SYNTHETIC_RESEARCH_FIXTURE,OG-SYNTH-0.3,B1-0.3,build_opus_synthetic_programme_v0_3.py@0.3,20260812,True,c69b55961c381041e65c09e1394f3e7851a39eb460e39d8295e27c2ce944e3a8
REF-0038,6,0.75,0.866213,0.89537,0.250275,14,2,3,3,DEVELOPMENT,SYNTHETIC_RESEARCH_FIXTURE,OG-SYNTH-0.3,B1-0.3,build_opus_synthetic_programme_v0_3.py@0.3,20260812,True,e2b764458099dfcbf2287322ff868da67f1f566d94d9efd9404d795ddf2478b1
REF-0038,7,0.875,0.867042,0.902675,0.217848,9,0,3,1,DEVELOPMENT,SYNTHETIC_RESEARCH_FIXTURE,OG-SYNTH-0.3,B1-0.3,build_opus_synthetic_programme_v0_3.py@0.3,20260812,True,2e9dc8686e18d25f7d92390c3ff308a56130442a8834b99d7154de8f8b3acbcb
REF-0038,8,1.0,0.85067,0.896978,0.30803,14,3,7,3,DEVELOPMENT,SYNTHETIC_RESEARCH_FIXTURE,OG-SYNTH-0.3,B1-0.3,build_opus_synthetic_programme_v0_3.py@0.3,20260812,True,670d6a37601bc817460873584efa3f1967eda6484b0a00adfc6f126de4381af0
REF-0039,1,0.125,1.00494,0.990296,0.186364,1,1,5,2,DEVELOPMENT,SYNTHETIC_RESEARCH_FIXTURE,OG-SYNTH-0.3,B1-0.3,build_opus_synthetic_programme_v0_3.py@0.3,20260812,True,5d8b87077edd87a76713908edb82474a9f44feafc67bae7b77c503e037ee9e72
REF-0039,2,0.25,0.931,1.011516,0.151412,6,0,2,0,DEVELOPMENT,SYNTHETIC_RESEARCH_FIXTURE,OG-SYNTH-0.3,B1-0.3,build_opus_synthetic_programme_v0_3.py@0.3,20260812,True,aaefd3245a845ce755d95467ef44564aecb7e5d61e43be6f070694d4ff343eb3
REF-0039,3,0.375,0.981034,0.955287,0.123004,5,0,2,1,DEVELOPMENT,SYNTHETIC_RESEARCH_FIXTURE,OG-SYNTH-0.3,B1-0.3,build_opus_synthetic_programme_v0_3.py@0.3,20260812,True,1de94666a94b0cc5b2f3869359dc6892f047e64393c3ffc4560ecb53d3631158
REF-0039,4,0.5,0.967152,0.968628,0.181285,5,2,1,0,DEVELOPMENT,SYNTHETIC_RESEARCH_FIXTURE,OG-SYNTH-0.3,B1-0.3,build_opus_synthetic_programme_v0_3.py@0.3,20260812,True,c7ca6c6226fa94573bd6924cfae23fea897ac7cb2a77c7b26ac8ece1c5a46b6e
REF-0039,5,0.625,0.934987,0.986147,0.248343,9,1,1,0,DEVELOPMENT,SYNTHETIC_RESEARCH_FIXTURE,OG-SYNTH-0.3,B1-0.3,build_opus_synthetic_programme_v0_3.py@0.3,20260812,True,737802ef1a255f4321ace4034c598f212d7b3b4f2b47cc6df8ce36737ddfced0
REF-0039,6,0.75,0.892637,0.934403,0.240295,11,2,1,2,DEVELOPMENT,SYNTHETIC_RESEARCH_FIXTURE,OG-SYNTH-0.3,B1-0.3,build_opus_synthetic_programme_v0_3.py@0.3,20260812,True,9734c54524cc90ebc71823e1da75c8c4eb9875c31672476f0c66b713f6db042b
REF-0039,7,0.875,0.891516,0.963391,0.232769,5,2,4,0,DEVELOPMENT,SYNTHETIC_RESEARCH_FIXTURE,OG-SYNTH-0.3,B1-0.3,build_opus_synthetic_programme_v0_3.py@0.3,20260812,True,db4a6b3617b26763c0e17197256485226e117063581aa2825cb478ee9a447ea2
REF-0039,8,1.0,0.833266,0.955357,0.221099,8,4,3,1,DEVELOPMENT,SYNTHETIC_RESEARCH_FIXTURE,OG-SYNTH-0.3,B1-0.3,build_opus_synthetic_programme_v0_3.py@0.3,20260812,True,6cdb349901e29ce9b779115b219a91b672082dfbacd334012b1b03d7ee07021e
REF-0040,1,0.125,0.939722,0.984366,0.197018,2,2,3,2,DEVELOPMENT,SYNTHETIC_RESEARCH_FIXTURE,OG-SYNTH-0.3,B1-0.3,build_opus_synthetic_programme_v0_3.py@0.3,20260812,True,5347b02f4e5078c660585325835b013416efafd776316c483d4ad7448bf52dd9
REF-0040,2,0.25,0.951887,0.927543,0.088294,4,1,0,1,DEVELOPMENT,SYNTHETIC_RESEARCH_FIXTURE,OG-SYNTH-0.3,B1-0.3,build_opus_synthetic_programme_v0_3.py@0.3,20260812,True,e8a90980937f52e6d5e9d2cb0e7f16583d1d461db695a7095eba9092313cea01
REF-0040,3,0.375,0.970664,0.944417,0.200568,8,1,3,2,DEVELOPMENT,SYNTHETIC_RESEARCH_FIXTURE,OG-SYNTH-0.3,B1-0.3,build_opus_synthetic_programme_v0_3.py@0.3,20260812,True,923dbf1cc01d50ef16985b4941c18f7452ac06e8475094422b3b212523c0cc2b
REF-0040,4,0.5,0.859679,0.935254,0.209898,5,6,3,3,DEVELOPMENT,SYNTHETIC_RESEARCH_FIXTURE,OG-SYNTH-0.3,B1-0.3,build_opus_synthetic_programme_v0_3.py@0.3,20260812,True,a2561aad37ea5a02a2e67ae227ee637c1fd8a22228d99343d6506d2d6443fd3f
REF-0040,5,0.625,0.816345,0.923515,0.280887,7,2,2,2,DEVELOPMENT,SYNTHETIC_RESEARCH_FIXTURE,OG-SYNTH-0.3,B1-0.3,build_opus_synthetic_programme_v0_3.py@0.3,20260812,True,3cd2b9c89ecb65005a004529edb58e865293c2b51a288ba731cd0833bec798c7
REF-0040,6,0.75,0.833465,0.845273,0.231038,14,4,3,1,DEVELOPMENT,SYNTHETIC_RESEARCH_FIXTURE,OG-SYNTH-0.3,B1-0.3,build_opus_synthetic_programme_v0_3.py@0.3,20260812,True,de03272f749809cca02d3376bd114755bcb4b906fb5508295edb7af5b8c3c03e
REF-0040,7,0.875,0.725764,0.799737,0.233775,5,6,2,2,DEVELOPMENT,SYNTHETIC_RESEARCH_FIXTURE,OG-SYNTH-0.3,B1-0.3,build_opus_synthetic_programme_v0_3.py@0.3,20260812,True,5410ba57335f029c5f3219e6b0a475c55b93c0e6d3ae48387a4113ebcfd05974
REF-0040,8,1.0,0.75336,0.827907,0.323167,10,5,3,1,DEVELOPMENT,SYNTHETIC_RESEARCH_FIXTURE,OG-SYNTH-0.3,B1-0.3,build_opus_synthetic_programme_v0_3.py@0.3,20260812,True,5b3ecf5f9ff3d0472d1eaf0707dc7b1162d4e2e02ba83255f831dcfdba5f4eb8
REF-0041,1,0.125,0.966878,0.953484,0.247483,4,3,3,1,DEVELOPMENT,SYNTHETIC_RESEARCH_FIXTURE,OG-SYNTH-0.3,B1-0.3,build_opus_synthetic_programme_v0_3.py@0.3,20260812,True,1fae52449ad6bcc60cf07a77cc1b9929bea5f140712f5a151c3e1c5fa633a1c9
REF-0041,2,0.25,0.928538,0.943079,0.20164,3,0,2,3,DEVELOPMENT,SYNTHETIC_RESEARCH_FIXTURE,OG-SYNTH-0.3,B1-0.3,build_opus_synthetic_programme_v0_3.py@0.3,20260812,True,80d3de45ad17da0f5c87c8af56f7c704437256c4cdd2608b361a7b6702b9558b
REF-0041,3,0.375,0.953567,0.980364,0.170328,15,4,3,3,DEVELOPMENT,SYNTHETIC_RESEARCH_FIXTURE,OG-SYNTH-0.3,B1-0.3,build_opus_synthetic_programme_v0_3.py@0.3,20260812,True,cd2c660bed808097fa3ccd7ee108e087ae274b48d34845ea49b63257d984bb1c
REF-0041,4,0.5,0.927907,0.954875,0.178053,1,4,3,3,DEVELOPMENT,SYNTHETIC_RESEARCH_FIXTURE,OG-SYNTH-0.3,B1-0.3,build_opus_synthetic_programme_v0_3.py@0.3,20260812,True,faeb57af9fd592fde67bc3b3d819e06c46ea50e1a65de1b2af917df720547fa2
REF-0041,5,0.625,0.910719,0.889597,0.223819,13,1,1,2,DEVELOPMENT,SYNTHETIC_RESEARCH_FIXTURE,OG-SYNTH-0.3,B1-0.3,build_opus_synthetic_programme_v0_3.py@0.3,20260812,True,82ab089e2ded7207465fedfb5d0920a54041b7c27986303a98d9f11efb298d4e
REF-0041,6,0.75,0.840404,0.866687,0.254627,7,2,4,1,DEVELOPMENT,SYNTHETIC_RESEARCH_FIXTURE,OG-SYNTH-0.3,B1-0.3,build_opus_synthetic_programme_v0_3.py@0.3,20260812,True,fb84c51d8609f54aea5ab1e1c4dc567fe2b407eda3f93d4a80fd253c6b95e615
REF-0041,7,0.875,0.915052,0.909437,0.294163,17,1,4,3,DEVELOPMENT,SYNTHETIC_RESEARCH_FIXTURE,OG-SYNTH-0.3,B1-0.3,build_opus_synthetic_programme_v0_3.py@0.3,20260812,True,2767d46f913925d3676655dccfeac294541ecb080a89fbed1d4a71acd21f9e21
REF-0041,8,1.0,0.846968,0.85665,0.264474,14,1,5,1,DEVELOPMENT,SYNTHETIC_RESEARCH_FIXTURE,OG-SYNTH-0.3,B1-0.3,build_opus_synthetic_programme_v0_3.py@0.3,20260812,True,501ff7220a3ac6294e3137eb1fc7cab2d66c015acbbce1121d41df7e43a0529e
REF-0042,1,0.125,0.950584,0.999332,0.193444,6,1,1,1,DEVELOPMENT,SYNTHETIC_RESEARCH_FIXTURE,OG-SYNTH-0.3,B1-0.3,build_opus_synthetic_programme_v0_3.py@0.3,20260812,True,714d5e06b4be14d948fdf24282bafaa4a3512cc367ed0da6adfac9afee187527
REF-0042,2,0.25,0.97474,0.979629,0.171297,6,2,3,2,DEVELOPMENT,SYNTHETIC_RESEARCH_FIXTURE,OG-SYNTH-0.3,B1-0.3,build_opus_synthetic_programme_v0_3.py@0.3,20260812,True,6dbdb1d4c35afc32fa37a80b91e00caf17b240d8f78c576963657ecc46f439b3
REF-0042,3,0.375,0.889906,0.913184,0.162568,10,2,1,0,DEVELOPMENT,SYNTHETIC_RESEARCH_FIXTURE,OG-SYNTH-0.3,B1-0.3,build_opus_synthetic_programme_v0_3.py@0.3,20260812,True,6a44cfb3c8a29225b63fdbbfccc12cf14cc6ca05e492644aa6759960cf89d551
REF-0042,4,0.5,0.892856,0.938212,0.258906,13,3,7,1,DEVELOPMENT,SYNTHETIC_RESEARCH_FIXTURE,OG-SYNTH-0.3,B1-0.3,build_opus_synthetic_programme_v0_3.py@0.3,20260812,True,57f62bde090398710496f7ef8582fe3596e074eeee436048938ea755c3c2817b
REF-0042,5,0.625,0.908766,0.888274,0.215266,9,1,3,1,DEVELOPMENT,SYNTHETIC_RESEARCH_FIXTURE,OG-SYNTH-0.3,B1-0.3,build_opus_synthetic_programme_v0_3.py@0.3,20260812,True,36863d8b5d79fa34dabea69aee8349f9f416ef30bd0ccbb754196c81aabe5e16
REF-0042,6,0.75,0.891741,0.838777,0.184832,18,3,4,2,DEVELOPMENT,SYNTHETIC_RESEARCH_FIXTURE,OG-SYNTH-0.3,B1-0.3,build_opus_synthetic_programme_v0_3.py@0.3,20260812,True,747eb1d1578e50f95b3131bbb37e99fd7a64d76bcee0dc4a876369625c162976
REF-0042,7,0.875,0.868054,0.800243,0.288816,13,3,3,3,DEVELOPMENT,SYNTHETIC_RESEARCH_FIXTURE,OG-SYNTH-0.3,B1-0.3,build_opus_synthetic_programme_v0_3.py@0.3,20260812,True,4a9ff993f8d20e6be15384135a22fc9b3fc83942df6f0e4786008889484c3171
REF-0042,8,1.0,0.800706,0.798401,0.255537,15,3,5,4,DEVELOPMENT,SYNTHETIC_RESEARCH_FIXTURE,OG-SYNTH-0.3,B1-0.3,build_opus_synthetic_programme_v0_3.py@0.3,20260812,True,fcac0c1216c08a5eb78d91d15a26984e6a8018fba2d0bf6962b287f19de6a5e6
REF-0043,1,0.125,0.947136,0.995456,0.173343,6,1,2,2,DEVELOPMENT,SYNTHETIC_RESEARCH_FIXTURE,OG-SYNTH-0.3,B1-0.3,build_opus_synthetic_programme_v0_3.py@0.3,20260812,True,2e6bb255515fff1da9f8f353365bce3b65908200301c05fd7779adcf5f8a6b85
REF-0043,2,0.25,0.878481,0.922312,0.265078,5,8,1,1,DEVELOPMENT,SYNTHETIC_RESEARCH_FIXTURE,OG-SYNTH-0.3,B1-0.3,build_opus_synthetic_programme_v0_3.py@0.3,20260812,True,62bb40f81ab2af9d319a430b53625a5c2f596f7c1ecdf85de98f6c7a105de9eb
REF-0043,3,0.375,0.831637,0.859343,0.312181,4,4,2,3,DEVELOPMENT,SYNTHETIC_RESEARCH_FIXTURE,OG-SYNTH-0.3,B1-0.3,build_opus_synthetic_programme_v0_3.py@0.3,20260812,True,12ff6065057407c0c71579a4d51b4f643d077c5733b8a99bd3f29afba5ea8203
REF-0043,4,0.5,0.807741,0.84581,0.368591,7,5,2,4,DEVELOPMENT,SYNTHETIC_RESEARCH_FIXTURE,OG-SYNTH-0.3,B1-0.3,build_opus_synthetic_programme_v0_3.py@0.3,20260812,True,fef195a62aa83506861e772ad6a7f18d818c41c7068bb6204ac2ad799298541f
REF-0043,5,0.625,0.721973,0.801534,0.390751,4,7,2,3,DEVELOPMENT,SYNTHETIC_RESEARCH_FIXTURE,OG-SYNTH-0.3,B1-0.3,build_opus_synthetic_programme_v0_3.py@0.3,20260812,True,35cdaaa950bae189476d8564597a78be5e5e127212cc2c5ea1c6ac2df6b2b954
REF-0043,6,0.75,0.701409,0.786582,0.464053,12,7,2,2,DEVELOPMENT,SYNTHETIC_RESEARCH_FIXTURE,OG-SYNTH-0.3,B1-0.3,build_opus_synthetic_programme_v0_3.py@0.3,20260812,True,e62aa570f919150c8d33143cb0cade4d8b4d2e15045de12aca48ed632ca405b4
REF-0043,7,0.875,0.658173,0.718038,0.531588,22,11,5,5,DEVELOPMENT,SYNTHETIC_RESEARCH_FIXTURE,OG-SYNTH-0.3,B1-0.3,build_opus_synthetic_programme_v0_3.py@0.3,20260812,True,8dae2f31ab9f1b6f4e78c4cd699f4ac9d105efb8bfaf54ee97168e860594cf5a
REF-0043,8,1.0,0.606131,0.660679,0.546798,12,6,4,3,DEVELOPMENT,SYNTHETIC_RESEARCH_FIXTURE,OG-SYNTH-0.3,B1-0.3,build_opus_synthetic_programme_v0_3.py@0.3,20260812,True,9db33bee71e0e4ef8924d5d93f32efc45e085de1047b6869aebb375b9a19711c
REF-0044,1,0.125,0.996953,0.948415,0.173376,0,4,0,2,DEVELOPMENT,SYNTHETIC_RESEARCH_FIXTURE,OG-SYNTH-0.3,B1-0.3,build_opus_synthetic_programme_v0_3.py@0.3,20260812,True,d8d7759e3715b9da85ea220d93b9ab120f0e61675533b800541df03c59e3abc5
REF-0044,2,0.25,0.972993,0.981042,0.16757,7,1,0,1,DEVELOPMENT,SYNTHETIC_RESEARCH_FIXTURE,OG-SYNTH-0.3,B1-0.3,build_opus_synthetic_programme_v0_3.py@0.3,20260812,True,58ea8eee4638298c2cc79cb24888dfa93155fa402cf11e7f60ab85b7562fd525
REF-0044,3,0.375,0.987238,0.93649,0.167977,3,2,2,3,DEVELOPMENT,SYNTHETIC_RESEARCH_FIXTURE,OG-SYNTH-0.3,B1-0.3,build_opus_synthetic_programme_v0_3.py@0.3,20260812,True,035d68f7b774e1b073afadfe69c725d53119d8f0a22d3f191c7a878620d56580
REF-0044,4,0.5,0.954227,0.94815,0.129883,3,2,1,2,DEVELOPMENT,SYNTHETIC_RESEARCH_FIXTURE,OG-SYNTH-0.3,B1-0.3,build_opus_synthetic_programme_v0_3.py@0.3,20260812,True,a99820bcb66fbce31cbcda0d812f42831d98228ef73c80a6c1be9c8a9eeef569
REF-0044,5,0.625,0.908548,0.913051,0.179428,5,2,3,4,DEVELOPMENT,SYNTHETIC_RESEARCH_FIXTURE,OG-SYNTH-0.3,B1-0.3,build_opus_synthetic_programme_v0_3.py@0.3,20260812,True,48849f8bcc1a46b3b6a49c32446c2a8bee8d2122fb3b47607ecf59407c160902
REF-0044,6,0.75,0.880262,0.915218,0.236631,11,1,1,4,DEVELOPMENT,SYNTHETIC_RESEARCH_FIXTURE,OG-SYNTH-0.3,B1-0.3,build_opus_synthetic_programme_v0_3.py@0.3,20260812,True,96e6c51f92fded9540a2c8c14247cea8d8e4d8a9c9917122109b1083c4ddb212
REF-0044,7,0.875,0.90935,0.862284,0.202694,9,2,3,2,DEVELOPMENT,SYNTHETIC_RESEARCH_FIXTURE,OG-SYNTH-0.3,B1-0.3,build_opus_synthetic_programme_v0_3.py@0.3,20260812,True,b6d561d3c605ead7cb610a0a9e869b54c5e4f5cbf0bb4c0f1072b3f8d482611e
REF-0044,8,1.0,0.910591,0.873162,0.251068,8,3,5,1,DEVELOPMENT,SYNTHETIC_RESEARCH_FIXTURE,OG-SYNTH-0.3,B1-0.3,build_opus_synthetic_programme_v0_3.py@0.3,20260812,True,ba3bb5918aa6292398c881799e54bf0897d99c75c1390c164e654122892833a4
REF-0045,1,0.125,1.000543,0.975427,0.303932,4,1,0,3,LOCKED_HOLDOUT,SYNTHETIC_RESEARCH_FIXTURE,OG-SYNTH-0.3,B1-0.3,build_opus_synthetic_programme_v0_3.py@0.3,20260812,True,ab0f7f703351078caa38a337db828e30fd6dff75341bf24cd599b3e6605b89d4
REF-0045,2,0.25,0.989487,0.989126,0.096978,3,1,0,0,LOCKED_HOLDOUT,SYNTHETIC_RESEARCH_FIXTURE,OG-SYNTH-0.3,B1-0.3,build_opus_synthetic_programme_v0_3.py@0.3,20260812,True,a8caf82aefd78f088837548689f3fbc7b264f6aeafc562fdbcf73bfadf4bfa5c
REF-0045,3,0.375,0.926985,0.9778,0.169152,8,0,1,2,LOCKED_HOLDOUT,SYNTHETIC_RESEARCH_FIXTURE,OG-SYNTH-0.3,B1-0.3,build_opus_synthetic_programme_v0_3.py@0.3,20260812,True,797efe52327b9cedd1685e049c86adf309bafc0560bd773c0c39aab931eb5fb0
REF-0045,4,0.5,0.889416,0.9382,0.257051,6,2,5,4,LOCKED_HOLDOUT,SYNTHETIC_RESEARCH_FIXTURE,OG-SYNTH-0.3,B1-0.3,build_opus_synthetic_programme_v0_3.py@0.3,20260812,True,3beb29dd90e96a7ca7897677928b42f3aede4f224ca30358c1dfbec41998824d
REF-0045,5,0.625,0.917051,0.943587,0.23128,10,5,3,0,LOCKED_HOLDOUT,SYNTHETIC_RESEARCH_FIXTURE,OG-SYNTH-0.3,B1-0.3,build_opus_synthetic_programme_v0_3.py@0.3,20260812,True,609137d58299a00b65cab05d9da6a04e4a2508749258611959a6d8fb98652f71
REF-0045,6,0.75,0.87899,0.932964,0.273706,7,3,1,3,LOCKED_HOLDOUT,SYNTHETIC_RESEARCH_FIXTURE,OG-SYNTH-0.3,B1-0.3,build_opus_synthetic_programme_v0_3.py@0.3,20260812,True,dc2ae35a0890658d7ca42d62273a57d848dd5d69032149db7f59f3947ff0abad
REF-0045,7,0.875,0.850008,0.91798,0.223981,9,2,4,0,LOCKED_HOLDOUT,SYNTHETIC_RESEARCH_FIXTURE,OG-SYNTH-0.3,B1-0.3,build_opus_synthetic_programme_v0_3.py@0.3,20260812,True,bbb4226eaa62dd6331f8876ef610b306521d64b01f0b059da1851e73f49460c0
REF-0045,8,1.0,0.82475,0.933043,0.31964,19,5,7,3,LOCKED_HOLDOUT,SYNTHETIC_RESEARCH_FIXTURE,OG-SYNTH-0.3,B1-0.3,build_opus_synthetic_programme_v0_3.py@0.3,20260812,True,e7e11f26d08b7f707cd01811224e260ff9cf2e2a73ebd48a47824b881f857096
REF-0046,1,0.125,0.948494,0.946078,0.162167,2,1,4,0,DEVELOPMENT,SYNTHETIC_RESEARCH_FIXTURE,OG-SYNTH-0.3,B1-0.3,build_opus_synthetic_programme_v0_3.py@0.3,20260812,True,ecdf00f4cf3d6897746af10c8d919e042d53ba208beefffd2faa2152b56f96e7
REF-0046,2,0.25,0.91446,0.960143,0.199635,4,3,2,1,DEVELOPMENT,SYNTHETIC_RESEARCH_FIXTURE,OG-SYNTH-0.3,B1-0.3,build_opus_synthetic_programme_v0_3.py@0.3,20260812,True,545eb1211df942d89c0d1564ba8c517eb00caaec58e2449953adb9ab0b4b2be9
REF-0046,3,0.375,0.96413,0.924725,0.204907,6,1,3,0,DEVELOPMENT,SYNTHETIC_RESEARCH_FIXTURE,OG-SYNTH-0.3,B1-0.3,build_opus_synthetic_programme_v0_3.py@0.3,20260812,True,20fc1414a385e5968d552fd513e2b85a2d1acdab24f98c3ab6e5b6d132e79876
REF-0046,4,0.5,0.851269,0.894643,0.238612,11,1,3,2,DEVELOPMENT,SYNTHETIC_RESEARCH_FIXTURE,OG-SYNTH-0.3,B1-0.3,build_opus_synthetic_programme_v0_3.py@0.3,20260812,True,8f3667ef38bae829bed58fa472f012361cabd28e0eea074c66bf15c0be6a2812
REF-0046,5,0.625,0.855488,0.88837,0.286855,7,2,4,0,DEVELOPMENT,SYNTHETIC_RESEARCH_FIXTURE,OG-SYNTH-0.3,B1-0.3,build_opus_synthetic_programme_v0_3.py@0.3,20260812,True,aeb79961bf91366d1d993b4d53d3f26d61c2454b2e83a16fe4e5cea7d31a0dcf
REF-0046,6,0.75,0.842503,0.860574,0.230158,15,4,6,5,DEVELOPMENT,SYNTHETIC_RESEARCH_FIXTURE,OG-SYNTH-0.3,B1-0.3,build_opus_synthetic_programme_v0_3.py@0.3,20260812,True,bb8f26ed73d445f41b4234db1fa96e6906d0587de2844068d746fa2b9abff0a2
REF-0046,7,0.875,0.840516,0.817696,0.29352,11,2,5,5,DEVELOPMENT,SYNTHETIC_RESEARCH_FIXTURE,OG-SYNTH-0.3,B1-0.3,build_opus_synthetic_programme_v0_3.py@0.3,20260812,True,60bd3963fa1bc880c8e357cdc7d4c4373fb5d392de7752a8f35c0a8a091e84e0
REF-0046,8,1.0,0.783696,0.833222,0.281851,14,2,3,3,DEVELOPMENT,SYNTHETIC_RESEARCH_FIXTURE,OG-SYNTH-0.3,B1-0.3,build_opus_synthetic_programme_v0_3.py@0.3,20260812,True,7843f09759dad40e3f2982829ea717792bb0e06aa221a876481988bcb4c661de
REF-0047,1,0.125,0.993072,0.951697,0.238993,1,0,1,0,DEVELOPMENT,SYNTHETIC_RESEARCH_FIXTURE,OG-SYNTH-0.3,B1-0.3,build_opus_synthetic_programme_v0_3.py@0.3,20260812,True,bb9121413f3170f235bf8df28c1e2dc244fc8992ee3421b1976a7fe7aa59262f
REF-0047,2,0.25,0.888789,0.982993,0.219787,6,0,4,1,DEVELOPMENT,SYNTHETIC_RESEARCH_FIXTURE,OG-SYNTH-0.3,B1-0.3,build_opus_synthetic_programme_v0_3.py@0.3,20260812,True,61e7011b221ca4425908f1635e73b33276ee66a7d9cc455932ed91d152c8705f
REF-0047,3,0.375,0.891272,0.942758,0.269304,6,5,1,1,DEVELOPMENT,SYNTHETIC_RESEARCH_FIXTURE,OG-SYNTH-0.3,B1-0.3,build_opus_synthetic_programme_v0_3.py@0.3,20260812,True,01c53970608eb362f094606886c7361d936332f06874d6aaa82f3e25a48aedd9
REF-0047,4,0.5,0.916062,0.868149,0.239465,10,3,3,3,DEVELOPMENT,SYNTHETIC_RESEARCH_FIXTURE,OG-SYNTH-0.3,B1-0.3,build_opus_synthetic_programme_v0_3.py@0.3,20260812,True,bb2442e65873bbcef7793028764e1ff00a64d0a6e06220e4274b41b04adb54e6
REF-0047,5,0.625,0.840866,0.889007,0.232417,9,2,9,1,DEVELOPMENT,SYNTHETIC_RESEARCH_FIXTURE,OG-SYNTH-0.3,B1-0.3,build_opus_synthetic_programme_v0_3.py@0.3,20260812,True,95677cdb4509929e8d53941f7e0dc786e87c09cb9f511f9e6a0aa26e55f96451
REF-0047,6,0.75,0.800999,0.887513,0.224427,11,3,5,0,DEVELOPMENT,SYNTHETIC_RESEARCH_FIXTURE,OG-SYNTH-0.3,B1-0.3,build_opus_synthetic_programme_v0_3.py@0.3,20260812,True,9f755800e890e23aa594dc09d8bc365583b36f5e8212519627e26880e2897e8f
REF-0047,7,0.875,0.797253,0.841315,0.25183,11,4,5,4,DEVELOPMENT,SYNTHETIC_RESEARCH_FIXTURE,OG-SYNTH-0.3,B1-0.3,build_opus_synthetic_programme_v0_3.py@0.3,20260812,True,c456264a1092261b979b467843a71e942bc53b9582aa69295ef67f46d92b960d
REF-0047,8,1.0,0.746031,0.769448,0.32981,10,9,2,5,DEVELOPMENT,SYNTHETIC_RESEARCH_FIXTURE,OG-SYNTH-0.3,B1-0.3,build_opus_synthetic_programme_v0_3.py@0.3,20260812,True,723a5d6019e664ac0302f32acc10cf923a0636b2f9a80f6fd54e7d2de7d24c6e
REF-0048,1,0.125,0.980582,0.956478,0.152585,2,0,0,1,DEVELOPMENT,SYNTHETIC_RESEARCH_FIXTURE,OG-SYNTH-0.3,B1-0.3,build_opus_synthetic_programme_v0_3.py@0.3,20260812,True,71ee97bc19b276d1dbd8ec512ea79292698d80a82e1b9d286a6c7ebd6265b5ae
REF-0048,2,0.25,0.960458,0.925906,0.181649,2,0,0,1,DEVELOPMENT,SYNTHETIC_RESEARCH_FIXTURE,OG-SYNTH-0.3,B1-0.3,build_opus_synthetic_programme_v0_3.py@0.3,20260812,True,80ded8a8e3272128a35114801c4088965ce3844727dc961e5b4e57b0e4700655
REF-0048,3,0.375,0.976726,0.964056,0.212463,3,2,4,0,DEVELOPMENT,SYNTHETIC_RESEARCH_FIXTURE,OG-SYNTH-0.3,B1-0.3,build_opus_synthetic_programme_v0_3.py@0.3,20260812,True,f64e8abe6e5d0ef06735bd4f88a2a1d21079a18478a3ac1ae0469ca05e745e11
REF-0048,4,0.5,0.980051,0.991692,0.198318,5,3,2,2,DEVELOPMENT,SYNTHETIC_RESEARCH_FIXTURE,OG-SYNTH-0.3,B1-0.3,build_opus_synthetic_programme_v0_3.py@0.3,20260812,True,a277ae767467214148af80c5bd0b8bd8f454c4e4d68e7c95d1415e27a28a651b
REF-0048,5,0.625,0.95858,0.944898,0.203488,4,0,2,1,DEVELOPMENT,SYNTHETIC_RESEARCH_FIXTURE,OG-SYNTH-0.3,B1-0.3,build_opus_synthetic_programme_v0_3.py@0.3,20260812,True,0e94e149b1124b4dc6300d87754a4b1f639006ea92034b87ff7a4a54c1acf838
REF-0048,6,0.75,0.977345,0.892409,0.251446,4,2,0,0,DEVELOPMENT,SYNTHETIC_RESEARCH_FIXTURE,OG-SYNTH-0.3,B1-0.3,build_opus_synthetic_programme_v0_3.py@0.3,20260812,True,c39472ffe3001fe0c9188f57164df2dddb7d7dca079387429b9524226ecad45b
REF-0048,7,0.875,0.903676,0.936158,0.235257,6,2,3,0,DEVELOPMENT,SYNTHETIC_RESEARCH_FIXTURE,OG-SYNTH-0.3,B1-0.3,build_opus_synthetic_programme_v0_3.py@0.3,20260812,True,8977093d0e10e9b21e157630574996e7efbca7486db888c219668a6dc12f7bba
REF-0048,8,1.0,0.914692,0.920003,0.163788,5,1,4,1,DEVELOPMENT,SYNTHETIC_RESEARCH_FIXTURE,OG-SYNTH-0.3,B1-0.3,build_opus_synthetic_programme_v0_3.py@0.3,20260812,True,98e3f34568fc87af708b0a202529337c97ac71c30c4381faad5eed78807a0ed7
REF-0049,1,0.125,1.023631,0.981415,0.118409,1,2,2,0,LOCKED_HOLDOUT,SYNTHETIC_RESEARCH_FIXTURE,OG-SYNTH-0.3,B1-0.3,build_opus_synthetic_programme_v0_3.py@0.3,20260812,True,fe0f40d8dca1d87513f7aff4e2e738766434d6c9f6223aea93ec56317226c784
REF-0049,2,0.25,0.956666,1.025403,0.170757,2,2,4,1,LOCKED_HOLDOUT,SYNTHETIC_RESEARCH_FIXTURE,OG-SYNTH-0.3,B1-0.3,build_opus_synthetic_programme_v0_3.py@0.3,20260812,True,02d5c35cf87bde7f0cb331e478e2e0b7fff668076f911b8bc005f24724aed3cb
REF-0049,3,0.375,0.941559,1.025584,0.165128,4,3,2,1,LOCKED_HOLDOUT,SYNTHETIC_RESEARCH_FIXTURE,OG-SYNTH-0.3,B1-0.3,build_opus_synthetic_programme_v0_3.py@0.3,20260812,True,95ad6f6fd8bffaa6ce65182aab3cdf37fd95ffb24c0936676feeec0690ff0bc4
REF-0049,4,0.5,0.882422,1.057713,0.202108,4,3,2,1,LOCKED_HOLDOUT,SYNTHETIC_RESEARCH_FIXTURE,OG-SYNTH-0.3,B1-0.3,build_opus_synthetic_programme_v0_3.py@0.3,20260812,True,093784bd0c4e7770db6e92a876beb3919588d546a9b13564fca3ba39e402e444
REF-0049,5,0.625,0.924198,1.030204,0.259468,12,1,0,0,LOCKED_HOLDOUT,SYNTHETIC_RESEARCH_FIXTURE,OG-SYNTH-0.3,B1-0.3,build_opus_synthetic_programme_v0_3.py@0.3,20260812,True,2f294070c36d4cfc8dec81b092780fb1c843b15d0d369665e46b333e9340a0a7
REF-0049,6,0.75,0.885102,1.019799,0.176159,4,2,2,1,LOCKED_HOLDOUT,SYNTHETIC_RESEARCH_FIXTURE,OG-SYNTH-0.3,B1-0.3,build_opus_synthetic_programme_v0_3.py@0.3,20260812,True,f21f9e300f2aaddc4a1aa2fc763b82780d0d5663fe3c037e69b16a53c37b9975
REF-0049,7,0.875,0.891862,0.997127,0.231321,4,4,2,1,LOCKED_HOLDOUT,SYNTHETIC_RESEARCH_FIXTURE,OG-SYNTH-0.3,B1-0.3,build_opus_synthetic_programme_v0_3.py@0.3,20260812,True,706a68561e6dc08ebc9ec234bca9374ab38f82f606b0db373546ccec95fd9ffd
REF-0049,8,1.0,0.882598,1.00985,0.212078,8,3,1,0,LOCKED_HOLDOUT,SYNTHETIC_RESEARCH_FIXTURE,OG-SYNTH-0.3,B1-0.3,build_opus_synthetic_programme_v0_3.py@0.3,20260812,True,d0b4782aef0ac3128a711aefa3d78861156172a06ac6e5c1b417cae20808787c
REF-0050,1,0.125,0.974518,0.962276,0.121802,1,0,1,0,DEVELOPMENT,SYNTHETIC_RESEARCH_FIXTURE,OG-SYNTH-0.3,B1-0.3,build_opus_synthetic_programme_v0_3.py@0.3,20260812,True,bfd79345a23b6dbac7afb6b02bcc3f716f57142c9d1ed870f732616f7f629b8f
REF-0050,2,0.25,0.936057,0.964775,0.098331,4,2,3,0,DEVELOPMENT,SYNTHETIC_RESEARCH_FIXTURE,OG-SYNTH-0.3,B1-0.3,build_opus_synthetic_programme_v0_3.py@0.3,20260812,True,0ea9097ae9ce5bdcd2c1da6ef9b9cbfa1ea8b606b425b6c600ee640589b6206b
REF-0050,3,0.375,0.965886,0.96106,0.143542,6,0,3,3,DEVELOPMENT,SYNTHETIC_RESEARCH_FIXTURE,OG-SYNTH-0.3,B1-0.3,build_opus_synthetic_programme_v0_3.py@0.3,20260812,True,056b3892d9539a83c58263c51ed57165b92773803c58ddef64325ba9cea10cd3
REF-0050,4,0.5,0.94687,0.973299,0.265042,7,2,1,3,DEVELOPMENT,SYNTHETIC_RESEARCH_FIXTURE,OG-SYNTH-0.3,B1-0.3,build_opus_synthetic_programme_v0_3.py@0.3,20260812,True,add26380fff5a5758dbddc3adcf9f241a99cefbb1f1fe6df344c9dd03f0e00de
REF-0050,5,0.625,0.91487,0.865333,0.223943,4,1,4,2,DEVELOPMENT,SYNTHETIC_RESEARCH_FIXTURE,OG-SYNTH-0.3,B1-0.3,build_opus_synthetic_programme_v0_3.py@0.3,20260812,True,54ee722b943d2cfe5daafb3db53ecc400c1d00a8669e658e81a8e38e80a8b821
REF-0050,6,0.75,0.910219,0.880213,0.265877,11,2,0,2,DEVELOPMENT,SYNTHETIC_RESEARCH_FIXTURE,OG-SYNTH-0.3,B1-0.3,build_opus_synthetic_programme_v0_3.py@0.3,20260812,True,93d5d6d0f5b379050c424899979a296dc607f513fc54d28f5c8567f23bdf9491
REF-0050,7,0.875,0.899497,0.893937,0.260813,13,3,2,5,DEVELOPMENT,SYNTHETIC_RESEARCH_FIXTURE,OG-SYNTH-0.3,B1-0.3,build_opus_synthetic_programme_v0_3.py@0.3,20260812,True,ebe650b7a811f72c6f9b75220097cc97fbb455d73fe51829db37ea10279643c4
REF-0050,8,1.0,0.851176,0.875347,0.255899,11,3,8,2,DEVELOPMENT,SYNTHETIC_RESEARCH_FIXTURE,OG-SYNTH-0.3,B1-0.3,build_opus_synthetic_programme_v0_3.py@0.3,20260812,True,dcc6e3e343550627038cfeca50f830cb34ef1d34a20ffc3525b2aa16c00c7365
REF-0051,1,0.125,0.953582,0.931094,0.189897,4,0,0,2,VALIDATION,SYNTHETIC_RESEARCH_FIXTURE,OG-SYNTH-0.3,B1-0.3,build_opus_synthetic_programme_v0_3.py@0.3,20260812,True,b90bf321b84d6c609bd37929f3ff3bf02b0cdb4b424f520887ff01262c444482
REF-0051,2,0.25,0.905456,0.903628,0.292246,3,1,3,0,VALIDATION,SYNTHETIC_RESEARCH_FIXTURE,OG-SYNTH-0.3,B1-0.3,build_opus_synthetic_programme_v0_3.py@0.3,20260812,True,4eb20d98e90a56d0a3b1751874f76c5bb466f46329c531092b5ade084db0b8d1
REF-0051,3,0.375,0.865897,0.856313,0.183489,10,3,2,3,VALIDATION,SYNTHETIC_RESEARCH_FIXTURE,OG-SYNTH-0.3,B1-0.3,build_opus_synthetic_programme_v0_3.py@0.3,20260812,True,8a4434516f0a0c8c68517b5602512a0a26e77db7f27e5d2ce246e6db29218266
REF-0051,4,0.5,0.843736,0.740302,0.294327,4,3,0,2,VALIDATION,SYNTHETIC_RESEARCH_FIXTURE,OG-SYNTH-0.3,B1-0.3,build_opus_synthetic_programme_v0_3.py@0.3,20260812,True,f1368213b2e41bbedb04d65c8b97fd8930672cd8cdcfaa9f5ad632146a17cabe
REF-0051,5,0.625,0.772333,0.745749,0.370975,16,6,3,4,VALIDATION,SYNTHETIC_RESEARCH_FIXTURE,OG-SYNTH-0.3,B1-0.3,build_opus_synthetic_programme_v0_3.py@0.3,20260812,True,748e22ca3e325005c2ad95007d556c3e08f96f7b4d2deae0f570255127f97a49
REF-0051,6,0.75,0.778088,0.761501,0.381774,13,4,3,8,VALIDATION,SYNTHETIC_RESEARCH_FIXTURE,OG-SYNTH-0.3,B1-0.3,build_opus_synthetic_programme_v0_3.py@0.3,20260812,True,f468fa80b6fbe3ed2f75751e9f178194f4b123cfda5709be7aaebd68415ffa42
REF-0051,7,0.875,0.681622,0.714946,0.466571,13,5,4,5,VALIDATION,SYNTHETIC_RESEARCH_FIXTURE,OG-SYNTH-0.3,B1-0.3,build_opus_synthetic_programme_v0_3.py@0.3,20260812,True,19724195fc900df8468425a4b0a9c441e8e25f8ff3ae144848103bfeb42de3c0
REF-0051,8,1.0,0.639053,0.571382,0.442358,12,8,6,7,VALIDATION,SYNTHETIC_RESEARCH_FIXTURE,OG-SYNTH-0.3,B1-0.3,build_opus_synthetic_programme_v0_3.py@0.3,20260812,True,ea22a715667ab127241bcf52ad929ad64f6824dd932919b41560bf4b23936702
REF-0052,1,0.125,1.024287,0.968718,0.161193,1,3,0,2,LOCKED_HOLDOUT,SYNTHETIC_RESEARCH_FIXTURE,OG-SYNTH-0.3,B1-0.3,build_opus_synthetic_programme_v0_3.py@0.3,20260812,True,5345952c3d6f282f009e825f638524fb5502a36da12df511ddfe1d759be3d4e4
REF-0052,2,0.25,1.017083,0.979185,0.144203,7,0,0,2,LOCKED_HOLDOUT,SYNTHETIC_RESEARCH_FIXTURE,OG-SYNTH-0.3,B1-0.3,build_opus_synthetic_programme_v0_3.py@0.3,20260812,True,fbb5fbcab808c130c81e8e0290544048f02b3e31c080e639c07aee32bc9b3ac0
REF-0052,3,0.375,0.971221,0.996364,0.155374,2,3,2,1,LOCKED_HOLDOUT,SYNTHETIC_RESEARCH_FIXTURE,OG-SYNTH-0.3,B1-0.3,build_opus_synthetic_programme_v0_3.py@0.3,20260812,True,e54c159a473a51dedff8922688bd51d87c074b190d9c9406f4beab98f75b917b
REF-0052,4,0.5,0.945539,0.92985,0.218567,5,1,1,0,LOCKED_HOLDOUT,SYNTHETIC_RESEARCH_FIXTURE,OG-SYNTH-0.3,B1-0.3,build_opus_synthetic_programme_v0_3.py@0.3,20260812,True,c8fccbe2921c0301cb77544eaa044f7357b9739ec96c63a37f33e164e7d52115
REF-0052,5,0.625,0.929316,0.943735,0.148928,2,2,2,1,LOCKED_HOLDOUT,SYNTHETIC_RESEARCH_FIXTURE,OG-SYNTH-0.3,B1-0.3,build_opus_synthetic_programme_v0_3.py@0.3,20260812,True,1be9a086dee19953a25d9d0b687a891abba7c4900c726a678d5a581ad9f8f6ad
REF-0052,6,0.75,0.894766,0.860755,0.179443,5,5,1,1,LOCKED_HOLDOUT,SYNTHETIC_RESEARCH_FIXTURE,OG-SYNTH-0.3,B1-0.3,build_opus_synthetic_programme_v0_3.py@0.3,20260812,True,b506cd28caa8d3ffe5fb3864ef385728a56fdfdf9a85c3ba4be88c5d40b294bc
REF-0052,7,0.875,0.938557,0.937479,0.230919,6,3,2,3,LOCKED_HOLDOUT,SYNTHETIC_RESEARCH_FIXTURE,OG-SYNTH-0.3,B1-0.3,build_opus_synthetic_programme_v0_3.py@0.3,20260812,True,3afbc3b6a4beb377bbe9dfef2b3806b39961a1b909325559fe1fe21c20109a14
REF-0052,8,1.0,0.895923,0.920845,0.208053,10,1,2,3,LOCKED_HOLDOUT,SYNTHETIC_RESEARCH_FIXTURE,OG-SYNTH-0.3,B1-0.3,build_opus_synthetic_programme_v0_3.py@0.3,20260812,True,0957a08b1fd4bb33449f0dfd6c6161dd2faa7f3057ad5dba0ea9bfa9a4f4a3d6
REF-0053,1,0.125,0.984117,0.983385,0.175161,6,2,1,1,DEVELOPMENT,SYNTHETIC_RESEARCH_FIXTURE,OG-SYNTH-0.3,B1-0.3,build_opus_synthetic_programme_v0_3.py@0.3,20260812,True,c17966dfa955473d2f7fa6e5f061f2f8b1f332696593c2009b6c0f881c356b72
REF-0053,2,0.25,0.964554,0.953825,0.234997,3,2,1,0,DEVELOPMENT,SYNTHETIC_RESEARCH_FIXTURE,OG-SYNTH-0.3,B1-0.3,build_opus_synthetic_programme_v0_3.py@0.3,20260812,True,6c80fd3f667e9560f71bd2bd7c95ed1a1c8ee8cc23e45f216aab7820d837f1d1
REF-0053,3,0.375,0.928613,0.950671,0.214468,5,1,2,3,DEVELOPMENT,SYNTHETIC_RESEARCH_FIXTURE,OG-SYNTH-0.3,B1-0.3,build_opus_synthetic_programme_v0_3.py@0.3,20260812,True,efcd7d709743341f75b57a032ceadac8387cfd57fa483332cf924fd1c724204c
REF-0053,4,0.5,0.915006,0.936808,0.217195,6,1,1,1,DEVELOPMENT,SYNTHETIC_RESEARCH_FIXTURE,OG-SYNTH-0.3,B1-0.3,build_opus_synthetic_programme_v0_3.py@0.3,20260812,True,cfa2c9ae38ae57f37d2551196664059e27661444c9a828024a25dba61f864cd1
REF-0053,5,0.625,0.900314,0.932003,0.233937,6,4,3,1,DEVELOPMENT,SYNTHETIC_RESEARCH_FIXTURE,OG-SYNTH-0.3,B1-0.3,build_opus_synthetic_programme_v0_3.py@0.3,20260812,True,6f9df9d0d7e392c1021049158539ed97311708b4b15b5b07a5e069a516d16fbf
REF-0053,6,0.75,0.843961,0.870152,0.242415,9,3,1,3,DEVELOPMENT,SYNTHETIC_RESEARCH_FIXTURE,OG-SYNTH-0.3,B1-0.3,build_opus_synthetic_programme_v0_3.py@0.3,20260812,True,92c6463962679d5df2108e4c7006574ed6156d151e6176885feb0bd4eba45ea1
REF-0053,7,0.875,0.81943,0.875575,0.335709,8,2,3,3,DEVELOPMENT,SYNTHETIC_RESEARCH_FIXTURE,OG-SYNTH-0.3,B1-0.3,build_opus_synthetic_programme_v0_3.py@0.3,20260812,True,672df3f9ccc005f3b6743cde549cc2a7c64fb68b2f1263e87ebcf84a9fd888fa
REF-0053,8,1.0,0.785501,0.837401,0.27206,12,3,3,0,DEVELOPMENT,SYNTHETIC_RESEARCH_FIXTURE,OG-SYNTH-0.3,B1-0.3,build_opus_synthetic_programme_v0_3.py@0.3,20260812,True,47812d3eda2229b78cbba40295910d26704c4237df55f8eaa8d90fc05c53290b
REF-0054,1,0.125,0.959405,1.009548,0.230554,5,0,1,0,DEVELOPMENT,SYNTHETIC_RESEARCH_FIXTURE,OG-SYNTH-0.3,B1-0.3,build_opus_synthetic_programme_v0_3.py@0.3,20260812,True,6e23fa8aaf03c0428d961ab879b4e55e9c5b06249ab33c693ad4721744bce900
REF-0054,2,0.25,0.954269,1.010963,0.12034,5,3,1,0,DEVELOPMENT,SYNTHETIC_RESEARCH_FIXTURE,OG-SYNTH-0.3,B1-0.3,build_opus_synthetic_programme_v0_3.py@0.3,20260812,True,951c34620b8dd00a835fa389e2fd5c1952117100dd3c817cfd33c072353f6018
REF-0054,3,0.375,0.907876,1.047221,0.153231,5,4,2,1,DEVELOPMENT,SYNTHETIC_RESEARCH_FIXTURE,OG-SYNTH-0.3,B1-0.3,build_opus_synthetic_programme_v0_3.py@0.3,20260812,True,a72e06fc3a60abafeb8db98275c453df99dbda8feeebc8d986db1786513c4e1a
REF-0054,4,0.5,0.888365,1.005264,0.206173,9,2,5,1,DEVELOPMENT,SYNTHETIC_RESEARCH_FIXTURE,OG-SYNTH-0.3,B1-0.3,build_opus_synthetic_programme_v0_3.py@0.3,20260812,True,5d592ac31a4d380a0f545da18944296a55bb788fee3fe15465d264c86c58e51e
REF-0054,5,0.625,0.8757,1.024693,0.163539,7,3,7,1,DEVELOPMENT,SYNTHETIC_RESEARCH_FIXTURE,OG-SYNTH-0.3,B1-0.3,build_opus_synthetic_programme_v0_3.py@0.3,20260812,True,6415842cffe4564065c3eca6eb1800eadc9e2b93ae2d0114ff20c6e2e2227c8a
REF-0054,6,0.75,0.899914,1.015996,0.26014,5,2,5,0,DEVELOPMENT,SYNTHETIC_RESEARCH_FIXTURE,OG-SYNTH-0.3,B1-0.3,build_opus_synthetic_programme_v0_3.py@0.3,20260812,True,1bbbccbc279513843ff0af8bd671349a75762f495e5e23e030e1aa4bb11dce6f
REF-0054,7,0.875,0.871824,0.962731,0.214162,12,4,4,1,DEVELOPMENT,SYNTHETIC_RESEARCH_FIXTURE,OG-SYNTH-0.3,B1-0.3,build_opus_synthetic_programme_v0_3.py@0.3,20260812,True,f8b448b07145d4dc3ef616f7bd9907704c91f51caebc319c6115e42dd9e6feaa
REF-0054,8,1.0,0.863338,1.024187,0.20735,20,0,2,1,DEVELOPMENT,SYNTHETIC_RESEARCH_FIXTURE,OG-SYNTH-0.3,B1-0.3,build_opus_synthetic_programme_v0_3.py@0.3,20260812,True,29e213b78e822688b4458da058e1671d686cfbf7e974eed318dd1cc8ae3ec749
REF-0055,1,0.125,0.981985,0.962111,0.132908,4,0,1,1,LOCKED_HOLDOUT,SYNTHETIC_RESEARCH_FIXTURE,OG-SYNTH-0.3,B1-0.3,build_opus_synthetic_programme_v0_3.py@0.3,20260812,True,e69b8894baa8d768b119b2b4c3f0785d21e1ed1fd9469aacdadbfbc3d17ef8c6
REF-0055,2,0.25,0.93804,0.957812,0.222528,5,0,5,4,LOCKED_HOLDOUT,SYNTHETIC_RESEARCH_FIXTURE,OG-SYNTH-0.3,B1-0.3,build_opus_synthetic_programme_v0_3.py@0.3,20260812,True,728a50499510e2c84eeae00182e8bf703f6c254279bdc02d5daad62d3d9de865
REF-0055,3,0.375,0.88107,0.90219,0.243216,10,2,2,1,LOCKED_HOLDOUT,SYNTHETIC_RESEARCH_FIXTURE,OG-SYNTH-0.3,B1-0.3,build_opus_synthetic_programme_v0_3.py@0.3,20260812,True,b877bc9deb3a1642b57d842187f6329c6b5b6bd531abaddcbe3e8b8eb37c0e45
REF-0055,4,0.5,0.885393,0.888123,0.221896,8,1,6,2,LOCKED_HOLDOUT,SYNTHETIC_RESEARCH_FIXTURE,OG-SYNTH-0.3,B1-0.3,build_opus_synthetic_programme_v0_3.py@0.3,20260812,True,68a143af86e490faf5aada664d2712cc1d5cbcd9aa870460c1c6626f64a66b19
REF-0055,5,0.625,0.873702,0.855324,0.217447,12,3,3,2,LOCKED_HOLDOUT,SYNTHETIC_RESEARCH_FIXTURE,OG-SYNTH-0.3,B1-0.3,build_opus_synthetic_programme_v0_3.py@0.3,20260812,True,2ff353a8b98dc600cf7c6ad6fca8d3c5518c6d902cc78b1fed9f51cd7fb933f2
REF-0055,6,0.75,0.887061,0.836766,0.237881,8,4,4,5,LOCKED_HOLDOUT,SYNTHETIC_RESEARCH_FIXTURE,OG-SYNTH-0.3,B1-0.3,build_opus_synthetic_programme_v0_3.py@0.3,20260812,True,b49122d09a951abec710dbec18935bd8e83511ec13694f715b3759f48091b9ab
REF-0055,7,0.875,0.851581,0.737692,0.373822,14,4,3,7,LOCKED_HOLDOUT,SYNTHETIC_RESEARCH_FIXTURE,OG-SYNTH-0.3,B1-0.3,build_opus_synthetic_programme_v0_3.py@0.3,20260812,True,9f00bbe035c95d2a3f7eff385c725feba4f42ea682b3f560273625a00eb39e1b
REF-0055,8,1.0,0.840621,0.802586,0.34622,14,3,8,2,LOCKED_HOLDOUT,SYNTHETIC_RESEARCH_FIXTURE,OG-SYNTH-0.3,B1-0.3,build_opus_synthetic_programme_v0_3.py@0.3,20260812,True,a708cbdfbee9fcc808df4dc33f3cf90de318179024d4e11dace17f537d2384d8
REF-0056,1,0.125,1.022679,0.969314,0.134646,3,0,2,0,DEVELOPMENT,SYNTHETIC_RESEARCH_FIXTURE,OG-SYNTH-0.3,B1-0.3,build_opus_synthetic_programme_v0_3.py@0.3,20260812,True,8ec3c2fd99f3bda6b519219d4e14671fd8af173505176c26971d45fcb4fc2093
REF-0056,2,0.25,0.958755,1.017736,0.098535,5,1,0,3,DEVELOPMENT,SYNTHETIC_RESEARCH_FIXTURE,OG-SYNTH-0.3,B1-0.3,build_opus_synthetic_programme_v0_3.py@0.3,20260812,True,5cb560675ca589a183e2b91216b962d4276ee21bc47242f0780f003ce93409f8
REF-0056,3,0.375,0.99356,0.982693,0.063566,5,4,3,1,DEVELOPMENT,SYNTHETIC_RESEARCH_FIXTURE,OG-SYNTH-0.3,B1-0.3,build_opus_synthetic_programme_v0_3.py@0.3,20260812,True,4a8848ee5bb7eb90276ddeaf92739663f09f8877984c4065e78109e051c2493e
REF-0056,4,0.5,0.963233,0.942373,0.260484,3,1,1,0,DEVELOPMENT,SYNTHETIC_RESEARCH_FIXTURE,OG-SYNTH-0.3,B1-0.3,build_opus_synthetic_programme_v0_3.py@0.3,20260812,True,29c81d090bb4f95248ed4e0d99a8429260fc760a6828242c853c7f267713750b
REF-0056,5,0.625,0.872141,0.946874,0.214005,6,3,2,2,DEVELOPMENT,SYNTHETIC_RESEARCH_FIXTURE,OG-SYNTH-0.3,B1-0.3,build_opus_synthetic_programme_v0_3.py@0.3,20260812,True,29a8aaffac60a05073770b81b01f7d8aeef3e5a84293bc549f2e289abfdd9da8
REF-0056,6,0.75,0.866258,0.899379,0.186875,6,2,3,1,DEVELOPMENT,SYNTHETIC_RESEARCH_FIXTURE,OG-SYNTH-0.3,B1-0.3,build_opus_synthetic_programme_v0_3.py@0.3,20260812,True,ecb264c068189f50b0b983fd34863b8e45f18b164660d27053ad6bf6e373e4e3
REF-0056,7,0.875,0.896114,0.900719,0.258099,8,1,12,4,DEVELOPMENT,SYNTHETIC_RESEARCH_FIXTURE,OG-SYNTH-0.3,B1-0.3,build_opus_synthetic_programme_v0_3.py@0.3,20260812,True,a83f9548f31f5676afb4a550ba66aee29e5961781a8924a33fc3071fdc8b0345
REF-0056,8,1.0,0.879927,0.917512,0.249091,8,3,6,0,DEVELOPMENT,SYNTHETIC_RESEARCH_FIXTURE,OG-SYNTH-0.3,B1-0.3,build_opus_synthetic_programme_v0_3.py@0.3,20260812,True,80fb129d6eaed20a49741f62fe03ce11b7f0f30eaca9f618688b33172d218698
REF-0057,1,0.125,1.005907,1.007053,0.100578,1,2,2,3,DEVELOPMENT,SYNTHETIC_RESEARCH_FIXTURE,OG-SYNTH-0.3,B1-0.3,build_opus_synthetic_programme_v0_3.py@0.3,20260812,True,ee98d9c0312405af704788f42e6a9d9d8d24f5cf2f71e81ecb2e925e23dc407c
REF-0057,2,0.25,1.010751,0.988032,0.255719,2,1,2,2,DEVELOPMENT,SYNTHETIC_RESEARCH_FIXTURE,OG-SYNTH-0.3,B1-0.3,build_opus_synthetic_programme_v0_3.py@0.3,20260812,True,2652aeb8af5703212ddb02755dccc31763cd18ba04947f1676c81d431892b826
REF-0057,3,0.375,0.942011,0.958628,0.173859,3,3,3,1,DEVELOPMENT,SYNTHETIC_RESEARCH_FIXTURE,OG-SYNTH-0.3,B1-0.3,build_opus_synthetic_programme_v0_3.py@0.3,20260812,True,0e5ce8fe30eb531d7734763938dd6d44c0db41d59a48f504f1c8a828e52da0b9
REF-0057,4,0.5,0.93983,0.884874,0.178788,6,1,1,2,DEVELOPMENT,SYNTHETIC_RESEARCH_FIXTURE,OG-SYNTH-0.3,B1-0.3,build_opus_synthetic_programme_v0_3.py@0.3,20260812,True,f0ee5423d90e7d7ba0af55c0fd415c3b578958949eff75cde31ff2923c74b355
REF-0057,5,0.625,0.964914,0.899885,0.20337,7,3,0,2,DEVELOPMENT,SYNTHETIC_RESEARCH_FIXTURE,OG-SYNTH-0.3,B1-0.3,build_opus_synthetic_programme_v0_3.py@0.3,20260812,True,52fd36f800389576a3af0cf80cce6f9cdd21d669eff2ab99da9898ebc3516f26
REF-0057,6,0.75,0.899855,0.908646,0.248873,4,2,2,2,DEVELOPMENT,SYNTHETIC_RESEARCH_FIXTURE,OG-SYNTH-0.3,B1-0.3,build_opus_synthetic_programme_v0_3.py@0.3,20260812,True,fa371cbe0133d0b4788ce264f9526a86cbfd0b88c133f9b0f6de513c785d9864
REF-0057,7,0.875,0.930961,0.877095,0.204339,5,1,4,2,DEVELOPMENT,SYNTHETIC_RESEARCH_FIXTURE,OG-SYNTH-0.3,B1-0.3,build_opus_synthetic_programme_v0_3.py@0.3,20260812,True,ad62d94e73298734897c9779b546eeb7ddd125a00a1b4bdb86e1423a7903066b
REF-0057,8,1.0,0.868097,0.855268,0.201299,6,1,2,4,DEVELOPMENT,SYNTHETIC_RESEARCH_FIXTURE,OG-SYNTH-0.3,B1-0.3,build_opus_synthetic_programme_v0_3.py@0.3,20260812,True,1669b088845d22b30468b67b2ba8415fed51a6f6030d48b0d611292dbbf71b30
REF-0058,1,0.125,0.979548,0.974113,0.209464,3,1,0,3,DEVELOPMENT,SYNTHETIC_RESEARCH_FIXTURE,OG-SYNTH-0.3,B1-0.3,build_opus_synthetic_programme_v0_3.py@0.3,20260812,True,bd9f0b2c7827df2fcd04fd3cffcc24e23de20b901aa5e9ff302cd49ad088d5c2
REF-0058,2,0.25,0.99833,0.934739,0.165524,4,1,3,1,DEVELOPMENT,SYNTHETIC_RESEARCH_FIXTURE,OG-SYNTH-0.3,B1-0.3,build_opus_synthetic_programme_v0_3.py@0.3,20260812,True,1db989e2c48f4c53dc33feade7538e00669c680b6f63dd40fef742f8fdd9acb3
REF-0058,3,0.375,1.001128,0.919049,0.192474,10,1,1,0,DEVELOPMENT,SYNTHETIC_RESEARCH_FIXTURE,OG-SYNTH-0.3,B1-0.3,build_opus_synthetic_programme_v0_3.py@0.3,20260812,True,6c8fb07700c46a803add10c290d6f490c2a1cf72587411ef90af3e7186ac764e
REF-0058,4,0.5,0.939666,0.849359,0.213363,8,1,1,4,DEVELOPMENT,SYNTHETIC_RESEARCH_FIXTURE,OG-SYNTH-0.3,B1-0.3,build_opus_synthetic_programme_v0_3.py@0.3,20260812,True,242aeb54648520321a2528a605d31954f4e758423dc84bee8db3ca75d700325a
REF-0058,5,0.625,0.993586,0.865899,0.344407,10,1,1,3,DEVELOPMENT,SYNTHETIC_RESEARCH_FIXTURE,OG-SYNTH-0.3,B1-0.3,build_opus_synthetic_programme_v0_3.py@0.3,20260812,True,e84e4fe4c009b6caac161aa447eb0c5007ec748ac7dc531069060fe2ea96b2be
REF-0058,6,0.75,0.957596,0.779288,0.314263,8,2,6,3,DEVELOPMENT,SYNTHETIC_RESEARCH_FIXTURE,OG-SYNTH-0.3,B1-0.3,build_opus_synthetic_programme_v0_3.py@0.3,20260812,True,97427e8e694db06e0cfe1bd53bd2126399498f91c888f3ef42df7e4cd9333bab
REF-0058,7,0.875,1.002488,0.784719,0.312565,20,3,1,3,DEVELOPMENT,SYNTHETIC_RESEARCH_FIXTURE,OG-SYNTH-0.3,B1-0.3,build_opus_synthetic_programme_v0_3.py@0.3,20260812,True,9aef8d57c309da6d4bd46cf3c1f4381259314717d96eac1667495ab05c185548
REF-0058,8,1.0,0.969098,0.752303,0.281901,16,1,8,4,DEVELOPMENT,SYNTHETIC_RESEARCH_FIXTURE,OG-SYNTH-0.3,B1-0.3,build_opus_synthetic_programme_v0_3.py@0.3,20260812,True,25bf04857619e8dcda55700a1ccd1405d07f7a1250df04d4e7f92c1fc5059452
REF-0059,1,0.125,0.987796,0.976028,0.163671,5,0,0,1,LOCKED_HOLDOUT,SYNTHETIC_RESEARCH_FIXTURE,OG-SYNTH-0.3,B1-0.3,build_opus_synthetic_programme_v0_3.py@0.3,20260812,True,8137d49971748b6204750e8bea94602ed349aa2c3b5202c1d9ab67a52f402dfb
REF-0059,2,0.25,0.991838,0.966054,0.25009,4,1,1,1,LOCKED_HOLDOUT,SYNTHETIC_RESEARCH_FIXTURE,OG-SYNTH-0.3,B1-0.3,build_opus_synthetic_programme_v0_3.py@0.3,20260812,True,1b65a1acb4ebd15abc04dddb0b35fff645c935af7989d77acb69849353fe78e3
REF-0059,3,0.375,0.985496,0.937313,0.125602,2,2,4,1,LOCKED_HOLDOUT,SYNTHETIC_RESEARCH_FIXTURE,OG-SYNTH-0.3,B1-0.3,build_opus_synthetic_programme_v0_3.py@0.3,20260812,True,5be6439846f8b93dd113985b122ff5b4bb648929e3f68f690e3df2f8c388bf89
REF-0059,4,0.5,0.944265,0.911827,0.17724,4,0,0,1,LOCKED_HOLDOUT,SYNTHETIC_RESEARCH_FIXTURE,OG-SYNTH-0.3,B1-0.3,build_opus_synthetic_programme_v0_3.py@0.3,20260812,True,9df3de95146ff1c8fd4eee6069dd37ed182fa648e67110a4637f164d61eafb94
REF-0059,5,0.625,0.929623,0.920668,0.248512,5,0,0,1,LOCKED_HOLDOUT,SYNTHETIC_RESEARCH_FIXTURE,OG-SYNTH-0.3,B1-0.3,build_opus_synthetic_programme_v0_3.py@0.3,20260812,True,03c535985ad2306a43405863d05fc8ed627ca9f98f99e5ee55c4320b8d18e8e4
REF-0059,6,0.75,1.007727,0.896132,0.281774,3,2,3,7,LOCKED_HOLDOUT,SYNTHETIC_RESEARCH_FIXTURE,OG-SYNTH-0.3,B1-0.3,build_opus_synthetic_programme_v0_3.py@0.3,20260812,True,0823c2f0bc56bd985d22dd3b1d2ae0bc9ac81faea04125b70ac9174e2b9337e3
REF-0059,7,0.875,0.97295,0.857918,0.280212,11,2,0,1,LOCKED_HOLDOUT,SYNTHETIC_RESEARCH_FIXTURE,OG-SYNTH-0.3,B1-0.3,build_opus_synthetic_programme_v0_3.py@0.3,20260812,True,6ab5bad6871261331b8df9cf155f1b749f6d838162a1d084b75882770e4931d5
REF-0059,8,1.0,1.027931,0.80021,0.226355,5,3,3,6,LOCKED_HOLDOUT,SYNTHETIC_RESEARCH_FIXTURE,OG-SYNTH-0.3,B1-0.3,build_opus_synthetic_programme_v0_3.py@0.3,20260812,True,b59f2821df070939bdd832e7db880b33fde28e56934bc1038836d81d38b60f87
REF-0060,1,0.125,0.939119,0.953562,0.248988,6,3,1,2,DEVELOPMENT,SYNTHETIC_RESEARCH_FIXTURE,OG-SYNTH-0.3,B1-0.3,build_opus_synthetic_programme_v0_3.py@0.3,20260812,True,c63885d8dc792638fab39cb363998c7ef084fe16add13a143e7e11f9e2057cdc
REF-0060,2,0.25,0.860433,0.891011,0.202018,5,5,4,0,DEVELOPMENT,SYNTHETIC_RESEARCH_FIXTURE,OG-SYNTH-0.3,B1-0.3,build_opus_synthetic_programme_v0_3.py@0.3,20260812,True,433eace087d07524583e6d4dd271f163a40de99f7f091c07eea49d99a6e5f36a
REF-0060,3,0.375,0.81962,0.818775,0.283911,5,3,4,9,DEVELOPMENT,SYNTHETIC_RESEARCH_FIXTURE,OG-SYNTH-0.3,B1-0.3,build_opus_synthetic_programme_v0_3.py@0.3,20260812,True,14de148d6cbf763525cdffd6ec136d3de49f51f1376a51151824bbf6098210ff
REF-0060,4,0.5,0.792716,0.781863,0.289528,8,7,2,0,DEVELOPMENT,SYNTHETIC_RESEARCH_FIXTURE,OG-SYNTH-0.3,B1-0.3,build_opus_synthetic_programme_v0_3.py@0.3,20260812,True,4b58b548d1c2180d0c92fd5dc41fb1ba29fc51f704bfd795e47d9e6b4f271530
REF-0060,5,0.625,0.744623,0.743283,0.388496,14,6,2,8,DEVELOPMENT,SYNTHETIC_RESEARCH_FIXTURE,OG-SYNTH-0.3,B1-0.3,build_opus_synthetic_programme_v0_3.py@0.3,20260812,True,6b9307964d537494b809aa807d366d4e2926059591e18f2e3e7f127ee84fa252
REF-0060,6,0.75,0.710991,0.709105,0.48994,3,7,6,4,DEVELOPMENT,SYNTHETIC_RESEARCH_FIXTURE,OG-SYNTH-0.3,B1-0.3,build_opus_synthetic_programme_v0_3.py@0.3,20260812,True,ce86d978bbefa0de34d960ff0127564ce3f322196f533af8e4854deb7ffa8298
REF-0060,7,0.875,0.659503,0.691178,0.477907,8,7,3,14,DEVELOPMENT,SYNTHETIC_RESEARCH_FIXTURE,OG-SYNTH-0.3,B1-0.3,build_opus_synthetic_programme_v0_3.py@0.3,20260812,True,d209de24acd5ff810dead124231312398dfd80e2a78d1fb05b9bfe5e68146ac2
REF-0060,8,1.0,0.591081,0.56227,0.560264,16,12,1,14,DEVELOPMENT,SYNTHETIC_RESEARCH_FIXTURE,OG-SYNTH-0.3,B1-0.3,build_opus_synthetic_programme_v0_3.py@0.3,20260812,True,08c897b90d3e11c828d7c32ab0a0946978bb11fd8cf344f3a2f880f1f68d63dd
REF-0061,1,0.125,0.967107,0.978367,0.123787,3,0,0,1,LOCKED_HOLDOUT,SYNTHETIC_RESEARCH_FIXTURE,OG-SYNTH-0.3,B1-0.3,build_opus_synthetic_programme_v0_3.py@0.3,20260812,True,4d3af90fc5ff6db476adb6f0b8a1c6b9019d1c4dd3bef5052d520ee05350493a
REF-0061,2,0.25,0.903923,1.00169,0.164924,5,1,0,2,LOCKED_HOLDOUT,SYNTHETIC_RESEARCH_FIXTURE,OG-SYNTH-0.3,B1-0.3,build_opus_synthetic_programme_v0_3.py@0.3,20260812,True,b2edf6ace265705971ac2c6a40c130cfa812c749395e4ad3e8473cd4a8e24e21
REF-0061,3,0.375,0.876761,1.015455,0.216837,13,2,3,1,LOCKED_HOLDOUT,SYNTHETIC_RESEARCH_FIXTURE,OG-SYNTH-0.3,B1-0.3,build_opus_synthetic_programme_v0_3.py@0.3,20260812,True,35f64069c10754e9ee6559ee8562b254d8e93665488a8badc5497d482fb64d5b
REF-0061,4,0.5,0.877037,0.919362,0.215836,9,2,3,0,LOCKED_HOLDOUT,SYNTHETIC_RESEARCH_FIXTURE,OG-SYNTH-0.3,B1-0.3,build_opus_synthetic_programme_v0_3.py@0.3,20260812,True,276dce7211aaa2c40706f95d0f547b9c4adfde73b7887cfbe8270bd0bf72746b
REF-0061,5,0.625,0.891306,0.882185,0.238867,10,2,2,2,LOCKED_HOLDOUT,SYNTHETIC_RESEARCH_FIXTURE,OG-SYNTH-0.3,B1-0.3,build_opus_synthetic_programme_v0_3.py@0.3,20260812,True,67a635b4302d01a883ff7fee72b21ba058a7c527753f1732fce22f22a5d2c111
REF-0061,6,0.75,0.815672,0.936085,0.20133,12,4,3,0,LOCKED_HOLDOUT,SYNTHETIC_RESEARCH_FIXTURE,OG-SYNTH-0.3,B1-0.3,build_opus_synthetic_programme_v0_3.py@0.3,20260812,True,1d5e91b6fc2c545f84f600f6af69a00d6800b7066ee3b71a86149939f8504cab
REF-0061,7,0.875,0.795307,0.89583,0.286133,10,3,8,1,LOCKED_HOLDOUT,SYNTHETIC_RESEARCH_FIXTURE,OG-SYNTH-0.3,B1-0.3,build_opus_synthetic_programme_v0_3.py@0.3,20260812,True,26d4dc522bbe2511e5d313d94e60d4b8357993ee75c741d9c4d51b85f1f4cf66
REF-0061,8,1.0,0.825212,0.848788,0.262686,16,4,7,1,LOCKED_HOLDOUT,SYNTHETIC_RESEARCH_FIXTURE,OG-SYNTH-0.3,B1-0.3,build_opus_synthetic_programme_v0_3.py@0.3,20260812,True,ac819d6a63705490f156c71a02d708c8225fa14a11666db4cb36548025d0dc04
REF-0062,1,0.125,0.957412,1.00043,0.169566,2,0,2,1,DEVELOPMENT,SYNTHETIC_RESEARCH_FIXTURE,OG-SYNTH-0.3,B1-0.3,build_opus_synthetic_programme_v0_3.py@0.3,20260812,True,7b406b7c8cac73338317983a35ffffbfa958e7f3230bbdbd65454130951c5cb4
REF-0062,2,0.25,0.954431,0.952649,0.161189,4,3,0,0,DEVELOPMENT,SYNTHETIC_RESEARCH_FIXTURE,OG-SYNTH-0.3,B1-0.3,build_opus_synthetic_programme_v0_3.py@0.3,20260812,True,c97eda2a75d44f35f7696f1ef99290b9d5bb7a59ad24d6dd5c4d49bfcc183d6a
REF-0062,3,0.375,0.942061,0.983406,0.121725,4,3,0,3,DEVELOPMENT,SYNTHETIC_RESEARCH_FIXTURE,OG-SYNTH-0.3,B1-0.3,build_opus_synthetic_programme_v0_3.py@0.3,20260812,True,949d0770d729c26e69f49136d5d8f7a749bb2569453edd17d3b4ddc7a5f8bb3a
REF-0062,4,0.5,0.941389,0.943165,0.187776,5,3,4,0,DEVELOPMENT,SYNTHETIC_RESEARCH_FIXTURE,OG-SYNTH-0.3,B1-0.3,build_opus_synthetic_programme_v0_3.py@0.3,20260812,True,b90fdc8287441f650301164a9318516caee9c9d2ebb0a84e2fa445707f73c079
REF-0062,5,0.625,0.89225,0.918062,0.209538,5,0,1,4,DEVELOPMENT,SYNTHETIC_RESEARCH_FIXTURE,OG-SYNTH-0.3,B1-0.3,build_opus_synthetic_programme_v0_3.py@0.3,20260812,True,f2c8d34c5027b402fc796507c0ce67480a16bfacec5a472d69f6394c0c449d95
REF-0062,6,0.75,0.873018,0.889829,0.140298,6,2,2,3,DEVELOPMENT,SYNTHETIC_RESEARCH_FIXTURE,OG-SYNTH-0.3,B1-0.3,build_opus_synthetic_programme_v0_3.py@0.3,20260812,True,97548869a9acdc20c28d48cbf6b617258057e73312dc57d2c743137ce6a2bc6d
REF-0062,7,0.875,0.869228,0.887526,0.223314,5,0,2,3,DEVELOPMENT,SYNTHETIC_RESEARCH_FIXTURE,OG-SYNTH-0.3,B1-0.3,build_opus_synthetic_programme_v0_3.py@0.3,20260812,True,208a474d9c1da39bfb130eba8ecf329135af85a9b4d39a8114bb8e9928e6cce2
REF-0062,8,1.0,0.894532,0.895638,0.266151,4,2,4,1,DEVELOPMENT,SYNTHETIC_RESEARCH_FIXTURE,OG-SYNTH-0.3,B1-0.3,build_opus_synthetic_programme_v0_3.py@0.3,20260812,True,9cd46392f7aafbb8068495ff34c145cce0970aac368978b0b738016258f59c91
REF-0063,1,0.125,1.011343,0.951776,0.151404,5,2,0,1,VALIDATION,SYNTHETIC_RESEARCH_FIXTURE,OG-SYNTH-0.3,B1-0.3,build_opus_synthetic_programme_v0_3.py@0.3,20260812,True,c1f8e9b101a5eb6082eb5c9d107c355483cfa56330b3e9ba33d42ce65d55bbaa
REF-0063,2,0.25,0.983004,0.977813,0.197433,8,2,3,1,VALIDATION,SYNTHETIC_RESEARCH_FIXTURE,OG-SYNTH-0.3,B1-0.3,build_opus_synthetic_programme_v0_3.py@0.3,20260812,True,eab6f49eddbc677ac465c5a239d1845a0e7332e77a9778cec0f48f000a936b23
REF-0063,3,0.375,0.97129,0.957872,0.238901,7,1,1,0,VALIDATION,SYNTHETIC_RESEARCH_FIXTURE,OG-SYNTH-0.3,B1-0.3,build_opus_synthetic_programme_v0_3.py@0.3,20260812,True,7e20d525043440339ae1c3e39e5b0d51e33ff45ca7efbbb4a2f7054b06753835
REF-0063,4,0.5,0.936473,0.908077,0.225944,9,2,4,1,VALIDATION,SYNTHETIC_RESEARCH_FIXTURE,OG-SYNTH-0.3,B1-0.3,build_opus_synthetic_programme_v0_3.py@0.3,20260812,True,585271a7efd35a67bc0a8b755125eb71702b1bd8c6897a246f3f8bc75e6dc203
REF-0063,5,0.625,0.897749,0.894376,0.261672,11,1,2,3,VALIDATION,SYNTHETIC_RESEARCH_FIXTURE,OG-SYNTH-0.3,B1-0.3,build_opus_synthetic_programme_v0_3.py@0.3,20260812,True,c2506538642b9411f48a23bc525a18af6e0e70482612fd7de03bf717be564846
REF-0063,6,0.75,0.880904,0.871353,0.256503,12,1,2,1,VALIDATION,SYNTHETIC_RESEARCH_FIXTURE,OG-SYNTH-0.3,B1-0.3,build_opus_synthetic_programme_v0_3.py@0.3,20260812,True,722c642d490848b5d9c73e0afe9b190fd874eb144798ec977d59ef4e6dca270a
REF-0063,7,0.875,0.90769,0.855735,0.221125,17,2,7,3,VALIDATION,SYNTHETIC_RESEARCH_FIXTURE,OG-SYNTH-0.3,B1-0.3,build_opus_synthetic_programme_v0_3.py@0.3,20260812,True,7dc05759f4168216bd39b797baae8220f34e00b90e7e91b89b5a026f2307fd77
REF-0063,8,1.0,0.885778,0.807024,0.275618,22,2,6,5,VALIDATION,SYNTHETIC_RESEARCH_FIXTURE,OG-SYNTH-0.3,B1-0.3,build_opus_synthetic_programme_v0_3.py@0.3,20260812,True,b7c3a6923704552204d91202c8d4b386a6b9d3937021dda04de9621c50c61154
REF-0064,1,0.125,0.967013,0.944739,0.178325,4,4,2,3,LOCKED_HOLDOUT,SYNTHETIC_RESEARCH_FIXTURE,OG-SYNTH-0.3,B1-0.3,build_opus_synthetic_programme_v0_3.py@0.3,20260812,True,39448bfb6268ee25e54335907a000fbc97edc429ec12863bc79a9ecf7be4a2b2
REF-0064,2,0.25,0.902805,0.946363,0.190822,2,3,1,3,LOCKED_HOLDOUT,SYNTHETIC_RESEARCH_FIXTURE,OG-SYNTH-0.3,B1-0.3,build_opus_synthetic_programme_v0_3.py@0.3,20260812,True,0bb43f11761a26651c8d46da17e9f007be83e49eb004a578c3034750eab0dde4
REF-0064,3,0.375,0.879645,0.908616,0.328036,4,2,2,1,LOCKED_HOLDOUT,SYNTHETIC_RESEARCH_FIXTURE,OG-SYNTH-0.3,B1-0.3,build_opus_synthetic_programme_v0_3.py@0.3,20260812,True,41cc80df9dc9c814ed06d8dfbe6099e3b716224bfcded0d8fb99725bfade0396
REF-0064,4,0.5,0.777007,0.849589,0.347807,5,3,1,2,LOCKED_HOLDOUT,SYNTHETIC_RESEARCH_FIXTURE,OG-SYNTH-0.3,B1-0.3,build_opus_synthetic_programme_v0_3.py@0.3,20260812,True,a78b18c8b38c9def7ce8c35f6e0db5090888b825f844593fa0e478cc62c2c01d
REF-0064,5,0.625,0.801238,0.777401,0.287648,3,2,1,2,LOCKED_HOLDOUT,SYNTHETIC_RESEARCH_FIXTURE,OG-SYNTH-0.3,B1-0.3,build_opus_synthetic_programme_v0_3.py@0.3,20260812,True,b8b7c8134ea1c3c6e845dc0ef57f46f9450ba7f71a53609f37521a95786f312e
REF-0064,6,0.75,0.720276,0.71347,0.291229,6,5,3,2,LOCKED_HOLDOUT,SYNTHETIC_RESEARCH_FIXTURE,OG-SYNTH-0.3,B1-0.3,build_opus_synthetic_programme_v0_3.py@0.3,20260812,True,e77a108e6dd04c4640ab31e636780a0e6c12623de3d6878260a9c1ba015a6f52
REF-0064,7,0.875,0.679485,0.717782,0.405938,6,2,2,6,LOCKED_HOLDOUT,SYNTHETIC_RESEARCH_FIXTURE,OG-SYNTH-0.3,B1-0.3,build_opus_synthetic_programme_v0_3.py@0.3,20260812,True,ebddbb3274f41a5f9bcc3fcf259274d7773745e93f40ed26506f842b83514c7b
REF-0064,8,1.0,0.676571,0.698525,0.491271,9,8,1,7,LOCKED_HOLDOUT,SYNTHETIC_RESEARCH_FIXTURE,OG-SYNTH-0.3,B1-0.3,build_opus_synthetic_programme_v0_3.py@0.3,20260812,True,8c61f06e14145bca74e9e0d8303690fd4039d303e3ff7479cf90de2dd78ba3ea
REF-0065,1,0.125,1.013954,1.033519,0.089611,2,0,2,2,DEVELOPMENT,SYNTHETIC_RESEARCH_FIXTURE,OG-SYNTH-0.3,B1-0.3,build_opus_synthetic_programme_v0_3.py@0.3,20260812,True,93f995318310ca40ca3b8d34d5c165869116e9ff05b0023ca0fa30f389937163
REF-0065,2,0.25,0.906051,0.991369,0.189695,4,4,1,2,DEVELOPMENT,SYNTHETIC_RESEARCH_FIXTURE,OG-SYNTH-0.3,B1-0.3,build_opus_synthetic_programme_v0_3.py@0.3,20260812,True,a7cf2d383da113455ad8b36dc4c78139f12a5b986cb2831086535ac933a7ae44
REF-0065,3,0.375,0.892495,0.929981,0.16968,7,1,1,2,DEVELOPMENT,SYNTHETIC_RESEARCH_FIXTURE,OG-SYNTH-0.3,B1-0.3,build_opus_synthetic_programme_v0_3.py@0.3,20260812,True,4770c88557a938116a12776b76f01429b667c0c17a8131fb5a1c4d1f20dd6f64
REF-0065,4,0.5,0.888311,0.935134,0.169031,6,2,2,4,DEVELOPMENT,SYNTHETIC_RESEARCH_FIXTURE,OG-SYNTH-0.3,B1-0.3,build_opus_synthetic_programme_v0_3.py@0.3,20260812,True,d94b0e40bd466956659e0a18f9b17faeef6c3f8e3ed51949eb2a4c1601584966
REF-0065,5,0.625,0.840525,0.905612,0.258623,11,0,3,0,DEVELOPMENT,SYNTHETIC_RESEARCH_FIXTURE,OG-SYNTH-0.3,B1-0.3,build_opus_synthetic_programme_v0_3.py@0.3,20260812,True,ff90977435f46770152d95ee9fcea17629b397ad49b7e8f0943ecae78cea466c
REF-0065,6,0.75,0.834324,0.842164,0.318776,7,4,4,1,DEVELOPMENT,SYNTHETIC_RESEARCH_FIXTURE,OG-SYNTH-0.3,B1-0.3,build_opus_synthetic_programme_v0_3.py@0.3,20260812,True,fc49910aca3b7cf003d4cbcbaff1fcaa89f2035b5571e73915a17451ce2c9831
REF-0065,7,0.875,0.812691,0.782973,0.246299,13,5,3,2,DEVELOPMENT,SYNTHETIC_RESEARCH_FIXTURE,OG-SYNTH-0.3,B1-0.3,build_opus_synthetic_programme_v0_3.py@0.3,20260812,True,255fcbabeb5451886f7b37b90d13d6a4bbaed77af9f8779adeb8eaf0b85a69c1
REF-0065,8,1.0,0.755638,0.780846,0.315377,9,8,1,3,DEVELOPMENT,SYNTHETIC_RESEARCH_FIXTURE,OG-SYNTH-0.3,B1-0.3,build_opus_synthetic_programme_v0_3.py@0.3,20260812,True,6cb384dd06080d58ef991bb05e72fbfaefa7efb3af97dc71fbd1c15ad47198bd
REF-0066,1,0.125,1.00292,1.016794,0.209873,4,1,1,2,DEVELOPMENT,SYNTHETIC_RESEARCH_FIXTURE,OG-SYNTH-0.3,B1-0.3,build_opus_synthetic_programme_v0_3.py@0.3,20260812,True,20d7c03ad0dccd903c269875ffb29f7aa3570239a3cc3a1c8f4e15a3ed645f7e
REF-0066,2,0.25,0.962758,0.956586,0.243539,4,0,0,0,DEVELOPMENT,SYNTHETIC_RESEARCH_FIXTURE,OG-SYNTH-0.3,B1-0.3,build_opus_synthetic_programme_v0_3.py@0.3,20260812,True,2c417f8623d7bebb5e92b3cfa047edfd3b9ea177da83c4a9d7548589db75879c
REF-0066,3,0.375,0.992462,0.973349,0.250368,5,2,2,2,DEVELOPMENT,SYNTHETIC_RESEARCH_FIXTURE,OG-SYNTH-0.3,B1-0.3,build_opus_synthetic_programme_v0_3.py@0.3,20260812,True,fa79fb04025b201731a3570efe0a0f9d76500a940306b021d7526a1a9b53de74
REF-0066,4,0.5,0.95418,0.867396,0.25907,3,2,3,1,DEVELOPMENT,SYNTHETIC_RESEARCH_FIXTURE,OG-SYNTH-0.3,B1-0.3,build_opus_synthetic_programme_v0_3.py@0.3,20260812,True,ad40965abae5e6d915e58ead12733862a307239916f748bd2c7b481e0c59d9e1
REF-0066,5,0.625,0.93668,0.90151,0.202477,3,1,0,0,DEVELOPMENT,SYNTHETIC_RESEARCH_FIXTURE,OG-SYNTH-0.3,B1-0.3,build_opus_synthetic_programme_v0_3.py@0.3,20260812,True,d838a65171ce8a7c4a95d8bcfc6918237a5b805e4064e57cdb4e8c8d07210e67
REF-0066,6,0.75,0.888238,0.867283,0.19999,0,1,1,0,DEVELOPMENT,SYNTHETIC_RESEARCH_FIXTURE,OG-SYNTH-0.3,B1-0.3,build_opus_synthetic_programme_v0_3.py@0.3,20260812,True,a2c2119f56fd4af96f0da8cc600a05f6a9a0f83ec27a1c6bb9128ca5d508772a
REF-0066,7,0.875,0.909736,0.87005,0.179767,7,1,2,1,DEVELOPMENT,SYNTHETIC_RESEARCH_FIXTURE,OG-SYNTH-0.3,B1-0.3,build_opus_synthetic_programme_v0_3.py@0.3,20260812,True,c5f4440d060ffbfec4a8a46117ec58ee46337673412666c8f6768ad1408cb0eb
REF-0066,8,1.0,0.8822,0.832977,0.29219,2,2,2,0,DEVELOPMENT,SYNTHETIC_RESEARCH_FIXTURE,OG-SYNTH-0.3,B1-0.3,build_opus_synthetic_programme_v0_3.py@0.3,20260812,True,89e1a7a9a84e63664bf824cb61c0e90609d2c56853c7cd042b2ff622b267e297
REF-0067,1,0.125,0.946901,0.984387,0.202045,5,3,0,3,VALIDATION,SYNTHETIC_RESEARCH_FIXTURE,OG-SYNTH-0.3,B1-0.3,build_opus_synthetic_programme_v0_3.py@0.3,20260812,True,987e98384b0965e840a92a711ecd5641c279e457cbace8d58c74dd64ad9ba7d7
REF-0067,2,0.25,0.960642,0.952008,0.2073,4,3,1,1,VALIDATION,SYNTHETIC_RESEARCH_FIXTURE,OG-SYNTH-0.3,B1-0.3,build_opus_synthetic_programme_v0_3.py@0.3,20260812,True,4adfb81657adeedd3e7f39770084f79928215fc5d0a7002986fb0b0e6c4942f0
REF-0067,3,0.375,0.960323,0.977346,0.176172,5,0,1,1,VALIDATION,SYNTHETIC_RESEARCH_FIXTURE,OG-SYNTH-0.3,B1-0.3,build_opus_synthetic_programme_v0_3.py@0.3,20260812,True,f87a082fff9803efe365031d050e4d95dab9b556193f38a376ac3a5773e64701
REF-0067,4,0.5,0.930555,0.928848,0.266708,3,4,1,0,VALIDATION,SYNTHETIC_RESEARCH_FIXTURE,OG-SYNTH-0.3,B1-0.3,build_opus_synthetic_programme_v0_3.py@0.3,20260812,True,b4fc3bf9a62dccd83759c8a14d68fde65e657df234830f9b89238aec0fc33f16
REF-0067,5,0.625,0.915856,0.9114,0.265014,7,1,5,3,VALIDATION,SYNTHETIC_RESEARCH_FIXTURE,OG-SYNTH-0.3,B1-0.3,build_opus_synthetic_programme_v0_3.py@0.3,20260812,True,a09c3c2f9950f5f5768655b5eac4db6834eab3b2513df718105de04d03b883de
REF-0067,6,0.75,0.905003,0.914075,0.185966,7,0,4,2,VALIDATION,SYNTHETIC_RESEARCH_FIXTURE,OG-SYNTH-0.3,B1-0.3,build_opus_synthetic_programme_v0_3.py@0.3,20260812,True,c70ec86edf87983d0aa570497f685b98df726cfe05a89604c74fd4a04249118c
REF-0067,7,0.875,0.85914,0.852082,0.24258,10,3,2,2,VALIDATION,SYNTHETIC_RESEARCH_FIXTURE,OG-SYNTH-0.3,B1-0.3,build_opus_synthetic_programme_v0_3.py@0.3,20260812,True,cf220ea7761ec6894966852782371de8cb2779b620f769b0c28f92ed657ee5b8
REF-0067,8,1.0,0.817112,0.877999,0.183508,10,4,6,2,VALIDATION,SYNTHETIC_RESEARCH_FIXTURE,OG-SYNTH-0.3,B1-0.3,build_opus_synthetic_programme_v0_3.py@0.3,20260812,True,03fae00bc94601b91269cbb02448ed3716499401434de8931cfa8e256ef582f0
REF-0068,1,0.125,1.001433,0.994438,0.115567,3,2,1,0,DEVELOPMENT,SYNTHETIC_RESEARCH_FIXTURE,OG-SYNTH-0.3,B1-0.3,build_opus_synthetic_programme_v0_3.py@0.3,20260812,True,14c8739ea2a7138e418dede2cd4941066bb808864b93197ddda4142049b3036d
REF-0068,2,0.25,0.995639,0.95015,0.133171,6,1,1,1,DEVELOPMENT,SYNTHETIC_RESEARCH_FIXTURE,OG-SYNTH-0.3,B1-0.3,build_opus_synthetic_programme_v0_3.py@0.3,20260812,True,28a4c7f33e136b2f7f6a5c7f20cacb693d40ad53910a4e4bd33cf2947101f7a4
REF-0068,3,0.375,0.969802,0.943543,0.155335,1,0,1,3,DEVELOPMENT,SYNTHETIC_RESEARCH_FIXTURE,OG-SYNTH-0.3,B1-0.3,build_opus_synthetic_programme_v0_3.py@0.3,20260812,True,0bbed65654da124e6ae2e32c64ab01b3a99eb34a00e6f8e71d95a1a3a4d3f222
REF-0068,4,0.5,0.96349,0.954761,0.17686,9,2,1,2,DEVELOPMENT,SYNTHETIC_RESEARCH_FIXTURE,OG-SYNTH-0.3,B1-0.3,build_opus_synthetic_programme_v0_3.py@0.3,20260812,True,7c0dd49671d2250af593cf6d5d5f09faca5e6708bdb4dcb7dba813268b7ef6ac
REF-0068,5,0.625,0.928233,0.953232,0.18469,5,2,5,2,DEVELOPMENT,SYNTHETIC_RESEARCH_FIXTURE,OG-SYNTH-0.3,B1-0.3,build_opus_synthetic_programme_v0_3.py@0.3,20260812,True,e27cfae51d4cac64c6db271b392d12b6ef1c193e3875ed34dd8e794467388b38
REF-0068,6,0.75,0.910232,0.909096,0.287688,6,3,2,1,DEVELOPMENT,SYNTHETIC_RESEARCH_FIXTURE,OG-SYNTH-0.3,B1-0.3,build_opus_synthetic_programme_v0_3.py@0.3,20260812,True,c6101ca4768ebe777a70698f6be47f8680e0b785516e2eb32e8e7891e7757fa1
REF-0068,7,0.875,0.835789,0.968686,0.210176,9,1,1,0,DEVELOPMENT,SYNTHETIC_RESEARCH_FIXTURE,OG-SYNTH-0.3,B1-0.3,build_opus_synthetic_programme_v0_3.py@0.3,20260812,True,8c4dfb9a47d03b7eea41714699a41b4901c9f835fafda9720a587b85999ba003
REF-0068,8,1.0,0.889537,0.889625,0.196168,6,1,3,2,DEVELOPMENT,SYNTHETIC_RESEARCH_FIXTURE,OG-SYNTH-0.3,B1-0.3,build_opus_synthetic_programme_v0_3.py@0.3,20260812,True,01b4f54aa3cc2cc2c1feb18220a4735c7346077685b50686061e1b445c47897b
REF-0069,1,0.125,0.957958,0.999318,0.132233,4,1,1,1,DEVELOPMENT,SYNTHETIC_RESEARCH_FIXTURE,OG-SYNTH-0.3,B1-0.3,build_opus_synthetic_programme_v0_3.py@0.3,20260812,True,6a9aa9c8f7efe4352c2e38aeb564b706612be1730d03dadcf0099131bc957f94
REF-0069,2,0.25,0.97739,0.967176,0.079279,6,1,3,2,DEVELOPMENT,SYNTHETIC_RESEARCH_FIXTURE,OG-SYNTH-0.3,B1-0.3,build_opus_synthetic_programme_v0_3.py@0.3,20260812,True,69e0ab42372c302c2ea8d9667bd4745a0460d82f5310958998f2cd790ec1d25e
REF-0069,3,0.375,0.932549,0.904541,0.119928,5,3,2,1,DEVELOPMENT,SYNTHETIC_RESEARCH_FIXTURE,OG-SYNTH-0.3,B1-0.3,build_opus_synthetic_programme_v0_3.py@0.3,20260812,True,3a3b4fff7665b13f0e44d13a4cb798762b16731d99c13670a86f6bf7c435ca45
REF-0069,4,0.5,0.928954,0.933099,0.247438,7,3,3,1,DEVELOPMENT,SYNTHETIC_RESEARCH_FIXTURE,OG-SYNTH-0.3,B1-0.3,build_opus_synthetic_programme_v0_3.py@0.3,20260812,True,d7026d895c9e23a90446798fc69355eca7b98ccf3be1de49f4c64dcf7bf2bcb8
REF-0069,5,0.625,0.873696,0.884463,0.153238,3,4,1,3,DEVELOPMENT,SYNTHETIC_RESEARCH_FIXTURE,OG-SYNTH-0.3,B1-0.3,build_opus_synthetic_programme_v0_3.py@0.3,20260812,True,60dc84832c6b3fd135cb1b7f5335326e3a3e433b46f3b45865632cbfe9cf0177
REF-0069,6,0.75,0.852407,0.835009,0.304456,13,2,2,3,DEVELOPMENT,SYNTHETIC_RESEARCH_FIXTURE,OG-SYNTH-0.3,B1-0.3,build_opus_synthetic_programme_v0_3.py@0.3,20260812,True,ba73368965c59bc4165bdef44714c51ca20a815211d5362971db2eaf6230ba72
REF-0069,7,0.875,0.821229,0.823519,0.29707,9,0,2,6,DEVELOPMENT,SYNTHETIC_RESEARCH_FIXTURE,OG-SYNTH-0.3,B1-0.3,build_opus_synthetic_programme_v0_3.py@0.3,20260812,True,935ba5bde831c5686529c629d59b03b723ffb6e5331a9cf080c20b651a606d64
REF-0069,8,1.0,0.811103,0.83224,0.309284,11,1,2,2,DEVELOPMENT,SYNTHETIC_RESEARCH_FIXTURE,OG-SYNTH-0.3,B1-0.3,build_opus_synthetic_programme_v0_3.py@0.3,20260812,True,7b6dc33d2eafb03a6b13428b73e889f76bb1965b1e8f95b551f72de8b13363ae
REF-0070,1,0.125,1.018967,0.987048,0.232115,2,0,2,1,DEVELOPMENT,SYNTHETIC_RESEARCH_FIXTURE,OG-SYNTH-0.3,B1-0.3,build_opus_synthetic_programme_v0_3.py@0.3,20260812,True,0302aed0429a9aa3646cdbd0b9a939c25a8fea1ddb9820265e70e093aa17c9fc
REF-0070,2,0.25,0.958471,0.951094,0.251111,4,0,5,0,DEVELOPMENT,SYNTHETIC_RESEARCH_FIXTURE,OG-SYNTH-0.3,B1-0.3,build_opus_synthetic_programme_v0_3.py@0.3,20260812,True,a1a5058cb155cdb56b015f586c3a631ed8899a922485d59639f91017ac854b66
REF-0070,3,0.375,0.906525,0.926433,0.213283,9,3,2,2,DEVELOPMENT,SYNTHETIC_RESEARCH_FIXTURE,OG-SYNTH-0.3,B1-0.3,build_opus_synthetic_programme_v0_3.py@0.3,20260812,True,d2a055b92b9d955c6c8247355e602108fff0152a4a84d15d878424995f3566e1
REF-0070,4,0.5,0.921005,0.912509,0.229042,5,0,1,3,DEVELOPMENT,SYNTHETIC_RESEARCH_FIXTURE,OG-SYNTH-0.3,B1-0.3,build_opus_synthetic_programme_v0_3.py@0.3,20260812,True,e6f56bb100c91e050bcc74103f3ce980f353f07ae17f0ec3022d454dc07886f9
REF-0070,5,0.625,0.929405,0.934135,0.217655,8,1,1,2,DEVELOPMENT,SYNTHETIC_RESEARCH_FIXTURE,OG-SYNTH-0.3,B1-0.3,build_opus_synthetic_programme_v0_3.py@0.3,20260812,True,b7dcd655875225dab65e8a6764d0ebee23834b3b81ac4112ca5e173e347d10e6
REF-0070,6,0.75,0.879814,0.844938,0.276292,8,5,6,2,DEVELOPMENT,SYNTHETIC_RESEARCH_FIXTURE,OG-SYNTH-0.3,B1-0.3,build_opus_synthetic_programme_v0_3.py@0.3,20260812,True,8c3d29785f36b540ff2be25103b9749e6214852b2f8b0372ed04c360ccfcb3f2
REF-0070,7,0.875,0.861572,0.802655,0.290771,11,2,3,1,DEVELOPMENT,SYNTHETIC_RESEARCH_FIXTURE,OG-SYNTH-0.3,B1-0.3,build_opus_synthetic_programme_v0_3.py@0.3,20260812,True,847779300a5f60c125ed5102f0e8e92e85359f5508483e32ae43a167728155fc
REF-0070,8,1.0,0.829996,0.779238,0.289638,11,1,7,3,DEVELOPMENT,SYNTHETIC_RESEARCH_FIXTURE,OG-SYNTH-0.3,B1-0.3,build_opus_synthetic_programme_v0_3.py@0.3,20260812,True,3d7d5dbf2da928a53284ddb9767399ec34f411df452dc8f95ee43d57ec638695
REF-0071,1,0.125,0.995235,0.983949,0.125706,4,2,0,2,VALIDATION,SYNTHETIC_RESEARCH_FIXTURE,OG-SYNTH-0.3,B1-0.3,build_opus_synthetic_programme_v0_3.py@0.3,20260812,True,b321b74a4e4053cbb4f99bc7ee593b6848041c8676d066cd2dff0ea54ed1ad02
REF-0071,2,0.25,0.998254,0.952905,0.197449,2,3,2,3,VALIDATION,SYNTHETIC_RESEARCH_FIXTURE,OG-SYNTH-0.3,B1-0.3,build_opus_synthetic_programme_v0_3.py@0.3,20260812,True,430dd3eef0f0dabc81f520c3d4cac4dcbe8cc23f75050728c0979ff16d678b3a
REF-0071,3,0.375,0.962709,0.968658,0.16551,7,1,5,2,VALIDATION,SYNTHETIC_RESEARCH_FIXTURE,OG-SYNTH-0.3,B1-0.3,build_opus_synthetic_programme_v0_3.py@0.3,20260812,True,e65a7af49df2c09b51eb927aba5aac42703adfe0d5d5d5421893b12b0e5e27ea
REF-0071,4,0.5,0.906231,0.93068,0.132972,9,2,2,1,VALIDATION,SYNTHETIC_RESEARCH_FIXTURE,OG-SYNTH-0.3,B1-0.3,build_opus_synthetic_programme_v0_3.py@0.3,20260812,True,809980455d2529c81b08cf45c9189459f2f8ec20f895bffecce55b4f6aabd624
REF-0071,5,0.625,0.889719,0.920645,0.209575,11,3,0,2,VALIDATION,SYNTHETIC_RESEARCH_FIXTURE,OG-SYNTH-0.3,B1-0.3,build_opus_synthetic_programme_v0_3.py@0.3,20260812,True,a195fe58351006d0755500800f9bc196ca50a20c49775ee7c8ade9e7c9cc8210
REF-0071,6,0.75,0.869478,0.955345,0.203931,10,1,4,2,VALIDATION,SYNTHETIC_RESEARCH_FIXTURE,OG-SYNTH-0.3,B1-0.3,build_opus_synthetic_programme_v0_3.py@0.3,20260812,True,22fbce6ec37b9d9cec46887ca72b4bce09ebc316f11215d8c17dc74dae7d7796
REF-0071,7,0.875,0.852823,0.894053,0.324634,3,4,5,3,VALIDATION,SYNTHETIC_RESEARCH_FIXTURE,OG-SYNTH-0.3,B1-0.3,build_opus_synthetic_programme_v0_3.py@0.3,20260812,True,baf6f8b14ba193ee9ef3f4d0162abc11b7eea1688c90f3e0cc214482448a39e0
REF-0071,8,1.0,0.843012,0.89089,0.319972,14,0,1,1,VALIDATION,SYNTHETIC_RESEARCH_FIXTURE,OG-SYNTH-0.3,B1-0.3,build_opus_synthetic_programme_v0_3.py@0.3,20260812,True,016f7424efa1ea8210936796acdb8ecf87a01770be4e0bee157d6539681bfdfa
REF-0072,1,0.125,1.041954,1.063147,0.193835,3,0,4,1,VALIDATION,SYNTHETIC_RESEARCH_FIXTURE,OG-SYNTH-0.3,B1-0.3,build_opus_synthetic_programme_v0_3.py@0.3,20260812,True,a00f3262f0374cb45bfbf493b86ab1a7a7e4b3101b5156d3a5837d9b6c61bada
REF-0072,2,0.25,0.955863,0.977251,0.185238,4,0,2,0,VALIDATION,SYNTHETIC_RESEARCH_FIXTURE,OG-SYNTH-0.3,B1-0.3,build_opus_synthetic_programme_v0_3.py@0.3,20260812,True,af82167a867d5f5f1c24c9de7c4086a687cb32ce41ee059f292989f2e01a088d
REF-0072,3,0.375,0.967485,1.049849,0.108018,2,3,3,0,VALIDATION,SYNTHETIC_RESEARCH_FIXTURE,OG-SYNTH-0.3,B1-0.3,build_opus_synthetic_programme_v0_3.py@0.3,20260812,True,8d3b1fc20eecb75c650693957bbf0e547922ac38581850bdfea9cd1938ed387f
REF-0072,4,0.5,0.942217,1.041102,0.199325,7,2,1,1,VALIDATION,SYNTHETIC_RESEARCH_FIXTURE,OG-SYNTH-0.3,B1-0.3,build_opus_synthetic_programme_v0_3.py@0.3,20260812,True,26249974bf2c79cf48e498934d38026252723e43bf165b999b8369cfe9f100c5
REF-0072,5,0.625,0.885887,1.028388,0.244136,8,1,4,1,VALIDATION,SYNTHETIC_RESEARCH_FIXTURE,OG-SYNTH-0.3,B1-0.3,build_opus_synthetic_programme_v0_3.py@0.3,20260812,True,9ab4679d32715333e01dfb34ce6be4b3cd46b77777360cf374abe403ba64d775
REF-0072,6,0.75,0.895198,1.109254,0.191076,12,2,4,2,VALIDATION,SYNTHETIC_RESEARCH_FIXTURE,OG-SYNTH-0.3,B1-0.3,build_opus_synthetic_programme_v0_3.py@0.3,20260812,True,b1bfad2932e641b8a48eb07a73dab84b2f74babf1b6da06fb476ff943a68bdef
REF-0072,7,0.875,0.927645,1.072625,0.303942,11,3,2,1,VALIDATION,SYNTHETIC_RESEARCH_FIXTURE,OG-SYNTH-0.3,B1-0.3,build_opus_synthetic_programme_v0_3.py@0.3,20260812,True,f39d709ca893b5e39b163336e07d982e79954327ef62b64b95f7d4b61992a095
REF-0072,8,1.0,0.844004,1.099896,0.25541,16,1,3,1,VALIDATION,SYNTHETIC_RESEARCH_FIXTURE,OG-SYNTH-0.3,B1-0.3,build_opus_synthetic_programme_v0_3.py@0.3,20260812,True,aa6e0e2fbcef78fb182f9a417a550f0518417b06c497d2525b8c2fbb434095c1
REF-0073,1,0.125,0.94158,0.968499,0.184319,2,0,0,1,DEVELOPMENT,SYNTHETIC_RESEARCH_FIXTURE,OG-SYNTH-0.3,B1-0.3,build_opus_synthetic_programme_v0_3.py@0.3,20260812,True,3c05e95c2eb7bfc84c2a0768b1eeed43d6795a1bf2cc4d9a07e6d00519df5663
REF-0073,2,0.25,0.950839,0.935907,0.116088,8,1,3,1,DEVELOPMENT,SYNTHETIC_RESEARCH_FIXTURE,OG-SYNTH-0.3,B1-0.3,build_opus_synthetic_programme_v0_3.py@0.3,20260812,True,ba44ac5d1c077bd72e5b285b3651a06b2a4fb574780c409cf730e74ee37f3979
REF-0073,3,0.375,0.923427,0.929518,0.194866,5,1,0,2,DEVELOPMENT,SYNTHETIC_RESEARCH_FIXTURE,OG-SYNTH-0.3,B1-0.3,build_opus_synthetic_programme_v0_3.py@0.3,20260812,True,a95b2fff0f56b227bd921266e3089ac9a0eb64720b78fd0fa35f8803160d5760
REF-0073,4,0.5,0.867774,0.922747,0.135111,13,4,4,0,DEVELOPMENT,SYNTHETIC_RESEARCH_FIXTURE,OG-SYNTH-0.3,B1-0.3,build_opus_synthetic_programme_v0_3.py@0.3,20260812,True,53e9ac21b1d27a12e14c6e16fcb2879d2af88428aa9375349224292a23b6766d
REF-0073,5,0.625,0.861759,0.882622,0.245847,11,3,3,2,DEVELOPMENT,SYNTHETIC_RESEARCH_FIXTURE,OG-SYNTH-0.3,B1-0.3,build_opus_synthetic_programme_v0_3.py@0.3,20260812,True,b4ba4a4e7e455d6f1d5276fcdf12868722745b6220b5819d4fdc770b44a63beb
REF-0073,6,0.75,0.832253,0.889638,0.215983,11,3,5,3,DEVELOPMENT,SYNTHETIC_RESEARCH_FIXTURE,OG-SYNTH-0.3,B1-0.3,build_opus_synthetic_programme_v0_3.py@0.3,20260812,True,83128d94a216adb0473abf275b5266c6df92a8b57b1d431d60170f55e2c30149
REF-0073,7,0.875,0.797041,0.895679,0.304522,11,3,4,3,DEVELOPMENT,SYNTHETIC_RESEARCH_FIXTURE,OG-SYNTH-0.3,B1-0.3,build_opus_synthetic_programme_v0_3.py@0.3,20260812,True,d1d8271cc5913d693b94df02f8122ace7369b5896729006e51aec51a70d4229a
REF-0073,8,1.0,0.795625,0.86202,0.24468,13,2,4,2,DEVELOPMENT,SYNTHETIC_RESEARCH_FIXTURE,OG-SYNTH-0.3,B1-0.3,build_opus_synthetic_programme_v0_3.py@0.3,20260812,True,c4fcd12caca963b698bf93e3053bac6952b2c8e04e6b5da2971690135137af15
REF-0074,1,0.125,0.987231,0.960944,0.252283,4,0,3,0,DEVELOPMENT,SYNTHETIC_RESEARCH_FIXTURE,OG-SYNTH-0.3,B1-0.3,build_opus_synthetic_programme_v0_3.py@0.3,20260812,True,764e64d6af675cc0c4ebe4c0459baa4839660bc0bd443e295c68579c0c96d3bc
REF-0074,2,0.25,0.930335,0.957973,0.179695,8,1,3,2,DEVELOPMENT,SYNTHETIC_RESEARCH_FIXTURE,OG-SYNTH-0.3,B1-0.3,build_opus_synthetic_programme_v0_3.py@0.3,20260812,True,0f4e1a4eecdc865b4d36df0a8b9c47fe8ced6f30cfe2b75b73d41fa2f03c2875
REF-0074,3,0.375,0.923961,0.939084,0.235664,7,0,4,3,DEVELOPMENT,SYNTHETIC_RESEARCH_FIXTURE,OG-SYNTH-0.3,B1-0.3,build_opus_synthetic_programme_v0_3.py@0.3,20260812,True,f9da22883e6adf37d06346c91469c3ab84016c4057c2bb49c803c32caab764d9
REF-0074,4,0.5,0.879568,0.903418,0.196037,7,3,3,3,DEVELOPMENT,SYNTHETIC_RESEARCH_FIXTURE,OG-SYNTH-0.3,B1-0.3,build_opus_synthetic_programme_v0_3.py@0.3,20260812,True,a6569ea47b188031d3c483f89576cc44eb193d0b7c1b3101aa088d0cd6e02519
REF-0074,5,0.625,0.893892,0.878291,0.288745,9,3,3,1,DEVELOPMENT,SYNTHETIC_RESEARCH_FIXTURE,OG-SYNTH-0.3,B1-0.3,build_opus_synthetic_programme_v0_3.py@0.3,20260812,True,f78d28841ca68aaf1616af4cac320218014260f66806d0390df3b01bef750af1
REF-0074,6,0.75,0.875816,0.80098,0.200558,18,2,3,3,DEVELOPMENT,SYNTHETIC_RESEARCH_FIXTURE,OG-SYNTH-0.3,B1-0.3,build_opus_synthetic_programme_v0_3.py@0.3,20260812,True,13e28e3d9118946d0268edb1fd184de57dad130a391342327a62297b6308c615
REF-0074,7,0.875,0.824465,0.796239,0.243121,19,6,9,1,DEVELOPMENT,SYNTHETIC_RESEARCH_FIXTURE,OG-SYNTH-0.3,B1-0.3,build_opus_synthetic_programme_v0_3.py@0.3,20260812,True,d3bcf4d76936043e6d0e4d5c8a9a1a73d89a7a4fb772aa15568a42143734ca5b
REF-0074,8,1.0,0.782174,0.791395,0.296609,22,3,8,2,DEVELOPMENT,SYNTHETIC_RESEARCH_FIXTURE,OG-SYNTH-0.3,B1-0.3,build_opus_synthetic_programme_v0_3.py@0.3,20260812,True,6e01c0a422e9d1b9802625e203cf87466f395626816e4cc7540cdd9d0aae4c62
REF-0075,1,0.125,0.987708,0.977199,0.158429,2,2,1,1,LOCKED_HOLDOUT,SYNTHETIC_RESEARCH_FIXTURE,OG-SYNTH-0.3,B1-0.3,build_opus_synthetic_programme_v0_3.py@0.3,20260812,True,1dad8c96408be780ee1b2e4e8936fe0bbd9fc15be18d94a3d1f030ab75a2787e
REF-0075,2,0.25,0.929276,0.978982,0.132958,5,1,3,0,LOCKED_HOLDOUT,SYNTHETIC_RESEARCH_FIXTURE,OG-SYNTH-0.3,B1-0.3,build_opus_synthetic_programme_v0_3.py@0.3,20260812,True,8040ebbb6559b1ec46dba1afaeb993cbde27733c342f4d326c7b4a0e848bd818
REF-0075,3,0.375,0.920408,1.031061,0.142284,2,0,3,0,LOCKED_HOLDOUT,SYNTHETIC_RESEARCH_FIXTURE,OG-SYNTH-0.3,B1-0.3,build_opus_synthetic_programme_v0_3.py@0.3,20260812,True,ab86405873fb223a3f60ec6f8b768a0fd723b6036a028a5d4e62124e7c0efe8f
REF-0075,4,0.5,0.979043,1.012479,0.282858,6,2,3,1,LOCKED_HOLDOUT,SYNTHETIC_RESEARCH_FIXTURE,OG-SYNTH-0.3,B1-0.3,build_opus_synthetic_programme_v0_3.py@0.3,20260812,True,70d860387899d7be2645757d16f1f16e59d529e1ad184dff08116d5d8a3e23d4
REF-0075,5,0.625,0.854835,0.974841,0.225635,6,3,3,1,LOCKED_HOLDOUT,SYNTHETIC_RESEARCH_FIXTURE,OG-SYNTH-0.3,B1-0.3,build_opus_synthetic_programme_v0_3.py@0.3,20260812,True,94583ca1948bf836dddb752f75e91c2b6caf34da9bb5ae3f267d77fec55cbb08
REF-0075,6,0.75,0.903355,0.978374,0.306961,7,7,4,0,LOCKED_HOLDOUT,SYNTHETIC_RESEARCH_FIXTURE,OG-SYNTH-0.3,B1-0.3,build_opus_synthetic_programme_v0_3.py@0.3,20260812,True,a6d6ca0fd44bbabd7991dc602d1a2fa04443d63d04c46db48418528d7d71218b
REF-0075,7,0.875,0.849654,0.98974,0.200827,16,3,5,0,LOCKED_HOLDOUT,SYNTHETIC_RESEARCH_FIXTURE,OG-SYNTH-0.3,B1-0.3,build_opus_synthetic_programme_v0_3.py@0.3,20260812,True,757aeaaaffaa7aa941cb5aa0942a46ffe8005c031e5e0c5ece01e10631a6c674
REF-0075,8,1.0,0.822452,0.945676,0.270258,10,2,3,2,LOCKED_HOLDOUT,SYNTHETIC_RESEARCH_FIXTURE,OG-SYNTH-0.3,B1-0.3,build_opus_synthetic_programme_v0_3.py@0.3,20260812,True,b06b28527dd12e35a747a4ce0dd367aea73dc26d7d50dcb31027ed7b4e9006d0
REF-0076,1,0.125,0.985836,1.002777,0.21629,3,1,2,2,DEVELOPMENT,SYNTHETIC_RESEARCH_FIXTURE,OG-SYNTH-0.3,B1-0.3,build_opus_synthetic_programme_v0_3.py@0.3,20260812,True,d5008d7ad9e513995f2365ed2cf2891a85429ac77063153bd22b16b70c12f582
REF-0076,2,0.25,1.02761,0.926312,0.160072,6,2,4,1,DEVELOPMENT,SYNTHETIC_RESEARCH_FIXTURE,OG-SYNTH-0.3,B1-0.3,build_opus_synthetic_programme_v0_3.py@0.3,20260812,True,ee02a3f62a36468267f449e445b377df45b312c4f299d5c58d9f82639514ec88
REF-0076,3,0.375,0.931896,0.929818,0.211865,6,5,7,0,DEVELOPMENT,SYNTHETIC_RESEARCH_FIXTURE,OG-SYNTH-0.3,B1-0.3,build_opus_synthetic_programme_v0_3.py@0.3,20260812,True,2ea3e112b5666260c16e46d7085332badf8655571dfd2c489ec5bf6116703d7e
REF-0076,4,0.5,0.911238,0.922817,0.234302,12,1,1,1,DEVELOPMENT,SYNTHETIC_RESEARCH_FIXTURE,OG-SYNTH-0.3,B1-0.3,build_opus_synthetic_programme_v0_3.py@0.3,20260812,True,19f990a098a52422855b1724a0a7178f4750f759f9c7df84396bb8d4bfadb32a
REF-0076,5,0.625,0.92601,0.897107,0.160931,12,2,2,1,DEVELOPMENT,SYNTHETIC_RESEARCH_FIXTURE,OG-SYNTH-0.3,B1-0.3,build_opus_synthetic_programme_v0_3.py@0.3,20260812,True,a495c1beee953ecd7dfbd73e01b685275dc56355fb695e1188dc6260fe6c9704
REF-0076,6,0.75,0.846097,0.876367,0.236741,10,1,3,3,DEVELOPMENT,SYNTHETIC_RESEARCH_FIXTURE,OG-SYNTH-0.3,B1-0.3,build_opus_synthetic_programme_v0_3.py@0.3,20260812,True,48cd4f7999302a0074f70dc53c82952dc848045fbdf905c8356f444f0a22b827
REF-0076,7,0.875,0.888146,0.817835,0.307489,5,4,12,3,DEVELOPMENT,SYNTHETIC_RESEARCH_FIXTURE,OG-SYNTH-0.3,B1-0.3,build_opus_synthetic_programme_v0_3.py@0.3,20260812,True,5c9d8178f1ccfac5b52ea090115728e799592729605458e125431bb0c3099457
REF-0076,8,1.0,0.855936,0.836992,0.225433,7,2,7,4,DEVELOPMENT,SYNTHETIC_RESEARCH_FIXTURE,OG-SYNTH-0.3,B1-0.3,build_opus_synthetic_programme_v0_3.py@0.3,20260812,True,3023531c504d9f8d12fbe6f88dc81be581d498598abd2f612182e0bf28a48e47
REF-0077,1,0.125,0.960769,0.953859,0.164274,8,0,2,0,DEVELOPMENT,SYNTHETIC_RESEARCH_FIXTURE,OG-SYNTH-0.3,B1-0.3,build_opus_synthetic_programme_v0_3.py@0.3,20260812,True,da89c514811241d80446a8b9e86a12bd6ca3ebcdddd5c3a41e151e69de72bfc7
REF-0077,2,0.25,0.931416,0.924664,0.180609,6,1,3,3,DEVELOPMENT,SYNTHETIC_RESEARCH_FIXTURE,OG-SYNTH-0.3,B1-0.3,build_opus_synthetic_programme_v0_3.py@0.3,20260812,True,801d3ef98b7d0945efa8f12455ba561cf26492582d86594eecd0f89cd056edf0
REF-0077,3,0.375,0.901032,0.920815,0.249755,8,6,2,0,DEVELOPMENT,SYNTHETIC_RESEARCH_FIXTURE,OG-SYNTH-0.3,B1-0.3,build_opus_synthetic_programme_v0_3.py@0.3,20260812,True,1c3af6cff4e2e422e95ee8b57fabae9fb75430499e5b4a4b523bd15709d326b7
REF-0077,4,0.5,0.871874,0.867543,0.200369,14,1,1,2,DEVELOPMENT,SYNTHETIC_RESEARCH_FIXTURE,OG-SYNTH-0.3,B1-0.3,build_opus_synthetic_programme_v0_3.py@0.3,20260812,True,8df638ec5178f4f4e841ce6bfdab45834368527890bf1e2af32a0270de7760e0
REF-0077,5,0.625,0.867909,0.798172,0.253046,8,2,4,3,DEVELOPMENT,SYNTHETIC_RESEARCH_FIXTURE,OG-SYNTH-0.3,B1-0.3,build_opus_synthetic_programme_v0_3.py@0.3,20260812,True,921a18b0c66848e0d2d9250bbdba0af1b126d045c415e5f974adb7132d4a301c
REF-0077,6,0.75,0.852144,0.849386,0.286344,13,2,2,8,DEVELOPMENT,SYNTHETIC_RESEARCH_FIXTURE,OG-SYNTH-0.3,B1-0.3,build_opus_synthetic_programme_v0_3.py@0.3,20260812,True,797eaed31b8e1c8878b59af02a8f55c0ea0816ef40c142f4b8b26bfba4b0e3c7
REF-0077,7,0.875,0.795379,0.733469,0.311553,17,5,5,2,DEVELOPMENT,SYNTHETIC_RESEARCH_FIXTURE,OG-SYNTH-0.3,B1-0.3,build_opus_synthetic_programme_v0_3.py@0.3,20260812,True,8ca5c995ec2ec419ef708c7ed40d2e4ac80bd195c1bd79fd700087ecdaf4bcfb
REF-0077,8,1.0,0.747769,0.722777,0.315766,9,2,3,2,DEVELOPMENT,SYNTHETIC_RESEARCH_FIXTURE,OG-SYNTH-0.3,B1-0.3,build_opus_synthetic_programme_v0_3.py@0.3,20260812,True,9c238417defad503f1b379c41949bbf8a4aa42cfac6c468ed3db8ee789a89fb0
REF-0078,1,0.125,0.984885,0.987692,0.08273,2,0,2,0,VALIDATION,SYNTHETIC_RESEARCH_FIXTURE,OG-SYNTH-0.3,B1-0.3,build_opus_synthetic_programme_v0_3.py@0.3,20260812,True,f16f54205c916e65546060287c668498c38f2863428058b4ec411ec344c28acf
REF-0078,2,0.25,0.962248,1.010971,0.209003,4,0,1,2,VALIDATION,SYNTHETIC_RESEARCH_FIXTURE,OG-SYNTH-0.3,B1-0.3,build_opus_synthetic_programme_v0_3.py@0.3,20260812,True,6629fe34d076d0104632dfa1b22cd277e5bbb688b5bd02be342a3ab5e4601e1d
REF-0078,3,0.375,1.022773,0.915092,0.097174,5,2,0,0,VALIDATION,SYNTHETIC_RESEARCH_FIXTURE,OG-SYNTH-0.3,B1-0.3,build_opus_synthetic_programme_v0_3.py@0.3,20260812,True,41c94e2414e6515d3c82613af02930779145ceed5827a06cdcd7ddbb1d0afccd
REF-0078,4,0.5,0.979777,0.903988,0.104148,1,0,0,2,VALIDATION,SYNTHETIC_RESEARCH_FIXTURE,OG-SYNTH-0.3,B1-0.3,build_opus_synthetic_programme_v0_3.py@0.3,20260812,True,72fa9d51fc07a575efa5b4ae4dfe1d52f6a144b31815fa73620861ac3918c3ae
REF-0078,5,0.625,0.98736,0.917533,0.184022,2,0,1,3,VALIDATION,SYNTHETIC_RESEARCH_FIXTURE,OG-SYNTH-0.3,B1-0.3,build_opus_synthetic_programme_v0_3.py@0.3,20260812,True,e241ef0a7695bd45a5f72cc0759444cd87c4e5e1af8c1841a94dc32158f0efba
REF-0078,6,0.75,1.013316,0.934415,0.26147,3,1,2,2,VALIDATION,SYNTHETIC_RESEARCH_FIXTURE,OG-SYNTH-0.3,B1-0.3,build_opus_synthetic_programme_v0_3.py@0.3,20260812,True,e4cb8904b052f6c6cf35095eb949d18878ffd0a53e3bb89611c22498b64aae79
REF-0078,7,0.875,0.961589,0.883774,0.207372,2,0,2,1,VALIDATION,SYNTHETIC_RESEARCH_FIXTURE,OG-SYNTH-0.3,B1-0.3,build_opus_synthetic_programme_v0_3.py@0.3,20260812,True,8301f07b32da9d73baa23ad29ebb4b5a5d83dc63686d1d995349e1338ade880f
REF-0078,8,1.0,1.015821,0.912214,0.243537,5,3,1,2,VALIDATION,SYNTHETIC_RESEARCH_FIXTURE,OG-SYNTH-0.3,B1-0.3,build_opus_synthetic_programme_v0_3.py@0.3,20260812,True,73e5875ac7d50b696a0a817f37d7adcc3b5a08b4ae44c5e512ea14a293aac5e4
REF-0079,1,0.125,0.992125,0.970251,0.187992,4,0,2,1,LOCKED_HOLDOUT,SYNTHETIC_RESEARCH_FIXTURE,OG-SYNTH-0.3,B1-0.3,build_opus_synthetic_programme_v0_3.py@0.3,20260812,True,cbcfdf5be16c75d3bf45bebc37f204b09f4eb551e4ed8181a648f082ce0fc9b9
REF-0079,2,0.25,0.948825,0.997247,0.18906,3,1,0,1,LOCKED_HOLDOUT,SYNTHETIC_RESEARCH_FIXTURE,OG-SYNTH-0.3,B1-0.3,build_opus_synthetic_programme_v0_3.py@0.3,20260812,True,a538865709962a2063f9c3539cb21f94a3d17e0447284d5b50ced39431ad3d61
REF-0079,3,0.375,1.008222,1.001781,0.203998,4,0,1,2,LOCKED_HOLDOUT,SYNTHETIC_RESEARCH_FIXTURE,OG-SYNTH-0.3,B1-0.3,build_opus_synthetic_programme_v0_3.py@0.3,20260812,True,346d6c0bb3cbd0bca1ae76e9cb888b4c320d32c14895cf1be84c0bcc56717294
REF-0079,4,0.5,0.945299,0.942747,0.101137,5,3,5,0,LOCKED_HOLDOUT,SYNTHETIC_RESEARCH_FIXTURE,OG-SYNTH-0.3,B1-0.3,build_opus_synthetic_programme_v0_3.py@0.3,20260812,True,b96771f89eb7d1448a8e3c20366c55799942e402f6d5a0f478c4bd4d0454d6c7
REF-0079,5,0.625,1.00393,0.894518,0.102789,3,1,4,1,LOCKED_HOLDOUT,SYNTHETIC_RESEARCH_FIXTURE,OG-SYNTH-0.3,B1-0.3,build_opus_synthetic_programme_v0_3.py@0.3,20260812,True,a2391061767b17e7d1180d7516bdb5ef941377e1f0bad2f5c944250e96d8d0a3
REF-0079,6,0.75,0.968407,0.923112,0.180943,8,1,2,2,LOCKED_HOLDOUT,SYNTHETIC_RESEARCH_FIXTURE,OG-SYNTH-0.3,B1-0.3,build_opus_synthetic_programme_v0_3.py@0.3,20260812,True,233407dff247599dc67498b2a46e7af7e772c3a2f86493967decb7c147c74ad6
REF-0079,7,0.875,0.955104,0.980328,0.194729,8,2,6,1,LOCKED_HOLDOUT,SYNTHETIC_RESEARCH_FIXTURE,OG-SYNTH-0.3,B1-0.3,build_opus_synthetic_programme_v0_3.py@0.3,20260812,True,a2200cd773d0efbeebf51c1e1f5632bbca42898d37beea05cf0a064bb15408c6
REF-0079,8,1.0,0.978835,0.964661,0.165229,5,0,3,3,LOCKED_HOLDOUT,SYNTHETIC_RESEARCH_FIXTURE,OG-SYNTH-0.3,B1-0.3,build_opus_synthetic_programme_v0_3.py@0.3,20260812,True,fcb89f030eb51b962283ef00ef570a48af5abee3b53f916e09587d4df8a42af6
REF-0080,1,0.125,0.966015,0.990114,0.201386,2,2,3,0,LOCKED_HOLDOUT,SYNTHETIC_RESEARCH_FIXTURE,OG-SYNTH-0.3,B1-0.3,build_opus_synthetic_programme_v0_3.py@0.3,20260812,True,02abdb19a43d2c2ed8a29e626de520502fb53982d3a813084ec6134431b96b4a
REF-0080,2,0.25,0.991623,0.914756,0.237825,4,5,0,1,LOCKED_HOLDOUT,SYNTHETIC_RESEARCH_FIXTURE,OG-SYNTH-0.3,B1-0.3,build_opus_synthetic_programme_v0_3.py@0.3,20260812,True,f215048b4fd9f5d96459b74e1f518aff38cbeadde3bbbcab509412cefacbd80f
REF-0080,3,0.375,0.962487,0.907671,0.281635,2,1,3,0,LOCKED_HOLDOUT,SYNTHETIC_RESEARCH_FIXTURE,OG-SYNTH-0.3,B1-0.3,build_opus_synthetic_programme_v0_3.py@0.3,20260812,True,49a0b2d59df371567f569b236768df07f851e232a3af529017bd8c6e389e18d2
REF-0080,4,0.5,0.938603,0.884075,0.28411,9,1,6,2,LOCKED_HOLDOUT,SYNTHETIC_RESEARCH_FIXTURE,OG-SYNTH-0.3,B1-0.3,build_opus_synthetic_programme_v0_3.py@0.3,20260812,True,c89ee2b36c4a036027f8563964cfd704debab06919ce53b788527fe4478084dc
REF-0080,5,0.625,0.876589,0.896066,0.244085,12,4,2,4,LOCKED_HOLDOUT,SYNTHETIC_RESEARCH_FIXTURE,OG-SYNTH-0.3,B1-0.3,build_opus_synthetic_programme_v0_3.py@0.3,20260812,True,b3272f05c0b4436ad2dc2357ec13927d1dd622bc2fd0f53e9a8c193316c5344b
REF-0080,6,0.75,0.897972,0.830994,0.267514,16,2,5,3,LOCKED_HOLDOUT,SYNTHETIC_RESEARCH_FIXTURE,OG-SYNTH-0.3,B1-0.3,build_opus_synthetic_programme_v0_3.py@0.3,20260812,True,05a1bfdf544619d1b79432b3df7e427b576305f7d1ca77b05a50062e6f16f4a9
REF-0080,7,0.875,0.88271,0.836543,0.28357,8,3,5,4,LOCKED_HOLDOUT,SYNTHETIC_RESEARCH_FIXTURE,OG-SYNTH-0.3,B1-0.3,build_opus_synthetic_programme_v0_3.py@0.3,20260812,True,a187adf466a75cd455f1ae5196ce3d0039e8b97f6defd2eb2275fe8304d84bb7
REF-0080,8,1.0,0.847803,0.749488,0.325017,20,5,7,2,LOCKED_HOLDOUT,SYNTHETIC_RESEARCH_FIXTURE,OG-SYNTH-0.3,B1-0.3,build_opus_synthetic_programme_v0_3.py@0.3,20260812,True,79a01e9c10c7cb4657e8b77aa8836a2be2699aeac00bcf02f3c4bf2296f4e5b4
REF-0081,1,0.125,0.980491,0.978705,0.195904,2,1,2,1,DEVELOPMENT,SYNTHETIC_RESEARCH_FIXTURE,OG-SYNTH-0.3,B1-0.3,build_opus_synthetic_programme_v0_3.py@0.3,20260812,True,b7a95f4ff5dc4de4575ee0fe7959a34421b9f9568190d55c03c1f4e580bca97e
REF-0081,2,0.25,1.044385,0.986616,0.210203,2,1,0,1,DEVELOPMENT,SYNTHETIC_RESEARCH_FIXTURE,OG-SYNTH-0.3,B1-0.3,build_opus_synthetic_programme_v0_3.py@0.3,20260812,True,c5e542868180c676aaf840086d02fb3cc396dd96c624840e959466adba276383
REF-0081,3,0.375,0.976391,0.937093,0.211619,6,3,1,1,DEVELOPMENT,SYNTHETIC_RESEARCH_FIXTURE,OG-SYNTH-0.3,B1-0.3,build_opus_synthetic_programme_v0_3.py@0.3,20260812,True,e85f590c15f1971a63c388bc7c532acd9e23f24abac347fa147a3e383f51e07f
REF-0081,4,0.5,0.952295,0.881099,0.218552,0,4,1,0,DEVELOPMENT,SYNTHETIC_RESEARCH_FIXTURE,OG-SYNTH-0.3,B1-0.3,build_opus_synthetic_programme_v0_3.py@0.3,20260812,True,509109d894493e68937e0e07614e5e6dd540eb0f2ccf35f1627ac569ccd55e7d
REF-0081,5,0.625,0.991523,0.963658,0.213607,6,2,2,0,DEVELOPMENT,SYNTHETIC_RESEARCH_FIXTURE,OG-SYNTH-0.3,B1-0.3,build_opus_synthetic_programme_v0_3.py@0.3,20260812,True,1511d41a35f994fb7676a4df7e1ca3b3525dc819443fea6a9c2db2996ead168b
REF-0081,6,0.75,0.982296,0.869027,0.273247,6,1,3,1,DEVELOPMENT,SYNTHETIC_RESEARCH_FIXTURE,OG-SYNTH-0.3,B1-0.3,build_opus_synthetic_programme_v0_3.py@0.3,20260812,True,1e68150d9bc910ac748c4bf5e238d3d3b739e28bdae7b4db7d5e9c62114bf664
REF-0081,7,0.875,1.022411,0.880614,0.215867,9,2,1,2,DEVELOPMENT,SYNTHETIC_RESEARCH_FIXTURE,OG-SYNTH-0.3,B1-0.3,build_opus_synthetic_programme_v0_3.py@0.3,20260812,True,bdeb92366844e036da824949d97cf4c385e248ea40f409c3de292ab9d63ab397
REF-0081,8,1.0,0.978787,0.909063,0.262196,12,0,2,3,DEVELOPMENT,SYNTHETIC_RESEARCH_FIXTURE,OG-SYNTH-0.3,B1-0.3,build_opus_synthetic_programme_v0_3.py@0.3,20260812,True,60b06d1b469be45ebb6d7bfabf0a086b70fd16141f40d7c217a81c9d9e75760f
REF-0082,1,0.125,1.022604,0.999066,0.167276,5,3,1,4,VALIDATION,SYNTHETIC_RESEARCH_FIXTURE,OG-SYNTH-0.3,B1-0.3,build_opus_synthetic_programme_v0_3.py@0.3,20260812,True,8fe2c5476c70dee5f2d9205a702e6d47468b9e80255f9a31d8eed27b1ca8bdfc
REF-0082,2,0.25,0.968233,0.976467,0.145533,6,0,2,2,VALIDATION,SYNTHETIC_RESEARCH_FIXTURE,OG-SYNTH-0.3,B1-0.3,build_opus_synthetic_programme_v0_3.py@0.3,20260812,True,1600a098865d8e5ca37bd2947bc6159d8327efdb0fe2e51d143cb883a70d5e81
REF-0082,3,0.375,0.953204,0.978773,0.175788,6,2,1,3,VALIDATION,SYNTHETIC_RESEARCH_FIXTURE,OG-SYNTH-0.3,B1-0.3,build_opus_synthetic_programme_v0_3.py@0.3,20260812,True,8522b336c3031ee4b510339cff521fba828c2917f771f6925b369cedfb2fa3ac
REF-0082,4,0.5,0.944298,0.946898,0.196095,6,0,3,1,VALIDATION,SYNTHETIC_RESEARCH_FIXTURE,OG-SYNTH-0.3,B1-0.3,build_opus_synthetic_programme_v0_3.py@0.3,20260812,True,e0bf7a2fbf72ffe1d47957e5a4cd8f110d198c5c2318ac422893d97cebdf9dd2
REF-0082,5,0.625,0.979949,0.942176,0.155671,10,1,6,3,VALIDATION,SYNTHETIC_RESEARCH_FIXTURE,OG-SYNTH-0.3,B1-0.3,build_opus_synthetic_programme_v0_3.py@0.3,20260812,True,383bda67f7cc4ed99b5197f6ec61991016e7f36659bc69e90d77cb8e16bd716c
REF-0082,6,0.75,0.939517,0.887658,0.273842,11,2,4,5,VALIDATION,SYNTHETIC_RESEARCH_FIXTURE,OG-SYNTH-0.3,B1-0.3,build_opus_synthetic_programme_v0_3.py@0.3,20260812,True,517b46722ff93aa6275c5933e10fdc5bb5f3e1145cdc9391010af828d10c6b73
REF-0082,7,0.875,0.883884,0.880765,0.166947,13,1,6,0,VALIDATION,SYNTHETIC_RESEARCH_FIXTURE,OG-SYNTH-0.3,B1-0.3,build_opus_synthetic_programme_v0_3.py@0.3,20260812,True,3f6b88a48579a3a72e2b3fb4ff9b9ea10de7239c19de65329ff3fb8ca94aafae
REF-0082,8,1.0,0.904626,0.83475,0.198767,16,4,6,2,VALIDATION,SYNTHETIC_RESEARCH_FIXTURE,OG-SYNTH-0.3,B1-0.3,build_opus_synthetic_programme_v0_3.py@0.3,20260812,True,90d8c95f78cde779fc375f8a121dfd476a2c42db382b4fe31458165248686e95
REF-0083,1,0.125,0.985662,0.994589,0.15351,1,3,3,3,DEVELOPMENT,SYNTHETIC_RESEARCH_FIXTURE,OG-SYNTH-0.3,B1-0.3,build_opus_synthetic_programme_v0_3.py@0.3,20260812,True,55e260a76e09dca0190ec23641993e31d50e70ec03044623d9a9036984e1fe41
REF-0083,2,0.25,0.943321,0.985864,0.223409,2,3,1,1,DEVELOPMENT,SYNTHETIC_RESEARCH_FIXTURE,OG-SYNTH-0.3,B1-0.3,build_opus_synthetic_programme_v0_3.py@0.3,20260812,True,30ae85720df5b54ca3968fec25f454abc11dced7b239dcca4b3d5d5005f7d938
REF-0083,3,0.375,0.900206,0.914784,0.233458,3,3,2,3,DEVELOPMENT,SYNTHETIC_RESEARCH_FIXTURE,OG-SYNTH-0.3,B1-0.3,build_opus_synthetic_programme_v0_3.py@0.3,20260812,True,a33eae1b2c3a7c29eca05a4b3285b29efd73af5800707dc71cc1176bbd0d6fea
REF-0083,4,0.5,0.923131,0.901648,0.235564,7,0,3,1,DEVELOPMENT,SYNTHETIC_RESEARCH_FIXTURE,OG-SYNTH-0.3,B1-0.3,build_opus_synthetic_programme_v0_3.py@0.3,20260812,True,9805a4230ead7677928731630091bd303dfe6af914a4c232cdd1c4693629807d
REF-0083,5,0.625,0.879743,0.859159,0.298874,10,1,2,0,DEVELOPMENT,SYNTHETIC_RESEARCH_FIXTURE,OG-SYNTH-0.3,B1-0.3,build_opus_synthetic_programme_v0_3.py@0.3,20260812,True,fd7ea2c159a7e48ed60d1874f88f82df50b80a6841edef2c064bf62e6392e9d2
REF-0083,6,0.75,0.85542,0.906849,0.22318,11,1,1,1,DEVELOPMENT,SYNTHETIC_RESEARCH_FIXTURE,OG-SYNTH-0.3,B1-0.3,build_opus_synthetic_programme_v0_3.py@0.3,20260812,True,e8ce25cdb6c4d92e9597878d3aff1f79ad6918ba5a60253e16b9736de30554de
REF-0083,7,0.875,0.834734,0.825865,0.280608,8,2,4,1,DEVELOPMENT,SYNTHETIC_RESEARCH_FIXTURE,OG-SYNTH-0.3,B1-0.3,build_opus_synthetic_programme_v0_3.py@0.3,20260812,True,c8649a3c451cb700edda0b0739a662b6c2b6cf4d916bf6088fb112e881d26d4f
REF-0083,8,1.0,0.804424,0.817846,0.346011,14,4,2,6,DEVELOPMENT,SYNTHETIC_RESEARCH_FIXTURE,OG-SYNTH-0.3,B1-0.3,build_opus_synthetic_programme_v0_3.py@0.3,20260812,True,a3884935509fd6f6445fb1c78120de502e08ef52f33d30ac935f3c458605b776
REF-0084,1,0.125,1.014663,0.982253,0.129266,1,1,0,3,DEVELOPMENT,SYNTHETIC_RESEARCH_FIXTURE,OG-SYNTH-0.3,B1-0.3,build_opus_synthetic_programme_v0_3.py@0.3,20260812,True,f46b076e640b07f09b33255fa3fc64c072d061047ae60f5b7a79fb8a8e8bfb50
REF-0084,2,0.25,0.961363,0.992603,0.164233,3,0,0,0,DEVELOPMENT,SYNTHETIC_RESEARCH_FIXTURE,OG-SYNTH-0.3,B1-0.3,build_opus_synthetic_programme_v0_3.py@0.3,20260812,True,f361feee35834eb8aa0fe41281977ddf596a3318bb6bbdbe2fa1de9518369b94
REF-0084,3,0.375,0.950602,0.9639,0.15509,3,0,0,1,DEVELOPMENT,SYNTHETIC_RESEARCH_FIXTURE,OG-SYNTH-0.3,B1-0.3,build_opus_synthetic_programme_v0_3.py@0.3,20260812,True,d4b4052431689f13b572f06c5cb927801af39609595a51c7c5eefad2d9c9b24d
REF-0084,4,0.5,0.964688,0.93936,0.196285,3,0,3,1,DEVELOPMENT,SYNTHETIC_RESEARCH_FIXTURE,OG-SYNTH-0.3,B1-0.3,build_opus_synthetic_programme_v0_3.py@0.3,20260812,True,bc80cc415cfc49167e8640fa1af8a0c01b77665e84bb57481d0c5ee37c892ff2
REF-0084,5,0.625,0.970957,0.957177,0.115052,4,2,2,4,DEVELOPMENT,SYNTHETIC_RESEARCH_FIXTURE,OG-SYNTH-0.3,B1-0.3,build_opus_synthetic_programme_v0_3.py@0.3,20260812,True,0c20d9ba042a4a6248372a03a2695fbde4d512a8302a065f646ca4e22bf9e20b
REF-0084,6,0.75,0.871225,0.984407,0.218911,6,0,3,1,DEVELOPMENT,SYNTHETIC_RESEARCH_FIXTURE,OG-SYNTH-0.3,B1-0.3,build_opus_synthetic_programme_v0_3.py@0.3,20260812,True,2e233ac661cba65c5475efd60b8d20ff66505d238fe0e6a7903bc612c16e85e4
REF-0084,7,0.875,0.928497,0.975601,0.227586,1,2,0,4,DEVELOPMENT,SYNTHETIC_RESEARCH_FIXTURE,OG-SYNTH-0.3,B1-0.3,build_opus_synthetic_programme_v0_3.py@0.3,20260812,True,804f4453d8071edfe5b4d78decaf8d8aad92d2120ccbc401f085e438023f6682
REF-0084,8,1.0,0.871687,0.967539,0.194177,1,4,3,0,DEVELOPMENT,SYNTHETIC_RESEARCH_FIXTURE,OG-SYNTH-0.3,B1-0.3,build_opus_synthetic_programme_v0_3.py@0.3,20260812,True,ffdf07c162e56889676a3159cd05f57854153934ec2bcdbf306a674777c8cab9
REF-0085,1,0.125,0.977134,0.969228,0.248192,2,0,1,2,DEVELOPMENT,SYNTHETIC_RESEARCH_FIXTURE,OG-SYNTH-0.3,B1-0.3,build_opus_synthetic_programme_v0_3.py@0.3,20260812,True,0cace8c27dc5e178f7da43d31a9c654163cf1fa4965fcb4c195db3c4c304d7c9
REF-0085,2,0.25,0.951264,0.906649,0.246273,8,2,2,3,DEVELOPMENT,SYNTHETIC_RESEARCH_FIXTURE,OG-SYNTH-0.3,B1-0.3,build_opus_synthetic_programme_v0_3.py@0.3,20260812,True,71a22b9d4bd0dbebecb45363fbcf535f4f9de77c8b37da096a91123c91b999aa
REF-0085,3,0.375,0.989024,0.909932,0.242976,13,2,4,1,DEVELOPMENT,SYNTHETIC_RESEARCH_FIXTURE,OG-SYNTH-0.3,B1-0.3,build_opus_synthetic_programme_v0_3.py@0.3,20260812,True,c632f9b0a49efcc010fd1f3c87e7d6519c69c0528a29078f200a7c68157d32e7
REF-0085,4,0.5,0.936826,0.907981,0.214476,2,1,6,1,DEVELOPMENT,SYNTHETIC_RESEARCH_FIXTURE,OG-SYNTH-0.3,B1-0.3,build_opus_synthetic_programme_v0_3.py@0.3,20260812,True,ab4068dd0c22bef1f00b1706e2ff04e00a48bbc4a839ad6fc6bd888e42b0e690
REF-0085,5,0.625,0.906065,0.936637,0.232038,11,0,3,2,DEVELOPMENT,SYNTHETIC_RESEARCH_FIXTURE,OG-SYNTH-0.3,B1-0.3,build_opus_synthetic_programme_v0_3.py@0.3,20260812,True,b64b1f790c0c3bcc3e769f2774cd35f2668bf03b22c46bc3c759a8e8133437fe
REF-0085,6,0.75,0.894057,0.84925,0.283021,7,1,5,3,DEVELOPMENT,SYNTHETIC_RESEARCH_FIXTURE,OG-SYNTH-0.3,B1-0.3,build_opus_synthetic_programme_v0_3.py@0.3,20260812,True,4e43c09e1a62b001004676d25df735b07bdc3c033b6bf082224aa524bf3b60ae
REF-0085,7,0.875,0.866353,0.807075,0.32255,13,4,3,1,DEVELOPMENT,SYNTHETIC_RESEARCH_FIXTURE,OG-SYNTH-0.3,B1-0.3,build_opus_synthetic_programme_v0_3.py@0.3,20260812,True,18134e1fcaf9fd9f682daefaa1a9a92dd77efb99784a9403a914ae6423597d5d
REF-0085,8,1.0,0.863892,0.814125,0.400096,7,3,5,5,DEVELOPMENT,SYNTHETIC_RESEARCH_FIXTURE,OG-SYNTH-0.3,B1-0.3,build_opus_synthetic_programme_v0_3.py@0.3,20260812,True,0c0301738b070079a23703274d585da53b6165907cda8d2839105eb681b98664
REF-0086,1,0.125,0.971255,1.001556,0.181026,4,2,0,1,DEVELOPMENT,SYNTHETIC_RESEARCH_FIXTURE,OG-SYNTH-0.3,B1-0.3,build_opus_synthetic_programme_v0_3.py@0.3,20260812,True,53dfc31bd5b61b5e0e0cc6f475359ed616d23dedace46cf3a634c479ef55466f
REF-0086,2,0.25,0.967619,0.988292,0.113253,6,4,2,0,DEVELOPMENT,SYNTHETIC_RESEARCH_FIXTURE,OG-SYNTH-0.3,B1-0.3,build_opus_synthetic_programme_v0_3.py@0.3,20260812,True,69202da43dfc60f3742d09726d771851cdecc657714ce1c5c1da5a1ef8e0c184
REF-0086,3,0.375,0.946619,0.902764,0.157695,7,1,3,0,DEVELOPMENT,SYNTHETIC_RESEARCH_FIXTURE,OG-SYNTH-0.3,B1-0.3,build_opus_synthetic_programme_v0_3.py@0.3,20260812,True,8318b12452fc226e07cccfdd1c76bdea459c4d328f88c50e98b6f52ac6133f5c
REF-0086,4,0.5,0.905648,0.968981,0.140629,15,0,4,1,DEVELOPMENT,SYNTHETIC_RESEARCH_FIXTURE,OG-SYNTH-0.3,B1-0.3,build_opus_synthetic_programme_v0_3.py@0.3,20260812,True,70b57267138d9a48494d0c4088dbf1e5db7dc91f5fbaba190b2e7bb785420ee6
REF-0086,5,0.625,0.896414,0.92777,0.231511,4,1,3,1,DEVELOPMENT,SYNTHETIC_RESEARCH_FIXTURE,OG-SYNTH-0.3,B1-0.3,build_opus_synthetic_programme_v0_3.py@0.3,20260812,True,aa49a362beeaf3e4f9803ccbef758040d31c1f3d8e0ac5db0c2a3d146097716f
REF-0086,6,0.75,0.840919,0.909361,0.232454,8,2,1,6,DEVELOPMENT,SYNTHETIC_RESEARCH_FIXTURE,OG-SYNTH-0.3,B1-0.3,build_opus_synthetic_programme_v0_3.py@0.3,20260812,True,8641ad3ea08d75f5da9c774b9cc063fced1ad58558c2200dd94e567b159f2a99
REF-0086,7,0.875,0.899523,0.919924,0.26773,14,1,6,1,DEVELOPMENT,SYNTHETIC_RESEARCH_FIXTURE,OG-SYNTH-0.3,B1-0.3,build_opus_synthetic_programme_v0_3.py@0.3,20260812,True,1f1604cdb21448ce737a8760d1daa83d5eaed5706c2279f40de47e11dbe88dff
REF-0086,8,1.0,0.859727,0.828944,0.201729,13,4,5,4,DEVELOPMENT,SYNTHETIC_RESEARCH_FIXTURE,OG-SYNTH-0.3,B1-0.3,build_opus_synthetic_programme_v0_3.py@0.3,20260812,True,59ac7a7179e4d7c9d4d9dc8b90210994914b3ddd48116d3691e1cfe64ca6bdd6
REF-0087,1,0.125,0.966936,0.942714,0.126119,6,1,2,0,DEVELOPMENT,SYNTHETIC_RESEARCH_FIXTURE,OG-SYNTH-0.3,B1-0.3,build_opus_synthetic_programme_v0_3.py@0.3,20260812,True,92352bac7da4a84b3e30621284e24aa54474d264bbfcc41cf224db9f974fef64
REF-0087,2,0.25,0.960903,0.911209,0.258085,8,3,3,2,DEVELOPMENT,SYNTHETIC_RESEARCH_FIXTURE,OG-SYNTH-0.3,B1-0.3,build_opus_synthetic_programme_v0_3.py@0.3,20260812,True,d27c101ef09f725344c3d45b2d8fc9f17521dd7d25ffc888513030125cf132c7
REF-0087,3,0.375,0.94317,0.927181,0.155684,12,2,2,2,DEVELOPMENT,SYNTHETIC_RESEARCH_FIXTURE,OG-SYNTH-0.3,B1-0.3,build_opus_synthetic_programme_v0_3.py@0.3,20260812,True,4b5c3fd63d78de12b92952921ab67bf178052c190a4ba5a0a2ecad4ff844324a
REF-0087,4,0.5,0.907011,0.902839,0.215458,5,3,4,4,DEVELOPMENT,SYNTHETIC_RESEARCH_FIXTURE,OG-SYNTH-0.3,B1-0.3,build_opus_synthetic_programme_v0_3.py@0.3,20260812,True,20eef17e89637f33bb9324c54a1be214531d65a355f55ba46b228f0758294874
REF-0087,5,0.625,0.874709,0.868768,0.28217,11,5,3,2,DEVELOPMENT,SYNTHETIC_RESEARCH_FIXTURE,OG-SYNTH-0.3,B1-0.3,build_opus_synthetic_programme_v0_3.py@0.3,20260812,True,eba49a6ef0a598d9f7282223490a6e3ecf1af2e18491488b2cca3d4bcae94131
REF-0087,6,0.75,0.877023,0.842429,0.24251,12,1,6,3,DEVELOPMENT,SYNTHETIC_RESEARCH_FIXTURE,OG-SYNTH-0.3,B1-0.3,build_opus_synthetic_programme_v0_3.py@0.3,20260812,True,b1f0d66a4298a721a53cfa066440f0597acd79b002313060be45ac751a652279
REF-0087,7,0.875,0.824496,0.824463,0.253634,18,3,7,2,DEVELOPMENT,SYNTHETIC_RESEARCH_FIXTURE,OG-SYNTH-0.3,B1-0.3,build_opus_synthetic_programme_v0_3.py@0.3,20260812,True,30c93bae94eb46dfe52c0170d4c69e21b7e9a33ed89b44c163b390e74bd299d8
REF-0087,8,1.0,0.841326,0.826409,0.251967,11,3,4,1,DEVELOPMENT,SYNTHETIC_RESEARCH_FIXTURE,OG-SYNTH-0.3,B1-0.3,build_opus_synthetic_programme_v0_3.py@0.3,20260812,True,e4a135f2339f4256b54c906751da5361a783fdb05785b240fe465621ccf605fd
REF-0088,1,0.125,1.011273,0.964747,0.106021,1,0,1,1,VALIDATION,SYNTHETIC_RESEARCH_FIXTURE,OG-SYNTH-0.3,B1-0.3,build_opus_synthetic_programme_v0_3.py@0.3,20260812,True,c4f5db0919233f1cd86a64d60b0b0e5b4e7ba5285cd06053621f54b89ee2ecc2
REF-0088,2,0.25,0.993646,0.981302,0.152332,2,1,1,3,VALIDATION,SYNTHETIC_RESEARCH_FIXTURE,OG-SYNTH-0.3,B1-0.3,build_opus_synthetic_programme_v0_3.py@0.3,20260812,True,48a99bc176ec2a997963bfdf34ff6237b222574f357bfec4d8e08703dfdbace6
REF-0088,3,0.375,1.005452,0.965139,0.144461,1,1,2,1,VALIDATION,SYNTHETIC_RESEARCH_FIXTURE,OG-SYNTH-0.3,B1-0.3,build_opus_synthetic_programme_v0_3.py@0.3,20260812,True,99fa6c6fc51c0595a514ffb6dc0efb0dd959f5450a559046b28c35d7cdfe4e58
REF-0088,4,0.5,0.976261,0.962055,0.268508,1,0,3,3,VALIDATION,SYNTHETIC_RESEARCH_FIXTURE,OG-SYNTH-0.3,B1-0.3,build_opus_synthetic_programme_v0_3.py@0.3,20260812,True,f1dea041f79ac8059281764af0c03f054256e9cd09c9c57961ee5a2203d34580
REF-0088,5,0.625,0.969599,0.977153,0.179651,10,2,6,1,VALIDATION,SYNTHETIC_RESEARCH_FIXTURE,OG-SYNTH-0.3,B1-0.3,build_opus_synthetic_programme_v0_3.py@0.3,20260812,True,0d675020586a575b0d8effefcdb0f75077807ba9d36096cb161c8cd8aa294e48
REF-0088,6,0.75,0.955993,0.927342,0.164592,10,0,6,1,VALIDATION,SYNTHETIC_RESEARCH_FIXTURE,OG-SYNTH-0.3,B1-0.3,build_opus_synthetic_programme_v0_3.py@0.3,20260812,True,da337bc824694ce42694f0efd2a6a4c08b01b54c2f9583c72356f13077722ce5
REF-0088,7,0.875,0.963347,0.894181,0.183864,7,2,1,2,VALIDATION,SYNTHETIC_RESEARCH_FIXTURE,OG-SYNTH-0.3,B1-0.3,build_opus_synthetic_programme_v0_3.py@0.3,20260812,True,5df9a54bb8266dd9cb6a23b0bb02e3baf8f792bcc83e162361aa3f7d06246c07
REF-0088,8,1.0,0.939943,0.90419,0.159816,12,3,1,1,VALIDATION,SYNTHETIC_RESEARCH_FIXTURE,OG-SYNTH-0.3,B1-0.3,build_opus_synthetic_programme_v0_3.py@0.3,20260812,True,8920fed84717c06b7216ec1e4a0e41ac1e103749bb4451fe2bad1b8ab08eb206
REF-0089,1,0.125,1.008521,0.991169,0.13722,3,0,1,0,DEVELOPMENT,SYNTHETIC_RESEARCH_FIXTURE,OG-SYNTH-0.3,B1-0.3,build_opus_synthetic_programme_v0_3.py@0.3,20260812,True,8751b1c5992a0a6ec5778b64aa42c3acc9d3c02b53287d5c91097ec93ac9d6ba
REF-0089,2,0.25,0.949953,0.988395,0.154035,6,3,4,1,DEVELOPMENT,SYNTHETIC_RESEARCH_FIXTURE,OG-SYNTH-0.3,B1-0.3,build_opus_synthetic_programme_v0_3.py@0.3,20260812,True,71577ed57f38913b63b6fe801ec1d98e4c87708157b939757c4a99d260d82bb4
REF-0089,3,0.375,0.92176,0.938005,0.209686,7,1,2,2,DEVELOPMENT,SYNTHETIC_RESEARCH_FIXTURE,OG-SYNTH-0.3,B1-0.3,build_opus_synthetic_programme_v0_3.py@0.3,20260812,True,9377f0a048af1e87dc1e56dbd52a379083a21832ef660cc7373243c5fe56de3f
REF-0089,4,0.5,0.887901,0.928641,0.236017,12,4,4,3,DEVELOPMENT,SYNTHETIC_RESEARCH_FIXTURE,OG-SYNTH-0.3,B1-0.3,build_opus_synthetic_programme_v0_3.py@0.3,20260812,True,b037c7d39917ab2162c01bf75be6cf706dc80827a63b493756603cf1b086f6d4
REF-0089,5,0.625,0.905582,0.927885,0.205327,10,2,3,0,DEVELOPMENT,SYNTHETIC_RESEARCH_FIXTURE,OG-SYNTH-0.3,B1-0.3,build_opus_synthetic_programme_v0_3.py@0.3,20260812,True,2ecbcf43c3ead39145eff95f23a39c95dc7b2d791acf29ccbfcd811c0166f2a2
REF-0089,6,0.75,0.859304,0.8903,0.254014,20,6,6,2,DEVELOPMENT,SYNTHETIC_RESEARCH_FIXTURE,OG-SYNTH-0.3,B1-0.3,build_opus_synthetic_programme_v0_3.py@0.3,20260812,True,3dec3114b17cd658697373a9e5797e31db555db24b1e6e9bb6f583c45128452d
REF-0089,7,0.875,0.81294,0.851138,0.288574,13,8,1,3,DEVELOPMENT,SYNTHETIC_RESEARCH_FIXTURE,OG-SYNTH-0.3,B1-0.3,build_opus_synthetic_programme_v0_3.py@0.3,20260812,True,08c5b3f135aac0bb8639d9ccbc460a6a597ef22096b6bd07b10c85e647c8b3bf
REF-0089,8,1.0,0.775642,0.808103,0.299394,12,4,11,2,DEVELOPMENT,SYNTHETIC_RESEARCH_FIXTURE,OG-SYNTH-0.3,B1-0.3,build_opus_synthetic_programme_v0_3.py@0.3,20260812,True,edd35acc3e39c68330d75520761c68e3ba70f5ca15e4236ad3e67c07002c12ae
REF-0090,1,0.125,0.975585,0.981866,0.163447,2,1,0,2,DEVELOPMENT,SYNTHETIC_RESEARCH_FIXTURE,OG-SYNTH-0.3,B1-0.3,build_opus_synthetic_programme_v0_3.py@0.3,20260812,True,62679275b7c30dc6354148360712f4cb90ce12a5b399a36172afe59bc6c17c58
REF-0090,2,0.25,0.98106,0.970972,0.175423,3,1,1,1,DEVELOPMENT,SYNTHETIC_RESEARCH_FIXTURE,OG-SYNTH-0.3,B1-0.3,build_opus_synthetic_programme_v0_3.py@0.3,20260812,True,23400d8e418477b236b514cb1df1ff7702cc31d079525c8ac6031f2ffeca9de7
REF-0090,3,0.375,0.913318,0.95906,0.163953,5,0,3,4,DEVELOPMENT,SYNTHETIC_RESEARCH_FIXTURE,OG-SYNTH-0.3,B1-0.3,build_opus_synthetic_programme_v0_3.py@0.3,20260812,True,596681575be3446d875cec4e828797c786de817c18a5d4f923bd8a59ad4795a9
REF-0090,4,0.5,0.872466,0.934564,0.210464,2,3,2,0,DEVELOPMENT,SYNTHETIC_RESEARCH_FIXTURE,OG-SYNTH-0.3,B1-0.3,build_opus_synthetic_programme_v0_3.py@0.3,20260812,True,d39234cc9c513e7d9fb72cc079014e328a3ebd5c65e96d9c59a134b7c815fd3e
REF-0090,5,0.625,0.897959,0.949216,0.2411,7,7,3,0,DEVELOPMENT,SYNTHETIC_RESEARCH_FIXTURE,OG-SYNTH-0.3,B1-0.3,build_opus_synthetic_programme_v0_3.py@0.3,20260812,True,fe6fa8a64f057a9e851d2735f79579036affc37bc1cc03b73b3f51d388bb3c0f
REF-0090,6,0.75,0.858599,0.942585,0.262664,17,3,4,2,DEVELOPMENT,SYNTHETIC_RESEARCH_FIXTURE,OG-SYNTH-0.3,B1-0.3,build_opus_synthetic_programme_v0_3.py@0.3,20260812,True,6af82666c2000770e10374bca19632269034243bb5d1e5e2339bd580d08ca72d
REF-0090,7,0.875,0.818428,0.893247,0.228086,8,3,0,0,DEVELOPMENT,SYNTHETIC_RESEARCH_FIXTURE,OG-SYNTH-0.3,B1-0.3,build_opus_synthetic_programme_v0_3.py@0.3,20260812,True,ecf18c7d6890116f53b2a52274d442e2a9242fc1987368672d346e9fec7d072d
REF-0090,8,1.0,0.826332,0.895234,0.284322,9,2,4,5,DEVELOPMENT,SYNTHETIC_RESEARCH_FIXTURE,OG-SYNTH-0.3,B1-0.3,build_opus_synthetic_programme_v0_3.py@0.3,20260812,True,e390051625d5eae86a5f8d1139ae4fa64eb249c8d51e7ae787a7c3603e0e7e86
REF-0091,1,0.125,0.985666,0.956419,0.112832,5,3,3,1,DEVELOPMENT,SYNTHETIC_RESEARCH_FIXTURE,OG-SYNTH-0.3,B1-0.3,build_opus_synthetic_programme_v0_3.py@0.3,20260812,True,ce004c1e02e9eb071e07e64a1f5bff0ded23e3a1f11598cc5d00839437010342
REF-0091,2,0.25,0.990282,0.95867,0.20978,2,0,0,0,DEVELOPMENT,SYNTHETIC_RESEARCH_FIXTURE,OG-SYNTH-0.3,B1-0.3,build_opus_synthetic_programme_v0_3.py@0.3,20260812,True,21704b6e639b2a96b7f7e75d697bc0c878fd7f82014d6be7fe5d0faff72755c8
REF-0091,3,0.375,0.960934,1.001001,0.246798,5,5,3,1,DEVELOPMENT,SYNTHETIC_RESEARCH_FIXTURE,OG-SYNTH-0.3,B1-0.3,build_opus_synthetic_programme_v0_3.py@0.3,20260812,True,08029cacffc55aa975ef243104405b4bbfc57c00cd6eb8901b981cecde1df471
REF-0091,4,0.5,0.974736,0.968805,0.183189,7,2,2,2,DEVELOPMENT,SYNTHETIC_RESEARCH_FIXTURE,OG-SYNTH-0.3,B1-0.3,build_opus_synthetic_programme_v0_3.py@0.3,20260812,True,4a9c5678f98a7fab49290b4004f181dba1aea205a0367ab1c66d9cadb31b92c9
REF-0091,5,0.625,0.966119,0.973169,0.161381,9,3,1,1,DEVELOPMENT,SYNTHETIC_RESEARCH_FIXTURE,OG-SYNTH-0.3,B1-0.3,build_opus_synthetic_programme_v0_3.py@0.3,20260812,True,13d5e5ac09a58c97e64dcaded94cee5580a339a07d4e2062a191477561e56a19
REF-0091,6,0.75,0.931601,0.96685,0.21343,15,2,1,0,DEVELOPMENT,SYNTHETIC_RESEARCH_FIXTURE,OG-SYNTH-0.3,B1-0.3,build_opus_synthetic_programme_v0_3.py@0.3,20260812,True,32cd91063c798052be76fa3e016c36ef0fc9687bfa53d96165e5aa877a7f7997
REF-0091,7,0.875,0.901327,0.905956,0.225132,10,1,5,1,DEVELOPMENT,SYNTHETIC_RESEARCH_FIXTURE,OG-SYNTH-0.3,B1-0.3,build_opus_synthetic_programme_v0_3.py@0.3,20260812,True,4f96b3fcc22e3c0d5d33b8d0dff0e20da297b99b2998f0d8e3134dbf874fb88a
REF-0091,8,1.0,0.885744,0.924532,0.157642,15,0,2,1,DEVELOPMENT,SYNTHETIC_RESEARCH_FIXTURE,OG-SYNTH-0.3,B1-0.3,build_opus_synthetic_programme_v0_3.py@0.3,20260812,True,878fbd2954292d4d9029e632c4c65c8349f7463fa77c5530a8ccf7fa55481d28
REF-0092,1,0.125,1.004676,0.992467,0.202554,4,1,3,1,VALIDATION,SYNTHETIC_RESEARCH_FIXTURE,OG-SYNTH-0.3,B1-0.3,build_opus_synthetic_programme_v0_3.py@0.3,20260812,True,4609b4fb1a22be1d44f2329b0d5a19619942daf3f29999221d991db5e754be07
REF-0092,2,0.25,0.973274,0.956257,0.229718,4,0,2,2,VALIDATION,SYNTHETIC_RESEARCH_FIXTURE,OG-SYNTH-0.3,B1-0.3,build_opus_synthetic_programme_v0_3.py@0.3,20260812,True,f7ad5b4a8730721ef9acc98a51263d6f26fa6cfe266fab40131cb471e3e903b0
REF-0092,3,0.375,0.972273,0.994181,0.110421,4,4,3,2,VALIDATION,SYNTHETIC_RESEARCH_FIXTURE,OG-SYNTH-0.3,B1-0.3,build_opus_synthetic_programme_v0_3.py@0.3,20260812,True,fa9d76172d48b1e2101e09d74581b196e3c04fb66d46beb09241c43ca2b05a73
REF-0092,4,0.5,0.966635,0.92917,0.169571,6,3,1,1,VALIDATION,SYNTHETIC_RESEARCH_FIXTURE,OG-SYNTH-0.3,B1-0.3,build_opus_synthetic_programme_v0_3.py@0.3,20260812,True,bf636f0b1e8db4da92238d2f18d8a1e8aab65c171ce9011690a0c318c52e6821
REF-0092,5,0.625,0.992678,0.950589,0.1751,9,2,0,2,VALIDATION,SYNTHETIC_RESEARCH_FIXTURE,OG-SYNTH-0.3,B1-0.3,build_opus_synthetic_programme_v0_3.py@0.3,20260812,True,24a8362b791ee73a1bd4f8909c0e0a121fe1780b6755a8adad935f46eb19cac1
REF-0092,6,0.75,0.966864,0.894639,0.21425,7,2,1,1,VALIDATION,SYNTHETIC_RESEARCH_FIXTURE,OG-SYNTH-0.3,B1-0.3,build_opus_synthetic_programme_v0_3.py@0.3,20260812,True,6b24480459bb6e29f22cce40848e73a7d515db5545e48bd75a60df4e6303f395
REF-0092,7,0.875,0.905779,0.929344,0.168558,8,4,4,0,VALIDATION,SYNTHETIC_RESEARCH_FIXTURE,OG-SYNTH-0.3,B1-0.3,build_opus_synthetic_programme_v0_3.py@0.3,20260812,True,85fdea0175ffdc8e3d3d2826981bdcfd1be4e005aba0a6a38fc437e82a63018c
REF-0092,8,1.0,0.893158,0.890947,0.185774,14,3,2,4,VALIDATION,SYNTHETIC_RESEARCH_FIXTURE,OG-SYNTH-0.3,B1-0.3,build_opus_synthetic_programme_v0_3.py@0.3,20260812,True,52903365c06f5d22f886024f99ca375dcc485951a2247f9f23d07dbbdc4d4cb9
REF-0093,1,0.125,0.94551,0.985494,0.158459,2,0,3,0,DEVELOPMENT,SYNTHETIC_RESEARCH_FIXTURE,OG-SYNTH-0.3,B1-0.3,build_opus_synthetic_programme_v0_3.py@0.3,20260812,True,e76f482c6b7abbb6ca79771a850bcc6d67a6eaaf85d5e2980fcc2e4a8eab47b3
REF-0093,2,0.25,0.925301,0.947656,0.232877,6,0,1,0,DEVELOPMENT,SYNTHETIC_RESEARCH_FIXTURE,OG-SYNTH-0.3,B1-0.3,build_opus_synthetic_programme_v0_3.py@0.3,20260812,True,fe300fbde8add1fc40a53c02d31c960b73abc7f88217d5989623502c5756a698
REF-0093,3,0.375,0.93323,0.971442,0.221712,10,0,3,2,DEVELOPMENT,SYNTHETIC_RESEARCH_FIXTURE,OG-SYNTH-0.3,B1-0.3,build_opus_synthetic_programme_v0_3.py@0.3,20260812,True,ab404c48423f35358065ff8b6b879a08332fc5637802a131f4a92ebfc19143b3
REF-0093,4,0.5,0.888426,0.944118,0.166868,13,1,3,0,DEVELOPMENT,SYNTHETIC_RESEARCH_FIXTURE,OG-SYNTH-0.3,B1-0.3,build_opus_synthetic_programme_v0_3.py@0.3,20260812,True,1785bb2c50eacf910ed011e0f2c6247909358cdf278f3d6a41b63fabbc7499c0
REF-0093,5,0.625,0.89383,0.948789,0.290201,12,3,4,1,DEVELOPMENT,SYNTHETIC_RESEARCH_FIXTURE,OG-SYNTH-0.3,B1-0.3,build_opus_synthetic_programme_v0_3.py@0.3,20260812,True,d6c90b1ac7d13ec2c454d4466542de3c7b99d2b895c5752cab8ef2265cd96520
REF-0093,6,0.75,0.856965,0.934651,0.294184,13,1,8,3,DEVELOPMENT,SYNTHETIC_RESEARCH_FIXTURE,OG-SYNTH-0.3,B1-0.3,build_opus_synthetic_programme_v0_3.py@0.3,20260812,True,94ab550bb6e3417df23b91491181f1dc67eeaf3e71629580806567d934cdd135
REF-0093,7,0.875,0.834366,0.929488,0.266407,12,4,2,0,DEVELOPMENT,SYNTHETIC_RESEARCH_FIXTURE,OG-SYNTH-0.3,B1-0.3,build_opus_synthetic_programme_v0_3.py@0.3,20260812,True,896501641d6fe0732ad57d9007bf97d96b8764f43e27a76dccb8c6231a53aa14
REF-0093,8,1.0,0.846031,0.884563,0.286235,18,5,3,1,DEVELOPMENT,SYNTHETIC_RESEARCH_FIXTURE,OG-SYNTH-0.3,B1-0.3,build_opus_synthetic_programme_v0_3.py@0.3,20260812,True,eb6b0fb4ceb03aaa31d0ff559827e046e8659e84e03389e85d99283a73115a44
REF-0094,1,0.125,0.98073,0.969556,0.122572,6,1,1,2,DEVELOPMENT,SYNTHETIC_RESEARCH_FIXTURE,OG-SYNTH-0.3,B1-0.3,build_opus_synthetic_programme_v0_3.py@0.3,20260812,True,1dc4288a51ef6e84023973e148552b790d673e43a17c5f3684766bbf6f5082e2
REF-0094,2,0.25,0.965254,0.927069,0.207531,4,0,1,2,DEVELOPMENT,SYNTHETIC_RESEARCH_FIXTURE,OG-SYNTH-0.3,B1-0.3,build_opus_synthetic_programme_v0_3.py@0.3,20260812,True,2b61bd3aaa71d8066c2ec52a34f914befeb28820a33f83d4317b1bc959187301
REF-0094,3,0.375,0.961895,0.936898,0.158985,6,0,3,3,DEVELOPMENT,SYNTHETIC_RESEARCH_FIXTURE,OG-SYNTH-0.3,B1-0.3,build_opus_synthetic_programme_v0_3.py@0.3,20260812,True,acd317ef87e917376cc0838e9d784a9d3b0f64e93ea586c9c1be6586d5b26162
REF-0094,4,0.5,0.929707,0.881784,0.254673,6,1,3,4,DEVELOPMENT,SYNTHETIC_RESEARCH_FIXTURE,OG-SYNTH-0.3,B1-0.3,build_opus_synthetic_programme_v0_3.py@0.3,20260812,True,6bcd36172f2418d06464e4b95c0534ceb44d019efaf600ee9421300efe66a616
REF-0094,5,0.625,0.914798,0.882513,0.224156,10,0,1,2,DEVELOPMENT,SYNTHETIC_RESEARCH_FIXTURE,OG-SYNTH-0.3,B1-0.3,build_opus_synthetic_programme_v0_3.py@0.3,20260812,True,4db345dbb72e49ac8fa8da61278d0af38b0229feb57bce6a8421d4cd26b0b550
REF-0094,6,0.75,0.924845,0.855315,0.329869,10,0,1,3,DEVELOPMENT,SYNTHETIC_RESEARCH_FIXTURE,OG-SYNTH-0.3,B1-0.3,build_opus_synthetic_programme_v0_3.py@0.3,20260812,True,195bdd8ef47239404da99a65d97baa790e10e6b422079192ddffe060bf49dd60
REF-0094,7,0.875,0.872469,0.832592,0.220798,7,2,3,1,DEVELOPMENT,SYNTHETIC_RESEARCH_FIXTURE,OG-SYNTH-0.3,B1-0.3,build_opus_synthetic_programme_v0_3.py@0.3,20260812,True,48d95abc858fce583293ded0d4733c1f69dd80eeb18f9c9948aa3825398f7d42
REF-0094,8,1.0,0.844074,0.845915,0.309171,8,1,4,3,DEVELOPMENT,SYNTHETIC_RESEARCH_FIXTURE,OG-SYNTH-0.3,B1-0.3,build_opus_synthetic_programme_v0_3.py@0.3,20260812,True,574441c1a011a67cde44a262c160e5faf4c2bc2089150e36d8e2bd8490c80d94
REF-0095,1,0.125,0.962739,0.903614,0.125939,1,2,0,2,VALIDATION,SYNTHETIC_RESEARCH_FIXTURE,OG-SYNTH-0.3,B1-0.3,build_opus_synthetic_programme_v0_3.py@0.3,20260812,True,8c8e42121127ef535f0495584738e28d6603fe9c163aea3a79721ff8a777a158
REF-0095,2,0.25,0.949536,0.947143,0.20763,3,0,2,2,VALIDATION,SYNTHETIC_RESEARCH_FIXTURE,OG-SYNTH-0.3,B1-0.3,build_opus_synthetic_programme_v0_3.py@0.3,20260812,True,448f485f2c65daa10c9635bc1810898f314bd9944e761bfe33dbd812f104ed86
REF-0095,3,0.375,0.915978,0.920102,0.171664,8,7,2,3,VALIDATION,SYNTHETIC_RESEARCH_FIXTURE,OG-SYNTH-0.3,B1-0.3,build_opus_synthetic_programme_v0_3.py@0.3,20260812,True,549ba2f22425b9156c2e78c10f1cfd0bd951e2e9078e7387ddf1940d1869f0e4
REF-0095,4,0.5,0.961012,0.875082,0.223953,6,3,3,5,VALIDATION,SYNTHETIC_RESEARCH_FIXTURE,OG-SYNTH-0.3,B1-0.3,build_opus_synthetic_programme_v0_3.py@0.3,20260812,True,97c8635ba7e87316cfd7eaa456ed2519b15e1537c2c0211fa3897e495f9d4cdd
REF-0095,5,0.625,0.944237,0.908612,0.249124,4,4,4,2,VALIDATION,SYNTHETIC_RESEARCH_FIXTURE,OG-SYNTH-0.3,B1-0.3,build_opus_synthetic_programme_v0_3.py@0.3,20260812,True,c896c4e9b7168ccb293f24d74c675c93bedbbc576c44c6f07865034299c36d80
REF-0095,6,0.75,0.912352,0.837657,0.200845,7,6,1,1,VALIDATION,SYNTHETIC_RESEARCH_FIXTURE,OG-SYNTH-0.3,B1-0.3,build_opus_synthetic_programme_v0_3.py@0.3,20260812,True,c87048f03d935df326ad044487aa6ad42331d558b4aa6331e1f8121672d2f88d
REF-0095,7,0.875,0.852577,0.819967,0.294811,6,1,2,7,VALIDATION,SYNTHETIC_RESEARCH_FIXTURE,OG-SYNTH-0.3,B1-0.3,build_opus_synthetic_programme_v0_3.py@0.3,20260812,True,0997b2793599c11c0e97094496fecf1d8b085f88a3145896175cb0fad37255b5
REF-0095,8,1.0,0.840943,0.782294,0.287191,6,2,2,2,VALIDATION,SYNTHETIC_RESEARCH_FIXTURE,OG-SYNTH-0.3,B1-0.3,build_opus_synthetic_programme_v0_3.py@0.3,20260812,True,006d989172c9806765b3f3d7616477b4f87d04a1d19b3f5938912eda07b49e76
REF-0096,1,0.125,0.99255,0.976708,0.131492,3,2,1,2,LOCKED_HOLDOUT,SYNTHETIC_RESEARCH_FIXTURE,OG-SYNTH-0.3,B1-0.3,build_opus_synthetic_programme_v0_3.py@0.3,20260812,True,bf4e0872c256682243542d485db52137758a48c42e1bb9860949576b3313919b
REF-0096,2,0.25,0.957109,0.973022,0.181865,3,0,1,0,LOCKED_HOLDOUT,SYNTHETIC_RESEARCH_FIXTURE,OG-SYNTH-0.3,B1-0.3,build_opus_synthetic_programme_v0_3.py@0.3,20260812,True,be6fef2faefed581b4f554ba3814d692bbcb3c389922d5228dbb15bdc8febc91
REF-0096,3,0.375,0.946598,0.94282,0.161499,12,0,2,4,LOCKED_HOLDOUT,SYNTHETIC_RESEARCH_FIXTURE,OG-SYNTH-0.3,B1-0.3,build_opus_synthetic_programme_v0_3.py@0.3,20260812,True,21b6e27388e7c55b5a79e5c49b8525e3c6cd04251e75e472f96b406f2192858a
REF-0096,4,0.5,0.963267,0.964871,0.187017,8,4,1,4,LOCKED_HOLDOUT,SYNTHETIC_RESEARCH_FIXTURE,OG-SYNTH-0.3,B1-0.3,build_opus_synthetic_programme_v0_3.py@0.3,20260812,True,4cb4f6b0e8bcda18273c4e9c7d7183fe5bee93afdf51ddde3d34da3a7a20dcbb
REF-0096,5,0.625,0.880648,0.921523,0.194125,11,1,6,3,LOCKED_HOLDOUT,SYNTHETIC_RESEARCH_FIXTURE,OG-SYNTH-0.3,B1-0.3,build_opus_synthetic_programme_v0_3.py@0.3,20260812,True,40f605eba00db0993b1c5c00555a903c7a0e46790f475a5439d5fdc663ffc2cb
REF-0096,6,0.75,0.922314,0.892919,0.198643,16,1,3,2,LOCKED_HOLDOUT,SYNTHETIC_RESEARCH_FIXTURE,OG-SYNTH-0.3,B1-0.3,build_opus_synthetic_programme_v0_3.py@0.3,20260812,True,5e5f7bcf4a57867c748ed216b34de8e0a5c5e732003c033884d0920f600b41ab
REF-0096,7,0.875,0.877911,0.89587,0.308559,13,2,6,2,LOCKED_HOLDOUT,SYNTHETIC_RESEARCH_FIXTURE,OG-SYNTH-0.3,B1-0.3,build_opus_synthetic_programme_v0_3.py@0.3,20260812,True,8a90282a5d37f9117c1444237a8da8fd1a709b9bf7f78a8e839b76bea8473c2d
REF-0096,8,1.0,0.881329,0.862509,0.242182,8,3,3,1,LOCKED_HOLDOUT,SYNTHETIC_RESEARCH_FIXTURE,OG-SYNTH-0.3,B1-0.3,build_opus_synthetic_programme_v0_3.py@0.3,20260812,True,12e38154bde932542fab84e3dd11670370e3071bce477a83a18a48508cd4f773
REF-0097,1,0.125,0.968767,0.928883,0.198099,2,1,0,0,LOCKED_HOLDOUT,SYNTHETIC_RESEARCH_FIXTURE,OG-SYNTH-0.3,B1-0.3,build_opus_synthetic_programme_v0_3.py@0.3,20260812,True,b6931dc1bc2b64cf014eb4b954fb771ff10fe81ac43513c0c4132212ba567d98
REF-0097,2,0.25,0.990844,0.972513,0.102588,7,2,1,1,LOCKED_HOLDOUT,SYNTHETIC_RESEARCH_FIXTURE,OG-SYNTH-0.3,B1-0.3,build_opus_synthetic_programme_v0_3.py@0.3,20260812,True,4bde6c7302fca19ad55b6cdd9ce12c2de3ffd756b92b68ee45263bdc0651acc2
REF-0097,3,0.375,0.937876,0.96218,0.166485,10,0,1,2,LOCKED_HOLDOUT,SYNTHETIC_RESEARCH_FIXTURE,OG-SYNTH-0.3,B1-0.3,build_opus_synthetic_programme_v0_3.py@0.3,20260812,True,55fe00b1c817c6495d785f899e2e937140d009411076e4a5c1aa46988559b20e
REF-0097,4,0.5,1.022569,0.940728,0.181678,8,1,1,0,LOCKED_HOLDOUT,SYNTHETIC_RESEARCH_FIXTURE,OG-SYNTH-0.3,B1-0.3,build_opus_synthetic_programme_v0_3.py@0.3,20260812,True,0852d59a5b5b772652453feae5603987842176b775e9ecca7a2f80f432ef58db
REF-0097,5,0.625,0.953632,0.938513,0.174896,10,0,3,0,LOCKED_HOLDOUT,SYNTHETIC_RESEARCH_FIXTURE,OG-SYNTH-0.3,B1-0.3,build_opus_synthetic_programme_v0_3.py@0.3,20260812,True,e29ea1b6cc7c5c67f80eb001c1bca2d9fc09ac3ab57ea9243dddf7ffa6bcc469
REF-0097,6,0.75,0.958132,0.940758,0.179392,11,1,3,0,LOCKED_HOLDOUT,SYNTHETIC_RESEARCH_FIXTURE,OG-SYNTH-0.3,B1-0.3,build_opus_synthetic_programme_v0_3.py@0.3,20260812,True,1fcfe7e9bc55b44fca42bbad72a5864bed1a18a231532df3d35292191eb24aca
REF-0097,7,0.875,0.913068,0.889409,0.178768,5,2,2,4,LOCKED_HOLDOUT,SYNTHETIC_RESEARCH_FIXTURE,OG-SYNTH-0.3,B1-0.3,build_opus_synthetic_programme_v0_3.py@0.3,20260812,True,9edaf4266b1883374c4fb2dc43049b008d83724cd1c72ed983afd6ae0a9663ed
REF-0097,8,1.0,0.873104,0.91716,0.224134,9,2,6,3,LOCKED_HOLDOUT,SYNTHETIC_RESEARCH_FIXTURE,OG-SYNTH-0.3,B1-0.3,build_opus_synthetic_programme_v0_3.py@0.3,20260812,True,07fe67881c623a7270588f3dc91997740a2d40f04bf30b0f6f2cd0b14f7cb650
REF-0098,1,0.125,0.970794,1.004377,0.115444,4,2,3,1,VALIDATION,SYNTHETIC_RESEARCH_FIXTURE,OG-SYNTH-0.3,B1-0.3,build_opus_synthetic_programme_v0_3.py@0.3,20260812,True,56f2984b4afdff8cc2eb5d106b3c3ea6af5018891963de817e5b55fd159f5f00
REF-0098,2,0.25,0.937101,0.952554,0.099386,6,1,2,4,VALIDATION,SYNTHETIC_RESEARCH_FIXTURE,OG-SYNTH-0.3,B1-0.3,build_opus_synthetic_programme_v0_3.py@0.3,20260812,True,1bd7a1003073a1f58e77c3fbbc605df5e397d8ce974e15b26cf16b7b0bd0dff3
REF-0098,3,0.375,0.941485,0.909481,0.126339,6,1,3,6,VALIDATION,SYNTHETIC_RESEARCH_FIXTURE,OG-SYNTH-0.3,B1-0.3,build_opus_synthetic_programme_v0_3.py@0.3,20260812,True,2df437f271122c48a4ca1c36d69eb15f91f25c0a9d5c5894036939edc89f6560
REF-0098,4,0.5,0.930036,0.901061,0.240482,12,4,3,1,VALIDATION,SYNTHETIC_RESEARCH_FIXTURE,OG-SYNTH-0.3,B1-0.3,build_opus_synthetic_programme_v0_3.py@0.3,20260812,True,48d2fae1a7c4026f914d0d24a313246f8e96af0477715e0fedcbb4606d75f425
REF-0098,5,0.625,0.914509,0.93142,0.292684,15,2,4,3,VALIDATION,SYNTHETIC_RESEARCH_FIXTURE,OG-SYNTH-0.3,B1-0.3,build_opus_synthetic_programme_v0_3.py@0.3,20260812,True,2b0a1fe76b00d1a12a529c8733b754799ea3c0875fb3084428a57590bae6f978
REF-0098,6,0.75,0.844829,0.871068,0.312643,19,1,4,4,VALIDATION,SYNTHETIC_RESEARCH_FIXTURE,OG-SYNTH-0.3,B1-0.3,build_opus_synthetic_programme_v0_3.py@0.3,20260812,True,6d825ec5f75335ced52079f20c7926ab559656137c645e57fe4c3a11377e389d
REF-0098,7,0.875,0.901732,0.848093,0.271131,12,1,9,3,VALIDATION,SYNTHETIC_RESEARCH_FIXTURE,OG-SYNTH-0.3,B1-0.3,build_opus_synthetic_programme_v0_3.py@0.3,20260812,True,c0300e27b02132e71ea8a7be502a6f7d409bd5f003a7fbce7a869fcb34d0419a
REF-0098,8,1.0,0.869148,0.850265,0.279801,19,3,6,2,VALIDATION,SYNTHETIC_RESEARCH_FIXTURE,OG-SYNTH-0.3,B1-0.3,build_opus_synthetic_programme_v0_3.py@0.3,20260812,True,8cd1089a2b2c51e23d797923974a13615f164c3e09592b3988de8cc67207da0b
REF-0099,1,0.125,0.923891,0.901144,0.177761,4,2,2,2,DEVELOPMENT,SYNTHETIC_RESEARCH_FIXTURE,OG-SYNTH-0.3,B1-0.3,build_opus_synthetic_programme_v0_3.py@0.3,20260812,True,7e8d49fd70adc95dabacab0834913a783aac9c89a59a43523acf1590ed196976
REF-0099,2,0.25,0.911934,0.972226,0.173101,8,2,2,3,DEVELOPMENT,SYNTHETIC_RESEARCH_FIXTURE,OG-SYNTH-0.3,B1-0.3,build_opus_synthetic_programme_v0_3.py@0.3,20260812,True,514d91acc16a273c8cc14e66c9defa5dbdbee346f7d004db6c9030b07624574e
REF-0099,3,0.375,0.937953,0.905867,0.267098,10,3,4,1,DEVELOPMENT,SYNTHETIC_RESEARCH_FIXTURE,OG-SYNTH-0.3,B1-0.3,build_opus_synthetic_programme_v0_3.py@0.3,20260812,True,d843df21cd7729a12ae9a0d4baaa7bb2e07ce06be59355557945a49f693cb51b
REF-0099,4,0.5,0.871883,0.910292,0.304304,6,2,2,2,DEVELOPMENT,SYNTHETIC_RESEARCH_FIXTURE,OG-SYNTH-0.3,B1-0.3,build_opus_synthetic_programme_v0_3.py@0.3,20260812,True,7ebdd9370d0921060472a6c935b94ec6046fbdf76e9cc87502c81e3bfa3385b4
REF-0099,5,0.625,0.874368,0.847641,0.201847,10,2,4,2,DEVELOPMENT,SYNTHETIC_RESEARCH_FIXTURE,OG-SYNTH-0.3,B1-0.3,build_opus_synthetic_programme_v0_3.py@0.3,20260812,True,ebf46896a416014e45b38465579af6a32d5bad46ade964926d0b4b5fb3a9c230
REF-0099,6,0.75,0.798681,0.850369,0.280025,14,4,2,0,DEVELOPMENT,SYNTHETIC_RESEARCH_FIXTURE,OG-SYNTH-0.3,B1-0.3,build_opus_synthetic_programme_v0_3.py@0.3,20260812,True,b79e11e96c810aa169bd439d872babcc180b82223dd6a0bc6b4a9f8e1e01fd2b
REF-0099,7,0.875,0.836313,0.800582,0.310093,19,3,4,4,DEVELOPMENT,SYNTHETIC_RESEARCH_FIXTURE,OG-SYNTH-0.3,B1-0.3,build_opus_synthetic_programme_v0_3.py@0.3,20260812,True,15aa9337d5e019ca3c1491b2603e90f1a9494a72d0a6db9c7686ecaf53f74a79
REF-0099,8,1.0,0.815081,0.759698,0.331526,14,4,4,6,DEVELOPMENT,SYNTHETIC_RESEARCH_FIXTURE,OG-SYNTH-0.3,B1-0.3,build_opus_synthetic_programme_v0_3.py@0.3,20260812,True,c406d52a26753078bb0d13a1bfe9df6a769bfaf125023f0e14c80ab8cb77e850
REF-0100,1,0.125,0.975742,0.979255,0.14828,2,1,3,1,DEVELOPMENT,SYNTHETIC_RESEARCH_FIXTURE,OG-SYNTH-0.3,B1-0.3,build_opus_synthetic_programme_v0_3.py@0.3,20260812,True,63053c2b7c806438a4f97de3ce6c2dbb0250815f6b70be1320268faed1e76150
REF-0100,2,0.25,0.989023,0.989191,0.205709,1,1,1,2,DEVELOPMENT,SYNTHETIC_RESEARCH_FIXTURE,OG-SYNTH-0.3,B1-0.3,build_opus_synthetic_programme_v0_3.py@0.3,20260812,True,627660d9cc02e29081396c6bd7953cacc5aa9f7507e7ae34380a1944059f4643
REF-0100,3,0.375,0.927897,0.951797,0.164906,5,1,1,0,DEVELOPMENT,SYNTHETIC_RESEARCH_FIXTURE,OG-SYNTH-0.3,B1-0.3,build_opus_synthetic_programme_v0_3.py@0.3,20260812,True,74fdf6b9cc80656694259235e14768f7a3b4b27f18b3f1ad002ea78683200a0a
REF-0100,4,0.5,0.887021,0.943283,0.216581,3,1,0,4,DEVELOPMENT,SYNTHETIC_RESEARCH_FIXTURE,OG-SYNTH-0.3,B1-0.3,build_opus_synthetic_programme_v0_3.py@0.3,20260812,True,b5cfba992db3f4f42a78e376653b0b1e7fcd97a0a07394a0f0ab325f87c3195f
REF-0100,5,0.625,0.927761,0.888834,0.184895,1,2,2,1,DEVELOPMENT,SYNTHETIC_RESEARCH_FIXTURE,OG-SYNTH-0.3,B1-0.3,build_opus_synthetic_programme_v0_3.py@0.3,20260812,True,23c983f80e574e3244b5dec6ca70dfad179ab930d5a8ac6a034fd230eecf9622
REF-0100,6,0.75,0.915817,0.930447,0.189858,4,1,0,3,DEVELOPMENT,SYNTHETIC_RESEARCH_FIXTURE,OG-SYNTH-0.3,B1-0.3,build_opus_synthetic_programme_v0_3.py@0.3,20260812,True,89ab74ad1126ca9547c0435be23428c416a0e1920861b262ada975840532e01f
REF-0100,7,0.875,0.880878,0.888077,0.175372,3,2,3,3,DEVELOPMENT,SYNTHETIC_RESEARCH_FIXTURE,OG-SYNTH-0.3,B1-0.3,build_opus_synthetic_programme_v0_3.py@0.3,20260812,True,5e2896943e8f222bcff00d55a6a551c3e34a7874cb0d5e91a9a7f96939fb092e
REF-0100,8,1.0,0.864082,0.872406,0.247161,4,5,1,0,DEVELOPMENT,SYNTHETIC_RESEARCH_FIXTURE,OG-SYNTH-0.3,B1-0.3,build_opus_synthetic_programme_v0_3.py@0.3,20260812,True,10d052fd6370071e076884e55c1e7027fc9f32d10016c9d6c576a882a0f1b66e
REF-0101,1,0.125,0.961889,0.969863,0.091877,2,1,0,0,DEVELOPMENT,SYNTHETIC_RESEARCH_FIXTURE,OG-SYNTH-0.3,B1-0.3,build_opus_synthetic_programme_v0_3.py@0.3,20260812,True,8bcbf5cf57d45e842928b072f938a3b9835bc6617041895e289f5dea078e6637
REF-0101,2,0.25,0.966564,0.930516,0.16262,2,3,3,1,DEVELOPMENT,SYNTHETIC_RESEARCH_FIXTURE,OG-SYNTH-0.3,B1-0.3,build_opus_synthetic_programme_v0_3.py@0.3,20260812,True,6c283d7f20032225f621ba9c58a4edb18c7ea4bd4f4a6ed4d9892b422fc2675e
REF-0101,3,0.375,0.880682,0.956735,0.237478,15,1,3,0,DEVELOPMENT,SYNTHETIC_RESEARCH_FIXTURE,OG-SYNTH-0.3,B1-0.3,build_opus_synthetic_programme_v0_3.py@0.3,20260812,True,91ae9b0c881b1926cff962e516a726efe9749a300e87882151154ef62533201a
REF-0101,4,0.5,0.908877,0.857196,0.225399,5,2,4,2,DEVELOPMENT,SYNTHETIC_RESEARCH_FIXTURE,OG-SYNTH-0.3,B1-0.3,build_opus_synthetic_programme_v0_3.py@0.3,20260812,True,50ca52d6ca6a3f1903691b2632c98b00a63d627f8fc58b16734692e8a01b749f
REF-0101,5,0.625,0.896285,0.872996,0.268389,17,1,5,5,DEVELOPMENT,SYNTHETIC_RESEARCH_FIXTURE,OG-SYNTH-0.3,B1-0.3,build_opus_synthetic_programme_v0_3.py@0.3,20260812,True,bdbc9837679b0ac11a81fb7e3933fb368ac4c78c772fd796741781b1a1d4fe3d
REF-0101,6,0.75,0.808067,0.809877,0.253506,15,2,2,0,DEVELOPMENT,SYNTHETIC_RESEARCH_FIXTURE,OG-SYNTH-0.3,B1-0.3,build_opus_synthetic_programme_v0_3.py@0.3,20260812,True,343c047d44beb66ae5aa27ace0da81c19f5e7bbe9f7f949aaf8ccdbfd0ab1fe5
REF-0101,7,0.875,0.81578,0.784014,0.315591,7,0,7,5,DEVELOPMENT,SYNTHETIC_RESEARCH_FIXTURE,OG-SYNTH-0.3,B1-0.3,build_opus_synthetic_programme_v0_3.py@0.3,20260812,True,70d439c40c1bb2f2cf3a8e27ae1f22d7145f86167ee8722ee4473df33ab05b8c
REF-0101,8,1.0,0.784181,0.769344,0.388976,20,1,3,2,DEVELOPMENT,SYNTHETIC_RESEARCH_FIXTURE,OG-SYNTH-0.3,B1-0.3,build_opus_synthetic_programme_v0_3.py@0.3,20260812,True,f091f0b85ca47167563e5eb8de0b4f5adbbd517383492c7b608c2d809396994a
REF-0102,1,0.125,0.994752,0.997382,0.113003,1,1,0,3,LOCKED_HOLDOUT,SYNTHETIC_RESEARCH_FIXTURE,OG-SYNTH-0.3,B1-0.3,build_opus_synthetic_programme_v0_3.py@0.3,20260812,True,6d3e58f3da504c35e40860efa4a0a7626801daf46993ae36d081c28357d68272
REF-0102,2,0.25,0.963688,1.051014,0.062495,3,3,1,1,LOCKED_HOLDOUT,SYNTHETIC_RESEARCH_FIXTURE,OG-SYNTH-0.3,B1-0.3,build_opus_synthetic_programme_v0_3.py@0.3,20260812,True,32d19a2d8827c40428ab382d2f26dda70b2b148aab1e586aca00b80b1e3767f6
REF-0102,3,0.375,0.967145,1.027649,0.198255,4,2,0,2,LOCKED_HOLDOUT,SYNTHETIC_RESEARCH_FIXTURE,OG-SYNTH-0.3,B1-0.3,build_opus_synthetic_programme_v0_3.py@0.3,20260812,True,fc6aaf09334f9ab82d753eb77a1534dc44eee62fff4617b8ee89473bff104dda
REF-0102,4,0.5,0.919337,1.01277,0.154524,3,0,1,0,LOCKED_HOLDOUT,SYNTHETIC_RESEARCH_FIXTURE,OG-SYNTH-0.3,B1-0.3,build_opus_synthetic_programme_v0_3.py@0.3,20260812,True,abbc0e085fbf9ef03e794582ac26b5710eb97254034839fd375e1969548977f7
REF-0102,5,0.625,0.917901,1.048458,0.232187,1,0,2,0,LOCKED_HOLDOUT,SYNTHETIC_RESEARCH_FIXTURE,OG-SYNTH-0.3,B1-0.3,build_opus_synthetic_programme_v0_3.py@0.3,20260812,True,802c97ec248329922b8f5491c70d3c766117d4c464d39fbb9ed7feb15b929c17
REF-0102,6,0.75,0.934333,0.985905,0.25001,4,2,3,0,LOCKED_HOLDOUT,SYNTHETIC_RESEARCH_FIXTURE,OG-SYNTH-0.3,B1-0.3,build_opus_synthetic_programme_v0_3.py@0.3,20260812,True,b73124dc28f77a9b8e511f2ac052ccb1de8fac369579074e7260493c8d833c41
REF-0102,7,0.875,0.897361,1.038878,0.186411,7,3,1,1,LOCKED_HOLDOUT,SYNTHETIC_RESEARCH_FIXTURE,OG-SYNTH-0.3,B1-0.3,build_opus_synthetic_programme_v0_3.py@0.3,20260812,True,f82ea96b3677e6271723d412ed5638427712474185fae9dd1394f6d115c1a291
REF-0102,8,1.0,0.868299,1.047953,0.25692,6,3,2,0,LOCKED_HOLDOUT,SYNTHETIC_RESEARCH_FIXTURE,OG-SYNTH-0.3,B1-0.3,build_opus_synthetic_programme_v0_3.py@0.3,20260812,True,02df88a4c77f935db022c23c6e5d9a0e06321f16526cbc7db5ea94284b813958
REF-0103,1,0.125,1.027359,1.014624,0.141212,0,1,2,1,LOCKED_HOLDOUT,SYNTHETIC_RESEARCH_FIXTURE,OG-SYNTH-0.3,B1-0.3,build_opus_synthetic_programme_v0_3.py@0.3,20260812,True,e8ba4a5326a91f85347ac6fbbb5f7f12d5027db844f2ae08ed882ec2537c199c
REF-0103,2,0.25,1.027562,1.003699,0.209777,2,4,1,0,LOCKED_HOLDOUT,SYNTHETIC_RESEARCH_FIXTURE,OG-SYNTH-0.3,B1-0.3,build_opus_synthetic_programme_v0_3.py@0.3,20260812,True,d324b1067a5f2ba07bf4e57555feb1e3f2a5aa8bbe55e141f4ce06748883afa2
REF-0103,3,0.375,0.96703,1.001288,0.214833,1,1,1,1,LOCKED_HOLDOUT,SYNTHETIC_RESEARCH_FIXTURE,OG-SYNTH-0.3,B1-0.3,build_opus_synthetic_programme_v0_3.py@0.3,20260812,True,4aaa59d4b5dbb041a82fe5427d39a8f816a5ebca3ef7f32c858fa908ba353e07
REF-0103,4,0.5,0.976968,1.07581,0.186662,3,0,3,2,LOCKED_HOLDOUT,SYNTHETIC_RESEARCH_FIXTURE,OG-SYNTH-0.3,B1-0.3,build_opus_synthetic_programme_v0_3.py@0.3,20260812,True,f2f2ab3bde3679260d4e899efa5a5e3bf20d4642d8f769172caf5825af055fd4
REF-0103,5,0.625,0.983495,1.043335,0.142314,3,1,1,1,LOCKED_HOLDOUT,SYNTHETIC_RESEARCH_FIXTURE,OG-SYNTH-0.3,B1-0.3,build_opus_synthetic_programme_v0_3.py@0.3,20260812,True,9d60b922cd45972cbc88b968e1e6bbcf6362955a054b7577505fc80c1846b066
REF-0103,6,0.75,0.978722,1.067204,0.278145,2,5,1,0,LOCKED_HOLDOUT,SYNTHETIC_RESEARCH_FIXTURE,OG-SYNTH-0.3,B1-0.3,build_opus_synthetic_programme_v0_3.py@0.3,20260812,True,f79a411c6ca065e28c1a731593891c47b4b5b18dec9614a575eae62aa9e6ae2d
REF-0103,7,0.875,0.947046,1.084529,0.185927,6,2,2,1,LOCKED_HOLDOUT,SYNTHETIC_RESEARCH_FIXTURE,OG-SYNTH-0.3,B1-0.3,build_opus_synthetic_programme_v0_3.py@0.3,20260812,True,f495ec8e6a16b20798e5777770aef2a2a0e9c28c39678e6945a59445e2f34a7d
REF-0103,8,1.0,0.933063,1.085447,0.188431,0,1,3,1,LOCKED_HOLDOUT,SYNTHETIC_RESEARCH_FIXTURE,OG-SYNTH-0.3,B1-0.3,build_opus_synthetic_programme_v0_3.py@0.3,20260812,True,bb318b7d17e0fac720b9471667fb54dc4e64930b314e28d2d448b0c6df0193c5
REF-0104,1,0.125,0.974204,0.960892,0.141395,4,1,1,2,LOCKED_HOLDOUT,SYNTHETIC_RESEARCH_FIXTURE,OG-SYNTH-0.3,B1-0.3,build_opus_synthetic_programme_v0_3.py@0.3,20260812,True,d5723c983f44c6dcd74f35b737da62fb29ffc2979a4a9963f6f7c5ea03f238d1
REF-0104,2,0.25,0.950891,0.991348,0.200382,7,0,0,1,LOCKED_HOLDOUT,SYNTHETIC_RESEARCH_FIXTURE,OG-SYNTH-0.3,B1-0.3,build_opus_synthetic_programme_v0_3.py@0.3,20260812,True,38210acc97d6f91dae84ec49d07993e24e8f10d050e8d0250a35b0465a011e71
REF-0104,3,0.375,0.924306,0.965192,0.229268,9,4,1,1,LOCKED_HOLDOUT,SYNTHETIC_RESEARCH_FIXTURE,OG-SYNTH-0.3,B1-0.3,build_opus_synthetic_programme_v0_3.py@0.3,20260812,True,d81cab245b96784eb36ce6737f5f65eceab98887bcbcb79b2687f1984a98d708
REF-0104,4,0.5,0.928257,0.921465,0.16336,7,1,3,2,LOCKED_HOLDOUT,SYNTHETIC_RESEARCH_FIXTURE,OG-SYNTH-0.3,B1-0.3,build_opus_synthetic_programme_v0_3.py@0.3,20260812,True,f01db8900e49a9734db268c119470c01e6b366aa9ce9e6c888d745ad17967e76
REF-0104,5,0.625,0.868549,0.899758,0.200463,11,3,4,2,LOCKED_HOLDOUT,SYNTHETIC_RESEARCH_FIXTURE,OG-SYNTH-0.3,B1-0.3,build_opus_synthetic_programme_v0_3.py@0.3,20260812,True,d7f2a23273ce16058f4b0214338761bdfb161224aaab4147e5249be4c76a03f4
REF-0104,6,0.75,0.842666,0.902411,0.203276,7,4,5,1,LOCKED_HOLDOUT,SYNTHETIC_RESEARCH_FIXTURE,OG-SYNTH-0.3,B1-0.3,build_opus_synthetic_programme_v0_3.py@0.3,20260812,True,971ff26a42ff5b0a97ecbdbbacfc9b02ad990fbc93061478d079eea04d2f1719
REF-0104,7,0.875,0.844233,0.924583,0.289011,17,2,3,2,LOCKED_HOLDOUT,SYNTHETIC_RESEARCH_FIXTURE,OG-SYNTH-0.3,B1-0.3,build_opus_synthetic_programme_v0_3.py@0.3,20260812,True,f4af56538b628c46873305ff6e4d2e90d05a5ad80f8ffa96a5ee872b940c2be8
REF-0104,8,1.0,0.820628,0.849894,0.193287,11,5,3,1,LOCKED_HOLDOUT,SYNTHETIC_RESEARCH_FIXTURE,OG-SYNTH-0.3,B1-0.3,build_opus_synthetic_programme_v0_3.py@0.3,20260812,True,83f82c1e014d7a7741a6ce23a8cf0c6da998ab5e024e9e5a90c27252f24314d1
REF-0105,1,0.125,0.977922,0.994778,0.125583,3,0,1,2,DEVELOPMENT,SYNTHETIC_RESEARCH_FIXTURE,OG-SYNTH-0.3,B1-0.3,build_opus_synthetic_programme_v0_3.py@0.3,20260812,True,0132f22d59363e39fadcc8e753de9d403510dc3e5bdcbe1d9a5ec5d890918312
REF-0105,2,0.25,0.942821,1.015838,0.100794,4,1,3,0,DEVELOPMENT,SYNTHETIC_RESEARCH_FIXTURE,OG-SYNTH-0.3,B1-0.3,build_opus_synthetic_programme_v0_3.py@0.3,20260812,True,c17ed90051a1d506f64910c9049d7753173669d68c522c8963c909dab83dd7b5
REF-0105,3,0.375,0.997384,0.96538,0.164231,3,2,2,1,DEVELOPMENT,SYNTHETIC_RESEARCH_FIXTURE,OG-SYNTH-0.3,B1-0.3,build_opus_synthetic_programme_v0_3.py@0.3,20260812,True,97015e14ecbcbe751aee75d64cb6e02a70e9b79e768b40a80e611e54738205c1
REF-0105,4,0.5,0.993023,0.958749,0.16198,9,1,2,2,DEVELOPMENT,SYNTHETIC_RESEARCH_FIXTURE,OG-SYNTH-0.3,B1-0.3,build_opus_synthetic_programme_v0_3.py@0.3,20260812,True,f9b4eb4fae708b5bf631ce456f5e73053480de8506d1a7e24b73ebed6d872f26
REF-0105,5,0.625,0.975042,0.944719,0.236453,6,0,1,0,DEVELOPMENT,SYNTHETIC_RESEARCH_FIXTURE,OG-SYNTH-0.3,B1-0.3,build_opus_synthetic_programme_v0_3.py@0.3,20260812,True,8b781021b04ede2016e38788646b65ffc574c1fe1d47ef8d4896e7b56e71a544
REF-0105,6,0.75,0.952522,0.927336,0.16823,9,1,4,2,DEVELOPMENT,SYNTHETIC_RESEARCH_FIXTURE,OG-SYNTH-0.3,B1-0.3,build_opus_synthetic_programme_v0_3.py@0.3,20260812,True,aff763e5d5a278acd4f55a8bd20a1e8f46e65cc23de769587653dde90c9b9023
REF-0105,7,0.875,0.907269,0.955949,0.198521,6,0,1,2,DEVELOPMENT,SYNTHETIC_RESEARCH_FIXTURE,OG-SYNTH-0.3,B1-0.3,build_opus_synthetic_programme_v0_3.py@0.3,20260812,True,a186fa722caaf5d0ddd1e6113f34a58f556ec49940096134bcab0f1b5640ffd5
REF-0105,8,1.0,0.945858,0.898608,0.203152,7,5,5,2,DEVELOPMENT,SYNTHETIC_RESEARCH_FIXTURE,OG-SYNTH-0.3,B1-0.3,build_opus_synthetic_programme_v0_3.py@0.3,20260812,True,89a0ba579af49306e54da5bb65dbab16e9cf5e08e1bdb96d0b5917faa6d8a1c6
REF-0106,1,0.125,1.032027,0.982548,0.13213,3,1,2,1,VALIDATION,SYNTHETIC_RESEARCH_FIXTURE,OG-SYNTH-0.3,B1-0.3,build_opus_synthetic_programme_v0_3.py@0.3,20260812,True,656d078f854f306374d18a1f7cd80437fac2d1605be3230226cb4e115e9dee21
REF-0106,2,0.25,0.95532,0.966027,0.233532,2,3,1,0,VALIDATION,SYNTHETIC_RESEARCH_FIXTURE,OG-SYNTH-0.3,B1-0.3,build_opus_synthetic_programme_v0_3.py@0.3,20260812,True,82c0cd5d2763770db9cab36fc258b613d1e8beffcf333e429f2246d7d7c66f20
REF-0106,3,0.375,0.937726,1.012487,0.192764,2,3,1,0,VALIDATION,SYNTHETIC_RESEARCH_FIXTURE,OG-SYNTH-0.3,B1-0.3,build_opus_synthetic_programme_v0_3.py@0.3,20260812,True,ff74ec2ac45a9f4607641699886dfeccc80b254f16fa097a2d252416d87955de
REF-0106,4,0.5,0.973558,0.975222,0.134702,2,1,1,1,VALIDATION,SYNTHETIC_RESEARCH_FIXTURE,OG-SYNTH-0.3,B1-0.3,build_opus_synthetic_programme_v0_3.py@0.3,20260812,True,11d89572ee731233f1c0e904f86f77d1a599c3d2c29213b9913e3a27221c6fd0
REF-0106,5,0.625,0.901064,0.996448,0.213522,1,1,2,0,VALIDATION,SYNTHETIC_RESEARCH_FIXTURE,OG-SYNTH-0.3,B1-0.3,build_opus_synthetic_programme_v0_3.py@0.3,20260812,True,33c23fcb5719eaf3edf741f56cc32347a1ab73b568ec885800a02fe4a780263e
REF-0106,6,0.75,0.907448,0.958359,0.217301,1,1,1,1,VALIDATION,SYNTHETIC_RESEARCH_FIXTURE,OG-SYNTH-0.3,B1-0.3,build_opus_synthetic_programme_v0_3.py@0.3,20260812,True,9ee493e2ec89e5bc074830536da17bf45ead333b0c044caea333bdeeb466d589
REF-0106,7,0.875,0.898783,0.982136,0.148173,4,4,3,0,VALIDATION,SYNTHETIC_RESEARCH_FIXTURE,OG-SYNTH-0.3,B1-0.3,build_opus_synthetic_programme_v0_3.py@0.3,20260812,True,8ff95ad2f0ca0e0b9ae8cec1305da41a1a90e866f0d0d0ca40af61e6feee3809
REF-0106,8,1.0,0.91115,0.984351,0.218268,3,4,0,1,VALIDATION,SYNTHETIC_RESEARCH_FIXTURE,OG-SYNTH-0.3,B1-0.3,build_opus_synthetic_programme_v0_3.py@0.3,20260812,True,5de53ca8a64f9af99ad4967327a076d47a93ebda982ef44e5473d3fcc127fea8
REF-0107,1,0.125,0.98591,1.033884,0.171615,4,2,3,1,DEVELOPMENT,SYNTHETIC_RESEARCH_FIXTURE,OG-SYNTH-0.3,B1-0.3,build_opus_synthetic_programme_v0_3.py@0.3,20260812,True,3251490b4226bc21b584da1cc38e181a8f7ac4e440be42971d882459b64f8441
REF-0107,2,0.25,0.971794,0.956217,0.102778,2,0,0,2,DEVELOPMENT,SYNTHETIC_RESEARCH_FIXTURE,OG-SYNTH-0.3,B1-0.3,build_opus_synthetic_programme_v0_3.py@0.3,20260812,True,e05915d80f6a754035cb3623aaac5b813af761ae9315cced826f32ab0883a2aa
REF-0107,3,0.375,0.99155,0.999175,0.269023,7,0,0,3,DEVELOPMENT,SYNTHETIC_RESEARCH_FIXTURE,OG-SYNTH-0.3,B1-0.3,build_opus_synthetic_programme_v0_3.py@0.3,20260812,True,52c62a798eea8e5cfe2808dec66d1f4e17de29fcde55ab162fd91f633e4efe95
REF-0107,4,0.5,0.971174,0.990408,0.163952,4,2,1,1,DEVELOPMENT,SYNTHETIC_RESEARCH_FIXTURE,OG-SYNTH-0.3,B1-0.3,build_opus_synthetic_programme_v0_3.py@0.3,20260812,True,66a1e8d3e57b743392305f12be5a6d4c3bc59c4736a656bd494f179d8c1f9d18
REF-0107,5,0.625,1.024933,0.895571,0.205209,7,1,1,0,DEVELOPMENT,SYNTHETIC_RESEARCH_FIXTURE,OG-SYNTH-0.3,B1-0.3,build_opus_synthetic_programme_v0_3.py@0.3,20260812,True,42d8e3aa939fc5c05363caa9da82a46481f5d5b17011d6d5b68d8254cebab0a2
REF-0107,6,0.75,1.058937,0.935213,0.240335,4,1,2,1,DEVELOPMENT,SYNTHETIC_RESEARCH_FIXTURE,OG-SYNTH-0.3,B1-0.3,build_opus_synthetic_programme_v0_3.py@0.3,20260812,True,afb8badf5a36ad704a81becbb7c98e1d54b8d8067393d9498bd90dfd33830a70
REF-0107,7,0.875,1.019975,0.922398,0.201105,6,0,2,1,DEVELOPMENT,SYNTHETIC_RESEARCH_FIXTURE,OG-SYNTH-0.3,B1-0.3,build_opus_synthetic_programme_v0_3.py@0.3,20260812,True,4c22a0aba8f1e447650d96c5c88487adbdebd061ebc7af1c02f4a10c0647451e
REF-0107,8,1.0,1.014553,0.887971,0.246167,10,1,2,0,DEVELOPMENT,SYNTHETIC_RESEARCH_FIXTURE,OG-SYNTH-0.3,B1-0.3,build_opus_synthetic_programme_v0_3.py@0.3,20260812,True,2aac93053934998b611989766134046c18465232d661c34e4757769b377a1a2e
REF-0108,1,0.125,0.91147,0.948061,0.211331,5,0,2,0,DEVELOPMENT,SYNTHETIC_RESEARCH_FIXTURE,OG-SYNTH-0.3,B1-0.3,build_opus_synthetic_programme_v0_3.py@0.3,20260812,True,2c1d5ab49a51119a9ef2f4edfbfd9af9085c90f799f4f0739ef630d002f5ae7a
REF-0108,2,0.25,0.882816,0.849111,0.225633,2,3,1,0,DEVELOPMENT,SYNTHETIC_RESEARCH_FIXTURE,OG-SYNTH-0.3,B1-0.3,build_opus_synthetic_programme_v0_3.py@0.3,20260812,True,4e246510dcffd8382372e1c2bf777a2e647624856c34acb281b3721dd08dce5b
REF-0108,3,0.375,0.852406,0.854842,0.321461,4,0,4,2,DEVELOPMENT,SYNTHETIC_RESEARCH_FIXTURE,OG-SYNTH-0.3,B1-0.3,build_opus_synthetic_programme_v0_3.py@0.3,20260812,True,4e89c0254cead0ec6804aa2beaff4875d71d83247c0cb7d5afa156f5e8695dd8
REF-0108,4,0.5,0.864132,0.871321,0.272497,7,5,3,4,DEVELOPMENT,SYNTHETIC_RESEARCH_FIXTURE,OG-SYNTH-0.3,B1-0.3,build_opus_synthetic_programme_v0_3.py@0.3,20260812,True,c795e7a900a72c0e9875035a93f02e9cef0aaaac32508cfe2425761ee6d3a5e7
REF-0108,5,0.625,0.756147,0.810992,0.397699,5,4,1,2,DEVELOPMENT,SYNTHETIC_RESEARCH_FIXTURE,OG-SYNTH-0.3,B1-0.3,build_opus_synthetic_programme_v0_3.py@0.3,20260812,True,5034bd4fcf041bee1059c063c13989a9dd92589a2fa44fbb5342f79c68be05e3
REF-0108,6,0.75,0.744128,0.742819,0.40554,11,5,5,5,DEVELOPMENT,SYNTHETIC_RESEARCH_FIXTURE,OG-SYNTH-0.3,B1-0.3,build_opus_synthetic_programme_v0_3.py@0.3,20260812,True,f544b5f6be1661ab8bb061dd1144aff7794c3ecad60f5815068e4ef24367b67d
REF-0108,7,0.875,0.675813,0.713929,0.409342,9,4,4,4,DEVELOPMENT,SYNTHETIC_RESEARCH_FIXTURE,OG-SYNTH-0.3,B1-0.3,build_opus_synthetic_programme_v0_3.py@0.3,20260812,True,74f6eef35b142d384812e39ecd41d6796288d02c1ad0440871092c09e78621e5
REF-0108,8,1.0,0.577063,0.734864,0.517221,12,12,5,9,DEVELOPMENT,SYNTHETIC_RESEARCH_FIXTURE,OG-SYNTH-0.3,B1-0.3,build_opus_synthetic_programme_v0_3.py@0.3,20260812,True,163ab6db75696495800e8547f58398b075891603d637da47438b0e2411d09a47
REF-0109,1,0.125,0.949343,0.91251,0.220908,5,1,2,0,DEVELOPMENT,SYNTHETIC_RESEARCH_FIXTURE,OG-SYNTH-0.3,B1-0.3,build_opus_synthetic_programme_v0_3.py@0.3,20260812,True,3b8e8dae48d31568a3895024a3c1dc7c9c646aa7b8e715063acd0da33efffc05
REF-0109,2,0.25,0.927848,0.922926,0.246235,7,1,0,4,DEVELOPMENT,SYNTHETIC_RESEARCH_FIXTURE,OG-SYNTH-0.3,B1-0.3,build_opus_synthetic_programme_v0_3.py@0.3,20260812,True,847becb81ab17933d8cf235bc11f370125663585341cf9c9189b384b4580ed0c
REF-0109,3,0.375,0.874774,0.88945,0.234013,7,4,6,2,DEVELOPMENT,SYNTHETIC_RESEARCH_FIXTURE,OG-SYNTH-0.3,B1-0.3,build_opus_synthetic_programme_v0_3.py@0.3,20260812,True,47c79607dbf80c631888390748e5bc0e4a6ab2826cdf810c534a33fa74e4a3ec
REF-0109,4,0.5,0.870124,0.925519,0.31272,11,3,5,4,DEVELOPMENT,SYNTHETIC_RESEARCH_FIXTURE,OG-SYNTH-0.3,B1-0.3,build_opus_synthetic_programme_v0_3.py@0.3,20260812,True,52bab36298b22ae46ab5eeca83fed5cf7ca63f800dfec787d9ccd991b171236a
REF-0109,5,0.625,0.764359,0.807528,0.293912,10,2,3,5,DEVELOPMENT,SYNTHETIC_RESEARCH_FIXTURE,OG-SYNTH-0.3,B1-0.3,build_opus_synthetic_programme_v0_3.py@0.3,20260812,True,166d114020d58a44df1d939119394162796995ad9685cc52e2576568658f5ed1
REF-0109,6,0.75,0.724875,0.697701,0.296255,17,6,6,4,DEVELOPMENT,SYNTHETIC_RESEARCH_FIXTURE,OG-SYNTH-0.3,B1-0.3,build_opus_synthetic_programme_v0_3.py@0.3,20260812,True,b4c67ee9e63f84e15cf441a6109dbe3772c1cdcbd6e9bc2ff55183dc6170a283
REF-0109,7,0.875,0.685729,0.718729,0.462593,8,6,6,5,DEVELOPMENT,SYNTHETIC_RESEARCH_FIXTURE,OG-SYNTH-0.3,B1-0.3,build_opus_synthetic_programme_v0_3.py@0.3,20260812,True,26c7f522da778c7ca79a419fba986df93b404c1fb2fc2e4e0162f62583aee25f
REF-0109,8,1.0,0.588492,0.658696,0.510242,13,8,2,10,DEVELOPMENT,SYNTHETIC_RESEARCH_FIXTURE,OG-SYNTH-0.3,B1-0.3,build_opus_synthetic_programme_v0_3.py@0.3,20260812,True,aa076b0fb7ff08c296f24748a266b574f0a7b6640b9f01428e53af2cd3cb7557
REF-0110,1,0.125,0.954878,0.993845,0.153906,1,2,3,0,DEVELOPMENT,SYNTHETIC_RESEARCH_FIXTURE,OG-SYNTH-0.3,B1-0.3,build_opus_synthetic_programme_v0_3.py@0.3,20260812,True,101df724a4ba7930130980ed72bb010d2dcc79f624a06bdf547a7373e5a3c95f
REF-0110,2,0.25,0.942188,0.979766,0.159166,6,0,1,0,DEVELOPMENT,SYNTHETIC_RESEARCH_FIXTURE,OG-SYNTH-0.3,B1-0.3,build_opus_synthetic_programme_v0_3.py@0.3,20260812,True,a666c158d2fc3056dac74be61ee321c36d12bfba4dd50fcab3fb6ebf1311b47a
REF-0110,3,0.375,0.965165,1.028438,0.156211,5,1,0,1,DEVELOPMENT,SYNTHETIC_RESEARCH_FIXTURE,OG-SYNTH-0.3,B1-0.3,build_opus_synthetic_programme_v0_3.py@0.3,20260812,True,81f64b1257871c5bb239a8cd1aa6df07f0feec8c96c06235c919ac0d7fc79b98
REF-0110,4,0.5,0.895581,1.006413,0.237291,10,2,0,2,DEVELOPMENT,SYNTHETIC_RESEARCH_FIXTURE,OG-SYNTH-0.3,B1-0.3,build_opus_synthetic_programme_v0_3.py@0.3,20260812,True,4e3eb076348ae701c3ccde81d961c7a525bb9596d1f53daf591f899db1142a97
REF-0110,5,0.625,0.918667,1.002256,0.232735,5,2,2,1,DEVELOPMENT,SYNTHETIC_RESEARCH_FIXTURE,OG-SYNTH-0.3,B1-0.3,build_opus_synthetic_programme_v0_3.py@0.3,20260812,True,7b08e49cfb0e156d4fc517f37d897c9f6c9a286963914fbd35a17c267b67a463
REF-0110,6,0.75,0.867174,1.015839,0.162755,6,1,2,1,DEVELOPMENT,SYNTHETIC_RESEARCH_FIXTURE,OG-SYNTH-0.3,B1-0.3,build_opus_synthetic_programme_v0_3.py@0.3,20260812,True,74b300488278f95023af41085df2ee1d8381dc267b623bd1be0f382f03018d51
REF-0110,7,0.875,0.873409,0.970174,0.186897,4,1,2,0,DEVELOPMENT,SYNTHETIC_RESEARCH_FIXTURE,OG-SYNTH-0.3,B1-0.3,build_opus_synthetic_programme_v0_3.py@0.3,20260812,True,79f7de45ec7c216db83a57130161c76503b9e18a503a1a490f75d689e1805f30
REF-0110,8,1.0,0.914382,0.986301,0.212617,9,3,4,1,DEVELOPMENT,SYNTHETIC_RESEARCH_FIXTURE,OG-SYNTH-0.3,B1-0.3,build_opus_synthetic_programme_v0_3.py@0.3,20260812,True,4ad31c4eddf21772e934e149105a7d416edc7d653a16740f6120ca7440dbf1c6
REF-0111,1,0.125,0.997207,1.031603,0.164123,5,2,2,1,VALIDATION,SYNTHETIC_RESEARCH_FIXTURE,OG-SYNTH-0.3,B1-0.3,build_opus_synthetic_programme_v0_3.py@0.3,20260812,True,3a0a08e438e0b8cf5896ed9f16a02f793f446f42e9e2f025514441a2f323b277
REF-0111,2,0.25,0.928725,0.952018,0.125142,3,1,3,3,VALIDATION,SYNTHETIC_RESEARCH_FIXTURE,OG-SYNTH-0.3,B1-0.3,build_opus_synthetic_programme_v0_3.py@0.3,20260812,True,93ab3324d966ba56b973eafa1842b97df34b1e0d8e5d062515f1eb98c77f454e
REF-0111,3,0.375,0.902913,0.929517,0.190571,7,1,2,0,VALIDATION,SYNTHETIC_RESEARCH_FIXTURE,OG-SYNTH-0.3,B1-0.3,build_opus_synthetic_programme_v0_3.py@0.3,20260812,True,bc93e0e6ba1296fe998fe1b41bdeeb43104b6752632bea57fad36fc48b870c53
REF-0111,4,0.5,0.976591,0.884113,0.286036,11,2,5,5,VALIDATION,SYNTHETIC_RESEARCH_FIXTURE,OG-SYNTH-0.3,B1-0.3,build_opus_synthetic_programme_v0_3.py@0.3,20260812,True,05f645a28a900973c3b5c6568edc2a8e845f992b74bd49055b1b40646aa97a8e
REF-0111,5,0.625,0.900428,0.842218,0.283268,16,7,7,3,VALIDATION,SYNTHETIC_RESEARCH_FIXTURE,OG-SYNTH-0.3,B1-0.3,build_opus_synthetic_programme_v0_3.py@0.3,20260812,True,b7fb93398846e2510cf71b58c56e177020dc42a8ece1cb843d0e20e6f23f61fb
REF-0111,6,0.75,0.851521,0.880471,0.244792,14,0,2,3,VALIDATION,SYNTHETIC_RESEARCH_FIXTURE,OG-SYNTH-0.3,B1-0.3,build_opus_synthetic_programme_v0_3.py@0.3,20260812,True,aadd569b5d8e1aacc42533a214d78516d908ce7b9c437572d577c0e70892e53d
REF-0111,7,0.875,0.8693,0.857017,0.327649,13,2,9,4,VALIDATION,SYNTHETIC_RESEARCH_FIXTURE,OG-SYNTH-0.3,B1-0.3,build_opus_synthetic_programme_v0_3.py@0.3,20260812,True,ce53b09473de1caf8df0798481abc4df5caba7cc00079024119e5166c8186439
REF-0111,8,1.0,0.880483,0.786641,0.376278,27,4,7,4,VALIDATION,SYNTHETIC_RESEARCH_FIXTURE,OG-SYNTH-0.3,B1-0.3,build_opus_synthetic_programme_v0_3.py@0.3,20260812,True,94714906136c147c67f980e06b4bf5fa13d198c07f9fc4a73bf94d2502de281d
REF-0112,1,0.125,0.989545,0.975668,0.222841,2,1,1,0,DEVELOPMENT,SYNTHETIC_RESEARCH_FIXTURE,OG-SYNTH-0.3,B1-0.3,build_opus_synthetic_programme_v0_3.py@0.3,20260812,True,f6e457bdbca79b0627325ea2611c5b66751ba4d58d70de0b9b473683a249c61d
REF-0112,2,0.25,1.005521,0.907016,0.222671,4,1,1,0,DEVELOPMENT,SYNTHETIC_RESEARCH_FIXTURE,OG-SYNTH-0.3,B1-0.3,build_opus_synthetic_programme_v0_3.py@0.3,20260812,True,f11dd1602993737160e8dd139cc2f5eaa6d5687cb73f9b27a50a4671f99163b1
REF-0112,3,0.375,0.954016,0.921911,0.228592,9,2,1,2,DEVELOPMENT,SYNTHETIC_RESEARCH_FIXTURE,OG-SYNTH-0.3,B1-0.3,build_opus_synthetic_programme_v0_3.py@0.3,20260812,True,66653c27e0f480af79c2acffce7ebe8317e60aed2b277b698f1bd270f71ab952
REF-0112,4,0.5,0.856502,0.892872,0.236187,5,2,6,1,DEVELOPMENT,SYNTHETIC_RESEARCH_FIXTURE,OG-SYNTH-0.3,B1-0.3,build_opus_synthetic_programme_v0_3.py@0.3,20260812,True,d27c39a90ae096ae843549608be014ef7d2a56c83e77cf15c255372cdf0b170d
REF-0112,5,0.625,0.931345,0.876064,0.250128,13,1,0,5,DEVELOPMENT,SYNTHETIC_RESEARCH_FIXTURE,OG-SYNTH-0.3,B1-0.3,build_opus_synthetic_programme_v0_3.py@0.3,20260812,True,c89fb5c59b030d0a56f0c756970ac2756ccd997f2e67483bc82169a93cbab61b
REF-0112,6,0.75,0.876841,0.890215,0.193904,13,3,3,5,DEVELOPMENT,SYNTHETIC_RESEARCH_FIXTURE,OG-SYNTH-0.3,B1-0.3,build_opus_synthetic_programme_v0_3.py@0.3,20260812,True,466a6f768e5b33487b7125c1a557047f982594d4daf3e015435857bf28d6c850
REF-0112,7,0.875,0.805618,0.852649,0.287317,13,6,6,3,DEVELOPMENT,SYNTHETIC_RESEARCH_FIXTURE,OG-SYNTH-0.3,B1-0.3,build_opus_synthetic_programme_v0_3.py@0.3,20260812,True,a8584a18762f1aaa8bda1b890bfd7eae5d7ee6b93f9a0dc3dbdf004f643b9527
REF-0112,8,1.0,0.850738,0.795031,0.319484,10,5,3,6,DEVELOPMENT,SYNTHETIC_RESEARCH_FIXTURE,OG-SYNTH-0.3,B1-0.3,build_opus_synthetic_programme_v0_3.py@0.3,20260812,True,05a1cf20834b8ecbebd8ac35e3d3a4da8e2097a3cd0b129a2c274c371ac2f0d9
REF-0113,1,0.125,0.94694,0.959849,0.206591,0,1,1,1,DEVELOPMENT,SYNTHETIC_RESEARCH_FIXTURE,OG-SYNTH-0.3,B1-0.3,build_opus_synthetic_programme_v0_3.py@0.3,20260812,True,17049b7eb5ab945495f8e9f9bb9ceaa52f4926493bf5dbdec7c708a2908c98ba
REF-0113,2,0.25,0.892982,0.945882,0.263525,9,3,3,3,DEVELOPMENT,SYNTHETIC_RESEARCH_FIXTURE,OG-SYNTH-0.3,B1-0.3,build_opus_synthetic_programme_v0_3.py@0.3,20260812,True,e233857df2ce66c39942e5d51f91cf0b8f095fcd71f817e39597f14fead55b4b
REF-0113,3,0.375,0.881884,0.887539,0.253311,7,4,2,4,DEVELOPMENT,SYNTHETIC_RESEARCH_FIXTURE,OG-SYNTH-0.3,B1-0.3,build_opus_synthetic_programme_v0_3.py@0.3,20260812,True,2ed3fb0bd98cad593dac8d0e1f035eb9c551011721a4a6535cbb7f5c351c88de
REF-0113,4,0.5,0.832947,0.859832,0.280529,9,5,0,5,DEVELOPMENT,SYNTHETIC_RESEARCH_FIXTURE,OG-SYNTH-0.3,B1-0.3,build_opus_synthetic_programme_v0_3.py@0.3,20260812,True,d04482ca0fd58f1dfd43028b4d6b51347ef44997d4ad30f5700472f217cd03b5
REF-0113,5,0.625,0.777071,0.81571,0.318942,6,4,2,6,DEVELOPMENT,SYNTHETIC_RESEARCH_FIXTURE,OG-SYNTH-0.3,B1-0.3,build_opus_synthetic_programme_v0_3.py@0.3,20260812,True,8a71e3e561fa8d52dfbc11a1ea0381a02e9a35c6904a0889997e63d4ab898e60
REF-0113,6,0.75,0.707494,0.769434,0.386384,10,6,1,3,DEVELOPMENT,SYNTHETIC_RESEARCH_FIXTURE,OG-SYNTH-0.3,B1-0.3,build_opus_synthetic_programme_v0_3.py@0.3,20260812,True,09e249191719cc2de886a899201b78b8b624019fc7b5a691100c3d10ad40ce53
REF-0113,7,0.875,0.640719,0.712383,0.474853,11,8,3,4,DEVELOPMENT,SYNTHETIC_RESEARCH_FIXTURE,OG-SYNTH-0.3,B1-0.3,build_opus_synthetic_programme_v0_3.py@0.3,20260812,True,3cd44fdfd78886cb531589cffcb50bf07cc89ef1ce71c3f727f8ae0d5f719122
REF-0113,8,1.0,0.579711,0.678918,0.453484,18,10,7,2,DEVELOPMENT,SYNTHETIC_RESEARCH_FIXTURE,OG-SYNTH-0.3,B1-0.3,build_opus_synthetic_programme_v0_3.py@0.3,20260812,True,53506e8634694afa23ccc5c7bf341fa1346852f913689fb28f347c8b8963979f
REF-0114,1,0.125,0.979887,0.983749,0.122468,3,2,1,3,DEVELOPMENT,SYNTHETIC_RESEARCH_FIXTURE,OG-SYNTH-0.3,B1-0.3,build_opus_synthetic_programme_v0_3.py@0.3,20260812,True,d215bd8deaa38fcddc2863d52cb797265a761f1db137f07b8731c288cb2ade02
REF-0114,2,0.25,0.995339,1.004951,0.226268,0,4,2,1,DEVELOPMENT,SYNTHETIC_RESEARCH_FIXTURE,OG-SYNTH-0.3,B1-0.3,build_opus_synthetic_programme_v0_3.py@0.3,20260812,True,1859329a36c60ccc90bb96133152d6924247b8563258f70c19df40b3e4545e1d
REF-0114,3,0.375,0.946307,0.949762,0.195909,3,1,2,0,DEVELOPMENT,SYNTHETIC_RESEARCH_FIXTURE,OG-SYNTH-0.3,B1-0.3,build_opus_synthetic_programme_v0_3.py@0.3,20260812,True,c7f8be6fd9d88a6306bd065056c7c4d8871551ee43d119ac97b43ae46c543857
REF-0114,4,0.5,0.919042,0.950815,0.080337,7,3,3,6,DEVELOPMENT,SYNTHETIC_RESEARCH_FIXTURE,OG-SYNTH-0.3,B1-0.3,build_opus_synthetic_programme_v0_3.py@0.3,20260812,True,6d3ddceb3b060a72bd8816e602bbe1895f9555ceaeae8462503b8f7bde9744bf
REF-0114,5,0.625,0.91767,0.926785,0.231683,5,4,2,1,DEVELOPMENT,SYNTHETIC_RESEARCH_FIXTURE,OG-SYNTH-0.3,B1-0.3,build_opus_synthetic_programme_v0_3.py@0.3,20260812,True,2e1d565a5b013d5a64627659be078f5d6281de33dfd087cdb0c5b2ba5383699e
REF-0114,6,0.75,0.984268,0.955611,0.195576,9,0,2,0,DEVELOPMENT,SYNTHETIC_RESEARCH_FIXTURE,OG-SYNTH-0.3,B1-0.3,build_opus_synthetic_programme_v0_3.py@0.3,20260812,True,a90eaa7fa2678edede0975e852c78523586410319ad05674dbbfe1adffadfc34
REF-0114,7,0.875,0.917149,0.926295,0.22921,4,0,3,5,DEVELOPMENT,SYNTHETIC_RESEARCH_FIXTURE,OG-SYNTH-0.3,B1-0.3,build_opus_synthetic_programme_v0_3.py@0.3,20260812,True,363e2e715d146a96b3853561b7a5e0a1d90e04ebf599949d2f68ac3981e505b2
REF-0114,8,1.0,0.946032,0.887345,0.243247,10,3,3,0,DEVELOPMENT,SYNTHETIC_RESEARCH_FIXTURE,OG-SYNTH-0.3,B1-0.3,build_opus_synthetic_programme_v0_3.py@0.3,20260812,True,6ea8a253a3221a81785e97e183d5e63fb0eb9b7de6b6fca45d4757180f6010f6
REF-0115,1,0.125,0.973566,1.001161,0.173726,3,1,3,0,LOCKED_HOLDOUT,SYNTHETIC_RESEARCH_FIXTURE,OG-SYNTH-0.3,B1-0.3,build_opus_synthetic_programme_v0_3.py@0.3,20260812,True,06d22cd5c76ef6afd4cdb610848ce7821d6d7cc97d72951827390971392f08ab
REF-0115,2,0.25,0.974999,1.002477,0.178088,1,1,3,1,LOCKED_HOLDOUT,SYNTHETIC_RESEARCH_FIXTURE,OG-SYNTH-0.3,B1-0.3,build_opus_synthetic_programme_v0_3.py@0.3,20260812,True,a3e708411ed6897da168bed7799c51bb6d88daea15539b53aa36c99268b8d155
REF-0115,3,0.375,0.951263,0.993675,0.202764,9,1,0,1,LOCKED_HOLDOUT,SYNTHETIC_RESEARCH_FIXTURE,OG-SYNTH-0.3,B1-0.3,build_opus_synthetic_programme_v0_3.py@0.3,20260812,True,b6903d7a834fedf6c320e57b064934bc88ec64c218bae59e609fa8fe6d2411fc
REF-0115,4,0.5,0.895837,0.952063,0.171518,7,1,1,1,LOCKED_HOLDOUT,SYNTHETIC_RESEARCH_FIXTURE,OG-SYNTH-0.3,B1-0.3,build_opus_synthetic_programme_v0_3.py@0.3,20260812,True,1b78cfa9198e02fe917a3e8d788cbf54d19457bfe3220a390d0f0403c63b537b
REF-0115,5,0.625,0.92968,1.0047,0.229111,12,3,3,1,LOCKED_HOLDOUT,SYNTHETIC_RESEARCH_FIXTURE,OG-SYNTH-0.3,B1-0.3,build_opus_synthetic_programme_v0_3.py@0.3,20260812,True,10821f2178562460f015118bef01f57df4aef7c1e9c52bcf5407da66c9f78b7c
REF-0115,6,0.75,0.872629,0.949671,0.185545,7,5,2,2,LOCKED_HOLDOUT,SYNTHETIC_RESEARCH_FIXTURE,OG-SYNTH-0.3,B1-0.3,build_opus_synthetic_programme_v0_3.py@0.3,20260812,True,7fe9431d9288d90dc2c68bb95d19dffabaabef1ed92eb19aeb8abc47f762b0ba
REF-0115,7,0.875,0.835429,0.983498,0.260199,14,5,2,0,LOCKED_HOLDOUT,SYNTHETIC_RESEARCH_FIXTURE,OG-SYNTH-0.3,B1-0.3,build_opus_synthetic_programme_v0_3.py@0.3,20260812,True,eb44496a16d40fa9a4e73c391cb31e331ddba1abf9159aceea45f4f768fe7c5a
REF-0115,8,1.0,0.802396,0.957222,0.248658,12,2,3,1,LOCKED_HOLDOUT,SYNTHETIC_RESEARCH_FIXTURE,OG-SYNTH-0.3,B1-0.3,build_opus_synthetic_programme_v0_3.py@0.3,20260812,True,ff0773813d73235fe1d195669e9a903f25521b7ba53da7e9fee0367b23ad78cb
REF-0116,1,0.125,0.991901,0.994386,0.159684,3,1,4,0,VALIDATION,SYNTHETIC_RESEARCH_FIXTURE,OG-SYNTH-0.3,B1-0.3,build_opus_synthetic_programme_v0_3.py@0.3,20260812,True,d6224a84e5f98b12cb4f471d40b18ab7a4cd89cef22d6112b82ddff12673e91b
REF-0116,2,0.25,0.937369,0.986531,0.183687,2,3,0,2,VALIDATION,SYNTHETIC_RESEARCH_FIXTURE,OG-SYNTH-0.3,B1-0.3,build_opus_synthetic_programme_v0_3.py@0.3,20260812,True,a6ec53743aac8f45f359dad37f21e4c3270a789925b71f2ed19e1163bfe68426
REF-0116,3,0.375,0.954381,0.956442,0.113146,2,3,0,0,VALIDATION,SYNTHETIC_RESEARCH_FIXTURE,OG-SYNTH-0.3,B1-0.3,build_opus_synthetic_programme_v0_3.py@0.3,20260812,True,5e814c323cf2fdd41317b37f97af3b11b2513d2582a4174836bf297464f63d64
REF-0116,4,0.5,0.898792,0.959413,0.137944,3,2,2,0,VALIDATION,SYNTHETIC_RESEARCH_FIXTURE,OG-SYNTH-0.3,B1-0.3,build_opus_synthetic_programme_v0_3.py@0.3,20260812,True,825c71cf2efca74d362d4649edce3dfe9b6f6bcf3d8613ec872e536add5396a7
REF-0116,5,0.625,0.943697,0.979005,0.177969,4,3,3,0,VALIDATION,SYNTHETIC_RESEARCH_FIXTURE,OG-SYNTH-0.3,B1-0.3,build_opus_synthetic_programme_v0_3.py@0.3,20260812,True,68e10f7864ea90681dbad1bbc96400d9cee8f9085ddd9dd1609239a869d9530e
REF-0116,6,0.75,0.88376,0.948871,0.197233,8,3,0,0,VALIDATION,SYNTHETIC_RESEARCH_FIXTURE,OG-SYNTH-0.3,B1-0.3,build_opus_synthetic_programme_v0_3.py@0.3,20260812,True,7e63e321bc91fb36cd88322f817f672f9b39cc68282f4ec593738a469b5d66b7
REF-0116,7,0.875,0.814029,0.960033,0.208925,8,0,1,1,VALIDATION,SYNTHETIC_RESEARCH_FIXTURE,OG-SYNTH-0.3,B1-0.3,build_opus_synthetic_programme_v0_3.py@0.3,20260812,True,c254dcae71c05d166800ba8899c27ab860c337486d1c7d2bbe30348667b352b7
REF-0116,8,1.0,0.842873,0.959839,0.33818,12,3,1,1,VALIDATION,SYNTHETIC_RESEARCH_FIXTURE,OG-SYNTH-0.3,B1-0.3,build_opus_synthetic_programme_v0_3.py@0.3,20260812,True,120da91eb6977f3fd45dc031b935b79d9c0c20c3b333b17cbae000d5a82f18fb
REF-0117,1,0.125,1.003051,0.938192,0.152721,2,1,1,0,DEVELOPMENT,SYNTHETIC_RESEARCH_FIXTURE,OG-SYNTH-0.3,B1-0.3,build_opus_synthetic_programme_v0_3.py@0.3,20260812,True,6281aa53a95931f840205f2034e533eb2f96ab2a0cc080d9f1fdd7f1b5b1da66
REF-0117,2,0.25,0.957016,0.95326,0.257613,7,0,0,2,DEVELOPMENT,SYNTHETIC_RESEARCH_FIXTURE,OG-SYNTH-0.3,B1-0.3,build_opus_synthetic_programme_v0_3.py@0.3,20260812,True,f3f471ce039e47061376bd49ca8e17fcc2793ece0067cb37d0886be3cad9f5b1
REF-0117,3,0.375,0.93224,0.960315,0.172362,4,2,1,2,DEVELOPMENT,SYNTHETIC_RESEARCH_FIXTURE,OG-SYNTH-0.3,B1-0.3,build_opus_synthetic_programme_v0_3.py@0.3,20260812,True,b87e8defb86438ec0f8e6145db684f0404c5d3ef81c3b598179b5a12f60ee256
REF-0117,4,0.5,0.923689,0.85262,0.231344,7,2,0,2,DEVELOPMENT,SYNTHETIC_RESEARCH_FIXTURE,OG-SYNTH-0.3,B1-0.3,build_opus_synthetic_programme_v0_3.py@0.3,20260812,True,c75c25b0f57863bd275fd6bc9d63fc1e43aa0093379ce7d49346c1cbbf79261e
REF-0117,5,0.625,0.910417,0.925802,0.229075,6,1,4,3,DEVELOPMENT,SYNTHETIC_RESEARCH_FIXTURE,OG-SYNTH-0.3,B1-0.3,build_opus_synthetic_programme_v0_3.py@0.3,20260812,True,6edca81453ae62571b54d0f2b576fb5cbdf86141226f5e05915017806858e3e5
REF-0117,6,0.75,0.925538,0.915299,0.286165,7,4,3,4,DEVELOPMENT,SYNTHETIC_RESEARCH_FIXTURE,OG-SYNTH-0.3,B1-0.3,build_opus_synthetic_programme_v0_3.py@0.3,20260812,True,9763970af04cd216cf2d5a324dfb2af9aaacd42dda6ad04035e6665ccda8fd3f
REF-0117,7,0.875,0.918531,0.776527,0.272821,9,1,1,0,DEVELOPMENT,SYNTHETIC_RESEARCH_FIXTURE,OG-SYNTH-0.3,B1-0.3,build_opus_synthetic_programme_v0_3.py@0.3,20260812,True,93686b8d62e48b01543facac6de81bae90e5bfe2051c6ef8f5b99fe2cac58d1d
REF-0117,8,1.0,0.860176,0.807347,0.320768,12,6,2,0,DEVELOPMENT,SYNTHETIC_RESEARCH_FIXTURE,OG-SYNTH-0.3,B1-0.3,build_opus_synthetic_programme_v0_3.py@0.3,20260812,True,77623f9cc2202cc3d758b085197eb38c4488efa5a4dd9a54efa1c023afee181f
REF-0118,1,0.125,0.927643,0.976066,0.162626,5,0,1,2,DEVELOPMENT,SYNTHETIC_RESEARCH_FIXTURE,OG-SYNTH-0.3,B1-0.3,build_opus_synthetic_programme_v0_3.py@0.3,20260812,True,75d14937d98879e7c3b561ce33792bda984462e9b7a452606e8af7e357048908
REF-0118,2,0.25,0.948611,0.902652,0.233871,2,0,1,1,DEVELOPMENT,SYNTHETIC_RESEARCH_FIXTURE,OG-SYNTH-0.3,B1-0.3,build_opus_synthetic_programme_v0_3.py@0.3,20260812,True,28f88fb3b69d3a85c15523eed53b975200c498c04225586f1dc31970c4f28d42
REF-0118,3,0.375,0.89235,0.878856,0.232167,8,6,1,2,DEVELOPMENT,SYNTHETIC_RESEARCH_FIXTURE,OG-SYNTH-0.3,B1-0.3,build_opus_synthetic_programme_v0_3.py@0.3,20260812,True,654433aced3d3419458920d0550677aa8859ec6b33e600259eec3a9f4d11894e
REF-0118,4,0.5,0.839823,0.849601,0.22893,5,3,4,5,DEVELOPMENT,SYNTHETIC_RESEARCH_FIXTURE,OG-SYNTH-0.3,B1-0.3,build_opus_synthetic_programme_v0_3.py@0.3,20260812,True,e790d1d8f5780ee8b24e974998b2bbd666f26e9539b4ee59e7a84212a804ec43
REF-0118,5,0.625,0.787146,0.763463,0.35581,2,6,1,2,DEVELOPMENT,SYNTHETIC_RESEARCH_FIXTURE,OG-SYNTH-0.3,B1-0.3,build_opus_synthetic_programme_v0_3.py@0.3,20260812,True,e4ccfcfbe80bf8564494cfeb015228d4d563a75be9a94d22d7a7658148e80b25
REF-0118,6,0.75,0.75686,0.763344,0.33572,14,2,2,4,DEVELOPMENT,SYNTHETIC_RESEARCH_FIXTURE,OG-SYNTH-0.3,B1-0.3,build_opus_synthetic_programme_v0_3.py@0.3,20260812,True,2e0944d316d29e537a07df18f7210b56553259f5bbae50156d579119264c4e5e
REF-0118,7,0.875,0.715878,0.696488,0.382738,11,6,5,7,DEVELOPMENT,SYNTHETIC_RESEARCH_FIXTURE,OG-SYNTH-0.3,B1-0.3,build_opus_synthetic_programme_v0_3.py@0.3,20260812,True,ecad13ec607cdf6a5be7c6100d4b858eb5b53b13d2de41e84c73dd518b102bb0
REF-0118,8,1.0,0.759213,0.675725,0.414429,9,3,6,5,DEVELOPMENT,SYNTHETIC_RESEARCH_FIXTURE,OG-SYNTH-0.3,B1-0.3,build_opus_synthetic_programme_v0_3.py@0.3,20260812,True,5f4192f67cdeccb61a587942727f21b5eb9c083298600c73611d069db659a2c0
REF-0119,1,0.125,0.983373,0.982137,0.137109,1,2,0,3,DEVELOPMENT,SYNTHETIC_RESEARCH_FIXTURE,OG-SYNTH-0.3,B1-0.3,build_opus_synthetic_programme_v0_3.py@0.3,20260812,True,b86eeb002c3ec8a4427e8698087542aebf7f917badf91fdf862a437093f36820
REF-0119,2,0.25,0.972573,1.033239,0.166318,4,3,0,0,DEVELOPMENT,SYNTHETIC_RESEARCH_FIXTURE,OG-SYNTH-0.3,B1-0.3,build_opus_synthetic_programme_v0_3.py@0.3,20260812,True,6eabd5fefbb0af740075ced20ed2938f0315ec6496d577fb1ea8c26deecd6a04
REF-0119,3,0.375,0.996082,0.989152,0.15497,3,0,0,1,DEVELOPMENT,SYNTHETIC_RESEARCH_FIXTURE,OG-SYNTH-0.3,B1-0.3,build_opus_synthetic_programme_v0_3.py@0.3,20260812,True,527e156f9d6157f0622d7bcdb325db2abf61c9a51ea438050d849e40a2a9832d
REF-0119,4,0.5,0.951386,0.917386,0.165157,5,1,2,3,DEVELOPMENT,SYNTHETIC_RESEARCH_FIXTURE,OG-SYNTH-0.3,B1-0.3,build_opus_synthetic_programme_v0_3.py@0.3,20260812,True,6ecb83fde4ac8d458689a86ef9d6c68911122c56960475c6534200f38b2b6354
REF-0119,5,0.625,0.925236,0.975743,0.161844,9,1,2,1,DEVELOPMENT,SYNTHETIC_RESEARCH_FIXTURE,OG-SYNTH-0.3,B1-0.3,build_opus_synthetic_programme_v0_3.py@0.3,20260812,True,bf74871ed3c9e40d863d795fdfc44231d34db5ee26cc89981df7e7a987c34b9c
REF-0119,6,0.75,0.952615,0.96728,0.199558,5,2,3,3,DEVELOPMENT,SYNTHETIC_RESEARCH_FIXTURE,OG-SYNTH-0.3,B1-0.3,build_opus_synthetic_programme_v0_3.py@0.3,20260812,True,a6624830fbbee39fa059ad9bd952f30f84c8f3eef2b394a433eddcab31bf9a8f
REF-0119,7,0.875,0.921698,0.943305,0.183334,5,2,1,2,DEVELOPMENT,SYNTHETIC_RESEARCH_FIXTURE,OG-SYNTH-0.3,B1-0.3,build_opus_synthetic_programme_v0_3.py@0.3,20260812,True,ee3cdd5c265c7346999bb80fac330197879a4d38cdbc64b22db39b1447629fd4
REF-0119,8,1.0,0.906384,0.963093,0.177904,6,2,1,0,DEVELOPMENT,SYNTHETIC_RESEARCH_FIXTURE,OG-SYNTH-0.3,B1-0.3,build_opus_synthetic_programme_v0_3.py@0.3,20260812,True,27b0088dfe0c006ce9d3b62058fe3391005f3b850f169656e3f9534d4b0b3907
REF-0120,1,0.125,0.940172,0.977962,0.224699,1,1,1,0,DEVELOPMENT,SYNTHETIC_RESEARCH_FIXTURE,OG-SYNTH-0.3,B1-0.3,build_opus_synthetic_programme_v0_3.py@0.3,20260812,True,119c96ba3201a903c30dbe956d75f6a2b5defebeec033bc2de19904273a4a69d
REF-0120,2,0.25,0.923932,0.906413,0.241642,6,2,0,0,DEVELOPMENT,SYNTHETIC_RESEARCH_FIXTURE,OG-SYNTH-0.3,B1-0.3,build_opus_synthetic_programme_v0_3.py@0.3,20260812,True,fbdcbc67afb257e2c65b5ef83761476b692f03235e95d1201f627f81a9bae650
REF-0120,3,0.375,0.863892,0.899502,0.253158,3,2,2,1,DEVELOPMENT,SYNTHETIC_RESEARCH_FIXTURE,OG-SYNTH-0.3,B1-0.3,build_opus_synthetic_programme_v0_3.py@0.3,20260812,True,c5c231183eec46f9e68d7db873370925d04f3156f7c76ae37fec3563010215f4
REF-0120,4,0.5,0.795598,0.894855,0.344842,12,4,2,6,DEVELOPMENT,SYNTHETIC_RESEARCH_FIXTURE,OG-SYNTH-0.3,B1-0.3,build_opus_synthetic_programme_v0_3.py@0.3,20260812,True,2e88e89d92b23e0f114ce199bf5210653baf0dbe32b4b8302e8ab58e835474c5
REF-0120,5,0.625,0.729246,0.862354,0.401573,9,1,2,2,DEVELOPMENT,SYNTHETIC_RESEARCH_FIXTURE,OG-SYNTH-0.3,B1-0.3,build_opus_synthetic_programme_v0_3.py@0.3,20260812,True,b260458c68ce5e2e2e93ffdf48c2ace142023065a47ca8c58196ca5b090bc08f
REF-0120,6,0.75,0.739117,0.846847,0.416714,12,3,4,3,DEVELOPMENT,SYNTHETIC_RESEARCH_FIXTURE,OG-SYNTH-0.3,B1-0.3,build_opus_synthetic_programme_v0_3.py@0.3,20260812,True,e4f0efd378f65962b98af25da6c4f5772d4c8d93c17dd42b22a558ef9675e21e
REF-0120,7,0.875,0.680214,0.823225,0.450339,16,9,5,0,DEVELOPMENT,SYNTHETIC_RESEARCH_FIXTURE,OG-SYNTH-0.3,B1-0.3,build_opus_synthetic_programme_v0_3.py@0.3,20260812,True,353bee257e2a2d5a033cc70671015a6f3c97308a3c7677e48e6c3745a7b006db
REF-0120,8,1.0,0.618518,0.785647,0.444032,10,11,7,2,DEVELOPMENT,SYNTHETIC_RESEARCH_FIXTURE,OG-SYNTH-0.3,B1-0.3,build_opus_synthetic_programme_v0_3.py@0.3,20260812,True,37d86d2096e744f9772077b0117389dcf14a0f6fe4a73eeea9825007235361c9
REF-0121,1,0.125,1.000075,0.990505,0.153908,7,2,0,1,DEVELOPMENT,SYNTHETIC_RESEARCH_FIXTURE,OG-SYNTH-0.3,B1-0.3,build_opus_synthetic_programme_v0_3.py@0.3,20260812,True,09b44a4fd39d0c0f9003f13926a882a9cf6ffc0c4b3cdf8ce0f525c3d3cb7988
REF-0121,2,0.25,0.923494,0.949095,0.267933,4,1,4,1,DEVELOPMENT,SYNTHETIC_RESEARCH_FIXTURE,OG-SYNTH-0.3,B1-0.3,build_opus_synthetic_programme_v0_3.py@0.3,20260812,True,b7d48c9e51bf937a3ac5b6f4d1d79b1732371970e9e902650ccd850c4abc8194
REF-0121,3,0.375,0.917163,0.98491,0.309484,6,6,1,0,DEVELOPMENT,SYNTHETIC_RESEARCH_FIXTURE,OG-SYNTH-0.3,B1-0.3,build_opus_synthetic_programme_v0_3.py@0.3,20260812,True,32d32e471ea9ac6923a644da1a85cf30a679e0f4c00088a6696dd218609658fc
REF-0121,4,0.5,0.870317,0.968224,0.254886,12,3,2,1,DEVELOPMENT,SYNTHETIC_RESEARCH_FIXTURE,OG-SYNTH-0.3,B1-0.3,build_opus_synthetic_programme_v0_3.py@0.3,20260812,True,f2ba3fd710be5af929e9ea76bfd238d23d942488dd21417f32ea1f484979aa09
REF-0121,5,0.625,0.805013,0.894039,0.240807,11,3,6,1,DEVELOPMENT,SYNTHETIC_RESEARCH_FIXTURE,OG-SYNTH-0.3,B1-0.3,build_opus_synthetic_programme_v0_3.py@0.3,20260812,True,2c1afc9afa7ed3c41d9cbc776c522415878120e581e449d709c8b59961fcf1ad
REF-0121,6,0.75,0.831371,0.902646,0.3255,10,3,7,1,DEVELOPMENT,SYNTHETIC_RESEARCH_FIXTURE,OG-SYNTH-0.3,B1-0.3,build_opus_synthetic_programme_v0_3.py@0.3,20260812,True,722b6add8f2af89e55bce320d476ec3cc36b1439c8b370cf4ab20ff3ffabafc2
REF-0121,7,0.875,0.783791,0.904485,0.268081,18,7,3,4,DEVELOPMENT,SYNTHETIC_RESEARCH_FIXTURE,OG-SYNTH-0.3,B1-0.3,build_opus_synthetic_programme_v0_3.py@0.3,20260812,True,3d962234bcdf092e85ddde3532a92a75d2ab5268653fadfcb9ecdb50c7003720
REF-0121,8,1.0,0.803279,0.905302,0.241911,7,4,10,3,DEVELOPMENT,SYNTHETIC_RESEARCH_FIXTURE,OG-SYNTH-0.3,B1-0.3,build_opus_synthetic_programme_v0_3.py@0.3,20260812,True,4fa79fd6342f0f2cfb847a78aabc6a38534b8a41629e2b69666d3e6b2c23538d
REF-0122,1,0.125,0.98888,1.028543,0.131266,3,2,3,0,DEVELOPMENT,SYNTHETIC_RESEARCH_FIXTURE,OG-SYNTH-0.3,B1-0.3,build_opus_synthetic_programme_v0_3.py@0.3,20260812,True,393a3cbaf97e59edae554775a003874bfc16b9add945c78c539edf100c278bd7
REF-0122,2,0.25,0.972964,0.931053,0.242564,4,2,1,2,DEVELOPMENT,SYNTHETIC_RESEARCH_FIXTURE,OG-SYNTH-0.3,B1-0.3,build_opus_synthetic_programme_v0_3.py@0.3,20260812,True,a8ac6b234e365cc19d748b8762a4bc795e924ef07b86d99aff6b9b32c9314344
REF-0122,3,0.375,0.921867,1.042611,0.147153,2,2,1,2,DEVELOPMENT,SYNTHETIC_RESEARCH_FIXTURE,OG-SYNTH-0.3,B1-0.3,build_opus_synthetic_programme_v0_3.py@0.3,20260812,True,100c48675ff234f96d4319ab44082e3262d18f95a2a57cb20e4f616d48fb7a1c
REF-0122,4,0.5,0.929774,0.967991,0.199404,6,2,1,0,DEVELOPMENT,SYNTHETIC_RESEARCH_FIXTURE,OG-SYNTH-0.3,B1-0.3,build_opus_synthetic_programme_v0_3.py@0.3,20260812,True,eb7fe19e83558cc8a01c6ba9498c2120b70b6a28e0eab98040f371649a939762
REF-0122,5,0.625,0.870558,0.984955,0.234925,8,1,2,3,DEVELOPMENT,SYNTHETIC_RESEARCH_FIXTURE,OG-SYNTH-0.3,B1-0.3,build_opus_synthetic_programme_v0_3.py@0.3,20260812,True,6c07f26ef6e5fd12238ba5337902255cee665284a335dca01c9847ee5f5f9592
REF-0122,6,0.75,0.860931,0.954655,0.277747,11,5,4,1,DEVELOPMENT,SYNTHETIC_RESEARCH_FIXTURE,OG-SYNTH-0.3,B1-0.3,build_opus_synthetic_programme_v0_3.py@0.3,20260812,True,fc7876f20af63cad66543bf045669591b7b9488ac84d44dfb6a499b30fa027f5
REF-0122,7,0.875,0.857514,0.943364,0.266578,12,3,6,1,DEVELOPMENT,SYNTHETIC_RESEARCH_FIXTURE,OG-SYNTH-0.3,B1-0.3,build_opus_synthetic_programme_v0_3.py@0.3,20260812,True,88b131253abed085e52635906c87a8cd0eefa621ac56d4b6ad08d3049054cded
REF-0122,8,1.0,0.833842,0.933193,0.22784,21,3,3,1,DEVELOPMENT,SYNTHETIC_RESEARCH_FIXTURE,OG-SYNTH-0.3,B1-0.3,build_opus_synthetic_programme_v0_3.py@0.3,20260812,True,ae65fed934efead8684ed82c0cecab0c61178afc0a5cc82f8146f2044f149ddf
REF-0123,1,0.125,0.953451,0.980451,0.194555,3,3,1,1,DEVELOPMENT,SYNTHETIC_RESEARCH_FIXTURE,OG-SYNTH-0.3,B1-0.3,build_opus_synthetic_programme_v0_3.py@0.3,20260812,True,bb376a98378107b84aa7470e2aa1431c6871ea03c105a035e88970180295b5c5
REF-0123,2,0.25,0.968558,1.018856,0.195482,5,3,1,2,DEVELOPMENT,SYNTHETIC_RESEARCH_FIXTURE,OG-SYNTH-0.3,B1-0.3,build_opus_synthetic_programme_v0_3.py@0.3,20260812,True,f835d05be8458a3f7b7ee90fe9f8282d7979437df75113d66fcf602e154aecb2
REF-0123,3,0.375,0.940825,0.936802,0.175642,7,2,6,1,DEVELOPMENT,SYNTHETIC_RESEARCH_FIXTURE,OG-SYNTH-0.3,B1-0.3,build_opus_synthetic_programme_v0_3.py@0.3,20260812,True,c5cb4c1b0a49d47bbcef4c0d62b6a4e30fa4932ade7820e45b80a2599612646c
REF-0123,4,0.5,0.919605,0.969435,0.218511,7,1,4,2,DEVELOPMENT,SYNTHETIC_RESEARCH_FIXTURE,OG-SYNTH-0.3,B1-0.3,build_opus_synthetic_programme_v0_3.py@0.3,20260812,True,9ac5559aa4d34901b2df9394fec190a20ec1bae39e3e64b0f06a7cffc928b5ec
REF-0123,5,0.625,0.88974,0.934394,0.244354,12,4,4,3,DEVELOPMENT,SYNTHETIC_RESEARCH_FIXTURE,OG-SYNTH-0.3,B1-0.3,build_opus_synthetic_programme_v0_3.py@0.3,20260812,True,5ede32907df661b1f6eb1a24fdbf09c84e511ac2c695fc41596fa5a5f4f27b71
REF-0123,6,0.75,0.853272,0.977183,0.251609,15,4,1,0,DEVELOPMENT,SYNTHETIC_RESEARCH_FIXTURE,OG-SYNTH-0.3,B1-0.3,build_opus_synthetic_programme_v0_3.py@0.3,20260812,True,1489e0d68c82909c24e0cfcd435b49b56c79fda2d034dd03da5a93069a1096f1
REF-0123,7,0.875,0.861435,0.910741,0.269849,19,2,2,0,DEVELOPMENT,SYNTHETIC_RESEARCH_FIXTURE,OG-SYNTH-0.3,B1-0.3,build_opus_synthetic_programme_v0_3.py@0.3,20260812,True,f81847f79ed57d853fd96409317d96853a4d7c7ac4d4a5f2040a5ec289c18153
REF-0123,8,1.0,0.821473,0.952936,0.298885,11,7,3,3,DEVELOPMENT,SYNTHETIC_RESEARCH_FIXTURE,OG-SYNTH-0.3,B1-0.3,build_opus_synthetic_programme_v0_3.py@0.3,20260812,True,af710c832d6adfa76290b6e62797d5ec5df460fe2cb854edb71e801fb38f2d99
REF-0124,1,0.125,1.012765,1.008783,0.159926,3,2,1,1,DEVELOPMENT,SYNTHETIC_RESEARCH_FIXTURE,OG-SYNTH-0.3,B1-0.3,build_opus_synthetic_programme_v0_3.py@0.3,20260812,True,2b573846d71d407c45c2c5eb2b5bdb19820537f06e43d6e758cf9a076d37c5bb
REF-0124,2,0.25,1.002817,1.008193,0.189522,3,1,0,1,DEVELOPMENT,SYNTHETIC_RESEARCH_FIXTURE,OG-SYNTH-0.3,B1-0.3,build_opus_synthetic_programme_v0_3.py@0.3,20260812,True,f570c020271295b87abb59697713305e36c445f56901fb883b4252d9def1c3bc
REF-0124,3,0.375,0.986526,0.968057,0.227485,4,0,0,0,DEVELOPMENT,SYNTHETIC_RESEARCH_FIXTURE,OG-SYNTH-0.3,B1-0.3,build_opus_synthetic_programme_v0_3.py@0.3,20260812,True,034ae6e6ade08bb810dea6a43be00cffcc2b6bebec3506664ea8f1cfc2f74f14
REF-0124,4,0.5,0.976538,0.998089,0.260427,4,4,1,1,DEVELOPMENT,SYNTHETIC_RESEARCH_FIXTURE,OG-SYNTH-0.3,B1-0.3,build_opus_synthetic_programme_v0_3.py@0.3,20260812,True,b7f0f6e5499aee4ebb72c4433eb920126dd3d279f6c6838232bbd31a4d2f43ac
REF-0124,5,0.625,0.948329,1.002151,0.216985,10,4,3,1,DEVELOPMENT,SYNTHETIC_RESEARCH_FIXTURE,OG-SYNTH-0.3,B1-0.3,build_opus_synthetic_programme_v0_3.py@0.3,20260812,True,12e00e912929e40bf39f5b25348164a9a26c31c072d038a0d842a3a11e8cb258
REF-0124,6,0.75,0.932131,0.976884,0.185426,3,2,2,1,DEVELOPMENT,SYNTHETIC_RESEARCH_FIXTURE,OG-SYNTH-0.3,B1-0.3,build_opus_synthetic_programme_v0_3.py@0.3,20260812,True,9ffc3a8655e70b3a32b249cb147a3ad317ed7c562aea752227a1db7c56e3ff4a
REF-0124,7,0.875,0.937392,0.962316,0.243748,8,2,1,2,DEVELOPMENT,SYNTHETIC_RESEARCH_FIXTURE,OG-SYNTH-0.3,B1-0.3,build_opus_synthetic_programme_v0_3.py@0.3,20260812,True,d845828d1ba824487a0f0f1261386fba422a59edce1319ad07c0a1d48435ca36
REF-0124,8,1.0,0.93535,0.97158,0.221547,11,3,1,1,DEVELOPMENT,SYNTHETIC_RESEARCH_FIXTURE,OG-SYNTH-0.3,B1-0.3,build_opus_synthetic_programme_v0_3.py@0.3,20260812,True,057f7c500a217a45e1656afd79d7dadcef7abe1d55700a637dba2840a5c4e341
REF-0125,1,0.125,0.986498,0.972314,0.229199,4,3,2,0,DEVELOPMENT,SYNTHETIC_RESEARCH_FIXTURE,OG-SYNTH-0.3,B1-0.3,build_opus_synthetic_programme_v0_3.py@0.3,20260812,True,8dd92aff843911c3d2d3b6218fde11fa6beadbcd616c1169f38ed592a67454fd
REF-0125,2,0.25,0.946006,0.925995,0.166883,1,3,4,1,DEVELOPMENT,SYNTHETIC_RESEARCH_FIXTURE,OG-SYNTH-0.3,B1-0.3,build_opus_synthetic_programme_v0_3.py@0.3,20260812,True,5e112f82219306d6f0828c486b3eb83f7cc34d0721ef1a3d0c1485af5246f9b5
REF-0125,3,0.375,0.8901,0.924658,0.161553,5,3,2,1,DEVELOPMENT,SYNTHETIC_RESEARCH_FIXTURE,OG-SYNTH-0.3,B1-0.3,build_opus_synthetic_programme_v0_3.py@0.3,20260812,True,6679ba604347aa44e3f2a9845605b46b290de58e3a308c6309a97d881c5c055d
REF-0125,4,0.5,0.890966,0.910612,0.201148,17,5,8,2,DEVELOPMENT,SYNTHETIC_RESEARCH_FIXTURE,OG-SYNTH-0.3,B1-0.3,build_opus_synthetic_programme_v0_3.py@0.3,20260812,True,bc8266ac26dafef09a4fd41a69b3d3c24fe47bc2c03fbe506a4e1bc89048f423
REF-0125,5,0.625,0.900083,0.890549,0.205917,14,0,2,4,DEVELOPMENT,SYNTHETIC_RESEARCH_FIXTURE,OG-SYNTH-0.3,B1-0.3,build_opus_synthetic_programme_v0_3.py@0.3,20260812,True,ae4489ddfef02f6799daef359e6a8af060c11682dfa7dddfa9fb0e7e3c0e96cb
REF-0125,6,0.75,0.897766,0.856846,0.219123,16,1,7,1,DEVELOPMENT,SYNTHETIC_RESEARCH_FIXTURE,OG-SYNTH-0.3,B1-0.3,build_opus_synthetic_programme_v0_3.py@0.3,20260812,True,b4a77c9ec2c3e7a018e5f1b43b6cb2665ea96c4b617afe30b7fed157e2c323be
REF-0125,7,0.875,0.821745,0.840212,0.309637,18,4,7,2,DEVELOPMENT,SYNTHETIC_RESEARCH_FIXTURE,OG-SYNTH-0.3,B1-0.3,build_opus_synthetic_programme_v0_3.py@0.3,20260812,True,1bc69768cfd9e5f14a4cbbc5d58ab0ea27e947bb214ab3b08c974b38ca1b328f
REF-0125,8,1.0,0.786551,0.830332,0.297284,18,4,7,1,DEVELOPMENT,SYNTHETIC_RESEARCH_FIXTURE,OG-SYNTH-0.3,B1-0.3,build_opus_synthetic_programme_v0_3.py@0.3,20260812,True,3b37c8cbb989201d33cb1609b91e5396aac8e111099c45025009dffb1a483851
REF-0126,1,0.125,1.008102,0.998357,0.27812,2,3,4,2,DEVELOPMENT,SYNTHETIC_RESEARCH_FIXTURE,OG-SYNTH-0.3,B1-0.3,build_opus_synthetic_programme_v0_3.py@0.3,20260812,True,012505c27a19a839024052ac2a838acb06ae515766d14fc84cf2d66b34ef092b
REF-0126,2,0.25,0.925646,0.962602,0.108642,3,0,2,3,DEVELOPMENT,SYNTHETIC_RESEARCH_FIXTURE,OG-SYNTH-0.3,B1-0.3,build_opus_synthetic_programme_v0_3.py@0.3,20260812,True,aa3d4f9ba71818206b89dd12c1d4af2a1722b536961c4a7bf1e38daf778be165
REF-0126,3,0.375,0.903397,0.939174,0.199914,3,0,4,0,DEVELOPMENT,SYNTHETIC_RESEARCH_FIXTURE,OG-SYNTH-0.3,B1-0.3,build_opus_synthetic_programme_v0_3.py@0.3,20260812,True,09d502fa8038c2ead1c9cfdf8e84c0176b9703c8a7e587c78ce937815c361be6
REF-0126,4,0.5,0.930614,0.996642,0.255744,9,1,1,2,DEVELOPMENT,SYNTHETIC_RESEARCH_FIXTURE,OG-SYNTH-0.3,B1-0.3,build_opus_synthetic_programme_v0_3.py@0.3,20260812,True,eb54a20ea4f6f2c0f2bc863b525fee771493db4392d3e466d4785bba11a106d8
REF-0126,5,0.625,0.890996,0.951976,0.238105,12,1,1,1,DEVELOPMENT,SYNTHETIC_RESEARCH_FIXTURE,OG-SYNTH-0.3,B1-0.3,build_opus_synthetic_programme_v0_3.py@0.3,20260812,True,8f8119de5b151f1781562c0d3e5cd6c6541c85c686056baf6fc1e60a7c87ea21
REF-0126,6,0.75,0.86794,0.974805,0.183581,15,3,1,5,DEVELOPMENT,SYNTHETIC_RESEARCH_FIXTURE,OG-SYNTH-0.3,B1-0.3,build_opus_synthetic_programme_v0_3.py@0.3,20260812,True,19a064f6f00955d851c1e77f1740c1e9f352f0d744f4cc8744fb18ea9e7839c0
REF-0126,7,0.875,0.819643,0.91195,0.237627,12,2,5,5,DEVELOPMENT,SYNTHETIC_RESEARCH_FIXTURE,OG-SYNTH-0.3,B1-0.3,build_opus_synthetic_programme_v0_3.py@0.3,20260812,True,6469018823df699ae66a68fe11605b7c2d255ab4d7996e352869e3849178d514
REF-0126,8,1.0,0.790831,0.871207,0.232926,13,3,6,2,DEVELOPMENT,SYNTHETIC_RESEARCH_FIXTURE,OG-SYNTH-0.3,B1-0.3,build_opus_synthetic_programme_v0_3.py@0.3,20260812,True,7ab65bdf020a66391d1d3465b346d26e15a0ca8b9df3cc957d32e353743b45dc
REF-0127,1,0.125,1.003894,0.952873,0.140411,6,1,6,3,DEVELOPMENT,SYNTHETIC_RESEARCH_FIXTURE,OG-SYNTH-0.3,B1-0.3,build_opus_synthetic_programme_v0_3.py@0.3,20260812,True,eb3936367a85c427d3e1725f484e0c57f11f14def4e52c64e7ca9452c0ec3ac1
REF-0127,2,0.25,0.960246,0.935288,0.182239,6,1,3,4,DEVELOPMENT,SYNTHETIC_RESEARCH_FIXTURE,OG-SYNTH-0.3,B1-0.3,build_opus_synthetic_programme_v0_3.py@0.3,20260812,True,f3b1e5173fb856e88670b14296b01db25822dde9fafa05a672e173b039b8ea4f
REF-0127,3,0.375,0.977309,0.969944,0.175554,9,2,0,1,DEVELOPMENT,SYNTHETIC_RESEARCH_FIXTURE,OG-SYNTH-0.3,B1-0.3,build_opus_synthetic_programme_v0_3.py@0.3,20260812,True,7e4dbebec3ca7fbcf3a3315d847b797e088b1e7b3d55778136ffa7c42baf527b
REF-0127,4,0.5,0.965382,0.912612,0.187449,7,0,1,2,DEVELOPMENT,SYNTHETIC_RESEARCH_FIXTURE,OG-SYNTH-0.3,B1-0.3,build_opus_synthetic_programme_v0_3.py@0.3,20260812,True,c1b45f019fc6d300c366f64582b04913fab8a21e4d1cb87e6efd2a06284b8ecb
REF-0127,5,0.625,0.927768,0.931278,0.256561,11,2,3,1,DEVELOPMENT,SYNTHETIC_RESEARCH_FIXTURE,OG-SYNTH-0.3,B1-0.3,build_opus_synthetic_programme_v0_3.py@0.3,20260812,True,72b3d4d0b0f3821c7c4b37ccbd91f9897ae2f2b9853bf89b67c98fab5ceea4d7
REF-0127,6,0.75,0.859094,0.907315,0.242548,11,6,2,2,DEVELOPMENT,SYNTHETIC_RESEARCH_FIXTURE,OG-SYNTH-0.3,B1-0.3,build_opus_synthetic_programme_v0_3.py@0.3,20260812,True,fa87c884300f25739a7c55d280fe60617b64d29755e63aff5f092de773e40a6d
REF-0127,7,0.875,0.883,0.865543,0.277345,14,3,3,2,DEVELOPMENT,SYNTHETIC_RESEARCH_FIXTURE,OG-SYNTH-0.3,B1-0.3,build_opus_synthetic_programme_v0_3.py@0.3,20260812,True,c9307604f93695e016dc39071f682eec72bf307bce6848da6f92fa154ba49918
REF-0127,8,1.0,0.949256,0.891677,0.24175,20,2,0,1,DEVELOPMENT,SYNTHETIC_RESEARCH_FIXTURE,OG-SYNTH-0.3,B1-0.3,build_opus_synthetic_programme_v0_3.py@0.3,20260812,True,6988ee040144df8a50b51b16c979c7f6e99feb6d3a511bf614832d1f629225f7
REF-0128,1,0.125,1.002064,0.978052,0.217378,2,2,0,0,VALIDATION,SYNTHETIC_RESEARCH_FIXTURE,OG-SYNTH-0.3,B1-0.3,build_opus_synthetic_programme_v0_3.py@0.3,20260812,True,361f22c5a47343d51475dc53cbd946da1dd5fa02da04d537afed26391f7f93dc
REF-0128,2,0.25,0.926188,0.989631,0.156614,7,1,2,0,VALIDATION,SYNTHETIC_RESEARCH_FIXTURE,OG-SYNTH-0.3,B1-0.3,build_opus_synthetic_programme_v0_3.py@0.3,20260812,True,5f0e45e4427b4dbbabd17352bd6fb142cb9f12784779601d2482d86325356862
REF-0128,3,0.375,0.925858,0.942217,0.160618,6,4,3,2,VALIDATION,SYNTHETIC_RESEARCH_FIXTURE,OG-SYNTH-0.3,B1-0.3,build_opus_synthetic_programme_v0_3.py@0.3,20260812,True,86facaa6b7f0b155bbb31d8f285c04589a26db922d9a5aa1377a523e0189b2d9
REF-0128,4,0.5,0.939352,0.896692,0.201156,6,0,4,1,VALIDATION,SYNTHETIC_RESEARCH_FIXTURE,OG-SYNTH-0.3,B1-0.3,build_opus_synthetic_programme_v0_3.py@0.3,20260812,True,3c0231562f3bbf2d0f3fe12b2d282ead9f799c8f48672210e49c800e776f8d4d
REF-0128,5,0.625,0.962976,0.911575,0.240057,10,1,3,4,VALIDATION,SYNTHETIC_RESEARCH_FIXTURE,OG-SYNTH-0.3,B1-0.3,build_opus_synthetic_programme_v0_3.py@0.3,20260812,True,e2f961f0da0047be75fad37f24f2e8ba6107e685264c0b2a6d878bff1eeefc16
REF-0128,6,0.75,0.861774,0.85751,0.275714,9,4,0,2,VALIDATION,SYNTHETIC_RESEARCH_FIXTURE,OG-SYNTH-0.3,B1-0.3,build_opus_synthetic_programme_v0_3.py@0.3,20260812,True,f1f967a59f7f3e699230c12feae558cb5756a5993d1acef91ea48e56e7d14df7
REF-0128,7,0.875,0.886767,0.858672,0.264791,16,0,3,2,VALIDATION,SYNTHETIC_RESEARCH_FIXTURE,OG-SYNTH-0.3,B1-0.3,build_opus_synthetic_programme_v0_3.py@0.3,20260812,True,b8410ce672d0d0a1675bdc5936eb62fb1fbec1c3740b6e6ab80101b97da14678
REF-0128,8,1.0,0.858912,0.836375,0.268804,21,1,4,2,VALIDATION,SYNTHETIC_RESEARCH_FIXTURE,OG-SYNTH-0.3,B1-0.3,build_opus_synthetic_programme_v0_3.py@0.3,20260812,True,b1861a35c96c19e139f99a57468f885ce32e165a9029a6ce2bbe2fae13f21265
REF-0129,1,0.125,0.938219,0.969655,0.136784,7,7,3,0,LOCKED_HOLDOUT,SYNTHETIC_RESEARCH_FIXTURE,OG-SYNTH-0.3,B1-0.3,build_opus_synthetic_programme_v0_3.py@0.3,20260812,True,ce38caef30896c1844d95d461249f9b074cc19c35caeaa8225da49bf44c7a380
REF-0129,2,0.25,0.892062,0.949431,0.227566,4,2,2,2,LOCKED_HOLDOUT,SYNTHETIC_RESEARCH_FIXTURE,OG-SYNTH-0.3,B1-0.3,build_opus_synthetic_programme_v0_3.py@0.3,20260812,True,17c313b08dfc666cd33878ba457896f01ec7685f7fb793cb4c5d2d7411ae7097
REF-0129,3,0.375,0.804496,0.859762,0.249932,5,5,2,3,LOCKED_HOLDOUT,SYNTHETIC_RESEARCH_FIXTURE,OG-SYNTH-0.3,B1-0.3,build_opus_synthetic_programme_v0_3.py@0.3,20260812,True,dbdeaabca7f46b0cd3601784a4f14b83d0595bb663215500a723732945718762
REF-0129,4,0.5,0.782773,0.847555,0.350773,8,5,1,1,LOCKED_HOLDOUT,SYNTHETIC_RESEARCH_FIXTURE,OG-SYNTH-0.3,B1-0.3,build_opus_synthetic_programme_v0_3.py@0.3,20260812,True,b7f4714624a4df2456ac10faf5acb5d8c3763aec728c80016ecee343d7e008ed
REF-0129,5,0.625,0.700458,0.844204,0.29282,9,4,2,6,LOCKED_HOLDOUT,SYNTHETIC_RESEARCH_FIXTURE,OG-SYNTH-0.3,B1-0.3,build_opus_synthetic_programme_v0_3.py@0.3,20260812,True,0fe5b4999b878abbddac9d2839608be1ce344c5faea18e8546550207eaf00ddd
REF-0129,6,0.75,0.72557,0.793269,0.357848,4,3,1,2,LOCKED_HOLDOUT,SYNTHETIC_RESEARCH_FIXTURE,OG-SYNTH-0.3,B1-0.3,build_opus_synthetic_programme_v0_3.py@0.3,20260812,True,f7e5a4f171fcfc76c479f643c27077804fe5d13ae8e3e7d998ba76ec4d91acec
REF-0129,7,0.875,0.631934,0.729124,0.388392,15,3,2,7,LOCKED_HOLDOUT,SYNTHETIC_RESEARCH_FIXTURE,OG-SYNTH-0.3,B1-0.3,build_opus_synthetic_programme_v0_3.py@0.3,20260812,True,1a388aea93e0ec22ba3e7679e690e209f6dd2cf97df35e783bc8f4677ca31a0c
REF-0129,8,1.0,0.640211,0.687112,0.356578,10,9,3,3,LOCKED_HOLDOUT,SYNTHETIC_RESEARCH_FIXTURE,OG-SYNTH-0.3,B1-0.3,build_opus_synthetic_programme_v0_3.py@0.3,20260812,True,4aeda28053da3cc2b6848596db2e3d1f2fc5f7062ae12605f22ecb590c392021
REF-0130,1,0.125,0.986316,0.946443,0.190375,2,1,1,1,LOCKED_HOLDOUT,SYNTHETIC_RESEARCH_FIXTURE,OG-SYNTH-0.3,B1-0.3,build_opus_synthetic_programme_v0_3.py@0.3,20260812,True,876fb8856ea49cc6efb9ab537d1c0ae8ef321fe7f860f87450fa4707e0c00074
REF-0130,2,0.25,0.992486,0.957286,0.269323,7,0,2,1,LOCKED_HOLDOUT,SYNTHETIC_RESEARCH_FIXTURE,OG-SYNTH-0.3,B1-0.3,build_opus_synthetic_programme_v0_3.py@0.3,20260812,True,562b1485e7b21f7792f4db38c2bff53b084528d8b5bbd43537c0f4de1997e254
REF-0130,3,0.375,1.028037,0.947593,0.217564,9,2,1,3,LOCKED_HOLDOUT,SYNTHETIC_RESEARCH_FIXTURE,OG-SYNTH-0.3,B1-0.3,build_opus_synthetic_programme_v0_3.py@0.3,20260812,True,b1b17dbe229701b4f8b9a5ef50f3a227f2b4d7cdfadbb815fbd47bcd570ad773
REF-0130,4,0.5,0.951028,0.940334,0.209974,15,0,1,1,LOCKED_HOLDOUT,SYNTHETIC_RESEARCH_FIXTURE,OG-SYNTH-0.3,B1-0.3,build_opus_synthetic_programme_v0_3.py@0.3,20260812,True,77232424670db8370bccc600492151e2c317c1a6c58deb0a0a6a552c5201ef2c
REF-0130,5,0.625,0.983763,0.872068,0.245541,12,5,4,2,LOCKED_HOLDOUT,SYNTHETIC_RESEARCH_FIXTURE,OG-SYNTH-0.3,B1-0.3,build_opus_synthetic_programme_v0_3.py@0.3,20260812,True,d56a6e7cd7f257a6332d559ed6447c76edf5f65cd6bbda634a05c6cc54135131
REF-0130,6,0.75,0.925583,0.891635,0.211186,14,4,4,1,LOCKED_HOLDOUT,SYNTHETIC_RESEARCH_FIXTURE,OG-SYNTH-0.3,B1-0.3,build_opus_synthetic_programme_v0_3.py@0.3,20260812,True,042fe5fd1e0fd2a270c76607d7c09b77f07001481d062d7d1f164ce31f69afec
REF-0130,7,0.875,0.90938,0.877182,0.229427,14,0,6,5,LOCKED_HOLDOUT,SYNTHETIC_RESEARCH_FIXTURE,OG-SYNTH-0.3,B1-0.3,build_opus_synthetic_programme_v0_3.py@0.3,20260812,True,5e06510c207fd4da86233a8149fc0022837234235bbefe1dea7bb6fab1a23a80
REF-0130,8,1.0,0.888757,0.86413,0.2212,25,4,5,5,LOCKED_HOLDOUT,SYNTHETIC_RESEARCH_FIXTURE,OG-SYNTH-0.3,B1-0.3,build_opus_synthetic_programme_v0_3.py@0.3,20260812,True,c9a0451baaaa2323e7b12425d4ce62e9a3eb65b28b136708d7cc877bb98c9eaa
REF-0131,1,0.125,0.927726,0.920437,0.169842,8,2,1,0,DEVELOPMENT,SYNTHETIC_RESEARCH_FIXTURE,OG-SYNTH-0.3,B1-0.3,build_opus_synthetic_programme_v0_3.py@0.3,20260812,True,b1f4303a1de2eef91bbefb9a7c8853f9d7134fa07122f2d2c683b3e86c37af4a
REF-0131,2,0.25,0.8985,0.937892,0.298056,6,1,0,2,DEVELOPMENT,SYNTHETIC_RESEARCH_FIXTURE,OG-SYNTH-0.3,B1-0.3,build_opus_synthetic_programme_v0_3.py@0.3,20260812,True,78066c772d9b172b29a5d4ed4dbb4375f4b34365a47ff000b427baa6f46c2e71
REF-0131,3,0.375,0.859935,0.814389,0.323479,8,5,2,5,DEVELOPMENT,SYNTHETIC_RESEARCH_FIXTURE,OG-SYNTH-0.3,B1-0.3,build_opus_synthetic_programme_v0_3.py@0.3,20260812,True,bbdbcaf2b183646f2628ec87b69a4be403ef9b2da904bff2e22546c17afa0b64
REF-0131,4,0.5,0.790636,0.78142,0.407281,16,1,1,2,DEVELOPMENT,SYNTHETIC_RESEARCH_FIXTURE,OG-SYNTH-0.3,B1-0.3,build_opus_synthetic_programme_v0_3.py@0.3,20260812,True,46b883ac2746f6cddf12467d27b9ae938fab120eb2e2e092c273bc1e0b65d9a5
REF-0131,5,0.625,0.73224,0.744146,0.443774,10,9,2,5,DEVELOPMENT,SYNTHETIC_RESEARCH_FIXTURE,OG-SYNTH-0.3,B1-0.3,build_opus_synthetic_programme_v0_3.py@0.3,20260812,True,08ec0ff688a67f8ef4dbf90b24fa7061e56c1184e1816ce39868b307baecafe2
REF-0131,6,0.75,0.66893,0.683533,0.394193,12,10,2,7,DEVELOPMENT,SYNTHETIC_RESEARCH_FIXTURE,OG-SYNTH-0.3,B1-0.3,build_opus_synthetic_programme_v0_3.py@0.3,20260812,True,25276c5667fd979d095ae75dbcf56d7bc459254c01c20cbe8e57cc91b1d21c45
REF-0131,7,0.875,0.6114,0.618607,0.457504,9,3,2,5,DEVELOPMENT,SYNTHETIC_RESEARCH_FIXTURE,OG-SYNTH-0.3,B1-0.3,build_opus_synthetic_programme_v0_3.py@0.3,20260812,True,a80be6a22eea4bc6bbed93764a1b0843b6c2f577c0a5bb0efaca3d42203856af
REF-0131,8,1.0,0.583605,0.570518,0.539378,16,7,2,2,DEVELOPMENT,SYNTHETIC_RESEARCH_FIXTURE,OG-SYNTH-0.3,B1-0.3,build_opus_synthetic_programme_v0_3.py@0.3,20260812,True,6068ca98b5768e663d41b1cea0468f59f6145b30989376fed80bf9c1e1a8edbc
REF-0132,1,0.125,0.980148,0.936181,0.214601,3,1,1,0,DEVELOPMENT,SYNTHETIC_RESEARCH_FIXTURE,OG-SYNTH-0.3,B1-0.3,build_opus_synthetic_programme_v0_3.py@0.3,20260812,True,e1f68686df20b63c30d7a56d82644dd3e0726efc4e8e1a0c51bdb3790d0ad6c0
REF-0132,2,0.25,0.96133,0.945274,0.254812,7,3,1,0,DEVELOPMENT,SYNTHETIC_RESEARCH_FIXTURE,OG-SYNTH-0.3,B1-0.3,build_opus_synthetic_programme_v0_3.py@0.3,20260812,True,2dc699de2223c1d44eb001950068afc43ea30a5cc09f05d0a84ddb993081b5f6
REF-0132,3,0.375,0.997012,0.93297,0.215131,13,2,2,2,DEVELOPMENT,SYNTHETIC_RESEARCH_FIXTURE,OG-SYNTH-0.3,B1-0.3,build_opus_synthetic_programme_v0_3.py@0.3,20260812,True,a5d913f6114d6f76083bd954cb6c1310a93f00abd9618a8d146ed5f4078607ee
REF-0132,4,0.5,0.996332,0.885158,0.189941,14,0,3,3,DEVELOPMENT,SYNTHETIC_RESEARCH_FIXTURE,OG-SYNTH-0.3,B1-0.3,build_opus_synthetic_programme_v0_3.py@0.3,20260812,True,34d2f61e86996755c8c7d3e8c07a31259436c8badc992df1bff7403e6de134e7
REF-0132,5,0.625,1.008889,0.890495,0.24153,16,0,2,4,DEVELOPMENT,SYNTHETIC_RESEARCH_FIXTURE,OG-SYNTH-0.3,B1-0.3,build_opus_synthetic_programme_v0_3.py@0.3,20260812,True,81c0be8c9822ef5de03928bc7995b03fea8bd57e28f1670e718d2547d1268784
REF-0132,6,0.75,0.962661,0.872506,0.2579,13,3,5,3,DEVELOPMENT,SYNTHETIC_RESEARCH_FIXTURE,OG-SYNTH-0.3,B1-0.3,build_opus_synthetic_programme_v0_3.py@0.3,20260812,True,5c00d153cd3687f8d5b3cde164b143c7513b0e96ab10e8e60c58377bd70e6bf3
REF-0132,7,0.875,1.008551,0.79652,0.283878,16,1,6,4,DEVELOPMENT,SYNTHETIC_RESEARCH_FIXTURE,OG-SYNTH-0.3,B1-0.3,build_opus_synthetic_programme_v0_3.py@0.3,20260812,True,aa35c1681e3978de1678cf47ce5460ce0ff2fab76a2d31bddf33267c63fb4d16
REF-0132,8,1.0,0.973412,0.869955,0.274708,21,4,3,0,DEVELOPMENT,SYNTHETIC_RESEARCH_FIXTURE,OG-SYNTH-0.3,B1-0.3,build_opus_synthetic_programme_v0_3.py@0.3,20260812,True,d3dd126d2d4aa295bb9732896e6571691f115fb52fa9b6090c4d0a9e09994345
REF-0133,1,0.125,0.921297,0.943712,0.136867,2,0,1,2,DEVELOPMENT,SYNTHETIC_RESEARCH_FIXTURE,OG-SYNTH-0.3,B1-0.3,build_opus_synthetic_programme_v0_3.py@0.3,20260812,True,26dd941160300642481f6be21659c1ad0a409e493dccba7513934164b5b98069
REF-0133,2,0.25,0.995185,0.964848,0.131163,5,0,2,1,DEVELOPMENT,SYNTHETIC_RESEARCH_FIXTURE,OG-SYNTH-0.3,B1-0.3,build_opus_synthetic_programme_v0_3.py@0.3,20260812,True,eef3ecb8dcefcbb50775edd88d9670aca2cb6b68275db25132fd57a980061325
REF-0133,3,0.375,0.93189,0.885996,0.247763,9,3,5,0,DEVELOPMENT,SYNTHETIC_RESEARCH_FIXTURE,OG-SYNTH-0.3,B1-0.3,build_opus_synthetic_programme_v0_3.py@0.3,20260812,True,2996e564b90a207758b51c98ee5f27241170c804f38c02202500a870190ee2a9
REF-0133,4,0.5,0.893939,0.918264,0.262885,9,4,4,2,DEVELOPMENT,SYNTHETIC_RESEARCH_FIXTURE,OG-SYNTH-0.3,B1-0.3,build_opus_synthetic_programme_v0_3.py@0.3,20260812,True,2689b4c7e41379a0826cf1527c132459f06cd0d9470bb12c18cc907b1a26adce
REF-0133,5,0.625,0.867298,0.830655,0.280927,8,1,2,2,DEVELOPMENT,SYNTHETIC_RESEARCH_FIXTURE,OG-SYNTH-0.3,B1-0.3,build_opus_synthetic_programme_v0_3.py@0.3,20260812,True,61f7b132d64ccea17ea27a5c81cde7abbd6bb80c9245d22d822dc76da86a1909
REF-0133,6,0.75,0.794011,0.83427,0.260013,15,5,4,3,DEVELOPMENT,SYNTHETIC_RESEARCH_FIXTURE,OG-SYNTH-0.3,B1-0.3,build_opus_synthetic_programme_v0_3.py@0.3,20260812,True,6bb13a04b2c0e4a7fe9d153d7a5b01fc2c97f047cecfac7e244438c59ce1583e
REF-0133,7,0.875,0.787866,0.84443,0.237419,15,5,4,3,DEVELOPMENT,SYNTHETIC_RESEARCH_FIXTURE,OG-SYNTH-0.3,B1-0.3,build_opus_synthetic_programme_v0_3.py@0.3,20260812,True,5d2b9afa5e9b7639b7e81eaca5aaf034d76feabb09de394b786b7c3d770ccc4b
REF-0133,8,1.0,0.796955,0.740509,0.300629,18,2,8,6,DEVELOPMENT,SYNTHETIC_RESEARCH_FIXTURE,OG-SYNTH-0.3,B1-0.3,build_opus_synthetic_programme_v0_3.py@0.3,20260812,True,db6545898bcb1db4fcc97c57c0498c449c36c33cf9b12f19c12e3f7e9c1edcbd
REF-0134,1,0.125,0.980041,0.929332,0.17397,3,3,1,3,DEVELOPMENT,SYNTHETIC_RESEARCH_FIXTURE,OG-SYNTH-0.3,B1-0.3,build_opus_synthetic_programme_v0_3.py@0.3,20260812,True,d53d654319dc16526fc35edd5e71edea6f488d5850d8b22f8296090f89c47f6d
REF-0134,2,0.25,0.944179,0.866459,0.294469,2,2,1,1,DEVELOPMENT,SYNTHETIC_RESEARCH_FIXTURE,OG-SYNTH-0.3,B1-0.3,build_opus_synthetic_programme_v0_3.py@0.3,20260812,True,73725a58afff656a2afb623bc21b7fedaa56ab71e56a8b59c4e64f37309f2a33
REF-0134,3,0.375,0.869396,0.858952,0.311916,6,4,2,3,DEVELOPMENT,SYNTHETIC_RESEARCH_FIXTURE,OG-SYNTH-0.3,B1-0.3,build_opus_synthetic_programme_v0_3.py@0.3,20260812,True,35f75c2276eb97acc5ff0a7b798ef04547e518f8f6fc8d74c6091b0aeda3128d
REF-0134,4,0.5,0.79657,0.779399,0.396802,10,3,0,2,DEVELOPMENT,SYNTHETIC_RESEARCH_FIXTURE,OG-SYNTH-0.3,B1-0.3,build_opus_synthetic_programme_v0_3.py@0.3,20260812,True,039ff4984e209d0ae89d7f34053f271eb2cbeb62e85e6896115c172c3e421ba1
REF-0134,5,0.625,0.760225,0.703213,0.51661,9,5,4,5,DEVELOPMENT,SYNTHETIC_RESEARCH_FIXTURE,OG-SYNTH-0.3,B1-0.3,build_opus_synthetic_programme_v0_3.py@0.3,20260812,True,4b07e4dea2005174f5016c81d861f32a5d605d463d8fe6a68a18c46ee9a25b40
REF-0134,6,0.75,0.784264,0.654275,0.403604,5,3,1,4,DEVELOPMENT,SYNTHETIC_RESEARCH_FIXTURE,OG-SYNTH-0.3,B1-0.3,build_opus_synthetic_programme_v0_3.py@0.3,20260812,True,fba707f39696f3672601324e32aea47158d85dc4590ff51120c22b1fbb3b349d
REF-0134,7,0.875,0.689988,0.622875,0.459063,8,8,2,10,DEVELOPMENT,SYNTHETIC_RESEARCH_FIXTURE,OG-SYNTH-0.3,B1-0.3,build_opus_synthetic_programme_v0_3.py@0.3,20260812,True,ad6e0722361da19e45c428bb7c0a63289fd7f107fe1303f06bb2771cdb3b0392
REF-0134,8,1.0,0.645353,0.566251,0.499717,7,6,2,9,DEVELOPMENT,SYNTHETIC_RESEARCH_FIXTURE,OG-SYNTH-0.3,B1-0.3,build_opus_synthetic_programme_v0_3.py@0.3,20260812,True,d6fcb600ebcc7c083298edc88e8e5207426dc32879fcb05b50e9a29cce58b1a0
REF-0135,1,0.125,0.97957,1.10558,0.162631,1,1,4,1,DEVELOPMENT,SYNTHETIC_RESEARCH_FIXTURE,OG-SYNTH-0.3,B1-0.3,build_opus_synthetic_programme_v0_3.py@0.3,20260812,True,2f2ad4f088cf6e4caa0ebf375b31bb7d9c85e1579cc88b767cf7d2d004931419
REF-0135,2,0.25,1.037957,1.03905,0.187873,2,2,2,1,DEVELOPMENT,SYNTHETIC_RESEARCH_FIXTURE,OG-SYNTH-0.3,B1-0.3,build_opus_synthetic_programme_v0_3.py@0.3,20260812,True,5b46e8587f435e21444bf07b2c8a16623fb402ba55429c588e90ccbf1f2e5d52
REF-0135,3,0.375,0.968744,1.003411,0.179167,4,2,1,1,DEVELOPMENT,SYNTHETIC_RESEARCH_FIXTURE,OG-SYNTH-0.3,B1-0.3,build_opus_synthetic_programme_v0_3.py@0.3,20260812,True,d67401d46c4b974657fab66360424979b0d77f39e16121e83f850dff12547150
REF-0135,4,0.5,0.983277,1.045877,0.170513,3,0,1,1,DEVELOPMENT,SYNTHETIC_RESEARCH_FIXTURE,OG-SYNTH-0.3,B1-0.3,build_opus_synthetic_programme_v0_3.py@0.3,20260812,True,50084328be7be3dbe5e2f80830b36308279cd274b32f6c8b67e88a493a14fb21
REF-0135,5,0.625,0.892491,1.01935,0.162978,5,3,3,0,DEVELOPMENT,SYNTHETIC_RESEARCH_FIXTURE,OG-SYNTH-0.3,B1-0.3,build_opus_synthetic_programme_v0_3.py@0.3,20260812,True,dcb0d3179694fcb8760dd429f03943ddf849bbab89f7c82cbfc484e56f812157
REF-0135,6,0.75,0.956011,1.065554,0.184785,7,1,1,0,DEVELOPMENT,SYNTHETIC_RESEARCH_FIXTURE,OG-SYNTH-0.3,B1-0.3,build_opus_synthetic_programme_v0_3.py@0.3,20260812,True,7a3158f6d615bff90290a5fef0e31e6ce23c426dc18b47b7bcfc50c7db7e9eaf
REF-0135,7,0.875,0.955894,1.107817,0.184555,2,4,2,0,DEVELOPMENT,SYNTHETIC_RESEARCH_FIXTURE,OG-SYNTH-0.3,B1-0.3,build_opus_synthetic_programme_v0_3.py@0.3,20260812,True,6ca32cbf5352f45773b1df660fd0e74b38c20567a53ba8787e8430dae75960ea
REF-0135,8,1.0,0.961283,1.100969,0.167394,7,4,2,0,DEVELOPMENT,SYNTHETIC_RESEARCH_FIXTURE,OG-SYNTH-0.3,B1-0.3,build_opus_synthetic_programme_v0_3.py@0.3,20260812,True,0d2333d840e36f4aa8999f104d81031e34dd430c56ab2a0f9daba75454444c45
REF-0136,1,0.125,1.018885,0.982296,0.175987,4,1,4,2,DEVELOPMENT,SYNTHETIC_RESEARCH_FIXTURE,OG-SYNTH-0.3,B1-0.3,build_opus_synthetic_programme_v0_3.py@0.3,20260812,True,8e439e1c40db8b5aa87771e87c4b19cb2ea25b910b0b58c8a695898faa7f8e32
REF-0136,2,0.25,0.969411,0.963297,0.106526,5,0,1,0,DEVELOPMENT,SYNTHETIC_RESEARCH_FIXTURE,OG-SYNTH-0.3,B1-0.3,build_opus_synthetic_programme_v0_3.py@0.3,20260812,True,5e95213b35d6a5b1da03ee8977d7af7931ea6f290520e2c4575c15ad29d20477
REF-0136,3,0.375,0.894939,0.95184,0.207971,6,1,2,2,DEVELOPMENT,SYNTHETIC_RESEARCH_FIXTURE,OG-SYNTH-0.3,B1-0.3,build_opus_synthetic_programme_v0_3.py@0.3,20260812,True,5144626fed696c293c6099b99ca61361f0f7836a5b2716f01a08fa0d4e175a59
REF-0136,4,0.5,0.938754,0.905929,0.243498,10,0,1,2,DEVELOPMENT,SYNTHETIC_RESEARCH_FIXTURE,OG-SYNTH-0.3,B1-0.3,build_opus_synthetic_programme_v0_3.py@0.3,20260812,True,8760726f3e5555d9f9ef6c6a4f1fadf125f5a8afeda01c7470fc869eb04643dc
REF-0136,5,0.625,0.931523,0.917083,0.224719,10,3,2,1,DEVELOPMENT,SYNTHETIC_RESEARCH_FIXTURE,OG-SYNTH-0.3,B1-0.3,build_opus_synthetic_programme_v0_3.py@0.3,20260812,True,3ad869e6ce05f55b1271a53734fe5af20996bef310b32b68c6b9ab0b14f82693
REF-0136,6,0.75,0.919361,0.879546,0.169634,13,2,2,1,DEVELOPMENT,SYNTHETIC_RESEARCH_FIXTURE,OG-SYNTH-0.3,B1-0.3,build_opus_synthetic_programme_v0_3.py@0.3,20260812,True,805d9cf2e85c9a807a6831e186eb52b3da988705d831acd95add7a9f3a97dac6
REF-0136,7,0.875,0.905002,0.861315,0.237252,10,2,4,3,DEVELOPMENT,SYNTHETIC_RESEARCH_FIXTURE,OG-SYNTH-0.3,B1-0.3,build_opus_synthetic_programme_v0_3.py@0.3,20260812,True,d9e2a1e47ec144f85b922bc49a375684e14376ba5507a0a8a9097220b1f3bc94
REF-0136,8,1.0,0.871958,0.834112,0.303621,9,3,6,2,DEVELOPMENT,SYNTHETIC_RESEARCH_FIXTURE,OG-SYNTH-0.3,B1-0.3,build_opus_synthetic_programme_v0_3.py@0.3,20260812,True,082ebe01a2c6be6aca77f600018ce69cbd22f94ebd8877d29977e94c3f96f262
REF-0137,1,0.125,1.000224,0.975365,0.157143,3,0,2,1,DEVELOPMENT,SYNTHETIC_RESEARCH_FIXTURE,OG-SYNTH-0.3,B1-0.3,build_opus_synthetic_programme_v0_3.py@0.3,20260812,True,da0b993733f58ffdf00d80aeefe96e14a4afba882b16c7fa7182ce1c8df848e8
REF-0137,2,0.25,1.002387,0.952886,0.151351,7,2,3,1,DEVELOPMENT,SYNTHETIC_RESEARCH_FIXTURE,OG-SYNTH-0.3,B1-0.3,build_opus_synthetic_programme_v0_3.py@0.3,20260812,True,bbeac5aa56fbd59feece75819dcf53f20d56443aaef635da82c3cde9145a3816
REF-0137,3,0.375,0.979298,0.9419,0.206669,9,2,3,5,DEVELOPMENT,SYNTHETIC_RESEARCH_FIXTURE,OG-SYNTH-0.3,B1-0.3,build_opus_synthetic_programme_v0_3.py@0.3,20260812,True,cdfac8c55aa1e6078008cd568c592df21456564eaab07d4e94407b77de527eed
REF-0137,4,0.5,0.93678,0.842278,0.158131,8,3,2,1,DEVELOPMENT,SYNTHETIC_RESEARCH_FIXTURE,OG-SYNTH-0.3,B1-0.3,build_opus_synthetic_programme_v0_3.py@0.3,20260812,True,dbff738c2fd983b6e472da4f4e296adc097cf2c8ebf524947ba42443c48b68df
REF-0137,5,0.625,0.971685,0.916644,0.22619,10,2,1,3,DEVELOPMENT,SYNTHETIC_RESEARCH_FIXTURE,OG-SYNTH-0.3,B1-0.3,build_opus_synthetic_programme_v0_3.py@0.3,20260812,True,dec4b33df8e080aa48bf9f1d03ccd9467581d85d87cf99dd1b3d388838ed5c05
REF-0137,6,0.75,0.95418,0.861716,0.253778,9,2,2,2,DEVELOPMENT,SYNTHETIC_RESEARCH_FIXTURE,OG-SYNTH-0.3,B1-0.3,build_opus_synthetic_programme_v0_3.py@0.3,20260812,True,c44a7cc0bfe2b0334b7e53ed16d4a00b58d58a5784465219729e494e27385cc9
REF-0137,7,0.875,0.925262,0.832486,0.242285,15,1,1,4,DEVELOPMENT,SYNTHETIC_RESEARCH_FIXTURE,OG-SYNTH-0.3,B1-0.3,build_opus_synthetic_programme_v0_3.py@0.3,20260812,True,0f727165463b2479d8e819c530ab34fa98038839c9027456b8c912f6b9a0804a
REF-0137,8,1.0,0.917949,0.855883,0.28701,15,3,4,3,DEVELOPMENT,SYNTHETIC_RESEARCH_FIXTURE,OG-SYNTH-0.3,B1-0.3,build_opus_synthetic_programme_v0_3.py@0.3,20260812,True,d5fa830e6a8df08dc27106803586c615c245bf6e656e0180c98f2c0857f60df1
REF-0138,1,0.125,0.978654,0.959698,0.132097,1,3,1,0,DEVELOPMENT,SYNTHETIC_RESEARCH_FIXTURE,OG-SYNTH-0.3,B1-0.3,build_opus_synthetic_programme_v0_3.py@0.3,20260812,True,6dbfc36ad8ce61e969dd0492904410b7239efb11703ba327084e0911064f621f
REF-0138,2,0.25,0.967835,1.016054,0.171472,2,4,7,1,DEVELOPMENT,SYNTHETIC_RESEARCH_FIXTURE,OG-SYNTH-0.3,B1-0.3,build_opus_synthetic_programme_v0_3.py@0.3,20260812,True,1ca44690bc2bd28eabf9f3ca6c8ec7e697bd3a0e7a166f4cb6018b4c1c87ca7e
REF-0138,3,0.375,0.947634,1.009485,0.102904,10,1,0,1,DEVELOPMENT,SYNTHETIC_RESEARCH_FIXTURE,OG-SYNTH-0.3,B1-0.3,build_opus_synthetic_programme_v0_3.py@0.3,20260812,True,92113246bc54a7f376b65a35f4f461693ba4ad4a312daaf7347f764fddf0304c
REF-0138,4,0.5,0.900959,0.984519,0.237994,4,0,3,1,DEVELOPMENT,SYNTHETIC_RESEARCH_FIXTURE,OG-SYNTH-0.3,B1-0.3,build_opus_synthetic_programme_v0_3.py@0.3,20260812,True,29c9f6f746449683440e778a386e16864a4c58736fdb6d8a9c73681f72394683
REF-0138,5,0.625,0.926238,0.973749,0.244017,4,0,1,1,DEVELOPMENT,SYNTHETIC_RESEARCH_FIXTURE,OG-SYNTH-0.3,B1-0.3,build_opus_synthetic_programme_v0_3.py@0.3,20260812,True,59fbcd3f908d6385f6e9ef8521d31cd1207ef72ad0a0926d7858847aff75ecc2
REF-0138,6,0.75,0.864318,0.975259,0.234537,6,3,5,1,DEVELOPMENT,SYNTHETIC_RESEARCH_FIXTURE,OG-SYNTH-0.3,B1-0.3,build_opus_synthetic_programme_v0_3.py@0.3,20260812,True,de6892ebd97764a86da597b8909a310b0a8855ab4400270bd4f24cdfc146db3a
REF-0138,7,0.875,0.891673,1.008342,0.20453,9,0,2,1,DEVELOPMENT,SYNTHETIC_RESEARCH_FIXTURE,OG-SYNTH-0.3,B1-0.3,build_opus_synthetic_programme_v0_3.py@0.3,20260812,True,9150d622e4edb613eb1494cc72bbbd07ace396374008183e42f57e1b553360c0
REF-0138,8,1.0,0.828847,1.01262,0.250466,6,2,4,1,DEVELOPMENT,SYNTHETIC_RESEARCH_FIXTURE,OG-SYNTH-0.3,B1-0.3,build_opus_synthetic_programme_v0_3.py@0.3,20260812,True,f96bcb058d69b262edccac7403b6537352d7413822066a7e607589636934e385
REF-0139,1,0.125,1.00992,0.97956,0.135474,4,0,3,0,DEVELOPMENT,SYNTHETIC_RESEARCH_FIXTURE,OG-SYNTH-0.3,B1-0.3,build_opus_synthetic_programme_v0_3.py@0.3,20260812,True,38e2609dbf0b57fc82a091c81b770e8be274aa9d18c0f5ac078529d55fa87049
REF-0139,2,0.25,0.951624,0.954115,0.121695,3,3,0,2,DEVELOPMENT,SYNTHETIC_RESEARCH_FIXTURE,OG-SYNTH-0.3,B1-0.3,build_opus_synthetic_programme_v0_3.py@0.3,20260812,True,cb7f02d320b72bd2b17693316df0e1efec79fd03ba178e8afe2c39efcccb7854
REF-0139,3,0.375,0.896979,0.910783,0.145114,8,1,3,0,DEVELOPMENT,SYNTHETIC_RESEARCH_FIXTURE,OG-SYNTH-0.3,B1-0.3,build_opus_synthetic_programme_v0_3.py@0.3,20260812,True,8d44102b897b71c56e7728ce65d07edae5c48e2082e8e1654025e7dea2133f2e
REF-0139,4,0.5,0.873915,0.933347,0.352185,4,5,0,0,DEVELOPMENT,SYNTHETIC_RESEARCH_FIXTURE,OG-SYNTH-0.3,B1-0.3,build_opus_synthetic_programme_v0_3.py@0.3,20260812,True,aa7c343be062fac8c9cf3cc6f4c5a3357e509eec9ea660a218df9d322e0a5cf1
REF-0139,5,0.625,0.894886,0.871906,0.273044,9,1,1,3,DEVELOPMENT,SYNTHETIC_RESEARCH_FIXTURE,OG-SYNTH-0.3,B1-0.3,build_opus_synthetic_programme_v0_3.py@0.3,20260812,True,48ec1ee5ed4fb9352b693f050e958910d29adbbe176d5dc48ea902b1e6a0d56b
REF-0139,6,0.75,0.834936,0.897352,0.285919,11,4,1,1,DEVELOPMENT,SYNTHETIC_RESEARCH_FIXTURE,OG-SYNTH-0.3,B1-0.3,build_opus_synthetic_programme_v0_3.py@0.3,20260812,True,fddf69450fe9b52a556818e274715597273267be03aa8c60a5da77e763ba0330
REF-0139,7,0.875,0.823585,0.892457,0.310368,11,0,3,2,DEVELOPMENT,SYNTHETIC_RESEARCH_FIXTURE,OG-SYNTH-0.3,B1-0.3,build_opus_synthetic_programme_v0_3.py@0.3,20260812,True,bd8afcbb20108d6b8686353171443471fd36b4c6ad484bfb29dc403576c9861b
REF-0139,8,1.0,0.794743,0.826907,0.29078,10,3,1,3,DEVELOPMENT,SYNTHETIC_RESEARCH_FIXTURE,OG-SYNTH-0.3,B1-0.3,build_opus_synthetic_programme_v0_3.py@0.3,20260812,True,d6ac00af0112d295d140bd36ffc19003c5d8fd7252fc2b62cb6fa7721806ebf2
REF-0140,1,0.125,0.961239,0.979289,0.13655,2,0,3,1,DEVELOPMENT,SYNTHETIC_RESEARCH_FIXTURE,OG-SYNTH-0.3,B1-0.3,build_opus_synthetic_programme_v0_3.py@0.3,20260812,True,a223e9c59dbbf135bb9f1645f79a2cdb5a4b73cc75c42525ec83a9a237a5e3b7
REF-0140,2,0.25,0.965533,0.975521,0.168945,5,1,1,1,DEVELOPMENT,SYNTHETIC_RESEARCH_FIXTURE,OG-SYNTH-0.3,B1-0.3,build_opus_synthetic_programme_v0_3.py@0.3,20260812,True,c83283b59ac5e35d5f54882aa7117ae74d439055d4dd2ceb579688dd1a5511d8
REF-0140,3,0.375,0.895959,0.973801,0.16294,5,1,2,3,DEVELOPMENT,SYNTHETIC_RESEARCH_FIXTURE,OG-SYNTH-0.3,B1-0.3,build_opus_synthetic_programme_v0_3.py@0.3,20260812,True,c2fd4d041ad430cd3b57dd1152c15dabfcaed165f8907f31175d4ee4725f4c6a
REF-0140,4,0.5,0.912478,0.955663,0.20456,3,2,3,2,DEVELOPMENT,SYNTHETIC_RESEARCH_FIXTURE,OG-SYNTH-0.3,B1-0.3,build_opus_synthetic_programme_v0_3.py@0.3,20260812,True,d716245eb093eed386e2e4c68c8d5988258bb130fb2e1ebeb4aced6dce0ae366
REF-0140,5,0.625,0.937695,0.955987,0.210625,2,5,5,2,DEVELOPMENT,SYNTHETIC_RESEARCH_FIXTURE,OG-SYNTH-0.3,B1-0.3,build_opus_synthetic_programme_v0_3.py@0.3,20260812,True,3c0d21b0f386de1337ab937174300fee695471d713a1edf5ff3710dbb68b15d3
REF-0140,6,0.75,0.905148,0.879213,0.181479,7,1,3,1,DEVELOPMENT,SYNTHETIC_RESEARCH_FIXTURE,OG-SYNTH-0.3,B1-0.3,build_opus_synthetic_programme_v0_3.py@0.3,20260812,True,6348e3f9b1a466e8b2999b25c021e6dd6e7a57984245c6f7a07b521d0ceb562b
REF-0140,7,0.875,0.825669,0.916948,0.220801,3,1,2,2,DEVELOPMENT,SYNTHETIC_RESEARCH_FIXTURE,OG-SYNTH-0.3,B1-0.3,build_opus_synthetic_programme_v0_3.py@0.3,20260812,True,1283fedd7b0ba024cfd07bc4f4f50d33a8aa560a17fedb90b23745030daed8ad
REF-0140,8,1.0,0.877525,0.945823,0.161956,12,5,3,0,DEVELOPMENT,SYNTHETIC_RESEARCH_FIXTURE,OG-SYNTH-0.3,B1-0.3,build_opus_synthetic_programme_v0_3.py@0.3,20260812,True,55f830fa8544b4dd7692c136ea08306e6b8e7569f14ccdbc1df5491e5735d3e4
REF-0141,1,0.125,1.005581,0.986624,0.109146,1,2,3,0,DEVELOPMENT,SYNTHETIC_RESEARCH_FIXTURE,OG-SYNTH-0.3,B1-0.3,build_opus_synthetic_programme_v0_3.py@0.3,20260812,True,c04c267fcaef2236d8f19052e6edbb6582917140b80333f0f6f480c9b0a172a0
REF-0141,2,0.25,0.990185,0.987105,0.101197,4,3,1,0,DEVELOPMENT,SYNTHETIC_RESEARCH_FIXTURE,OG-SYNTH-0.3,B1-0.3,build_opus_synthetic_programme_v0_3.py@0.3,20260812,True,023497fd487474fa1b716022c8a6f790e0760fcdb701ffbd052c26ec3303b064
REF-0141,3,0.375,0.92185,0.96071,0.173073,2,0,5,0,DEVELOPMENT,SYNTHETIC_RESEARCH_FIXTURE,OG-SYNTH-0.3,B1-0.3,build_opus_synthetic_programme_v0_3.py@0.3,20260812,True,9813a7434d34dd97bdebd766a1bc8f478d3595a64dbbccd33dc2c3999d501ee3
REF-0141,4,0.5,0.928538,0.97883,0.261912,5,2,1,1,DEVELOPMENT,SYNTHETIC_RESEARCH_FIXTURE,OG-SYNTH-0.3,B1-0.3,build_opus_synthetic_programme_v0_3.py@0.3,20260812,True,7bd6ea93f48f113894a481c6c32d9dedd78a0763b2d9c5bddcf886d2729ee57f
REF-0141,5,0.625,0.970299,0.942232,0.20024,10,1,1,1,DEVELOPMENT,SYNTHETIC_RESEARCH_FIXTURE,OG-SYNTH-0.3,B1-0.3,build_opus_synthetic_programme_v0_3.py@0.3,20260812,True,07870c9dd48cf3ed2b0292c200c841d93be3591ab0e4827c21ca7b163b98e042
REF-0141,6,0.75,0.985392,0.932683,0.228495,10,0,4,1,DEVELOPMENT,SYNTHETIC_RESEARCH_FIXTURE,OG-SYNTH-0.3,B1-0.3,build_opus_synthetic_programme_v0_3.py@0.3,20260812,True,9fc8717b9261c982aff9e268e4e5563fba066583dcfe524d0733bef0ee537a68
REF-0141,7,0.875,0.923059,0.957944,0.190856,20,3,2,3,DEVELOPMENT,SYNTHETIC_RESEARCH_FIXTURE,OG-SYNTH-0.3,B1-0.3,build_opus_synthetic_programme_v0_3.py@0.3,20260812,True,2c26dd499325113f8e9f0823bc7fd887b2c19aba988570c040ebb68a8c588fef
REF-0141,8,1.0,0.929962,0.906681,0.196676,16,3,3,1,DEVELOPMENT,SYNTHETIC_RESEARCH_FIXTURE,OG-SYNTH-0.3,B1-0.3,build_opus_synthetic_programme_v0_3.py@0.3,20260812,True,2c8db9cc7519762a6e9b1ff21586e9492314f2e54e7dbc6ef39c71dc5d3fe723
REF-0142,1,0.125,0.951745,0.991846,0.125746,5,0,2,1,DEVELOPMENT,SYNTHETIC_RESEARCH_FIXTURE,OG-SYNTH-0.3,B1-0.3,build_opus_synthetic_programme_v0_3.py@0.3,20260812,True,d2eb79a9131e20a04acec3ffb21f7f275c84db031cd36c884b82c92391991bf3
REF-0142,2,0.25,0.994185,1.030841,0.104638,1,0,1,1,DEVELOPMENT,SYNTHETIC_RESEARCH_FIXTURE,OG-SYNTH-0.3,B1-0.3,build_opus_synthetic_programme_v0_3.py@0.3,20260812,True,091863bb836a6f613658d9da172b223850aa89b988bacfc64d1ecaf7be9a97ec
REF-0142,3,0.375,0.943648,0.994086,0.195162,6,0,2,0,DEVELOPMENT,SYNTHETIC_RESEARCH_FIXTURE,OG-SYNTH-0.3,B1-0.3,build_opus_synthetic_programme_v0_3.py@0.3,20260812,True,5ed4335a045c728abfb191a9a2fb371fc3df1bd53bc3b8b1863e4ae3c8e8ed79
REF-0142,4,0.5,0.944831,0.972846,0.212552,3,4,1,2,DEVELOPMENT,SYNTHETIC_RESEARCH_FIXTURE,OG-SYNTH-0.3,B1-0.3,build_opus_synthetic_programme_v0_3.py@0.3,20260812,True,fb6fabe1c5f45ab555d4bba083a00e565f1dbda2716eacfea210e71bef66671c
REF-0142,5,0.625,0.883839,0.993886,0.193657,4,0,0,2,DEVELOPMENT,SYNTHETIC_RESEARCH_FIXTURE,OG-SYNTH-0.3,B1-0.3,build_opus_synthetic_programme_v0_3.py@0.3,20260812,True,3fd4004ff02ca3e2fd1b8fff688f3babae83fa0557e63e809cb2435d285cbcd5
REF-0142,6,0.75,0.931554,0.88352,0.199792,4,1,1,4,DEVELOPMENT,SYNTHETIC_RESEARCH_FIXTURE,OG-SYNTH-0.3,B1-0.3,build_opus_synthetic_programme_v0_3.py@0.3,20260812,True,2cc1d20e2bba8c61a840e5603508e0d7c8337a157afdc6d32dd170e2d5564efd
REF-0142,7,0.875,0.87266,0.88919,0.206178,9,3,2,0,DEVELOPMENT,SYNTHETIC_RESEARCH_FIXTURE,OG-SYNTH-0.3,B1-0.3,build_opus_synthetic_programme_v0_3.py@0.3,20260812,True,dd5fa981201d19d1e404171ea945f40ef139c2757b006dbb0d6ac2e255908ffc
REF-0142,8,1.0,0.917229,0.941629,0.179675,8,2,2,5,DEVELOPMENT,SYNTHETIC_RESEARCH_FIXTURE,OG-SYNTH-0.3,B1-0.3,build_opus_synthetic_programme_v0_3.py@0.3,20260812,True,1102517d5c9d4f74d3564303187acb21b2bd2c133f6565ed0f8b4cf1432e997a
REF-0143,1,0.125,0.997237,0.953717,0.131764,3,0,6,1,DEVELOPMENT,SYNTHETIC_RESEARCH_FIXTURE,OG-SYNTH-0.3,B1-0.3,build_opus_synthetic_programme_v0_3.py@0.3,20260812,True,4ff6e9a93288bb704ac9797e137fc158b5dcfa70b7b96041e941913c889b8793
REF-0143,2,0.25,0.928333,0.961073,0.183668,1,5,1,4,DEVELOPMENT,SYNTHETIC_RESEARCH_FIXTURE,OG-SYNTH-0.3,B1-0.3,build_opus_synthetic_programme_v0_3.py@0.3,20260812,True,074bbe7ba56e7452844598d8afd18721f3158c519627e64d8e1b45e5e2ebb1f8
REF-0143,3,0.375,0.957802,0.952631,0.12422,5,3,2,0,DEVELOPMENT,SYNTHETIC_RESEARCH_FIXTURE,OG-SYNTH-0.3,B1-0.3,build_opus_synthetic_programme_v0_3.py@0.3,20260812,True,fa34b8286719b53e355c2df96a89e4a334617d3ec5b12f3e44895f26924e4c69
REF-0143,4,0.5,0.915856,0.967403,0.265656,8,1,6,1,DEVELOPMENT,SYNTHETIC_RESEARCH_FIXTURE,OG-SYNTH-0.3,B1-0.3,build_opus_synthetic_programme_v0_3.py@0.3,20260812,True,fa7655d0d6ede116a7d6e827d8cb8ab6ae1c7d7080bfb2d377a83b10ef1bafdf
REF-0143,5,0.625,0.916628,0.907207,0.207279,10,0,6,0,DEVELOPMENT,SYNTHETIC_RESEARCH_FIXTURE,OG-SYNTH-0.3,B1-0.3,build_opus_synthetic_programme_v0_3.py@0.3,20260812,True,76796305f20a83a59bb566a6a47769708c3b4a08cb394702a80eb79dcca5cece
REF-0143,6,0.75,0.888388,0.885648,0.106462,8,5,2,1,DEVELOPMENT,SYNTHETIC_RESEARCH_FIXTURE,OG-SYNTH-0.3,B1-0.3,build_opus_synthetic_programme_v0_3.py@0.3,20260812,True,f9782a6a550e0eaa250ebb8c2b18a31d6371124c4487e53e0c84ba69eddb9ed4
REF-0143,7,0.875,0.891889,0.880507,0.261403,9,1,1,1,DEVELOPMENT,SYNTHETIC_RESEARCH_FIXTURE,OG-SYNTH-0.3,B1-0.3,build_opus_synthetic_programme_v0_3.py@0.3,20260812,True,1d0a8abf1b7cc2da811ce998a76230888a916bab0a443c763339097418853417
REF-0143,8,1.0,0.910098,0.880068,0.255623,13,1,4,4,DEVELOPMENT,SYNTHETIC_RESEARCH_FIXTURE,OG-SYNTH-0.3,B1-0.3,build_opus_synthetic_programme_v0_3.py@0.3,20260812,True,27dda2ef096b2797bc59b5b93025a22c921892dd6abd6f684a68f4e43c0b9cb2
REF-0144,1,0.125,1.002938,0.97727,0.099859,0,1,0,1,DEVELOPMENT,SYNTHETIC_RESEARCH_FIXTURE,OG-SYNTH-0.3,B1-0.3,build_opus_synthetic_programme_v0_3.py@0.3,20260812,True,c6f798f81998b7f51b26fbe204b5c6fcb93e014983a7ba912370204733579be3
REF-0144,2,0.25,0.974675,0.98524,0.176975,5,1,1,0,DEVELOPMENT,SYNTHETIC_RESEARCH_FIXTURE,OG-SYNTH-0.3,B1-0.3,build_opus_synthetic_programme_v0_3.py@0.3,20260812,True,ecd00387f68b5d695e4585378b2f9a736bf86c605a3e2ca0936ca96662a0b35c
REF-0144,3,0.375,0.989969,1.007736,0.251765,7,2,1,1,DEVELOPMENT,SYNTHETIC_RESEARCH_FIXTURE,OG-SYNTH-0.3,B1-0.3,build_opus_synthetic_programme_v0_3.py@0.3,20260812,True,13fad54de14232d713553a1a6dc346ab7bed1ebf902c19fba21545ff48520525
REF-0144,4,0.5,0.940961,0.92728,0.197889,6,4,4,4,DEVELOPMENT,SYNTHETIC_RESEARCH_FIXTURE,OG-SYNTH-0.3,B1-0.3,build_opus_synthetic_programme_v0_3.py@0.3,20260812,True,776ef39c63fad161b487299e8b34f1a8d61bc46c2f7d836847d8d0cc4c81a9ee
REF-0144,5,0.625,0.869706,0.986566,0.2209,6,3,1,1,DEVELOPMENT,SYNTHETIC_RESEARCH_FIXTURE,OG-SYNTH-0.3,B1-0.3,build_opus_synthetic_programme_v0_3.py@0.3,20260812,True,5c85ae82a95dc548eacafd2dd8652ba424e856ca5fab5dab6748ee54ca60052d
REF-0144,6,0.75,0.849983,0.937418,0.195083,11,8,4,1,DEVELOPMENT,SYNTHETIC_RESEARCH_FIXTURE,OG-SYNTH-0.3,B1-0.3,build_opus_synthetic_programme_v0_3.py@0.3,20260812,True,ad2a712cf3952f545ec9b2b5d6f2df3f321ac5dedee65e55193700d04211230a
REF-0144,7,0.875,0.883747,0.951318,0.308157,10,2,3,0,DEVELOPMENT,SYNTHETIC_RESEARCH_FIXTURE,OG-SYNTH-0.3,B1-0.3,build_opus_synthetic_programme_v0_3.py@0.3,20260812,True,9b8deb8d997715055437abdeb707b3da1a03de136b72554c92145a6c2131b4c0
REF-0144,8,1.0,0.800578,0.92616,0.187361,10,2,4,0,DEVELOPMENT,SYNTHETIC_RESEARCH_FIXTURE,OG-SYNTH-0.3,B1-0.3,build_opus_synthetic_programme_v0_3.py@0.3,20260812,True,dd284a73124d19d7db4a89cc10863da2ec3591df4559048d064f0c29965fefdb
REF-0145,1,0.125,0.990823,1.006388,0.115938,2,0,2,1,LOCKED_HOLDOUT,SYNTHETIC_RESEARCH_FIXTURE,OG-SYNTH-0.3,B1-0.3,build_opus_synthetic_programme_v0_3.py@0.3,20260812,True,b3982d6847efbbbc2bc1c0723d646d6d9cf8122103a1ace7504f76c9bc8a7b19
REF-0145,2,0.25,0.955817,0.979982,0.254038,3,1,1,1,LOCKED_HOLDOUT,SYNTHETIC_RESEARCH_FIXTURE,OG-SYNTH-0.3,B1-0.3,build_opus_synthetic_programme_v0_3.py@0.3,20260812,True,fe08a35ccd5810b4369686d7be58c334d25167bd3e8f01ca9d07a8e9063c5209
REF-0145,3,0.375,0.9139,0.929453,0.249512,7,2,1,0,LOCKED_HOLDOUT,SYNTHETIC_RESEARCH_FIXTURE,OG-SYNTH-0.3,B1-0.3,build_opus_synthetic_programme_v0_3.py@0.3,20260812,True,da67728cd539eabb9296ad7f1c14224eb0d4f5fe4ee55b631bb5709cd3bb68a3
REF-0145,4,0.5,0.91203,0.904107,0.165621,10,4,1,3,LOCKED_HOLDOUT,SYNTHETIC_RESEARCH_FIXTURE,OG-SYNTH-0.3,B1-0.3,build_opus_synthetic_programme_v0_3.py@0.3,20260812,True,46af70dc58aa825700bd3335df755c386c9aabf05b250cad9ead85ed0a5c4534
REF-0145,5,0.625,0.9165,0.907725,0.24842,7,4,4,4,LOCKED_HOLDOUT,SYNTHETIC_RESEARCH_FIXTURE,OG-SYNTH-0.3,B1-0.3,build_opus_synthetic_programme_v0_3.py@0.3,20260812,True,d8a63e342c90d8f46e23e3913fe4d74377ef0a5a13b727c644cf9daeb39f27ed
REF-0145,6,0.75,0.866935,0.925869,0.286237,4,5,4,3,LOCKED_HOLDOUT,SYNTHETIC_RESEARCH_FIXTURE,OG-SYNTH-0.3,B1-0.3,build_opus_synthetic_programme_v0_3.py@0.3,20260812,True,3ce9d73645a98c3af44d1e1620769c8507fb022bf2e8bbd69e7449fbdba44adb
REF-0145,7,0.875,0.78898,0.931301,0.223638,7,2,4,1,LOCKED_HOLDOUT,SYNTHETIC_RESEARCH_FIXTURE,OG-SYNTH-0.3,B1-0.3,build_opus_synthetic_programme_v0_3.py@0.3,20260812,True,7876086732e5bbb922bf86c5c915d8815cace93fbc8d1dad167a2c3306b4ad9b
REF-0145,8,1.0,0.856823,0.861036,0.256479,16,4,6,0,LOCKED_HOLDOUT,SYNTHETIC_RESEARCH_FIXTURE,OG-SYNTH-0.3,B1-0.3,build_opus_synthetic_programme_v0_3.py@0.3,20260812,True,005bb8941d4c842133902d44d74b554a28a2b4144392e5819c05928054eb24f0
REF-0146,1,0.125,0.976323,0.98223,0.140475,1,0,2,4,VALIDATION,SYNTHETIC_RESEARCH_FIXTURE,OG-SYNTH-0.3,B1-0.3,build_opus_synthetic_programme_v0_3.py@0.3,20260812,True,f44bdf9768330ab8c5971d6dad73c0fbff40d3c5383a70e6470a144967a1ef40
REF-0146,2,0.25,0.976244,0.956093,0.246669,5,1,1,0,VALIDATION,SYNTHETIC_RESEARCH_FIXTURE,OG-SYNTH-0.3,B1-0.3,build_opus_synthetic_programme_v0_3.py@0.3,20260812,True,7f604cc3f278e393a37b32ff80be8c83efff1138b27033964005681cada6d5f6
REF-0146,3,0.375,0.950971,0.95699,0.180155,5,2,1,3,VALIDATION,SYNTHETIC_RESEARCH_FIXTURE,OG-SYNTH-0.3,B1-0.3,build_opus_synthetic_programme_v0_3.py@0.3,20260812,True,5dc79445cd7765625c4078e886c230fc8c5ff5285d39d6760b71a096824193f7
REF-0146,4,0.5,0.878771,0.967277,0.206618,7,0,3,1,VALIDATION,SYNTHETIC_RESEARCH_FIXTURE,OG-SYNTH-0.3,B1-0.3,build_opus_synthetic_programme_v0_3.py@0.3,20260812,True,c5edd4802bb8c271512a303f7609138c62d4a21bf8ea27ab275e3c19067dfaeb
REF-0146,5,0.625,0.891498,0.963411,0.256062,5,3,2,1,VALIDATION,SYNTHETIC_RESEARCH_FIXTURE,OG-SYNTH-0.3,B1-0.3,build_opus_synthetic_programme_v0_3.py@0.3,20260812,True,ad36fb2178f33b2735ebf8283a0f109b968c49f27286dec5567b96f86e152dc5
REF-0146,6,0.75,0.880598,0.943129,0.17435,9,2,2,2,VALIDATION,SYNTHETIC_RESEARCH_FIXTURE,OG-SYNTH-0.3,B1-0.3,build_opus_synthetic_programme_v0_3.py@0.3,20260812,True,37e163a18aad540c81915de737888773fad4047612eece5102b84ab709b6923a
REF-0146,7,0.875,0.8613,0.932262,0.263351,8,4,2,2,VALIDATION,SYNTHETIC_RESEARCH_FIXTURE,OG-SYNTH-0.3,B1-0.3,build_opus_synthetic_programme_v0_3.py@0.3,20260812,True,315e72e6a44b8a6fd261d8bdf02a86e921aab37fd1ab67218489491f476769a4
REF-0146,8,1.0,0.801021,0.987187,0.176851,8,3,3,0,VALIDATION,SYNTHETIC_RESEARCH_FIXTURE,OG-SYNTH-0.3,B1-0.3,build_opus_synthetic_programme_v0_3.py@0.3,20260812,True,ecb61c4149699f1fd969e450cf3cd65c1ec32206454490f83e3b49f19fabb8b8
REF-0147,1,0.125,0.962545,0.987797,0.173493,6,3,0,0,VALIDATION,SYNTHETIC_RESEARCH_FIXTURE,OG-SYNTH-0.3,B1-0.3,build_opus_synthetic_programme_v0_3.py@0.3,20260812,True,0f8efd72e9e17fc141c4f0a90d08f7ee29eb218db3f34ddc131e4d29921c16df
REF-0147,2,0.25,0.948615,1.018683,0.141603,5,1,0,0,VALIDATION,SYNTHETIC_RESEARCH_FIXTURE,OG-SYNTH-0.3,B1-0.3,build_opus_synthetic_programme_v0_3.py@0.3,20260812,True,03dcab1e06861ce5b430db8f7e3c7f262aa20e42db8e8eaa560f53df98a01ff1
REF-0147,3,0.375,0.907542,1.008012,0.170669,3,1,1,3,VALIDATION,SYNTHETIC_RESEARCH_FIXTURE,OG-SYNTH-0.3,B1-0.3,build_opus_synthetic_programme_v0_3.py@0.3,20260812,True,f11ab46b89a5df1d7e49bf756c5d58df13fd34f48cacca6308bf56b56d942d38
REF-0147,4,0.5,0.933782,1.026465,0.135901,7,2,1,1,VALIDATION,SYNTHETIC_RESEARCH_FIXTURE,OG-SYNTH-0.3,B1-0.3,build_opus_synthetic_programme_v0_3.py@0.3,20260812,True,1345c9931fafdff90a36eb4a6ca00d797dfb3c8ab12b9cb45a58e20384da579d
REF-0147,5,0.625,0.910808,0.962607,0.191234,5,3,1,0,VALIDATION,SYNTHETIC_RESEARCH_FIXTURE,OG-SYNTH-0.3,B1-0.3,build_opus_synthetic_programme_v0_3.py@0.3,20260812,True,6ab69b5e605ae26c2b9e67ef07a964478ab1b3856c5f975c695eda6baa6b8beb
REF-0147,6,0.75,0.875348,1.04026,0.194015,7,4,0,0,VALIDATION,SYNTHETIC_RESEARCH_FIXTURE,OG-SYNTH-0.3,B1-0.3,build_opus_synthetic_programme_v0_3.py@0.3,20260812,True,120a289a4052c4919bb578a3c75da5ad570aa5b19464af667368e15dbd1e1271
REF-0147,7,0.875,0.904929,1.02111,0.271144,6,2,2,1,VALIDATION,SYNTHETIC_RESEARCH_FIXTURE,OG-SYNTH-0.3,B1-0.3,build_opus_synthetic_programme_v0_3.py@0.3,20260812,True,7b024d53785d2e05ec5044dd05229927a9ea206a123900464cc457298d12c20a
REF-0147,8,1.0,0.885802,1.024557,0.248284,3,4,3,1,VALIDATION,SYNTHETIC_RESEARCH_FIXTURE,OG-SYNTH-0.3,B1-0.3,build_opus_synthetic_programme_v0_3.py@0.3,20260812,True,1e6194f2cf56fb002262b8f587f4350a2a82bee29b9d0077e35c06505b8a023e
REF-0148,1,0.125,1.010778,0.933132,0.117196,6,0,0,0,VALIDATION,SYNTHETIC_RESEARCH_FIXTURE,OG-SYNTH-0.3,B1-0.3,build_opus_synthetic_programme_v0_3.py@0.3,20260812,True,9c516d64844031ea1bcf6a26ebbd7834b6bc937f37742942f39b4a0d5bc3ff72
REF-0148,2,0.25,0.966084,0.948154,0.169877,3,1,2,0,VALIDATION,SYNTHETIC_RESEARCH_FIXTURE,OG-SYNTH-0.3,B1-0.3,build_opus_synthetic_programme_v0_3.py@0.3,20260812,True,96b6d772b4942ab2d3dbf9905005f2158bf30307689e92ff0307bd41d2e55d39
REF-0148,3,0.375,0.942664,0.924927,0.168759,8,1,5,4,VALIDATION,SYNTHETIC_RESEARCH_FIXTURE,OG-SYNTH-0.3,B1-0.3,build_opus_synthetic_programme_v0_3.py@0.3,20260812,True,f5b6be6e28d271d4fe934355844c42e7eaf16af2f4848d6f85eb953ae36be230
REF-0148,4,0.5,0.965395,0.916602,0.224349,5,2,1,3,VALIDATION,SYNTHETIC_RESEARCH_FIXTURE,OG-SYNTH-0.3,B1-0.3,build_opus_synthetic_programme_v0_3.py@0.3,20260812,True,1ca80a8db2be9c357103338191d00037d4425aff08cb7121db41f14977895369
REF-0148,5,0.625,0.898912,0.920052,0.158141,11,1,1,0,VALIDATION,SYNTHETIC_RESEARCH_FIXTURE,OG-SYNTH-0.3,B1-0.3,build_opus_synthetic_programme_v0_3.py@0.3,20260812,True,47ed3b04aeffe3c3a473b55a3c3f6b6cdc2a6b1f9107a31f238dfac5b8f68fa9
REF-0148,6,0.75,0.89974,0.777656,0.17738,10,0,3,1,VALIDATION,SYNTHETIC_RESEARCH_FIXTURE,OG-SYNTH-0.3,B1-0.3,build_opus_synthetic_programme_v0_3.py@0.3,20260812,True,8d760b1723a440f439f6269cf089c745c612b6778337b600fa5bfab50fd8a84a
REF-0148,7,0.875,0.898312,0.805903,0.236526,11,2,5,4,VALIDATION,SYNTHETIC_RESEARCH_FIXTURE,OG-SYNTH-0.3,B1-0.3,build_opus_synthetic_programme_v0_3.py@0.3,20260812,True,ccf0682adc2daf487ee3be6fbc6ed9b0bab68de0441c39c53d7a687291696afe
REF-0148,8,1.0,0.882448,0.789826,0.29646,13,1,3,4,VALIDATION,SYNTHETIC_RESEARCH_FIXTURE,OG-SYNTH-0.3,B1-0.3,build_opus_synthetic_programme_v0_3.py@0.3,20260812,True,c55567a8f6e9d9dabd43b6a1e85f2a56fc78acfc15d765d3465c385dca9865f8
REF-0149,1,0.125,0.946097,0.99865,0.164494,3,1,2,2,LOCKED_HOLDOUT,SYNTHETIC_RESEARCH_FIXTURE,OG-SYNTH-0.3,B1-0.3,build_opus_synthetic_programme_v0_3.py@0.3,20260812,True,7a1986d8ba2dadc4700bd2772c739523c1dca2aae4162af0281e32810b3a2757
REF-0149,2,0.25,0.948962,0.953631,0.20431,4,2,0,2,LOCKED_HOLDOUT,SYNTHETIC_RESEARCH_FIXTURE,OG-SYNTH-0.3,B1-0.3,build_opus_synthetic_programme_v0_3.py@0.3,20260812,True,d03f388b1c50d6afa44fc222176168ac992e176e1edadd405d683f09e2195727
REF-0149,3,0.375,0.91733,0.92822,0.205581,6,2,1,0,LOCKED_HOLDOUT,SYNTHETIC_RESEARCH_FIXTURE,OG-SYNTH-0.3,B1-0.3,build_opus_synthetic_programme_v0_3.py@0.3,20260812,True,2c77ab585a9b06dc4358fe8aa4beb06c1f3fecc19112bd179c469b30d49370f0
REF-0149,4,0.5,0.95045,0.981375,0.2347,8,2,1,3,LOCKED_HOLDOUT,SYNTHETIC_RESEARCH_FIXTURE,OG-SYNTH-0.3,B1-0.3,build_opus_synthetic_programme_v0_3.py@0.3,20260812,True,9c399f8bcb3df80eb1d437bd6ba59463290cb0b659367cb8fdd716be5892d847
REF-0149,5,0.625,0.842177,0.900426,0.237032,11,2,3,2,LOCKED_HOLDOUT,SYNTHETIC_RESEARCH_FIXTURE,OG-SYNTH-0.3,B1-0.3,build_opus_synthetic_programme_v0_3.py@0.3,20260812,True,101c840f3fbecffceb2d27201a3ad4a0679529a1d0b35355b3a0423369fff532
REF-0149,6,0.75,0.884299,0.916619,0.242741,10,3,4,3,LOCKED_HOLDOUT,SYNTHETIC_RESEARCH_FIXTURE,OG-SYNTH-0.3,B1-0.3,build_opus_synthetic_programme_v0_3.py@0.3,20260812,True,39346c81d96fb34992d75f8c922edac01f47d19c6a6ea5ffa964ecdf851a227a
REF-0149,7,0.875,0.8097,0.859478,0.326069,9,3,4,4,LOCKED_HOLDOUT,SYNTHETIC_RESEARCH_FIXTURE,OG-SYNTH-0.3,B1-0.3,build_opus_synthetic_programme_v0_3.py@0.3,20260812,True,8f751f50461dd3e4a0462834cb723d3281eecf7b67d66de5b5279df6903b18b6
REF-0149,8,1.0,0.824028,0.880632,0.254862,11,3,1,0,LOCKED_HOLDOUT,SYNTHETIC_RESEARCH_FIXTURE,OG-SYNTH-0.3,B1-0.3,build_opus_synthetic_programme_v0_3.py@0.3,20260812,True,2d20fd771db1aabc73fadc46f785a2e8f4ec23c37a0a05bd3f99f6f4bc7ce962
REF-0150,1,0.125,0.939408,0.992882,0.202101,2,0,1,0,DEVELOPMENT,SYNTHETIC_RESEARCH_FIXTURE,OG-SYNTH-0.3,B1-0.3,build_opus_synthetic_programme_v0_3.py@0.3,20260812,True,4e4c2948fed79cebdb1c2f0484219e9554dd174ede456344c1712e7bcd458acd
REF-0150,2,0.25,0.969518,1.017833,0.218757,1,0,1,1,DEVELOPMENT,SYNTHETIC_RESEARCH_FIXTURE,OG-SYNTH-0.3,B1-0.3,build_opus_synthetic_programme_v0_3.py@0.3,20260812,True,6ee48e4a4fad65e7bc9c4047bfab16a893decb03bb245ef13250d7d6fad26a34
REF-0150,3,0.375,0.926922,1.008009,0.21519,3,0,0,2,DEVELOPMENT,SYNTHETIC_RESEARCH_FIXTURE,OG-SYNTH-0.3,B1-0.3,build_opus_synthetic_programme_v0_3.py@0.3,20260812,True,e489e16fea688eb2a452f58da97e8921661f0edee2a8b5636a27b77b3c225767
REF-0150,4,0.5,0.938052,0.985966,0.205649,2,3,4,3,DEVELOPMENT,SYNTHETIC_RESEARCH_FIXTURE,OG-SYNTH-0.3,B1-0.3,build_opus_synthetic_programme_v0_3.py@0.3,20260812,True,a48835773697ddc0e87531bff428fc733dac9c9b9d0c1a5ef6127962cb095eed
REF-0150,5,0.625,0.946403,0.956967,0.130359,6,0,0,2,DEVELOPMENT,SYNTHETIC_RESEARCH_FIXTURE,OG-SYNTH-0.3,B1-0.3,build_opus_synthetic_programme_v0_3.py@0.3,20260812,True,2f41c890cc4caecb59c32a9d481db83e37a5eddf3d7ddfb55f7e76b33ecc6de3
REF-0150,6,0.75,0.918756,0.933861,0.20944,4,2,2,1,DEVELOPMENT,SYNTHETIC_RESEARCH_FIXTURE,OG-SYNTH-0.3,B1-0.3,build_opus_synthetic_programme_v0_3.py@0.3,20260812,True,4e11adc0add704fc43811287f15fec424720d1d36144894b56f65a77adfd058c
REF-0150,7,0.875,0.93467,0.948559,0.26038,6,2,2,0,DEVELOPMENT,SYNTHETIC_RESEARCH_FIXTURE,OG-SYNTH-0.3,B1-0.3,build_opus_synthetic_programme_v0_3.py@0.3,20260812,True,eddf58191e3a961f44d3839978b683e570d0c78a4449e613069030fabe421fd3
REF-0150,8,1.0,0.843299,0.914561,0.222088,3,1,0,3,DEVELOPMENT,SYNTHETIC_RESEARCH_FIXTURE,OG-SYNTH-0.3,B1-0.3,build_opus_synthetic_programme_v0_3.py@0.3,20260812,True,c4d7344bdfaa4d058687f14cef201e6b729f146f74a558bc8131d6be7d4d60d3
REF-0151,1,0.125,1.013654,1.004952,0.207954,4,1,1,1,VALIDATION,SYNTHETIC_RESEARCH_FIXTURE,OG-SYNTH-0.3,B1-0.3,build_opus_synthetic_programme_v0_3.py@0.3,20260812,True,8212f2c892021171fb4b4a1f12ced8140722d2c43f3533aa7a327fbfbbae191b
REF-0151,2,0.25,0.952338,0.931231,0.090712,3,0,4,0,VALIDATION,SYNTHETIC_RESEARCH_FIXTURE,OG-SYNTH-0.3,B1-0.3,build_opus_synthetic_programme_v0_3.py@0.3,20260812,True,7809857e5c4bf3b60beb1ccebfa18ec1cad85e2cda3ec3212c7c6f15d115131d
REF-0151,3,0.375,0.986266,0.925869,0.108038,2,1,4,5,VALIDATION,SYNTHETIC_RESEARCH_FIXTURE,OG-SYNTH-0.3,B1-0.3,build_opus_synthetic_programme_v0_3.py@0.3,20260812,True,cc971fe0e0e43d7cc0f1fe3c3bc6bfa1a7c17c1b370f4699acd0d1c3f8db36b5
REF-0151,4,0.5,1.010426,0.902875,0.184339,1,1,3,3,VALIDATION,SYNTHETIC_RESEARCH_FIXTURE,OG-SYNTH-0.3,B1-0.3,build_opus_synthetic_programme_v0_3.py@0.3,20260812,True,814376d1722a88a8da640fff56da1baab25bd85e6594046012a66091ec730032
REF-0151,5,0.625,0.970005,0.90483,0.211188,4,0,0,1,VALIDATION,SYNTHETIC_RESEARCH_FIXTURE,OG-SYNTH-0.3,B1-0.3,build_opus_synthetic_programme_v0_3.py@0.3,20260812,True,50db973533d635b6a1a84afe18c69626ebf04cf3679b1514bfb5c20dc5e1e817
REF-0151,6,0.75,0.959647,0.89462,0.225356,13,5,0,2,VALIDATION,SYNTHETIC_RESEARCH_FIXTURE,OG-SYNTH-0.3,B1-0.3,build_opus_synthetic_programme_v0_3.py@0.3,20260812,True,09c564dcaf489dc451bc294ab1bfb2f3a0e3d2a38dfb277e25ef3baa7bf25778
REF-0151,7,0.875,0.943251,0.858176,0.185885,7,0,2,7,VALIDATION,SYNTHETIC_RESEARCH_FIXTURE,OG-SYNTH-0.3,B1-0.3,build_opus_synthetic_programme_v0_3.py@0.3,20260812,True,e78224ae41ff4525e05073e4a7acc502140ebda9f483c1dd69010afdd923c43f
REF-0151,8,1.0,0.91671,0.808135,0.262821,9,3,2,1,VALIDATION,SYNTHETIC_RESEARCH_FIXTURE,OG-SYNTH-0.3,B1-0.3,build_opus_synthetic_programme_v0_3.py@0.3,20260812,True,d96780f17fc43e19154200605b2551028bf96e0148e2b6e728265777aecc8605
REF-0152,1,0.125,0.976067,0.977175,0.156461,2,1,2,0,DEVELOPMENT,SYNTHETIC_RESEARCH_FIXTURE,OG-SYNTH-0.3,B1-0.3,build_opus_synthetic_programme_v0_3.py@0.3,20260812,True,7bf24a009bf795d8254258646373177e99f4681911be1d4c82ab0e4f4eea2313
REF-0152,2,0.25,0.950054,0.933194,0.185785,7,3,1,0,DEVELOPMENT,SYNTHETIC_RESEARCH_FIXTURE,OG-SYNTH-0.3,B1-0.3,build_opus_synthetic_programme_v0_3.py@0.3,20260812,True,739bafdd9ff880c54c5698a0035284be9f2e748e17a4898f452d72c31a4ccdf3
REF-0152,3,0.375,0.946007,0.93949,0.170845,7,2,0,3,DEVELOPMENT,SYNTHETIC_RESEARCH_FIXTURE,OG-SYNTH-0.3,B1-0.3,build_opus_synthetic_programme_v0_3.py@0.3,20260812,True,177437d6df42a64f3d0b8e2a0cbf1886d127e924102b7719a1db3275dbc8ee4a
REF-0152,4,0.5,0.899906,0.902048,0.15697,5,1,1,2,DEVELOPMENT,SYNTHETIC_RESEARCH_FIXTURE,OG-SYNTH-0.3,B1-0.3,build_opus_synthetic_programme_v0_3.py@0.3,20260812,True,34350781709ef6695727ff03b70c62783f0502167caacfbd50ff98bb19e4b77f
REF-0152,5,0.625,0.861947,0.924029,0.255175,14,1,5,1,DEVELOPMENT,SYNTHETIC_RESEARCH_FIXTURE,OG-SYNTH-0.3,B1-0.3,build_opus_synthetic_programme_v0_3.py@0.3,20260812,True,6f2d796b1818134c00ae16b3e8da9927bc621d1babacd562a20cfc0f27e77328
REF-0152,6,0.75,0.886572,0.927679,0.300437,5,4,5,3,DEVELOPMENT,SYNTHETIC_RESEARCH_FIXTURE,OG-SYNTH-0.3,B1-0.3,build_opus_synthetic_programme_v0_3.py@0.3,20260812,True,972cf35c7d6d73c0abd1057a90b344d6cbb2f9a0de6a1f211cac375993d9a2ab
REF-0152,7,0.875,0.83381,0.862768,0.204016,19,4,5,1,DEVELOPMENT,SYNTHETIC_RESEARCH_FIXTURE,OG-SYNTH-0.3,B1-0.3,build_opus_synthetic_programme_v0_3.py@0.3,20260812,True,dab885149bdfbd876cfd8be3636ee0195b2091d85c19a64f8ce64686f5fec867
REF-0152,8,1.0,0.82347,0.851324,0.292975,19,2,2,2,DEVELOPMENT,SYNTHETIC_RESEARCH_FIXTURE,OG-SYNTH-0.3,B1-0.3,build_opus_synthetic_programme_v0_3.py@0.3,20260812,True,f87f7aad9ed6e71a4ed8a053863908c64d0240c188f18ea2796da6b1664de37c
REF-0153,1,0.125,1.016501,1.023748,0.092655,2,0,1,0,DEVELOPMENT,SYNTHETIC_RESEARCH_FIXTURE,OG-SYNTH-0.3,B1-0.3,build_opus_synthetic_programme_v0_3.py@0.3,20260812,True,a5317db56e1fbd0e95be0f6114ba7d07fb18ee894c4e3264a8dcec54974e86ce
REF-0153,2,0.25,0.989642,0.96494,0.076037,8,0,3,2,DEVELOPMENT,SYNTHETIC_RESEARCH_FIXTURE,OG-SYNTH-0.3,B1-0.3,build_opus_synthetic_programme_v0_3.py@0.3,20260812,True,e85c4f39ea3a217c56e0030b96f9a5c8c0885cc6b3f0a0b0c2f16814b6044a7b
REF-0153,3,0.375,0.980118,1.016947,0.19031,2,1,1,2,DEVELOPMENT,SYNTHETIC_RESEARCH_FIXTURE,OG-SYNTH-0.3,B1-0.3,build_opus_synthetic_programme_v0_3.py@0.3,20260812,True,f7ff388ffeb4f4695b14e4834b71d0890aaf791ef5694b864d12f7779f7f74c2
REF-0153,4,0.5,1.003649,0.946568,0.131389,3,1,1,0,DEVELOPMENT,SYNTHETIC_RESEARCH_FIXTURE,OG-SYNTH-0.3,B1-0.3,build_opus_synthetic_programme_v0_3.py@0.3,20260812,True,2041c48d732e9769453a95dc096868b4311479ba41b59279871beb2e8e3bc54a
REF-0153,5,0.625,0.965266,1.009363,0.184313,5,3,4,0,DEVELOPMENT,SYNTHETIC_RESEARCH_FIXTURE,OG-SYNTH-0.3,B1-0.3,build_opus_synthetic_programme_v0_3.py@0.3,20260812,True,b5fcf1f1ecf27a004f27550f1057bd8c2a7ac282fba8933187df40619684b58b
REF-0153,6,0.75,0.959954,0.990291,0.16627,3,6,2,0,DEVELOPMENT,SYNTHETIC_RESEARCH_FIXTURE,OG-SYNTH-0.3,B1-0.3,build_opus_synthetic_programme_v0_3.py@0.3,20260812,True,87e431daa3bee9b07f375261100bfbc7eab0a21619ddbbee71169e4a63680b9d
REF-0153,7,0.875,0.984109,0.95257,0.217793,4,1,2,3,DEVELOPMENT,SYNTHETIC_RESEARCH_FIXTURE,OG-SYNTH-0.3,B1-0.3,build_opus_synthetic_programme_v0_3.py@0.3,20260812,True,3ae03ef5f83bddaaf1ead6487ffe460d80141bede511f6a82b6cf9cfd4547987
REF-0153,8,1.0,1.022333,0.965284,0.156513,10,0,2,0,DEVELOPMENT,SYNTHETIC_RESEARCH_FIXTURE,OG-SYNTH-0.3,B1-0.3,build_opus_synthetic_programme_v0_3.py@0.3,20260812,True,e7985aa03859f39162b3955e8dcffaeb28630b55b6260a1cf29305d582ab6846
REF-0154,1,0.125,0.959218,0.984865,0.134931,1,0,1,0,DEVELOPMENT,SYNTHETIC_RESEARCH_FIXTURE,OG-SYNTH-0.3,B1-0.3,build_opus_synthetic_programme_v0_3.py@0.3,20260812,True,7ace61a454b665b573b3118a198e7951a5c3e57de635f95a534531d48d66ca6c
REF-0154,2,0.25,0.953705,0.977314,0.160003,3,0,2,1,DEVELOPMENT,SYNTHETIC_RESEARCH_FIXTURE,OG-SYNTH-0.3,B1-0.3,build_opus_synthetic_programme_v0_3.py@0.3,20260812,True,c9e2b25a5b873dbb6578cf5902d0e4ef36c1f0e8fc009659f0b4936b20479974
REF-0154,3,0.375,0.93872,0.921767,0.276824,5,2,3,0,DEVELOPMENT,SYNTHETIC_RESEARCH_FIXTURE,OG-SYNTH-0.3,B1-0.3,build_opus_synthetic_programme_v0_3.py@0.3,20260812,True,a50f5dfe74b6623dd15d971c1dfc5e8a7e1ff0831857c5a64dc2435a7f7a57bb
REF-0154,4,0.5,0.942013,0.952834,0.21701,7,1,2,2,DEVELOPMENT,SYNTHETIC_RESEARCH_FIXTURE,OG-SYNTH-0.3,B1-0.3,build_opus_synthetic_programme_v0_3.py@0.3,20260812,True,118a79e736c0db612af0eb7e79df264791a8ea79e37d8b1b82bb777e275e21c0
REF-0154,5,0.625,0.93486,0.903574,0.234105,5,1,2,2,DEVELOPMENT,SYNTHETIC_RESEARCH_FIXTURE,OG-SYNTH-0.3,B1-0.3,build_opus_synthetic_programme_v0_3.py@0.3,20260812,True,1d162ce1da328dacbf26c7fc389d856c5aee4d930d0786ec031d718bb00f7897
REF-0154,6,0.75,0.880249,0.879141,0.306091,7,1,3,3,DEVELOPMENT,SYNTHETIC_RESEARCH_FIXTURE,OG-SYNTH-0.3,B1-0.3,build_opus_synthetic_programme_v0_3.py@0.3,20260812,True,8ba8a63e75b6076c3572a591c64d1a400812b9e1c88205b1b81f59520c320a3b
REF-0154,7,0.875,0.946954,0.870032,0.295945,6,2,5,3,DEVELOPMENT,SYNTHETIC_RESEARCH_FIXTURE,OG-SYNTH-0.3,B1-0.3,build_opus_synthetic_programme_v0_3.py@0.3,20260812,True,de9e917f54b210d5154e258fad61eda79982b53952f9ead108352b81713eb69b
REF-0154,8,1.0,0.849046,0.843612,0.243741,6,2,2,2,DEVELOPMENT,SYNTHETIC_RESEARCH_FIXTURE,OG-SYNTH-0.3,B1-0.3,build_opus_synthetic_programme_v0_3.py@0.3,20260812,True,1166c6f7fda02a6ba72b22d2428a657c66f4e6335d28578218b0c4b5bff7c92e
REF-0155,1,0.125,0.972033,1.029626,0.12138,2,0,1,1,LOCKED_HOLDOUT,SYNTHETIC_RESEARCH_FIXTURE,OG-SYNTH-0.3,B1-0.3,build_opus_synthetic_programme_v0_3.py@0.3,20260812,True,762f41cbf43e7faec9c9591b3f05ba359182ec806c438bb798e5070c861a2c7c
REF-0155,2,0.25,0.979806,0.950958,0.126196,6,3,0,0,LOCKED_HOLDOUT,SYNTHETIC_RESEARCH_FIXTURE,OG-SYNTH-0.3,B1-0.3,build_opus_synthetic_programme_v0_3.py@0.3,20260812,True,22d957da03395c9f121d82a1a1a44ec123e1ae5f27a62a8110752c048a6d90b4
REF-0155,3,0.375,0.984565,0.991317,0.193539,3,1,0,0,LOCKED_HOLDOUT,SYNTHETIC_RESEARCH_FIXTURE,OG-SYNTH-0.3,B1-0.3,build_opus_synthetic_programme_v0_3.py@0.3,20260812,True,41a6ace8232d6ded08aba4211b169a72db23912eb9ba5e5283e2f04e3309bce9
REF-0155,4,0.5,0.984504,0.97796,0.133704,4,5,1,1,LOCKED_HOLDOUT,SYNTHETIC_RESEARCH_FIXTURE,OG-SYNTH-0.3,B1-0.3,build_opus_synthetic_programme_v0_3.py@0.3,20260812,True,389edb388f17cbb96b2a4a0b656b79a65ec4f80264cc5eecd0481075d68089aa
REF-0155,5,0.625,0.989723,0.951756,0.189359,8,1,3,2,LOCKED_HOLDOUT,SYNTHETIC_RESEARCH_FIXTURE,OG-SYNTH-0.3,B1-0.3,build_opus_synthetic_programme_v0_3.py@0.3,20260812,True,b2c4d214696dd3c7fe90a8867b896ccc33d5713d551712aa0fe6c9ab2eb5e65e
REF-0155,6,0.75,1.006124,0.912799,0.101803,10,1,2,1,LOCKED_HOLDOUT,SYNTHETIC_RESEARCH_FIXTURE,OG-SYNTH-0.3,B1-0.3,build_opus_synthetic_programme_v0_3.py@0.3,20260812,True,27740f588eb9c285e287d98c3625ef593272b509ece711c26b503c1564e33e06
REF-0155,7,0.875,1.005508,0.947679,0.194697,1,0,3,2,LOCKED_HOLDOUT,SYNTHETIC_RESEARCH_FIXTURE,OG-SYNTH-0.3,B1-0.3,build_opus_synthetic_programme_v0_3.py@0.3,20260812,True,44b750f5560f7d385006eb18da0a0a872f9fa9e22919377ba430caa09d4ac438
REF-0155,8,1.0,0.982587,0.905355,0.289537,9,1,2,1,LOCKED_HOLDOUT,SYNTHETIC_RESEARCH_FIXTURE,OG-SYNTH-0.3,B1-0.3,build_opus_synthetic_programme_v0_3.py@0.3,20260812,True,bee6fcc0ee6ac31974cd77974ba72bbbf1c0916fe8f1a665dfc162b3af96fc2d
REF-0156,1,0.125,1.02272,0.967087,0.146879,0,1,0,1,DEVELOPMENT,SYNTHETIC_RESEARCH_FIXTURE,OG-SYNTH-0.3,B1-0.3,build_opus_synthetic_programme_v0_3.py@0.3,20260812,True,520ab91a18332c0ef8564863b8e4a28e0ee969c1cd10a7e0675b6aeaa9ed25e5
REF-0156,2,0.25,0.984792,0.969628,0.209725,9,2,0,0,DEVELOPMENT,SYNTHETIC_RESEARCH_FIXTURE,OG-SYNTH-0.3,B1-0.3,build_opus_synthetic_programme_v0_3.py@0.3,20260812,True,56e3a1ad877ebc0da0978bc44aaf47cdf6f95b4f6bca30a06cdc9b218b765fbf
REF-0156,3,0.375,0.974107,0.919415,0.215446,9,1,2,1,DEVELOPMENT,SYNTHETIC_RESEARCH_FIXTURE,OG-SYNTH-0.3,B1-0.3,build_opus_synthetic_programme_v0_3.py@0.3,20260812,True,4abcf07e7beb81d1aea8db1e3f4b03b3ab77f739ea5bc6fa3c60b077d008f7c3
REF-0156,4,0.5,0.977082,0.933841,0.199839,14,1,4,6,DEVELOPMENT,SYNTHETIC_RESEARCH_FIXTURE,OG-SYNTH-0.3,B1-0.3,build_opus_synthetic_programme_v0_3.py@0.3,20260812,True,e0a285c4ddb8d8e7dbc2ef512631f4c3e5949b7922bed520af6950523ef0f9d7
REF-0156,5,0.625,0.984521,0.924663,0.218039,11,1,4,0,DEVELOPMENT,SYNTHETIC_RESEARCH_FIXTURE,OG-SYNTH-0.3,B1-0.3,build_opus_synthetic_programme_v0_3.py@0.3,20260812,True,a5f9dd06cf8c460f868710a2c80ecc9f4b47e8437de3996603c0c3a87452cf58
REF-0156,6,0.75,0.956708,0.877335,0.253604,10,1,5,1,DEVELOPMENT,SYNTHETIC_RESEARCH_FIXTURE,OG-SYNTH-0.3,B1-0.3,build_opus_synthetic_programme_v0_3.py@0.3,20260812,True,04d09f1ffed4642f19c2d7b550a47508b0b81f2298f148c15b776cbe47220a46
REF-0156,7,0.875,0.957137,0.864773,0.262924,10,0,3,2,DEVELOPMENT,SYNTHETIC_RESEARCH_FIXTURE,OG-SYNTH-0.3,B1-0.3,build_opus_synthetic_programme_v0_3.py@0.3,20260812,True,9114dbc4d6bd3a8da9eb9ee81cf0210c59c59d6b0282e1ff6e16c12a08cf62e4
REF-0156,8,1.0,0.979984,0.828064,0.239001,11,1,1,5,DEVELOPMENT,SYNTHETIC_RESEARCH_FIXTURE,OG-SYNTH-0.3,B1-0.3,build_opus_synthetic_programme_v0_3.py@0.3,20260812,True,bd607fd1564333e622cb1ad5643873d5c40d18dd3ccda1a201a71c86c5fbc697
REF-0157,1,0.125,0.991857,0.977814,0.191948,3,2,2,0,LOCKED_HOLDOUT,SYNTHETIC_RESEARCH_FIXTURE,OG-SYNTH-0.3,B1-0.3,build_opus_synthetic_programme_v0_3.py@0.3,20260812,True,d8299310cedd4cff8524b71c174b1882614ef7fe3e00d5a6ef3d7b2c3befda64
REF-0157,2,0.25,0.92256,0.926355,0.220333,3,4,0,2,LOCKED_HOLDOUT,SYNTHETIC_RESEARCH_FIXTURE,OG-SYNTH-0.3,B1-0.3,build_opus_synthetic_programme_v0_3.py@0.3,20260812,True,dc4bf065e13fcf25ad05fb2066230c0d1eb1a233d5a1bc5205e61694a8f50396
REF-0157,3,0.375,0.925847,0.961196,0.242177,6,1,0,1,LOCKED_HOLDOUT,SYNTHETIC_RESEARCH_FIXTURE,OG-SYNTH-0.3,B1-0.3,build_opus_synthetic_programme_v0_3.py@0.3,20260812,True,513c88fa9d4f88492cdbb56ab42309089b76b79dd42835a6d7edd2e3087738ba
REF-0157,4,0.5,0.933267,0.956257,0.168239,10,2,3,5,LOCKED_HOLDOUT,SYNTHETIC_RESEARCH_FIXTURE,OG-SYNTH-0.3,B1-0.3,build_opus_synthetic_programme_v0_3.py@0.3,20260812,True,39c6a26bf785632fab58f8d84dae640739cceb5d145fce8232ec76779dac0cfe
REF-0157,5,0.625,0.897562,0.925282,0.269953,16,0,2,2,LOCKED_HOLDOUT,SYNTHETIC_RESEARCH_FIXTURE,OG-SYNTH-0.3,B1-0.3,build_opus_synthetic_programme_v0_3.py@0.3,20260812,True,d21b2ba3d3b936eca629932e91b80ee926ee803bffead98b79c090a5cdab3ab0
REF-0157,6,0.75,0.872496,0.864678,0.231955,12,2,4,0,LOCKED_HOLDOUT,SYNTHETIC_RESEARCH_FIXTURE,OG-SYNTH-0.3,B1-0.3,build_opus_synthetic_programme_v0_3.py@0.3,20260812,True,ae45d013ba84409ef47312d7331968c933c3628fd79d5515f94207a6b07e0315
REF-0157,7,0.875,0.859668,0.863662,0.219879,8,8,4,3,LOCKED_HOLDOUT,SYNTHETIC_RESEARCH_FIXTURE,OG-SYNTH-0.3,B1-0.3,build_opus_synthetic_programme_v0_3.py@0.3,20260812,True,863a43d067c54edf9dac08683c28f44c2e7bf3f6e39ad8857ff417421ae39267
REF-0157,8,1.0,0.808277,0.856337,0.265696,19,1,4,2,LOCKED_HOLDOUT,SYNTHETIC_RESEARCH_FIXTURE,OG-SYNTH-0.3,B1-0.3,build_opus_synthetic_programme_v0_3.py@0.3,20260812,True,82f0ada4be1cc74ca6f94dbee6a83cf65a68889fdd0954b2798f4e110d288940
REF-0158,1,0.125,1.0262,1.025209,0.128689,0,1,0,1,VALIDATION,SYNTHETIC_RESEARCH_FIXTURE,OG-SYNTH-0.3,B1-0.3,build_opus_synthetic_programme_v0_3.py@0.3,20260812,True,3672a783de9f19b32c66667c2419666edcd947d788f6fecc4ace158df4bd36b8
REF-0158,2,0.25,0.912518,0.989088,0.120256,7,3,0,2,VALIDATION,SYNTHETIC_RESEARCH_FIXTURE,OG-SYNTH-0.3,B1-0.3,build_opus_synthetic_programme_v0_3.py@0.3,20260812,True,4ba3f66a642af14f8755f0eb8c21b8f5da5bcbabada4ef0042d7f925db1a5c28
REF-0158,3,0.375,0.981275,1.008766,0.144633,5,4,2,3,VALIDATION,SYNTHETIC_RESEARCH_FIXTURE,OG-SYNTH-0.3,B1-0.3,build_opus_synthetic_programme_v0_3.py@0.3,20260812,True,bca38faeac2735b4026579847283f4e350dbfa40c63e979f9a21b69407781b77
REF-0158,4,0.5,0.937659,0.97905,0.194292,4,1,3,0,VALIDATION,SYNTHETIC_RESEARCH_FIXTURE,OG-SYNTH-0.3,B1-0.3,build_opus_synthetic_programme_v0_3.py@0.3,20260812,True,0e50539e68efe5c015a56002a3a81dd34c0f7833b19e73b22389625aeccce395
REF-0158,5,0.625,0.887917,0.985993,0.155021,4,3,2,0,VALIDATION,SYNTHETIC_RESEARCH_FIXTURE,OG-SYNTH-0.3,B1-0.3,build_opus_synthetic_programme_v0_3.py@0.3,20260812,True,c5382a43f49882f6a3fab13005cae941c11fa600750cefeb2746e7873819de8b
REF-0158,6,0.75,0.891292,1.036228,0.205783,11,4,1,1,VALIDATION,SYNTHETIC_RESEARCH_FIXTURE,OG-SYNTH-0.3,B1-0.3,build_opus_synthetic_programme_v0_3.py@0.3,20260812,True,90963d281b6a87fb56dcde266c3ea9924a6ddb4e236a5ee48ce595fcccd85963
REF-0158,7,0.875,0.899916,1.072002,0.246858,5,4,4,0,VALIDATION,SYNTHETIC_RESEARCH_FIXTURE,OG-SYNTH-0.3,B1-0.3,build_opus_synthetic_programme_v0_3.py@0.3,20260812,True,e58b224514aea85ff4a183119a7d11d006c89864ce0b55e47268aee7479893ae
REF-0158,8,1.0,0.817778,0.987699,0.269497,8,2,4,0,VALIDATION,SYNTHETIC_RESEARCH_FIXTURE,OG-SYNTH-0.3,B1-0.3,build_opus_synthetic_programme_v0_3.py@0.3,20260812,True,eb65569dd0d8343384c38718e265505aefde5bf29564164a4c197425f0d85442
REF-0159,1,0.125,0.982053,1.034255,0.215846,2,1,0,1,DEVELOPMENT,SYNTHETIC_RESEARCH_FIXTURE,OG-SYNTH-0.3,B1-0.3,build_opus_synthetic_programme_v0_3.py@0.3,20260812,True,1185022a496e13f6663ee6d27fe36f2f592a41555f15ade6c4f2def06ff5f9f0
REF-0159,2,0.25,0.972945,0.957394,0.166774,7,2,0,0,DEVELOPMENT,SYNTHETIC_RESEARCH_FIXTURE,OG-SYNTH-0.3,B1-0.3,build_opus_synthetic_programme_v0_3.py@0.3,20260812,True,f291c7604668f3c88e25795aa10c1c1d35171dac9d37a41a37e9e4e39a1a6114
REF-0159,3,0.375,0.9371,0.921067,0.186114,7,0,1,3,DEVELOPMENT,SYNTHETIC_RESEARCH_FIXTURE,OG-SYNTH-0.3,B1-0.3,build_opus_synthetic_programme_v0_3.py@0.3,20260812,True,415885cb9429319d9b3312ae1b5e0d45f61f42c5503f424f76accbddbe46eb7f
REF-0159,4,0.5,0.966033,0.938902,0.205041,13,1,1,1,DEVELOPMENT,SYNTHETIC_RESEARCH_FIXTURE,OG-SYNTH-0.3,B1-0.3,build_opus_synthetic_programme_v0_3.py@0.3,20260812,True,38b397e1c9ddb1892a20dbbe2a7dbaf9cd0ddadcab00c6349b85c8961de51276
REF-0159,5,0.625,0.877617,0.889173,0.270654,7,2,3,2,DEVELOPMENT,SYNTHETIC_RESEARCH_FIXTURE,OG-SYNTH-0.3,B1-0.3,build_opus_synthetic_programme_v0_3.py@0.3,20260812,True,36ef8c8fe8b67fa930ce10c6eb49589289ddfbcd753e3df7222c05cff723c975
REF-0159,6,0.75,0.855155,0.867974,0.257905,14,2,3,3,DEVELOPMENT,SYNTHETIC_RESEARCH_FIXTURE,OG-SYNTH-0.3,B1-0.3,build_opus_synthetic_programme_v0_3.py@0.3,20260812,True,50e728ed470a51910f3a29971aa44be49e3475e649276e1269ddd8c44c76619d
REF-0159,7,0.875,0.918617,0.858959,0.252604,17,1,4,3,DEVELOPMENT,SYNTHETIC_RESEARCH_FIXTURE,OG-SYNTH-0.3,B1-0.3,build_opus_synthetic_programme_v0_3.py@0.3,20260812,True,9c0dca4dafe8b2613f753583b114a9258ab1b2b16e8eff26ed0784cd7ce52fc5
REF-0159,8,1.0,0.887434,0.823866,0.236207,17,4,1,1,DEVELOPMENT,SYNTHETIC_RESEARCH_FIXTURE,OG-SYNTH-0.3,B1-0.3,build_opus_synthetic_programme_v0_3.py@0.3,20260812,True,c30f336e1782e5dc3680f0749f6748d7a2200847a07eb005b46aa77c25b275e2
REF-0160,1,0.125,1.004252,0.972769,0.191394,4,1,2,2,DEVELOPMENT,SYNTHETIC_RESEARCH_FIXTURE,OG-SYNTH-0.3,B1-0.3,build_opus_synthetic_programme_v0_3.py@0.3,20260812,True,ae9451771b53dbd1e0fd8c522d647cf505c3cef3f98d2e1d60ad32f6eaf2ace8
REF-0160,2,0.25,0.948448,0.897157,0.202024,3,3,1,3,DEVELOPMENT,SYNTHETIC_RESEARCH_FIXTURE,OG-SYNTH-0.3,B1-0.3,build_opus_synthetic_programme_v0_3.py@0.3,20260812,True,96d1a17588851ad3a3f0140851e1545b4376d5615053f1cdec147c37203f2eb5
REF-0160,3,0.375,0.925085,0.989243,0.178372,8,3,0,1,DEVELOPMENT,SYNTHETIC_RESEARCH_FIXTURE,OG-SYNTH-0.3,B1-0.3,build_opus_synthetic_programme_v0_3.py@0.3,20260812,True,d48acc743272b92ebafbb8c2c089a9a9972c697d2da4139df96033a13385e302
REF-0160,4,0.5,0.912356,0.921611,0.243423,11,2,1,0,DEVELOPMENT,SYNTHETIC_RESEARCH_FIXTURE,OG-SYNTH-0.3,B1-0.3,build_opus_synthetic_programme_v0_3.py@0.3,20260812,True,f7b3975c1d86fa2cad38b6019a1d94a1333eb3878fae7c508e0fe1851856c2bd
REF-0160,5,0.625,0.903688,0.881216,0.223629,9,2,2,3,DEVELOPMENT,SYNTHETIC_RESEARCH_FIXTURE,OG-SYNTH-0.3,B1-0.3,build_opus_synthetic_programme_v0_3.py@0.3,20260812,True,699bbb4463f01721b24b894a20577ff0af7aaa34ffad1a6e0b30e6b625cab64d
REF-0160,6,0.75,0.898782,0.848045,0.221532,18,0,4,2,DEVELOPMENT,SYNTHETIC_RESEARCH_FIXTURE,OG-SYNTH-0.3,B1-0.3,build_opus_synthetic_programme_v0_3.py@0.3,20260812,True,7da3acd8acf873172651a65751367f729d2ef7af67695c9d21ec8203f8555c82
REF-0160,7,0.875,0.871257,0.79416,0.328262,14,1,5,1,DEVELOPMENT,SYNTHETIC_RESEARCH_FIXTURE,OG-SYNTH-0.3,B1-0.3,build_opus_synthetic_programme_v0_3.py@0.3,20260812,True,d10debfd37c179e5ccd65084398c3d3e155d371dfc354e061bb1092f6254f331
REF-0160,8,1.0,0.901943,0.785843,0.279395,8,1,5,1,DEVELOPMENT,SYNTHETIC_RESEARCH_FIXTURE,OG-SYNTH-0.3,B1-0.3,build_opus_synthetic_programme_v0_3.py@0.3,20260812,True,438c5d8acc5c798f2cb0a1fd8790cd48430e20462624cb130b5a7e95aabe96d1
REF-0161,1,0.125,0.941988,0.988096,0.174381,6,2,1,3,DEVELOPMENT,SYNTHETIC_RESEARCH_FIXTURE,OG-SYNTH-0.3,B1-0.3,build_opus_synthetic_programme_v0_3.py@0.3,20260812,True,21819d3da0a8d81ecb5735fce41ab0c40e7ca1ee932a856c34512bf94d448b00
REF-0161,2,0.25,0.956816,0.939388,0.234372,4,3,4,5,DEVELOPMENT,SYNTHETIC_RESEARCH_FIXTURE,OG-SYNTH-0.3,B1-0.3,build_opus_synthetic_programme_v0_3.py@0.3,20260812,True,5d067a3fb92a37064754d51805a8c2c944b01bf6ef5b84c1dc38d4110b14cbe5
REF-0161,3,0.375,0.963856,0.946887,0.195786,4,2,2,2,DEVELOPMENT,SYNTHETIC_RESEARCH_FIXTURE,OG-SYNTH-0.3,B1-0.3,build_opus_synthetic_programme_v0_3.py@0.3,20260812,True,e5af0273d40e041745cef8e84e92337efd2b0a4dc7e06530a1e6c6f3fe5382f7
REF-0161,4,0.5,0.931232,0.937129,0.203237,5,2,2,0,DEVELOPMENT,SYNTHETIC_RESEARCH_FIXTURE,OG-SYNTH-0.3,B1-0.3,build_opus_synthetic_programme_v0_3.py@0.3,20260812,True,bc2a00f3bcf985c74ecc16894a44a0e88af7ac6fa4eb45109c602468c25f433b
REF-0161,5,0.625,0.943466,0.940615,0.185503,9,1,3,2,DEVELOPMENT,SYNTHETIC_RESEARCH_FIXTURE,OG-SYNTH-0.3,B1-0.3,build_opus_synthetic_programme_v0_3.py@0.3,20260812,True,12a2190a631f85f75c6ebe0ea2764a5958605b6a36a2e174c8386584b89136bf
REF-0161,6,0.75,0.916355,0.904354,0.274427,14,1,3,2,DEVELOPMENT,SYNTHETIC_RESEARCH_FIXTURE,OG-SYNTH-0.3,B1-0.3,build_opus_synthetic_programme_v0_3.py@0.3,20260812,True,1eaca424a155e8c1b217eb61db744f1322fb9ef13878eb855d1699c9e4a9f10e
REF-0161,7,0.875,0.86944,0.923183,0.252652,17,1,8,2,DEVELOPMENT,SYNTHETIC_RESEARCH_FIXTURE,OG-SYNTH-0.3,B1-0.3,build_opus_synthetic_programme_v0_3.py@0.3,20260812,True,dd86293fc7e455d65cf1b7221b5239422198280733f65adf7e0d70c12521dfb9
REF-0161,8,1.0,0.857604,0.890764,0.33041,14,0,6,2,DEVELOPMENT,SYNTHETIC_RESEARCH_FIXTURE,OG-SYNTH-0.3,B1-0.3,build_opus_synthetic_programme_v0_3.py@0.3,20260812,True,f4f6e3cdf73c7e808a6d490568d530644f3cb57b6a85c34b3ead47ebe3fc54a7
REF-0162,1,0.125,0.98899,0.989113,0.1078,5,1,1,2,DEVELOPMENT,SYNTHETIC_RESEARCH_FIXTURE,OG-SYNTH-0.3,B1-0.3,build_opus_synthetic_programme_v0_3.py@0.3,20260812,True,87b62c16dae3541f1976820f001ad4e42fcbe66da34a170821e815d8d44a2a8f
REF-0162,2,0.25,1.029,0.976885,0.14918,3,2,0,1,DEVELOPMENT,SYNTHETIC_RESEARCH_FIXTURE,OG-SYNTH-0.3,B1-0.3,build_opus_synthetic_programme_v0_3.py@0.3,20260812,True,49cdbae9c5b0c0a69b458ff4c745799fde877b9809e2148c19268623e6c704e6
REF-0162,3,0.375,1.030013,0.975459,0.1209,3,3,1,1,DEVELOPMENT,SYNTHETIC_RESEARCH_FIXTURE,OG-SYNTH-0.3,B1-0.3,build_opus_synthetic_programme_v0_3.py@0.3,20260812,True,fdb3d1e07400e947f3d2924fd883cc3551c3e2003412835daa10315f52c085d0
REF-0162,4,0.5,0.998454,0.943454,0.195417,4,1,1,1,DEVELOPMENT,SYNTHETIC_RESEARCH_FIXTURE,OG-SYNTH-0.3,B1-0.3,build_opus_synthetic_programme_v0_3.py@0.3,20260812,True,997c0438ca9d99a07af7ef45c88e541b1e486b868dbb1e2f3581b2870f1d8f2b
REF-0162,5,0.625,1.033058,0.94039,0.131758,3,0,1,1,DEVELOPMENT,SYNTHETIC_RESEARCH_FIXTURE,OG-SYNTH-0.3,B1-0.3,build_opus_synthetic_programme_v0_3.py@0.3,20260812,True,14befe8d03523399269ab61debe9402323e6788370619c02275107b26572594b
REF-0162,6,0.75,0.995409,0.977346,0.132267,5,1,0,4,DEVELOPMENT,SYNTHETIC_RESEARCH_FIXTURE,OG-SYNTH-0.3,B1-0.3,build_opus_synthetic_programme_v0_3.py@0.3,20260812,True,e264a15f5ccd801528689ad166f428284f2481c4ecedd769d98a0d1e55da3074
REF-0162,7,0.875,0.980103,0.947981,0.189772,5,1,3,1,DEVELOPMENT,SYNTHETIC_RESEARCH_FIXTURE,OG-SYNTH-0.3,B1-0.3,build_opus_synthetic_programme_v0_3.py@0.3,20260812,True,b043e2a3b601865afc17eb970b1ca7cb58e70659f0e7f8cbe26a76f6401592a4
REF-0162,8,1.0,0.986294,0.886232,0.245801,3,0,2,2,DEVELOPMENT,SYNTHETIC_RESEARCH_FIXTURE,OG-SYNTH-0.3,B1-0.3,build_opus_synthetic_programme_v0_3.py@0.3,20260812,True,238103237bed6e6afbefa0ada96ead76382e41f43c8ff9290de563729b1a1d34
REF-0163,1,0.125,0.955575,0.95441,0.149125,1,4,1,2,LOCKED_HOLDOUT,SYNTHETIC_RESEARCH_FIXTURE,OG-SYNTH-0.3,B1-0.3,build_opus_synthetic_programme_v0_3.py@0.3,20260812,True,c4f2f285dc184474d75b19a39cb4416d1cb4d97c95788c46bc6a07accd65bb8c
REF-0163,2,0.25,0.954974,0.945495,0.193601,5,1,0,1,LOCKED_HOLDOUT,SYNTHETIC_RESEARCH_FIXTURE,OG-SYNTH-0.3,B1-0.3,build_opus_synthetic_programme_v0_3.py@0.3,20260812,True,e2dc0fd528c3a16d6c571708551d51715040ff9f906657ff74259b23a9fdc91a
REF-0163,3,0.375,0.978657,0.920284,0.234154,8,0,4,2,LOCKED_HOLDOUT,SYNTHETIC_RESEARCH_FIXTURE,OG-SYNTH-0.3,B1-0.3,build_opus_synthetic_programme_v0_3.py@0.3,20260812,True,3feb39f7e984a1861465827ea8a004d1acb2a805754d521551835dd397b5fe9c
REF-0163,4,0.5,0.893794,0.938822,0.173113,9,0,3,2,LOCKED_HOLDOUT,SYNTHETIC_RESEARCH_FIXTURE,OG-SYNTH-0.3,B1-0.3,build_opus_synthetic_programme_v0_3.py@0.3,20260812,True,41434490f01e92c6b5c709b3ae8727ee0666764583778a698693a064c38ec34a
REF-0163,5,0.625,0.903785,0.912594,0.242939,8,1,0,1,LOCKED_HOLDOUT,SYNTHETIC_RESEARCH_FIXTURE,OG-SYNTH-0.3,B1-0.3,build_opus_synthetic_programme_v0_3.py@0.3,20260812,True,277e3d1ae7e3199f74551f31b9241c1608c28d78fcbd965e26820d277ae372d1
REF-0163,6,0.75,0.862506,0.895816,0.225837,13,2,6,3,LOCKED_HOLDOUT,SYNTHETIC_RESEARCH_FIXTURE,OG-SYNTH-0.3,B1-0.3,build_opus_synthetic_programme_v0_3.py@0.3,20260812,True,80d8769db239138a81af6d189dc925e4cbdfd42548382ffbd61c258371108012
REF-0163,7,0.875,0.851855,0.85579,0.258708,12,4,6,4,LOCKED_HOLDOUT,SYNTHETIC_RESEARCH_FIXTURE,OG-SYNTH-0.3,B1-0.3,build_opus_synthetic_programme_v0_3.py@0.3,20260812,True,028755c53b6a81f7b683f7d4ac5dfe5a703d60bcb5beced24b0b1ff60d66abfb
REF-0163,8,1.0,0.833163,0.820628,0.275188,13,5,10,1,LOCKED_HOLDOUT,SYNTHETIC_RESEARCH_FIXTURE,OG-SYNTH-0.3,B1-0.3,build_opus_synthetic_programme_v0_3.py@0.3,20260812,True,90ae31eb18d40308c642aa785dabc7ec881ef29dd5fc3c282b0e8c3f557d5c6f
REF-0164,1,0.125,0.965176,1.020229,0.160918,2,0,4,1,DEVELOPMENT,SYNTHETIC_RESEARCH_FIXTURE,OG-SYNTH-0.3,B1-0.3,build_opus_synthetic_programme_v0_3.py@0.3,20260812,True,2c8badf0ce1e0e37cd4955d2d5e8d424eee24b8720013bd8d4f8377cf6b1d116
REF-0164,2,0.25,0.91659,0.898215,0.240837,3,1,1,3,DEVELOPMENT,SYNTHETIC_RESEARCH_FIXTURE,OG-SYNTH-0.3,B1-0.3,build_opus_synthetic_programme_v0_3.py@0.3,20260812,True,ad607520e55aba0ff3f1028584f03631489fced842050b5de184b5b6302b2553
REF-0164,3,0.375,0.913708,0.917707,0.223969,5,1,4,1,DEVELOPMENT,SYNTHETIC_RESEARCH_FIXTURE,OG-SYNTH-0.3,B1-0.3,build_opus_synthetic_programme_v0_3.py@0.3,20260812,True,212a82ecc92d46ed90f8210afe437a73d779f8818b1ce103d5411fbe1b34dee8
REF-0164,4,0.5,0.919445,0.818948,0.209672,11,1,1,5,DEVELOPMENT,SYNTHETIC_RESEARCH_FIXTURE,OG-SYNTH-0.3,B1-0.3,build_opus_synthetic_programme_v0_3.py@0.3,20260812,True,445f7fd4eed8a8af04a07b04618b2f9dac31192f36b6642d8242d0e4f353f85e
REF-0164,5,0.625,0.846591,0.884696,0.202588,13,2,4,1,DEVELOPMENT,SYNTHETIC_RESEARCH_FIXTURE,OG-SYNTH-0.3,B1-0.3,build_opus_synthetic_programme_v0_3.py@0.3,20260812,True,0cd3024e6d208861c0297b4b4517c4c31844712b77e0436e76489d275bc0bf4f
REF-0164,6,0.75,0.850814,0.815598,0.227104,11,2,5,5,DEVELOPMENT,SYNTHETIC_RESEARCH_FIXTURE,OG-SYNTH-0.3,B1-0.3,build_opus_synthetic_programme_v0_3.py@0.3,20260812,True,8bfa40d2bef93869ab5e2dca5b79da8e804b6b4a70b7b5839b574904db25588a
REF-0164,7,0.875,0.860053,0.848143,0.243944,12,6,5,2,DEVELOPMENT,SYNTHETIC_RESEARCH_FIXTURE,OG-SYNTH-0.3,B1-0.3,build_opus_synthetic_programme_v0_3.py@0.3,20260812,True,32c818a8828324e19720b989720a48a5c0b6b05b0fa4ddc6982169ac0c77889e
REF-0164,8,1.0,0.789684,0.804866,0.327836,8,3,2,5,DEVELOPMENT,SYNTHETIC_RESEARCH_FIXTURE,OG-SYNTH-0.3,B1-0.3,build_opus_synthetic_programme_v0_3.py@0.3,20260812,True,4b0d242033988cf9d764db7563f6448fe9698bb1525bd0a3cd3ae8df88debd0a
REF-0165,1,0.125,0.993036,1.001921,0.125455,1,4,0,1,LOCKED_HOLDOUT,SYNTHETIC_RESEARCH_FIXTURE,OG-SYNTH-0.3,B1-0.3,build_opus_synthetic_programme_v0_3.py@0.3,20260812,True,fefbea558c8247aa476d53702ca0a856872ec8bd5bc49a3084c70066e37184fb
REF-0165,2,0.25,0.964474,0.989934,0.092131,3,1,0,3,LOCKED_HOLDOUT,SYNTHETIC_RESEARCH_FIXTURE,OG-SYNTH-0.3,B1-0.3,build_opus_synthetic_programme_v0_3.py@0.3,20260812,True,59b39f74ec26a3e5f7cb6ca35ec9607fbc7aa491f8fd76442ae657f43a428001
REF-0165,3,0.375,0.955425,0.978128,0.209614,4,1,1,2,LOCKED_HOLDOUT,SYNTHETIC_RESEARCH_FIXTURE,OG-SYNTH-0.3,B1-0.3,build_opus_synthetic_programme_v0_3.py@0.3,20260812,True,effb2d8014baf479c06e5c966365d66a6230223b10e35f26f06b2fe9de8dab19
REF-0165,4,0.5,0.955337,0.988233,0.206037,1,0,3,1,LOCKED_HOLDOUT,SYNTHETIC_RESEARCH_FIXTURE,OG-SYNTH-0.3,B1-0.3,build_opus_synthetic_programme_v0_3.py@0.3,20260812,True,67b17112a2f166171d357690c465ad6820ce7e4786797ab46ea5374f7b46ead3
REF-0165,5,0.625,0.982278,0.972947,0.252159,7,0,0,1,LOCKED_HOLDOUT,SYNTHETIC_RESEARCH_FIXTURE,OG-SYNTH-0.3,B1-0.3,build_opus_synthetic_programme_v0_3.py@0.3,20260812,True,60e5d443f224ce5e05ffcf97f086f66fa11ca30919a0b41981385d31359a28c4
REF-0165,6,0.75,0.894651,0.94632,0.218012,6,3,2,1,LOCKED_HOLDOUT,SYNTHETIC_RESEARCH_FIXTURE,OG-SYNTH-0.3,B1-0.3,build_opus_synthetic_programme_v0_3.py@0.3,20260812,True,a0d7ae1bb30632000d099fe4622d801cea09306bbb2850e4292f6a6e5dbb33de
REF-0165,7,0.875,0.857984,0.98269,0.158577,4,4,0,1,LOCKED_HOLDOUT,SYNTHETIC_RESEARCH_FIXTURE,OG-SYNTH-0.3,B1-0.3,build_opus_synthetic_programme_v0_3.py@0.3,20260812,True,c752accd64f7bc6554df8f651e100eaa422a1e1146e899bca2657a9a3faf21f4
REF-0165,8,1.0,0.911504,0.957749,0.221356,6,3,1,2,LOCKED_HOLDOUT,SYNTHETIC_RESEARCH_FIXTURE,OG-SYNTH-0.3,B1-0.3,build_opus_synthetic_programme_v0_3.py@0.3,20260812,True,c4dc6ed02f8f83825580ae64b32823b6785d1890bf38392848ebc25d123d73ae
REF-0166,1,0.125,0.967644,0.970295,0.0679,2,1,0,1,DEVELOPMENT,SYNTHETIC_RESEARCH_FIXTURE,OG-SYNTH-0.3,B1-0.3,build_opus_synthetic_programme_v0_3.py@0.3,20260812,True,a0ba94ddf41c0ff730f04544fc0f253c02a7f086d7a1a60a82ed95f97c9c3f63
REF-0166,2,0.25,0.941278,0.977395,0.165295,5,1,2,0,DEVELOPMENT,SYNTHETIC_RESEARCH_FIXTURE,OG-SYNTH-0.3,B1-0.3,build_opus_synthetic_programme_v0_3.py@0.3,20260812,True,fb7ca93f9f2d814841b6af36e4c351c9302966a4b3802ca5153e1240e9057b68
REF-0166,3,0.375,0.956296,0.988785,0.12776,5,1,2,2,DEVELOPMENT,SYNTHETIC_RESEARCH_FIXTURE,OG-SYNTH-0.3,B1-0.3,build_opus_synthetic_programme_v0_3.py@0.3,20260812,True,1c7493c4462011f2627fcd3a2492749bc3f8ce4d765f143d460a797ec5ab663b
REF-0166,4,0.5,0.969392,0.995902,0.194069,5,2,2,0,DEVELOPMENT,SYNTHETIC_RESEARCH_FIXTURE,OG-SYNTH-0.3,B1-0.3,build_opus_synthetic_programme_v0_3.py@0.3,20260812,True,17e1b6576d35a577f5ce3b15fdc0a9471761242ed68d6fd6fde1db7199701ded
REF-0166,5,0.625,0.936957,0.971855,0.17089,5,1,3,1,DEVELOPMENT,SYNTHETIC_RESEARCH_FIXTURE,OG-SYNTH-0.3,B1-0.3,build_opus_synthetic_programme_v0_3.py@0.3,20260812,True,784b56cc711eda6ed180a8828920b19b4043b985d77cbcdf8b7ac99fa67abeab
REF-0166,6,0.75,0.944567,0.936858,0.214723,8,1,4,1,DEVELOPMENT,SYNTHETIC_RESEARCH_FIXTURE,OG-SYNTH-0.3,B1-0.3,build_opus_synthetic_programme_v0_3.py@0.3,20260812,True,62c4960490d1123b1095fe32646316928374ab638bae0169edfe5b9cadfafb3e
REF-0166,7,0.875,0.953139,0.975551,0.173006,7,1,2,0,DEVELOPMENT,SYNTHETIC_RESEARCH_FIXTURE,OG-SYNTH-0.3,B1-0.3,build_opus_synthetic_programme_v0_3.py@0.3,20260812,True,cf4003093dc2b96379b44c81c4e60aa443221652b795161f873ff869658dbf79
REF-0166,8,1.0,0.907575,0.951517,0.215992,10,1,3,1,DEVELOPMENT,SYNTHETIC_RESEARCH_FIXTURE,OG-SYNTH-0.3,B1-0.3,build_opus_synthetic_programme_v0_3.py@0.3,20260812,True,949a0857eee105fcdd08ef6c786807a73c8084af120e62c33450defe7eada927
REF-0167,1,0.125,0.921058,0.973218,0.191357,3,0,0,3,VALIDATION,SYNTHETIC_RESEARCH_FIXTURE,OG-SYNTH-0.3,B1-0.3,build_opus_synthetic_programme_v0_3.py@0.3,20260812,True,1b15268bd9970c0150f5e923ecb6ac6b9946ba347e0f10da949a31964fbd5562
REF-0167,2,0.25,0.920305,0.919412,0.200309,1,2,3,1,VALIDATION,SYNTHETIC_RESEARCH_FIXTURE,OG-SYNTH-0.3,B1-0.3,build_opus_synthetic_programme_v0_3.py@0.3,20260812,True,c36bb41f4e3a6a92eec9d745fdfd10056cb993f35d2a6f433909a8ab13542c49
REF-0167,3,0.375,0.841317,0.875604,0.241421,8,2,1,2,VALIDATION,SYNTHETIC_RESEARCH_FIXTURE,OG-SYNTH-0.3,B1-0.3,build_opus_synthetic_programme_v0_3.py@0.3,20260812,True,d9a54ad0809c66093b423512bef8ab7ec05ca2b94aee2ac25f352e89328f9c06
REF-0167,4,0.5,0.855114,0.853053,0.344048,6,2,1,4,VALIDATION,SYNTHETIC_RESEARCH_FIXTURE,OG-SYNTH-0.3,B1-0.3,build_opus_synthetic_programme_v0_3.py@0.3,20260812,True,752b96d26775751e8b1b4d6eadbc2248c79f621a947906e7bf0b8d5f82f8f2b4
REF-0167,5,0.625,0.78137,0.774197,0.363652,5,5,3,1,VALIDATION,SYNTHETIC_RESEARCH_FIXTURE,OG-SYNTH-0.3,B1-0.3,build_opus_synthetic_programme_v0_3.py@0.3,20260812,True,0e24b5993c83d76c3719ad2c1f6ce859c8245d6bf3aefbab3886ba49b68b819f
REF-0167,6,0.75,0.771026,0.725354,0.402465,4,1,1,9,VALIDATION,SYNTHETIC_RESEARCH_FIXTURE,OG-SYNTH-0.3,B1-0.3,build_opus_synthetic_programme_v0_3.py@0.3,20260812,True,d1b04329be81897edf15a04d5ddf19b66e53574a8f2bafaa5a25661618b99d76
REF-0167,7,0.875,0.761372,0.675884,0.486713,7,4,1,10,VALIDATION,SYNTHETIC_RESEARCH_FIXTURE,OG-SYNTH-0.3,B1-0.3,build_opus_synthetic_programme_v0_3.py@0.3,20260812,True,aba6a07833bc1096568229cf8247bd241ac32f85d410e07b23dd6a0ca35f7db0
REF-0167,8,1.0,0.717867,0.623087,0.504114,9,4,1,4,VALIDATION,SYNTHETIC_RESEARCH_FIXTURE,OG-SYNTH-0.3,B1-0.3,build_opus_synthetic_programme_v0_3.py@0.3,20260812,True,177f1d7ee0d36ec510c98a0bd901680060331d69e90bb3dbd6148558a3fda6c2
REF-0168,1,0.125,0.957697,0.996769,0.236966,1,5,0,3,DEVELOPMENT,SYNTHETIC_RESEARCH_FIXTURE,OG-SYNTH-0.3,B1-0.3,build_opus_synthetic_programme_v0_3.py@0.3,20260812,True,6819d24d113657492ed94676e663bc877e14a89bd7b0ae296570c6fc7b5e9c36
REF-0168,2,0.25,0.958323,0.951193,0.096747,7,1,1,0,DEVELOPMENT,SYNTHETIC_RESEARCH_FIXTURE,OG-SYNTH-0.3,B1-0.3,build_opus_synthetic_programme_v0_3.py@0.3,20260812,True,29937f981b0a46d8fe0e176d5ee6091107687f8758b4ae2f7c2193d9320eb518
REF-0168,3,0.375,0.977146,0.929839,0.170605,12,3,1,1,DEVELOPMENT,SYNTHETIC_RESEARCH_FIXTURE,OG-SYNTH-0.3,B1-0.3,build_opus_synthetic_programme_v0_3.py@0.3,20260812,True,bf669503cb32ec13f712ad147ad5529453fd3e9337313b554fb88adc3b257101
REF-0168,4,0.5,0.916102,0.920376,0.208359,8,2,2,1,DEVELOPMENT,SYNTHETIC_RESEARCH_FIXTURE,OG-SYNTH-0.3,B1-0.3,build_opus_synthetic_programme_v0_3.py@0.3,20260812,True,54a0ddf6b1fd3b44e2755b26e217f313a50f63f6af67038758c2ef8b1dc6130b
REF-0168,5,0.625,0.909607,0.888884,0.243076,13,2,1,3,DEVELOPMENT,SYNTHETIC_RESEARCH_FIXTURE,OG-SYNTH-0.3,B1-0.3,build_opus_synthetic_programme_v0_3.py@0.3,20260812,True,e2f002e2c8fb0cec6e168e5a618078d7693a36aaba5b0f7953272a0f053c6bb2
REF-0168,6,0.75,0.901673,0.918154,0.226228,6,1,3,2,DEVELOPMENT,SYNTHETIC_RESEARCH_FIXTURE,OG-SYNTH-0.3,B1-0.3,build_opus_synthetic_programme_v0_3.py@0.3,20260812,True,97ef3d61a8066cc8832072de731aecb93160dd6e0f12586076bbd9193ef75e5c
REF-0168,7,0.875,0.863963,0.900282,0.245621,12,5,4,0,DEVELOPMENT,SYNTHETIC_RESEARCH_FIXTURE,OG-SYNTH-0.3,B1-0.3,build_opus_synthetic_programme_v0_3.py@0.3,20260812,True,ef629e230f2282b82bd38ec420ac89bb4bc4b34ea71a78c8cef7498b37770b27
REF-0168,8,1.0,0.851952,0.881106,0.188959,19,4,4,1,DEVELOPMENT,SYNTHETIC_RESEARCH_FIXTURE,OG-SYNTH-0.3,B1-0.3,build_opus_synthetic_programme_v0_3.py@0.3,20260812,True,0b627a58677fa1b1bf9448ffea7f63eb71a9fbfcb814c58d80a018a635b4c9ff
REF-0169,1,0.125,0.959368,0.99669,0.143738,6,0,2,3,VALIDATION,SYNTHETIC_RESEARCH_FIXTURE,OG-SYNTH-0.3,B1-0.3,build_opus_synthetic_programme_v0_3.py@0.3,20260812,True,418aeec33703c22486e691ad9e8b951f7335b50005a36ea8fad896902cbeefb5
REF-0169,2,0.25,0.957819,0.910947,0.096823,4,2,0,2,VALIDATION,SYNTHETIC_RESEARCH_FIXTURE,OG-SYNTH-0.3,B1-0.3,build_opus_synthetic_programme_v0_3.py@0.3,20260812,True,5d90f3b641ddffca91c1e77a192c97cfd404f51bc36c14b49f6d92f1f904402f
REF-0169,3,0.375,0.902254,0.932028,0.177674,5,0,1,1,VALIDATION,SYNTHETIC_RESEARCH_FIXTURE,OG-SYNTH-0.3,B1-0.3,build_opus_synthetic_programme_v0_3.py@0.3,20260812,True,72d0473adb2c37021a5bffd0fdb7440cfa8548b5b455954edd36ab8198f7d015
REF-0169,4,0.5,0.909032,0.885598,0.239142,5,1,4,2,VALIDATION,SYNTHETIC_RESEARCH_FIXTURE,OG-SYNTH-0.3,B1-0.3,build_opus_synthetic_programme_v0_3.py@0.3,20260812,True,58d58f05e5f773f2ea93005459ab2005f64cfde69ef5d1f13b068a548bd0d5ce
REF-0169,5,0.625,0.933393,0.861733,0.171569,10,3,3,2,VALIDATION,SYNTHETIC_RESEARCH_FIXTURE,OG-SYNTH-0.3,B1-0.3,build_opus_synthetic_programme_v0_3.py@0.3,20260812,True,a0f00ccfb7b06bc31b5677743508dcae64618060a174207ed56414788a6fdeff
REF-0169,6,0.75,0.904969,0.888003,0.207666,16,4,2,4,VALIDATION,SYNTHETIC_RESEARCH_FIXTURE,OG-SYNTH-0.3,B1-0.3,build_opus_synthetic_programme_v0_3.py@0.3,20260812,True,4de15b7f4ec94275a502a2d4fa1ec62f3e2867459e3e5634120cd15edd4b19cb
REF-0169,7,0.875,0.8897,0.859894,0.253698,13,1,4,1,VALIDATION,SYNTHETIC_RESEARCH_FIXTURE,OG-SYNTH-0.3,B1-0.3,build_opus_synthetic_programme_v0_3.py@0.3,20260812,True,d6656d0a86ee48b6a90af131faa40854a9dcd1058117c4d25cab63d1b3811ca3
REF-0169,8,1.0,0.854169,0.866361,0.270826,14,3,2,1,VALIDATION,SYNTHETIC_RESEARCH_FIXTURE,OG-SYNTH-0.3,B1-0.3,build_opus_synthetic_programme_v0_3.py@0.3,20260812,True,f97bd5dea6535b065d1ec1d2653d3a243d5498d730af06ceeeb3af963ff03aad
REF-0170,1,0.125,1.013356,1.0242,0.227006,2,0,0,1,DEVELOPMENT,SYNTHETIC_RESEARCH_FIXTURE,OG-SYNTH-0.3,B1-0.3,build_opus_synthetic_programme_v0_3.py@0.3,20260812,True,498f11ec232918a12a5748e8fe7f92a8ee9a0e78a59aed3a1c39108ff94593bf
REF-0170,2,0.25,0.994839,0.946495,0.202939,5,1,2,0,DEVELOPMENT,SYNTHETIC_RESEARCH_FIXTURE,OG-SYNTH-0.3,B1-0.3,build_opus_synthetic_programme_v0_3.py@0.3,20260812,True,ea40ee4a94e428114ce9dd2aec3f34284566014157ac26281f157960834332e4
REF-0170,3,0.375,0.92958,0.91112,0.228643,2,3,4,1,DEVELOPMENT,SYNTHETIC_RESEARCH_FIXTURE,OG-SYNTH-0.3,B1-0.3,build_opus_synthetic_programme_v0_3.py@0.3,20260812,True,dea0fcb70031795b05630e653fe179a8e2f95f8d9eff6988b25ad1d687a77822
REF-0170,4,0.5,0.948404,0.915207,0.237748,1,0,2,0,DEVELOPMENT,SYNTHETIC_RESEARCH_FIXTURE,OG-SYNTH-0.3,B1-0.3,build_opus_synthetic_programme_v0_3.py@0.3,20260812,True,e7a3cbcc46115b26f2a961f2bfdb43748376cc92ec5ceeb964d44d615819dea1
REF-0170,5,0.625,0.943393,0.959152,0.280332,2,1,4,2,DEVELOPMENT,SYNTHETIC_RESEARCH_FIXTURE,OG-SYNTH-0.3,B1-0.3,build_opus_synthetic_programme_v0_3.py@0.3,20260812,True,9a975825596035e51afe8b610229c01cd937cfaee5fe0c05d7fa36a5aca6db64
REF-0170,6,0.75,0.868652,0.948989,0.15918,10,3,3,3,DEVELOPMENT,SYNTHETIC_RESEARCH_FIXTURE,OG-SYNTH-0.3,B1-0.3,build_opus_synthetic_programme_v0_3.py@0.3,20260812,True,40fcab048fcc1e1e36f75b4d7d22661349322f43dccd24b9f8f737761f6b9330
REF-0170,7,0.875,0.901291,0.905904,0.277826,3,2,2,3,DEVELOPMENT,SYNTHETIC_RESEARCH_FIXTURE,OG-SYNTH-0.3,B1-0.3,build_opus_synthetic_programme_v0_3.py@0.3,20260812,True,21ed0fff8416c4e87fe8b0f5161b154f590420ba5214d00a045f3a2cc446d2a6
REF-0170,8,1.0,0.880161,0.928324,0.245022,9,1,4,0,DEVELOPMENT,SYNTHETIC_RESEARCH_FIXTURE,OG-SYNTH-0.3,B1-0.3,build_opus_synthetic_programme_v0_3.py@0.3,20260812,True,4fc22f8e9b38b8db059a6558eaecac97283b48dfd9d459e2e534f5c5a2665c68
REF-0171,1,0.125,0.96501,0.972397,0.148937,5,2,2,0,DEVELOPMENT,SYNTHETIC_RESEARCH_FIXTURE,OG-SYNTH-0.3,B1-0.3,build_opus_synthetic_programme_v0_3.py@0.3,20260812,True,15b86f04a3e7e9172bc50e110182d135ca2c41a145976d9d45f723d37a7ba204
REF-0171,2,0.25,0.98738,0.982188,0.235925,7,1,4,0,DEVELOPMENT,SYNTHETIC_RESEARCH_FIXTURE,OG-SYNTH-0.3,B1-0.3,build_opus_synthetic_programme_v0_3.py@0.3,20260812,True,8fc5ae1b5f793c69e08129bcbf38e141224b3976064f816b6946bacb6ba28a6f
REF-0171,3,0.375,0.942094,0.974923,0.202144,4,1,3,0,DEVELOPMENT,SYNTHETIC_RESEARCH_FIXTURE,OG-SYNTH-0.3,B1-0.3,build_opus_synthetic_programme_v0_3.py@0.3,20260812,True,963af1eb186f8e50a083bbb02cd5644664ab6cc42121b7ef5c85775bbbb0ee99
REF-0171,4,0.5,0.910718,0.955481,0.14758,11,1,2,2,DEVELOPMENT,SYNTHETIC_RESEARCH_FIXTURE,OG-SYNTH-0.3,B1-0.3,build_opus_synthetic_programme_v0_3.py@0.3,20260812,True,3027ddc4f2c1e8cc27ea734a3f697d863479f55e8a7d73814f7af04ee7c2d3a1
REF-0171,5,0.625,0.873088,0.954279,0.26928,11,2,3,1,DEVELOPMENT,SYNTHETIC_RESEARCH_FIXTURE,OG-SYNTH-0.3,B1-0.3,build_opus_synthetic_programme_v0_3.py@0.3,20260812,True,35916a7556241944ddce2e580eecf325ec4313752d2f1ac7e4fa24408c7c7f6e
REF-0171,6,0.75,0.814086,0.915192,0.253662,13,3,3,0,DEVELOPMENT,SYNTHETIC_RESEARCH_FIXTURE,OG-SYNTH-0.3,B1-0.3,build_opus_synthetic_programme_v0_3.py@0.3,20260812,True,a1fc5ee70b596b981b97e84106d32bc264cff40d835cf01bed9114b51a89e35f
REF-0171,7,0.875,0.817868,0.946516,0.296495,12,3,6,1,DEVELOPMENT,SYNTHETIC_RESEARCH_FIXTURE,OG-SYNTH-0.3,B1-0.3,build_opus_synthetic_programme_v0_3.py@0.3,20260812,True,ea7cc574c00c7b085e4d6d56046364b0d8a1d86bfabe65344734be985bdcd288
REF-0171,8,1.0,0.785715,0.930058,0.342428,19,1,6,1,DEVELOPMENT,SYNTHETIC_RESEARCH_FIXTURE,OG-SYNTH-0.3,B1-0.3,build_opus_synthetic_programme_v0_3.py@0.3,20260812,True,1ebdd8d4170664a3e0cf2fc8f2e57a5516ebcbcc06d913e5dacfdf1c0d11af25
REF-0172,1,0.125,0.932623,0.973726,0.17685,5,1,1,1,LOCKED_HOLDOUT,SYNTHETIC_RESEARCH_FIXTURE,OG-SYNTH-0.3,B1-0.3,build_opus_synthetic_programme_v0_3.py@0.3,20260812,True,d2a25f0de3c21f06e49b9ab3db56b654b1c6440a19e2d982454dbce3ab973f2e
REF-0172,2,0.25,0.979282,0.939342,0.233776,2,1,0,0,LOCKED_HOLDOUT,SYNTHETIC_RESEARCH_FIXTURE,OG-SYNTH-0.3,B1-0.3,build_opus_synthetic_programme_v0_3.py@0.3,20260812,True,9d3f0b585d7fc8442cbc22d494f8c39566fb07bb5214fffe9feb6787c285c5b0
REF-0172,3,0.375,0.927323,0.958726,0.237189,0,2,2,1,LOCKED_HOLDOUT,SYNTHETIC_RESEARCH_FIXTURE,OG-SYNTH-0.3,B1-0.3,build_opus_synthetic_programme_v0_3.py@0.3,20260812,True,acf2b7e8c695c7109499678a47ef1b048e0ed3816cdef4d0022c811ba3ce4994
REF-0172,4,0.5,0.952917,0.905769,0.270525,4,1,1,1,LOCKED_HOLDOUT,SYNTHETIC_RESEARCH_FIXTURE,OG-SYNTH-0.3,B1-0.3,build_opus_synthetic_programme_v0_3.py@0.3,20260812,True,6f4c2e4ff43d4146b979218d8c0b9ab1bc4f59c727d75025e8376567c540420e
REF-0172,5,0.625,0.903338,0.89335,0.283261,6,1,3,7,LOCKED_HOLDOUT,SYNTHETIC_RESEARCH_FIXTURE,OG-SYNTH-0.3,B1-0.3,build_opus_synthetic_programme_v0_3.py@0.3,20260812,True,b7ddb035f1e6ec5ad2e1dcc9c81c9911866b1821994229d3d1076ee538b00e5b
REF-0172,6,0.75,0.878134,0.884934,0.235346,7,1,1,1,LOCKED_HOLDOUT,SYNTHETIC_RESEARCH_FIXTURE,OG-SYNTH-0.3,B1-0.3,build_opus_synthetic_programme_v0_3.py@0.3,20260812,True,9b7604ac869c9ff35d6623ead7a0cb4f55d82dc3492de16062a6847b2c82a40b
REF-0172,7,0.875,0.815116,0.899983,0.199899,8,5,1,4,LOCKED_HOLDOUT,SYNTHETIC_RESEARCH_FIXTURE,OG-SYNTH-0.3,B1-0.3,build_opus_synthetic_programme_v0_3.py@0.3,20260812,True,022b6ac1768928f0219df02a56b0583fba943d462a23e2af3d34b6a0552fe13e
REF-0172,8,1.0,0.857608,0.770234,0.260203,10,4,2,7,LOCKED_HOLDOUT,SYNTHETIC_RESEARCH_FIXTURE,OG-SYNTH-0.3,B1-0.3,build_opus_synthetic_programme_v0_3.py@0.3,20260812,True,a11a876a2d40efb386a06d3a53e87b3c84f57ad3724b6346e5f4bc5c625b8f17
REF-0173,1,0.125,1.049976,0.998353,0.107291,3,3,0,1,LOCKED_HOLDOUT,SYNTHETIC_RESEARCH_FIXTURE,OG-SYNTH-0.3,B1-0.3,build_opus_synthetic_programme_v0_3.py@0.3,20260812,True,6364db016c5f4a29d38ca5428a2d34a7242fe7c2e3005d3357650ca58a263c04
REF-0173,2,0.25,0.945322,0.975466,0.133832,5,3,1,2,LOCKED_HOLDOUT,SYNTHETIC_RESEARCH_FIXTURE,OG-SYNTH-0.3,B1-0.3,build_opus_synthetic_programme_v0_3.py@0.3,20260812,True,f9bf995cfaf810a944548862f642c988dfd3e1f5d42f79118fce14b40b9eed55
REF-0173,3,0.375,0.971202,0.95545,0.216327,7,1,0,1,LOCKED_HOLDOUT,SYNTHETIC_RESEARCH_FIXTURE,OG-SYNTH-0.3,B1-0.3,build_opus_synthetic_programme_v0_3.py@0.3,20260812,True,3bf5d5a15da693b3809e3bd20f365f9a690165a21a0e6b5dc7f9ec42dc7ef0e9
REF-0173,4,0.5,0.938724,0.958608,0.193164,7,2,3,2,LOCKED_HOLDOUT,SYNTHETIC_RESEARCH_FIXTURE,OG-SYNTH-0.3,B1-0.3,build_opus_synthetic_programme_v0_3.py@0.3,20260812,True,5ce2251b359e699af6cd59cede3d4e2a55217f436f963d42e1a8c0b127bff4df
REF-0173,5,0.625,0.883522,0.93051,0.254858,13,4,3,1,LOCKED_HOLDOUT,SYNTHETIC_RESEARCH_FIXTURE,OG-SYNTH-0.3,B1-0.3,build_opus_synthetic_programme_v0_3.py@0.3,20260812,True,a490081bb43f0bed6fe8e0ceed5f9408aa890040836835699be6bc82c30f7e7e
REF-0173,6,0.75,0.896801,0.906987,0.297032,9,2,3,1,LOCKED_HOLDOUT,SYNTHETIC_RESEARCH_FIXTURE,OG-SYNTH-0.3,B1-0.3,build_opus_synthetic_programme_v0_3.py@0.3,20260812,True,abc544fd83164bce74595698900d73bbda2f38903832f3a138f1d74b61080f02
REF-0173,7,0.875,0.849711,0.900476,0.242568,17,2,5,0,LOCKED_HOLDOUT,SYNTHETIC_RESEARCH_FIXTURE,OG-SYNTH-0.3,B1-0.3,build_opus_synthetic_programme_v0_3.py@0.3,20260812,True,4730614f4ce3357273e159f85400c9a0d4f7e38a23fb6a1e01ec92ded1294782
REF-0173,8,1.0,0.816244,0.901383,0.282123,9,3,5,2,LOCKED_HOLDOUT,SYNTHETIC_RESEARCH_FIXTURE,OG-SYNTH-0.3,B1-0.3,build_opus_synthetic_programme_v0_3.py@0.3,20260812,True,a8d858f23874436630d3fde50162e5294673dd0b8a53bd0b75d3e4bdc93c0a49
REF-0174,1,0.125,0.971345,0.956602,0.203285,3,1,1,3,DEVELOPMENT,SYNTHETIC_RESEARCH_FIXTURE,OG-SYNTH-0.3,B1-0.3,build_opus_synthetic_programme_v0_3.py@0.3,20260812,True,f99eef12791eea963705114006e19628afe239419f154980c41b6caccb82dadd
REF-0174,2,0.25,0.938938,0.955607,0.23196,3,2,0,1,DEVELOPMENT,SYNTHETIC_RESEARCH_FIXTURE,OG-SYNTH-0.3,B1-0.3,build_opus_synthetic_programme_v0_3.py@0.3,20260812,True,738a30dc12a9f248cf5e4381282739c02fdfa5e9cfc99d7e385062d6c9c97ab3
REF-0174,3,0.375,0.942554,0.940445,0.171046,8,0,2,0,DEVELOPMENT,SYNTHETIC_RESEARCH_FIXTURE,OG-SYNTH-0.3,B1-0.3,build_opus_synthetic_programme_v0_3.py@0.3,20260812,True,62404caf8dd9c3e8d302f8cfa842e677ade103bdb8647142640bb3061ac2aacc
REF-0174,4,0.5,0.956638,0.907592,0.117827,10,0,1,1,DEVELOPMENT,SYNTHETIC_RESEARCH_FIXTURE,OG-SYNTH-0.3,B1-0.3,build_opus_synthetic_programme_v0_3.py@0.3,20260812,True,37d752001cff9afba83b6f4101d4bd90c7c12fbc03316debe18463e748cc74f7
REF-0174,5,0.625,0.968302,0.860406,0.178407,13,0,3,3,DEVELOPMENT,SYNTHETIC_RESEARCH_FIXTURE,OG-SYNTH-0.3,B1-0.3,build_opus_synthetic_programme_v0_3.py@0.3,20260812,True,f83b9c8178ed190baddd2639ee6e292561c8761c028fc7d5b680c84efe02e3cf
REF-0174,6,0.75,0.917829,0.894286,0.284071,14,2,4,0,DEVELOPMENT,SYNTHETIC_RESEARCH_FIXTURE,OG-SYNTH-0.3,B1-0.3,build_opus_synthetic_programme_v0_3.py@0.3,20260812,True,15c82149d9cc4f68782c3acde0e672c0ba82222d3d9596787e89eac5a047e9fe
REF-0174,7,0.875,0.899266,0.802337,0.333624,15,1,4,3,DEVELOPMENT,SYNTHETIC_RESEARCH_FIXTURE,OG-SYNTH-0.3,B1-0.3,build_opus_synthetic_programme_v0_3.py@0.3,20260812,True,1b151a3ed15cf6b91c1dca2c3487470b4cae8e752f809d6edd3538ed0e01d977
REF-0174,8,1.0,0.85662,0.802679,0.290426,12,1,4,2,DEVELOPMENT,SYNTHETIC_RESEARCH_FIXTURE,OG-SYNTH-0.3,B1-0.3,build_opus_synthetic_programme_v0_3.py@0.3,20260812,True,237338455df1084d65efabad5550685d49103ba77187852f41ad6ba40b95eece
REF-0175,1,0.125,1.000939,0.996516,0.157126,3,1,3,1,VALIDATION,SYNTHETIC_RESEARCH_FIXTURE,OG-SYNTH-0.3,B1-0.3,build_opus_synthetic_programme_v0_3.py@0.3,20260812,True,4190be7f98a45afe5fb68120ecd23a4e022145e36a078a82ac99cd068591b9d7
REF-0175,2,0.25,0.933928,0.98929,0.230419,5,4,0,1,VALIDATION,SYNTHETIC_RESEARCH_FIXTURE,OG-SYNTH-0.3,B1-0.3,build_opus_synthetic_programme_v0_3.py@0.3,20260812,True,d9d5e7364307d673cf051e1d0039dc222e8cd4d334b968b7a8280a36212c5182
REF-0175,3,0.375,0.967338,0.963344,0.163653,8,2,1,2,VALIDATION,SYNTHETIC_RESEARCH_FIXTURE,OG-SYNTH-0.3,B1-0.3,build_opus_synthetic_programme_v0_3.py@0.3,20260812,True,8b49249243ec9bb1d4e7756099e115c913d2855e71afae8285e1921dc47babf6
REF-0175,4,0.5,0.919407,0.910751,0.20713,12,2,3,2,VALIDATION,SYNTHETIC_RESEARCH_FIXTURE,OG-SYNTH-0.3,B1-0.3,build_opus_synthetic_programme_v0_3.py@0.3,20260812,True,6ad289b079ae832cb69c99b58dd8d7192e2ef5490b05c4c553fad2d248fb56b7
REF-0175,5,0.625,0.903696,0.869691,0.191517,4,4,4,4,VALIDATION,SYNTHETIC_RESEARCH_FIXTURE,OG-SYNTH-0.3,B1-0.3,build_opus_synthetic_programme_v0_3.py@0.3,20260812,True,92d4ea48ad781dbf2be76d87e9cafd118e2cfd961f55fbe1031834ec615d30f5
REF-0175,6,0.75,0.928432,0.885581,0.260369,11,3,5,4,VALIDATION,SYNTHETIC_RESEARCH_FIXTURE,OG-SYNTH-0.3,B1-0.3,build_opus_synthetic_programme_v0_3.py@0.3,20260812,True,0fe9a545b954694961a23dbb84bb76e2721575fce02cd7657e1f6c0352c8e3c2
REF-0175,7,0.875,0.885437,0.861232,0.150057,6,4,6,1,VALIDATION,SYNTHETIC_RESEARCH_FIXTURE,OG-SYNTH-0.3,B1-0.3,build_opus_synthetic_programme_v0_3.py@0.3,20260812,True,b624001ca3ad7ec907a9cb44db0e0008b29629ab8e7222068bc36044ad286213
REF-0175,8,1.0,0.890126,0.824148,0.237378,16,1,8,2,VALIDATION,SYNTHETIC_RESEARCH_FIXTURE,OG-SYNTH-0.3,B1-0.3,build_opus_synthetic_programme_v0_3.py@0.3,20260812,True,673e3e4cffdcc1513aa3d1c96aa20e55bf9af66d703d446ea11378cbc7729c45
REF-0176,1,0.125,1.018093,0.987013,0.089001,4,0,2,0,DEVELOPMENT,SYNTHETIC_RESEARCH_FIXTURE,OG-SYNTH-0.3,B1-0.3,build_opus_synthetic_programme_v0_3.py@0.3,20260812,True,47e437a66e22caf8d4366ae7711a8f0181233d37f2832a0be13e598308fab723
REF-0176,2,0.25,0.942298,0.982792,0.166755,3,2,1,0,DEVELOPMENT,SYNTHETIC_RESEARCH_FIXTURE,OG-SYNTH-0.3,B1-0.3,build_opus_synthetic_programme_v0_3.py@0.3,20260812,True,476a28a25dd3cf781331e456ad0954dadf61a9e776899b39509be519a0ca87c4
REF-0176,3,0.375,0.931099,0.912607,0.159158,2,1,3,2,DEVELOPMENT,SYNTHETIC_RESEARCH_FIXTURE,OG-SYNTH-0.3,B1-0.3,build_opus_synthetic_programme_v0_3.py@0.3,20260812,True,b84944bc12fa8da54d7548d74614034785b9f14b737bc3a53ef75441b39e33ce
REF-0176,4,0.5,0.941331,0.907753,0.256286,10,6,3,1,DEVELOPMENT,SYNTHETIC_RESEARCH_FIXTURE,OG-SYNTH-0.3,B1-0.3,build_opus_synthetic_programme_v0_3.py@0.3,20260812,True,270aa5d3f4a218396794603bffc2ca198d2aadb7ca7d04d650e1d0c511790add
REF-0176,5,0.625,0.934125,0.862234,0.31345,10,5,8,4,DEVELOPMENT,SYNTHETIC_RESEARCH_FIXTURE,OG-SYNTH-0.3,B1-0.3,build_opus_synthetic_programme_v0_3.py@0.3,20260812,True,9edaef2cf8d9bee2ca8e0e78351266407eb95286a2ce8dff18e214a982cfab3f
REF-0176,6,0.75,0.926157,0.907239,0.180093,8,2,4,3,DEVELOPMENT,SYNTHETIC_RESEARCH_FIXTURE,OG-SYNTH-0.3,B1-0.3,build_opus_synthetic_programme_v0_3.py@0.3,20260812,True,e616da498aa5a6d37e335a2896dda990226f48062ec7ecfe13a19eeb43ef3f25
REF-0176,7,0.875,0.943612,0.857704,0.232486,10,2,9,0,DEVELOPMENT,SYNTHETIC_RESEARCH_FIXTURE,OG-SYNTH-0.3,B1-0.3,build_opus_synthetic_programme_v0_3.py@0.3,20260812,True,a9e59f0edbdcf7d71dcb890231eb3ae1cde24223f4296eb279b68249a4d69f25
REF-0176,8,1.0,0.883328,0.882869,0.284165,17,3,3,2,DEVELOPMENT,SYNTHETIC_RESEARCH_FIXTURE,OG-SYNTH-0.3,B1-0.3,build_opus_synthetic_programme_v0_3.py@0.3,20260812,True,d180886e8d6769c58a6052664000461acdafc419643024f7e2ad43c071553b3b
REF-0177,1,0.125,0.974671,0.978728,0.117465,7,2,4,2,LOCKED_HOLDOUT,SYNTHETIC_RESEARCH_FIXTURE,OG-SYNTH-0.3,B1-0.3,build_opus_synthetic_programme_v0_3.py@0.3,20260812,True,b09a066f378b543f81e71123b7918c126c191ec395762fc23710bdb5069cf312
REF-0177,2,0.25,0.986415,0.978721,0.118586,6,2,1,1,LOCKED_HOLDOUT,SYNTHETIC_RESEARCH_FIXTURE,OG-SYNTH-0.3,B1-0.3,build_opus_synthetic_programme_v0_3.py@0.3,20260812,True,2fb414f03cf5c7baa76f26b5b5b70fb660a5a1e6ac08acef1d2cad70233ba25d
REF-0177,3,0.375,0.94325,1.04646,0.227868,3,2,3,0,LOCKED_HOLDOUT,SYNTHETIC_RESEARCH_FIXTURE,OG-SYNTH-0.3,B1-0.3,build_opus_synthetic_programme_v0_3.py@0.3,20260812,True,cf5b519ca97ebe17d6660540974f0e8e46ef2ed2dd17b6a76c27953c6ab32ddd
REF-0177,4,0.5,0.887983,0.949016,0.159567,9,2,4,1,LOCKED_HOLDOUT,SYNTHETIC_RESEARCH_FIXTURE,OG-SYNTH-0.3,B1-0.3,build_opus_synthetic_programme_v0_3.py@0.3,20260812,True,321af8523c44b04d663e32b73d17bac3cc43e56ebd4ba039122504a9ccaa743f
REF-0177,5,0.625,0.904132,0.927586,0.185705,15,2,5,1,LOCKED_HOLDOUT,SYNTHETIC_RESEARCH_FIXTURE,OG-SYNTH-0.3,B1-0.3,build_opus_synthetic_programme_v0_3.py@0.3,20260812,True,e306ee1093b495d8fd737d871bd6d47209002d2c9bab01f7897218cf5c6d5970
REF-0177,6,0.75,0.93788,0.928067,0.246148,9,5,2,1,LOCKED_HOLDOUT,SYNTHETIC_RESEARCH_FIXTURE,OG-SYNTH-0.3,B1-0.3,build_opus_synthetic_programme_v0_3.py@0.3,20260812,True,c072444093e08a1e28c72dbf3486d3b0516d709fa057ddd2f3f350318f9d8491
REF-0177,7,0.875,0.858355,0.963851,0.270325,12,3,6,0,LOCKED_HOLDOUT,SYNTHETIC_RESEARCH_FIXTURE,OG-SYNTH-0.3,B1-0.3,build_opus_synthetic_programme_v0_3.py@0.3,20260812,True,65148de217353d783d1cd9c4365ed522bac76b35bc13f555671679c1974f43ae
REF-0177,8,1.0,0.835451,0.926583,0.295947,7,4,5,3,LOCKED_HOLDOUT,SYNTHETIC_RESEARCH_FIXTURE,OG-SYNTH-0.3,B1-0.3,build_opus_synthetic_programme_v0_3.py@0.3,20260812,True,d373fbef520ceeab5625a1cb8399cd9a506e2b31ffd5528711178edf4033146d
REF-0178,1,0.125,0.947918,0.940085,0.229825,5,0,2,0,DEVELOPMENT,SYNTHETIC_RESEARCH_FIXTURE,OG-SYNTH-0.3,B1-0.3,build_opus_synthetic_programme_v0_3.py@0.3,20260812,True,94cea67544605c627aad94bee3d7036934ad549077a27a4184cf7dd4e98c5012
REF-0178,2,0.25,0.954293,0.988628,0.199632,4,2,3,0,DEVELOPMENT,SYNTHETIC_RESEARCH_FIXTURE,OG-SYNTH-0.3,B1-0.3,build_opus_synthetic_programme_v0_3.py@0.3,20260812,True,9b13ecad09b368cd33de8ce1794467e8052a3c59de3b69e11355a4dd77fb0a75
REF-0178,3,0.375,0.922228,0.95432,0.146538,7,3,2,2,DEVELOPMENT,SYNTHETIC_RESEARCH_FIXTURE,OG-SYNTH-0.3,B1-0.3,build_opus_synthetic_programme_v0_3.py@0.3,20260812,True,6a36e60840f20a749274782f240620205bb2d7998c56809cb7fb11bcc98df752
REF-0178,4,0.5,0.961549,0.894203,0.15148,7,2,2,2,DEVELOPMENT,SYNTHETIC_RESEARCH_FIXTURE,OG-SYNTH-0.3,B1-0.3,build_opus_synthetic_programme_v0_3.py@0.3,20260812,True,2159214faeceabee455bbd309b72cafbaf9ed08e087621078b177bc5419441b0
REF-0178,5,0.625,0.923675,0.870459,0.243235,10,3,6,2,DEVELOPMENT,SYNTHETIC_RESEARCH_FIXTURE,OG-SYNTH-0.3,B1-0.3,build_opus_synthetic_programme_v0_3.py@0.3,20260812,True,ef6f41fc8e9d30cb7ab2c52e2fca5c2a060e4ff44ab5a36b2b821a2ca3858481
REF-0178,6,0.75,0.965921,0.867571,0.167236,6,3,1,4,DEVELOPMENT,SYNTHETIC_RESEARCH_FIXTURE,OG-SYNTH-0.3,B1-0.3,build_opus_synthetic_programme_v0_3.py@0.3,20260812,True,370a2dd44b5bbd69f6b68b7ab276ee1a4c35d7345408b3439ce79e7a547c5cd9
REF-0178,7,0.875,0.900411,0.844706,0.305196,10,3,5,1,DEVELOPMENT,SYNTHETIC_RESEARCH_FIXTURE,OG-SYNTH-0.3,B1-0.3,build_opus_synthetic_programme_v0_3.py@0.3,20260812,True,e868f31814b84d41c883c6e36b5bf6157f4be47103b4f98a043a795f94e7ccb3
REF-0178,8,1.0,0.913036,0.830722,0.172415,11,2,5,2,DEVELOPMENT,SYNTHETIC_RESEARCH_FIXTURE,OG-SYNTH-0.3,B1-0.3,build_opus_synthetic_programme_v0_3.py@0.3,20260812,True,4c17c25f3c75b5cf89753cec90c8552e8e3c66204e0da55a22adc27d2000a8d0
REF-0179,1,0.125,1.008891,0.95873,0.156146,2,1,3,3,DEVELOPMENT,SYNTHETIC_RESEARCH_FIXTURE,OG-SYNTH-0.3,B1-0.3,build_opus_synthetic_programme_v0_3.py@0.3,20260812,True,e40f462a4e96e8a9c89be6c4d4bed8d5a20b6dc53092359778d7aad2a47eab9c
REF-0179,2,0.25,0.917717,0.949566,0.234709,5,0,1,0,DEVELOPMENT,SYNTHETIC_RESEARCH_FIXTURE,OG-SYNTH-0.3,B1-0.3,build_opus_synthetic_programme_v0_3.py@0.3,20260812,True,af7b40c446dfbd33030e7b50e1d7f0b493c82db822b7aa96d75eee773ab59983
REF-0179,3,0.375,0.890828,0.924322,0.143497,7,0,1,1,DEVELOPMENT,SYNTHETIC_RESEARCH_FIXTURE,OG-SYNTH-0.3,B1-0.3,build_opus_synthetic_programme_v0_3.py@0.3,20260812,True,dc0fa9e4b8b996599d5df1c5e79a01d8faf25a0c1e5683c177db0e77745d8d48
REF-0179,4,0.5,0.91778,0.836447,0.191028,9,3,4,6,DEVELOPMENT,SYNTHETIC_RESEARCH_FIXTURE,OG-SYNTH-0.3,B1-0.3,build_opus_synthetic_programme_v0_3.py@0.3,20260812,True,a7a9ff7a81a9f301f421df0670e6de21ec6e0e333f0bae9d86c74a63945ef459
REF-0179,5,0.625,0.889875,0.838849,0.330554,10,2,6,4,DEVELOPMENT,SYNTHETIC_RESEARCH_FIXTURE,OG-SYNTH-0.3,B1-0.3,build_opus_synthetic_programme_v0_3.py@0.3,20260812,True,3374f2f774cf379ff762fc9e75293c9710f85dd64dd70e57af91282a1ff731d6
REF-0179,6,0.75,0.882972,0.799097,0.344424,11,3,4,3,DEVELOPMENT,SYNTHETIC_RESEARCH_FIXTURE,OG-SYNTH-0.3,B1-0.3,build_opus_synthetic_programme_v0_3.py@0.3,20260812,True,acbcc91fc8fdbd78385be061863a5eeb9c0897e07c31c5026f620ff46ebd3450
REF-0179,7,0.875,0.841131,0.784696,0.323191,17,3,5,0,DEVELOPMENT,SYNTHETIC_RESEARCH_FIXTURE,OG-SYNTH-0.3,B1-0.3,build_opus_synthetic_programme_v0_3.py@0.3,20260812,True,d784768608067f2dcb150146d48ba195c2a5522b0abb313db4fbdc42424a7662
REF-0179,8,1.0,0.846729,0.801726,0.370906,25,5,6,7,DEVELOPMENT,SYNTHETIC_RESEARCH_FIXTURE,OG-SYNTH-0.3,B1-0.3,build_opus_synthetic_programme_v0_3.py@0.3,20260812,True,77baec45047dc82ce6135dcc4d8b4e94b31e138099cc4f45905d18b24bc3d9fa
REF-0180,1,0.125,0.96137,0.960113,0.158006,2,0,0,2,VALIDATION,SYNTHETIC_RESEARCH_FIXTURE,OG-SYNTH-0.3,B1-0.3,build_opus_synthetic_programme_v0_3.py@0.3,20260812,True,b788faefb062f1a96330d2c3911d82cd08dc36a1348102cf62af675b1d107d45
REF-0180,2,0.25,0.969939,0.966356,0.169178,8,2,2,1,VALIDATION,SYNTHETIC_RESEARCH_FIXTURE,OG-SYNTH-0.3,B1-0.3,build_opus_synthetic_programme_v0_3.py@0.3,20260812,True,f03bbf773e69dbd66a2be14d9793c50683cbd5ae0e61ba1060043be6df60d2c2
REF-0180,3,0.375,0.987566,0.9639,0.148422,10,0,2,1,VALIDATION,SYNTHETIC_RESEARCH_FIXTURE,OG-SYNTH-0.3,B1-0.3,build_opus_synthetic_programme_v0_3.py@0.3,20260812,True,1b6cfed695561d527b101b13e3906cf8298b5a5c54739878ddd1de3008d81efd
REF-0180,4,0.5,0.951221,0.886398,0.227045,12,2,1,3,VALIDATION,SYNTHETIC_RESEARCH_FIXTURE,OG-SYNTH-0.3,B1-0.3,build_opus_synthetic_programme_v0_3.py@0.3,20260812,True,6bbf1e36aea88f3ec454afb8deb4414fe5694cddf5febe2dcd59c6aeaf5b7bb5
REF-0180,5,0.625,0.919967,0.91428,0.213663,10,1,0,1,VALIDATION,SYNTHETIC_RESEARCH_FIXTURE,OG-SYNTH-0.3,B1-0.3,build_opus_synthetic_programme_v0_3.py@0.3,20260812,True,ba81ec51b93e36c3e76810b64ccf56670e5c0876e480e4cb3cf86d5d17063d6f
REF-0180,6,0.75,0.907785,0.877711,0.270239,11,5,1,2,VALIDATION,SYNTHETIC_RESEARCH_FIXTURE,OG-SYNTH-0.3,B1-0.3,build_opus_synthetic_programme_v0_3.py@0.3,20260812,True,96a067dad2e44531e5b5eacd5e7a1d8f22ead2024b3ecd92d6d75df38a8d1335
REF-0180,7,0.875,0.891259,0.840286,0.258365,24,5,5,0,VALIDATION,SYNTHETIC_RESEARCH_FIXTURE,OG-SYNTH-0.3,B1-0.3,build_opus_synthetic_programme_v0_3.py@0.3,20260812,True,18dc3429e9e1aaac2e41795fc03fba1db0e96f0cd3f9cd5abbf3ac8e717a7948
REF-0180,8,1.0,0.872035,0.852563,0.231578,12,6,7,4,VALIDATION,SYNTHETIC_RESEARCH_FIXTURE,OG-SYNTH-0.3,B1-0.3,build_opus_synthetic_programme_v0_3.py@0.3,20260812,True,7bc5a8faebd1dd61cc30e7821d76e34942b836309004223a8ec03474dff8d7de
REF-0181,1,0.125,1.014084,1.000548,0.14612,2,1,3,4,DEVELOPMENT,SYNTHETIC_RESEARCH_FIXTURE,OG-SYNTH-0.3,B1-0.3,build_opus_synthetic_programme_v0_3.py@0.3,20260812,True,dac0c6918367b9b6c514c7ad97df8ec53c7e7de37e31168f15fc68b6cf00ce2c
REF-0181,2,0.25,0.982744,0.948421,0.177261,3,3,1,3,DEVELOPMENT,SYNTHETIC_RESEARCH_FIXTURE,OG-SYNTH-0.3,B1-0.3,build_opus_synthetic_programme_v0_3.py@0.3,20260812,True,b6fd62d0e7a5c36971494146ca28775f57a87f833f4007d26f1ae1f00594adea
REF-0181,3,0.375,0.958871,0.925914,0.150782,9,2,1,1,DEVELOPMENT,SYNTHETIC_RESEARCH_FIXTURE,OG-SYNTH-0.3,B1-0.3,build_opus_synthetic_programme_v0_3.py@0.3,20260812,True,d3d1617a3816d878afdc6f0fd59f547cc2e80ac45a54455d83587c08a4185ed3
REF-0181,4,0.5,0.904701,0.900082,0.20522,3,3,1,2,DEVELOPMENT,SYNTHETIC_RESEARCH_FIXTURE,OG-SYNTH-0.3,B1-0.3,build_opus_synthetic_programme_v0_3.py@0.3,20260812,True,ca9ac7d5f2abe8b3a89630630f82e91a63e4eb0cde5f303a02c4c8be3af07012
REF-0181,5,0.625,0.890135,0.857366,0.183061,8,4,2,3,DEVELOPMENT,SYNTHETIC_RESEARCH_FIXTURE,OG-SYNTH-0.3,B1-0.3,build_opus_synthetic_programme_v0_3.py@0.3,20260812,True,d43be38a458878a79d1d13f9e8468f82f79142e4c41326b1a3e84fd488497fd1
REF-0181,6,0.75,0.857164,0.869622,0.268359,11,4,1,2,DEVELOPMENT,SYNTHETIC_RESEARCH_FIXTURE,OG-SYNTH-0.3,B1-0.3,build_opus_synthetic_programme_v0_3.py@0.3,20260812,True,72e0970c8a67b321ec2c11b05663125b69bca9e928c7c5979bad2115609e4b07
REF-0181,7,0.875,0.857272,0.933548,0.27391,17,2,0,3,DEVELOPMENT,SYNTHETIC_RESEARCH_FIXTURE,OG-SYNTH-0.3,B1-0.3,build_opus_synthetic_programme_v0_3.py@0.3,20260812,True,481c14d7cae1c7871bf2e483cbc8a9f008d5e67963e8db3375a3f21163ad320e
REF-0181,8,1.0,0.82215,0.880011,0.226069,11,1,1,2,DEVELOPMENT,SYNTHETIC_RESEARCH_FIXTURE,OG-SYNTH-0.3,B1-0.3,build_opus_synthetic_programme_v0_3.py@0.3,20260812,True,c34d81321dfc665ac589bf44f27ddd2549dca14926810f96c450324385ebb59f
REF-0182,1,0.125,0.975139,0.995854,0.16453,5,0,1,1,VALIDATION,SYNTHETIC_RESEARCH_FIXTURE,OG-SYNTH-0.3,B1-0.3,build_opus_synthetic_programme_v0_3.py@0.3,20260812,True,79790de8e58ff8671601da4a71af7422e40df7ab13d7678c57f62c48b0bf3843
REF-0182,2,0.25,1.013666,0.927609,0.228576,1,0,0,2,VALIDATION,SYNTHETIC_RESEARCH_FIXTURE,OG-SYNTH-0.3,B1-0.3,build_opus_synthetic_programme_v0_3.py@0.3,20260812,True,c8029f28d42363e51811c19a191122d3b37824995840e07ec2fd4a845ff1c217
REF-0182,3,0.375,0.903009,0.959432,0.146801,8,3,2,0,VALIDATION,SYNTHETIC_RESEARCH_FIXTURE,OG-SYNTH-0.3,B1-0.3,build_opus_synthetic_programme_v0_3.py@0.3,20260812,True,30b52c3a50739929bb53c3f83624877ef65a1ba5635491d0d4325a931fcaa7da
REF-0182,4,0.5,0.952357,0.946117,0.15049,7,2,4,2,VALIDATION,SYNTHETIC_RESEARCH_FIXTURE,OG-SYNTH-0.3,B1-0.3,build_opus_synthetic_programme_v0_3.py@0.3,20260812,True,59408efc42f646d3638f30edd6b3075983580d384b2b2d4d9af3f4be4d5ed1ee
REF-0182,5,0.625,0.916522,0.902823,0.204259,13,0,2,1,VALIDATION,SYNTHETIC_RESEARCH_FIXTURE,OG-SYNTH-0.3,B1-0.3,build_opus_synthetic_programme_v0_3.py@0.3,20260812,True,b1d65b5acd590973d731bf2d5297633acb8a710f27e50ce9054d6d6b770c790b
REF-0182,6,0.75,0.929414,0.933726,0.198886,8,4,1,2,VALIDATION,SYNTHETIC_RESEARCH_FIXTURE,OG-SYNTH-0.3,B1-0.3,build_opus_synthetic_programme_v0_3.py@0.3,20260812,True,ca62e7bf4d6f27478a7f8474dbbb578c4348cff2a6558d48441dd40ee1ce46c9
REF-0182,7,0.875,0.824721,0.924706,0.20168,17,6,5,3,VALIDATION,SYNTHETIC_RESEARCH_FIXTURE,OG-SYNTH-0.3,B1-0.3,build_opus_synthetic_programme_v0_3.py@0.3,20260812,True,c4973b5211948a62515676029ce9b9def93e9b6a6d555f4d2220563494e8e8f8
REF-0182,8,1.0,0.847083,0.886275,0.239183,14,2,5,3,VALIDATION,SYNTHETIC_RESEARCH_FIXTURE,OG-SYNTH-0.3,B1-0.3,build_opus_synthetic_programme_v0_3.py@0.3,20260812,True,b83b62ec7f10288fec845cfd6732c0cba0e563b96e3cb7ac60db36a1ea42268d
REF-0183,1,0.125,0.991866,1.020398,0.196866,4,3,1,0,DEVELOPMENT,SYNTHETIC_RESEARCH_FIXTURE,OG-SYNTH-0.3,B1-0.3,build_opus_synthetic_programme_v0_3.py@0.3,20260812,True,c592455347fd3b83aa52fc3ef0ec310af77039b47bb14ac5acb72209276b64ed
REF-0183,2,0.25,0.984876,0.964977,0.195193,7,2,3,2,DEVELOPMENT,SYNTHETIC_RESEARCH_FIXTURE,OG-SYNTH-0.3,B1-0.3,build_opus_synthetic_programme_v0_3.py@0.3,20260812,True,1a6879a8ca0c37cf4b53d4b76b98d05c73a2dd394e672b8712edb1619486d7c6
REF-0183,3,0.375,0.960465,0.924709,0.126542,8,2,1,3,DEVELOPMENT,SYNTHETIC_RESEARCH_FIXTURE,OG-SYNTH-0.3,B1-0.3,build_opus_synthetic_programme_v0_3.py@0.3,20260812,True,89bd489727ea0efe67fc0ca5ca161d6a994c1a5a27462a46d92a1b7faf821421
REF-0183,4,0.5,0.919803,0.875659,0.191591,6,4,1,1,DEVELOPMENT,SYNTHETIC_RESEARCH_FIXTURE,OG-SYNTH-0.3,B1-0.3,build_opus_synthetic_programme_v0_3.py@0.3,20260812,True,afe63acaa3579a1f5493f3e2b25c6ca45c84a52cb167599b521696758a5de310
REF-0183,5,0.625,0.951216,0.938295,0.237683,10,1,4,3,DEVELOPMENT,SYNTHETIC_RESEARCH_FIXTURE,OG-SYNTH-0.3,B1-0.3,build_opus_synthetic_programme_v0_3.py@0.3,20260812,True,1ad28581270c6052a183678ceda90c46d58f9909e3e828c14dcd7efbc2f9d018
REF-0183,6,0.75,0.919694,0.87812,0.243674,8,1,4,5,DEVELOPMENT,SYNTHETIC_RESEARCH_FIXTURE,OG-SYNTH-0.3,B1-0.3,build_opus_synthetic_programme_v0_3.py@0.3,20260812,True,dd6edf5528d5f509d578905e3e9ed80aed7a4e777d2860926de0969594db89bd
REF-0183,7,0.875,0.9379,0.858908,0.260027,17,5,2,5,DEVELOPMENT,SYNTHETIC_RESEARCH_FIXTURE,OG-SYNTH-0.3,B1-0.3,build_opus_synthetic_programme_v0_3.py@0.3,20260812,True,b0af04fa402b4a4fc77b80a5773400d387194ee98c6cc6e11e4f2987fbdc6ce6
REF-0183,8,1.0,0.878545,0.838122,0.282295,12,3,2,1,DEVELOPMENT,SYNTHETIC_RESEARCH_FIXTURE,OG-SYNTH-0.3,B1-0.3,build_opus_synthetic_programme_v0_3.py@0.3,20260812,True,e41d6f3245b6c7c50817b4a914cd1c49577021027dedb1f37b1912f9d60e2f0a
REF-0184,1,0.125,0.96094,0.979515,0.098399,2,0,1,2,VALIDATION,SYNTHETIC_RESEARCH_FIXTURE,OG-SYNTH-0.3,B1-0.3,build_opus_synthetic_programme_v0_3.py@0.3,20260812,True,02b679533b54e154b03bc36c646911434016bc1415bbd515e24f629c68898962
REF-0184,2,0.25,0.980318,1.000428,0.16473,5,1,2,1,VALIDATION,SYNTHETIC_RESEARCH_FIXTURE,OG-SYNTH-0.3,B1-0.3,build_opus_synthetic_programme_v0_3.py@0.3,20260812,True,0aa755eea9bfa700ccc667e0c952200ae6487182348e3494bd7a659fc592a157
REF-0184,3,0.375,0.932787,0.949835,0.205572,8,1,2,0,VALIDATION,SYNTHETIC_RESEARCH_FIXTURE,OG-SYNTH-0.3,B1-0.3,build_opus_synthetic_programme_v0_3.py@0.3,20260812,True,036176900d58c060a627e80390353cbc82edecb7d1cca5128d85ad192d80cbae
REF-0184,4,0.5,0.892523,0.911087,0.206001,6,1,1,1,VALIDATION,SYNTHETIC_RESEARCH_FIXTURE,OG-SYNTH-0.3,B1-0.3,build_opus_synthetic_programme_v0_3.py@0.3,20260812,True,1808f0f0fbc18eba7dadea98d784c481c5d76b8eaa680e39778f3c1e83f50df0
REF-0184,5,0.625,0.859002,0.876113,0.221084,6,2,3,1,VALIDATION,SYNTHETIC_RESEARCH_FIXTURE,OG-SYNTH-0.3,B1-0.3,build_opus_synthetic_programme_v0_3.py@0.3,20260812,True,1af3308e177d08d85fb5d0c3b14ce3af0d684cc9573247aa4f7a00e1572e637b
REF-0184,6,0.75,0.849345,0.899105,0.277975,8,3,2,2,VALIDATION,SYNTHETIC_RESEARCH_FIXTURE,OG-SYNTH-0.3,B1-0.3,build_opus_synthetic_programme_v0_3.py@0.3,20260812,True,03c5d1b7e86981d5958b6eeca60f4b4ff52c89524a026fd4c1a8335d52693534
REF-0184,7,0.875,0.811464,0.847155,0.225146,12,6,4,1,VALIDATION,SYNTHETIC_RESEARCH_FIXTURE,OG-SYNTH-0.3,B1-0.3,build_opus_synthetic_programme_v0_3.py@0.3,20260812,True,9e7f958ba9914558aee9a08d4d1beefb1f6d892c714711f5997a5d25a80964ee
REF-0184,8,1.0,0.790858,0.865132,0.271489,14,6,5,0,VALIDATION,SYNTHETIC_RESEARCH_FIXTURE,OG-SYNTH-0.3,B1-0.3,build_opus_synthetic_programme_v0_3.py@0.3,20260812,True,8caec4f880ddc873dc221f58399471f6b6645fcecb5e4ea5d7e72c8108c9763a
REF-0185,1,0.125,0.975026,1.012642,0.140702,7,1,2,0,LOCKED_HOLDOUT,SYNTHETIC_RESEARCH_FIXTURE,OG-SYNTH-0.3,B1-0.3,build_opus_synthetic_programme_v0_3.py@0.3,20260812,True,2bc4c06a715720c45ac78ee177388682ff2633399130670a3b3613dc9056dc5f
REF-0185,2,0.25,1.013185,0.938342,0.182832,5,2,0,1,LOCKED_HOLDOUT,SYNTHETIC_RESEARCH_FIXTURE,OG-SYNTH-0.3,B1-0.3,build_opus_synthetic_programme_v0_3.py@0.3,20260812,True,985a775e837db56e9d236d5dcfe1f6c619c81f7028fc0057d59fa2831e05c619
REF-0185,3,0.375,0.958418,0.947952,0.128151,5,1,3,0,LOCKED_HOLDOUT,SYNTHETIC_RESEARCH_FIXTURE,OG-SYNTH-0.3,B1-0.3,build_opus_synthetic_programme_v0_3.py@0.3,20260812,True,da20da270b0af044e36e85932fe210dcd10c8dbe46827e4cb1aa77ca3954832e
REF-0185,4,0.5,0.951087,0.969905,0.159218,9,0,4,1,LOCKED_HOLDOUT,SYNTHETIC_RESEARCH_FIXTURE,OG-SYNTH-0.3,B1-0.3,build_opus_synthetic_programme_v0_3.py@0.3,20260812,True,5b6d83513d41380cb3ba6fc2d8c3bcab3afd2f601367859d3a0bb74ee1ba4e0e
REF-0185,5,0.625,0.947794,0.938175,0.188748,11,0,1,1,LOCKED_HOLDOUT,SYNTHETIC_RESEARCH_FIXTURE,OG-SYNTH-0.3,B1-0.3,build_opus_synthetic_programme_v0_3.py@0.3,20260812,True,a8db56d121b1e8b69a8333a4e22e6072a91cfe474f733c68a9b6828da1ae1023
REF-0185,6,0.75,0.896714,0.92881,0.214895,4,1,3,1,LOCKED_HOLDOUT,SYNTHETIC_RESEARCH_FIXTURE,OG-SYNTH-0.3,B1-0.3,build_opus_synthetic_programme_v0_3.py@0.3,20260812,True,ee11ec4a33102538ec4ac36c6886b0301eb3cde5712855f4d50a3bdeab3552cf
REF-0185,7,0.875,0.86685,0.88533,0.176638,13,5,4,4,LOCKED_HOLDOUT,SYNTHETIC_RESEARCH_FIXTURE,OG-SYNTH-0.3,B1-0.3,build_opus_synthetic_programme_v0_3.py@0.3,20260812,True,65f257dee1a1f08a309ac9007135e056a541020a31077534724d9ff707ac9ed3
REF-0185,8,1.0,0.875671,0.862626,0.241335,12,1,0,1,LOCKED_HOLDOUT,SYNTHETIC_RESEARCH_FIXTURE,OG-SYNTH-0.3,B1-0.3,build_opus_synthetic_programme_v0_3.py@0.3,20260812,True,12c4743654c3518cf59ea76f1658b33798a80e3413339130b3d9dab501afaa74
REF-0186,1,0.125,0.969081,1.037881,0.114367,5,2,1,0,DEVELOPMENT,SYNTHETIC_RESEARCH_FIXTURE,OG-SYNTH-0.3,B1-0.3,build_opus_synthetic_programme_v0_3.py@0.3,20260812,True,e355a2a74ef426dfb88fa5da113d1d187b016d44c6d97be268fa70205c2bc5e1
REF-0186,2,0.25,0.95929,0.998492,0.173404,5,1,1,3,DEVELOPMENT,SYNTHETIC_RESEARCH_FIXTURE,OG-SYNTH-0.3,B1-0.3,build_opus_synthetic_programme_v0_3.py@0.3,20260812,True,5d9d6c75b7c51927ce74d1615c24ef0eb51bd46612ad5ec409e0e7dfaba18815
REF-0186,3,0.375,0.941897,0.922556,0.142279,3,2,3,2,DEVELOPMENT,SYNTHETIC_RESEARCH_FIXTURE,OG-SYNTH-0.3,B1-0.3,build_opus_synthetic_programme_v0_3.py@0.3,20260812,True,b73712afeafa9e6a9b2c98626ee956edc699d75ca60afb35aebd36bccdae7af9
REF-0186,4,0.5,0.95797,0.939677,0.235992,8,2,0,5,DEVELOPMENT,SYNTHETIC_RESEARCH_FIXTURE,OG-SYNTH-0.3,B1-0.3,build_opus_synthetic_programme_v0_3.py@0.3,20260812,True,44bf16d7cb430da5ae341623d015e7c4128badbb6b2b8ac28d735d45ef4e5e89
REF-0186,5,0.625,0.924779,0.936265,0.162725,7,2,1,1,DEVELOPMENT,SYNTHETIC_RESEARCH_FIXTURE,OG-SYNTH-0.3,B1-0.3,build_opus_synthetic_programme_v0_3.py@0.3,20260812,True,b5c439dd7f5498c77f7006fd9d1144b46e7c548c359cd934f70e9a91aa64e47b
REF-0186,6,0.75,0.881492,0.893615,0.26579,15,2,2,1,DEVELOPMENT,SYNTHETIC_RESEARCH_FIXTURE,OG-SYNTH-0.3,B1-0.3,build_opus_synthetic_programme_v0_3.py@0.3,20260812,True,c9faca50920b1e07100b04663c4f72c064a2c6a30d7037d47ef0aea09fbca8f4
REF-0186,7,0.875,0.919951,0.89704,0.230881,10,2,6,2,DEVELOPMENT,SYNTHETIC_RESEARCH_FIXTURE,OG-SYNTH-0.3,B1-0.3,build_opus_synthetic_programme_v0_3.py@0.3,20260812,True,42756dd005f89fd06ba0baa837d2a9734c72feaa19826514e696462cd8265135
REF-0186,8,1.0,0.85982,0.865345,0.258025,12,0,2,2,DEVELOPMENT,SYNTHETIC_RESEARCH_FIXTURE,OG-SYNTH-0.3,B1-0.3,build_opus_synthetic_programme_v0_3.py@0.3,20260812,True,50aa7541232f8043c7f11dce653ab324b3f6f149cd2ea8055c9e7e7b9c085b29
REF-0187,1,0.125,1.004195,1.040307,0.078032,3,3,1,1,DEVELOPMENT,SYNTHETIC_RESEARCH_FIXTURE,OG-SYNTH-0.3,B1-0.3,build_opus_synthetic_programme_v0_3.py@0.3,20260812,True,b94c6c2d61b877826183fdc91f4b6365e27ce1ef5a4fc40fe949023bd175ca08
REF-0187,2,0.25,0.953167,0.980089,0.154751,3,1,2,1,DEVELOPMENT,SYNTHETIC_RESEARCH_FIXTURE,OG-SYNTH-0.3,B1-0.3,build_opus_synthetic_programme_v0_3.py@0.3,20260812,True,bec244117e14f1b285ffb71f4a43630414316dd936aa6839b60bba100228e54c
REF-0187,3,0.375,0.95265,0.986679,0.158279,1,4,2,0,DEVELOPMENT,SYNTHETIC_RESEARCH_FIXTURE,OG-SYNTH-0.3,B1-0.3,build_opus_synthetic_programme_v0_3.py@0.3,20260812,True,8e7a6b9daa282bac09a3ec227c293d981b32e42fe6d065223d6a5b6b41184c37
REF-0187,4,0.5,0.898119,0.922101,0.22134,4,2,1,3,DEVELOPMENT,SYNTHETIC_RESEARCH_FIXTURE,OG-SYNTH-0.3,B1-0.3,build_opus_synthetic_programme_v0_3.py@0.3,20260812,True,0634dc020405dbaf2ab9a6a09f55bdee402855c0844894ae50839ebe777dfb32
REF-0187,5,0.625,0.909072,0.959907,0.137771,10,0,2,2,DEVELOPMENT,SYNTHETIC_RESEARCH_FIXTURE,OG-SYNTH-0.3,B1-0.3,build_opus_synthetic_programme_v0_3.py@0.3,20260812,True,39556c8a38904782db7fe656d9d4647d2d4b930bb5a5a1cda1db070b4dab08b6
REF-0187,6,0.75,0.885893,0.90293,0.234398,5,0,3,0,DEVELOPMENT,SYNTHETIC_RESEARCH_FIXTURE,OG-SYNTH-0.3,B1-0.3,build_opus_synthetic_programme_v0_3.py@0.3,20260812,True,de17ee41326cef66622a7adf5bf71ff2de45032f3de5e7c5e7c27b1d9868d83f
REF-0187,7,0.875,0.914586,0.912862,0.193222,9,5,2,1,DEVELOPMENT,SYNTHETIC_RESEARCH_FIXTURE,OG-SYNTH-0.3,B1-0.3,build_opus_synthetic_programme_v0_3.py@0.3,20260812,True,175fee31f0ebc6244354b94c481cd02341f3e684e8c19faea9e82a4a7905ac9a
REF-0187,8,1.0,0.87322,0.888962,0.14402,7,0,4,3,DEVELOPMENT,SYNTHETIC_RESEARCH_FIXTURE,OG-SYNTH-0.3,B1-0.3,build_opus_synthetic_programme_v0_3.py@0.3,20260812,True,97fd20876f0a15b91e847f783793bfa70a7f49ef1379d38e69942d9962ab98b0
REF-0188,1,0.125,0.991852,1.027415,0.193103,0,1,1,1,LOCKED_HOLDOUT,SYNTHETIC_RESEARCH_FIXTURE,OG-SYNTH-0.3,B1-0.3,build_opus_synthetic_programme_v0_3.py@0.3,20260812,True,c9a42f322f403c5de9976d562400dff5b3227299e217fc5e0e8666028e6f5d50
REF-0188,2,0.25,0.963998,1.009592,0.177141,2,1,3,1,LOCKED_HOLDOUT,SYNTHETIC_RESEARCH_FIXTURE,OG-SYNTH-0.3,B1-0.3,build_opus_synthetic_programme_v0_3.py@0.3,20260812,True,9ad03f65e1ae6a21690227650721a4159a6e36dfe9199704d7adcad7fd16f06a
REF-0188,3,0.375,0.984013,1.03276,0.179185,5,0,0,1,LOCKED_HOLDOUT,SYNTHETIC_RESEARCH_FIXTURE,OG-SYNTH-0.3,B1-0.3,build_opus_synthetic_programme_v0_3.py@0.3,20260812,True,ef8fcbc31986198283765ef373bf53be626f6ce9dda5c4370cf8e9339a80ccb8
REF-0188,4,0.5,0.989949,1.038354,0.180776,3,2,0,0,LOCKED_HOLDOUT,SYNTHETIC_RESEARCH_FIXTURE,OG-SYNTH-0.3,B1-0.3,build_opus_synthetic_programme_v0_3.py@0.3,20260812,True,2d673367339a68a16a7a560cb542e75e5ced143d5ab0e2bdcfd4dfca8eeba401
REF-0188,5,0.625,0.912733,0.970209,0.205442,5,3,0,1,LOCKED_HOLDOUT,SYNTHETIC_RESEARCH_FIXTURE,OG-SYNTH-0.3,B1-0.3,build_opus_synthetic_programme_v0_3.py@0.3,20260812,True,cf5d75dc8cfa68001d09246f1a293200a5887ddc1fcde97940ecf0360af631bd
REF-0188,6,0.75,0.888961,1.047483,0.170273,7,1,0,2,LOCKED_HOLDOUT,SYNTHETIC_RESEARCH_FIXTURE,OG-SYNTH-0.3,B1-0.3,build_opus_synthetic_programme_v0_3.py@0.3,20260812,True,1e1f4e993cdb65d56dd4e8a13b4015069df2cb5f1b4097f086fb2a0ce2c98d1f
REF-0188,7,0.875,0.929758,1.004514,0.188633,5,2,2,0,LOCKED_HOLDOUT,SYNTHETIC_RESEARCH_FIXTURE,OG-SYNTH-0.3,B1-0.3,build_opus_synthetic_programme_v0_3.py@0.3,20260812,True,bc2c542c3f609aab42b37dd90250c3589abea1c73aaa31ae6617fc2dc0858481
REF-0188,8,1.0,0.882133,1.022217,0.270646,8,2,5,1,LOCKED_HOLDOUT,SYNTHETIC_RESEARCH_FIXTURE,OG-SYNTH-0.3,B1-0.3,build_opus_synthetic_programme_v0_3.py@0.3,20260812,True,c1b4c90126d08d0c9f79ff6e77382c72f3b71c66edfc3ea2d91df2723129b11e
REF-0189,1,0.125,0.967594,0.939522,0.239959,10,2,1,1,LOCKED_HOLDOUT,SYNTHETIC_RESEARCH_FIXTURE,OG-SYNTH-0.3,B1-0.3,build_opus_synthetic_programme_v0_3.py@0.3,20260812,True,6c006220d52e70a79390e97cbd82c5c19be062a45b1ca20df03f629944d26d6c
REF-0189,2,0.25,0.915696,0.920857,0.143107,5,3,1,3,LOCKED_HOLDOUT,SYNTHETIC_RESEARCH_FIXTURE,OG-SYNTH-0.3,B1-0.3,build_opus_synthetic_programme_v0_3.py@0.3,20260812,True,bfe256db8597e1016ea0b817402461ab65b8c374a4075367d34521e9d24be55c
REF-0189,3,0.375,0.902863,0.877917,0.243348,4,0,1,0,LOCKED_HOLDOUT,SYNTHETIC_RESEARCH_FIXTURE,OG-SYNTH-0.3,B1-0.3,build_opus_synthetic_programme_v0_3.py@0.3,20260812,True,27b72bf19f6c9c02115fd176f4d6937714d3bd9198d77c58a61de93de7c473df
REF-0189,4,0.5,0.888345,0.842999,0.293986,7,5,3,2,LOCKED_HOLDOUT,SYNTHETIC_RESEARCH_FIXTURE,OG-SYNTH-0.3,B1-0.3,build_opus_synthetic_programme_v0_3.py@0.3,20260812,True,a8282e80728f2e04c9de6e48de898bdd2b5eb97f610906b696aa8fc0bfe1e110
REF-0189,5,0.625,0.846739,0.791712,0.284324,14,3,5,2,LOCKED_HOLDOUT,SYNTHETIC_RESEARCH_FIXTURE,OG-SYNTH-0.3,B1-0.3,build_opus_synthetic_programme_v0_3.py@0.3,20260812,True,e07e391023e801396769d176b0bcf3c75d3b4f909adafc4d122256221c574216
REF-0189,6,0.75,0.727049,0.754238,0.406145,11,3,5,2,LOCKED_HOLDOUT,SYNTHETIC_RESEARCH_FIXTURE,OG-SYNTH-0.3,B1-0.3,build_opus_synthetic_programme_v0_3.py@0.3,20260812,True,2ca038b1a2b37fbb49913d26b102f8ca90dd5930987e093910074da8dd788a2f
REF-0189,7,0.875,0.743875,0.669772,0.421895,13,4,5,7,LOCKED_HOLDOUT,SYNTHETIC_RESEARCH_FIXTURE,OG-SYNTH-0.3,B1-0.3,build_opus_synthetic_programme_v0_3.py@0.3,20260812,True,8568743c6c35f97bef52d97a174490482850212723bbd0198f3aa2e0dede8853
REF-0189,8,1.0,0.663148,0.683799,0.432859,7,3,2,4,LOCKED_HOLDOUT,SYNTHETIC_RESEARCH_FIXTURE,OG-SYNTH-0.3,B1-0.3,build_opus_synthetic_programme_v0_3.py@0.3,20260812,True,fa4568cf6ecc181305487e044a3cdd47c4c973ddf3e45644872c88981faa1c73
REF-0190,1,0.125,0.940469,1.006788,0.156111,4,1,2,2,LOCKED_HOLDOUT,SYNTHETIC_RESEARCH_FIXTURE,OG-SYNTH-0.3,B1-0.3,build_opus_synthetic_programme_v0_3.py@0.3,20260812,True,c5b11d7ff9acce153f3f9956d4b720ae34ee39e0bd4f2aa9b604938ec2ef174d
REF-0190,2,0.25,0.936107,0.973567,0.230534,3,5,0,1,LOCKED_HOLDOUT,SYNTHETIC_RESEARCH_FIXTURE,OG-SYNTH-0.3,B1-0.3,build_opus_synthetic_programme_v0_3.py@0.3,20260812,True,ee66ced79077680a53796f6329880697efbbe847f55750cb45ef378852f7ad9c
REF-0190,3,0.375,0.936519,0.946445,0.187351,5,2,1,0,LOCKED_HOLDOUT,SYNTHETIC_RESEARCH_FIXTURE,OG-SYNTH-0.3,B1-0.3,build_opus_synthetic_programme_v0_3.py@0.3,20260812,True,2e8b9f7269e84fd943e2513b4c936d6b3d2d043d111622d2196293b08cd796f7
REF-0190,4,0.5,0.883668,0.944481,0.182557,6,2,6,4,LOCKED_HOLDOUT,SYNTHETIC_RESEARCH_FIXTURE,OG-SYNTH-0.3,B1-0.3,build_opus_synthetic_programme_v0_3.py@0.3,20260812,True,5ead307437f8ab5a64c62eaae3acb469198ffd809f39a7e2fbaaff48db3c1743
REF-0190,5,0.625,0.847489,0.878851,0.247268,8,3,5,0,LOCKED_HOLDOUT,SYNTHETIC_RESEARCH_FIXTURE,OG-SYNTH-0.3,B1-0.3,build_opus_synthetic_programme_v0_3.py@0.3,20260812,True,545d4983c4e8b13cd81bce50272bcbe662ec9cd894ac5bc64a629f9ac4d38bcc
REF-0190,6,0.75,0.807618,0.879208,0.216006,11,3,2,0,LOCKED_HOLDOUT,SYNTHETIC_RESEARCH_FIXTURE,OG-SYNTH-0.3,B1-0.3,build_opus_synthetic_programme_v0_3.py@0.3,20260812,True,87f84b78e5f68918756e63b9f3081fcbd673a413faca1e1b6942de1dee6cd1c0
REF-0190,7,0.875,0.757918,0.919424,0.244368,8,10,6,2,LOCKED_HOLDOUT,SYNTHETIC_RESEARCH_FIXTURE,OG-SYNTH-0.3,B1-0.3,build_opus_synthetic_programme_v0_3.py@0.3,20260812,True,2e91857f7cf0b610396ea945797e486296d880109cb7c5bf565ff0e972ba3eff
REF-0190,8,1.0,0.786254,0.84002,0.262212,9,4,3,4,LOCKED_HOLDOUT,SYNTHETIC_RESEARCH_FIXTURE,OG-SYNTH-0.3,B1-0.3,build_opus_synthetic_programme_v0_3.py@0.3,20260812,True,743b894e2b9f0dbe77f4f8aa86ee75204babea590092540f1954f8c1e82c56fd
REF-0191,1,0.125,0.967661,1.00017,0.156589,3,1,2,3,DEVELOPMENT,SYNTHETIC_RESEARCH_FIXTURE,OG-SYNTH-0.3,B1-0.3,build_opus_synthetic_programme_v0_3.py@0.3,20260812,True,fab37a23fa807b18c9e34eea5efd9c416d94dc69b1eb36f014d2e7084f603252
REF-0191,2,0.25,0.967918,0.943064,0.155699,2,1,1,0,DEVELOPMENT,SYNTHETIC_RESEARCH_FIXTURE,OG-SYNTH-0.3,B1-0.3,build_opus_synthetic_programme_v0_3.py@0.3,20260812,True,f8e38ea271836e39b629176e864c2962ae3085ceae1c26f9db0b6ec1b710a63a
REF-0191,3,0.375,0.968585,0.935895,0.20732,4,4,3,0,DEVELOPMENT,SYNTHETIC_RESEARCH_FIXTURE,OG-SYNTH-0.3,B1-0.3,build_opus_synthetic_programme_v0_3.py@0.3,20260812,True,97462a7e894e13757a49a45085c8caad8dff3e4a709053174f93f9f414612c10
REF-0191,4,0.5,0.904984,0.954538,0.236728,5,3,2,4,DEVELOPMENT,SYNTHETIC_RESEARCH_FIXTURE,OG-SYNTH-0.3,B1-0.3,build_opus_synthetic_programme_v0_3.py@0.3,20260812,True,207bd2689ed225ac274927b675adfb2d73b30ad4748bae0c84df198af5f06c22
REF-0191,5,0.625,0.945634,0.931037,0.230516,3,4,0,2,DEVELOPMENT,SYNTHETIC_RESEARCH_FIXTURE,OG-SYNTH-0.3,B1-0.3,build_opus_synthetic_programme_v0_3.py@0.3,20260812,True,bc4ec7b950a1f14620ea32627f9bd05c1e9954cd4c8ac0038b68c18bcc8c5fa7
REF-0191,6,0.75,0.93659,0.919148,0.19296,7,4,1,2,DEVELOPMENT,SYNTHETIC_RESEARCH_FIXTURE,OG-SYNTH-0.3,B1-0.3,build_opus_synthetic_programme_v0_3.py@0.3,20260812,True,46b55faddeced45658e44b09a4ad666174bc13312e32acd286d74d21ea7390ff
REF-0191,7,0.875,0.907183,0.903014,0.286908,11,0,2,2,DEVELOPMENT,SYNTHETIC_RESEARCH_FIXTURE,OG-SYNTH-0.3,B1-0.3,build_opus_synthetic_programme_v0_3.py@0.3,20260812,True,9bf16683a860d464d2e07d6706073e54eda43a6904b1639b9898b5edb1063e3b
REF-0191,8,1.0,0.914434,0.911125,0.237267,6,4,2,1,DEVELOPMENT,SYNTHETIC_RESEARCH_FIXTURE,OG-SYNTH-0.3,B1-0.3,build_opus_synthetic_programme_v0_3.py@0.3,20260812,True,3c2a197129d497929d858bd3770baa8ba36ce70c2e8780453530731ef8ec2a14
REF-0192,1,0.125,0.999416,0.997697,0.222876,6,0,0,1,VALIDATION,SYNTHETIC_RESEARCH_FIXTURE,OG-SYNTH-0.3,B1-0.3,build_opus_synthetic_programme_v0_3.py@0.3,20260812,True,84a9d7e718d28c7ff6826e5ef1e155b8e87365e0902321ee2cd3f7d1896c2589
REF-0192,2,0.25,0.965082,0.972639,0.224495,7,3,5,1,VALIDATION,SYNTHETIC_RESEARCH_FIXTURE,OG-SYNTH-0.3,B1-0.3,build_opus_synthetic_programme_v0_3.py@0.3,20260812,True,6caf6ba05033996dcaa54d0c93441e5f1676fbacb0b2e6d603cd5623fa663ada
REF-0192,3,0.375,0.881517,0.949451,0.158663,4,2,2,1,VALIDATION,SYNTHETIC_RESEARCH_FIXTURE,OG-SYNTH-0.3,B1-0.3,build_opus_synthetic_programme_v0_3.py@0.3,20260812,True,825c04ac5ed75361c93147d346f84f8da0e7bb2ff1287ba6ba1508818244e167
REF-0192,4,0.5,0.8978,0.947146,0.176837,7,1,6,3,VALIDATION,SYNTHETIC_RESEARCH_FIXTURE,OG-SYNTH-0.3,B1-0.3,build_opus_synthetic_programme_v0_3.py@0.3,20260812,True,5df8b29adbc7cc5de434dd5298455bc2c9360a6022f1a8fd2a7897d45bf4c663
REF-0192,5,0.625,0.867661,0.895956,0.220602,6,1,2,4,VALIDATION,SYNTHETIC_RESEARCH_FIXTURE,OG-SYNTH-0.3,B1-0.3,build_opus_synthetic_programme_v0_3.py@0.3,20260812,True,e38aa1e98e3b66c3e5a679b59ee3de00e49b8d0c8214b1c268c607a6706051d6
REF-0192,6,0.75,0.836709,0.898554,0.215645,15,3,1,2,VALIDATION,SYNTHETIC_RESEARCH_FIXTURE,OG-SYNTH-0.3,B1-0.3,build_opus_synthetic_programme_v0_3.py@0.3,20260812,True,7b4b67e90459d47be56af9259bb65e64cc4dd69e42b6dc2ad9527e907f186aa3
REF-0192,7,0.875,0.816043,0.886448,0.250891,19,2,6,2,VALIDATION,SYNTHETIC_RESEARCH_FIXTURE,OG-SYNTH-0.3,B1-0.3,build_opus_synthetic_programme_v0_3.py@0.3,20260812,True,8beaeb1602107026fab70b5f2e12182bc0095e208ce864e02f5d7b0521ca9c9f
REF-0192,8,1.0,0.777843,0.859855,0.265937,13,3,7,2,VALIDATION,SYNTHETIC_RESEARCH_FIXTURE,OG-SYNTH-0.3,B1-0.3,build_opus_synthetic_programme_v0_3.py@0.3,20260812,True,c1afba719162a53adbc9d026ac28f77b39bd765a4a024f4ec90638cce674bea0
REF-0193,1,0.125,0.971022,0.972143,0.17156,4,0,2,0,DEVELOPMENT,SYNTHETIC_RESEARCH_FIXTURE,OG-SYNTH-0.3,B1-0.3,build_opus_synthetic_programme_v0_3.py@0.3,20260812,True,f2e4751b13b71db72f610eab3db541eba6f14d8ba92f12ced3d665ecb377a27a
REF-0193,2,0.25,0.962076,0.911429,0.222353,11,2,3,2,DEVELOPMENT,SYNTHETIC_RESEARCH_FIXTURE,OG-SYNTH-0.3,B1-0.3,build_opus_synthetic_programme_v0_3.py@0.3,20260812,True,9b16d30fb03b454eed02bfa620694b363cd87a66d7b7ce12dd8437c195d6bfeb
REF-0193,3,0.375,0.924013,0.968902,0.264182,7,0,1,4,DEVELOPMENT,SYNTHETIC_RESEARCH_FIXTURE,OG-SYNTH-0.3,B1-0.3,build_opus_synthetic_programme_v0_3.py@0.3,20260812,True,e49ff3df5c0523ec322d498626fa4a4573661359a395c19edddaf5297ba948b2
REF-0193,4,0.5,0.911358,0.883521,0.178861,9,2,2,5,DEVELOPMENT,SYNTHETIC_RESEARCH_FIXTURE,OG-SYNTH-0.3,B1-0.3,build_opus_synthetic_programme_v0_3.py@0.3,20260812,True,222c2c38ec04ad6e470c148feb219788f954d8b81dde62a1ebb082a683c9070b
REF-0193,5,0.625,0.887933,0.832555,0.260473,10,4,6,2,DEVELOPMENT,SYNTHETIC_RESEARCH_FIXTURE,OG-SYNTH-0.3,B1-0.3,build_opus_synthetic_programme_v0_3.py@0.3,20260812,True,81e32a89a22c6aa2215d98d778c73deca5d7d3a47be4850bf81d980ee075e65e
REF-0193,6,0.75,0.895539,0.813103,0.266952,19,0,4,5,DEVELOPMENT,SYNTHETIC_RESEARCH_FIXTURE,OG-SYNTH-0.3,B1-0.3,build_opus_synthetic_programme_v0_3.py@0.3,20260812,True,0f2d35b8c70bb649897bdba785446a5da96b6f97b40ef4265a31387975d84367
REF-0193,7,0.875,0.860296,0.804238,0.231015,34,3,4,0,DEVELOPMENT,SYNTHETIC_RESEARCH_FIXTURE,OG-SYNTH-0.3,B1-0.3,build_opus_synthetic_programme_v0_3.py@0.3,20260812,True,617b71d217c46d396dd950d11c974fc6e3a57f2ef16eb8fa0c789ce035b3db3d
REF-0193,8,1.0,0.839051,0.764352,0.314346,22,3,4,8,DEVELOPMENT,SYNTHETIC_RESEARCH_FIXTURE,OG-SYNTH-0.3,B1-0.3,build_opus_synthetic_programme_v0_3.py@0.3,20260812,True,59a48112750c9784fe0fd08f422836da147db8dc2ad56977fae915e1d28dd0fc
REF-0194,1,0.125,1.032734,0.976613,0.138641,4,0,0,1,LOCKED_HOLDOUT,SYNTHETIC_RESEARCH_FIXTURE,OG-SYNTH-0.3,B1-0.3,build_opus_synthetic_programme_v0_3.py@0.3,20260812,True,eb79083ea17cfab2484fa983badc056e5f57629949e09acfb94899ab2e87979c
REF-0194,2,0.25,0.942636,0.941779,0.153742,5,0,0,2,LOCKED_HOLDOUT,SYNTHETIC_RESEARCH_FIXTURE,OG-SYNTH-0.3,B1-0.3,build_opus_synthetic_programme_v0_3.py@0.3,20260812,True,94cd01ecd5d9d4a78fb1f10b873977b56079c3fa3726d64fabe078564e89ee1b
REF-0194,3,0.375,0.947556,0.97195,0.239713,10,1,4,3,LOCKED_HOLDOUT,SYNTHETIC_RESEARCH_FIXTURE,OG-SYNTH-0.3,B1-0.3,build_opus_synthetic_programme_v0_3.py@0.3,20260812,True,d80d0a06b4b787388708eac1caef783ed07613277a8a4e02a170bf60ee509b26
REF-0194,4,0.5,0.926589,0.951824,0.259303,9,2,4,2,LOCKED_HOLDOUT,SYNTHETIC_RESEARCH_FIXTURE,OG-SYNTH-0.3,B1-0.3,build_opus_synthetic_programme_v0_3.py@0.3,20260812,True,b206e3922af299d9977fd6d723beb6ba8aaea31d771182c66a6a631b28f12a75
REF-0194,5,0.625,0.874365,0.894746,0.226236,18,3,4,5,LOCKED_HOLDOUT,SYNTHETIC_RESEARCH_FIXTURE,OG-SYNTH-0.3,B1-0.3,build_opus_synthetic_programme_v0_3.py@0.3,20260812,True,461070004a62d3a1cf4c4066ead7da01ced32d8b697450fb42db9034f751d9c8
REF-0194,6,0.75,0.867644,0.900458,0.201765,12,1,6,2,LOCKED_HOLDOUT,SYNTHETIC_RESEARCH_FIXTURE,OG-SYNTH-0.3,B1-0.3,build_opus_synthetic_programme_v0_3.py@0.3,20260812,True,0c0ab8518167a13ed4bab721359b34a7291880a6fccec94287d64438ac62f6b7
REF-0194,7,0.875,0.819438,0.86185,0.250518,17,2,8,1,LOCKED_HOLDOUT,SYNTHETIC_RESEARCH_FIXTURE,OG-SYNTH-0.3,B1-0.3,build_opus_synthetic_programme_v0_3.py@0.3,20260812,True,cdc7dc8576eb4c67b2cff0d8aab478110ae48e221cd1c5278ea808e608aa3401
REF-0194,8,1.0,0.801119,0.83296,0.316237,16,6,7,4,LOCKED_HOLDOUT,SYNTHETIC_RESEARCH_FIXTURE,OG-SYNTH-0.3,B1-0.3,build_opus_synthetic_programme_v0_3.py@0.3,20260812,True,3c39adc0a3162c93395f17cb1f803c2b73d0117582296141aea2a18bffcdc813
REF-0195,1,0.125,0.924554,0.941422,0.150239,4,2,0,0,DEVELOPMENT,SYNTHETIC_RESEARCH_FIXTURE,OG-SYNTH-0.3,B1-0.3,build_opus_synthetic_programme_v0_3.py@0.3,20260812,True,20673133c488732205e54eec23a2c6c0189e59218e71e0e9b94d8cccfc7725a8
REF-0195,2,0.25,0.858114,0.899139,0.18769,1,0,0,1,DEVELOPMENT,SYNTHETIC_RESEARCH_FIXTURE,OG-SYNTH-0.3,B1-0.3,build_opus_synthetic_programme_v0_3.py@0.3,20260812,True,adfb9bdffc43ce4604acf774afccba58acec3926692bb2389b100f0c17868019
REF-0195,3,0.375,0.81014,0.885184,0.325052,4,4,1,4,DEVELOPMENT,SYNTHETIC_RESEARCH_FIXTURE,OG-SYNTH-0.3,B1-0.3,build_opus_synthetic_programme_v0_3.py@0.3,20260812,True,f78e86655a83e9f884dd95935b3d82697746cd928722f3e9fb59d827c01f75c3
REF-0195,4,0.5,0.780786,0.810393,0.346858,3,3,0,4,DEVELOPMENT,SYNTHETIC_RESEARCH_FIXTURE,OG-SYNTH-0.3,B1-0.3,build_opus_synthetic_programme_v0_3.py@0.3,20260812,True,5e18392a0721ef0a3caa30f113765414d54943852a70857392b198dcca3e441e
REF-0195,5,0.625,0.701031,0.749658,0.434152,2,4,3,7,DEVELOPMENT,SYNTHETIC_RESEARCH_FIXTURE,OG-SYNTH-0.3,B1-0.3,build_opus_synthetic_programme_v0_3.py@0.3,20260812,True,38ca2eba7d669c67b804bfdba612367a410d6b4cdbb21e281430968e0f085c9b
REF-0195,6,0.75,0.652347,0.727686,0.513816,8,5,2,5,DEVELOPMENT,SYNTHETIC_RESEARCH_FIXTURE,OG-SYNTH-0.3,B1-0.3,build_opus_synthetic_programme_v0_3.py@0.3,20260812,True,ba32cef46eea0bc0517860a4e6ad9407b11ef79b72521c1a31c60db5a5416ed6
REF-0195,7,0.875,0.580186,0.640414,0.487174,7,6,0,5,DEVELOPMENT,SYNTHETIC_RESEARCH_FIXTURE,OG-SYNTH-0.3,B1-0.3,build_opus_synthetic_programme_v0_3.py@0.3,20260812,True,547cae00e428dc921444c1fee5180582dfbea3e72de5065c75ea435479a87543
REF-0195,8,1.0,0.54926,0.643309,0.530434,6,11,1,6,DEVELOPMENT,SYNTHETIC_RESEARCH_FIXTURE,OG-SYNTH-0.3,B1-0.3,build_opus_synthetic_programme_v0_3.py@0.3,20260812,True,9cf0a6d922c98270daedd7f8879dc07ed38e45cf73a01431e360fac09703f3f1
REF-0196,1,0.125,0.930318,0.994728,0.173329,3,1,0,0,DEVELOPMENT,SYNTHETIC_RESEARCH_FIXTURE,OG-SYNTH-0.3,B1-0.3,build_opus_synthetic_programme_v0_3.py@0.3,20260812,True,a26b2aa79ab8e0e717f27bd0b69853a9eba36c1895d8d4c1a6934e7a3fdfc734
REF-0196,2,0.25,0.959418,0.941526,0.160592,5,2,0,1,DEVELOPMENT,SYNTHETIC_RESEARCH_FIXTURE,OG-SYNTH-0.3,B1-0.3,build_opus_synthetic_programme_v0_3.py@0.3,20260812,True,bca6c28badd29979f0c31bfdcf0481e7348b0f5f17f8aed570b4fa8338c2f3f4
REF-0196,3,0.375,0.91943,0.922267,0.228684,4,0,2,1,DEVELOPMENT,SYNTHETIC_RESEARCH_FIXTURE,OG-SYNTH-0.3,B1-0.3,build_opus_synthetic_programme_v0_3.py@0.3,20260812,True,1707be9882a4f5970f877b00c83397d6066637c4f2c8c0a276e83edc7e17b759
REF-0196,4,0.5,0.900294,0.922005,0.161337,3,2,0,0,DEVELOPMENT,SYNTHETIC_RESEARCH_FIXTURE,OG-SYNTH-0.3,B1-0.3,build_opus_synthetic_programme_v0_3.py@0.3,20260812,True,204f2368da1a01f8b5aec934bf0938cb694da607cf44c7842c8a2a00aa413dc8
REF-0196,5,0.625,0.92494,0.920243,0.237709,3,2,4,1,DEVELOPMENT,SYNTHETIC_RESEARCH_FIXTURE,OG-SYNTH-0.3,B1-0.3,build_opus_synthetic_programme_v0_3.py@0.3,20260812,True,d22b351c13440fe7da993d9dd0986f660f2654422e6247916ab23e8274176e13
REF-0196,6,0.75,0.861057,0.869365,0.205563,6,5,4,1,DEVELOPMENT,SYNTHETIC_RESEARCH_FIXTURE,OG-SYNTH-0.3,B1-0.3,build_opus_synthetic_programme_v0_3.py@0.3,20260812,True,ff9832e43c50d26ae2e96c9c04da805e3092ddbb1b912a2871d373687649a23d
REF-0196,7,0.875,0.841505,0.865627,0.220995,4,1,3,0,DEVELOPMENT,SYNTHETIC_RESEARCH_FIXTURE,OG-SYNTH-0.3,B1-0.3,build_opus_synthetic_programme_v0_3.py@0.3,20260812,True,dffa9e4ba8de1228aaf71ed409c77b377c2a2c66e92edcda495b6a45720c4c14
REF-0196,8,1.0,0.852401,0.911893,0.300472,11,5,3,4,DEVELOPMENT,SYNTHETIC_RESEARCH_FIXTURE,OG-SYNTH-0.3,B1-0.3,build_opus_synthetic_programme_v0_3.py@0.3,20260812,True,09985d43fc31dd0eddad7fd7038fc227e3186143b543b9c1588a56a30f24c8b0
REF-0197,1,0.125,0.962535,0.955984,0.125493,0,3,3,0,DEVELOPMENT,SYNTHETIC_RESEARCH_FIXTURE,OG-SYNTH-0.3,B1-0.3,build_opus_synthetic_programme_v0_3.py@0.3,20260812,True,fa963f4febc9d48416348957e69323cef0e75a6ccd2b705e5ac968a84b2b30a7
REF-0197,2,0.25,0.920794,0.982244,0.218295,1,1,0,1,DEVELOPMENT,SYNTHETIC_RESEARCH_FIXTURE,OG-SYNTH-0.3,B1-0.3,build_opus_synthetic_programme_v0_3.py@0.3,20260812,True,02205ab2fd48155f63adb920f9b585222a17611f663e399309a1f37a4cd9b94e
REF-0197,3,0.375,0.953295,0.912477,0.154077,5,3,3,1,DEVELOPMENT,SYNTHETIC_RESEARCH_FIXTURE,OG-SYNTH-0.3,B1-0.3,build_opus_synthetic_programme_v0_3.py@0.3,20260812,True,bc1f01639d67712a54df26284e19bf2098d185d57e6d8974d2e8af062adf0183
REF-0197,4,0.5,0.877709,0.985052,0.285095,7,0,3,0,DEVELOPMENT,SYNTHETIC_RESEARCH_FIXTURE,OG-SYNTH-0.3,B1-0.3,build_opus_synthetic_programme_v0_3.py@0.3,20260812,True,688dd00dc5b043acb52b58dd90de4eaf6a716ca8306bcfd06c4c5d5210c860f2
REF-0197,5,0.625,0.903194,0.947008,0.219253,11,2,0,0,DEVELOPMENT,SYNTHETIC_RESEARCH_FIXTURE,OG-SYNTH-0.3,B1-0.3,build_opus_synthetic_programme_v0_3.py@0.3,20260812,True,01eac235acf723e1064ece86c4628dab22265e61394d7dea02182a4415adc772
REF-0197,6,0.75,0.946839,0.880392,0.21019,5,3,1,1,DEVELOPMENT,SYNTHETIC_RESEARCH_FIXTURE,OG-SYNTH-0.3,B1-0.3,build_opus_synthetic_programme_v0_3.py@0.3,20260812,True,d0cf2e122620683f4f1f5eab09806bc3318d7f42b6a1f8579fb44bf5b64c65bc
REF-0197,7,0.875,0.880496,0.904436,0.212466,9,0,3,3,DEVELOPMENT,SYNTHETIC_RESEARCH_FIXTURE,OG-SYNTH-0.3,B1-0.3,build_opus_synthetic_programme_v0_3.py@0.3,20260812,True,90efd21ca63cc906a765c13a5f205e1b221db13e76e30899915039accb6f06a1
REF-0197,8,1.0,0.849329,0.865105,0.321626,5,4,2,3,DEVELOPMENT,SYNTHETIC_RESEARCH_FIXTURE,OG-SYNTH-0.3,B1-0.3,build_opus_synthetic_programme_v0_3.py@0.3,20260812,True,fffe4fef80321e441b7634e58830ba5ac97cb43864775a37d4ae4501fe8f14f3
REF-0198,1,0.125,0.93864,0.941387,0.203456,2,0,4,1,DEVELOPMENT,SYNTHETIC_RESEARCH_FIXTURE,OG-SYNTH-0.3,B1-0.3,build_opus_synthetic_programme_v0_3.py@0.3,20260812,True,1dcd2e38bbae885fdc664e11063db45b9b3d6f46203d12b59bb3404a1b88ce26
REF-0198,2,0.25,0.906842,0.933885,0.187782,9,3,2,0,DEVELOPMENT,SYNTHETIC_RESEARCH_FIXTURE,OG-SYNTH-0.3,B1-0.3,build_opus_synthetic_programme_v0_3.py@0.3,20260812,True,100f668f53dd579f1aa486cf999ab6916cb8e49888df96fb6d5346a4e36f1b3a
REF-0198,3,0.375,0.92373,0.905111,0.215686,11,0,1,2,DEVELOPMENT,SYNTHETIC_RESEARCH_FIXTURE,OG-SYNTH-0.3,B1-0.3,build_opus_synthetic_programme_v0_3.py@0.3,20260812,True,f19a9a574c4feb58512e04bb7dd6eb11c1c5ba56d9681700ba0d71a368a8ef38
REF-0198,4,0.5,0.868699,0.913708,0.227481,14,0,6,2,DEVELOPMENT,SYNTHETIC_RESEARCH_FIXTURE,OG-SYNTH-0.3,B1-0.3,build_opus_synthetic_programme_v0_3.py@0.3,20260812,True,0015539682641ea2a5523713923ede33b9fa23b5969394b8a28fdb3714e9807e
REF-0198,5,0.625,0.851696,0.86715,0.247467,8,2,2,3,DEVELOPMENT,SYNTHETIC_RESEARCH_FIXTURE,OG-SYNTH-0.3,B1-0.3,build_opus_synthetic_programme_v0_3.py@0.3,20260812,True,6f6e3fdfe15bc4839224a453820275820b9c889980b022c32062f6572da10b6d
REF-0198,6,0.75,0.847893,0.812613,0.263618,13,2,4,1,DEVELOPMENT,SYNTHETIC_RESEARCH_FIXTURE,OG-SYNTH-0.3,B1-0.3,build_opus_synthetic_programme_v0_3.py@0.3,20260812,True,d6bddf5ea798e41c9ca46079b9637e322fc6b6591f7327ae742efce58772a4f6
REF-0198,7,0.875,0.835876,0.766114,0.283742,13,1,4,2,DEVELOPMENT,SYNTHETIC_RESEARCH_FIXTURE,OG-SYNTH-0.3,B1-0.3,build_opus_synthetic_programme_v0_3.py@0.3,20260812,True,69b3c5f320b23db995f9e58ba9b08aee02152214c4173da430918af9d79da24d
REF-0198,8,1.0,0.753673,0.797479,0.281625,15,4,6,2,DEVELOPMENT,SYNTHETIC_RESEARCH_FIXTURE,OG-SYNTH-0.3,B1-0.3,build_opus_synthetic_programme_v0_3.py@0.3,20260812,True,5b9f9b4d95cdf0161b80d477a75cf9f71814b890870c60b9e16fa55092de0d84
REF-0199,1,0.125,0.969011,1.040098,0.170424,0,1,1,1,DEVELOPMENT,SYNTHETIC_RESEARCH_FIXTURE,OG-SYNTH-0.3,B1-0.3,build_opus_synthetic_programme_v0_3.py@0.3,20260812,True,e54fbb0ec52844befeb09135ebdeb2764e22b41734291a5c45961f17558e73f8
REF-0199,2,0.25,0.964155,1.00143,0.120248,1,1,3,0,DEVELOPMENT,SYNTHETIC_RESEARCH_FIXTURE,OG-SYNTH-0.3,B1-0.3,build_opus_synthetic_programme_v0_3.py@0.3,20260812,True,b8af086637706d2434ed0fd3523d4dde0f08697673871d61b2b1940f61b329f1
REF-0199,3,0.375,0.994365,0.986578,0.117157,7,1,4,3,DEVELOPMENT,SYNTHETIC_RESEARCH_FIXTURE,OG-SYNTH-0.3,B1-0.3,build_opus_synthetic_programme_v0_3.py@0.3,20260812,True,2ab11c1540a79be888fe5d3152fde131c9263ba8685636f6662ba7a893aadca6
REF-0199,4,0.5,0.995465,1.002204,0.097935,2,2,3,0,DEVELOPMENT,SYNTHETIC_RESEARCH_FIXTURE,OG-SYNTH-0.3,B1-0.3,build_opus_synthetic_programme_v0_3.py@0.3,20260812,True,ec94400ab8cbede8d5014339708ebf631b232b76b68e62485dcd398d03c5769c
REF-0199,5,0.625,0.934448,0.985391,0.164627,7,2,4,1,DEVELOPMENT,SYNTHETIC_RESEARCH_FIXTURE,OG-SYNTH-0.3,B1-0.3,build_opus_synthetic_programme_v0_3.py@0.3,20260812,True,9689cf01e5c3abf468733c90c7678484aef4019f7d5521d28fa033eabab346a9
REF-0199,6,0.75,0.904562,0.990478,0.211683,12,2,3,0,DEVELOPMENT,SYNTHETIC_RESEARCH_FIXTURE,OG-SYNTH-0.3,B1-0.3,build_opus_synthetic_programme_v0_3.py@0.3,20260812,True,e31a5fd28da01a0830c1b4b42ada74cac3887d40eb142c3e540ed141320a3a56
REF-0199,7,0.875,0.926984,1.002677,0.205373,11,4,1,0,DEVELOPMENT,SYNTHETIC_RESEARCH_FIXTURE,OG-SYNTH-0.3,B1-0.3,build_opus_synthetic_programme_v0_3.py@0.3,20260812,True,04c5f39083f775ef4a517857290f48e306905466af8a2903587806d4086f0a59
REF-0199,8,1.0,0.907493,0.969569,0.21505,6,0,4,2,DEVELOPMENT,SYNTHETIC_RESEARCH_FIXTURE,OG-SYNTH-0.3,B1-0.3,build_opus_synthetic_programme_v0_3.py@0.3,20260812,True,842f5671d67935f03d0db8cac246643c5b94d1a605d7b55ede3eb777f2f8c17a
REF-0200,1,0.125,0.957133,0.96622,0.150191,1,1,3,2,DEVELOPMENT,SYNTHETIC_RESEARCH_FIXTURE,OG-SYNTH-0.3,B1-0.3,build_opus_synthetic_programme_v0_3.py@0.3,20260812,True,e6d07d3324a4e79f818207235448fea715075ac09e7554e4d90c08bed1228560
REF-0200,2,0.25,1.03192,0.94551,0.140971,2,1,0,2,DEVELOPMENT,SYNTHETIC_RESEARCH_FIXTURE,OG-SYNTH-0.3,B1-0.3,build_opus_synthetic_programme_v0_3.py@0.3,20260812,True,7fc52315ec4465e2c089eae7d5368333370e35ad9539a5d8eed59fcc866bbadf
REF-0200,3,0.375,0.930191,1.037584,0.216991,3,0,2,4,DEVELOPMENT,SYNTHETIC_RESEARCH_FIXTURE,OG-SYNTH-0.3,B1-0.3,build_opus_synthetic_programme_v0_3.py@0.3,20260812,True,1b2cee7e974037638a34edcdee84432a0cdd8c169fa3758f778670c8da67bbe8
REF-0200,4,0.5,0.971986,0.923311,0.226212,7,3,2,2,DEVELOPMENT,SYNTHETIC_RESEARCH_FIXTURE,OG-SYNTH-0.3,B1-0.3,build_opus_synthetic_programme_v0_3.py@0.3,20260812,True,94408b02c373647c35257c180b21c55b206bc97d3abceed4f53042fbe031504e
REF-0200,5,0.625,0.986888,0.93239,0.277331,6,2,2,1,DEVELOPMENT,SYNTHETIC_RESEARCH_FIXTURE,OG-SYNTH-0.3,B1-0.3,build_opus_synthetic_programme_v0_3.py@0.3,20260812,True,a10d8c8b681a68e56b22cac0d1b8d88205783fd23ff1a773b78fdac0fd4d4803
REF-0200,6,0.75,0.965943,0.876214,0.214749,3,2,4,2,DEVELOPMENT,SYNTHETIC_RESEARCH_FIXTURE,OG-SYNTH-0.3,B1-0.3,build_opus_synthetic_programme_v0_3.py@0.3,20260812,True,5a05a4f9c6479171804c0ba6c54e698f6e565be034eb91d8636cd6b7e462499a
REF-0200,7,0.875,0.91599,0.843913,0.154175,5,0,2,1,DEVELOPMENT,SYNTHETIC_RESEARCH_FIXTURE,OG-SYNTH-0.3,B1-0.3,build_opus_synthetic_programme_v0_3.py@0.3,20260812,True,933428d7befb3d73b586ef06b62cb02ab61507d03b9a6ff68e3371fa2dec4a79
REF-0200,8,1.0,0.962726,0.835693,0.279018,3,0,1,2,DEVELOPMENT,SYNTHETIC_RESEARCH_FIXTURE,OG-SYNTH-0.3,B1-0.3,build_opus_synthetic_programme_v0_3.py@0.3,20260812,True,3a97e348dd067b61ec2d97f37e4fd6fd6851de9444eb42c6ac347867d492a448
REF-0201,1,0.125,0.940345,0.995404,0.183386,4,1,2,0,DEVELOPMENT,SYNTHETIC_RESEARCH_FIXTURE,OG-SYNTH-0.3,B1-0.3,build_opus_synthetic_programme_v0_3.py@0.3,20260812,True,79f28ae9a6979d1b8a9ed798137f46c06a3d562bf98f4afbad04734feac3e755
REF-0201,2,0.25,0.943149,1.007639,0.218278,7,1,1,2,DEVELOPMENT,SYNTHETIC_RESEARCH_FIXTURE,OG-SYNTH-0.3,B1-0.3,build_opus_synthetic_programme_v0_3.py@0.3,20260812,True,70a9a0b2b07857ccf00e4cacf35e4ff2618640e3ca69328c040ef0ed45167013
REF-0201,3,0.375,0.924955,0.921455,0.234785,4,0,0,3,DEVELOPMENT,SYNTHETIC_RESEARCH_FIXTURE,OG-SYNTH-0.3,B1-0.3,build_opus_synthetic_programme_v0_3.py@0.3,20260812,True,3913c2c2fb8a7133b12bea491e35edca22ff3e54210969e2f5b41e590c48dd57
REF-0201,4,0.5,0.895265,0.987394,0.29303,8,3,6,0,DEVELOPMENT,SYNTHETIC_RESEARCH_FIXTURE,OG-SYNTH-0.3,B1-0.3,build_opus_synthetic_programme_v0_3.py@0.3,20260812,True,1788d8a7e4f3c2f1bef3636a72f1487e66ac3d5d3f3332b9cecb5502caca81ca
REF-0201,5,0.625,0.857119,0.934525,0.295189,6,3,4,1,DEVELOPMENT,SYNTHETIC_RESEARCH_FIXTURE,OG-SYNTH-0.3,B1-0.3,build_opus_synthetic_programme_v0_3.py@0.3,20260812,True,3c1e5ea49b0d1748be68a86af0edd31ff72876b4b3add006fbb0d12d4b27c7de
REF-0201,6,0.75,0.867247,0.921875,0.25633,14,7,5,2,DEVELOPMENT,SYNTHETIC_RESEARCH_FIXTURE,OG-SYNTH-0.3,B1-0.3,build_opus_synthetic_programme_v0_3.py@0.3,20260812,True,58434050cd22733f7f76dcd751cdbaa12c8422d1c50be58dd1d3b2aba2312566
REF-0201,7,0.875,0.826379,0.907435,0.308129,13,1,2,3,DEVELOPMENT,SYNTHETIC_RESEARCH_FIXTURE,OG-SYNTH-0.3,B1-0.3,build_opus_synthetic_programme_v0_3.py@0.3,20260812,True,b00ab6cfae6a63453274eab45018714a0d22a6bcd4c2986188089c8a68bdc5e7
REF-0201,8,1.0,0.763566,0.885655,0.337713,15,1,6,1,DEVELOPMENT,SYNTHETIC_RESEARCH_FIXTURE,OG-SYNTH-0.3,B1-0.3,build_opus_synthetic_programme_v0_3.py@0.3,20260812,True,16e5b51a56f30209eeba1edf964e344870f40c312d9799c5503ec6ca7389c561
REF-0202,1,0.125,0.967807,0.99326,0.156326,2,1,3,1,LOCKED_HOLDOUT,SYNTHETIC_RESEARCH_FIXTURE,OG-SYNTH-0.3,B1-0.3,build_opus_synthetic_programme_v0_3.py@0.3,20260812,True,ffee750d13573162075e688c67992277066c0711f8e3d99cf0db8bfee9157003
REF-0202,2,0.25,0.993028,0.937175,0.076697,4,0,1,1,LOCKED_HOLDOUT,SYNTHETIC_RESEARCH_FIXTURE,OG-SYNTH-0.3,B1-0.3,build_opus_synthetic_programme_v0_3.py@0.3,20260812,True,a7529709a9266c067658ce1a8159668f0d90cf83134f0b605f3ef9608f64f65a
REF-0202,3,0.375,1.002127,0.978787,0.158882,2,2,2,2,LOCKED_HOLDOUT,SYNTHETIC_RESEARCH_FIXTURE,OG-SYNTH-0.3,B1-0.3,build_opus_synthetic_programme_v0_3.py@0.3,20260812,True,b7e52fe6628f786ce0fa061879e6ec67e6e3179c7f9013ef26c32bb173b6485b
REF-0202,4,0.5,0.99679,0.951467,0.124995,2,0,0,1,LOCKED_HOLDOUT,SYNTHETIC_RESEARCH_FIXTURE,OG-SYNTH-0.3,B1-0.3,build_opus_synthetic_programme_v0_3.py@0.3,20260812,True,8719232e45e6a5db57e15c795f11edcdad0e1041e5e0e2b686174e0c5fd32404
REF-0202,5,0.625,0.99363,0.956394,0.086886,1,1,1,1,LOCKED_HOLDOUT,SYNTHETIC_RESEARCH_FIXTURE,OG-SYNTH-0.3,B1-0.3,build_opus_synthetic_programme_v0_3.py@0.3,20260812,True,c33710c614388621e19b0909c8ae92195317790b1d1a280460609eaf8f2122a2
REF-0202,6,0.75,0.974136,0.961995,0.212474,1,1,3,1,LOCKED_HOLDOUT,SYNTHETIC_RESEARCH_FIXTURE,OG-SYNTH-0.3,B1-0.3,build_opus_synthetic_programme_v0_3.py@0.3,20260812,True,f57dade20b194b5d948fdaf4248c8068d96e8a46351eb1012eda4aff0f8fcff0
REF-0202,7,0.875,0.985757,0.923779,0.127499,6,3,2,0,LOCKED_HOLDOUT,SYNTHETIC_RESEARCH_FIXTURE,OG-SYNTH-0.3,B1-0.3,build_opus_synthetic_programme_v0_3.py@0.3,20260812,True,28281a804e1ed7547f06506c694c53251949faf0a30438773a37b19c00b810a2
REF-0202,8,1.0,1.000715,0.917068,0.222046,2,3,2,3,LOCKED_HOLDOUT,SYNTHETIC_RESEARCH_FIXTURE,OG-SYNTH-0.3,B1-0.3,build_opus_synthetic_programme_v0_3.py@0.3,20260812,True,2f636cf57a9c3ba3502e62d44099a21382a6034319cc1fdfee9ae5e08c9a3011
REF-0203,1,0.125,0.953107,0.962865,0.170309,5,2,2,1,DEVELOPMENT,SYNTHETIC_RESEARCH_FIXTURE,OG-SYNTH-0.3,B1-0.3,build_opus_synthetic_programme_v0_3.py@0.3,20260812,True,2d7c1e9ea43aec690996dd3cc399f27bf472ad2ba70a6417807a716f8f0f9f79
REF-0203,2,0.25,0.980691,0.919235,0.150021,6,0,2,2,DEVELOPMENT,SYNTHETIC_RESEARCH_FIXTURE,OG-SYNTH-0.3,B1-0.3,build_opus_synthetic_programme_v0_3.py@0.3,20260812,True,8e5eae71d4a6db2812821984bf9ddc6547296b4fb40423a10e175e2a51d9e8b1
REF-0203,3,0.375,0.922117,0.939791,0.221602,8,1,0,1,DEVELOPMENT,SYNTHETIC_RESEARCH_FIXTURE,OG-SYNTH-0.3,B1-0.3,build_opus_synthetic_programme_v0_3.py@0.3,20260812,True,b5f01c95b70293f80f1d903a9079dd09c03eec964dcb81e608b5b1aae40a27c4
REF-0203,4,0.5,0.933478,0.881708,0.299339,8,0,0,0,DEVELOPMENT,SYNTHETIC_RESEARCH_FIXTURE,OG-SYNTH-0.3,B1-0.3,build_opus_synthetic_programme_v0_3.py@0.3,20260812,True,5d9dc2220751be44a5f9f382e2e149739563876645dd018dc935043ef1906257
REF-0203,5,0.625,0.906761,0.896297,0.21335,9,1,3,3,DEVELOPMENT,SYNTHETIC_RESEARCH_FIXTURE,OG-SYNTH-0.3,B1-0.3,build_opus_synthetic_programme_v0_3.py@0.3,20260812,True,09996589bf671ac1e812a9a4bd531442f8bfb10bcaab3718bb93f3a7aa1186ce
REF-0203,6,0.75,0.88284,0.824784,0.271186,16,6,1,1,DEVELOPMENT,SYNTHETIC_RESEARCH_FIXTURE,OG-SYNTH-0.3,B1-0.3,build_opus_synthetic_programme_v0_3.py@0.3,20260812,True,75cfc7930e9252685d4b0b1f95605f6771f335d5dfd005bd39cec4c79246e753
REF-0203,7,0.875,0.890209,0.795349,0.12268,17,2,4,2,DEVELOPMENT,SYNTHETIC_RESEARCH_FIXTURE,OG-SYNTH-0.3,B1-0.3,build_opus_synthetic_programme_v0_3.py@0.3,20260812,True,3dbc1010e82e5c1bfe4b315c94e4a80f099cc8443067c99697ed9e62248baa77
REF-0203,8,1.0,0.847236,0.753385,0.282281,5,2,2,5,DEVELOPMENT,SYNTHETIC_RESEARCH_FIXTURE,OG-SYNTH-0.3,B1-0.3,build_opus_synthetic_programme_v0_3.py@0.3,20260812,True,33d9f52b35c3e827c50e9d06cb3c5937405ba2a6ac3d532c87641960c96ed99c
REF-0204,1,0.125,1.041217,0.972898,0.104881,3,2,3,0,DEVELOPMENT,SYNTHETIC_RESEARCH_FIXTURE,OG-SYNTH-0.3,B1-0.3,build_opus_synthetic_programme_v0_3.py@0.3,20260812,True,7ed75e9e377c16344970d0b807b4054abf7b125be7a95814e71b17b980c6f792
REF-0204,2,0.25,1.013542,0.956316,0.098808,2,1,2,2,DEVELOPMENT,SYNTHETIC_RESEARCH_FIXTURE,OG-SYNTH-0.3,B1-0.3,build_opus_synthetic_programme_v0_3.py@0.3,20260812,True,7af44657bbdf3667b30c872e4e284121577f1fe2a524dfbf1122c08c0707eb25
REF-0204,3,0.375,0.993911,0.949198,0.191853,2,0,3,0,DEVELOPMENT,SYNTHETIC_RESEARCH_FIXTURE,OG-SYNTH-0.3,B1-0.3,build_opus_synthetic_programme_v0_3.py@0.3,20260812,True,5d4c4e9c6b0a47e31719d41de8b6698ec0b5a2965f15f26300c660d364ba2ab0
REF-0204,4,0.5,0.972613,0.946495,0.181149,2,2,2,2,DEVELOPMENT,SYNTHETIC_RESEARCH_FIXTURE,OG-SYNTH-0.3,B1-0.3,build_opus_synthetic_programme_v0_3.py@0.3,20260812,True,e26b4b3abca5375667c9d58ece51ce7c65aad35f52206277ceed167856bd056b
REF-0204,5,0.625,0.942468,0.925807,0.112573,2,3,2,0,DEVELOPMENT,SYNTHETIC_RESEARCH_FIXTURE,OG-SYNTH-0.3,B1-0.3,build_opus_synthetic_programme_v0_3.py@0.3,20260812,True,5b8c0892bb811b6d2d8d9bd4d5e7d810a7f473227260b38a1b6efe64040cf21d
REF-0204,6,0.75,0.968919,0.895408,0.275431,3,2,3,0,DEVELOPMENT,SYNTHETIC_RESEARCH_FIXTURE,OG-SYNTH-0.3,B1-0.3,build_opus_synthetic_programme_v0_3.py@0.3,20260812,True,99d51961ed93c996d9322bbb3358f1f4c909d89e6b1181b94f5eb1ba4dfcb39a
REF-0204,7,0.875,0.984797,0.891444,0.205133,4,0,2,1,DEVELOPMENT,SYNTHETIC_RESEARCH_FIXTURE,OG-SYNTH-0.3,B1-0.3,build_opus_synthetic_programme_v0_3.py@0.3,20260812,True,8d892fab1cdc3a7cdbb4db3418416e12dbabe541c9528f10bcdb993e044be997
REF-0204,8,1.0,0.94358,0.86941,0.209998,4,1,1,2,DEVELOPMENT,SYNTHETIC_RESEARCH_FIXTURE,OG-SYNTH-0.3,B1-0.3,build_opus_synthetic_programme_v0_3.py@0.3,20260812,True,8ed875dba206f77258c06a7f2accd86ac9d2554163b5821ba1e0b0418c808b38
REF-0205,1,0.125,0.991093,0.973036,0.14861,4,2,4,1,VALIDATION,SYNTHETIC_RESEARCH_FIXTURE,OG-SYNTH-0.3,B1-0.3,build_opus_synthetic_programme_v0_3.py@0.3,20260812,True,aec1f9185794cdbe28d5e2ae0a1bb554145f307a23b9b3b422c667c7e688303e
REF-0205,2,0.25,0.987743,0.93798,0.200771,3,1,4,0,VALIDATION,SYNTHETIC_RESEARCH_FIXTURE,OG-SYNTH-0.3,B1-0.3,build_opus_synthetic_programme_v0_3.py@0.3,20260812,True,69c57579f64ce892f4ae1b7898724910ebffbc1a9ca3dd51819be38e555d2d58
REF-0205,3,0.375,0.902709,1.000193,0.083748,3,3,5,4,VALIDATION,SYNTHETIC_RESEARCH_FIXTURE,OG-SYNTH-0.3,B1-0.3,build_opus_synthetic_programme_v0_3.py@0.3,20260812,True,fabe5f8dacee4d144fb082970d9cc33e5b67b8fb96a3bfb5850a82683b714bfa
REF-0205,4,0.5,0.917486,0.884098,0.214414,5,0,2,2,VALIDATION,SYNTHETIC_RESEARCH_FIXTURE,OG-SYNTH-0.3,B1-0.3,build_opus_synthetic_programme_v0_3.py@0.3,20260812,True,5e1e06c90be1985c6c6441ae42959b8d7a031e4563af6821d1b216ef169d8265
REF-0205,5,0.625,0.910736,0.905033,0.221163,5,0,2,2,VALIDATION,SYNTHETIC_RESEARCH_FIXTURE,OG-SYNTH-0.3,B1-0.3,build_opus_synthetic_programme_v0_3.py@0.3,20260812,True,31a618579f979fdb350ebd7c48c4c4e830226677e6c15f69151e8778fc79ab81
REF-0205,6,0.75,0.89931,0.828255,0.222292,10,3,2,4,VALIDATION,SYNTHETIC_RESEARCH_FIXTURE,OG-SYNTH-0.3,B1-0.3,build_opus_synthetic_programme_v0_3.py@0.3,20260812,True,d0be19f7e61c73ae502408fd2d59d501e406145e2577a0c57c23bab5dffbafea
REF-0205,7,0.875,0.918358,0.844708,0.281453,6,5,1,4,VALIDATION,SYNTHETIC_RESEARCH_FIXTURE,OG-SYNTH-0.3,B1-0.3,build_opus_synthetic_programme_v0_3.py@0.3,20260812,True,43cd97dbbb6e1a3e94f1e54f28304d0263afccaf2e4d11d260957981941efa10
REF-0205,8,1.0,0.845292,0.875624,0.32729,19,1,6,2,VALIDATION,SYNTHETIC_RESEARCH_FIXTURE,OG-SYNTH-0.3,B1-0.3,build_opus_synthetic_programme_v0_3.py@0.3,20260812,True,f2121c2e58c663cee62e5af8f87f930cb9c6755d0559b4193a1c6651b094db6d
REF-0206,1,0.125,1.030171,0.965505,0.167302,6,2,1,1,DEVELOPMENT,SYNTHETIC_RESEARCH_FIXTURE,OG-SYNTH-0.3,B1-0.3,build_opus_synthetic_programme_v0_3.py@0.3,20260812,True,1290d84753093b9507fcd0084f96d337e9837e4a78881558b3cb1e2ec7813bd9
REF-0206,2,0.25,0.913883,0.94659,0.253851,6,1,1,0,DEVELOPMENT,SYNTHETIC_RESEARCH_FIXTURE,OG-SYNTH-0.3,B1-0.3,build_opus_synthetic_programme_v0_3.py@0.3,20260812,True,6cb11dcee22fa87e1415351e68f899d5cd27a95dfac0518cd0ea08dd2cad8ff9
REF-0206,3,0.375,0.901493,0.93536,0.17316,4,0,0,0,DEVELOPMENT,SYNTHETIC_RESEARCH_FIXTURE,OG-SYNTH-0.3,B1-0.3,build_opus_synthetic_programme_v0_3.py@0.3,20260812,True,ba68563564f8d208fd7785ac3f1167ec062f79d591b87ddbc21a2574b82916d4
REF-0206,4,0.5,0.862709,0.95131,0.269861,3,3,0,4,DEVELOPMENT,SYNTHETIC_RESEARCH_FIXTURE,OG-SYNTH-0.3,B1-0.3,build_opus_synthetic_programme_v0_3.py@0.3,20260812,True,457d08ea5e006a58a35956e0890f9bc38c6bea9a05742db6d0feff056a704154
REF-0206,5,0.625,0.869254,0.874936,0.21212,10,0,3,3,DEVELOPMENT,SYNTHETIC_RESEARCH_FIXTURE,OG-SYNTH-0.3,B1-0.3,build_opus_synthetic_programme_v0_3.py@0.3,20260812,True,e70c3de7213ec9409034185955a9dff69a6124d2c696898cf8d82b32c7d5f823
REF-0206,6,0.75,0.843303,0.831068,0.26791,8,1,2,1,DEVELOPMENT,SYNTHETIC_RESEARCH_FIXTURE,OG-SYNTH-0.3,B1-0.3,build_opus_synthetic_programme_v0_3.py@0.3,20260812,True,ad0276603aee702fd9833b40f35215fc2a5024ef239b037195be3ce49d818427
REF-0206,7,0.875,0.782562,0.820032,0.326932,13,5,0,1,DEVELOPMENT,SYNTHETIC_RESEARCH_FIXTURE,OG-SYNTH-0.3,B1-0.3,build_opus_synthetic_programme_v0_3.py@0.3,20260812,True,6416e02a1910f36ae646de0c04ff893c989a4ea1b6ef3ba8483e7d5ba319285b
REF-0206,8,1.0,0.784307,0.801092,0.273866,14,6,3,1,DEVELOPMENT,SYNTHETIC_RESEARCH_FIXTURE,OG-SYNTH-0.3,B1-0.3,build_opus_synthetic_programme_v0_3.py@0.3,20260812,True,3d12a3b3145cb22cff467ba31fd09e52f1aabe4a47bdfac048b34147ec85a23c
REF-0207,1,0.125,1.003528,0.969183,0.186116,3,1,1,1,DEVELOPMENT,SYNTHETIC_RESEARCH_FIXTURE,OG-SYNTH-0.3,B1-0.3,build_opus_synthetic_programme_v0_3.py@0.3,20260812,True,7a1b27d77ce3cca312644b8a6fa5802a7fdb71b5fafa09c53c3e7ddb5646d101
REF-0207,2,0.25,0.976355,0.981079,0.242053,7,1,0,1,DEVELOPMENT,SYNTHETIC_RESEARCH_FIXTURE,OG-SYNTH-0.3,B1-0.3,build_opus_synthetic_programme_v0_3.py@0.3,20260812,True,e45d01230cd16492006a54be18dcd4238edef550c7a8aa6421a85db3084d46f5
REF-0207,3,0.375,0.94877,0.906594,0.1329,10,1,0,1,DEVELOPMENT,SYNTHETIC_RESEARCH_FIXTURE,OG-SYNTH-0.3,B1-0.3,build_opus_synthetic_programme_v0_3.py@0.3,20260812,True,652e29352430ad1899ca08b3c9631672224dfaff5c30fc3440dcbd29b7e968ba
REF-0207,4,0.5,0.901916,0.994678,0.149178,4,0,3,2,DEVELOPMENT,SYNTHETIC_RESEARCH_FIXTURE,OG-SYNTH-0.3,B1-0.3,build_opus_synthetic_programme_v0_3.py@0.3,20260812,True,bd0b245b899c298a4a2e8dbcdbd36bdd57586fedefb4ce9fe22971d3265ce261
REF-0207,5,0.625,0.895314,0.956523,0.265631,5,5,6,2,DEVELOPMENT,SYNTHETIC_RESEARCH_FIXTURE,OG-SYNTH-0.3,B1-0.3,build_opus_synthetic_programme_v0_3.py@0.3,20260812,True,bdf4a9bd9ec327031c84344d7e4b2c253dad0268dcfc4f8e747b90ec57325cdb
REF-0207,6,0.75,0.818397,0.941405,0.186067,10,1,1,1,DEVELOPMENT,SYNTHETIC_RESEARCH_FIXTURE,OG-SYNTH-0.3,B1-0.3,build_opus_synthetic_programme_v0_3.py@0.3,20260812,True,8b924efb9a729b24a6d9ec744cef152faecee382f8040eab05cbd2e1c55af432
REF-0207,7,0.875,0.838371,0.929565,0.282131,13,2,4,3,DEVELOPMENT,SYNTHETIC_RESEARCH_FIXTURE,OG-SYNTH-0.3,B1-0.3,build_opus_synthetic_programme_v0_3.py@0.3,20260812,True,8b85522e6232946d06e7df6b063b61a8f931883a49c3ccd9a6e1f74a15e13e92
REF-0207,8,1.0,0.770863,0.880159,0.259071,14,6,5,2,DEVELOPMENT,SYNTHETIC_RESEARCH_FIXTURE,OG-SYNTH-0.3,B1-0.3,build_opus_synthetic_programme_v0_3.py@0.3,20260812,True,9f11515b34d5b93650ca87828b2b5f290f685f9554c35e55ec755903d99ec482
REF-0208,1,0.125,0.939866,0.986745,0.090937,0,2,1,2,DEVELOPMENT,SYNTHETIC_RESEARCH_FIXTURE,OG-SYNTH-0.3,B1-0.3,build_opus_synthetic_programme_v0_3.py@0.3,20260812,True,188ff342c1e8fc33e4be1007049da7a4276e92f4a1712890b629f0bba1e1f09d
REF-0208,2,0.25,0.976061,0.949514,0.167593,6,0,1,2,DEVELOPMENT,SYNTHETIC_RESEARCH_FIXTURE,OG-SYNTH-0.3,B1-0.3,build_opus_synthetic_programme_v0_3.py@0.3,20260812,True,7733033cb959855b8f7ce4a7cff58226e08d31e14bca9697d6093bd375d26be7
REF-0208,3,0.375,0.92328,0.951635,0.248724,5,1,1,1,DEVELOPMENT,SYNTHETIC_RESEARCH_FIXTURE,OG-SYNTH-0.3,B1-0.3,build_opus_synthetic_programme_v0_3.py@0.3,20260812,True,54adc466f251e51e22341cbbf84c4bad25f7e8f37de56a836aaf7b98ff731160
REF-0208,4,0.5,0.90768,0.887327,0.219577,9,4,3,3,DEVELOPMENT,SYNTHETIC_RESEARCH_FIXTURE,OG-SYNTH-0.3,B1-0.3,build_opus_synthetic_programme_v0_3.py@0.3,20260812,True,d7f69a52e472740b99318a27d97da8e4ab3dff27dc4704b12966bcac0f5988f3
REF-0208,5,0.625,0.891994,0.890661,0.185547,8,3,3,2,DEVELOPMENT,SYNTHETIC_RESEARCH_FIXTURE,OG-SYNTH-0.3,B1-0.3,build_opus_synthetic_programme_v0_3.py@0.3,20260812,True,72e528eb51e58c17919ff4291224d2548712dc979cac2cd8b95d5c86e4247586
REF-0208,6,0.75,0.848245,0.836898,0.275339,10,3,2,3,DEVELOPMENT,SYNTHETIC_RESEARCH_FIXTURE,OG-SYNTH-0.3,B1-0.3,build_opus_synthetic_programme_v0_3.py@0.3,20260812,True,6ce49d8cb06ef174c92d54c20aecb7183f0e8709c152c2ce6996395f18fc5392
REF-0208,7,0.875,0.82755,0.803343,0.279359,10,3,6,4,DEVELOPMENT,SYNTHETIC_RESEARCH_FIXTURE,OG-SYNTH-0.3,B1-0.3,build_opus_synthetic_programme_v0_3.py@0.3,20260812,True,da2820be066afaec25b8dd60e0166494c11d77150526fbb068982efed5bdf806
REF-0208,8,1.0,0.805085,0.779026,0.280515,17,4,6,0,DEVELOPMENT,SYNTHETIC_RESEARCH_FIXTURE,OG-SYNTH-0.3,B1-0.3,build_opus_synthetic_programme_v0_3.py@0.3,20260812,True,ea477d1aab227e7b7e0c17d5db3a69b3881512c3e4feedb8f61468c7b0a83164
REF-0209,1,0.125,1.00299,0.982689,0.202044,1,3,2,0,LOCKED_HOLDOUT,SYNTHETIC_RESEARCH_FIXTURE,OG-SYNTH-0.3,B1-0.3,build_opus_synthetic_programme_v0_3.py@0.3,20260812,True,99097708a6a3ea2ed09e5f210f467359a821635cf83357829b93015617c7f908
REF-0209,2,0.25,0.976641,0.984236,0.129828,3,1,3,0,LOCKED_HOLDOUT,SYNTHETIC_RESEARCH_FIXTURE,OG-SYNTH-0.3,B1-0.3,build_opus_synthetic_programme_v0_3.py@0.3,20260812,True,914dd49aba90cee2f9a5abf62c641089aea17ae055f0d3b0f01ab78d153fc36e
REF-0209,3,0.375,1.01204,1.002507,0.115131,2,1,4,0,LOCKED_HOLDOUT,SYNTHETIC_RESEARCH_FIXTURE,OG-SYNTH-0.3,B1-0.3,build_opus_synthetic_programme_v0_3.py@0.3,20260812,True,c671439b9af540573702b1595ee8cc968714999b08d0d65b9f839a0e7c404bfd
REF-0209,4,0.5,1.038693,0.995182,0.137598,6,1,1,0,LOCKED_HOLDOUT,SYNTHETIC_RESEARCH_FIXTURE,OG-SYNTH-0.3,B1-0.3,build_opus_synthetic_programme_v0_3.py@0.3,20260812,True,90fc4f2b5dbf1dc422432f053963b9ae3626e63b0000a82517ddc189616dfd9b
REF-0209,5,0.625,0.985823,0.969507,0.163528,6,0,2,3,LOCKED_HOLDOUT,SYNTHETIC_RESEARCH_FIXTURE,OG-SYNTH-0.3,B1-0.3,build_opus_synthetic_programme_v0_3.py@0.3,20260812,True,fc9289b67e327080f6931b3526d63f7f6a2496e94333d114a7905c11b646381b
REF-0209,6,0.75,1.042032,0.979368,0.247099,11,0,1,0,LOCKED_HOLDOUT,SYNTHETIC_RESEARCH_FIXTURE,OG-SYNTH-0.3,B1-0.3,build_opus_synthetic_programme_v0_3.py@0.3,20260812,True,fa9f6db3032bab4bd42eaec69df0f3e4bdd3bcd0c1a11363063b7c3f99ab4bb2
REF-0209,7,0.875,1.014277,0.994543,0.228445,5,0,4,1,LOCKED_HOLDOUT,SYNTHETIC_RESEARCH_FIXTURE,OG-SYNTH-0.3,B1-0.3,build_opus_synthetic_programme_v0_3.py@0.3,20260812,True,3b685fc447171463d887971ab066df7cf45bb1905fc40b957c80a5ea7404cd6a
REF-0209,8,1.0,1.045008,0.976099,0.197652,8,0,3,1,LOCKED_HOLDOUT,SYNTHETIC_RESEARCH_FIXTURE,OG-SYNTH-0.3,B1-0.3,build_opus_synthetic_programme_v0_3.py@0.3,20260812,True,9baecc00f3bd0609764765e0d70cc71d2a218e98f8758723b3f6b258f9bbc4fa
REF-0210,1,0.125,0.986841,0.960643,0.153833,1,2,3,1,VALIDATION,SYNTHETIC_RESEARCH_FIXTURE,OG-SYNTH-0.3,B1-0.3,build_opus_synthetic_programme_v0_3.py@0.3,20260812,True,72cdc81b9922b93c62ae681e3cc39ff033fea01c0a3b7ef29fef80e11fd6baa9
REF-0210,2,0.25,0.973777,1.002068,0.123137,4,1,2,1,VALIDATION,SYNTHETIC_RESEARCH_FIXTURE,OG-SYNTH-0.3,B1-0.3,build_opus_synthetic_programme_v0_3.py@0.3,20260812,True,65f742e4d9f040c26df2d8c6a54756112427ac8378728f85b4e80b148639aeb4
REF-0210,3,0.375,0.969443,0.970121,0.187007,2,2,0,2,VALIDATION,SYNTHETIC_RESEARCH_FIXTURE,OG-SYNTH-0.3,B1-0.3,build_opus_synthetic_programme_v0_3.py@0.3,20260812,True,642f3c2f3d802e234d7bba3bdfb2a69c2b617e1a4993e763d04c9fca5b8cacba
REF-0210,4,0.5,0.988742,1.018499,0.105359,3,2,2,2,VALIDATION,SYNTHETIC_RESEARCH_FIXTURE,OG-SYNTH-0.3,B1-0.3,build_opus_synthetic_programme_v0_3.py@0.3,20260812,True,cf597c7d85b1575219ff96d4183825faf2271886db887128f07bb8de1c7a47df
REF-0210,5,0.625,0.920777,0.904859,0.149856,6,2,0,1,VALIDATION,SYNTHETIC_RESEARCH_FIXTURE,OG-SYNTH-0.3,B1-0.3,build_opus_synthetic_programme_v0_3.py@0.3,20260812,True,049024fa41a7d3ded3c7251fe4e3a475fad6824e9224b164dad3549f701a60a1
REF-0210,6,0.75,0.982971,0.913976,0.260271,2,1,1,2,VALIDATION,SYNTHETIC_RESEARCH_FIXTURE,OG-SYNTH-0.3,B1-0.3,build_opus_synthetic_programme_v0_3.py@0.3,20260812,True,37b28bef404a2e9be3c71637a7cd957576f3334d79395fad0883d0dc184442ed
REF-0210,7,0.875,0.906545,0.86468,0.085408,4,2,1,3,VALIDATION,SYNTHETIC_RESEARCH_FIXTURE,OG-SYNTH-0.3,B1-0.3,build_opus_synthetic_programme_v0_3.py@0.3,20260812,True,78943a26bae7c66879f1aec95510b8e209c3e9f689b74580d36cb578a0831892
REF-0210,8,1.0,0.943875,0.896622,0.186478,1,2,6,5,VALIDATION,SYNTHETIC_RESEARCH_FIXTURE,OG-SYNTH-0.3,B1-0.3,build_opus_synthetic_programme_v0_3.py@0.3,20260812,True,6b7edbe38847ce840b06017a4d5cf9f4251b88942882ccaa4b910ee1f09a7184
REF-0211,1,0.125,0.990277,0.925306,0.167813,3,1,1,2,DEVELOPMENT,SYNTHETIC_RESEARCH_FIXTURE,OG-SYNTH-0.3,B1-0.3,build_opus_synthetic_programme_v0_3.py@0.3,20260812,True,7d1e92035ba4fbe523a512f37197be32c5531facb108716473f540fa2766c38f
REF-0211,2,0.25,0.960929,0.976553,0.252163,4,0,2,3,DEVELOPMENT,SYNTHETIC_RESEARCH_FIXTURE,OG-SYNTH-0.3,B1-0.3,build_opus_synthetic_programme_v0_3.py@0.3,20260812,True,bc7a0402a9e87ac9839a0a7c95aa4d453214bcf7d2af437693bf8ad3beaa7651
REF-0211,3,0.375,0.907867,0.930121,0.25439,2,1,1,2,DEVELOPMENT,SYNTHETIC_RESEARCH_FIXTURE,OG-SYNTH-0.3,B1-0.3,build_opus_synthetic_programme_v0_3.py@0.3,20260812,True,a1a1a3ad21df4062a3a48e685e5cee66d5ddfb5b4fbc990ed56652fd4b62969d
REF-0211,4,0.5,0.924662,0.893285,0.202324,4,2,1,3,DEVELOPMENT,SYNTHETIC_RESEARCH_FIXTURE,OG-SYNTH-0.3,B1-0.3,build_opus_synthetic_programme_v0_3.py@0.3,20260812,True,53e13c3659040148c1666481adf0e7cad333e9bc61693a9d52c283f18c994595
REF-0211,5,0.625,0.959303,0.878333,0.231536,6,3,0,3,DEVELOPMENT,SYNTHETIC_RESEARCH_FIXTURE,OG-SYNTH-0.3,B1-0.3,build_opus_synthetic_programme_v0_3.py@0.3,20260812,True,3123b01eb37899d81b39fc3bc54758aa34dbeb7330729923be74b2b746addf39
REF-0211,6,0.75,0.929626,0.850388,0.236179,7,2,0,1,DEVELOPMENT,SYNTHETIC_RESEARCH_FIXTURE,OG-SYNTH-0.3,B1-0.3,build_opus_synthetic_programme_v0_3.py@0.3,20260812,True,5d3dc5907990c5f3d646eab8c4355c76a7e789c40ca5880118fa5fabf91ad4b2
REF-0211,7,0.875,0.952826,0.852499,0.281953,8,4,2,2,DEVELOPMENT,SYNTHETIC_RESEARCH_FIXTURE,OG-SYNTH-0.3,B1-0.3,build_opus_synthetic_programme_v0_3.py@0.3,20260812,True,63c5df88d96492868dae2280e58f31fcc9f79475ba0f657e50030c05a08b7312
REF-0211,8,1.0,0.935624,0.835408,0.245468,6,3,3,3,DEVELOPMENT,SYNTHETIC_RESEARCH_FIXTURE,OG-SYNTH-0.3,B1-0.3,build_opus_synthetic_programme_v0_3.py@0.3,20260812,True,74a74fd144280c2cc7b91a733cadb94589b670150bb7857c874c5084b30a9da3
REF-0212,1,0.125,0.976528,0.96872,0.102489,2,1,1,1,VALIDATION,SYNTHETIC_RESEARCH_FIXTURE,OG-SYNTH-0.3,B1-0.3,build_opus_synthetic_programme_v0_3.py@0.3,20260812,True,329871c75f7b03376de67c15090265c5819b279112901537208e08174d67d302
REF-0212,2,0.25,0.989182,0.967194,0.218853,4,2,2,4,VALIDATION,SYNTHETIC_RESEARCH_FIXTURE,OG-SYNTH-0.3,B1-0.3,build_opus_synthetic_programme_v0_3.py@0.3,20260812,True,44eb31a9bd47980484fc5057d1412d022c6a1428960502e6acd9d9ad0c323d84
REF-0212,3,0.375,0.98047,0.959402,0.14978,5,0,3,2,VALIDATION,SYNTHETIC_RESEARCH_FIXTURE,OG-SYNTH-0.3,B1-0.3,build_opus_synthetic_programme_v0_3.py@0.3,20260812,True,8b1ba5ba7572c883683ffae74c106fdf446f8b933800bf857282f5e941d43314
REF-0212,4,0.5,0.95291,0.920462,0.208164,4,0,0,3,VALIDATION,SYNTHETIC_RESEARCH_FIXTURE,OG-SYNTH-0.3,B1-0.3,build_opus_synthetic_programme_v0_3.py@0.3,20260812,True,7d9aa211f83db76e134f0083de5d2c783604e2d81ef89e4eac0d2de1fbe204a5
REF-0212,5,0.625,1.032641,0.922119,0.247424,8,1,2,4,VALIDATION,SYNTHETIC_RESEARCH_FIXTURE,OG-SYNTH-0.3,B1-0.3,build_opus_synthetic_programme_v0_3.py@0.3,20260812,True,d3933f280dd327f3e203dfa936a0cfddd0fa0245c14a78b79fd0d5cf4bf7d15e
REF-0212,6,0.75,1.031887,0.879795,0.180847,10,1,1,4,VALIDATION,SYNTHETIC_RESEARCH_FIXTURE,OG-SYNTH-0.3,B1-0.3,build_opus_synthetic_programme_v0_3.py@0.3,20260812,True,8bcb3c4f52e5162b5e23b2e1ae9a53e94a656ad434dd282da7d838c0b95f43eb
REF-0212,7,0.875,1.026827,0.839104,0.182881,4,1,5,2,VALIDATION,SYNTHETIC_RESEARCH_FIXTURE,OG-SYNTH-0.3,B1-0.3,build_opus_synthetic_programme_v0_3.py@0.3,20260812,True,7b217cc774f6ac7bdceaed1ce4a7b671396dcc0e27dccb605550e4321d18d89c
REF-0212,8,1.0,0.936371,0.868121,0.269946,7,3,3,2,VALIDATION,SYNTHETIC_RESEARCH_FIXTURE,OG-SYNTH-0.3,B1-0.3,build_opus_synthetic_programme_v0_3.py@0.3,20260812,True,d3a7230f8a4eb759bd0d6b600e9bf564a2fc89130584159b129cfda88ab4d1ce
REF-0213,1,0.125,0.987827,0.946282,0.152907,2,0,1,0,LOCKED_HOLDOUT,SYNTHETIC_RESEARCH_FIXTURE,OG-SYNTH-0.3,B1-0.3,build_opus_synthetic_programme_v0_3.py@0.3,20260812,True,be1f846e94342717e4664d8933f6092902947333fbc5f232977479aa7eba0cf2
REF-0213,2,0.25,0.958175,0.957633,0.219877,5,0,3,1,LOCKED_HOLDOUT,SYNTHETIC_RESEARCH_FIXTURE,OG-SYNTH-0.3,B1-0.3,build_opus_synthetic_programme_v0_3.py@0.3,20260812,True,ad2154b88dd3f655785b1fd4712a34b64b819209a52486073867b16d089122eb
REF-0213,3,0.375,0.985092,0.956051,0.205756,3,0,1,3,LOCKED_HOLDOUT,SYNTHETIC_RESEARCH_FIXTURE,OG-SYNTH-0.3,B1-0.3,build_opus_synthetic_programme_v0_3.py@0.3,20260812,True,bac498a119ce450beb177ffed4ac0650de834ae4cd4b0efb2422c62c585077de
REF-0213,4,0.5,0.957739,0.963392,0.1374,4,0,2,0,LOCKED_HOLDOUT,SYNTHETIC_RESEARCH_FIXTURE,OG-SYNTH-0.3,B1-0.3,build_opus_synthetic_programme_v0_3.py@0.3,20260812,True,d10bfb66e3e11b24375e34cb7aef438ba6a196fb290ec74b8f0cde62693ea674
REF-0213,5,0.625,0.942488,0.910882,0.167958,6,1,2,3,LOCKED_HOLDOUT,SYNTHETIC_RESEARCH_FIXTURE,OG-SYNTH-0.3,B1-0.3,build_opus_synthetic_programme_v0_3.py@0.3,20260812,True,0da3e2125ee56569b4b7a31468ad9b73420b51fcdc663f0862f149bcbfba98d3
REF-0213,6,0.75,0.913121,0.901788,0.198072,4,2,3,3,LOCKED_HOLDOUT,SYNTHETIC_RESEARCH_FIXTURE,OG-SYNTH-0.3,B1-0.3,build_opus_synthetic_programme_v0_3.py@0.3,20260812,True,7a55752cdd6af93ae35f14f90842e8c335d161fe0b084fdde53711e6891cd60b
REF-0213,7,0.875,0.914578,0.857781,0.156773,6,3,0,2,LOCKED_HOLDOUT,SYNTHETIC_RESEARCH_FIXTURE,OG-SYNTH-0.3,B1-0.3,build_opus_synthetic_programme_v0_3.py@0.3,20260812,True,22533ebde1f6ffaa386996aeddd6ac7f11493a2e1cdef7f640b1ff4664457b9d
REF-0213,8,1.0,0.92317,0.905162,0.217552,6,1,2,6,LOCKED_HOLDOUT,SYNTHETIC_RESEARCH_FIXTURE,OG-SYNTH-0.3,B1-0.3,build_opus_synthetic_programme_v0_3.py@0.3,20260812,True,ac3acaea03075d86f3c79a2978d059896213563bf6a519f4ef054666637d111e
REF-0214,1,0.125,0.975077,0.949286,0.160973,4,0,2,0,VALIDATION,SYNTHETIC_RESEARCH_FIXTURE,OG-SYNTH-0.3,B1-0.3,build_opus_synthetic_programme_v0_3.py@0.3,20260812,True,1e9bdd87d17485776d97623a38153e5af89192e61e20f171bd26fcb3deb6eccb
REF-0214,2,0.25,0.891191,0.957089,0.173451,6,3,0,3,VALIDATION,SYNTHETIC_RESEARCH_FIXTURE,OG-SYNTH-0.3,B1-0.3,build_opus_synthetic_programme_v0_3.py@0.3,20260812,True,02aa6b480f27b985e031d50da103eeb363162459887a5332147a9be916b4f239
REF-0214,3,0.375,0.97728,0.921346,0.240584,3,1,2,2,VALIDATION,SYNTHETIC_RESEARCH_FIXTURE,OG-SYNTH-0.3,B1-0.3,build_opus_synthetic_programme_v0_3.py@0.3,20260812,True,166f14b9010acc700caec9f89f5d74b0a0d9c563e39828ac6c7faa6b2f0bca1f
REF-0214,4,0.5,0.928823,0.932941,0.187135,8,1,2,3,VALIDATION,SYNTHETIC_RESEARCH_FIXTURE,OG-SYNTH-0.3,B1-0.3,build_opus_synthetic_programme_v0_3.py@0.3,20260812,True,4ca5f2bf6bc5b950f7788ba65452c22c4d8d79a0025f242d3bfaaa403601966d
REF-0214,5,0.625,0.890066,0.839113,0.204741,6,2,3,0,VALIDATION,SYNTHETIC_RESEARCH_FIXTURE,OG-SYNTH-0.3,B1-0.3,build_opus_synthetic_programme_v0_3.py@0.3,20260812,True,5144b815bc7379d7e7289e69c0244db58c95eccafb2051537a1216ae26bc2783
REF-0214,6,0.75,0.872682,0.849165,0.257694,9,1,3,2,VALIDATION,SYNTHETIC_RESEARCH_FIXTURE,OG-SYNTH-0.3,B1-0.3,build_opus_synthetic_programme_v0_3.py@0.3,20260812,True,38b7758036b02ed5909e01be3724f72d8b1d50287d2101e66ab14d0f93e8153d
REF-0214,7,0.875,0.842927,0.817835,0.292468,9,0,1,5,VALIDATION,SYNTHETIC_RESEARCH_FIXTURE,OG-SYNTH-0.3,B1-0.3,build_opus_synthetic_programme_v0_3.py@0.3,20260812,True,96ceda29c7ce58fc18ddde03352c89feff69207beee6c9afed8416b920114cda
REF-0214,8,1.0,0.828338,0.763857,0.283658,20,1,1,4,VALIDATION,SYNTHETIC_RESEARCH_FIXTURE,OG-SYNTH-0.3,B1-0.3,build_opus_synthetic_programme_v0_3.py@0.3,20260812,True,0fa9134e0da6290d5e421f5366056a93a4cacacc3f361db01cb491330948b137
REF-0215,1,0.125,0.917427,0.965634,0.15416,2,1,3,1,VALIDATION,SYNTHETIC_RESEARCH_FIXTURE,OG-SYNTH-0.3,B1-0.3,build_opus_synthetic_programme_v0_3.py@0.3,20260812,True,7a1fab72a7d50c933462dbbecfbb48abd43533e3183fb1a5ba537bcc8101b6f3
REF-0215,2,0.25,0.941981,0.99517,0.201825,4,0,2,3,VALIDATION,SYNTHETIC_RESEARCH_FIXTURE,OG-SYNTH-0.3,B1-0.3,build_opus_synthetic_programme_v0_3.py@0.3,20260812,True,94b1fe35bc463c46fbf5aba01a72bf22c1e81c57683e1dd0f28cd4612df48f5a
REF-0215,3,0.375,0.902932,0.96568,0.180986,4,2,1,1,VALIDATION,SYNTHETIC_RESEARCH_FIXTURE,OG-SYNTH-0.3,B1-0.3,build_opus_synthetic_programme_v0_3.py@0.3,20260812,True,d96004dccb6da839e0a01f0453230ad0d77b9bc08b586d2e641dee5f70b32f99
REF-0215,4,0.5,0.949027,0.880622,0.241239,4,3,1,1,VALIDATION,SYNTHETIC_RESEARCH_FIXTURE,OG-SYNTH-0.3,B1-0.3,build_opus_synthetic_programme_v0_3.py@0.3,20260812,True,6e7df7a42d15bf061b8064200f03afb423bd47b2f04c3909f4a6c1f06aae66b8
REF-0215,5,0.625,0.871549,0.885118,0.176141,6,0,2,3,VALIDATION,SYNTHETIC_RESEARCH_FIXTURE,OG-SYNTH-0.3,B1-0.3,build_opus_synthetic_programme_v0_3.py@0.3,20260812,True,d511cf7f60b40e59ff229a63005275ccff57eb2c29163a95881f9904a34a2e2e
REF-0215,6,0.75,0.858227,0.881933,0.245574,6,2,5,1,VALIDATION,SYNTHETIC_RESEARCH_FIXTURE,OG-SYNTH-0.3,B1-0.3,build_opus_synthetic_programme_v0_3.py@0.3,20260812,True,bc8b4f47dc510dedd8f9113e010bb17af3bb7ce20fe35426164ada803b2186d7
REF-0215,7,0.875,0.845161,0.814918,0.301308,6,2,0,2,VALIDATION,SYNTHETIC_RESEARCH_FIXTURE,OG-SYNTH-0.3,B1-0.3,build_opus_synthetic_programme_v0_3.py@0.3,20260812,True,f0108eb1ade324a9325ec10aab86312b5e14fdf02ae390ae999d5db3899959c2
REF-0215,8,1.0,0.859167,0.816084,0.289831,6,2,3,3,VALIDATION,SYNTHETIC_RESEARCH_FIXTURE,OG-SYNTH-0.3,B1-0.3,build_opus_synthetic_programme_v0_3.py@0.3,20260812,True,9e2ca153e4c043a8cd3961e74c37375401b2c323c86a896ed4529dac10111209
REF-0216,1,0.125,0.999809,1.002774,0.202901,4,2,0,1,DEVELOPMENT,SYNTHETIC_RESEARCH_FIXTURE,OG-SYNTH-0.3,B1-0.3,build_opus_synthetic_programme_v0_3.py@0.3,20260812,True,2265614433dcb5400b447250155a238cb4228bac7dbc8500b2eeb28eaac2820c
REF-0216,2,0.25,1.013162,0.968741,0.175888,4,0,1,1,DEVELOPMENT,SYNTHETIC_RESEARCH_FIXTURE,OG-SYNTH-0.3,B1-0.3,build_opus_synthetic_programme_v0_3.py@0.3,20260812,True,0c6be329fd962d08c106cafcfa78ef3e0e4b2daaa7652d56d39f38d5002da180
REF-0216,3,0.375,0.932246,0.962003,0.140215,3,1,1,2,DEVELOPMENT,SYNTHETIC_RESEARCH_FIXTURE,OG-SYNTH-0.3,B1-0.3,build_opus_synthetic_programme_v0_3.py@0.3,20260812,True,5dbfd5e03ef5a0acca22a561461406c419afea67560b5294c064352d508e5fef
REF-0216,4,0.5,0.9892,0.84266,0.224958,3,1,4,1,DEVELOPMENT,SYNTHETIC_RESEARCH_FIXTURE,OG-SYNTH-0.3,B1-0.3,build_opus_synthetic_programme_v0_3.py@0.3,20260812,True,e1b3685b51bbffca30aea97c9e90191ea7e55b8e984e7a0dfffa135b52824ddb
REF-0216,5,0.625,0.925754,0.886804,0.252986,10,2,2,5,DEVELOPMENT,SYNTHETIC_RESEARCH_FIXTURE,OG-SYNTH-0.3,B1-0.3,build_opus_synthetic_programme_v0_3.py@0.3,20260812,True,eba6b4c5e93660915094fc29d858f6e6113465ad604826f307865d2b628509f1
REF-0216,6,0.75,0.905411,0.882274,0.277894,17,2,4,2,DEVELOPMENT,SYNTHETIC_RESEARCH_FIXTURE,OG-SYNTH-0.3,B1-0.3,build_opus_synthetic_programme_v0_3.py@0.3,20260812,True,ef8f68f1213fce5f75909366e03489d12f339f219e2f32887d6b9c3260dea6f7
REF-0216,7,0.875,0.919022,0.861434,0.292887,12,1,0,7,DEVELOPMENT,SYNTHETIC_RESEARCH_FIXTURE,OG-SYNTH-0.3,B1-0.3,build_opus_synthetic_programme_v0_3.py@0.3,20260812,True,cb1d8ec6a4c36a6930d1bf55caac30643f02c799cb5da8d99bd32c3aed790238
REF-0216,8,1.0,0.91866,0.800483,0.229925,14,4,2,4,DEVELOPMENT,SYNTHETIC_RESEARCH_FIXTURE,OG-SYNTH-0.3,B1-0.3,build_opus_synthetic_programme_v0_3.py@0.3,20260812,True,28dcd553ae83be2b09dc4bbd284921ac38529bcb047b07297e161ef171f25e94
REF-0217,1,0.125,0.960902,0.99804,0.184739,2,0,0,1,LOCKED_HOLDOUT,SYNTHETIC_RESEARCH_FIXTURE,OG-SYNTH-0.3,B1-0.3,build_opus_synthetic_programme_v0_3.py@0.3,20260812,True,1c28869c918115b97ff0ed22265049e30f6d5a99ba81b013955e43093d30bbe7
REF-0217,2,0.25,1.027007,1.002497,0.138984,4,1,3,1,LOCKED_HOLDOUT,SYNTHETIC_RESEARCH_FIXTURE,OG-SYNTH-0.3,B1-0.3,build_opus_synthetic_programme_v0_3.py@0.3,20260812,True,3cc3ac146ba89ff0cd90cefe4ef011f87ca07602050c41185730150f62051761
REF-0217,3,0.375,0.971203,0.932819,0.12688,2,0,2,2,LOCKED_HOLDOUT,SYNTHETIC_RESEARCH_FIXTURE,OG-SYNTH-0.3,B1-0.3,build_opus_synthetic_programme_v0_3.py@0.3,20260812,True,695ef347ad5d0b97feb02132bfcde1e9dbe91088452bfeef18d619ffd3500d36
REF-0217,4,0.5,0.983142,0.96204,0.189651,3,2,2,1,LOCKED_HOLDOUT,SYNTHETIC_RESEARCH_FIXTURE,OG-SYNTH-0.3,B1-0.3,build_opus_synthetic_programme_v0_3.py@0.3,20260812,True,50137a624333e6f72150f72ab0acf055dcb8f80bfef30c2b6395cf053968ff69
REF-0217,5,0.625,0.918262,0.917182,0.259607,9,4,1,0,LOCKED_HOLDOUT,SYNTHETIC_RESEARCH_FIXTURE,OG-SYNTH-0.3,B1-0.3,build_opus_synthetic_programme_v0_3.py@0.3,20260812,True,0a715606e922125a88569d10fd2a61ea91b95df22b740ae1f79b0029a3e67cf6
REF-0217,6,0.75,0.92615,0.90733,0.33044,6,2,3,4,LOCKED_HOLDOUT,SYNTHETIC_RESEARCH_FIXTURE,OG-SYNTH-0.3,B1-0.3,build_opus_synthetic_programme_v0_3.py@0.3,20260812,True,1b0a6b6d23a8560af7282d904ff5c7cd762e21b11ec8fbd25385211c79961347
REF-0217,7,0.875,0.922381,0.897705,0.212658,8,4,1,2,LOCKED_HOLDOUT,SYNTHETIC_RESEARCH_FIXTURE,OG-SYNTH-0.3,B1-0.3,build_opus_synthetic_programme_v0_3.py@0.3,20260812,True,8f30c9d0c843b9ac62ef747663f3cde61076861e3542e65c40a270ca90e664ff
REF-0217,8,1.0,0.893238,0.929337,0.260996,9,1,3,0,LOCKED_HOLDOUT,SYNTHETIC_RESEARCH_FIXTURE,OG-SYNTH-0.3,B1-0.3,build_opus_synthetic_programme_v0_3.py@0.3,20260812,True,e64a5732643f99537ec86e4f13bde6d3ed0a711167a01bce577062e1b8413196
REF-0218,1,0.125,1.00273,1.00015,0.158877,5,2,1,0,DEVELOPMENT,SYNTHETIC_RESEARCH_FIXTURE,OG-SYNTH-0.3,B1-0.3,build_opus_synthetic_programme_v0_3.py@0.3,20260812,True,491118b6de7362c1144343e8c4b143a9e8d82ae5ef82c2241a52fa75d3357578
REF-0218,2,0.25,0.953461,0.983321,0.114124,4,3,1,1,DEVELOPMENT,SYNTHETIC_RESEARCH_FIXTURE,OG-SYNTH-0.3,B1-0.3,build_opus_synthetic_programme_v0_3.py@0.3,20260812,True,11a4cf4630bef01bfaaf66c71bbef29cc3a616e1c399ee14be0aac16391ebe7d
REF-0218,3,0.375,0.908305,0.971723,0.157938,4,0,3,1,DEVELOPMENT,SYNTHETIC_RESEARCH_FIXTURE,OG-SYNTH-0.3,B1-0.3,build_opus_synthetic_programme_v0_3.py@0.3,20260812,True,1f7e99425135fa99e9042c95e97ad7c27a76ea0628e2960cb152844048ca08de
REF-0218,4,0.5,0.919872,0.941812,0.222162,7,1,4,1,DEVELOPMENT,SYNTHETIC_RESEARCH_FIXTURE,OG-SYNTH-0.3,B1-0.3,build_opus_synthetic_programme_v0_3.py@0.3,20260812,True,4a39a72c3a3260cf0f6f71a6f378bde329159ca566932b8307d151f2c0639fd4
REF-0218,5,0.625,0.882105,0.968541,0.174286,8,2,4,3,DEVELOPMENT,SYNTHETIC_RESEARCH_FIXTURE,OG-SYNTH-0.3,B1-0.3,build_opus_synthetic_programme_v0_3.py@0.3,20260812,True,f442eac89a3391c40a3f7a0f7e53b811809eb95137b3fcc091b18d110fd29f38
REF-0218,6,0.75,0.893257,0.903366,0.244044,15,2,2,3,DEVELOPMENT,SYNTHETIC_RESEARCH_FIXTURE,OG-SYNTH-0.3,B1-0.3,build_opus_synthetic_programme_v0_3.py@0.3,20260812,True,4903eb0d87ac8bd04a6e12e077055550670060c9e701a5f1a2272f026ff9ebc9
REF-0218,7,0.875,0.846941,0.900932,0.190947,12,5,3,2,DEVELOPMENT,SYNTHETIC_RESEARCH_FIXTURE,OG-SYNTH-0.3,B1-0.3,build_opus_synthetic_programme_v0_3.py@0.3,20260812,True,34230ab4eccba633263bb3b8bb5c27e2328b92ad7230f848c07baa904c0a2712
REF-0218,8,1.0,0.770784,0.900282,0.287165,11,4,2,1,DEVELOPMENT,SYNTHETIC_RESEARCH_FIXTURE,OG-SYNTH-0.3,B1-0.3,build_opus_synthetic_programme_v0_3.py@0.3,20260812,True,7121d5cb5db630843ed4ad0de1734efe291fd8501e1930b4518a46dba9de6fdd
REF-0219,1,0.125,0.936603,1.003785,0.16165,2,0,1,1,DEVELOPMENT,SYNTHETIC_RESEARCH_FIXTURE,OG-SYNTH-0.3,B1-0.3,build_opus_synthetic_programme_v0_3.py@0.3,20260812,True,1acbb932d7b5a9e3fef84b03af99250e0ed38ca61c5ebf7f45df91b1eda93f84
REF-0219,2,0.25,0.910272,1.001218,0.161411,3,1,0,3,DEVELOPMENT,SYNTHETIC_RESEARCH_FIXTURE,OG-SYNTH-0.3,B1-0.3,build_opus_synthetic_programme_v0_3.py@0.3,20260812,True,d5fb026dcaca7a718c7441b95b830195f3da0f5092faa16ed57c6ca6e45baa5c
REF-0219,3,0.375,0.886653,0.928612,0.19228,2,0,3,1,DEVELOPMENT,SYNTHETIC_RESEARCH_FIXTURE,OG-SYNTH-0.3,B1-0.3,build_opus_synthetic_programme_v0_3.py@0.3,20260812,True,e7c16f32d11ca6238dfa9996364f9e82b616b991e5571fa7ea9c734e8b59e2a5
REF-0219,4,0.5,0.945996,0.895579,0.216665,11,1,3,4,DEVELOPMENT,SYNTHETIC_RESEARCH_FIXTURE,OG-SYNTH-0.3,B1-0.3,build_opus_synthetic_programme_v0_3.py@0.3,20260812,True,96313c55a7ff8de8eba051922b8dc29c30b19bf137b8150a2bcbe28b82aa1514
REF-0219,5,0.625,0.868484,0.887739,0.113945,8,3,1,0,DEVELOPMENT,SYNTHETIC_RESEARCH_FIXTURE,OG-SYNTH-0.3,B1-0.3,build_opus_synthetic_programme_v0_3.py@0.3,20260812,True,2c11df6f2be34eaf0f9cd7a3efb4e5eafce0ffd0bdbf08a0f601eaa42991a701
REF-0219,6,0.75,0.827452,0.866399,0.280688,11,5,2,3,DEVELOPMENT,SYNTHETIC_RESEARCH_FIXTURE,OG-SYNTH-0.3,B1-0.3,build_opus_synthetic_programme_v0_3.py@0.3,20260812,True,55c005070c2f97f6f56a34214b8e5542fce7acf838089f21075000efdb4e008b
REF-0219,7,0.875,0.874969,0.864568,0.279983,9,1,3,1,DEVELOPMENT,SYNTHETIC_RESEARCH_FIXTURE,OG-SYNTH-0.3,B1-0.3,build_opus_synthetic_programme_v0_3.py@0.3,20260812,True,cf837be9e37a10556f6ad849353412bec8872969eefe4e1e15081de5afbe97dd
REF-0219,8,1.0,0.817602,0.818487,0.356659,15,4,0,4,DEVELOPMENT,SYNTHETIC_RESEARCH_FIXTURE,OG-SYNTH-0.3,B1-0.3,build_opus_synthetic_programme_v0_3.py@0.3,20260812,True,88e550705f748fcbe822cf13d7b8c0a5f71b11c800f7d1edb4728fbdff1fba85
REF-0220,1,0.125,1.003855,0.975462,0.173001,4,2,1,0,DEVELOPMENT,SYNTHETIC_RESEARCH_FIXTURE,OG-SYNTH-0.3,B1-0.3,build_opus_synthetic_programme_v0_3.py@0.3,20260812,True,1ba1e4230570d24de339cbbe80a222d7af54976df5d1a925f6441dba44192dcf
REF-0220,2,0.25,0.995681,0.953242,0.184772,2,0,1,1,DEVELOPMENT,SYNTHETIC_RESEARCH_FIXTURE,OG-SYNTH-0.3,B1-0.3,build_opus_synthetic_programme_v0_3.py@0.3,20260812,True,07fb497a98c3e85a3c2d706d614a7fc495ac50234afa0aa5c761a3eb1b52e2ea
REF-0220,3,0.375,0.943786,0.952342,0.176965,7,1,2,1,DEVELOPMENT,SYNTHETIC_RESEARCH_FIXTURE,OG-SYNTH-0.3,B1-0.3,build_opus_synthetic_programme_v0_3.py@0.3,20260812,True,c708e53bb4d31e7d6ee957a959826b5496048f1d1dd82f18290cb66f13f1ff9c
REF-0220,4,0.5,0.911826,0.867954,0.164812,8,2,4,2,DEVELOPMENT,SYNTHETIC_RESEARCH_FIXTURE,OG-SYNTH-0.3,B1-0.3,build_opus_synthetic_programme_v0_3.py@0.3,20260812,True,eef097d95cf95194a02158587039ddbbebf1ac7cd798ba2661249027a176c6a1
REF-0220,5,0.625,0.934305,0.861818,0.228699,6,1,5,2,DEVELOPMENT,SYNTHETIC_RESEARCH_FIXTURE,OG-SYNTH-0.3,B1-0.3,build_opus_synthetic_programme_v0_3.py@0.3,20260812,True,d36046dba33c67d75d01c85e9ab14d42b34c21506823423043d1c04408578eda
REF-0220,6,0.75,0.925748,0.811759,0.293594,14,2,2,5,DEVELOPMENT,SYNTHETIC_RESEARCH_FIXTURE,OG-SYNTH-0.3,B1-0.3,build_opus_synthetic_programme_v0_3.py@0.3,20260812,True,870f938bb37053ae527f1717b4ca8bbb37a922c06178cc76662f7aa3db2ed62a
REF-0220,7,0.875,0.931143,0.784214,0.22129,15,0,11,1,DEVELOPMENT,SYNTHETIC_RESEARCH_FIXTURE,OG-SYNTH-0.3,B1-0.3,build_opus_synthetic_programme_v0_3.py@0.3,20260812,True,346ecc553f001113e1d2561250de4b0e6c9cafc9c3892d151bd6b0d4f3f819c8
REF-0220,8,1.0,0.850319,0.752731,0.262509,16,2,2,4,DEVELOPMENT,SYNTHETIC_RESEARCH_FIXTURE,OG-SYNTH-0.3,B1-0.3,build_opus_synthetic_programme_v0_3.py@0.3,20260812,True,308ed59b76c163d20e8a23b320a122d25605a89bfcef4bd6bf8a17fd01b4b2f9
REF-0221,1,0.125,0.933692,0.961338,0.101353,3,0,2,1,VALIDATION,SYNTHETIC_RESEARCH_FIXTURE,OG-SYNTH-0.3,B1-0.3,build_opus_synthetic_programme_v0_3.py@0.3,20260812,True,4609cf31d35381fc0b513ce8d800d7728db027e6e7250c4f76d46bcdd0452243
REF-0221,2,0.25,0.972225,0.946596,0.176404,3,1,3,2,VALIDATION,SYNTHETIC_RESEARCH_FIXTURE,OG-SYNTH-0.3,B1-0.3,build_opus_synthetic_programme_v0_3.py@0.3,20260812,True,426ca340880e693a67a59dfe3eadac81516023d01f0a31a4cbfd74395d56835c
REF-0221,3,0.375,0.99213,0.994897,0.153141,4,3,0,0,VALIDATION,SYNTHETIC_RESEARCH_FIXTURE,OG-SYNTH-0.3,B1-0.3,build_opus_synthetic_programme_v0_3.py@0.3,20260812,True,7dec2a268da56d9f77a2da0ab2314ea0193b911bb9adf3a5cb8e5ba8f6e43206
REF-0221,4,0.5,0.940753,0.948533,0.139833,1,2,1,3,VALIDATION,SYNTHETIC_RESEARCH_FIXTURE,OG-SYNTH-0.3,B1-0.3,build_opus_synthetic_programme_v0_3.py@0.3,20260812,True,1000eb7168f3773b4ecaff4009cc052002947db82b3e9661db68cace575ab0aa
REF-0221,5,0.625,0.931224,0.927653,0.211322,0,0,3,0,VALIDATION,SYNTHETIC_RESEARCH_FIXTURE,OG-SYNTH-0.3,B1-0.3,build_opus_synthetic_programme_v0_3.py@0.3,20260812,True,0c127df880b144bd3ad6c015dd5dcd983a7038cec0c8a4f95c48995a3b6f17b6
REF-0221,6,0.75,0.921591,0.971264,0.158609,4,2,1,2,VALIDATION,SYNTHETIC_RESEARCH_FIXTURE,OG-SYNTH-0.3,B1-0.3,build_opus_synthetic_programme_v0_3.py@0.3,20260812,True,dc8c1a83b91bf123eec55a0c4d41063ba27d9e928d688b28ace420428d6cfa44
REF-0221,7,0.875,0.951228,0.924143,0.180877,8,3,2,3,VALIDATION,SYNTHETIC_RESEARCH_FIXTURE,OG-SYNTH-0.3,B1-0.3,build_opus_synthetic_programme_v0_3.py@0.3,20260812,True,452765476c5ee1b23e4041a86cea5381f170c0613c81f475760f6b5a83966486
REF-0221,8,1.0,0.890775,0.902573,0.24836,1,1,2,1,VALIDATION,SYNTHETIC_RESEARCH_FIXTURE,OG-SYNTH-0.3,B1-0.3,build_opus_synthetic_programme_v0_3.py@0.3,20260812,True,3a4bd25caa272ba78fdebf34101df7e5aabda700b605f12582ad33cf24beaba3
REF-0222,1,0.125,1.032521,0.983344,0.127029,4,1,2,2,VALIDATION,SYNTHETIC_RESEARCH_FIXTURE,OG-SYNTH-0.3,B1-0.3,build_opus_synthetic_programme_v0_3.py@0.3,20260812,True,30a0560b82302e78faba3c1d765f73e6d2f71d9faf1a7749bfea97e8eb7f2632
REF-0222,2,0.25,0.9104,0.909247,0.31372,2,2,1,0,VALIDATION,SYNTHETIC_RESEARCH_FIXTURE,OG-SYNTH-0.3,B1-0.3,build_opus_synthetic_programme_v0_3.py@0.3,20260812,True,2a47bcce9318038ed5a489927d594b9ae30550ad0fd3664de3173acf2ec16a4f
REF-0222,3,0.375,0.95031,0.944807,0.280748,5,0,3,1,VALIDATION,SYNTHETIC_RESEARCH_FIXTURE,OG-SYNTH-0.3,B1-0.3,build_opus_synthetic_programme_v0_3.py@0.3,20260812,True,b18ead8f9a08a35d69bad8476524d7c3e2883f70f4b2bc432a1b334a02048eb4
REF-0222,4,0.5,0.843043,0.923693,0.160173,9,1,1,2,VALIDATION,SYNTHETIC_RESEARCH_FIXTURE,OG-SYNTH-0.3,B1-0.3,build_opus_synthetic_programme_v0_3.py@0.3,20260812,True,8f18c47fa538d33fa60ecab226feaa9d371651aefcb2a93f195e2884b6f67075
REF-0222,5,0.625,0.849437,0.877777,0.239806,3,1,0,2,VALIDATION,SYNTHETIC_RESEARCH_FIXTURE,OG-SYNTH-0.3,B1-0.3,build_opus_synthetic_programme_v0_3.py@0.3,20260812,True,f1d974ec7e66285584c4fdc713fb006671602e85dd0aeba2b2937517b28242e3
REF-0222,6,0.75,0.824634,0.865792,0.233713,9,8,1,2,VALIDATION,SYNTHETIC_RESEARCH_FIXTURE,OG-SYNTH-0.3,B1-0.3,build_opus_synthetic_programme_v0_3.py@0.3,20260812,True,f95df12530ca044450fd285ffdcb0ec95320c497ff3bdda785bc0bdf7cff87f3
REF-0222,7,0.875,0.768789,0.828765,0.329599,16,4,4,2,VALIDATION,SYNTHETIC_RESEARCH_FIXTURE,OG-SYNTH-0.3,B1-0.3,build_opus_synthetic_programme_v0_3.py@0.3,20260812,True,3e683c8e85c0a49f1d0c9858c4377181886d7d958d0aa6055a43285305483ed9
REF-0222,8,1.0,0.762983,0.826095,0.351976,11,4,4,1,VALIDATION,SYNTHETIC_RESEARCH_FIXTURE,OG-SYNTH-0.3,B1-0.3,build_opus_synthetic_programme_v0_3.py@0.3,20260812,True,9bc072e2a933bb5750d48b3dbb6d9daac0fcb468834eec8780cfa26dcaf4b092
REF-0223,1,0.125,0.94268,1.016482,0.140521,0,2,0,1,DEVELOPMENT,SYNTHETIC_RESEARCH_FIXTURE,OG-SYNTH-0.3,B1-0.3,build_opus_synthetic_programme_v0_3.py@0.3,20260812,True,15bed3455ebb72a609ab9948f28d9185c876ff534f58e055c7f0d054345ce903
REF-0223,2,0.25,1.027534,0.97874,0.152167,1,0,0,2,DEVELOPMENT,SYNTHETIC_RESEARCH_FIXTURE,OG-SYNTH-0.3,B1-0.3,build_opus_synthetic_programme_v0_3.py@0.3,20260812,True,8ab9b9125b50ca4de63e70a6e7b1e047104904226746cfb27c636b26a29192d3
REF-0223,3,0.375,1.001504,0.981455,0.174031,1,1,1,4,DEVELOPMENT,SYNTHETIC_RESEARCH_FIXTURE,OG-SYNTH-0.3,B1-0.3,build_opus_synthetic_programme_v0_3.py@0.3,20260812,True,042c073ef54ee7406ec39be5bda84f57492456194f45024b254f7f516d479906
REF-0223,4,0.5,0.979303,0.958058,0.185693,5,0,0,0,DEVELOPMENT,SYNTHETIC_RESEARCH_FIXTURE,OG-SYNTH-0.3,B1-0.3,build_opus_synthetic_programme_v0_3.py@0.3,20260812,True,0671d7cc922b32ae654df5cc1c62cfe361e95054ea2c0a9f7b1e2ea62c00d5aa
REF-0223,5,0.625,0.964862,0.927738,0.202964,2,1,3,0,DEVELOPMENT,SYNTHETIC_RESEARCH_FIXTURE,OG-SYNTH-0.3,B1-0.3,build_opus_synthetic_programme_v0_3.py@0.3,20260812,True,fd4dc4a8578abda5e747648fde411527086f556eecf906680ec1c71fbbcb336c
REF-0223,6,0.75,0.939657,0.927233,0.166254,3,1,1,0,DEVELOPMENT,SYNTHETIC_RESEARCH_FIXTURE,OG-SYNTH-0.3,B1-0.3,build_opus_synthetic_programme_v0_3.py@0.3,20260812,True,6622fc43ac5999372288a6490b732c840e73a6423143faf4f38ab7ad23bc5f53
REF-0223,7,0.875,0.948518,0.954693,0.184978,2,1,2,1,DEVELOPMENT,SYNTHETIC_RESEARCH_FIXTURE,OG-SYNTH-0.3,B1-0.3,build_opus_synthetic_programme_v0_3.py@0.3,20260812,True,7e0b3c755e0b249c2d411d5e8691844b5d760e557b9f8146baa49067a5bb9f6a
REF-0223,8,1.0,0.931823,0.933216,0.205567,3,3,0,3,DEVELOPMENT,SYNTHETIC_RESEARCH_FIXTURE,OG-SYNTH-0.3,B1-0.3,build_opus_synthetic_programme_v0_3.py@0.3,20260812,True,71042c234f81cb59596df3c2585a213dedc634ebd0ae797e2653d74f6c386c14
REF-0224,1,0.125,0.98159,0.961084,0.102456,3,2,1,0,DEVELOPMENT,SYNTHETIC_RESEARCH_FIXTURE,OG-SYNTH-0.3,B1-0.3,build_opus_synthetic_programme_v0_3.py@0.3,20260812,True,b5ad10dc3025afc59d3f529a387373db042ebfae32c49536c5ddba9d73942b03
REF-0224,2,0.25,0.963774,0.939188,0.140011,1,0,0,1,DEVELOPMENT,SYNTHETIC_RESEARCH_FIXTURE,OG-SYNTH-0.3,B1-0.3,build_opus_synthetic_programme_v0_3.py@0.3,20260812,True,1ac57de8b8bedf8b4e2edc26d655c4e1d66aee8a494fdd3f25fbce6d66cefe27
REF-0224,3,0.375,0.941313,0.931411,0.198488,5,2,1,0,DEVELOPMENT,SYNTHETIC_RESEARCH_FIXTURE,OG-SYNTH-0.3,B1-0.3,build_opus_synthetic_programme_v0_3.py@0.3,20260812,True,8069c6d539c5e6171a887b5bbdff8de579a633c16f4b957657ae2f5def5c14c5
REF-0224,4,0.5,0.977606,0.939759,0.165353,9,2,2,4,DEVELOPMENT,SYNTHETIC_RESEARCH_FIXTURE,OG-SYNTH-0.3,B1-0.3,build_opus_synthetic_programme_v0_3.py@0.3,20260812,True,5d274b653e915c79fbeafe44f3baecac9c8b377cc3f4bec2b7eeb80e5540e9c0
REF-0224,5,0.625,0.971053,0.906626,0.137824,7,0,1,3,DEVELOPMENT,SYNTHETIC_RESEARCH_FIXTURE,OG-SYNTH-0.3,B1-0.3,build_opus_synthetic_programme_v0_3.py@0.3,20260812,True,bffe8969001f758ce7b1762736ff5cd1753649584461ea5a7c3ad37f9b5bb40b
REF-0224,6,0.75,1.045134,0.871114,0.158536,6,0,3,0,DEVELOPMENT,SYNTHETIC_RESEARCH_FIXTURE,OG-SYNTH-0.3,B1-0.3,build_opus_synthetic_programme_v0_3.py@0.3,20260812,True,997cffc24204e123f8cd5f15a61ea26fa59c79399f562ca96591388af8bd827f
REF-0224,7,0.875,0.991566,0.873061,0.159057,7,5,3,1,DEVELOPMENT,SYNTHETIC_RESEARCH_FIXTURE,OG-SYNTH-0.3,B1-0.3,build_opus_synthetic_programme_v0_3.py@0.3,20260812,True,2499925e16cb2ef86bb1130203cbec458cf435ef9a134566c68e21fff7bafb41
REF-0224,8,1.0,0.985031,0.857595,0.168076,7,0,4,1,DEVELOPMENT,SYNTHETIC_RESEARCH_FIXTURE,OG-SYNTH-0.3,B1-0.3,build_opus_synthetic_programme_v0_3.py@0.3,20260812,True,f612dfa1bcbc4d360537d53615510a6fb3357e33296ad1851ebebd021ce63b1b
REF-0225,1,0.125,0.982118,0.997166,0.178917,4,1,0,1,DEVELOPMENT,SYNTHETIC_RESEARCH_FIXTURE,OG-SYNTH-0.3,B1-0.3,build_opus_synthetic_programme_v0_3.py@0.3,20260812,True,20ce546ef5ad651d90235998bd295d5737bdf8e78907cff922c4b997eaa4d5fa
REF-0225,2,0.25,0.981563,0.985061,0.19312,5,2,5,0,DEVELOPMENT,SYNTHETIC_RESEARCH_FIXTURE,OG-SYNTH-0.3,B1-0.3,build_opus_synthetic_programme_v0_3.py@0.3,20260812,True,862ca4af2c7a6c7efcf5fb9a94140f472d8209f09c84db7344a51bbd404c9bd7
REF-0225,3,0.375,1.002978,0.971848,0.261566,8,3,0,0,DEVELOPMENT,SYNTHETIC_RESEARCH_FIXTURE,OG-SYNTH-0.3,B1-0.3,build_opus_synthetic_programme_v0_3.py@0.3,20260812,True,21b07e2fbb83ba0fdc18b4f17857893aca5ed0d39265cc3f9c050d64e8f42107
REF-0225,4,0.5,0.955543,0.940187,0.218897,8,2,2,1,DEVELOPMENT,SYNTHETIC_RESEARCH_FIXTURE,OG-SYNTH-0.3,B1-0.3,build_opus_synthetic_programme_v0_3.py@0.3,20260812,True,d660faca298356073c249ca45a48b515cdfacbf882579c1450634589b4327284
REF-0225,5,0.625,0.927821,0.950885,0.18642,2,3,2,1,DEVELOPMENT,SYNTHETIC_RESEARCH_FIXTURE,OG-SYNTH-0.3,B1-0.3,build_opus_synthetic_programme_v0_3.py@0.3,20260812,True,3432a6e05770491bd38cfde54c2650f17fae28d8a19789406a7afcaea0a18ec6
REF-0225,6,0.75,0.941022,0.959861,0.188135,10,4,1,0,DEVELOPMENT,SYNTHETIC_RESEARCH_FIXTURE,OG-SYNTH-0.3,B1-0.3,build_opus_synthetic_programme_v0_3.py@0.3,20260812,True,7c917ec6b1bd75f1d605a7d0faa5292ffbcba4cdb87de6bc2aad635393b98f23
REF-0225,7,0.875,0.917113,0.908243,0.187003,10,2,4,1,DEVELOPMENT,SYNTHETIC_RESEARCH_FIXTURE,OG-SYNTH-0.3,B1-0.3,build_opus_synthetic_programme_v0_3.py@0.3,20260812,True,d8c09523fb4b35354023efbcd152b03068fe0f6cab637ec17e8d368f73172941
REF-0225,8,1.0,0.919895,0.92699,0.210171,11,2,4,1,DEVELOPMENT,SYNTHETIC_RESEARCH_FIXTURE,OG-SYNTH-0.3,B1-0.3,build_opus_synthetic_programme_v0_3.py@0.3,20260812,True,1909b17d6707979c80914bcd5a713074e86b209f12370c28c061fb0f065406e6
REF-0226,1,0.125,1.028278,0.960842,0.228933,1,1,1,1,LOCKED_HOLDOUT,SYNTHETIC_RESEARCH_FIXTURE,OG-SYNTH-0.3,B1-0.3,build_opus_synthetic_programme_v0_3.py@0.3,20260812,True,87da3b38e5eb1901b9540d6e22cb0ec8bdd5f7f1e41a67561a6be731240f4b22
REF-0226,2,0.25,0.957061,0.995409,0.12037,4,2,0,6,LOCKED_HOLDOUT,SYNTHETIC_RESEARCH_FIXTURE,OG-SYNTH-0.3,B1-0.3,build_opus_synthetic_programme_v0_3.py@0.3,20260812,True,f1cf88954f5b0d2a34c308cca2234b2e92e6762edc0abc395fd5a014524e9399
REF-0226,3,0.375,0.963074,0.955384,0.168969,4,1,2,2,LOCKED_HOLDOUT,SYNTHETIC_RESEARCH_FIXTURE,OG-SYNTH-0.3,B1-0.3,build_opus_synthetic_programme_v0_3.py@0.3,20260812,True,8a9623dc8c48e40e3b747d2d0058455f6f90914dad5af6c287e0909a9aef5611
REF-0226,4,0.5,1.00128,0.94966,0.179784,5,1,8,0,LOCKED_HOLDOUT,SYNTHETIC_RESEARCH_FIXTURE,OG-SYNTH-0.3,B1-0.3,build_opus_synthetic_programme_v0_3.py@0.3,20260812,True,bc67c85429df17dd382bb19f4441bc373ca7430c280724fe86fdf66164de2f0e
REF-0226,5,0.625,0.996228,0.935207,0.172894,4,1,2,2,LOCKED_HOLDOUT,SYNTHETIC_RESEARCH_FIXTURE,OG-SYNTH-0.3,B1-0.3,build_opus_synthetic_programme_v0_3.py@0.3,20260812,True,a310af96b9b9a8682aba2882c64b2f4930ef717f8828e3bc384a62805d090243
REF-0226,6,0.75,1.000137,0.931361,0.134901,6,0,2,2,LOCKED_HOLDOUT,SYNTHETIC_RESEARCH_FIXTURE,OG-SYNTH-0.3,B1-0.3,build_opus_synthetic_programme_v0_3.py@0.3,20260812,True,d54ae7ed60ce2f8085b1c9aff248a9b07e546956911e58e26a1304585a4b6e20
REF-0226,7,0.875,0.953118,0.920301,0.242532,8,2,0,0,LOCKED_HOLDOUT,SYNTHETIC_RESEARCH_FIXTURE,OG-SYNTH-0.3,B1-0.3,build_opus_synthetic_programme_v0_3.py@0.3,20260812,True,c2d87c1093dbab7a4e70709eecdc1f2bee7086a75aed438b1fb316f19ddfdd47
REF-0226,8,1.0,0.95611,0.877255,0.201792,7,1,0,2,LOCKED_HOLDOUT,SYNTHETIC_RESEARCH_FIXTURE,OG-SYNTH-0.3,B1-0.3,build_opus_synthetic_programme_v0_3.py@0.3,20260812,True,02305e04898586cbfdb316f044782ebe3fb14fb442db26046042a30ef09e2f77
REF-0227,1,0.125,0.969021,0.99595,0.134071,1,3,2,2,DEVELOPMENT,SYNTHETIC_RESEARCH_FIXTURE,OG-SYNTH-0.3,B1-0.3,build_opus_synthetic_programme_v0_3.py@0.3,20260812,True,a632f4cd5390f8a137487890f960f507217bfa0c8d0c0e355aac9d224ace7ba8
REF-0227,2,0.25,0.98382,0.904694,0.151466,3,1,0,1,DEVELOPMENT,SYNTHETIC_RESEARCH_FIXTURE,OG-SYNTH-0.3,B1-0.3,build_opus_synthetic_programme_v0_3.py@0.3,20260812,True,fb1b27a9bf83b72e9061c363aa33fb0765196cab489173b9223790ff373fdeb3
REF-0227,3,0.375,0.990812,0.925539,0.227175,4,4,2,2,DEVELOPMENT,SYNTHETIC_RESEARCH_FIXTURE,OG-SYNTH-0.3,B1-0.3,build_opus_synthetic_programme_v0_3.py@0.3,20260812,True,623321fb18f6c01bc9260833d5e262129b0a14469ba352969923bb74ddc133f4
REF-0227,4,0.5,0.989454,0.927625,0.202099,4,2,3,3,DEVELOPMENT,SYNTHETIC_RESEARCH_FIXTURE,OG-SYNTH-0.3,B1-0.3,build_opus_synthetic_programme_v0_3.py@0.3,20260812,True,50d47b794e98ac367adebfc9d9f547493157f81ef99a5fcc2662fb00d995af7b
REF-0227,5,0.625,0.929249,0.9256,0.202465,6,1,2,2,DEVELOPMENT,SYNTHETIC_RESEARCH_FIXTURE,OG-SYNTH-0.3,B1-0.3,build_opus_synthetic_programme_v0_3.py@0.3,20260812,True,d25705d92548536a7c20d8c25ef6971ac29ba869b802ee9e0be1cb5e782081bd
REF-0227,6,0.75,0.904554,0.8619,0.226111,7,2,1,1,DEVELOPMENT,SYNTHETIC_RESEARCH_FIXTURE,OG-SYNTH-0.3,B1-0.3,build_opus_synthetic_programme_v0_3.py@0.3,20260812,True,3c00962d32692835851d5c437f55c5bf7fac233fd721c683f76bb74ead623abe
REF-0227,7,0.875,0.911157,0.815519,0.236008,10,1,4,2,DEVELOPMENT,SYNTHETIC_RESEARCH_FIXTURE,OG-SYNTH-0.3,B1-0.3,build_opus_synthetic_programme_v0_3.py@0.3,20260812,True,12644ced08b6f7d71f0b02122b4a5722ba4c71526217c480d089bff577e383b5
REF-0227,8,1.0,0.937333,0.875205,0.333558,11,0,3,2,DEVELOPMENT,SYNTHETIC_RESEARCH_FIXTURE,OG-SYNTH-0.3,B1-0.3,build_opus_synthetic_programme_v0_3.py@0.3,20260812,True,74a5131894623af6af50b68641eb087a753faddfe9a37cc6d4eaa8dd59673abb
REF-0228,1,0.125,0.977149,0.979589,0.177636,0,0,0,3,LOCKED_HOLDOUT,SYNTHETIC_RESEARCH_FIXTURE,OG-SYNTH-0.3,B1-0.3,build_opus_synthetic_programme_v0_3.py@0.3,20260812,True,3dc3b50c0ff3cd2e3e5e74b2676a4c86ca5278c8100ea174eee3f901da836d04
REF-0228,2,0.25,0.974238,0.959792,0.140315,3,0,4,0,LOCKED_HOLDOUT,SYNTHETIC_RESEARCH_FIXTURE,OG-SYNTH-0.3,B1-0.3,build_opus_synthetic_programme_v0_3.py@0.3,20260812,True,4d9897b0f7f7a81adaeebc004d785dfe4cb460b2a40e745f821b6e617f89b6c4
REF-0228,3,0.375,0.980225,0.94754,0.140474,1,0,2,0,LOCKED_HOLDOUT,SYNTHETIC_RESEARCH_FIXTURE,OG-SYNTH-0.3,B1-0.3,build_opus_synthetic_programme_v0_3.py@0.3,20260812,True,574955ed1473efd791f8aa7c2ec81845e268bf1077089fb4d375c75295cc4953
REF-0228,4,0.5,0.991687,0.951547,0.222262,1,0,1,0,LOCKED_HOLDOUT,SYNTHETIC_RESEARCH_FIXTURE,OG-SYNTH-0.3,B1-0.3,build_opus_synthetic_programme_v0_3.py@0.3,20260812,True,509fde43e4727c24020e258fb374a8de94a625894a3c4a3ca970f059b730659a
REF-0228,5,0.625,0.938809,0.95451,0.210631,2,2,3,0,LOCKED_HOLDOUT,SYNTHETIC_RESEARCH_FIXTURE,OG-SYNTH-0.3,B1-0.3,build_opus_synthetic_programme_v0_3.py@0.3,20260812,True,4cf3499191c1aa8b2bbf6deb4fc1c55cae6d054a02d75d06d2d1327eb0ff8531
REF-0228,6,0.75,0.955614,0.989823,0.197843,7,2,3,0,LOCKED_HOLDOUT,SYNTHETIC_RESEARCH_FIXTURE,OG-SYNTH-0.3,B1-0.3,build_opus_synthetic_programme_v0_3.py@0.3,20260812,True,e094336fac261630139b8bbd1993b7362bcf8c65f6b32e3008987d9a9c153134
REF-0228,7,0.875,0.947301,0.965414,0.269009,11,2,2,3,LOCKED_HOLDOUT,SYNTHETIC_RESEARCH_FIXTURE,OG-SYNTH-0.3,B1-0.3,build_opus_synthetic_programme_v0_3.py@0.3,20260812,True,e97d211a9bc3cce84542dc40d652827a9f902f55458060cc45e3d950e941f0df
REF-0228,8,1.0,0.954674,0.898646,0.143891,3,2,4,1,LOCKED_HOLDOUT,SYNTHETIC_RESEARCH_FIXTURE,OG-SYNTH-0.3,B1-0.3,build_opus_synthetic_programme_v0_3.py@0.3,20260812,True,c8b53c104a27bf2de22af19f481b352b416015ffdab950613cf978237085c8ef
REF-0229,1,0.125,0.988052,1.022059,0.136482,5,1,2,2,LOCKED_HOLDOUT,SYNTHETIC_RESEARCH_FIXTURE,OG-SYNTH-0.3,B1-0.3,build_opus_synthetic_programme_v0_3.py@0.3,20260812,True,14016230faba2a72db23a95fbdcff17d723c40ed7b81c13d6a37be17d8781b81
REF-0229,2,0.25,0.938628,0.978689,0.201625,1,1,0,2,LOCKED_HOLDOUT,SYNTHETIC_RESEARCH_FIXTURE,OG-SYNTH-0.3,B1-0.3,build_opus_synthetic_programme_v0_3.py@0.3,20260812,True,3ce98be45e0be2b42c5e0b257389552fdebd6e4f1b85a5514e75a7f9f15830f2
REF-0229,3,0.375,0.919939,0.977699,0.144045,2,3,1,3,LOCKED_HOLDOUT,SYNTHETIC_RESEARCH_FIXTURE,OG-SYNTH-0.3,B1-0.3,build_opus_synthetic_programme_v0_3.py@0.3,20260812,True,b47078d3fe28caa3f26bd0df5e7b00c90599738122c3d0d8251dbccc0f3334f9
REF-0229,4,0.5,0.906722,0.972585,0.184557,3,1,2,0,LOCKED_HOLDOUT,SYNTHETIC_RESEARCH_FIXTURE,OG-SYNTH-0.3,B1-0.3,build_opus_synthetic_programme_v0_3.py@0.3,20260812,True,0fb89cea5fffd725ef6e55c0ee43b9df1f4267e85b5c55f8041baf0cbc88c378
REF-0229,5,0.625,0.906512,1.035685,0.236155,4,4,4,0,LOCKED_HOLDOUT,SYNTHETIC_RESEARCH_FIXTURE,OG-SYNTH-0.3,B1-0.3,build_opus_synthetic_programme_v0_3.py@0.3,20260812,True,03a3701b9810d07a258fff0d37f8b4d274f3abbac3765675eb4a7ec22afd0fe8
REF-0229,6,0.75,0.863738,0.948283,0.177076,8,1,2,1,LOCKED_HOLDOUT,SYNTHETIC_RESEARCH_FIXTURE,OG-SYNTH-0.3,B1-0.3,build_opus_synthetic_programme_v0_3.py@0.3,20260812,True,232c8324049d453802bf340f2d32003e03cc23cc44f4417e51dd6f5e71ae3584
REF-0229,7,0.875,0.892475,0.89574,0.269891,3,5,1,4,LOCKED_HOLDOUT,SYNTHETIC_RESEARCH_FIXTURE,OG-SYNTH-0.3,B1-0.3,build_opus_synthetic_programme_v0_3.py@0.3,20260812,True,c20f0917964180ee6314f9d6c2d1429a4ac586e3b1ac1a425e18b477b9d9e6e7
REF-0229,8,1.0,0.874968,0.950499,0.26443,12,2,1,1,LOCKED_HOLDOUT,SYNTHETIC_RESEARCH_FIXTURE,OG-SYNTH-0.3,B1-0.3,build_opus_synthetic_programme_v0_3.py@0.3,20260812,True,fae980af4195fc5c2185d9163c8f63dfa35dc1426ebc1e88e05bf7649fd28f44
REF-0230,1,0.125,0.953259,1.010183,0.170065,7,0,3,2,VALIDATION,SYNTHETIC_RESEARCH_FIXTURE,OG-SYNTH-0.3,B1-0.3,build_opus_synthetic_programme_v0_3.py@0.3,20260812,True,ec9f530e47b05c67cf14ac65c92455e8920aecf0b5fe0a56ad7baa1fac19319b
REF-0230,2,0.25,0.978533,0.958646,0.19502,3,3,1,0,VALIDATION,SYNTHETIC_RESEARCH_FIXTURE,OG-SYNTH-0.3,B1-0.3,build_opus_synthetic_programme_v0_3.py@0.3,20260812,True,38b683b79902be2ae98249c69053e0e494f52d89dca509329f6c775f602d059b
REF-0230,3,0.375,0.966012,0.955415,0.2204,3,1,3,4,VALIDATION,SYNTHETIC_RESEARCH_FIXTURE,OG-SYNTH-0.3,B1-0.3,build_opus_synthetic_programme_v0_3.py@0.3,20260812,True,40f0204b2cba523c1fb604137f364c51a738facc6f5f1e0f538e1d31e8cb6341
REF-0230,4,0.5,0.943894,0.933185,0.206684,11,1,1,2,VALIDATION,SYNTHETIC_RESEARCH_FIXTURE,OG-SYNTH-0.3,B1-0.3,build_opus_synthetic_programme_v0_3.py@0.3,20260812,True,c3e52a415c7adb32a4d8b0d9de88dcf23d06e534ac66e91a88fe24b50611aa53
REF-0230,5,0.625,0.917665,0.860879,0.255537,12,2,3,2,VALIDATION,SYNTHETIC_RESEARCH_FIXTURE,OG-SYNTH-0.3,B1-0.3,build_opus_synthetic_programme_v0_3.py@0.3,20260812,True,fac659273dfab5ced6251c9e857df86e6366330ca5dcb1355b5e6dd5720b3372
REF-0230,6,0.75,0.87804,0.86914,0.209896,16,2,6,2,VALIDATION,SYNTHETIC_RESEARCH_FIXTURE,OG-SYNTH-0.3,B1-0.3,build_opus_synthetic_programme_v0_3.py@0.3,20260812,True,8730f3251776fa9f1ac477b0c4d868f31208f21d75f24b8aff872974e892b9e8
REF-0230,7,0.875,0.869187,0.861962,0.231743,13,3,3,3,VALIDATION,SYNTHETIC_RESEARCH_FIXTURE,OG-SYNTH-0.3,B1-0.3,build_opus_synthetic_programme_v0_3.py@0.3,20260812,True,58d1232e93e6ff7c0cfece4b22c7765b66796665dd5daae87946554ead3d0ebc
REF-0230,8,1.0,0.879177,0.831161,0.183945,20,3,6,3,VALIDATION,SYNTHETIC_RESEARCH_FIXTURE,OG-SYNTH-0.3,B1-0.3,build_opus_synthetic_programme_v0_3.py@0.3,20260812,True,5b7b980cef2238ca35555a7b4fdc7f49e855fbe65753751ff3f28478b16c2787
REF-0231,1,0.125,0.969554,0.954635,0.225519,3,0,0,1,DEVELOPMENT,SYNTHETIC_RESEARCH_FIXTURE,OG-SYNTH-0.3,B1-0.3,build_opus_synthetic_programme_v0_3.py@0.3,20260812,True,14fc20fec6b499614d3c52f3f9da8ac110fad93690d348cabf4b2d53cdd211d6
REF-0231,2,0.25,1.013497,1.004466,0.141927,8,4,1,0,DEVELOPMENT,SYNTHETIC_RESEARCH_FIXTURE,OG-SYNTH-0.3,B1-0.3,build_opus_synthetic_programme_v0_3.py@0.3,20260812,True,56bea13ba535c2efc9705fc8bcdbd98ae64fb384804ba9a58b939f6d212dee85
REF-0231,3,0.375,0.937101,1.020082,0.199582,7,1,0,2,DEVELOPMENT,SYNTHETIC_RESEARCH_FIXTURE,OG-SYNTH-0.3,B1-0.3,build_opus_synthetic_programme_v0_3.py@0.3,20260812,True,73bde22dc769a907c7b56aa5ebd42ee744afe87d0b21864bdedfbd6db15ee6f2
REF-0231,4,0.5,0.956404,0.978782,0.265251,7,1,2,3,DEVELOPMENT,SYNTHETIC_RESEARCH_FIXTURE,OG-SYNTH-0.3,B1-0.3,build_opus_synthetic_programme_v0_3.py@0.3,20260812,True,9cefbbd7aae6fc83206cf3d4461481e7eae0ed93c721e07b3b357e13c9a65d32
REF-0231,5,0.625,0.968128,0.925572,0.123751,4,2,4,4,DEVELOPMENT,SYNTHETIC_RESEARCH_FIXTURE,OG-SYNTH-0.3,B1-0.3,build_opus_synthetic_programme_v0_3.py@0.3,20260812,True,50671af7047d15198f8bd18bc2e99d78ce4c26db13fc558bd567082190da08f6
REF-0231,6,0.75,0.885535,0.952973,0.242477,12,1,5,4,DEVELOPMENT,SYNTHETIC_RESEARCH_FIXTURE,OG-SYNTH-0.3,B1-0.3,build_opus_synthetic_programme_v0_3.py@0.3,20260812,True,a236dc974c9ddd73f3fe653d09a90bcfd6bb1e552395b2ea446bbb7b7e247293
REF-0231,7,0.875,0.875346,0.910341,0.217086,12,6,2,1,DEVELOPMENT,SYNTHETIC_RESEARCH_FIXTURE,OG-SYNTH-0.3,B1-0.3,build_opus_synthetic_programme_v0_3.py@0.3,20260812,True,0bca74b2418c2303a03c4e69ecabb944e33f8651cea5fe66e4acc3772fac68f3
REF-0231,8,1.0,0.903959,0.888675,0.263702,10,2,2,0,DEVELOPMENT,SYNTHETIC_RESEARCH_FIXTURE,OG-SYNTH-0.3,B1-0.3,build_opus_synthetic_programme_v0_3.py@0.3,20260812,True,f415566a5370f24f65b1bdbf171e3aed92b66b2c897cc9cd23833c735f237bf3
REF-0232,1,0.125,0.96727,0.977941,0.181778,2,2,0,2,DEVELOPMENT,SYNTHETIC_RESEARCH_FIXTURE,OG-SYNTH-0.3,B1-0.3,build_opus_synthetic_programme_v0_3.py@0.3,20260812,True,b2c5283af23b091fdfe1baecd0361383e748b308f7d430617d5249ad72df4772
REF-0232,2,0.25,0.937782,0.94464,0.194095,4,2,3,0,DEVELOPMENT,SYNTHETIC_RESEARCH_FIXTURE,OG-SYNTH-0.3,B1-0.3,build_opus_synthetic_programme_v0_3.py@0.3,20260812,True,1abad44b7ac662a6f37c023c4ae2839a7726927202cdfd32166070180fc115af
REF-0232,3,0.375,0.971549,0.9561,0.13342,8,5,2,0,DEVELOPMENT,SYNTHETIC_RESEARCH_FIXTURE,OG-SYNTH-0.3,B1-0.3,build_opus_synthetic_programme_v0_3.py@0.3,20260812,True,eb469a254559f915cb0d912b4aa76bf7951ee2eb621b4da6797b03c639d9ebb7
REF-0232,4,0.5,0.898225,0.881124,0.253644,12,3,2,1,DEVELOPMENT,SYNTHETIC_RESEARCH_FIXTURE,OG-SYNTH-0.3,B1-0.3,build_opus_synthetic_programme_v0_3.py@0.3,20260812,True,da156c06166d0f994ab9397a38a1b48891fd27f6916cd466038488aef58326bf
REF-0232,5,0.625,0.910874,0.825551,0.211616,11,2,7,0,DEVELOPMENT,SYNTHETIC_RESEARCH_FIXTURE,OG-SYNTH-0.3,B1-0.3,build_opus_synthetic_programme_v0_3.py@0.3,20260812,True,60026ebb93c2c5328641edd5219470738876bbfe4a57a66d039c83bf889cab92
REF-0232,6,0.75,0.817035,0.835862,0.190965,12,4,2,3,DEVELOPMENT,SYNTHETIC_RESEARCH_FIXTURE,OG-SYNTH-0.3,B1-0.3,build_opus_synthetic_programme_v0_3.py@0.3,20260812,True,ec3735f64af481d4dd990c1335d9efc22422190702f0d11e7335ed7976393fe4
REF-0232,7,0.875,0.853492,0.851633,0.22891,17,2,7,0,DEVELOPMENT,SYNTHETIC_RESEARCH_FIXTURE,OG-SYNTH-0.3,B1-0.3,build_opus_synthetic_programme_v0_3.py@0.3,20260812,True,dc2fffd073d863e81bee119bee59b1167e24fc34eae09f6b3b62d16d607aa567
REF-0232,8,1.0,0.781865,0.817164,0.261386,24,5,4,2,DEVELOPMENT,SYNTHETIC_RESEARCH_FIXTURE,OG-SYNTH-0.3,B1-0.3,build_opus_synthetic_programme_v0_3.py@0.3,20260812,True,b4d86e6cca675ca0578150ae2cd36ab1888a65d4dc0e65f332ce2f68532533bb
REF-0233,1,0.125,0.980975,1.003372,0.238461,4,5,0,0,DEVELOPMENT,SYNTHETIC_RESEARCH_FIXTURE,OG-SYNTH-0.3,B1-0.3,build_opus_synthetic_programme_v0_3.py@0.3,20260812,True,1407f72424ba3819975bbdb76fa3923350b82f9816eb10c31c70fa44484f8b04
REF-0233,2,0.25,0.996925,1.036601,0.123499,1,0,2,1,DEVELOPMENT,SYNTHETIC_RESEARCH_FIXTURE,OG-SYNTH-0.3,B1-0.3,build_opus_synthetic_programme_v0_3.py@0.3,20260812,True,5cf265e665a271234f65b7bf38b545dd70a605d4b1ae1f9cb41c3066f24c241f
REF-0233,3,0.375,0.975688,0.976052,0.078948,5,0,1,0,DEVELOPMENT,SYNTHETIC_RESEARCH_FIXTURE,OG-SYNTH-0.3,B1-0.3,build_opus_synthetic_programme_v0_3.py@0.3,20260812,True,31e067f924b763c3d170142beb5ca8b7fb1741a9781b8ceb1a945621d8cb28c2
REF-0233,4,0.5,0.988256,0.98138,0.171838,5,1,2,1,DEVELOPMENT,SYNTHETIC_RESEARCH_FIXTURE,OG-SYNTH-0.3,B1-0.3,build_opus_synthetic_programme_v0_3.py@0.3,20260812,True,188a11710cddc996565a2f4225153e54f822629d3480cadf4a384dbaad6a5f3a
REF-0233,5,0.625,0.969312,1.013868,0.147727,7,3,2,1,DEVELOPMENT,SYNTHETIC_RESEARCH_FIXTURE,OG-SYNTH-0.3,B1-0.3,build_opus_synthetic_programme_v0_3.py@0.3,20260812,True,1744c2be524c9065ce5c1a02bf9cbad0c66315bd897e28989098e36ce440f485
REF-0233,6,0.75,0.952027,0.952385,0.209921,6,0,0,1,DEVELOPMENT,SYNTHETIC_RESEARCH_FIXTURE,OG-SYNTH-0.3,B1-0.3,build_opus_synthetic_programme_v0_3.py@0.3,20260812,True,020a9f6da401829e3f48c27795cfd4f37167f6f09a47cb9d25a1d5a4fb878d3e
REF-0233,7,0.875,0.938976,1.006164,0.168995,10,1,5,1,DEVELOPMENT,SYNTHETIC_RESEARCH_FIXTURE,OG-SYNTH-0.3,B1-0.3,build_opus_synthetic_programme_v0_3.py@0.3,20260812,True,c82ea0e0591145cc82e8447941745970c180af164f19035641cf5f1f1b40898f
REF-0233,8,1.0,0.892449,0.990654,0.130428,9,4,2,0,DEVELOPMENT,SYNTHETIC_RESEARCH_FIXTURE,OG-SYNTH-0.3,B1-0.3,build_opus_synthetic_programme_v0_3.py@0.3,20260812,True,05cf2b831b051896b077893575761f2818dff572dbd3676b7a689b4ab92da09f
REF-0234,1,0.125,0.982286,1.007151,0.140874,2,2,2,1,DEVELOPMENT,SYNTHETIC_RESEARCH_FIXTURE,OG-SYNTH-0.3,B1-0.3,build_opus_synthetic_programme_v0_3.py@0.3,20260812,True,c05a88a9cfac9880d93e367132502b3f1db1fd95364a94fd113897f81193678c
REF-0234,2,0.25,0.96498,0.932245,0.20862,7,2,1,3,DEVELOPMENT,SYNTHETIC_RESEARCH_FIXTURE,OG-SYNTH-0.3,B1-0.3,build_opus_synthetic_programme_v0_3.py@0.3,20260812,True,b2776a58bf6a951e85c3128174da6faef309c8cc2ce3dd1f55a1ed4128147b8d
REF-0234,3,0.375,0.975531,0.92317,0.145422,6,2,3,0,DEVELOPMENT,SYNTHETIC_RESEARCH_FIXTURE,OG-SYNTH-0.3,B1-0.3,build_opus_synthetic_programme_v0_3.py@0.3,20260812,True,cb4261736751e3313d83512d193fd6f1f6edb86f4f3373b6f4125cbf36e740c4
REF-0234,4,0.5,1.001803,0.921872,0.19781,3,1,1,4,DEVELOPMENT,SYNTHETIC_RESEARCH_FIXTURE,OG-SYNTH-0.3,B1-0.3,build_opus_synthetic_programme_v0_3.py@0.3,20260812,True,73122d151b0967bf8efe36c5af8932d06fe06f3b691131ea7b70c5990a95deaf
REF-0234,5,0.625,0.974221,0.910115,0.272355,8,0,0,2,DEVELOPMENT,SYNTHETIC_RESEARCH_FIXTURE,OG-SYNTH-0.3,B1-0.3,build_opus_synthetic_programme_v0_3.py@0.3,20260812,True,8361955f5850afe591f4fdddfe431d28fc484cdeb177a9bdac288fac89a158a4
REF-0234,6,0.75,0.953565,0.870617,0.235359,7,1,2,3,DEVELOPMENT,SYNTHETIC_RESEARCH_FIXTURE,OG-SYNTH-0.3,B1-0.3,build_opus_synthetic_programme_v0_3.py@0.3,20260812,True,3552b28d275858aa329481f78cb2658eb94ff9302f9ab14d33e0156ec581d5bb
REF-0234,7,0.875,0.933171,0.851919,0.20855,15,2,3,1,DEVELOPMENT,SYNTHETIC_RESEARCH_FIXTURE,OG-SYNTH-0.3,B1-0.3,build_opus_synthetic_programme_v0_3.py@0.3,20260812,True,fa70e07c0e068d4fb15c17d18799f0e5c7e17f05e1b9021b99c867caec4b73f3
REF-0234,8,1.0,0.911346,0.829854,0.278904,10,0,2,3,DEVELOPMENT,SYNTHETIC_RESEARCH_FIXTURE,OG-SYNTH-0.3,B1-0.3,build_opus_synthetic_programme_v0_3.py@0.3,20260812,True,489089c1cb832e6fead047b77cd1c0ba46600b1138101634697ae4962f013009
REF-0235,1,0.125,1.012213,0.993733,0.065343,5,0,1,2,DEVELOPMENT,SYNTHETIC_RESEARCH_FIXTURE,OG-SYNTH-0.3,B1-0.3,build_opus_synthetic_programme_v0_3.py@0.3,20260812,True,dfb36a77b05465c42b9094dae199b780f74ada61fe0400d894a1233805a62c97
REF-0235,2,0.25,0.972701,0.945931,0.160837,5,1,3,1,DEVELOPMENT,SYNTHETIC_RESEARCH_FIXTURE,OG-SYNTH-0.3,B1-0.3,build_opus_synthetic_programme_v0_3.py@0.3,20260812,True,8f4b2a7a1bb7c8b23e058486939327cef8c2a0e394aecadaa040e300010b801b
REF-0235,3,0.375,0.946998,0.934229,0.190847,10,4,0,2,DEVELOPMENT,SYNTHETIC_RESEARCH_FIXTURE,OG-SYNTH-0.3,B1-0.3,build_opus_synthetic_programme_v0_3.py@0.3,20260812,True,bfa444831c756d316e18e480b9eae774d5fa8d34e9496904649b60b78d08895d
REF-0235,4,0.5,0.919353,0.87373,0.1338,11,5,1,2,DEVELOPMENT,SYNTHETIC_RESEARCH_FIXTURE,OG-SYNTH-0.3,B1-0.3,build_opus_synthetic_programme_v0_3.py@0.3,20260812,True,af2f3ed861c341252c109b20110532e710630e23f16e40cd2b4c769b5f44ab58
REF-0235,5,0.625,0.93446,0.884165,0.196597,12,2,3,0,DEVELOPMENT,SYNTHETIC_RESEARCH_FIXTURE,OG-SYNTH-0.3,B1-0.3,build_opus_synthetic_programme_v0_3.py@0.3,20260812,True,863c5c7491e1b1078bf49649e46c7aed7d45e7a8b0d4ef09bdcf3cbe85bfd6c8
REF-0235,6,0.75,0.960846,0.877391,0.322381,11,0,1,4,DEVELOPMENT,SYNTHETIC_RESEARCH_FIXTURE,OG-SYNTH-0.3,B1-0.3,build_opus_synthetic_programme_v0_3.py@0.3,20260812,True,f41d346d03e7ee80af51542ea8da0d54f46817981c97d3d85d6aed7263b8989c
REF-0235,7,0.875,0.91468,0.823413,0.233293,12,1,2,4,DEVELOPMENT,SYNTHETIC_RESEARCH_FIXTURE,OG-SYNTH-0.3,B1-0.3,build_opus_synthetic_programme_v0_3.py@0.3,20260812,True,f0ea62e35da4fb4e570508d8712405bd37edd8c6119dda03d36b6e17067fb5cf
REF-0235,8,1.0,0.86347,0.82309,0.235402,14,1,4,6,DEVELOPMENT,SYNTHETIC_RESEARCH_FIXTURE,OG-SYNTH-0.3,B1-0.3,build_opus_synthetic_programme_v0_3.py@0.3,20260812,True,17da0b604a8a6f05c82b88e1adcb53aed9ca46af1c8401c5c382184b8c023971
REF-0236,1,0.125,0.977657,0.957703,0.160528,10,3,2,4,DEVELOPMENT,SYNTHETIC_RESEARCH_FIXTURE,OG-SYNTH-0.3,B1-0.3,build_opus_synthetic_programme_v0_3.py@0.3,20260812,True,c4036409ac9f3b2400045897b5fef4841dca99a36d09b82957ed1c8df562da50
REF-0236,2,0.25,0.969912,0.955935,0.254387,4,3,1,0,DEVELOPMENT,SYNTHETIC_RESEARCH_FIXTURE,OG-SYNTH-0.3,B1-0.3,build_opus_synthetic_programme_v0_3.py@0.3,20260812,True,b23ae199b4dc93062065dacaec9d82f5be061eb0e61973e8f7ee55cfea510dc0
REF-0236,3,0.375,0.913185,0.924996,0.243502,11,0,5,1,DEVELOPMENT,SYNTHETIC_RESEARCH_FIXTURE,OG-SYNTH-0.3,B1-0.3,build_opus_synthetic_programme_v0_3.py@0.3,20260812,True,d89de39cec4cd9422baea130aace6de9124189c51a45fc64cca2b540c28bb939
REF-0236,4,0.5,0.884604,0.908546,0.2651,11,4,3,0,DEVELOPMENT,SYNTHETIC_RESEARCH_FIXTURE,OG-SYNTH-0.3,B1-0.3,build_opus_synthetic_programme_v0_3.py@0.3,20260812,True,5794b99db4b10b8156c9d733c8691cce1c0dc75e53073665af238cac74972002
REF-0236,5,0.625,0.873824,0.854742,0.265858,6,2,6,3,DEVELOPMENT,SYNTHETIC_RESEARCH_FIXTURE,OG-SYNTH-0.3,B1-0.3,build_opus_synthetic_programme_v0_3.py@0.3,20260812,True,d2861d017e85939adf422d10605d1bcf84702e90d96b8979d75872cd802d2cd7
REF-0236,6,0.75,0.835909,0.85288,0.312901,18,3,4,0,DEVELOPMENT,SYNTHETIC_RESEARCH_FIXTURE,OG-SYNTH-0.3,B1-0.3,build_opus_synthetic_programme_v0_3.py@0.3,20260812,True,167619ef5a34af0f39600a508302a5c8d4d67d856eb61a317d07202c934fee0a
REF-0236,7,0.875,0.782357,0.789487,0.277259,21,5,4,3,DEVELOPMENT,SYNTHETIC_RESEARCH_FIXTURE,OG-SYNTH-0.3,B1-0.3,build_opus_synthetic_programme_v0_3.py@0.3,20260812,True,10341e99b24ba024bd4d24c156e7379b8ab9c6df9194439fc7f0153bc574b3c5
REF-0236,8,1.0,0.787316,0.799068,0.356299,16,1,5,4,DEVELOPMENT,SYNTHETIC_RESEARCH_FIXTURE,OG-SYNTH-0.3,B1-0.3,build_opus_synthetic_programme_v0_3.py@0.3,20260812,True,fbf8d63ce9573c857ddf0630b24d7299ec415e1bb985feadc20c9ea45548f077
REF-0237,1,0.125,0.952577,0.989651,0.138646,5,0,0,1,VALIDATION,SYNTHETIC_RESEARCH_FIXTURE,OG-SYNTH-0.3,B1-0.3,build_opus_synthetic_programme_v0_3.py@0.3,20260812,True,c1bac9dda622fb16a35a61f38d8c616076bc4df5f8f55e40cd231740657eea17
REF-0237,2,0.25,0.99136,0.989437,0.137897,4,3,6,1,VALIDATION,SYNTHETIC_RESEARCH_FIXTURE,OG-SYNTH-0.3,B1-0.3,build_opus_synthetic_programme_v0_3.py@0.3,20260812,True,1c2b3239013a24c9cd5aec7a9d2158005c649e1013f6fa2908f89c141681d5f1
REF-0237,3,0.375,0.949515,0.97801,0.206921,6,1,2,0,VALIDATION,SYNTHETIC_RESEARCH_FIXTURE,OG-SYNTH-0.3,B1-0.3,build_opus_synthetic_programme_v0_3.py@0.3,20260812,True,f9264cbfb6e726e7767b974226bfc48db7f76495fd6eb5ce22e8eb03394818a6
REF-0237,4,0.5,0.923087,0.96891,0.246441,10,2,4,1,VALIDATION,SYNTHETIC_RESEARCH_FIXTURE,OG-SYNTH-0.3,B1-0.3,build_opus_synthetic_programme_v0_3.py@0.3,20260812,True,71d57d58079b8d42b9214fcf184187706db0f6bbdb73a9037f4f1d4d788c8ab3
REF-0237,5,0.625,0.956906,0.930413,0.138996,8,1,2,3,VALIDATION,SYNTHETIC_RESEARCH_FIXTURE,OG-SYNTH-0.3,B1-0.3,build_opus_synthetic_programme_v0_3.py@0.3,20260812,True,64988898978979b402aaca439287763474a2146f7d6d079b73ad3742d4b63ad1
REF-0237,6,0.75,0.882684,0.985255,0.217966,8,1,5,1,VALIDATION,SYNTHETIC_RESEARCH_FIXTURE,OG-SYNTH-0.3,B1-0.3,build_opus_synthetic_programme_v0_3.py@0.3,20260812,True,d547d997ec316070ff2221897023c7485d78841e6cdbf774d54a365e59a09b04
REF-0237,7,0.875,0.852816,0.986077,0.179032,13,5,3,1,VALIDATION,SYNTHETIC_RESEARCH_FIXTURE,OG-SYNTH-0.3,B1-0.3,build_opus_synthetic_programme_v0_3.py@0.3,20260812,True,f31e02683a7f5c6320ed9b596191fa6a63021768c89c1501db8878cc8fae82aa
REF-0237,8,1.0,0.829445,0.925066,0.223056,13,2,4,2,VALIDATION,SYNTHETIC_RESEARCH_FIXTURE,OG-SYNTH-0.3,B1-0.3,build_opus_synthetic_programme_v0_3.py@0.3,20260812,True,4687cda3069819389c9b15de87328fbd5c019d17d64a1bdc8fdac363ec3bb5aa
REF-0238,1,0.125,1.01554,0.933301,0.161414,4,4,1,1,DEVELOPMENT,SYNTHETIC_RESEARCH_FIXTURE,OG-SYNTH-0.3,B1-0.3,build_opus_synthetic_programme_v0_3.py@0.3,20260812,True,ab2b287d7b75dcb30522ee745f44035dbb709f97c05ec39639eb8f6409e65742
REF-0238,2,0.25,0.938203,0.949577,0.191884,4,0,0,5,DEVELOPMENT,SYNTHETIC_RESEARCH_FIXTURE,OG-SYNTH-0.3,B1-0.3,build_opus_synthetic_programme_v0_3.py@0.3,20260812,True,1f02f8c5c341422b7ff7d187a29b7ce9488d3462f58930bd1fce2bc4204b2a2e
REF-0238,3,0.375,0.965844,0.987209,0.077156,2,2,1,1,DEVELOPMENT,SYNTHETIC_RESEARCH_FIXTURE,OG-SYNTH-0.3,B1-0.3,build_opus_synthetic_programme_v0_3.py@0.3,20260812,True,a547cf75cec6d5c1c679298b0ffe3d204e47c84a0741827d514316f1c4e1c4a5
REF-0238,4,0.5,0.959225,0.957971,0.173974,2,1,0,2,DEVELOPMENT,SYNTHETIC_RESEARCH_FIXTURE,OG-SYNTH-0.3,B1-0.3,build_opus_synthetic_programme_v0_3.py@0.3,20260812,True,b9322aad81d806de752908c385dcbb680c020cd7074b7f7e26cd98c7f64f259f
REF-0238,5,0.625,0.936457,0.923187,0.255185,4,3,2,2,DEVELOPMENT,SYNTHETIC_RESEARCH_FIXTURE,OG-SYNTH-0.3,B1-0.3,build_opus_synthetic_programme_v0_3.py@0.3,20260812,True,520722bd5ca033e0301d8b6230d4c770d0a902ff4186ff2812a229f56f193df6
REF-0238,6,0.75,0.887831,0.892842,0.136515,4,1,1,0,DEVELOPMENT,SYNTHETIC_RESEARCH_FIXTURE,OG-SYNTH-0.3,B1-0.3,build_opus_synthetic_programme_v0_3.py@0.3,20260812,True,2480ee43f972baa1b0433edc9b620ba354367c64aef79d2c7a10fa07c2ae7803
REF-0238,7,0.875,0.939342,0.951351,0.207519,10,2,2,1,DEVELOPMENT,SYNTHETIC_RESEARCH_FIXTURE,OG-SYNTH-0.3,B1-0.3,build_opus_synthetic_programme_v0_3.py@0.3,20260812,True,46f2a33908f2151f3da174f3c0333ef37a803f12cf90b4188743110b7c15e686
REF-0238,8,1.0,0.887159,0.898544,0.249576,6,1,3,1,DEVELOPMENT,SYNTHETIC_RESEARCH_FIXTURE,OG-SYNTH-0.3,B1-0.3,build_opus_synthetic_programme_v0_3.py@0.3,20260812,True,ef323293c2027fa60de878b6cb5bdcab268fa432ca3d7dd0ffd96cce6a4e0ea1
REF-0239,1,0.125,0.92525,0.977461,0.196664,1,2,2,1,DEVELOPMENT,SYNTHETIC_RESEARCH_FIXTURE,OG-SYNTH-0.3,B1-0.3,build_opus_synthetic_programme_v0_3.py@0.3,20260812,True,9932d5d7b29de944b3cd454696fa212aef7fd58245da2074cc57057283a74951
REF-0239,2,0.25,0.870874,0.950626,0.271565,4,3,1,2,DEVELOPMENT,SYNTHETIC_RESEARCH_FIXTURE,OG-SYNTH-0.3,B1-0.3,build_opus_synthetic_programme_v0_3.py@0.3,20260812,True,562b1c04ddbf01a840dc622829b58bdff6d1388330979bf40ac46a594395e744
REF-0239,3,0.375,0.833425,0.928132,0.262889,7,3,2,4,DEVELOPMENT,SYNTHETIC_RESEARCH_FIXTURE,OG-SYNTH-0.3,B1-0.3,build_opus_synthetic_programme_v0_3.py@0.3,20260812,True,4e00d4db9bac5046d88449772e06e19d48b578fdd283be2ff98bb7860e796306
REF-0239,4,0.5,0.79295,0.8691,0.36235,4,6,2,4,DEVELOPMENT,SYNTHETIC_RESEARCH_FIXTURE,OG-SYNTH-0.3,B1-0.3,build_opus_synthetic_programme_v0_3.py@0.3,20260812,True,dbb4eb6c7e05f520a24bfb6031737a51bcbead19a876020865f4410617bdafcb
REF-0239,5,0.625,0.727895,0.822829,0.407888,3,8,5,1,DEVELOPMENT,SYNTHETIC_RESEARCH_FIXTURE,OG-SYNTH-0.3,B1-0.3,build_opus_synthetic_programme_v0_3.py@0.3,20260812,True,29247c5984305f564a399752250a2107d611bbe4b2737f8c39168a2cf75dbeb6
REF-0239,6,0.75,0.661827,0.814095,0.524112,3,6,1,3,DEVELOPMENT,SYNTHETIC_RESEARCH_FIXTURE,OG-SYNTH-0.3,B1-0.3,build_opus_synthetic_programme_v0_3.py@0.3,20260812,True,095c67da4d9227eaf0288cc8b8c786b63e17c8a42b18b8b29f80cb3bf1c1f66b
REF-0239,7,0.875,0.624834,0.793176,0.470262,9,8,5,4,DEVELOPMENT,SYNTHETIC_RESEARCH_FIXTURE,OG-SYNTH-0.3,B1-0.3,build_opus_synthetic_programme_v0_3.py@0.3,20260812,True,34621e6fa86aee1c9c1bf32237a0564096842b27241f385218269b9c1f59fb81
REF-0239,8,1.0,0.569739,0.760261,0.584243,9,4,3,5,DEVELOPMENT,SYNTHETIC_RESEARCH_FIXTURE,OG-SYNTH-0.3,B1-0.3,build_opus_synthetic_programme_v0_3.py@0.3,20260812,True,77ec1fa2137d85227408f882fdc63cb0c70b44b7e041a203679b482e43551ac2
REF-0240,1,0.125,0.979714,1.027352,0.101845,3,0,3,2,LOCKED_HOLDOUT,SYNTHETIC_RESEARCH_FIXTURE,OG-SYNTH-0.3,B1-0.3,build_opus_synthetic_programme_v0_3.py@0.3,20260812,True,cde64f7b88495b9edf3ca2e8b69d87f5cb8b338eccee56c7b6e5cfb02dad0637
REF-0240,2,0.25,0.971335,0.894294,0.161566,5,1,3,1,LOCKED_HOLDOUT,SYNTHETIC_RESEARCH_FIXTURE,OG-SYNTH-0.3,B1-0.3,build_opus_synthetic_programme_v0_3.py@0.3,20260812,True,d3953aa4ced4395c4cabf86f97c98df269729ed7716123814a89da6bbf97353e
REF-0240,3,0.375,0.987075,0.945934,0.218015,7,0,1,0,LOCKED_HOLDOUT,SYNTHETIC_RESEARCH_FIXTURE,OG-SYNTH-0.3,B1-0.3,build_opus_synthetic_programme_v0_3.py@0.3,20260812,True,526cd593d889d550eaa0d72679b9cf0dd4237b5965eceee09338d0a9114b64e0
REF-0240,4,0.5,0.935181,0.890469,0.247557,14,3,2,4,LOCKED_HOLDOUT,SYNTHETIC_RESEARCH_FIXTURE,OG-SYNTH-0.3,B1-0.3,build_opus_synthetic_programme_v0_3.py@0.3,20260812,True,77e6a4f4268cdd99cc23f61d250c38d6276e02479694d163a5f27f0926e46345
REF-0240,5,0.625,0.958909,0.904597,0.291519,11,3,2,1,LOCKED_HOLDOUT,SYNTHETIC_RESEARCH_FIXTURE,OG-SYNTH-0.3,B1-0.3,build_opus_synthetic_programme_v0_3.py@0.3,20260812,True,1bfeff3bac3fc39324022d4954af592ed5b6b35b32b516a37d4435d448db31b4
REF-0240,6,0.75,0.94053,0.875436,0.229704,10,2,2,3,LOCKED_HOLDOUT,SYNTHETIC_RESEARCH_FIXTURE,OG-SYNTH-0.3,B1-0.3,build_opus_synthetic_programme_v0_3.py@0.3,20260812,True,8a11e1fbb8d1ba23c4d25e4dfc571df2a5edd75bc68a39a66ccfd8f8e8896ceb
REF-0240,7,0.875,0.913811,0.864178,0.252284,16,1,8,0,LOCKED_HOLDOUT,SYNTHETIC_RESEARCH_FIXTURE,OG-SYNTH-0.3,B1-0.3,build_opus_synthetic_programme_v0_3.py@0.3,20260812,True,874b321de57dc3996fcefa095e3714ba5ae9df50489f1560d936694d7f4e8223
REF-0240,8,1.0,0.942773,0.799793,0.296165,18,2,7,6,LOCKED_HOLDOUT,SYNTHETIC_RESEARCH_FIXTURE,OG-SYNTH-0.3,B1-0.3,build_opus_synthetic_programme_v0_3.py@0.3,20260812,True,64deb60fd7e7c53e3b4c03a252eaa426f76ac59cd82ce99ef2231a7529ae1877
REF-0241,1,0.125,1.01855,0.978914,0.128177,2,2,1,2,LOCKED_HOLDOUT,SYNTHETIC_RESEARCH_FIXTURE,OG-SYNTH-0.3,B1-0.3,build_opus_synthetic_programme_v0_3.py@0.3,20260812,True,83ef0ad52ec72329454174c2588ad8bcc85239d02ee81e67758a7071de4642e1
REF-0241,2,0.25,1.000601,0.998259,0.195474,2,0,1,1,LOCKED_HOLDOUT,SYNTHETIC_RESEARCH_FIXTURE,OG-SYNTH-0.3,B1-0.3,build_opus_synthetic_programme_v0_3.py@0.3,20260812,True,e51e9b38ecbd600cb96cf9fb9276bd115ad736eb493ad95258d831065f603190
REF-0241,3,0.375,0.936399,0.957099,0.240386,12,3,1,0,LOCKED_HOLDOUT,SYNTHETIC_RESEARCH_FIXTURE,OG-SYNTH-0.3,B1-0.3,build_opus_synthetic_programme_v0_3.py@0.3,20260812,True,8b8c616fff5b5c54d066b8443659af55abf91c8c91214afab257c7262195b370
REF-0241,4,0.5,0.964165,0.895117,0.166261,7,2,3,2,LOCKED_HOLDOUT,SYNTHETIC_RESEARCH_FIXTURE,OG-SYNTH-0.3,B1-0.3,build_opus_synthetic_programme_v0_3.py@0.3,20260812,True,069a34f16e7dd274af88c8bdbd3b943a6adcbefe7ca6e611747def8f65c75892
REF-0241,5,0.625,0.929205,0.929695,0.17276,7,4,2,2,LOCKED_HOLDOUT,SYNTHETIC_RESEARCH_FIXTURE,OG-SYNTH-0.3,B1-0.3,build_opus_synthetic_programme_v0_3.py@0.3,20260812,True,de89c92d0973672626ec78b2e70f113eb475d4aa92323cff260b0920ba240d9d
REF-0241,6,0.75,0.867963,0.909261,0.175605,5,3,1,0,LOCKED_HOLDOUT,SYNTHETIC_RESEARCH_FIXTURE,OG-SYNTH-0.3,B1-0.3,build_opus_synthetic_programme_v0_3.py@0.3,20260812,True,7452648c32e39817325c35ebf9d272952f43e221675bc5c2ad2193ca943290aa
REF-0241,7,0.875,0.89927,0.829713,0.201776,5,0,4,2,LOCKED_HOLDOUT,SYNTHETIC_RESEARCH_FIXTURE,OG-SYNTH-0.3,B1-0.3,build_opus_synthetic_programme_v0_3.py@0.3,20260812,True,8e671f1545c2babe0702dae97aa100467d4f43c5d0e6e11b8dedfe61c5e63459
REF-0241,8,1.0,0.869366,0.850064,0.263025,13,2,2,6,LOCKED_HOLDOUT,SYNTHETIC_RESEARCH_FIXTURE,OG-SYNTH-0.3,B1-0.3,build_opus_synthetic_programme_v0_3.py@0.3,20260812,True,9a364f2feaf237c30d9f7c3463875cc9d9b96bf5fe7148c96f5667adfdff0b55
REF-0242,1,0.125,1.043766,0.986716,0.132139,6,0,1,3,DEVELOPMENT,SYNTHETIC_RESEARCH_FIXTURE,OG-SYNTH-0.3,B1-0.3,build_opus_synthetic_programme_v0_3.py@0.3,20260812,True,d3c1e23b0ed1ae35a30683f0847c07fe9ab7093a0d086433dfa9da88a60defa1
REF-0242,2,0.25,0.919798,0.997569,0.171934,6,0,0,2,DEVELOPMENT,SYNTHETIC_RESEARCH_FIXTURE,OG-SYNTH-0.3,B1-0.3,build_opus_synthetic_programme_v0_3.py@0.3,20260812,True,4d31e933a95739b5af283e2a123ae7ad614c991e214dc2f7fa6f436ff2bd7633
REF-0242,3,0.375,0.946344,0.944431,0.159403,9,0,5,0,DEVELOPMENT,SYNTHETIC_RESEARCH_FIXTURE,OG-SYNTH-0.3,B1-0.3,build_opus_synthetic_programme_v0_3.py@0.3,20260812,True,f4d79505c68c0cf61cb343f073d1f56d3e3f3f2b699649d02c2f036c69046694
REF-0242,4,0.5,0.944457,0.944818,0.155181,8,1,2,1,DEVELOPMENT,SYNTHETIC_RESEARCH_FIXTURE,OG-SYNTH-0.3,B1-0.3,build_opus_synthetic_programme_v0_3.py@0.3,20260812,True,686beb5e8424a6836bb3eeba7a4493bf7d82d3b5b737965be9c321caddfe1772
REF-0242,5,0.625,0.894237,0.925037,0.201189,6,3,2,1,DEVELOPMENT,SYNTHETIC_RESEARCH_FIXTURE,OG-SYNTH-0.3,B1-0.3,build_opus_synthetic_programme_v0_3.py@0.3,20260812,True,6bf090398f5af47de58b0b7d3b75476088a8717ed28aa9f6abf6fdf95e57e798
REF-0242,6,0.75,0.9075,0.969239,0.215082,7,1,4,0,DEVELOPMENT,SYNTHETIC_RESEARCH_FIXTURE,OG-SYNTH-0.3,B1-0.3,build_opus_synthetic_programme_v0_3.py@0.3,20260812,True,76ec36785d09e3aef40467432e35c57489fb02c6281f17db54f1c67e72eb0df3
REF-0242,7,0.875,0.931155,0.939733,0.272566,2,2,6,4,DEVELOPMENT,SYNTHETIC_RESEARCH_FIXTURE,OG-SYNTH-0.3,B1-0.3,build_opus_synthetic_programme_v0_3.py@0.3,20260812,True,05fde10cdd04571f2dfde04391bb6a0aa1a91f9e168015eedd2feb219d4b2255
REF-0242,8,1.0,0.87218,0.917246,0.129679,9,1,0,3,DEVELOPMENT,SYNTHETIC_RESEARCH_FIXTURE,OG-SYNTH-0.3,B1-0.3,build_opus_synthetic_programme_v0_3.py@0.3,20260812,True,0fbe6c26c34ae4ead7dfbcf66fe3be5ee18855c904c0ab427ded85510ff05adc
REF-0243,1,0.125,0.998989,0.946207,0.189499,4,3,2,0,DEVELOPMENT,SYNTHETIC_RESEARCH_FIXTURE,OG-SYNTH-0.3,B1-0.3,build_opus_synthetic_programme_v0_3.py@0.3,20260812,True,d60387baa13d2178ef1588842bf76ddc50aeb716caa6efdd062229e406beea5b
REF-0243,2,0.25,0.907952,0.885257,0.255458,6,1,2,5,DEVELOPMENT,SYNTHETIC_RESEARCH_FIXTURE,OG-SYNTH-0.3,B1-0.3,build_opus_synthetic_programme_v0_3.py@0.3,20260812,True,aac215b36267a7854d047e3d854f0352ea871a7f2b12859cc79d319781781c6a
REF-0243,3,0.375,0.906857,0.831412,0.369858,5,1,0,2,DEVELOPMENT,SYNTHETIC_RESEARCH_FIXTURE,OG-SYNTH-0.3,B1-0.3,build_opus_synthetic_programme_v0_3.py@0.3,20260812,True,11e80117b591da21de61e48161e36d2823a28d0825df4b4b472ce360b18970b6
REF-0243,4,0.5,0.811819,0.786532,0.362468,5,5,2,2,DEVELOPMENT,SYNTHETIC_RESEARCH_FIXTURE,OG-SYNTH-0.3,B1-0.3,build_opus_synthetic_programme_v0_3.py@0.3,20260812,True,bf53f2504d4b8379ccc2f6a079b807f1490a8cd3bf86aea79aed6b8187263006
REF-0243,5,0.625,0.757579,0.744035,0.34729,7,2,4,6,DEVELOPMENT,SYNTHETIC_RESEARCH_FIXTURE,OG-SYNTH-0.3,B1-0.3,build_opus_synthetic_programme_v0_3.py@0.3,20260812,True,eb3c99c6a136b133d6b4a843fe1820bfbb466078ed6eb68eeb52b979de35101b
REF-0243,6,0.75,0.692861,0.724899,0.430013,10,6,3,3,DEVELOPMENT,SYNTHETIC_RESEARCH_FIXTURE,OG-SYNTH-0.3,B1-0.3,build_opus_synthetic_programme_v0_3.py@0.3,20260812,True,faaf3ab0e9587b622bc462b84c88c3edbffa8a6b35239f63d2a11bb91188b636
REF-0243,7,0.875,0.699889,0.630134,0.428491,5,6,2,5,DEVELOPMENT,SYNTHETIC_RESEARCH_FIXTURE,OG-SYNTH-0.3,B1-0.3,build_opus_synthetic_programme_v0_3.py@0.3,20260812,True,cd6da69ca45d85f563048a6e831065fe0fd60a751323b0bf340a72c14f15b5ca
REF-0243,8,1.0,0.666896,0.560077,0.471102,12,5,1,6,DEVELOPMENT,SYNTHETIC_RESEARCH_FIXTURE,OG-SYNTH-0.3,B1-0.3,build_opus_synthetic_programme_v0_3.py@0.3,20260812,True,8f25ecfbbb8bd2cb083d6c1b6a7e350a4034af8db7102eb25a35199829b0437a
REF-0244,1,0.125,0.993533,0.972051,0.122288,2,0,0,0,DEVELOPMENT,SYNTHETIC_RESEARCH_FIXTURE,OG-SYNTH-0.3,B1-0.3,build_opus_synthetic_programme_v0_3.py@0.3,20260812,True,cd5af4b070a5ea9307a334d07ddfabe7660ed9c25db893ffbb747bcbdb7a4b94
REF-0244,2,0.25,1.01021,0.9654,0.169197,6,2,1,0,DEVELOPMENT,SYNTHETIC_RESEARCH_FIXTURE,OG-SYNTH-0.3,B1-0.3,build_opus_synthetic_programme_v0_3.py@0.3,20260812,True,a78a607c01354a469bbbed5f7f6a4897c8f44c3a5db6b20363ce9f70399afa23
REF-0244,3,0.375,1.01164,0.916102,0.159415,1,4,1,2,DEVELOPMENT,SYNTHETIC_RESEARCH_FIXTURE,OG-SYNTH-0.3,B1-0.3,build_opus_synthetic_programme_v0_3.py@0.3,20260812,True,bbd7a9057062936a294640ed2113bc47e413be2dd343e414750ed5a6b532493f
REF-0244,4,0.5,0.901012,0.920141,0.130583,3,2,4,2,DEVELOPMENT,SYNTHETIC_RESEARCH_FIXTURE,OG-SYNTH-0.3,B1-0.3,build_opus_synthetic_programme_v0_3.py@0.3,20260812,True,2852c193aa97bc3d26311702e5fac6ff5b87570726ff6a560c40ea56316ea903
REF-0244,5,0.625,0.916545,0.905022,0.233731,9,2,4,1,DEVELOPMENT,SYNTHETIC_RESEARCH_FIXTURE,OG-SYNTH-0.3,B1-0.3,build_opus_synthetic_programme_v0_3.py@0.3,20260812,True,558e59c5715af2725a43279421818c7ba74f3af2946bf4f5717e3bc325514ce5
REF-0244,6,0.75,0.915977,0.892533,0.218943,4,3,4,1,DEVELOPMENT,SYNTHETIC_RESEARCH_FIXTURE,OG-SYNTH-0.3,B1-0.3,build_opus_synthetic_programme_v0_3.py@0.3,20260812,True,f17bf7d1f29914adde780c0abd739afc75a7ec559fc631d2468f478e7e643117
REF-0244,7,0.875,0.94353,0.909842,0.190755,11,3,4,4,DEVELOPMENT,SYNTHETIC_RESEARCH_FIXTURE,OG-SYNTH-0.3,B1-0.3,build_opus_synthetic_programme_v0_3.py@0.3,20260812,True,bc7ddbe7130ea12a57c8e112b3fabed5339f7da29493dd3d7f654ec4327ed3fe
REF-0244,8,1.0,0.950525,0.847421,0.230883,10,3,2,4,DEVELOPMENT,SYNTHETIC_RESEARCH_FIXTURE,OG-SYNTH-0.3,B1-0.3,build_opus_synthetic_programme_v0_3.py@0.3,20260812,True,5a2c78a4e59859479a4edf4ca71decfebda0e9f447a68cc9e7a294bdf053b178
REF-0245,1,0.125,0.971023,0.971475,0.184576,7,2,1,4,DEVELOPMENT,SYNTHETIC_RESEARCH_FIXTURE,OG-SYNTH-0.3,B1-0.3,build_opus_synthetic_programme_v0_3.py@0.3,20260812,True,d00b854abf85708625189d6abfc205968e2da171b5a02f0f9f4b6d47efb9ce3b
REF-0245,2,0.25,0.898958,0.889133,0.24792,2,5,3,1,DEVELOPMENT,SYNTHETIC_RESEARCH_FIXTURE,OG-SYNTH-0.3,B1-0.3,build_opus_synthetic_programme_v0_3.py@0.3,20260812,True,74919783ec672ea73d70b7e208405958b64a9aaecd7704a8798a9f390b9064f3
REF-0245,3,0.375,0.85479,0.822644,0.273404,6,1,3,1,DEVELOPMENT,SYNTHETIC_RESEARCH_FIXTURE,OG-SYNTH-0.3,B1-0.3,build_opus_synthetic_programme_v0_3.py@0.3,20260812,True,3c6caf6a626cd7cf7da5d0b10626739b2764e198dc8e263ccfa3d4633f71d47f
REF-0245,4,0.5,0.80117,0.763838,0.367586,9,3,2,4,DEVELOPMENT,SYNTHETIC_RESEARCH_FIXTURE,OG-SYNTH-0.3,B1-0.3,build_opus_synthetic_programme_v0_3.py@0.3,20260812,True,ef0d81ab7113671cd1571d20084d6f2016baf72c8bb41b9ea4d11d34baa90273
REF-0245,5,0.625,0.825754,0.763035,0.395242,10,3,3,4,DEVELOPMENT,SYNTHETIC_RESEARCH_FIXTURE,OG-SYNTH-0.3,B1-0.3,build_opus_synthetic_programme_v0_3.py@0.3,20260812,True,de843c15e357c9035c271bdb4b0dbb44c560881c7b44bf7e20375c3ab8250e3e
REF-0245,6,0.75,0.758416,0.7084,0.427135,10,6,2,1,DEVELOPMENT,SYNTHETIC_RESEARCH_FIXTURE,OG-SYNTH-0.3,B1-0.3,build_opus_synthetic_programme_v0_3.py@0.3,20260812,True,58b23e25bdca90ba9f44b92e5c21288571cbbaa6d9a4e2013b59c35e91ea64d2
REF-0245,7,0.875,0.697627,0.647175,0.586664,12,4,3,5,DEVELOPMENT,SYNTHETIC_RESEARCH_FIXTURE,OG-SYNTH-0.3,B1-0.3,build_opus_synthetic_programme_v0_3.py@0.3,20260812,True,994f4ff8b0e2e6d67fbc30853050aeafdb0449fbc09ce15a54474d41899f4318
REF-0245,8,1.0,0.68865,0.575642,0.528224,13,5,3,2,DEVELOPMENT,SYNTHETIC_RESEARCH_FIXTURE,OG-SYNTH-0.3,B1-0.3,build_opus_synthetic_programme_v0_3.py@0.3,20260812,True,6c2ed1817fe0fac937fec280de4ea0ecf5231d27e44db59c43915fed440cad92
REF-0246,1,0.125,0.971288,0.964899,0.235888,5,1,2,0,VALIDATION,SYNTHETIC_RESEARCH_FIXTURE,OG-SYNTH-0.3,B1-0.3,build_opus_synthetic_programme_v0_3.py@0.3,20260812,True,21c2661b7864d831a96f8580e30ce63a5002f2393fb195aad41d666e1fa12d1e
REF-0246,2,0.25,0.9271,0.976129,0.205866,5,3,0,0,VALIDATION,SYNTHETIC_RESEARCH_FIXTURE,OG-SYNTH-0.3,B1-0.3,build_opus_synthetic_programme_v0_3.py@0.3,20260812,True,3cbd5b1b7d55041f6f1c215d3704e5b4ea7d0123c79c28f09b8525aca3bbd762
REF-0246,3,0.375,0.879083,0.911364,0.304349,8,1,2,4,VALIDATION,SYNTHETIC_RESEARCH_FIXTURE,OG-SYNTH-0.3,B1-0.3,build_opus_synthetic_programme_v0_3.py@0.3,20260812,True,1508679acb228cb66d3a56925d8e7d8d2dae92a39bc0cd3e953f3f4b98d0273b
REF-0246,4,0.5,0.951871,0.912788,0.249386,12,3,2,3,VALIDATION,SYNTHETIC_RESEARCH_FIXTURE,OG-SYNTH-0.3,B1-0.3,build_opus_synthetic_programme_v0_3.py@0.3,20260812,True,c23cedb7edbf1aa0689b4bb59445894c4e3b51ee7b032c5dfbbe56ec76dd1680
REF-0246,5,0.625,0.921214,0.905,0.201128,8,0,4,1,VALIDATION,SYNTHETIC_RESEARCH_FIXTURE,OG-SYNTH-0.3,B1-0.3,build_opus_synthetic_programme_v0_3.py@0.3,20260812,True,356b75f019511f458adb051df57bd4d3e5658f4c07cfa31a19171104cb67d17a
REF-0246,6,0.75,0.961476,0.894797,0.228086,14,2,0,1,VALIDATION,SYNTHETIC_RESEARCH_FIXTURE,OG-SYNTH-0.3,B1-0.3,build_opus_synthetic_programme_v0_3.py@0.3,20260812,True,5a91305cbda0a11b517be5118399397dcb916e2b6e3cc4cad7a64ceb79491d71
REF-0246,7,0.875,0.902209,0.853223,0.162486,18,1,6,1,VALIDATION,SYNTHETIC_RESEARCH_FIXTURE,OG-SYNTH-0.3,B1-0.3,build_opus_synthetic_programme_v0_3.py@0.3,20260812,True,7f26dfb5ca09387eec77ee9367c7db2149c2c9c45835c2dd4e68ab2f5ee09820
REF-0246,8,1.0,0.902731,0.865185,0.236184,10,3,5,3,VALIDATION,SYNTHETIC_RESEARCH_FIXTURE,OG-SYNTH-0.3,B1-0.3,build_opus_synthetic_programme_v0_3.py@0.3,20260812,True,8592dd99da4ca05563260ce60b15a920479e25820ab68426c615cf7ef3781cae
REF-0247,1,0.125,0.990695,0.953624,0.265446,7,1,0,1,DEVELOPMENT,SYNTHETIC_RESEARCH_FIXTURE,OG-SYNTH-0.3,B1-0.3,build_opus_synthetic_programme_v0_3.py@0.3,20260812,True,65812d720223b0a0c7b4b87a268295e9230c175eb92fb42bc4c7ea36874fb744
REF-0247,2,0.25,0.989858,0.972408,0.171761,4,4,1,1,DEVELOPMENT,SYNTHETIC_RESEARCH_FIXTURE,OG-SYNTH-0.3,B1-0.3,build_opus_synthetic_programme_v0_3.py@0.3,20260812,True,8ac8cfde7323a56c39d0b26bc0aa7997c0375bf3ebc3a49a203920c99b13c36d
REF-0247,3,0.375,0.993633,0.987614,0.12869,5,1,3,2,DEVELOPMENT,SYNTHETIC_RESEARCH_FIXTURE,OG-SYNTH-0.3,B1-0.3,build_opus_synthetic_programme_v0_3.py@0.3,20260812,True,e74df09b08b1f4b233d420c0bc8573c541f0faea24ce916e8417200df343d721
REF-0247,4,0.5,0.944481,0.955558,0.166814,4,2,2,4,DEVELOPMENT,SYNTHETIC_RESEARCH_FIXTURE,OG-SYNTH-0.3,B1-0.3,build_opus_synthetic_programme_v0_3.py@0.3,20260812,True,9868c16de82ed79e17031a5e154f393241ef755e3cd669e3f3cf5d72d338c35f
REF-0247,5,0.625,0.919424,0.928909,0.191606,9,2,3,2,DEVELOPMENT,SYNTHETIC_RESEARCH_FIXTURE,OG-SYNTH-0.3,B1-0.3,build_opus_synthetic_programme_v0_3.py@0.3,20260812,True,bc04791cd41e9f987a53d3c267cc930f1de28da5101fb7558c29141ad14ad944
REF-0247,6,0.75,0.913967,0.896597,0.190078,12,3,0,3,DEVELOPMENT,SYNTHETIC_RESEARCH_FIXTURE,OG-SYNTH-0.3,B1-0.3,build_opus_synthetic_programme_v0_3.py@0.3,20260812,True,f3dbc92aa9e89912f4577af94bda6c0ae98af907c6eb2ce2ae4d8e87cee8010a
REF-0247,7,0.875,0.88604,0.878402,0.232239,15,1,3,2,DEVELOPMENT,SYNTHETIC_RESEARCH_FIXTURE,OG-SYNTH-0.3,B1-0.3,build_opus_synthetic_programme_v0_3.py@0.3,20260812,True,0c38af41f0dc1407b6de2c200527d105570992605a1091e50d799cba42878f85
REF-0247,8,1.0,0.875835,0.873502,0.198996,14,2,5,5,DEVELOPMENT,SYNTHETIC_RESEARCH_FIXTURE,OG-SYNTH-0.3,B1-0.3,build_opus_synthetic_programme_v0_3.py@0.3,20260812,True,e8e4ac67ee55ec440db7b8256afdcd21822b4f904d3447382f06db039f2a6059
REF-0248,1,0.125,0.958092,0.978007,0.23042,2,1,0,0,VALIDATION,SYNTHETIC_RESEARCH_FIXTURE,OG-SYNTH-0.3,B1-0.3,build_opus_synthetic_programme_v0_3.py@0.3,20260812,True,0b5f24d1293ab903e6943e4c3a1c56a7d82686ecae1a551ec019291473fe148a
REF-0248,2,0.25,0.90084,0.918461,0.247854,5,0,2,3,VALIDATION,SYNTHETIC_RESEARCH_FIXTURE,OG-SYNTH-0.3,B1-0.3,build_opus_synthetic_programme_v0_3.py@0.3,20260812,True,5c74d7e4f37b52ad3e50bebf767829cf0b0828bc78b1545f54f29b1c49a404d6
REF-0248,3,0.375,0.873364,0.828712,0.275516,5,5,1,1,VALIDATION,SYNTHETIC_RESEARCH_FIXTURE,OG-SYNTH-0.3,B1-0.3,build_opus_synthetic_programme_v0_3.py@0.3,20260812,True,ac2495741ef83b1cebc634c8b28119c3ffbf35566895bfbaf9938aa00774f655
REF-0248,4,0.5,0.840412,0.863829,0.285963,2,2,2,4,VALIDATION,SYNTHETIC_RESEARCH_FIXTURE,OG-SYNTH-0.3,B1-0.3,build_opus_synthetic_programme_v0_3.py@0.3,20260812,True,f28bc416c48e52c5f10fc6c16532590f173f3e1bb578304c2508f703838edc6f
REF-0248,5,0.625,0.781719,0.802473,0.31013,3,6,2,4,VALIDATION,SYNTHETIC_RESEARCH_FIXTURE,OG-SYNTH-0.3,B1-0.3,build_opus_synthetic_programme_v0_3.py@0.3,20260812,True,36edda53a7c808774a4b9fd73952e9904d17f520f5d274f9ae47de96291d23c4
REF-0248,6,0.75,0.733808,0.777026,0.462637,3,4,0,3,VALIDATION,SYNTHETIC_RESEARCH_FIXTURE,OG-SYNTH-0.3,B1-0.3,build_opus_synthetic_programme_v0_3.py@0.3,20260812,True,499bd67a621e3afb7f0980fa2135c836b2d11d94807890bbef60de04de6ab3d7
REF-0248,7,0.875,0.630854,0.799671,0.368964,3,7,2,2,VALIDATION,SYNTHETIC_RESEARCH_FIXTURE,OG-SYNTH-0.3,B1-0.3,build_opus_synthetic_programme_v0_3.py@0.3,20260812,True,2dc83fafbb99518f580d28d0ddd14578d44cea2bed3845765d571c2650fb0550
REF-0248,8,1.0,0.622244,0.697748,0.471132,11,3,1,5,VALIDATION,SYNTHETIC_RESEARCH_FIXTURE,OG-SYNTH-0.3,B1-0.3,build_opus_synthetic_programme_v0_3.py@0.3,20260812,True,17c051bcf943fa911f0f14faaa365d1acd1a9808de08c22dc7edc4caa01f97a5
REF-0249,1,0.125,0.997028,0.982594,0.15848,4,1,4,2,DEVELOPMENT,SYNTHETIC_RESEARCH_FIXTURE,OG-SYNTH-0.3,B1-0.3,build_opus_synthetic_programme_v0_3.py@0.3,20260812,True,a2a7974f28f8e5ce9daba0c3ffa394054cb230c48dcff3159ae99ede42480c58
REF-0249,2,0.25,0.983965,0.996373,0.16217,6,2,3,1,DEVELOPMENT,SYNTHETIC_RESEARCH_FIXTURE,OG-SYNTH-0.3,B1-0.3,build_opus_synthetic_programme_v0_3.py@0.3,20260812,True,4fe51f12f5793a3750a8cd486299de1bef1d27f1f0e3fdba29b183c915781959
REF-0249,3,0.375,0.984543,0.956273,0.164564,5,0,0,2,DEVELOPMENT,SYNTHETIC_RESEARCH_FIXTURE,OG-SYNTH-0.3,B1-0.3,build_opus_synthetic_programme_v0_3.py@0.3,20260812,True,e49e0dce1dae50ffc9f5c2a47383eebc29d2d5c5c641ef6a40d5a2b713bd481b
REF-0249,4,0.5,0.909817,1.000256,0.270694,5,5,0,1,DEVELOPMENT,SYNTHETIC_RESEARCH_FIXTURE,OG-SYNTH-0.3,B1-0.3,build_opus_synthetic_programme_v0_3.py@0.3,20260812,True,c000ed4b418236a7a0894dbad87402e7fe1a9498cf3f20f51d0549ffc22c3574
REF-0249,5,0.625,0.908326,0.939306,0.202863,6,2,3,4,DEVELOPMENT,SYNTHETIC_RESEARCH_FIXTURE,OG-SYNTH-0.3,B1-0.3,build_opus_synthetic_programme_v0_3.py@0.3,20260812,True,71777879dbb340d95bd6d18f3e16bd99c835eadc971be024ddaf361812093919
REF-0249,6,0.75,0.903451,0.920169,0.252623,6,2,3,2,DEVELOPMENT,SYNTHETIC_RESEARCH_FIXTURE,OG-SYNTH-0.3,B1-0.3,build_opus_synthetic_programme_v0_3.py@0.3,20260812,True,aa2d67396b8342aa8ba36d1a888b3bea26151be6ef9aa2a5aef0f6844305abc1
REF-0249,7,0.875,0.915999,0.928494,0.26159,9,2,3,0,DEVELOPMENT,SYNTHETIC_RESEARCH_FIXTURE,OG-SYNTH-0.3,B1-0.3,build_opus_synthetic_programme_v0_3.py@0.3,20260812,True,0aa27a360f20790eeb875186ebb6f3c7897a8432e5b516ad43f6ac4c6212f68c
REF-0249,8,1.0,0.862774,0.937486,0.259219,2,4,3,1,DEVELOPMENT,SYNTHETIC_RESEARCH_FIXTURE,OG-SYNTH-0.3,B1-0.3,build_opus_synthetic_programme_v0_3.py@0.3,20260812,True,83058f829bb930735ffc72411e5423c0ae3e8cb70c14b16bf3a1951f6da0c5cb
REF-0250,1,0.125,0.970444,0.954502,0.14427,5,2,1,1,LOCKED_HOLDOUT,SYNTHETIC_RESEARCH_FIXTURE,OG-SYNTH-0.3,B1-0.3,build_opus_synthetic_programme_v0_3.py@0.3,20260812,True,559dd481731cb47baac81c1a1a6d0b86a34b7c4fb73bb9bab29999bcefa1f81e
REF-0250,2,0.25,1.012174,0.966154,0.079685,5,0,2,2,LOCKED_HOLDOUT,SYNTHETIC_RESEARCH_FIXTURE,OG-SYNTH-0.3,B1-0.3,build_opus_synthetic_programme_v0_3.py@0.3,20260812,True,a1dabf296da5e8e00edcab4089a137a1567570246f41f3f00d2619f2efeb6514
REF-0250,3,0.375,0.980848,0.947738,0.236733,6,0,2,1,LOCKED_HOLDOUT,SYNTHETIC_RESEARCH_FIXTURE,OG-SYNTH-0.3,B1-0.3,build_opus_synthetic_programme_v0_3.py@0.3,20260812,True,1ee5550d4555fa49932dae88d247dc1d0a3a3a8ee89d911add0953242dc1ac57
REF-0250,4,0.5,0.917294,0.96991,0.147963,4,2,1,3,LOCKED_HOLDOUT,SYNTHETIC_RESEARCH_FIXTURE,OG-SYNTH-0.3,B1-0.3,build_opus_synthetic_programme_v0_3.py@0.3,20260812,True,19666551ec0f35ae360aad4a0f9c68b7e9092e1753471e737dd7a4cf927405b3
REF-0250,5,0.625,0.945419,0.932686,0.282404,12,1,0,0,LOCKED_HOLDOUT,SYNTHETIC_RESEARCH_FIXTURE,OG-SYNTH-0.3,B1-0.3,build_opus_synthetic_programme_v0_3.py@0.3,20260812,True,1afc1785f3922015ab964360536051c26a9e28310745aae3fc184fa5d06ba901
REF-0250,6,0.75,0.899523,0.937118,0.231551,7,4,3,5,LOCKED_HOLDOUT,SYNTHETIC_RESEARCH_FIXTURE,OG-SYNTH-0.3,B1-0.3,build_opus_synthetic_programme_v0_3.py@0.3,20260812,True,010e64f55fcee066a7d543e8bfd0756bf33d7d24a8b0a80759281ff3c6d6174b
REF-0250,7,0.875,0.894129,0.879555,0.323359,5,2,4,1,LOCKED_HOLDOUT,SYNTHETIC_RESEARCH_FIXTURE,OG-SYNTH-0.3,B1-0.3,build_opus_synthetic_programme_v0_3.py@0.3,20260812,True,fdd8c6c577f86f75787d8ea1ad5a6eddea3de374c437ee28594615a839e3c272
REF-0250,8,1.0,0.889965,0.896966,0.216509,15,4,5,2,LOCKED_HOLDOUT,SYNTHETIC_RESEARCH_FIXTURE,OG-SYNTH-0.3,B1-0.3,build_opus_synthetic_programme_v0_3.py@0.3,20260812,True,dfa1cb408e53d55b1af707b4e66374919c3c1b73d40d6cd843a4e725baae2977
REF-0251,1,0.125,0.952209,1.005594,0.162508,2,1,0,0,LOCKED_HOLDOUT,SYNTHETIC_RESEARCH_FIXTURE,OG-SYNTH-0.3,B1-0.3,build_opus_synthetic_programme_v0_3.py@0.3,20260812,True,42384186123c3497a1192d4ac39cc6aea5540d18e96ea72a06defb2176d8003a
REF-0251,2,0.25,0.98696,0.974476,0.181881,4,2,2,1,LOCKED_HOLDOUT,SYNTHETIC_RESEARCH_FIXTURE,OG-SYNTH-0.3,B1-0.3,build_opus_synthetic_programme_v0_3.py@0.3,20260812,True,0ec78e17f12e6ba8b2ac07018625820488eda1bbeb3a3ad9e242e9f8d3b858f9
REF-0251,3,0.375,0.940396,0.969489,0.187765,9,3,0,1,LOCKED_HOLDOUT,SYNTHETIC_RESEARCH_FIXTURE,OG-SYNTH-0.3,B1-0.3,build_opus_synthetic_programme_v0_3.py@0.3,20260812,True,fd06034b85f5794dbb46971ce4cd0e272be16d89dd2a68cbb6de0b11c42aa856
REF-0251,4,0.5,0.906474,0.921435,0.18997,11,2,4,3,LOCKED_HOLDOUT,SYNTHETIC_RESEARCH_FIXTURE,OG-SYNTH-0.3,B1-0.3,build_opus_synthetic_programme_v0_3.py@0.3,20260812,True,fc1c08c9a330533c8c6d9804e15d4d59f87b22b7441cd386d3be50cd2a972d92
REF-0251,5,0.625,0.899797,0.900542,0.199074,9,6,3,1,LOCKED_HOLDOUT,SYNTHETIC_RESEARCH_FIXTURE,OG-SYNTH-0.3,B1-0.3,build_opus_synthetic_programme_v0_3.py@0.3,20260812,True,97f20356967c15abe6abbad9778c3b81502bd82622b0f2a627ca417c87d27849
REF-0251,6,0.75,0.868062,0.872415,0.319629,11,1,7,1,LOCKED_HOLDOUT,SYNTHETIC_RESEARCH_FIXTURE,OG-SYNTH-0.3,B1-0.3,build_opus_synthetic_programme_v0_3.py@0.3,20260812,True,0417b049299041d8aa67942895b22f21ef0305fbced2d18c50916564037adad5
REF-0251,7,0.875,0.868377,0.867962,0.313148,12,4,4,5,LOCKED_HOLDOUT,SYNTHETIC_RESEARCH_FIXTURE,OG-SYNTH-0.3,B1-0.3,build_opus_synthetic_programme_v0_3.py@0.3,20260812,True,d00ea9d2c26d28f33477944a1276272352b981155907d84326b6d32e52f445c4
REF-0251,8,1.0,0.831664,0.833924,0.306072,7,4,6,1,LOCKED_HOLDOUT,SYNTHETIC_RESEARCH_FIXTURE,OG-SYNTH-0.3,B1-0.3,build_opus_synthetic_programme_v0_3.py@0.3,20260812,True,792fd27f7c6ceab8d9921a05a5924d092b23b2fef16696e7e525fa31f4e2a9c4
REF-0252,1,0.125,0.977227,1.014636,0.21105,2,2,1,2,DEVELOPMENT,SYNTHETIC_RESEARCH_FIXTURE,OG-SYNTH-0.3,B1-0.3,build_opus_synthetic_programme_v0_3.py@0.3,20260812,True,13060f14259e3e695c78af4632066978236e3ccc259d01ddf0e8411283c779a9
REF-0252,2,0.25,0.964169,1.005428,0.224393,5,2,1,1,DEVELOPMENT,SYNTHETIC_RESEARCH_FIXTURE,OG-SYNTH-0.3,B1-0.3,build_opus_synthetic_programme_v0_3.py@0.3,20260812,True,7e70442d44d252d56036b2c3b55c293275d532f2cb159e33b9fbad37273e6db2
REF-0252,3,0.375,0.996392,1.010954,0.1504,4,1,4,2,DEVELOPMENT,SYNTHETIC_RESEARCH_FIXTURE,OG-SYNTH-0.3,B1-0.3,build_opus_synthetic_programme_v0_3.py@0.3,20260812,True,99e8769629f25ff397041c03527166d2856129a96833878423d8881115ccc99b
REF-0252,4,0.5,0.944654,0.978799,0.126394,9,3,3,0,DEVELOPMENT,SYNTHETIC_RESEARCH_FIXTURE,OG-SYNTH-0.3,B1-0.3,build_opus_synthetic_programme_v0_3.py@0.3,20260812,True,a0896729a2fe903a39eff131471da85225e9c506faf68794f7300f20d39a234d
REF-0252,5,0.625,0.894594,1.004261,0.29031,7,3,1,1,DEVELOPMENT,SYNTHETIC_RESEARCH_FIXTURE,OG-SYNTH-0.3,B1-0.3,build_opus_synthetic_programme_v0_3.py@0.3,20260812,True,fa92ec90d672f33ada1e8481966f05579233676248dd6b8bed051a2e24886069
REF-0252,6,0.75,0.889984,0.956296,0.170446,11,1,4,1,DEVELOPMENT,SYNTHETIC_RESEARCH_FIXTURE,OG-SYNTH-0.3,B1-0.3,build_opus_synthetic_programme_v0_3.py@0.3,20260812,True,be873f2883064d69bb4b9ad0aa3d588657305e4f75a9d6ca4234998f69fc541b
REF-0252,7,0.875,0.893659,0.997034,0.15618,6,0,5,1,DEVELOPMENT,SYNTHETIC_RESEARCH_FIXTURE,OG-SYNTH-0.3,B1-0.3,build_opus_synthetic_programme_v0_3.py@0.3,20260812,True,272245f747c1880b4fbd24ebd0ca53053a0051d9ed227f153b7b82583c06ecb7
REF-0252,8,1.0,0.907951,0.915247,0.235307,21,2,2,2,DEVELOPMENT,SYNTHETIC_RESEARCH_FIXTURE,OG-SYNTH-0.3,B1-0.3,build_opus_synthetic_programme_v0_3.py@0.3,20260812,True,e6fb159589639c5cea1cfffba6776865416ed94ee1b2a90d1050d696aac1d9da
REF-0253,1,0.125,1.003194,0.947383,0.211048,4,0,2,2,VALIDATION,SYNTHETIC_RESEARCH_FIXTURE,OG-SYNTH-0.3,B1-0.3,build_opus_synthetic_programme_v0_3.py@0.3,20260812,True,c3b59f4902ebfe81f0d603a5349b1527f8b2266cb11dee9025476346b474b2e9
REF-0253,2,0.25,1.007319,0.929919,0.119107,6,2,1,1,VALIDATION,SYNTHETIC_RESEARCH_FIXTURE,OG-SYNTH-0.3,B1-0.3,build_opus_synthetic_programme_v0_3.py@0.3,20260812,True,61a9cc1cd1476b6a609e7f8ad2489f3a8f9f3067bddaa0976e3526f84dd1b87f
REF-0253,3,0.375,0.985697,0.888625,0.149358,4,3,0,3,VALIDATION,SYNTHETIC_RESEARCH_FIXTURE,OG-SYNTH-0.3,B1-0.3,build_opus_synthetic_programme_v0_3.py@0.3,20260812,True,351ac5eedddc8155bd944b318f6079fe03f458f7490f8cd6a8bce6fc11b7aa37
REF-0253,4,0.5,0.942469,0.88644,0.169494,10,2,2,1,VALIDATION,SYNTHETIC_RESEARCH_FIXTURE,OG-SYNTH-0.3,B1-0.3,build_opus_synthetic_programme_v0_3.py@0.3,20260812,True,49826492013f46044d4bd51a6c32f4fbba973a0fe5142e018e797ddb90096fff
REF-0253,5,0.625,1.00066,0.895876,0.12084,15,2,4,4,VALIDATION,SYNTHETIC_RESEARCH_FIXTURE,OG-SYNTH-0.3,B1-0.3,build_opus_synthetic_programme_v0_3.py@0.3,20260812,True,adde9694f7bfba234ecd5b3b2068e34c01fcbb7203882ce0fe094d6922bc0e85
REF-0253,6,0.75,0.937419,0.869548,0.359742,12,0,2,0,VALIDATION,SYNTHETIC_RESEARCH_FIXTURE,OG-SYNTH-0.3,B1-0.3,build_opus_synthetic_programme_v0_3.py@0.3,20260812,True,67256c2d0c971731df442114841926a27618502d965b85e0c1d96e3d00f09058
REF-0253,7,0.875,0.906906,0.834876,0.337739,21,1,4,3,VALIDATION,SYNTHETIC_RESEARCH_FIXTURE,OG-SYNTH-0.3,B1-0.3,build_opus_synthetic_programme_v0_3.py@0.3,20260812,True,e0b835c6725e4499dc3f5e36800e2f6cb4c1cc5eb9ed1b28a75f9d2ca799fd1a
REF-0253,8,1.0,0.940772,0.776403,0.331793,20,2,2,8,VALIDATION,SYNTHETIC_RESEARCH_FIXTURE,OG-SYNTH-0.3,B1-0.3,build_opus_synthetic_programme_v0_3.py@0.3,20260812,True,7d3f0d29432c9fbf65d0add0f2421d61a85211bc8ed165ea9353c6b86fd02767
REF-0254,1,0.125,0.985415,0.973006,0.232625,4,0,3,0,DEVELOPMENT,SYNTHETIC_RESEARCH_FIXTURE,OG-SYNTH-0.3,B1-0.3,build_opus_synthetic_programme_v0_3.py@0.3,20260812,True,bc9915c02b23d83d61e4c73bf8e3a5584982d85d531fafa8710e5cb8dece9427
REF-0254,2,0.25,0.948577,0.946549,0.228508,4,0,3,0,DEVELOPMENT,SYNTHETIC_RESEARCH_FIXTURE,OG-SYNTH-0.3,B1-0.3,build_opus_synthetic_programme_v0_3.py@0.3,20260812,True,5ffc3b9dd758a6eed06384f9207d429163f1a5d1a3b289d32ac8888365a994cf
REF-0254,3,0.375,0.950055,0.937076,0.21005,6,0,6,0,DEVELOPMENT,SYNTHETIC_RESEARCH_FIXTURE,OG-SYNTH-0.3,B1-0.3,build_opus_synthetic_programme_v0_3.py@0.3,20260812,True,b1cf731886b0fa3154afb8ed30af8463b0e8be5960d75ad94ffb6e2f92180126
REF-0254,4,0.5,0.955971,0.943031,0.22324,2,2,2,1,DEVELOPMENT,SYNTHETIC_RESEARCH_FIXTURE,OG-SYNTH-0.3,B1-0.3,build_opus_synthetic_programme_v0_3.py@0.3,20260812,True,901cbb796579692cabf65f03649dbecfb5a9018dd674d6509d0736a5e89eef1a
REF-0254,5,0.625,0.905154,0.932941,0.218169,5,2,4,1,DEVELOPMENT,SYNTHETIC_RESEARCH_FIXTURE,OG-SYNTH-0.3,B1-0.3,build_opus_synthetic_programme_v0_3.py@0.3,20260812,True,b386030f7bfb87e8cf24038fef7dbe407e1311163894f6c564064af950e4e6ea
REF-0254,6,0.75,0.834368,0.919625,0.260689,2,0,3,0,DEVELOPMENT,SYNTHETIC_RESEARCH_FIXTURE,OG-SYNTH-0.3,B1-0.3,build_opus_synthetic_programme_v0_3.py@0.3,20260812,True,8608e4fd2025996a5f8830d6837db12ff1c5800dd06666036bae64f2836ba743
REF-0254,7,0.875,0.873765,0.837852,0.306458,8,1,6,3,DEVELOPMENT,SYNTHETIC_RESEARCH_FIXTURE,OG-SYNTH-0.3,B1-0.3,build_opus_synthetic_programme_v0_3.py@0.3,20260812,True,1eebbc89ef0ccabdbdf1245f732029cf8b4de1a72fa0308e11eaa1decb9138d5
REF-0254,8,1.0,0.855079,0.894262,0.295272,13,1,2,5,DEVELOPMENT,SYNTHETIC_RESEARCH_FIXTURE,OG-SYNTH-0.3,B1-0.3,build_opus_synthetic_programme_v0_3.py@0.3,20260812,True,0e962a5a0163bf233b4be02d8801ce1ee297ffb4c35b5d3168967140ff037477
REF-0255,1,0.125,0.936881,0.971582,0.211021,1,2,2,0,DEVELOPMENT,SYNTHETIC_RESEARCH_FIXTURE,OG-SYNTH-0.3,B1-0.3,build_opus_synthetic_programme_v0_3.py@0.3,20260812,True,139e9f9902ff253dc987ac2b0800cafa41fe1b029828b46942131d882252275d
REF-0255,2,0.25,1.002157,0.966716,0.097042,3,2,1,3,DEVELOPMENT,SYNTHETIC_RESEARCH_FIXTURE,OG-SYNTH-0.3,B1-0.3,build_opus_synthetic_programme_v0_3.py@0.3,20260812,True,878aa91df102bd145b8d2ce1e23f39843e613560c5db03c3584060f8316a5cbc
REF-0255,3,0.375,0.981682,1.00493,0.208074,1,1,2,2,DEVELOPMENT,SYNTHETIC_RESEARCH_FIXTURE,OG-SYNTH-0.3,B1-0.3,build_opus_synthetic_programme_v0_3.py@0.3,20260812,True,3bc3ddf3c26b0f2827a0066db751c885fdc70e7b532efc1f11563507d2091dce
REF-0255,4,0.5,0.981854,0.914014,0.191213,3,2,0,2,DEVELOPMENT,SYNTHETIC_RESEARCH_FIXTURE,OG-SYNTH-0.3,B1-0.3,build_opus_synthetic_programme_v0_3.py@0.3,20260812,True,abbe16747e51c0628e43a7fac06cc826df46d456e75060a52f12bc39f5657211
REF-0255,5,0.625,0.971122,0.955507,0.166249,2,4,0,1,DEVELOPMENT,SYNTHETIC_RESEARCH_FIXTURE,OG-SYNTH-0.3,B1-0.3,build_opus_synthetic_programme_v0_3.py@0.3,20260812,True,ffa3e62cb981949a122b48ad9b69a973fa6ef7bcbaf3ac8d3438b6e862cf6a45
REF-0255,6,0.75,0.973356,0.902392,0.240245,5,1,0,2,DEVELOPMENT,SYNTHETIC_RESEARCH_FIXTURE,OG-SYNTH-0.3,B1-0.3,build_opus_synthetic_programme_v0_3.py@0.3,20260812,True,c4b7aabb869846cfd538505658fff75ab6f72cb06da456c388c957469d61658b
REF-0255,7,0.875,0.977105,0.884291,0.189868,5,1,1,1,DEVELOPMENT,SYNTHETIC_RESEARCH_FIXTURE,OG-SYNTH-0.3,B1-0.3,build_opus_synthetic_programme_v0_3.py@0.3,20260812,True,d3ea3dddc1140ffc1047cc381e2876c5bff69513b0edb7f3e4d24c9327a1e9cd
REF-0255,8,1.0,0.977352,0.89724,0.221453,3,2,1,3,DEVELOPMENT,SYNTHETIC_RESEARCH_FIXTURE,OG-SYNTH-0.3,B1-0.3,build_opus_synthetic_programme_v0_3.py@0.3,20260812,True,53c3dc829ddcc277dcf58388edb892c68d285eb41cb0a43777895c03882a5e22
REF-0256,1,0.125,0.998715,0.973286,0.099946,3,1,1,1,VALIDATION,SYNTHETIC_RESEARCH_FIXTURE,OG-SYNTH-0.3,B1-0.3,build_opus_synthetic_programme_v0_3.py@0.3,20260812,True,96fb5a4dfba5078b3e6b363842d70e5e9aef1410f0941b3b86478f1cccc4973b
REF-0256,2,0.25,1.006555,0.935608,0.13602,5,0,1,0,VALIDATION,SYNTHETIC_RESEARCH_FIXTURE,OG-SYNTH-0.3,B1-0.3,build_opus_synthetic_programme_v0_3.py@0.3,20260812,True,761cf61a868ed5292c86f28514f393b7e05b10ad1f6a573b2b26d452287afab2
REF-0256,3,0.375,0.931228,0.921995,0.165248,5,0,0,3,VALIDATION,SYNTHETIC_RESEARCH_FIXTURE,OG-SYNTH-0.3,B1-0.3,build_opus_synthetic_programme_v0_3.py@0.3,20260812,True,79a9dbd3f66aa64d566bf47c0b66c847dfa3444ab07c2727d6ea58f8f6a3e4e0
REF-0256,4,0.5,0.928632,0.914557,0.23901,7,3,4,1,VALIDATION,SYNTHETIC_RESEARCH_FIXTURE,OG-SYNTH-0.3,B1-0.3,build_opus_synthetic_programme_v0_3.py@0.3,20260812,True,5953c1a15eebbd49fd0d4faca10d4f6b059266dc55314d1d41f8fadc492e6aa5
REF-0256,5,0.625,0.855326,0.894418,0.224949,7,4,6,0,VALIDATION,SYNTHETIC_RESEARCH_FIXTURE,OG-SYNTH-0.3,B1-0.3,build_opus_synthetic_programme_v0_3.py@0.3,20260812,True,19809c858362be9c81e73c9d569c5527ca0907a4b9f284680ba4ee694d3a4298
REF-0256,6,0.75,0.870963,0.870025,0.16128,11,1,4,2,VALIDATION,SYNTHETIC_RESEARCH_FIXTURE,OG-SYNTH-0.3,B1-0.3,build_opus_synthetic_programme_v0_3.py@0.3,20260812,True,44ff14b79c9b586760d3993bc08dbf91df450c3dd820ac387a868831d8c907cf
REF-0256,7,0.875,0.89957,0.901291,0.192255,14,4,4,1,VALIDATION,SYNTHETIC_RESEARCH_FIXTURE,OG-SYNTH-0.3,B1-0.3,build_opus_synthetic_programme_v0_3.py@0.3,20260812,True,98bc46e1efa1788f2d45e2f4493f93ecd7b4c1c6368fbf1ae5951e30ee48f543
REF-0256,8,1.0,0.82239,0.897557,0.252643,13,4,4,2,VALIDATION,SYNTHETIC_RESEARCH_FIXTURE,OG-SYNTH-0.3,B1-0.3,build_opus_synthetic_programme_v0_3.py@0.3,20260812,True,ed4b9f15cc482a8e75c06cd92d62a08a40f5d26ac2bd74d3fb2bbca5e107e140
REF-0257,1,0.125,0.965645,1.014762,0.147233,3,1,1,0,VALIDATION,SYNTHETIC_RESEARCH_FIXTURE,OG-SYNTH-0.3,B1-0.3,build_opus_synthetic_programme_v0_3.py@0.3,20260812,True,86def740486c992dfb00027831e439c1c2fbad1e84fec81331b48b74db0f8090
REF-0257,2,0.25,0.946706,1.042938,0.095817,2,0,1,2,VALIDATION,SYNTHETIC_RESEARCH_FIXTURE,OG-SYNTH-0.3,B1-0.3,build_opus_synthetic_programme_v0_3.py@0.3,20260812,True,6702e20ecb3e9c03d98c721a6e68d72ff1aa8e6c7c2e828001757fc10e759c6d
REF-0257,3,0.375,1.017227,0.948628,0.199865,3,1,0,2,VALIDATION,SYNTHETIC_RESEARCH_FIXTURE,OG-SYNTH-0.3,B1-0.3,build_opus_synthetic_programme_v0_3.py@0.3,20260812,True,8663e9c1f24b93a8e6212653c88ef113b27134fd0da65affb30d7afcbb535b24
REF-0257,4,0.5,0.999612,0.97703,0.142648,2,0,2,1,VALIDATION,SYNTHETIC_RESEARCH_FIXTURE,OG-SYNTH-0.3,B1-0.3,build_opus_synthetic_programme_v0_3.py@0.3,20260812,True,7edc9b30306be05feb02d53e5c1a09af3b6fc1d5f4a988f26bd51b02bf75efe6
REF-0257,5,0.625,1.029982,0.968046,0.162493,4,1,1,2,VALIDATION,SYNTHETIC_RESEARCH_FIXTURE,OG-SYNTH-0.3,B1-0.3,build_opus_synthetic_programme_v0_3.py@0.3,20260812,True,900e799d777452312ba935eff49115e8f0d3ff1bcead851064888fa77a9d085d
REF-0257,6,0.75,0.942878,0.985017,0.072293,3,2,0,1,VALIDATION,SYNTHETIC_RESEARCH_FIXTURE,OG-SYNTH-0.3,B1-0.3,build_opus_synthetic_programme_v0_3.py@0.3,20260812,True,ddf4b7f9a9763fdc4349fc307f64cdd3d5d6e92e488ff7f0a2e43c2544efeb48
REF-0257,7,0.875,0.985992,0.982767,0.214681,6,2,1,1,VALIDATION,SYNTHETIC_RESEARCH_FIXTURE,OG-SYNTH-0.3,B1-0.3,build_opus_synthetic_programme_v0_3.py@0.3,20260812,True,f69331624f3e723abd451296460a5f22c0cfedf1c8f452d1361aefe9adac0982
REF-0257,8,1.0,0.947937,0.993798,0.232155,6,1,0,1,VALIDATION,SYNTHETIC_RESEARCH_FIXTURE,OG-SYNTH-0.3,B1-0.3,build_opus_synthetic_programme_v0_3.py@0.3,20260812,True,47661e00c7ef3e7007a6d58c994be3924db06c43d3fd4e634a72914759881e0d
REF-0258,1,0.125,0.971297,0.999819,0.210853,4,3,2,2,DEVELOPMENT,SYNTHETIC_RESEARCH_FIXTURE,OG-SYNTH-0.3,B1-0.3,build_opus_synthetic_programme_v0_3.py@0.3,20260812,True,c30ac0b1c3e36fc79f108d935b01a203d1e3b1e068d2704ec1aaef4ea5c5e997
REF-0258,2,0.25,0.951441,0.982704,0.256564,8,1,1,2,DEVELOPMENT,SYNTHETIC_RESEARCH_FIXTURE,OG-SYNTH-0.3,B1-0.3,build_opus_synthetic_programme_v0_3.py@0.3,20260812,True,3e7fc568e1fa0a14a97a9f2a10ff0492366727b34c64d7f41f4e3321f4bbe545
REF-0258,3,0.375,0.898039,0.951635,0.135877,3,1,3,2,DEVELOPMENT,SYNTHETIC_RESEARCH_FIXTURE,OG-SYNTH-0.3,B1-0.3,build_opus_synthetic_programme_v0_3.py@0.3,20260812,True,c877e21d5e0b925fffe8a6bf83d6371390bf0f94324d4ad4a362b86f8195bbea
REF-0258,4,0.5,0.908708,0.928489,0.099936,8,1,4,0,DEVELOPMENT,SYNTHETIC_RESEARCH_FIXTURE,OG-SYNTH-0.3,B1-0.3,build_opus_synthetic_programme_v0_3.py@0.3,20260812,True,1774a0511338b1e85954d550c3048c8b454880aa1a14c35596336fa11c8d7abe
REF-0258,5,0.625,0.868402,0.887669,0.243768,12,2,7,3,DEVELOPMENT,SYNTHETIC_RESEARCH_FIXTURE,OG-SYNTH-0.3,B1-0.3,build_opus_synthetic_programme_v0_3.py@0.3,20260812,True,356cbbd295a6e45e8abae0ccaaaa840d57c04b8cc28d019118c5ea2e5c2177ce
REF-0258,6,0.75,0.862702,0.884723,0.306004,15,6,6,4,DEVELOPMENT,SYNTHETIC_RESEARCH_FIXTURE,OG-SYNTH-0.3,B1-0.3,build_opus_synthetic_programme_v0_3.py@0.3,20260812,True,b45249ebea3c9302c0c3f1590784b85a44a5c40fdafbcb04060cf8773ad5f04c
REF-0258,7,0.875,0.859454,0.856879,0.287562,9,2,4,0,DEVELOPMENT,SYNTHETIC_RESEARCH_FIXTURE,OG-SYNTH-0.3,B1-0.3,build_opus_synthetic_programme_v0_3.py@0.3,20260812,True,c6347722f8fb3353510a1155ade92dbad27ce19294e03d1a4e6aae6ff09714f6
REF-0258,8,1.0,0.850282,0.858262,0.357804,9,4,4,3,DEVELOPMENT,SYNTHETIC_RESEARCH_FIXTURE,OG-SYNTH-0.3,B1-0.3,build_opus_synthetic_programme_v0_3.py@0.3,20260812,True,ed49baa1056ad83d4694de0dec20837ce063d8de71758c488e89c776321eff4e
REF-0259,1,0.125,0.968563,0.978307,0.150114,0,1,2,0,LOCKED_HOLDOUT,SYNTHETIC_RESEARCH_FIXTURE,OG-SYNTH-0.3,B1-0.3,build_opus_synthetic_programme_v0_3.py@0.3,20260812,True,bd97cc6f1b37346bbfd4a8b9310607bf9fac8b09722666923de5ef08120a9b0f
REF-0259,2,0.25,0.946903,0.949673,0.181467,3,1,3,2,LOCKED_HOLDOUT,SYNTHETIC_RESEARCH_FIXTURE,OG-SYNTH-0.3,B1-0.3,build_opus_synthetic_programme_v0_3.py@0.3,20260812,True,74996223f1e050576207fddde16b3b4e4768df085b3bbec7ec78fe1f730b6dbf
REF-0259,3,0.375,0.92171,0.92148,0.182531,12,1,3,0,LOCKED_HOLDOUT,SYNTHETIC_RESEARCH_FIXTURE,OG-SYNTH-0.3,B1-0.3,build_opus_synthetic_programme_v0_3.py@0.3,20260812,True,86d426bcabd580183138c0ffdb873a1ee7e0b137130ef8bd6ec2146b6e8e0e65
REF-0259,4,0.5,0.922927,0.885603,0.263577,8,1,5,3,LOCKED_HOLDOUT,SYNTHETIC_RESEARCH_FIXTURE,OG-SYNTH-0.3,B1-0.3,build_opus_synthetic_programme_v0_3.py@0.3,20260812,True,7a8887a2e5bf17157c571177beaabfc9aab951a884c09fb0ad1105a5f0f7cd2a
REF-0259,5,0.625,0.905569,0.912539,0.264037,16,2,2,2,LOCKED_HOLDOUT,SYNTHETIC_RESEARCH_FIXTURE,OG-SYNTH-0.3,B1-0.3,build_opus_synthetic_programme_v0_3.py@0.3,20260812,True,4b02911ce6e74f81de06c2f0d2bea8c3a8078c7fef662d80f4045ff78fc66aef
REF-0259,6,0.75,0.889887,0.846467,0.202843,16,5,5,4,LOCKED_HOLDOUT,SYNTHETIC_RESEARCH_FIXTURE,OG-SYNTH-0.3,B1-0.3,build_opus_synthetic_programme_v0_3.py@0.3,20260812,True,d0ed69d60f80ddc5965c2169ccb2cf070aa9f161e8fe95554db320d173cdccd3
REF-0259,7,0.875,0.806166,0.891848,0.283243,20,3,4,1,LOCKED_HOLDOUT,SYNTHETIC_RESEARCH_FIXTURE,OG-SYNTH-0.3,B1-0.3,build_opus_synthetic_programme_v0_3.py@0.3,20260812,True,9c69ffc6ecc49681b45bf6bb7869cbeb19c8a9c9307773e16e4321f68b59429f
REF-0259,8,1.0,0.821222,0.851922,0.275098,23,2,4,4,LOCKED_HOLDOUT,SYNTHETIC_RESEARCH_FIXTURE,OG-SYNTH-0.3,B1-0.3,build_opus_synthetic_programme_v0_3.py@0.3,20260812,True,a4381d4453c812353f01fc55a0de013d087fbfd19c40e54d95dac86a449a946a
REF-0260,1,0.125,0.940689,0.953076,0.210985,4,1,0,2,LOCKED_HOLDOUT,SYNTHETIC_RESEARCH_FIXTURE,OG-SYNTH-0.3,B1-0.3,build_opus_synthetic_programme_v0_3.py@0.3,20260812,True,20920a8105373d233fffe02f53c5ef93a3c3ee858b9e2b1a6d94cc5d010223d2
REF-0260,2,0.25,0.963166,0.995858,0.230866,8,1,2,1,LOCKED_HOLDOUT,SYNTHETIC_RESEARCH_FIXTURE,OG-SYNTH-0.3,B1-0.3,build_opus_synthetic_programme_v0_3.py@0.3,20260812,True,a918b79c9ca7e64e9083d88edacf2e81ec56744d07d7f0b4c8383a94c1c0287c
REF-0260,3,0.375,0.965804,0.919522,0.072025,11,2,4,3,LOCKED_HOLDOUT,SYNTHETIC_RESEARCH_FIXTURE,OG-SYNTH-0.3,B1-0.3,build_opus_synthetic_programme_v0_3.py@0.3,20260812,True,4fd3a9c6c24baf554f3c68a66813457cc300d52c8b274e5ea517f75c80069660
REF-0260,4,0.5,0.935856,0.892405,0.273734,14,3,6,3,LOCKED_HOLDOUT,SYNTHETIC_RESEARCH_FIXTURE,OG-SYNTH-0.3,B1-0.3,build_opus_synthetic_programme_v0_3.py@0.3,20260812,True,5826bbf96f2b3e975a853a2f0435a5e03bc131b94f4325e5d835876c89193484
REF-0260,5,0.625,0.849336,0.807221,0.308447,6,3,2,1,LOCKED_HOLDOUT,SYNTHETIC_RESEARCH_FIXTURE,OG-SYNTH-0.3,B1-0.3,build_opus_synthetic_programme_v0_3.py@0.3,20260812,True,b2b3811873fe66472ca8d3a9fbedd6412eb6e244878d0ddc6708b9617ef4c145
REF-0260,6,0.75,0.870768,0.806947,0.27269,20,3,5,3,LOCKED_HOLDOUT,SYNTHETIC_RESEARCH_FIXTURE,OG-SYNTH-0.3,B1-0.3,build_opus_synthetic_programme_v0_3.py@0.3,20260812,True,ea70edb3d2656c822dc5472876affdcfd7c2dbc99050152e1a8e8a76e6a93cda
REF-0260,7,0.875,0.850695,0.80047,0.298699,15,0,3,5,LOCKED_HOLDOUT,SYNTHETIC_RESEARCH_FIXTURE,OG-SYNTH-0.3,B1-0.3,build_opus_synthetic_programme_v0_3.py@0.3,20260812,True,fbd6e168b2a707278aee303276a97bdfb3ac2f69987be15a70b92be60d7739d1
REF-0260,8,1.0,0.819425,0.757631,0.304386,26,4,7,3,LOCKED_HOLDOUT,SYNTHETIC_RESEARCH_FIXTURE,OG-SYNTH-0.3,B1-0.3,build_opus_synthetic_programme_v0_3.py@0.3,20260812,True,90cccfdf67e74dc7fa4c93c5dcbc78e190761409819a5b4b32c4f0381f0514bb
REF-0261,1,0.125,0.995192,0.959606,0.189885,3,2,5,1,DEVELOPMENT,SYNTHETIC_RESEARCH_FIXTURE,OG-SYNTH-0.3,B1-0.3,build_opus_synthetic_programme_v0_3.py@0.3,20260812,True,d47c7be1270cdd2013bfd9309a37a11df745b10b9305c60a89ea470e2b4f46e7
REF-0261,2,0.25,0.940252,0.948958,0.145744,4,0,1,1,DEVELOPMENT,SYNTHETIC_RESEARCH_FIXTURE,OG-SYNTH-0.3,B1-0.3,build_opus_synthetic_programme_v0_3.py@0.3,20260812,True,1a8adf28a66b07ae75b8253cd65126cd3b1e74e5fd1fe9adb1e334190df357c0
REF-0261,3,0.375,0.900639,0.948328,0.233616,7,2,1,3,DEVELOPMENT,SYNTHETIC_RESEARCH_FIXTURE,OG-SYNTH-0.3,B1-0.3,build_opus_synthetic_programme_v0_3.py@0.3,20260812,True,1736b823216d49ada5513ab90379f22695d63a1658c8e783756bca012ecce774
REF-0261,4,0.5,0.923276,0.920441,0.20599,12,5,1,3,DEVELOPMENT,SYNTHETIC_RESEARCH_FIXTURE,OG-SYNTH-0.3,B1-0.3,build_opus_synthetic_programme_v0_3.py@0.3,20260812,True,d4b1dca3e1ab181e048717ccbd72b5dcfdac646657d83ad92bcca09a41216cf7
REF-0261,5,0.625,0.90333,0.855941,0.128965,8,2,3,4,DEVELOPMENT,SYNTHETIC_RESEARCH_FIXTURE,OG-SYNTH-0.3,B1-0.3,build_opus_synthetic_programme_v0_3.py@0.3,20260812,True,d7523651b1587e1c60b6a7705b6f095ffd3f01ad4a305f4c3e4f0773211007ca
REF-0261,6,0.75,0.86961,0.837641,0.251693,15,0,1,1,DEVELOPMENT,SYNTHETIC_RESEARCH_FIXTURE,OG-SYNTH-0.3,B1-0.3,build_opus_synthetic_programme_v0_3.py@0.3,20260812,True,65f1f76d21d84556d8f021394669f10e315c0d621af71fd70762dba9bb92ab42
REF-0261,7,0.875,0.868337,0.819828,0.232988,18,5,4,3,DEVELOPMENT,SYNTHETIC_RESEARCH_FIXTURE,OG-SYNTH-0.3,B1-0.3,build_opus_synthetic_programme_v0_3.py@0.3,20260812,True,226bf6a98e56d57a538d43b9dd3d67cdca55176959b284a1e9f0bfd050d16824
REF-0261,8,1.0,0.811925,0.813398,0.243579,23,1,9,1,DEVELOPMENT,SYNTHETIC_RESEARCH_FIXTURE,OG-SYNTH-0.3,B1-0.3,build_opus_synthetic_programme_v0_3.py@0.3,20260812,True,62272619d9885a3e0245fcb90bc1e156dcbd1df9ca569438b580fad2fe99c98f
REF-0262,1,0.125,0.977784,0.988207,0.1385,4,0,0,0,LOCKED_HOLDOUT,SYNTHETIC_RESEARCH_FIXTURE,OG-SYNTH-0.3,B1-0.3,build_opus_synthetic_programme_v0_3.py@0.3,20260812,True,267675d95e7685e235be31d6c62f04ca80117b6ae1c0735bb2e4c4c51f9ec817
REF-0262,2,0.25,0.973799,0.969521,0.192169,3,1,1,2,LOCKED_HOLDOUT,SYNTHETIC_RESEARCH_FIXTURE,OG-SYNTH-0.3,B1-0.3,build_opus_synthetic_programme_v0_3.py@0.3,20260812,True,cfdd68e3f36cfaa672178ee63a8d13e28fc89570992e49d0198f5ae0d5f710d4
REF-0262,3,0.375,0.977996,0.910772,0.122906,5,1,1,1,LOCKED_HOLDOUT,SYNTHETIC_RESEARCH_FIXTURE,OG-SYNTH-0.3,B1-0.3,build_opus_synthetic_programme_v0_3.py@0.3,20260812,True,a21631a28228956be2d4ce71b040444fb9bd6e709737054f2c65f2d93e9f7671
REF-0262,4,0.5,1.006148,0.956861,0.154889,8,2,2,1,LOCKED_HOLDOUT,SYNTHETIC_RESEARCH_FIXTURE,OG-SYNTH-0.3,B1-0.3,build_opus_synthetic_programme_v0_3.py@0.3,20260812,True,66b5fb44442e91552ae3758a0c31096c616b97fc6c8a25263880ef783dd2e608
REF-0262,5,0.625,0.922388,0.938399,0.267748,5,0,4,1,LOCKED_HOLDOUT,SYNTHETIC_RESEARCH_FIXTURE,OG-SYNTH-0.3,B1-0.3,build_opus_synthetic_programme_v0_3.py@0.3,20260812,True,d710c99f84f99a0765fd04b9bfac7e1db73a21f64ebfd781da173599d7631fc9
REF-0262,6,0.75,0.915201,0.928397,0.185776,7,2,4,1,LOCKED_HOLDOUT,SYNTHETIC_RESEARCH_FIXTURE,OG-SYNTH-0.3,B1-0.3,build_opus_synthetic_programme_v0_3.py@0.3,20260812,True,dc118b06161f46d80ecde4979d545a6bf737931f7148a9b03e7902cd92445d55
REF-0262,7,0.875,0.890927,0.92826,0.208379,8,1,2,3,LOCKED_HOLDOUT,SYNTHETIC_RESEARCH_FIXTURE,OG-SYNTH-0.3,B1-0.3,build_opus_synthetic_programme_v0_3.py@0.3,20260812,True,507f979363af766f75c9d045c3a9edf2ac01a30852247edd4d97cb45c4fd4147
REF-0262,8,1.0,0.937943,0.858411,0.20985,9,2,6,1,LOCKED_HOLDOUT,SYNTHETIC_RESEARCH_FIXTURE,OG-SYNTH-0.3,B1-0.3,build_opus_synthetic_programme_v0_3.py@0.3,20260812,True,f8f3da1f6c4edc1f2442468a81a280be4b6623a0e2da7ea22dbeb3c829829b58
REF-0263,1,0.125,0.913241,0.967347,0.102906,1,2,1,1,DEVELOPMENT,SYNTHETIC_RESEARCH_FIXTURE,OG-SYNTH-0.3,B1-0.3,build_opus_synthetic_programme_v0_3.py@0.3,20260812,True,9c280d9c89f352f80434f0d667c4b98e01c96fa4ddf9037a563fba475ea0ee24
REF-0263,2,0.25,0.920888,0.994117,0.254316,8,1,0,0,DEVELOPMENT,SYNTHETIC_RESEARCH_FIXTURE,OG-SYNTH-0.3,B1-0.3,build_opus_synthetic_programme_v0_3.py@0.3,20260812,True,b300dacb9478bd785a5953073a2b1235d39029a9cc8969cd3a10733d3aefb366
REF-0263,3,0.375,0.920672,1.056252,0.262257,8,4,2,0,DEVELOPMENT,SYNTHETIC_RESEARCH_FIXTURE,OG-SYNTH-0.3,B1-0.3,build_opus_synthetic_programme_v0_3.py@0.3,20260812,True,3bb54e76195c73b76757c6ba9ace2003061136dd937b4684432ce1c8907bafa9
REF-0263,4,0.5,0.850485,1.062322,0.299673,9,4,3,0,DEVELOPMENT,SYNTHETIC_RESEARCH_FIXTURE,OG-SYNTH-0.3,B1-0.3,build_opus_synthetic_programme_v0_3.py@0.3,20260812,True,8dd81a3da24e79f773c330e6c10a9f9b103078218704dbf14616d1bd6ca4537a
REF-0263,5,0.625,0.881701,1.001718,0.335696,14,3,1,1,DEVELOPMENT,SYNTHETIC_RESEARCH_FIXTURE,OG-SYNTH-0.3,B1-0.3,build_opus_synthetic_programme_v0_3.py@0.3,20260812,True,c7f0b174a6bcd500a759d49163c22a33ab9b2db4bc7aa89434685f3060ab87e2
REF-0263,6,0.75,0.81698,1.024909,0.330529,3,1,3,1,DEVELOPMENT,SYNTHETIC_RESEARCH_FIXTURE,OG-SYNTH-0.3,B1-0.3,build_opus_synthetic_programme_v0_3.py@0.3,20260812,True,da68279d19be0f8b7fdff2b3f4d1e26474300c8192b335a9f5bdee6fb5997793
REF-0263,7,0.875,0.80471,1.038182,0.260147,22,4,1,2,DEVELOPMENT,SYNTHETIC_RESEARCH_FIXTURE,OG-SYNTH-0.3,B1-0.3,build_opus_synthetic_programme_v0_3.py@0.3,20260812,True,3a4808116652547e4096670e4780654d57610c9d030323b65a035790ac8bca3e
REF-0263,8,1.0,0.759716,1.051478,0.340263,17,4,10,1,DEVELOPMENT,SYNTHETIC_RESEARCH_FIXTURE,OG-SYNTH-0.3,B1-0.3,build_opus_synthetic_programme_v0_3.py@0.3,20260812,True,a2f757c88d710ab7a5a34e94b108bce60368b517901c1d59daab50acdc34ff87
REF-0264,1,0.125,0.982454,0.984139,0.196733,6,1,0,1,VALIDATION,SYNTHETIC_RESEARCH_FIXTURE,OG-SYNTH-0.3,B1-0.3,build_opus_synthetic_programme_v0_3.py@0.3,20260812,True,460b4c851dc4440e155bd99f67d45b46b1245b11671e3cfcca87e460a72c8c3b
REF-0264,2,0.25,0.962377,1.002614,0.208149,3,0,1,0,VALIDATION,SYNTHETIC_RESEARCH_FIXTURE,OG-SYNTH-0.3,B1-0.3,build_opus_synthetic_programme_v0_3.py@0.3,20260812,True,0a2119cd61158280112b776a37224de1a95dce7a3f8eddb16d69dfd1f8af5be9
REF-0264,3,0.375,0.96285,1.031014,0.212799,1,0,2,3,VALIDATION,SYNTHETIC_RESEARCH_FIXTURE,OG-SYNTH-0.3,B1-0.3,build_opus_synthetic_programme_v0_3.py@0.3,20260812,True,a31ceeafde2d1591a39f42d4d43fd5c3374c4157103cc86fdada0600bb05633e
REF-0264,4,0.5,0.887512,1.020429,0.256489,7,0,2,3,VALIDATION,SYNTHETIC_RESEARCH_FIXTURE,OG-SYNTH-0.3,B1-0.3,build_opus_synthetic_programme_v0_3.py@0.3,20260812,True,89c009114d0dff1c410793605ac829de699dc1badb018bb952d06d73cc582132
REF-0264,5,0.625,0.91328,1.014014,0.274188,7,1,4,1,VALIDATION,SYNTHETIC_RESEARCH_FIXTURE,OG-SYNTH-0.3,B1-0.3,build_opus_synthetic_programme_v0_3.py@0.3,20260812,True,86835048ee424c671e949d12c58bf1bc8dafe2fd65adf0c6ecf9e7dabc3967c5
REF-0264,6,0.75,0.831328,1.021089,0.258562,8,1,0,1,VALIDATION,SYNTHETIC_RESEARCH_FIXTURE,OG-SYNTH-0.3,B1-0.3,build_opus_synthetic_programme_v0_3.py@0.3,20260812,True,4052ec8403510ef2c90b27b7ed3007c3fba6e4e5b42311b88406efd42a8c584c
REF-0264,7,0.875,0.852109,1.04734,0.291121,10,2,2,1,VALIDATION,SYNTHETIC_RESEARCH_FIXTURE,OG-SYNTH-0.3,B1-0.3,build_opus_synthetic_programme_v0_3.py@0.3,20260812,True,72ab495df65e5916f34c98bfda8f3f2b05b2d0e3489f2911042677b2010d5a34
REF-0264,8,1.0,0.8615,1.037792,0.237322,9,5,4,2,VALIDATION,SYNTHETIC_RESEARCH_FIXTURE,OG-SYNTH-0.3,B1-0.3,build_opus_synthetic_programme_v0_3.py@0.3,20260812,True,cacdb8aa1dd45060dd8d617e6bbf4c07235dd6510399ac2bd605d0cf0a1325cb
REF-0265,1,0.125,0.94932,0.998475,0.181687,1,0,0,1,DEVELOPMENT,SYNTHETIC_RESEARCH_FIXTURE,OG-SYNTH-0.3,B1-0.3,build_opus_synthetic_programme_v0_3.py@0.3,20260812,True,5e72be8b545540e44b20de87b3fdc260f9cd0b5b717e5c77a3f515ea75f6a966
REF-0265,2,0.25,0.979733,0.981049,0.204609,1,4,1,0,DEVELOPMENT,SYNTHETIC_RESEARCH_FIXTURE,OG-SYNTH-0.3,B1-0.3,build_opus_synthetic_programme_v0_3.py@0.3,20260812,True,2fc1896dbcdd9bff9f78c5058996a65344e2db4563f9567f314744239abbe0d0
REF-0265,3,0.375,0.932796,0.931393,0.150944,3,3,0,0,DEVELOPMENT,SYNTHETIC_RESEARCH_FIXTURE,OG-SYNTH-0.3,B1-0.3,build_opus_synthetic_programme_v0_3.py@0.3,20260812,True,319e0278a724e88890b61b92db042dfcd34f11e79365afba594a353932485e59
REF-0265,4,0.5,0.887834,0.958961,0.27006,3,2,2,1,DEVELOPMENT,SYNTHETIC_RESEARCH_FIXTURE,OG-SYNTH-0.3,B1-0.3,build_opus_synthetic_programme_v0_3.py@0.3,20260812,True,92a6f6f9cc7b416af63f2e21c9f1a951d1cd309de30158339a29077f3db2c88f
REF-0265,5,0.625,0.900871,0.957019,0.159332,7,4,4,1,DEVELOPMENT,SYNTHETIC_RESEARCH_FIXTURE,OG-SYNTH-0.3,B1-0.3,build_opus_synthetic_programme_v0_3.py@0.3,20260812,True,a8e278aba19b5a33db79b2ac62d583e4580a68b61ada51b947df1682b951410c
REF-0265,6,0.75,0.908053,0.942238,0.296888,9,2,6,1,DEVELOPMENT,SYNTHETIC_RESEARCH_FIXTURE,OG-SYNTH-0.3,B1-0.3,build_opus_synthetic_programme_v0_3.py@0.3,20260812,True,5092bfea5cf0e0a9b40fb74dab66b9d7984a13e892858daf22b6ae7ad38e1cf7
REF-0265,7,0.875,0.850409,0.895113,0.253667,10,0,2,1,DEVELOPMENT,SYNTHETIC_RESEARCH_FIXTURE,OG-SYNTH-0.3,B1-0.3,build_opus_synthetic_programme_v0_3.py@0.3,20260812,True,a40fdabef4fade6eec688f538dd010a2f433b24beb0204edf259acfed8f0b0b5
REF-0265,8,1.0,0.825669,0.906855,0.259606,9,3,3,4,DEVELOPMENT,SYNTHETIC_RESEARCH_FIXTURE,OG-SYNTH-0.3,B1-0.3,build_opus_synthetic_programme_v0_3.py@0.3,20260812,True,1f0356c3e47da107748b1a62c8567826d6d74dba9d86b2ba4d044c3648e029da
REF-0266,1,0.125,0.950647,1.010492,0.161943,5,1,2,1,VALIDATION,SYNTHETIC_RESEARCH_FIXTURE,OG-SYNTH-0.3,B1-0.3,build_opus_synthetic_programme_v0_3.py@0.3,20260812,True,9773d1b136bb071837fe84073f03133e77c8c3d4d135f1de6c390d1a531a0d26
REF-0266,2,0.25,0.945989,0.936462,0.195886,8,1,2,1,VALIDATION,SYNTHETIC_RESEARCH_FIXTURE,OG-SYNTH-0.3,B1-0.3,build_opus_synthetic_programme_v0_3.py@0.3,20260812,True,43f8cc36216ef1120f5e84779f23cbe11d727298d2d4dab54057841d25c0cee1
REF-0266,3,0.375,0.923541,0.93966,0.156571,6,2,5,3,VALIDATION,SYNTHETIC_RESEARCH_FIXTURE,OG-SYNTH-0.3,B1-0.3,build_opus_synthetic_programme_v0_3.py@0.3,20260812,True,e11f645aef539c9706d1254ba5ee615859d3a067266a942dbe91bb776e73b95d
REF-0266,4,0.5,0.907737,0.93276,0.205367,18,0,2,3,VALIDATION,SYNTHETIC_RESEARCH_FIXTURE,OG-SYNTH-0.3,B1-0.3,build_opus_synthetic_programme_v0_3.py@0.3,20260812,True,6785c29d6910214a65c15b44e575a7bf4c0894a4e4105de403f99b411bf3876c
REF-0266,5,0.625,0.910849,0.867876,0.20882,10,3,6,4,VALIDATION,SYNTHETIC_RESEARCH_FIXTURE,OG-SYNTH-0.3,B1-0.3,build_opus_synthetic_programme_v0_3.py@0.3,20260812,True,de46c9aed866b5e8a4e255b82ac4392960a6e9d0fa8bd76d07b166168b931cc7
REF-0266,6,0.75,0.843159,0.837192,0.196323,10,4,3,1,VALIDATION,SYNTHETIC_RESEARCH_FIXTURE,OG-SYNTH-0.3,B1-0.3,build_opus_synthetic_programme_v0_3.py@0.3,20260812,True,5065de912578d38ad5b140275a20c15f7ce43d7afc2b530d5ea2c6fcd72b02c6
REF-0266,7,0.875,0.810673,0.809481,0.262977,14,1,2,1,VALIDATION,SYNTHETIC_RESEARCH_FIXTURE,OG-SYNTH-0.3,B1-0.3,build_opus_synthetic_programme_v0_3.py@0.3,20260812,True,6e9cef76acbb8d81d1e6beb26d85fe9ff51a3792f7a0582a4a822ee0c50730b4
REF-0266,8,1.0,0.806898,0.808335,0.262815,18,4,3,1,VALIDATION,SYNTHETIC_RESEARCH_FIXTURE,OG-SYNTH-0.3,B1-0.3,build_opus_synthetic_programme_v0_3.py@0.3,20260812,True,dfa6903e731e05e4f871adbbc1a82ba4076e48bad97e565edfb374a81b22edd0
REF-0267,1,0.125,0.951279,1.00935,0.131774,7,2,0,3,DEVELOPMENT,SYNTHETIC_RESEARCH_FIXTURE,OG-SYNTH-0.3,B1-0.3,build_opus_synthetic_programme_v0_3.py@0.3,20260812,True,27e358c6a7bb971aea134431221a0dafd0219163ef0c23ad2f21e884009981a7
REF-0267,2,0.25,0.97883,0.943202,0.150141,2,1,2,1,DEVELOPMENT,SYNTHETIC_RESEARCH_FIXTURE,OG-SYNTH-0.3,B1-0.3,build_opus_synthetic_programme_v0_3.py@0.3,20260812,True,c57014790ffd4d0866edad7c51b50a41e7b31c110d504554e635f4e14620ad58
REF-0267,3,0.375,0.893838,0.996853,0.194559,9,1,2,1,DEVELOPMENT,SYNTHETIC_RESEARCH_FIXTURE,OG-SYNTH-0.3,B1-0.3,build_opus_synthetic_programme_v0_3.py@0.3,20260812,True,4e536175f29071d8bb87c40bf9ce29fae70f69cd4dcf9f437a2b2ba846644354
REF-0267,4,0.5,0.937192,0.984987,0.275307,6,0,3,0,DEVELOPMENT,SYNTHETIC_RESEARCH_FIXTURE,OG-SYNTH-0.3,B1-0.3,build_opus_synthetic_programme_v0_3.py@0.3,20260812,True,ac8a14dc0282b91397c605387867f836544276b22c1e9ba5f0114c47b186de6f
REF-0267,5,0.625,0.875474,0.945686,0.179906,5,3,1,2,DEVELOPMENT,SYNTHETIC_RESEARCH_FIXTURE,OG-SYNTH-0.3,B1-0.3,build_opus_synthetic_programme_v0_3.py@0.3,20260812,True,4627a4db2f38e726823a2c407354b0c40e0428b72111ff84bd5608c3af69490d
REF-0267,6,0.75,0.881359,0.919074,0.281231,10,3,4,1,DEVELOPMENT,SYNTHETIC_RESEARCH_FIXTURE,OG-SYNTH-0.3,B1-0.3,build_opus_synthetic_programme_v0_3.py@0.3,20260812,True,4604f16a831d661a57c999628a7b1e6d25f823f48597c17aa93ee3a38eac5dc7
REF-0267,7,0.875,0.807843,0.916407,0.218048,14,1,7,0,DEVELOPMENT,SYNTHETIC_RESEARCH_FIXTURE,OG-SYNTH-0.3,B1-0.3,build_opus_synthetic_programme_v0_3.py@0.3,20260812,True,4c130aa500225376d3aaf4ac08975397d508b1c2232efafb5891fe76144bfac7
REF-0267,8,1.0,0.825227,0.926152,0.190547,14,3,4,4,DEVELOPMENT,SYNTHETIC_RESEARCH_FIXTURE,OG-SYNTH-0.3,B1-0.3,build_opus_synthetic_programme_v0_3.py@0.3,20260812,True,85eda446d12a51e133c1045591d60124fb85fe4d3bb4199b47d917b0ae243640
REF-0268,1,0.125,0.96358,0.981184,0.194188,0,0,0,0,DEVELOPMENT,SYNTHETIC_RESEARCH_FIXTURE,OG-SYNTH-0.3,B1-0.3,build_opus_synthetic_programme_v0_3.py@0.3,20260812,True,6fb31195c6eee4817ee9f0dd6eb4a44dcc7052a1b63506a96d0acb57ef76516e
REF-0268,2,0.25,0.956873,0.983477,0.166605,2,3,1,2,DEVELOPMENT,SYNTHETIC_RESEARCH_FIXTURE,OG-SYNTH-0.3,B1-0.3,build_opus_synthetic_programme_v0_3.py@0.3,20260812,True,ff185c6bc8d0975da2b537084276f94fb85df7a91125b04f08571ceb4fa1e8e4
REF-0268,3,0.375,0.957534,0.991667,0.259168,6,0,2,0,DEVELOPMENT,SYNTHETIC_RESEARCH_FIXTURE,OG-SYNTH-0.3,B1-0.3,build_opus_synthetic_programme_v0_3.py@0.3,20260812,True,6a24da7b28fc1ed408a0e0a8b5ad0c5877916aa99077e0615c8fccce34e04036
REF-0268,4,0.5,0.959746,0.996911,0.238753,9,1,3,0,DEVELOPMENT,SYNTHETIC_RESEARCH_FIXTURE,OG-SYNTH-0.3,B1-0.3,build_opus_synthetic_programme_v0_3.py@0.3,20260812,True,bab7068ec12a67f573ebc0a84d113250ed7534bf8edf9ab2d59df725d22c5e48
REF-0268,5,0.625,0.91082,0.917213,0.231145,15,2,2,2,DEVELOPMENT,SYNTHETIC_RESEARCH_FIXTURE,OG-SYNTH-0.3,B1-0.3,build_opus_synthetic_programme_v0_3.py@0.3,20260812,True,c4ab1349fd2996705b967412cbac0711743a3eb479063cadf6430ff1e123877b
REF-0268,6,0.75,0.892428,0.988845,0.160349,10,4,7,1,DEVELOPMENT,SYNTHETIC_RESEARCH_FIXTURE,OG-SYNTH-0.3,B1-0.3,build_opus_synthetic_programme_v0_3.py@0.3,20260812,True,5c4ee60458a8d9e26e47f4b800ec0d5ea066d5e74cbda779dab7cc22a81a82b7
REF-0268,7,0.875,0.876422,0.950735,0.212239,12,1,3,0,DEVELOPMENT,SYNTHETIC_RESEARCH_FIXTURE,OG-SYNTH-0.3,B1-0.3,build_opus_synthetic_programme_v0_3.py@0.3,20260812,True,9744fdf8dfcf15ac90193217ec3d930c77efd47d185bb39a07add6cc13136460
REF-0268,8,1.0,0.862574,0.951796,0.272498,12,2,7,2,DEVELOPMENT,SYNTHETIC_RESEARCH_FIXTURE,OG-SYNTH-0.3,B1-0.3,build_opus_synthetic_programme_v0_3.py@0.3,20260812,True,bb42299463bbbaee618eab10b270bbf2c23595dcdabf0a1ceaea0fd88a00a644
REF-0269,1,0.125,0.93681,0.962607,0.285146,3,4,0,0,VALIDATION,SYNTHETIC_RESEARCH_FIXTURE,OG-SYNTH-0.3,B1-0.3,build_opus_synthetic_programme_v0_3.py@0.3,20260812,True,d4693cc70a8e300e04787da6561b343fcccb58ec35fd3486bef6716959e8eb8b
REF-0269,2,0.25,0.867993,0.912686,0.244431,4,0,3,3,VALIDATION,SYNTHETIC_RESEARCH_FIXTURE,OG-SYNTH-0.3,B1-0.3,build_opus_synthetic_programme_v0_3.py@0.3,20260812,True,f0028762051796db01755b2c4c5a14839b8116668fa4ef0647b32f1956426041
REF-0269,3,0.375,0.818037,0.798649,0.241314,11,2,0,1,VALIDATION,SYNTHETIC_RESEARCH_FIXTURE,OG-SYNTH-0.3,B1-0.3,build_opus_synthetic_programme_v0_3.py@0.3,20260812,True,b7015e26e61080b9b30e09ce1a6e4f3126ff5a3a2519b4c2576d8d3a4413919d
REF-0269,4,0.5,0.842307,0.837067,0.360739,13,3,2,1,VALIDATION,SYNTHETIC_RESEARCH_FIXTURE,OG-SYNTH-0.3,B1-0.3,build_opus_synthetic_programme_v0_3.py@0.3,20260812,True,4fc382594714acbc7277240f3c646feeccb522fb7b95035e93dbd16f997f8b7f
REF-0269,5,0.625,0.735997,0.753766,0.373161,7,7,7,3,VALIDATION,SYNTHETIC_RESEARCH_FIXTURE,OG-SYNTH-0.3,B1-0.3,build_opus_synthetic_programme_v0_3.py@0.3,20260812,True,1d265055bcf7bc8e038f074a82788a9c2054e6d66699bca83ce96f72ddac4764
REF-0269,6,0.75,0.698193,0.702456,0.387462,21,5,5,4,VALIDATION,SYNTHETIC_RESEARCH_FIXTURE,OG-SYNTH-0.3,B1-0.3,build_opus_synthetic_programme_v0_3.py@0.3,20260812,True,68c3d22dfd4419791dffc434419dd7f91999c6f4a1659cfdbae0e8b1ddfe016b
REF-0269,7,0.875,0.655738,0.713262,0.519624,20,5,7,4,VALIDATION,SYNTHETIC_RESEARCH_FIXTURE,OG-SYNTH-0.3,B1-0.3,build_opus_synthetic_programme_v0_3.py@0.3,20260812,True,1065aba26d85789bf979c4a8a903d4b386da83b7c99c0da415af3d897b6fab23
REF-0269,8,1.0,0.561955,0.666667,0.54059,27,15,5,4,VALIDATION,SYNTHETIC_RESEARCH_FIXTURE,OG-SYNTH-0.3,B1-0.3,build_opus_synthetic_programme_v0_3.py@0.3,20260812,True,aa4667cdba593c5ec99cfa2361f8b1739e83862aa8e7b5688caf0f995fbc8758
REF-0270,1,0.125,0.990728,1.008686,0.138273,1,0,0,0,DEVELOPMENT,SYNTHETIC_RESEARCH_FIXTURE,OG-SYNTH-0.3,B1-0.3,build_opus_synthetic_programme_v0_3.py@0.3,20260812,True,9505d3793cf885d2e7cca8d3dea33fb27d7c0ea79706f2eb75461232f9b786ff
REF-0270,2,0.25,1.006517,1.000267,0.183004,6,2,1,1,DEVELOPMENT,SYNTHETIC_RESEARCH_FIXTURE,OG-SYNTH-0.3,B1-0.3,build_opus_synthetic_programme_v0_3.py@0.3,20260812,True,d1efb0729585857db8c13c677032e298d4d5beccb086d11e1d1e2a3ec92a1666
REF-0270,3,0.375,1.005709,0.969461,0.170057,2,1,2,2,DEVELOPMENT,SYNTHETIC_RESEARCH_FIXTURE,OG-SYNTH-0.3,B1-0.3,build_opus_synthetic_programme_v0_3.py@0.3,20260812,True,6f5d1d63b7d76a1d4d5caf7dbc4698d854aa12f05d1fa9d842a95d89b40596fb
REF-0270,4,0.5,1.018721,0.985393,0.156338,3,0,2,1,DEVELOPMENT,SYNTHETIC_RESEARCH_FIXTURE,OG-SYNTH-0.3,B1-0.3,build_opus_synthetic_programme_v0_3.py@0.3,20260812,True,b51e2da6aa99f176ab7fa3f398fb5b0bf0fa3cb20863fb213eab8a60446ba4ed
REF-0270,5,0.625,0.977679,0.964444,0.151459,6,0,0,1,DEVELOPMENT,SYNTHETIC_RESEARCH_FIXTURE,OG-SYNTH-0.3,B1-0.3,build_opus_synthetic_programme_v0_3.py@0.3,20260812,True,6ca0b3747a452bc8e725cac5909999fb65db1be7e55104a2019ad1b4842374d8
REF-0270,6,0.75,0.969305,1.007029,0.102877,6,0,0,2,DEVELOPMENT,SYNTHETIC_RESEARCH_FIXTURE,OG-SYNTH-0.3,B1-0.3,build_opus_synthetic_programme_v0_3.py@0.3,20260812,True,c115f605a2911a24fc354d66fead32274fbc4cda4e2997f2f986eafde93d3c7e
REF-0270,7,0.875,0.988419,0.96008,0.148986,2,1,1,0,DEVELOPMENT,SYNTHETIC_RESEARCH_FIXTURE,OG-SYNTH-0.3,B1-0.3,build_opus_synthetic_programme_v0_3.py@0.3,20260812,True,292745e36f07c8066bd793cd5f40f528a8dd4eed7922042bc645169aace18aab
REF-0270,8,1.0,0.98126,0.998091,0.194368,4,1,2,1,DEVELOPMENT,SYNTHETIC_RESEARCH_FIXTURE,OG-SYNTH-0.3,B1-0.3,build_opus_synthetic_programme_v0_3.py@0.3,20260812,True,52dc27cc370ff373da149bb6a550923f3d7699ea9a96e0da1be75d8fd4325b73
REF-0271,1,0.125,1.015104,0.973662,0.124686,1,3,1,2,LOCKED_HOLDOUT,SYNTHETIC_RESEARCH_FIXTURE,OG-SYNTH-0.3,B1-0.3,build_opus_synthetic_programme_v0_3.py@0.3,20260812,True,6548e6a47794aa369910533aab017c3a94447857b8479d4659b99a2388e6233f
REF-0271,2,0.25,1.016751,0.967827,0.228902,5,0,0,2,LOCKED_HOLDOUT,SYNTHETIC_RESEARCH_FIXTURE,OG-SYNTH-0.3,B1-0.3,build_opus_synthetic_programme_v0_3.py@0.3,20260812,True,f3f9092d667377dfb2150865845099312fb438db8699d9762cd6f69462c4c985
REF-0271,3,0.375,0.997134,0.927801,0.210987,3,0,1,0,LOCKED_HOLDOUT,SYNTHETIC_RESEARCH_FIXTURE,OG-SYNTH-0.3,B1-0.3,build_opus_synthetic_programme_v0_3.py@0.3,20260812,True,26c576c5b0f4f1f2c63057e752803dde18e79df11510ed6fc6e9ad20192257f8
REF-0271,4,0.5,0.962707,0.937409,0.245929,2,1,2,3,LOCKED_HOLDOUT,SYNTHETIC_RESEARCH_FIXTURE,OG-SYNTH-0.3,B1-0.3,build_opus_synthetic_programme_v0_3.py@0.3,20260812,True,dfe08c2f3fdbd9152bcbe75f625904e74d6fa3ead1d1cf1a990c7473014765d2
REF-0271,5,0.625,0.94593,0.965471,0.191396,5,0,2,2,LOCKED_HOLDOUT,SYNTHETIC_RESEARCH_FIXTURE,OG-SYNTH-0.3,B1-0.3,build_opus_synthetic_programme_v0_3.py@0.3,20260812,True,c6bd0de30db1d80dc9b0be027b682c776e10d3a2eda470e53a38019b5790c133
REF-0271,6,0.75,0.963157,0.907037,0.166082,11,0,1,1,LOCKED_HOLDOUT,SYNTHETIC_RESEARCH_FIXTURE,OG-SYNTH-0.3,B1-0.3,build_opus_synthetic_programme_v0_3.py@0.3,20260812,True,6fcab7be73282a60119619cb1495a4ad8327543cf49d8aba1417e59c8c9ff6b4
REF-0271,7,0.875,0.945166,0.885843,0.239299,7,1,2,1,LOCKED_HOLDOUT,SYNTHETIC_RESEARCH_FIXTURE,OG-SYNTH-0.3,B1-0.3,build_opus_synthetic_programme_v0_3.py@0.3,20260812,True,83028b891d6b5441b840e636f032e521611fb51e1e3d31f0f489be996c26b843
REF-0271,8,1.0,0.963428,0.855716,0.240043,8,1,3,2,LOCKED_HOLDOUT,SYNTHETIC_RESEARCH_FIXTURE,OG-SYNTH-0.3,B1-0.3,build_opus_synthetic_programme_v0_3.py@0.3,20260812,True,7fb60ef8715895039083ec96b639070cdff95f5dbd5df91e46bdba296defedf6
REF-0272,1,0.125,1.054121,0.988849,0.172649,3,1,3,0,VALIDATION,SYNTHETIC_RESEARCH_FIXTURE,OG-SYNTH-0.3,B1-0.3,build_opus_synthetic_programme_v0_3.py@0.3,20260812,True,ebecb687e3977db0e8b8af2197b9350b211a5e571829eacfd49a17961500c64b
REF-0272,2,0.25,1.023548,1.01764,0.162335,4,0,2,0,VALIDATION,SYNTHETIC_RESEARCH_FIXTURE,OG-SYNTH-0.3,B1-0.3,build_opus_synthetic_programme_v0_3.py@0.3,20260812,True,9da9c2ceb5c23339b220113fda2ca7b429bf6a4cb6003b1ebe2002cc166d0f7d
REF-0272,3,0.375,1.030963,0.959829,0.170623,3,0,3,1,VALIDATION,SYNTHETIC_RESEARCH_FIXTURE,OG-SYNTH-0.3,B1-0.3,build_opus_synthetic_programme_v0_3.py@0.3,20260812,True,3ea85d2f481a84f5e5373cf69faf84d5bf6f6a04720d389e99ddd24732d6c505
REF-0272,4,0.5,0.982063,0.942353,0.170419,9,1,1,1,VALIDATION,SYNTHETIC_RESEARCH_FIXTURE,OG-SYNTH-0.3,B1-0.3,build_opus_synthetic_programme_v0_3.py@0.3,20260812,True,c5664ceb6ad88a2e8a58738e5a65e9c83166cc7e613628bc446bc769e8db4762
REF-0272,5,0.625,1.044969,0.953822,0.203947,10,0,4,2,VALIDATION,SYNTHETIC_RESEARCH_FIXTURE,OG-SYNTH-0.3,B1-0.3,build_opus_synthetic_programme_v0_3.py@0.3,20260812,True,a5207c85f24c0136df004b1b1372d57e79a8d3f3d138ee249977e3c767c6d1ae
REF-0272,6,0.75,0.993382,0.919707,0.224895,4,1,0,1,VALIDATION,SYNTHETIC_RESEARCH_FIXTURE,OG-SYNTH-0.3,B1-0.3,build_opus_synthetic_programme_v0_3.py@0.3,20260812,True,a31804f3ed4dc9214d5f151a29f3c4ba8d2610650355e294935bc16337ee5a60
REF-0272,7,0.875,1.101533,0.95848,0.102043,11,2,1,1,VALIDATION,SYNTHETIC_RESEARCH_FIXTURE,OG-SYNTH-0.3,B1-0.3,build_opus_synthetic_programme_v0_3.py@0.3,20260812,True,6a5b13b2291c2c95bea9d2bcb594cf5029d9685e54b4e318ffbeb3fd612104dd
REF-0272,8,1.0,1.047086,0.954454,0.199433,5,0,4,1,VALIDATION,SYNTHETIC_RESEARCH_FIXTURE,OG-SYNTH-0.3,B1-0.3,build_opus_synthetic_programme_v0_3.py@0.3,20260812,True,04bb419225635c5beef1ac72ef4adeba077eac93a73060f363e161a4e6eb1d76
REF-0273,1,0.125,0.974575,0.982844,0.134982,8,0,1,1,LOCKED_HOLDOUT,SYNTHETIC_RESEARCH_FIXTURE,OG-SYNTH-0.3,B1-0.3,build_opus_synthetic_programme_v0_3.py@0.3,20260812,True,679a482465fbb9e4a31842ce0a4022863d989bb09ac1c9abdf2b49f486cef998
REF-0273,2,0.25,0.942064,1.010699,0.217949,2,1,1,4,LOCKED_HOLDOUT,SYNTHETIC_RESEARCH_FIXTURE,OG-SYNTH-0.3,B1-0.3,build_opus_synthetic_programme_v0_3.py@0.3,20260812,True,af6219477ed7d0ca8b48dc09018f43105ece8e8d05326c60b3373b0284ff87ac
REF-0273,3,0.375,0.951728,1.000722,0.14437,1,1,1,4,LOCKED_HOLDOUT,SYNTHETIC_RESEARCH_FIXTURE,OG-SYNTH-0.3,B1-0.3,build_opus_synthetic_programme_v0_3.py@0.3,20260812,True,4f52a11b96c68d7e74adb2f034cef9a5a7e4681a54d8c9766e20a42b77d093c8
REF-0273,4,0.5,0.901089,0.960491,0.157709,5,2,1,0,LOCKED_HOLDOUT,SYNTHETIC_RESEARCH_FIXTURE,OG-SYNTH-0.3,B1-0.3,build_opus_synthetic_programme_v0_3.py@0.3,20260812,True,60d16fd7db9d2b73c9cd22f2fdfa388aa0224e203e6be41bb8b839b9f5ac4003
REF-0273,5,0.625,0.910243,0.995048,0.226961,6,3,3,3,LOCKED_HOLDOUT,SYNTHETIC_RESEARCH_FIXTURE,OG-SYNTH-0.3,B1-0.3,build_opus_synthetic_programme_v0_3.py@0.3,20260812,True,1da51d12c9769cfaca1a8967cf5bb27aa5fc68ecdc77cfdc435630670bc6a7a1
REF-0273,6,0.75,0.863501,0.935095,0.193991,2,4,1,3,LOCKED_HOLDOUT,SYNTHETIC_RESEARCH_FIXTURE,OG-SYNTH-0.3,B1-0.3,build_opus_synthetic_programme_v0_3.py@0.3,20260812,True,8d4b0a7254d1be369aff5df92f696921a043b526c02c9dd5d8a45345ba51cb5e
REF-0273,7,0.875,0.917043,0.922953,0.203404,7,2,4,6,LOCKED_HOLDOUT,SYNTHETIC_RESEARCH_FIXTURE,OG-SYNTH-0.3,B1-0.3,build_opus_synthetic_programme_v0_3.py@0.3,20260812,True,b57cf0d2793910b611ea82a1f025e19adb10240b56ae95485331db4803a43d73
REF-0273,8,1.0,0.899898,0.91396,0.150637,7,1,3,1,LOCKED_HOLDOUT,SYNTHETIC_RESEARCH_FIXTURE,OG-SYNTH-0.3,B1-0.3,build_opus_synthetic_programme_v0_3.py@0.3,20260812,True,b0598f64416c1384e204f7f45da1c5a4f15185dce99767534129dc6184f608d8
REF-0274,1,0.125,0.983427,0.960817,0.233863,0,0,0,0,VALIDATION,SYNTHETIC_RESEARCH_FIXTURE,OG-SYNTH-0.3,B1-0.3,build_opus_synthetic_programme_v0_3.py@0.3,20260812,True,2a91ccdb6e4441144afe39e2619830b75cd3ba978a34c9cf836afcece4d7c201
REF-0274,2,0.25,0.963138,1.031012,0.198818,5,0,3,3,VALIDATION,SYNTHETIC_RESEARCH_FIXTURE,OG-SYNTH-0.3,B1-0.3,build_opus_synthetic_programme_v0_3.py@0.3,20260812,True,701b082ead374355974006e6bc8bfdc270ae7ad0a8ce91fec3c88de4d2df6dbf
REF-0274,3,0.375,0.977901,0.940976,0.142375,1,1,5,1,VALIDATION,SYNTHETIC_RESEARCH_FIXTURE,OG-SYNTH-0.3,B1-0.3,build_opus_synthetic_programme_v0_3.py@0.3,20260812,True,d279180caecc24acb50bbe1d852315dcc0b8d499dcf9f596720bd359a4db2422
REF-0274,4,0.5,0.927906,0.969055,0.20361,8,3,2,2,VALIDATION,SYNTHETIC_RESEARCH_FIXTURE,OG-SYNTH-0.3,B1-0.3,build_opus_synthetic_programme_v0_3.py@0.3,20260812,True,aaa35ad124d79440cbc63e4152bc531a19c433d9113b7278885f0b061b803591
REF-0274,5,0.625,0.927918,0.894014,0.21858,10,0,3,1,VALIDATION,SYNTHETIC_RESEARCH_FIXTURE,OG-SYNTH-0.3,B1-0.3,build_opus_synthetic_programme_v0_3.py@0.3,20260812,True,ecfc3f22777ae9c6a3eb0224c85d963ee873c889801fa407b27d087093ad46dc
REF-0274,6,0.75,0.914709,0.926662,0.220179,9,1,3,3,VALIDATION,SYNTHETIC_RESEARCH_FIXTURE,OG-SYNTH-0.3,B1-0.3,build_opus_synthetic_programme_v0_3.py@0.3,20260812,True,ee3456196a7eef2b150e2b53bab33a30b13f89eabee31779ff0a38c5b805c593
REF-0274,7,0.875,0.911805,0.903931,0.194448,13,2,4,5,VALIDATION,SYNTHETIC_RESEARCH_FIXTURE,OG-SYNTH-0.3,B1-0.3,build_opus_synthetic_programme_v0_3.py@0.3,20260812,True,d85cf7d692aa07dcaef620378835987024ab35d165538c5a3f99cefc66e57ca1
REF-0274,8,1.0,0.88282,0.857668,0.222744,14,2,4,3,VALIDATION,SYNTHETIC_RESEARCH_FIXTURE,OG-SYNTH-0.3,B1-0.3,build_opus_synthetic_programme_v0_3.py@0.3,20260812,True,7e5d977ccf98c9105b2570f018f7bf454f70f0603ec18cad7a128aa7d0d3288f
REF-0275,1,0.125,0.992195,1.000988,0.119545,2,2,1,2,LOCKED_HOLDOUT,SYNTHETIC_RESEARCH_FIXTURE,OG-SYNTH-0.3,B1-0.3,build_opus_synthetic_programme_v0_3.py@0.3,20260812,True,5c844ca649cb498f308af4e4bf6519f749a902fcc0c64cd17351436af867770a
REF-0275,2,0.25,0.996786,0.941768,0.103225,6,1,1,1,LOCKED_HOLDOUT,SYNTHETIC_RESEARCH_FIXTURE,OG-SYNTH-0.3,B1-0.3,build_opus_synthetic_programme_v0_3.py@0.3,20260812,True,a79c33a563ee829c8fe6ce1dfe7a38709d02feb4b27dc61a3dd7c325887fd6db
REF-0275,3,0.375,0.983787,0.92174,0.221058,6,0,0,3,LOCKED_HOLDOUT,SYNTHETIC_RESEARCH_FIXTURE,OG-SYNTH-0.3,B1-0.3,build_opus_synthetic_programme_v0_3.py@0.3,20260812,True,0b268f51a3c6535b28316098742cfb80f10fcadef34f29380acf9c67c0d661b5
REF-0275,4,0.5,0.937239,0.905943,0.215201,2,5,1,1,LOCKED_HOLDOUT,SYNTHETIC_RESEARCH_FIXTURE,OG-SYNTH-0.3,B1-0.3,build_opus_synthetic_programme_v0_3.py@0.3,20260812,True,146222796cab7f7e1ca0d0ceb2110c9811eedc4e33d96238ace72f076ccddcc3
REF-0275,5,0.625,0.92278,0.907128,0.199423,11,2,3,2,LOCKED_HOLDOUT,SYNTHETIC_RESEARCH_FIXTURE,OG-SYNTH-0.3,B1-0.3,build_opus_synthetic_programme_v0_3.py@0.3,20260812,True,d915eb0b3df80953609cff8c33b3cc161297ea5048ac86ac6ef1014abc8fee34
REF-0275,6,0.75,0.944715,0.90216,0.247443,4,1,3,3,LOCKED_HOLDOUT,SYNTHETIC_RESEARCH_FIXTURE,OG-SYNTH-0.3,B1-0.3,build_opus_synthetic_programme_v0_3.py@0.3,20260812,True,daf435c1127eb26f9da7e1f3e1231186fc1b4c36a88c50ed414c00565bcbfe40
REF-0275,7,0.875,0.915572,0.810933,0.267018,9,7,4,3,LOCKED_HOLDOUT,SYNTHETIC_RESEARCH_FIXTURE,OG-SYNTH-0.3,B1-0.3,build_opus_synthetic_programme_v0_3.py@0.3,20260812,True,466da43967f0c7720a3aa543fcb254a4d1ba19895d669f593fd0536cbfd506b5
REF-0275,8,1.0,0.911894,0.882065,0.298999,8,4,4,2,LOCKED_HOLDOUT,SYNTHETIC_RESEARCH_FIXTURE,OG-SYNTH-0.3,B1-0.3,build_opus_synthetic_programme_v0_3.py@0.3,20260812,True,c186cc8b7e4e765a55b11e020951e7a0cb158699710d49df24ddcb4126938ec6
REF-0276,1,0.125,0.97551,0.983739,0.174692,3,0,0,1,DEVELOPMENT,SYNTHETIC_RESEARCH_FIXTURE,OG-SYNTH-0.3,B1-0.3,build_opus_synthetic_programme_v0_3.py@0.3,20260812,True,4088d0249fb40c5ed37c5419589289ed57b26bb5e41e53f6f61944d925b846dd
REF-0276,2,0.25,0.945991,0.922222,0.103778,6,2,0,1,DEVELOPMENT,SYNTHETIC_RESEARCH_FIXTURE,OG-SYNTH-0.3,B1-0.3,build_opus_synthetic_programme_v0_3.py@0.3,20260812,True,2ae94e57ccc4f1c7658727088668f15eb6247ee9529747bd61582e555047e5c6
REF-0276,3,0.375,0.978585,0.976065,0.164454,3,2,1,0,DEVELOPMENT,SYNTHETIC_RESEARCH_FIXTURE,OG-SYNTH-0.3,B1-0.3,build_opus_synthetic_programme_v0_3.py@0.3,20260812,True,8c8f6c6ee3060184293d266b7a354ad432d1e2beccf81e76647f2b8edb595c40
REF-0276,4,0.5,0.957348,0.924398,0.141455,2,0,3,0,DEVELOPMENT,SYNTHETIC_RESEARCH_FIXTURE,OG-SYNTH-0.3,B1-0.3,build_opus_synthetic_programme_v0_3.py@0.3,20260812,True,525d22c6b3333f9e008b510ae99fe20a9b05e5acbe0d6c98c8a89489ff984a81
REF-0276,5,0.625,0.936993,0.91915,0.211046,11,1,1,2,DEVELOPMENT,SYNTHETIC_RESEARCH_FIXTURE,OG-SYNTH-0.3,B1-0.3,build_opus_synthetic_programme_v0_3.py@0.3,20260812,True,4b149633e18e4fecff475f2c9cc5d203564d09c3ead333e61d5f266b51c0b2cb
REF-0276,6,0.75,0.881465,0.906667,0.28768,11,1,3,0,DEVELOPMENT,SYNTHETIC_RESEARCH_FIXTURE,OG-SYNTH-0.3,B1-0.3,build_opus_synthetic_programme_v0_3.py@0.3,20260812,True,4edc8092d2f268bd1245ce060108a71800c926f74d1e06464d39e292d5199f8f
REF-0276,7,0.875,0.867115,0.922605,0.212908,13,4,3,1,DEVELOPMENT,SYNTHETIC_RESEARCH_FIXTURE,OG-SYNTH-0.3,B1-0.3,build_opus_synthetic_programme_v0_3.py@0.3,20260812,True,f531daf11be7d303c8d36eba16bf6a52146964fe2729356c41a70de2ec275f98
REF-0276,8,1.0,0.871433,0.879385,0.236787,10,3,4,1,DEVELOPMENT,SYNTHETIC_RESEARCH_FIXTURE,OG-SYNTH-0.3,B1-0.3,build_opus_synthetic_programme_v0_3.py@0.3,20260812,True,c0ffb41de101a6e60167166164c546e0f5add05b5ed35aff15c11076b1648aae
REF-0277,1,0.125,0.965062,1.024253,0.193467,4,0,0,1,DEVELOPMENT,SYNTHETIC_RESEARCH_FIXTURE,OG-SYNTH-0.3,B1-0.3,build_opus_synthetic_programme_v0_3.py@0.3,20260812,True,a0b9fe4bd1977e638d725922649cab1123abf804879cf6cd65cc2edd02af81ab
REF-0277,2,0.25,0.999914,0.949633,0.176046,6,1,1,2,DEVELOPMENT,SYNTHETIC_RESEARCH_FIXTURE,OG-SYNTH-0.3,B1-0.3,build_opus_synthetic_programme_v0_3.py@0.3,20260812,True,452482f79d3f1990cbbb81570288d62631e108840f8729172d7e8b0c52f638dc
REF-0277,3,0.375,0.953454,0.967032,0.224131,6,1,1,2,DEVELOPMENT,SYNTHETIC_RESEARCH_FIXTURE,OG-SYNTH-0.3,B1-0.3,build_opus_synthetic_programme_v0_3.py@0.3,20260812,True,1e976fba40741d592b2ab343b38466cbfd22e9855f4daf6c2541d9e290646166
REF-0277,4,0.5,0.920161,0.909837,0.197234,9,2,0,0,DEVELOPMENT,SYNTHETIC_RESEARCH_FIXTURE,OG-SYNTH-0.3,B1-0.3,build_opus_synthetic_programme_v0_3.py@0.3,20260812,True,164fcec271acbed791a2633c853d1c04062707b8e5c6ad9e259a0000e917567e
REF-0277,5,0.625,0.926883,0.903085,0.295678,14,2,4,3,DEVELOPMENT,SYNTHETIC_RESEARCH_FIXTURE,OG-SYNTH-0.3,B1-0.3,build_opus_synthetic_programme_v0_3.py@0.3,20260812,True,01b932b5c5e19bf58ea7172d9d45101f460262c214df73cd53a6074c0f58b22f
REF-0277,6,0.75,0.849266,0.861228,0.140775,10,4,2,1,DEVELOPMENT,SYNTHETIC_RESEARCH_FIXTURE,OG-SYNTH-0.3,B1-0.3,build_opus_synthetic_programme_v0_3.py@0.3,20260812,True,206be0434405ead32a4acc3623eeb62af1a39dd747e9be7da1c5b412e1315ad9
REF-0277,7,0.875,0.840009,0.849162,0.24681,15,2,4,2,DEVELOPMENT,SYNTHETIC_RESEARCH_FIXTURE,OG-SYNTH-0.3,B1-0.3,build_opus_synthetic_programme_v0_3.py@0.3,20260812,True,7b6cdccf0790bba1363279e85558ac25d6cb111209bc68cef6dcd190b578f860
REF-0277,8,1.0,0.817734,0.807752,0.272874,10,3,6,2,DEVELOPMENT,SYNTHETIC_RESEARCH_FIXTURE,OG-SYNTH-0.3,B1-0.3,build_opus_synthetic_programme_v0_3.py@0.3,20260812,True,3ebbbd2f072473b3017407e7054bea30d6e9fe8487c39cc21bece1e5ee027de3
REF-0278,1,0.125,0.94352,1.007661,0.147699,4,0,1,0,DEVELOPMENT,SYNTHETIC_RESEARCH_FIXTURE,OG-SYNTH-0.3,B1-0.3,build_opus_synthetic_programme_v0_3.py@0.3,20260812,True,798c70e7a22bad4b481fa915d3a0363ed71a776464f9266987e7b1da9621fcbe
REF-0278,2,0.25,0.935801,0.98975,0.214878,1,0,5,2,DEVELOPMENT,SYNTHETIC_RESEARCH_FIXTURE,OG-SYNTH-0.3,B1-0.3,build_opus_synthetic_programme_v0_3.py@0.3,20260812,True,1dd8bbc778d3e84b8490af8b481fa4c8e643f73c46d346a3a366557fdad84d85
REF-0278,3,0.375,0.906956,0.933915,0.233588,9,3,4,0,DEVELOPMENT,SYNTHETIC_RESEARCH_FIXTURE,OG-SYNTH-0.3,B1-0.3,build_opus_synthetic_programme_v0_3.py@0.3,20260812,True,f47391dfd42360c0a593e5f1ed9d26680d7a24ac9aa186715aece94746545d39
REF-0278,4,0.5,0.876006,0.986531,0.235503,7,2,1,6,DEVELOPMENT,SYNTHETIC_RESEARCH_FIXTURE,OG-SYNTH-0.3,B1-0.3,build_opus_synthetic_programme_v0_3.py@0.3,20260812,True,385ce7f263aae0268db3b7da659e806fcb2722100740a58be12dcf892b54e4d8
REF-0278,5,0.625,0.889901,0.875123,0.184313,9,0,2,4,DEVELOPMENT,SYNTHETIC_RESEARCH_FIXTURE,OG-SYNTH-0.3,B1-0.3,build_opus_synthetic_programme_v0_3.py@0.3,20260812,True,5445e82da6eb258d0308c4793fed04d64216f681ded2ba94a234b97f1b3a6269
REF-0278,6,0.75,0.781087,0.845295,0.301408,13,5,1,0,DEVELOPMENT,SYNTHETIC_RESEARCH_FIXTURE,OG-SYNTH-0.3,B1-0.3,build_opus_synthetic_programme_v0_3.py@0.3,20260812,True,984d577392e7e3e77fe1584f236e32fa4e7038538d85135352ea79f2469e2672
REF-0278,7,0.875,0.839737,0.841279,0.330685,9,1,2,1,DEVELOPMENT,SYNTHETIC_RESEARCH_FIXTURE,OG-SYNTH-0.3,B1-0.3,build_opus_synthetic_programme_v0_3.py@0.3,20260812,True,9dd8b2f78d7cc97bb847f5a12af4c44012f49f5fbec64f7b9a7a58c95056e2ce
REF-0278,8,1.0,0.783161,0.822379,0.303509,6,5,0,1,DEVELOPMENT,SYNTHETIC_RESEARCH_FIXTURE,OG-SYNTH-0.3,B1-0.3,build_opus_synthetic_programme_v0_3.py@0.3,20260812,True,7f4654a057e5e8d1e50715e0fc14339d6bb25f293e7d79d1cc24e82ee1ccf6f1
REF-0279,1,0.125,0.952418,0.959814,0.140588,3,0,5,1,DEVELOPMENT,SYNTHETIC_RESEARCH_FIXTURE,OG-SYNTH-0.3,B1-0.3,build_opus_synthetic_programme_v0_3.py@0.3,20260812,True,89bd354b094f204cd7fa544bc511afd3f9380163cb28b088394e5ad651506af9
REF-0279,2,0.25,0.959268,0.93551,0.215589,3,0,1,0,DEVELOPMENT,SYNTHETIC_RESEARCH_FIXTURE,OG-SYNTH-0.3,B1-0.3,build_opus_synthetic_programme_v0_3.py@0.3,20260812,True,ff4735199bc04cbfcccd02b7e5099bfde5db093e6cb6f22fae077c8d5832fa53
REF-0279,3,0.375,0.923646,0.932204,0.088925,4,2,4,3,DEVELOPMENT,SYNTHETIC_RESEARCH_FIXTURE,OG-SYNTH-0.3,B1-0.3,build_opus_synthetic_programme_v0_3.py@0.3,20260812,True,06024c7aa460a9fdfb7759afacd38e635d5d8d0899722637d65a83a13d5e03c5
REF-0279,4,0.5,0.948306,0.920526,0.174652,14,3,4,2,DEVELOPMENT,SYNTHETIC_RESEARCH_FIXTURE,OG-SYNTH-0.3,B1-0.3,build_opus_synthetic_programme_v0_3.py@0.3,20260812,True,fca55da4f7303e2a3827b2c0f55acdb87499801272afebfec3b698841de505f7
REF-0279,5,0.625,0.902506,0.887969,0.163715,4,2,5,2,DEVELOPMENT,SYNTHETIC_RESEARCH_FIXTURE,OG-SYNTH-0.3,B1-0.3,build_opus_synthetic_programme_v0_3.py@0.3,20260812,True,2ca53b4028176722cc81440b51274d0b57b968776ab6aaa347e4622d2277e999
REF-0279,6,0.75,0.863383,0.899189,0.281807,11,5,3,2,DEVELOPMENT,SYNTHETIC_RESEARCH_FIXTURE,OG-SYNTH-0.3,B1-0.3,build_opus_synthetic_programme_v0_3.py@0.3,20260812,True,4e84cff8ca9898d5d95510528110dec4d1fd360adff9821326b3b2260661d4ff
REF-0279,7,0.875,0.881686,0.85986,0.237662,13,1,2,3,DEVELOPMENT,SYNTHETIC_RESEARCH_FIXTURE,OG-SYNTH-0.3,B1-0.3,build_opus_synthetic_programme_v0_3.py@0.3,20260812,True,6d356fe650ad72737b451f95ce8fd0b4caa852f9c3c4074ff1bc6cb44d858e44
REF-0279,8,1.0,0.844081,0.811389,0.230935,7,1,7,5,DEVELOPMENT,SYNTHETIC_RESEARCH_FIXTURE,OG-SYNTH-0.3,B1-0.3,build_opus_synthetic_programme_v0_3.py@0.3,20260812,True,e5610e5fccb2640993cf2ebc5ba054b852753a37a3c739ced37aa46bd67fe1b3
REF-0280,1,0.125,0.979946,0.975008,0.16399,4,1,0,0,DEVELOPMENT,SYNTHETIC_RESEARCH_FIXTURE,OG-SYNTH-0.3,B1-0.3,build_opus_synthetic_programme_v0_3.py@0.3,20260812,True,1ba20003a32e4f4fbf4be8dd6cbb9a75489402589f59335942b67775bbd1a296
REF-0280,2,0.25,1.000977,0.951457,0.125485,2,0,1,1,DEVELOPMENT,SYNTHETIC_RESEARCH_FIXTURE,OG-SYNTH-0.3,B1-0.3,build_opus_synthetic_programme_v0_3.py@0.3,20260812,True,0399996a18db1ddc54043fd2f1c069ff39f2a6b6900430cf8cad734e384e65e1
REF-0280,3,0.375,0.936966,0.955866,0.208439,2,0,1,1,DEVELOPMENT,SYNTHETIC_RESEARCH_FIXTURE,OG-SYNTH-0.3,B1-0.3,build_opus_synthetic_programme_v0_3.py@0.3,20260812,True,c759cae466913de0bcaa226a349b81bf6bed259b6c6a6cfe18883e716aaa6014
REF-0280,4,0.5,1.002623,0.876203,0.188849,4,0,5,2,DEVELOPMENT,SYNTHETIC_RESEARCH_FIXTURE,OG-SYNTH-0.3,B1-0.3,build_opus_synthetic_programme_v0_3.py@0.3,20260812,True,2862a0e05016d62568b9d8003a73901529e55d2f044b94d9fddc217cd67c684a
REF-0280,5,0.625,0.961335,0.91684,0.237324,4,0,2,0,DEVELOPMENT,SYNTHETIC_RESEARCH_FIXTURE,OG-SYNTH-0.3,B1-0.3,build_opus_synthetic_programme_v0_3.py@0.3,20260812,True,36668ea5ba9d0843c1269794c17f4e397dcbd496edbc627c10d705e123f5ba66
REF-0280,6,0.75,0.950127,0.845992,0.254263,3,3,3,4,DEVELOPMENT,SYNTHETIC_RESEARCH_FIXTURE,OG-SYNTH-0.3,B1-0.3,build_opus_synthetic_programme_v0_3.py@0.3,20260812,True,34da72a34c8dc9d3342680f81cd2d75f0dc42a7958b87a96dfb95bfed4d3245a
REF-0280,7,0.875,0.940301,0.878306,0.253846,7,1,3,2,DEVELOPMENT,SYNTHETIC_RESEARCH_FIXTURE,OG-SYNTH-0.3,B1-0.3,build_opus_synthetic_programme_v0_3.py@0.3,20260812,True,23e87ba00c989fdeda0a24643acef2b3ed02f93051207c8a520c267a0892f370
REF-0280,8,1.0,0.914745,0.848665,0.225145,7,4,5,1,DEVELOPMENT,SYNTHETIC_RESEARCH_FIXTURE,OG-SYNTH-0.3,B1-0.3,build_opus_synthetic_programme_v0_3.py@0.3,20260812,True,959ad015f846c77a2c388109bca411bf02cf8714c724224fa9a0046ddea04448
REF-0281,1,0.125,0.992711,1.035447,0.238356,5,0,1,1,VALIDATION,SYNTHETIC_RESEARCH_FIXTURE,OG-SYNTH-0.3,B1-0.3,build_opus_synthetic_programme_v0_3.py@0.3,20260812,True,83b50202360e9ea80d85d27047da337d14cb42a78cb044a2c1e10e9e7ba7afa6
REF-0281,2,0.25,1.024954,0.992618,0.213338,4,1,1,2,VALIDATION,SYNTHETIC_RESEARCH_FIXTURE,OG-SYNTH-0.3,B1-0.3,build_opus_synthetic_programme_v0_3.py@0.3,20260812,True,da29df5b909267a268d88ad1cbe5ed638a50734e676205ed933fedcaf53aaad0
REF-0281,3,0.375,0.955105,0.956157,0.219625,3,2,3,2,VALIDATION,SYNTHETIC_RESEARCH_FIXTURE,OG-SYNTH-0.3,B1-0.3,build_opus_synthetic_programme_v0_3.py@0.3,20260812,True,e27c0016363f68c6d5053820e77014f553972fe159e0755dd8a87af6fe7c2ffa
REF-0281,4,0.5,0.963576,0.931119,0.162053,3,1,3,2,VALIDATION,SYNTHETIC_RESEARCH_FIXTURE,OG-SYNTH-0.3,B1-0.3,build_opus_synthetic_programme_v0_3.py@0.3,20260812,True,848b9aafaca68b0646d4663eb25bd24973f483489acba87a4b26e261e663908c
REF-0281,5,0.625,0.933902,0.907009,0.239742,7,3,0,3,VALIDATION,SYNTHETIC_RESEARCH_FIXTURE,OG-SYNTH-0.3,B1-0.3,build_opus_synthetic_programme_v0_3.py@0.3,20260812,True,436fe4d81e35fd1dfbd9e76d23804be87bbb12732f9ae4bf86edee83caaf718a
REF-0281,6,0.75,0.926196,0.886105,0.158913,12,2,5,2,VALIDATION,SYNTHETIC_RESEARCH_FIXTURE,OG-SYNTH-0.3,B1-0.3,build_opus_synthetic_programme_v0_3.py@0.3,20260812,True,af0b74c70c9832179d06ece4b50a460d965f5ce5033ae2200e2c684f7e0739af
REF-0281,7,0.875,0.944644,0.956291,0.236607,12,2,2,1,VALIDATION,SYNTHETIC_RESEARCH_FIXTURE,OG-SYNTH-0.3,B1-0.3,build_opus_synthetic_programme_v0_3.py@0.3,20260812,True,b9a0f0c805302a9d58ed9be07c78b09a1a41393c2086d6ae3eaeae70c2ccc112
REF-0281,8,1.0,0.908333,0.886153,0.153529,10,1,2,2,VALIDATION,SYNTHETIC_RESEARCH_FIXTURE,OG-SYNTH-0.3,B1-0.3,build_opus_synthetic_programme_v0_3.py@0.3,20260812,True,7f9d7c212663f173c771e4683e5453f0a31ba6a0c02eb9b652a28d2f2f2e908b
REF-0282,1,0.125,1.007893,0.952238,0.185041,7,2,2,1,DEVELOPMENT,SYNTHETIC_RESEARCH_FIXTURE,OG-SYNTH-0.3,B1-0.3,build_opus_synthetic_programme_v0_3.py@0.3,20260812,True,6d913525f9f64841ed3604a131ed44dbed609123825269777d35e6c95f75ec5d
REF-0282,2,0.25,1.012337,0.968815,0.244586,7,2,1,1,DEVELOPMENT,SYNTHETIC_RESEARCH_FIXTURE,OG-SYNTH-0.3,B1-0.3,build_opus_synthetic_programme_v0_3.py@0.3,20260812,True,173b81b16fd2b8696d0a357ad380fbdbaa9df534a86e469a16f3c433e09a7700
REF-0282,3,0.375,0.976224,0.917199,0.191325,6,0,2,5,DEVELOPMENT,SYNTHETIC_RESEARCH_FIXTURE,OG-SYNTH-0.3,B1-0.3,build_opus_synthetic_programme_v0_3.py@0.3,20260812,True,9fa13efff47253bde349a676e5df0e3f60dd93e124aa597e087a86bdf5974db6
REF-0282,4,0.5,0.942676,0.91319,0.217141,10,4,5,1,DEVELOPMENT,SYNTHETIC_RESEARCH_FIXTURE,OG-SYNTH-0.3,B1-0.3,build_opus_synthetic_programme_v0_3.py@0.3,20260812,True,77bd2b3ca530c99a563c73579de5f691c9f27cae767875b401983ba1432f8526
REF-0282,5,0.625,0.914526,0.895122,0.180614,8,1,6,1,DEVELOPMENT,SYNTHETIC_RESEARCH_FIXTURE,OG-SYNTH-0.3,B1-0.3,build_opus_synthetic_programme_v0_3.py@0.3,20260812,True,a8e6db738262a861a34c6797d5c3800990545648b3485d428d56c4bc20fe8cca
REF-0282,6,0.75,0.931134,0.872084,0.242358,9,1,5,2,DEVELOPMENT,SYNTHETIC_RESEARCH_FIXTURE,OG-SYNTH-0.3,B1-0.3,build_opus_synthetic_programme_v0_3.py@0.3,20260812,True,628de5d21ec17380cdbdd2ccb291ba09a9fe145fd34a3e6d81157d9413f44169
REF-0282,7,0.875,0.910576,0.874203,0.155627,17,3,2,1,DEVELOPMENT,SYNTHETIC_RESEARCH_FIXTURE,OG-SYNTH-0.3,B1-0.3,build_opus_synthetic_programme_v0_3.py@0.3,20260812,True,6b792ea602326080b7cb060d0a779ae4ec734ed92dafb93e8153628f1d1747e0
REF-0282,8,1.0,0.922793,0.776771,0.291736,17,4,5,4,DEVELOPMENT,SYNTHETIC_RESEARCH_FIXTURE,OG-SYNTH-0.3,B1-0.3,build_opus_synthetic_programme_v0_3.py@0.3,20260812,True,28639279cb3b02f4acec67854218181d56bb7e27a711e7c600c5c631d08cf643
REF-0283,1,0.125,0.957319,0.986791,0.118284,0,1,0,1,DEVELOPMENT,SYNTHETIC_RESEARCH_FIXTURE,OG-SYNTH-0.3,B1-0.3,build_opus_synthetic_programme_v0_3.py@0.3,20260812,True,953ff55ab75f601ae1d567bb924826d3e9c3f7f265db10bc2f2f32a10c5e91da
REF-0283,2,0.25,0.964048,0.930392,0.197068,7,0,2,1,DEVELOPMENT,SYNTHETIC_RESEARCH_FIXTURE,OG-SYNTH-0.3,B1-0.3,build_opus_synthetic_programme_v0_3.py@0.3,20260812,True,8a2b51872a0aaf7d8d829aa4a3a1cbf43bd0a3a03cc6d4fc775404a3c88b63fb
REF-0283,3,0.375,0.95368,0.918496,0.258256,13,0,3,1,DEVELOPMENT,SYNTHETIC_RESEARCH_FIXTURE,OG-SYNTH-0.3,B1-0.3,build_opus_synthetic_programme_v0_3.py@0.3,20260812,True,a8ab32b9e508fe8c6749f361f9b92d83d37e44e54ef4c7e08742c8b64fac0096
REF-0283,4,0.5,0.824315,0.92095,0.220303,10,3,3,3,DEVELOPMENT,SYNTHETIC_RESEARCH_FIXTURE,OG-SYNTH-0.3,B1-0.3,build_opus_synthetic_programme_v0_3.py@0.3,20260812,True,c9794cfeb5a287b4866dc51ee2ad0fba68ff9ed74742841511b0123bfee2ced7
REF-0283,5,0.625,0.866982,0.918949,0.267739,10,2,2,1,DEVELOPMENT,SYNTHETIC_RESEARCH_FIXTURE,OG-SYNTH-0.3,B1-0.3,build_opus_synthetic_programme_v0_3.py@0.3,20260812,True,f0f6306cf9398f6ae2ff2dafca9db103b5bb09626950509081da2af133cfb8a9
REF-0283,6,0.75,0.827411,0.871148,0.277456,14,6,5,3,DEVELOPMENT,SYNTHETIC_RESEARCH_FIXTURE,OG-SYNTH-0.3,B1-0.3,build_opus_synthetic_programme_v0_3.py@0.3,20260812,True,bd9d6f61504ec072e6e3ef50652d2895e1c26f7765fbc58d73e9efaec978b15d
REF-0283,7,0.875,0.785635,0.866009,0.393009,12,2,5,0,DEVELOPMENT,SYNTHETIC_RESEARCH_FIXTURE,OG-SYNTH-0.3,B1-0.3,build_opus_synthetic_programme_v0_3.py@0.3,20260812,True,28bc3a7dbcff27fc694f73a6b1ad5fa3473845602e329a637344479ffc3bb877
REF-0283,8,1.0,0.812996,0.857654,0.18071,26,2,5,2,DEVELOPMENT,SYNTHETIC_RESEARCH_FIXTURE,OG-SYNTH-0.3,B1-0.3,build_opus_synthetic_programme_v0_3.py@0.3,20260812,True,40bd3c7a6ee87a0d0934c10006bc9bba13660ff7168ada00c195a6ac223cac5a
REF-0284,1,0.125,1.014138,0.975616,0.182374,3,3,1,2,DEVELOPMENT,SYNTHETIC_RESEARCH_FIXTURE,OG-SYNTH-0.3,B1-0.3,build_opus_synthetic_programme_v0_3.py@0.3,20260812,True,03226e406e64896ff580501334ff54fc7cce884b07c0779349b52dd966740b06
REF-0284,2,0.25,1.040557,0.957585,0.187354,5,0,0,0,DEVELOPMENT,SYNTHETIC_RESEARCH_FIXTURE,OG-SYNTH-0.3,B1-0.3,build_opus_synthetic_programme_v0_3.py@0.3,20260812,True,8ad2635665fa2ffa7dc1ec511286ba50bbe69763a40ad3b4509bf3b7eb8561b5
REF-0284,3,0.375,0.968171,0.972181,0.23554,4,1,1,3,DEVELOPMENT,SYNTHETIC_RESEARCH_FIXTURE,OG-SYNTH-0.3,B1-0.3,build_opus_synthetic_programme_v0_3.py@0.3,20260812,True,357dcf6af110daf8928047567ef429e344a2747dca5b4d095d50aa8043b7e395
REF-0284,4,0.5,0.965803,0.906636,0.2148,6,0,1,2,DEVELOPMENT,SYNTHETIC_RESEARCH_FIXTURE,OG-SYNTH-0.3,B1-0.3,build_opus_synthetic_programme_v0_3.py@0.3,20260812,True,d2fef32dd0a63229d1452b45397f34dad51044ac6e8887a520f122b554228658
REF-0284,5,0.625,0.968631,0.964091,0.262081,5,1,1,2,DEVELOPMENT,SYNTHETIC_RESEARCH_FIXTURE,OG-SYNTH-0.3,B1-0.3,build_opus_synthetic_programme_v0_3.py@0.3,20260812,True,51579c8be0b453a202d8169b8fd2e965500e68bdb4bfa6c2d46df45e062d67f7
REF-0284,6,0.75,0.912387,0.919455,0.155628,12,2,1,0,DEVELOPMENT,SYNTHETIC_RESEARCH_FIXTURE,OG-SYNTH-0.3,B1-0.3,build_opus_synthetic_programme_v0_3.py@0.3,20260812,True,a931c317510fc79b54e76348c382cf44403d3cdbb0170a9b23e4517909bb010f
REF-0284,7,0.875,0.94061,0.89988,0.200706,7,3,4,0,DEVELOPMENT,SYNTHETIC_RESEARCH_FIXTURE,OG-SYNTH-0.3,B1-0.3,build_opus_synthetic_programme_v0_3.py@0.3,20260812,True,387565c29c72dcf7869d6be881f8148c48c722911365b84ae313925ef650d85c
REF-0284,8,1.0,0.89855,0.938017,0.269988,6,0,3,3,DEVELOPMENT,SYNTHETIC_RESEARCH_FIXTURE,OG-SYNTH-0.3,B1-0.3,build_opus_synthetic_programme_v0_3.py@0.3,20260812,True,903d0834a62818ee97c2406097f6554b5b6e817a90510b796838c15b317c749b
REF-0285,1,0.125,0.9596,1.028297,0.1977,2,0,1,3,VALIDATION,SYNTHETIC_RESEARCH_FIXTURE,OG-SYNTH-0.3,B1-0.3,build_opus_synthetic_programme_v0_3.py@0.3,20260812,True,3e876b0c49f3025fa62088fb244c85a2b942f009aa08265fc3ac120b6a464c5f
REF-0285,2,0.25,0.933031,0.994351,0.174683,2,0,2,3,VALIDATION,SYNTHETIC_RESEARCH_FIXTURE,OG-SYNTH-0.3,B1-0.3,build_opus_synthetic_programme_v0_3.py@0.3,20260812,True,7262377402bfda9dda3b0ee63ee0f185f6a6e931e2ff07ff08b48338d7e84779
REF-0285,3,0.375,0.917064,0.889696,0.20451,4,1,1,2,VALIDATION,SYNTHETIC_RESEARCH_FIXTURE,OG-SYNTH-0.3,B1-0.3,build_opus_synthetic_programme_v0_3.py@0.3,20260812,True,34a11a9bb6ff2794323e36f9b69134239173ed26c90cdd12cb23eca691eba347
REF-0285,4,0.5,0.903314,0.907428,0.29758,5,1,1,2,VALIDATION,SYNTHETIC_RESEARCH_FIXTURE,OG-SYNTH-0.3,B1-0.3,build_opus_synthetic_programme_v0_3.py@0.3,20260812,True,c1cab694ff9d6a7dc72179d33dcfa5653621de22fb87610b47fcc32d0ea9c7fa
REF-0285,5,0.625,0.900648,0.854284,0.23825,8,3,5,1,VALIDATION,SYNTHETIC_RESEARCH_FIXTURE,OG-SYNTH-0.3,B1-0.3,build_opus_synthetic_programme_v0_3.py@0.3,20260812,True,621de1dde90e372a4dae7ba0d1010078bd4127be4e366f24fe7c585b835fc57b
REF-0285,6,0.75,0.873717,0.888502,0.196215,6,4,2,3,VALIDATION,SYNTHETIC_RESEARCH_FIXTURE,OG-SYNTH-0.3,B1-0.3,build_opus_synthetic_programme_v0_3.py@0.3,20260812,True,cc2ace72861978b41dbc840b9ff5a318535e8b370253c11be49a6a34a77de7e7
REF-0285,7,0.875,0.815025,0.852865,0.269183,8,3,3,3,VALIDATION,SYNTHETIC_RESEARCH_FIXTURE,OG-SYNTH-0.3,B1-0.3,build_opus_synthetic_programme_v0_3.py@0.3,20260812,True,abaccd422b1e06edc5929ab54428f6394cbadb6becea96257ea78417f05f17d8
REF-0285,8,1.0,0.807999,0.812093,0.308084,15,3,6,3,VALIDATION,SYNTHETIC_RESEARCH_FIXTURE,OG-SYNTH-0.3,B1-0.3,build_opus_synthetic_programme_v0_3.py@0.3,20260812,True,0621e1a586fe8be497eba7d0b76a9a60170e2ee3d67f384ca2b80dcb558ab3ae
REF-0286,1,0.125,1.006045,0.938583,0.145345,2,0,1,2,DEVELOPMENT,SYNTHETIC_RESEARCH_FIXTURE,OG-SYNTH-0.3,B1-0.3,build_opus_synthetic_programme_v0_3.py@0.3,20260812,True,009aed904b5e49c78ce55ebc009528c40caa1c4efae2539c9b2fba93630f6160
REF-0286,2,0.25,0.960991,0.989135,0.174881,2,0,0,0,DEVELOPMENT,SYNTHETIC_RESEARCH_FIXTURE,OG-SYNTH-0.3,B1-0.3,build_opus_synthetic_programme_v0_3.py@0.3,20260812,True,b5683c7de61860ad7f51a15097301bb04eea28d984d2dd1897ff82d4782d17b8
REF-0286,3,0.375,0.999493,0.920373,0.177911,5,0,2,1,DEVELOPMENT,SYNTHETIC_RESEARCH_FIXTURE,OG-SYNTH-0.3,B1-0.3,build_opus_synthetic_programme_v0_3.py@0.3,20260812,True,f7d9e02f31c7f3ffa09be1f51e1b0f82d21267a1e895c26833ba564a4aa44ce2
REF-0286,4,0.5,0.944177,0.9179,0.240209,10,0,1,0,DEVELOPMENT,SYNTHETIC_RESEARCH_FIXTURE,OG-SYNTH-0.3,B1-0.3,build_opus_synthetic_programme_v0_3.py@0.3,20260812,True,02c566676c2f23ff9c6d071e8cb95f0a7ce9375dde95f7f13d7e3c33cb646f77
REF-0286,5,0.625,0.966772,0.957243,0.152429,4,0,0,4,DEVELOPMENT,SYNTHETIC_RESEARCH_FIXTURE,OG-SYNTH-0.3,B1-0.3,build_opus_synthetic_programme_v0_3.py@0.3,20260812,True,4e9bb82dc782177235abd6fff7695f24b3f8a26513f7b9e4fb0889559e751877
REF-0286,6,0.75,0.928464,0.883633,0.270519,7,2,2,1,DEVELOPMENT,SYNTHETIC_RESEARCH_FIXTURE,OG-SYNTH-0.3,B1-0.3,build_opus_synthetic_programme_v0_3.py@0.3,20260812,True,7e773a16e2197d800d8eaca762900540f385c96706e428b867df74b2782c38c5
REF-0286,7,0.875,0.968249,0.908194,0.158063,9,1,0,2,DEVELOPMENT,SYNTHETIC_RESEARCH_FIXTURE,OG-SYNTH-0.3,B1-0.3,build_opus_synthetic_programme_v0_3.py@0.3,20260812,True,be41f29a31956ca6b82b0e9ac3ef43692f8781da9f93ae74a7456399e7c158da
REF-0286,8,1.0,0.905769,0.890272,0.259024,3,1,1,2,DEVELOPMENT,SYNTHETIC_RESEARCH_FIXTURE,OG-SYNTH-0.3,B1-0.3,build_opus_synthetic_programme_v0_3.py@0.3,20260812,True,d38a9c9fe2a5cbe570d5e12cdf283476d3bf965d60b186ac308a92f27661aaa5
REF-0287,1,0.125,0.986131,1.004703,0.163444,1,2,0,2,VALIDATION,SYNTHETIC_RESEARCH_FIXTURE,OG-SYNTH-0.3,B1-0.3,build_opus_synthetic_programme_v0_3.py@0.3,20260812,True,826fd507945efc96a9ff4b17cd6a15634effa48f3150296ff3c9738769dbd2d1
REF-0287,2,0.25,0.957342,0.984691,0.156877,4,1,5,1,VALIDATION,SYNTHETIC_RESEARCH_FIXTURE,OG-SYNTH-0.3,B1-0.3,build_opus_synthetic_programme_v0_3.py@0.3,20260812,True,0e35c5858bc38921b843a6899c5c9b632c8589f9761a048c2ecb45fa054e51ef
REF-0287,3,0.375,0.969253,0.956665,0.12929,7,1,1,1,VALIDATION,SYNTHETIC_RESEARCH_FIXTURE,OG-SYNTH-0.3,B1-0.3,build_opus_synthetic_programme_v0_3.py@0.3,20260812,True,d1e49cbd2eabcb3198e7cab61dd77efe90dd68100461f9668683f5200524718d
REF-0287,4,0.5,0.97113,0.976473,0.123963,6,3,1,0,VALIDATION,SYNTHETIC_RESEARCH_FIXTURE,OG-SYNTH-0.3,B1-0.3,build_opus_synthetic_programme_v0_3.py@0.3,20260812,True,04d256756028d91e61d5b1bf33f3585fc97379c8840ab065193de5f57fc15277
REF-0287,5,0.625,0.895216,0.973198,0.172831,9,0,1,2,VALIDATION,SYNTHETIC_RESEARCH_FIXTURE,OG-SYNTH-0.3,B1-0.3,build_opus_synthetic_programme_v0_3.py@0.3,20260812,True,7ae821841cea9b68bee516671b145c23ffed73aa8ea27349d63a6006193133e0
REF-0287,6,0.75,0.86927,0.950976,0.209451,6,1,4,0,VALIDATION,SYNTHETIC_RESEARCH_FIXTURE,OG-SYNTH-0.3,B1-0.3,build_opus_synthetic_programme_v0_3.py@0.3,20260812,True,995fb55bc21a223aa30e6fd3847dd001cfeee3304054f6d20b5453f7a0084d31
REF-0287,7,0.875,0.84313,0.949149,0.232415,11,0,3,3,VALIDATION,SYNTHETIC_RESEARCH_FIXTURE,OG-SYNTH-0.3,B1-0.3,build_opus_synthetic_programme_v0_3.py@0.3,20260812,True,149dfdb158a23f633dbdfda5e638172be5406328a3c2863e9905efad2bc0406f
REF-0287,8,1.0,0.839449,0.918417,0.25616,9,4,4,1,VALIDATION,SYNTHETIC_RESEARCH_FIXTURE,OG-SYNTH-0.3,B1-0.3,build_opus_synthetic_programme_v0_3.py@0.3,20260812,True,7a33cf8b054868c47f511f939ccc7d1a11ccd063cd55fce5c1ba7d71d93514fd
REF-0288,1,0.125,0.954084,0.993595,0.110197,6,0,1,2,DEVELOPMENT,SYNTHETIC_RESEARCH_FIXTURE,OG-SYNTH-0.3,B1-0.3,build_opus_synthetic_programme_v0_3.py@0.3,20260812,True,8062bfb254761b76f6caa8511eddee63069ceb24aa3d58f5680aa6eebee6534d
REF-0288,2,0.25,0.930874,0.907847,0.211294,8,1,2,1,DEVELOPMENT,SYNTHETIC_RESEARCH_FIXTURE,OG-SYNTH-0.3,B1-0.3,build_opus_synthetic_programme_v0_3.py@0.3,20260812,True,74958a056eff5001f6ef17a42e940ee25ab7168d23f50b7d2031631389234987
REF-0288,3,0.375,0.945395,0.926098,0.132715,8,3,2,2,DEVELOPMENT,SYNTHETIC_RESEARCH_FIXTURE,OG-SYNTH-0.3,B1-0.3,build_opus_synthetic_programme_v0_3.py@0.3,20260812,True,6bc86f9b98c06bdf7602fe62d592543fabcbb2a08648198492669e81c7a7e1c0
REF-0288,4,0.5,0.897547,0.913312,0.292324,7,4,5,1,DEVELOPMENT,SYNTHETIC_RESEARCH_FIXTURE,OG-SYNTH-0.3,B1-0.3,build_opus_synthetic_programme_v0_3.py@0.3,20260812,True,24da701c68aaf362abfe77191f2ac826aa9fb2fb6241d8dafe807a053fc14bcd
REF-0288,5,0.625,0.854275,0.859822,0.197725,14,2,3,5,DEVELOPMENT,SYNTHETIC_RESEARCH_FIXTURE,OG-SYNTH-0.3,B1-0.3,build_opus_synthetic_programme_v0_3.py@0.3,20260812,True,d1a70eb3aca14edcb16a79b3413cb4040903609b5fce0fee01c0d1704a26b7a3
REF-0288,6,0.75,0.853697,0.8007,0.239218,19,2,0,1,DEVELOPMENT,SYNTHETIC_RESEARCH_FIXTURE,OG-SYNTH-0.3,B1-0.3,build_opus_synthetic_programme_v0_3.py@0.3,20260812,True,9c4128a1df557b197608f302bd37fc4738f62178525b25bd4ec92c0991bd7570
REF-0288,7,0.875,0.785071,0.856778,0.210608,16,4,6,4,DEVELOPMENT,SYNTHETIC_RESEARCH_FIXTURE,OG-SYNTH-0.3,B1-0.3,build_opus_synthetic_programme_v0_3.py@0.3,20260812,True,f968d0fe52041e1915014f879513d7ede26708917860a93eb431fb00b6436829
REF-0288,8,1.0,0.765817,0.821021,0.365009,25,0,3,2,DEVELOPMENT,SYNTHETIC_RESEARCH_FIXTURE,OG-SYNTH-0.3,B1-0.3,build_opus_synthetic_programme_v0_3.py@0.3,20260812,True,64e1a5f558a3f4dd1f21364fe9234a20b09e5de05fe95658799ae4b01a835db0
REF-0289,1,0.125,0.95001,0.98178,0.149876,4,1,1,1,VALIDATION,SYNTHETIC_RESEARCH_FIXTURE,OG-SYNTH-0.3,B1-0.3,build_opus_synthetic_programme_v0_3.py@0.3,20260812,True,3641dd1a32a781d77e64d02734426e166bea43e4ef4d7424e7a437306135cc77
REF-0289,2,0.25,0.952298,0.995414,0.112736,4,0,1,1,VALIDATION,SYNTHETIC_RESEARCH_FIXTURE,OG-SYNTH-0.3,B1-0.3,build_opus_synthetic_programme_v0_3.py@0.3,20260812,True,4e41d6aed73d9fc8a1cabdb3148f9f4c4a65f0867d145a90bd2bdf194aed79c8
REF-0289,3,0.375,1.029595,0.941864,0.068851,3,0,1,2,VALIDATION,SYNTHETIC_RESEARCH_FIXTURE,OG-SYNTH-0.3,B1-0.3,build_opus_synthetic_programme_v0_3.py@0.3,20260812,True,ba443ce84f97d1a96fa8ae11b487660c97a032b21415711baa03bb12dcc21bd4
REF-0289,4,0.5,1.00212,0.916947,0.149265,3,1,1,3,VALIDATION,SYNTHETIC_RESEARCH_FIXTURE,OG-SYNTH-0.3,B1-0.3,build_opus_synthetic_programme_v0_3.py@0.3,20260812,True,b0b895699bdf5bf764624368f18bf165e9f2bb0573da0b2cd9c08ce984337279
REF-0289,5,0.625,0.916408,0.876918,0.027292,4,1,0,0,VALIDATION,SYNTHETIC_RESEARCH_FIXTURE,OG-SYNTH-0.3,B1-0.3,build_opus_synthetic_programme_v0_3.py@0.3,20260812,True,df875fd9a2e73c10d370ca7a969b3e540781a11b7f5cfe64821078cccd6a79f8
REF-0289,6,0.75,0.927008,0.889587,0.175438,12,0,2,0,VALIDATION,SYNTHETIC_RESEARCH_FIXTURE,OG-SYNTH-0.3,B1-0.3,build_opus_synthetic_programme_v0_3.py@0.3,20260812,True,64107e8fc3619c81dedcc06ff459c291821872f02185d49c9e378de9380fd336
REF-0289,7,0.875,0.965804,0.890869,0.307849,8,2,5,2,VALIDATION,SYNTHETIC_RESEARCH_FIXTURE,OG-SYNTH-0.3,B1-0.3,build_opus_synthetic_programme_v0_3.py@0.3,20260812,True,cfaf01b3375b2ba5606ea2aed14b036da517f3ad232652c050727aeb31166123
REF-0289,8,1.0,0.894695,0.860624,0.219189,9,1,6,2,VALIDATION,SYNTHETIC_RESEARCH_FIXTURE,OG-SYNTH-0.3,B1-0.3,build_opus_synthetic_programme_v0_3.py@0.3,20260812,True,7eb0b664011dc36ec86d63e173bb3ce72de8c6e5745f01b8e7ab7ed947c9a6b8
REF-0290,1,0.125,0.976897,1.013119,0.180023,3,1,0,3,DEVELOPMENT,SYNTHETIC_RESEARCH_FIXTURE,OG-SYNTH-0.3,B1-0.3,build_opus_synthetic_programme_v0_3.py@0.3,20260812,True,c1966255ed97d5e8902e108b2dc324ae6e8102df60f48f5e4d1e917a614ec327
REF-0290,2,0.25,0.894287,0.995436,0.20943,4,1,1,1,DEVELOPMENT,SYNTHETIC_RESEARCH_FIXTURE,OG-SYNTH-0.3,B1-0.3,build_opus_synthetic_programme_v0_3.py@0.3,20260812,True,7d493fa19ece589650f331712e94d2ee0a0b45b1f94286d1a23d988ee2a85725
REF-0290,3,0.375,0.933756,0.931699,0.227694,3,3,0,0,DEVELOPMENT,SYNTHETIC_RESEARCH_FIXTURE,OG-SYNTH-0.3,B1-0.3,build_opus_synthetic_programme_v0_3.py@0.3,20260812,True,a16fa917fd29e5a1266e9c80f540364889401b6f1203c34de57c6c64e8759d67
REF-0290,4,0.5,0.904629,0.90165,0.26291,6,4,0,2,DEVELOPMENT,SYNTHETIC_RESEARCH_FIXTURE,OG-SYNTH-0.3,B1-0.3,build_opus_synthetic_programme_v0_3.py@0.3,20260812,True,a1147b613c87953dabde36a73deb87cb19df167a3f4406782c358f5763ac1e78
REF-0290,5,0.625,0.895695,0.897274,0.226847,3,1,1,1,DEVELOPMENT,SYNTHETIC_RESEARCH_FIXTURE,OG-SYNTH-0.3,B1-0.3,build_opus_synthetic_programme_v0_3.py@0.3,20260812,True,edab0801a8aa659b56d21fcc5bd5b749e27215a1f07b2fef23c2ad7068257bff
REF-0290,6,0.75,0.876721,0.912131,0.287715,4,1,3,2,DEVELOPMENT,SYNTHETIC_RESEARCH_FIXTURE,OG-SYNTH-0.3,B1-0.3,build_opus_synthetic_programme_v0_3.py@0.3,20260812,True,9a37db81bc36dd3115dcd6d1889bee010ce3ae52787588f0fcd3f9191902f70c
REF-0290,7,0.875,0.881947,0.849936,0.232367,5,1,2,3,DEVELOPMENT,SYNTHETIC_RESEARCH_FIXTURE,OG-SYNTH-0.3,B1-0.3,build_opus_synthetic_programme_v0_3.py@0.3,20260812,True,ae0112c79ebe9aad234f2a5af10bc0142ca6fb2d86153bde49087c97bec3ec91
REF-0290,8,1.0,0.827926,0.828381,0.282534,4,2,4,3,DEVELOPMENT,SYNTHETIC_RESEARCH_FIXTURE,OG-SYNTH-0.3,B1-0.3,build_opus_synthetic_programme_v0_3.py@0.3,20260812,True,dbbe5eaf344db9de77632504d36cb804e4498d513178c62848cf0a82535f17fb
REF-0291,1,0.125,0.974923,0.956165,0.141772,0,2,3,1,VALIDATION,SYNTHETIC_RESEARCH_FIXTURE,OG-SYNTH-0.3,B1-0.3,build_opus_synthetic_programme_v0_3.py@0.3,20260812,True,809b95a0aeee5f0fda164f86913eb28db310da765c1b5f8e09aaef11e55eefd2
REF-0291,2,0.25,1.007257,0.966939,0.182824,2,1,1,2,VALIDATION,SYNTHETIC_RESEARCH_FIXTURE,OG-SYNTH-0.3,B1-0.3,build_opus_synthetic_programme_v0_3.py@0.3,20260812,True,1f99a0d7183e389cda4f9ce76a9d6586ff965a9eb00f534d29a4740712e4de0e
REF-0291,3,0.375,0.980345,0.993484,0.159066,5,2,2,0,VALIDATION,SYNTHETIC_RESEARCH_FIXTURE,OG-SYNTH-0.3,B1-0.3,build_opus_synthetic_programme_v0_3.py@0.3,20260812,True,3cf2660f49e3bcba8a704a9e866204d64da91c98d63bb42bdfbd1bf88a90f8bf
REF-0291,4,0.5,0.927311,0.976053,0.152795,4,1,0,0,VALIDATION,SYNTHETIC_RESEARCH_FIXTURE,OG-SYNTH-0.3,B1-0.3,build_opus_synthetic_programme_v0_3.py@0.3,20260812,True,5b7c116dfd835be15e54d3ef93348189042db3628dcd0388de13b1ac34f9d33e
REF-0291,5,0.625,0.976147,0.955552,0.139433,5,1,2,3,VALIDATION,SYNTHETIC_RESEARCH_FIXTURE,OG-SYNTH-0.3,B1-0.3,build_opus_synthetic_programme_v0_3.py@0.3,20260812,True,5762e0c17f20ac4e50bc09da502dc024afd9bbed2f6f9da1c878a66f7a33d06a
REF-0291,6,0.75,0.916824,0.906644,0.194654,3,6,4,2,VALIDATION,SYNTHETIC_RESEARCH_FIXTURE,OG-SYNTH-0.3,B1-0.3,build_opus_synthetic_programme_v0_3.py@0.3,20260812,True,262b2a553c0b024d957afdda4e58d520458c1678feb4d769e13384c7eec685f1
REF-0291,7,0.875,0.92414,0.910254,0.242695,4,2,3,5,VALIDATION,SYNTHETIC_RESEARCH_FIXTURE,OG-SYNTH-0.3,B1-0.3,build_opus_synthetic_programme_v0_3.py@0.3,20260812,True,a85087642462de5f8399af5d24febca54e0d7bb8ce88dc6e02aecaa0501f13f4
REF-0291,8,1.0,0.880571,0.866976,0.195939,6,2,0,2,VALIDATION,SYNTHETIC_RESEARCH_FIXTURE,OG-SYNTH-0.3,B1-0.3,build_opus_synthetic_programme_v0_3.py@0.3,20260812,True,c2e4054c669acfc1dbb8a8cd0233be8602b982d632dc36b662e47b1aa51089cb
REF-0292,1,0.125,0.942073,1.008361,0.167216,8,4,2,1,VALIDATION,SYNTHETIC_RESEARCH_FIXTURE,OG-SYNTH-0.3,B1-0.3,build_opus_synthetic_programme_v0_3.py@0.3,20260812,True,fba89f22a311223f3f4ce6bb5286b820464d202d8a563ceff7263dcbf47691d2
REF-0292,2,0.25,0.945017,0.948537,0.1975,2,0,2,2,VALIDATION,SYNTHETIC_RESEARCH_FIXTURE,OG-SYNTH-0.3,B1-0.3,build_opus_synthetic_programme_v0_3.py@0.3,20260812,True,ba9c69f9781fb9fd3c01e4abae7b44eba1e8cf6923bfb20776d868a61046bfa5
REF-0292,3,0.375,0.914506,0.913931,0.156428,8,2,0,1,VALIDATION,SYNTHETIC_RESEARCH_FIXTURE,OG-SYNTH-0.3,B1-0.3,build_opus_synthetic_programme_v0_3.py@0.3,20260812,True,2027ef6d73ef41439a673e34b4b6c40999375b262522f2709a0e325c66cd3d92
REF-0292,4,0.5,0.87783,0.872956,0.263012,12,2,3,1,VALIDATION,SYNTHETIC_RESEARCH_FIXTURE,OG-SYNTH-0.3,B1-0.3,build_opus_synthetic_programme_v0_3.py@0.3,20260812,True,2125a83dcefa66a4dd30fa4b8a1aefd39c43e63131197e3ba8fb941fbc91d630
REF-0292,5,0.625,0.879216,0.841104,0.321847,8,1,2,3,VALIDATION,SYNTHETIC_RESEARCH_FIXTURE,OG-SYNTH-0.3,B1-0.3,build_opus_synthetic_programme_v0_3.py@0.3,20260812,True,90c0d160410e55c6e8a83a7331c5cbdd9260b748ae9456af8ac33ae3ea128b7b
REF-0292,6,0.75,0.877406,0.805287,0.34573,13,3,5,1,VALIDATION,SYNTHETIC_RESEARCH_FIXTURE,OG-SYNTH-0.3,B1-0.3,build_opus_synthetic_programme_v0_3.py@0.3,20260812,True,866c80c9b967fb51cd80fbd83f401d221076ef61662cc6a2d3927560bf4ed86c
REF-0292,7,0.875,0.814362,0.772567,0.38634,15,3,4,4,VALIDATION,SYNTHETIC_RESEARCH_FIXTURE,OG-SYNTH-0.3,B1-0.3,build_opus_synthetic_programme_v0_3.py@0.3,20260812,True,dd762ab2a8ccdbac0b6d28faced127b4b3392165a2d0d847b38b2acc0a44610f
REF-0292,8,1.0,0.831044,0.70244,0.350864,20,2,8,4,VALIDATION,SYNTHETIC_RESEARCH_FIXTURE,OG-SYNTH-0.3,B1-0.3,build_opus_synthetic_programme_v0_3.py@0.3,20260812,True,92c63070a990255acc2b8f07fd911fb789bbf56ed94f796ecd2c3b9432fcc6cb
REF-0293,1,0.125,0.975266,0.95165,0.193417,3,3,1,2,DEVELOPMENT,SYNTHETIC_RESEARCH_FIXTURE,OG-SYNTH-0.3,B1-0.3,build_opus_synthetic_programme_v0_3.py@0.3,20260812,True,e5165dfb3478bcf7e5ca45d58ebe0eca707bec58c9ea144982da4bb8a22e0764
REF-0293,2,0.25,0.940335,0.985242,0.139714,5,1,2,1,DEVELOPMENT,SYNTHETIC_RESEARCH_FIXTURE,OG-SYNTH-0.3,B1-0.3,build_opus_synthetic_programme_v0_3.py@0.3,20260812,True,fb7dbff63a94f3e904be02a1401966c02316e48873bc2a6c062572a32bdf87a5
REF-0293,3,0.375,0.94012,0.937656,0.222293,2,1,3,0,DEVELOPMENT,SYNTHETIC_RESEARCH_FIXTURE,OG-SYNTH-0.3,B1-0.3,build_opus_synthetic_programme_v0_3.py@0.3,20260812,True,874a6627ffa0b581c75c89c21c519e60ed5ce9b54a535b8d32d9eca5f339c294
REF-0293,4,0.5,0.932875,0.933517,0.128055,2,2,6,1,DEVELOPMENT,SYNTHETIC_RESEARCH_FIXTURE,OG-SYNTH-0.3,B1-0.3,build_opus_synthetic_programme_v0_3.py@0.3,20260812,True,b1b71ee719fee11b564d4c9aebf61398f06f507770f211bae5ef77d75850f3f9
REF-0293,5,0.625,0.866845,0.94312,0.206736,7,1,4,2,DEVELOPMENT,SYNTHETIC_RESEARCH_FIXTURE,OG-SYNTH-0.3,B1-0.3,build_opus_synthetic_programme_v0_3.py@0.3,20260812,True,93782dc573d4cf83fddc874e3113910dfbc78ef5414026e65f5e0ec723913c3e
REF-0293,6,0.75,0.905986,0.916976,0.254908,5,1,1,0,DEVELOPMENT,SYNTHETIC_RESEARCH_FIXTURE,OG-SYNTH-0.3,B1-0.3,build_opus_synthetic_programme_v0_3.py@0.3,20260812,True,2a5ba11a779427d3c59aafb04da270c3a200740375151b1e0b71c36f94f26e07
REF-0293,7,0.875,0.878055,0.958287,0.290433,10,0,5,3,DEVELOPMENT,SYNTHETIC_RESEARCH_FIXTURE,OG-SYNTH-0.3,B1-0.3,build_opus_synthetic_programme_v0_3.py@0.3,20260812,True,1cad75b00343af4fb1a6f298ea7ded37f6c45990862dc55a000253aeaee4bead
REF-0293,8,1.0,0.86928,0.899465,0.302226,12,4,3,2,DEVELOPMENT,SYNTHETIC_RESEARCH_FIXTURE,OG-SYNTH-0.3,B1-0.3,build_opus_synthetic_programme_v0_3.py@0.3,20260812,True,64bc31d21504b54b7799f9c7f4b08e6a1d31888fc65ae220d14da865e2cd0207
REF-0294,1,0.125,0.985781,1.002877,0.170834,3,4,0,1,DEVELOPMENT,SYNTHETIC_RESEARCH_FIXTURE,OG-SYNTH-0.3,B1-0.3,build_opus_synthetic_programme_v0_3.py@0.3,20260812,True,e5a3b82239a27dbb8348adc8f8a07029a3c2d377cab8fc0958a104e280afd017
REF-0294,2,0.25,0.882706,0.91608,0.305409,3,4,1,1,DEVELOPMENT,SYNTHETIC_RESEARCH_FIXTURE,OG-SYNTH-0.3,B1-0.3,build_opus_synthetic_programme_v0_3.py@0.3,20260812,True,ddcdbebcc4f855278bdf901e659b8a706c7a2d91fd8833a31b26e2613ec50fb7
REF-0294,3,0.375,0.810774,0.860872,0.322351,6,7,3,3,DEVELOPMENT,SYNTHETIC_RESEARCH_FIXTURE,OG-SYNTH-0.3,B1-0.3,build_opus_synthetic_programme_v0_3.py@0.3,20260812,True,fb4501646a9f5c5ff86f2c2954ebae9206a7582ecf05e3973d2fae2fbba525b3
REF-0294,4,0.5,0.760933,0.848099,0.366656,4,4,2,2,DEVELOPMENT,SYNTHETIC_RESEARCH_FIXTURE,OG-SYNTH-0.3,B1-0.3,build_opus_synthetic_programme_v0_3.py@0.3,20260812,True,140d2dfb8859618df781fad953fbccfb833d35cf73f1804ad42dcd75dc26812a
REF-0294,5,0.625,0.722026,0.770232,0.381699,11,6,1,5,DEVELOPMENT,SYNTHETIC_RESEARCH_FIXTURE,OG-SYNTH-0.3,B1-0.3,build_opus_synthetic_programme_v0_3.py@0.3,20260812,True,35104acd910e8a7fce46506f97ed4620bf8257863319632f28ca226638062d53
REF-0294,6,0.75,0.677822,0.804062,0.420576,13,9,2,2,DEVELOPMENT,SYNTHETIC_RESEARCH_FIXTURE,OG-SYNTH-0.3,B1-0.3,build_opus_synthetic_programme_v0_3.py@0.3,20260812,True,c55ebc4f650f663c1dd7170cc4fa35d50c7e6ad403ee0c96a76606abfbf26e5a
REF-0294,7,0.875,0.608146,0.727667,0.512493,13,4,6,2,DEVELOPMENT,SYNTHETIC_RESEARCH_FIXTURE,OG-SYNTH-0.3,B1-0.3,build_opus_synthetic_programme_v0_3.py@0.3,20260812,True,2fd09709ff15a6d7576337f13b2488c27ed32d9cec375067e05f77b5d6036624
REF-0294,8,1.0,0.58791,0.693489,0.568307,13,9,1,6,DEVELOPMENT,SYNTHETIC_RESEARCH_FIXTURE,OG-SYNTH-0.3,B1-0.3,build_opus_synthetic_programme_v0_3.py@0.3,20260812,True,5dbd02a05e952abb8298e0ac876b41e0822b9707a2c923330ef75846867d2f0c
REF-0295,1,0.125,0.981203,0.967771,0.166109,2,1,0,1,DEVELOPMENT,SYNTHETIC_RESEARCH_FIXTURE,OG-SYNTH-0.3,B1-0.3,build_opus_synthetic_programme_v0_3.py@0.3,20260812,True,61e32fc2b9222216567f637570beec92c202d0f232813d05be480e30e82f83e9
REF-0295,2,0.25,0.978214,0.971095,0.174105,3,2,0,4,DEVELOPMENT,SYNTHETIC_RESEARCH_FIXTURE,OG-SYNTH-0.3,B1-0.3,build_opus_synthetic_programme_v0_3.py@0.3,20260812,True,4128b12cccb95a7c07826f46836488134b68ef697306934be125d6828413bcb6
REF-0295,3,0.375,0.959698,0.941203,0.206188,5,0,1,0,DEVELOPMENT,SYNTHETIC_RESEARCH_FIXTURE,OG-SYNTH-0.3,B1-0.3,build_opus_synthetic_programme_v0_3.py@0.3,20260812,True,26b33d520f25842992c3ad7896932f4ea0d696514340f57a227f1add823cc417
REF-0295,4,0.5,0.9531,0.956488,0.217826,13,1,1,3,DEVELOPMENT,SYNTHETIC_RESEARCH_FIXTURE,OG-SYNTH-0.3,B1-0.3,build_opus_synthetic_programme_v0_3.py@0.3,20260812,True,00f940029fe981f59ea9b47847c53a34b332f67cafcbb3a2faa24c3941049ad8
REF-0295,5,0.625,0.926091,0.904539,0.239618,3,2,4,0,DEVELOPMENT,SYNTHETIC_RESEARCH_FIXTURE,OG-SYNTH-0.3,B1-0.3,build_opus_synthetic_programme_v0_3.py@0.3,20260812,True,85d8cc87054966d8086346b95e40950a0d47c06e1a461f64c30b82e56b12eaaf
REF-0295,6,0.75,0.918182,0.904934,0.19957,3,3,1,2,DEVELOPMENT,SYNTHETIC_RESEARCH_FIXTURE,OG-SYNTH-0.3,B1-0.3,build_opus_synthetic_programme_v0_3.py@0.3,20260812,True,3b3214e7bd4114ca67b64e8b9365a297931de017eee5971c4c61e59256c27cd2
REF-0295,7,0.875,0.923558,0.859496,0.18097,12,3,1,3,DEVELOPMENT,SYNTHETIC_RESEARCH_FIXTURE,OG-SYNTH-0.3,B1-0.3,build_opus_synthetic_programme_v0_3.py@0.3,20260812,True,a09e994e70256f24a3b3702457cd03ae99f995b3134e5acb0e0bb9216895d545
REF-0295,8,1.0,0.918191,0.805808,0.170145,5,3,2,3,DEVELOPMENT,SYNTHETIC_RESEARCH_FIXTURE,OG-SYNTH-0.3,B1-0.3,build_opus_synthetic_programme_v0_3.py@0.3,20260812,True,52b3cce27d6df56ad7c732c0931ac3d2aa1e13e26773863b4a9c73fdc07b3035
REF-0296,1,0.125,0.988754,0.97357,0.157756,1,1,2,0,VALIDATION,SYNTHETIC_RESEARCH_FIXTURE,OG-SYNTH-0.3,B1-0.3,build_opus_synthetic_programme_v0_3.py@0.3,20260812,True,5e1b3a0f2b8bad40eec82ff09c7aea52fc1eb81e306017871e27fb7cbb87cba6
REF-0296,2,0.25,0.999535,0.995135,0.211067,4,2,0,0,VALIDATION,SYNTHETIC_RESEARCH_FIXTURE,OG-SYNTH-0.3,B1-0.3,build_opus_synthetic_programme_v0_3.py@0.3,20260812,True,5d97ee97354655dd4aa81e3f02325c7932dcc1c54634b82a8e8c1c12a14375c6
REF-0296,3,0.375,0.937415,0.982221,0.215423,5,0,3,2,VALIDATION,SYNTHETIC_RESEARCH_FIXTURE,OG-SYNTH-0.3,B1-0.3,build_opus_synthetic_programme_v0_3.py@0.3,20260812,True,2ac254fbb924053255e76d05d5e81861b408d142b0c854c3ac4ab3516d6de66e
REF-0296,4,0.5,0.967025,0.887388,0.181157,5,3,3,1,VALIDATION,SYNTHETIC_RESEARCH_FIXTURE,OG-SYNTH-0.3,B1-0.3,build_opus_synthetic_programme_v0_3.py@0.3,20260812,True,3eb96285a43279fc31bb3b0eb1f68a351de9a8818f4daa010fe12240920dff86
REF-0296,5,0.625,0.902539,0.899953,0.232325,4,4,4,1,VALIDATION,SYNTHETIC_RESEARCH_FIXTURE,OG-SYNTH-0.3,B1-0.3,build_opus_synthetic_programme_v0_3.py@0.3,20260812,True,4585ed3b94493ef816cca378c6c927c01d70ed90f299587ec41ed586a79b29cc
REF-0296,6,0.75,0.902953,0.923818,0.19733,8,5,1,3,VALIDATION,SYNTHETIC_RESEARCH_FIXTURE,OG-SYNTH-0.3,B1-0.3,build_opus_synthetic_programme_v0_3.py@0.3,20260812,True,a70a1be7bedba12346f0c8c4302442d662ec1ddb3b6ce2514f5cf86eff2cc527
REF-0296,7,0.875,0.925201,0.864232,0.287966,6,3,1,3,VALIDATION,SYNTHETIC_RESEARCH_FIXTURE,OG-SYNTH-0.3,B1-0.3,build_opus_synthetic_programme_v0_3.py@0.3,20260812,True,bb68e5af646676b948e1273755b8d254f35e63329e16d7e2eb57e47efe927b37
REF-0296,8,1.0,0.904119,0.809179,0.283073,5,2,2,2,VALIDATION,SYNTHETIC_RESEARCH_FIXTURE,OG-SYNTH-0.3,B1-0.3,build_opus_synthetic_programme_v0_3.py@0.3,20260812,True,7eca7b05bb645c432161d20a4576166c55e5165354c5158c576431daa5bf630c
REF-0297,1,0.125,0.960746,0.943375,0.128527,2,0,1,0,DEVELOPMENT,SYNTHETIC_RESEARCH_FIXTURE,OG-SYNTH-0.3,B1-0.3,build_opus_synthetic_programme_v0_3.py@0.3,20260812,True,7e44bb09f9a41c66d58e1f611d20f07b8581849f00bc82ba9fccd651a6814efd
REF-0297,2,0.25,1.005088,0.940144,0.135341,2,1,2,1,DEVELOPMENT,SYNTHETIC_RESEARCH_FIXTURE,OG-SYNTH-0.3,B1-0.3,build_opus_synthetic_programme_v0_3.py@0.3,20260812,True,cc761e157fb84c71db9a3cf5e12862224f0bdd7ce0de963116289cffdfb7c412
REF-0297,3,0.375,0.982279,1.026274,0.18466,7,1,0,0,DEVELOPMENT,SYNTHETIC_RESEARCH_FIXTURE,OG-SYNTH-0.3,B1-0.3,build_opus_synthetic_programme_v0_3.py@0.3,20260812,True,bcac58dbf25685b0f6f827e0a50782807b5c681d776e1cfb7980e7696288b096
REF-0297,4,0.5,0.948278,0.942842,0.166533,11,3,4,1,DEVELOPMENT,SYNTHETIC_RESEARCH_FIXTURE,OG-SYNTH-0.3,B1-0.3,build_opus_synthetic_programme_v0_3.py@0.3,20260812,True,c2abea0fd16d17f72fc8f554c4a0ec88ad042bf9e64bc6ab1247c2c6587d0c0b
REF-0297,5,0.625,0.934249,0.962488,0.173508,11,1,2,2,DEVELOPMENT,SYNTHETIC_RESEARCH_FIXTURE,OG-SYNTH-0.3,B1-0.3,build_opus_synthetic_programme_v0_3.py@0.3,20260812,True,0f7779cc6659b0656bd2ec74515a03ce4a830e36f864c8a3342b22d1a5df1f47
REF-0297,6,0.75,0.915588,0.926514,0.124829,10,1,4,1,DEVELOPMENT,SYNTHETIC_RESEARCH_FIXTURE,OG-SYNTH-0.3,B1-0.3,build_opus_synthetic_programme_v0_3.py@0.3,20260812,True,7589316250f1abdf6bc1c7006e2b140cfcaf8d9a089f92356a8996f2bb4bf96e
REF-0297,7,0.875,0.934182,0.913892,0.211463,6,2,6,1,DEVELOPMENT,SYNTHETIC_RESEARCH_FIXTURE,OG-SYNTH-0.3,B1-0.3,build_opus_synthetic_programme_v0_3.py@0.3,20260812,True,d18087288d18c20214f2ff746d8d0f56e9143a65c2dc0cb61e58e2be8c6815e0
REF-0297,8,1.0,0.896946,0.914628,0.264461,15,3,6,0,DEVELOPMENT,SYNTHETIC_RESEARCH_FIXTURE,OG-SYNTH-0.3,B1-0.3,build_opus_synthetic_programme_v0_3.py@0.3,20260812,True,b23cd3f2701635232b9b939c93ff8fcc473f34d6515992da80f9d99861a966ad
REF-0298,1,0.125,0.97933,0.956303,0.214875,5,0,1,0,DEVELOPMENT,SYNTHETIC_RESEARCH_FIXTURE,OG-SYNTH-0.3,B1-0.3,build_opus_synthetic_programme_v0_3.py@0.3,20260812,True,544f4a3c82d0822442948b573d1b96dd93069c198e6c47235d21f3470b1c82ae
REF-0298,2,0.25,0.974512,1.006072,0.234623,5,1,1,2,DEVELOPMENT,SYNTHETIC_RESEARCH_FIXTURE,OG-SYNTH-0.3,B1-0.3,build_opus_synthetic_programme_v0_3.py@0.3,20260812,True,7456ceaceac32e906159c79ce80a5716288073c828befd648f71abbeac390879
REF-0298,3,0.375,0.976371,0.927768,0.257719,4,4,5,2,DEVELOPMENT,SYNTHETIC_RESEARCH_FIXTURE,OG-SYNTH-0.3,B1-0.3,build_opus_synthetic_programme_v0_3.py@0.3,20260812,True,ce72ebe1124767c929f3194f135d8d12bc33bea132a8f351277e5f0de239fcb7
REF-0298,4,0.5,0.899041,0.904023,0.262283,9,4,1,1,DEVELOPMENT,SYNTHETIC_RESEARCH_FIXTURE,OG-SYNTH-0.3,B1-0.3,build_opus_synthetic_programme_v0_3.py@0.3,20260812,True,f377e90499cdef75c0546b3dec37ac1a7b72028c97efb66f157fef665648bf12
REF-0298,5,0.625,0.928167,0.880332,0.245952,8,1,1,2,DEVELOPMENT,SYNTHETIC_RESEARCH_FIXTURE,OG-SYNTH-0.3,B1-0.3,build_opus_synthetic_programme_v0_3.py@0.3,20260812,True,e7a3179bf22f0b1c6c38125208b0db061daaaa80bb3c9df2014414070d8348cb
REF-0298,6,0.75,0.864155,0.883913,0.294104,11,1,5,1,DEVELOPMENT,SYNTHETIC_RESEARCH_FIXTURE,OG-SYNTH-0.3,B1-0.3,build_opus_synthetic_programme_v0_3.py@0.3,20260812,True,c3e994f7ac5fd0222569ee8bef7e8dd4e53e9aa2993dc99048e00c5ae7d4f016
REF-0298,7,0.875,0.792026,0.837079,0.249634,11,3,1,0,DEVELOPMENT,SYNTHETIC_RESEARCH_FIXTURE,OG-SYNTH-0.3,B1-0.3,build_opus_synthetic_programme_v0_3.py@0.3,20260812,True,c8f3a59689a8a9613fd6db841728ce330b5aed258def7523230d121e4100a119
REF-0298,8,1.0,0.854388,0.75809,0.331483,15,2,5,3,DEVELOPMENT,SYNTHETIC_RESEARCH_FIXTURE,OG-SYNTH-0.3,B1-0.3,build_opus_synthetic_programme_v0_3.py@0.3,20260812,True,fec410ceb66a5ed2a0eafce56155914290542124e19910a233a295b670c35d41
REF-0299,1,0.125,0.956929,0.907577,0.121891,4,0,0,1,VALIDATION,SYNTHETIC_RESEARCH_FIXTURE,OG-SYNTH-0.3,B1-0.3,build_opus_synthetic_programme_v0_3.py@0.3,20260812,True,94db290188bf861fc8c2a8f2670a22e63706e541650af9ab50b2a3002842d477
REF-0299,2,0.25,0.951199,0.974031,0.133149,4,2,1,2,VALIDATION,SYNTHETIC_RESEARCH_FIXTURE,OG-SYNTH-0.3,B1-0.3,build_opus_synthetic_programme_v0_3.py@0.3,20260812,True,1e66207cff216f87f2d9c549a013d38ebaac884a6f548d64bfb816447bc7f127
REF-0299,3,0.375,0.930283,0.960171,0.161416,3,1,0,1,VALIDATION,SYNTHETIC_RESEARCH_FIXTURE,OG-SYNTH-0.3,B1-0.3,build_opus_synthetic_programme_v0_3.py@0.3,20260812,True,49584c14062d9d1d955dc1ad610e4f7de06609dd0ebd1744faf511dd4a3b0412
REF-0299,4,0.5,0.948495,0.997276,0.219098,5,1,0,3,VALIDATION,SYNTHETIC_RESEARCH_FIXTURE,OG-SYNTH-0.3,B1-0.3,build_opus_synthetic_programme_v0_3.py@0.3,20260812,True,c38b0bd79a4cee5ba6f816037a8cc8218341161348ca7dda518ab16e58bedec9
REF-0299,5,0.625,0.953107,0.95012,0.234968,8,0,5,2,VALIDATION,SYNTHETIC_RESEARCH_FIXTURE,OG-SYNTH-0.3,B1-0.3,build_opus_synthetic_programme_v0_3.py@0.3,20260812,True,2215d6bbe12e6fede9430ce506d70af2093a533bac059b50eb01a3cbd399ed5a
REF-0299,6,0.75,0.899834,0.930628,0.190593,8,3,3,3,VALIDATION,SYNTHETIC_RESEARCH_FIXTURE,OG-SYNTH-0.3,B1-0.3,build_opus_synthetic_programme_v0_3.py@0.3,20260812,True,3c3cdfc863199032eb3fece321d28127c917511f70b3adfe79ca1ae5125107f3
REF-0299,7,0.875,0.917324,0.887596,0.191361,13,1,2,4,VALIDATION,SYNTHETIC_RESEARCH_FIXTURE,OG-SYNTH-0.3,B1-0.3,build_opus_synthetic_programme_v0_3.py@0.3,20260812,True,4ea658efd4ea85ddfad5666446ed7bbd5ec4168d06dd771e767273f2473b5799
REF-0299,8,1.0,0.861312,0.864378,0.22415,8,1,3,1,VALIDATION,SYNTHETIC_RESEARCH_FIXTURE,OG-SYNTH-0.3,B1-0.3,build_opus_synthetic_programme_v0_3.py@0.3,20260812,True,76d754554bdb203f67c59458525b223bb84bdb2b5051eee88c5a3c29ae8e94f8
REF-0300,1,0.125,0.957808,0.924685,0.112996,7,1,1,2,LOCKED_HOLDOUT,SYNTHETIC_RESEARCH_FIXTURE,OG-SYNTH-0.3,B1-0.3,build_opus_synthetic_programme_v0_3.py@0.3,20260812,True,9d6b019726e0b35658a3073134806c4544ad92db8d156ea529ae30c83966b3d2
REF-0300,2,0.25,0.960863,0.957093,0.154416,5,1,1,2,LOCKED_HOLDOUT,SYNTHETIC_RESEARCH_FIXTURE,OG-SYNTH-0.3,B1-0.3,build_opus_synthetic_programme_v0_3.py@0.3,20260812,True,9134d6c78373314577e441dca12252da172d48e9bab7f0885aa8e592566f28f8
REF-0300,3,0.375,0.934868,0.913505,0.186037,8,1,5,2,LOCKED_HOLDOUT,SYNTHETIC_RESEARCH_FIXTURE,OG-SYNTH-0.3,B1-0.3,build_opus_synthetic_programme_v0_3.py@0.3,20260812,True,26d6686b0216e75b2e031acdda770e107b41ea527287f2fae3578d61fa73cad5
REF-0300,4,0.5,0.928535,0.91487,0.257778,8,2,4,0,LOCKED_HOLDOUT,SYNTHETIC_RESEARCH_FIXTURE,OG-SYNTH-0.3,B1-0.3,build_opus_synthetic_programme_v0_3.py@0.3,20260812,True,e97c92dfe7527651b286e4346078bb32e0ded74f8366dbb4725196c102b2a92e
REF-0300,5,0.625,0.84522,0.906719,0.317,3,2,1,2,LOCKED_HOLDOUT,SYNTHETIC_RESEARCH_FIXTURE,OG-SYNTH-0.3,B1-0.3,build_opus_synthetic_programme_v0_3.py@0.3,20260812,True,f968c6248aa93a7f13ca5347be5ed1b5f0e046e9b287a99507cfcf9724789abf
REF-0300,6,0.75,0.837306,0.892876,0.254512,18,5,4,2,LOCKED_HOLDOUT,SYNTHETIC_RESEARCH_FIXTURE,OG-SYNTH-0.3,B1-0.3,build_opus_synthetic_programme_v0_3.py@0.3,20260812,True,83f70aa3bcfc23265c37d7081c071d423a42f6d5b7223b29eee78891b08cd437
REF-0300,7,0.875,0.799225,0.843824,0.343641,16,2,4,1,LOCKED_HOLDOUT,SYNTHETIC_RESEARCH_FIXTURE,OG-SYNTH-0.3,B1-0.3,build_opus_synthetic_programme_v0_3.py@0.3,20260812,True,45d9c5f98afc648318d3bd7920c66bf299cd6076240fe595fb06b3bd611181c8
REF-0300,8,1.0,0.814788,0.888335,0.276055,17,4,6,3,LOCKED_HOLDOUT,SYNTHETIC_RESEARCH_FIXTURE,OG-SYNTH-0.3,B1-0.3,build_opus_synthetic_programme_v0_3.py@0.3,20260812,True,8b11a03a542ab620eddba3fccd69b8de84ab5b5f6b848baa0ec1b16d9af2cdc4
REF-0301,1,0.125,0.953981,0.98398,0.126043,4,0,0,2,DEVELOPMENT,SYNTHETIC_RESEARCH_FIXTURE,OG-SYNTH-0.3,B1-0.3,build_opus_synthetic_programme_v0_3.py@0.3,20260812,True,f65f0e1ca92765950206e616b64cab7237b10b6e6c3bfaef285ee02b9083975d
REF-0301,2,0.25,0.984552,0.995095,0.17696,6,2,0,1,DEVELOPMENT,SYNTHETIC_RESEARCH_FIXTURE,OG-SYNTH-0.3,B1-0.3,build_opus_synthetic_programme_v0_3.py@0.3,20260812,True,c1bb2446a75eeddf7ba6c26f7ab58e1cd32feaa02e47461c347357cf2f1d3c4c
REF-0301,3,0.375,0.921948,0.995918,0.160953,12,2,3,1,DEVELOPMENT,SYNTHETIC_RESEARCH_FIXTURE,OG-SYNTH-0.3,B1-0.3,build_opus_synthetic_programme_v0_3.py@0.3,20260812,True,652756ae227d80e1d99a20a6f056e571b4929fc71da69093a653c9f3e31ce7e2
REF-0301,4,0.5,0.968172,0.945973,0.262162,8,1,2,4,DEVELOPMENT,SYNTHETIC_RESEARCH_FIXTURE,OG-SYNTH-0.3,B1-0.3,build_opus_synthetic_programme_v0_3.py@0.3,20260812,True,44d839e5788e80b2272b2e70084048522fc44327a4d279dc8cd598f9b74c4718
REF-0301,5,0.625,0.930629,0.989143,0.201595,9,0,0,0,DEVELOPMENT,SYNTHETIC_RESEARCH_FIXTURE,OG-SYNTH-0.3,B1-0.3,build_opus_synthetic_programme_v0_3.py@0.3,20260812,True,f757bb3c10aa0f8a2bfe6cd21fd6c50613519f8029af002da255b6b6013282cf
REF-0301,6,0.75,0.882213,0.989884,0.235359,8,2,3,0,DEVELOPMENT,SYNTHETIC_RESEARCH_FIXTURE,OG-SYNTH-0.3,B1-0.3,build_opus_synthetic_programme_v0_3.py@0.3,20260812,True,10ee60343f678beb88157f0c3ba4cf4938ca7f18d2710df2c35c9ecad062956d
REF-0301,7,0.875,0.905764,0.982039,0.266202,9,2,2,1,DEVELOPMENT,SYNTHETIC_RESEARCH_FIXTURE,OG-SYNTH-0.3,B1-0.3,build_opus_synthetic_programme_v0_3.py@0.3,20260812,True,463721261ab90ef98f46aca347396e8e3b086ae2f423773a582d0b76882d51ab
REF-0301,8,1.0,0.880254,1.014644,0.259679,12,0,0,0,DEVELOPMENT,SYNTHETIC_RESEARCH_FIXTURE,OG-SYNTH-0.3,B1-0.3,build_opus_synthetic_programme_v0_3.py@0.3,20260812,True,5629805602278da988174ddce758e5b3be4fee30076bb0c7923fed792d498cc9
REF-0302,1,0.125,0.958355,0.970324,0.2026,3,0,4,1,LOCKED_HOLDOUT,SYNTHETIC_RESEARCH_FIXTURE,OG-SYNTH-0.3,B1-0.3,build_opus_synthetic_programme_v0_3.py@0.3,20260812,True,2ef454e4b009aaf2fc6f512c06f1548704b8ce97dcc06b69c5def540d8c0eccc
REF-0302,2,0.25,0.970568,0.918334,0.153325,5,2,3,3,LOCKED_HOLDOUT,SYNTHETIC_RESEARCH_FIXTURE,OG-SYNTH-0.3,B1-0.3,build_opus_synthetic_programme_v0_3.py@0.3,20260812,True,5569d765b93f9c5c74fd9030c01c8c4db0eba90bb5964a41f650b7905095159a
REF-0302,3,0.375,0.932654,0.928665,0.205574,6,1,4,1,LOCKED_HOLDOUT,SYNTHETIC_RESEARCH_FIXTURE,OG-SYNTH-0.3,B1-0.3,build_opus_synthetic_programme_v0_3.py@0.3,20260812,True,f9d3fd9fb552950670ee0d9f0bc1e8f7175590826135f5e08e601542ce812b2f
REF-0302,4,0.5,0.915202,0.887245,0.233206,10,1,3,5,LOCKED_HOLDOUT,SYNTHETIC_RESEARCH_FIXTURE,OG-SYNTH-0.3,B1-0.3,build_opus_synthetic_programme_v0_3.py@0.3,20260812,True,e203eeb4d607234dbcf0673f3e8f0db523ab1ef47e9db592f96c5bb6502b7623
REF-0302,5,0.625,0.853915,0.912159,0.222637,12,4,5,1,LOCKED_HOLDOUT,SYNTHETIC_RESEARCH_FIXTURE,OG-SYNTH-0.3,B1-0.3,build_opus_synthetic_programme_v0_3.py@0.3,20260812,True,ec3429bf63660d74b455a7c7bd090ccd39b6e99d1de2834670b47db308047d6c
REF-0302,6,0.75,0.81232,0.897231,0.215908,7,3,5,2,LOCKED_HOLDOUT,SYNTHETIC_RESEARCH_FIXTURE,OG-SYNTH-0.3,B1-0.3,build_opus_synthetic_programme_v0_3.py@0.3,20260812,True,2acdf5290ef478d7f79d04443da3f6e8db20b614ecf31e3a8abc45d9ff8c715f
REF-0302,7,0.875,0.789325,0.859144,0.259232,16,3,5,4,LOCKED_HOLDOUT,SYNTHETIC_RESEARCH_FIXTURE,OG-SYNTH-0.3,B1-0.3,build_opus_synthetic_programme_v0_3.py@0.3,20260812,True,a553c8029ed672d85908c24020d685992ff9596a71e5881282fbe7442f9bbde9
REF-0302,8,1.0,0.729023,0.838176,0.292347,24,4,9,1,LOCKED_HOLDOUT,SYNTHETIC_RESEARCH_FIXTURE,OG-SYNTH-0.3,B1-0.3,build_opus_synthetic_programme_v0_3.py@0.3,20260812,True,21f114edb813f4f88da40c04addbc25c6a2026e629bbd75f5173d92d9bca0a47
REF-0303,1,0.125,1.033965,0.989198,0.130973,2,1,1,0,DEVELOPMENT,SYNTHETIC_RESEARCH_FIXTURE,OG-SYNTH-0.3,B1-0.3,build_opus_synthetic_programme_v0_3.py@0.3,20260812,True,9ea0c0c1d22c8beb89d0b961dd54e173845ac1abd9e66138469661a73f1e1fc2
REF-0303,2,0.25,1.01874,1.030615,0.223028,3,3,2,1,DEVELOPMENT,SYNTHETIC_RESEARCH_FIXTURE,OG-SYNTH-0.3,B1-0.3,build_opus_synthetic_programme_v0_3.py@0.3,20260812,True,a2047ef7b5f0500d101337e054a6a0e758848c99200524b71bfd074ec408fc68
REF-0303,3,0.375,0.980425,0.940045,0.213924,6,2,1,0,DEVELOPMENT,SYNTHETIC_RESEARCH_FIXTURE,OG-SYNTH-0.3,B1-0.3,build_opus_synthetic_programme_v0_3.py@0.3,20260812,True,7c53e4cc43c7f23758128a40f690fcbbb2ab952bc084065ea30036cbdb6663d2
REF-0303,4,0.5,1.002353,0.947271,0.261268,4,2,2,0,DEVELOPMENT,SYNTHETIC_RESEARCH_FIXTURE,OG-SYNTH-0.3,B1-0.3,build_opus_synthetic_programme_v0_3.py@0.3,20260812,True,ba4eda92d62f675576f4542ecb0fc3b4d4d8e3fa9c50f39128b2f13d0b675890
REF-0303,5,0.625,0.931626,0.945757,0.222017,5,2,3,3,DEVELOPMENT,SYNTHETIC_RESEARCH_FIXTURE,OG-SYNTH-0.3,B1-0.3,build_opus_synthetic_programme_v0_3.py@0.3,20260812,True,3cc79bca15175e49dd0c63da974f3c121022c5b6754551d437d24b45ad231bf1
REF-0303,6,0.75,0.940169,0.875193,0.19558,8,1,1,5,DEVELOPMENT,SYNTHETIC_RESEARCH_FIXTURE,OG-SYNTH-0.3,B1-0.3,build_opus_synthetic_programme_v0_3.py@0.3,20260812,True,4a88f7712fb07de255774fa9ca2491a3d17e35a4d9afa4923d5adc658f875c5d
REF-0303,7,0.875,0.902625,0.849055,0.290074,12,2,1,2,DEVELOPMENT,SYNTHETIC_RESEARCH_FIXTURE,OG-SYNTH-0.3,B1-0.3,build_opus_synthetic_programme_v0_3.py@0.3,20260812,True,24cab5cdf482e1accd90d3d9518a5aa9b2db0ec59b3cd4a0305537b616720387
REF-0303,8,1.0,0.91658,0.843709,0.251972,10,2,3,5,DEVELOPMENT,SYNTHETIC_RESEARCH_FIXTURE,OG-SYNTH-0.3,B1-0.3,build_opus_synthetic_programme_v0_3.py@0.3,20260812,True,61e874e945cce6a83d10e25cfce7c05e1808fef6665b13b53ddc02bafb738410
REF-0304,1,0.125,1.040025,0.958472,0.108325,4,1,1,2,LOCKED_HOLDOUT,SYNTHETIC_RESEARCH_FIXTURE,OG-SYNTH-0.3,B1-0.3,build_opus_synthetic_programme_v0_3.py@0.3,20260812,True,fa66c0c156fa8b7ea00e5deb7b9e3cc370de5d7402b00af3073728c8879b964e
REF-0304,2,0.25,0.976033,1.003247,0.201809,6,0,1,1,LOCKED_HOLDOUT,SYNTHETIC_RESEARCH_FIXTURE,OG-SYNTH-0.3,B1-0.3,build_opus_synthetic_programme_v0_3.py@0.3,20260812,True,393496ae65bebf382651eaed7426f872e6cbf181e4c180ebc1b3c3e231c52023
REF-0304,3,0.375,0.939828,0.921161,0.252979,5,2,2,1,LOCKED_HOLDOUT,SYNTHETIC_RESEARCH_FIXTURE,OG-SYNTH-0.3,B1-0.3,build_opus_synthetic_programme_v0_3.py@0.3,20260812,True,402f064112fbbf196504cae1163435808596ca823a4aee18da0a6c747de43d80
REF-0304,4,0.5,0.96207,0.900765,0.230202,12,1,4,2,LOCKED_HOLDOUT,SYNTHETIC_RESEARCH_FIXTURE,OG-SYNTH-0.3,B1-0.3,build_opus_synthetic_programme_v0_3.py@0.3,20260812,True,bcc6ca03bfdafa149a63623a2b5bc53c7968fa7a930a68f776182f3f95c3896d
REF-0304,5,0.625,0.919831,0.862527,0.250006,7,2,3,1,LOCKED_HOLDOUT,SYNTHETIC_RESEARCH_FIXTURE,OG-SYNTH-0.3,B1-0.3,build_opus_synthetic_programme_v0_3.py@0.3,20260812,True,4e15cddd0d961db928f56d5d082790f7f04901a055c355f7f2335ffc14d5e471
REF-0304,6,0.75,0.936309,0.926321,0.183527,7,2,2,4,LOCKED_HOLDOUT,SYNTHETIC_RESEARCH_FIXTURE,OG-SYNTH-0.3,B1-0.3,build_opus_synthetic_programme_v0_3.py@0.3,20260812,True,aefa30f4be0091dc4287bd08b1ea2cb6aca3dcb10b0432a29f7ec386068e6af0
REF-0304,7,0.875,0.885223,0.888901,0.211078,8,1,1,2,LOCKED_HOLDOUT,SYNTHETIC_RESEARCH_FIXTURE,OG-SYNTH-0.3,B1-0.3,build_opus_synthetic_programme_v0_3.py@0.3,20260812,True,2dfb1b0891269b61bf4750a9c7f9ca86c3fbe1edbd4f81467e1ba2338aed373e
REF-0304,8,1.0,0.900638,0.824862,0.226504,11,2,8,5,LOCKED_HOLDOUT,SYNTHETIC_RESEARCH_FIXTURE,OG-SYNTH-0.3,B1-0.3,build_opus_synthetic_programme_v0_3.py@0.3,20260812,True,22962ecedf3c7d59044704229e23ae680242024a1e8eaaf3b2e183dc7f350007
REF-0305,1,0.125,0.963047,0.939186,0.199821,8,2,3,2,DEVELOPMENT,SYNTHETIC_RESEARCH_FIXTURE,OG-SYNTH-0.3,B1-0.3,build_opus_synthetic_programme_v0_3.py@0.3,20260812,True,77b764070c227238862249033a61036ebd5361f5828128155b402b9262d07b6e
REF-0305,2,0.25,0.972829,0.955425,0.186278,4,0,3,4,DEVELOPMENT,SYNTHETIC_RESEARCH_FIXTURE,OG-SYNTH-0.3,B1-0.3,build_opus_synthetic_programme_v0_3.py@0.3,20260812,True,f517acdaeee7665d531ed5a0a70439054fb9a8c34d312cb983f8ba3c33a39cf1
REF-0305,3,0.375,0.916348,0.993428,0.239499,7,1,2,0,DEVELOPMENT,SYNTHETIC_RESEARCH_FIXTURE,OG-SYNTH-0.3,B1-0.3,build_opus_synthetic_programme_v0_3.py@0.3,20260812,True,5f7b3b95657d43a269676b07dff65b97171161c5172b9f3700adcf1d27896b09
REF-0305,4,0.5,0.900352,0.920724,0.267872,15,2,3,1,DEVELOPMENT,SYNTHETIC_RESEARCH_FIXTURE,OG-SYNTH-0.3,B1-0.3,build_opus_synthetic_programme_v0_3.py@0.3,20260812,True,9270dd4ecd8414a84c5ef2afb54ebc7840ab7f36e0118993f36b1aee58a73623
REF-0305,5,0.625,0.886168,0.95556,0.212005,10,3,2,2,DEVELOPMENT,SYNTHETIC_RESEARCH_FIXTURE,OG-SYNTH-0.3,B1-0.3,build_opus_synthetic_programme_v0_3.py@0.3,20260812,True,952ae4160100de216347a448ba11ffde943e3deb340f148e193c3413d40a1691
REF-0305,6,0.75,0.868806,0.92788,0.25634,8,1,1,2,DEVELOPMENT,SYNTHETIC_RESEARCH_FIXTURE,OG-SYNTH-0.3,B1-0.3,build_opus_synthetic_programme_v0_3.py@0.3,20260812,True,e14d1688fd81f9f6942a1592fe2ef46f3f9b4ef1bfcf07506d4c44f7d2eeb6b3
REF-0305,7,0.875,0.840904,0.900711,0.302832,15,3,1,3,DEVELOPMENT,SYNTHETIC_RESEARCH_FIXTURE,OG-SYNTH-0.3,B1-0.3,build_opus_synthetic_programme_v0_3.py@0.3,20260812,True,62eba6ca1b7618176fa2aa2f33035a21e372c130600b48bf93ae53d6762a9a69
REF-0305,8,1.0,0.808641,0.897255,0.260307,13,5,7,0,DEVELOPMENT,SYNTHETIC_RESEARCH_FIXTURE,OG-SYNTH-0.3,B1-0.3,build_opus_synthetic_programme_v0_3.py@0.3,20260812,True,1025e2e90642736b5c38da9986d5e61f11d944a8a6b0620bd239d7b362efc940
REF-0306,1,0.125,1.020186,0.990705,0.1349,1,0,0,0,DEVELOPMENT,SYNTHETIC_RESEARCH_FIXTURE,OG-SYNTH-0.3,B1-0.3,build_opus_synthetic_programme_v0_3.py@0.3,20260812,True,40554c80a9583596dfbc84bf826e6233760dee45dfb34fa12326a005e5c7f3be
REF-0306,2,0.25,0.989585,0.963566,0.093446,2,1,2,2,DEVELOPMENT,SYNTHETIC_RESEARCH_FIXTURE,OG-SYNTH-0.3,B1-0.3,build_opus_synthetic_programme_v0_3.py@0.3,20260812,True,f38b3a137b140aadfe8fa46aa744748da72116713c041be3e1017aa3130d834b
REF-0306,3,0.375,0.958069,0.984769,0.191182,3,4,2,0,DEVELOPMENT,SYNTHETIC_RESEARCH_FIXTURE,OG-SYNTH-0.3,B1-0.3,build_opus_synthetic_programme_v0_3.py@0.3,20260812,True,d0db91eaf50eb94df652fab082fb36a2a877223272884be893af7baaec4471a5
REF-0306,4,0.5,0.962113,0.924816,0.250877,5,3,1,1,DEVELOPMENT,SYNTHETIC_RESEARCH_FIXTURE,OG-SYNTH-0.3,B1-0.3,build_opus_synthetic_programme_v0_3.py@0.3,20260812,True,bcd4c075e92d1a34f416181ebe8c4a7e079a8bec07bf6a14413cf9daa00f6163
REF-0306,5,0.625,0.942914,0.970897,0.197986,2,1,2,1,DEVELOPMENT,SYNTHETIC_RESEARCH_FIXTURE,OG-SYNTH-0.3,B1-0.3,build_opus_synthetic_programme_v0_3.py@0.3,20260812,True,920b25cc9d3586ab734312796cc22eb59127a00c1e39a85299a1e903b523982a
REF-0306,6,0.75,0.931118,0.944489,0.146981,7,3,3,7,DEVELOPMENT,SYNTHETIC_RESEARCH_FIXTURE,OG-SYNTH-0.3,B1-0.3,build_opus_synthetic_programme_v0_3.py@0.3,20260812,True,62ff0068345baf228a71dada2a85f240d552a8e7f5c3ac536796c065dc4e3aa0
REF-0306,7,0.875,0.951343,0.888588,0.156789,10,2,2,1,DEVELOPMENT,SYNTHETIC_RESEARCH_FIXTURE,OG-SYNTH-0.3,B1-0.3,build_opus_synthetic_programme_v0_3.py@0.3,20260812,True,a902477b4daf85cfa7a6c4c34ea33bcd6dbc07698871690d0b637b8b49818981
REF-0306,8,1.0,0.91271,0.880848,0.264448,6,2,1,4,DEVELOPMENT,SYNTHETIC_RESEARCH_FIXTURE,OG-SYNTH-0.3,B1-0.3,build_opus_synthetic_programme_v0_3.py@0.3,20260812,True,e206f8d1883b4f46f41397678c5fe58f834c14a497cf56e5be2269782407a1be
REF-0307,1,0.125,0.955672,0.968676,0.29667,4,0,3,1,DEVELOPMENT,SYNTHETIC_RESEARCH_FIXTURE,OG-SYNTH-0.3,B1-0.3,build_opus_synthetic_programme_v0_3.py@0.3,20260812,True,c855e3fee1640cc1dc2a28bfe6479203f153cfb904530fa1300d74e92ee5348a
REF-0307,2,0.25,0.93456,0.91686,0.163291,1,4,2,4,DEVELOPMENT,SYNTHETIC_RESEARCH_FIXTURE,OG-SYNTH-0.3,B1-0.3,build_opus_synthetic_programme_v0_3.py@0.3,20260812,True,805c2dcb6f06e9901d5a7c04497926a452b9bed982fa62533a35bd77259c2cf2
REF-0307,3,0.375,0.88624,0.840606,0.208784,9,1,0,1,DEVELOPMENT,SYNTHETIC_RESEARCH_FIXTURE,OG-SYNTH-0.3,B1-0.3,build_opus_synthetic_programme_v0_3.py@0.3,20260812,True,b28fd9626583e9b102a655dc7b2587825a598c8e048b41a76aa5e5155a6a2b3a
REF-0307,4,0.5,0.865453,0.779053,0.307403,8,0,2,9,DEVELOPMENT,SYNTHETIC_RESEARCH_FIXTURE,OG-SYNTH-0.3,B1-0.3,build_opus_synthetic_programme_v0_3.py@0.3,20260812,True,f82bb11734de59be54f2d608f2fc6e7d56e0c3322bacf3482a168379e54b3b17
REF-0307,5,0.625,0.812097,0.713384,0.415261,7,3,3,3,DEVELOPMENT,SYNTHETIC_RESEARCH_FIXTURE,OG-SYNTH-0.3,B1-0.3,build_opus_synthetic_programme_v0_3.py@0.3,20260812,True,e7f90f7fd70992df16bb6432c3a938e01eed473aa7ffe63050ce04b8c146a153
REF-0307,6,0.75,0.755935,0.673883,0.423965,14,5,3,1,DEVELOPMENT,SYNTHETIC_RESEARCH_FIXTURE,OG-SYNTH-0.3,B1-0.3,build_opus_synthetic_programme_v0_3.py@0.3,20260812,True,1174564a0a3db0b317bbbefd35fc8fc6a4fed44c5f05c013ff4b82dda9ebd0dc
REF-0307,7,0.875,0.74728,0.616484,0.529308,7,10,2,6,DEVELOPMENT,SYNTHETIC_RESEARCH_FIXTURE,OG-SYNTH-0.3,B1-0.3,build_opus_synthetic_programme_v0_3.py@0.3,20260812,True,7392a18a5c83536675f32da7463c9b3d95b41419023bc582186b0c737b420b81
REF-0307,8,1.0,0.694402,0.608932,0.467356,8,7,7,6,DEVELOPMENT,SYNTHETIC_RESEARCH_FIXTURE,OG-SYNTH-0.3,B1-0.3,build_opus_synthetic_programme_v0_3.py@0.3,20260812,True,ef48f154ca705d00b64c9d2a35ae7eb222d0198a47d6bcd640b12c29503d782b
REF-0308,1,0.125,0.972982,1.005897,0.146962,7,1,1,0,DEVELOPMENT,SYNTHETIC_RESEARCH_FIXTURE,OG-SYNTH-0.3,B1-0.3,build_opus_synthetic_programme_v0_3.py@0.3,20260812,True,5faa9e911dbe6adf5912dc9cb2acbc89e574c8209c2244eff5a8c4f3280d4593
REF-0308,2,0.25,1.005987,0.992375,0.206806,6,1,2,2,DEVELOPMENT,SYNTHETIC_RESEARCH_FIXTURE,OG-SYNTH-0.3,B1-0.3,build_opus_synthetic_programme_v0_3.py@0.3,20260812,True,6e6536087656f689942a789631ee8e9771ac02e204f1716615bded2d9092aa78
REF-0308,3,0.375,0.982147,0.930956,0.14733,6,2,2,2,DEVELOPMENT,SYNTHETIC_RESEARCH_FIXTURE,OG-SYNTH-0.3,B1-0.3,build_opus_synthetic_programme_v0_3.py@0.3,20260812,True,7cbda8cf8af5bc1954e9f7843d95555ea91f7a539424631c65e59ba950ba5dc9
REF-0308,4,0.5,0.967472,0.938113,0.195494,5,1,2,2,DEVELOPMENT,SYNTHETIC_RESEARCH_FIXTURE,OG-SYNTH-0.3,B1-0.3,build_opus_synthetic_programme_v0_3.py@0.3,20260812,True,04d5d4429c0cd235c93b841d6d8cae9d23c6d24ab397cd1e94db331af69d44f5
REF-0308,5,0.625,0.951397,0.897581,0.241758,5,2,1,2,DEVELOPMENT,SYNTHETIC_RESEARCH_FIXTURE,OG-SYNTH-0.3,B1-0.3,build_opus_synthetic_programme_v0_3.py@0.3,20260812,True,226aa3f222cd170635eb3b7d4e7237c6a9891fa470a0b786be8c26411a4c44b2
REF-0308,6,0.75,0.966016,0.858742,0.212273,9,3,1,2,DEVELOPMENT,SYNTHETIC_RESEARCH_FIXTURE,OG-SYNTH-0.3,B1-0.3,build_opus_synthetic_programme_v0_3.py@0.3,20260812,True,f43e86a7c415e9004f51114219263a283ac1dafb7975fe4947f9dd457704595d
REF-0308,7,0.875,0.921039,0.887807,0.295648,6,3,2,1,DEVELOPMENT,SYNTHETIC_RESEARCH_FIXTURE,OG-SYNTH-0.3,B1-0.3,build_opus_synthetic_programme_v0_3.py@0.3,20260812,True,cc7a332bb3d1b614fed63c1ce704dcb6fde49f8178b6857ae1e68cc5062cb0c3
REF-0308,8,1.0,0.934837,0.878272,0.194014,8,1,4,0,DEVELOPMENT,SYNTHETIC_RESEARCH_FIXTURE,OG-SYNTH-0.3,B1-0.3,build_opus_synthetic_programme_v0_3.py@0.3,20260812,True,577b52963dbfffbe99597c437ea886aac0cd7692857d96151984a99928c41d75
REF-0309,1,0.125,0.991522,0.9898,0.214343,1,1,0,1,LOCKED_HOLDOUT,SYNTHETIC_RESEARCH_FIXTURE,OG-SYNTH-0.3,B1-0.3,build_opus_synthetic_programme_v0_3.py@0.3,20260812,True,5ca15d3059eab7c0c42305afbab1e33b836b2fb9a20b7daaeb1780db06767dc5
REF-0309,2,0.25,0.968118,1.008257,0.159328,1,0,1,2,LOCKED_HOLDOUT,SYNTHETIC_RESEARCH_FIXTURE,OG-SYNTH-0.3,B1-0.3,build_opus_synthetic_programme_v0_3.py@0.3,20260812,True,efb2d1bd08a1584a14553341918e49bfbca6e4ff855783fad3632f6c0812e82e
REF-0309,3,0.375,0.96523,0.987383,0.123925,6,2,0,2,LOCKED_HOLDOUT,SYNTHETIC_RESEARCH_FIXTURE,OG-SYNTH-0.3,B1-0.3,build_opus_synthetic_programme_v0_3.py@0.3,20260812,True,f81260c696a7e6254990bae57df3bee00d3748ac9e5abbc4e49b67568d95bd04
REF-0309,4,0.5,0.978213,1.02778,0.10827,6,1,3,0,LOCKED_HOLDOUT,SYNTHETIC_RESEARCH_FIXTURE,OG-SYNTH-0.3,B1-0.3,build_opus_synthetic_programme_v0_3.py@0.3,20260812,True,2268fc07ab5122a69284bb46eb37603d113232c720fb704632ef30ab3b573b74
REF-0309,5,0.625,0.946717,1.015888,0.186759,2,2,1,1,LOCKED_HOLDOUT,SYNTHETIC_RESEARCH_FIXTURE,OG-SYNTH-0.3,B1-0.3,build_opus_synthetic_programme_v0_3.py@0.3,20260812,True,68fe33a7c0dd4336b07b5f5674354951655077ed36c91c1f651e29539bb5fe00
REF-0309,6,0.75,0.917584,1.049243,0.13676,7,0,2,2,LOCKED_HOLDOUT,SYNTHETIC_RESEARCH_FIXTURE,OG-SYNTH-0.3,B1-0.3,build_opus_synthetic_programme_v0_3.py@0.3,20260812,True,37c874a699d27d75f50162b813f0a3d3b88f785fe36673d3194731d0a5ccea63
REF-0309,7,0.875,0.932688,1.069395,0.165122,7,1,0,0,LOCKED_HOLDOUT,SYNTHETIC_RESEARCH_FIXTURE,OG-SYNTH-0.3,B1-0.3,build_opus_synthetic_programme_v0_3.py@0.3,20260812,True,f52112e922208ff7c03a09588da264a4bc5a70534fb5bd28f5a266972debf6e6
REF-0309,8,1.0,0.884339,1.015314,0.172509,3,2,3,2,LOCKED_HOLDOUT,SYNTHETIC_RESEARCH_FIXTURE,OG-SYNTH-0.3,B1-0.3,build_opus_synthetic_programme_v0_3.py@0.3,20260812,True,b5f7a51bc3b6d4d1d0d90e65dca836529eeb9de89ea1bb3e0add7c50c4987e6a
REF-0310,1,0.125,1.004046,1.009895,0.160068,1,0,3,2,LOCKED_HOLDOUT,SYNTHETIC_RESEARCH_FIXTURE,OG-SYNTH-0.3,B1-0.3,build_opus_synthetic_programme_v0_3.py@0.3,20260812,True,e4a5a66bd2d386f18be74cb0905c3b4688ca5d1ab0ffb4e0610aec1f49444ae1
REF-0310,2,0.25,0.961175,0.964769,0.139572,6,1,2,4,LOCKED_HOLDOUT,SYNTHETIC_RESEARCH_FIXTURE,OG-SYNTH-0.3,B1-0.3,build_opus_synthetic_programme_v0_3.py@0.3,20260812,True,6ea9b83e43d5cdd59db695a720c62ddc6d8d274aefaadbc35d8e2764159dc779
REF-0310,3,0.375,0.963394,0.948073,0.254014,7,2,3,0,LOCKED_HOLDOUT,SYNTHETIC_RESEARCH_FIXTURE,OG-SYNTH-0.3,B1-0.3,build_opus_synthetic_programme_v0_3.py@0.3,20260812,True,78bd43916c9afa332e641cd89a4e1dc545380b87e8c4bfb8c9937bb6b1f7f595
REF-0310,4,0.5,0.965778,0.92868,0.142567,4,1,4,1,LOCKED_HOLDOUT,SYNTHETIC_RESEARCH_FIXTURE,OG-SYNTH-0.3,B1-0.3,build_opus_synthetic_programme_v0_3.py@0.3,20260812,True,c95d3c90c04dfda531146fe2103b1b061b440fc51b4e1986a6a541713bcb61b9
REF-0310,5,0.625,0.934686,0.970305,0.166611,9,2,2,0,LOCKED_HOLDOUT,SYNTHETIC_RESEARCH_FIXTURE,OG-SYNTH-0.3,B1-0.3,build_opus_synthetic_programme_v0_3.py@0.3,20260812,True,e62b4c919017b6485d1e0379613782046ef25d0650903a6da6b242bfb1c0631f
REF-0310,6,0.75,0.976813,0.928153,0.145809,6,0,4,4,LOCKED_HOLDOUT,SYNTHETIC_RESEARCH_FIXTURE,OG-SYNTH-0.3,B1-0.3,build_opus_synthetic_programme_v0_3.py@0.3,20260812,True,ccf96eac0692c86c0bfa8ff101c1e05faa88c41dee4316621e1a02376fa27776
REF-0310,7,0.875,0.949295,0.891055,0.18461,6,1,8,3,LOCKED_HOLDOUT,SYNTHETIC_RESEARCH_FIXTURE,OG-SYNTH-0.3,B1-0.3,build_opus_synthetic_programme_v0_3.py@0.3,20260812,True,eb888f9d24d1687ee6ac9f7f94df96a8c82ca22754fa2431f5273dfd764182e2
REF-0310,8,1.0,0.93142,0.887133,0.245064,9,2,7,7,LOCKED_HOLDOUT,SYNTHETIC_RESEARCH_FIXTURE,OG-SYNTH-0.3,B1-0.3,build_opus_synthetic_programme_v0_3.py@0.3,20260812,True,5aacd209299f125b4791a5dbf70492f796cd590f6668f542f08001e805f0f470
REF-0311,1,0.125,1.002461,0.984024,0.158057,3,2,0,1,DEVELOPMENT,SYNTHETIC_RESEARCH_FIXTURE,OG-SYNTH-0.3,B1-0.3,build_opus_synthetic_programme_v0_3.py@0.3,20260812,True,d22472772d5a8dd8e477a450f417a02954cd6ae1089f4645e0a34bbb2689c8f8
REF-0311,2,0.25,0.967091,0.920725,0.289525,3,2,4,1,DEVELOPMENT,SYNTHETIC_RESEARCH_FIXTURE,OG-SYNTH-0.3,B1-0.3,build_opus_synthetic_programme_v0_3.py@0.3,20260812,True,d3783a892baa10e3afdb4acdbd67627739d62ca11204cd80661ca08711a9f5ce
REF-0311,3,0.375,0.983338,0.904102,0.191894,6,0,1,3,DEVELOPMENT,SYNTHETIC_RESEARCH_FIXTURE,OG-SYNTH-0.3,B1-0.3,build_opus_synthetic_programme_v0_3.py@0.3,20260812,True,4f011dc7d8fe66f5a43dac3c7341712fa6911085f489574bd15067b83a522955
REF-0311,4,0.5,0.92969,0.870753,0.249937,3,2,0,4,DEVELOPMENT,SYNTHETIC_RESEARCH_FIXTURE,OG-SYNTH-0.3,B1-0.3,build_opus_synthetic_programme_v0_3.py@0.3,20260812,True,8efd0790a3f7b1ad633c39107116e50a4b2011c8ea78f0154a3d6c0c6239539d
REF-0311,5,0.625,0.983973,0.877745,0.250605,4,0,4,4,DEVELOPMENT,SYNTHETIC_RESEARCH_FIXTURE,OG-SYNTH-0.3,B1-0.3,build_opus_synthetic_programme_v0_3.py@0.3,20260812,True,349f1e3d90c2a9d32f7002bc06af1154ba5020320c4237927f395965c19ae844
REF-0311,6,0.75,0.984329,0.849193,0.328219,5,1,2,1,DEVELOPMENT,SYNTHETIC_RESEARCH_FIXTURE,OG-SYNTH-0.3,B1-0.3,build_opus_synthetic_programme_v0_3.py@0.3,20260812,True,a8e4b6e9f94409b948515252130923615feec1543e3c780731c96fe3b1108a25
REF-0311,7,0.875,0.980834,0.798345,0.395352,4,1,2,5,DEVELOPMENT,SYNTHETIC_RESEARCH_FIXTURE,OG-SYNTH-0.3,B1-0.3,build_opus_synthetic_programme_v0_3.py@0.3,20260812,True,b36fb69ea3ee68afcb5f0f5c363c538a4a2eca0d1391f3e1eb0795a73b502af6
REF-0311,8,1.0,0.979344,0.807432,0.299539,13,0,1,2,DEVELOPMENT,SYNTHETIC_RESEARCH_FIXTURE,OG-SYNTH-0.3,B1-0.3,build_opus_synthetic_programme_v0_3.py@0.3,20260812,True,af7a6495ab15bff067d812fde3725f9391d8945129eb54bee40c7631b97560bb
REF-0312,1,0.125,0.968869,0.993349,0.165324,4,0,2,1,DEVELOPMENT,SYNTHETIC_RESEARCH_FIXTURE,OG-SYNTH-0.3,B1-0.3,build_opus_synthetic_programme_v0_3.py@0.3,20260812,True,a7f346d18afe67d3dd370d6a03f78989e8d632aea8aadf69a831099470416fd8
REF-0312,2,0.25,0.949622,0.995347,0.193402,3,1,1,2,DEVELOPMENT,SYNTHETIC_RESEARCH_FIXTURE,OG-SYNTH-0.3,B1-0.3,build_opus_synthetic_programme_v0_3.py@0.3,20260812,True,10c0f35a8d31401fbde458b097c544b9f13ebe80106f1655c4ba850d67bd05ec
REF-0312,3,0.375,0.894738,1.002265,0.119472,7,3,2,2,DEVELOPMENT,SYNTHETIC_RESEARCH_FIXTURE,OG-SYNTH-0.3,B1-0.3,build_opus_synthetic_programme_v0_3.py@0.3,20260812,True,65019523a966e89c2a04de3c3876bd1efeb0073be0962aaf0070fec9af9c1dc0
REF-0312,4,0.5,0.929157,1.008812,0.244368,6,1,0,1,DEVELOPMENT,SYNTHETIC_RESEARCH_FIXTURE,OG-SYNTH-0.3,B1-0.3,build_opus_synthetic_programme_v0_3.py@0.3,20260812,True,82c99974b7c7fbcda3b31b6c52813b3acb8de68c221a084bf7459a2706b51c53
REF-0312,5,0.625,0.849623,0.970327,0.185233,3,1,1,4,DEVELOPMENT,SYNTHETIC_RESEARCH_FIXTURE,OG-SYNTH-0.3,B1-0.3,build_opus_synthetic_programme_v0_3.py@0.3,20260812,True,65d43216df694e4d59c2da52565ba76f59362d872c44d503423209c2ccafc3ed
REF-0312,6,0.75,0.82339,0.940198,0.184452,7,5,4,1,DEVELOPMENT,SYNTHETIC_RESEARCH_FIXTURE,OG-SYNTH-0.3,B1-0.3,build_opus_synthetic_programme_v0_3.py@0.3,20260812,True,44bdaeffa476ca1305973c0f7aa20ebd7c93b9d52e08e41c769f87f26f23d82f
REF-0312,7,0.875,0.868894,0.920309,0.168853,6,4,1,1,DEVELOPMENT,SYNTHETIC_RESEARCH_FIXTURE,OG-SYNTH-0.3,B1-0.3,build_opus_synthetic_programme_v0_3.py@0.3,20260812,True,c3eafff9a46d8279a2eadecc69a304fe64c87c02b13bcdab310d2070872e3fcd
REF-0312,8,1.0,0.825533,0.952951,0.277274,8,2,4,1,DEVELOPMENT,SYNTHETIC_RESEARCH_FIXTURE,OG-SYNTH-0.3,B1-0.3,build_opus_synthetic_programme_v0_3.py@0.3,20260812,True,bea341cfddace39487ef1d189278bf82939c54d89dceeb1cb6f926f287006363
REF-0313,1,0.125,1.008507,1.019543,0.222913,7,0,0,0,LOCKED_HOLDOUT,SYNTHETIC_RESEARCH_FIXTURE,OG-SYNTH-0.3,B1-0.3,build_opus_synthetic_programme_v0_3.py@0.3,20260812,True,efaaf8949dcac4ee1ada761d1a89b9c9821915b4e7391063afcc777b59bd00ee
REF-0313,2,0.25,0.931067,0.934957,0.178045,2,3,1,1,LOCKED_HOLDOUT,SYNTHETIC_RESEARCH_FIXTURE,OG-SYNTH-0.3,B1-0.3,build_opus_synthetic_programme_v0_3.py@0.3,20260812,True,e25ae70ffa765b14a8d214c058ec33fe5122fc18d780b0e07196a1293eb354a0
REF-0313,3,0.375,0.951979,0.94739,0.159095,5,1,4,3,LOCKED_HOLDOUT,SYNTHETIC_RESEARCH_FIXTURE,OG-SYNTH-0.3,B1-0.3,build_opus_synthetic_programme_v0_3.py@0.3,20260812,True,4a41adfa909b21fdb5dd63767fdad75397a954c4a8759e5614db9db8f5671d04
REF-0313,4,0.5,0.922312,0.902596,0.126981,8,2,4,3,LOCKED_HOLDOUT,SYNTHETIC_RESEARCH_FIXTURE,OG-SYNTH-0.3,B1-0.3,build_opus_synthetic_programme_v0_3.py@0.3,20260812,True,f0d444e4d457fc017c890146104ed5f5fa0f01a649c76f9868d6c40fbd717ce0
REF-0313,5,0.625,0.950413,0.89505,0.247171,10,3,2,0,LOCKED_HOLDOUT,SYNTHETIC_RESEARCH_FIXTURE,OG-SYNTH-0.3,B1-0.3,build_opus_synthetic_programme_v0_3.py@0.3,20260812,True,982bae1741164acc7c2a7ed381fb6e9b6e2e8e2496108d064b41379e5f65d5a1
REF-0313,6,0.75,0.907033,0.90115,0.224547,9,1,4,0,LOCKED_HOLDOUT,SYNTHETIC_RESEARCH_FIXTURE,OG-SYNTH-0.3,B1-0.3,build_opus_synthetic_programme_v0_3.py@0.3,20260812,True,ee2a1a85db2a0f88c7ad9e482a51ad7defd5573a125370e22a453775a32a7123
REF-0313,7,0.875,0.859134,0.88984,0.206106,12,2,2,4,LOCKED_HOLDOUT,SYNTHETIC_RESEARCH_FIXTURE,OG-SYNTH-0.3,B1-0.3,build_opus_synthetic_programme_v0_3.py@0.3,20260812,True,3311a2228b2b86a1d0da30328d08495f51efa712fdbf5619f014a5176d223d43
REF-0313,8,1.0,0.826115,0.868917,0.256964,14,2,4,3,LOCKED_HOLDOUT,SYNTHETIC_RESEARCH_FIXTURE,OG-SYNTH-0.3,B1-0.3,build_opus_synthetic_programme_v0_3.py@0.3,20260812,True,08adaea24d671385673931995ad8ecc4f078983969f4ef96a8cf3ef79d01dad7
REF-0314,1,0.125,0.938802,0.937275,0.202957,4,3,3,0,VALIDATION,SYNTHETIC_RESEARCH_FIXTURE,OG-SYNTH-0.3,B1-0.3,build_opus_synthetic_programme_v0_3.py@0.3,20260812,True,00ba42ab9fd15c8460fffd13db61b5d42e5ec1a2a2939ebdd597ec920831295c
REF-0314,2,0.25,0.955428,0.956685,0.145849,5,1,3,1,VALIDATION,SYNTHETIC_RESEARCH_FIXTURE,OG-SYNTH-0.3,B1-0.3,build_opus_synthetic_programme_v0_3.py@0.3,20260812,True,edd767e3f0f143bc108ae3bd11009031c76c5e6678b4c871a4e7dae5aeba3f48
REF-0314,3,0.375,0.940238,0.902708,0.159661,6,1,1,1,VALIDATION,SYNTHETIC_RESEARCH_FIXTURE,OG-SYNTH-0.3,B1-0.3,build_opus_synthetic_programme_v0_3.py@0.3,20260812,True,5f0af7a395dd33d594b6fb00179dc6fa01e4bc39f709a90e56d0ba0860b394f1
REF-0314,4,0.5,0.892599,0.867841,0.200581,9,2,2,4,VALIDATION,SYNTHETIC_RESEARCH_FIXTURE,OG-SYNTH-0.3,B1-0.3,build_opus_synthetic_programme_v0_3.py@0.3,20260812,True,16ff1f952e4f0243049cbb9af0daf2fea9f35813a5807de0c394de192dd58cce
REF-0314,5,0.625,0.917186,0.852713,0.25916,9,1,1,4,VALIDATION,SYNTHETIC_RESEARCH_FIXTURE,OG-SYNTH-0.3,B1-0.3,build_opus_synthetic_programme_v0_3.py@0.3,20260812,True,08e71e29283687d2625ed14db3d827b0b1287c26149cc2724a16be110318f8bc
REF-0314,6,0.75,0.837302,0.893018,0.273701,7,3,7,4,VALIDATION,SYNTHETIC_RESEARCH_FIXTURE,OG-SYNTH-0.3,B1-0.3,build_opus_synthetic_programme_v0_3.py@0.3,20260812,True,1817f568208430c077ed77a42e18ffc9d564a8cf2727e8eb9cd93fa176cc05c7
REF-0314,7,0.875,0.890155,0.853549,0.328645,13,2,3,4,VALIDATION,SYNTHETIC_RESEARCH_FIXTURE,OG-SYNTH-0.3,B1-0.3,build_opus_synthetic_programme_v0_3.py@0.3,20260812,True,2e68fe68df46fedc20cab276c67c6965055dc720895c93762380eada31056e3a
REF-0314,8,1.0,0.869493,0.772666,0.286203,15,1,1,2,VALIDATION,SYNTHETIC_RESEARCH_FIXTURE,OG-SYNTH-0.3,B1-0.3,build_opus_synthetic_programme_v0_3.py@0.3,20260812,True,643c012c1f35604d0e238e9496006ef7f78f1972aeae9ade3655259e45573a50
REF-0315,1,0.125,0.966185,0.983586,0.134868,5,2,2,2,DEVELOPMENT,SYNTHETIC_RESEARCH_FIXTURE,OG-SYNTH-0.3,B1-0.3,build_opus_synthetic_programme_v0_3.py@0.3,20260812,True,1a55d8b3464dfdcc299e0e3dc3251986b61bee843eaccaaa8d6d7ed39a561c8d
REF-0315,2,0.25,0.976228,0.988206,0.164178,4,5,1,1,DEVELOPMENT,SYNTHETIC_RESEARCH_FIXTURE,OG-SYNTH-0.3,B1-0.3,build_opus_synthetic_programme_v0_3.py@0.3,20260812,True,9ef71dfaaca6e4e25c516eded0652e12e267ea60690894d65e0c9f189972a19e
REF-0315,3,0.375,0.95804,0.970531,0.136545,5,1,1,0,DEVELOPMENT,SYNTHETIC_RESEARCH_FIXTURE,OG-SYNTH-0.3,B1-0.3,build_opus_synthetic_programme_v0_3.py@0.3,20260812,True,1edbaf5a91e15f2c6314d5b043a9ebb7d7372b19bb75048abab7e2d5cb8dc18a
REF-0315,4,0.5,0.929134,0.876371,0.157137,4,1,2,1,DEVELOPMENT,SYNTHETIC_RESEARCH_FIXTURE,OG-SYNTH-0.3,B1-0.3,build_opus_synthetic_programme_v0_3.py@0.3,20260812,True,89acc74e9acf2d55df03ae86513e31ef35b407f71437c007799812555dda3bc3
REF-0315,5,0.625,0.883877,0.919613,0.213522,7,5,4,2,DEVELOPMENT,SYNTHETIC_RESEARCH_FIXTURE,OG-SYNTH-0.3,B1-0.3,build_opus_synthetic_programme_v0_3.py@0.3,20260812,True,90513d7ab8dcf411f3486e062bb7475fd571dddbc2e3f93082f31011cf5e438a
REF-0315,6,0.75,0.868543,0.912922,0.247436,13,0,5,3,DEVELOPMENT,SYNTHETIC_RESEARCH_FIXTURE,OG-SYNTH-0.3,B1-0.3,build_opus_synthetic_programme_v0_3.py@0.3,20260812,True,15fe520bf25368113731841350d6c2d82f3e0aff53083d0ba7a4b34068a6c74f
REF-0315,7,0.875,0.882587,0.867935,0.254307,11,3,1,2,DEVELOPMENT,SYNTHETIC_RESEARCH_FIXTURE,OG-SYNTH-0.3,B1-0.3,build_opus_synthetic_programme_v0_3.py@0.3,20260812,True,3fcc36b1ef5760b3d6076e31ba20078f50c9c6b1fdef0aca5c1abf8c5062c9d3
REF-0315,8,1.0,0.876824,0.873778,0.185607,14,2,4,3,DEVELOPMENT,SYNTHETIC_RESEARCH_FIXTURE,OG-SYNTH-0.3,B1-0.3,build_opus_synthetic_programme_v0_3.py@0.3,20260812,True,708fd281064fa5ec67455b293dfeccb55022525a830b09720903c25115c7c99c
REF-0316,1,0.125,0.971167,1.014153,0.158456,3,0,4,2,DEVELOPMENT,SYNTHETIC_RESEARCH_FIXTURE,OG-SYNTH-0.3,B1-0.3,build_opus_synthetic_programme_v0_3.py@0.3,20260812,True,2b06e3af8bd0fa7aed1c473904c5988b71d9063ba584e9a3ccbee25b6a6c690e
REF-0316,2,0.25,0.953614,0.943529,0.216817,4,0,2,2,DEVELOPMENT,SYNTHETIC_RESEARCH_FIXTURE,OG-SYNTH-0.3,B1-0.3,build_opus_synthetic_programme_v0_3.py@0.3,20260812,True,31f8d4e6ed1500b8c390c353cf5afc9cdb9a38a9889ac06f3dd5dd12776291e4
REF-0316,3,0.375,0.950853,0.950873,0.18753,4,5,1,1,DEVELOPMENT,SYNTHETIC_RESEARCH_FIXTURE,OG-SYNTH-0.3,B1-0.3,build_opus_synthetic_programme_v0_3.py@0.3,20260812,True,92907bbc1e6da1a2736e2da0b31a5e2ff9c956d7700f6f36fac42025a3a270d8
REF-0316,4,0.5,0.899672,0.883586,0.256828,8,1,4,5,DEVELOPMENT,SYNTHETIC_RESEARCH_FIXTURE,OG-SYNTH-0.3,B1-0.3,build_opus_synthetic_programme_v0_3.py@0.3,20260812,True,970658fad5666ddfc9d625b0e5742e7fddb87e35880931ddea32e1ebc1005232
REF-0316,5,0.625,0.875064,0.841964,0.170307,11,0,1,6,DEVELOPMENT,SYNTHETIC_RESEARCH_FIXTURE,OG-SYNTH-0.3,B1-0.3,build_opus_synthetic_programme_v0_3.py@0.3,20260812,True,062f0e6db88d9cb37a40eff3f8a01c538b6655c6861b6c116229055b23f1613b
REF-0316,6,0.75,0.866614,0.857293,0.279847,15,2,4,4,DEVELOPMENT,SYNTHETIC_RESEARCH_FIXTURE,OG-SYNTH-0.3,B1-0.3,build_opus_synthetic_programme_v0_3.py@0.3,20260812,True,5d2c218e185777df4df9ae534013ba41f41f7627d6c7f6d6538fc09574fc9d88
REF-0316,7,0.875,0.834258,0.818628,0.286973,16,2,3,4,DEVELOPMENT,SYNTHETIC_RESEARCH_FIXTURE,OG-SYNTH-0.3,B1-0.3,build_opus_synthetic_programme_v0_3.py@0.3,20260812,True,8035067ecdd3a379553620130248ad87eb95c5b91a1aec9700cf0d4887fbce9c
REF-0316,8,1.0,0.824022,0.761824,0.314381,21,3,5,2,DEVELOPMENT,SYNTHETIC_RESEARCH_FIXTURE,OG-SYNTH-0.3,B1-0.3,build_opus_synthetic_programme_v0_3.py@0.3,20260812,True,07890dea9d385f917bf9d3fafa48c634c0208d6b58bb93c4da68181edb0f90b0
REF-0317,1,0.125,0.98274,0.993344,0.129203,7,0,1,1,VALIDATION,SYNTHETIC_RESEARCH_FIXTURE,OG-SYNTH-0.3,B1-0.3,build_opus_synthetic_programme_v0_3.py@0.3,20260812,True,8e5ccf5d2c060a5a4160fd549ccf9298c5374fb537eddfbf9c8da73ee2594c97
REF-0317,2,0.25,0.940511,0.954304,0.132851,0,2,2,1,VALIDATION,SYNTHETIC_RESEARCH_FIXTURE,OG-SYNTH-0.3,B1-0.3,build_opus_synthetic_programme_v0_3.py@0.3,20260812,True,bd0114031e5a99d3146332565b47dc906860b59af136c6ee8e52c145ddccd514
REF-0317,3,0.375,0.988306,0.913103,0.210086,4,2,2,0,VALIDATION,SYNTHETIC_RESEARCH_FIXTURE,OG-SYNTH-0.3,B1-0.3,build_opus_synthetic_programme_v0_3.py@0.3,20260812,True,887d80bc121cc137bf0ba979026d320a59b931be81a29eb37712b25a2160ef3b
REF-0317,4,0.5,0.952997,0.874934,0.232638,2,1,1,1,VALIDATION,SYNTHETIC_RESEARCH_FIXTURE,OG-SYNTH-0.3,B1-0.3,build_opus_synthetic_programme_v0_3.py@0.3,20260812,True,6257216243c120f27a886cd01dc7539badb793b9849c273f0c0fda73d1bc97b4
REF-0317,5,0.625,0.929514,0.891928,0.22116,6,0,1,1,VALIDATION,SYNTHETIC_RESEARCH_FIXTURE,OG-SYNTH-0.3,B1-0.3,build_opus_synthetic_programme_v0_3.py@0.3,20260812,True,2598335ff126ef84bc7d861e58faf8cc132001eea3e84f719c3546619425407d
REF-0317,6,0.75,0.937361,0.888098,0.218539,5,2,1,3,VALIDATION,SYNTHETIC_RESEARCH_FIXTURE,OG-SYNTH-0.3,B1-0.3,build_opus_synthetic_programme_v0_3.py@0.3,20260812,True,110cfa4388d61d9dcd095c8332d256e1e0050685590aa1117084b2f14ce4ee05
REF-0317,7,0.875,0.88047,0.821945,0.195094,8,2,2,2,VALIDATION,SYNTHETIC_RESEARCH_FIXTURE,OG-SYNTH-0.3,B1-0.3,build_opus_synthetic_programme_v0_3.py@0.3,20260812,True,f4ea651a69faeab44fb601862681e54cf89c2b260ab5fcaa180ceeb9f2aefc38
REF-0317,8,1.0,0.916474,0.861664,0.247152,2,4,1,2,VALIDATION,SYNTHETIC_RESEARCH_FIXTURE,OG-SYNTH-0.3,B1-0.3,build_opus_synthetic_programme_v0_3.py@0.3,20260812,True,1f7fec87799aa77f70d70a7f3068c049b21b7061340592c34a28d02979f595f3
REF-0318,1,0.125,0.969125,1.004043,0.202059,1,1,2,1,DEVELOPMENT,SYNTHETIC_RESEARCH_FIXTURE,OG-SYNTH-0.3,B1-0.3,build_opus_synthetic_programme_v0_3.py@0.3,20260812,True,1ef97240f2de9fda7a62dc025cae2a152ec4308f69adf1e87d982b477432c08f
REF-0318,2,0.25,0.93515,0.927295,0.171266,6,2,1,0,DEVELOPMENT,SYNTHETIC_RESEARCH_FIXTURE,OG-SYNTH-0.3,B1-0.3,build_opus_synthetic_programme_v0_3.py@0.3,20260812,True,138944abf866de92f5c46ddc7dc8656f439cf441c9bc337067e7ec287c972343
REF-0318,3,0.375,0.951147,0.995571,0.228583,9,5,6,1,DEVELOPMENT,SYNTHETIC_RESEARCH_FIXTURE,OG-SYNTH-0.3,B1-0.3,build_opus_synthetic_programme_v0_3.py@0.3,20260812,True,a5bb58c98dc61721c3b6fd0c60e228bcb8ce730b61972a4903a9fbe9e14c50f5
REF-0318,4,0.5,0.887071,0.952161,0.213961,8,1,2,2,DEVELOPMENT,SYNTHETIC_RESEARCH_FIXTURE,OG-SYNTH-0.3,B1-0.3,build_opus_synthetic_programme_v0_3.py@0.3,20260812,True,068369cb112fbe9fb64100cb5d0609ee8bcafa00ba351c9c6357540cc640a6fe
REF-0318,5,0.625,0.85899,0.895565,0.184048,11,2,2,4,DEVELOPMENT,SYNTHETIC_RESEARCH_FIXTURE,OG-SYNTH-0.3,B1-0.3,build_opus_synthetic_programme_v0_3.py@0.3,20260812,True,735cb849af5a79e707800d17dbc338f5a038fa7e12e78daace436eeba5eaa908
REF-0318,6,0.75,0.803118,0.920942,0.288594,20,5,1,2,DEVELOPMENT,SYNTHETIC_RESEARCH_FIXTURE,OG-SYNTH-0.3,B1-0.3,build_opus_synthetic_programme_v0_3.py@0.3,20260812,True,f4ec7544343082a3f44093ef242dc4d3f65268cd0808d8549abe03c29aa6e7af
REF-0318,7,0.875,0.823276,0.833726,0.300427,14,3,6,2,DEVELOPMENT,SYNTHETIC_RESEARCH_FIXTURE,OG-SYNTH-0.3,B1-0.3,build_opus_synthetic_programme_v0_3.py@0.3,20260812,True,19e53e887f72c1ee8ff8b92eaab140bcdaeb663817efeac1a6e3a9f5a3d353d7
REF-0318,8,1.0,0.797809,0.8538,0.26937,17,2,6,4,DEVELOPMENT,SYNTHETIC_RESEARCH_FIXTURE,OG-SYNTH-0.3,B1-0.3,build_opus_synthetic_programme_v0_3.py@0.3,20260812,True,df47f1f5c16b7b420d8bb5002f75e9cf3928ce75074909b52379031d9456015e
REF-0319,1,0.125,0.991366,0.941394,0.172356,4,0,2,1,DEVELOPMENT,SYNTHETIC_RESEARCH_FIXTURE,OG-SYNTH-0.3,B1-0.3,build_opus_synthetic_programme_v0_3.py@0.3,20260812,True,202d256a8791f4954c559df3819fcba393a2982bac3e3cdf439bc06fd4c8f49a
REF-0319,2,0.25,0.990148,0.931766,0.21097,4,1,3,0,DEVELOPMENT,SYNTHETIC_RESEARCH_FIXTURE,OG-SYNTH-0.3,B1-0.3,build_opus_synthetic_programme_v0_3.py@0.3,20260812,True,5d0a0b80a62538d8c49a1fb99b0a1d84a9a16b454dead61288a1cda5f4621d4d
REF-0319,3,0.375,0.974271,0.92239,0.173151,7,0,2,1,DEVELOPMENT,SYNTHETIC_RESEARCH_FIXTURE,OG-SYNTH-0.3,B1-0.3,build_opus_synthetic_programme_v0_3.py@0.3,20260812,True,16f286a4c09319a7f81c6c8a11fe40e1cf9526779740799919428c6101afd652
REF-0319,4,0.5,0.964775,0.960566,0.13292,6,1,2,2,DEVELOPMENT,SYNTHETIC_RESEARCH_FIXTURE,OG-SYNTH-0.3,B1-0.3,build_opus_synthetic_programme_v0_3.py@0.3,20260812,True,45215b253902dd4a52c79587b646627aea82a46525019148c27c88a047a77ef7
REF-0319,5,0.625,0.931479,0.993775,0.214569,9,2,4,4,DEVELOPMENT,SYNTHETIC_RESEARCH_FIXTURE,OG-SYNTH-0.3,B1-0.3,build_opus_synthetic_programme_v0_3.py@0.3,20260812,True,b11275993c3ecda1698cdebc0a090de860f8b6708f628adc22abe8d0a46bf5ca
REF-0319,6,0.75,0.901131,0.916631,0.25856,19,3,2,1,DEVELOPMENT,SYNTHETIC_RESEARCH_FIXTURE,OG-SYNTH-0.3,B1-0.3,build_opus_synthetic_programme_v0_3.py@0.3,20260812,True,ba07b9f77de613312839edafce1b97226a8cc54d8f6be2989daccaab4e2e941c
REF-0319,7,0.875,0.83932,0.868064,0.260512,13,0,4,2,DEVELOPMENT,SYNTHETIC_RESEARCH_FIXTURE,OG-SYNTH-0.3,B1-0.3,build_opus_synthetic_programme_v0_3.py@0.3,20260812,True,edbdc502cad93d0dfaa1d6299ce79714e80efb87701895fd929301eec497c728
REF-0319,8,1.0,0.883351,0.878304,0.292992,7,1,2,0,DEVELOPMENT,SYNTHETIC_RESEARCH_FIXTURE,OG-SYNTH-0.3,B1-0.3,build_opus_synthetic_programme_v0_3.py@0.3,20260812,True,349050de129cb3bfa2a1c19e25a13fc3a09e549838dec4ea3dbd7f069a8eaff8
REF-0320,1,0.125,0.93359,0.96633,0.167444,2,1,1,0,VALIDATION,SYNTHETIC_RESEARCH_FIXTURE,OG-SYNTH-0.3,B1-0.3,build_opus_synthetic_programme_v0_3.py@0.3,20260812,True,bcc919367b0d74f53906cf49565dea1cedc3ef28a0ac004a4dc8f1c6c134ab1e
REF-0320,2,0.25,0.907767,0.977753,0.174096,3,1,1,0,VALIDATION,SYNTHETIC_RESEARCH_FIXTURE,OG-SYNTH-0.3,B1-0.3,build_opus_synthetic_programme_v0_3.py@0.3,20260812,True,4bc06193ae97ca80859a1f5710f1aef0484c25d8ebd6d9bc8d8be7141df8c639
REF-0320,3,0.375,0.990125,0.950377,0.230719,5,0,1,4,VALIDATION,SYNTHETIC_RESEARCH_FIXTURE,OG-SYNTH-0.3,B1-0.3,build_opus_synthetic_programme_v0_3.py@0.3,20260812,True,1692a9729c5d2b1cd4616c085b97956957663f18cb1a3397104accc83c07476e
REF-0320,4,0.5,0.914068,0.948225,0.220025,8,2,5,3,VALIDATION,SYNTHETIC_RESEARCH_FIXTURE,OG-SYNTH-0.3,B1-0.3,build_opus_synthetic_programme_v0_3.py@0.3,20260812,True,e6cf94735c5ba37f905aabb5b310e51a8542dacd414ee4273ee80171e74f05e9
REF-0320,5,0.625,0.897354,0.887264,0.258284,15,2,2,1,VALIDATION,SYNTHETIC_RESEARCH_FIXTURE,OG-SYNTH-0.3,B1-0.3,build_opus_synthetic_programme_v0_3.py@0.3,20260812,True,4c0311fe69af1609a2343d04bcdba26233eacf6370310d81ad2bd7f0a1b1f5d0
REF-0320,6,0.75,0.87821,0.837077,0.298771,12,1,6,2,VALIDATION,SYNTHETIC_RESEARCH_FIXTURE,OG-SYNTH-0.3,B1-0.3,build_opus_synthetic_programme_v0_3.py@0.3,20260812,True,b119fae5977f3dfc33d46440dc3c580bac2c95ffa12794ab9ffbf5b3dc95e602
REF-0320,7,0.875,0.874781,0.81408,0.25408,13,1,4,4,VALIDATION,SYNTHETIC_RESEARCH_FIXTURE,OG-SYNTH-0.3,B1-0.3,build_opus_synthetic_programme_v0_3.py@0.3,20260812,True,900cdc2b27c2b02c96972906ac864c00870048dcc636ad95682c8bee26e75280
REF-0320,8,1.0,0.797146,0.754672,0.287865,14,2,7,4,VALIDATION,SYNTHETIC_RESEARCH_FIXTURE,OG-SYNTH-0.3,B1-0.3,build_opus_synthetic_programme_v0_3.py@0.3,20260812,True,5f54787167c76dc0726bbe930100bb7831d4563bd87f085d1927a2c951d010f3
REF-0321,1,0.125,1.007906,0.936221,0.133598,3,2,2,2,VALIDATION,SYNTHETIC_RESEARCH_FIXTURE,OG-SYNTH-0.3,B1-0.3,build_opus_synthetic_programme_v0_3.py@0.3,20260812,True,76c78099298735b0ecd59d83e6de809aa27f38238162e6289502bb4ac3544b2f
REF-0321,2,0.25,0.894096,0.910726,0.146647,5,3,4,1,VALIDATION,SYNTHETIC_RESEARCH_FIXTURE,OG-SYNTH-0.3,B1-0.3,build_opus_synthetic_programme_v0_3.py@0.3,20260812,True,46c21273c94a65d3671deb0942274d4cebba84d25c907d836006bbd27c3ecb78
REF-0321,3,0.375,0.867569,0.845839,0.229963,4,2,4,1,VALIDATION,SYNTHETIC_RESEARCH_FIXTURE,OG-SYNTH-0.3,B1-0.3,build_opus_synthetic_programme_v0_3.py@0.3,20260812,True,2ce4a7983864caed4fa6424363aeaf2ea968102d0962dd4fcf6d54a483057161
REF-0321,4,0.5,0.818842,0.820084,0.291302,4,1,3,2,VALIDATION,SYNTHETIC_RESEARCH_FIXTURE,OG-SYNTH-0.3,B1-0.3,build_opus_synthetic_programme_v0_3.py@0.3,20260812,True,2c62593ecf33f6d3a4ad5fb284913cd5458126f354a5c42900542cc0970f9bf0
REF-0321,5,0.625,0.834608,0.754565,0.328279,6,3,4,5,VALIDATION,SYNTHETIC_RESEARCH_FIXTURE,OG-SYNTH-0.3,B1-0.3,build_opus_synthetic_programme_v0_3.py@0.3,20260812,True,7aba969f665b2886ac86e23efd9ee6322f20e18379e7a54a6aa8adf3dfd0ffa9
REF-0321,6,0.75,0.789099,0.702493,0.319154,11,3,7,5,VALIDATION,SYNTHETIC_RESEARCH_FIXTURE,OG-SYNTH-0.3,B1-0.3,build_opus_synthetic_programme_v0_3.py@0.3,20260812,True,528fbdfbd83012cb3706926763f6d72c3b8a753506d03ddd9f17a7346711d21d
REF-0321,7,0.875,0.662866,0.653876,0.407763,10,6,1,2,VALIDATION,SYNTHETIC_RESEARCH_FIXTURE,OG-SYNTH-0.3,B1-0.3,build_opus_synthetic_programme_v0_3.py@0.3,20260812,True,af244b6394cf33dd940f6b4e58cd3229ca0fcabd6e24c1e99bc707163e6f687f
REF-0321,8,1.0,0.65302,0.601373,0.399576,11,2,3,7,VALIDATION,SYNTHETIC_RESEARCH_FIXTURE,OG-SYNTH-0.3,B1-0.3,build_opus_synthetic_programme_v0_3.py@0.3,20260812,True,5fec4ee9785cdb1bc54a519477d2a4f60ea7e4c5eb4023096104a2bec58958da
REF-0322,1,0.125,0.989066,0.969301,0.088966,1,1,0,0,LOCKED_HOLDOUT,SYNTHETIC_RESEARCH_FIXTURE,OG-SYNTH-0.3,B1-0.3,build_opus_synthetic_programme_v0_3.py@0.3,20260812,True,e0a2add2a5080a17f749aea36e5dda4aea049e8fede7f3e59de750f331e7b9fc
REF-0322,2,0.25,0.974788,0.966574,0.113382,6,1,0,0,LOCKED_HOLDOUT,SYNTHETIC_RESEARCH_FIXTURE,OG-SYNTH-0.3,B1-0.3,build_opus_synthetic_programme_v0_3.py@0.3,20260812,True,7658ea04e95cb5c8ac5fc5a82d95fcceaf919dfdce7e6273936da170c1603803
REF-0322,3,0.375,0.966412,0.889839,0.181108,2,0,5,3,LOCKED_HOLDOUT,SYNTHETIC_RESEARCH_FIXTURE,OG-SYNTH-0.3,B1-0.3,build_opus_synthetic_programme_v0_3.py@0.3,20260812,True,3b0e7549a5a5e981956df9cb9a082d86ee252ac740360f2ea09e4ff70f8afaa1
REF-0322,4,0.5,0.924719,0.902266,0.229989,4,2,4,2,LOCKED_HOLDOUT,SYNTHETIC_RESEARCH_FIXTURE,OG-SYNTH-0.3,B1-0.3,build_opus_synthetic_programme_v0_3.py@0.3,20260812,True,2084a1d6f3bbdfec5fcd885f27f919b3d2923cc9bf89918236292a373dfb7d02
REF-0322,5,0.625,0.884015,0.950647,0.207348,4,2,0,1,LOCKED_HOLDOUT,SYNTHETIC_RESEARCH_FIXTURE,OG-SYNTH-0.3,B1-0.3,build_opus_synthetic_programme_v0_3.py@0.3,20260812,True,58e1a32757a98a93a74eed5aecbc2fdf8509ed91daea42b53bc932e4539fb5ce
REF-0322,6,0.75,0.862573,0.897918,0.224916,13,5,3,1,LOCKED_HOLDOUT,SYNTHETIC_RESEARCH_FIXTURE,OG-SYNTH-0.3,B1-0.3,build_opus_synthetic_programme_v0_3.py@0.3,20260812,True,c69a8cb0eb6ea40bb8ee559a77f46917c11c6b3a33c035ac47f5d4930d641efd
REF-0322,7,0.875,0.875908,0.878201,0.200667,17,3,5,1,LOCKED_HOLDOUT,SYNTHETIC_RESEARCH_FIXTURE,OG-SYNTH-0.3,B1-0.3,build_opus_synthetic_programme_v0_3.py@0.3,20260812,True,9d62d48d1cdd7e50e97d4ec04b4d38cc30567745c8e484f14ee41c7a6cea28f2
REF-0322,8,1.0,0.931784,0.864833,0.284888,15,7,3,1,LOCKED_HOLDOUT,SYNTHETIC_RESEARCH_FIXTURE,OG-SYNTH-0.3,B1-0.3,build_opus_synthetic_programme_v0_3.py@0.3,20260812,True,c6ff6a330c392ac6ee4ec8681e9514ec970b314e82e6dc4d892d6fb9f9cdedc2
REF-0323,1,0.125,1.031061,1.019827,0.159166,4,0,0,2,VALIDATION,SYNTHETIC_RESEARCH_FIXTURE,OG-SYNTH-0.3,B1-0.3,build_opus_synthetic_programme_v0_3.py@0.3,20260812,True,30000188266a0db1482dacd236adaa32a11eb88efcaa6d2eaa086b2f989adb67
REF-0323,2,0.25,0.952435,0.924259,0.245733,3,0,3,1,VALIDATION,SYNTHETIC_RESEARCH_FIXTURE,OG-SYNTH-0.3,B1-0.3,build_opus_synthetic_programme_v0_3.py@0.3,20260812,True,e671446aca469e27ded3454630adbbe4ca02de0ba6fd802a3713b47aa5010a0f
REF-0323,3,0.375,0.95163,0.969472,0.201609,1,4,1,2,VALIDATION,SYNTHETIC_RESEARCH_FIXTURE,OG-SYNTH-0.3,B1-0.3,build_opus_synthetic_programme_v0_3.py@0.3,20260812,True,e3c08c544d8f9277f52240eaa9290e221d6551eae52f9cfb6c0350ae245dbddf
REF-0323,4,0.5,0.894626,0.941095,0.296287,8,1,1,3,VALIDATION,SYNTHETIC_RESEARCH_FIXTURE,OG-SYNTH-0.3,B1-0.3,build_opus_synthetic_programme_v0_3.py@0.3,20260812,True,eb5c1293b7178ed3649968cd19adcfd9eb910a908598fcf5b7c1d2bffcba6a19
REF-0323,5,0.625,0.935083,0.916856,0.207528,6,3,6,0,VALIDATION,SYNTHETIC_RESEARCH_FIXTURE,OG-SYNTH-0.3,B1-0.3,build_opus_synthetic_programme_v0_3.py@0.3,20260812,True,890ed469d0414bab1fbb815dbc9f0bbcce6c453611f21e93dc7efaa1b89c8c26
REF-0323,6,0.75,0.917035,0.899294,0.236528,17,3,1,3,VALIDATION,SYNTHETIC_RESEARCH_FIXTURE,OG-SYNTH-0.3,B1-0.3,build_opus_synthetic_programme_v0_3.py@0.3,20260812,True,bdf2211b6f8be0b0bbe26014c4211887faca5c7b451aee7a39ecb2e117a52eaa
REF-0323,7,0.875,0.959495,0.895519,0.233491,12,5,0,1,VALIDATION,SYNTHETIC_RESEARCH_FIXTURE,OG-SYNTH-0.3,B1-0.3,build_opus_synthetic_programme_v0_3.py@0.3,20260812,True,b3ea66599a5908d1b605465dfe6bc9f0c1b8d752e4b25610d9f861574278a7a9
REF-0323,8,1.0,0.894748,0.837939,0.262735,7,2,3,2,VALIDATION,SYNTHETIC_RESEARCH_FIXTURE,OG-SYNTH-0.3,B1-0.3,build_opus_synthetic_programme_v0_3.py@0.3,20260812,True,e12e440b20bb062c57b618683b3964654fd82d7307f28a0f8ae21584536b26db
REF-0324,1,0.125,0.991,0.955409,0.158079,3,1,1,1,LOCKED_HOLDOUT,SYNTHETIC_RESEARCH_FIXTURE,OG-SYNTH-0.3,B1-0.3,build_opus_synthetic_programme_v0_3.py@0.3,20260812,True,afd5c65b29923dd6b0a746828e15efa3c8e1144c69d55149571d7497b2e8457d
REF-0324,2,0.25,0.998266,0.9565,0.216189,4,2,2,1,LOCKED_HOLDOUT,SYNTHETIC_RESEARCH_FIXTURE,OG-SYNTH-0.3,B1-0.3,build_opus_synthetic_programme_v0_3.py@0.3,20260812,True,c0ba6a3a25212d93c304ff7011bdddb211f4aac8e5d17ebbfa2e14984011007c
REF-0324,3,0.375,0.965121,0.869961,0.183673,6,0,3,2,LOCKED_HOLDOUT,SYNTHETIC_RESEARCH_FIXTURE,OG-SYNTH-0.3,B1-0.3,build_opus_synthetic_programme_v0_3.py@0.3,20260812,True,c7a5bc26d750f26d5088a3620a789a7e24991b16c354675cc0aa93a9d69e36c8
REF-0324,4,0.5,0.960904,0.891391,0.234064,11,2,5,1,LOCKED_HOLDOUT,SYNTHETIC_RESEARCH_FIXTURE,OG-SYNTH-0.3,B1-0.3,build_opus_synthetic_programme_v0_3.py@0.3,20260812,True,e7e5accba7dfe15477a4a7b37bc43f7c5f47033cd1c83f3ec85e7019e3a40b04
REF-0324,5,0.625,0.892426,0.846789,0.28553,13,0,2,1,LOCKED_HOLDOUT,SYNTHETIC_RESEARCH_FIXTURE,OG-SYNTH-0.3,B1-0.3,build_opus_synthetic_programme_v0_3.py@0.3,20260812,True,580d38f23209f05ad5aed8d4bc7894998589ab0fd232f9df10b6d20ec84e9470
REF-0324,6,0.75,0.905685,0.84391,0.353419,10,0,3,3,LOCKED_HOLDOUT,SYNTHETIC_RESEARCH_FIXTURE,OG-SYNTH-0.3,B1-0.3,build_opus_synthetic_programme_v0_3.py@0.3,20260812,True,c48aeded8eb3a34694572c6d822771df17bfe3a6d1b77916f7c46011347d3628
REF-0324,7,0.875,0.897193,0.827038,0.246138,9,3,7,1,LOCKED_HOLDOUT,SYNTHETIC_RESEARCH_FIXTURE,OG-SYNTH-0.3,B1-0.3,build_opus_synthetic_programme_v0_3.py@0.3,20260812,True,66a1af1af1c19a625d05759840df3ca818ea3a2cada6e829ff292c6c751b2d34
REF-0324,8,1.0,0.878862,0.815685,0.2881,15,1,5,4,LOCKED_HOLDOUT,SYNTHETIC_RESEARCH_FIXTURE,OG-SYNTH-0.3,B1-0.3,build_opus_synthetic_programme_v0_3.py@0.3,20260812,True,39db1e841875bf89212e2446fea12a0b08d30691612501550b29678318d7630f
REF-0325,1,0.125,1.014759,0.960677,0.134803,3,3,1,2,LOCKED_HOLDOUT,SYNTHETIC_RESEARCH_FIXTURE,OG-SYNTH-0.3,B1-0.3,build_opus_synthetic_programme_v0_3.py@0.3,20260812,True,a0164852cbf2719a547deb7d4889a3d4a27c2beee38bca77b851dcf39d737394
REF-0325,2,0.25,0.930634,0.966224,0.20412,4,2,1,1,LOCKED_HOLDOUT,SYNTHETIC_RESEARCH_FIXTURE,OG-SYNTH-0.3,B1-0.3,build_opus_synthetic_programme_v0_3.py@0.3,20260812,True,bc039f83df11e51b410f3b1c6180f110a4120ecb80f529529bb4abc28fa92039
REF-0325,3,0.375,0.931486,0.963008,0.114638,10,3,2,0,LOCKED_HOLDOUT,SYNTHETIC_RESEARCH_FIXTURE,OG-SYNTH-0.3,B1-0.3,build_opus_synthetic_programme_v0_3.py@0.3,20260812,True,7c515a7121e01c49d3f9dceaf05f4f6b5387bb07e74068e3adc6dd7be45821a8
REF-0325,4,0.5,0.888426,0.919362,0.141613,5,1,1,2,LOCKED_HOLDOUT,SYNTHETIC_RESEARCH_FIXTURE,OG-SYNTH-0.3,B1-0.3,build_opus_synthetic_programme_v0_3.py@0.3,20260812,True,e53b8c5d787318210cb7a1dd96769aac5621da1a64bd139e241065fa9b46be73
REF-0325,5,0.625,0.884097,0.901338,0.213628,12,3,7,2,LOCKED_HOLDOUT,SYNTHETIC_RESEARCH_FIXTURE,OG-SYNTH-0.3,B1-0.3,build_opus_synthetic_programme_v0_3.py@0.3,20260812,True,c8fe8d5bd570f54e1316dc11eef7c305d9f4afd3a9c496cc721fb203789cb60c
REF-0325,6,0.75,0.843595,0.840558,0.248489,10,1,8,5,LOCKED_HOLDOUT,SYNTHETIC_RESEARCH_FIXTURE,OG-SYNTH-0.3,B1-0.3,build_opus_synthetic_programme_v0_3.py@0.3,20260812,True,fc3548d024669f5fd53730b11eb6ed8b6f8683f43d6df1f8a5cf76b33d08ade2
REF-0325,7,0.875,0.845077,0.827034,0.255944,14,2,4,2,LOCKED_HOLDOUT,SYNTHETIC_RESEARCH_FIXTURE,OG-SYNTH-0.3,B1-0.3,build_opus_synthetic_programme_v0_3.py@0.3,20260812,True,2fedc943a94bde6f8e10f423b6e74620d922542730290d010ed58ccfbae7f3d2
REF-0325,8,1.0,0.77793,0.8017,0.333099,13,3,12,4,LOCKED_HOLDOUT,SYNTHETIC_RESEARCH_FIXTURE,OG-SYNTH-0.3,B1-0.3,build_opus_synthetic_programme_v0_3.py@0.3,20260812,True,91b22058e86daeaa5a2e86ad93b60aeffc39419ca1d0ec4d208bfd863446171c
REF-0326,1,0.125,1.02458,0.966451,0.155069,3,1,0,1,DEVELOPMENT,SYNTHETIC_RESEARCH_FIXTURE,OG-SYNTH-0.3,B1-0.3,build_opus_synthetic_programme_v0_3.py@0.3,20260812,True,acb763dfbe45ba803766e5750758591e582b9dc7241bbbda22c0ea3039c37b9b
REF-0326,2,0.25,0.956548,0.94989,0.236968,5,2,2,0,DEVELOPMENT,SYNTHETIC_RESEARCH_FIXTURE,OG-SYNTH-0.3,B1-0.3,build_opus_synthetic_programme_v0_3.py@0.3,20260812,True,6a0d450191100e386fc8d59c116ee17a600aa918be4268b16a307d0d59bea60a
REF-0326,3,0.375,0.966532,1.016235,0.154023,5,0,3,0,DEVELOPMENT,SYNTHETIC_RESEARCH_FIXTURE,OG-SYNTH-0.3,B1-0.3,build_opus_synthetic_programme_v0_3.py@0.3,20260812,True,a0d5046bc46c8b17cee698ce68da349968a8b195207d4fb71a7747cdc7950243
REF-0326,4,0.5,0.964922,0.951836,0.13675,1,1,2,1,DEVELOPMENT,SYNTHETIC_RESEARCH_FIXTURE,OG-SYNTH-0.3,B1-0.3,build_opus_synthetic_programme_v0_3.py@0.3,20260812,True,aaea1e5823e7137ddb556d68655bd3c44fa82e6b3cf7614fdda237c850a49bba
REF-0326,5,0.625,0.983312,0.962508,0.134915,2,0,1,2,DEVELOPMENT,SYNTHETIC_RESEARCH_FIXTURE,OG-SYNTH-0.3,B1-0.3,build_opus_synthetic_programme_v0_3.py@0.3,20260812,True,e3c7ea20337ae66a6526827d2839653f9a60912252aac41e4f7d0116cd796585
REF-0326,6,0.75,0.928895,0.956284,0.135734,3,3,3,2,DEVELOPMENT,SYNTHETIC_RESEARCH_FIXTURE,OG-SYNTH-0.3,B1-0.3,build_opus_synthetic_programme_v0_3.py@0.3,20260812,True,f680eb3362a4835a0d87fdd8f4bca9895174259c706bec59deaf9268498b077c
REF-0326,7,0.875,0.917307,0.87247,0.161662,7,1,3,3,DEVELOPMENT,SYNTHETIC_RESEARCH_FIXTURE,OG-SYNTH-0.3,B1-0.3,build_opus_synthetic_programme_v0_3.py@0.3,20260812,True,bcd695ef64ea9ffc7c5830e391fa6321de93c046af4f3a87525174172c3ee885
REF-0326,8,1.0,0.908113,0.900563,0.172447,6,3,2,1,DEVELOPMENT,SYNTHETIC_RESEARCH_FIXTURE,OG-SYNTH-0.3,B1-0.3,build_opus_synthetic_programme_v0_3.py@0.3,20260812,True,00f4c4b089abab45e9581e41277054d187c4169ec074f9e5134201a8d79053a1
REF-0327,1,0.125,1.010298,0.965356,0.192457,4,2,1,0,VALIDATION,SYNTHETIC_RESEARCH_FIXTURE,OG-SYNTH-0.3,B1-0.3,build_opus_synthetic_programme_v0_3.py@0.3,20260812,True,ad316aeedf80a146db9b0723b3cccfdd7600ef0883ecb33720ddd98fb7699877
REF-0327,2,0.25,0.995279,0.97515,0.148897,4,3,1,0,VALIDATION,SYNTHETIC_RESEARCH_FIXTURE,OG-SYNTH-0.3,B1-0.3,build_opus_synthetic_programme_v0_3.py@0.3,20260812,True,be5f32f789fdc170fcacc7f59c225777d4db5476f8023923285e31cdfddb628f
REF-0327,3,0.375,0.953433,1.005879,0.243661,8,0,3,3,VALIDATION,SYNTHETIC_RESEARCH_FIXTURE,OG-SYNTH-0.3,B1-0.3,build_opus_synthetic_programme_v0_3.py@0.3,20260812,True,94ddb29c3d769f4023a12f709d801e00aedc98f2d9af0ccb1556888db3354b1c
REF-0327,4,0.5,0.956526,0.939239,0.122505,12,1,2,3,VALIDATION,SYNTHETIC_RESEARCH_FIXTURE,OG-SYNTH-0.3,B1-0.3,build_opus_synthetic_programme_v0_3.py@0.3,20260812,True,12e500f8910eed8a6a7440e6ef430c6bf4b6f4a26d3a8b174546de760c77e836
REF-0327,5,0.625,0.936345,0.959168,0.171301,15,1,1,2,VALIDATION,SYNTHETIC_RESEARCH_FIXTURE,OG-SYNTH-0.3,B1-0.3,build_opus_synthetic_programme_v0_3.py@0.3,20260812,True,bca1b8b2a70a3fa4d1ef76d7a77b928e5d92fbf6b494a775babe4be75cc69091
REF-0327,6,0.75,0.930654,0.907814,0.179679,13,3,2,1,VALIDATION,SYNTHETIC_RESEARCH_FIXTURE,OG-SYNTH-0.3,B1-0.3,build_opus_synthetic_programme_v0_3.py@0.3,20260812,True,3a45979ea036b8041c0ee4e6fe00561c76bed4e157cfe54ae1802d43e4ba0bae
REF-0327,7,0.875,0.915894,0.932174,0.200825,10,1,1,0,VALIDATION,SYNTHETIC_RESEARCH_FIXTURE,OG-SYNTH-0.3,B1-0.3,build_opus_synthetic_programme_v0_3.py@0.3,20260812,True,a4058ed64c6988e1db5f8bf7e9cb7f340c3c7fe73880bee06f228da5b85c5fae
REF-0327,8,1.0,0.891001,0.94522,0.226544,24,2,5,3,VALIDATION,SYNTHETIC_RESEARCH_FIXTURE,OG-SYNTH-0.3,B1-0.3,build_opus_synthetic_programme_v0_3.py@0.3,20260812,True,a46e59c5c746175d656a98da8478782d2fd6bb71ce450d56a46db2b149cd6524
REF-0328,1,0.125,0.952922,0.905652,0.191343,2,3,1,3,DEVELOPMENT,SYNTHETIC_RESEARCH_FIXTURE,OG-SYNTH-0.3,B1-0.3,build_opus_synthetic_programme_v0_3.py@0.3,20260812,True,500169bd22a90f0dc54e7cef0c4234c7f2cfe64fac49037c5664a343019e4454
REF-0328,2,0.25,0.910892,0.913823,0.229116,5,0,3,1,DEVELOPMENT,SYNTHETIC_RESEARCH_FIXTURE,OG-SYNTH-0.3,B1-0.3,build_opus_synthetic_programme_v0_3.py@0.3,20260812,True,09999da93c9201c32fbeb13138d7be4dee641c2e6b9e678ec7d20323d4aae4e3
REF-0328,3,0.375,0.867307,0.863879,0.336655,5,2,1,3,DEVELOPMENT,SYNTHETIC_RESEARCH_FIXTURE,OG-SYNTH-0.3,B1-0.3,build_opus_synthetic_programme_v0_3.py@0.3,20260812,True,f5afb9c389e2178e7f00201efb77f0ca5c15da3129b442bd52b802310ed244ec
REF-0328,4,0.5,0.7829,0.818573,0.137768,6,0,2,5,DEVELOPMENT,SYNTHETIC_RESEARCH_FIXTURE,OG-SYNTH-0.3,B1-0.3,build_opus_synthetic_programme_v0_3.py@0.3,20260812,True,554cf91a6f5c91a82b5f16c2f21e80d4034c85be8b57a9ef315d18fad25e441a
REF-0328,5,0.625,0.802053,0.791439,0.316188,10,4,4,0,DEVELOPMENT,SYNTHETIC_RESEARCH_FIXTURE,OG-SYNTH-0.3,B1-0.3,build_opus_synthetic_programme_v0_3.py@0.3,20260812,True,0352a8d168f3b68f3436998f4399c68b5d5fa27346b0e66c530d5e448d8e23d3
REF-0328,6,0.75,0.72894,0.738725,0.332054,8,4,5,4,DEVELOPMENT,SYNTHETIC_RESEARCH_FIXTURE,OG-SYNTH-0.3,B1-0.3,build_opus_synthetic_programme_v0_3.py@0.3,20260812,True,adcf5a37e3a03a72982b80858ce17b455bba2aab1b1f8eb2c0df4a346409756c
REF-0328,7,0.875,0.68208,0.659749,0.411885,6,3,1,3,DEVELOPMENT,SYNTHETIC_RESEARCH_FIXTURE,OG-SYNTH-0.3,B1-0.3,build_opus_synthetic_programme_v0_3.py@0.3,20260812,True,b34f96e482f99913633a08e0e1d4dd106123cc7c0ccce9617e94ec2ae5914314
REF-0328,8,1.0,0.622606,0.694518,0.399675,8,6,1,3,DEVELOPMENT,SYNTHETIC_RESEARCH_FIXTURE,OG-SYNTH-0.3,B1-0.3,build_opus_synthetic_programme_v0_3.py@0.3,20260812,True,5ec7327771816267f422c6c20149037dcb0820c2b7c319786efff75156f269e4
REF-0329,1,0.125,0.96511,0.950464,0.112216,3,1,1,1,DEVELOPMENT,SYNTHETIC_RESEARCH_FIXTURE,OG-SYNTH-0.3,B1-0.3,build_opus_synthetic_programme_v0_3.py@0.3,20260812,True,f5f376be678d7112947697a6c689746b45dd00a7df230771cede456c4379c9f3
REF-0329,2,0.25,0.978558,1.008633,0.2307,6,2,1,1,DEVELOPMENT,SYNTHETIC_RESEARCH_FIXTURE,OG-SYNTH-0.3,B1-0.3,build_opus_synthetic_programme_v0_3.py@0.3,20260812,True,5df5707ffac943b3829662dc5aa328d6efd81d1bd8734c7d54b9890176f96b6e
REF-0329,3,0.375,0.949335,0.964849,0.197121,6,2,4,4,DEVELOPMENT,SYNTHETIC_RESEARCH_FIXTURE,OG-SYNTH-0.3,B1-0.3,build_opus_synthetic_programme_v0_3.py@0.3,20260812,True,f1a56e7bd818784a5f266bf171a68b556278343934abf5d4ee6b8daf2b7447fd
REF-0329,4,0.5,0.920567,0.942879,0.157089,5,3,1,2,DEVELOPMENT,SYNTHETIC_RESEARCH_FIXTURE,OG-SYNTH-0.3,B1-0.3,build_opus_synthetic_programme_v0_3.py@0.3,20260812,True,5a36f5d49fd1204c4a9f46d48e1b9d372e254d9581490f5911ea125ada2b8b18
REF-0329,5,0.625,0.907382,0.884362,0.157733,5,3,0,3,DEVELOPMENT,SYNTHETIC_RESEARCH_FIXTURE,OG-SYNTH-0.3,B1-0.3,build_opus_synthetic_programme_v0_3.py@0.3,20260812,True,f8a39dbc78061bfd9c8780bb42880a3f3b4a549f66194546dce91b35182390be
REF-0329,6,0.75,0.868613,0.87107,0.180494,6,4,7,1,DEVELOPMENT,SYNTHETIC_RESEARCH_FIXTURE,OG-SYNTH-0.3,B1-0.3,build_opus_synthetic_programme_v0_3.py@0.3,20260812,True,bab1b43a06d4405306e241a5b5a5b11d6a4f909a8dfd23319adebbcd281fdcd5
REF-0329,7,0.875,0.892555,0.830761,0.259067,15,4,1,2,DEVELOPMENT,SYNTHETIC_RESEARCH_FIXTURE,OG-SYNTH-0.3,B1-0.3,build_opus_synthetic_programme_v0_3.py@0.3,20260812,True,09c968a99a017372697d6886ef5a988f25b533906ef4e33744eaeb74e2e13d31
REF-0329,8,1.0,0.859883,0.861304,0.261187,12,0,2,2,DEVELOPMENT,SYNTHETIC_RESEARCH_FIXTURE,OG-SYNTH-0.3,B1-0.3,build_opus_synthetic_programme_v0_3.py@0.3,20260812,True,e438f6b343ba0041b4a1c511f358682e4a03888c058a7e3004fb228cc2af7a62
REF-0330,1,0.125,0.965717,0.991877,0.16966,3,0,2,1,VALIDATION,SYNTHETIC_RESEARCH_FIXTURE,OG-SYNTH-0.3,B1-0.3,build_opus_synthetic_programme_v0_3.py@0.3,20260812,True,b62e87b259ae76cf4a6e1f96902ea39f0083faf4bd74747193e00893b08dcdb0
REF-0330,2,0.25,0.97877,0.91967,0.126246,4,2,4,1,VALIDATION,SYNTHETIC_RESEARCH_FIXTURE,OG-SYNTH-0.3,B1-0.3,build_opus_synthetic_programme_v0_3.py@0.3,20260812,True,7eeead1b408d3d387c1dc686f851124e8a89d68eaed518dde29ed4ba4625c2c3
REF-0330,3,0.375,0.931751,0.856848,0.229651,7,2,1,1,VALIDATION,SYNTHETIC_RESEARCH_FIXTURE,OG-SYNTH-0.3,B1-0.3,build_opus_synthetic_programme_v0_3.py@0.3,20260812,True,8297698766b076678cfd637383d81b8157db24344b904d61367443be42766212
REF-0330,4,0.5,0.93502,0.925007,0.195677,4,1,3,2,VALIDATION,SYNTHETIC_RESEARCH_FIXTURE,OG-SYNTH-0.3,B1-0.3,build_opus_synthetic_programme_v0_3.py@0.3,20260812,True,39f4d3f094860c2eaa6c9a9245868d6101cc34d9c0a73f10b75553ad041b6b57
REF-0330,5,0.625,0.879178,0.838526,0.207482,8,3,1,3,VALIDATION,SYNTHETIC_RESEARCH_FIXTURE,OG-SYNTH-0.3,B1-0.3,build_opus_synthetic_programme_v0_3.py@0.3,20260812,True,22d95e24211829a479b4a67ff272c86a6b305e8e0350a216c952ebbc5fa9038e
REF-0330,6,0.75,0.823407,0.825218,0.273109,9,1,2,2,VALIDATION,SYNTHETIC_RESEARCH_FIXTURE,OG-SYNTH-0.3,B1-0.3,build_opus_synthetic_programme_v0_3.py@0.3,20260812,True,f137a336b900bfc391d3eba72ff5fbcbd056af3f4f94d171dc0c627db4e0a188
REF-0330,7,0.875,0.865117,0.812236,0.267269,15,7,5,2,VALIDATION,SYNTHETIC_RESEARCH_FIXTURE,OG-SYNTH-0.3,B1-0.3,build_opus_synthetic_programme_v0_3.py@0.3,20260812,True,6ff046d90845bc66e0388ed27267512bfa8eae452af00219023ec8cc1302591d
REF-0330,8,1.0,0.84667,0.729522,0.320922,13,2,5,5,VALIDATION,SYNTHETIC_RESEARCH_FIXTURE,OG-SYNTH-0.3,B1-0.3,build_opus_synthetic_programme_v0_3.py@0.3,20260812,True,3ea88e23160f07953a6e3823d2b4acef9a9ec73d60aad8496806c4b0b2e6584d
REF-0331,1,0.125,1.001838,0.966259,0.131426,3,3,3,1,LOCKED_HOLDOUT,SYNTHETIC_RESEARCH_FIXTURE,OG-SYNTH-0.3,B1-0.3,build_opus_synthetic_programme_v0_3.py@0.3,20260812,True,78577074f850b849b153045c21fa0eb7e80502208e5f26fc5a270abea8fc5a6c
REF-0331,2,0.25,0.920507,0.963852,0.229307,3,0,2,1,LOCKED_HOLDOUT,SYNTHETIC_RESEARCH_FIXTURE,OG-SYNTH-0.3,B1-0.3,build_opus_synthetic_programme_v0_3.py@0.3,20260812,True,fcacd222a194358a32595199c29cd56e24164b0338f9bac7362aff2473bd6179
REF-0331,3,0.375,1.002343,0.949194,0.186299,5,1,0,0,LOCKED_HOLDOUT,SYNTHETIC_RESEARCH_FIXTURE,OG-SYNTH-0.3,B1-0.3,build_opus_synthetic_programme_v0_3.py@0.3,20260812,True,4d3d5ca079ca1c80ac172f6ae959c139b90af3bb733c17cb5e5a0d952145abc7
REF-0331,4,0.5,0.940755,0.911481,0.216729,7,2,1,3,LOCKED_HOLDOUT,SYNTHETIC_RESEARCH_FIXTURE,OG-SYNTH-0.3,B1-0.3,build_opus_synthetic_programme_v0_3.py@0.3,20260812,True,2704a896662f82341f711188fd84d59ce7ba7640a49c2bb5877545e83f5f79dc
REF-0331,5,0.625,0.934658,0.924603,0.168298,12,1,4,3,LOCKED_HOLDOUT,SYNTHETIC_RESEARCH_FIXTURE,OG-SYNTH-0.3,B1-0.3,build_opus_synthetic_programme_v0_3.py@0.3,20260812,True,b7a9499ddc2e4899d6be27fd2fcf73b38b6c576325c7bb9d2b9146fbdbfddc68
REF-0331,6,0.75,0.947106,0.913208,0.209176,7,1,1,3,LOCKED_HOLDOUT,SYNTHETIC_RESEARCH_FIXTURE,OG-SYNTH-0.3,B1-0.3,build_opus_synthetic_programme_v0_3.py@0.3,20260812,True,ccfb9eddf7eaf8c54382c269a4f3c282b37c5b2d37469df10b0480f6b12115de
REF-0331,7,0.875,0.938844,0.900735,0.123259,9,5,6,4,LOCKED_HOLDOUT,SYNTHETIC_RESEARCH_FIXTURE,OG-SYNTH-0.3,B1-0.3,build_opus_synthetic_programme_v0_3.py@0.3,20260812,True,8ed9f613ebe9f8e52a5cb369472858b9576c8946b0e63953ce1672a297b0b49f
REF-0331,8,1.0,0.933291,0.828057,0.246053,6,1,7,2,LOCKED_HOLDOUT,SYNTHETIC_RESEARCH_FIXTURE,OG-SYNTH-0.3,B1-0.3,build_opus_synthetic_programme_v0_3.py@0.3,20260812,True,c12e43522f22b2feb43796b7d2245d84f61d6f6255a2246bfb10dcaecaaa1f60
REF-0332,1,0.125,1.025176,1.005562,0.092464,3,1,1,2,DEVELOPMENT,SYNTHETIC_RESEARCH_FIXTURE,OG-SYNTH-0.3,B1-0.3,build_opus_synthetic_programme_v0_3.py@0.3,20260812,True,0dc233c4b5c49c5ac02d8ec048a0ef8b4104a26d260a480fbb492587fe2295b2
REF-0332,2,0.25,0.948089,1.049072,0.173095,6,1,3,2,DEVELOPMENT,SYNTHETIC_RESEARCH_FIXTURE,OG-SYNTH-0.3,B1-0.3,build_opus_synthetic_programme_v0_3.py@0.3,20260812,True,8dc02079dd66a7d98adfb77db827f63f303f4683150d9118f4659c5948464741
REF-0332,3,0.375,0.944118,1.009208,0.210501,3,4,1,1,DEVELOPMENT,SYNTHETIC_RESEARCH_FIXTURE,OG-SYNTH-0.3,B1-0.3,build_opus_synthetic_programme_v0_3.py@0.3,20260812,True,932981a0145971bdaec581309a5b922b130d60154508f590693fdd5165b5aaa3
REF-0332,4,0.5,0.897498,0.984172,0.291282,4,1,0,0,DEVELOPMENT,SYNTHETIC_RESEARCH_FIXTURE,OG-SYNTH-0.3,B1-0.3,build_opus_synthetic_programme_v0_3.py@0.3,20260812,True,16392e721c21ee4eb7a8615e312b8bee5a30f401c6f9d0ddd961af347a61ef6b
REF-0332,5,0.625,0.871189,0.953627,0.247933,4,1,0,2,DEVELOPMENT,SYNTHETIC_RESEARCH_FIXTURE,OG-SYNTH-0.3,B1-0.3,build_opus_synthetic_programme_v0_3.py@0.3,20260812,True,92860514b41cd1d9eb190730676412cfb0f34ce25c2d78b9dbade4b1ff1a3624
REF-0332,6,0.75,0.848595,1.001216,0.177123,7,2,5,1,DEVELOPMENT,SYNTHETIC_RESEARCH_FIXTURE,OG-SYNTH-0.3,B1-0.3,build_opus_synthetic_programme_v0_3.py@0.3,20260812,True,2370c1d8e0705dce088c61a9cb455ebbce5fed32d7fbbf22e9ba726b30052ab0
REF-0332,7,0.875,0.843538,0.998604,0.256017,5,2,0,0,DEVELOPMENT,SYNTHETIC_RESEARCH_FIXTURE,OG-SYNTH-0.3,B1-0.3,build_opus_synthetic_programme_v0_3.py@0.3,20260812,True,1788a5d8c454c7096fb846aa1716936c302165391cc2517dd2f1019f151e48fa
REF-0332,8,1.0,0.850512,1.021081,0.318787,8,1,1,0,DEVELOPMENT,SYNTHETIC_RESEARCH_FIXTURE,OG-SYNTH-0.3,B1-0.3,build_opus_synthetic_programme_v0_3.py@0.3,20260812,True,056a8bd8ac4b015d10bca5f1e52a94e710915835446b3d8c6e24d14d767c6a92
REF-0333,1,0.125,0.992074,1.009677,0.170385,6,3,3,1,LOCKED_HOLDOUT,SYNTHETIC_RESEARCH_FIXTURE,OG-SYNTH-0.3,B1-0.3,build_opus_synthetic_programme_v0_3.py@0.3,20260812,True,c6e4316c7b9ec04d61bf919462d7f4c457b55801407a6b29c09cc367c6d84872
REF-0333,2,0.25,1.007457,1.00538,0.277468,6,3,2,1,LOCKED_HOLDOUT,SYNTHETIC_RESEARCH_FIXTURE,OG-SYNTH-0.3,B1-0.3,build_opus_synthetic_programme_v0_3.py@0.3,20260812,True,fed0dcd51a1b2bf163809a32c9abb35f02d1f04a754589f9da82bae636d5f5fc
REF-0333,3,0.375,0.918885,0.941746,0.214533,4,3,2,3,LOCKED_HOLDOUT,SYNTHETIC_RESEARCH_FIXTURE,OG-SYNTH-0.3,B1-0.3,build_opus_synthetic_programme_v0_3.py@0.3,20260812,True,d7aa9b6249fdf7277ccf397e1693296e4e00fb0e66ae4169b77ae9ffaef26495
REF-0333,4,0.5,0.939688,0.928313,0.258638,7,2,2,1,LOCKED_HOLDOUT,SYNTHETIC_RESEARCH_FIXTURE,OG-SYNTH-0.3,B1-0.3,build_opus_synthetic_programme_v0_3.py@0.3,20260812,True,ecbd8e3c2f29c114c8144696faad4b7eb9f8b3da5d3e1f0b1f858b9d3a8ac4ac
REF-0333,5,0.625,0.886074,0.916791,0.244545,5,5,2,1,LOCKED_HOLDOUT,SYNTHETIC_RESEARCH_FIXTURE,OG-SYNTH-0.3,B1-0.3,build_opus_synthetic_programme_v0_3.py@0.3,20260812,True,a53e4ac837c55dc51d42bc1bc5df953a758538b87b2e8b161a209189229d75b7
REF-0333,6,0.75,0.912597,0.920329,0.291821,5,2,2,2,LOCKED_HOLDOUT,SYNTHETIC_RESEARCH_FIXTURE,OG-SYNTH-0.3,B1-0.3,build_opus_synthetic_programme_v0_3.py@0.3,20260812,True,b4575ec76ff29ab01031db918a9d995fb636c53d3781ec4f34cc84e9cec8caf8
REF-0333,7,0.875,0.868197,0.909268,0.32939,16,2,4,3,LOCKED_HOLDOUT,SYNTHETIC_RESEARCH_FIXTURE,OG-SYNTH-0.3,B1-0.3,build_opus_synthetic_programme_v0_3.py@0.3,20260812,True,c6cb3a176af3d424f4ee5494ec819200f00cf27b7a2701d040b8e713048fe794
REF-0333,8,1.0,0.864872,0.879018,0.220474,18,3,6,0,LOCKED_HOLDOUT,SYNTHETIC_RESEARCH_FIXTURE,OG-SYNTH-0.3,B1-0.3,build_opus_synthetic_programme_v0_3.py@0.3,20260812,True,af876b90c394b032ae679a46a2fc9b0390f8a4337654c6f07edae2c1fb9ffd47
REF-0334,1,0.125,1.002504,0.955823,0.099767,0,2,1,1,VALIDATION,SYNTHETIC_RESEARCH_FIXTURE,OG-SYNTH-0.3,B1-0.3,build_opus_synthetic_programme_v0_3.py@0.3,20260812,True,cb0672a120544d461fd4851faf894827076e0d62157fa9586374f5b660cb8e54
REF-0334,2,0.25,0.98272,0.941784,0.197359,1,3,3,1,VALIDATION,SYNTHETIC_RESEARCH_FIXTURE,OG-SYNTH-0.3,B1-0.3,build_opus_synthetic_programme_v0_3.py@0.3,20260812,True,8853c2bd22da9679783fa9d4b72cc26cf20ae05ae13a1f13ba980ab23146e5a3
REF-0334,3,0.375,1.013859,0.999969,0.158324,2,2,0,1,VALIDATION,SYNTHETIC_RESEARCH_FIXTURE,OG-SYNTH-0.3,B1-0.3,build_opus_synthetic_programme_v0_3.py@0.3,20260812,True,ce9c0c363e6a0e738afbc7b4710a12cc3a1f7a71fe872b2eb328b79bdeaa03ac
REF-0334,4,0.5,1.000928,0.981667,0.187559,5,1,0,4,VALIDATION,SYNTHETIC_RESEARCH_FIXTURE,OG-SYNTH-0.3,B1-0.3,build_opus_synthetic_programme_v0_3.py@0.3,20260812,True,d9ed10771f6e664a907ec32aa3c7ef285fd1be2eba6a3b8c115ad17508b51581
REF-0334,5,0.625,0.973725,0.919428,0.224781,6,1,1,3,VALIDATION,SYNTHETIC_RESEARCH_FIXTURE,OG-SYNTH-0.3,B1-0.3,build_opus_synthetic_programme_v0_3.py@0.3,20260812,True,bd2b4fb5522b337de99ad7f0850961de5b8dbe49f8ba847a5bb4509d07e73748
REF-0334,6,0.75,0.958601,0.925056,0.151229,3,0,2,6,VALIDATION,SYNTHETIC_RESEARCH_FIXTURE,OG-SYNTH-0.3,B1-0.3,build_opus_synthetic_programme_v0_3.py@0.3,20260812,True,f28d39f4757ffcd074fd2805496fb03d55f26d899d3d930aa2bd97175f3137ba
REF-0334,7,0.875,0.978598,0.938452,0.146067,6,1,4,1,VALIDATION,SYNTHETIC_RESEARCH_FIXTURE,OG-SYNTH-0.3,B1-0.3,build_opus_synthetic_programme_v0_3.py@0.3,20260812,True,195f456cd89ab84c5c98f1235464043c0fb5a9c984bedb2a5f70613f20c4decc
REF-0334,8,1.0,0.979305,0.924373,0.163254,6,2,4,2,VALIDATION,SYNTHETIC_RESEARCH_FIXTURE,OG-SYNTH-0.3,B1-0.3,build_opus_synthetic_programme_v0_3.py@0.3,20260812,True,c731ae7532b4b58da930f86c48ca22a2eb5af97845a62fbb4f47772334031247
REF-0335,1,0.125,0.995311,0.956131,0.152914,2,0,0,1,LOCKED_HOLDOUT,SYNTHETIC_RESEARCH_FIXTURE,OG-SYNTH-0.3,B1-0.3,build_opus_synthetic_programme_v0_3.py@0.3,20260812,True,e17089e7962408883da995a3818d20e3f470313a360c322422086184e4d92cbc
REF-0335,2,0.25,0.915129,0.994098,0.191625,2,1,0,1,LOCKED_HOLDOUT,SYNTHETIC_RESEARCH_FIXTURE,OG-SYNTH-0.3,B1-0.3,build_opus_synthetic_programme_v0_3.py@0.3,20260812,True,99c2fa72416f9ab3932f62baa7ebe71c972159c48eea8eb109114457a04a2422
REF-0335,3,0.375,1.008471,0.916309,0.185643,0,4,4,1,LOCKED_HOLDOUT,SYNTHETIC_RESEARCH_FIXTURE,OG-SYNTH-0.3,B1-0.3,build_opus_synthetic_programme_v0_3.py@0.3,20260812,True,33e65a26032ed9742bd7dd219dd46319c054bc60f38f33068e0b94240cf8992b
REF-0335,4,0.5,0.975337,0.942985,0.188148,3,0,1,0,LOCKED_HOLDOUT,SYNTHETIC_RESEARCH_FIXTURE,OG-SYNTH-0.3,B1-0.3,build_opus_synthetic_programme_v0_3.py@0.3,20260812,True,25e46b2d2a2f1f11da429e56037dc91751aefd77812771cdcf60ff58a14348a3
REF-0335,5,0.625,0.956806,0.908924,0.215499,5,1,0,1,LOCKED_HOLDOUT,SYNTHETIC_RESEARCH_FIXTURE,OG-SYNTH-0.3,B1-0.3,build_opus_synthetic_programme_v0_3.py@0.3,20260812,True,f56780df3c15aeb6f82b0a31ed91784e92d6bec48a026d8fc7709b98d2507bd6
REF-0335,6,0.75,1.00268,0.894391,0.204826,5,3,0,3,LOCKED_HOLDOUT,SYNTHETIC_RESEARCH_FIXTURE,OG-SYNTH-0.3,B1-0.3,build_opus_synthetic_programme_v0_3.py@0.3,20260812,True,5c5a3fc0f9be476a71a12fd562d4f35cd2fa5582262500551a64b047806e53a9
REF-0335,7,0.875,0.944889,0.898783,0.179975,7,0,3,4,LOCKED_HOLDOUT,SYNTHETIC_RESEARCH_FIXTURE,OG-SYNTH-0.3,B1-0.3,build_opus_synthetic_programme_v0_3.py@0.3,20260812,True,f8f50666fc9a792157c8d87556c90fb58165cd0de2255a74f30cea3b6928e7ed
REF-0335,8,1.0,0.949147,0.885228,0.225949,6,1,1,2,LOCKED_HOLDOUT,SYNTHETIC_RESEARCH_FIXTURE,OG-SYNTH-0.3,B1-0.3,build_opus_synthetic_programme_v0_3.py@0.3,20260812,True,6589441538c5246569535c64e3597046b5f3cf5b3f68cb973e65825f77de4cb1
REF-0336,1,0.125,0.989055,0.980808,0.224482,3,2,1,1,VALIDATION,SYNTHETIC_RESEARCH_FIXTURE,OG-SYNTH-0.3,B1-0.3,build_opus_synthetic_programme_v0_3.py@0.3,20260812,True,63a09185310b1bb7cd6b3c42759603388d990fbcced9a4c6b43e08faf5995724
REF-0336,2,0.25,0.939745,0.915506,0.210844,9,2,2,0,VALIDATION,SYNTHETIC_RESEARCH_FIXTURE,OG-SYNTH-0.3,B1-0.3,build_opus_synthetic_programme_v0_3.py@0.3,20260812,True,b50852fe4d5f4d9d9e750ec18748882b600788a7bc297c0e65417814936573f4
REF-0336,3,0.375,0.936244,0.958455,0.164272,4,1,3,1,VALIDATION,SYNTHETIC_RESEARCH_FIXTURE,OG-SYNTH-0.3,B1-0.3,build_opus_synthetic_programme_v0_3.py@0.3,20260812,True,1e66c047b1c8a120af509226c957643bfdd36639e46cd2bb27484ab37af58678
REF-0336,4,0.5,0.931342,0.88479,0.310147,8,2,1,0,VALIDATION,SYNTHETIC_RESEARCH_FIXTURE,OG-SYNTH-0.3,B1-0.3,build_opus_synthetic_programme_v0_3.py@0.3,20260812,True,140d21786e51ea7497210caf84da940620a4d31e66fcf5c161b36f4418c12f27
REF-0336,5,0.625,0.92266,0.854917,0.264476,10,3,5,2,VALIDATION,SYNTHETIC_RESEARCH_FIXTURE,OG-SYNTH-0.3,B1-0.3,build_opus_synthetic_programme_v0_3.py@0.3,20260812,True,d3e453f2f9abace323fa0749023927849bdccd972e9fda915504ff7bc9f078f2
REF-0336,6,0.75,0.890396,0.790194,0.27212,10,3,2,2,VALIDATION,SYNTHETIC_RESEARCH_FIXTURE,OG-SYNTH-0.3,B1-0.3,build_opus_synthetic_programme_v0_3.py@0.3,20260812,True,39c7f02d1782403aa03355c25ab8fc9a4f14651c306ef196d0cea64acf148f06
REF-0336,7,0.875,0.875004,0.827022,0.240731,12,4,3,2,VALIDATION,SYNTHETIC_RESEARCH_FIXTURE,OG-SYNTH-0.3,B1-0.3,build_opus_synthetic_programme_v0_3.py@0.3,20260812,True,9e7dad0daea4f881e87f0cf84f9377dc657013733b22543e805b4c4787192e4b
REF-0336,8,1.0,0.839607,0.778515,0.344264,15,0,3,3,VALIDATION,SYNTHETIC_RESEARCH_FIXTURE,OG-SYNTH-0.3,B1-0.3,build_opus_synthetic_programme_v0_3.py@0.3,20260812,True,1d92df84deea8e5e23f3d130107a5759de95be5e279ef20d8cf73d65ace0e143
REF-0337,1,0.125,0.990669,0.980033,0.140406,2,0,0,2,DEVELOPMENT,SYNTHETIC_RESEARCH_FIXTURE,OG-SYNTH-0.3,B1-0.3,build_opus_synthetic_programme_v0_3.py@0.3,20260812,True,71b451ab45edb0e6f9f2b8f67d753640c675ac6e2d1369cbf803f06414f0cb6a
REF-0337,2,0.25,1.022339,0.999571,0.176869,4,4,1,2,DEVELOPMENT,SYNTHETIC_RESEARCH_FIXTURE,OG-SYNTH-0.3,B1-0.3,build_opus_synthetic_programme_v0_3.py@0.3,20260812,True,08c4c45a106bf7d5a78f64b52e4f0738f6aef9d47cd655553c5a2e5d204840f0
REF-0337,3,0.375,0.99303,0.991202,0.133667,0,0,2,2,DEVELOPMENT,SYNTHETIC_RESEARCH_FIXTURE,OG-SYNTH-0.3,B1-0.3,build_opus_synthetic_programme_v0_3.py@0.3,20260812,True,4042a3bfa3d10c7df2c36fee5cae5f6636e328586d5ae1ac8f625ccc74d91ea5
REF-0337,4,0.5,1.052335,1.018065,0.155192,2,3,0,2,DEVELOPMENT,SYNTHETIC_RESEARCH_FIXTURE,OG-SYNTH-0.3,B1-0.3,build_opus_synthetic_programme_v0_3.py@0.3,20260812,True,a0ea23d0634bbeeaed544dfa14c649655037b74ecad38d02d7a90a4cab427f02
REF-0337,5,0.625,0.99293,0.967125,0.144556,2,4,0,1,DEVELOPMENT,SYNTHETIC_RESEARCH_FIXTURE,OG-SYNTH-0.3,B1-0.3,build_opus_synthetic_programme_v0_3.py@0.3,20260812,True,be0b2a81a6a76f86f04074cef9dadbe86a61c338a9851a331d1350eb9806c5ff
REF-0337,6,0.75,0.973118,0.99966,0.176197,4,1,1,1,DEVELOPMENT,SYNTHETIC_RESEARCH_FIXTURE,OG-SYNTH-0.3,B1-0.3,build_opus_synthetic_programme_v0_3.py@0.3,20260812,True,ce7a326d8af8afc4756bcf313cc153d4944389344a0cfad8d3ee90418af6142f
REF-0337,7,0.875,0.98913,1.017563,0.202693,8,2,5,0,DEVELOPMENT,SYNTHETIC_RESEARCH_FIXTURE,OG-SYNTH-0.3,B1-0.3,build_opus_synthetic_programme_v0_3.py@0.3,20260812,True,c12b9989397dcdcb7450ca381e15dc78a3c7417aa2ca703b776e32c5c1ce6c99
REF-0337,8,1.0,1.008243,0.981724,0.225346,12,1,0,0,DEVELOPMENT,SYNTHETIC_RESEARCH_FIXTURE,OG-SYNTH-0.3,B1-0.3,build_opus_synthetic_programme_v0_3.py@0.3,20260812,True,f72a168df55f2724d7b0221d08772d5c527e1f23fff82a579b443159302b13e9
REF-0338,1,0.125,0.97125,0.960802,0.177874,1,0,2,0,LOCKED_HOLDOUT,SYNTHETIC_RESEARCH_FIXTURE,OG-SYNTH-0.3,B1-0.3,build_opus_synthetic_programme_v0_3.py@0.3,20260812,True,817ae21f04999cbe7b6cc03fe0c3ea387b2f885ad4c5b6b4ccb0e02866af0aca
REF-0338,2,0.25,0.946873,1.013076,0.138308,2,2,1,1,LOCKED_HOLDOUT,SYNTHETIC_RESEARCH_FIXTURE,OG-SYNTH-0.3,B1-0.3,build_opus_synthetic_programme_v0_3.py@0.3,20260812,True,f6910054af71d2e694aac89d9d0930e1ae2f514ed85beebbff6078c9ff637cee
REF-0338,3,0.375,0.953314,0.946022,0.1852,5,2,3,1,LOCKED_HOLDOUT,SYNTHETIC_RESEARCH_FIXTURE,OG-SYNTH-0.3,B1-0.3,build_opus_synthetic_programme_v0_3.py@0.3,20260812,True,66223840d322626c94397f3020ee266813c31c629393764fcad93c15ae8d19a7
REF-0338,4,0.5,0.913319,0.938242,0.233075,3,2,1,1,LOCKED_HOLDOUT,SYNTHETIC_RESEARCH_FIXTURE,OG-SYNTH-0.3,B1-0.3,build_opus_synthetic_programme_v0_3.py@0.3,20260812,True,958ff9e3d9ddd31949870786a29e081e2747bcbf19edc3bfbf0d9ed31100158a
REF-0338,5,0.625,0.876291,0.912498,0.225643,8,5,2,1,LOCKED_HOLDOUT,SYNTHETIC_RESEARCH_FIXTURE,OG-SYNTH-0.3,B1-0.3,build_opus_synthetic_programme_v0_3.py@0.3,20260812,True,113840823bac5dda365911e868c3423439bffdfb96a885be7e93b52fc798870a
REF-0338,6,0.75,0.886539,0.936715,0.180933,6,1,4,0,LOCKED_HOLDOUT,SYNTHETIC_RESEARCH_FIXTURE,OG-SYNTH-0.3,B1-0.3,build_opus_synthetic_programme_v0_3.py@0.3,20260812,True,907e209240d7edc7c8debb7443cdd548e0cabbbc8415f114ef78931848d245e0
REF-0338,7,0.875,0.829999,0.894926,0.263389,6,2,3,1,LOCKED_HOLDOUT,SYNTHETIC_RESEARCH_FIXTURE,OG-SYNTH-0.3,B1-0.3,build_opus_synthetic_programme_v0_3.py@0.3,20260812,True,3aac2c5cc434b59bb8bdf3675ad34536d41a1f3fa71ab847f222672f2753b8cd
REF-0338,8,1.0,0.847214,0.88889,0.203525,13,2,5,0,LOCKED_HOLDOUT,SYNTHETIC_RESEARCH_FIXTURE,OG-SYNTH-0.3,B1-0.3,build_opus_synthetic_programme_v0_3.py@0.3,20260812,True,f9764fc62c2c06a423d8408f4afbf92e0a96ec32ad50e1e98e905be0ebef06c3
REF-0339,1,0.125,0.999644,0.982118,0.118661,7,2,0,3,DEVELOPMENT,SYNTHETIC_RESEARCH_FIXTURE,OG-SYNTH-0.3,B1-0.3,build_opus_synthetic_programme_v0_3.py@0.3,20260812,True,34b2765c1dc6234cb45aeb583b1b81554434dac909ef3b7964a2ac00a3b3e8de
REF-0339,2,0.25,0.978984,0.971146,0.238523,4,1,1,0,DEVELOPMENT,SYNTHETIC_RESEARCH_FIXTURE,OG-SYNTH-0.3,B1-0.3,build_opus_synthetic_programme_v0_3.py@0.3,20260812,True,d8b7cf8c5f9b1d5a4388d63ac703895f0b244bdc52e37a04ef8dba4bf5b7ee8d
REF-0339,3,0.375,0.97085,0.955039,0.168866,3,1,0,2,DEVELOPMENT,SYNTHETIC_RESEARCH_FIXTURE,OG-SYNTH-0.3,B1-0.3,build_opus_synthetic_programme_v0_3.py@0.3,20260812,True,1add419676aee419e7791490da5f5f80b77637d1996d0b6eb8b18cc5f33bcb1d
REF-0339,4,0.5,0.926574,0.923838,0.240505,6,2,0,2,DEVELOPMENT,SYNTHETIC_RESEARCH_FIXTURE,OG-SYNTH-0.3,B1-0.3,build_opus_synthetic_programme_v0_3.py@0.3,20260812,True,eeb1fd42eab9e32b0ff40dd8eb9e10e561a8aff46888268dc69bb203efa574e2
REF-0339,5,0.625,0.851794,0.926571,0.228588,9,3,1,1,DEVELOPMENT,SYNTHETIC_RESEARCH_FIXTURE,OG-SYNTH-0.3,B1-0.3,build_opus_synthetic_programme_v0_3.py@0.3,20260812,True,98388794edffc13e48e5bf7ee3f4c647c2689ce8c20034fa58beae65d4e3b908
REF-0339,6,0.75,0.915823,0.899554,0.223152,12,4,3,3,DEVELOPMENT,SYNTHETIC_RESEARCH_FIXTURE,OG-SYNTH-0.3,B1-0.3,build_opus_synthetic_programme_v0_3.py@0.3,20260812,True,bed4e5afebb04ef14924812568cfd952cd05b47d696d6a1b7be4bf31a1318b84
REF-0339,7,0.875,0.866353,0.901233,0.236885,12,1,4,3,DEVELOPMENT,SYNTHETIC_RESEARCH_FIXTURE,OG-SYNTH-0.3,B1-0.3,build_opus_synthetic_programme_v0_3.py@0.3,20260812,True,ea729c684d582e8e2f397517bfda89eb82da5c94b45682af4075115b22af1ffc
REF-0339,8,1.0,0.848311,0.855096,0.173241,14,1,5,3,DEVELOPMENT,SYNTHETIC_RESEARCH_FIXTURE,OG-SYNTH-0.3,B1-0.3,build_opus_synthetic_programme_v0_3.py@0.3,20260812,True,28e467d84d4b6c856bb89c07db56f9b7dfa7627e2005939fefa78e70088f5285
REF-0340,1,0.125,0.993638,0.980063,0.084714,2,1,3,1,DEVELOPMENT,SYNTHETIC_RESEARCH_FIXTURE,OG-SYNTH-0.3,B1-0.3,build_opus_synthetic_programme_v0_3.py@0.3,20260812,True,2f3dc377d2bc28e7ff4791e1f13820f14594f79ccdaa3ad6fc4fbe832c897cc6
REF-0340,2,0.25,0.995467,0.965415,0.235866,3,2,0,0,DEVELOPMENT,SYNTHETIC_RESEARCH_FIXTURE,OG-SYNTH-0.3,B1-0.3,build_opus_synthetic_programme_v0_3.py@0.3,20260812,True,02529aee06df0b8615c81f366c616414a4fdb8d6d86009b6635fd8f8546c6130
REF-0340,3,0.375,0.935925,0.920853,0.230891,4,0,2,1,DEVELOPMENT,SYNTHETIC_RESEARCH_FIXTURE,OG-SYNTH-0.3,B1-0.3,build_opus_synthetic_programme_v0_3.py@0.3,20260812,True,4a1ee82b9fcae9a1311316ad0ca430a53d542fcb168266f022766a779934f398
REF-0340,4,0.5,0.923916,0.927178,0.182423,7,3,0,2,DEVELOPMENT,SYNTHETIC_RESEARCH_FIXTURE,OG-SYNTH-0.3,B1-0.3,build_opus_synthetic_programme_v0_3.py@0.3,20260812,True,1d5de4f7b7af74b8207de54ce2f536a28e8b637c5ee0e0a58b8368f2a83d37b6
REF-0340,5,0.625,0.895711,0.923589,0.207816,7,1,1,4,DEVELOPMENT,SYNTHETIC_RESEARCH_FIXTURE,OG-SYNTH-0.3,B1-0.3,build_opus_synthetic_programme_v0_3.py@0.3,20260812,True,ebd84dafe965aa816c31b069a89883444668e9ce24e3fb64fde45652ca9e5c7c
REF-0340,6,0.75,0.907605,0.851096,0.225019,7,3,4,4,DEVELOPMENT,SYNTHETIC_RESEARCH_FIXTURE,OG-SYNTH-0.3,B1-0.3,build_opus_synthetic_programme_v0_3.py@0.3,20260812,True,17a32b9fb2e84bad35e67f4ef0f221a9830106bc396e2c09558bf0c711b46af7
REF-0340,7,0.875,0.874689,0.802737,0.275026,11,5,4,1,DEVELOPMENT,SYNTHETIC_RESEARCH_FIXTURE,OG-SYNTH-0.3,B1-0.3,build_opus_synthetic_programme_v0_3.py@0.3,20260812,True,b1ce04213beea3c2764b1406505b8bd95615703ac27e3b61bf3ff8f0778d60ff
REF-0340,8,1.0,0.866461,0.831471,0.285019,5,2,2,8,DEVELOPMENT,SYNTHETIC_RESEARCH_FIXTURE,OG-SYNTH-0.3,B1-0.3,build_opus_synthetic_programme_v0_3.py@0.3,20260812,True,e12b452b07bbcde0787089968ed6ef4ed37baa8a8f9419aee726175d5f576fe3
REF-0341,1,0.125,0.970139,0.964612,0.116556,2,1,0,0,DEVELOPMENT,SYNTHETIC_RESEARCH_FIXTURE,OG-SYNTH-0.3,B1-0.3,build_opus_synthetic_programme_v0_3.py@0.3,20260812,True,00f1983e39ed4df74f7fc253df55670f70831c602973b65070de5ee3057d120e
REF-0341,2,0.25,0.924719,0.968686,0.240207,5,1,1,0,DEVELOPMENT,SYNTHETIC_RESEARCH_FIXTURE,OG-SYNTH-0.3,B1-0.3,build_opus_synthetic_programme_v0_3.py@0.3,20260812,True,ee0c43b076f3190a9d05ac37a2ba74f0dd93c9aa5913763ab3f743c306f70d85
REF-0341,3,0.375,0.926564,0.944595,0.191234,3,1,3,3,DEVELOPMENT,SYNTHETIC_RESEARCH_FIXTURE,OG-SYNTH-0.3,B1-0.3,build_opus_synthetic_programme_v0_3.py@0.3,20260812,True,01f686b828a0f32a2d991395fde4af71202da020b3f47afb667fe251b340ddf2
REF-0341,4,0.5,0.836564,0.877853,0.149849,10,4,2,1,DEVELOPMENT,SYNTHETIC_RESEARCH_FIXTURE,OG-SYNTH-0.3,B1-0.3,build_opus_synthetic_programme_v0_3.py@0.3,20260812,True,bb4653c7071fb2b345c2744647a5d0bd58e76fabba6add501542d17c529816cb
REF-0341,5,0.625,0.825153,0.867168,0.25279,6,4,5,4,DEVELOPMENT,SYNTHETIC_RESEARCH_FIXTURE,OG-SYNTH-0.3,B1-0.3,build_opus_synthetic_programme_v0_3.py@0.3,20260812,True,bfe22567560135df4891eea054af82f4224f046a04714810cd28e34c684ae858
REF-0341,6,0.75,0.829169,0.830214,0.293607,7,5,1,3,DEVELOPMENT,SYNTHETIC_RESEARCH_FIXTURE,OG-SYNTH-0.3,B1-0.3,build_opus_synthetic_programme_v0_3.py@0.3,20260812,True,71ab6e80a117088e470a5f7a19091a1cae253cddaa17390017eeea1049e40d94
REF-0341,7,0.875,0.799049,0.866052,0.31504,8,2,3,4,DEVELOPMENT,SYNTHETIC_RESEARCH_FIXTURE,OG-SYNTH-0.3,B1-0.3,build_opus_synthetic_programme_v0_3.py@0.3,20260812,True,c1f5a24b682f37a2432b3d0ae6fab90d477b940d049b25ebb696f87db422c8ff
REF-0341,8,1.0,0.831997,0.844041,0.266013,12,5,4,3,DEVELOPMENT,SYNTHETIC_RESEARCH_FIXTURE,OG-SYNTH-0.3,B1-0.3,build_opus_synthetic_programme_v0_3.py@0.3,20260812,True,b206dac16a44a965606989f5da3fe3f903144ce9e3386a08e426d20aa4f2cb17
REF-0342,1,0.125,0.993218,1.007527,0.147197,2,1,2,1,DEVELOPMENT,SYNTHETIC_RESEARCH_FIXTURE,OG-SYNTH-0.3,B1-0.3,build_opus_synthetic_programme_v0_3.py@0.3,20260812,True,a5a3a32be09aaf6e4a86841e131c9a752ea071d3c3e8d5b0f08f695f093f1e82
REF-0342,2,0.25,0.966179,0.948127,0.184416,8,4,1,3,DEVELOPMENT,SYNTHETIC_RESEARCH_FIXTURE,OG-SYNTH-0.3,B1-0.3,build_opus_synthetic_programme_v0_3.py@0.3,20260812,True,42f5366bfe576058def4808c8231f2a2b2dd2cc1169e1321e60faa7345ba61c0
REF-0342,3,0.375,0.975651,0.985692,0.166141,8,3,6,1,DEVELOPMENT,SYNTHETIC_RESEARCH_FIXTURE,OG-SYNTH-0.3,B1-0.3,build_opus_synthetic_programme_v0_3.py@0.3,20260812,True,b26684ccea1da46e80670bde44ab5b0cdea56d30b9a2c3e4c42e2d057c9a3fb7
REF-0342,4,0.5,0.892791,0.965599,0.248507,5,2,4,1,DEVELOPMENT,SYNTHETIC_RESEARCH_FIXTURE,OG-SYNTH-0.3,B1-0.3,build_opus_synthetic_programme_v0_3.py@0.3,20260812,True,11ec437004ef3e646c14e2c236898a3cee4b8bbade7b34b7d9fcf3e2e97617b0
REF-0342,5,0.625,0.886967,0.966138,0.212882,8,1,4,1,DEVELOPMENT,SYNTHETIC_RESEARCH_FIXTURE,OG-SYNTH-0.3,B1-0.3,build_opus_synthetic_programme_v0_3.py@0.3,20260812,True,6d6e1ccff008aea0e2e478146ba4268ed9da2c57d1774bebe0aba734b8da98df
REF-0342,6,0.75,0.849483,0.900723,0.262509,12,4,2,2,DEVELOPMENT,SYNTHETIC_RESEARCH_FIXTURE,OG-SYNTH-0.3,B1-0.3,build_opus_synthetic_programme_v0_3.py@0.3,20260812,True,3bce1d059bf58b23cce5af896461d5382340feda3b55b0468344ad02e6134dcb
REF-0342,7,0.875,0.869392,0.932999,0.280726,16,3,4,2,DEVELOPMENT,SYNTHETIC_RESEARCH_FIXTURE,OG-SYNTH-0.3,B1-0.3,build_opus_synthetic_programme_v0_3.py@0.3,20260812,True,cbe9f34bb39925319f501a529f88126c2dd929b0042c0817c09416827ccc14bd
REF-0342,8,1.0,0.840282,0.944063,0.288757,15,8,7,0,DEVELOPMENT,SYNTHETIC_RESEARCH_FIXTURE,OG-SYNTH-0.3,B1-0.3,build_opus_synthetic_programme_v0_3.py@0.3,20260812,True,9218a1410f64f55a0f53923c0bd0aaca92e6fefd9db9ac265a60ca7d8213c8bf
REF-0343,1,0.125,1.016616,0.983112,0.208155,2,0,2,2,LOCKED_HOLDOUT,SYNTHETIC_RESEARCH_FIXTURE,OG-SYNTH-0.3,B1-0.3,build_opus_synthetic_programme_v0_3.py@0.3,20260812,True,94945d3a098dd59afc0481022baf3a337bcfb5629c67e0ae711d9ad8cc838a00
REF-0343,2,0.25,0.957884,1.0157,0.153413,0,0,3,1,LOCKED_HOLDOUT,SYNTHETIC_RESEARCH_FIXTURE,OG-SYNTH-0.3,B1-0.3,build_opus_synthetic_programme_v0_3.py@0.3,20260812,True,7e5a79eb559b9d24701a6453ca8d37531e683f63835420141206dd6e4cc2846e
REF-0343,3,0.375,0.906504,0.951292,0.173376,8,1,2,3,LOCKED_HOLDOUT,SYNTHETIC_RESEARCH_FIXTURE,OG-SYNTH-0.3,B1-0.3,build_opus_synthetic_programme_v0_3.py@0.3,20260812,True,e09fe6efcf4204e3d2da5b36ff4f3a052e0d758e026e0ba506c1a3b2c44d46b6
REF-0343,4,0.5,0.94927,0.954382,0.22227,8,2,3,1,LOCKED_HOLDOUT,SYNTHETIC_RESEARCH_FIXTURE,OG-SYNTH-0.3,B1-0.3,build_opus_synthetic_programme_v0_3.py@0.3,20260812,True,d97d0e030dcf75a6d3e06feaecfca5c7ddc411010df3f823f43095917f2008c6
REF-0343,5,0.625,0.893535,0.930796,0.142249,5,3,0,1,LOCKED_HOLDOUT,SYNTHETIC_RESEARCH_FIXTURE,OG-SYNTH-0.3,B1-0.3,build_opus_synthetic_programme_v0_3.py@0.3,20260812,True,bb2a3f480eac07b45219b77bcb69233de656a1d3783fbc991365b01317e366a4
REF-0343,6,0.75,0.874693,0.894616,0.276355,11,4,1,1,LOCKED_HOLDOUT,SYNTHETIC_RESEARCH_FIXTURE,OG-SYNTH-0.3,B1-0.3,build_opus_synthetic_programme_v0_3.py@0.3,20260812,True,17b78cf9006c24341dcbbd05d09f8348fee52b15b4e5e65e8535396de51cfede
REF-0343,7,0.875,0.870388,0.861194,0.187205,13,2,2,0,LOCKED_HOLDOUT,SYNTHETIC_RESEARCH_FIXTURE,OG-SYNTH-0.3,B1-0.3,build_opus_synthetic_programme_v0_3.py@0.3,20260812,True,aa910d9fe3f33cd4a2917710a2f3cbc185a91e21990764d8f67d38e9a79a1398
REF-0343,8,1.0,0.836063,0.801569,0.270051,9,4,3,3,LOCKED_HOLDOUT,SYNTHETIC_RESEARCH_FIXTURE,OG-SYNTH-0.3,B1-0.3,build_opus_synthetic_programme_v0_3.py@0.3,20260812,True,e16fe7fc75b10bdff6b607848b63d7c796b8933fc4c82a61e7cc2d2a040d9302
REF-0344,1,0.125,1.030507,0.948006,0.139027,3,1,2,0,DEVELOPMENT,SYNTHETIC_RESEARCH_FIXTURE,OG-SYNTH-0.3,B1-0.3,build_opus_synthetic_programme_v0_3.py@0.3,20260812,True,33d78ffb852dfa5b5044585b86486106797e0d27d3d54be838ba2f3b512efa71
REF-0344,2,0.25,0.993757,0.986067,0.182812,4,0,1,3,DEVELOPMENT,SYNTHETIC_RESEARCH_FIXTURE,OG-SYNTH-0.3,B1-0.3,build_opus_synthetic_programme_v0_3.py@0.3,20260812,True,62e60158a715e6a48f6cc4e8de12439610ae258004acf4b0bc6272f174943bfd
REF-0344,3,0.375,0.963116,0.96624,0.183038,6,0,3,2,DEVELOPMENT,SYNTHETIC_RESEARCH_FIXTURE,OG-SYNTH-0.3,B1-0.3,build_opus_synthetic_programme_v0_3.py@0.3,20260812,True,5e6bf62680dd423a1ce376bf26bb4caab4602b71f3017a294929885a00b957f7
REF-0344,4,0.5,0.962647,0.923217,0.202368,8,2,0,1,DEVELOPMENT,SYNTHETIC_RESEARCH_FIXTURE,OG-SYNTH-0.3,B1-0.3,build_opus_synthetic_programme_v0_3.py@0.3,20260812,True,8591ec18cbeb1653e3373ef05a97ed87cec74085f9d3cf990c42c5918215d5e7
REF-0344,5,0.625,1.002403,0.909629,0.232488,3,2,3,2,DEVELOPMENT,SYNTHETIC_RESEARCH_FIXTURE,OG-SYNTH-0.3,B1-0.3,build_opus_synthetic_programme_v0_3.py@0.3,20260812,True,853dd5dd19af6db565363603810b11ca4f782874cb8473bd92fb2f0b88ccf14d
REF-0344,6,0.75,0.98535,0.876093,0.25544,2,2,2,2,DEVELOPMENT,SYNTHETIC_RESEARCH_FIXTURE,OG-SYNTH-0.3,B1-0.3,build_opus_synthetic_programme_v0_3.py@0.3,20260812,True,adfec9394ffbda3ff14121971c751993e7935f3ef8de40114d760c5cc10b74b3
REF-0344,7,0.875,0.996074,0.886118,0.175003,6,2,2,2,DEVELOPMENT,SYNTHETIC_RESEARCH_FIXTURE,OG-SYNTH-0.3,B1-0.3,build_opus_synthetic_programme_v0_3.py@0.3,20260812,True,34e5144a6b21379433bd3015c687dc63356da59fbbd9babaf6e2f48f62de3ec2
REF-0344,8,1.0,0.97353,0.831399,0.252575,12,2,4,4,DEVELOPMENT,SYNTHETIC_RESEARCH_FIXTURE,OG-SYNTH-0.3,B1-0.3,build_opus_synthetic_programme_v0_3.py@0.3,20260812,True,26493bd7e870d7f2b3ff96079bc357bde1208a523095bd285c11eb22ded0be55
REF-0345,1,0.125,0.97661,1.000394,0.164162,3,3,2,0,DEVELOPMENT,SYNTHETIC_RESEARCH_FIXTURE,OG-SYNTH-0.3,B1-0.3,build_opus_synthetic_programme_v0_3.py@0.3,20260812,True,4b07f4f960d8eb22d47b26de80fba957147b7f66063f43f96b5bc23646ba5a17
REF-0345,2,0.25,0.939166,0.905905,0.205038,3,1,5,1,DEVELOPMENT,SYNTHETIC_RESEARCH_FIXTURE,OG-SYNTH-0.3,B1-0.3,build_opus_synthetic_programme_v0_3.py@0.3,20260812,True,bccc5ef2b6a6f835fbc5e30b1bab88f77b11decf81f365d85381eeee8583ab1e
REF-0345,3,0.375,0.900007,0.884463,0.232007,2,2,3,4,DEVELOPMENT,SYNTHETIC_RESEARCH_FIXTURE,OG-SYNTH-0.3,B1-0.3,build_opus_synthetic_programme_v0_3.py@0.3,20260812,True,78ccc9293f0f1b18e403a0cc184664aacb2733af0f7e222748ee602f03eb2ccd
REF-0345,4,0.5,0.950493,0.903311,0.22968,9,2,1,1,DEVELOPMENT,SYNTHETIC_RESEARCH_FIXTURE,OG-SYNTH-0.3,B1-0.3,build_opus_synthetic_programme_v0_3.py@0.3,20260812,True,4d78bba3b2e350b58762328784f97fc5a3e4ff17a60631e8420a503a8e57edc4
REF-0345,5,0.625,0.890431,0.856223,0.242562,8,2,1,1,DEVELOPMENT,SYNTHETIC_RESEARCH_FIXTURE,OG-SYNTH-0.3,B1-0.3,build_opus_synthetic_programme_v0_3.py@0.3,20260812,True,2ea6316bdfe7d8414541a7336f614a86ef3aa6cc302600ae14d03d18509f5492
REF-0345,6,0.75,0.900867,0.814641,0.266187,13,4,2,2,DEVELOPMENT,SYNTHETIC_RESEARCH_FIXTURE,OG-SYNTH-0.3,B1-0.3,build_opus_synthetic_programme_v0_3.py@0.3,20260812,True,d705393f2b9e5aeded5364757da9173572a67e9f543a54d27e3d34b989617b3e
REF-0345,7,0.875,0.872319,0.80286,0.270558,7,2,4,2,DEVELOPMENT,SYNTHETIC_RESEARCH_FIXTURE,OG-SYNTH-0.3,B1-0.3,build_opus_synthetic_programme_v0_3.py@0.3,20260812,True,e4fb6951f3530469b85642067fdf10997dddfce83f7a12ed7208805ffa881c7b
REF-0345,8,1.0,0.875449,0.818515,0.298116,15,2,2,2,DEVELOPMENT,SYNTHETIC_RESEARCH_FIXTURE,OG-SYNTH-0.3,B1-0.3,build_opus_synthetic_programme_v0_3.py@0.3,20260812,True,5531f7e7055bfc08f2abb04a77b984f5f7bc1596786a6bcf8c4c496d83938bf2
REF-0346,1,0.125,0.9718,0.940331,0.162218,4,1,1,0,DEVELOPMENT,SYNTHETIC_RESEARCH_FIXTURE,OG-SYNTH-0.3,B1-0.3,build_opus_synthetic_programme_v0_3.py@0.3,20260812,True,0ea102243ebb67a7a2d1781be44bf37bd5bacae41e6803418b24219dd1ad375b
REF-0346,2,0.25,1.038113,0.970341,0.166094,3,1,1,1,DEVELOPMENT,SYNTHETIC_RESEARCH_FIXTURE,OG-SYNTH-0.3,B1-0.3,build_opus_synthetic_programme_v0_3.py@0.3,20260812,True,d3b967c86ca8cc5055b89b0a957b82d8f2b0828cfecf3f1c45576a3398a8354a
REF-0346,3,0.375,0.989062,0.961107,0.144876,6,1,1,1,DEVELOPMENT,SYNTHETIC_RESEARCH_FIXTURE,OG-SYNTH-0.3,B1-0.3,build_opus_synthetic_programme_v0_3.py@0.3,20260812,True,8d2e455a106c1d16346335816eedb7ad8969a968cb25164782244366e2f55482
REF-0346,4,0.5,0.961305,0.891363,0.133922,4,0,0,1,DEVELOPMENT,SYNTHETIC_RESEARCH_FIXTURE,OG-SYNTH-0.3,B1-0.3,build_opus_synthetic_programme_v0_3.py@0.3,20260812,True,b18276a350af6b8233b31718db1c11618a83720c87fc48a306bb9fb727690f12
REF-0346,5,0.625,0.919565,0.926342,0.215206,8,0,2,1,DEVELOPMENT,SYNTHETIC_RESEARCH_FIXTURE,OG-SYNTH-0.3,B1-0.3,build_opus_synthetic_programme_v0_3.py@0.3,20260812,True,1c24752cb0ad0f003f2a7e6d1b0785fc9983243839bb5ce9cd88c1ed7a569ef3
REF-0346,6,0.75,0.959027,0.874263,0.219228,9,3,2,2,DEVELOPMENT,SYNTHETIC_RESEARCH_FIXTURE,OG-SYNTH-0.3,B1-0.3,build_opus_synthetic_programme_v0_3.py@0.3,20260812,True,1915ad891f735a7bd682b5da87d9fff61ecad72f17635d3f6270afc26f312685
REF-0346,7,0.875,0.959208,0.865234,0.31625,2,2,2,4,DEVELOPMENT,SYNTHETIC_RESEARCH_FIXTURE,OG-SYNTH-0.3,B1-0.3,build_opus_synthetic_programme_v0_3.py@0.3,20260812,True,26dab4309aae4e40df6b623f0ac3b1b523466d47e8fa554df73db9fef3681af4
REF-0346,8,1.0,0.95115,0.865475,0.20628,9,1,1,1,DEVELOPMENT,SYNTHETIC_RESEARCH_FIXTURE,OG-SYNTH-0.3,B1-0.3,build_opus_synthetic_programme_v0_3.py@0.3,20260812,True,511812d1ea760cc454e1c78c5938db89ecbd37a02fb2576d04ee78e365740fc4
REF-0347,1,0.125,1.010526,0.990766,0.182219,4,2,1,0,DEVELOPMENT,SYNTHETIC_RESEARCH_FIXTURE,OG-SYNTH-0.3,B1-0.3,build_opus_synthetic_programme_v0_3.py@0.3,20260812,True,4e36130452fd122b6cce76635d58f13a53cf7bab013fd78d0c67cdf4ba85cff3
REF-0347,2,0.25,1.017301,0.983032,0.176895,2,1,2,2,DEVELOPMENT,SYNTHETIC_RESEARCH_FIXTURE,OG-SYNTH-0.3,B1-0.3,build_opus_synthetic_programme_v0_3.py@0.3,20260812,True,bd9f5d7253de09e5f57161d2dac35adde1bed60f4a6c12ab34576130dfb9abf0
REF-0347,3,0.375,0.95549,0.948009,0.134691,3,1,1,2,DEVELOPMENT,SYNTHETIC_RESEARCH_FIXTURE,OG-SYNTH-0.3,B1-0.3,build_opus_synthetic_programme_v0_3.py@0.3,20260812,True,14afa876746b03b57727dafa6a77286c0e98c16a8b60efd20ea3f873851e2af4
REF-0347,4,0.5,0.955022,0.957337,0.186112,3,1,1,0,DEVELOPMENT,SYNTHETIC_RESEARCH_FIXTURE,OG-SYNTH-0.3,B1-0.3,build_opus_synthetic_programme_v0_3.py@0.3,20260812,True,6d3ba05526a2ccff714903c37cb4461fe5d16ece5e162901e2e5ef0a6863165f
REF-0347,5,0.625,0.966408,0.971963,0.234589,5,3,1,1,DEVELOPMENT,SYNTHETIC_RESEARCH_FIXTURE,OG-SYNTH-0.3,B1-0.3,build_opus_synthetic_programme_v0_3.py@0.3,20260812,True,9c6870985b5cff8ebfa3bd37053656b36e0b043e706fb587c95944554534dbc7
REF-0347,6,0.75,0.908246,0.981956,0.194498,5,1,2,2,DEVELOPMENT,SYNTHETIC_RESEARCH_FIXTURE,OG-SYNTH-0.3,B1-0.3,build_opus_synthetic_programme_v0_3.py@0.3,20260812,True,ee846b5420cf93372ab7d85f0fd5f5932bfe7f82f5fed455ce6f0fb7870a6df4
REF-0347,7,0.875,0.882502,0.994195,0.236623,6,2,2,2,DEVELOPMENT,SYNTHETIC_RESEARCH_FIXTURE,OG-SYNTH-0.3,B1-0.3,build_opus_synthetic_programme_v0_3.py@0.3,20260812,True,3b28fd62ac6ca9a986970e03c80b56dc8f6c59b3c40f52047c5770455d5a816a
REF-0347,8,1.0,0.884302,0.979161,0.243435,6,3,4,0,DEVELOPMENT,SYNTHETIC_RESEARCH_FIXTURE,OG-SYNTH-0.3,B1-0.3,build_opus_synthetic_programme_v0_3.py@0.3,20260812,True,1173dbbe25af49e85d22057b6198b75cf61482d3ea5d3f15182691376f77089b
REF-0348,1,0.125,0.982852,0.939035,0.188311,1,0,0,0,DEVELOPMENT,SYNTHETIC_RESEARCH_FIXTURE,OG-SYNTH-0.3,B1-0.3,build_opus_synthetic_programme_v0_3.py@0.3,20260812,True,bdb10e222e3e4670ca4bf5a1fd1d933fbd119ecbed0ac245d6fbc53c17bc261f
REF-0348,2,0.25,0.941663,0.916531,0.171658,5,2,1,1,DEVELOPMENT,SYNTHETIC_RESEARCH_FIXTURE,OG-SYNTH-0.3,B1-0.3,build_opus_synthetic_programme_v0_3.py@0.3,20260812,True,51cffb328fd4cc1d67ffc00fb28a11e847872ac4570c05e7128885b480e41ce9
REF-0348,3,0.375,0.957015,0.957507,0.164863,8,2,0,2,DEVELOPMENT,SYNTHETIC_RESEARCH_FIXTURE,OG-SYNTH-0.3,B1-0.3,build_opus_synthetic_programme_v0_3.py@0.3,20260812,True,b3b5cf4fa7cc914635b3cc0c4c07c8a00fd72ab250c2f1c687a7b5ccc196518d
REF-0348,4,0.5,0.909407,0.982881,0.209793,4,4,1,0,DEVELOPMENT,SYNTHETIC_RESEARCH_FIXTURE,OG-SYNTH-0.3,B1-0.3,build_opus_synthetic_programme_v0_3.py@0.3,20260812,True,967551de0caf310760b0f71b2b3beee4f0757fe76d106a7bf8eb860285893cc1
REF-0348,5,0.625,0.885699,0.946674,0.164519,3,0,3,2,DEVELOPMENT,SYNTHETIC_RESEARCH_FIXTURE,OG-SYNTH-0.3,B1-0.3,build_opus_synthetic_programme_v0_3.py@0.3,20260812,True,e7e91e7874db2e1e4ce640a96cfbab6427b15eb4b499e0cf50265a40f0b4c500
REF-0348,6,0.75,0.926017,0.932977,0.222125,4,0,1,3,DEVELOPMENT,SYNTHETIC_RESEARCH_FIXTURE,OG-SYNTH-0.3,B1-0.3,build_opus_synthetic_programme_v0_3.py@0.3,20260812,True,6c6981efae05921ccff97ce08276dcbb2556068093b825c46d97235a431cb59e
REF-0348,7,0.875,0.893202,0.935158,0.220997,2,3,4,0,DEVELOPMENT,SYNTHETIC_RESEARCH_FIXTURE,OG-SYNTH-0.3,B1-0.3,build_opus_synthetic_programme_v0_3.py@0.3,20260812,True,26f6080805cab38e118faa5b832b8701266e951c0af775479fabf417c9f6c96c
REF-0348,8,1.0,0.888981,0.89813,0.224441,3,1,0,3,DEVELOPMENT,SYNTHETIC_RESEARCH_FIXTURE,OG-SYNTH-0.3,B1-0.3,build_opus_synthetic_programme_v0_3.py@0.3,20260812,True,60a4aa30171dfdef370806414eb01c9a5bfb1a3e3e6c19e7d770273c9c52d95e
REF-0349,1,0.125,0.933765,0.991483,0.137709,3,0,3,3,LOCKED_HOLDOUT,SYNTHETIC_RESEARCH_FIXTURE,OG-SYNTH-0.3,B1-0.3,build_opus_synthetic_programme_v0_3.py@0.3,20260812,True,f09b75f40b93386c98a53ff7a75b3336039f47684767259966a13b5633954685
REF-0349,2,0.25,0.97302,1.004618,0.152006,3,0,4,1,LOCKED_HOLDOUT,SYNTHETIC_RESEARCH_FIXTURE,OG-SYNTH-0.3,B1-0.3,build_opus_synthetic_programme_v0_3.py@0.3,20260812,True,7bc0faa4ccbd34e37d53f0b70161bf5535fae0b5ff77d2af9286e1d9a3eda51e
REF-0349,3,0.375,0.961965,0.917209,0.137745,5,0,3,1,LOCKED_HOLDOUT,SYNTHETIC_RESEARCH_FIXTURE,OG-SYNTH-0.3,B1-0.3,build_opus_synthetic_programme_v0_3.py@0.3,20260812,True,7dbcfc9abadfc4c0a69207e39383325b0dafbbfde0df007b44366019abbdc70c
REF-0349,4,0.5,0.907465,0.90898,0.233675,8,4,1,0,LOCKED_HOLDOUT,SYNTHETIC_RESEARCH_FIXTURE,OG-SYNTH-0.3,B1-0.3,build_opus_synthetic_programme_v0_3.py@0.3,20260812,True,bf5dfb9f2d6f83a74a5c6ec71fba72765c3d30b7f61fb28ce26b9e5cd94a8dff
REF-0349,5,0.625,0.945796,0.925079,0.244426,11,4,6,3,LOCKED_HOLDOUT,SYNTHETIC_RESEARCH_FIXTURE,OG-SYNTH-0.3,B1-0.3,build_opus_synthetic_programme_v0_3.py@0.3,20260812,True,1f54b30fd7ec3514b0f57a698139fc8d069caa6bf51ecca995fd9714571019dd
REF-0349,6,0.75,0.895773,0.872608,0.155255,14,0,2,4,LOCKED_HOLDOUT,SYNTHETIC_RESEARCH_FIXTURE,OG-SYNTH-0.3,B1-0.3,build_opus_synthetic_programme_v0_3.py@0.3,20260812,True,46f72315f52183a079154ee6a27586ea98ed9fe1da4799328960cb36d083a8fb
REF-0349,7,0.875,0.884719,0.852612,0.268379,19,1,5,1,LOCKED_HOLDOUT,SYNTHETIC_RESEARCH_FIXTURE,OG-SYNTH-0.3,B1-0.3,build_opus_synthetic_programme_v0_3.py@0.3,20260812,True,f536a81f4038a68a4bb16c3e88023cccd7131ede8776abf9bae31b3eedaf9e86
REF-0349,8,1.0,0.888426,0.860128,0.180375,13,4,4,2,LOCKED_HOLDOUT,SYNTHETIC_RESEARCH_FIXTURE,OG-SYNTH-0.3,B1-0.3,build_opus_synthetic_programme_v0_3.py@0.3,20260812,True,19333fc319f3784268831cba0f4ed7a720edd1e8ecf6ce6702302734f5332484
REF-0350,1,0.125,0.949537,0.986158,0.187591,2,2,2,1,LOCKED_HOLDOUT,SYNTHETIC_RESEARCH_FIXTURE,OG-SYNTH-0.3,B1-0.3,build_opus_synthetic_programme_v0_3.py@0.3,20260812,True,088c5226f8ee34b8f2f644c9757f93d3859d191347d9d81acf37e396efa7c7ea
REF-0350,2,0.25,0.988821,1.002926,0.157446,4,2,4,1,LOCKED_HOLDOUT,SYNTHETIC_RESEARCH_FIXTURE,OG-SYNTH-0.3,B1-0.3,build_opus_synthetic_programme_v0_3.py@0.3,20260812,True,aa6124a504fcce5bc13d8b56905a1a04ccaaf4acf6557639b51ce381901cfd7f
REF-0350,3,0.375,0.901812,0.968773,0.156247,13,3,1,0,LOCKED_HOLDOUT,SYNTHETIC_RESEARCH_FIXTURE,OG-SYNTH-0.3,B1-0.3,build_opus_synthetic_programme_v0_3.py@0.3,20260812,True,859dcdce348b4d7d0e5cb15255e1643025939c71ec5f58b68ddbd1ad4f802e74
REF-0350,4,0.5,0.888671,0.957778,0.218507,9,2,8,2,LOCKED_HOLDOUT,SYNTHETIC_RESEARCH_FIXTURE,OG-SYNTH-0.3,B1-0.3,build_opus_synthetic_programme_v0_3.py@0.3,20260812,True,8ef40678b0f676003cbf8142e9164395ade7d76ef97e8a3945b5117cdf604246
REF-0350,5,0.625,0.789957,0.864045,0.284244,9,5,3,2,LOCKED_HOLDOUT,SYNTHETIC_RESEARCH_FIXTURE,OG-SYNTH-0.3,B1-0.3,build_opus_synthetic_programme_v0_3.py@0.3,20260812,True,2e8ac200015a076b08c68a75a20fe6045b0b9f5be4e3dd8e2a88408db8065a1f
REF-0350,6,0.75,0.801713,0.868809,0.294835,8,1,6,3,LOCKED_HOLDOUT,SYNTHETIC_RESEARCH_FIXTURE,OG-SYNTH-0.3,B1-0.3,build_opus_synthetic_programme_v0_3.py@0.3,20260812,True,c61f60eb193b0da777a9301dc9a7eae8148abf8c8dd6d6cfd6935311d956a040
REF-0350,7,0.875,0.77049,0.870168,0.3295,12,5,3,2,LOCKED_HOLDOUT,SYNTHETIC_RESEARCH_FIXTURE,OG-SYNTH-0.3,B1-0.3,build_opus_synthetic_programme_v0_3.py@0.3,20260812,True,26117113c8dd094b8566f438bc7667a2dd367c909ed2d3f864ccf6297d7ebb90
REF-0350,8,1.0,0.749037,0.867954,0.362432,17,7,6,2,LOCKED_HOLDOUT,SYNTHETIC_RESEARCH_FIXTURE,OG-SYNTH-0.3,B1-0.3,build_opus_synthetic_programme_v0_3.py@0.3,20260812,True,85ef43de78e7918670af2f80fd3e836481adf39bb15bfff694a0654f47801891
REF-0351,1,0.125,1.01338,1.044765,0.145293,4,2,1,3,VALIDATION,SYNTHETIC_RESEARCH_FIXTURE,OG-SYNTH-0.3,B1-0.3,build_opus_synthetic_programme_v0_3.py@0.3,20260812,True,cb59c4dd1acb1d7cf3922e1a41ce3ec4bb5bec81667ed3ce85679b8f5f28f73e
REF-0351,2,0.25,0.936749,0.989037,0.261874,5,3,0,3,VALIDATION,SYNTHETIC_RESEARCH_FIXTURE,OG-SYNTH-0.3,B1-0.3,build_opus_synthetic_programme_v0_3.py@0.3,20260812,True,98f7d9ea77e66c92eae0bc632f60cf7ad9232c9b33c7728f07be6ff4cf3d7ab7
REF-0351,3,0.375,0.886209,0.97291,0.248885,5,3,4,1,VALIDATION,SYNTHETIC_RESEARCH_FIXTURE,OG-SYNTH-0.3,B1-0.3,build_opus_synthetic_programme_v0_3.py@0.3,20260812,True,3e31436a48089945dffbf02bdb910d1d4fac2139f3ffb6558f65d9ca6babe57e
REF-0351,4,0.5,0.879311,0.918017,0.28193,9,2,5,2,VALIDATION,SYNTHETIC_RESEARCH_FIXTURE,OG-SYNTH-0.3,B1-0.3,build_opus_synthetic_programme_v0_3.py@0.3,20260812,True,07edaf59c8e5c1c10bdcca64aaaff7f2831e47975961286b5fbf8dc0cd007f76
REF-0351,5,0.625,0.890348,0.941318,0.267262,16,3,3,1,VALIDATION,SYNTHETIC_RESEARCH_FIXTURE,OG-SYNTH-0.3,B1-0.3,build_opus_synthetic_programme_v0_3.py@0.3,20260812,True,dad81236cbfe9e4d01a090d22725273951fb5566143ca94685be86ea271db4ca
REF-0351,6,0.75,0.85564,0.894809,0.247844,11,2,3,3,VALIDATION,SYNTHETIC_RESEARCH_FIXTURE,OG-SYNTH-0.3,B1-0.3,build_opus_synthetic_programme_v0_3.py@0.3,20260812,True,b3ec56bcd176270c8c12481251b7c5d6f389f7b0d03c89da1cbab6804b192d9a
REF-0351,7,0.875,0.810855,0.887506,0.266213,10,4,4,2,VALIDATION,SYNTHETIC_RESEARCH_FIXTURE,OG-SYNTH-0.3,B1-0.3,build_opus_synthetic_programme_v0_3.py@0.3,20260812,True,650f0c6d32676a09801fb61262478c2c7f68a3e198ddd62f86954b078246d463
REF-0351,8,1.0,0.767948,0.881447,0.364842,20,1,4,1,VALIDATION,SYNTHETIC_RESEARCH_FIXTURE,OG-SYNTH-0.3,B1-0.3,build_opus_synthetic_programme_v0_3.py@0.3,20260812,True,ef66574e8cc4fb185504b2b3ae518d777acb11cec2916c4b72b66289b97b2c57
REF-0352,1,0.125,0.968861,0.927087,0.112712,3,1,2,2,DEVELOPMENT,SYNTHETIC_RESEARCH_FIXTURE,OG-SYNTH-0.3,B1-0.3,build_opus_synthetic_programme_v0_3.py@0.3,20260812,True,8b91c2f8c46daacf1cd6d1d5fae1bf9033f81beaebc08972d50c7c7461772d06
REF-0352,2,0.25,0.897752,0.9517,0.207264,4,0,1,2,DEVELOPMENT,SYNTHETIC_RESEARCH_FIXTURE,OG-SYNTH-0.3,B1-0.3,build_opus_synthetic_programme_v0_3.py@0.3,20260812,True,1e0d9b1d410120c20955f3e3ea96f9fbdbf5705a0713ec36e6e6bfd5087f3e2d
REF-0352,3,0.375,0.831311,0.867345,0.205219,3,0,1,4,DEVELOPMENT,SYNTHETIC_RESEARCH_FIXTURE,OG-SYNTH-0.3,B1-0.3,build_opus_synthetic_programme_v0_3.py@0.3,20260812,True,414d3af6abff3d039645e8ad25b32d52fc1437aee164bc8189d5dacba98f04f7
REF-0352,4,0.5,0.828226,0.884534,0.276632,8,5,3,1,DEVELOPMENT,SYNTHETIC_RESEARCH_FIXTURE,OG-SYNTH-0.3,B1-0.3,build_opus_synthetic_programme_v0_3.py@0.3,20260812,True,562baca1d7ffc6154a13d8100d2e2477fa598a33395c190a68d17e5c431d6c83
REF-0352,5,0.625,0.805911,0.792189,0.331054,13,4,6,0,DEVELOPMENT,SYNTHETIC_RESEARCH_FIXTURE,OG-SYNTH-0.3,B1-0.3,build_opus_synthetic_programme_v0_3.py@0.3,20260812,True,eaa9230d98440dfe44211f70942a22b536878af2401f64abd9fb2c5a33beaa54
REF-0352,6,0.75,0.73008,0.746778,0.359267,8,1,5,2,DEVELOPMENT,SYNTHETIC_RESEARCH_FIXTURE,OG-SYNTH-0.3,B1-0.3,build_opus_synthetic_programme_v0_3.py@0.3,20260812,True,61fe5a3bd1af8712c9d8e16edee769018400d3a54d870236baf6a56e6513b784
REF-0352,7,0.875,0.769974,0.79493,0.360924,16,7,1,4,DEVELOPMENT,SYNTHETIC_RESEARCH_FIXTURE,OG-SYNTH-0.3,B1-0.3,build_opus_synthetic_programme_v0_3.py@0.3,20260812,True,3413c1974fc78ddca2216e1253a7cd21ec9bd0af04d338ab9e7dd4a22da775a1
REF-0352,8,1.0,0.676026,0.659008,0.43469,14,2,6,3,DEVELOPMENT,SYNTHETIC_RESEARCH_FIXTURE,OG-SYNTH-0.3,B1-0.3,build_opus_synthetic_programme_v0_3.py@0.3,20260812,True,f4e479255ac42150c19d6fb32d20251fe54153878fdfdf961b2fa221f741bf87
REF-0353,1,0.125,0.974023,0.998511,0.194065,6,1,0,2,DEVELOPMENT,SYNTHETIC_RESEARCH_FIXTURE,OG-SYNTH-0.3,B1-0.3,build_opus_synthetic_programme_v0_3.py@0.3,20260812,True,74326492ad8eac023a73b98b72dcf8ff04f6efe8cf345ec843fd02fe480d2b2d
REF-0353,2,0.25,0.967976,0.906353,0.193243,1,1,1,1,DEVELOPMENT,SYNTHETIC_RESEARCH_FIXTURE,OG-SYNTH-0.3,B1-0.3,build_opus_synthetic_programme_v0_3.py@0.3,20260812,True,296fbb5344833e82fc25184e05464e4fa9a9d83c710579e07a67e4a2d220a341
REF-0353,3,0.375,0.935647,0.910708,0.271171,8,0,1,2,DEVELOPMENT,SYNTHETIC_RESEARCH_FIXTURE,OG-SYNTH-0.3,B1-0.3,build_opus_synthetic_programme_v0_3.py@0.3,20260812,True,ea1edc4eba7ebd739a3ae49a04a71ba72312c685554cff64138cb12ffb381085
REF-0353,4,0.5,0.829626,0.87191,0.257548,7,4,3,1,DEVELOPMENT,SYNTHETIC_RESEARCH_FIXTURE,OG-SYNTH-0.3,B1-0.3,build_opus_synthetic_programme_v0_3.py@0.3,20260812,True,b7ee80dd14e1e142e75a668804d60aee9f7d6accee344661dd9b598cdbd7278e
REF-0353,5,0.625,0.803233,0.833206,0.248959,3,3,4,0,DEVELOPMENT,SYNTHETIC_RESEARCH_FIXTURE,OG-SYNTH-0.3,B1-0.3,build_opus_synthetic_programme_v0_3.py@0.3,20260812,True,0a28761a83ed21cdc89f1cff4931e27b72c315638dd098746a02ff39bf814559
REF-0353,6,0.75,0.759213,0.766468,0.310849,12,6,3,1,DEVELOPMENT,SYNTHETIC_RESEARCH_FIXTURE,OG-SYNTH-0.3,B1-0.3,build_opus_synthetic_programme_v0_3.py@0.3,20260812,True,5f91728cb522f900fdab5748947c464a4756919273713b9161999b1f56477204
REF-0353,7,0.875,0.764748,0.766902,0.380172,10,3,1,5,DEVELOPMENT,SYNTHETIC_RESEARCH_FIXTURE,OG-SYNTH-0.3,B1-0.3,build_opus_synthetic_programme_v0_3.py@0.3,20260812,True,12d76acf42038b44900b4d390bf987c66673215bce564dc54697fd473a7911d4
REF-0353,8,1.0,0.746059,0.700694,0.408984,13,3,1,1,DEVELOPMENT,SYNTHETIC_RESEARCH_FIXTURE,OG-SYNTH-0.3,B1-0.3,build_opus_synthetic_programme_v0_3.py@0.3,20260812,True,7aae861f0879963a71dbdfcbf22c21088b8e17ec103e6c440cf422352a00a5fe
REF-0354,1,0.125,0.989378,0.980008,0.158854,5,1,2,1,DEVELOPMENT,SYNTHETIC_RESEARCH_FIXTURE,OG-SYNTH-0.3,B1-0.3,build_opus_synthetic_programme_v0_3.py@0.3,20260812,True,a8235fa86ead333b400f1f23a78e193bdd7f943866f3bcea1b430ddc4be2c4f8
REF-0354,2,0.25,0.926957,0.930618,0.142422,2,2,2,1,DEVELOPMENT,SYNTHETIC_RESEARCH_FIXTURE,OG-SYNTH-0.3,B1-0.3,build_opus_synthetic_programme_v0_3.py@0.3,20260812,True,4097623fd87df6bcbef14d8c8aeba5416b4ded1e76f9458b2c7855fa6a7fb5c2
REF-0354,3,0.375,0.918539,1.000298,0.117523,4,2,1,3,DEVELOPMENT,SYNTHETIC_RESEARCH_FIXTURE,OG-SYNTH-0.3,B1-0.3,build_opus_synthetic_programme_v0_3.py@0.3,20260812,True,f6568eac9f306164754f7c693b1a95b511475aade1202409dce93c133b53bd38
REF-0354,4,0.5,0.913088,0.929193,0.184915,5,3,2,1,DEVELOPMENT,SYNTHETIC_RESEARCH_FIXTURE,OG-SYNTH-0.3,B1-0.3,build_opus_synthetic_programme_v0_3.py@0.3,20260812,True,e6e2560ea57711fa741573fca012e58f4283040ddc926fb582adff1025679500
REF-0354,5,0.625,0.981871,0.922103,0.164005,7,2,4,4,DEVELOPMENT,SYNTHETIC_RESEARCH_FIXTURE,OG-SYNTH-0.3,B1-0.3,build_opus_synthetic_programme_v0_3.py@0.3,20260812,True,c75e83185d41eee615ea510f83432fe555644d79dc6e501e77cdb2f530246e13
REF-0354,6,0.75,0.929954,0.907176,0.276045,6,2,0,5,DEVELOPMENT,SYNTHETIC_RESEARCH_FIXTURE,OG-SYNTH-0.3,B1-0.3,build_opus_synthetic_programme_v0_3.py@0.3,20260812,True,894cd773899b0069d0b538c9ba4578ee8797a233e03a16bf153e8cea4579b6df
REF-0354,7,0.875,0.890308,0.912847,0.209764,4,3,7,5,DEVELOPMENT,SYNTHETIC_RESEARCH_FIXTURE,OG-SYNTH-0.3,B1-0.3,build_opus_synthetic_programme_v0_3.py@0.3,20260812,True,a838bb76a1b6f43e2bbba2f1d15767078f81606fa63ac7b05df0061e299480ff
REF-0354,8,1.0,0.897418,0.891586,0.253962,10,1,4,5,DEVELOPMENT,SYNTHETIC_RESEARCH_FIXTURE,OG-SYNTH-0.3,B1-0.3,build_opus_synthetic_programme_v0_3.py@0.3,20260812,True,e8a80bbdca597bebc6bd204d96ca8f3cf169ccc04135870833279d60913db504
REF-0355,1,0.125,0.967413,0.960531,0.061722,2,2,0,0,DEVELOPMENT,SYNTHETIC_RESEARCH_FIXTURE,OG-SYNTH-0.3,B1-0.3,build_opus_synthetic_programme_v0_3.py@0.3,20260812,True,7b5853ddf79143b912e0a11e67971ebbfc7da49d19c03c1e5d6e885ed981bc14
REF-0355,2,0.25,0.969462,0.997608,0.19382,5,1,1,0,DEVELOPMENT,SYNTHETIC_RESEARCH_FIXTURE,OG-SYNTH-0.3,B1-0.3,build_opus_synthetic_programme_v0_3.py@0.3,20260812,True,db2185dcbf4e2cf43bdeaa6d2af7e9bdc00e0540460b452cd5bf1d3f6bc2635f
REF-0355,3,0.375,0.919906,0.957973,0.252989,3,0,1,0,DEVELOPMENT,SYNTHETIC_RESEARCH_FIXTURE,OG-SYNTH-0.3,B1-0.3,build_opus_synthetic_programme_v0_3.py@0.3,20260812,True,0c62e949a66320e3bf6ac8037188db4188087623761df0896fd57ab60b069ffc
REF-0355,4,0.5,0.88623,1.02694,0.229203,9,2,1,1,DEVELOPMENT,SYNTHETIC_RESEARCH_FIXTURE,OG-SYNTH-0.3,B1-0.3,build_opus_synthetic_programme_v0_3.py@0.3,20260812,True,0dc8cabb92578c6f1c5c2c8487c19d8741428aa4a133c57d7361a3ebb3e410b2
REF-0355,5,0.625,0.900535,0.98907,0.15009,2,2,0,3,DEVELOPMENT,SYNTHETIC_RESEARCH_FIXTURE,OG-SYNTH-0.3,B1-0.3,build_opus_synthetic_programme_v0_3.py@0.3,20260812,True,bdcb159a123cf18daacd91513760c77bffc7aff19b739eda8252b376a9cdd714
REF-0355,6,0.75,0.885439,1.00027,0.212038,6,1,2,0,DEVELOPMENT,SYNTHETIC_RESEARCH_FIXTURE,OG-SYNTH-0.3,B1-0.3,build_opus_synthetic_programme_v0_3.py@0.3,20260812,True,aeb955da35c98686765057ad7c2aac0f571c9faf0f8c52dca471319578efd456
REF-0355,7,0.875,0.883674,0.961858,0.182454,7,4,2,1,DEVELOPMENT,SYNTHETIC_RESEARCH_FIXTURE,OG-SYNTH-0.3,B1-0.3,build_opus_synthetic_programme_v0_3.py@0.3,20260812,True,141cb01650e867a8c0efd9b8906d149e53fa3ded19d7a5d3c057e8c208a6a052
REF-0355,8,1.0,0.79968,0.981101,0.25885,10,2,2,3,DEVELOPMENT,SYNTHETIC_RESEARCH_FIXTURE,OG-SYNTH-0.3,B1-0.3,build_opus_synthetic_programme_v0_3.py@0.3,20260812,True,bedf6a841d1ba3dd025baaa3274f6445824a1fff6a39124215a32d9c8538a628
REF-0356,1,0.125,0.991939,0.986382,0.177157,5,0,0,1,DEVELOPMENT,SYNTHETIC_RESEARCH_FIXTURE,OG-SYNTH-0.3,B1-0.3,build_opus_synthetic_programme_v0_3.py@0.3,20260812,True,f3c0261d4c5ce1ed0a12a0b9e9d5ddb27ff1ea643d1081667deceeb9b04b78c9
REF-0356,2,0.25,1.002373,0.993313,0.204382,6,2,0,3,DEVELOPMENT,SYNTHETIC_RESEARCH_FIXTURE,OG-SYNTH-0.3,B1-0.3,build_opus_synthetic_programme_v0_3.py@0.3,20260812,True,cc50a0b927387eb5c490e2d5df11cd88b4cb3b075900f99315e99010ca96b388
REF-0356,3,0.375,0.967833,0.950307,0.215468,5,0,0,0,DEVELOPMENT,SYNTHETIC_RESEARCH_FIXTURE,OG-SYNTH-0.3,B1-0.3,build_opus_synthetic_programme_v0_3.py@0.3,20260812,True,74243155629d35f7071a3ba870494aefbb97b634e665c16659d3a84a6158b12c
REF-0356,4,0.5,1.05067,0.96624,0.171922,4,1,4,1,DEVELOPMENT,SYNTHETIC_RESEARCH_FIXTURE,OG-SYNTH-0.3,B1-0.3,build_opus_synthetic_programme_v0_3.py@0.3,20260812,True,0790cdcad4012c77a2f5b91acc59058060de0ecedb28d550adc5c61efe9a407b
REF-0356,5,0.625,1.026236,0.901987,0.139371,4,1,1,1,DEVELOPMENT,SYNTHETIC_RESEARCH_FIXTURE,OG-SYNTH-0.3,B1-0.3,build_opus_synthetic_programme_v0_3.py@0.3,20260812,True,49cb15d15788c36094cf86b5c5ea7859676026ae0ad4ab4ccb18b4ca42323960
REF-0356,6,0.75,1.015632,0.917455,0.217101,6,1,4,2,DEVELOPMENT,SYNTHETIC_RESEARCH_FIXTURE,OG-SYNTH-0.3,B1-0.3,build_opus_synthetic_programme_v0_3.py@0.3,20260812,True,3a900cb757853e1744fcdefe6e0e6a02b846b5a0b4ab2cd9aab302da1fe5e8b5
REF-0356,7,0.875,1.054985,0.88997,0.160906,8,2,2,1,DEVELOPMENT,SYNTHETIC_RESEARCH_FIXTURE,OG-SYNTH-0.3,B1-0.3,build_opus_synthetic_programme_v0_3.py@0.3,20260812,True,59b6ca22ad5767849c7dd043822a465096c1e4015de9bbeab8b3578cd6fb559d
REF-0356,8,1.0,1.033741,0.868579,0.214274,8,3,5,0,DEVELOPMENT,SYNTHETIC_RESEARCH_FIXTURE,OG-SYNTH-0.3,B1-0.3,build_opus_synthetic_programme_v0_3.py@0.3,20260812,True,9c0a6f7d0404a15d69c7695a081da2c58b88b42b9a31e16315783c680adf26a6
REF-0357,1,0.125,0.959136,1.053976,0.143868,1,1,1,1,DEVELOPMENT,SYNTHETIC_RESEARCH_FIXTURE,OG-SYNTH-0.3,B1-0.3,build_opus_synthetic_programme_v0_3.py@0.3,20260812,True,a67471f56228cc8590a6f68aad60a7b63ef66fb2c730d171784806353adbe936
REF-0357,2,0.25,0.966703,0.94841,0.176415,4,0,0,0,DEVELOPMENT,SYNTHETIC_RESEARCH_FIXTURE,OG-SYNTH-0.3,B1-0.3,build_opus_synthetic_programme_v0_3.py@0.3,20260812,True,8744593d307eef8093444a31716d4cd12057f46985adb29b1e006c1569c59b6f
REF-0357,3,0.375,0.943886,0.974979,0.124749,12,0,0,0,DEVELOPMENT,SYNTHETIC_RESEARCH_FIXTURE,OG-SYNTH-0.3,B1-0.3,build_opus_synthetic_programme_v0_3.py@0.3,20260812,True,92e0aaf4edb526d885637a3dcb7cc66aac576593671e974f32faf631e1ec02aa
REF-0357,4,0.5,0.938179,0.921639,0.192679,11,2,3,0,DEVELOPMENT,SYNTHETIC_RESEARCH_FIXTURE,OG-SYNTH-0.3,B1-0.3,build_opus_synthetic_programme_v0_3.py@0.3,20260812,True,5389dc72c21e46a53e4e57142365ade562e26d78edec0df18e4d31381a83ed03
REF-0357,5,0.625,0.891194,0.928824,0.269252,13,2,3,0,DEVELOPMENT,SYNTHETIC_RESEARCH_FIXTURE,OG-SYNTH-0.3,B1-0.3,build_opus_synthetic_programme_v0_3.py@0.3,20260812,True,9e75c76570d2e18392288afc0fd298e9ea5225ae23c318282058cef2ea9e9e07
REF-0357,6,0.75,0.891002,0.935863,0.246675,17,5,6,1,DEVELOPMENT,SYNTHETIC_RESEARCH_FIXTURE,OG-SYNTH-0.3,B1-0.3,build_opus_synthetic_programme_v0_3.py@0.3,20260812,True,6d64f332f401a237aab8dad138f8db9a10f57de0b403a6c6261fb1029a5c6373
REF-0357,7,0.875,0.840615,0.893349,0.184867,16,4,2,1,DEVELOPMENT,SYNTHETIC_RESEARCH_FIXTURE,OG-SYNTH-0.3,B1-0.3,build_opus_synthetic_programme_v0_3.py@0.3,20260812,True,58bdcf826f5eef4d2c2c541ac861a0da48e6d98399ddc197e52c48075820868b
REF-0357,8,1.0,0.838222,0.861534,0.180747,20,2,5,4,DEVELOPMENT,SYNTHETIC_RESEARCH_FIXTURE,OG-SYNTH-0.3,B1-0.3,build_opus_synthetic_programme_v0_3.py@0.3,20260812,True,b667c221632f6811414cb8c33faf7d8e82ca842d40aef824e802f9feae056979
REF-0358,1,0.125,0.999585,1.034261,0.115413,5,0,1,5,VALIDATION,SYNTHETIC_RESEARCH_FIXTURE,OG-SYNTH-0.3,B1-0.3,build_opus_synthetic_programme_v0_3.py@0.3,20260812,True,8a959366aaa38d55043fd4b66564c870e3f5066a89664d11b152557a29c5c7ac
REF-0358,2,0.25,1.007598,1.013357,0.162609,0,0,1,1,VALIDATION,SYNTHETIC_RESEARCH_FIXTURE,OG-SYNTH-0.3,B1-0.3,build_opus_synthetic_programme_v0_3.py@0.3,20260812,True,09d3d30ed0ddc6eca4abc3a87223deb60e73e708d0044b8715291c1cdef57abf
REF-0358,3,0.375,0.95897,0.937826,0.203976,3,0,0,2,VALIDATION,SYNTHETIC_RESEARCH_FIXTURE,OG-SYNTH-0.3,B1-0.3,build_opus_synthetic_programme_v0_3.py@0.3,20260812,True,a13cfe4d2448259d3d572fb3c2125021c9c4432f27f42037b873e835a142bf1b
REF-0358,4,0.5,1.015353,0.920499,0.234331,1,1,1,0,VALIDATION,SYNTHETIC_RESEARCH_FIXTURE,OG-SYNTH-0.3,B1-0.3,build_opus_synthetic_programme_v0_3.py@0.3,20260812,True,bf0e9e9b08968aef4134837f0126ec602a2bd9526895214e7a2ae596c6e3a986
REF-0358,5,0.625,0.984281,0.911925,0.204119,3,1,1,2,VALIDATION,SYNTHETIC_RESEARCH_FIXTURE,OG-SYNTH-0.3,B1-0.3,build_opus_synthetic_programme_v0_3.py@0.3,20260812,True,7a6f68827fd2520af640ca788c00e932c3950cd33c74ccbaeeaaf5bb74c041d0
REF-0358,6,0.75,0.954751,0.896449,0.145302,4,1,3,2,VALIDATION,SYNTHETIC_RESEARCH_FIXTURE,OG-SYNTH-0.3,B1-0.3,build_opus_synthetic_programme_v0_3.py@0.3,20260812,True,cf7c1fdebd4aedea56feb9214ead8c5872cdd050df9850c603ff5b0e0f1c8fc6
REF-0358,7,0.875,0.939761,0.903119,0.246207,5,3,1,1,VALIDATION,SYNTHETIC_RESEARCH_FIXTURE,OG-SYNTH-0.3,B1-0.3,build_opus_synthetic_programme_v0_3.py@0.3,20260812,True,c83f2b31fb5d283fcb7ed47fef915457450f4f2c323808c4358b750b6c34a8a3
REF-0358,8,1.0,0.982992,0.906327,0.189691,6,2,0,1,VALIDATION,SYNTHETIC_RESEARCH_FIXTURE,OG-SYNTH-0.3,B1-0.3,build_opus_synthetic_programme_v0_3.py@0.3,20260812,True,f165fc8f3f67b3c19a8cdecf1832758d51ab8ee4e12b672655a1cf00dde2483f
REF-0359,1,0.125,0.96187,1.030619,0.073857,3,1,1,2,LOCKED_HOLDOUT,SYNTHETIC_RESEARCH_FIXTURE,OG-SYNTH-0.3,B1-0.3,build_opus_synthetic_programme_v0_3.py@0.3,20260812,True,de194f826cd68a97a93397a310968f3345d6dd20e2979e685cf13784942f9e90
REF-0359,2,0.25,0.942581,0.94182,0.162166,6,1,3,3,LOCKED_HOLDOUT,SYNTHETIC_RESEARCH_FIXTURE,OG-SYNTH-0.3,B1-0.3,build_opus_synthetic_programme_v0_3.py@0.3,20260812,True,5448a8d5f1946ceb53823598feef684a2868accab22b37a789d6470c5a1213c0
REF-0359,3,0.375,0.926582,0.936834,0.234871,13,1,3,0,LOCKED_HOLDOUT,SYNTHETIC_RESEARCH_FIXTURE,OG-SYNTH-0.3,B1-0.3,build_opus_synthetic_programme_v0_3.py@0.3,20260812,True,835d0b543587967ade26b485a44678ebb7440e6d2d0a4cfbdde81165ce793bfe
REF-0359,4,0.5,0.893783,0.913749,0.140327,13,1,3,1,LOCKED_HOLDOUT,SYNTHETIC_RESEARCH_FIXTURE,OG-SYNTH-0.3,B1-0.3,build_opus_synthetic_programme_v0_3.py@0.3,20260812,True,da4d2d884ed154f0dda1d2044576d39b9d5f428db20f9aad508a162bf71cbb7f
REF-0359,5,0.625,0.90752,0.88752,0.189305,17,5,3,1,LOCKED_HOLDOUT,SYNTHETIC_RESEARCH_FIXTURE,OG-SYNTH-0.3,B1-0.3,build_opus_synthetic_programme_v0_3.py@0.3,20260812,True,b546f93cd444f15397c859d6f9cddc497397230c263c7f6565bce67691e2abc4
REF-0359,6,0.75,0.889962,0.857589,0.246829,6,2,3,1,LOCKED_HOLDOUT,SYNTHETIC_RESEARCH_FIXTURE,OG-SYNTH-0.3,B1-0.3,build_opus_synthetic_programme_v0_3.py@0.3,20260812,True,c1a00718c1ea5a07542ade059256316c765ff709163295e81ee44735d2847603
REF-0359,7,0.875,0.869188,0.93668,0.194886,16,3,7,3,LOCKED_HOLDOUT,SYNTHETIC_RESEARCH_FIXTURE,OG-SYNTH-0.3,B1-0.3,build_opus_synthetic_programme_v0_3.py@0.3,20260812,True,4dd1495e59becbf03a7ac2b9d84d57e8017735e4e469878ac57ec52fcf4e636b
REF-0359,8,1.0,0.808127,0.838404,0.274893,18,1,1,2,LOCKED_HOLDOUT,SYNTHETIC_RESEARCH_FIXTURE,OG-SYNTH-0.3,B1-0.3,build_opus_synthetic_programme_v0_3.py@0.3,20260812,True,a443e284e101024f881f3442065e533dd8183852e0d91e529b635200b2f614fc
REF-0360,1,0.125,0.94664,0.927136,0.143264,8,2,1,1,DEVELOPMENT,SYNTHETIC_RESEARCH_FIXTURE,OG-SYNTH-0.3,B1-0.3,build_opus_synthetic_programme_v0_3.py@0.3,20260812,True,56284205d6f932304c9490e16a8c0dfa1a2c65a4cad18fe58cedb55a70890e6f
REF-0360,2,0.25,0.984023,0.966437,0.205209,10,1,3,2,DEVELOPMENT,SYNTHETIC_RESEARCH_FIXTURE,OG-SYNTH-0.3,B1-0.3,build_opus_synthetic_programme_v0_3.py@0.3,20260812,True,6684bf9427e66ce4f531fed02b7c04294efa55833a77a621b4bc6b4655c60589
REF-0360,3,0.375,0.94394,0.95383,0.184021,6,3,2,0,DEVELOPMENT,SYNTHETIC_RESEARCH_FIXTURE,OG-SYNTH-0.3,B1-0.3,build_opus_synthetic_programme_v0_3.py@0.3,20260812,True,db2a3e24729a411a31ac3f88f52a637d2430b48338a4f8842dcecd784ba4a831
REF-0360,4,0.5,0.909291,0.923941,0.217786,1,2,2,4,DEVELOPMENT,SYNTHETIC_RESEARCH_FIXTURE,OG-SYNTH-0.3,B1-0.3,build_opus_synthetic_programme_v0_3.py@0.3,20260812,True,3ff6adc4473e697c603c6de20f8ab831a76b3974631817179c3e5e18d4aeb1f5
REF-0360,5,0.625,0.923689,0.90456,0.257457,6,3,1,2,DEVELOPMENT,SYNTHETIC_RESEARCH_FIXTURE,OG-SYNTH-0.3,B1-0.3,build_opus_synthetic_programme_v0_3.py@0.3,20260812,True,0550de215e5a65e54f81bca3bed23f2573ef18136ba4476a13e058c1a44da0ec
REF-0360,6,0.75,0.925324,0.864581,0.159886,4,3,1,1,DEVELOPMENT,SYNTHETIC_RESEARCH_FIXTURE,OG-SYNTH-0.3,B1-0.3,build_opus_synthetic_programme_v0_3.py@0.3,20260812,True,ae5dd524b2835ebc7291a7059d4f37c59bec392762a77ece8a9755884c680cf6
REF-0360,7,0.875,0.889022,0.841918,0.215005,7,3,1,3,DEVELOPMENT,SYNTHETIC_RESEARCH_FIXTURE,OG-SYNTH-0.3,B1-0.3,build_opus_synthetic_programme_v0_3.py@0.3,20260812,True,e066a42988ec32de4a2df84c04e7d7587f9932483e4af88c26ccab27e903d296
REF-0360,8,1.0,0.879652,0.870658,0.14927,6,1,1,2,DEVELOPMENT,SYNTHETIC_RESEARCH_FIXTURE,OG-SYNTH-0.3,B1-0.3,build_opus_synthetic_programme_v0_3.py@0.3,20260812,True,7a34560776c5b9c5f1ef7a965c76e27c2c9979c7e21b3198baf657b52c5c4aa5
