reference_project_id,project_type,delivery_method,region,gross_area_m2,length_km,capacity_units,floors,complexity_index,design_completeness,location_factor,baseline_cost_usd,final_cost_usd,baseline_duration_days,final_duration_days,cost_overrun_pct,schedule_overrun_pct,outcome_class,known_anomaly_label,split,data_origin,programme_version,package_version,generator_version,random_seed,not_for_empirical_validation,record_hash
REF-0001,AIRPORT_TERMINAL,DESIGN_BID_BUILD,US-NORTHEAST,64223.272,0.0,89.45,2,0.416027,0.754427,1.18,220671195.49,269521859.71,618,744.019,0.221373,0.203914,RED,False,VALIDATION,SYNTHETIC_RESEARCH_FIXTURE,OG-SYNTH-0.3,B1-0.3,build_opus_synthetic_programme_v0_3.py@0.3,20260812,True,e9329f3e2171aa5b6cf4e981893728841977642bf7f914c2f599c57b7659d65d
REF-0002,HIGHWAY_CORRIDOR,DESIGN_BID_BUILD,US-NORTHEAST,19949.337,18.723,46.952,6,0.48043,0.652273,1.18,195656317.53,247710186.22,536,623.235,0.266047,0.162751,RED,False,VALIDATION,SYNTHETIC_RESEARCH_FIXTURE,OG-SYNTH-0.3,B1-0.3,build_opus_synthetic_programme_v0_3.py@0.3,20260812,True,187322c24ac55712f3b4fd3b514acf8a8ae1ea0fd70b485f4dc89639ba29b537
REF-0003,VERTICAL_HOSPITAL,DESIGN_BID_BUILD,US-NORTHEAST,44906.862,1.587,116.6,11,0.411374,0.951176,1.18,248710215.14,273469374.73,631,750.956,0.09955,0.190104,AMBER,False,DEVELOPMENT,SYNTHETIC_RESEARCH_FIXTURE,OG-SYNTH-0.3,B1-0.3,build_opus_synthetic_programme_v0_3.py@0.3,20260812,True,f13ef0aeb7ceb49caaa64e3a0787277465cb7755b5d05580a3d1a92cf2cba706
REF-0004,WATER_TREATMENT,DESIGN_BID_BUILD,US-NORTHEAST,24925.698,1.487,122.879,6,0.321805,0.668265,1.18,159804928.27,184665577.02,473,550.347,0.155569,0.163525,AMBER,False,DEVELOPMENT,SYNTHETIC_RESEARCH_FIXTURE,OG-SYNTH-0.3,B1-0.3,build_opus_synthetic_programme_v0_3.py@0.3,20260812,True,3dc5ed7b78ca17183e03f757e1ce5418f5ec18d38962a86b9a0af774f1a790a0
REF-0005,RAIL_STATION,DESIGN_BID_BUILD,US-NORTHEAST,16234.638,20.432,35.071,6,0.575846,0.91787,1.18,228158119.45,254159770.27,565,645.224,0.113963,0.141989,AMBER,False,VALIDATION,SYNTHETIC_RESEARCH_FIXTURE,OG-SYNTH-0.3,B1-0.3,build_opus_synthetic_programme_v0_3.py@0.3,20260812,True,99f7c584d7d7b3f4799b39662fe435d1d0fd6c8559565f3436dedd081dc1db7e
REF-0006,DATA_CENTER,DESIGN_BID_BUILD,US-NORTHEAST,44556.752,0.0,151.955,6,0.443134,0.951609,1.18,191884929.22,204728503.89,591,626.576,0.066934,0.060196,GREEN,False,VALIDATION,SYNTHETIC_RESEARCH_FIXTURE,OG-SYNTH-0.3,B1-0.3,build_opus_synthetic_programme_v0_3.py@0.3,20260812,True,92079628d6318c8ba6f41f72b954869f1905ff145205728c26c0037ba6a2337e
REF-0007,AIRPORT_TERMINAL,DESIGN_BUILD,US-NORTHEAST,18352.979,0.0,86.654,6,0.671891,0.91179,1.18,195491567.74,227901902.59,505,634.881,0.165789,0.25719,RED,False,DEVELOPMENT,SYNTHETIC_RESEARCH_FIXTURE,OG-SYNTH-0.3,B1-0.3,build_opus_synthetic_programme_v0_3.py@0.3,20260812,True,13db08eb3a84779ff9a1f01699b21447a28fbcf0c9b67691581c63d9a8050a0f
REF-0008,HIGHWAY_CORRIDOR,DESIGN_BUILD,US-NORTHEAST,8187.743,13.496,52.752,4,0.302203,0.398651,1.18,125525059.63,181297261.24,522,751.501,0.444311,0.439657,RED,True,DEVELOPMENT,SYNTHETIC_RESEARCH_FIXTURE,OG-SYNTH-0.3,B1-0.3,build_opus_synthetic_programme_v0_3.py@0.3,20260812,True,b342314d54bc6ab54c59479e664a6f9a0d8849bd72ce6da7f018907ad35ebd7b
REF-0009,VERTICAL_HOSPITAL,DESIGN_BUILD,US-NORTHEAST,49255.337,0.278,47.974,10,0.844661,0.35,1.18,264287739.0,347436203.81,662,848.442,0.314613,0.281635,RED,False,DEVELOPMENT,SYNTHETIC_RESEARCH_FIXTURE,OG-SYNTH-0.3,B1-0.3,build_opus_synthetic_programme_v0_3.py@0.3,20260812,True,27615664b2e12ddb38734a3bd9a47da17d95ef9e975c0314f8dd14caad921f8e
REF-0010,WATER_TREATMENT,DESIGN_BUILD,US-NORTHEAST,4698.112,8.602,124.82,3,0.747359,0.988626,1.18,170619770.5,185164565.55,457,532.627,0.085247,0.165486,AMBER,False,DEVELOPMENT,SYNTHETIC_RESEARCH_FIXTURE,OG-SYNTH-0.3,B1-0.3,build_opus_synthetic_programme_v0_3.py@0.3,20260812,True,a8470a24d6c953de623ae09a0a299355b3a5bf3f600fec5400c461b3c51791b7
REF-0011,RAIL_STATION,DESIGN_BUILD,US-NORTHEAST,17940.878,14.216,64.873,3,0.572476,0.840683,1.18,194347168.28,223788342.77,518,512.932,0.151488,-0.009784,AMBER,False,DEVELOPMENT,SYNTHETIC_RESEARCH_FIXTURE,OG-SYNTH-0.3,B1-0.3,build_opus_synthetic_programme_v0_3.py@0.3,20260812,True,8d4273f7f7d65486fe87779c8e9b1431ba502c5e4aa7c5c8e1909d8ed40d917b
REF-0012,DATA_CENTER,DESIGN_BUILD,US-NORTHEAST,52134.234,0.0,117.521,2,0.349732,0.35,1.18,161225878.51,200357361.68,549,629.713,0.242712,0.147019,RED,False,LOCKED_HOLDOUT,SYNTHETIC_RESEARCH_FIXTURE,OG-SYNTH-0.3,B1-0.3,build_opus_synthetic_programme_v0_3.py@0.3,20260812,True,419d6bbe4791335c0389985bbfc8bef83df9788b1ce73feb3605e0fb28c79a9f
REF-0013,AIRPORT_TERMINAL,CMAR,US-NORTHEAST,61852.178,0.0,19.988,3,0.269658,0.499466,1.18,189208052.28,233819243.12,551,629.26,0.235779,0.142032,RED,False,LOCKED_HOLDOUT,SYNTHETIC_RESEARCH_FIXTURE,OG-SYNTH-0.3,B1-0.3,build_opus_synthetic_programme_v0_3.py@0.3,20260812,True,ec23d45efa1e48fbe65b8bf5d21a0c76cc27e27dc703a35d734118a6778d2703
REF-0014,HIGHWAY_CORRIDOR,CMAR,US-NORTHEAST,10078.128,23.574,81.606,1,0.568899,0.371825,1.18,192050394.03,238226786.17,510,583.13,0.240439,0.143393,RED,False,DEVELOPMENT,SYNTHETIC_RESEARCH_FIXTURE,OG-SYNTH-0.3,B1-0.3,build_opus_synthetic_programme_v0_3.py@0.3,20260812,True,b6b819945459105d970b24497e0a5b1ad89decee7265e247fdcc88fc6b99bf45
REF-0015,VERTICAL_HOSPITAL,CMAR,US-NORTHEAST,28607.542,7.826,75.371,8,0.740407,0.821206,1.18,260563763.04,308901464.16,595,687.018,0.185512,0.154652,AMBER,False,DEVELOPMENT,SYNTHETIC_RESEARCH_FIXTURE,OG-SYNTH-0.3,B1-0.3,build_opus_synthetic_programme_v0_3.py@0.3,20260812,True,e4d8bca0aa518b08639f5425ea65e5a982fc211254066e4c30f1e17815db5e4a
REF-0016,WATER_TREATMENT,CMAR,US-NORTHEAST,0.0,0.691,105.535,1,0.934291,0.921696,1.18,162891787.48,184694968.39,387,517.898,0.133851,0.338238,RED,False,VALIDATION,SYNTHETIC_RESEARCH_FIXTURE,OG-SYNTH-0.3,B1-0.3,build_opus_synthetic_programme_v0_3.py@0.3,20260812,True,2beb850798d1a03d479baa82b23fd7ea7cb3f408e2f0c166354a5ba2cb70a068
REF-0017,RAIL_STATION,CMAR,US-NORTHEAST,16671.7,20.746,62.104,4,0.295602,0.35,1.18,212761105.24,310331357.09,621,942.014,0.458591,0.516931,RED,True,DEVELOPMENT,SYNTHETIC_RESEARCH_FIXTURE,OG-SYNTH-0.3,B1-0.3,build_opus_synthetic_programme_v0_3.py@0.3,20260812,True,f41a6e25d40fc706969909dc76333f412227010f6ea4f50ad0eb832ab73af65e
REF-0018,DATA_CENTER,CMAR,US-NORTHEAST,38913.166,7.016,146.283,1,0.690246,0.556839,1.18,207578466.99,219096704.98,639,708.825,0.055489,0.109272,AMBER,False,DEVELOPMENT,SYNTHETIC_RESEARCH_FIXTURE,OG-SYNTH-0.3,B1-0.3,build_opus_synthetic_programme_v0_3.py@0.3,20260812,True,5d2c43b208884289058d0b5439a0bf58ffd1c3c53bf57019ff460e3faf117a0f
REF-0019,AIRPORT_TERMINAL,EPCM,US-NORTHEAST,54486.902,3.562,1.0,2,0.332861,0.773104,1.18,201014453.56,210097479.04,561,694.66,0.045186,0.238253,RED,False,VALIDATION,SYNTHETIC_RESEARCH_FIXTURE,OG-SYNTH-0.3,B1-0.3,build_opus_synthetic_programme_v0_3.py@0.3,20260812,True,3d33448ce67bd97e9ecf02c3d549806123b887aad1e3b51674a602da19711f47
REF-0020,HIGHWAY_CORRIDOR,EPCM,US-NORTHEAST,18723.051,15.691,21.519,5,0.710355,0.801947,1.18,192725360.53,230090209.66,654,745.582,0.193876,0.140033,AMBER,False,DEVELOPMENT,SYNTHETIC_RESEARCH_FIXTURE,OG-SYNTH-0.3,B1-0.3,build_opus_synthetic_programme_v0_3.py@0.3,20260812,True,197a6bc5782c14947e87509709cfc8d30f38863ecdeb9d033e20a29e1cb71702
REF-0021,VERTICAL_HOSPITAL,EPCM,US-NORTHEAST,49559.273,0.0,33.567,10,0.609769,0.736864,1.18,244956678.22,263751168.51,586,680.356,0.076726,0.161018,AMBER,False,LOCKED_HOLDOUT,SYNTHETIC_RESEARCH_FIXTURE,OG-SYNTH-0.3,B1-0.3,build_opus_synthetic_programme_v0_3.py@0.3,20260812,True,5314d1eaf535e708946eb2a4dfd692625300ec8bf0ed70a4b42134e5936222bc
REF-0022,WATER_TREATMENT,EPCM,US-NORTHEAST,12292.804,5.377,87.873,7,0.498695,0.8701,1.18,173685133.41,190031188.1,519,656.889,0.094113,0.265681,RED,False,DEVELOPMENT,SYNTHETIC_RESEARCH_FIXTURE,OG-SYNTH-0.3,B1-0.3,build_opus_synthetic_programme_v0_3.py@0.3,20260812,True,5fb81505a8379483bd5980277b7d385a6e18b7b6bb986ab28e207e967e7d8c77
REF-0023,RAIL_STATION,EPCM,US-NORTHEAST,21414.871,11.451,92.096,4,0.824618,0.707129,1.18,233799884.58,272738809.49,643,690.281,0.166548,0.073532,AMBER,False,DEVELOPMENT,SYNTHETIC_RESEARCH_FIXTURE,OG-SYNTH-0.3,B1-0.3,build_opus_synthetic_programme_v0_3.py@0.3,20260812,True,79884defeb2afc85c8607f85cc24171945133acf8a0157ac243353614c67a797
REF-0024,DATA_CENTER,EPCM,US-NORTHEAST,53055.789,0.0,143.776,7,0.37732,0.902535,1.18,196171471.36,231667957.73,572,563.988,0.180946,-0.014007,AMBER,False,LOCKED_HOLDOUT,SYNTHETIC_RESEARCH_FIXTURE,OG-SYNTH-0.3,B1-0.3,build_opus_synthetic_programme_v0_3.py@0.3,20260812,True,b1d6adc5a62fe51e8ef517b0a1e7a4f30060cc02397cc4f0227707393fbfcfcd
REF-0025,AIRPORT_TERMINAL,DESIGN_BID_BUILD,US-SOUTHEAST,38817.623,0.0,61.714,9,0.792735,0.550949,0.94,183867305.85,220688373.59,578,759.995,0.200259,0.314871,RED,False,DEVELOPMENT,SYNTHETIC_RESEARCH_FIXTURE,OG-SYNTH-0.3,B1-0.3,build_opus_synthetic_programme_v0_3.py@0.3,20260812,True,8e1c3563d0e17a3e3493f3306c46662ff015739aaf67a9a888fd2bae5e760c0b
REF-0026,HIGHWAY_CORRIDOR,DESIGN_BID_BUILD,US-SOUTHEAST,29517.429,16.186,56.867,2,0.826252,0.893248,0.94,167552011.36,204075329.23,622,704.718,0.217982,0.132988,AMBER,False,DEVELOPMENT,SYNTHETIC_RESEARCH_FIXTURE,OG-SYNTH-0.3,B1-0.3,build_opus_synthetic_programme_v0_3.py@0.3,20260812,True,1cce4566b2c2d053abdd99366e6088daa2e64f5d623e244d4b5ba3d48adffbf6
REF-0027,VERTICAL_HOSPITAL,DESIGN_BID_BUILD,US-SOUTHEAST,32529.427,2.672,84.345,9,0.819023,0.865486,0.94,210091691.17,257247546.13,630,758.539,0.224454,0.20403,RED,False,VALIDATION,SYNTHETIC_RESEARCH_FIXTURE,OG-SYNTH-0.3,B1-0.3,build_opus_synthetic_programme_v0_3.py@0.3,20260812,True,8408baada2da7045e17ca5e228aff64ec912cb8251830062cac409652b7efebf
REF-0028,WATER_TREATMENT,DESIGN_BID_BUILD,US-SOUTHEAST,3777.958,0.0,127.6,2,0.623647,0.777787,0.94,120240894.8,139883362.8,390,465.521,0.163359,0.193644,AMBER,False,DEVELOPMENT,SYNTHETIC_RESEARCH_FIXTURE,OG-SYNTH-0.3,B1-0.3,build_opus_synthetic_programme_v0_3.py@0.3,20260812,True,3dac68ff0e44c020d882463f2cd3bae2de585107d24c57bc05b074a1516b8b9a
REF-0029,RAIL_STATION,DESIGN_BID_BUILD,US-SOUTHEAST,19715.688,13.183,44.398,7,0.639267,0.848014,0.94,176519334.92,222904400.32,551,652.148,0.262776,0.183572,RED,False,DEVELOPMENT,SYNTHETIC_RESEARCH_FIXTURE,OG-SYNTH-0.3,B1-0.3,build_opus_synthetic_programme_v0_3.py@0.3,20260812,True,2ea5965b844cbe3bc55626cf1051cb8f72e0798559d082bd7a29df67a1339596
REF-0030,DATA_CENTER,DESIGN_BID_BUILD,US-SOUTHEAST,59032.513,6.618,129.818,2,0.280792,0.790318,0.94,160422191.65,177888181.15,591,668.444,0.108875,0.131039,AMBER,False,DEVELOPMENT,SYNTHETIC_RESEARCH_FIXTURE,OG-SYNTH-0.3,B1-0.3,build_opus_synthetic_programme_v0_3.py@0.3,20260812,True,f26b93f2a978da5045cfd178dc1a8829c666a53fb142caa6e24ae3cedfbc1d17
REF-0031,AIRPORT_TERMINAL,DESIGN_BUILD,US-SOUTHEAST,41765.624,0.0,35.502,1,0.636049,0.584453,0.94,157644027.98,175827302.53,574,637.624,0.115344,0.110843,AMBER,False,DEVELOPMENT,SYNTHETIC_RESEARCH_FIXTURE,OG-SYNTH-0.3,B1-0.3,build_opus_synthetic_programme_v0_3.py@0.3,20260812,True,9c76e790e977b8032a63c085e0686fb224a4b5c117cf7fd3a65704ed1ce814c0
REF-0032,HIGHWAY_CORRIDOR,DESIGN_BUILD,US-SOUTHEAST,0.0,13.238,29.794,1,0.553999,0.938296,0.94,110112129.63,134165234.82,360,411.389,0.218442,0.142746,AMBER,False,DEVELOPMENT,SYNTHETIC_RESEARCH_FIXTURE,OG-SYNTH-0.3,B1-0.3,build_opus_synthetic_programme_v0_3.py@0.3,20260812,True,302bee40177489d78f6fa9eb38c2a0fba67bb0fc82b8b3d6a8c73df0151f23c5
REF-0033,VERTICAL_HOSPITAL,DESIGN_BUILD,US-SOUTHEAST,56676.208,0.928,61.783,13,0.557849,0.691135,0.94,207045918.97,230058599.0,590,726.678,0.111148,0.231657,RED,False,DEVELOPMENT,SYNTHETIC_RESEARCH_FIXTURE,OG-SYNTH-0.3,B1-0.3,build_opus_synthetic_programme_v0_3.py@0.3,20260812,True,02a89f8e44770b1cb0878dc6afbfdd9aa9f7db9ee12bf609df46d270af5b4fda
REF-0034,WATER_TREATMENT,DESIGN_BUILD,US-SOUTHEAST,2055.943,7.551,92.18,10,0.657346,0.522301,0.94,134582480.93,150987011.33,396,482.7,0.121892,0.218938,AMBER,False,DEVELOPMENT,SYNTHETIC_RESEARCH_FIXTURE,OG-SYNTH-0.3,B1-0.3,build_opus_synthetic_programme_v0_3.py@0.3,20260812,True,a0d619e109e263e4f3e9eda19a68b4402ce1876cab94425dfaa6ff515c92fcf7
REF-0035,RAIL_STATION,DESIGN_BUILD,US-SOUTHEAST,26920.258,20.571,46.709,1,0.438663,0.736513,0.94,172630022.41,197889670.27,613,684.717,0.146322,0.116994,AMBER,False,LOCKED_HOLDOUT,SYNTHETIC_RESEARCH_FIXTURE,OG-SYNTH-0.3,B1-0.3,build_opus_synthetic_programme_v0_3.py@0.3,20260812,True,6f5954e3fe2b644410dcca3aeb8102e1425e7de822984b009f75b1c5542d3f0d
REF-0036,DATA_CENTER,DESIGN_BUILD,US-SOUTHEAST,57279.167,5.133,133.874,7,0.237314,0.753267,0.94,169865936.81,193972050.82,609,621.672,0.141913,0.020807,AMBER,False,DEVELOPMENT,SYNTHETIC_RESEARCH_FIXTURE,OG-SYNTH-0.3,B1-0.3,build_opus_synthetic_programme_v0_3.py@0.3,20260812,True,11d4653820bf48c841ff0e129574a0787dba91d7156d8359879601d89d5abd83
REF-0037,AIRPORT_TERMINAL,CMAR,US-SOUTHEAST,51956.428,6.449,29.112,3,0.637935,0.806464,0.94,183726812.15,212033395.68,652,738.776,0.154069,0.133092,AMBER,False,LOCKED_HOLDOUT,SYNTHETIC_RESEARCH_FIXTURE,OG-SYNTH-0.3,B1-0.3,build_opus_synthetic_programme_v0_3.py@0.3,20260812,True,fdbe6d46ae2c52bdd4810530b40dd17e1708ec4684dad63daef7a1fc6e09f3b8
REF-0038,HIGHWAY_CORRIDOR,CMAR,US-SOUTHEAST,6879.569,12.015,72.627,3,0.655082,0.939394,0.94,132529046.17,161449506.99,579,678.37,0.21822,0.171623,AMBER,False,DEVELOPMENT,SYNTHETIC_RESEARCH_FIXTURE,OG-SYNTH-0.3,B1-0.3,build_opus_synthetic_programme_v0_3.py@0.3,20260812,True,87d200bd9354ae13c9dbb233f35f5da9b71d03a13d9e3a06258f67c1db335b81
REF-0039,VERTICAL_HOSPITAL,CMAR,US-SOUTHEAST,35490.93,0.0,57.726,9,0.519617,0.902746,0.94,171879302.68,196033455.26,484,502.545,0.14053,0.038316,AMBER,False,DEVELOPMENT,SYNTHETIC_RESEARCH_FIXTURE,OG-SYNTH-0.3,B1-0.3,build_opus_synthetic_programme_v0_3.py@0.3,20260812,True,c2e77a72917069eb53a1220af49b0d6d4eec9be0edb341a198cca99249fbe1d1
REF-0040,WATER_TREATMENT,CMAR,US-SOUTHEAST,18924.941,12.365,92.859,7,0.685487,0.547904,0.94,152392813.38,202122583.51,597,729.718,0.326326,0.222309,RED,False,DEVELOPMENT,SYNTHETIC_RESEARCH_FIXTURE,OG-SYNTH-0.3,B1-0.3,build_opus_synthetic_programme_v0_3.py@0.3,20260812,True,8c16fd929f4498936b6f59dd800b46636c2d7a1384327363c240d29bf9eaf645
REF-0041,RAIL_STATION,CMAR,US-SOUTHEAST,1514.84,19.809,57.412,1,0.830303,0.88557,0.94,163806267.49,195851352.74,438,503.036,0.195628,0.148485,AMBER,False,DEVELOPMENT,SYNTHETIC_RESEARCH_FIXTURE,OG-SYNTH-0.3,B1-0.3,build_opus_synthetic_programme_v0_3.py@0.3,20260812,True,5f0af0103868f5d445c48290ab9739a2961df69cca147cf789b84b4df4e53c0b
REF-0042,DATA_CENTER,CMAR,US-SOUTHEAST,30505.946,6.254,82.3,1,0.859766,0.585251,0.94,161486724.55,199732368.31,563,685.498,0.236835,0.217581,RED,False,DEVELOPMENT,SYNTHETIC_RESEARCH_FIXTURE,OG-SYNTH-0.3,B1-0.3,build_opus_synthetic_programme_v0_3.py@0.3,20260812,True,b7217a3c85c9fb4ddabb2d8e2db950fe8d110257f280be023e711883cda4b2e7
REF-0043,AIRPORT_TERMINAL,EPCM,US-SOUTHEAST,48466.941,0.0,38.589,1,0.585912,0.461098,0.94,162933027.48,283531001.05,596,841.537,0.740169,0.411976,RED,True,DEVELOPMENT,SYNTHETIC_RESEARCH_FIXTURE,OG-SYNTH-0.3,B1-0.3,build_opus_synthetic_programme_v0_3.py@0.3,20260812,True,17bab890fa4ccdd547c24440203e0a5e583a8b6a10d849eac462fbeccdd2f6c6
REF-0044,HIGHWAY_CORRIDOR,EPCM,US-SOUTHEAST,12869.739,0.0,48.056,1,0.445295,0.754255,0.94,78594035.64,89462817.05,495,581.588,0.13829,0.174925,AMBER,False,DEVELOPMENT,SYNTHETIC_RESEARCH_FIXTURE,OG-SYNTH-0.3,B1-0.3,build_opus_synthetic_programme_v0_3.py@0.3,20260812,True,91937ff8c8177619103a0f47ed0698608346093c79aa307b4ac52459369adb80
REF-0045,VERTICAL_HOSPITAL,EPCM,US-SOUTHEAST,60220.229,9.926,87.761,10,0.710797,0.827764,0.94,232400014.1,277965870.31,675,723.103,0.196066,0.071264,AMBER,False,LOCKED_HOLDOUT,SYNTHETIC_RESEARCH_FIXTURE,OG-SYNTH-0.3,B1-0.3,build_opus_synthetic_programme_v0_3.py@0.3,20260812,True,fbb26e7839c28cff3ba8a52c285010f5ec72976761373a0bbc77079819ed3b5b
REF-0046,WATER_TREATMENT,EPCM,US-SOUTHEAST,11467.667,5.242,106.463,1,0.693819,0.45781,0.94,135468095.48,174317648.69,518,634.06,0.28678,0.224055,RED,False,DEVELOPMENT,SYNTHETIC_RESEARCH_FIXTURE,OG-SYNTH-0.3,B1-0.3,build_opus_synthetic_programme_v0_3.py@0.3,20260812,True,48bc9a4ac5e4c3fa15a588564ecc4bc70303107a2d3de11fb060f22352ebfe9f
REF-0047,RAIL_STATION,EPCM,US-SOUTHEAST,3847.332,23.006,36.12,3,0.787959,0.35,0.94,182702379.02,233288370.12,515,639.056,0.276876,0.240886,RED,False,DEVELOPMENT,SYNTHETIC_RESEARCH_FIXTURE,OG-SYNTH-0.3,B1-0.3,build_opus_synthetic_programme_v0_3.py@0.3,20260812,True,8bb30c942d8a5abe5071550af670fbe19d336d0beba48e371274b79b493da0d3
REF-0048,DATA_CENTER,EPCM,US-SOUTHEAST,61395.499,7.65,141.654,9,0.2927,0.763948,0.94,191157863.48,209217473.55,666,737.415,0.094475,0.107229,AMBER,False,DEVELOPMENT,SYNTHETIC_RESEARCH_FIXTURE,OG-SYNTH-0.3,B1-0.3,build_opus_synthetic_programme_v0_3.py@0.3,20260812,True,06c9d47b3637ac43fda11472c00a3bad09472bc19441a141c7da53c4f3b6f798
REF-0049,AIRPORT_TERMINAL,DESIGN_BID_BUILD,US-MIDWEST,38778.478,10.937,49.438,4,0.282455,0.890305,0.91,173864959.26,199317014.58,590,583.471,0.14639,-0.011066,AMBER,False,LOCKED_HOLDOUT,SYNTHETIC_RESEARCH_FIXTURE,OG-SYNTH-0.3,B1-0.3,build_opus_synthetic_programme_v0_3.py@0.3,20260812,True,d354ff0f8a4edc8bb75fdb04f2a50f84449096a13687ca22f4953bd8206e2abc
REF-0050,HIGHWAY_CORRIDOR,DESIGN_BID_BUILD,US-MIDWEST,20203.448,14.11,97.533,1,0.54195,0.740168,0.91,141147272.37,163371998.21,577,670.515,0.157458,0.162071,AMBER,False,DEVELOPMENT,SYNTHETIC_RESEARCH_FIXTURE,OG-SYNTH-0.3,B1-0.3,build_opus_synthetic_programme_v0_3.py@0.3,20260812,True,091a0749b71ed4272bdc08bf64827ca33dd78687fa72005cde8aed2cbc862eaf
REF-0051,VERTICAL_HOSPITAL,DESIGN_BID_BUILD,US-MIDWEST,48720.777,8.579,23.304,3,0.712124,0.757447,0.91,209750891.98,323363336.96,632,1003.712,0.541654,0.588152,RED,True,VALIDATION,SYNTHETIC_RESEARCH_FIXTURE,OG-SYNTH-0.3,B1-0.3,build_opus_synthetic_programme_v0_3.py@0.3,20260812,True,054e462851c84ea227c558af6ac8e245f780103479a7c797a1b5f27742b12e28
REF-0052,WATER_TREATMENT,DESIGN_BID_BUILD,US-MIDWEST,1063.731,8.591,96.323,2,0.367575,0.729084,0.91,101584681.53,112153473.42,340,383.86,0.104039,0.129,AMBER,False,LOCKED_HOLDOUT,SYNTHETIC_RESEARCH_FIXTURE,OG-SYNTH-0.3,B1-0.3,build_opus_synthetic_programme_v0_3.py@0.3,20260812,True,1a0c19cbabe5002f5f29e08a2d8073472a79aca27ce497a735ce8f355169036f
REF-0053,RAIL_STATION,DESIGN_BID_BUILD,US-MIDWEST,729.759,23.185,65.987,7,0.497823,0.922758,0.91,177819595.52,221887103.31,468,554.478,0.247821,0.184783,RED,False,DEVELOPMENT,SYNTHETIC_RESEARCH_FIXTURE,OG-SYNTH-0.3,B1-0.3,build_opus_synthetic_programme_v0_3.py@0.3,20260812,True,f1956731bb863173a9141d9f80ae37988551aec0aaa63c5fab75894eb70019e6
REF-0054,DATA_CENTER,DESIGN_BID_BUILD,US-MIDWEST,35598.419,7.609,143.934,1,0.702639,0.862434,0.91,164906570.36,191979340.53,598,595.226,0.16417,-0.004639,AMBER,False,DEVELOPMENT,SYNTHETIC_RESEARCH_FIXTURE,OG-SYNTH-0.3,B1-0.3,build_opus_synthetic_programme_v0_3.py@0.3,20260812,True,dccbbfbb033e28983ed0e82779446c080b1cdddff495a8adf7818f39286b05b5
REF-0055,AIRPORT_TERMINAL,DESIGN_BUILD,US-MIDWEST,33923.501,0.0,81.154,3,0.739889,0.759129,0.91,165202429.52,199109428.26,624,820.118,0.205245,0.314291,RED,False,LOCKED_HOLDOUT,SYNTHETIC_RESEARCH_FIXTURE,OG-SYNTH-0.3,B1-0.3,build_opus_synthetic_programme_v0_3.py@0.3,20260812,True,4dba46b3136c89f76f073cafdd74c4eda506e0963f9eedf206eb938cdd2bd294
REF-0056,HIGHWAY_CORRIDOR,DESIGN_BUILD,US-MIDWEST,1580.684,17.041,68.849,1,0.547596,0.758276,0.91,127236700.9,145874237.11,457,509.361,0.146479,0.114575,AMBER,False,DEVELOPMENT,SYNTHETIC_RESEARCH_FIXTURE,OG-SYNTH-0.3,B1-0.3,build_opus_synthetic_programme_v0_3.py@0.3,20260812,True,df41d7436f7d3a3261594e7bc1134816bf5ef3123eb7ac4d8751cc8e35aa9f39
REF-0057,VERTICAL_HOSPITAL,DESIGN_BUILD,US-MIDWEST,27570.869,2.976,52.919,15,0.222411,0.760029,0.91,153512079.21,173818560.09,475,538.998,0.132279,0.134732,AMBER,False,DEVELOPMENT,SYNTHETIC_RESEARCH_FIXTURE,OG-SYNTH-0.3,B1-0.3,build_opus_synthetic_programme_v0_3.py@0.3,20260812,True,978ade36f91c29f30671d6f27c11524a7c1f80f49544da8de2c1e0837b4694ac
REF-0058,WATER_TREATMENT,DESIGN_BUILD,US-MIDWEST,37760.973,0.0,92.687,5,0.560504,0.805462,0.91,132363914.68,137779675.12,598,816.095,0.040916,0.364708,RED,False,DEVELOPMENT,SYNTHETIC_RESEARCH_FIXTURE,OG-SYNTH-0.3,B1-0.3,build_opus_synthetic_programme_v0_3.py@0.3,20260812,True,adcda9eaadce373262a7bf67136243e1c45e1240ff20e5770b8b9a89769a9c1d
REF-0059,RAIL_STATION,DESIGN_BUILD,US-MIDWEST,12795.853,15.714,72.792,5,0.310596,0.482514,0.91,148718228.91,156587166.54,479,579.611,0.052912,0.210043,AMBER,False,LOCKED_HOLDOUT,SYNTHETIC_RESEARCH_FIXTURE,OG-SYNTH-0.3,B1-0.3,build_opus_synthetic_programme_v0_3.py@0.3,20260812,True,7376d439717a03a7f963a5fd7ee2fed3e0060f91dc2eeef74fb98bd25f02e809
REF-0060,DATA_CENTER,DESIGN_BUILD,US-MIDWEST,70346.668,5.799,135.538,6,0.6957,0.496326,0.91,183567645.92,312729939.89,693,1186.427,0.703622,0.712016,RED,True,DEVELOPMENT,SYNTHETIC_RESEARCH_FIXTURE,OG-SYNTH-0.3,B1-0.3,build_opus_synthetic_programme_v0_3.py@0.3,20260812,True,34a1f8e3de882ec8496533732a84cd57d08a1b92b29480109b1f1a7cbd51d8fb
REF-0061,AIRPORT_TERMINAL,CMAR,US-MIDWEST,56780.144,0.0,1.0,7,0.684198,0.690562,0.91,163162415.65,207380234.81,648,734.443,0.271005,0.133399,RED,False,LOCKED_HOLDOUT,SYNTHETIC_RESEARCH_FIXTURE,OG-SYNTH-0.3,B1-0.3,build_opus_synthetic_programme_v0_3.py@0.3,20260812,True,7519d118484b600c88aacdf31f37e22539e3e7e1577a82997d2ccf6a002fda13
REF-0062,HIGHWAY_CORRIDOR,CMAR,US-MIDWEST,4950.027,24.755,40.525,3,0.218624,0.430084,0.91,127176658.48,145543972.28,455,543.288,0.144424,0.194039,AMBER,False,DEVELOPMENT,SYNTHETIC_RESEARCH_FIXTURE,OG-SYNTH-0.3,B1-0.3,build_opus_synthetic_programme_v0_3.py@0.3,20260812,True,37ad7d4600ab11d4ec054f40c7dedea8ad601b38f9acc89a38d99f242e2d7dcd
REF-0063,VERTICAL_HOSPITAL,CMAR,US-MIDWEST,37708.93,5.239,76.239,8,0.90983,0.705978,0.91,193634442.51,221623252.61,602,758.921,0.144545,0.260666,RED,False,VALIDATION,SYNTHETIC_RESEARCH_FIXTURE,OG-SYNTH-0.3,B1-0.3,build_opus_synthetic_programme_v0_3.py@0.3,20260812,True,3c037059435325656e26dc7aea77b4d4b904085b27148722a7bdabd3ea7465ac
REF-0064,WATER_TREATMENT,CMAR,US-MIDWEST,0.0,5.479,138.63,4,0.2105,0.35,0.91,106005107.04,162621097.64,324,477.51,0.534087,0.473797,RED,True,LOCKED_HOLDOUT,SYNTHETIC_RESEARCH_FIXTURE,OG-SYNTH-0.3,B1-0.3,build_opus_synthetic_programme_v0_3.py@0.3,20260812,True,25cb9a32fa2bbdeb35eb804c7b7d7e4a73c44b9d1bb934ac4ea8d4d5e7069d78
REF-0065,RAIL_STATION,CMAR,US-MIDWEST,21424.631,21.241,25.136,7,0.567552,0.454696,0.91,178236221.34,230606152.26,559,689.529,0.293823,0.233505,RED,False,DEVELOPMENT,SYNTHETIC_RESEARCH_FIXTURE,OG-SYNTH-0.3,B1-0.3,build_opus_synthetic_programme_v0_3.py@0.3,20260812,True,5f4e7317923aee130f0ccbf23117348b60587d097d068b007777ba674c4d42e0
REF-0066,DATA_CENTER,CMAR,US-MIDWEST,54499.17,2.196,88.291,2,0.260774,0.661837,0.91,137238092.72,153462993.72,530,634.686,0.118224,0.197521,AMBER,False,DEVELOPMENT,SYNTHETIC_RESEARCH_FIXTURE,OG-SYNTH-0.3,B1-0.3,build_opus_synthetic_programme_v0_3.py@0.3,20260812,True,6ecced939b8f0d35c74fa6b18e0ec171821ed083d880c0664b8580da387a4648
REF-0067,AIRPORT_TERMINAL,EPCM,US-MIDWEST,51170.867,8.065,47.138,2,0.442319,0.916844,0.91,183427402.96,212373395.78,571,668.254,0.157806,0.170322,AMBER,False,VALIDATION,SYNTHETIC_RESEARCH_FIXTURE,OG-SYNTH-0.3,B1-0.3,build_opus_synthetic_programme_v0_3.py@0.3,20260812,True,ca70304bfba18084b28fcf9864dd67ef0267592094b421fce4fce2f8ff40dbce
REF-0068,HIGHWAY_CORRIDOR,EPCM,US-MIDWEST,21347.006,16.759,21.419,2,0.373819,0.581329,0.91,139268906.34,160020371.25,542,598.636,0.149003,0.104495,AMBER,False,DEVELOPMENT,SYNTHETIC_RESEARCH_FIXTURE,OG-SYNTH-0.3,B1-0.3,build_opus_synthetic_programme_v0_3.py@0.3,20260812,True,86b7df4f625561b8d30b990fba13f870e6a81ed894f82d249d26aa3d354313b3
REF-0069,VERTICAL_HOSPITAL,EPCM,US-MIDWEST,47850.478,0.0,66.999,10,0.489227,0.648783,0.91,175632598.7,214447584.04,572,682.149,0.221001,0.192569,RED,False,DEVELOPMENT,SYNTHETIC_RESEARCH_FIXTURE,OG-SYNTH-0.3,B1-0.3,build_opus_synthetic_programme_v0_3.py@0.3,20260812,True,a30b1a4089a4a946ad99e7b9465566ccf73e2cbf17e330c6a2963264ed578cd4
REF-0070,WATER_TREATMENT,EPCM,US-MIDWEST,0.0,0.0,116.501,1,0.681741,0.902183,0.91,107668498.62,128588782.7,324,411.493,0.194303,0.270039,RED,False,DEVELOPMENT,SYNTHETIC_RESEARCH_FIXTURE,OG-SYNTH-0.3,B1-0.3,build_opus_synthetic_programme_v0_3.py@0.3,20260812,True,ce156814ba831b5ef5c1a4a6abd0a3d9926f3df11621016e1097392e0bef0d1c
REF-0071,RAIL_STATION,EPCM,US-MIDWEST,10602.495,18.179,36.767,3,0.501753,0.788793,0.91,146137069.85,172981848.56,533,578.185,0.183696,0.084776,AMBER,False,VALIDATION,SYNTHETIC_RESEARCH_FIXTURE,OG-SYNTH-0.3,B1-0.3,build_opus_synthetic_programme_v0_3.py@0.3,20260812,True,ef78c5a0c93391cfbf5e911b14ae36ff138381faef50a71e84305bcc91cd0c8c
REF-0072,DATA_CENTER,EPCM,US-MIDWEST,48417.239,10.93,132.365,2,0.589785,0.826685,0.91,184207267.38,211789954.14,696,630.35,0.149737,-0.094325,AMBER,False,VALIDATION,SYNTHETIC_RESEARCH_FIXTURE,OG-SYNTH-0.3,B1-0.3,build_opus_synthetic_programme_v0_3.py@0.3,20260812,True,38026a808ba6cb3cb2da0e2c5e3d2e8fe965d892a6f9083cd917c66e9e6415ac
REF-0073,AIRPORT_TERMINAL,DESIGN_BID_BUILD,US-WEST,43420.737,0.561,58.903,3,0.76886,0.772086,1.12,213286750.4,268973159.38,657,769.583,0.261087,0.171359,RED,False,DEVELOPMENT,SYNTHETIC_RESEARCH_FIXTURE,OG-SYNTH-0.3,B1-0.3,build_opus_synthetic_programme_v0_3.py@0.3,20260812,True,30017929d15537ff32b29c22152737ecb20375af38cee5b20e3c37559569f30c
REF-0074,HIGHWAY_CORRIDOR,DESIGN_BID_BUILD,US-WEST,11545.065,15.137,87.182,6,0.90545,0.455064,1.12,197058310.06,253148927.81,649,843.041,0.28464,0.298984,RED,False,DEVELOPMENT,SYNTHETIC_RESEARCH_FIXTURE,OG-SYNTH-0.3,B1-0.3,build_opus_synthetic_programme_v0_3.py@0.3,20260812,True,d62b6066ed284d6107a163f4ff0f1f1d179cd4c019b09b6ba4b7574659b0a468
REF-0075,VERTICAL_HOSPITAL,DESIGN_BID_BUILD,US-WEST,49043.053,6.895,26.84,12,0.47514,0.661656,1.12,240968809.6,288665561.34,619,635.639,0.197937,0.02688,AMBER,False,LOCKED_HOLDOUT,SYNTHETIC_RESEARCH_FIXTURE,OG-SYNTH-0.3,B1-0.3,build_opus_synthetic_programme_v0_3.py@0.3,20260812,True,2b748fa35638772d1ad649335719d68bbf5e1ef6efd42c85aec473bd57604780
REF-0076,WATER_TREATMENT,DESIGN_BID_BUILD,US-WEST,0.0,11.874,147.544,4,0.604051,0.938435,1.12,180557259.95,211566533.34,450,536.879,0.171742,0.193065,AMBER,False,DEVELOPMENT,SYNTHETIC_RESEARCH_FIXTURE,OG-SYNTH-0.3,B1-0.3,build_opus_synthetic_programme_v0_3.py@0.3,20260812,True,97a0a6c45a4a28332b804ad432412975415ddaaef794749ab2994dcd9b12531e
REF-0077,RAIL_STATION,DESIGN_BID_BUILD,US-WEST,20620.38,18.307,60.761,1,0.811647,0.786195,1.12,214780796.53,277638169.36,560,743.982,0.292658,0.328539,RED,False,DEVELOPMENT,SYNTHETIC_RESEARCH_FIXTURE,OG-SYNTH-0.3,B1-0.3,build_opus_synthetic_programme_v0_3.py@0.3,20260812,True,c0475ebd1d75a7e504502784f1a14d0284ec47eea68004104aa9de7bc2b7d431
REF-0078,DATA_CENTER,DESIGN_BID_BUILD,US-WEST,49590.378,0.0,104.712,1,0.085065,0.6618,1.12,153274158.97,155744123.7,501,570.888,0.016115,0.139497,AMBER,False,VALIDATION,SYNTHETIC_RESEARCH_FIXTURE,OG-SYNTH-0.3,B1-0.3,build_opus_synthetic_programme_v0_3.py@0.3,20260812,True,bc3451a7ef7be67f781c1608445879dda05cb24f7329284fa1ef8518afbc260b
REF-0079,AIRPORT_TERMINAL,DESIGN_BUILD,US-WEST,48940.637,0.0,81.22,5,0.260301,0.784346,1.12,194999670.58,199505304.16,513,552.359,0.023106,0.076723,GREEN,False,LOCKED_HOLDOUT,SYNTHETIC_RESEARCH_FIXTURE,OG-SYNTH-0.3,B1-0.3,build_opus_synthetic_programme_v0_3.py@0.3,20260812,True,7ddb0bad8b4b1513b4f25e5b1a568df271e820bd6a80502d015d8d48e98989ac
REF-0080,HIGHWAY_CORRIDOR,DESIGN_BUILD,US-WEST,21377.742,25.412,130.367,1,0.677178,0.564919,1.12,210039357.78,246269520.04,625,795.79,0.172492,0.273264,RED,False,LOCKED_HOLDOUT,SYNTHETIC_RESEARCH_FIXTURE,OG-SYNTH-0.3,B1-0.3,build_opus_synthetic_programme_v0_3.py@0.3,20260812,True,8ed3eac7695d044f217da0b423b61048593eb9ba685e2827ffbf1428501c3bb0
REF-0081,VERTICAL_HOSPITAL,DESIGN_BUILD,US-WEST,64069.937,5.304,56.469,8,0.480693,0.884542,1.12,246709205.54,255949622.53,652,765.551,0.037455,0.174158,AMBER,False,DEVELOPMENT,SYNTHETIC_RESEARCH_FIXTURE,OG-SYNTH-0.3,B1-0.3,build_opus_synthetic_programme_v0_3.py@0.3,20260812,True,f7726bf52f7af686dae5a074084957fd63d29f3dbd2a3faf6f93b1a767908713
REF-0082,WATER_TREATMENT,DESIGN_BUILD,US-WEST,0.0,1.641,97.527,7,0.733095,0.842918,1.12,140968080.11,152440718.23,395,444.077,0.081385,0.124245,AMBER,False,VALIDATION,SYNTHETIC_RESEARCH_FIXTURE,OG-SYNTH-0.3,B1-0.3,build_opus_synthetic_programme_v0_3.py@0.3,20260812,True,3d56586c90b2176659058066302fe8e9972f353ce1b77b0132268a12fd0d7ee6
REF-0083,RAIL_STATION,DESIGN_BUILD,US-WEST,6546.658,26.04,62.161,1,0.469431,0.35,1.12,195775236.83,238020665.76,546,676.731,0.215785,0.239435,RED,False,DEVELOPMENT,SYNTHETIC_RESEARCH_FIXTURE,OG-SYNTH-0.3,B1-0.3,build_opus_synthetic_programme_v0_3.py@0.3,20260812,True,e4bb65b47801fbbef437ed89a771d78c03c34c128c546e50fafe33558c086195
REF-0084,DATA_CENTER,DESIGN_BUILD,US-WEST,36128.687,0.0,73.882,4,0.142743,0.526909,1.12,137375785.16,153641037.47,541,578.854,0.1184,0.06997,AMBER,False,DEVELOPMENT,SYNTHETIC_RESEARCH_FIXTURE,OG-SYNTH-0.3,B1-0.3,build_opus_synthetic_programme_v0_3.py@0.3,20260812,True,fcacf5b9875fcad774f4dcb212794395d5324d96ecb1781958accb092b31cfe6
REF-0085,AIRPORT_TERMINAL,CMAR,US-WEST,47937.274,0.0,78.674,4,0.624011,0.719783,1.12,211277691.92,243650152.87,591,745.111,0.153222,0.260764,RED,False,DEVELOPMENT,SYNTHETIC_RESEARCH_FIXTURE,OG-SYNTH-0.3,B1-0.3,build_opus_synthetic_programme_v0_3.py@0.3,20260812,True,36c0eee207aab1ce9c5bfcae038c3ee51c84a46b1b93f89bcf9e79aa7e29f32a
REF-0086,HIGHWAY_CORRIDOR,CMAR,US-WEST,0.0,20.066,64.935,10,0.687845,0.99,1.12,188404982.71,222444483.23,443,515.406,0.180672,0.163446,AMBER,False,DEVELOPMENT,SYNTHETIC_RESEARCH_FIXTURE,OG-SYNTH-0.3,B1-0.3,build_opus_synthetic_programme_v0_3.py@0.3,20260812,True,ec513eb92c4e9a05081c36ee788dbf9ee9a79c08297ab3fc971be0546605058a
REF-0087,VERTICAL_HOSPITAL,CMAR,US-WEST,53536.193,4.537,20.548,14,0.690767,0.823083,1.12,247443234.39,297827050.8,654,833.19,0.203618,0.273991,RED,False,DEVELOPMENT,SYNTHETIC_RESEARCH_FIXTURE,OG-SYNTH-0.3,B1-0.3,build_opus_synthetic_programme_v0_3.py@0.3,20260812,True,a820e15501638e774dc64129e43aec131a88e7814f3d8a7d99f58fdef7dc4217
REF-0088,WATER_TREATMENT,CMAR,US-WEST,10420.102,0.0,120.723,4,0.368964,0.729949,1.12,126604259.4,130608276.19,470,527.582,0.031626,0.122514,AMBER,False,VALIDATION,SYNTHETIC_RESEARCH_FIXTURE,OG-SYNTH-0.3,B1-0.3,build_opus_synthetic_programme_v0_3.py@0.3,20260812,True,f192b9196a769781ad36d74a463491fe586e60c1f82ca4ae08b3176701a63d0a
REF-0089,RAIL_STATION,CMAR,US-WEST,24959.884,19.767,107.125,4,0.808758,0.533611,1.12,223300652.22,279374943.7,668,797.063,0.251116,0.193208,RED,False,DEVELOPMENT,SYNTHETIC_RESEARCH_FIXTURE,OG-SYNTH-0.3,B1-0.3,build_opus_synthetic_programme_v0_3.py@0.3,20260812,True,3b5d945dab362b6f2bbafd772fa4b310b4a876b72e57fffd960d316f6474ccc9
REF-0090,DATA_CENTER,CMAR,US-WEST,50927.472,6.946,137.182,7,0.467337,0.678902,1.12,199098572.3,239834496.93,630,698.179,0.204602,0.10822,AMBER,False,DEVELOPMENT,SYNTHETIC_RESEARCH_FIXTURE,OG-SYNTH-0.3,B1-0.3,build_opus_synthetic_programme_v0_3.py@0.3,20260812,True,53d1e41ac3fedab09835f317232b40d27eef9d7432a037668470678b94167c6e
REF-0091,AIRPORT_TERMINAL,EPCM,US-WEST,59268.883,8.658,54.557,1,0.467333,0.928456,1.12,243098078.77,267258977.97,644,684.532,0.099387,0.062938,AMBER,False,DEVELOPMENT,SYNTHETIC_RESEARCH_FIXTURE,OG-SYNTH-0.3,B1-0.3,build_opus_synthetic_programme_v0_3.py@0.3,20260812,True,42728b6bc2f3546e5fb2728dc448e6d50c5055c6d93e0868f76d6e56493491ea
REF-0092,HIGHWAY_CORRIDOR,EPCM,US-WEST,21599.922,19.246,15.031,1,0.574276,0.977096,1.12,170747632.96,185331106.8,581,649.588,0.08541,0.118052,AMBER,False,VALIDATION,SYNTHETIC_RESEARCH_FIXTURE,OG-SYNTH-0.3,B1-0.3,build_opus_synthetic_programme_v0_3.py@0.3,20260812,True,3a0d4c2c398b4878d82376a54e6ad684bb3303c5440131f089ea72ed457049fe
REF-0093,VERTICAL_HOSPITAL,EPCM,US-WEST,41820.092,2.491,63.825,3,0.730888,0.576481,1.12,239889546.24,289850109.11,726,806.049,0.208265,0.110261,AMBER,False,DEVELOPMENT,SYNTHETIC_RESEARCH_FIXTURE,OG-SYNTH-0.3,B1-0.3,build_opus_synthetic_programme_v0_3.py@0.3,20260812,True,e407ca7731ef2f64874fa27d1a75ad43719dfb1f07f8cad737ddb70d9622dcba
REF-0094,WATER_TREATMENT,EPCM,US-WEST,42591.005,1.623,172.809,5,0.355676,0.796134,1.12,181165525.81,204858826.17,631,797.03,0.130783,0.263121,RED,False,DEVELOPMENT,SYNTHETIC_RESEARCH_FIXTURE,OG-SYNTH-0.3,B1-0.3,build_opus_synthetic_programme_v0_3.py@0.3,20260812,True,c30c9509e34f4981569e7300a61a309f98f48ea8e3cbb6a272c8d5c26589d302
REF-0095,RAIL_STATION,EPCM,US-WEST,16593.175,20.485,28.477,1,0.378458,0.35,1.12,189218236.35,223773817.23,500,625.647,0.182623,0.251293,RED,False,VALIDATION,SYNTHETIC_RESEARCH_FIXTURE,OG-SYNTH-0.3,B1-0.3,build_opus_synthetic_programme_v0_3.py@0.3,20260812,True,02c4409922a22eae1ef1484b38c27c9b890f74f64ada4075af5efa2d1165ec0a
REF-0096,DATA_CENTER,EPCM,US-WEST,15583.781,1.717,147.013,4,0.490661,0.756515,1.12,146738652.71,169092611.1,453,530.586,0.152339,0.171272,AMBER,False,LOCKED_HOLDOUT,SYNTHETIC_RESEARCH_FIXTURE,OG-SYNTH-0.3,B1-0.3,build_opus_synthetic_programme_v0_3.py@0.3,20260812,True,965fdd41df731c0f3a34c1754088132662ff301ffbb13fe60cd2bb4438b60c5e
REF-0097,AIRPORT_TERMINAL,DESIGN_BID_BUILD,US-NORTHEAST,43574.153,9.738,27.804,6,0.557897,0.718367,1.18,240933740.15,273518526.95,639,714.381,0.135244,0.117967,AMBER,False,LOCKED_HOLDOUT,SYNTHETIC_RESEARCH_FIXTURE,OG-SYNTH-0.3,B1-0.3,build_opus_synthetic_programme_v0_3.py@0.3,20260812,True,f1e91aef366fcc6b29531d6bae5b7894fe90bb4380cdd7d68c6cf4e8901eb0c9
REF-0098,HIGHWAY_CORRIDOR,DESIGN_BID_BUILD,US-NORTHEAST,0.0,21.168,32.172,4,0.844121,0.902715,1.18,196461348.52,233534100.72,493,608.573,0.188703,0.234427,RED,False,VALIDATION,SYNTHETIC_RESEARCH_FIXTURE,OG-SYNTH-0.3,B1-0.3,build_opus_synthetic_programme_v0_3.py@0.3,20260812,True,a5caffd50d99bfe19c887bd74ecfff958a8b7924e1760349bf6f33d770851f46
REF-0099,VERTICAL_HOSPITAL,DESIGN_BID_BUILD,US-NORTHEAST,47994.029,0.0,72.581,9,0.805836,0.743887,1.18,259168304.34,321785271.62,634,813.42,0.241607,0.282997,RED,False,DEVELOPMENT,SYNTHETIC_RESEARCH_FIXTURE,OG-SYNTH-0.3,B1-0.3,build_opus_synthetic_programme_v0_3.py@0.3,20260812,True,ef74b3c77d29d84e2fd21d91a290a1c7d2d29221008fb6bf82d6062daa290849
REF-0100,WATER_TREATMENT,DESIGN_BID_BUILD,US-NORTHEAST,2997.539,0.0,130.949,5,0.122843,0.584721,1.18,117164936.01,134217016.16,326,369.501,0.145539,0.133438,AMBER,False,DEVELOPMENT,SYNTHETIC_RESEARCH_FIXTURE,OG-SYNTH-0.3,B1-0.3,build_opus_synthetic_programme_v0_3.py@0.3,20260812,True,cad57685731d3c9822b0c63a8558501515df50d64f469d38ebf724d9d65038cf
REF-0101,RAIL_STATION,DESIGN_BID_BUILD,US-NORTHEAST,7696.49,23.216,48.117,2,0.862494,0.789579,1.18,248726373.65,320943208.7,582,764.785,0.290347,0.314063,RED,False,DEVELOPMENT,SYNTHETIC_RESEARCH_FIXTURE,OG-SYNTH-0.3,B1-0.3,build_opus_synthetic_programme_v0_3.py@0.3,20260812,True,0160cdc802ba97c45bb85868a155a91fc3d1d72406d32edeb20bf80743ec4e26
REF-0102,DATA_CENTER,DESIGN_BID_BUILD,US-NORTHEAST,57750.9,1.737,148.949,6,0.247963,0.942057,1.18,206295423.51,232568425.3,546,529.773,0.127356,-0.029719,AMBER,False,LOCKED_HOLDOUT,SYNTHETIC_RESEARCH_FIXTURE,OG-SYNTH-0.3,B1-0.3,build_opus_synthetic_programme_v0_3.py@0.3,20260812,True,41fc7ec2cecda68a6e45ccbb7a7b9dc2bf1feb05d4cc1d4afa2f8d864e7be171
REF-0103,AIRPORT_TERMINAL,DESIGN_BUILD,US-NORTHEAST,38632.29,0.0,26.664,4,0.092168,0.693093,1.18,167875505.1,177331911.77,539,498.042,0.05633,-0.07599,GREEN,False,LOCKED_HOLDOUT,SYNTHETIC_RESEARCH_FIXTURE,OG-SYNTH-0.3,B1-0.3,build_opus_synthetic_programme_v0_3.py@0.3,20260812,True,330f66b18dc8eb0f0f9bad0aac850ea6ea94722eeb760b070abac0cbb80c3ec8
REF-0104,HIGHWAY_CORRIDOR,DESIGN_BUILD,US-NORTHEAST,1682.586,15.007,54.514,3,0.571356,0.734535,1.18,156177306.61,189461835.78,415,473.075,0.21312,0.139939,AMBER,False,LOCKED_HOLDOUT,SYNTHETIC_RESEARCH_FIXTURE,OG-SYNTH-0.3,B1-0.3,build_opus_synthetic_programme_v0_3.py@0.3,20260812,True,a60d898649197ad8e2f8c23c44d2f440befa23d1dc01d8082e5f8e7c476bef0e
REF-0105,VERTICAL_HOSPITAL,DESIGN_BUILD,US-NORTHEAST,47739.306,0.0,10.07,12,0.354708,0.878045,1.18,210128778.77,231107948.98,532,579.493,0.09984,0.089272,AMBER,False,DEVELOPMENT,SYNTHETIC_RESEARCH_FIXTURE,OG-SYNTH-0.3,B1-0.3,build_opus_synthetic_programme_v0_3.py@0.3,20260812,True,d95cf7994b349e1a400bc6aa1c8e4ef982df0bfacbdd29ed363b5d1e86201a78
REF-0106,WATER_TREATMENT,DESIGN_BUILD,US-NORTHEAST,13593.605,5.932,157.75,6,0.099109,0.761011,1.18,150842631.05,166462330.12,349,359.241,0.10355,0.029344,AMBER,False,VALIDATION,SYNTHETIC_RESEARCH_FIXTURE,OG-SYNTH-0.3,B1-0.3,build_opus_synthetic_programme_v0_3.py@0.3,20260812,True,fb9d830fa2d626d0393e32984160590c6c0321c1c77d1216619d72adb0c7ef80
REF-0107,RAIL_STATION,DESIGN_BUILD,US-NORTHEAST,8844.253,28.982,47.857,5,0.209503,0.923677,1.18,219251448.65,212176742.52,502,542.332,-0.032268,0.080343,AMBER,False,DEVELOPMENT,SYNTHETIC_RESEARCH_FIXTURE,OG-SYNTH-0.3,B1-0.3,build_opus_synthetic_programme_v0_3.py@0.3,20260812,True,38ce3e98d8c8466938ed5f52b049c1f6db43384d73bd1bf7500b02fb75321b8f
REF-0108,DATA_CENTER,DESIGN_BUILD,US-NORTHEAST,34013.162,4.254,90.099,6,0.546721,0.742582,1.18,191970140.12,313231868.67,531,756.942,0.63167,0.425503,RED,True,DEVELOPMENT,SYNTHETIC_RESEARCH_FIXTURE,OG-SYNTH-0.3,B1-0.3,build_opus_synthetic_programme_v0_3.py@0.3,20260812,True,8544eedcc845e40fa5477abfa5df85bea217a6de4a3cd4d7eef2afbea38e2f4a
REF-0109,AIRPORT_TERMINAL,CMAR,US-NORTHEAST,35532.146,0.778,70.937,4,0.699427,0.622652,1.18,209421473.94,333295156.41,589,872.608,0.591504,0.481507,RED,True,DEVELOPMENT,SYNTHETIC_RESEARCH_FIXTURE,OG-SYNTH-0.3,B1-0.3,build_opus_synthetic_programme_v0_3.py@0.3,20260812,True,5911b7146a65960c87a33ae42f26b8af4fd75bd4d9464d5f70b7047187f87e58
REF-0110,HIGHWAY_CORRIDOR,CMAR,US-NORTHEAST,4200.15,14.069,41.922,1,0.378307,0.870397,1.18,140033362.62,158282875.71,420,413.432,0.130323,-0.015637,AMBER,False,DEVELOPMENT,SYNTHETIC_RESEARCH_FIXTURE,OG-SYNTH-0.3,B1-0.3,build_opus_synthetic_programme_v0_3.py@0.3,20260812,True,79a0f11a49f18b24646d621c5fe70250fecd0ba9a75647cd92b9b07eb579b051
REF-0111,VERTICAL_HOSPITAL,CMAR,US-NORTHEAST,47604.028,5.518,77.906,10,0.88781,0.84348,1.18,276090112.23,326530318.68,713,882.66,0.182695,0.237953,RED,False,VALIDATION,SYNTHETIC_RESEARCH_FIXTURE,OG-SYNTH-0.3,B1-0.3,build_opus_synthetic_programme_v0_3.py@0.3,20260812,True,f97f30acc0093920a1fd2fe908bbf6f0cc0db3ff528bde57845450b1c7c8ac6f
REF-0112,WATER_TREATMENT,CMAR,US-NORTHEAST,14722.347,0.0,91.451,2,0.758834,0.718771,1.18,159096687.21,189314763.29,547,674.089,0.189935,0.232338,RED,False,DEVELOPMENT,SYNTHETIC_RESEARCH_FIXTURE,OG-SYNTH-0.3,B1-0.3,build_opus_synthetic_programme_v0_3.py@0.3,20260812,True,97b0eb4d4c822614979740329c39ff2473d21ceca3f8982d35dfd14f59b339f8
REF-0113,RAIL_STATION,CMAR,US-NORTHEAST,21622.664,27.533,98.407,2,0.621595,0.355711,1.18,263493622.13,416309395.73,602,861.599,0.57996,0.431227,RED,True,DEVELOPMENT,SYNTHETIC_RESEARCH_FIXTURE,OG-SYNTH-0.3,B1-0.3,build_opus_synthetic_programme_v0_3.py@0.3,20260812,True,335cb441f9a6c7312edd5132c7bf8dddebea55c495d70c781615d08d21c9d5df
REF-0114,DATA_CENTER,CMAR,US-NORTHEAST,35842.764,7.231,111.934,6,0.390465,0.572833,1.18,196593773.73,217100577.45,540,614.327,0.104311,0.137642,AMBER,False,DEVELOPMENT,SYNTHETIC_RESEARCH_FIXTURE,OG-SYNTH-0.3,B1-0.3,build_opus_synthetic_programme_v0_3.py@0.3,20260812,True,a6a72a83b80055f272ac69ef14e0c54543ecf21b3ae672a973effd39aa523304
REF-0115,AIRPORT_TERMINAL,EPCM,US-NORTHEAST,47864.574,1.578,47.759,1,0.613592,0.727923,1.18,221536855.47,261767336.25,636,679.001,0.181597,0.067612,AMBER,False,LOCKED_HOLDOUT,SYNTHETIC_RESEARCH_FIXTURE,OG-SYNTH-0.3,B1-0.3,build_opus_synthetic_programme_v0_3.py@0.3,20260812,True,08c74e48c8ffc1e8cb6a460372384a8a7c0e18ec05e36dda91d40a4658e904a9
REF-0116,HIGHWAY_CORRIDOR,EPCM,US-NORTHEAST,0.0,16.32,100.666,4,0.311704,0.870274,1.18,161471372.54,192344348.71,349,364.726,0.191198,0.045061,AMBER,False,VALIDATION,SYNTHETIC_RESEARCH_FIXTURE,OG-SYNTH-0.3,B1-0.3,build_opus_synthetic_programme_v0_3.py@0.3,20260812,True,e4860c93a2f1b1bc693e25d2145910b26f9c7872756645c522ff8cc451fa9eb3
REF-0117,VERTICAL_HOSPITAL,EPCM,US-NORTHEAST,59059.49,0.628,32.144,11,0.387914,0.35,1.18,234879439.08,274250560.14,625,780.359,0.167623,0.248574,RED,False,DEVELOPMENT,SYNTHETIC_RESEARCH_FIXTURE,OG-SYNTH-0.3,B1-0.3,build_opus_synthetic_programme_v0_3.py@0.3,20260812,True,ac8b8168ed52d3204e7d3fd4c7acddfe4f7a653d37f26f2329e87613843726b3
REF-0118,WATER_TREATMENT,EPCM,US-NORTHEAST,10711.738,5.294,126.179,6,0.642605,0.417907,1.18,176179304.46,260276923.2,451,676.95,0.477341,0.500998,RED,True,DEVELOPMENT,SYNTHETIC_RESEARCH_FIXTURE,OG-SYNTH-0.3,B1-0.3,build_opus_synthetic_programme_v0_3.py@0.3,20260812,True,e5ea24952d0871bbb19db746bc6a1838eb49b7ac4f8dd5dc470e4b521480b60d
REF-0119,RAIL_STATION,EPCM,US-NORTHEAST,488.519,16.851,58.209,9,0.271612,0.941706,1.18,203302874.69,224462381.15,397,416.759,0.104079,0.04977,AMBER,False,DEVELOPMENT,SYNTHETIC_RESEARCH_FIXTURE,OG-SYNTH-0.3,B1-0.3,build_opus_synthetic_programme_v0_3.py@0.3,20260812,True,c2eb90f5010b150c6a783f5f10789938ce18808e98057d95adedae75b26688c2
REF-0120,DATA_CENTER,EPCM,US-NORTHEAST,60077.241,2.797,165.938,6,0.586286,0.525908,1.18,234407964.0,382657443.65,659,841.363,0.632442,0.276727,RED,True,DEVELOPMENT,SYNTHETIC_RESEARCH_FIXTURE,OG-SYNTH-0.3,B1-0.3,build_opus_synthetic_programme_v0_3.py@0.3,20260812,True,7c11f28a2f4ebc6166ef402e37d5a5faf66fa9153bc8dffb8b73530f1dfe6e6f
REF-0121,AIRPORT_TERMINAL,DESIGN_BID_BUILD,US-SOUTHEAST,21863.66,0.633,96.954,1,0.65639,0.35,0.94,146311834.88,188162184.27,489,549.779,0.286035,0.124292,RED,False,DEVELOPMENT,SYNTHETIC_RESEARCH_FIXTURE,OG-SYNTH-0.3,B1-0.3,build_opus_synthetic_programme_v0_3.py@0.3,20260812,True,49280826cf7c44a839ea7aed44712af1eaa447aa963bdb7f40feb103c69866b0
REF-0122,HIGHWAY_CORRIDOR,DESIGN_BID_BUILD,US-SOUTHEAST,22429.773,24.497,1.0,1,0.645581,0.904852,0.94,162455576.92,197794609.69,580,620.572,0.21753,0.069952,AMBER,False,DEVELOPMENT,SYNTHETIC_RESEARCH_FIXTURE,OG-SYNTH-0.3,B1-0.3,build_opus_synthetic_programme_v0_3.py@0.3,20260812,True,75ffffb163244b12e5da13cd1be1d49761c4104753980b80d8887637727774c6
REF-0123,VERTICAL_HOSPITAL,DESIGN_BID_BUILD,US-SOUTHEAST,46030.144,4.895,61.352,9,0.694079,0.802191,0.94,206253832.99,249756487.82,686,757.515,0.210918,0.104249,AMBER,False,DEVELOPMENT,SYNTHETIC_RESEARCH_FIXTURE,OG-SYNTH-0.3,B1-0.3,build_opus_synthetic_programme_v0_3.py@0.3,20260812,True,72cca7e4872eba7fec59fe3266e7184525d0394dd55f7f0cb5e4a398125a2386
REF-0124,WATER_TREATMENT,DESIGN_BID_BUILD,US-SOUTHEAST,4539.875,0.0,143.175,1,0.284234,0.77855,0.94,103461911.87,113088380.42,409,426.765,0.093044,0.043435,AMBER,False,DEVELOPMENT,SYNTHETIC_RESEARCH_FIXTURE,OG-SYNTH-0.3,B1-0.3,build_opus_synthetic_programme_v0_3.py@0.3,20260812,True,b140ea620b4b2466f078d4dcbff5ea952ccf0fcfbdf6865c815667ab99e9f911
REF-0125,RAIL_STATION,DESIGN_BID_BUILD,US-SOUTHEAST,12153.18,21.081,25.452,3,0.740883,0.727265,0.94,179473134.54,226250788.8,625,766.615,0.260639,0.226583,RED,False,DEVELOPMENT,SYNTHETIC_RESEARCH_FIXTURE,OG-SYNTH-0.3,B1-0.3,build_opus_synthetic_programme_v0_3.py@0.3,20260812,True,7ee6df6079a6431b7b8be2c62ad27265a1da14a18f2260f4929fe3fd9b323f2a
REF-0126,DATA_CENTER,DESIGN_BID_BUILD,US-SOUTHEAST,43644.732,3.165,145.997,9,0.579743,0.868821,0.94,198886705.22,243224423.33,609,667.422,0.22293,0.09593,RED,False,DEVELOPMENT,SYNTHETIC_RESEARCH_FIXTURE,OG-SYNTH-0.3,B1-0.3,build_opus_synthetic_programme_v0_3.py@0.3,20260812,True,544345e96e4c488df4e5a3f45206ed5ae34c1083b6e8445272a2da0f56807009
REF-0127,AIRPORT_TERMINAL,DESIGN_BUILD,US-SOUTHEAST,50065.821,5.688,52.92,8,0.672565,0.57664,0.94,183189225.22,203037001.2,661,799.389,0.108346,0.209364,AMBER,False,DEVELOPMENT,SYNTHETIC_RESEARCH_FIXTURE,OG-SYNTH-0.3,B1-0.3,build_opus_synthetic_programme_v0_3.py@0.3,20260812,True,1444091b28a49da27443f76b75424185b20ee46e5b0908ba8c7d72c8d205e3bc
REF-0128,HIGHWAY_CORRIDOR,DESIGN_BUILD,US-SOUTHEAST,19619.681,22.427,70.254,7,0.749978,0.78653,0.94,163030018.75,192086949.02,616,742.656,0.178231,0.205611,AMBER,False,VALIDATION,SYNTHETIC_RESEARCH_FIXTURE,OG-SYNTH-0.3,B1-0.3,build_opus_synthetic_programme_v0_3.py@0.3,20260812,True,82025f0731afb9ad29fd6458164fcf19d0b491470c6c469b0f61d6d504dccdb6
REF-0129,VERTICAL_HOSPITAL,DESIGN_BUILD,US-SOUTHEAST,55180.075,4.31,45.971,12,0.651581,0.742147,0.94,206900069.62,325830840.4,624,862.214,0.574822,0.381753,RED,True,LOCKED_HOLDOUT,SYNTHETIC_RESEARCH_FIXTURE,OG-SYNTH-0.3,B1-0.3,build_opus_synthetic_programme_v0_3.py@0.3,20260812,True,130c425bd3e39f97286e794990e2f684608c08fe292b385fffac6383edb61aab
REF-0130,WATER_TREATMENT,DESIGN_BUILD,US-SOUTHEAST,18284.671,0.0,127.642,3,0.915116,0.798956,0.94,136871673.56,151742962.9,563,679.391,0.108651,0.206734,AMBER,False,LOCKED_HOLDOUT,SYNTHETIC_RESEARCH_FIXTURE,OG-SYNTH-0.3,B1-0.3,build_opus_synthetic_programme_v0_3.py@0.3,20260812,True,052087dbe400cc4e7709327f2c18bcb2a48b2ec09c60d19dbd4c55f956329605
REF-0131,RAIL_STATION,DESIGN_BUILD,US-SOUTHEAST,2719.533,16.352,72.042,5,0.77593,0.836912,0.94,159314692.57,278800712.0,508,880.981,0.75,0.734215,RED,True,DEVELOPMENT,SYNTHETIC_RESEARCH_FIXTURE,OG-SYNTH-0.3,B1-0.3,build_opus_synthetic_programme_v0_3.py@0.3,20260812,True,683154314fa0a9a0ab52dd7010c431d5d96edb3be1d382c0708eb579a90680c5
REF-0132,DATA_CENTER,DESIGN_BUILD,US-SOUTHEAST,48582.884,0.0,130.72,5,0.930742,0.906528,0.94,178995742.28,183167729.04,677,825.674,0.023308,0.219608,AMBER,False,DEVELOPMENT,SYNTHETIC_RESEARCH_FIXTURE,OG-SYNTH-0.3,B1-0.3,build_opus_synthetic_programme_v0_3.py@0.3,20260812,True,f6b344ea4dcec8fa37a37b4fa8cfb499f17982c20fc4d5c45d179cfc398b6d0b
REF-0133,AIRPORT_TERMINAL,CMAR,US-SOUTHEAST,37593.767,1.478,73.99,1,0.934217,0.404251,0.94,172235969.56,220370859.79,611,777.273,0.279471,0.272133,RED,False,DEVELOPMENT,SYNTHETIC_RESEARCH_FIXTURE,OG-SYNTH-0.3,B1-0.3,build_opus_synthetic_programme_v0_3.py@0.3,20260812,True,cb42655ac981a8a1deb388a861f8376e652ab3a9e0b1b7ee045724194950b093
REF-0134,HIGHWAY_CORRIDOR,CMAR,US-SOUTHEAST,0.0,15.89,39.076,3,0.331338,0.690467,0.94,123548325.02,190513486.31,296,519.998,0.542016,0.756749,RED,True,DEVELOPMENT,SYNTHETIC_RESEARCH_FIXTURE,OG-SYNTH-0.3,B1-0.3,build_opus_synthetic_programme_v0_3.py@0.3,20260812,True,f2642167b27f0b00c93daed8d8dcc78c1caf4b336f039c9a5eccc1f336df7973
REF-0135,VERTICAL_HOSPITAL,CMAR,US-SOUTHEAST,32981.333,0.0,70.564,10,0.168561,0.791503,0.94,158112541.45,170059572.19,524,477.917,0.07556,-0.087946,GREEN,False,DEVELOPMENT,SYNTHETIC_RESEARCH_FIXTURE,OG-SYNTH-0.3,B1-0.3,build_opus_synthetic_programme_v0_3.py@0.3,20260812,True,5847bc15148ab3c3d48a66ceb72d39d7bcd4ef400376d906712ad4f689264081
REF-0136,WATER_TREATMENT,CMAR,US-SOUTHEAST,18964.355,7.221,119.142,4,0.557242,0.496899,0.94,126724736.27,145575767.0,554,664.079,0.148756,0.198699,AMBER,False,DEVELOPMENT,SYNTHETIC_RESEARCH_FIXTURE,OG-SYNTH-0.3,B1-0.3,build_opus_synthetic_programme_v0_3.py@0.3,20260812,True,a8d3d110623512bb94e28fd3a680d8b37b5cefdad17fc06b81f5ff331c7d0973
REF-0137,RAIL_STATION,CMAR,US-SOUTHEAST,4367.85,21.499,54.409,9,0.614075,0.834864,0.94,187638351.89,203274683.61,474,581.003,0.083332,0.225746,RED,False,DEVELOPMENT,SYNTHETIC_RESEARCH_FIXTURE,OG-SYNTH-0.3,B1-0.3,build_opus_synthetic_programme_v0_3.py@0.3,20260812,True,52fd451ba729388cfb164918ebe181943856aef6553ac4c542a564b8f46a4397
REF-0138,DATA_CENTER,CMAR,US-SOUTHEAST,47040.033,7.492,122.452,2,0.451097,0.764516,0.94,163993766.58,193788450.37,572,588.443,0.181682,0.028747,AMBER,False,DEVELOPMENT,SYNTHETIC_RESEARCH_FIXTURE,OG-SYNTH-0.3,B1-0.3,build_opus_synthetic_programme_v0_3.py@0.3,20260812,True,e190404fc5421b449f75e230d2a19e30e78dd1cc59459ed97ddf048230026f9e
REF-0139,AIRPORT_TERMINAL,EPCM,US-SOUTHEAST,31234.187,9.851,63.341,3,0.621431,0.640422,0.94,170961226.22,215432715.33,592,705.468,0.260126,0.191668,RED,False,DEVELOPMENT,SYNTHETIC_RESEARCH_FIXTURE,OG-SYNTH-0.3,B1-0.3,build_opus_synthetic_programme_v0_3.py@0.3,20260812,True,0a5ec0723be6e23bc6d116355eb2139c0231828b2ad93763b3bc4cd78224c4f3
REF-0140,HIGHWAY_CORRIDOR,EPCM,US-SOUTHEAST,9629.433,16.302,96.999,1,0.305438,0.59717,0.94,133471967.9,156771508.89,442,492.516,0.174565,0.11429,AMBER,False,DEVELOPMENT,SYNTHETIC_RESEARCH_FIXTURE,OG-SYNTH-0.3,B1-0.3,build_opus_synthetic_programme_v0_3.py@0.3,20260812,True,603867f355b9787f9537c279c1fe05576baf93d9e64819d35b673a72cd0c98e5
REF-0141,VERTICAL_HOSPITAL,EPCM,US-SOUTHEAST,39371.479,1.038,42.849,13,0.48099,0.957038,0.94,195953234.7,217071698.04,584,622.884,0.107773,0.066583,AMBER,False,DEVELOPMENT,SYNTHETIC_RESEARCH_FIXTURE,OG-SYNTH-0.3,B1-0.3,build_opus_synthetic_programme_v0_3.py@0.3,20260812,True,0062255b6319fe2e1264866c98b530797ed82a119ad748b5ac763688b89a71ac
REF-0142,WATER_TREATMENT,EPCM,US-SOUTHEAST,0.0,0.0,146.866,4,0.232203,0.63202,0.94,88122484.79,101825788.35,308,332.026,0.155503,0.078007,AMBER,False,DEVELOPMENT,SYNTHETIC_RESEARCH_FIXTURE,OG-SYNTH-0.3,B1-0.3,build_opus_synthetic_programme_v0_3.py@0.3,20260812,True,86c53169195510204325ea645dbf9d6ddd6983e48c6a3fee1b5e27d778cb7eec
REF-0143,RAIL_STATION,EPCM,US-SOUTHEAST,15355.7,28.431,58.225,2,0.579027,0.762786,0.94,194879742.0,224143659.74,631,720.764,0.150164,0.142257,AMBER,False,DEVELOPMENT,SYNTHETIC_RESEARCH_FIXTURE,OG-SYNTH-0.3,B1-0.3,build_opus_synthetic_programme_v0_3.py@0.3,20260812,True,bcb9951f42ad0ddd9c1d59b4ce584b9cb2ae311fb9881336838d587a2b1ed9e6
REF-0144,DATA_CENTER,EPCM,US-SOUTHEAST,44747.512,0.0,126.749,7,0.490563,0.70944,0.94,158520020.35,191430837.2,619,668.191,0.207613,0.079469,AMBER,False,DEVELOPMENT,SYNTHETIC_RESEARCH_FIXTURE,OG-SYNTH-0.3,B1-0.3,build_opus_synthetic_programme_v0_3.py@0.3,20260812,True,ef89b3db296e6ab70a58e15b74a1503f777615d5c89ed40a0d968a136579ec17
REF-0145,AIRPORT_TERMINAL,DESIGN_BID_BUILD,US-MIDWEST,84880.603,0.0,65.555,4,0.49491,0.35,0.91,200067779.68,240516487.5,711,810.187,0.202175,0.139504,AMBER,False,LOCKED_HOLDOUT,SYNTHETIC_RESEARCH_FIXTURE,OG-SYNTH-0.3,B1-0.3,build_opus_synthetic_programme_v0_3.py@0.3,20260812,True,7461ff758f669ec18d314096d868c373dd4aefafe6efd4ca3fbca4dc2ce0cc05
REF-0146,HIGHWAY_CORRIDOR,DESIGN_BID_BUILD,US-MIDWEST,0.0,22.65,103.495,4,0.303161,0.792314,0.91,134585005.31,156665946.58,401,425.93,0.164067,0.062169,AMBER,False,VALIDATION,SYNTHETIC_RESEARCH_FIXTURE,OG-SYNTH-0.3,B1-0.3,build_opus_synthetic_programme_v0_3.py@0.3,20260812,True,2cbc32aaa2bb09dfa2ee4ad292921abe674cdc8ec6bb1f6829befc271167a5c5
REF-0147,VERTICAL_HOSPITAL,DESIGN_BID_BUILD,US-MIDWEST,38636.794,2.342,47.297,9,0.247173,0.843873,0.91,167068869.1,193966074.66,573,564.443,0.160995,-0.014934,AMBER,False,VALIDATION,SYNTHETIC_RESEARCH_FIXTURE,OG-SYNTH-0.3,B1-0.3,build_opus_synthetic_programme_v0_3.py@0.3,20260812,True,69ae0de272eb513e8e9c9299e08925c82f0abf73da264dff2737960bd9d22e61
REF-0148,WATER_TREATMENT,DESIGN_BID_BUILD,US-MIDWEST,6191.87,1.443,172.615,5,0.546439,0.701004,0.91,133993879.72,150778601.09,483,620.165,0.125265,0.283986,RED,False,VALIDATION,SYNTHETIC_RESEARCH_FIXTURE,OG-SYNTH-0.3,B1-0.3,build_opus_synthetic_programme_v0_3.py@0.3,20260812,True,2e22201648614d879adac6c277cb528609287f69e7e3fa1a16c0d55175f996f5
REF-0149,RAIL_STATION,DESIGN_BID_BUILD,US-MIDWEST,26210.982,21.678,116.839,5,0.431314,0.64984,0.91,184896743.8,227227795.06,595,686.827,0.228944,0.154331,RED,False,LOCKED_HOLDOUT,SYNTHETIC_RESEARCH_FIXTURE,OG-SYNTH-0.3,B1-0.3,build_opus_synthetic_programme_v0_3.py@0.3,20260812,True,de7a40eba5004481ad3ce98c3312318b794402d02f5becd887b3a713cba99d45
REF-0150,DATA_CENTER,DESIGN_BID_BUILD,US-MIDWEST,54514.973,2.368,93.506,4,0.149313,0.857695,0.91,156842638.29,175269358.98,547,584.645,0.117485,0.068821,AMBER,False,DEVELOPMENT,SYNTHETIC_RESEARCH_FIXTURE,OG-SYNTH-0.3,B1-0.3,build_opus_synthetic_programme_v0_3.py@0.3,20260812,True,8992156dd42ab19fbc4b2cac9f9737160b6f0afcf7d10095981eecb99dc5df3e
REF-0151,AIRPORT_TERMINAL,DESIGN_BUILD,US-MIDWEST,53055.972,1.259,29.977,2,0.206756,0.637107,0.91,147998863.3,156521307.76,557,661.733,0.057585,0.18803,AMBER,False,VALIDATION,SYNTHETIC_RESEARCH_FIXTURE,OG-SYNTH-0.3,B1-0.3,build_opus_synthetic_programme_v0_3.py@0.3,20260812,True,7a41a6ad64c93ff2a9c2e0c3ec843e89592af63c955ffde4392c5e942041b6cc
REF-0152,HIGHWAY_CORRIDOR,DESIGN_BUILD,US-MIDWEST,25633.626,9.212,54.639,6,0.652903,0.946345,0.91,133110084.68,161703965.18,548,644.746,0.214814,0.176543,AMBER,False,DEVELOPMENT,SYNTHETIC_RESEARCH_FIXTURE,OG-SYNTH-0.3,B1-0.3,build_opus_synthetic_programme_v0_3.py@0.3,20260812,True,5495c7d6610c6a4b2d1a7e215bda947b9258988c7365cf871d9d4dc6a68204ed
REF-0153,VERTICAL_HOSPITAL,DESIGN_BUILD,US-MIDWEST,51892.087,2.837,29.633,12,0.431315,0.957104,0.91,182646266.16,191652614.3,633,669.527,0.04931,0.057705,GREEN,False,DEVELOPMENT,SYNTHETIC_RESEARCH_FIXTURE,OG-SYNTH-0.3,B1-0.3,build_opus_synthetic_programme_v0_3.py@0.3,20260812,True,8ff7b5e4706428fe9da6ec6f551f7e7b882b12ed347d40cb52635d2cebf7ac23
REF-0154,WATER_TREATMENT,DESIGN_BUILD,US-MIDWEST,0.0,2.698,120.871,2,0.483346,0.838237,0.91,96255092.3,109609026.07,400,488.902,0.138735,0.222256,RED,False,DEVELOPMENT,SYNTHETIC_RESEARCH_FIXTURE,OG-SYNTH-0.3,B1-0.3,build_opus_synthetic_programme_v0_3.py@0.3,20260812,True,28379295e5e88e48bfafd4ec94374c7eefda7253568c1397cc942ce05c994fc6
REF-0155,RAIL_STATION,DESIGN_BUILD,US-MIDWEST,14622.032,21.242,112.756,4,0.344055,0.678129,0.91,162148733.76,166846625.19,533,584.496,0.028973,0.096615,AMBER,False,LOCKED_HOLDOUT,SYNTHETIC_RESEARCH_FIXTURE,OG-SYNTH-0.3,B1-0.3,build_opus_synthetic_programme_v0_3.py@0.3,20260812,True,8991447463e0494562902c856456eec4920f7994191faa643d38c2c94b61be4c
REF-0156,DATA_CENTER,DESIGN_BUILD,US-MIDWEST,36110.393,0.0,101.945,1,0.586257,0.819362,0.91,122207471.81,128450729.67,558,669.439,0.051087,0.199712,AMBER,False,DEVELOPMENT,SYNTHETIC_RESEARCH_FIXTURE,OG-SYNTH-0.3,B1-0.3,build_opus_synthetic_programme_v0_3.py@0.3,20260812,True,76bed60b318215aceb8fe1e9cedc642670bcd33d786997b9affe3a4f2515f302
REF-0157,AIRPORT_TERMINAL,CMAR,US-MIDWEST,30189.812,3.287,91.404,3,0.72025,0.78183,0.91,161364447.89,195771447.88,547,638.048,0.213225,0.166449,AMBER,False,LOCKED_HOLDOUT,SYNTHETIC_RESEARCH_FIXTURE,OG-SYNTH-0.3,B1-0.3,build_opus_synthetic_programme_v0_3.py@0.3,20260812,True,7d2a1cb0c10cc7152a776107138713f91ea23e78e6fd0b02850c6441d52d93a0
REF-0158,HIGHWAY_CORRIDOR,CMAR,US-MIDWEST,0.0,17.017,24.257,1,0.337571,0.548183,0.91,95314311.44,110957602.23,308,306.469,0.164123,-0.00497,AMBER,False,VALIDATION,SYNTHETIC_RESEARCH_FIXTURE,OG-SYNTH-0.3,B1-0.3,build_opus_synthetic_programme_v0_3.py@0.3,20260812,True,515d9ff953493b6d8170f46163542c0202c041ef84b2db79da1eb583e6af570d
REF-0159,VERTICAL_HOSPITAL,CMAR,US-MIDWEST,44016.098,0.0,67.324,7,0.658437,0.761632,0.91,165351653.96,190802325.67,620,736.949,0.153918,0.188627,AMBER,False,DEVELOPMENT,SYNTHETIC_RESEARCH_FIXTURE,OG-SYNTH-0.3,B1-0.3,build_opus_synthetic_programme_v0_3.py@0.3,20260812,True,66711c405246168c922f13827072060f50edac978e73e4ab16b542a340fde6f9
REF-0160,WATER_TREATMENT,CMAR,US-MIDWEST,0.0,0.0,131.579,5,0.64582,0.484523,0.91,106432909.99,122253347.58,334,413.62,0.148642,0.238383,RED,False,DEVELOPMENT,SYNTHETIC_RESEARCH_FIXTURE,OG-SYNTH-0.3,B1-0.3,build_opus_synthetic_programme_v0_3.py@0.3,20260812,True,e9def26ca582a4e77e269ee7ab17aff898caeff00fcbea0fac858a003d070078
REF-0161,RAIL_STATION,CMAR,US-MIDWEST,25517.823,21.785,35.654,3,0.675095,0.98702,0.91,181166279.52,207925463.61,633,711.795,0.147705,0.124479,AMBER,False,DEVELOPMENT,SYNTHETIC_RESEARCH_FIXTURE,OG-SYNTH-0.3,B1-0.3,build_opus_synthetic_programme_v0_3.py@0.3,20260812,True,9172e54116a8e39119d30c0866c9108ac764e3e6d7511fe827e78ea024a03ebd
REF-0162,DATA_CENTER,CMAR,US-MIDWEST,55097.24,3.848,88.224,5,0.168938,0.6914,0.91,146501965.28,145793302.32,554,606.994,-0.004837,0.095658,AMBER,False,DEVELOPMENT,SYNTHETIC_RESEARCH_FIXTURE,OG-SYNTH-0.3,B1-0.3,build_opus_synthetic_programme_v0_3.py@0.3,20260812,True,8e2ef2d0c01dec269b9a5d16bf80b714a05b440a6aa6a435600ccefc52f4ca73
REF-0163,AIRPORT_TERMINAL,EPCM,US-MIDWEST,14720.69,0.0,60.785,2,0.79327,0.571434,0.91,152438165.93,184776774.26,430,500.055,0.212142,0.162919,AMBER,False,LOCKED_HOLDOUT,SYNTHETIC_RESEARCH_FIXTURE,OG-SYNTH-0.3,B1-0.3,build_opus_synthetic_programme_v0_3.py@0.3,20260812,True,c72686cdaabf5acf2fa5b6e01f6e3e487d8fe599dd209032a03aab0b05ef4929
REF-0164,HIGHWAY_CORRIDOR,EPCM,US-MIDWEST,6916.798,10.914,55.643,6,0.685305,0.773651,0.91,127755716.02,152329062.51,468,576.986,0.192346,0.232877,RED,False,DEVELOPMENT,SYNTHETIC_RESEARCH_FIXTURE,OG-SYNTH-0.3,B1-0.3,build_opus_synthetic_programme_v0_3.py@0.3,20260812,True,5e414cb5eb72025eae372568d25d9d7156f5d796217c168fdb46fd6b3f7a01ea
REF-0165,VERTICAL_HOSPITAL,EPCM,US-MIDWEST,40081.399,0.0,56.266,17,0.175234,0.699441,0.91,178015422.25,198525891.49,540,571.867,0.115217,0.059014,AMBER,False,LOCKED_HOLDOUT,SYNTHETIC_RESEARCH_FIXTURE,OG-SYNTH-0.3,B1-0.3,build_opus_synthetic_programme_v0_3.py@0.3,20260812,True,235d6c4b4f36b09eaaf1865b541ebe24be6d91004494a15fa25df36699748e55
REF-0166,WATER_TREATMENT,EPCM,US-MIDWEST,24620.235,1.754,101.646,5,0.273862,0.919776,0.91,110759035.45,121656942.73,504,539.587,0.098393,0.07061,AMBER,False,DEVELOPMENT,SYNTHETIC_RESEARCH_FIXTURE,OG-SYNTH-0.3,B1-0.3,build_opus_synthetic_programme_v0_3.py@0.3,20260812,True,afe8e0a2aabeb77b3254f328bf69b26f30f44935b14f655d79f03bd23efc205c
REF-0167,RAIL_STATION,EPCM,US-MIDWEST,6508.799,19.038,43.482,5,0.32859,0.758459,0.91,141967392.03,197579204.61,451,707.224,0.391722,0.568123,RED,True,VALIDATION,SYNTHETIC_RESEARCH_FIXTURE,OG-SYNTH-0.3,B1-0.3,build_opus_synthetic_programme_v0_3.py@0.3,20260812,True,900b58d5a6c0e54a98f39a8c7a990310372a0a7ad1af637dba25978bacccb7e7
REF-0168,DATA_CENTER,EPCM,US-MIDWEST,59225.824,4.764,117.488,7,0.718163,0.615752,0.91,177865237.93,209902225.48,634,748.898,0.180119,0.181227,AMBER,False,DEVELOPMENT,SYNTHETIC_RESEARCH_FIXTURE,OG-SYNTH-0.3,B1-0.3,build_opus_synthetic_programme_v0_3.py@0.3,20260812,True,5b9c34fbbdce14db3b686f24796346e1512642f9d9d681e3de351ef24706acfe
REF-0169,AIRPORT_TERMINAL,DESIGN_BID_BUILD,US-WEST,57480.284,0.0,35.501,2,0.550923,0.75748,1.12,211083385.82,245577472.17,642,790.361,0.163415,0.231092,RED,False,VALIDATION,SYNTHETIC_RESEARCH_FIXTURE,OG-SYNTH-0.3,B1-0.3,build_opus_synthetic_programme_v0_3.py@0.3,20260812,True,e71baac96165a87babb1efdb0b1b6640fa27ca96be9f8fb47597b5025f0832b4
REF-0170,HIGHWAY_CORRIDOR,DESIGN_BID_BUILD,US-WEST,6257.61,15.035,1.0,10,0.28335,0.922725,1.12,135409769.79,153258939.37,452,505.089,0.131816,0.117453,AMBER,False,DEVELOPMENT,SYNTHETIC_RESEARCH_FIXTURE,OG-SYNTH-0.3,B1-0.3,build_opus_synthetic_programme_v0_3.py@0.3,20260812,True,a3a00cee1ff853e9410553e99e1e23cb80dab11a2483458bfcc3a383c9ae0cb5
REF-0171,VERTICAL_HOSPITAL,DESIGN_BID_BUILD,US-WEST,44495.984,3.37,15.439,7,0.82533,0.810988,1.12,241268605.28,304686775.51,669,706.675,0.262853,0.056315,RED,False,DEVELOPMENT,SYNTHETIC_RESEARCH_FIXTURE,OG-SYNTH-0.3,B1-0.3,build_opus_synthetic_programme_v0_3.py@0.3,20260812,True,07059b41441e633de7336fa5c8bc6d46fe046d552265e08712081d8bfa5a0b59
REF-0172,WATER_TREATMENT,DESIGN_BID_BUILD,US-WEST,31651.787,3.25,102.451,6,0.200015,0.35,1.12,148141694.59,175818464.95,518,636.855,0.186826,0.22945,RED,False,LOCKED_HOLDOUT,SYNTHETIC_RESEARCH_FIXTURE,OG-SYNTH-0.3,B1-0.3,build_opus_synthetic_programme_v0_3.py@0.3,20260812,True,2f919d239c90f80613da561be088c2109255061fedcebb68e210175464900082
REF-0173,RAIL_STATION,DESIGN_BID_BUILD,US-WEST,0.0,13.98,49.303,8,0.692986,0.532071,1.12,193968886.12,239445347.17,326,366.566,0.234452,0.124436,RED,False,LOCKED_HOLDOUT,SYNTHETIC_RESEARCH_FIXTURE,OG-SYNTH-0.3,B1-0.3,build_opus_synthetic_programme_v0_3.py@0.3,20260812,True,6375d9f021ad0c729f716b11332f8b850ee8f61bd9f40de115a31da5aff9c78f
REF-0174,DATA_CENTER,DESIGN_BID_BUILD,US-WEST,52616.06,0.0,107.914,1,0.698102,0.932804,1.12,196926376.87,221904839.72,641,799.966,0.126842,0.247997,RED,False,DEVELOPMENT,SYNTHETIC_RESEARCH_FIXTURE,OG-SYNTH-0.3,B1-0.3,build_opus_synthetic_programme_v0_3.py@0.3,20260812,True,dccb14b5ce6aa0ce4321f2b2bde2f0ca81826293941399b61481ccdfe6cae3fd
REF-0175,AIRPORT_TERMINAL,DESIGN_BUILD,US-WEST,36366.275,4.408,70.862,2,0.531352,0.387805,1.12,195657505.78,219867590.85,562,660.889,0.123737,0.175958,AMBER,False,VALIDATION,SYNTHETIC_RESEARCH_FIXTURE,OG-SYNTH-0.3,B1-0.3,build_opus_synthetic_programme_v0_3.py@0.3,20260812,True,988b790ca5bee24dfb2d4dd2d2bf56eae8c959ee310492486b8d501b65b03181
REF-0176,HIGHWAY_CORRIDOR,DESIGN_BUILD,US-WEST,24832.511,24.529,98.79,1,0.699279,0.784123,1.12,217733377.76,241728445.81,571,669.556,0.110204,0.172602,AMBER,False,DEVELOPMENT,SYNTHETIC_RESEARCH_FIXTURE,OG-SYNTH-0.3,B1-0.3,build_opus_synthetic_programme_v0_3.py@0.3,20260812,True,8900636d15497486691edf4346aede5e95178a837fc60092a2f90874b4bb00a1
REF-0177,VERTICAL_HOSPITAL,DESIGN_BUILD,US-WEST,57274.32,0.0,42.544,9,0.575933,0.584688,1.12,226522130.77,264403155.22,664,704.794,0.167229,0.061437,AMBER,False,LOCKED_HOLDOUT,SYNTHETIC_RESEARCH_FIXTURE,OG-SYNTH-0.3,B1-0.3,build_opus_synthetic_programme_v0_3.py@0.3,20260812,True,7a02bd55ab6c08e3c7a0476666d794502153fa099f87cd2b847cf5d7b26c2b60
REF-0178,WATER_TREATMENT,DESIGN_BUILD,US-WEST,2981.832,8.129,95.093,1,0.535104,0.544958,1.12,136553019.23,156322336.34,439,523.519,0.144774,0.192526,AMBER,False,DEVELOPMENT,SYNTHETIC_RESEARCH_FIXTURE,OG-SYNTH-0.3,B1-0.3,build_opus_synthetic_programme_v0_3.py@0.3,20260812,True,7c267148bdd1a3a052da9db9837b75295035c32421ef64de530a867178358986
REF-0179,RAIL_STATION,DESIGN_BUILD,US-WEST,27789.805,20.416,57.399,1,0.897233,0.722934,1.12,237471055.75,287089104.01,691,893.951,0.208944,0.293707,RED,False,DEVELOPMENT,SYNTHETIC_RESEARCH_FIXTURE,OG-SYNTH-0.3,B1-0.3,build_opus_synthetic_programme_v0_3.py@0.3,20260812,True,d4f3d9434a9f2a7ec738ab92193616acd70504d42652e4171c50d3621292161e
REF-0180,DATA_CENTER,DESIGN_BUILD,US-WEST,26743.254,0.0,125.676,9,0.814317,0.793831,1.12,178239073.62,205945381.19,571,688.802,0.155445,0.206309,AMBER,False,VALIDATION,SYNTHETIC_RESEARCH_FIXTURE,OG-SYNTH-0.3,B1-0.3,build_opus_synthetic_programme_v0_3.py@0.3,20260812,True,298ac10cf727e3af6e4045c7a0e2d47166c7c42f5557269c8a9d93911d31b0bf
REF-0181,AIRPORT_TERMINAL,CMAR,US-WEST,71560.775,10.816,57.39,8,0.447199,0.868974,1.12,260393988.36,314284424.58,626,748.095,0.206957,0.195039,AMBER,False,DEVELOPMENT,SYNTHETIC_RESEARCH_FIXTURE,OG-SYNTH-0.3,B1-0.3,build_opus_synthetic_programme_v0_3.py@0.3,20260812,True,9e0b59088cc40a14117db9016ce0e93b60c952908116c46e0faaa609abce59c5
REF-0182,HIGHWAY_CORRIDOR,CMAR,US-WEST,12047.43,12.08,45.547,3,0.598774,0.483657,1.12,151758331.05,177611091.71,535,605.956,0.170355,0.132627,AMBER,False,VALIDATION,SYNTHETIC_RESEARCH_FIXTURE,OG-SYNTH-0.3,B1-0.3,build_opus_synthetic_programme_v0_3.py@0.3,20260812,True,2efd671f92d1805129865ce9f71c51acf7834306079037ca64fc69030873b414
REF-0183,VERTICAL_HOSPITAL,CMAR,US-WEST,43531.24,4.035,87.461,13,0.602929,0.730614,1.12,254821888.33,292202304.83,609,742.005,0.146692,0.2184,AMBER,False,DEVELOPMENT,SYNTHETIC_RESEARCH_FIXTURE,OG-SYNTH-0.3,B1-0.3,build_opus_synthetic_programme_v0_3.py@0.3,20260812,True,6fb746e589ee100a34a6942544fe4bdde254d82a166b0df24f7407aacb2ece05
REF-0184,WATER_TREATMENT,CMAR,US-WEST,0.0,4.977,123.933,4,0.644271,0.639028,1.12,144326899.05,181494847.4,339,406.521,0.257526,0.199177,RED,False,VALIDATION,SYNTHETIC_RESEARCH_FIXTURE,OG-SYNTH-0.3,B1-0.3,build_opus_synthetic_programme_v0_3.py@0.3,20260812,True,9676eec4308857aec1607e546491b0271757bd12e08914e7209f39f2c4c533cb
REF-0185,RAIL_STATION,CMAR,US-WEST,0.0,15.273,60.387,7,0.622849,0.638795,1.12,183359535.69,208500667.64,418,473.57,0.137114,0.132942,AMBER,False,LOCKED_HOLDOUT,SYNTHETIC_RESEARCH_FIXTURE,OG-SYNTH-0.3,B1-0.3,build_opus_synthetic_programme_v0_3.py@0.3,20260812,True,1aadaff60e1d9c85782492d6248a873d9aacf9d1670c402fcedb04b4a1ad7782
REF-0186,DATA_CENTER,CMAR,US-WEST,39667.745,5.127,149.445,4,0.5348,0.871868,1.12,196833308.7,227627149.18,592,688.742,0.156446,0.163416,AMBER,False,DEVELOPMENT,SYNTHETIC_RESEARCH_FIXTURE,OG-SYNTH-0.3,B1-0.3,build_opus_synthetic_programme_v0_3.py@0.3,20260812,True,092fe791d435e31c26a33bc90a86c600db80844587ad0d6f0e9ac46249b79ceb
REF-0187,AIRPORT_TERMINAL,EPCM,US-WEST,28573.833,2.632,80.15,2,0.237125,0.813357,1.12,183336382.35,205312957.75,474,511.34,0.11987,0.078777,AMBER,False,DEVELOPMENT,SYNTHETIC_RESEARCH_FIXTURE,OG-SYNTH-0.3,B1-0.3,build_opus_synthetic_programme_v0_3.py@0.3,20260812,True,154c4f28f3d22bdc1705d3d9766ccedbd302535ca1cec4339b16b81b73f892e3
REF-0188,HIGHWAY_CORRIDOR,EPCM,US-WEST,9160.385,12.01,70.093,6,0.259,0.720601,1.12,138973902.43,153705543.67,463,460.737,0.106003,-0.004887,AMBER,False,LOCKED_HOLDOUT,SYNTHETIC_RESEARCH_FIXTURE,OG-SYNTH-0.3,B1-0.3,build_opus_synthetic_programme_v0_3.py@0.3,20260812,True,190ceac6d71840aa5478093bcfca68e9cc7c4c03cb4794b15a7ca8a92d6b06f6
REF-0189,VERTICAL_HOSPITAL,EPCM,US-WEST,42248.631,0.0,72.75,11,0.695463,0.766982,1.12,221221898.72,319074806.93,585,881.022,0.442329,0.506021,RED,True,LOCKED_HOLDOUT,SYNTHETIC_RESEARCH_FIXTURE,OG-SYNTH-0.3,B1-0.3,build_opus_synthetic_programme_v0_3.py@0.3,20260812,True,a9e5f98d0450d0cd1e722579c2d29d43f1ef528b185c4c98390454b54ac1e409
REF-0190,WATER_TREATMENT,EPCM,US-WEST,12969.729,4.112,150.194,3,0.545148,0.44509,1.12,145322147.0,186835685.91,451,520.98,0.285666,0.155167,RED,False,LOCKED_HOLDOUT,SYNTHETIC_RESEARCH_FIXTURE,OG-SYNTH-0.3,B1-0.3,build_opus_synthetic_programme_v0_3.py@0.3,20260812,True,94b3165b7315c7da9234917c81f2d882591d115c7bb5676cf38e2572890a5b20
REF-0191,RAIL_STATION,EPCM,US-WEST,0.0,16.949,82.848,1,0.341485,0.625072,1.12,168247550.17,192824688.62,334,366.811,0.146077,0.098237,AMBER,False,DEVELOPMENT,SYNTHETIC_RESEARCH_FIXTURE,OG-SYNTH-0.3,B1-0.3,build_opus_synthetic_programme_v0_3.py@0.3,20260812,True,923cc0f3babd4f945af1b33ba6d3145494d42e052f0262850f064128d842ee94
REF-0192,DATA_CENTER,EPCM,US-WEST,27960.022,1.793,139.134,2,0.682925,0.86121,1.12,184611164.52,229857605.6,619,710.125,0.24509,0.147214,RED,False,VALIDATION,SYNTHETIC_RESEARCH_FIXTURE,OG-SYNTH-0.3,B1-0.3,build_opus_synthetic_programme_v0_3.py@0.3,20260812,True,08aeb7c929edd365e7e43f64ff46f590172aea1c31cfd3350631d3da428f1ad3
REF-0193,AIRPORT_TERMINAL,DESIGN_BID_BUILD,US-NORTHEAST,53093.207,6.344,76.093,5,0.933072,0.782396,1.18,270767022.81,320360046.26,668,873.639,0.183158,0.307843,RED,False,DEVELOPMENT,SYNTHETIC_RESEARCH_FIXTURE,OG-SYNTH-0.3,B1-0.3,build_opus_synthetic_programme_v0_3.py@0.3,20260812,True,23263d456cf782f97b4e414982618180d1d5cf7d9b52e3b6a82b0a1142a7ca65
REF-0194,HIGHWAY_CORRIDOR,DESIGN_BID_BUILD,US-NORTHEAST,9274.8,23.006,97.195,1,0.850416,0.35,1.18,207231980.02,254167014.54,558,676.386,0.226485,0.212161,RED,False,LOCKED_HOLDOUT,SYNTHETIC_RESEARCH_FIXTURE,OG-SYNTH-0.3,B1-0.3,build_opus_synthetic_programme_v0_3.py@0.3,20260812,True,691aed2f9f616891c8768a832f24ced7d456efdec3769a2501ba1fb63c29c055
REF-0195,VERTICAL_HOSPITAL,DESIGN_BID_BUILD,US-NORTHEAST,15871.654,7.356,47.679,14,0.177885,0.495822,1.18,200968753.97,347446834.62,476,742.424,0.72886,0.559714,RED,True,DEVELOPMENT,SYNTHETIC_RESEARCH_FIXTURE,OG-SYNTH-0.3,B1-0.3,build_opus_synthetic_programme_v0_3.py@0.3,20260812,True,37481a189ef663ada5ee3b289e1e6b33e04e44cac28d6cfa48d0f7ccb63f10cf
REF-0196,WATER_TREATMENT,DESIGN_BID_BUILD,US-NORTHEAST,12196.519,0.0,125.602,5,0.494037,0.356118,1.18,150380398.22,179069729.15,476,556.6,0.190778,0.169328,AMBER,False,DEVELOPMENT,SYNTHETIC_RESEARCH_FIXTURE,OG-SYNTH-0.3,B1-0.3,build_opus_synthetic_programme_v0_3.py@0.3,20260812,True,54023ddc9b2a090516ca7bdb28369b142c4155678714f8b1343393591457f453
REF-0197,RAIL_STATION,DESIGN_BID_BUILD,US-NORTHEAST,17268.223,24.913,31.094,4,0.430162,0.622442,1.18,228410197.57,263901835.82,576,660.444,0.155386,0.146604,AMBER,False,DEVELOPMENT,SYNTHETIC_RESEARCH_FIXTURE,OG-SYNTH-0.3,B1-0.3,build_opus_synthetic_programme_v0_3.py@0.3,20260812,True,c826a9f570f9ea9733e9ab152dcfb36a661818343ced593b2f6eba4331cc73ce
REF-0198,DATA_CENTER,DESIGN_BID_BUILD,US-NORTHEAST,31767.375,0.0,147.223,6,0.892856,0.778203,1.18,202253656.39,259222203.25,621,782.873,0.281669,0.260666,RED,False,DEVELOPMENT,SYNTHETIC_RESEARCH_FIXTURE,OG-SYNTH-0.3,B1-0.3,build_opus_synthetic_programme_v0_3.py@0.3,20260812,True,24aca077e888738e1e44c591a90a21d5a150c77aeae1041103f7367e0e6711ea
REF-0199,AIRPORT_TERMINAL,DESIGN_BUILD,US-NORTHEAST,39046.179,0.0,63.991,6,0.465863,0.99,1.18,206640185.83,228536215.12,538,544.734,0.105962,0.012516,AMBER,False,DEVELOPMENT,SYNTHETIC_RESEARCH_FIXTURE,OG-SYNTH-0.3,B1-0.3,build_opus_synthetic_programme_v0_3.py@0.3,20260812,True,6adc28ed5c8f6ddc25afb3cf634100ff0545abfc8543c80d99a73de4c0084673
REF-0200,HIGHWAY_CORRIDOR,DESIGN_BUILD,US-NORTHEAST,24843.966,10.122,69.862,5,0.179961,0.640153,1.18,154357350.94,163786291.91,524,602.998,0.061085,0.15076,AMBER,False,DEVELOPMENT,SYNTHETIC_RESEARCH_FIXTURE,OG-SYNTH-0.3,B1-0.3,build_opus_synthetic_programme_v0_3.py@0.3,20260812,True,89a7ea1a88030c5f63e2b2aabe7b661f46dcb3c2270d28f29dd2496dc0d22844
REF-0201,VERTICAL_HOSPITAL,DESIGN_BUILD,US-NORTHEAST,36049.512,0.0,18.646,11,0.67091,0.940909,1.18,214324312.88,273584022.15,578,642.94,0.276496,0.112352,RED,False,DEVELOPMENT,SYNTHETIC_RESEARCH_FIXTURE,OG-SYNTH-0.3,B1-0.3,build_opus_synthetic_programme_v0_3.py@0.3,20260812,True,8afe94f916d78ef50bd04dc8e2f37c23f979c41871c5e320f87ce12d96cc9a38
REF-0202,WATER_TREATMENT,DESIGN_BUILD,US-NORTHEAST,10964.191,1.889,77.271,1,0.121438,0.35,1.18,91980168.04,94746100.6,388,409.605,0.030071,0.055683,GREEN,False,LOCKED_HOLDOUT,SYNTHETIC_RESEARCH_FIXTURE,OG-SYNTH-0.3,B1-0.3,build_opus_synthetic_programme_v0_3.py@0.3,20260812,True,c5439a9c3626c5f78df47283be577b34a259e3b0d4dabf97053347e8c48c2640
REF-0203,RAIL_STATION,DESIGN_BUILD,US-NORTHEAST,0.0,12.631,39.932,3,0.745867,0.541064,1.18,185595953.7,218603526.7,463,584.971,0.177846,0.263436,RED,False,DEVELOPMENT,SYNTHETIC_RESEARCH_FIXTURE,OG-SYNTH-0.3,B1-0.3,build_opus_synthetic_programme_v0_3.py@0.3,20260812,True,2b90a0629ffda7281b6aba4c29fa82cb3fd674859927b69f987e5bf609e26796
REF-0204,DATA_CENTER,DESIGN_BUILD,US-NORTHEAST,46473.014,4.299,148.743,1,0.129173,0.92267,1.18,170158558.31,180948897.17,550,620.62,0.063413,0.1284,AMBER,False,DEVELOPMENT,SYNTHETIC_RESEARCH_FIXTURE,OG-SYNTH-0.3,B1-0.3,build_opus_synthetic_programme_v0_3.py@0.3,20260812,True,8a6e3e52d252108cc3a7f5f52b05be5830ebf709f09e010f2eb676ea4d64f8ad
REF-0205,AIRPORT_TERMINAL,CMAR,US-NORTHEAST,43490.344,0.664,35.717,4,0.552785,0.702778,1.18,200664126.83,231678254.46,563,691.691,0.154557,0.228581,RED,False,VALIDATION,SYNTHETIC_RESEARCH_FIXTURE,OG-SYNTH-0.3,B1-0.3,build_opus_synthetic_programme_v0_3.py@0.3,20260812,True,a3e49e424d8e3958fa2c5f03cd26d9be4301600d43c4807d29e7ecdfc8d650d3
REF-0206,HIGHWAY_CORRIDOR,CMAR,US-NORTHEAST,0.0,15.525,68.893,4,0.552097,0.641783,1.18,151675604.87,195293696.51,406,501.821,0.287575,0.236011,RED,False,DEVELOPMENT,SYNTHETIC_RESEARCH_FIXTURE,OG-SYNTH-0.3,B1-0.3,build_opus_synthetic_programme_v0_3.py@0.3,20260812,True,28e99e68f0a055a4a3d4d14a868d1509ed41214e6659a7c61349d313574dbccc
REF-0207,VERTICAL_HOSPITAL,CMAR,US-NORTHEAST,49143.485,0.0,52.397,10,0.678766,0.823885,1.18,229117438.52,276234533.34,647,722.221,0.205646,0.116261,AMBER,False,DEVELOPMENT,SYNTHETIC_RESEARCH_FIXTURE,OG-SYNTH-0.3,B1-0.3,build_opus_synthetic_programme_v0_3.py@0.3,20260812,True,805cd19f1086bc24b3e57aaaabe76a0db1ce9cf40ee7763987093e4b0d95db5d
REF-0208,WATER_TREATMENT,CMAR,US-NORTHEAST,606.149,0.0,97.215,6,0.709389,0.932086,1.18,142225667.92,175570401.36,426,532.777,0.234449,0.250651,RED,False,DEVELOPMENT,SYNTHETIC_RESEARCH_FIXTURE,OG-SYNTH-0.3,B1-0.3,build_opus_synthetic_programme_v0_3.py@0.3,20260812,True,1fff136315620546a0f69faaa3ddc868f705cb0a4e1b4eceb4b4e370c36a325e
REF-0209,RAIL_STATION,CMAR,US-NORTHEAST,5147.539,31.381,41.289,1,0.330727,0.785532,1.18,224102439.85,211623736.32,527,546.894,-0.055683,0.03775,GREEN,False,LOCKED_HOLDOUT,SYNTHETIC_RESEARCH_FIXTURE,OG-SYNTH-0.3,B1-0.3,build_opus_synthetic_programme_v0_3.py@0.3,20260812,True,18d8ccecaa5b4bb0b435087eb6b13132baf09db0dd92b081c4015039d01cacdf
REF-0210,DATA_CENTER,CMAR,US-NORTHEAST,41425.246,0.0,117.978,4,0.164981,0.500318,1.18,160701156.5,171748360.54,561,641.943,0.068744,0.144283,AMBER,False,VALIDATION,SYNTHETIC_RESEARCH_FIXTURE,OG-SYNTH-0.3,B1-0.3,build_opus_synthetic_programme_v0_3.py@0.3,20260812,True,d1444d2d5a77a2569d6a1a8c5696cbb818397e58363d26be6ba81e8edd2813cf
REF-0211,AIRPORT_TERMINAL,EPCM,US-NORTHEAST,31610.284,9.972,37.276,3,0.361056,0.735673,1.18,207875803.1,231619192.53,558,685.06,0.114219,0.227707,RED,False,DEVELOPMENT,SYNTHETIC_RESEARCH_FIXTURE,OG-SYNTH-0.3,B1-0.3,build_opus_synthetic_programme_v0_3.py@0.3,20260812,True,efd953521624c379aede329cd7698ba0a6343f160c8e1674f6efb1a956a902d0
REF-0212,HIGHWAY_CORRIDOR,EPCM,US-NORTHEAST,32926.183,27.502,65.664,7,0.333639,0.519591,1.18,230571722.62,239568504.99,560,658.743,0.039019,0.176327,AMBER,False,VALIDATION,SYNTHETIC_RESEARCH_FIXTURE,OG-SYNTH-0.3,B1-0.3,build_opus_synthetic_programme_v0_3.py@0.3,20260812,True,ec5e6dbfe45db0f4fbcc3dfdd4daef9aeb001d71a0d8a19044639e13e73b6671
REF-0213,VERTICAL_HOSPITAL,EPCM,US-NORTHEAST,34237.137,0.0,89.229,14,0.310764,0.881879,1.18,215244657.59,238600355.56,494,572.13,0.108508,0.158157,AMBER,False,LOCKED_HOLDOUT,SYNTHETIC_RESEARCH_FIXTURE,OG-SYNTH-0.3,B1-0.3,build_opus_synthetic_programme_v0_3.py@0.3,20260812,True,68cf8d6fbf326fdb44053a1103fda51ea41b44b07c6ae5acf96f5d4bb64bac36
REF-0214,WATER_TREATMENT,EPCM,US-NORTHEAST,0.0,5.629,152.38,3,0.461926,0.819748,1.18,141927821.62,167990947.64,375,466.358,0.183636,0.243623,RED,False,VALIDATION,SYNTHETIC_RESEARCH_FIXTURE,OG-SYNTH-0.3,B1-0.3,build_opus_synthetic_programme_v0_3.py@0.3,20260812,True,2d45f762e9d6b3047df891a748ea449102c9b2746dd7055f3b4ca89260e968e6
REF-0215,RAIL_STATION,EPCM,US-NORTHEAST,1989.193,18.882,71.571,6,0.427911,0.9682,1.18,200136177.98,241573686.19,429,514.002,0.207047,0.19814,AMBER,False,VALIDATION,SYNTHETIC_RESEARCH_FIXTURE,OG-SYNTH-0.3,B1-0.3,build_opus_synthetic_programme_v0_3.py@0.3,20260812,True,8065a1eb1e15908080b2a2b75d12a5a5f6d694be672e978947e5a551cfbb47eb
REF-0216,DATA_CENTER,EPCM,US-NORTHEAST,34665.84,0.0,125.089,14,0.527362,0.884478,1.18,204863114.83,230638543.64,542,670.125,0.125818,0.236392,RED,False,DEVELOPMENT,SYNTHETIC_RESEARCH_FIXTURE,OG-SYNTH-0.3,B1-0.3,build_opus_synthetic_programme_v0_3.py@0.3,20260812,True,21b1d7b8d3e5df89277a99e7cf4cd3781d23bf03e96b884d9b90a83874da12c4
REF-0217,AIRPORT_TERMINAL,DESIGN_BID_BUILD,US-SOUTHEAST,49428.267,0.917,48.665,3,0.408501,0.626798,0.94,161614724.85,181559217.24,573,635.629,0.123408,0.1093,AMBER,False,LOCKED_HOLDOUT,SYNTHETIC_RESEARCH_FIXTURE,OG-SYNTH-0.3,B1-0.3,build_opus_synthetic_programme_v0_3.py@0.3,20260812,True,1673ed6a4babbadb451ea14c5ca3e3ca94a6d1efaf9a81dc367ac92c127d6bcb
REF-0218,HIGHWAY_CORRIDOR,DESIGN_BID_BUILD,US-SOUTHEAST,5900.487,20.37,14.763,2,0.538905,0.360553,0.94,125747267.72,156606743.33,514,582.834,0.245409,0.133918,RED,False,DEVELOPMENT,SYNTHETIC_RESEARCH_FIXTURE,OG-SYNTH-0.3,B1-0.3,build_opus_synthetic_programme_v0_3.py@0.3,20260812,True,7b70bc8963d48a70130a6f93fd28043cc90e79aa307e6b67111d467c462ef518
REF-0219,VERTICAL_HOSPITAL,DESIGN_BID_BUILD,US-SOUTHEAST,40737.728,5.38,80.068,9,0.593273,0.890721,0.94,205028361.8,253966608.4,611,754.126,0.23869,0.234248,RED,False,DEVELOPMENT,SYNTHETIC_RESEARCH_FIXTURE,OG-SYNTH-0.3,B1-0.3,build_opus_synthetic_programme_v0_3.py@0.3,20260812,True,4e2df16b4182bb32c701c7e720fbd5a8453557d6de42c748531e97786e39827a
REF-0220,WATER_TREATMENT,DESIGN_BID_BUILD,US-SOUTHEAST,28568.485,0.858,143.827,2,0.740904,0.95555,0.94,164100405.57,181582081.92,596,755.11,0.10653,0.266963,RED,False,DEVELOPMENT,SYNTHETIC_RESEARCH_FIXTURE,OG-SYNTH-0.3,B1-0.3,build_opus_synthetic_programme_v0_3.py@0.3,20260812,True,9d509533f8e31f7c66e2217c720079a131e352788977a93860e60980501efdb1
REF-0221,RAIL_STATION,DESIGN_BID_BUILD,US-SOUTHEAST,9813.724,15.87,89.282,3,0.109237,0.577218,0.94,148939301.7,166265519.46,458,507.389,0.116331,0.107836,AMBER,False,VALIDATION,SYNTHETIC_RESEARCH_FIXTURE,OG-SYNTH-0.3,B1-0.3,build_opus_synthetic_programme_v0_3.py@0.3,20260812,True,3d79d4a7d648dbb0fbc7f6621153f9b5b497af4693d21e992d1bb1b24d929a46
REF-0222,DATA_CENTER,DESIGN_BID_BUILD,US-SOUTHEAST,40392.68,6.877,99.014,1,0.563244,0.371318,0.94,174792664.06,230710382.84,569,690.791,0.319909,0.214043,RED,False,VALIDATION,SYNTHETIC_RESEARCH_FIXTURE,OG-SYNTH-0.3,B1-0.3,build_opus_synthetic_programme_v0_3.py@0.3,20260812,True,3dc5ae9a435bf5f7aa42b0ad9fc5f86a348e9eecd99b30616ec3bf0561f0415e
REF-0223,AIRPORT_TERMINAL,DESIGN_BUILD,US-SOUTHEAST,42899.385,0.0,41.539,4,0.110714,0.573216,0.94,134611828.01,140576874.17,520,553.785,0.044313,0.064971,GREEN,False,DEVELOPMENT,SYNTHETIC_RESEARCH_FIXTURE,OG-SYNTH-0.3,B1-0.3,build_opus_synthetic_programme_v0_3.py@0.3,20260812,True,bf275a6a6442bacaed13f806e2ddaed787e0eafcb19f3acdb7f50c26ad75c163
REF-0224,HIGHWAY_CORRIDOR,DESIGN_BUILD,US-SOUTHEAST,0.0,18.228,78.604,3,0.343028,0.556295,0.94,124210971.03,124050868.17,362,407.804,-0.001289,0.126531,AMBER,False,DEVELOPMENT,SYNTHETIC_RESEARCH_FIXTURE,OG-SYNTH-0.3,B1-0.3,build_opus_synthetic_programme_v0_3.py@0.3,20260812,True,28973620a0128294da4fe2148477e3146fea77ed395ce0015fbb22c06839796a
REF-0225,VERTICAL_HOSPITAL,DESIGN_BUILD,US-SOUTHEAST,47199.289,0.0,59.699,11,0.509524,0.864908,0.94,179579127.95,196013268.46,575,623.113,0.091515,0.083675,AMBER,False,DEVELOPMENT,SYNTHETIC_RESEARCH_FIXTURE,OG-SYNTH-0.3,B1-0.3,build_opus_synthetic_programme_v0_3.py@0.3,20260812,True,0d17b6652ad64532d559a01272f93ae7df203c70ab86cd65efefa6cb2f323802
REF-0226,WATER_TREATMENT,DESIGN_BUILD,US-SOUTHEAST,9002.632,0.0,150.342,4,0.326034,0.916581,0.94,118662376.81,118578342.84,431,484.617,-0.000708,0.124401,AMBER,False,LOCKED_HOLDOUT,SYNTHETIC_RESEARCH_FIXTURE,OG-SYNTH-0.3,B1-0.3,build_opus_synthetic_programme_v0_3.py@0.3,20260812,True,075097c82c1e0ac4ffcaf7b135480392b8ae9a27fe232c253cbd3e1f8978fe4f
REF-0227,RAIL_STATION,DESIGN_BUILD,US-SOUTHEAST,34335.208,14.718,43.046,5,0.500242,0.756328,0.94,165925464.59,181847602.69,559,663.049,0.09596,0.186135,AMBER,False,DEVELOPMENT,SYNTHETIC_RESEARCH_FIXTURE,OG-SYNTH-0.3,B1-0.3,build_opus_synthetic_programme_v0_3.py@0.3,20260812,True,0cedb80d69b0572083a4dad311782fc6a35eb61e16c28a1f7e48da54a270485c
REF-0228,DATA_CENTER,DESIGN_BUILD,US-SOUTHEAST,55800.829,5.083,109.858,1,0.257511,0.74201,0.94,147256250.48,157718510.12,597,634.409,0.071048,0.062662,GREEN,False,LOCKED_HOLDOUT,SYNTHETIC_RESEARCH_FIXTURE,OG-SYNTH-0.3,B1-0.3,build_opus_synthetic_programme_v0_3.py@0.3,20260812,True,f7a7e10964b5a2f79b99fbba4f36e1b2456021b396a1f5199fb87d26943450d6
REF-0229,AIRPORT_TERMINAL,CMAR,US-SOUTHEAST,44694.343,0.0,85.537,5,0.299528,0.740241,0.94,146259368.16,169843860.26,518,548.551,0.161251,0.05898,AMBER,False,LOCKED_HOLDOUT,SYNTHETIC_RESEARCH_FIXTURE,OG-SYNTH-0.3,B1-0.3,build_opus_synthetic_programme_v0_3.py@0.3,20260812,True,f120b456980a706b020ae7014fd60ca638f1cda9716bab9be5107d10ad92d780
REF-0230,HIGHWAY_CORRIDOR,CMAR,US-SOUTHEAST,15478.259,10.417,67.46,5,0.934049,0.779846,0.94,140340089.53,162148533.51,664,788.607,0.155397,0.187661,AMBER,False,VALIDATION,SYNTHETIC_RESEARCH_FIXTURE,OG-SYNTH-0.3,B1-0.3,build_opus_synthetic_programme_v0_3.py@0.3,20260812,True,d36484997fb0a2ecbbe2825d74044f1278df492481e9929eb3e94ba83de4ebab
REF-0231,VERTICAL_HOSPITAL,CMAR,US-SOUTHEAST,48446.441,0.0,132.781,11,0.587389,0.672648,0.94,210672683.31,235028471.44,656,742.224,0.11561,0.13144,AMBER,False,DEVELOPMENT,SYNTHETIC_RESEARCH_FIXTURE,OG-SYNTH-0.3,B1-0.3,build_opus_synthetic_programme_v0_3.py@0.3,20260812,True,61af3a16b0aee37f1b833a27493bf5f24a48fabf42de2c0b0d3e868573d12f6b
REF-0232,WATER_TREATMENT,CMAR,US-SOUTHEAST,0.0,7.994,109.59,6,0.794987,0.606181,0.94,146526940.67,178966770.0,404,496.884,0.221392,0.22991,RED,False,DEVELOPMENT,SYNTHETIC_RESEARCH_FIXTURE,OG-SYNTH-0.3,B1-0.3,build_opus_synthetic_programme_v0_3.py@0.3,20260812,True,7c67f14ec37ae2520dad08184601f98a1e6e8442db0242a9258e25b3d6f556bb
REF-0233,RAIL_STATION,CMAR,US-SOUTHEAST,9401.276,10.647,7.227,1,0.401881,0.951907,0.94,112686592.52,118908385.79,511,544.638,0.055213,0.065828,GREEN,False,DEVELOPMENT,SYNTHETIC_RESEARCH_FIXTURE,OG-SYNTH-0.3,B1-0.3,build_opus_synthetic_programme_v0_3.py@0.3,20260812,True,46d20c4374db3c795dd21ace9cd7f53f99e8d24ae7c99b6270c22cc42cd67dc6
REF-0234,DATA_CENTER,CMAR,US-SOUTHEAST,35260.445,0.0,132.132,9,0.337074,0.458834,0.94,145727068.09,158174493.41,520,622.92,0.085416,0.197923,AMBER,False,DEVELOPMENT,SYNTHETIC_RESEARCH_FIXTURE,OG-SYNTH-0.3,B1-0.3,build_opus_synthetic_programme_v0_3.py@0.3,20260812,True,96724f5a59317e6670c7bec1bdcfdc40ec9c6c229769efc8331984d706521171
REF-0235,AIRPORT_TERMINAL,EPCM,US-SOUTHEAST,44323.027,5.204,53.202,1,0.725261,0.793048,0.94,193652035.7,221109053.41,643,808.068,0.141785,0.256716,RED,False,DEVELOPMENT,SYNTHETIC_RESEARCH_FIXTURE,OG-SYNTH-0.3,B1-0.3,build_opus_synthetic_programme_v0_3.py@0.3,20260812,True,e6171588e25153c10b28064994136bd10314fa7f8ab847c718ebd7b2337af0e0
REF-0236,HIGHWAY_CORRIDOR,EPCM,US-SOUTHEAST,11373.488,26.119,58.026,3,0.841828,0.761511,0.94,181538908.41,234369674.77,685,847.67,0.291016,0.237474,RED,False,DEVELOPMENT,SYNTHETIC_RESEARCH_FIXTURE,OG-SYNTH-0.3,B1-0.3,build_opus_synthetic_programme_v0_3.py@0.3,20260812,True,55263125077ca0a95dc46a3aece623de31d25ff9688fc79332def6bd5fff98b9
REF-0237,VERTICAL_HOSPITAL,EPCM,US-SOUTHEAST,50194.825,2.907,77.052,6,0.506569,0.686174,0.94,201930031.17,234140422.91,539,566.854,0.159513,0.051676,AMBER,False,VALIDATION,SYNTHETIC_RESEARCH_FIXTURE,OG-SYNTH-0.3,B1-0.3,build_opus_synthetic_programme_v0_3.py@0.3,20260812,True,306e00607b5c632161b7646182d158ca0bcc1cbaf076e5774bbce505f3e60acd
REF-0238,WATER_TREATMENT,EPCM,US-SOUTHEAST,0.0,0.0,93.394,9,0.321143,0.878982,0.94,102804477.03,114609647.5,332,366.33,0.114831,0.103405,AMBER,False,DEVELOPMENT,SYNTHETIC_RESEARCH_FIXTURE,OG-SYNTH-0.3,B1-0.3,build_opus_synthetic_programme_v0_3.py@0.3,20260812,True,bf17e481b7c4644754081226750d799c1381ac520a06125e3acac8a53b049337
REF-0239,RAIL_STATION,EPCM,US-SOUTHEAST,0.0,26.201,68.896,4,0.335534,0.501089,0.94,161159044.22,279945526.84,352,472.729,0.737076,0.342981,RED,True,DEVELOPMENT,SYNTHETIC_RESEARCH_FIXTURE,OG-SYNTH-0.3,B1-0.3,build_opus_synthetic_programme_v0_3.py@0.3,20260812,True,8c267aa8c2956dc15e6daa64fd77814bfa0d26bf40821d0a60bc162fa3b9a100
REF-0240,DATA_CENTER,EPCM,US-SOUTHEAST,34059.213,4.908,159.157,6,0.763455,0.657102,0.94,171613090.86,189871646.09,631,770.052,0.106394,0.220367,RED,False,LOCKED_HOLDOUT,SYNTHETIC_RESEARCH_FIXTURE,OG-SYNTH-0.3,B1-0.3,build_opus_synthetic_programme_v0_3.py@0.3,20260812,True,a7610ae969e2680b4f04a65345aaeaace1a91c1b20b7403537578be672735b66
REF-0241,AIRPORT_TERMINAL,DESIGN_BID_BUILD,US-MIDWEST,53758.267,8.145,119.102,5,0.491139,0.838584,0.91,189259262.61,216475839.52,676,806.494,0.143806,0.193038,AMBER,False,LOCKED_HOLDOUT,SYNTHETIC_RESEARCH_FIXTURE,OG-SYNTH-0.3,B1-0.3,build_opus_synthetic_programme_v0_3.py@0.3,20260812,True,e65f32c721cc20ade75cc1c16a687f5ecdfe27aeeb319ae13f60f6e4cf19faa1
REF-0242,HIGHWAY_CORRIDOR,DESIGN_BID_BUILD,US-MIDWEST,7741.467,19.002,66.135,3,0.360947,0.864111,0.91,134419497.91,154460670.01,513,552.593,0.149094,0.07718,AMBER,False,DEVELOPMENT,SYNTHETIC_RESEARCH_FIXTURE,OG-SYNTH-0.3,B1-0.3,build_opus_synthetic_programme_v0_3.py@0.3,20260812,True,b4c357f111dd90ee23d16e691e02e6237783d82651cd07e8fb12c004becb8cac
REF-0243,VERTICAL_HOSPITAL,DESIGN_BID_BUILD,US-MIDWEST,60750.687,0.0,59.994,4,0.430345,0.838261,0.91,198604592.99,315563364.31,620,1020.679,0.588903,0.646257,RED,True,DEVELOPMENT,SYNTHETIC_RESEARCH_FIXTURE,OG-SYNTH-0.3,B1-0.3,build_opus_synthetic_programme_v0_3.py@0.3,20260812,True,cecd859d45fcd9165b0587a11965a3998b92c01160affed35c0a7600ffb6cccd
REF-0244,WATER_TREATMENT,DESIGN_BID_BUILD,US-MIDWEST,4496.953,0.0,170.837,4,0.434945,0.955,0.91,115418460.08,127484360.47,390,448.932,0.10454,0.151108,AMBER,False,DEVELOPMENT,SYNTHETIC_RESEARCH_FIXTURE,OG-SYNTH-0.3,B1-0.3,build_opus_synthetic_programme_v0_3.py@0.3,20260812,True,fc35413c9daa3dd288600b7c6eecaacc54efc8477831149cce68211f7565b552
REF-0245,RAIL_STATION,DESIGN_BID_BUILD,US-MIDWEST,10283.351,12.398,53.994,1,0.626558,0.571117,0.91,160236436.87,236342277.79,544,937.663,0.47496,0.723645,RED,True,DEVELOPMENT,SYNTHETIC_RESEARCH_FIXTURE,OG-SYNTH-0.3,B1-0.3,build_opus_synthetic_programme_v0_3.py@0.3,20260812,True,21b1ca99393a23f95f831dc36cfac04ad4c3f868f917cc810e96730a4b9c2f35
REF-0246,DATA_CENTER,DESIGN_BID_BUILD,US-MIDWEST,33649.902,4.205,157.508,5,0.784053,0.979183,0.91,172176570.76,197543660.75,612,733.23,0.147332,0.198088,AMBER,False,VALIDATION,SYNTHETIC_RESEARCH_FIXTURE,OG-SYNTH-0.3,B1-0.3,build_opus_synthetic_programme_v0_3.py@0.3,20260812,True,ee739ffda4a73745ac18a0b1594bab2d20c2a86bed23dc1d064a3f7c3d0286a7
REF-0247,AIRPORT_TERMINAL,DESIGN_BUILD,US-MIDWEST,32436.77,0.633,86.46,3,0.519264,0.843034,0.91,154016950.89,176515181.01,555,640.75,0.146076,0.154505,AMBER,False,DEVELOPMENT,SYNTHETIC_RESEARCH_FIXTURE,OG-SYNTH-0.3,B1-0.3,build_opus_synthetic_programme_v0_3.py@0.3,20260812,True,134185634bbe5537c0dff1f2ecb39f31d2bead0e5bafdb3bcb3cdf5a73091b03
REF-0248,HIGHWAY_CORRIDOR,DESIGN_BUILD,US-MIDWEST,35233.345,26.934,71.332,3,0.299162,0.662991,0.91,171092906.6,265387683.23,586,819.891,0.551132,0.399131,RED,True,VALIDATION,SYNTHETIC_RESEARCH_FIXTURE,OG-SYNTH-0.3,B1-0.3,build_opus_synthetic_programme_v0_3.py@0.3,20260812,True,41b269f77e26621d4d56593d33c0e6d1e32be8d99eb939e5a43b22d18743c1b6
REF-0249,VERTICAL_HOSPITAL,DESIGN_BUILD,US-MIDWEST,46809.022,0.303,70.667,11,0.242607,0.702886,0.91,157580741.71,183147025.68,497,530.977,0.162242,0.068365,AMBER,False,DEVELOPMENT,SYNTHETIC_RESEARCH_FIXTURE,OG-SYNTH-0.3,B1-0.3,build_opus_synthetic_programme_v0_3.py@0.3,20260812,True,1768ad6b13a818e7c95b2acf25eb547a4b66ccfad40688d62db3d7419ec9cf6e
REF-0250,WATER_TREATMENT,DESIGN_BUILD,US-MIDWEST,9012.818,0.0,159.214,2,0.52025,0.781901,0.91,110096641.08,125672285.06,508,576.154,0.141472,0.134161,AMBER,False,LOCKED_HOLDOUT,SYNTHETIC_RESEARCH_FIXTURE,OG-SYNTH-0.3,B1-0.3,build_opus_synthetic_programme_v0_3.py@0.3,20260812,True,a9757d6a1cc6b9821846ba89e91207c0e840709ca1f84f58cf329c82326a962c
REF-0251,RAIL_STATION,DESIGN_BUILD,US-MIDWEST,21198.935,28.492,71.735,10,0.701204,0.717442,0.91,206205447.23,245910853.84,636,784.02,0.192553,0.232736,RED,False,LOCKED_HOLDOUT,SYNTHETIC_RESEARCH_FIXTURE,OG-SYNTH-0.3,B1-0.3,build_opus_synthetic_programme_v0_3.py@0.3,20260812,True,857a7d7dd6a403fe8b5c582b1f2022910c63000c0ad57160a0bd9f49132ca173
REF-0252,DATA_CENTER,DESIGN_BUILD,US-MIDWEST,39839.205,0.0,84.466,3,0.522203,0.805442,0.91,129450320.71,142838991.82,581,601.665,0.103427,0.035567,AMBER,False,DEVELOPMENT,SYNTHETIC_RESEARCH_FIXTURE,OG-SYNTH-0.3,B1-0.3,build_opus_synthetic_programme_v0_3.py@0.3,20260812,True,61339cae4d28fa6a0855db882698f785d7de652d80f87a292361bcdba244a268
REF-0253,AIRPORT_TERMINAL,CMAR,US-MIDWEST,37458.255,4.343,68.665,1,0.729643,0.756263,0.91,170352529.06,178226625.48,592,762.762,0.046222,0.288449,RED,False,VALIDATION,SYNTHETIC_RESEARCH_FIXTURE,OG-SYNTH-0.3,B1-0.3,build_opus_synthetic_programme_v0_3.py@0.3,20260812,True,b5b99047fadde904f0a788d017cb3db3790b0c7f32a335836bd02119ccea7f37
REF-0254,HIGHWAY_CORRIDOR,CMAR,US-MIDWEST,9813.811,18.813,117.054,5,0.439898,0.880865,0.91,136207720.68,157829537.1,452,510.366,0.158741,0.129127,AMBER,False,DEVELOPMENT,SYNTHETIC_RESEARCH_FIXTURE,OG-SYNTH-0.3,B1-0.3,build_opus_synthetic_programme_v0_3.py@0.3,20260812,True,cf4de71343ee35f004f81af932fd08f50027f43ff204341777027e7a4c460ab8
REF-0255,VERTICAL_HOSPITAL,CMAR,US-MIDWEST,55705.635,8.74,58.363,9,0.072013,0.964065,0.91,179364506.78,185448513.09,659,726.376,0.03392,0.10224,AMBER,False,DEVELOPMENT,SYNTHETIC_RESEARCH_FIXTURE,OG-SYNTH-0.3,B1-0.3,build_opus_synthetic_programme_v0_3.py@0.3,20260812,True,5ee298b67978aa7032d7c7c63a552c2c203450454ba3b966b281561817d0469b
REF-0256,WATER_TREATMENT,CMAR,US-MIDWEST,18046.713,0.0,123.662,6,0.545109,0.732187,0.91,110617264.89,129859127.57,529,610.596,0.17395,0.154246,AMBER,False,VALIDATION,SYNTHETIC_RESEARCH_FIXTURE,OG-SYNTH-0.3,B1-0.3,build_opus_synthetic_programme_v0_3.py@0.3,20260812,True,37d3fe25678ebc0f86453fb75e67c9e8437df46d2d2e2b430446431cc9f58fef
REF-0257,RAIL_STATION,CMAR,US-MIDWEST,15736.529,14.44,77.016,1,0.145362,0.880257,0.91,136272706.12,143735623.01,448,452.863,0.054765,0.010856,GREEN,False,VALIDATION,SYNTHETIC_RESEARCH_FIXTURE,OG-SYNTH-0.3,B1-0.3,build_opus_synthetic_programme_v0_3.py@0.3,20260812,True,97c1306e0815c6b12ed62e774a133c1c7ced9e4bc0eae5d6f69cd874f2f5ddf5
REF-0258,DATA_CENTER,CMAR,US-MIDWEST,42120.935,1.391,109.844,1,0.694249,0.819828,0.91,145338275.33,173873198.93,684,797.463,0.196335,0.165882,AMBER,False,DEVELOPMENT,SYNTHETIC_RESEARCH_FIXTURE,OG-SYNTH-0.3,B1-0.3,build_opus_synthetic_programme_v0_3.py@0.3,20260812,True,a3c7218fe0635ae44a89b125849953754ce23fdefdc29dd948c1bfb96c8ac0ab
REF-0259,AIRPORT_TERMINAL,EPCM,US-MIDWEST,39943.664,9.917,9.521,1,0.882909,0.861166,0.91,177233081.9,215629291.88,636,754.777,0.216642,0.186757,AMBER,False,LOCKED_HOLDOUT,SYNTHETIC_RESEARCH_FIXTURE,OG-SYNTH-0.3,B1-0.3,build_opus_synthetic_programme_v0_3.py@0.3,20260812,True,b00d55bde5c7b1d9c118c049e93591b1c237f815da3cbf6dfe80b4c1b1fcb9e1
REF-0260,HIGHWAY_CORRIDOR,EPCM,US-MIDWEST,6278.878,21.696,38.501,6,0.837554,0.723305,0.91,157363042.73,186962695.89,546,705.021,0.188098,0.291247,RED,False,LOCKED_HOLDOUT,SYNTHETIC_RESEARCH_FIXTURE,OG-SYNTH-0.3,B1-0.3,build_opus_synthetic_programme_v0_3.py@0.3,20260812,True,ce4a0271ed8ae0e539a290e83ca1710453f61f0ded27a7ab785b6fcf7cbb8f84
REF-0261,VERTICAL_HOSPITAL,EPCM,US-MIDWEST,46631.966,0.0,103.867,11,0.778503,0.532268,0.91,182409613.3,218985933.42,631,786.853,0.200518,0.246993,RED,False,DEVELOPMENT,SYNTHETIC_RESEARCH_FIXTURE,OG-SYNTH-0.3,B1-0.3,build_opus_synthetic_programme_v0_3.py@0.3,20260812,True,3f1e30b53c8c7b55d3cab8ae40646ccc823491b444f4f9e05a5ee7c6646d3202
REF-0262,WATER_TREATMENT,EPCM,US-MIDWEST,0.0,10.663,116.294,2,0.235428,0.675675,0.91,117108644.12,131481423.46,356,387.8,0.12273,0.089327,AMBER,False,LOCKED_HOLDOUT,SYNTHETIC_RESEARCH_FIXTURE,OG-SYNTH-0.3,B1-0.3,build_opus_synthetic_programme_v0_3.py@0.3,20260812,True,35f93c04164e8e02260c5108d7c816a250953442e7366898fee0a51601575c8c
REF-0263,RAIL_STATION,EPCM,US-MIDWEST,0.0,18.108,54.958,7,0.748752,0.727648,0.91,170600860.14,219596912.56,443,432.624,0.287197,-0.023423,RED,False,DEVELOPMENT,SYNTHETIC_RESEARCH_FIXTURE,OG-SYNTH-0.3,B1-0.3,build_opus_synthetic_programme_v0_3.py@0.3,20260812,True,dcba3897c93eb9ca918890a8eb5c615b59699f1bfe087b5b01e9d132e7922708
REF-0264,DATA_CENTER,EPCM,US-MIDWEST,64140.361,4.772,116.5,7,0.432638,0.498288,0.91,171273613.95,208379052.56,557,533.129,0.216644,-0.042856,AMBER,False,VALIDATION,SYNTHETIC_RESEARCH_FIXTURE,OG-SYNTH-0.3,B1-0.3,build_opus_synthetic_programme_v0_3.py@0.3,20260812,True,f51fda743b1238209588e61c191f5ced62b8a819eee12030f41b6f563ec88738
REF-0265,AIRPORT_TERMINAL,DESIGN_BID_BUILD,US-WEST,33685.895,13.344,29.659,6,0.429354,0.446629,1.12,219783733.29,262106378.61,567,633.825,0.192565,0.117857,AMBER,False,DEVELOPMENT,SYNTHETIC_RESEARCH_FIXTURE,OG-SYNTH-0.3,B1-0.3,build_opus_synthetic_programme_v0_3.py@0.3,20260812,True,b7c3729e190330b44edd5f6238ebb583feec198c05cc8020b5597fcd15ef429e
REF-0266,HIGHWAY_CORRIDOR,DESIGN_BID_BUILD,US-WEST,30302.499,26.577,55.732,4,0.763735,0.521998,1.12,238383765.35,300382680.75,728,914.614,0.26008,0.256339,RED,False,VALIDATION,SYNTHETIC_RESEARCH_FIXTURE,OG-SYNTH-0.3,B1-0.3,build_opus_synthetic_programme_v0_3.py@0.3,20260812,True,07927c56710968c1f2f0beb73660a399d6072c7eb473bca125498b680cd4b438
REF-0267,VERTICAL_HOSPITAL,DESIGN_BID_BUILD,US-WEST,19340.722,4.746,62.319,14,0.588054,0.653778,1.12,228252017.43,281034334.69,500,536.165,0.231246,0.072331,RED,False,DEVELOPMENT,SYNTHETIC_RESEARCH_FIXTURE,OG-SYNTH-0.3,B1-0.3,build_opus_synthetic_programme_v0_3.py@0.3,20260812,True,c720e11e2b5267d8fb395ac1567cb0ebe21a2aba0081f4e9c4630ab184a1c610
REF-0268,WATER_TREATMENT,DESIGN_BID_BUILD,US-WEST,37091.873,0.0,106.025,2,0.766455,0.861078,1.12,173728777.13,206547971.11,518,554.942,0.188911,0.071318,AMBER,False,DEVELOPMENT,SYNTHETIC_RESEARCH_FIXTURE,OG-SYNTH-0.3,B1-0.3,build_opus_synthetic_programme_v0_3.py@0.3,20260812,True,c69eafaf97218b4955adfc6e047b8a46b047ce7c29894f3f7c220d68143754cd
REF-0269,RAIL_STATION,DESIGN_BID_BUILD,US-WEST,6457.535,12.353,17.63,6,0.954815,0.35,1.12,203501629.25,352376492.41,506,780.181,0.731566,0.54186,RED,True,VALIDATION,SYNTHETIC_RESEARCH_FIXTURE,OG-SYNTH-0.3,B1-0.3,build_opus_synthetic_programme_v0_3.py@0.3,20260812,True,9b8c2ed7b0eb202f456f2791c67640adb32af14bf98123799f9708994da6861d
REF-0270,DATA_CENTER,DESIGN_BID_BUILD,US-WEST,36155.379,0.0,197.671,4,0.186149,0.772854,1.12,176488558.54,178808122.51,454,455.94,0.013143,0.004272,GREEN,False,DEVELOPMENT,SYNTHETIC_RESEARCH_FIXTURE,OG-SYNTH-0.3,B1-0.3,build_opus_synthetic_programme_v0_3.py@0.3,20260812,True,193c9db7373fb3936ad9709a0b78e1bd688c9dad095571b6855b506319c5771a
REF-0271,AIRPORT_TERMINAL,DESIGN_BUILD,US-WEST,47980.889,0.139,66.039,4,0.351707,0.970649,1.12,171059103.58,180092288.57,581,653.592,0.052807,0.124944,AMBER,False,LOCKED_HOLDOUT,SYNTHETIC_RESEARCH_FIXTURE,OG-SYNTH-0.3,B1-0.3,build_opus_synthetic_programme_v0_3.py@0.3,20260812,True,667f80a21c9abeaad7a3221696d08ef98bad020e1622a9ff948c2fa5639e0b4b
REF-0272,HIGHWAY_CORRIDOR,DESIGN_BUILD,US-WEST,8853.05,12.175,68.027,4,0.27717,0.79192,1.12,136665708.57,130919552.6,453,482.16,-0.042045,0.06437,GREEN,False,VALIDATION,SYNTHETIC_RESEARCH_FIXTURE,OG-SYNTH-0.3,B1-0.3,build_opus_synthetic_programme_v0_3.py@0.3,20260812,True,05d2a1644e2b6d0456f8f342f8ce545ba3f80023e2987411a7ab154d7465b135
REF-0273,VERTICAL_HOSPITAL,DESIGN_BUILD,US-WEST,56975.124,9.411,11.729,10,0.297886,0.413284,1.12,217437438.3,246245017.65,623,661.405,0.132487,0.061645,AMBER,False,LOCKED_HOLDOUT,SYNTHETIC_RESEARCH_FIXTURE,OG-SYNTH-0.3,B1-0.3,build_opus_synthetic_programme_v0_3.py@0.3,20260812,True,bd637e2f28c26951b0bba79ac92961ba7394e3d815dccfe151162b01dd712c7b
REF-0274,WATER_TREATMENT,DESIGN_BUILD,US-WEST,10759.304,0.0,135.563,1,0.503321,0.553826,1.12,127050160.96,144968579.1,471,543.455,0.141034,0.153832,AMBER,False,VALIDATION,SYNTHETIC_RESEARCH_FIXTURE,OG-SYNTH-0.3,B1-0.3,build_opus_synthetic_programme_v0_3.py@0.3,20260812,True,a562525935407ef8e05da5b404d5840406d2fdf6355843b1dbe7388c5199304f
REF-0275,RAIL_STATION,DESIGN_BUILD,US-WEST,17521.971,14.922,62.077,4,0.557906,0.571459,1.12,194600006.43,218354337.22,564,677.313,0.122067,0.20091,AMBER,False,LOCKED_HOLDOUT,SYNTHETIC_RESEARCH_FIXTURE,OG-SYNTH-0.3,B1-0.3,build_opus_synthetic_programme_v0_3.py@0.3,20260812,True,67c1cd77c2e92afa9cabcdc67cec334144ba3ecc99aebf5618561c83c277255f
REF-0276,DATA_CENTER,DESIGN_BUILD,US-WEST,62233.752,0.0,114.676,4,0.535362,0.830919,1.12,189322433.24,218315898.07,674,759.954,0.153143,0.127528,AMBER,False,DEVELOPMENT,SYNTHETIC_RESEARCH_FIXTURE,OG-SYNTH-0.3,B1-0.3,build_opus_synthetic_programme_v0_3.py@0.3,20260812,True,c284647587799f0e9fd66325ec40731630384049065c76a953f269bfe0e92d1c
REF-0277,AIRPORT_TERMINAL,CMAR,US-WEST,48001.642,0.0,79.459,1,0.702155,0.693503,1.12,200147247.34,238145492.68,568,691.384,0.189851,0.217225,AMBER,False,DEVELOPMENT,SYNTHETIC_RESEARCH_FIXTURE,OG-SYNTH-0.3,B1-0.3,build_opus_synthetic_programme_v0_3.py@0.3,20260812,True,6376192028e6c15219cad66d44900b443aa46e3106e2644d5f66badb7776183f
REF-0278,HIGHWAY_CORRIDOR,CMAR,US-WEST,28728.869,14.846,50.266,3,0.40682,0.446355,1.12,158069923.05,197433455.18,594,712.926,0.249026,0.200213,RED,False,DEVELOPMENT,SYNTHETIC_RESEARCH_FIXTURE,OG-SYNTH-0.3,B1-0.3,build_opus_synthetic_programme_v0_3.py@0.3,20260812,True,f18f7bdb4ef89e88046a18987dc974b01703c0a3fe06cfe1612a8a9e0c5fc2f0
REF-0279,VERTICAL_HOSPITAL,CMAR,US-WEST,49972.328,0.0,29.943,10,0.462182,0.833847,1.12,219856650.74,259902174.95,598,713.054,0.182144,0.192397,AMBER,False,DEVELOPMENT,SYNTHETIC_RESEARCH_FIXTURE,OG-SYNTH-0.3,B1-0.3,build_opus_synthetic_programme_v0_3.py@0.3,20260812,True,79c7e9e6949bab7e336d5a2560cddd99ca74371602b7439b4b8601f52c370b7b
REF-0280,WATER_TREATMENT,CMAR,US-WEST,15608.288,4.686,152.535,6,0.367273,0.400821,1.12,172735315.49,189929528.07,433,506.916,0.099541,0.170707,AMBER,False,DEVELOPMENT,SYNTHETIC_RESEARCH_FIXTURE,OG-SYNTH-0.3,B1-0.3,build_opus_synthetic_programme_v0_3.py@0.3,20260812,True,d9c19c1f2ec25bd79e0af88485fe7575a61562b77852141847bc80db3c6c14da
REF-0281,RAIL_STATION,CMAR,US-WEST,14751.296,13.504,14.942,7,0.541096,0.636238,1.12,181431216.39,203658282.34,541,612.986,0.12251,0.133061,AMBER,False,VALIDATION,SYNTHETIC_RESEARCH_FIXTURE,OG-SYNTH-0.3,B1-0.3,build_opus_synthetic_programme_v0_3.py@0.3,20260812,True,f73e610f2181b2e9d7f0d160f173e254014460775e62434518a04b8491aa7ee9
REF-0282,DATA_CENTER,CMAR,US-WEST,61632.838,0.0,88.752,4,0.813549,0.883779,1.12,220180956.75,247281767.04,665,802.524,0.123084,0.206803,AMBER,False,DEVELOPMENT,SYNTHETIC_RESEARCH_FIXTURE,OG-SYNTH-0.3,B1-0.3,build_opus_synthetic_programme_v0_3.py@0.3,20260812,True,4385da8441b3a2402e2fe9fc66d86defebfb351bbd104577e336bf054b685121
REF-0283,AIRPORT_TERMINAL,EPCM,US-WEST,45298.848,0.0,64.406,1,0.818321,0.538915,1.12,222974960.53,287575798.62,639,777.968,0.289722,0.217477,RED,False,DEVELOPMENT,SYNTHETIC_RESEARCH_FIXTURE,OG-SYNTH-0.3,B1-0.3,build_opus_synthetic_programme_v0_3.py@0.3,20260812,True,153633b7dec4ce4168a7a0f34995d92b72d38b95f1f2a109a6ed019149c82654
REF-0284,HIGHWAY_CORRIDOR,EPCM,US-WEST,6182.294,15.66,22.842,3,0.369053,0.895087,1.12,150265097.41,164030608.16,435,492.916,0.091608,0.13314,AMBER,False,DEVELOPMENT,SYNTHETIC_RESEARCH_FIXTURE,OG-SYNTH-0.3,B1-0.3,build_opus_synthetic_programme_v0_3.py@0.3,20260812,True,419d78e8f694c89e0b8babb75c1112857323375689a57cbcc501ce77963083d5
REF-0285,VERTICAL_HOSPITAL,EPCM,US-WEST,28734.602,2.708,60.229,11,0.515761,0.866796,1.12,196692905.88,248122293.51,533,654.623,0.26147,0.228185,RED,False,VALIDATION,SYNTHETIC_RESEARCH_FIXTURE,OG-SYNTH-0.3,B1-0.3,build_opus_synthetic_programme_v0_3.py@0.3,20260812,True,d6d93f5b902853131e1d5e87c4c3157215f18c5fb19ad790665ec7d4b0068101
REF-0286,WATER_TREATMENT,EPCM,US-WEST,4771.414,0.0,150.861,3,0.19959,0.715412,1.12,124939068.82,136889527.88,291,331.402,0.09565,0.138838,AMBER,False,DEVELOPMENT,SYNTHETIC_RESEARCH_FIXTURE,OG-SYNTH-0.3,B1-0.3,build_opus_synthetic_programme_v0_3.py@0.3,20260812,True,f6b82118cbce181737e182379e03ec843f3fcf3d3ea86f3ea8cfe43b1c5042b1
REF-0287,RAIL_STATION,EPCM,US-WEST,2383.594,6.823,28.352,3,0.431049,0.832517,1.12,131519828.5,151945603.96,350,373.645,0.155306,0.067557,AMBER,False,VALIDATION,SYNTHETIC_RESEARCH_FIXTURE,OG-SYNTH-0.3,B1-0.3,build_opus_synthetic_programme_v0_3.py@0.3,20260812,True,715130570f4a175ce167df5cff49022d3617c8a79b42d9fb4da9e3cb1e857a1e
REF-0288,DATA_CENTER,EPCM,US-WEST,41734.818,6.605,74.955,1,0.98,0.388537,1.12,206749179.22,259423165.51,696,853.491,0.254772,0.22628,RED,False,DEVELOPMENT,SYNTHETIC_RESEARCH_FIXTURE,OG-SYNTH-0.3,B1-0.3,build_opus_synthetic_programme_v0_3.py@0.3,20260812,True,ce1100007713f2a16425153bf27e9a8efc04f819f6b5153230c58a58a04a926e
REF-0289,AIRPORT_TERMINAL,DESIGN_BID_BUILD,US-NORTHEAST,35657.29,0.0,28.962,1,0.445321,0.777065,1.18,182852746.64,199582343.18,569,653.428,0.091492,0.148379,AMBER,False,VALIDATION,SYNTHETIC_RESEARCH_FIXTURE,OG-SYNTH-0.3,B1-0.3,build_opus_synthetic_programme_v0_3.py@0.3,20260812,True,691f83162fc51827509be1e6b487dd8f091049e4a24a9fd7ab76d8f9f0769d75
REF-0290,HIGHWAY_CORRIDOR,DESIGN_BID_BUILD,US-NORTHEAST,39764.231,17.832,65.391,1,0.262462,0.451325,1.18,172078756.51,202346433.66,627,750.571,0.175894,0.197083,AMBER,False,DEVELOPMENT,SYNTHETIC_RESEARCH_FIXTURE,OG-SYNTH-0.3,B1-0.3,build_opus_synthetic_programme_v0_3.py@0.3,20260812,True,cb33cfcc59b7adf81b871329e6df4245a9318ab9a83e97464675c39c1d4e5a43
REF-0291,VERTICAL_HOSPITAL,DESIGN_BID_BUILD,US-NORTHEAST,65146.223,0.164,6.732,10,0.204341,0.932289,1.18,233811323.25,257499962.1,579,651.611,0.101315,0.125408,AMBER,False,VALIDATION,SYNTHETIC_RESEARCH_FIXTURE,OG-SYNTH-0.3,B1-0.3,build_opus_synthetic_programme_v0_3.py@0.3,20260812,True,241a0697067ee13b906378e6bed66ec6fa58296d37b02b10f94a4207e187c499
REF-0292,WATER_TREATMENT,DESIGN_BID_BUILD,US-NORTHEAST,0.0,0.0,127.464,2,0.817367,0.708789,1.18,154459945.89,193194610.39,360,483.888,0.250775,0.344133,RED,False,VALIDATION,SYNTHETIC_RESEARCH_FIXTURE,OG-SYNTH-0.3,B1-0.3,build_opus_synthetic_programme_v0_3.py@0.3,20260812,True,2cb6aedebc18504ae806c6ba72c2948947c041c6ec2fa4b0a48e1bd265bf6a95
REF-0293,RAIL_STATION,DESIGN_BID_BUILD,US-NORTHEAST,10895.223,10.155,6.771,7,0.411127,0.617858,1.18,178009348.19,216240564.49,447,494.574,0.214771,0.106429,AMBER,False,DEVELOPMENT,SYNTHETIC_RESEARCH_FIXTURE,OG-SYNTH-0.3,B1-0.3,build_opus_synthetic_programme_v0_3.py@0.3,20260812,True,c0270fac5a43c5496d86f0d11bb75c185ba4eb2f73533e36d4a4ca8a128b3041
REF-0294,DATA_CENTER,DESIGN_BID_BUILD,US-NORTHEAST,38396.103,7.152,192.174,5,0.660574,0.473265,1.18,233219976.57,408134959.01,590,837.718,0.75,0.419862,RED,True,DEVELOPMENT,SYNTHETIC_RESEARCH_FIXTURE,OG-SYNTH-0.3,B1-0.3,build_opus_synthetic_programme_v0_3.py@0.3,20260812,True,af47d0624bb45e396e1d6f89e807f8e529388779fb7c727b3a14f1fc17c29e6c
REF-0295,AIRPORT_TERMINAL,DESIGN_BUILD,US-NORTHEAST,47424.607,0.537,87.094,3,0.264059,0.491937,1.18,182065469.83,202566677.1,549,642.277,0.112603,0.169904,AMBER,False,DEVELOPMENT,SYNTHETIC_RESEARCH_FIXTURE,OG-SYNTH-0.3,B1-0.3,build_opus_synthetic_programme_v0_3.py@0.3,20260812,True,0e9faa9b258febef08df064b723651a62d19201ae6e8a6582dac1bea25b9bb9d
REF-0296,HIGHWAY_CORRIDOR,DESIGN_BUILD,US-NORTHEAST,0.0,20.708,98.641,1,0.24716,0.593348,1.18,167452765.66,187437951.29,417,499.807,0.119348,0.198577,AMBER,False,VALIDATION,SYNTHETIC_RESEARCH_FIXTURE,OG-SYNTH-0.3,B1-0.3,build_opus_synthetic_programme_v0_3.py@0.3,20260812,True,22b550edf2c9cc1baf90eda107a6e2b984636f836b59d115cb1ba08e8e9b306e
REF-0297,VERTICAL_HOSPITAL,DESIGN_BUILD,US-NORTHEAST,35497.739,6.263,72.474,7,0.587438,0.707792,1.18,221652841.71,245665528.72,595,647.354,0.108335,0.08799,AMBER,False,DEVELOPMENT,SYNTHETIC_RESEARCH_FIXTURE,OG-SYNTH-0.3,B1-0.3,build_opus_synthetic_programme_v0_3.py@0.3,20260812,True,7b060522e6cdfffaef6eb86600a6b934ac02bf4ab5e4153e8f83a93170229ff1
REF-0298,WATER_TREATMENT,DESIGN_BUILD,US-NORTHEAST,4474.302,7.367,149.328,1,0.752957,0.608898,1.18,183929304.63,221196923.01,473,599.427,0.202619,0.267287,RED,False,DEVELOPMENT,SYNTHETIC_RESEARCH_FIXTURE,OG-SYNTH-0.3,B1-0.3,build_opus_synthetic_programme_v0_3.py@0.3,20260812,True,4ff216b50f1fabafa8c735279c4c1d6504bed6a59eefb3f131bb3c6a280a4d32
REF-0299,RAIL_STATION,DESIGN_BUILD,US-NORTHEAST,0.0,20.171,64.638,8,0.550992,0.824754,1.18,209975129.11,238819473.29,410,466.431,0.13737,0.137637,AMBER,False,VALIDATION,SYNTHETIC_RESEARCH_FIXTURE,OG-SYNTH-0.3,B1-0.3,build_opus_synthetic_programme_v0_3.py@0.3,20260812,True,4ce848254ae352a6ba43802f4d0e9cd8af037148845b699c7c43c75afcb1e0b4
REF-0300,DATA_CENTER,DESIGN_BUILD,US-NORTHEAST,68720.712,3.733,120.45,3,0.680648,0.441516,1.18,237292613.84,305978740.19,682,799.059,0.289457,0.171641,RED,False,LOCKED_HOLDOUT,SYNTHETIC_RESEARCH_FIXTURE,OG-SYNTH-0.3,B1-0.3,build_opus_synthetic_programme_v0_3.py@0.3,20260812,True,e09ec6d72b0ba3e9c89dbae3736e8e2f41292d774f78faeadaa693bf83d21473
REF-0301,AIRPORT_TERMINAL,CMAR,US-NORTHEAST,54925.562,0.0,56.679,7,0.438628,0.634834,1.18,206227261.04,234131639.76,523,535.054,0.135309,0.023048,AMBER,False,DEVELOPMENT,SYNTHETIC_RESEARCH_FIXTURE,OG-SYNTH-0.3,B1-0.3,build_opus_synthetic_programme_v0_3.py@0.3,20260812,True,f9a6d3b955a65f4df2dc21c680025a3ca9e1b22a4cc7d1a94247ac66935d90a5
REF-0302,HIGHWAY_CORRIDOR,CMAR,US-NORTHEAST,5699.774,12.945,82.768,3,0.813838,0.493939,1.18,180868508.24,231140021.35,503,593.259,0.277945,0.179441,RED,False,LOCKED_HOLDOUT,SYNTHETIC_RESEARCH_FIXTURE,OG-SYNTH-0.3,B1-0.3,build_opus_synthetic_programme_v0_3.py@0.3,20260812,True,679440170aec5e57be9279cc6d6b13c1ae011b65c6460caae90b990bd4e4966a
REF-0303,VERTICAL_HOSPITAL,CMAR,US-NORTHEAST,34076.035,2.898,53.287,12,0.32686,0.620371,1.18,214509873.2,228494690.76,480,564.172,0.065194,0.175358,AMBER,False,DEVELOPMENT,SYNTHETIC_RESEARCH_FIXTURE,OG-SYNTH-0.3,B1-0.3,build_opus_synthetic_programme_v0_3.py@0.3,20260812,True,41801a6b932277f001497867e47a24d27fb723ef2ee75bde4e9e23db6b978589
REF-0304,WATER_TREATMENT,CMAR,US-NORTHEAST,0.0,4.617,161.687,4,0.639275,0.35,1.18,175912750.38,199770699.94,375,451.841,0.135624,0.20491,AMBER,False,LOCKED_HOLDOUT,SYNTHETIC_RESEARCH_FIXTURE,OG-SYNTH-0.3,B1-0.3,build_opus_synthetic_programme_v0_3.py@0.3,20260812,True,6f420dd09a0dc8df404556c65e12bcfd3d28eaa76dd0f12153125c64e1824af2
REF-0305,RAIL_STATION,CMAR,US-NORTHEAST,12046.025,15.858,52.06,1,0.616765,0.896126,1.18,190783192.49,235934440.15,555,617.069,0.236663,0.111837,RED,False,DEVELOPMENT,SYNTHETIC_RESEARCH_FIXTURE,OG-SYNTH-0.3,B1-0.3,build_opus_synthetic_programme_v0_3.py@0.3,20260812,True,7b3c20ab205d281be4af01615bab4b9e4490c2a658fb5279860b30e1c1f8b363
REF-0306,DATA_CENTER,CMAR,US-NORTHEAST,30285.464,7.262,142.676,5,0.263896,0.656454,1.18,185164487.13,202697356.61,548,610.406,0.094688,0.113879,AMBER,False,DEVELOPMENT,SYNTHETIC_RESEARCH_FIXTURE,OG-SYNTH-0.3,B1-0.3,build_opus_synthetic_programme_v0_3.py@0.3,20260812,True,98468908fd72ff81c8ca382ac58e4c381d3f9b4921411ebfb6462c024154a6ed
REF-0307,AIRPORT_TERMINAL,EPCM,US-NORTHEAST,41552.239,0.0,50.579,9,0.493099,0.986234,1.18,212787207.0,306155868.83,622,1051.115,0.438789,0.689895,RED,True,DEVELOPMENT,SYNTHETIC_RESEARCH_FIXTURE,OG-SYNTH-0.3,B1-0.3,build_opus_synthetic_programme_v0_3.py@0.3,20260812,True,9330d535286a91ea465bd29120fa99506b01d476cd132a299d65422b92fdde07
REF-0308,HIGHWAY_CORRIDOR,EPCM,US-NORTHEAST,21897.18,18.078,63.944,5,0.340961,0.764608,1.18,180126024.93,192574765.56,550,648.42,0.069111,0.178945,AMBER,False,DEVELOPMENT,SYNTHETIC_RESEARCH_FIXTURE,OG-SYNTH-0.3,B1-0.3,build_opus_synthetic_programme_v0_3.py@0.3,20260812,True,3dcabf97f17b5a4bbf1e4c0dc38442410ad3deff97ef454f0b7b31e2242b3560
REF-0309,VERTICAL_HOSPITAL,EPCM,US-NORTHEAST,46535.267,3.835,57.12,10,0.192865,0.545322,1.18,214203117.94,239514622.48,577,555.117,0.118166,-0.037925,AMBER,False,LOCKED_HOLDOUT,SYNTHETIC_RESEARCH_FIXTURE,OG-SYNTH-0.3,B1-0.3,build_opus_synthetic_programme_v0_3.py@0.3,20260812,True,5f114cf5a9c5d12ac12f30b715108bd4de2dcd12691350c7439558960c564a1f
REF-0310,WATER_TREATMENT,EPCM,US-NORTHEAST,0.0,7.649,180.344,5,0.53819,0.491447,1.18,167687959.05,182140081.91,364,412.791,0.086185,0.134041,AMBER,False,LOCKED_HOLDOUT,SYNTHETIC_RESEARCH_FIXTURE,OG-SYNTH-0.3,B1-0.3,build_opus_synthetic_programme_v0_3.py@0.3,20260812,True,a60c9d95ed16e64cf31561cc3d28fc1fdf49ea229fbfa09055ce63b542a864f9
REF-0311,RAIL_STATION,EPCM,US-NORTHEAST,0.0,10.998,64.472,4,0.322716,0.665657,1.18,162322008.35,167960949.68,305,400.988,0.034739,0.314714,RED,False,DEVELOPMENT,SYNTHETIC_RESEARCH_FIXTURE,OG-SYNTH-0.3,B1-0.3,build_opus_synthetic_programme_v0_3.py@0.3,20260812,True,3f3e146796de8ca5213a4bd357d32e6feac35cbe54be8db7241d83e1ecf207bc
REF-0312,DATA_CENTER,EPCM,US-NORTHEAST,17904.751,0.0,64.687,1,0.324313,0.560289,1.18,132352628.38,161821096.8,446,479.923,0.222651,0.07606,RED,False,DEVELOPMENT,SYNTHETIC_RESEARCH_FIXTURE,OG-SYNTH-0.3,B1-0.3,build_opus_synthetic_programme_v0_3.py@0.3,20260812,True,19671d4c440575c58ebe2b9d24960d5dfbecd1c2a75fe3ae25d3e1edef6c1ab0
REF-0313,AIRPORT_TERMINAL,DESIGN_BID_BUILD,US-SOUTHEAST,49220.979,1.419,17.154,1,0.503384,0.966817,0.94,166046539.9,191109633.78,533,633.144,0.15094,0.187888,AMBER,False,LOCKED_HOLDOUT,SYNTHETIC_RESEARCH_FIXTURE,OG-SYNTH-0.3,B1-0.3,build_opus_synthetic_programme_v0_3.py@0.3,20260812,True,493b83164ecac97b14c44999d11607fd00ac80aca744666f73e1c1707546d805
REF-0314,HIGHWAY_CORRIDOR,DESIGN_BID_BUILD,US-SOUTHEAST,2864.245,13.466,38.689,2,0.705905,0.696711,0.94,130223338.92,156434873.7,471,587.308,0.201281,0.246938,RED,False,VALIDATION,SYNTHETIC_RESEARCH_FIXTURE,OG-SYNTH-0.3,B1-0.3,build_opus_synthetic_programme_v0_3.py@0.3,20260812,True,7de1a4cb99fa129e5d3d650d08a5df7335e102ecf24f119cf0554af7a66c19a1
REF-0315,VERTICAL_HOSPITAL,DESIGN_BID_BUILD,US-SOUTHEAST,33803.05,0.0,92.64,12,0.545321,0.799622,0.94,198310905.71,233534845.54,600,695.939,0.17762,0.159899,AMBER,False,DEVELOPMENT,SYNTHETIC_RESEARCH_FIXTURE,OG-SYNTH-0.3,B1-0.3,build_opus_synthetic_programme_v0_3.py@0.3,20260812,True,d486da10a843fcbaa2095440d64fc0846699bd200eb2e23f2f83f1ce1e8ae0fb
REF-0316,WATER_TREATMENT,DESIGN_BID_BUILD,US-SOUTHEAST,23835.276,8.113,128.618,1,0.851263,0.407168,0.94,170804892.32,209562120.39,645,822.259,0.226909,0.27482,RED,False,DEVELOPMENT,SYNTHETIC_RESEARCH_FIXTURE,OG-SYNTH-0.3,B1-0.3,build_opus_synthetic_programme_v0_3.py@0.3,20260812,True,e406a7d92a211eb8fa55894b98b307790f525e2a443c3bec889fdd68b4aa8d6e
REF-0317,RAIL_STATION,DESIGN_BID_BUILD,US-SOUTHEAST,0.0,17.093,5.964,6,0.296999,0.606095,0.94,142305198.29,162649192.59,348,419.159,0.14296,0.20448,AMBER,False,VALIDATION,SYNTHETIC_RESEARCH_FIXTURE,OG-SYNTH-0.3,B1-0.3,build_opus_synthetic_programme_v0_3.py@0.3,20260812,True,f0a42d9bcd2d0de7729992939073738b0f09b943c51339d3b9c38388e0185450
REF-0318,DATA_CENTER,DESIGN_BID_BUILD,US-SOUTHEAST,61925.092,0.384,146.638,1,0.723157,0.861336,0.94,180816052.98,225148101.46,637,739.883,0.245178,0.161511,RED,False,DEVELOPMENT,SYNTHETIC_RESEARCH_FIXTURE,OG-SYNTH-0.3,B1-0.3,build_opus_synthetic_programme_v0_3.py@0.3,20260812,True,a4f34da38b2934ce7ca2b8751d270718fa276529d0e1a98b039322c317e167ae
REF-0319,AIRPORT_TERMINAL,DESIGN_BUILD,US-SOUTHEAST,52668.734,0.0,60.397,1,0.669357,0.573026,0.94,169076804.27,195314707.31,636,712.984,0.155183,0.121043,AMBER,False,DEVELOPMENT,SYNTHETIC_RESEARCH_FIXTURE,OG-SYNTH-0.3,B1-0.3,build_opus_synthetic_programme_v0_3.py@0.3,20260812,True,3ef7ccfecea942fab4fa456985cc7a267680f7b6ac761015406b629c06f31005
REF-0320,HIGHWAY_CORRIDOR,DESIGN_BUILD,US-SOUTHEAST,2923.604,15.387,53.107,4,0.727257,0.742632,0.94,127062565.66,151593295.38,527,644.739,0.19306,0.223413,RED,False,VALIDATION,SYNTHETIC_RESEARCH_FIXTURE,OG-SYNTH-0.3,B1-0.3,build_opus_synthetic_programme_v0_3.py@0.3,20260812,True,e6a7a49d5cdba8e819af42558ed68c1125768dae56810740e980f27dbbd94a69
REF-0321,VERTICAL_HOSPITAL,DESIGN_BUILD,US-SOUTHEAST,50925.489,0.0,64.718,9,0.587467,0.569573,0.94,174536084.22,262456445.43,624,967.976,0.503737,0.551244,RED,True,VALIDATION,SYNTHETIC_RESEARCH_FIXTURE,OG-SYNTH-0.3,B1-0.3,build_opus_synthetic_programme_v0_3.py@0.3,20260812,True,274323c39c47f57bc70efde44a25e6a0f4c55f732354f4dfc2f8bd91eedaf9fc
REF-0322,WATER_TREATMENT,DESIGN_BUILD,US-SOUTHEAST,3640.593,1.997,114.038,1,0.603249,0.799311,0.94,99255293.6,114379569.1,498,574.517,0.152378,0.153648,AMBER,False,LOCKED_HOLDOUT,SYNTHETIC_RESEARCH_FIXTURE,OG-SYNTH-0.3,B1-0.3,build_opus_synthetic_programme_v0_3.py@0.3,20260812,True,3507be2707c73cfa40d5b2f49c4b3fca2b8aa283525822b8adbd7a9479b33a4a
REF-0323,RAIL_STATION,DESIGN_BUILD,US-SOUTHEAST,1485.44,10.038,37.683,7,0.403474,0.502319,0.94,130151824.86,145462532.0,377,447.673,0.117637,0.187461,AMBER,False,VALIDATION,SYNTHETIC_RESEARCH_FIXTURE,OG-SYNTH-0.3,B1-0.3,build_opus_synthetic_programme_v0_3.py@0.3,20260812,True,68120b5ec841133e60a55f10781eb8b53562f9c23f2dbad1ece5589577d83105
REF-0324,DATA_CENTER,DESIGN_BUILD,US-SOUTHEAST,38942.082,2.609,122.82,4,0.781028,0.715796,0.94,175433279.5,201052263.16,583,743.791,0.146033,0.275799,RED,False,LOCKED_HOLDOUT,SYNTHETIC_RESEARCH_FIXTURE,OG-SYNTH-0.3,B1-0.3,build_opus_synthetic_programme_v0_3.py@0.3,20260812,True,08e3c8a7c31f93016aa4f6b259beb412e6777cb3c5ec0d0164bacf7430ba3ab0
REF-0325,AIRPORT_TERMINAL,CMAR,US-SOUTHEAST,35027.302,0.0,73.881,5,0.695649,0.704869,0.94,178495782.25,224221168.14,560,688.233,0.256171,0.228987,RED,False,LOCKED_HOLDOUT,SYNTHETIC_RESEARCH_FIXTURE,OG-SYNTH-0.3,B1-0.3,build_opus_synthetic_programme_v0_3.py@0.3,20260812,True,c417c672ea0807123268c73f7a77c80abbf571229d45a536800f6fc9c71e3a4d
REF-0326,HIGHWAY_CORRIDOR,CMAR,US-SOUTHEAST,0.0,15.739,53.503,4,0.113253,0.84589,0.94,105302442.85,113513909.17,300,328.864,0.07798,0.096213,AMBER,False,DEVELOPMENT,SYNTHETIC_RESEARCH_FIXTURE,OG-SYNTH-0.3,B1-0.3,build_opus_synthetic_programme_v0_3.py@0.3,20260812,True,c6aa5f54faf33587a39c13f3a0bde08a3f66c60da8cb6f3a91e7c779a0a9fb6f
REF-0327,VERTICAL_HOSPITAL,CMAR,US-SOUTHEAST,69740.624,0.0,56.308,11,0.666628,0.620704,0.94,210550886.42,232806971.11,703,766.485,0.105704,0.090305,AMBER,False,VALIDATION,SYNTHETIC_RESEARCH_FIXTURE,OG-SYNTH-0.3,B1-0.3,build_opus_synthetic_programme_v0_3.py@0.3,20260812,True,d15ab6629b0f3c2b040260397802902f5cbd71c94073c3c4448045c15e1e6b33
REF-0328,WATER_TREATMENT,CMAR,US-SOUTHEAST,5361.793,0.0,79.179,4,0.507572,0.728202,0.94,107562575.96,165674952.21,440,675.527,0.540266,0.535288,RED,True,DEVELOPMENT,SYNTHETIC_RESEARCH_FIXTURE,OG-SYNTH-0.3,B1-0.3,build_opus_synthetic_programme_v0_3.py@0.3,20260812,True,c12c211ca6165b2c0e5bd8a5d064fe9b12632ed7a56ed8ef63a1657eb91f5a5c
REF-0329,RAIL_STATION,CMAR,US-SOUTHEAST,0.0,19.162,1.0,1,0.577312,0.948186,0.94,130397631.81,150786438.85,401,463.232,0.156359,0.155192,AMBER,False,DEVELOPMENT,SYNTHETIC_RESEARCH_FIXTURE,OG-SYNTH-0.3,B1-0.3,build_opus_synthetic_programme_v0_3.py@0.3,20260812,True,94c58920af7ce40984bcbef62c8e6b2710d0f329d179e306898c1f9d81b6a68e
REF-0330,DATA_CENTER,CMAR,US-SOUTHEAST,31174.169,0.0,132.46,3,0.645577,0.433326,0.94,155764686.64,188764783.16,557,714.548,0.211859,0.282851,RED,False,VALIDATION,SYNTHETIC_RESEARCH_FIXTURE,OG-SYNTH-0.3,B1-0.3,build_opus_synthetic_programme_v0_3.py@0.3,20260812,True,6a2bf4db0581d985c840ed93bfbe6a2720d2ced8104c6fe36259c934799f660d
REF-0331,AIRPORT_TERMINAL,EPCM,US-SOUTHEAST,51562.827,0.0,102.796,8,0.537055,0.858,0.94,187929341.62,202845836.45,522,597.094,0.079373,0.143858,AMBER,False,LOCKED_HOLDOUT,SYNTHETIC_RESEARCH_FIXTURE,OG-SYNTH-0.3,B1-0.3,build_opus_synthetic_programme_v0_3.py@0.3,20260812,True,e42509a2d570db54b2d031e1febbdfe07689e9a2b89c29b57739fbf3414a710d
REF-0332,HIGHWAY_CORRIDOR,EPCM,US-SOUTHEAST,17203.86,15.925,77.91,7,0.312906,0.584726,0.94,131084296.05,158307132.04,551,564.417,0.207674,0.024351,AMBER,False,DEVELOPMENT,SYNTHETIC_RESEARCH_FIXTURE,OG-SYNTH-0.3,B1-0.3,build_opus_synthetic_programme_v0_3.py@0.3,20260812,True,22732f574a3ec5846ebc2ada4ad064801786968e1a76393e5c923acacae03545
REF-0333,VERTICAL_HOSPITAL,EPCM,US-SOUTHEAST,42097.414,0.0,61.622,15,0.564502,0.535337,0.94,186756834.6,221543468.29,592,681.32,0.186267,0.150879,AMBER,False,LOCKED_HOLDOUT,SYNTHETIC_RESEARCH_FIXTURE,OG-SYNTH-0.3,B1-0.3,build_opus_synthetic_programme_v0_3.py@0.3,20260812,True,7614ebda3995148531c70eac00658543e5ac45849fb77aa653d4e8b3fb87d6a1
REF-0334,WATER_TREATMENT,EPCM,US-SOUTHEAST,2324.053,4.287,130.483,1,0.19568,0.76129,0.94,91752363.16,92918740.66,366,400.262,0.012712,0.093611,AMBER,False,VALIDATION,SYNTHETIC_RESEARCH_FIXTURE,OG-SYNTH-0.3,B1-0.3,build_opus_synthetic_programme_v0_3.py@0.3,20260812,True,9e80832a1222229c149cdea5ea85a17672dcb24652d7dbfc0973922301b071c4
REF-0335,RAIL_STATION,EPCM,US-SOUTHEAST,2531.789,20.565,34.39,8,0.170011,0.71913,0.94,153809393.85,163378781.93,339,387.261,0.062216,0.142362,AMBER,False,LOCKED_HOLDOUT,SYNTHETIC_RESEARCH_FIXTURE,OG-SYNTH-0.3,B1-0.3,build_opus_synthetic_programme_v0_3.py@0.3,20260812,True,123f08b7688973375d594c31fc12d4c0f97e43cacce6c887a3b98e439d6b81a2
REF-0336,DATA_CENTER,EPCM,US-SOUTHEAST,6671.534,4.615,145.535,4,0.566025,0.903005,0.94,138753283.25,163786500.83,464,604.888,0.180415,0.303639,RED,False,VALIDATION,SYNTHETIC_RESEARCH_FIXTURE,OG-SYNTH-0.3,B1-0.3,build_opus_synthetic_programme_v0_3.py@0.3,20260812,True,5b36ab3dc2f20cdb717ee938d961af08a0bd9f1373d89e77696c34acdfdec24f
REF-0337,AIRPORT_TERMINAL,DESIGN_BID_BUILD,US-MIDWEST,28041.46,0.0,73.754,6,0.198672,0.923356,0.91,145073451.12,149698380.54,509,499.783,0.03188,-0.018109,GREEN,False,DEVELOPMENT,SYNTHETIC_RESEARCH_FIXTURE,OG-SYNTH-0.3,B1-0.3,build_opus_synthetic_programme_v0_3.py@0.3,20260812,True,3f7d5aed5a31cfff28ed354bdac9bd843cb9db854efa27d9506cd1910ecd400c
REF-0338,HIGHWAY_CORRIDOR,DESIGN_BID_BUILD,US-MIDWEST,14579.832,16.94,39.916,4,0.514122,0.871111,0.91,130657315.05,155044011.86,538,596.035,0.186646,0.107872,AMBER,False,LOCKED_HOLDOUT,SYNTHETIC_RESEARCH_FIXTURE,OG-SYNTH-0.3,B1-0.3,build_opus_synthetic_programme_v0_3.py@0.3,20260812,True,a337c69684a8fc8f8153371049cd05581ce1f5c096c82952826a59cabf11b1cc
REF-0339,VERTICAL_HOSPITAL,DESIGN_BID_BUILD,US-MIDWEST,36192.789,0.0,45.08,11,0.670514,0.632443,0.91,178565317.37,210389294.27,616,710.679,0.17822,0.153699,AMBER,False,DEVELOPMENT,SYNTHETIC_RESEARCH_FIXTURE,OG-SYNTH-0.3,B1-0.3,build_opus_synthetic_programme_v0_3.py@0.3,20260812,True,a48a6b098582b423f51adadcb41b7d2589bfb6765738f491706c2ecbb74be377
REF-0340,WATER_TREATMENT,DESIGN_BID_BUILD,US-MIDWEST,0.0,1.579,96.678,3,0.491118,0.906226,0.91,105683639.71,124996154.08,384,483.549,0.182739,0.259243,RED,False,DEVELOPMENT,SYNTHETIC_RESEARCH_FIXTURE,OG-SYNTH-0.3,B1-0.3,build_opus_synthetic_programme_v0_3.py@0.3,20260812,True,f1a5a297c0a6ac308f4680f99c7495bb701e65ded8b0c26f095324773e003704
REF-0341,RAIL_STATION,DESIGN_BID_BUILD,US-MIDWEST,1129.227,14.514,45.32,2,0.618796,0.35,0.91,154233340.97,200560594.6,420,521.591,0.300371,0.241883,RED,False,DEVELOPMENT,SYNTHETIC_RESEARCH_FIXTURE,OG-SYNTH-0.3,B1-0.3,build_opus_synthetic_programme_v0_3.py@0.3,20260812,True,acb6ed4bc036a6217826ab721c62766db0fb7dc88f3babe0abeb06bf4c0d2183
REF-0342,DATA_CENTER,DESIGN_BID_BUILD,US-MIDWEST,37797.549,0.0,105.366,3,0.674814,0.893409,0.91,162959974.41,194742626.16,596,659.47,0.195033,0.106493,AMBER,False,DEVELOPMENT,SYNTHETIC_RESEARCH_FIXTURE,OG-SYNTH-0.3,B1-0.3,build_opus_synthetic_programme_v0_3.py@0.3,20260812,True,aaa7bb6feca02d8565f989eada9bb376b2fe835e95edd4421241743dc8932e1b
REF-0343,AIRPORT_TERMINAL,DESIGN_BUILD,US-MIDWEST,58492.606,0.0,33.618,4,0.483209,0.89301,0.91,170354596.79,205765603.26,654,755.886,0.207866,0.155789,AMBER,False,LOCKED_HOLDOUT,SYNTHETIC_RESEARCH_FIXTURE,OG-SYNTH-0.3,B1-0.3,build_opus_synthetic_programme_v0_3.py@0.3,20260812,True,a5402a6c84d1a368f36521c8034226147c0029f219eef91823c0fd61641f882e
REF-0344,HIGHWAY_CORRIDOR,DESIGN_BUILD,US-MIDWEST,24977.724,22.962,79.387,3,0.275873,0.813682,0.91,140976473.29,144827775.45,574,682.026,0.027319,0.188199,AMBER,False,DEVELOPMENT,SYNTHETIC_RESEARCH_FIXTURE,OG-SYNTH-0.3,B1-0.3,build_opus_synthetic_programme_v0_3.py@0.3,20260812,True,d07eada781feab9850185ba9fa5a1a9c2744dd36062121396de1ed82fe11be9a
REF-0345,VERTICAL_HOSPITAL,DESIGN_BUILD,US-MIDWEST,38249.334,0.0,54.635,11,0.659425,0.68178,0.91,177646595.05,206846682.46,608,787.819,0.164372,0.295754,RED,False,DEVELOPMENT,SYNTHETIC_RESEARCH_FIXTURE,OG-SYNTH-0.3,B1-0.3,build_opus_synthetic_programme_v0_3.py@0.3,20260812,True,4d5066b8b4f37b423e149662ad67538becfa0d02b1a8746258e4d2dfd8f832ca
REF-0346,WATER_TREATMENT,DESIGN_BUILD,US-MIDWEST,20747.563,0.0,116.977,7,0.353214,0.565608,0.91,119641059.11,127579508.9,466,547.085,0.066352,0.174001,AMBER,False,DEVELOPMENT,SYNTHETIC_RESEARCH_FIXTURE,OG-SYNTH-0.3,B1-0.3,build_opus_synthetic_programme_v0_3.py@0.3,20260812,True,5631d00cb866f08a592455c8aa7e043c4c3c5dcff4588def041ed234f3613ee2
REF-0347,RAIL_STATION,DESIGN_BUILD,US-MIDWEST,17200.262,17.01,37.375,6,0.288138,0.976762,0.91,149008331.51,163832006.04,492,498.954,0.099482,0.014133,AMBER,False,DEVELOPMENT,SYNTHETIC_RESEARCH_FIXTURE,OG-SYNTH-0.3,B1-0.3,build_opus_synthetic_programme_v0_3.py@0.3,20260812,True,0bf5637b930cf50e5a74f116ead5f4963f214479ceeb73a914aae815b55f5e10
REF-0348,DATA_CENTER,DESIGN_BUILD,US-MIDWEST,27882.102,3.363,101.104,3,0.175625,0.801671,0.91,113797124.34,128770358.65,451,491.634,0.131578,0.090097,AMBER,False,DEVELOPMENT,SYNTHETIC_RESEARCH_FIXTURE,OG-SYNTH-0.3,B1-0.3,build_opus_synthetic_programme_v0_3.py@0.3,20260812,True,9c70285ccb030dcb497b5fc9ffc9d9f95380bcf31fede021cd2d92683fa6c669
REF-0349,AIRPORT_TERMINAL,CMAR,US-MIDWEST,40321.871,3.461,80.166,6,0.790083,0.356961,0.91,184983276.47,212459345.53,629,722.065,0.148533,0.147957,AMBER,False,LOCKED_HOLDOUT,SYNTHETIC_RESEARCH_FIXTURE,OG-SYNTH-0.3,B1-0.3,build_opus_synthetic_programme_v0_3.py@0.3,20260812,True,df50345975ee4deca57852ecb6601ef17ebfb63f284d0212c5051928d76c9c93
REF-0350,HIGHWAY_CORRIDOR,CMAR,US-MIDWEST,6894.488,19.904,41.785,1,0.673505,0.780321,0.91,127516333.54,169183922.44,446,527.099,0.326763,0.181837,RED,False,LOCKED_HOLDOUT,SYNTHETIC_RESEARCH_FIXTURE,OG-SYNTH-0.3,B1-0.3,build_opus_synthetic_programme_v0_3.py@0.3,20260812,True,7e3b72c402506ad70d1c49f77498797557fb3efa73e7848232aa20a0171bc6b7
REF-0351,VERTICAL_HOSPITAL,CMAR,US-MIDWEST,47839.507,2.318,41.452,9,0.690178,0.35,0.91,193267382.7,253987951.32,649,750.571,0.314179,0.156503,RED,False,VALIDATION,SYNTHETIC_RESEARCH_FIXTURE,OG-SYNTH-0.3,B1-0.3,build_opus_synthetic_programme_v0_3.py@0.3,20260812,True,979acdbe605bce51c5cbf24fdba2873123198c9ba48b2d02cd38719e2431f3fd
REF-0352,WATER_TREATMENT,CMAR,US-MIDWEST,9372.065,1.658,122.719,3,0.629426,0.85327,0.91,113310585.65,163279631.87,443,638.858,0.440992,0.442118,RED,True,DEVELOPMENT,SYNTHETIC_RESEARCH_FIXTURE,OG-SYNTH-0.3,B1-0.3,build_opus_synthetic_programme_v0_3.py@0.3,20260812,True,280d1a9923cc3d85950c04534319cfc8b2d84fe811294ad6e58015a3a67ad033
REF-0353,RAIL_STATION,CMAR,US-MIDWEST,7164.168,19.445,61.884,9,0.353483,0.832986,0.91,154941137.49,217196749.87,457,650.278,0.401802,0.422929,RED,True,DEVELOPMENT,SYNTHETIC_RESEARCH_FIXTURE,OG-SYNTH-0.3,B1-0.3,build_opus_synthetic_programme_v0_3.py@0.3,20260812,True,872a04c2a0d982a5f625a8ea062765fa89f976aeb1407b0d88c3a2007d40cf57
REF-0354,DATA_CENTER,CMAR,US-MIDWEST,45843.142,5.842,75.6,1,0.418253,0.657026,0.91,137729004.1,161150518.45,555,620.512,0.170055,0.11804,AMBER,False,DEVELOPMENT,SYNTHETIC_RESEARCH_FIXTURE,OG-SYNTH-0.3,B1-0.3,build_opus_synthetic_programme_v0_3.py@0.3,20260812,True,376f0a6fc29bd74b3a2ca3c1585cc6ab014931fb3cd431c345683e56fd96a829
REF-0355,AIRPORT_TERMINAL,EPCM,US-MIDWEST,58729.024,0.0,15.861,4,0.37624,0.855087,0.91,158588675.76,189253259.62,625,654.241,0.193359,0.046786,AMBER,False,DEVELOPMENT,SYNTHETIC_RESEARCH_FIXTURE,OG-SYNTH-0.3,B1-0.3,build_opus_synthetic_programme_v0_3.py@0.3,20260812,True,62f8ffcf0b263d48a628a98fb52d24ed75012f91243fe8bec99042911fe8ceb6
REF-0356,HIGHWAY_CORRIDOR,EPCM,US-MIDWEST,12802.979,13.242,45.381,5,0.356277,0.883518,0.91,127467860.63,127527988.33,419,480.021,0.000472,0.145634,AMBER,False,DEVELOPMENT,SYNTHETIC_RESEARCH_FIXTURE,OG-SYNTH-0.3,B1-0.3,build_opus_synthetic_programme_v0_3.py@0.3,20260812,True,98a121513613b2cad8cdbed26dff49a8e595a9c64dd93bc9798e8f9c9a8cdc40
REF-0357,VERTICAL_HOSPITAL,EPCM,US-MIDWEST,47915.228,0.0,62.4,10,0.724593,0.741342,0.91,202988885.53,232030162.98,641,735.78,0.143068,0.147862,AMBER,False,DEVELOPMENT,SYNTHETIC_RESEARCH_FIXTURE,OG-SYNTH-0.3,B1-0.3,build_opus_synthetic_programme_v0_3.py@0.3,20260812,True,78690038285675a54a04e86115a857c0b90105de4134d0704158afe09c467dd2
REF-0358,WATER_TREATMENT,EPCM,US-MIDWEST,10791.138,0.0,132.709,5,0.193417,0.854601,0.91,104157378.92,109106279.21,394,451.417,0.047514,0.145728,AMBER,False,VALIDATION,SYNTHETIC_RESEARCH_FIXTURE,OG-SYNTH-0.3,B1-0.3,build_opus_synthetic_programme_v0_3.py@0.3,20260812,True,c6e06bbad381ed1e56ddeec62f9a21b4e2b8ee98662fb09fc38bc8055eab38de
REF-0359,RAIL_STATION,EPCM,US-MIDWEST,0.0,30.735,96.967,1,0.730925,0.748371,0.91,187102031.05,223276663.18,478,556.292,0.193342,0.163791,AMBER,False,LOCKED_HOLDOUT,SYNTHETIC_RESEARCH_FIXTURE,OG-SYNTH-0.3,B1-0.3,build_opus_synthetic_programme_v0_3.py@0.3,20260812,True,b98b7c06e8e960e0ed820f27028dcf49bcf51e2a777e7398c6511f27610e10e9
REF-0360,DATA_CENTER,EPCM,US-MIDWEST,40998.038,5.793,143.98,6,0.318362,0.509627,0.91,147278043.46,166424129.95,590,678.065,0.13,0.149262,AMBER,False,DEVELOPMENT,SYNTHETIC_RESEARCH_FIXTURE,OG-SYNTH-0.3,B1-0.3,build_opus_synthetic_programme_v0_3.py@0.3,20260812,True,068bd021f92c5a26874a64e8430cde6ce6b882e4aa901b1fd700f9f426bf69d6
