project_id,cost_element_id_a,cost_element_id_b,correlation,data_origin,programme_version,package_version,generator_version,random_seed,not_for_empirical_validation,record_hash
PRJ-AIR,PRJ-AIR-CE-01,PRJ-AIR-CE-01,1.0,SYNTHETIC_RESEARCH_FIXTURE,OG-SYNTH-0.2,A-0.2,build_opus_synthetic_programme_v0_2.py@0.2,20260811,True,37a538e4741562db1b2af6579e42546be211cca50706706d9cea6fe010f73582
PRJ-AIR,PRJ-AIR-CE-01,PRJ-AIR-CE-02,0.25,SYNTHETIC_RESEARCH_FIXTURE,OG-SYNTH-0.2,A-0.2,build_opus_synthetic_programme_v0_2.py@0.2,20260811,True,8eef9e3252b2ef250efc991710402cb2ee310b850d54979bf3eea41ffc337af2
PRJ-AIR,PRJ-AIR-CE-01,PRJ-AIR-CE-03,0.25,SYNTHETIC_RESEARCH_FIXTURE,OG-SYNTH-0.2,A-0.2,build_opus_synthetic_programme_v0_2.py@0.2,20260811,True,d7570392718421e839d5b0594ab15f7fc72dafeb5668cb289870d3496b0de2cd
PRJ-AIR,PRJ-AIR-CE-01,PRJ-AIR-CE-04,0.04,SYNTHETIC_RESEARCH_FIXTURE,OG-SYNTH-0.2,A-0.2,build_opus_synthetic_programme_v0_2.py@0.2,20260811,True,8326918f0be1565e4f55d1224f85538cfaefb22e03d34ce76fe29dc10d59ba87
PRJ-AIR,PRJ-AIR-CE-01,PRJ-AIR-CE-05,0.04,SYNTHETIC_RESEARCH_FIXTURE,OG-SYNTH-0.2,A-0.2,build_opus_synthetic_programme_v0_2.py@0.2,20260811,True,a5519bbd871234cb00da3163b18e9cf81d4aed59fb042f2f80933fa8d9b001ec
PRJ-AIR,PRJ-AIR-CE-01,PRJ-AIR-CE-06,0.04,SYNTHETIC_RESEARCH_FIXTURE,OG-SYNTH-0.2,A-0.2,build_opus_synthetic_programme_v0_2.py@0.2,20260811,True,31a0e79ec1a0966d2302c2165dfb33215c7dcfd3c86e2e45b8fbba6e4ba305a2
PRJ-AIR,PRJ-AIR-CE-01,PRJ-AIR-CE-07,0.04,SYNTHETIC_RESEARCH_FIXTURE,OG-SYNTH-0.2,A-0.2,build_opus_synthetic_programme_v0_2.py@0.2,20260811,True,960f05ad418701294f42f405ba2ae0ed71ad1f8341cf156d3dc429ebe6289a60
PRJ-AIR,PRJ-AIR-CE-01,PRJ-AIR-CE-08,0.04,SYNTHETIC_RESEARCH_FIXTURE,OG-SYNTH-0.2,A-0.2,build_opus_synthetic_programme_v0_2.py@0.2,20260811,True,d16f4b3b057fd0857c094c377ce31013eeb3455b7018f001bcf2f3fb35b13b57
PRJ-AIR,PRJ-AIR-CE-01,PRJ-AIR-CE-09,0.04,SYNTHETIC_RESEARCH_FIXTURE,OG-SYNTH-0.2,A-0.2,build_opus_synthetic_programme_v0_2.py@0.2,20260811,True,6cf45a6c42720a719fac8b1f8bc9619c6e07ccb4c51f5a97baa7677891a86124
PRJ-AIR,PRJ-AIR-CE-01,PRJ-AIR-CE-10,0.04,SYNTHETIC_RESEARCH_FIXTURE,OG-SYNTH-0.2,A-0.2,build_opus_synthetic_programme_v0_2.py@0.2,20260811,True,dc3258b5bbb549236b14384e1544847d73c5122c84acd0216b4b01906762e3be
PRJ-AIR,PRJ-AIR-CE-02,PRJ-AIR-CE-01,0.25,SYNTHETIC_RESEARCH_FIXTURE,OG-SYNTH-0.2,A-0.2,build_opus_synthetic_programme_v0_2.py@0.2,20260811,True,e7bfd72a2fafa529449e828cfb3a657970a9189e4821cd3ef83b0b5cca248589
PRJ-AIR,PRJ-AIR-CE-02,PRJ-AIR-CE-02,1.0,SYNTHETIC_RESEARCH_FIXTURE,OG-SYNTH-0.2,A-0.2,build_opus_synthetic_programme_v0_2.py@0.2,20260811,True,643cf676cedf2f03df81d810f7bd3a2986b85f1f23d60510c960739e4d15a7bf
PRJ-AIR,PRJ-AIR-CE-02,PRJ-AIR-CE-03,0.25,SYNTHETIC_RESEARCH_FIXTURE,OG-SYNTH-0.2,A-0.2,build_opus_synthetic_programme_v0_2.py@0.2,20260811,True,90e474a9a6be6edbc044f3f0d375deed9d7bc42728e8aeac6f5e2edc019b1da5
PRJ-AIR,PRJ-AIR-CE-02,PRJ-AIR-CE-04,0.04,SYNTHETIC_RESEARCH_FIXTURE,OG-SYNTH-0.2,A-0.2,build_opus_synthetic_programme_v0_2.py@0.2,20260811,True,934c8cc4ed92ad66ff1b5460ed52710fec414064bb817fa3df9095998dc62793
PRJ-AIR,PRJ-AIR-CE-02,PRJ-AIR-CE-05,0.04,SYNTHETIC_RESEARCH_FIXTURE,OG-SYNTH-0.2,A-0.2,build_opus_synthetic_programme_v0_2.py@0.2,20260811,True,ee28391d9c102085660c4f30d9904abd1751c66d7a87c4488c53559a7b25c034
PRJ-AIR,PRJ-AIR-CE-02,PRJ-AIR-CE-06,0.04,SYNTHETIC_RESEARCH_FIXTURE,OG-SYNTH-0.2,A-0.2,build_opus_synthetic_programme_v0_2.py@0.2,20260811,True,ec0776632dd6a0f0d7cca47d4760e8171705b2a563e2c37aed162d61bc1513e1
PRJ-AIR,PRJ-AIR-CE-02,PRJ-AIR-CE-07,0.04,SYNTHETIC_RESEARCH_FIXTURE,OG-SYNTH-0.2,A-0.2,build_opus_synthetic_programme_v0_2.py@0.2,20260811,True,361a4c1c1996538d0ba7b0b357527d13d6a75996c3dd63e48a1d7d6b82ab4a3c
PRJ-AIR,PRJ-AIR-CE-02,PRJ-AIR-CE-08,0.04,SYNTHETIC_RESEARCH_FIXTURE,OG-SYNTH-0.2,A-0.2,build_opus_synthetic_programme_v0_2.py@0.2,20260811,True,365a810aebbf7ef52090f08fc3153544fca6a6d3fc9f9696410e156cfbeda7dc
PRJ-AIR,PRJ-AIR-CE-02,PRJ-AIR-CE-09,0.04,SYNTHETIC_RESEARCH_FIXTURE,OG-SYNTH-0.2,A-0.2,build_opus_synthetic_programme_v0_2.py@0.2,20260811,True,11168a100ab3b5bd1ac1656bbf934e854ffd8c246b90145cd852590c01115ee3
PRJ-AIR,PRJ-AIR-CE-02,PRJ-AIR-CE-10,0.04,SYNTHETIC_RESEARCH_FIXTURE,OG-SYNTH-0.2,A-0.2,build_opus_synthetic_programme_v0_2.py@0.2,20260811,True,f1b240161e127455bbb34daafbffc4cac031727253e396c09a4c13cc7003c407
PRJ-AIR,PRJ-AIR-CE-03,PRJ-AIR-CE-01,0.25,SYNTHETIC_RESEARCH_FIXTURE,OG-SYNTH-0.2,A-0.2,build_opus_synthetic_programme_v0_2.py@0.2,20260811,True,ce9001e772ae9efe0a3b643d550893e9dd65b58def870d280cc104b83ce02d0d
PRJ-AIR,PRJ-AIR-CE-03,PRJ-AIR-CE-02,0.25,SYNTHETIC_RESEARCH_FIXTURE,OG-SYNTH-0.2,A-0.2,build_opus_synthetic_programme_v0_2.py@0.2,20260811,True,04b936fcffd86a108ed1f1e36e74d89889d69dd172e4344032c6757910f523b4
PRJ-AIR,PRJ-AIR-CE-03,PRJ-AIR-CE-03,1.0,SYNTHETIC_RESEARCH_FIXTURE,OG-SYNTH-0.2,A-0.2,build_opus_synthetic_programme_v0_2.py@0.2,20260811,True,8a54fc1943d1a5e02acebec421084ef270d7ebaa6f5f7402892f43f8911de348
PRJ-AIR,PRJ-AIR-CE-03,PRJ-AIR-CE-04,0.04,SYNTHETIC_RESEARCH_FIXTURE,OG-SYNTH-0.2,A-0.2,build_opus_synthetic_programme_v0_2.py@0.2,20260811,True,6503e44b0fd2de355154f87c88aff61543d363a3222a17d474963d9e0b89a7e4
PRJ-AIR,PRJ-AIR-CE-03,PRJ-AIR-CE-05,0.04,SYNTHETIC_RESEARCH_FIXTURE,OG-SYNTH-0.2,A-0.2,build_opus_synthetic_programme_v0_2.py@0.2,20260811,True,877ad18a0712ed09ef5aac9a36c1fa758075bb59044fa20d66f567984e1967d7
PRJ-AIR,PRJ-AIR-CE-03,PRJ-AIR-CE-06,0.04,SYNTHETIC_RESEARCH_FIXTURE,OG-SYNTH-0.2,A-0.2,build_opus_synthetic_programme_v0_2.py@0.2,20260811,True,cb1ac3202fb8a73caa2e35494e7ed9858ffd8e09b3a8dc3c7339c7f29e2b143c
PRJ-AIR,PRJ-AIR-CE-03,PRJ-AIR-CE-07,0.04,SYNTHETIC_RESEARCH_FIXTURE,OG-SYNTH-0.2,A-0.2,build_opus_synthetic_programme_v0_2.py@0.2,20260811,True,48e724ae1024173e8f30b0740ee19a4c9f78afdb3c801a584e789698d835adbf
PRJ-AIR,PRJ-AIR-CE-03,PRJ-AIR-CE-08,0.04,SYNTHETIC_RESEARCH_FIXTURE,OG-SYNTH-0.2,A-0.2,build_opus_synthetic_programme_v0_2.py@0.2,20260811,True,12a9cc23f755ecb6cf49fb53ba89a1a5fb56dc23a748a8c0d8db11a380967b1e
PRJ-AIR,PRJ-AIR-CE-03,PRJ-AIR-CE-09,0.04,SYNTHETIC_RESEARCH_FIXTURE,OG-SYNTH-0.2,A-0.2,build_opus_synthetic_programme_v0_2.py@0.2,20260811,True,72ebbb37cd7402793bf9cd1ba526748231a364af397aa988d7944433ade796b5
PRJ-AIR,PRJ-AIR-CE-03,PRJ-AIR-CE-10,0.04,SYNTHETIC_RESEARCH_FIXTURE,OG-SYNTH-0.2,A-0.2,build_opus_synthetic_programme_v0_2.py@0.2,20260811,True,8869442d88052614cd49911edbfee9df975b20fc100494afce60352c8cc34c00
PRJ-AIR,PRJ-AIR-CE-04,PRJ-AIR-CE-01,0.04,SYNTHETIC_RESEARCH_FIXTURE,OG-SYNTH-0.2,A-0.2,build_opus_synthetic_programme_v0_2.py@0.2,20260811,True,6f08136ea1a21dbda70ef71d42eb53f2181dca3002baa78c83e19794198cf3d8
PRJ-AIR,PRJ-AIR-CE-04,PRJ-AIR-CE-02,0.04,SYNTHETIC_RESEARCH_FIXTURE,OG-SYNTH-0.2,A-0.2,build_opus_synthetic_programme_v0_2.py@0.2,20260811,True,18ff17b83dc4b28e7972e238cbbcb0dac0437286e7554186e916db4a339b12be
PRJ-AIR,PRJ-AIR-CE-04,PRJ-AIR-CE-03,0.04,SYNTHETIC_RESEARCH_FIXTURE,OG-SYNTH-0.2,A-0.2,build_opus_synthetic_programme_v0_2.py@0.2,20260811,True,49707441aa95f9dc459d7007b0f8cfde4b1cd7732d902249be4ffbf0e35e10c8
PRJ-AIR,PRJ-AIR-CE-04,PRJ-AIR-CE-04,1.0,SYNTHETIC_RESEARCH_FIXTURE,OG-SYNTH-0.2,A-0.2,build_opus_synthetic_programme_v0_2.py@0.2,20260811,True,154d29bfa7ce0dcd429827870f07c162a0a24d190dda837b969e2c9e4a91f723
PRJ-AIR,PRJ-AIR-CE-04,PRJ-AIR-CE-05,0.25,SYNTHETIC_RESEARCH_FIXTURE,OG-SYNTH-0.2,A-0.2,build_opus_synthetic_programme_v0_2.py@0.2,20260811,True,9c22b5320f0f25bef2743af46fc4cc9544f7d591a3d0f804e63ebad6a47fc8d4
PRJ-AIR,PRJ-AIR-CE-04,PRJ-AIR-CE-06,0.25,SYNTHETIC_RESEARCH_FIXTURE,OG-SYNTH-0.2,A-0.2,build_opus_synthetic_programme_v0_2.py@0.2,20260811,True,4c61c5ee04260e190fc3aaece754d7d1281e0780e2b3c6315bb5f35144f5e9e4
PRJ-AIR,PRJ-AIR-CE-04,PRJ-AIR-CE-07,0.04,SYNTHETIC_RESEARCH_FIXTURE,OG-SYNTH-0.2,A-0.2,build_opus_synthetic_programme_v0_2.py@0.2,20260811,True,b9a1e3d4999105060d870cb9fc99eca4b0365f340060db1ad4ecfa0285469d07
PRJ-AIR,PRJ-AIR-CE-04,PRJ-AIR-CE-08,0.04,SYNTHETIC_RESEARCH_FIXTURE,OG-SYNTH-0.2,A-0.2,build_opus_synthetic_programme_v0_2.py@0.2,20260811,True,5e46bfde018cee0ab7a271420e9cb18f2c74f3821548aef3bbb746da6645bef1
PRJ-AIR,PRJ-AIR-CE-04,PRJ-AIR-CE-09,0.04,SYNTHETIC_RESEARCH_FIXTURE,OG-SYNTH-0.2,A-0.2,build_opus_synthetic_programme_v0_2.py@0.2,20260811,True,e94f21fa6da5ef1489d68d71cca11a85dacd0e44cfceab4b3f8dc9d4ee1b2ee1
PRJ-AIR,PRJ-AIR-CE-04,PRJ-AIR-CE-10,0.04,SYNTHETIC_RESEARCH_FIXTURE,OG-SYNTH-0.2,A-0.2,build_opus_synthetic_programme_v0_2.py@0.2,20260811,True,054eccde5c4b45dc3666da0c10a8a6ac761ec158e63c21260b4af3d2d98bd42a
PRJ-AIR,PRJ-AIR-CE-05,PRJ-AIR-CE-01,0.04,SYNTHETIC_RESEARCH_FIXTURE,OG-SYNTH-0.2,A-0.2,build_opus_synthetic_programme_v0_2.py@0.2,20260811,True,6c147f83f00916a0711319c0bf52dc60ddb16f86d2e1cde51fdb412e4f26e389
PRJ-AIR,PRJ-AIR-CE-05,PRJ-AIR-CE-02,0.04,SYNTHETIC_RESEARCH_FIXTURE,OG-SYNTH-0.2,A-0.2,build_opus_synthetic_programme_v0_2.py@0.2,20260811,True,112d05f9da16b95cd9dab94b0ec6d607a34d315e6c4dbc7deebb3919c8c2f355
PRJ-AIR,PRJ-AIR-CE-05,PRJ-AIR-CE-03,0.04,SYNTHETIC_RESEARCH_FIXTURE,OG-SYNTH-0.2,A-0.2,build_opus_synthetic_programme_v0_2.py@0.2,20260811,True,0f30d8960d52eaaeb6946592937607c1f336bf17fad174444a85907ede545766
PRJ-AIR,PRJ-AIR-CE-05,PRJ-AIR-CE-04,0.25,SYNTHETIC_RESEARCH_FIXTURE,OG-SYNTH-0.2,A-0.2,build_opus_synthetic_programme_v0_2.py@0.2,20260811,True,654cec76153d008c9aca34e8ee6f279d17ab54a0a19448008711542b16f44d7c
PRJ-AIR,PRJ-AIR-CE-05,PRJ-AIR-CE-05,1.0,SYNTHETIC_RESEARCH_FIXTURE,OG-SYNTH-0.2,A-0.2,build_opus_synthetic_programme_v0_2.py@0.2,20260811,True,8b720dc9031a2d7662a46e1fa1c453b26783b12b64707349f80718b0375e1654
PRJ-AIR,PRJ-AIR-CE-05,PRJ-AIR-CE-06,0.25,SYNTHETIC_RESEARCH_FIXTURE,OG-SYNTH-0.2,A-0.2,build_opus_synthetic_programme_v0_2.py@0.2,20260811,True,45aaab5dd4671ecca7040e1ecd4bde20ee95ed4a4df8ab722ce1a4c286b2b539
PRJ-AIR,PRJ-AIR-CE-05,PRJ-AIR-CE-07,0.04,SYNTHETIC_RESEARCH_FIXTURE,OG-SYNTH-0.2,A-0.2,build_opus_synthetic_programme_v0_2.py@0.2,20260811,True,7858c7e6f23d481dd76c730d3e0c703ecc8528293c0e8bfd52bd8335a7e3c8b4
PRJ-AIR,PRJ-AIR-CE-05,PRJ-AIR-CE-08,0.04,SYNTHETIC_RESEARCH_FIXTURE,OG-SYNTH-0.2,A-0.2,build_opus_synthetic_programme_v0_2.py@0.2,20260811,True,d609a08ef3308c9b7dbafbdd3c48cc0086547c93a84ffdb36e8465569fcfe91b
PRJ-AIR,PRJ-AIR-CE-05,PRJ-AIR-CE-09,0.04,SYNTHETIC_RESEARCH_FIXTURE,OG-SYNTH-0.2,A-0.2,build_opus_synthetic_programme_v0_2.py@0.2,20260811,True,0b420348b8114b4e445dd3a13bd5db0e3086334251757ae12bde2053adca8475
PRJ-AIR,PRJ-AIR-CE-05,PRJ-AIR-CE-10,0.04,SYNTHETIC_RESEARCH_FIXTURE,OG-SYNTH-0.2,A-0.2,build_opus_synthetic_programme_v0_2.py@0.2,20260811,True,1e475adb8b85fc853830ceb01b30fcaed5e8c4dd0fab37af9a4855d4cbe5cd1e
PRJ-AIR,PRJ-AIR-CE-06,PRJ-AIR-CE-01,0.04,SYNTHETIC_RESEARCH_FIXTURE,OG-SYNTH-0.2,A-0.2,build_opus_synthetic_programme_v0_2.py@0.2,20260811,True,29b4c64dd9a94a5f6586fca5a7f057acac996302f6e47d4ba02c20fce761c1b6
PRJ-AIR,PRJ-AIR-CE-06,PRJ-AIR-CE-02,0.04,SYNTHETIC_RESEARCH_FIXTURE,OG-SYNTH-0.2,A-0.2,build_opus_synthetic_programme_v0_2.py@0.2,20260811,True,8b4aa5f97e63170ce0e4ece6be9073731de8e3fa632e0941e14ef35cd73877a0
PRJ-AIR,PRJ-AIR-CE-06,PRJ-AIR-CE-03,0.04,SYNTHETIC_RESEARCH_FIXTURE,OG-SYNTH-0.2,A-0.2,build_opus_synthetic_programme_v0_2.py@0.2,20260811,True,0fe361ce8332cdaf6a9d02b5a1ad75b26a1d80a538b66367ffb153cbc8d2c87e
PRJ-AIR,PRJ-AIR-CE-06,PRJ-AIR-CE-04,0.25,SYNTHETIC_RESEARCH_FIXTURE,OG-SYNTH-0.2,A-0.2,build_opus_synthetic_programme_v0_2.py@0.2,20260811,True,7277311fac198d1965d28a03f922a7b2f3db6e657590dc597d22863ebc3f200d
PRJ-AIR,PRJ-AIR-CE-06,PRJ-AIR-CE-05,0.25,SYNTHETIC_RESEARCH_FIXTURE,OG-SYNTH-0.2,A-0.2,build_opus_synthetic_programme_v0_2.py@0.2,20260811,True,48a8f60d5af17f956aeecabba47799b2835310ed517a75a4b045e971d2e4ff7c
PRJ-AIR,PRJ-AIR-CE-06,PRJ-AIR-CE-06,1.0,SYNTHETIC_RESEARCH_FIXTURE,OG-SYNTH-0.2,A-0.2,build_opus_synthetic_programme_v0_2.py@0.2,20260811,True,6218fee3ea9b59d7084cf13c839b9f1a7d0a91fe6f4cbb032a95431fbe818b9e
PRJ-AIR,PRJ-AIR-CE-06,PRJ-AIR-CE-07,0.04,SYNTHETIC_RESEARCH_FIXTURE,OG-SYNTH-0.2,A-0.2,build_opus_synthetic_programme_v0_2.py@0.2,20260811,True,ff96d62d2ef1f643eff19221b649fedad3d299a05cc5239d38d7412a935c7d66
PRJ-AIR,PRJ-AIR-CE-06,PRJ-AIR-CE-08,0.04,SYNTHETIC_RESEARCH_FIXTURE,OG-SYNTH-0.2,A-0.2,build_opus_synthetic_programme_v0_2.py@0.2,20260811,True,6c79076eeb24fc358078e7371c0652021a4ecd8b59bb5d7997768591e2f67310
PRJ-AIR,PRJ-AIR-CE-06,PRJ-AIR-CE-09,0.04,SYNTHETIC_RESEARCH_FIXTURE,OG-SYNTH-0.2,A-0.2,build_opus_synthetic_programme_v0_2.py@0.2,20260811,True,c75a307f9c6803ee1069aabc9d0c801d0513fef0e8d8c154ce20d4bf0b3bf0dd
PRJ-AIR,PRJ-AIR-CE-06,PRJ-AIR-CE-10,0.04,SYNTHETIC_RESEARCH_FIXTURE,OG-SYNTH-0.2,A-0.2,build_opus_synthetic_programme_v0_2.py@0.2,20260811,True,5ddb50bb16b60466ed52c32145f0368510784731ca0106a8787906721c5516d6
PRJ-AIR,PRJ-AIR-CE-07,PRJ-AIR-CE-01,0.04,SYNTHETIC_RESEARCH_FIXTURE,OG-SYNTH-0.2,A-0.2,build_opus_synthetic_programme_v0_2.py@0.2,20260811,True,2e38daef622da937d751fffad1e76add031f06b5b2b92d887ad1c39302a761b0
PRJ-AIR,PRJ-AIR-CE-07,PRJ-AIR-CE-02,0.04,SYNTHETIC_RESEARCH_FIXTURE,OG-SYNTH-0.2,A-0.2,build_opus_synthetic_programme_v0_2.py@0.2,20260811,True,a48a2a33982430cdbe69d3a06f43c2dae7b500ec67cbf67567a275c50dfa82cc
PRJ-AIR,PRJ-AIR-CE-07,PRJ-AIR-CE-03,0.04,SYNTHETIC_RESEARCH_FIXTURE,OG-SYNTH-0.2,A-0.2,build_opus_synthetic_programme_v0_2.py@0.2,20260811,True,690668a7caf220d15c75cccea3497914e5aab7b6c866f60ecdb927ae0235ec01
PRJ-AIR,PRJ-AIR-CE-07,PRJ-AIR-CE-04,0.04,SYNTHETIC_RESEARCH_FIXTURE,OG-SYNTH-0.2,A-0.2,build_opus_synthetic_programme_v0_2.py@0.2,20260811,True,f7acf8e6231efaf9d72b2ccb139bea2accd9d7e64bb55ccdbcd904ad7c2b93bd
PRJ-AIR,PRJ-AIR-CE-07,PRJ-AIR-CE-05,0.04,SYNTHETIC_RESEARCH_FIXTURE,OG-SYNTH-0.2,A-0.2,build_opus_synthetic_programme_v0_2.py@0.2,20260811,True,a7e4d57573fbdbfe9f816f4f140a01564a69d019d31e09f350eef991b6e94051
PRJ-AIR,PRJ-AIR-CE-07,PRJ-AIR-CE-06,0.04,SYNTHETIC_RESEARCH_FIXTURE,OG-SYNTH-0.2,A-0.2,build_opus_synthetic_programme_v0_2.py@0.2,20260811,True,19b36f37446a84115fbefcb0e07228e8232d410e71ee0593cf440c7b657dc77a
PRJ-AIR,PRJ-AIR-CE-07,PRJ-AIR-CE-07,1.0,SYNTHETIC_RESEARCH_FIXTURE,OG-SYNTH-0.2,A-0.2,build_opus_synthetic_programme_v0_2.py@0.2,20260811,True,da7ea8aea2352f82279104d698bf44d8efeded4d5ef44b1ecdb733fd7623ace4
PRJ-AIR,PRJ-AIR-CE-07,PRJ-AIR-CE-08,0.25,SYNTHETIC_RESEARCH_FIXTURE,OG-SYNTH-0.2,A-0.2,build_opus_synthetic_programme_v0_2.py@0.2,20260811,True,625cbd76a927575faf89f4d800f01ba58866e35b215f879d199c210668ed5a65
PRJ-AIR,PRJ-AIR-CE-07,PRJ-AIR-CE-09,0.25,SYNTHETIC_RESEARCH_FIXTURE,OG-SYNTH-0.2,A-0.2,build_opus_synthetic_programme_v0_2.py@0.2,20260811,True,c48e75ea87443871bc7e0367deacd5e1cefc433b904931516781b0d1f9ae93b0
PRJ-AIR,PRJ-AIR-CE-07,PRJ-AIR-CE-10,0.04,SYNTHETIC_RESEARCH_FIXTURE,OG-SYNTH-0.2,A-0.2,build_opus_synthetic_programme_v0_2.py@0.2,20260811,True,8c4c39dbfe78d55ecc26dbeb4601de63c508b57a752835e2be3f94d8a720e330
PRJ-AIR,PRJ-AIR-CE-08,PRJ-AIR-CE-01,0.04,SYNTHETIC_RESEARCH_FIXTURE,OG-SYNTH-0.2,A-0.2,build_opus_synthetic_programme_v0_2.py@0.2,20260811,True,91df45d5958816dcb477abc1bbae65ee8fc07b4ee7290785d8caee9dad7845e1
PRJ-AIR,PRJ-AIR-CE-08,PRJ-AIR-CE-02,0.04,SYNTHETIC_RESEARCH_FIXTURE,OG-SYNTH-0.2,A-0.2,build_opus_synthetic_programme_v0_2.py@0.2,20260811,True,22c48d1730176697c2a74e2aa08479d3562654db5517692e585599fe1bcdf769
PRJ-AIR,PRJ-AIR-CE-08,PRJ-AIR-CE-03,0.04,SYNTHETIC_RESEARCH_FIXTURE,OG-SYNTH-0.2,A-0.2,build_opus_synthetic_programme_v0_2.py@0.2,20260811,True,825695ee64504bc2b5ae20545a21762f0f3e06b427a26255e6f89e5d27dc99fc
PRJ-AIR,PRJ-AIR-CE-08,PRJ-AIR-CE-04,0.04,SYNTHETIC_RESEARCH_FIXTURE,OG-SYNTH-0.2,A-0.2,build_opus_synthetic_programme_v0_2.py@0.2,20260811,True,802664ad605bd772aea1d6e39d832b0613ea72200b2a0dffb3a742c5ac34e07b
PRJ-AIR,PRJ-AIR-CE-08,PRJ-AIR-CE-05,0.04,SYNTHETIC_RESEARCH_FIXTURE,OG-SYNTH-0.2,A-0.2,build_opus_synthetic_programme_v0_2.py@0.2,20260811,True,4c353186e1dfdbe83dad4724b4a5c6d7e198517530ecfa5ad37789d59a826f1a
PRJ-AIR,PRJ-AIR-CE-08,PRJ-AIR-CE-06,0.04,SYNTHETIC_RESEARCH_FIXTURE,OG-SYNTH-0.2,A-0.2,build_opus_synthetic_programme_v0_2.py@0.2,20260811,True,8554d19126e3a2fffe28ba1b10aa3bfc79758ab9fe720db8b99612057c7d722a
PRJ-AIR,PRJ-AIR-CE-08,PRJ-AIR-CE-07,0.25,SYNTHETIC_RESEARCH_FIXTURE,OG-SYNTH-0.2,A-0.2,build_opus_synthetic_programme_v0_2.py@0.2,20260811,True,38504da5326eff9b54dcf14071909427dece7577678ef74d85c98a30a4b563f4
PRJ-AIR,PRJ-AIR-CE-08,PRJ-AIR-CE-08,1.0,SYNTHETIC_RESEARCH_FIXTURE,OG-SYNTH-0.2,A-0.2,build_opus_synthetic_programme_v0_2.py@0.2,20260811,True,8ab2f2cad20fd5459428af4b08dfbdcc52fcb35754e0d19df8ee041aaa946aa9
PRJ-AIR,PRJ-AIR-CE-08,PRJ-AIR-CE-09,0.25,SYNTHETIC_RESEARCH_FIXTURE,OG-SYNTH-0.2,A-0.2,build_opus_synthetic_programme_v0_2.py@0.2,20260811,True,6cccf30f6eb41a065849c293161b7e14e9033c2b41f26681c9d044c04f3a90b9
PRJ-AIR,PRJ-AIR-CE-08,PRJ-AIR-CE-10,0.04,SYNTHETIC_RESEARCH_FIXTURE,OG-SYNTH-0.2,A-0.2,build_opus_synthetic_programme_v0_2.py@0.2,20260811,True,5ed281a10ca61b4f11454a294a498d22d6489872bb94f8b48001f9c3796404dd
PRJ-AIR,PRJ-AIR-CE-09,PRJ-AIR-CE-01,0.04,SYNTHETIC_RESEARCH_FIXTURE,OG-SYNTH-0.2,A-0.2,build_opus_synthetic_programme_v0_2.py@0.2,20260811,True,fd18daba4a7922400121ce7caae82fc12716b2275a74f9c24f100fd8e10404df
PRJ-AIR,PRJ-AIR-CE-09,PRJ-AIR-CE-02,0.04,SYNTHETIC_RESEARCH_FIXTURE,OG-SYNTH-0.2,A-0.2,build_opus_synthetic_programme_v0_2.py@0.2,20260811,True,cb447c6bf1acae61277b3298634ddd6e78010498c7995e0e85951ded0a61d312
PRJ-AIR,PRJ-AIR-CE-09,PRJ-AIR-CE-03,0.04,SYNTHETIC_RESEARCH_FIXTURE,OG-SYNTH-0.2,A-0.2,build_opus_synthetic_programme_v0_2.py@0.2,20260811,True,791d2eac0bdb0ba513751550bf5b269c1edc9c815704760a9ec0ef069073d2f9
PRJ-AIR,PRJ-AIR-CE-09,PRJ-AIR-CE-04,0.04,SYNTHETIC_RESEARCH_FIXTURE,OG-SYNTH-0.2,A-0.2,build_opus_synthetic_programme_v0_2.py@0.2,20260811,True,beca3bf945a6a5e168ce6f8d0772e42a96801c984cd4641fdb0134bed906e4ce
PRJ-AIR,PRJ-AIR-CE-09,PRJ-AIR-CE-05,0.04,SYNTHETIC_RESEARCH_FIXTURE,OG-SYNTH-0.2,A-0.2,build_opus_synthetic_programme_v0_2.py@0.2,20260811,True,5592b658084c575fe3e9e70a3a8eed2442798d4c64ef8297219d3dc8404f33a0
PRJ-AIR,PRJ-AIR-CE-09,PRJ-AIR-CE-06,0.04,SYNTHETIC_RESEARCH_FIXTURE,OG-SYNTH-0.2,A-0.2,build_opus_synthetic_programme_v0_2.py@0.2,20260811,True,688f54f638b71e98d2e2ca94bd7da850f6f0f5f083174554ad3242d4b95c439b
PRJ-AIR,PRJ-AIR-CE-09,PRJ-AIR-CE-07,0.25,SYNTHETIC_RESEARCH_FIXTURE,OG-SYNTH-0.2,A-0.2,build_opus_synthetic_programme_v0_2.py@0.2,20260811,True,555ed6e99543029e42ee9858969cf2104c5260ee0872dd85ce82b0ad0cb7f86a
PRJ-AIR,PRJ-AIR-CE-09,PRJ-AIR-CE-08,0.25,SYNTHETIC_RESEARCH_FIXTURE,OG-SYNTH-0.2,A-0.2,build_opus_synthetic_programme_v0_2.py@0.2,20260811,True,0086c4d3ee81bd14b0bf8b68326b03c14f478297c947a0c6e260dc1e2c1524d1
PRJ-AIR,PRJ-AIR-CE-09,PRJ-AIR-CE-09,1.0,SYNTHETIC_RESEARCH_FIXTURE,OG-SYNTH-0.2,A-0.2,build_opus_synthetic_programme_v0_2.py@0.2,20260811,True,a1620ffa81b4ae21ec88efbc5c50bc63481c1b2aa17c73425edd75f93eae95ce
PRJ-AIR,PRJ-AIR-CE-09,PRJ-AIR-CE-10,0.04,SYNTHETIC_RESEARCH_FIXTURE,OG-SYNTH-0.2,A-0.2,build_opus_synthetic_programme_v0_2.py@0.2,20260811,True,7be0600e01345e209d18b478d3b7a9bac055003148534b6bf1c364ab968efa4d
PRJ-AIR,PRJ-AIR-CE-10,PRJ-AIR-CE-01,0.04,SYNTHETIC_RESEARCH_FIXTURE,OG-SYNTH-0.2,A-0.2,build_opus_synthetic_programme_v0_2.py@0.2,20260811,True,01909b6d059d1e9de9a846a35b821f53d0199f2ff7f2b3a115d30b7af437349c
PRJ-AIR,PRJ-AIR-CE-10,PRJ-AIR-CE-02,0.04,SYNTHETIC_RESEARCH_FIXTURE,OG-SYNTH-0.2,A-0.2,build_opus_synthetic_programme_v0_2.py@0.2,20260811,True,b26695957b03f547502f7b2c66665bc5aa3906bda2fc0b6d93fe459ce68415d3
PRJ-AIR,PRJ-AIR-CE-10,PRJ-AIR-CE-03,0.04,SYNTHETIC_RESEARCH_FIXTURE,OG-SYNTH-0.2,A-0.2,build_opus_synthetic_programme_v0_2.py@0.2,20260811,True,7999d2669d0fe66ecf5aafbf3f4935400fa18fe85365bf63169a9595a4fb91a3
PRJ-AIR,PRJ-AIR-CE-10,PRJ-AIR-CE-04,0.04,SYNTHETIC_RESEARCH_FIXTURE,OG-SYNTH-0.2,A-0.2,build_opus_synthetic_programme_v0_2.py@0.2,20260811,True,4a8ae389b9e9734016023852c419f7998d87782f2a46dc665778a85876274274
PRJ-AIR,PRJ-AIR-CE-10,PRJ-AIR-CE-05,0.04,SYNTHETIC_RESEARCH_FIXTURE,OG-SYNTH-0.2,A-0.2,build_opus_synthetic_programme_v0_2.py@0.2,20260811,True,018a131baee358cfcca76dc7298e8ae835769cd665d44d5195f3b1df18d94f37
PRJ-AIR,PRJ-AIR-CE-10,PRJ-AIR-CE-06,0.04,SYNTHETIC_RESEARCH_FIXTURE,OG-SYNTH-0.2,A-0.2,build_opus_synthetic_programme_v0_2.py@0.2,20260811,True,d006af36299790cb28b0bd41408311de58f1b9e0917f493512575881b887e2f5
PRJ-AIR,PRJ-AIR-CE-10,PRJ-AIR-CE-07,0.04,SYNTHETIC_RESEARCH_FIXTURE,OG-SYNTH-0.2,A-0.2,build_opus_synthetic_programme_v0_2.py@0.2,20260811,True,e7b164ee591c98ed1c3d5f2795e3f3e73fa4fdd82b943c6c9db6febde2c4bd15
PRJ-AIR,PRJ-AIR-CE-10,PRJ-AIR-CE-08,0.04,SYNTHETIC_RESEARCH_FIXTURE,OG-SYNTH-0.2,A-0.2,build_opus_synthetic_programme_v0_2.py@0.2,20260811,True,1009697cb0c931a66aeea075534518438388f99f5247aa7353a45e4dfdad2cb6
PRJ-AIR,PRJ-AIR-CE-10,PRJ-AIR-CE-09,0.04,SYNTHETIC_RESEARCH_FIXTURE,OG-SYNTH-0.2,A-0.2,build_opus_synthetic_programme_v0_2.py@0.2,20260811,True,19f50b514f8bffb51832026d1d9a27da98472dda56ae016b6f08c2a79eb0cfcf
PRJ-AIR,PRJ-AIR-CE-10,PRJ-AIR-CE-10,1.0,SYNTHETIC_RESEARCH_FIXTURE,OG-SYNTH-0.2,A-0.2,build_opus_synthetic_programme_v0_2.py@0.2,20260811,True,3c086b26eb21561119eb79f048cd13708db4811c68b360816004319eea48f416
PRJ-HWY,PRJ-HWY-CE-01,PRJ-HWY-CE-01,1.0,SYNTHETIC_RESEARCH_FIXTURE,OG-SYNTH-0.2,A-0.2,build_opus_synthetic_programme_v0_2.py@0.2,20260811,True,28725ec672c16d13d3e8ae56e0f62c2422f3d97aee9ad3d24464693cda41d1ee
PRJ-HWY,PRJ-HWY-CE-01,PRJ-HWY-CE-02,0.25,SYNTHETIC_RESEARCH_FIXTURE,OG-SYNTH-0.2,A-0.2,build_opus_synthetic_programme_v0_2.py@0.2,20260811,True,12aaef11c2d211577efc74c845d264a7e8484d1e2999a02a5c28452ff6aea41d
PRJ-HWY,PRJ-HWY-CE-01,PRJ-HWY-CE-03,0.25,SYNTHETIC_RESEARCH_FIXTURE,OG-SYNTH-0.2,A-0.2,build_opus_synthetic_programme_v0_2.py@0.2,20260811,True,b681057cf1af9a39a0b219e345546633e8f372f28fa9913087610ec103ad1238
PRJ-HWY,PRJ-HWY-CE-01,PRJ-HWY-CE-04,0.04,SYNTHETIC_RESEARCH_FIXTURE,OG-SYNTH-0.2,A-0.2,build_opus_synthetic_programme_v0_2.py@0.2,20260811,True,f2ce719cd1bbd062a2533cb8c7479e5b569d7a8545e3836d3270b1087d6a0b56
PRJ-HWY,PRJ-HWY-CE-01,PRJ-HWY-CE-05,0.04,SYNTHETIC_RESEARCH_FIXTURE,OG-SYNTH-0.2,A-0.2,build_opus_synthetic_programme_v0_2.py@0.2,20260811,True,50a5ac09ac9a554736905932e4c707ba80050504768e42bf814821d2d2ad06b4
PRJ-HWY,PRJ-HWY-CE-01,PRJ-HWY-CE-06,0.04,SYNTHETIC_RESEARCH_FIXTURE,OG-SYNTH-0.2,A-0.2,build_opus_synthetic_programme_v0_2.py@0.2,20260811,True,2cbbcbcff6948ee313e08e4e9099fd78885d33700aaf0e45969f3d7c5426ebfb
PRJ-HWY,PRJ-HWY-CE-01,PRJ-HWY-CE-07,0.04,SYNTHETIC_RESEARCH_FIXTURE,OG-SYNTH-0.2,A-0.2,build_opus_synthetic_programme_v0_2.py@0.2,20260811,True,32e81872660ededad15da401d32738816d6a19170d9289b6af06685c5fd08f6c
PRJ-HWY,PRJ-HWY-CE-01,PRJ-HWY-CE-08,0.04,SYNTHETIC_RESEARCH_FIXTURE,OG-SYNTH-0.2,A-0.2,build_opus_synthetic_programme_v0_2.py@0.2,20260811,True,7a396f7fe0f22217076b9dd48f8f7c43b11ca22c5f3020445b845c855de8c7d5
PRJ-HWY,PRJ-HWY-CE-01,PRJ-HWY-CE-09,0.04,SYNTHETIC_RESEARCH_FIXTURE,OG-SYNTH-0.2,A-0.2,build_opus_synthetic_programme_v0_2.py@0.2,20260811,True,d2b3e3d2f4ef4a281afa58d599ad9d939d11501aa05a8c8dae8e7dc05ce72727
PRJ-HWY,PRJ-HWY-CE-01,PRJ-HWY-CE-10,0.04,SYNTHETIC_RESEARCH_FIXTURE,OG-SYNTH-0.2,A-0.2,build_opus_synthetic_programme_v0_2.py@0.2,20260811,True,99c979212ea8d0367b905c861052f3cdca72dab598277012d58e3d982469e5a8
PRJ-HWY,PRJ-HWY-CE-02,PRJ-HWY-CE-01,0.25,SYNTHETIC_RESEARCH_FIXTURE,OG-SYNTH-0.2,A-0.2,build_opus_synthetic_programme_v0_2.py@0.2,20260811,True,c9531f509321edd3018354fac20ebddab538fe14af19f09505019e079b9f67ba
PRJ-HWY,PRJ-HWY-CE-02,PRJ-HWY-CE-02,1.0,SYNTHETIC_RESEARCH_FIXTURE,OG-SYNTH-0.2,A-0.2,build_opus_synthetic_programme_v0_2.py@0.2,20260811,True,8f8622be690dd8c43b3b948d4fc5012becd04ee56e7b7e3b8afab4fd9edd5a93
PRJ-HWY,PRJ-HWY-CE-02,PRJ-HWY-CE-03,0.25,SYNTHETIC_RESEARCH_FIXTURE,OG-SYNTH-0.2,A-0.2,build_opus_synthetic_programme_v0_2.py@0.2,20260811,True,74b766118f0591470748aed23772450b4a16bbec7a2d0273cc64c56f51758806
PRJ-HWY,PRJ-HWY-CE-02,PRJ-HWY-CE-04,0.04,SYNTHETIC_RESEARCH_FIXTURE,OG-SYNTH-0.2,A-0.2,build_opus_synthetic_programme_v0_2.py@0.2,20260811,True,69fb70133ba2dd0983307c45718649f2ffa5d34bf59c7efffd46e96af0ce5e48
PRJ-HWY,PRJ-HWY-CE-02,PRJ-HWY-CE-05,0.04,SYNTHETIC_RESEARCH_FIXTURE,OG-SYNTH-0.2,A-0.2,build_opus_synthetic_programme_v0_2.py@0.2,20260811,True,c35bde1344e9df88dc1e97d4b711c14ea140f23217717ee653f6ba9c0fec94ce
PRJ-HWY,PRJ-HWY-CE-02,PRJ-HWY-CE-06,0.04,SYNTHETIC_RESEARCH_FIXTURE,OG-SYNTH-0.2,A-0.2,build_opus_synthetic_programme_v0_2.py@0.2,20260811,True,3a62ed7d71ead3d9b4d2fed6820085e5ad97e1790284ab3bdbfbe9b705f62804
PRJ-HWY,PRJ-HWY-CE-02,PRJ-HWY-CE-07,0.04,SYNTHETIC_RESEARCH_FIXTURE,OG-SYNTH-0.2,A-0.2,build_opus_synthetic_programme_v0_2.py@0.2,20260811,True,2456b87a637cd7cbed06c2616cce15e394513584844f3fd3fc9a2aa7638078ef
PRJ-HWY,PRJ-HWY-CE-02,PRJ-HWY-CE-08,0.04,SYNTHETIC_RESEARCH_FIXTURE,OG-SYNTH-0.2,A-0.2,build_opus_synthetic_programme_v0_2.py@0.2,20260811,True,05d63762bf157c20ebf63cac30e141c9004db148be5d6d57f7b860b88d731f01
PRJ-HWY,PRJ-HWY-CE-02,PRJ-HWY-CE-09,0.04,SYNTHETIC_RESEARCH_FIXTURE,OG-SYNTH-0.2,A-0.2,build_opus_synthetic_programme_v0_2.py@0.2,20260811,True,a279c4e0119dbfa155e530dc90f02aafbae5f8fb80dbe2dd6804eba1d50e66b9
PRJ-HWY,PRJ-HWY-CE-02,PRJ-HWY-CE-10,0.04,SYNTHETIC_RESEARCH_FIXTURE,OG-SYNTH-0.2,A-0.2,build_opus_synthetic_programme_v0_2.py@0.2,20260811,True,df4323623280b81b3a380f5a7c4ae994e511f5c49189b68bfc39f681a6ec6f8b
PRJ-HWY,PRJ-HWY-CE-03,PRJ-HWY-CE-01,0.25,SYNTHETIC_RESEARCH_FIXTURE,OG-SYNTH-0.2,A-0.2,build_opus_synthetic_programme_v0_2.py@0.2,20260811,True,4d23fea432a84cd3c2a4d1bd5503a232f3e168118863ad960b1645979cdf9622
PRJ-HWY,PRJ-HWY-CE-03,PRJ-HWY-CE-02,0.25,SYNTHETIC_RESEARCH_FIXTURE,OG-SYNTH-0.2,A-0.2,build_opus_synthetic_programme_v0_2.py@0.2,20260811,True,d6fa043e5d8e9eb0791daac90401f3445b533d6b4889e90074e1c94859c3c03d
PRJ-HWY,PRJ-HWY-CE-03,PRJ-HWY-CE-03,1.0,SYNTHETIC_RESEARCH_FIXTURE,OG-SYNTH-0.2,A-0.2,build_opus_synthetic_programme_v0_2.py@0.2,20260811,True,100b2e9ad5999c073b6cccd706f208ec0f7c1618b8e05cd96149932b8c6af524
PRJ-HWY,PRJ-HWY-CE-03,PRJ-HWY-CE-04,0.04,SYNTHETIC_RESEARCH_FIXTURE,OG-SYNTH-0.2,A-0.2,build_opus_synthetic_programme_v0_2.py@0.2,20260811,True,e28265fb04f211087429d1e83b064ab1b0bd313683b1138bc19bd18639635f57
PRJ-HWY,PRJ-HWY-CE-03,PRJ-HWY-CE-05,0.04,SYNTHETIC_RESEARCH_FIXTURE,OG-SYNTH-0.2,A-0.2,build_opus_synthetic_programme_v0_2.py@0.2,20260811,True,728d65871e80a2222356837b2c17ea56cc392880bf74ce0b29571f52c2357eaa
PRJ-HWY,PRJ-HWY-CE-03,PRJ-HWY-CE-06,0.04,SYNTHETIC_RESEARCH_FIXTURE,OG-SYNTH-0.2,A-0.2,build_opus_synthetic_programme_v0_2.py@0.2,20260811,True,09bcb29ccb4fdee9429121b2ed6c682f72763f56744aba1c7d85210b001f8eeb
PRJ-HWY,PRJ-HWY-CE-03,PRJ-HWY-CE-07,0.04,SYNTHETIC_RESEARCH_FIXTURE,OG-SYNTH-0.2,A-0.2,build_opus_synthetic_programme_v0_2.py@0.2,20260811,True,d3530428f8cac2c0d169be793696b976406665aed2afb64cdec24da5ac863a37
PRJ-HWY,PRJ-HWY-CE-03,PRJ-HWY-CE-08,0.04,SYNTHETIC_RESEARCH_FIXTURE,OG-SYNTH-0.2,A-0.2,build_opus_synthetic_programme_v0_2.py@0.2,20260811,True,9b762693be67eb32668d2a0c80d9cc64e51edc4ce4c4366eec347c1c16fb728b
PRJ-HWY,PRJ-HWY-CE-03,PRJ-HWY-CE-09,0.04,SYNTHETIC_RESEARCH_FIXTURE,OG-SYNTH-0.2,A-0.2,build_opus_synthetic_programme_v0_2.py@0.2,20260811,True,74e0a120c8627a9fdd2245b179d5653fcc2023b5fc019321df33ea8c0bc05be6
PRJ-HWY,PRJ-HWY-CE-03,PRJ-HWY-CE-10,0.04,SYNTHETIC_RESEARCH_FIXTURE,OG-SYNTH-0.2,A-0.2,build_opus_synthetic_programme_v0_2.py@0.2,20260811,True,51c1ff6490ec100aeeca591ac5358f9aa66d8eed52a0245262ca9e06b60058ea
PRJ-HWY,PRJ-HWY-CE-04,PRJ-HWY-CE-01,0.04,SYNTHETIC_RESEARCH_FIXTURE,OG-SYNTH-0.2,A-0.2,build_opus_synthetic_programme_v0_2.py@0.2,20260811,True,03f51b4c25123a68ce4d10bfb10a1c60a187170489b88105f8c79a3d32d0b24d
PRJ-HWY,PRJ-HWY-CE-04,PRJ-HWY-CE-02,0.04,SYNTHETIC_RESEARCH_FIXTURE,OG-SYNTH-0.2,A-0.2,build_opus_synthetic_programme_v0_2.py@0.2,20260811,True,9955eb7515a6664e3575c403804f6c0e58ac88e62636c5b50b32af3901938ed6
PRJ-HWY,PRJ-HWY-CE-04,PRJ-HWY-CE-03,0.04,SYNTHETIC_RESEARCH_FIXTURE,OG-SYNTH-0.2,A-0.2,build_opus_synthetic_programme_v0_2.py@0.2,20260811,True,4375f448404fc04db0f1f26796d30d2501378862a21caf762171cb63d3def33b
PRJ-HWY,PRJ-HWY-CE-04,PRJ-HWY-CE-04,1.0,SYNTHETIC_RESEARCH_FIXTURE,OG-SYNTH-0.2,A-0.2,build_opus_synthetic_programme_v0_2.py@0.2,20260811,True,be7f4889a3daf81894836b2c1a76d7f8f7b7faa55221e58d49159a68a979a201
PRJ-HWY,PRJ-HWY-CE-04,PRJ-HWY-CE-05,0.25,SYNTHETIC_RESEARCH_FIXTURE,OG-SYNTH-0.2,A-0.2,build_opus_synthetic_programme_v0_2.py@0.2,20260811,True,7febc93186e5962791682ceedf9af12c54323fbddfd3964299a572398b0acb7f
PRJ-HWY,PRJ-HWY-CE-04,PRJ-HWY-CE-06,0.25,SYNTHETIC_RESEARCH_FIXTURE,OG-SYNTH-0.2,A-0.2,build_opus_synthetic_programme_v0_2.py@0.2,20260811,True,80ce597843a90dfc782fb14949d266bbe452674e376d1ca67f7fd33549a3f5a5
PRJ-HWY,PRJ-HWY-CE-04,PRJ-HWY-CE-07,0.04,SYNTHETIC_RESEARCH_FIXTURE,OG-SYNTH-0.2,A-0.2,build_opus_synthetic_programme_v0_2.py@0.2,20260811,True,3c472802341475f9692a99f7d084c4e70ab6c624eb163504202953cb88056e63
PRJ-HWY,PRJ-HWY-CE-04,PRJ-HWY-CE-08,0.04,SYNTHETIC_RESEARCH_FIXTURE,OG-SYNTH-0.2,A-0.2,build_opus_synthetic_programme_v0_2.py@0.2,20260811,True,959aa8125b00213e7f91f7a27a49bc92f164c76dd8016b92533e9b324914b9c4
PRJ-HWY,PRJ-HWY-CE-04,PRJ-HWY-CE-09,0.04,SYNTHETIC_RESEARCH_FIXTURE,OG-SYNTH-0.2,A-0.2,build_opus_synthetic_programme_v0_2.py@0.2,20260811,True,f976a7c1dd7014bb3570171a78f2c40592164a0410c1e8e963872651d4a15cd3
PRJ-HWY,PRJ-HWY-CE-04,PRJ-HWY-CE-10,0.04,SYNTHETIC_RESEARCH_FIXTURE,OG-SYNTH-0.2,A-0.2,build_opus_synthetic_programme_v0_2.py@0.2,20260811,True,a150e46ef70e55b25a79820b0df85cd26b399525ef8bd4be5662139a430e07d1
PRJ-HWY,PRJ-HWY-CE-05,PRJ-HWY-CE-01,0.04,SYNTHETIC_RESEARCH_FIXTURE,OG-SYNTH-0.2,A-0.2,build_opus_synthetic_programme_v0_2.py@0.2,20260811,True,371cf6cef5f963c50929a0fb0096666c38733a5d471da61fb772d3bb04b9ee67
PRJ-HWY,PRJ-HWY-CE-05,PRJ-HWY-CE-02,0.04,SYNTHETIC_RESEARCH_FIXTURE,OG-SYNTH-0.2,A-0.2,build_opus_synthetic_programme_v0_2.py@0.2,20260811,True,86f8b62cb7592cd763d19405c1a72bfd679bd69172eddab85c6bce0d8ae76e6a
PRJ-HWY,PRJ-HWY-CE-05,PRJ-HWY-CE-03,0.04,SYNTHETIC_RESEARCH_FIXTURE,OG-SYNTH-0.2,A-0.2,build_opus_synthetic_programme_v0_2.py@0.2,20260811,True,51d4491bdf8fda4ccc00c6f13a86d4ef3633c65a07e7da3ab62ae6d0f6698bef
PRJ-HWY,PRJ-HWY-CE-05,PRJ-HWY-CE-04,0.25,SYNTHETIC_RESEARCH_FIXTURE,OG-SYNTH-0.2,A-0.2,build_opus_synthetic_programme_v0_2.py@0.2,20260811,True,bf883ff97c7b271af4ca128f23be52f42c324f7b4bfedbdfb5de11a086ad9104
PRJ-HWY,PRJ-HWY-CE-05,PRJ-HWY-CE-05,1.0,SYNTHETIC_RESEARCH_FIXTURE,OG-SYNTH-0.2,A-0.2,build_opus_synthetic_programme_v0_2.py@0.2,20260811,True,12c061d6348c8f35bddd2b4fe216bb70792878a32eaac086f49e4ef1c5fffe1c
PRJ-HWY,PRJ-HWY-CE-05,PRJ-HWY-CE-06,0.25,SYNTHETIC_RESEARCH_FIXTURE,OG-SYNTH-0.2,A-0.2,build_opus_synthetic_programme_v0_2.py@0.2,20260811,True,40d080b62231cd494e66dee5f924164649a0e983eeed1c550eff32d4cce3feb5
PRJ-HWY,PRJ-HWY-CE-05,PRJ-HWY-CE-07,0.04,SYNTHETIC_RESEARCH_FIXTURE,OG-SYNTH-0.2,A-0.2,build_opus_synthetic_programme_v0_2.py@0.2,20260811,True,8a6df1046befdc42405daac80fc625933ba86b9402dc2b37805bd9f80b8c4ae0
PRJ-HWY,PRJ-HWY-CE-05,PRJ-HWY-CE-08,0.04,SYNTHETIC_RESEARCH_FIXTURE,OG-SYNTH-0.2,A-0.2,build_opus_synthetic_programme_v0_2.py@0.2,20260811,True,173b7af8e329f596bb4a9af2eb7f75fb7c9c8a0f464e118d67d3250d168ffdc1
PRJ-HWY,PRJ-HWY-CE-05,PRJ-HWY-CE-09,0.04,SYNTHETIC_RESEARCH_FIXTURE,OG-SYNTH-0.2,A-0.2,build_opus_synthetic_programme_v0_2.py@0.2,20260811,True,0edb80181a68f19d030fd370428136090b71409a0193cc758af6abfdc7b09491
PRJ-HWY,PRJ-HWY-CE-05,PRJ-HWY-CE-10,0.04,SYNTHETIC_RESEARCH_FIXTURE,OG-SYNTH-0.2,A-0.2,build_opus_synthetic_programme_v0_2.py@0.2,20260811,True,d13e947f4894350645b8771ec549fe71b78a1fc56521bdc2b94510e456c81df0
PRJ-HWY,PRJ-HWY-CE-06,PRJ-HWY-CE-01,0.04,SYNTHETIC_RESEARCH_FIXTURE,OG-SYNTH-0.2,A-0.2,build_opus_synthetic_programme_v0_2.py@0.2,20260811,True,10af5a8f61ccfb16caa615154b2519c883e073be921f592f10f3b3ff3203ce92
PRJ-HWY,PRJ-HWY-CE-06,PRJ-HWY-CE-02,0.04,SYNTHETIC_RESEARCH_FIXTURE,OG-SYNTH-0.2,A-0.2,build_opus_synthetic_programme_v0_2.py@0.2,20260811,True,b7eafe2d2fb588d1f81aefca4f38216e1b4e853bc55da6d4fcc6817fe9dfb3e0
PRJ-HWY,PRJ-HWY-CE-06,PRJ-HWY-CE-03,0.04,SYNTHETIC_RESEARCH_FIXTURE,OG-SYNTH-0.2,A-0.2,build_opus_synthetic_programme_v0_2.py@0.2,20260811,True,1903efe762009e8cb345f6b270979fb432aa9cb75afd649849fb371b7fbc2e9c
PRJ-HWY,PRJ-HWY-CE-06,PRJ-HWY-CE-04,0.25,SYNTHETIC_RESEARCH_FIXTURE,OG-SYNTH-0.2,A-0.2,build_opus_synthetic_programme_v0_2.py@0.2,20260811,True,a68081d411fd86b25396234c35face81de5e39958b44da654b910d867245a111
PRJ-HWY,PRJ-HWY-CE-06,PRJ-HWY-CE-05,0.25,SYNTHETIC_RESEARCH_FIXTURE,OG-SYNTH-0.2,A-0.2,build_opus_synthetic_programme_v0_2.py@0.2,20260811,True,69780e3e6c5ee47b4dccc911aa2a905a03af41b3c4c8c9cfddf21f0de04adc5e
PRJ-HWY,PRJ-HWY-CE-06,PRJ-HWY-CE-06,1.0,SYNTHETIC_RESEARCH_FIXTURE,OG-SYNTH-0.2,A-0.2,build_opus_synthetic_programme_v0_2.py@0.2,20260811,True,cda8ce505dea6eec8e931ff6858c8aeb289493c317b343acb5eec7ac238aa9ab
PRJ-HWY,PRJ-HWY-CE-06,PRJ-HWY-CE-07,0.04,SYNTHETIC_RESEARCH_FIXTURE,OG-SYNTH-0.2,A-0.2,build_opus_synthetic_programme_v0_2.py@0.2,20260811,True,d6afad1883a8187007ac13d7ab7baac03b94cde925c97c088367b3151eb0fd31
PRJ-HWY,PRJ-HWY-CE-06,PRJ-HWY-CE-08,0.04,SYNTHETIC_RESEARCH_FIXTURE,OG-SYNTH-0.2,A-0.2,build_opus_synthetic_programme_v0_2.py@0.2,20260811,True,3d52f938f059d66a66959580b692b276f05f1565631f9c8d15e2a25b5c8dcd60
PRJ-HWY,PRJ-HWY-CE-06,PRJ-HWY-CE-09,0.04,SYNTHETIC_RESEARCH_FIXTURE,OG-SYNTH-0.2,A-0.2,build_opus_synthetic_programme_v0_2.py@0.2,20260811,True,4151c3ec9c47105049eb2a31c27e79f763fa9e4eee67ae0e84aae6f3320e4cde
PRJ-HWY,PRJ-HWY-CE-06,PRJ-HWY-CE-10,0.04,SYNTHETIC_RESEARCH_FIXTURE,OG-SYNTH-0.2,A-0.2,build_opus_synthetic_programme_v0_2.py@0.2,20260811,True,46397ec1bf9622ccd30da709ec5318584a921cb4c150891a060c223241b22e41
PRJ-HWY,PRJ-HWY-CE-07,PRJ-HWY-CE-01,0.04,SYNTHETIC_RESEARCH_FIXTURE,OG-SYNTH-0.2,A-0.2,build_opus_synthetic_programme_v0_2.py@0.2,20260811,True,10b2957f3ae5970f2d13d663f692b9668c1f8557f5516ed772dea67a135ec2b2
PRJ-HWY,PRJ-HWY-CE-07,PRJ-HWY-CE-02,0.04,SYNTHETIC_RESEARCH_FIXTURE,OG-SYNTH-0.2,A-0.2,build_opus_synthetic_programme_v0_2.py@0.2,20260811,True,8e91d32e99a8579449a7f13c25f2acf49bb808a0f13faf6a27ab73f376052de9
PRJ-HWY,PRJ-HWY-CE-07,PRJ-HWY-CE-03,0.04,SYNTHETIC_RESEARCH_FIXTURE,OG-SYNTH-0.2,A-0.2,build_opus_synthetic_programme_v0_2.py@0.2,20260811,True,508726b0328d1a5903c1021a91593655ce2faf3dd0e826ef1b6f3dc61f5d836d
PRJ-HWY,PRJ-HWY-CE-07,PRJ-HWY-CE-04,0.04,SYNTHETIC_RESEARCH_FIXTURE,OG-SYNTH-0.2,A-0.2,build_opus_synthetic_programme_v0_2.py@0.2,20260811,True,671da87d0c2151cd580d2748be17359ba4c8dd1bf48c8941bc536aa06ea7778a
PRJ-HWY,PRJ-HWY-CE-07,PRJ-HWY-CE-05,0.04,SYNTHETIC_RESEARCH_FIXTURE,OG-SYNTH-0.2,A-0.2,build_opus_synthetic_programme_v0_2.py@0.2,20260811,True,272e9a2f4a3977f3d31ee75e463a32ff774edacbf26a4267f4e37accc6b9a688
PRJ-HWY,PRJ-HWY-CE-07,PRJ-HWY-CE-06,0.04,SYNTHETIC_RESEARCH_FIXTURE,OG-SYNTH-0.2,A-0.2,build_opus_synthetic_programme_v0_2.py@0.2,20260811,True,bd960f2e7b00c91ff31478f90d3951348beff666203c02c4ed94a46343f06642
PRJ-HWY,PRJ-HWY-CE-07,PRJ-HWY-CE-07,1.0,SYNTHETIC_RESEARCH_FIXTURE,OG-SYNTH-0.2,A-0.2,build_opus_synthetic_programme_v0_2.py@0.2,20260811,True,65159ca63a2734a22bf8ea412c9602283080960027bbeeacc07e1330ee9b2db5
PRJ-HWY,PRJ-HWY-CE-07,PRJ-HWY-CE-08,0.25,SYNTHETIC_RESEARCH_FIXTURE,OG-SYNTH-0.2,A-0.2,build_opus_synthetic_programme_v0_2.py@0.2,20260811,True,8455d573e3906c9da79d67c2b10110b01d0f97cdb9d984602f33210cfd85cfc8
PRJ-HWY,PRJ-HWY-CE-07,PRJ-HWY-CE-09,0.25,SYNTHETIC_RESEARCH_FIXTURE,OG-SYNTH-0.2,A-0.2,build_opus_synthetic_programme_v0_2.py@0.2,20260811,True,58026778af28e728788a4da4c917a7f58bd3d406c67fa6c9c5a15d6cfa83fbc7
PRJ-HWY,PRJ-HWY-CE-07,PRJ-HWY-CE-10,0.04,SYNTHETIC_RESEARCH_FIXTURE,OG-SYNTH-0.2,A-0.2,build_opus_synthetic_programme_v0_2.py@0.2,20260811,True,388a9578e8d33de00cf8537e268286e37eca438523b548541a801c3a7e8c49db
PRJ-HWY,PRJ-HWY-CE-08,PRJ-HWY-CE-01,0.04,SYNTHETIC_RESEARCH_FIXTURE,OG-SYNTH-0.2,A-0.2,build_opus_synthetic_programme_v0_2.py@0.2,20260811,True,308aefeea4e3b508d9ac9f940f21512587388d3307e56e15da345e52e18fb92f
PRJ-HWY,PRJ-HWY-CE-08,PRJ-HWY-CE-02,0.04,SYNTHETIC_RESEARCH_FIXTURE,OG-SYNTH-0.2,A-0.2,build_opus_synthetic_programme_v0_2.py@0.2,20260811,True,962d75d9982c482fcb3bdb84eff6ce59f2e7f379c3ceabd9ddc606d25bd1b155
PRJ-HWY,PRJ-HWY-CE-08,PRJ-HWY-CE-03,0.04,SYNTHETIC_RESEARCH_FIXTURE,OG-SYNTH-0.2,A-0.2,build_opus_synthetic_programme_v0_2.py@0.2,20260811,True,20f128fb7e06c71cdbc9251ecd7074847573bae9be79b58c59fe8ee550528209
PRJ-HWY,PRJ-HWY-CE-08,PRJ-HWY-CE-04,0.04,SYNTHETIC_RESEARCH_FIXTURE,OG-SYNTH-0.2,A-0.2,build_opus_synthetic_programme_v0_2.py@0.2,20260811,True,ec14012dff2e8bd84a92273dd83fc66feca46202110fde505180caff3ce91a51
PRJ-HWY,PRJ-HWY-CE-08,PRJ-HWY-CE-05,0.04,SYNTHETIC_RESEARCH_FIXTURE,OG-SYNTH-0.2,A-0.2,build_opus_synthetic_programme_v0_2.py@0.2,20260811,True,20c05ee41d7ecb3c65612db5bb97a1bf874a461e11b1f97f9c0d1525d521e6e7
PRJ-HWY,PRJ-HWY-CE-08,PRJ-HWY-CE-06,0.04,SYNTHETIC_RESEARCH_FIXTURE,OG-SYNTH-0.2,A-0.2,build_opus_synthetic_programme_v0_2.py@0.2,20260811,True,3bf45b2133aa868f8ad51d70a74fe152c77ba61839595a547f78c12bbfa85cc0
PRJ-HWY,PRJ-HWY-CE-08,PRJ-HWY-CE-07,0.25,SYNTHETIC_RESEARCH_FIXTURE,OG-SYNTH-0.2,A-0.2,build_opus_synthetic_programme_v0_2.py@0.2,20260811,True,9576629731566973992b4bdf9b8aac06003cda896df5aa1652957bd688d49427
PRJ-HWY,PRJ-HWY-CE-08,PRJ-HWY-CE-08,1.0,SYNTHETIC_RESEARCH_FIXTURE,OG-SYNTH-0.2,A-0.2,build_opus_synthetic_programme_v0_2.py@0.2,20260811,True,d674ada3ba9717530f3b1746d3189376caca9a94e2a58ce69c63067c0b7696cd
PRJ-HWY,PRJ-HWY-CE-08,PRJ-HWY-CE-09,0.25,SYNTHETIC_RESEARCH_FIXTURE,OG-SYNTH-0.2,A-0.2,build_opus_synthetic_programme_v0_2.py@0.2,20260811,True,896f8f72f9d420d1dcc127f131ecec343b2a492ce5ed443b80f5262e1cb40ccf
PRJ-HWY,PRJ-HWY-CE-08,PRJ-HWY-CE-10,0.04,SYNTHETIC_RESEARCH_FIXTURE,OG-SYNTH-0.2,A-0.2,build_opus_synthetic_programme_v0_2.py@0.2,20260811,True,4298c1db801b37fa1bb6d11b914dc174b38f2f663a545cec1c57b63aa4f4b1e4
PRJ-HWY,PRJ-HWY-CE-09,PRJ-HWY-CE-01,0.04,SYNTHETIC_RESEARCH_FIXTURE,OG-SYNTH-0.2,A-0.2,build_opus_synthetic_programme_v0_2.py@0.2,20260811,True,792689e7d3222094266eee277da428b779fff4924a2c6cbfbc4775bf1f6ab60e
PRJ-HWY,PRJ-HWY-CE-09,PRJ-HWY-CE-02,0.04,SYNTHETIC_RESEARCH_FIXTURE,OG-SYNTH-0.2,A-0.2,build_opus_synthetic_programme_v0_2.py@0.2,20260811,True,33aece51eeea49dc9bd0952f6c11c28c56e7b8f62ca1477f48d04514f38a9f24
PRJ-HWY,PRJ-HWY-CE-09,PRJ-HWY-CE-03,0.04,SYNTHETIC_RESEARCH_FIXTURE,OG-SYNTH-0.2,A-0.2,build_opus_synthetic_programme_v0_2.py@0.2,20260811,True,d5d567a312cc822831e31d8e3107dd430d7d5cb77d71b6d90e83ae61c921035e
PRJ-HWY,PRJ-HWY-CE-09,PRJ-HWY-CE-04,0.04,SYNTHETIC_RESEARCH_FIXTURE,OG-SYNTH-0.2,A-0.2,build_opus_synthetic_programme_v0_2.py@0.2,20260811,True,f2a73464f7e39bd8ed41f4a7a66bb892339936ec5e663e3a91fe91c925dac3cf
PRJ-HWY,PRJ-HWY-CE-09,PRJ-HWY-CE-05,0.04,SYNTHETIC_RESEARCH_FIXTURE,OG-SYNTH-0.2,A-0.2,build_opus_synthetic_programme_v0_2.py@0.2,20260811,True,11807e185df44b2c9e986ea6daefb167a66fc5fc3df297fdcedd5597f1a78925
PRJ-HWY,PRJ-HWY-CE-09,PRJ-HWY-CE-06,0.04,SYNTHETIC_RESEARCH_FIXTURE,OG-SYNTH-0.2,A-0.2,build_opus_synthetic_programme_v0_2.py@0.2,20260811,True,94fb85e22f5f0b673a2430841595fb105971c09798b88f0f8a20f32567fdb2a6
PRJ-HWY,PRJ-HWY-CE-09,PRJ-HWY-CE-07,0.25,SYNTHETIC_RESEARCH_FIXTURE,OG-SYNTH-0.2,A-0.2,build_opus_synthetic_programme_v0_2.py@0.2,20260811,True,76d686c698db2648eec93ae33e04b5a225a37e378648e8491add21a769c15eb2
PRJ-HWY,PRJ-HWY-CE-09,PRJ-HWY-CE-08,0.25,SYNTHETIC_RESEARCH_FIXTURE,OG-SYNTH-0.2,A-0.2,build_opus_synthetic_programme_v0_2.py@0.2,20260811,True,4d88c737d7a8608d29773f9c1e8b438a86f0b58d976612e1713b0f61156b927c
PRJ-HWY,PRJ-HWY-CE-09,PRJ-HWY-CE-09,1.0,SYNTHETIC_RESEARCH_FIXTURE,OG-SYNTH-0.2,A-0.2,build_opus_synthetic_programme_v0_2.py@0.2,20260811,True,6bd357bca24123233261ba9d79a339c3a47d3564fbd540c1915aa49af6e0865c
PRJ-HWY,PRJ-HWY-CE-09,PRJ-HWY-CE-10,0.04,SYNTHETIC_RESEARCH_FIXTURE,OG-SYNTH-0.2,A-0.2,build_opus_synthetic_programme_v0_2.py@0.2,20260811,True,44e75f933faa94c98f35ea1146b0d8acee592acca0707f4334e6db05e81e67be
PRJ-HWY,PRJ-HWY-CE-10,PRJ-HWY-CE-01,0.04,SYNTHETIC_RESEARCH_FIXTURE,OG-SYNTH-0.2,A-0.2,build_opus_synthetic_programme_v0_2.py@0.2,20260811,True,eef800e9ffa67c6f713a92356b48cd0fa9242d2bdf397fa4604a82eb22a9781f
PRJ-HWY,PRJ-HWY-CE-10,PRJ-HWY-CE-02,0.04,SYNTHETIC_RESEARCH_FIXTURE,OG-SYNTH-0.2,A-0.2,build_opus_synthetic_programme_v0_2.py@0.2,20260811,True,b81b65722caa7d4a88dac1ed80dff7472df8a2e9672b2c68fe5dcbf2c5a0d599
PRJ-HWY,PRJ-HWY-CE-10,PRJ-HWY-CE-03,0.04,SYNTHETIC_RESEARCH_FIXTURE,OG-SYNTH-0.2,A-0.2,build_opus_synthetic_programme_v0_2.py@0.2,20260811,True,11cd57ea69b81150816fcc6d36c165d5417af8a019f33bb3d656ce30a2d64b02
PRJ-HWY,PRJ-HWY-CE-10,PRJ-HWY-CE-04,0.04,SYNTHETIC_RESEARCH_FIXTURE,OG-SYNTH-0.2,A-0.2,build_opus_synthetic_programme_v0_2.py@0.2,20260811,True,546dc05df86c66b0e6cc90241e41c748ec8921ed45b65d09650b20cc511e894e
PRJ-HWY,PRJ-HWY-CE-10,PRJ-HWY-CE-05,0.04,SYNTHETIC_RESEARCH_FIXTURE,OG-SYNTH-0.2,A-0.2,build_opus_synthetic_programme_v0_2.py@0.2,20260811,True,82302fa35c3be092884210fb1d945d9d1a418c24a3d903f8c33a21ed3773b4aa
PRJ-HWY,PRJ-HWY-CE-10,PRJ-HWY-CE-06,0.04,SYNTHETIC_RESEARCH_FIXTURE,OG-SYNTH-0.2,A-0.2,build_opus_synthetic_programme_v0_2.py@0.2,20260811,True,4412eda906cbe40a013060fd28bedf93defac1ec681b6c25b4896ef5346e02bf
PRJ-HWY,PRJ-HWY-CE-10,PRJ-HWY-CE-07,0.04,SYNTHETIC_RESEARCH_FIXTURE,OG-SYNTH-0.2,A-0.2,build_opus_synthetic_programme_v0_2.py@0.2,20260811,True,be9f5009c7e3ba7efd693f9019b8ae354b886c9ec887c9791c1ec0e19d7b8d4c
PRJ-HWY,PRJ-HWY-CE-10,PRJ-HWY-CE-08,0.04,SYNTHETIC_RESEARCH_FIXTURE,OG-SYNTH-0.2,A-0.2,build_opus_synthetic_programme_v0_2.py@0.2,20260811,True,c07b4d34d1ccca75236a0dbb8414bafa979c607c319e54facf72a8fa2a71b78c
PRJ-HWY,PRJ-HWY-CE-10,PRJ-HWY-CE-09,0.04,SYNTHETIC_RESEARCH_FIXTURE,OG-SYNTH-0.2,A-0.2,build_opus_synthetic_programme_v0_2.py@0.2,20260811,True,9feed2b7331c63e0ca28c0550ca693be97ff4dff5db4e34a2d1d2bb95deff0bd
PRJ-HWY,PRJ-HWY-CE-10,PRJ-HWY-CE-10,1.0,SYNTHETIC_RESEARCH_FIXTURE,OG-SYNTH-0.2,A-0.2,build_opus_synthetic_programme_v0_2.py@0.2,20260811,True,683f8d387a38e2eb153f101f8ce72001f8a2d53b48e32cf6bdc56afdd0c6704d
PRJ-HSP,PRJ-HSP-CE-01,PRJ-HSP-CE-01,1.0,SYNTHETIC_RESEARCH_FIXTURE,OG-SYNTH-0.2,A-0.2,build_opus_synthetic_programme_v0_2.py@0.2,20260811,True,5e4af009a8947d75af7494878aaaa1c7e7dbffda35b76273ceb968c34fe367f1
PRJ-HSP,PRJ-HSP-CE-01,PRJ-HSP-CE-02,0.25,SYNTHETIC_RESEARCH_FIXTURE,OG-SYNTH-0.2,A-0.2,build_opus_synthetic_programme_v0_2.py@0.2,20260811,True,8e26d7766a9afe206a8f47d740b199c98d23346d782af2e038e3d2bf9cd99cee
PRJ-HSP,PRJ-HSP-CE-01,PRJ-HSP-CE-03,0.25,SYNTHETIC_RESEARCH_FIXTURE,OG-SYNTH-0.2,A-0.2,build_opus_synthetic_programme_v0_2.py@0.2,20260811,True,8fd9affac718deef3e7b4a0449744516e8f16691c05840a7de0ff6effcb68b2d
PRJ-HSP,PRJ-HSP-CE-01,PRJ-HSP-CE-04,0.04,SYNTHETIC_RESEARCH_FIXTURE,OG-SYNTH-0.2,A-0.2,build_opus_synthetic_programme_v0_2.py@0.2,20260811,True,827f162cfa189c6d6f562618a00a6d68839a9a778328fe88093948ba08068d69
PRJ-HSP,PRJ-HSP-CE-01,PRJ-HSP-CE-05,0.04,SYNTHETIC_RESEARCH_FIXTURE,OG-SYNTH-0.2,A-0.2,build_opus_synthetic_programme_v0_2.py@0.2,20260811,True,6ad83959cc54d21b697d67b8d8b695c2f69a63e1e6cdb374b1b3ffcfb5e0cf4f
PRJ-HSP,PRJ-HSP-CE-01,PRJ-HSP-CE-06,0.04,SYNTHETIC_RESEARCH_FIXTURE,OG-SYNTH-0.2,A-0.2,build_opus_synthetic_programme_v0_2.py@0.2,20260811,True,e5414d6f9868d09f93fb054b998f9f3e15918d1b8ee453d550f7cedf1d9a4307
PRJ-HSP,PRJ-HSP-CE-01,PRJ-HSP-CE-07,0.04,SYNTHETIC_RESEARCH_FIXTURE,OG-SYNTH-0.2,A-0.2,build_opus_synthetic_programme_v0_2.py@0.2,20260811,True,bf97040a666bcebfd5796d43024892e6c7f5cd9e200b7e41f75d5628baf84c6c
PRJ-HSP,PRJ-HSP-CE-01,PRJ-HSP-CE-08,0.04,SYNTHETIC_RESEARCH_FIXTURE,OG-SYNTH-0.2,A-0.2,build_opus_synthetic_programme_v0_2.py@0.2,20260811,True,c046d0f4671b40709c7399c618ea2a4149c1b7d1af7ead78b6dc762e0a97de6a
PRJ-HSP,PRJ-HSP-CE-01,PRJ-HSP-CE-09,0.04,SYNTHETIC_RESEARCH_FIXTURE,OG-SYNTH-0.2,A-0.2,build_opus_synthetic_programme_v0_2.py@0.2,20260811,True,ca5fd3c27298ffb4b38223b07d059873ae78e2bf1cf760b34fc63c0555119283
PRJ-HSP,PRJ-HSP-CE-01,PRJ-HSP-CE-10,0.04,SYNTHETIC_RESEARCH_FIXTURE,OG-SYNTH-0.2,A-0.2,build_opus_synthetic_programme_v0_2.py@0.2,20260811,True,61761951b347bad0a589fe4865dd6d3e3183373fc2b1093770d5e7b541cf45cd
PRJ-HSP,PRJ-HSP-CE-02,PRJ-HSP-CE-01,0.25,SYNTHETIC_RESEARCH_FIXTURE,OG-SYNTH-0.2,A-0.2,build_opus_synthetic_programme_v0_2.py@0.2,20260811,True,914081643bc5ccf79aa806b05b71c456171f4ff5b72aa5f0445bf96bb06f0bab
PRJ-HSP,PRJ-HSP-CE-02,PRJ-HSP-CE-02,1.0,SYNTHETIC_RESEARCH_FIXTURE,OG-SYNTH-0.2,A-0.2,build_opus_synthetic_programme_v0_2.py@0.2,20260811,True,31532e7512e85cfa9c1f490db70c0f50189772210063b84cf2ff67f73806d09d
PRJ-HSP,PRJ-HSP-CE-02,PRJ-HSP-CE-03,0.25,SYNTHETIC_RESEARCH_FIXTURE,OG-SYNTH-0.2,A-0.2,build_opus_synthetic_programme_v0_2.py@0.2,20260811,True,03b30ec9c2396ab50bc503ee4e5fab1a5f2659c7d3c51eabe11b40ce7c761bce
PRJ-HSP,PRJ-HSP-CE-02,PRJ-HSP-CE-04,0.04,SYNTHETIC_RESEARCH_FIXTURE,OG-SYNTH-0.2,A-0.2,build_opus_synthetic_programme_v0_2.py@0.2,20260811,True,f961c765bec683c2360ffe6284ceca8586b3f992dd4cb5b96ae798ceb13a6922
PRJ-HSP,PRJ-HSP-CE-02,PRJ-HSP-CE-05,0.04,SYNTHETIC_RESEARCH_FIXTURE,OG-SYNTH-0.2,A-0.2,build_opus_synthetic_programme_v0_2.py@0.2,20260811,True,523933cb61f85b1d232edf0466cd2ee42137ceb536a0d6b9e2e630bd18823f22
PRJ-HSP,PRJ-HSP-CE-02,PRJ-HSP-CE-06,0.04,SYNTHETIC_RESEARCH_FIXTURE,OG-SYNTH-0.2,A-0.2,build_opus_synthetic_programme_v0_2.py@0.2,20260811,True,ae181549ebfdd4a05420a4f9b69dc3341ad4f0855916fafa17842c8223b4cc9a
PRJ-HSP,PRJ-HSP-CE-02,PRJ-HSP-CE-07,0.04,SYNTHETIC_RESEARCH_FIXTURE,OG-SYNTH-0.2,A-0.2,build_opus_synthetic_programme_v0_2.py@0.2,20260811,True,247a45db57df00e2f29ff0b6a91d7d8fea563ff1c545ab028859babc21c5d776
PRJ-HSP,PRJ-HSP-CE-02,PRJ-HSP-CE-08,0.04,SYNTHETIC_RESEARCH_FIXTURE,OG-SYNTH-0.2,A-0.2,build_opus_synthetic_programme_v0_2.py@0.2,20260811,True,9f6d233f30382ac170f99c60965cfbe80dc04bd51df208c0cd1dd601526e9a10
PRJ-HSP,PRJ-HSP-CE-02,PRJ-HSP-CE-09,0.04,SYNTHETIC_RESEARCH_FIXTURE,OG-SYNTH-0.2,A-0.2,build_opus_synthetic_programme_v0_2.py@0.2,20260811,True,63fff3f178242688c3346b44924ddb21651d1c66d0765726bd39b9ef26258709
PRJ-HSP,PRJ-HSP-CE-02,PRJ-HSP-CE-10,0.04,SYNTHETIC_RESEARCH_FIXTURE,OG-SYNTH-0.2,A-0.2,build_opus_synthetic_programme_v0_2.py@0.2,20260811,True,5a0e4f66d1e981811b6cc7de635e6ececa6626598499068576e02db66bf0ef19
PRJ-HSP,PRJ-HSP-CE-03,PRJ-HSP-CE-01,0.25,SYNTHETIC_RESEARCH_FIXTURE,OG-SYNTH-0.2,A-0.2,build_opus_synthetic_programme_v0_2.py@0.2,20260811,True,057b4c263916617753ad0c3104f736090c86e43af97738a735bf7ae989981b37
PRJ-HSP,PRJ-HSP-CE-03,PRJ-HSP-CE-02,0.25,SYNTHETIC_RESEARCH_FIXTURE,OG-SYNTH-0.2,A-0.2,build_opus_synthetic_programme_v0_2.py@0.2,20260811,True,3d832b73b6f9f26570da301bd3e3ad7997b35d7603839162ba66a876780fee38
PRJ-HSP,PRJ-HSP-CE-03,PRJ-HSP-CE-03,1.0,SYNTHETIC_RESEARCH_FIXTURE,OG-SYNTH-0.2,A-0.2,build_opus_synthetic_programme_v0_2.py@0.2,20260811,True,0cae6e61487065c00e4a0222a59f5f6631916b9e62299a91d4b52192b1f1726f
PRJ-HSP,PRJ-HSP-CE-03,PRJ-HSP-CE-04,0.04,SYNTHETIC_RESEARCH_FIXTURE,OG-SYNTH-0.2,A-0.2,build_opus_synthetic_programme_v0_2.py@0.2,20260811,True,1ef21f32af6e0bc09b038e2af2d1f2bd10b9453459bc2a4a0743df8a339ea66c
PRJ-HSP,PRJ-HSP-CE-03,PRJ-HSP-CE-05,0.04,SYNTHETIC_RESEARCH_FIXTURE,OG-SYNTH-0.2,A-0.2,build_opus_synthetic_programme_v0_2.py@0.2,20260811,True,78a6d3cbe654fb04be1b5c17404ead12decd17e3e6077ea630c74e4e2a00c3b0
PRJ-HSP,PRJ-HSP-CE-03,PRJ-HSP-CE-06,0.04,SYNTHETIC_RESEARCH_FIXTURE,OG-SYNTH-0.2,A-0.2,build_opus_synthetic_programme_v0_2.py@0.2,20260811,True,0cacd26806b29925615fdb597e6f85ba6a31df260080ba2667469fb703848686
PRJ-HSP,PRJ-HSP-CE-03,PRJ-HSP-CE-07,0.04,SYNTHETIC_RESEARCH_FIXTURE,OG-SYNTH-0.2,A-0.2,build_opus_synthetic_programme_v0_2.py@0.2,20260811,True,256b18f6f5d742ac67f30a0d49c0e88be6758f1a5c0c9da6c7f15310cdbea0df
PRJ-HSP,PRJ-HSP-CE-03,PRJ-HSP-CE-08,0.04,SYNTHETIC_RESEARCH_FIXTURE,OG-SYNTH-0.2,A-0.2,build_opus_synthetic_programme_v0_2.py@0.2,20260811,True,d12fdc2000d96954f561d514f9d9e97af375cdedb0f0376d97bc5362b80f8226
PRJ-HSP,PRJ-HSP-CE-03,PRJ-HSP-CE-09,0.04,SYNTHETIC_RESEARCH_FIXTURE,OG-SYNTH-0.2,A-0.2,build_opus_synthetic_programme_v0_2.py@0.2,20260811,True,1cd42f0f11bd84b51c8d44d307dd85a792b676fd900a4aa45b997fa053609441
PRJ-HSP,PRJ-HSP-CE-03,PRJ-HSP-CE-10,0.04,SYNTHETIC_RESEARCH_FIXTURE,OG-SYNTH-0.2,A-0.2,build_opus_synthetic_programme_v0_2.py@0.2,20260811,True,0f8ddfa564702a5e13ea6e56de03796d0fbd2630e04d3c348ab1bb20a1fb0cf5
PRJ-HSP,PRJ-HSP-CE-04,PRJ-HSP-CE-01,0.04,SYNTHETIC_RESEARCH_FIXTURE,OG-SYNTH-0.2,A-0.2,build_opus_synthetic_programme_v0_2.py@0.2,20260811,True,f40290cc1f23fb638e1fed8d4559c0c8d8fee67cd40b92fd98602e44cee8272b
PRJ-HSP,PRJ-HSP-CE-04,PRJ-HSP-CE-02,0.04,SYNTHETIC_RESEARCH_FIXTURE,OG-SYNTH-0.2,A-0.2,build_opus_synthetic_programme_v0_2.py@0.2,20260811,True,bdfad49e4198428855f323b045e6db21a304313bed25524b77a0ee289f8bc936
PRJ-HSP,PRJ-HSP-CE-04,PRJ-HSP-CE-03,0.04,SYNTHETIC_RESEARCH_FIXTURE,OG-SYNTH-0.2,A-0.2,build_opus_synthetic_programme_v0_2.py@0.2,20260811,True,c1a81c8abd883cc1eefdcb991e7117ac8ab3b8dfdacf834d42d0b01f9e6079a5
PRJ-HSP,PRJ-HSP-CE-04,PRJ-HSP-CE-04,1.0,SYNTHETIC_RESEARCH_FIXTURE,OG-SYNTH-0.2,A-0.2,build_opus_synthetic_programme_v0_2.py@0.2,20260811,True,fc057ba7fe7adddbd726557ee971d2075e55f89b9f6557bd8bf76315be0c683e
PRJ-HSP,PRJ-HSP-CE-04,PRJ-HSP-CE-05,0.25,SYNTHETIC_RESEARCH_FIXTURE,OG-SYNTH-0.2,A-0.2,build_opus_synthetic_programme_v0_2.py@0.2,20260811,True,b46cfc36be85e33aa6ca81034f6ea0dd1bbf7da8b6d698c8c1629b30ec3e8972
PRJ-HSP,PRJ-HSP-CE-04,PRJ-HSP-CE-06,0.25,SYNTHETIC_RESEARCH_FIXTURE,OG-SYNTH-0.2,A-0.2,build_opus_synthetic_programme_v0_2.py@0.2,20260811,True,7a58179b0957703b02e356747faf67afbc5776166d7bd6a03d62e23382b3ce3d
PRJ-HSP,PRJ-HSP-CE-04,PRJ-HSP-CE-07,0.04,SYNTHETIC_RESEARCH_FIXTURE,OG-SYNTH-0.2,A-0.2,build_opus_synthetic_programme_v0_2.py@0.2,20260811,True,a0eb00dfa569b7b7143ffe19a8bff8d234ad8724e73e9c49dfb42e13772dd7ad
PRJ-HSP,PRJ-HSP-CE-04,PRJ-HSP-CE-08,0.04,SYNTHETIC_RESEARCH_FIXTURE,OG-SYNTH-0.2,A-0.2,build_opus_synthetic_programme_v0_2.py@0.2,20260811,True,7fdf1831b9a77a36eec1b35f7ca17981918f9a15a763f19a703ea1809c76e278
PRJ-HSP,PRJ-HSP-CE-04,PRJ-HSP-CE-09,0.04,SYNTHETIC_RESEARCH_FIXTURE,OG-SYNTH-0.2,A-0.2,build_opus_synthetic_programme_v0_2.py@0.2,20260811,True,7417064340549378e2d9576b515e972e001b7102efe6a1308f80114807d7bbea
PRJ-HSP,PRJ-HSP-CE-04,PRJ-HSP-CE-10,0.04,SYNTHETIC_RESEARCH_FIXTURE,OG-SYNTH-0.2,A-0.2,build_opus_synthetic_programme_v0_2.py@0.2,20260811,True,44b8b4c27d93b184f21802b8a0ef703317f929d0f98e55d18e8334f027afd3df
PRJ-HSP,PRJ-HSP-CE-05,PRJ-HSP-CE-01,0.04,SYNTHETIC_RESEARCH_FIXTURE,OG-SYNTH-0.2,A-0.2,build_opus_synthetic_programme_v0_2.py@0.2,20260811,True,a1be7345c2089da48dfdfb639ed95bc18b84283cefb75bcef04677b63d933160
PRJ-HSP,PRJ-HSP-CE-05,PRJ-HSP-CE-02,0.04,SYNTHETIC_RESEARCH_FIXTURE,OG-SYNTH-0.2,A-0.2,build_opus_synthetic_programme_v0_2.py@0.2,20260811,True,5ed19c842b2182e33c5afe10a1c169c0c98ff66d8a3e9fed720360d7a11b0aec
PRJ-HSP,PRJ-HSP-CE-05,PRJ-HSP-CE-03,0.04,SYNTHETIC_RESEARCH_FIXTURE,OG-SYNTH-0.2,A-0.2,build_opus_synthetic_programme_v0_2.py@0.2,20260811,True,3f85b082801fbd51e3c04306f28f23dd28d1b467f5c02195598480e91ff03dba
PRJ-HSP,PRJ-HSP-CE-05,PRJ-HSP-CE-04,0.25,SYNTHETIC_RESEARCH_FIXTURE,OG-SYNTH-0.2,A-0.2,build_opus_synthetic_programme_v0_2.py@0.2,20260811,True,e9043fbdd016fbd5cf08ac9f0ba24746429e158ca0d8a2e131435403770436b0
PRJ-HSP,PRJ-HSP-CE-05,PRJ-HSP-CE-05,1.0,SYNTHETIC_RESEARCH_FIXTURE,OG-SYNTH-0.2,A-0.2,build_opus_synthetic_programme_v0_2.py@0.2,20260811,True,2a908005ec8187d905c3bae11d44a79c2ef85d1c9e77cb396157f90d0b024da3
PRJ-HSP,PRJ-HSP-CE-05,PRJ-HSP-CE-06,0.25,SYNTHETIC_RESEARCH_FIXTURE,OG-SYNTH-0.2,A-0.2,build_opus_synthetic_programme_v0_2.py@0.2,20260811,True,11201f7fd4c8e2b1f1907930602e75b9408337dc6dd6d3ee1b3d20af83b502da
PRJ-HSP,PRJ-HSP-CE-05,PRJ-HSP-CE-07,0.04,SYNTHETIC_RESEARCH_FIXTURE,OG-SYNTH-0.2,A-0.2,build_opus_synthetic_programme_v0_2.py@0.2,20260811,True,89f91529cfb2609828563e383cc88c896cb91a7fa1f38cab3d3885fb1b512dcf
PRJ-HSP,PRJ-HSP-CE-05,PRJ-HSP-CE-08,0.04,SYNTHETIC_RESEARCH_FIXTURE,OG-SYNTH-0.2,A-0.2,build_opus_synthetic_programme_v0_2.py@0.2,20260811,True,c58316ec991be23868e26705eccc3ee4392bf422f414b0d078f0607575951d12
PRJ-HSP,PRJ-HSP-CE-05,PRJ-HSP-CE-09,0.04,SYNTHETIC_RESEARCH_FIXTURE,OG-SYNTH-0.2,A-0.2,build_opus_synthetic_programme_v0_2.py@0.2,20260811,True,610eab4362d8e9e330b71bbfbc6cee6d7e75f6e3c142cf99c410a87ba5340a2c
PRJ-HSP,PRJ-HSP-CE-05,PRJ-HSP-CE-10,0.04,SYNTHETIC_RESEARCH_FIXTURE,OG-SYNTH-0.2,A-0.2,build_opus_synthetic_programme_v0_2.py@0.2,20260811,True,8279f3cda51991996dee1bf07d7d0ebb844c2c855fd2168187fdbd61481a715c
PRJ-HSP,PRJ-HSP-CE-06,PRJ-HSP-CE-01,0.04,SYNTHETIC_RESEARCH_FIXTURE,OG-SYNTH-0.2,A-0.2,build_opus_synthetic_programme_v0_2.py@0.2,20260811,True,ba34efc7102d1cfe0aee1e643c73e29fe8e0faf0b3601cae78794260380f5aa0
PRJ-HSP,PRJ-HSP-CE-06,PRJ-HSP-CE-02,0.04,SYNTHETIC_RESEARCH_FIXTURE,OG-SYNTH-0.2,A-0.2,build_opus_synthetic_programme_v0_2.py@0.2,20260811,True,f0b49e9d28a9122af6d0932e87cc78c51011531d02ac294e16bf5437c68ee1c4
PRJ-HSP,PRJ-HSP-CE-06,PRJ-HSP-CE-03,0.04,SYNTHETIC_RESEARCH_FIXTURE,OG-SYNTH-0.2,A-0.2,build_opus_synthetic_programme_v0_2.py@0.2,20260811,True,08fc9aacccb64a85beae8ed3cffe8c9b5c67aa1a52b0f6a0f26a37fa896df562
PRJ-HSP,PRJ-HSP-CE-06,PRJ-HSP-CE-04,0.25,SYNTHETIC_RESEARCH_FIXTURE,OG-SYNTH-0.2,A-0.2,build_opus_synthetic_programme_v0_2.py@0.2,20260811,True,eb1c296d7d1301abf8cbee0b65746e781a7eb837cdcb757986b8fa8f335c86ce
PRJ-HSP,PRJ-HSP-CE-06,PRJ-HSP-CE-05,0.25,SYNTHETIC_RESEARCH_FIXTURE,OG-SYNTH-0.2,A-0.2,build_opus_synthetic_programme_v0_2.py@0.2,20260811,True,09aad90f6dbbf1653d37f063a2622366c0c2a3aa3ff91b805bed9cff627a00b4
PRJ-HSP,PRJ-HSP-CE-06,PRJ-HSP-CE-06,1.0,SYNTHETIC_RESEARCH_FIXTURE,OG-SYNTH-0.2,A-0.2,build_opus_synthetic_programme_v0_2.py@0.2,20260811,True,acddf427e14eebaec8ecb9b3a8c204677601cd7715ba892c9c6ce5a4701ee045
PRJ-HSP,PRJ-HSP-CE-06,PRJ-HSP-CE-07,0.04,SYNTHETIC_RESEARCH_FIXTURE,OG-SYNTH-0.2,A-0.2,build_opus_synthetic_programme_v0_2.py@0.2,20260811,True,3b55f02325001a93d8ff8ed51783343eeb9d09f2070c7d6072b6447b267532c2
PRJ-HSP,PRJ-HSP-CE-06,PRJ-HSP-CE-08,0.04,SYNTHETIC_RESEARCH_FIXTURE,OG-SYNTH-0.2,A-0.2,build_opus_synthetic_programme_v0_2.py@0.2,20260811,True,99d01574b1811b885617d686bbe80752029b9e6ad110c264673f0d96c54b2272
PRJ-HSP,PRJ-HSP-CE-06,PRJ-HSP-CE-09,0.04,SYNTHETIC_RESEARCH_FIXTURE,OG-SYNTH-0.2,A-0.2,build_opus_synthetic_programme_v0_2.py@0.2,20260811,True,48d52fd15b9a3c0d14d324483cede14c62b3a8feb38b139d5767f63cd00ae504
PRJ-HSP,PRJ-HSP-CE-06,PRJ-HSP-CE-10,0.04,SYNTHETIC_RESEARCH_FIXTURE,OG-SYNTH-0.2,A-0.2,build_opus_synthetic_programme_v0_2.py@0.2,20260811,True,b79f97d548f8b0d7c3d3813e68f77188536f9938b8e5b69be9b4cbb17b063643
PRJ-HSP,PRJ-HSP-CE-07,PRJ-HSP-CE-01,0.04,SYNTHETIC_RESEARCH_FIXTURE,OG-SYNTH-0.2,A-0.2,build_opus_synthetic_programme_v0_2.py@0.2,20260811,True,90d4ec40d7e03d235eeb8169b9757506ad021b0903827e3368281d51ffb3d660
PRJ-HSP,PRJ-HSP-CE-07,PRJ-HSP-CE-02,0.04,SYNTHETIC_RESEARCH_FIXTURE,OG-SYNTH-0.2,A-0.2,build_opus_synthetic_programme_v0_2.py@0.2,20260811,True,b8c8d4815b8185a671289997cb27a91f1f608dceb1c82ec881ce00d13f28f5c4
PRJ-HSP,PRJ-HSP-CE-07,PRJ-HSP-CE-03,0.04,SYNTHETIC_RESEARCH_FIXTURE,OG-SYNTH-0.2,A-0.2,build_opus_synthetic_programme_v0_2.py@0.2,20260811,True,bd56c8bcbe496d7f015d44f3815791b2dbbdcd3607de2b325ffffba0b57ffc3e
PRJ-HSP,PRJ-HSP-CE-07,PRJ-HSP-CE-04,0.04,SYNTHETIC_RESEARCH_FIXTURE,OG-SYNTH-0.2,A-0.2,build_opus_synthetic_programme_v0_2.py@0.2,20260811,True,34a64649a627c6cae5d92546471fd937929fa53f5e6decace0109335349a69c7
PRJ-HSP,PRJ-HSP-CE-07,PRJ-HSP-CE-05,0.04,SYNTHETIC_RESEARCH_FIXTURE,OG-SYNTH-0.2,A-0.2,build_opus_synthetic_programme_v0_2.py@0.2,20260811,True,5b85850ecdc8c5fc094f480a27101231c32d1f4f9652978b0290b4b7ecfd7fb2
PRJ-HSP,PRJ-HSP-CE-07,PRJ-HSP-CE-06,0.04,SYNTHETIC_RESEARCH_FIXTURE,OG-SYNTH-0.2,A-0.2,build_opus_synthetic_programme_v0_2.py@0.2,20260811,True,a04ebd60bcdcd031b428069ce03f64878df31a331e3c66242ead2a0a9f703805
PRJ-HSP,PRJ-HSP-CE-07,PRJ-HSP-CE-07,1.0,SYNTHETIC_RESEARCH_FIXTURE,OG-SYNTH-0.2,A-0.2,build_opus_synthetic_programme_v0_2.py@0.2,20260811,True,0d801c8c27c9e1bb974bdbabafd51960edb91a853b1c759f8a98332e75e05760
PRJ-HSP,PRJ-HSP-CE-07,PRJ-HSP-CE-08,0.25,SYNTHETIC_RESEARCH_FIXTURE,OG-SYNTH-0.2,A-0.2,build_opus_synthetic_programme_v0_2.py@0.2,20260811,True,3f725c501e1ce1b16112a9dd6efb8c679c68632f3f62e049e1368b85114d6ab5
PRJ-HSP,PRJ-HSP-CE-07,PRJ-HSP-CE-09,0.25,SYNTHETIC_RESEARCH_FIXTURE,OG-SYNTH-0.2,A-0.2,build_opus_synthetic_programme_v0_2.py@0.2,20260811,True,c97802a35d7075c7ec2714be24b176c81e3bf5261b4e880bc056409f0f70db41
PRJ-HSP,PRJ-HSP-CE-07,PRJ-HSP-CE-10,0.04,SYNTHETIC_RESEARCH_FIXTURE,OG-SYNTH-0.2,A-0.2,build_opus_synthetic_programme_v0_2.py@0.2,20260811,True,9e3b4cf6ac29473bf000e051aecc9079547c64e9e8f0f3275f1e86d9e0cfb5c5
PRJ-HSP,PRJ-HSP-CE-08,PRJ-HSP-CE-01,0.04,SYNTHETIC_RESEARCH_FIXTURE,OG-SYNTH-0.2,A-0.2,build_opus_synthetic_programme_v0_2.py@0.2,20260811,True,e57581422154e72e1bf5130d1050efe5e9108927baa7d421ef4fc2e9e1f62ee9
PRJ-HSP,PRJ-HSP-CE-08,PRJ-HSP-CE-02,0.04,SYNTHETIC_RESEARCH_FIXTURE,OG-SYNTH-0.2,A-0.2,build_opus_synthetic_programme_v0_2.py@0.2,20260811,True,10dcad256738b15f6235e1b2727a3324b29ed1ae368d8678d0d855106fb1cfce
PRJ-HSP,PRJ-HSP-CE-08,PRJ-HSP-CE-03,0.04,SYNTHETIC_RESEARCH_FIXTURE,OG-SYNTH-0.2,A-0.2,build_opus_synthetic_programme_v0_2.py@0.2,20260811,True,bfd007aa2249e9abfa2d857e5c85b65ab5248e29ba3dc9cc173157deaab8fe21
PRJ-HSP,PRJ-HSP-CE-08,PRJ-HSP-CE-04,0.04,SYNTHETIC_RESEARCH_FIXTURE,OG-SYNTH-0.2,A-0.2,build_opus_synthetic_programme_v0_2.py@0.2,20260811,True,bdef05062ad8fcbc3e33fc484d95062f63e7ff22cde64c7d71a508f6bb9aaa13
PRJ-HSP,PRJ-HSP-CE-08,PRJ-HSP-CE-05,0.04,SYNTHETIC_RESEARCH_FIXTURE,OG-SYNTH-0.2,A-0.2,build_opus_synthetic_programme_v0_2.py@0.2,20260811,True,410ba8ccf9701f27e90c80966c251335ed164b9c640d3757998f77e6c9c52268
PRJ-HSP,PRJ-HSP-CE-08,PRJ-HSP-CE-06,0.04,SYNTHETIC_RESEARCH_FIXTURE,OG-SYNTH-0.2,A-0.2,build_opus_synthetic_programme_v0_2.py@0.2,20260811,True,9256ef6d0bd29381e0a21a05c0f4829f8ad890163d9fc3e5ae7ccbc94283a034
PRJ-HSP,PRJ-HSP-CE-08,PRJ-HSP-CE-07,0.25,SYNTHETIC_RESEARCH_FIXTURE,OG-SYNTH-0.2,A-0.2,build_opus_synthetic_programme_v0_2.py@0.2,20260811,True,882cdc4f2f052191edef36a0522b0e5b804755c2b4932e7f6452c7a8b6bf237f
PRJ-HSP,PRJ-HSP-CE-08,PRJ-HSP-CE-08,1.0,SYNTHETIC_RESEARCH_FIXTURE,OG-SYNTH-0.2,A-0.2,build_opus_synthetic_programme_v0_2.py@0.2,20260811,True,a974e836c1c17a7a75fdf26d1b484af67763a5acc5c24a3b5e428b731b3f760b
PRJ-HSP,PRJ-HSP-CE-08,PRJ-HSP-CE-09,0.25,SYNTHETIC_RESEARCH_FIXTURE,OG-SYNTH-0.2,A-0.2,build_opus_synthetic_programme_v0_2.py@0.2,20260811,True,3bdd68447800118eaafac03028fb2d47af4037b37568bc46ba76fd3b1c913353
PRJ-HSP,PRJ-HSP-CE-08,PRJ-HSP-CE-10,0.04,SYNTHETIC_RESEARCH_FIXTURE,OG-SYNTH-0.2,A-0.2,build_opus_synthetic_programme_v0_2.py@0.2,20260811,True,e2ce3e1ce6c4eaa015d2369d5e42101a7f0ca4e447d759f80bd3a54630585398
PRJ-HSP,PRJ-HSP-CE-09,PRJ-HSP-CE-01,0.04,SYNTHETIC_RESEARCH_FIXTURE,OG-SYNTH-0.2,A-0.2,build_opus_synthetic_programme_v0_2.py@0.2,20260811,True,42f22a74fa6941f4c005e3f502be4d65166d3c9ddddc82587c5bc42275bfa5d2
PRJ-HSP,PRJ-HSP-CE-09,PRJ-HSP-CE-02,0.04,SYNTHETIC_RESEARCH_FIXTURE,OG-SYNTH-0.2,A-0.2,build_opus_synthetic_programme_v0_2.py@0.2,20260811,True,52b81322b3b19f133ca3b1b043b7a1e3237967310de74652e3cf270d3e58f33c
PRJ-HSP,PRJ-HSP-CE-09,PRJ-HSP-CE-03,0.04,SYNTHETIC_RESEARCH_FIXTURE,OG-SYNTH-0.2,A-0.2,build_opus_synthetic_programme_v0_2.py@0.2,20260811,True,159eb0ec725e6c38915be3d542f3a29a208f68e8257d01819aa6d1cb1cab0164
PRJ-HSP,PRJ-HSP-CE-09,PRJ-HSP-CE-04,0.04,SYNTHETIC_RESEARCH_FIXTURE,OG-SYNTH-0.2,A-0.2,build_opus_synthetic_programme_v0_2.py@0.2,20260811,True,644938d41cce5e80a9739d48469f6475dd94f2223ba97803bc61347c5d1e649d
PRJ-HSP,PRJ-HSP-CE-09,PRJ-HSP-CE-05,0.04,SYNTHETIC_RESEARCH_FIXTURE,OG-SYNTH-0.2,A-0.2,build_opus_synthetic_programme_v0_2.py@0.2,20260811,True,be8927b52ac33bf961eb92f350bcbf8fedca72c99b98d2061dc385c5dd48a44d
PRJ-HSP,PRJ-HSP-CE-09,PRJ-HSP-CE-06,0.04,SYNTHETIC_RESEARCH_FIXTURE,OG-SYNTH-0.2,A-0.2,build_opus_synthetic_programme_v0_2.py@0.2,20260811,True,b9eb9a8d59d3edb12e27e9a5034f8220811e69eb0f9a26d2a0cd11528fd0d0c4
PRJ-HSP,PRJ-HSP-CE-09,PRJ-HSP-CE-07,0.25,SYNTHETIC_RESEARCH_FIXTURE,OG-SYNTH-0.2,A-0.2,build_opus_synthetic_programme_v0_2.py@0.2,20260811,True,c99096aa004980928d765fbda2e4ae6d7410fca1f848676a0ca490b0fd82f883
PRJ-HSP,PRJ-HSP-CE-09,PRJ-HSP-CE-08,0.25,SYNTHETIC_RESEARCH_FIXTURE,OG-SYNTH-0.2,A-0.2,build_opus_synthetic_programme_v0_2.py@0.2,20260811,True,15d192542026f8123515b01e18e2041d60c1625c4796d2e5eed227454379a404
PRJ-HSP,PRJ-HSP-CE-09,PRJ-HSP-CE-09,1.0,SYNTHETIC_RESEARCH_FIXTURE,OG-SYNTH-0.2,A-0.2,build_opus_synthetic_programme_v0_2.py@0.2,20260811,True,ee84fdc33566e60c3654365b06b6f492bd9a6cfcd0cac17813e35917dbb5c540
PRJ-HSP,PRJ-HSP-CE-09,PRJ-HSP-CE-10,0.04,SYNTHETIC_RESEARCH_FIXTURE,OG-SYNTH-0.2,A-0.2,build_opus_synthetic_programme_v0_2.py@0.2,20260811,True,bcb99a278a56965482e1217e977ddf527717f6276fab073b146310dc3547c557
PRJ-HSP,PRJ-HSP-CE-10,PRJ-HSP-CE-01,0.04,SYNTHETIC_RESEARCH_FIXTURE,OG-SYNTH-0.2,A-0.2,build_opus_synthetic_programme_v0_2.py@0.2,20260811,True,e854d1d250329a1eb92df5a8c528f8720b88a4bfa352a729de48508e7b61701a
PRJ-HSP,PRJ-HSP-CE-10,PRJ-HSP-CE-02,0.04,SYNTHETIC_RESEARCH_FIXTURE,OG-SYNTH-0.2,A-0.2,build_opus_synthetic_programme_v0_2.py@0.2,20260811,True,f1ca57573b4c34aad5adbdb7ea6bac16f937df250e74e6b9640b55ac10ecf1cf
PRJ-HSP,PRJ-HSP-CE-10,PRJ-HSP-CE-03,0.04,SYNTHETIC_RESEARCH_FIXTURE,OG-SYNTH-0.2,A-0.2,build_opus_synthetic_programme_v0_2.py@0.2,20260811,True,fa3786ae0b1e9d75837f30dbf567d909abd8ce0e94341fb41e83e60939cb0c27
PRJ-HSP,PRJ-HSP-CE-10,PRJ-HSP-CE-04,0.04,SYNTHETIC_RESEARCH_FIXTURE,OG-SYNTH-0.2,A-0.2,build_opus_synthetic_programme_v0_2.py@0.2,20260811,True,966f3426b25e9500b03b267569ce8d79426623354312502cc2489d75f383a76f
PRJ-HSP,PRJ-HSP-CE-10,PRJ-HSP-CE-05,0.04,SYNTHETIC_RESEARCH_FIXTURE,OG-SYNTH-0.2,A-0.2,build_opus_synthetic_programme_v0_2.py@0.2,20260811,True,8cd853764c05dd3a0b32afb99a3b4ac4f835158470a5e304c35cffad7753bc93
PRJ-HSP,PRJ-HSP-CE-10,PRJ-HSP-CE-06,0.04,SYNTHETIC_RESEARCH_FIXTURE,OG-SYNTH-0.2,A-0.2,build_opus_synthetic_programme_v0_2.py@0.2,20260811,True,6f23f50b81368fcd4eb8f8d00cf9b7a3b6272ae1c4084e3339c8be8bf52d9f1c
PRJ-HSP,PRJ-HSP-CE-10,PRJ-HSP-CE-07,0.04,SYNTHETIC_RESEARCH_FIXTURE,OG-SYNTH-0.2,A-0.2,build_opus_synthetic_programme_v0_2.py@0.2,20260811,True,d2916f7ec3449f7c7b0326c9f00e7ed20a24cb97e3a0c75ceda761047fb18eb2
PRJ-HSP,PRJ-HSP-CE-10,PRJ-HSP-CE-08,0.04,SYNTHETIC_RESEARCH_FIXTURE,OG-SYNTH-0.2,A-0.2,build_opus_synthetic_programme_v0_2.py@0.2,20260811,True,f596b4e332dbfcb625da1ece8ceadca838fced9cb5d1ae6a7f2d1be2d322f24a
PRJ-HSP,PRJ-HSP-CE-10,PRJ-HSP-CE-09,0.04,SYNTHETIC_RESEARCH_FIXTURE,OG-SYNTH-0.2,A-0.2,build_opus_synthetic_programme_v0_2.py@0.2,20260811,True,bd77970fb8233f42bbd7658663c7f9076e3185352ab74ed3b739be2902ac11dd
PRJ-HSP,PRJ-HSP-CE-10,PRJ-HSP-CE-10,1.0,SYNTHETIC_RESEARCH_FIXTURE,OG-SYNTH-0.2,A-0.2,build_opus_synthetic_programme_v0_2.py@0.2,20260811,True,a1f6208c4946702bbd3cd23488cb1745d61694d616a53de2261e7adc2239d684
PRJ-WTR,PRJ-WTR-CE-01,PRJ-WTR-CE-01,1.0,SYNTHETIC_RESEARCH_FIXTURE,OG-SYNTH-0.2,A-0.2,build_opus_synthetic_programme_v0_2.py@0.2,20260811,True,0a47a038a36fd48fe4ba9094a0d79df06f99895aacca160851f4c0222e0ce6ba
PRJ-WTR,PRJ-WTR-CE-01,PRJ-WTR-CE-02,0.25,SYNTHETIC_RESEARCH_FIXTURE,OG-SYNTH-0.2,A-0.2,build_opus_synthetic_programme_v0_2.py@0.2,20260811,True,3f7c98613254428f2fbc6e8a675c28d2b90c7e2577f3da80971d8adbfd469f0c
PRJ-WTR,PRJ-WTR-CE-01,PRJ-WTR-CE-03,0.25,SYNTHETIC_RESEARCH_FIXTURE,OG-SYNTH-0.2,A-0.2,build_opus_synthetic_programme_v0_2.py@0.2,20260811,True,6147df0ff4bf1f6461be6067eeff428ea57d6d1a7841cecc4776cc4f0fc095d3
PRJ-WTR,PRJ-WTR-CE-01,PRJ-WTR-CE-04,0.04,SYNTHETIC_RESEARCH_FIXTURE,OG-SYNTH-0.2,A-0.2,build_opus_synthetic_programme_v0_2.py@0.2,20260811,True,42e7ff74b9abf70064e448a21dff6354d6faa5bf4df6c8ffc37e17b812b2a24a
PRJ-WTR,PRJ-WTR-CE-01,PRJ-WTR-CE-05,0.04,SYNTHETIC_RESEARCH_FIXTURE,OG-SYNTH-0.2,A-0.2,build_opus_synthetic_programme_v0_2.py@0.2,20260811,True,5919a9f04c88ae97d4982246833815e44eaaedf0e12951da84fefb9f24bc8f20
PRJ-WTR,PRJ-WTR-CE-01,PRJ-WTR-CE-06,0.04,SYNTHETIC_RESEARCH_FIXTURE,OG-SYNTH-0.2,A-0.2,build_opus_synthetic_programme_v0_2.py@0.2,20260811,True,3aecb811e6aa4deb0d92be5da296a2fcc55293434a6df1cb5eaad0d8751ffdf0
PRJ-WTR,PRJ-WTR-CE-01,PRJ-WTR-CE-07,0.04,SYNTHETIC_RESEARCH_FIXTURE,OG-SYNTH-0.2,A-0.2,build_opus_synthetic_programme_v0_2.py@0.2,20260811,True,3e302c4c131c884a7bee3c530fddfa822a6ddca76eeb2c42b7e3422eb12d8ccf
PRJ-WTR,PRJ-WTR-CE-01,PRJ-WTR-CE-08,0.04,SYNTHETIC_RESEARCH_FIXTURE,OG-SYNTH-0.2,A-0.2,build_opus_synthetic_programme_v0_2.py@0.2,20260811,True,5d252d4aeeca9ccaf33003700303bf772f3e12061c96836145e69e40032ae3ee
PRJ-WTR,PRJ-WTR-CE-01,PRJ-WTR-CE-09,0.04,SYNTHETIC_RESEARCH_FIXTURE,OG-SYNTH-0.2,A-0.2,build_opus_synthetic_programme_v0_2.py@0.2,20260811,True,64bf856c2a5ed0bce4b5d8353db4ae162719ab8c7451524daea678c223712003
PRJ-WTR,PRJ-WTR-CE-01,PRJ-WTR-CE-10,0.04,SYNTHETIC_RESEARCH_FIXTURE,OG-SYNTH-0.2,A-0.2,build_opus_synthetic_programme_v0_2.py@0.2,20260811,True,8add61d5cc81f46b7ef78f941bcc975f37aa9406fc9a5c34407b3e3d94688110
PRJ-WTR,PRJ-WTR-CE-02,PRJ-WTR-CE-01,0.25,SYNTHETIC_RESEARCH_FIXTURE,OG-SYNTH-0.2,A-0.2,build_opus_synthetic_programme_v0_2.py@0.2,20260811,True,3f1262c49a0470b563b18aa1a27e3c8e386fbd7cfd83f4f276af1b6132af54b3
PRJ-WTR,PRJ-WTR-CE-02,PRJ-WTR-CE-02,1.0,SYNTHETIC_RESEARCH_FIXTURE,OG-SYNTH-0.2,A-0.2,build_opus_synthetic_programme_v0_2.py@0.2,20260811,True,a5b0a3a0ae589a77a8e6aed2f8325d43947ae54f5493acc85a687760f1749cf1
PRJ-WTR,PRJ-WTR-CE-02,PRJ-WTR-CE-03,0.25,SYNTHETIC_RESEARCH_FIXTURE,OG-SYNTH-0.2,A-0.2,build_opus_synthetic_programme_v0_2.py@0.2,20260811,True,d57cdd2cd46b5f81ba1f6594b56a54b93428c3f8ccff76c4a38d7aebb1d35aa4
PRJ-WTR,PRJ-WTR-CE-02,PRJ-WTR-CE-04,0.04,SYNTHETIC_RESEARCH_FIXTURE,OG-SYNTH-0.2,A-0.2,build_opus_synthetic_programme_v0_2.py@0.2,20260811,True,54d1783ddc41517e7873fd2c319d09518c1237d4024994cebbd4dd529ecfbb2f
PRJ-WTR,PRJ-WTR-CE-02,PRJ-WTR-CE-05,0.04,SYNTHETIC_RESEARCH_FIXTURE,OG-SYNTH-0.2,A-0.2,build_opus_synthetic_programme_v0_2.py@0.2,20260811,True,ab7395b17d223e7ecb8fe3eb8d6d2998520e737b77d68b96ff302bf0ccc53090
PRJ-WTR,PRJ-WTR-CE-02,PRJ-WTR-CE-06,0.04,SYNTHETIC_RESEARCH_FIXTURE,OG-SYNTH-0.2,A-0.2,build_opus_synthetic_programme_v0_2.py@0.2,20260811,True,436cc827c6e86cb4a2a0b60e78cb44f8dcd1bb561d9515f24cecfbd37b3c3c57
PRJ-WTR,PRJ-WTR-CE-02,PRJ-WTR-CE-07,0.04,SYNTHETIC_RESEARCH_FIXTURE,OG-SYNTH-0.2,A-0.2,build_opus_synthetic_programme_v0_2.py@0.2,20260811,True,b2f76a720e14fbfbfb2b47f653b09ef00fae0a683e6b9b2cf85372d9a1826cd2
PRJ-WTR,PRJ-WTR-CE-02,PRJ-WTR-CE-08,0.04,SYNTHETIC_RESEARCH_FIXTURE,OG-SYNTH-0.2,A-0.2,build_opus_synthetic_programme_v0_2.py@0.2,20260811,True,c81730a8c10559fdd7715609e2b84b67a3949e73b18d6c481ee933c9eeafc669
PRJ-WTR,PRJ-WTR-CE-02,PRJ-WTR-CE-09,0.04,SYNTHETIC_RESEARCH_FIXTURE,OG-SYNTH-0.2,A-0.2,build_opus_synthetic_programme_v0_2.py@0.2,20260811,True,b800a738642f7786b832ed8eb4d26ddc5c0ebfe80e040890a234a60ada07fb80
PRJ-WTR,PRJ-WTR-CE-02,PRJ-WTR-CE-10,0.04,SYNTHETIC_RESEARCH_FIXTURE,OG-SYNTH-0.2,A-0.2,build_opus_synthetic_programme_v0_2.py@0.2,20260811,True,941eae2ccb63602ba0cfa2b54e7b45bafed3bbec9a01f59643221d13b85a79da
PRJ-WTR,PRJ-WTR-CE-03,PRJ-WTR-CE-01,0.25,SYNTHETIC_RESEARCH_FIXTURE,OG-SYNTH-0.2,A-0.2,build_opus_synthetic_programme_v0_2.py@0.2,20260811,True,7def8f909f3e0bea26d3bfb77200a3bae0f86762c8ce9fbb20d24eb4f6d8ee94
PRJ-WTR,PRJ-WTR-CE-03,PRJ-WTR-CE-02,0.25,SYNTHETIC_RESEARCH_FIXTURE,OG-SYNTH-0.2,A-0.2,build_opus_synthetic_programme_v0_2.py@0.2,20260811,True,301ea4e72af5830acad875dec748f903aa4a0173f89380d075e75e6611a3fa09
PRJ-WTR,PRJ-WTR-CE-03,PRJ-WTR-CE-03,1.0,SYNTHETIC_RESEARCH_FIXTURE,OG-SYNTH-0.2,A-0.2,build_opus_synthetic_programme_v0_2.py@0.2,20260811,True,26b794d2427b1dc8ef8b57b78455dd3d14a59661280bae695fca7128796a6a47
PRJ-WTR,PRJ-WTR-CE-03,PRJ-WTR-CE-04,0.04,SYNTHETIC_RESEARCH_FIXTURE,OG-SYNTH-0.2,A-0.2,build_opus_synthetic_programme_v0_2.py@0.2,20260811,True,ce358fbf41270a599fdbb41a5b79978cb54dfa7a57ededb2d80c186dcd3edb85
PRJ-WTR,PRJ-WTR-CE-03,PRJ-WTR-CE-05,0.04,SYNTHETIC_RESEARCH_FIXTURE,OG-SYNTH-0.2,A-0.2,build_opus_synthetic_programme_v0_2.py@0.2,20260811,True,9779ab5f60e541ffa3a73715815059fb2cec0d4f2245a4a35036cddeb240a8ae
PRJ-WTR,PRJ-WTR-CE-03,PRJ-WTR-CE-06,0.04,SYNTHETIC_RESEARCH_FIXTURE,OG-SYNTH-0.2,A-0.2,build_opus_synthetic_programme_v0_2.py@0.2,20260811,True,f012c143120a3bf79bc076571dbad29e662adad509b170a307396a81a75424a9
PRJ-WTR,PRJ-WTR-CE-03,PRJ-WTR-CE-07,0.04,SYNTHETIC_RESEARCH_FIXTURE,OG-SYNTH-0.2,A-0.2,build_opus_synthetic_programme_v0_2.py@0.2,20260811,True,6ec75a6f40f4391c486f9fbf4250365a424fbcc3263b203247eeaa33ee2ac648
PRJ-WTR,PRJ-WTR-CE-03,PRJ-WTR-CE-08,0.04,SYNTHETIC_RESEARCH_FIXTURE,OG-SYNTH-0.2,A-0.2,build_opus_synthetic_programme_v0_2.py@0.2,20260811,True,72baaff60df5bce995973fa11d4faba145e43c75fc43b76fc6d62b5c203df6e1
PRJ-WTR,PRJ-WTR-CE-03,PRJ-WTR-CE-09,0.04,SYNTHETIC_RESEARCH_FIXTURE,OG-SYNTH-0.2,A-0.2,build_opus_synthetic_programme_v0_2.py@0.2,20260811,True,b48307294a29accfa8f1e1fcc001892f2960212f6f6a014e24b83caa9fa8be3c
PRJ-WTR,PRJ-WTR-CE-03,PRJ-WTR-CE-10,0.04,SYNTHETIC_RESEARCH_FIXTURE,OG-SYNTH-0.2,A-0.2,build_opus_synthetic_programme_v0_2.py@0.2,20260811,True,589912fa0bb87ac240f2812a9d8eb3228375838ec67de69db4d12bcba1ad55c6
PRJ-WTR,PRJ-WTR-CE-04,PRJ-WTR-CE-01,0.04,SYNTHETIC_RESEARCH_FIXTURE,OG-SYNTH-0.2,A-0.2,build_opus_synthetic_programme_v0_2.py@0.2,20260811,True,b81d0d30116705eb4a24ca731e13184fb34bdad2b15f7a7d9af6e863ea127b2e
PRJ-WTR,PRJ-WTR-CE-04,PRJ-WTR-CE-02,0.04,SYNTHETIC_RESEARCH_FIXTURE,OG-SYNTH-0.2,A-0.2,build_opus_synthetic_programme_v0_2.py@0.2,20260811,True,761132df9d32b0515f2777129247a2f5a8a91a3e850a4841bd9a256b9d2e4298
PRJ-WTR,PRJ-WTR-CE-04,PRJ-WTR-CE-03,0.04,SYNTHETIC_RESEARCH_FIXTURE,OG-SYNTH-0.2,A-0.2,build_opus_synthetic_programme_v0_2.py@0.2,20260811,True,ac3d96fd178d8b119416caa10a8a8062c3b0f02e8df3e6e67558d56f9cf52119
PRJ-WTR,PRJ-WTR-CE-04,PRJ-WTR-CE-04,1.0,SYNTHETIC_RESEARCH_FIXTURE,OG-SYNTH-0.2,A-0.2,build_opus_synthetic_programme_v0_2.py@0.2,20260811,True,632dc3ec729489c835adfb005f26c9cf040743f483160188e1b682d8a290bc6f
PRJ-WTR,PRJ-WTR-CE-04,PRJ-WTR-CE-05,0.25,SYNTHETIC_RESEARCH_FIXTURE,OG-SYNTH-0.2,A-0.2,build_opus_synthetic_programme_v0_2.py@0.2,20260811,True,6b01dac127493070b48d22d3649d2a2debe6d76dde921e429d9c359b2d4811d6
PRJ-WTR,PRJ-WTR-CE-04,PRJ-WTR-CE-06,0.25,SYNTHETIC_RESEARCH_FIXTURE,OG-SYNTH-0.2,A-0.2,build_opus_synthetic_programme_v0_2.py@0.2,20260811,True,05ee52be3da7c7957f95df120de08b2644c5c6f1a26e27d9840017e607f30a4f
PRJ-WTR,PRJ-WTR-CE-04,PRJ-WTR-CE-07,0.04,SYNTHETIC_RESEARCH_FIXTURE,OG-SYNTH-0.2,A-0.2,build_opus_synthetic_programme_v0_2.py@0.2,20260811,True,072b0243e0e9b30376fe5fff88c0d55ebc94d7f7c397de6e9b4414f0d882c4d5
PRJ-WTR,PRJ-WTR-CE-04,PRJ-WTR-CE-08,0.04,SYNTHETIC_RESEARCH_FIXTURE,OG-SYNTH-0.2,A-0.2,build_opus_synthetic_programme_v0_2.py@0.2,20260811,True,2dc84bbc99ddc14c4fd285f648d3979420817147546f7571c74ee2ac54b1193f
PRJ-WTR,PRJ-WTR-CE-04,PRJ-WTR-CE-09,0.04,SYNTHETIC_RESEARCH_FIXTURE,OG-SYNTH-0.2,A-0.2,build_opus_synthetic_programme_v0_2.py@0.2,20260811,True,7d47e83177c2aa1223994e78502ca802f32dae7ce1a3569e73b3e099484ea76e
PRJ-WTR,PRJ-WTR-CE-04,PRJ-WTR-CE-10,0.04,SYNTHETIC_RESEARCH_FIXTURE,OG-SYNTH-0.2,A-0.2,build_opus_synthetic_programme_v0_2.py@0.2,20260811,True,44dfcd4b54c31da1eaf94f9061edd0c56f2f1f71d8c9819345682333ef06721e
PRJ-WTR,PRJ-WTR-CE-05,PRJ-WTR-CE-01,0.04,SYNTHETIC_RESEARCH_FIXTURE,OG-SYNTH-0.2,A-0.2,build_opus_synthetic_programme_v0_2.py@0.2,20260811,True,d7e58eeb5416f013f6095e194c12030e1da4419c010f31e650514b4198ecf241
PRJ-WTR,PRJ-WTR-CE-05,PRJ-WTR-CE-02,0.04,SYNTHETIC_RESEARCH_FIXTURE,OG-SYNTH-0.2,A-0.2,build_opus_synthetic_programme_v0_2.py@0.2,20260811,True,a3fe9c49fbb240541be086ef873fe961c7f96649a13dd60533febd983234910f
PRJ-WTR,PRJ-WTR-CE-05,PRJ-WTR-CE-03,0.04,SYNTHETIC_RESEARCH_FIXTURE,OG-SYNTH-0.2,A-0.2,build_opus_synthetic_programme_v0_2.py@0.2,20260811,True,1dc2e52bc990c9360152e9e44b74b6a04c91c81f4f12bb05ee6542187cceb17c
PRJ-WTR,PRJ-WTR-CE-05,PRJ-WTR-CE-04,0.25,SYNTHETIC_RESEARCH_FIXTURE,OG-SYNTH-0.2,A-0.2,build_opus_synthetic_programme_v0_2.py@0.2,20260811,True,33a67cffc755921a70e230758c6d3919d4d774b01f12d2c2fc8f723c27e416b3
PRJ-WTR,PRJ-WTR-CE-05,PRJ-WTR-CE-05,1.0,SYNTHETIC_RESEARCH_FIXTURE,OG-SYNTH-0.2,A-0.2,build_opus_synthetic_programme_v0_2.py@0.2,20260811,True,3208ba55c6fbf25f4efab095dfb75b6703d580c4e93ecc712b2d5074a8e91d25
PRJ-WTR,PRJ-WTR-CE-05,PRJ-WTR-CE-06,0.25,SYNTHETIC_RESEARCH_FIXTURE,OG-SYNTH-0.2,A-0.2,build_opus_synthetic_programme_v0_2.py@0.2,20260811,True,4a74706b1b8fe30b98f05620e686cad6a7516a7a53e68ce58f11680908a5e1e9
PRJ-WTR,PRJ-WTR-CE-05,PRJ-WTR-CE-07,0.04,SYNTHETIC_RESEARCH_FIXTURE,OG-SYNTH-0.2,A-0.2,build_opus_synthetic_programme_v0_2.py@0.2,20260811,True,a9f19422146649d8dbd867a1ca4323e0596f849bc00d63b9479eb9073218532a
PRJ-WTR,PRJ-WTR-CE-05,PRJ-WTR-CE-08,0.04,SYNTHETIC_RESEARCH_FIXTURE,OG-SYNTH-0.2,A-0.2,build_opus_synthetic_programme_v0_2.py@0.2,20260811,True,1e022a30e1ec9217c2444f77dba221466f15a97d9f3d09f0bb8d05b66d5c407f
PRJ-WTR,PRJ-WTR-CE-05,PRJ-WTR-CE-09,0.04,SYNTHETIC_RESEARCH_FIXTURE,OG-SYNTH-0.2,A-0.2,build_opus_synthetic_programme_v0_2.py@0.2,20260811,True,f24dd7ef64d33d36f53d6fdf31ab235f928c93bd9815c36e50bf902ebc9b6986
PRJ-WTR,PRJ-WTR-CE-05,PRJ-WTR-CE-10,0.04,SYNTHETIC_RESEARCH_FIXTURE,OG-SYNTH-0.2,A-0.2,build_opus_synthetic_programme_v0_2.py@0.2,20260811,True,d3fe9078064e47791bf98d6039d68a22511b6c18ada4344c94b892bd627b88e2
PRJ-WTR,PRJ-WTR-CE-06,PRJ-WTR-CE-01,0.04,SYNTHETIC_RESEARCH_FIXTURE,OG-SYNTH-0.2,A-0.2,build_opus_synthetic_programme_v0_2.py@0.2,20260811,True,0a94d18cdbf7b36a1ab76830701f6b69fadcc75a902cb19a7eea96aebda0007f
PRJ-WTR,PRJ-WTR-CE-06,PRJ-WTR-CE-02,0.04,SYNTHETIC_RESEARCH_FIXTURE,OG-SYNTH-0.2,A-0.2,build_opus_synthetic_programme_v0_2.py@0.2,20260811,True,02bbddbf566b13292e8a1108e34ffdce4bf07eafa27dc330481bc7e6fe2a045f
PRJ-WTR,PRJ-WTR-CE-06,PRJ-WTR-CE-03,0.04,SYNTHETIC_RESEARCH_FIXTURE,OG-SYNTH-0.2,A-0.2,build_opus_synthetic_programme_v0_2.py@0.2,20260811,True,4e8a222a1a485e01339c51b3962d4a07f34165ae5fbd00d34dfdb8fdd98cff6a
PRJ-WTR,PRJ-WTR-CE-06,PRJ-WTR-CE-04,0.25,SYNTHETIC_RESEARCH_FIXTURE,OG-SYNTH-0.2,A-0.2,build_opus_synthetic_programme_v0_2.py@0.2,20260811,True,b8b4ee43b725c84be9275dfb97ded7b0979ad4bb2b245ba0bab6acb80469c8fb
PRJ-WTR,PRJ-WTR-CE-06,PRJ-WTR-CE-05,0.25,SYNTHETIC_RESEARCH_FIXTURE,OG-SYNTH-0.2,A-0.2,build_opus_synthetic_programme_v0_2.py@0.2,20260811,True,3e4f5f1fff63cf6ceda042a6da8bb60df7aa422b5649f78465944d6f33231f9f
PRJ-WTR,PRJ-WTR-CE-06,PRJ-WTR-CE-06,1.0,SYNTHETIC_RESEARCH_FIXTURE,OG-SYNTH-0.2,A-0.2,build_opus_synthetic_programme_v0_2.py@0.2,20260811,True,a51bc0e8cc1b297d291b325908363e3ff0a1a03351bc3ac16f0fab94ac698085
PRJ-WTR,PRJ-WTR-CE-06,PRJ-WTR-CE-07,0.04,SYNTHETIC_RESEARCH_FIXTURE,OG-SYNTH-0.2,A-0.2,build_opus_synthetic_programme_v0_2.py@0.2,20260811,True,e481dc463298521cf119a6392072a3d5dc787dd87e6c4258aa11b788afabe8d1
PRJ-WTR,PRJ-WTR-CE-06,PRJ-WTR-CE-08,0.04,SYNTHETIC_RESEARCH_FIXTURE,OG-SYNTH-0.2,A-0.2,build_opus_synthetic_programme_v0_2.py@0.2,20260811,True,e31f28ade388d88efc799d49e1bd48aed8d6bda244ee3cbfec434279911ffd87
PRJ-WTR,PRJ-WTR-CE-06,PRJ-WTR-CE-09,0.04,SYNTHETIC_RESEARCH_FIXTURE,OG-SYNTH-0.2,A-0.2,build_opus_synthetic_programme_v0_2.py@0.2,20260811,True,54c5c48e0dd771795beda621020f8d9e562d8d1a8fb66584e80b984816cc8c3a
PRJ-WTR,PRJ-WTR-CE-06,PRJ-WTR-CE-10,0.04,SYNTHETIC_RESEARCH_FIXTURE,OG-SYNTH-0.2,A-0.2,build_opus_synthetic_programme_v0_2.py@0.2,20260811,True,3438432984b97018a41479fabe9662fcda68ee0b449cf9007a8d73b25a2dcfc7
PRJ-WTR,PRJ-WTR-CE-07,PRJ-WTR-CE-01,0.04,SYNTHETIC_RESEARCH_FIXTURE,OG-SYNTH-0.2,A-0.2,build_opus_synthetic_programme_v0_2.py@0.2,20260811,True,86d63461db2cf1a99d615fa7b1c9027eb815cdcccf84dfcc0098241be1063833
PRJ-WTR,PRJ-WTR-CE-07,PRJ-WTR-CE-02,0.04,SYNTHETIC_RESEARCH_FIXTURE,OG-SYNTH-0.2,A-0.2,build_opus_synthetic_programme_v0_2.py@0.2,20260811,True,ab786a12eb85494d847920b3844add2920e4d3344a9233feb707b37b218c4bba
PRJ-WTR,PRJ-WTR-CE-07,PRJ-WTR-CE-03,0.04,SYNTHETIC_RESEARCH_FIXTURE,OG-SYNTH-0.2,A-0.2,build_opus_synthetic_programme_v0_2.py@0.2,20260811,True,c2e79f6f8def8c0f9b2e31d148ca7b3f7c30109624cdb11b5e40d2b62f08b03a
PRJ-WTR,PRJ-WTR-CE-07,PRJ-WTR-CE-04,0.04,SYNTHETIC_RESEARCH_FIXTURE,OG-SYNTH-0.2,A-0.2,build_opus_synthetic_programme_v0_2.py@0.2,20260811,True,ec444398caf794e86c91965f42276d92d6be2e1363e1dd81775225ab2d24de7c
PRJ-WTR,PRJ-WTR-CE-07,PRJ-WTR-CE-05,0.04,SYNTHETIC_RESEARCH_FIXTURE,OG-SYNTH-0.2,A-0.2,build_opus_synthetic_programme_v0_2.py@0.2,20260811,True,47a35c0e0b069550fbc34144e25bef7c5fd2e0b6e83f9fde0078c7494e75fef6
PRJ-WTR,PRJ-WTR-CE-07,PRJ-WTR-CE-06,0.04,SYNTHETIC_RESEARCH_FIXTURE,OG-SYNTH-0.2,A-0.2,build_opus_synthetic_programme_v0_2.py@0.2,20260811,True,a0dffd5c2991e98bf0a8b090394dc1a94f45dc6d9965bc6e1f529ea5d3deea5e
PRJ-WTR,PRJ-WTR-CE-07,PRJ-WTR-CE-07,1.0,SYNTHETIC_RESEARCH_FIXTURE,OG-SYNTH-0.2,A-0.2,build_opus_synthetic_programme_v0_2.py@0.2,20260811,True,ff71d5fdadefc728119a9294fbce8f9542075824c983e5430bd68aa4ba438db0
PRJ-WTR,PRJ-WTR-CE-07,PRJ-WTR-CE-08,0.25,SYNTHETIC_RESEARCH_FIXTURE,OG-SYNTH-0.2,A-0.2,build_opus_synthetic_programme_v0_2.py@0.2,20260811,True,a6d0a6c67b3f753209b5c0c4e6e74c8f7a6be99c32a42ecec1a2f9dfb1cd7670
PRJ-WTR,PRJ-WTR-CE-07,PRJ-WTR-CE-09,0.25,SYNTHETIC_RESEARCH_FIXTURE,OG-SYNTH-0.2,A-0.2,build_opus_synthetic_programme_v0_2.py@0.2,20260811,True,f97acd717035da291c7e447e00530fdbb1b0b13df18b85b3d09f9bf29addac8c
PRJ-WTR,PRJ-WTR-CE-07,PRJ-WTR-CE-10,0.04,SYNTHETIC_RESEARCH_FIXTURE,OG-SYNTH-0.2,A-0.2,build_opus_synthetic_programme_v0_2.py@0.2,20260811,True,d94f49abf323ad15569a6a89da5660cb764422f44757df42a6b32c10b5f7d9e3
PRJ-WTR,PRJ-WTR-CE-08,PRJ-WTR-CE-01,0.04,SYNTHETIC_RESEARCH_FIXTURE,OG-SYNTH-0.2,A-0.2,build_opus_synthetic_programme_v0_2.py@0.2,20260811,True,9078f3ff8cb0c50baea93cdef4e01285cbef57e14d9390650a65238e3c4d44da
PRJ-WTR,PRJ-WTR-CE-08,PRJ-WTR-CE-02,0.04,SYNTHETIC_RESEARCH_FIXTURE,OG-SYNTH-0.2,A-0.2,build_opus_synthetic_programme_v0_2.py@0.2,20260811,True,e24c2713a5faf65f5e298f27a5f2440db892d2eb035adf8380c2e7181f06a868
PRJ-WTR,PRJ-WTR-CE-08,PRJ-WTR-CE-03,0.04,SYNTHETIC_RESEARCH_FIXTURE,OG-SYNTH-0.2,A-0.2,build_opus_synthetic_programme_v0_2.py@0.2,20260811,True,0f155c353f88786e0f1d36ed6f4608397970dfd1c82dcacb9fe5532fc8814332
PRJ-WTR,PRJ-WTR-CE-08,PRJ-WTR-CE-04,0.04,SYNTHETIC_RESEARCH_FIXTURE,OG-SYNTH-0.2,A-0.2,build_opus_synthetic_programme_v0_2.py@0.2,20260811,True,6d9a0ab458654c8dcda670e3aad9b7a3eeec30942101f83debe0b2d4ec805503
PRJ-WTR,PRJ-WTR-CE-08,PRJ-WTR-CE-05,0.04,SYNTHETIC_RESEARCH_FIXTURE,OG-SYNTH-0.2,A-0.2,build_opus_synthetic_programme_v0_2.py@0.2,20260811,True,2cf7698ec97f93ab85eac2e2abb6aee044f00d88871c4392bccf95ca93f80b31
PRJ-WTR,PRJ-WTR-CE-08,PRJ-WTR-CE-06,0.04,SYNTHETIC_RESEARCH_FIXTURE,OG-SYNTH-0.2,A-0.2,build_opus_synthetic_programme_v0_2.py@0.2,20260811,True,134d6f0656845bb226ad0717f1b70bc50f131ebe56f72571b4291671f69398d2
PRJ-WTR,PRJ-WTR-CE-08,PRJ-WTR-CE-07,0.25,SYNTHETIC_RESEARCH_FIXTURE,OG-SYNTH-0.2,A-0.2,build_opus_synthetic_programme_v0_2.py@0.2,20260811,True,31fcc957f17bcb212ad567d017477b51cc44555813fcd163eba1f5635fb042b9
PRJ-WTR,PRJ-WTR-CE-08,PRJ-WTR-CE-08,1.0,SYNTHETIC_RESEARCH_FIXTURE,OG-SYNTH-0.2,A-0.2,build_opus_synthetic_programme_v0_2.py@0.2,20260811,True,f1dd5d05337f08b5bd27b734742bb56679c95ee8611f6f173b54888be3d43451
PRJ-WTR,PRJ-WTR-CE-08,PRJ-WTR-CE-09,0.25,SYNTHETIC_RESEARCH_FIXTURE,OG-SYNTH-0.2,A-0.2,build_opus_synthetic_programme_v0_2.py@0.2,20260811,True,ecb8d2c9633cd0c8db2e8dd455b285070f96ab64313c07e4133c0f9be1084777
PRJ-WTR,PRJ-WTR-CE-08,PRJ-WTR-CE-10,0.04,SYNTHETIC_RESEARCH_FIXTURE,OG-SYNTH-0.2,A-0.2,build_opus_synthetic_programme_v0_2.py@0.2,20260811,True,9388c679858fb24e3f55456315891408368452d10396c9d715410afff5bf823d
PRJ-WTR,PRJ-WTR-CE-09,PRJ-WTR-CE-01,0.04,SYNTHETIC_RESEARCH_FIXTURE,OG-SYNTH-0.2,A-0.2,build_opus_synthetic_programme_v0_2.py@0.2,20260811,True,b232956ebaffb83d680ee1a0175e58aac32317b7461a1173cf8ba49fdd7004aa
PRJ-WTR,PRJ-WTR-CE-09,PRJ-WTR-CE-02,0.04,SYNTHETIC_RESEARCH_FIXTURE,OG-SYNTH-0.2,A-0.2,build_opus_synthetic_programme_v0_2.py@0.2,20260811,True,1565ffd0d8e596e271565ab8f6374e8ccbf938259fad2e23a14c6a4fa8b730d9
PRJ-WTR,PRJ-WTR-CE-09,PRJ-WTR-CE-03,0.04,SYNTHETIC_RESEARCH_FIXTURE,OG-SYNTH-0.2,A-0.2,build_opus_synthetic_programme_v0_2.py@0.2,20260811,True,4fb9794f60b9e2b2ae920ff121710a7957c39982bf20eed2563403dc847b41a7
PRJ-WTR,PRJ-WTR-CE-09,PRJ-WTR-CE-04,0.04,SYNTHETIC_RESEARCH_FIXTURE,OG-SYNTH-0.2,A-0.2,build_opus_synthetic_programme_v0_2.py@0.2,20260811,True,5fdaabcf757917a939944af1bde9920c945433dc284d72035ff38f5ba898b7ef
PRJ-WTR,PRJ-WTR-CE-09,PRJ-WTR-CE-05,0.04,SYNTHETIC_RESEARCH_FIXTURE,OG-SYNTH-0.2,A-0.2,build_opus_synthetic_programme_v0_2.py@0.2,20260811,True,a8856cf07d4f5e91ca52584b259463ddd56a3bc035f306160de77cd311bd3336
PRJ-WTR,PRJ-WTR-CE-09,PRJ-WTR-CE-06,0.04,SYNTHETIC_RESEARCH_FIXTURE,OG-SYNTH-0.2,A-0.2,build_opus_synthetic_programme_v0_2.py@0.2,20260811,True,35d7fca7775a9ad557ef868551e5a73da923d65e09774697718f3b93d6107125
PRJ-WTR,PRJ-WTR-CE-09,PRJ-WTR-CE-07,0.25,SYNTHETIC_RESEARCH_FIXTURE,OG-SYNTH-0.2,A-0.2,build_opus_synthetic_programme_v0_2.py@0.2,20260811,True,16af34031b536dc4a9350a1282ce7a1f497cbd859358d73bcaf04a2ad3e0a3a1
PRJ-WTR,PRJ-WTR-CE-09,PRJ-WTR-CE-08,0.25,SYNTHETIC_RESEARCH_FIXTURE,OG-SYNTH-0.2,A-0.2,build_opus_synthetic_programme_v0_2.py@0.2,20260811,True,678619948571b3697233621c1317a7e201913de0b070e4f59f01f199c67fca34
PRJ-WTR,PRJ-WTR-CE-09,PRJ-WTR-CE-09,1.0,SYNTHETIC_RESEARCH_FIXTURE,OG-SYNTH-0.2,A-0.2,build_opus_synthetic_programme_v0_2.py@0.2,20260811,True,bdb14b4a15a89719e46be0221c1c08e8a2940030f4106edfb1c193b3ab6e13b2
PRJ-WTR,PRJ-WTR-CE-09,PRJ-WTR-CE-10,0.04,SYNTHETIC_RESEARCH_FIXTURE,OG-SYNTH-0.2,A-0.2,build_opus_synthetic_programme_v0_2.py@0.2,20260811,True,82efd4de761de8830e564363a380d02096ffd57e1adcb7d8c70b6b69ed7e7a1e
PRJ-WTR,PRJ-WTR-CE-10,PRJ-WTR-CE-01,0.04,SYNTHETIC_RESEARCH_FIXTURE,OG-SYNTH-0.2,A-0.2,build_opus_synthetic_programme_v0_2.py@0.2,20260811,True,e4e6ded0a5d660be451132c10829af38621cbc91172e0d7ce9b0987b8519005d
PRJ-WTR,PRJ-WTR-CE-10,PRJ-WTR-CE-02,0.04,SYNTHETIC_RESEARCH_FIXTURE,OG-SYNTH-0.2,A-0.2,build_opus_synthetic_programme_v0_2.py@0.2,20260811,True,265007c8341a04d715bb20eabe0bf50cba9e2bebc0a01a35b41c8cc75d3add3b
PRJ-WTR,PRJ-WTR-CE-10,PRJ-WTR-CE-03,0.04,SYNTHETIC_RESEARCH_FIXTURE,OG-SYNTH-0.2,A-0.2,build_opus_synthetic_programme_v0_2.py@0.2,20260811,True,634cf4eefe8f8d73c0da5c68b87dc34fb482071027cfe7e4985b9ffe13904e85
PRJ-WTR,PRJ-WTR-CE-10,PRJ-WTR-CE-04,0.04,SYNTHETIC_RESEARCH_FIXTURE,OG-SYNTH-0.2,A-0.2,build_opus_synthetic_programme_v0_2.py@0.2,20260811,True,e135d93ca3233df366005199dc09ce173d41c371cafdd2bcc250b0bb080465cf
PRJ-WTR,PRJ-WTR-CE-10,PRJ-WTR-CE-05,0.04,SYNTHETIC_RESEARCH_FIXTURE,OG-SYNTH-0.2,A-0.2,build_opus_synthetic_programme_v0_2.py@0.2,20260811,True,f58eea42c0179e543d551f12a4dc6ad0ad5a663b5fe7ae7daf53718ac94fed34
PRJ-WTR,PRJ-WTR-CE-10,PRJ-WTR-CE-06,0.04,SYNTHETIC_RESEARCH_FIXTURE,OG-SYNTH-0.2,A-0.2,build_opus_synthetic_programme_v0_2.py@0.2,20260811,True,6943c982a668379c2eb0aff5b045661d8561099df882b8882165ed4970154c0b
PRJ-WTR,PRJ-WTR-CE-10,PRJ-WTR-CE-07,0.04,SYNTHETIC_RESEARCH_FIXTURE,OG-SYNTH-0.2,A-0.2,build_opus_synthetic_programme_v0_2.py@0.2,20260811,True,da47ae37ae328cbd57d22f6f34f82e9812c5cd6b0c5f09481182a410fbab47b8
PRJ-WTR,PRJ-WTR-CE-10,PRJ-WTR-CE-08,0.04,SYNTHETIC_RESEARCH_FIXTURE,OG-SYNTH-0.2,A-0.2,build_opus_synthetic_programme_v0_2.py@0.2,20260811,True,f9abb332fc68a2da63cc8ee78bd3e1f44c5445758d46410e8e848794404c451f
PRJ-WTR,PRJ-WTR-CE-10,PRJ-WTR-CE-09,0.04,SYNTHETIC_RESEARCH_FIXTURE,OG-SYNTH-0.2,A-0.2,build_opus_synthetic_programme_v0_2.py@0.2,20260811,True,2ee7d201f02e0a1a4a1461c6483c79db6e0610c361e71c041406cd05c5076ff3
PRJ-WTR,PRJ-WTR-CE-10,PRJ-WTR-CE-10,1.0,SYNTHETIC_RESEARCH_FIXTURE,OG-SYNTH-0.2,A-0.2,build_opus_synthetic_programme_v0_2.py@0.2,20260811,True,fe68eb20140d7a35cb4ab1911351b48914c4b81661e4e8d012ea7df215d6eca3
PRJ-RAL,PRJ-RAL-CE-01,PRJ-RAL-CE-01,1.0,SYNTHETIC_RESEARCH_FIXTURE,OG-SYNTH-0.2,A-0.2,build_opus_synthetic_programme_v0_2.py@0.2,20260811,True,160afdaa7b7c69d76d8dadbaa8f44a594671228dc2ed126220f4979faa675af7
PRJ-RAL,PRJ-RAL-CE-01,PRJ-RAL-CE-02,0.25,SYNTHETIC_RESEARCH_FIXTURE,OG-SYNTH-0.2,A-0.2,build_opus_synthetic_programme_v0_2.py@0.2,20260811,True,f47c5d33ead70f7073a33a7328ca948af12c10ef1a63b4ec9fabfc56e154ed18
PRJ-RAL,PRJ-RAL-CE-01,PRJ-RAL-CE-03,0.25,SYNTHETIC_RESEARCH_FIXTURE,OG-SYNTH-0.2,A-0.2,build_opus_synthetic_programme_v0_2.py@0.2,20260811,True,8f961d2befbf2c322f17479164052dcb3665e80e7ccaafec7dc97ca464da7dff
PRJ-RAL,PRJ-RAL-CE-01,PRJ-RAL-CE-04,0.04,SYNTHETIC_RESEARCH_FIXTURE,OG-SYNTH-0.2,A-0.2,build_opus_synthetic_programme_v0_2.py@0.2,20260811,True,41f9fa1b66d3b6c4f1d1c3a7d88eb64cf0f3c30767faf389d7bea4afcd7c63b6
PRJ-RAL,PRJ-RAL-CE-01,PRJ-RAL-CE-05,0.04,SYNTHETIC_RESEARCH_FIXTURE,OG-SYNTH-0.2,A-0.2,build_opus_synthetic_programme_v0_2.py@0.2,20260811,True,a93a6c1f41a1e9121511d075afefa39f9613539ff49758c143e8d468d584c73b
PRJ-RAL,PRJ-RAL-CE-01,PRJ-RAL-CE-06,0.04,SYNTHETIC_RESEARCH_FIXTURE,OG-SYNTH-0.2,A-0.2,build_opus_synthetic_programme_v0_2.py@0.2,20260811,True,9156741c61396dc9c105e5c36d97fee5475da87907b0705f6c6d8e40be9d3f67
PRJ-RAL,PRJ-RAL-CE-01,PRJ-RAL-CE-07,0.04,SYNTHETIC_RESEARCH_FIXTURE,OG-SYNTH-0.2,A-0.2,build_opus_synthetic_programme_v0_2.py@0.2,20260811,True,25d9c91648250420909f287cf88b8262ae6e984707fd3f04bdb3ded96e73e014
PRJ-RAL,PRJ-RAL-CE-01,PRJ-RAL-CE-08,0.04,SYNTHETIC_RESEARCH_FIXTURE,OG-SYNTH-0.2,A-0.2,build_opus_synthetic_programme_v0_2.py@0.2,20260811,True,0374df3c0f68609222ab3d68aa4bdb06bc1e1dc6cb17ee3a2ec691909a81dfb3
PRJ-RAL,PRJ-RAL-CE-01,PRJ-RAL-CE-09,0.04,SYNTHETIC_RESEARCH_FIXTURE,OG-SYNTH-0.2,A-0.2,build_opus_synthetic_programme_v0_2.py@0.2,20260811,True,6a0c6c0dacb5dae3dfcd826a959a6c1baa9f8140df17f13dc6d34236965d54d3
PRJ-RAL,PRJ-RAL-CE-01,PRJ-RAL-CE-10,0.04,SYNTHETIC_RESEARCH_FIXTURE,OG-SYNTH-0.2,A-0.2,build_opus_synthetic_programme_v0_2.py@0.2,20260811,True,b304cd4234c666ad0252216c1bdf66437e8223ec477aa03cc690e02d070526af
PRJ-RAL,PRJ-RAL-CE-02,PRJ-RAL-CE-01,0.25,SYNTHETIC_RESEARCH_FIXTURE,OG-SYNTH-0.2,A-0.2,build_opus_synthetic_programme_v0_2.py@0.2,20260811,True,89f387f1024da6e5aa9c7873d636fcd62901093d9a2c9810b1d648467e8505a9
PRJ-RAL,PRJ-RAL-CE-02,PRJ-RAL-CE-02,1.0,SYNTHETIC_RESEARCH_FIXTURE,OG-SYNTH-0.2,A-0.2,build_opus_synthetic_programme_v0_2.py@0.2,20260811,True,202e1924bd2ac6bc715d050c3ab9d428a068c25b53dd57a8b3bb54151af0d1f6
PRJ-RAL,PRJ-RAL-CE-02,PRJ-RAL-CE-03,0.25,SYNTHETIC_RESEARCH_FIXTURE,OG-SYNTH-0.2,A-0.2,build_opus_synthetic_programme_v0_2.py@0.2,20260811,True,8c553391bf293d97a73cc8ed696d3ce29a68b04c600db888ce65bffd9c3a80d8
PRJ-RAL,PRJ-RAL-CE-02,PRJ-RAL-CE-04,0.04,SYNTHETIC_RESEARCH_FIXTURE,OG-SYNTH-0.2,A-0.2,build_opus_synthetic_programme_v0_2.py@0.2,20260811,True,620341919cb603aec83df0164b49c60c1143a5fa1b31d80ee438bb7908a0519f
PRJ-RAL,PRJ-RAL-CE-02,PRJ-RAL-CE-05,0.04,SYNTHETIC_RESEARCH_FIXTURE,OG-SYNTH-0.2,A-0.2,build_opus_synthetic_programme_v0_2.py@0.2,20260811,True,3b0ad3ff7f1f999628c2242d4f80b043f825a3d88c1fc955f6ef3c4ae010cc78
PRJ-RAL,PRJ-RAL-CE-02,PRJ-RAL-CE-06,0.04,SYNTHETIC_RESEARCH_FIXTURE,OG-SYNTH-0.2,A-0.2,build_opus_synthetic_programme_v0_2.py@0.2,20260811,True,6bc0d9a0741f8b0817fac5e3fda0e1c63b1a1bd5901cfaf21315eb89f23859bd
PRJ-RAL,PRJ-RAL-CE-02,PRJ-RAL-CE-07,0.04,SYNTHETIC_RESEARCH_FIXTURE,OG-SYNTH-0.2,A-0.2,build_opus_synthetic_programme_v0_2.py@0.2,20260811,True,8edd1dc79b3b5307e651536fccaf302302e61a88179f7127a4be77402dc1e405
PRJ-RAL,PRJ-RAL-CE-02,PRJ-RAL-CE-08,0.04,SYNTHETIC_RESEARCH_FIXTURE,OG-SYNTH-0.2,A-0.2,build_opus_synthetic_programme_v0_2.py@0.2,20260811,True,2b607cec2d4a249cdc6a36952cb76974e639bc2beac7f4a2f5300c717a1b8e7c
PRJ-RAL,PRJ-RAL-CE-02,PRJ-RAL-CE-09,0.04,SYNTHETIC_RESEARCH_FIXTURE,OG-SYNTH-0.2,A-0.2,build_opus_synthetic_programme_v0_2.py@0.2,20260811,True,a0b65218c1d86fb188f90a0ee7b680f040fd3291bf4de9fbf76395e6f80704a5
PRJ-RAL,PRJ-RAL-CE-02,PRJ-RAL-CE-10,0.04,SYNTHETIC_RESEARCH_FIXTURE,OG-SYNTH-0.2,A-0.2,build_opus_synthetic_programme_v0_2.py@0.2,20260811,True,633c95221e3ae44d83edbba4688b00e67e09b81a5cd67f2d2fc518aad705677c
PRJ-RAL,PRJ-RAL-CE-03,PRJ-RAL-CE-01,0.25,SYNTHETIC_RESEARCH_FIXTURE,OG-SYNTH-0.2,A-0.2,build_opus_synthetic_programme_v0_2.py@0.2,20260811,True,425bd13dc86938a782b097a31c8f00d9b55dc3960594072518f7f1bdef0a35a7
PRJ-RAL,PRJ-RAL-CE-03,PRJ-RAL-CE-02,0.25,SYNTHETIC_RESEARCH_FIXTURE,OG-SYNTH-0.2,A-0.2,build_opus_synthetic_programme_v0_2.py@0.2,20260811,True,387232bdd45caf425cb91295718a49b4980c30dd5085ad259130f5c2c7e65d06
PRJ-RAL,PRJ-RAL-CE-03,PRJ-RAL-CE-03,1.0,SYNTHETIC_RESEARCH_FIXTURE,OG-SYNTH-0.2,A-0.2,build_opus_synthetic_programme_v0_2.py@0.2,20260811,True,92c6cb8a747135d50f5bb149e8783f60909030bf927955854d2936754912d9ec
PRJ-RAL,PRJ-RAL-CE-03,PRJ-RAL-CE-04,0.04,SYNTHETIC_RESEARCH_FIXTURE,OG-SYNTH-0.2,A-0.2,build_opus_synthetic_programme_v0_2.py@0.2,20260811,True,ff7d95b286d9c8ff80762cb47111eeadf2f352d85c2137e21c14f413cccd14e0
PRJ-RAL,PRJ-RAL-CE-03,PRJ-RAL-CE-05,0.04,SYNTHETIC_RESEARCH_FIXTURE,OG-SYNTH-0.2,A-0.2,build_opus_synthetic_programme_v0_2.py@0.2,20260811,True,6c1917288f926294fdf7fb774aeeea93e2fdd2c7a2e4f0e54f45de43375c3391
PRJ-RAL,PRJ-RAL-CE-03,PRJ-RAL-CE-06,0.04,SYNTHETIC_RESEARCH_FIXTURE,OG-SYNTH-0.2,A-0.2,build_opus_synthetic_programme_v0_2.py@0.2,20260811,True,fde547ba12a70d323149a55ce58e4445070dda41fbda14b0fe550b00460495fd
PRJ-RAL,PRJ-RAL-CE-03,PRJ-RAL-CE-07,0.04,SYNTHETIC_RESEARCH_FIXTURE,OG-SYNTH-0.2,A-0.2,build_opus_synthetic_programme_v0_2.py@0.2,20260811,True,7324f0226685ed0bb2d49373cc068058427f4f70572c36ebef841d033bfb9155
PRJ-RAL,PRJ-RAL-CE-03,PRJ-RAL-CE-08,0.04,SYNTHETIC_RESEARCH_FIXTURE,OG-SYNTH-0.2,A-0.2,build_opus_synthetic_programme_v0_2.py@0.2,20260811,True,1c06b181992170db8690f3b5cb5f354fcbcf754b14c166aee13e2fdc8dcb320d
PRJ-RAL,PRJ-RAL-CE-03,PRJ-RAL-CE-09,0.04,SYNTHETIC_RESEARCH_FIXTURE,OG-SYNTH-0.2,A-0.2,build_opus_synthetic_programme_v0_2.py@0.2,20260811,True,cef64f2eed1457fc41d5ba4da79183d484e11631ac20dba19d8eeff699e8fafc
PRJ-RAL,PRJ-RAL-CE-03,PRJ-RAL-CE-10,0.04,SYNTHETIC_RESEARCH_FIXTURE,OG-SYNTH-0.2,A-0.2,build_opus_synthetic_programme_v0_2.py@0.2,20260811,True,71676c6e1643f141e3f82c44d59163c0120180bbe9551fad4edafe84f519e77d
PRJ-RAL,PRJ-RAL-CE-04,PRJ-RAL-CE-01,0.04,SYNTHETIC_RESEARCH_FIXTURE,OG-SYNTH-0.2,A-0.2,build_opus_synthetic_programme_v0_2.py@0.2,20260811,True,eb76f4b9fb1fd804acbafa1fd84c793dc84fc1afa1a50782a93f147f7e80f24d
PRJ-RAL,PRJ-RAL-CE-04,PRJ-RAL-CE-02,0.04,SYNTHETIC_RESEARCH_FIXTURE,OG-SYNTH-0.2,A-0.2,build_opus_synthetic_programme_v0_2.py@0.2,20260811,True,d14961a59f0db02b44825a12a1448d8b5546ac3460e70f9ed81f231441aa42a9
PRJ-RAL,PRJ-RAL-CE-04,PRJ-RAL-CE-03,0.04,SYNTHETIC_RESEARCH_FIXTURE,OG-SYNTH-0.2,A-0.2,build_opus_synthetic_programme_v0_2.py@0.2,20260811,True,f8a57c2e2b8e92a6392a4680abb00e20ea9ac4bcce5c70bf600cb5da3b1a6ed6
PRJ-RAL,PRJ-RAL-CE-04,PRJ-RAL-CE-04,1.0,SYNTHETIC_RESEARCH_FIXTURE,OG-SYNTH-0.2,A-0.2,build_opus_synthetic_programme_v0_2.py@0.2,20260811,True,4d48c1109c956c2c24674d7f7bfe1597880cb3b6757c064e58dfd1f5ac85eeff
PRJ-RAL,PRJ-RAL-CE-04,PRJ-RAL-CE-05,0.25,SYNTHETIC_RESEARCH_FIXTURE,OG-SYNTH-0.2,A-0.2,build_opus_synthetic_programme_v0_2.py@0.2,20260811,True,1ef1cd97a8c08d8a9d2a5abcafa72dab27f92b55e5105e29d2e8716d556cc77e
PRJ-RAL,PRJ-RAL-CE-04,PRJ-RAL-CE-06,0.25,SYNTHETIC_RESEARCH_FIXTURE,OG-SYNTH-0.2,A-0.2,build_opus_synthetic_programme_v0_2.py@0.2,20260811,True,230e2d6463f5c81fd57dd2eeadcee25f9dc3b527ee1578b62cfe74af5c39a427
PRJ-RAL,PRJ-RAL-CE-04,PRJ-RAL-CE-07,0.04,SYNTHETIC_RESEARCH_FIXTURE,OG-SYNTH-0.2,A-0.2,build_opus_synthetic_programme_v0_2.py@0.2,20260811,True,22ebcab55d6dc473c549a5a1ffcd4a5b389787e65b34ba1989761f81b9c5724e
PRJ-RAL,PRJ-RAL-CE-04,PRJ-RAL-CE-08,0.04,SYNTHETIC_RESEARCH_FIXTURE,OG-SYNTH-0.2,A-0.2,build_opus_synthetic_programme_v0_2.py@0.2,20260811,True,3095aff7bde1ea1c19146bad45062c0f626d57cb0aa7b43ba581fc34b7de9ce7
PRJ-RAL,PRJ-RAL-CE-04,PRJ-RAL-CE-09,0.04,SYNTHETIC_RESEARCH_FIXTURE,OG-SYNTH-0.2,A-0.2,build_opus_synthetic_programme_v0_2.py@0.2,20260811,True,76a17df862cbc474891cb15b3861fac691d9247c025228fead8f2fa5b1f7ab37
PRJ-RAL,PRJ-RAL-CE-04,PRJ-RAL-CE-10,0.04,SYNTHETIC_RESEARCH_FIXTURE,OG-SYNTH-0.2,A-0.2,build_opus_synthetic_programme_v0_2.py@0.2,20260811,True,9c4aad6e9677988597675c101afa028bb7ec4fba5e63aca7545a7e3f7552aed8
PRJ-RAL,PRJ-RAL-CE-05,PRJ-RAL-CE-01,0.04,SYNTHETIC_RESEARCH_FIXTURE,OG-SYNTH-0.2,A-0.2,build_opus_synthetic_programme_v0_2.py@0.2,20260811,True,d3715ddcdb23b3da49316bec61a244e0825d71967bd836a0e78af1844aeb8230
PRJ-RAL,PRJ-RAL-CE-05,PRJ-RAL-CE-02,0.04,SYNTHETIC_RESEARCH_FIXTURE,OG-SYNTH-0.2,A-0.2,build_opus_synthetic_programme_v0_2.py@0.2,20260811,True,2f6097642807c0afd4cb43792574ce51dc6ab48ea6c100bc4086aff353ee3246
PRJ-RAL,PRJ-RAL-CE-05,PRJ-RAL-CE-03,0.04,SYNTHETIC_RESEARCH_FIXTURE,OG-SYNTH-0.2,A-0.2,build_opus_synthetic_programme_v0_2.py@0.2,20260811,True,d2b8f705dc7fd27c8bcf1004e60727057c5e66e3d5f43e815749fc9842c1d1a6
PRJ-RAL,PRJ-RAL-CE-05,PRJ-RAL-CE-04,0.25,SYNTHETIC_RESEARCH_FIXTURE,OG-SYNTH-0.2,A-0.2,build_opus_synthetic_programme_v0_2.py@0.2,20260811,True,5ec3bcf6ff88247313540af0e8c1f5279892d129dc3ab3db2d40eb70b574b6ad
PRJ-RAL,PRJ-RAL-CE-05,PRJ-RAL-CE-05,1.0,SYNTHETIC_RESEARCH_FIXTURE,OG-SYNTH-0.2,A-0.2,build_opus_synthetic_programme_v0_2.py@0.2,20260811,True,4ee0141a53647f5c73b3a513bd45f6b473adda4f251e7c120dd4e9d286faad6e
PRJ-RAL,PRJ-RAL-CE-05,PRJ-RAL-CE-06,0.25,SYNTHETIC_RESEARCH_FIXTURE,OG-SYNTH-0.2,A-0.2,build_opus_synthetic_programme_v0_2.py@0.2,20260811,True,d42821d8995dfab015d236e310830a7208d9c9883d8894f5fac7953c13d18463
PRJ-RAL,PRJ-RAL-CE-05,PRJ-RAL-CE-07,0.04,SYNTHETIC_RESEARCH_FIXTURE,OG-SYNTH-0.2,A-0.2,build_opus_synthetic_programme_v0_2.py@0.2,20260811,True,2721f4a6cbde3fa960922c904734a866129033a8ab4c09fd41bc72133aade984
PRJ-RAL,PRJ-RAL-CE-05,PRJ-RAL-CE-08,0.04,SYNTHETIC_RESEARCH_FIXTURE,OG-SYNTH-0.2,A-0.2,build_opus_synthetic_programme_v0_2.py@0.2,20260811,True,314cc819dc6ecf18bd088335f8e0648ab66468e53de56b835dce3f7769b26435
PRJ-RAL,PRJ-RAL-CE-05,PRJ-RAL-CE-09,0.04,SYNTHETIC_RESEARCH_FIXTURE,OG-SYNTH-0.2,A-0.2,build_opus_synthetic_programme_v0_2.py@0.2,20260811,True,292ac043ab159cb2c21f6453e42354e31f7c7ccdde95cb214667befde772b2e8
PRJ-RAL,PRJ-RAL-CE-05,PRJ-RAL-CE-10,0.04,SYNTHETIC_RESEARCH_FIXTURE,OG-SYNTH-0.2,A-0.2,build_opus_synthetic_programme_v0_2.py@0.2,20260811,True,a66e383612b7be4866ad29dbefc195476cd549a2869bd69d7538408d1690d090
PRJ-RAL,PRJ-RAL-CE-06,PRJ-RAL-CE-01,0.04,SYNTHETIC_RESEARCH_FIXTURE,OG-SYNTH-0.2,A-0.2,build_opus_synthetic_programme_v0_2.py@0.2,20260811,True,40dad5cb6349fa4d6f823a282e8ad2b2c59e138cbfdc449a12bff3e345b98ac3
PRJ-RAL,PRJ-RAL-CE-06,PRJ-RAL-CE-02,0.04,SYNTHETIC_RESEARCH_FIXTURE,OG-SYNTH-0.2,A-0.2,build_opus_synthetic_programme_v0_2.py@0.2,20260811,True,bd50773824d5f4384a08404919585789c497a19bfa3c5a294842def4afb4da2c
PRJ-RAL,PRJ-RAL-CE-06,PRJ-RAL-CE-03,0.04,SYNTHETIC_RESEARCH_FIXTURE,OG-SYNTH-0.2,A-0.2,build_opus_synthetic_programme_v0_2.py@0.2,20260811,True,9fdb9b93f21421c9afa4b96071e158f530601df52e67d1be06931d453ad9251f
PRJ-RAL,PRJ-RAL-CE-06,PRJ-RAL-CE-04,0.25,SYNTHETIC_RESEARCH_FIXTURE,OG-SYNTH-0.2,A-0.2,build_opus_synthetic_programme_v0_2.py@0.2,20260811,True,f858b7619a89afae985aaf9a0f9a8277c01cbcf90fd7f44ccf372b40629b0601
PRJ-RAL,PRJ-RAL-CE-06,PRJ-RAL-CE-05,0.25,SYNTHETIC_RESEARCH_FIXTURE,OG-SYNTH-0.2,A-0.2,build_opus_synthetic_programme_v0_2.py@0.2,20260811,True,a6c352830af094266ba36b880bf9b6268c7a1f522def60226dd20941e099320c
PRJ-RAL,PRJ-RAL-CE-06,PRJ-RAL-CE-06,1.0,SYNTHETIC_RESEARCH_FIXTURE,OG-SYNTH-0.2,A-0.2,build_opus_synthetic_programme_v0_2.py@0.2,20260811,True,09a355422dfa1dd577a1f88a147b87b391698036bed9d9aa4afdc5a4db6ebc8a
PRJ-RAL,PRJ-RAL-CE-06,PRJ-RAL-CE-07,0.04,SYNTHETIC_RESEARCH_FIXTURE,OG-SYNTH-0.2,A-0.2,build_opus_synthetic_programme_v0_2.py@0.2,20260811,True,d513226f9f7f79a893fe4be8c063dadc0cb49a97a3fa303a8c01d07106a41838
PRJ-RAL,PRJ-RAL-CE-06,PRJ-RAL-CE-08,0.04,SYNTHETIC_RESEARCH_FIXTURE,OG-SYNTH-0.2,A-0.2,build_opus_synthetic_programme_v0_2.py@0.2,20260811,True,3a43f7419486955acc4eb6875a04984145d88c8c1b065d7279b84129fc7f3269
PRJ-RAL,PRJ-RAL-CE-06,PRJ-RAL-CE-09,0.04,SYNTHETIC_RESEARCH_FIXTURE,OG-SYNTH-0.2,A-0.2,build_opus_synthetic_programme_v0_2.py@0.2,20260811,True,4476fb42b7f3921880cad65cb4104157b5ec9f52b2c36c3b395fc0c8e6af771c
PRJ-RAL,PRJ-RAL-CE-06,PRJ-RAL-CE-10,0.04,SYNTHETIC_RESEARCH_FIXTURE,OG-SYNTH-0.2,A-0.2,build_opus_synthetic_programme_v0_2.py@0.2,20260811,True,7b3eb66145743c5f16f929a94d4428cd1885e58af215b2704e790a545091a049
PRJ-RAL,PRJ-RAL-CE-07,PRJ-RAL-CE-01,0.04,SYNTHETIC_RESEARCH_FIXTURE,OG-SYNTH-0.2,A-0.2,build_opus_synthetic_programme_v0_2.py@0.2,20260811,True,06d4d607c789254b82abe8a822c71dbc579cc1def34383e5c1d065d3b0647094
PRJ-RAL,PRJ-RAL-CE-07,PRJ-RAL-CE-02,0.04,SYNTHETIC_RESEARCH_FIXTURE,OG-SYNTH-0.2,A-0.2,build_opus_synthetic_programme_v0_2.py@0.2,20260811,True,5a3d277c7c17794384392646136b40be927091b9c766ace2562d16c44a1af9fb
PRJ-RAL,PRJ-RAL-CE-07,PRJ-RAL-CE-03,0.04,SYNTHETIC_RESEARCH_FIXTURE,OG-SYNTH-0.2,A-0.2,build_opus_synthetic_programme_v0_2.py@0.2,20260811,True,d8e786d1472644a856f189880f6f286e9684ddca6fb2e1e762be7a7df2e07d0f
PRJ-RAL,PRJ-RAL-CE-07,PRJ-RAL-CE-04,0.04,SYNTHETIC_RESEARCH_FIXTURE,OG-SYNTH-0.2,A-0.2,build_opus_synthetic_programme_v0_2.py@0.2,20260811,True,709ad4406e61d1a29e768ec60fe82df8e2f0616b9dfb951ee772249670e7f811
PRJ-RAL,PRJ-RAL-CE-07,PRJ-RAL-CE-05,0.04,SYNTHETIC_RESEARCH_FIXTURE,OG-SYNTH-0.2,A-0.2,build_opus_synthetic_programme_v0_2.py@0.2,20260811,True,b57fbdd6f84740c9fd94f2947f6c3c5852c4a76981d890685d2e1dd682ce5536
PRJ-RAL,PRJ-RAL-CE-07,PRJ-RAL-CE-06,0.04,SYNTHETIC_RESEARCH_FIXTURE,OG-SYNTH-0.2,A-0.2,build_opus_synthetic_programme_v0_2.py@0.2,20260811,True,3998baae49b73031e86714658b7a1a24aeac5215c8eda076810ae2446094981d
PRJ-RAL,PRJ-RAL-CE-07,PRJ-RAL-CE-07,1.0,SYNTHETIC_RESEARCH_FIXTURE,OG-SYNTH-0.2,A-0.2,build_opus_synthetic_programme_v0_2.py@0.2,20260811,True,3137894e7a4a5c76a2c154b89d67d392c1c46366501436818bb365b5982c989c
PRJ-RAL,PRJ-RAL-CE-07,PRJ-RAL-CE-08,0.25,SYNTHETIC_RESEARCH_FIXTURE,OG-SYNTH-0.2,A-0.2,build_opus_synthetic_programme_v0_2.py@0.2,20260811,True,8c3cbe588230b6d06f7b5c1207e58c6bd309c0bbeea7a32a7551f8ad230d2543
PRJ-RAL,PRJ-RAL-CE-07,PRJ-RAL-CE-09,0.25,SYNTHETIC_RESEARCH_FIXTURE,OG-SYNTH-0.2,A-0.2,build_opus_synthetic_programme_v0_2.py@0.2,20260811,True,6649cafd2b6b7380e547b3ed39e0f8a33f270689c59ce2d8607d3f03a2961544
PRJ-RAL,PRJ-RAL-CE-07,PRJ-RAL-CE-10,0.04,SYNTHETIC_RESEARCH_FIXTURE,OG-SYNTH-0.2,A-0.2,build_opus_synthetic_programme_v0_2.py@0.2,20260811,True,57e1c4a80dd89a4058223b4c55329454a7a9a0db76aaf7ad34e15d7f7da85517
PRJ-RAL,PRJ-RAL-CE-08,PRJ-RAL-CE-01,0.04,SYNTHETIC_RESEARCH_FIXTURE,OG-SYNTH-0.2,A-0.2,build_opus_synthetic_programme_v0_2.py@0.2,20260811,True,10d27677c8a63c6c1b428a1f2d986e7d909f2df4a427cd5b8ec74ed4296a4011
PRJ-RAL,PRJ-RAL-CE-08,PRJ-RAL-CE-02,0.04,SYNTHETIC_RESEARCH_FIXTURE,OG-SYNTH-0.2,A-0.2,build_opus_synthetic_programme_v0_2.py@0.2,20260811,True,9fa7a019d57a75012df2af259c3c2609e20c0fc47e15224d77a6c1709243252a
PRJ-RAL,PRJ-RAL-CE-08,PRJ-RAL-CE-03,0.04,SYNTHETIC_RESEARCH_FIXTURE,OG-SYNTH-0.2,A-0.2,build_opus_synthetic_programme_v0_2.py@0.2,20260811,True,5a8df6a5c989aace5c8ae1c8e258f01610c5fce3dd85e156ee7c99e4ca3069ab
PRJ-RAL,PRJ-RAL-CE-08,PRJ-RAL-CE-04,0.04,SYNTHETIC_RESEARCH_FIXTURE,OG-SYNTH-0.2,A-0.2,build_opus_synthetic_programme_v0_2.py@0.2,20260811,True,c7f818d6de53b217fc5762ae120c437e900a2c560da7f33e9fde8614635668c6
PRJ-RAL,PRJ-RAL-CE-08,PRJ-RAL-CE-05,0.04,SYNTHETIC_RESEARCH_FIXTURE,OG-SYNTH-0.2,A-0.2,build_opus_synthetic_programme_v0_2.py@0.2,20260811,True,1fa045b7ae86ae58e3df0cf71afdbe2526cee68b47fad239d6e8696f820614f6
PRJ-RAL,PRJ-RAL-CE-08,PRJ-RAL-CE-06,0.04,SYNTHETIC_RESEARCH_FIXTURE,OG-SYNTH-0.2,A-0.2,build_opus_synthetic_programme_v0_2.py@0.2,20260811,True,c8f9ef2af2e5169736d0df637cc3fb5b91a328f017fb98ed0bf45a8bfda29d70
PRJ-RAL,PRJ-RAL-CE-08,PRJ-RAL-CE-07,0.25,SYNTHETIC_RESEARCH_FIXTURE,OG-SYNTH-0.2,A-0.2,build_opus_synthetic_programme_v0_2.py@0.2,20260811,True,484fb6163333800e2501624cf60ed184f7be54b5f32d2945b72c7bd0451cc57c
PRJ-RAL,PRJ-RAL-CE-08,PRJ-RAL-CE-08,1.0,SYNTHETIC_RESEARCH_FIXTURE,OG-SYNTH-0.2,A-0.2,build_opus_synthetic_programme_v0_2.py@0.2,20260811,True,b57fe605c83c92464b585e8d475a75c2871cc69bc75b30629f84922d86e7e5eb
PRJ-RAL,PRJ-RAL-CE-08,PRJ-RAL-CE-09,0.25,SYNTHETIC_RESEARCH_FIXTURE,OG-SYNTH-0.2,A-0.2,build_opus_synthetic_programme_v0_2.py@0.2,20260811,True,c1b93247cc55d91bdc0fdaca990d64528244eb447efc6ef356e0473aed69372f
PRJ-RAL,PRJ-RAL-CE-08,PRJ-RAL-CE-10,0.04,SYNTHETIC_RESEARCH_FIXTURE,OG-SYNTH-0.2,A-0.2,build_opus_synthetic_programme_v0_2.py@0.2,20260811,True,fc4fe60a3e0b8e2b4d2fdb0bd2208c273cd9eabe9683bbdd819760d509fbe402
PRJ-RAL,PRJ-RAL-CE-09,PRJ-RAL-CE-01,0.04,SYNTHETIC_RESEARCH_FIXTURE,OG-SYNTH-0.2,A-0.2,build_opus_synthetic_programme_v0_2.py@0.2,20260811,True,30833ff93adc0d0673a3d418bad6c96deab51ede09774ab36836d43e2e8ca237
PRJ-RAL,PRJ-RAL-CE-09,PRJ-RAL-CE-02,0.04,SYNTHETIC_RESEARCH_FIXTURE,OG-SYNTH-0.2,A-0.2,build_opus_synthetic_programme_v0_2.py@0.2,20260811,True,f9ce3f07d225a24cd1ab5d86a12f7d454a2e01d36769f956e9ba01037efe7176
PRJ-RAL,PRJ-RAL-CE-09,PRJ-RAL-CE-03,0.04,SYNTHETIC_RESEARCH_FIXTURE,OG-SYNTH-0.2,A-0.2,build_opus_synthetic_programme_v0_2.py@0.2,20260811,True,26f0476b6da1490e29096ffff4c9568fe045e63cc5091a8561fc14f42344a693
PRJ-RAL,PRJ-RAL-CE-09,PRJ-RAL-CE-04,0.04,SYNTHETIC_RESEARCH_FIXTURE,OG-SYNTH-0.2,A-0.2,build_opus_synthetic_programme_v0_2.py@0.2,20260811,True,6f02ee3122909b63b3f8eb7a4fc9ee21e974778d16525a2130d9afd84c810997
PRJ-RAL,PRJ-RAL-CE-09,PRJ-RAL-CE-05,0.04,SYNTHETIC_RESEARCH_FIXTURE,OG-SYNTH-0.2,A-0.2,build_opus_synthetic_programme_v0_2.py@0.2,20260811,True,6424619eff14b9a854a083ae587f7d1a824866d4e99bdea744036db9bba1692f
PRJ-RAL,PRJ-RAL-CE-09,PRJ-RAL-CE-06,0.04,SYNTHETIC_RESEARCH_FIXTURE,OG-SYNTH-0.2,A-0.2,build_opus_synthetic_programme_v0_2.py@0.2,20260811,True,75b7ae03bf6687df59fecba679ac581af2402d524421db98cb515a92f571834f
PRJ-RAL,PRJ-RAL-CE-09,PRJ-RAL-CE-07,0.25,SYNTHETIC_RESEARCH_FIXTURE,OG-SYNTH-0.2,A-0.2,build_opus_synthetic_programme_v0_2.py@0.2,20260811,True,b33a5a71bdf793f96c48d4bfe6046318c336bc311b48e81391ab0e248beee8ce
PRJ-RAL,PRJ-RAL-CE-09,PRJ-RAL-CE-08,0.25,SYNTHETIC_RESEARCH_FIXTURE,OG-SYNTH-0.2,A-0.2,build_opus_synthetic_programme_v0_2.py@0.2,20260811,True,dc232136d6be66afb1b75b70a7d681d9ad55e04a81776ac78c282425e3a141ea
PRJ-RAL,PRJ-RAL-CE-09,PRJ-RAL-CE-09,1.0,SYNTHETIC_RESEARCH_FIXTURE,OG-SYNTH-0.2,A-0.2,build_opus_synthetic_programme_v0_2.py@0.2,20260811,True,02a164f37a6316fd44eed0f70710d6abd44499ac489d3939d1177dcd38da5cb9
PRJ-RAL,PRJ-RAL-CE-09,PRJ-RAL-CE-10,0.04,SYNTHETIC_RESEARCH_FIXTURE,OG-SYNTH-0.2,A-0.2,build_opus_synthetic_programme_v0_2.py@0.2,20260811,True,6ccfe90c3041835816b6e8fc661b2269be6394bf0c72d7a5c81c3d0f723be70e
PRJ-RAL,PRJ-RAL-CE-10,PRJ-RAL-CE-01,0.04,SYNTHETIC_RESEARCH_FIXTURE,OG-SYNTH-0.2,A-0.2,build_opus_synthetic_programme_v0_2.py@0.2,20260811,True,2f41f8d528e03d4708ee2721e61583f8c3df4553f2a497ee3810816423d90463
PRJ-RAL,PRJ-RAL-CE-10,PRJ-RAL-CE-02,0.04,SYNTHETIC_RESEARCH_FIXTURE,OG-SYNTH-0.2,A-0.2,build_opus_synthetic_programme_v0_2.py@0.2,20260811,True,88d5af0b1636b8ae16ae5fbb607a458198171ba69403710300c099385dd23fb2
PRJ-RAL,PRJ-RAL-CE-10,PRJ-RAL-CE-03,0.04,SYNTHETIC_RESEARCH_FIXTURE,OG-SYNTH-0.2,A-0.2,build_opus_synthetic_programme_v0_2.py@0.2,20260811,True,5297b59bd713d37a2464e1a7ca64bd09bb26546a9ae3c66924633d28a2139db8
PRJ-RAL,PRJ-RAL-CE-10,PRJ-RAL-CE-04,0.04,SYNTHETIC_RESEARCH_FIXTURE,OG-SYNTH-0.2,A-0.2,build_opus_synthetic_programme_v0_2.py@0.2,20260811,True,2a8540d4113d68fab4373fe64f10f01f9d68a2669ad64003f0a932535800d154
PRJ-RAL,PRJ-RAL-CE-10,PRJ-RAL-CE-05,0.04,SYNTHETIC_RESEARCH_FIXTURE,OG-SYNTH-0.2,A-0.2,build_opus_synthetic_programme_v0_2.py@0.2,20260811,True,975510ce6b3e754871855d081b159cbda979567e2ebe8b64e9feffb47465452b
PRJ-RAL,PRJ-RAL-CE-10,PRJ-RAL-CE-06,0.04,SYNTHETIC_RESEARCH_FIXTURE,OG-SYNTH-0.2,A-0.2,build_opus_synthetic_programme_v0_2.py@0.2,20260811,True,922ed25d8fea68c0e39879ba370dff883ccdb1c706dc02392eeb21074ce1f561
PRJ-RAL,PRJ-RAL-CE-10,PRJ-RAL-CE-07,0.04,SYNTHETIC_RESEARCH_FIXTURE,OG-SYNTH-0.2,A-0.2,build_opus_synthetic_programme_v0_2.py@0.2,20260811,True,0320e3ccf896422986df542a3cdea07750d166e335cf27215b740722e16655e9
PRJ-RAL,PRJ-RAL-CE-10,PRJ-RAL-CE-08,0.04,SYNTHETIC_RESEARCH_FIXTURE,OG-SYNTH-0.2,A-0.2,build_opus_synthetic_programme_v0_2.py@0.2,20260811,True,4fc516419c3175f582a5878d935e5dad679b49b6181029ac05002069a0cd77c5
PRJ-RAL,PRJ-RAL-CE-10,PRJ-RAL-CE-09,0.04,SYNTHETIC_RESEARCH_FIXTURE,OG-SYNTH-0.2,A-0.2,build_opus_synthetic_programme_v0_2.py@0.2,20260811,True,383b812d89962b11099668962211d7b4cb391a14d9342795f2385d2bf6a7a2b3
PRJ-RAL,PRJ-RAL-CE-10,PRJ-RAL-CE-10,1.0,SYNTHETIC_RESEARCH_FIXTURE,OG-SYNTH-0.2,A-0.2,build_opus_synthetic_programme_v0_2.py@0.2,20260811,True,d98e64f40364919ea5769114b5ffd929391e4f1127baa82a9a60fe8a66ecb99b
PRJ-DCT,PRJ-DCT-CE-01,PRJ-DCT-CE-01,1.0,SYNTHETIC_RESEARCH_FIXTURE,OG-SYNTH-0.2,A-0.2,build_opus_synthetic_programme_v0_2.py@0.2,20260811,True,2f93be9aa3d669d698b2e3bba24e91355d56277ea95139ef8b4ccd1d1231f283
PRJ-DCT,PRJ-DCT-CE-01,PRJ-DCT-CE-02,0.25,SYNTHETIC_RESEARCH_FIXTURE,OG-SYNTH-0.2,A-0.2,build_opus_synthetic_programme_v0_2.py@0.2,20260811,True,5db72a86432b19cdd3ac25eabf643757955155f81ca2f28f9195f54f409dfd73
PRJ-DCT,PRJ-DCT-CE-01,PRJ-DCT-CE-03,0.25,SYNTHETIC_RESEARCH_FIXTURE,OG-SYNTH-0.2,A-0.2,build_opus_synthetic_programme_v0_2.py@0.2,20260811,True,b14410ebcef125ae69801d34629a4836850ffcaa079f72b8dc8e03843c539171
PRJ-DCT,PRJ-DCT-CE-01,PRJ-DCT-CE-04,0.04,SYNTHETIC_RESEARCH_FIXTURE,OG-SYNTH-0.2,A-0.2,build_opus_synthetic_programme_v0_2.py@0.2,20260811,True,30737b2e94338f2c29137581f0dad3496d65062c7480870c0db9397e28bfba59
PRJ-DCT,PRJ-DCT-CE-01,PRJ-DCT-CE-05,0.04,SYNTHETIC_RESEARCH_FIXTURE,OG-SYNTH-0.2,A-0.2,build_opus_synthetic_programme_v0_2.py@0.2,20260811,True,8923817d86d490a6b42d97c4d8df093104095a20c8a77c7263a08d3dbe4cb809
PRJ-DCT,PRJ-DCT-CE-01,PRJ-DCT-CE-06,0.04,SYNTHETIC_RESEARCH_FIXTURE,OG-SYNTH-0.2,A-0.2,build_opus_synthetic_programme_v0_2.py@0.2,20260811,True,1d18e73536c1a44b376d175c49d579d1f8104c312aff557871260be744545e33
PRJ-DCT,PRJ-DCT-CE-01,PRJ-DCT-CE-07,0.04,SYNTHETIC_RESEARCH_FIXTURE,OG-SYNTH-0.2,A-0.2,build_opus_synthetic_programme_v0_2.py@0.2,20260811,True,89431a3096fcab08e9161628f425865141c1f529b7d4fd2f0f698f7401871b9e
PRJ-DCT,PRJ-DCT-CE-01,PRJ-DCT-CE-08,0.04,SYNTHETIC_RESEARCH_FIXTURE,OG-SYNTH-0.2,A-0.2,build_opus_synthetic_programme_v0_2.py@0.2,20260811,True,66f11cb05095cfa0919c2346a56ba702655b386916afccb1ab1b98ede0699aa9
PRJ-DCT,PRJ-DCT-CE-01,PRJ-DCT-CE-09,0.04,SYNTHETIC_RESEARCH_FIXTURE,OG-SYNTH-0.2,A-0.2,build_opus_synthetic_programme_v0_2.py@0.2,20260811,True,8897b5f17c2899474bb9769e691f81fd8af352092bfb68a2e47f8f99ab159bf2
PRJ-DCT,PRJ-DCT-CE-01,PRJ-DCT-CE-10,0.04,SYNTHETIC_RESEARCH_FIXTURE,OG-SYNTH-0.2,A-0.2,build_opus_synthetic_programme_v0_2.py@0.2,20260811,True,a72e4d663e3ff32cdeaafb65c727d44cb73219e354fe3c8c9405583e8d111e20
PRJ-DCT,PRJ-DCT-CE-02,PRJ-DCT-CE-01,0.25,SYNTHETIC_RESEARCH_FIXTURE,OG-SYNTH-0.2,A-0.2,build_opus_synthetic_programme_v0_2.py@0.2,20260811,True,b54447e968b5766adbc05c72d350d11af354deb15c557521ef8b4c19da1f7e9f
PRJ-DCT,PRJ-DCT-CE-02,PRJ-DCT-CE-02,1.0,SYNTHETIC_RESEARCH_FIXTURE,OG-SYNTH-0.2,A-0.2,build_opus_synthetic_programme_v0_2.py@0.2,20260811,True,2d64d1da4417f7290c4e221949f0438653bdc409a7ec4838bf3550ad09d2964a
PRJ-DCT,PRJ-DCT-CE-02,PRJ-DCT-CE-03,0.25,SYNTHETIC_RESEARCH_FIXTURE,OG-SYNTH-0.2,A-0.2,build_opus_synthetic_programme_v0_2.py@0.2,20260811,True,8148157c85ace427a0443a8bb13e84ae3529d4cf29f1a94a7e834146b576ff12
PRJ-DCT,PRJ-DCT-CE-02,PRJ-DCT-CE-04,0.04,SYNTHETIC_RESEARCH_FIXTURE,OG-SYNTH-0.2,A-0.2,build_opus_synthetic_programme_v0_2.py@0.2,20260811,True,591192e2f8e3e0dca19812a9d03f500f3d880ad850a9ad1bcb6cdcfd50e90005
PRJ-DCT,PRJ-DCT-CE-02,PRJ-DCT-CE-05,0.04,SYNTHETIC_RESEARCH_FIXTURE,OG-SYNTH-0.2,A-0.2,build_opus_synthetic_programme_v0_2.py@0.2,20260811,True,5d715f6679f11f4a9400934f7413d694b5b60f8555b18da32b8beb0eccf23004
PRJ-DCT,PRJ-DCT-CE-02,PRJ-DCT-CE-06,0.04,SYNTHETIC_RESEARCH_FIXTURE,OG-SYNTH-0.2,A-0.2,build_opus_synthetic_programme_v0_2.py@0.2,20260811,True,84d8f431be0b59d1b407db3e5606d93afdc80c3f5fee3f4c98a7d8db88757268
PRJ-DCT,PRJ-DCT-CE-02,PRJ-DCT-CE-07,0.04,SYNTHETIC_RESEARCH_FIXTURE,OG-SYNTH-0.2,A-0.2,build_opus_synthetic_programme_v0_2.py@0.2,20260811,True,c8a5ff202da92de96e4a819d669f55da2370d9198019f11f6cd0079138196e70
PRJ-DCT,PRJ-DCT-CE-02,PRJ-DCT-CE-08,0.04,SYNTHETIC_RESEARCH_FIXTURE,OG-SYNTH-0.2,A-0.2,build_opus_synthetic_programme_v0_2.py@0.2,20260811,True,7aa992e4c6087ee307f10af4d29a15935ccf4bda2f3bcfda8014c730a3b7d01e
PRJ-DCT,PRJ-DCT-CE-02,PRJ-DCT-CE-09,0.04,SYNTHETIC_RESEARCH_FIXTURE,OG-SYNTH-0.2,A-0.2,build_opus_synthetic_programme_v0_2.py@0.2,20260811,True,18dd71b4bacd2f2d436ff1a5aa6c04eec756cf03d053f2ab7a3482156497d53e
PRJ-DCT,PRJ-DCT-CE-02,PRJ-DCT-CE-10,0.04,SYNTHETIC_RESEARCH_FIXTURE,OG-SYNTH-0.2,A-0.2,build_opus_synthetic_programme_v0_2.py@0.2,20260811,True,7ff48dfcf29ec0497a3144c975c8b56fbee30f2f647243fd73a586d215e4cbb2
PRJ-DCT,PRJ-DCT-CE-03,PRJ-DCT-CE-01,0.25,SYNTHETIC_RESEARCH_FIXTURE,OG-SYNTH-0.2,A-0.2,build_opus_synthetic_programme_v0_2.py@0.2,20260811,True,f0bfdd73e06fe813f1548980599d7be25c657ecc8c5ba46928fde9b407598154
PRJ-DCT,PRJ-DCT-CE-03,PRJ-DCT-CE-02,0.25,SYNTHETIC_RESEARCH_FIXTURE,OG-SYNTH-0.2,A-0.2,build_opus_synthetic_programme_v0_2.py@0.2,20260811,True,7359bedca55d12e814c50ade2dd662e5d488c337fab9f1d093eb152b830775e0
PRJ-DCT,PRJ-DCT-CE-03,PRJ-DCT-CE-03,1.0,SYNTHETIC_RESEARCH_FIXTURE,OG-SYNTH-0.2,A-0.2,build_opus_synthetic_programme_v0_2.py@0.2,20260811,True,a71d09c37625fdb3fcb660c54e17e2669335f49cbcebbd6e447fe694e8a204cd
PRJ-DCT,PRJ-DCT-CE-03,PRJ-DCT-CE-04,0.04,SYNTHETIC_RESEARCH_FIXTURE,OG-SYNTH-0.2,A-0.2,build_opus_synthetic_programme_v0_2.py@0.2,20260811,True,bb8d3a6dd667fc65805d9cb3a9f226275ee6e870ff0d967886575cac7444fce3
PRJ-DCT,PRJ-DCT-CE-03,PRJ-DCT-CE-05,0.04,SYNTHETIC_RESEARCH_FIXTURE,OG-SYNTH-0.2,A-0.2,build_opus_synthetic_programme_v0_2.py@0.2,20260811,True,2b04a8c7baa1827a4ddce80e644f98a6625a06f7854525e70cf63e383a04ca21
PRJ-DCT,PRJ-DCT-CE-03,PRJ-DCT-CE-06,0.04,SYNTHETIC_RESEARCH_FIXTURE,OG-SYNTH-0.2,A-0.2,build_opus_synthetic_programme_v0_2.py@0.2,20260811,True,a0fdcbe471b5128e3c0378f0b9fb7c63a7c3b5a98c1051ba0866be028f068c64
PRJ-DCT,PRJ-DCT-CE-03,PRJ-DCT-CE-07,0.04,SYNTHETIC_RESEARCH_FIXTURE,OG-SYNTH-0.2,A-0.2,build_opus_synthetic_programme_v0_2.py@0.2,20260811,True,a74f063ffcc436e9c375bf5d847210eceb2c0bccfab1ea9fe72eeb96b442efd6
PRJ-DCT,PRJ-DCT-CE-03,PRJ-DCT-CE-08,0.04,SYNTHETIC_RESEARCH_FIXTURE,OG-SYNTH-0.2,A-0.2,build_opus_synthetic_programme_v0_2.py@0.2,20260811,True,cf67853f93caa193ae86a94e6c3231b29370a493f2be5fe90af2563b7315bd6e
PRJ-DCT,PRJ-DCT-CE-03,PRJ-DCT-CE-09,0.04,SYNTHETIC_RESEARCH_FIXTURE,OG-SYNTH-0.2,A-0.2,build_opus_synthetic_programme_v0_2.py@0.2,20260811,True,4219095b5af53007721c5aef2dc02e851cd83b726de7cbfd410c609ead7cc1a7
PRJ-DCT,PRJ-DCT-CE-03,PRJ-DCT-CE-10,0.04,SYNTHETIC_RESEARCH_FIXTURE,OG-SYNTH-0.2,A-0.2,build_opus_synthetic_programme_v0_2.py@0.2,20260811,True,5018af884455e77f8c746964ea0ae1917c5b2d6c53f8cf98ce34f34c3dbbea55
PRJ-DCT,PRJ-DCT-CE-04,PRJ-DCT-CE-01,0.04,SYNTHETIC_RESEARCH_FIXTURE,OG-SYNTH-0.2,A-0.2,build_opus_synthetic_programme_v0_2.py@0.2,20260811,True,12cde6d4c24095e3dcf60ea6469205eac4647c01e1804e7d0f43cdeac05b2fd3
PRJ-DCT,PRJ-DCT-CE-04,PRJ-DCT-CE-02,0.04,SYNTHETIC_RESEARCH_FIXTURE,OG-SYNTH-0.2,A-0.2,build_opus_synthetic_programme_v0_2.py@0.2,20260811,True,d39aeb89d0d03f17038bf54aecb19cd22c46082bd6c5f5a719a2c673a0a76963
PRJ-DCT,PRJ-DCT-CE-04,PRJ-DCT-CE-03,0.04,SYNTHETIC_RESEARCH_FIXTURE,OG-SYNTH-0.2,A-0.2,build_opus_synthetic_programme_v0_2.py@0.2,20260811,True,3929b8319d21f3ea2fb05cb555ba1ef8ec753d7dda1a2e4744da26570fe848e6
PRJ-DCT,PRJ-DCT-CE-04,PRJ-DCT-CE-04,1.0,SYNTHETIC_RESEARCH_FIXTURE,OG-SYNTH-0.2,A-0.2,build_opus_synthetic_programme_v0_2.py@0.2,20260811,True,a4560bc15a0d229562bbfc25dea7a5f84a16caac86c7b55a1aec198b8c543dfe
PRJ-DCT,PRJ-DCT-CE-04,PRJ-DCT-CE-05,0.25,SYNTHETIC_RESEARCH_FIXTURE,OG-SYNTH-0.2,A-0.2,build_opus_synthetic_programme_v0_2.py@0.2,20260811,True,215a150a0395970827fcb56238959c242f7760c14d5788ff782f7ba427659ad3
PRJ-DCT,PRJ-DCT-CE-04,PRJ-DCT-CE-06,0.25,SYNTHETIC_RESEARCH_FIXTURE,OG-SYNTH-0.2,A-0.2,build_opus_synthetic_programme_v0_2.py@0.2,20260811,True,98b58d01c03c13a4ffc811c0ccd9ac110511f5c34f9d271fb2d01bfa0c42fa9e
PRJ-DCT,PRJ-DCT-CE-04,PRJ-DCT-CE-07,0.04,SYNTHETIC_RESEARCH_FIXTURE,OG-SYNTH-0.2,A-0.2,build_opus_synthetic_programme_v0_2.py@0.2,20260811,True,325773eae43ad0963af261383a79d8d855b8c59eb2226c668356c4f94171410a
PRJ-DCT,PRJ-DCT-CE-04,PRJ-DCT-CE-08,0.04,SYNTHETIC_RESEARCH_FIXTURE,OG-SYNTH-0.2,A-0.2,build_opus_synthetic_programme_v0_2.py@0.2,20260811,True,edf4ec2731b4d93aa76b0ce30ed6a055c3dacad8eaad41789e24d2ecd0ee5487
PRJ-DCT,PRJ-DCT-CE-04,PRJ-DCT-CE-09,0.04,SYNTHETIC_RESEARCH_FIXTURE,OG-SYNTH-0.2,A-0.2,build_opus_synthetic_programme_v0_2.py@0.2,20260811,True,5270398a38b57ba5871e4bb158e75192fc4b4f329a29eaee0b3db6aae2a836ae
PRJ-DCT,PRJ-DCT-CE-04,PRJ-DCT-CE-10,0.04,SYNTHETIC_RESEARCH_FIXTURE,OG-SYNTH-0.2,A-0.2,build_opus_synthetic_programme_v0_2.py@0.2,20260811,True,d7a8c1a1a479b4ee994ad4742b5a84ea117080be58cdf9f7e08335e68b7a136d
PRJ-DCT,PRJ-DCT-CE-05,PRJ-DCT-CE-01,0.04,SYNTHETIC_RESEARCH_FIXTURE,OG-SYNTH-0.2,A-0.2,build_opus_synthetic_programme_v0_2.py@0.2,20260811,True,8d72d8482c36cfd46df7ecc14e0425427d4c046ed1acb2bd3b8b6f73b23d4fe7
PRJ-DCT,PRJ-DCT-CE-05,PRJ-DCT-CE-02,0.04,SYNTHETIC_RESEARCH_FIXTURE,OG-SYNTH-0.2,A-0.2,build_opus_synthetic_programme_v0_2.py@0.2,20260811,True,412ac25a068ee6e8f0a6394278bba7cbfb9a1bfab4f538c11f6499a9ab095a19
PRJ-DCT,PRJ-DCT-CE-05,PRJ-DCT-CE-03,0.04,SYNTHETIC_RESEARCH_FIXTURE,OG-SYNTH-0.2,A-0.2,build_opus_synthetic_programme_v0_2.py@0.2,20260811,True,307a4d4a394af0b73d02531d5568e9f2bf8c1df857cbf7be3b525551ffc9cb53
PRJ-DCT,PRJ-DCT-CE-05,PRJ-DCT-CE-04,0.25,SYNTHETIC_RESEARCH_FIXTURE,OG-SYNTH-0.2,A-0.2,build_opus_synthetic_programme_v0_2.py@0.2,20260811,True,27812ea72a11bddce021ba119cf3fef494084f45d447e40d69df73afbec223b2
PRJ-DCT,PRJ-DCT-CE-05,PRJ-DCT-CE-05,1.0,SYNTHETIC_RESEARCH_FIXTURE,OG-SYNTH-0.2,A-0.2,build_opus_synthetic_programme_v0_2.py@0.2,20260811,True,404078d6722df46b4bf651085f5daf7b58607b3a3245969bffb7ea70c3636e82
PRJ-DCT,PRJ-DCT-CE-05,PRJ-DCT-CE-06,0.25,SYNTHETIC_RESEARCH_FIXTURE,OG-SYNTH-0.2,A-0.2,build_opus_synthetic_programme_v0_2.py@0.2,20260811,True,860957847da11cb3f4de0e53b7b6c019a63b6131a046be0173ebf83376af0a53
PRJ-DCT,PRJ-DCT-CE-05,PRJ-DCT-CE-07,0.04,SYNTHETIC_RESEARCH_FIXTURE,OG-SYNTH-0.2,A-0.2,build_opus_synthetic_programme_v0_2.py@0.2,20260811,True,ea9958e98a9aeeaac28152aa8b45b6f2692a16c7e2b6504b5694ee3dc170f2bd
PRJ-DCT,PRJ-DCT-CE-05,PRJ-DCT-CE-08,0.04,SYNTHETIC_RESEARCH_FIXTURE,OG-SYNTH-0.2,A-0.2,build_opus_synthetic_programme_v0_2.py@0.2,20260811,True,50b48a009bc29759665beea2f6118f8e4e64d8fc4f6253be319cb315a2786ee5
PRJ-DCT,PRJ-DCT-CE-05,PRJ-DCT-CE-09,0.04,SYNTHETIC_RESEARCH_FIXTURE,OG-SYNTH-0.2,A-0.2,build_opus_synthetic_programme_v0_2.py@0.2,20260811,True,7d25426077d0801356e47abdcf97a8b91144c69e98b7997845ab8c9af3b0d1d3
PRJ-DCT,PRJ-DCT-CE-05,PRJ-DCT-CE-10,0.04,SYNTHETIC_RESEARCH_FIXTURE,OG-SYNTH-0.2,A-0.2,build_opus_synthetic_programme_v0_2.py@0.2,20260811,True,30875dd24975546737901753b832b4821d1b5a0aff625bbf987661095f9da3b9
PRJ-DCT,PRJ-DCT-CE-06,PRJ-DCT-CE-01,0.04,SYNTHETIC_RESEARCH_FIXTURE,OG-SYNTH-0.2,A-0.2,build_opus_synthetic_programme_v0_2.py@0.2,20260811,True,c0379c96c128d00ee1253bf78563ec15132ad34223a8b5603fb820e2eab91763
PRJ-DCT,PRJ-DCT-CE-06,PRJ-DCT-CE-02,0.04,SYNTHETIC_RESEARCH_FIXTURE,OG-SYNTH-0.2,A-0.2,build_opus_synthetic_programme_v0_2.py@0.2,20260811,True,5f0630bb47b30f0bbd78eb90b4953a04fd440e5e2d2eec1975329f15e16da3b7
PRJ-DCT,PRJ-DCT-CE-06,PRJ-DCT-CE-03,0.04,SYNTHETIC_RESEARCH_FIXTURE,OG-SYNTH-0.2,A-0.2,build_opus_synthetic_programme_v0_2.py@0.2,20260811,True,9204c47206569b871e95faeb17667a179feae3506a684b58070ebf9d6fc832c3
PRJ-DCT,PRJ-DCT-CE-06,PRJ-DCT-CE-04,0.25,SYNTHETIC_RESEARCH_FIXTURE,OG-SYNTH-0.2,A-0.2,build_opus_synthetic_programme_v0_2.py@0.2,20260811,True,b2b2f84529fac5f58844f5f60636ca1665df6545d0dc0c4e7798c06ad8707246
PRJ-DCT,PRJ-DCT-CE-06,PRJ-DCT-CE-05,0.25,SYNTHETIC_RESEARCH_FIXTURE,OG-SYNTH-0.2,A-0.2,build_opus_synthetic_programme_v0_2.py@0.2,20260811,True,b12df5631e0f1b1267c70bc7bc8bdfb23ef5dd1cd948f1860c4259c7e80f1822
PRJ-DCT,PRJ-DCT-CE-06,PRJ-DCT-CE-06,1.0,SYNTHETIC_RESEARCH_FIXTURE,OG-SYNTH-0.2,A-0.2,build_opus_synthetic_programme_v0_2.py@0.2,20260811,True,054c91be077f2e962d0ec61606bb3245964e55355ab031298ba64ea9a14c9aec
PRJ-DCT,PRJ-DCT-CE-06,PRJ-DCT-CE-07,0.04,SYNTHETIC_RESEARCH_FIXTURE,OG-SYNTH-0.2,A-0.2,build_opus_synthetic_programme_v0_2.py@0.2,20260811,True,4a0f4b467390694c5be33aa1eee46d82531264a85fe614ddf8ae0e25b1a8789a
PRJ-DCT,PRJ-DCT-CE-06,PRJ-DCT-CE-08,0.04,SYNTHETIC_RESEARCH_FIXTURE,OG-SYNTH-0.2,A-0.2,build_opus_synthetic_programme_v0_2.py@0.2,20260811,True,67e0dc257ff393e9888010eb3f011a16242c2df8096b9e871ee1e61b125d9155
PRJ-DCT,PRJ-DCT-CE-06,PRJ-DCT-CE-09,0.04,SYNTHETIC_RESEARCH_FIXTURE,OG-SYNTH-0.2,A-0.2,build_opus_synthetic_programme_v0_2.py@0.2,20260811,True,724b6039d49c60e518a445f1864e74bc3e65868160585f127f4cd451c1eea3cc
PRJ-DCT,PRJ-DCT-CE-06,PRJ-DCT-CE-10,0.04,SYNTHETIC_RESEARCH_FIXTURE,OG-SYNTH-0.2,A-0.2,build_opus_synthetic_programme_v0_2.py@0.2,20260811,True,7dd8a24b56cfd3990ab529f4fe50c702eff4a8892f4fef860cc4a4e38f76a91a
PRJ-DCT,PRJ-DCT-CE-07,PRJ-DCT-CE-01,0.04,SYNTHETIC_RESEARCH_FIXTURE,OG-SYNTH-0.2,A-0.2,build_opus_synthetic_programme_v0_2.py@0.2,20260811,True,9cd1ce21fb04076c12a5d8849d80638c2141bbe66267d6b4e7b25c46b5a6ffa4
PRJ-DCT,PRJ-DCT-CE-07,PRJ-DCT-CE-02,0.04,SYNTHETIC_RESEARCH_FIXTURE,OG-SYNTH-0.2,A-0.2,build_opus_synthetic_programme_v0_2.py@0.2,20260811,True,24c9f1f8c46c3b7e8418382709976d58119c4f0fefeae1f4987c3bc8f43c78ae
PRJ-DCT,PRJ-DCT-CE-07,PRJ-DCT-CE-03,0.04,SYNTHETIC_RESEARCH_FIXTURE,OG-SYNTH-0.2,A-0.2,build_opus_synthetic_programme_v0_2.py@0.2,20260811,True,95f76539a24de450ca31c7404444fffbdfc7d2f26b7069e3bbce4e2889c2904d
PRJ-DCT,PRJ-DCT-CE-07,PRJ-DCT-CE-04,0.04,SYNTHETIC_RESEARCH_FIXTURE,OG-SYNTH-0.2,A-0.2,build_opus_synthetic_programme_v0_2.py@0.2,20260811,True,e8fe9d5c0b1b5012859f411153aa1aa41858d0a004050503f8c0171bcaa5bb0a
PRJ-DCT,PRJ-DCT-CE-07,PRJ-DCT-CE-05,0.04,SYNTHETIC_RESEARCH_FIXTURE,OG-SYNTH-0.2,A-0.2,build_opus_synthetic_programme_v0_2.py@0.2,20260811,True,ef7d456c2febd7dba9ba3b1d64754cdb46de309db9072395f2c6270f51bb4843
PRJ-DCT,PRJ-DCT-CE-07,PRJ-DCT-CE-06,0.04,SYNTHETIC_RESEARCH_FIXTURE,OG-SYNTH-0.2,A-0.2,build_opus_synthetic_programme_v0_2.py@0.2,20260811,True,7665a15174e176b6e07c0578c6cc33374493f27eb741b2bc6d6edf5ac43bb5ab
PRJ-DCT,PRJ-DCT-CE-07,PRJ-DCT-CE-07,1.0,SYNTHETIC_RESEARCH_FIXTURE,OG-SYNTH-0.2,A-0.2,build_opus_synthetic_programme_v0_2.py@0.2,20260811,True,825ec0ef586c6df5c522169bb82715629eca0ec1ac9055faccabcaef875a1083
PRJ-DCT,PRJ-DCT-CE-07,PRJ-DCT-CE-08,0.25,SYNTHETIC_RESEARCH_FIXTURE,OG-SYNTH-0.2,A-0.2,build_opus_synthetic_programme_v0_2.py@0.2,20260811,True,9b02ef415625a62cec2d177696c36c5d30bfff9e500da7bfd026fdfe7242678b
PRJ-DCT,PRJ-DCT-CE-07,PRJ-DCT-CE-09,0.25,SYNTHETIC_RESEARCH_FIXTURE,OG-SYNTH-0.2,A-0.2,build_opus_synthetic_programme_v0_2.py@0.2,20260811,True,220e1a140529440cbf05b927e52bcae7bd99e78af947147d90f5893a5a4efbb5
PRJ-DCT,PRJ-DCT-CE-07,PRJ-DCT-CE-10,0.04,SYNTHETIC_RESEARCH_FIXTURE,OG-SYNTH-0.2,A-0.2,build_opus_synthetic_programme_v0_2.py@0.2,20260811,True,8b35698b715b7ceecf4b8c9d95e1e3dce52f8f4f4c2bba64bd5a78ae92cc051a
PRJ-DCT,PRJ-DCT-CE-08,PRJ-DCT-CE-01,0.04,SYNTHETIC_RESEARCH_FIXTURE,OG-SYNTH-0.2,A-0.2,build_opus_synthetic_programme_v0_2.py@0.2,20260811,True,e6629efa476638ef908900aecd128272d59efe43302510b98c829a32e35539a0
PRJ-DCT,PRJ-DCT-CE-08,PRJ-DCT-CE-02,0.04,SYNTHETIC_RESEARCH_FIXTURE,OG-SYNTH-0.2,A-0.2,build_opus_synthetic_programme_v0_2.py@0.2,20260811,True,787d2fc7951044fc8f43a2fe9f9edd836e13c470c4a2a4873565e99bba041b1d
PRJ-DCT,PRJ-DCT-CE-08,PRJ-DCT-CE-03,0.04,SYNTHETIC_RESEARCH_FIXTURE,OG-SYNTH-0.2,A-0.2,build_opus_synthetic_programme_v0_2.py@0.2,20260811,True,af3e0f7719709bbabd13e9518b89d19407e9cc143897bd53232e4ec846b7311c
PRJ-DCT,PRJ-DCT-CE-08,PRJ-DCT-CE-04,0.04,SYNTHETIC_RESEARCH_FIXTURE,OG-SYNTH-0.2,A-0.2,build_opus_synthetic_programme_v0_2.py@0.2,20260811,True,0768d1234b04d11c9c3ef378f498d19d575b330d66acf7ceaf5aba5a364616cc
PRJ-DCT,PRJ-DCT-CE-08,PRJ-DCT-CE-05,0.04,SYNTHETIC_RESEARCH_FIXTURE,OG-SYNTH-0.2,A-0.2,build_opus_synthetic_programme_v0_2.py@0.2,20260811,True,2540dcc5f9cc0786f30ab2b0924522873ca36d319ac1ffce9da1de475134b692
PRJ-DCT,PRJ-DCT-CE-08,PRJ-DCT-CE-06,0.04,SYNTHETIC_RESEARCH_FIXTURE,OG-SYNTH-0.2,A-0.2,build_opus_synthetic_programme_v0_2.py@0.2,20260811,True,3078be8611ba8056d5a1e7a85c0f4bf56fd8f8b3edb4ee58bd7d5f1dab7cbc9d
PRJ-DCT,PRJ-DCT-CE-08,PRJ-DCT-CE-07,0.25,SYNTHETIC_RESEARCH_FIXTURE,OG-SYNTH-0.2,A-0.2,build_opus_synthetic_programme_v0_2.py@0.2,20260811,True,f2298cdd1f5687c28a39ab6f054474f9dafc011d5d27eea1fcc2e549c2519b03
PRJ-DCT,PRJ-DCT-CE-08,PRJ-DCT-CE-08,1.0,SYNTHETIC_RESEARCH_FIXTURE,OG-SYNTH-0.2,A-0.2,build_opus_synthetic_programme_v0_2.py@0.2,20260811,True,d841e62865eb82b7741c110f1954e7dc11439f6a6ea25e7b39bbb4ccbfa7f740
PRJ-DCT,PRJ-DCT-CE-08,PRJ-DCT-CE-09,0.25,SYNTHETIC_RESEARCH_FIXTURE,OG-SYNTH-0.2,A-0.2,build_opus_synthetic_programme_v0_2.py@0.2,20260811,True,f5130ff2078bb6591493ad64c74cc1958c754491fafb54746b63386c85f30fe9
PRJ-DCT,PRJ-DCT-CE-08,PRJ-DCT-CE-10,0.04,SYNTHETIC_RESEARCH_FIXTURE,OG-SYNTH-0.2,A-0.2,build_opus_synthetic_programme_v0_2.py@0.2,20260811,True,1d9d0d95244cce035e878e3bc970bc0888091a565fe310f17d4e12144760cdd5
PRJ-DCT,PRJ-DCT-CE-09,PRJ-DCT-CE-01,0.04,SYNTHETIC_RESEARCH_FIXTURE,OG-SYNTH-0.2,A-0.2,build_opus_synthetic_programme_v0_2.py@0.2,20260811,True,c51b4a919c7d35a4e331cf19a9bc05f667a18d82a5482fc8b8e5975ddb3166d7
PRJ-DCT,PRJ-DCT-CE-09,PRJ-DCT-CE-02,0.04,SYNTHETIC_RESEARCH_FIXTURE,OG-SYNTH-0.2,A-0.2,build_opus_synthetic_programme_v0_2.py@0.2,20260811,True,34cfe32fd46d60f516fb76ff98a6712df4f3379c346a313f12f54e7f52d2cd38
PRJ-DCT,PRJ-DCT-CE-09,PRJ-DCT-CE-03,0.04,SYNTHETIC_RESEARCH_FIXTURE,OG-SYNTH-0.2,A-0.2,build_opus_synthetic_programme_v0_2.py@0.2,20260811,True,fbc7ea61d0d4fee39fc6e4ba8e694be9f2887c3e8d32be75e9528799882608c6
PRJ-DCT,PRJ-DCT-CE-09,PRJ-DCT-CE-04,0.04,SYNTHETIC_RESEARCH_FIXTURE,OG-SYNTH-0.2,A-0.2,build_opus_synthetic_programme_v0_2.py@0.2,20260811,True,3817b83d86c8975e9388cfeb12781bb345293ac447ffa8c852deb9f6335006b8
PRJ-DCT,PRJ-DCT-CE-09,PRJ-DCT-CE-05,0.04,SYNTHETIC_RESEARCH_FIXTURE,OG-SYNTH-0.2,A-0.2,build_opus_synthetic_programme_v0_2.py@0.2,20260811,True,7e9994151ad17c9ff4d34522bb7df31a484fed5231f5e59983f2f8aa39fdbf4b
PRJ-DCT,PRJ-DCT-CE-09,PRJ-DCT-CE-06,0.04,SYNTHETIC_RESEARCH_FIXTURE,OG-SYNTH-0.2,A-0.2,build_opus_synthetic_programme_v0_2.py@0.2,20260811,True,5e5a561c6eb2668c2e81edf9eea803e717619b2f58ce906139787d5a07f179f0
PRJ-DCT,PRJ-DCT-CE-09,PRJ-DCT-CE-07,0.25,SYNTHETIC_RESEARCH_FIXTURE,OG-SYNTH-0.2,A-0.2,build_opus_synthetic_programme_v0_2.py@0.2,20260811,True,cf0dd43d208bafc485f21e2b7d5026f93bfbc76cefe8178e53f9b3176a937f4c
PRJ-DCT,PRJ-DCT-CE-09,PRJ-DCT-CE-08,0.25,SYNTHETIC_RESEARCH_FIXTURE,OG-SYNTH-0.2,A-0.2,build_opus_synthetic_programme_v0_2.py@0.2,20260811,True,f0741d01efdd8dec09f9e1314a121bbeae1a5f8cbd4db1c417b8ef5ac810b5f3
PRJ-DCT,PRJ-DCT-CE-09,PRJ-DCT-CE-09,1.0,SYNTHETIC_RESEARCH_FIXTURE,OG-SYNTH-0.2,A-0.2,build_opus_synthetic_programme_v0_2.py@0.2,20260811,True,5ee1d328464f6b2a22dd2f1740db695abbaf2643f60286f7a4c8c89de4e932a6
PRJ-DCT,PRJ-DCT-CE-09,PRJ-DCT-CE-10,0.04,SYNTHETIC_RESEARCH_FIXTURE,OG-SYNTH-0.2,A-0.2,build_opus_synthetic_programme_v0_2.py@0.2,20260811,True,0257b75f6ec763288461c81f4dd5ffbc19f1913ec76bd78ba2a241175fb20316
PRJ-DCT,PRJ-DCT-CE-10,PRJ-DCT-CE-01,0.04,SYNTHETIC_RESEARCH_FIXTURE,OG-SYNTH-0.2,A-0.2,build_opus_synthetic_programme_v0_2.py@0.2,20260811,True,9bee724d23540cc8b85de5112522987bbb75d480e12bfde50d86415935e7fba2
PRJ-DCT,PRJ-DCT-CE-10,PRJ-DCT-CE-02,0.04,SYNTHETIC_RESEARCH_FIXTURE,OG-SYNTH-0.2,A-0.2,build_opus_synthetic_programme_v0_2.py@0.2,20260811,True,d953a8d3dddf56446d918adf2ca2794df70015519ea2352b0b42598871505d71
PRJ-DCT,PRJ-DCT-CE-10,PRJ-DCT-CE-03,0.04,SYNTHETIC_RESEARCH_FIXTURE,OG-SYNTH-0.2,A-0.2,build_opus_synthetic_programme_v0_2.py@0.2,20260811,True,51a3db57b26f6cd5814859aa90184c5a45d76e13fd9ecf472dddc1f0a5a68def
PRJ-DCT,PRJ-DCT-CE-10,PRJ-DCT-CE-04,0.04,SYNTHETIC_RESEARCH_FIXTURE,OG-SYNTH-0.2,A-0.2,build_opus_synthetic_programme_v0_2.py@0.2,20260811,True,34b1718e2b0f54e766b052ffa7bded210f58bfb16105bfee3a741b8987b6a8c9
PRJ-DCT,PRJ-DCT-CE-10,PRJ-DCT-CE-05,0.04,SYNTHETIC_RESEARCH_FIXTURE,OG-SYNTH-0.2,A-0.2,build_opus_synthetic_programme_v0_2.py@0.2,20260811,True,b6fc1dfade6e0234cc9d6d466ef7df66b1e44a1cf1d7d76072664cd5bda025f5
PRJ-DCT,PRJ-DCT-CE-10,PRJ-DCT-CE-06,0.04,SYNTHETIC_RESEARCH_FIXTURE,OG-SYNTH-0.2,A-0.2,build_opus_synthetic_programme_v0_2.py@0.2,20260811,True,767a9ec5992e980e90c52087d35b91a332d0dbbc6fd346857302f5d2405d3aec
PRJ-DCT,PRJ-DCT-CE-10,PRJ-DCT-CE-07,0.04,SYNTHETIC_RESEARCH_FIXTURE,OG-SYNTH-0.2,A-0.2,build_opus_synthetic_programme_v0_2.py@0.2,20260811,True,a058bc463189148748f0eb21f2a647a0db90f39fb74d475bda1660e37c21eee0
PRJ-DCT,PRJ-DCT-CE-10,PRJ-DCT-CE-08,0.04,SYNTHETIC_RESEARCH_FIXTURE,OG-SYNTH-0.2,A-0.2,build_opus_synthetic_programme_v0_2.py@0.2,20260811,True,5d444fb73639e4dfc85abd3103a29f636ca74c31cd013c24169366b2525b5451
PRJ-DCT,PRJ-DCT-CE-10,PRJ-DCT-CE-09,0.04,SYNTHETIC_RESEARCH_FIXTURE,OG-SYNTH-0.2,A-0.2,build_opus_synthetic_programme_v0_2.py@0.2,20260811,True,140e89b6736bce552d241c28d615119d471a4c576a5884f05195279d25be69d7
PRJ-DCT,PRJ-DCT-CE-10,PRJ-DCT-CE-10,1.0,SYNTHETIC_RESEARCH_FIXTURE,OG-SYNTH-0.2,A-0.2,build_opus_synthetic_programme_v0_2.py@0.2,20260811,True,1897afab55b0aad37d72cbf504308bcd77bff1a132e4d5d4c90232d3426f1486
