project_id,entity_id,event_id,event_type,queue_id,resource_id,event_arrival_day,event_start_day,event_end_day,wait_days,service_duration_days,routing_rule,data_origin,programme_version,package_version,generator_version,random_seed,not_for_empirical_validation,record_hash
PRJ-AIR,PRJ-AIR-ITEM-001,PRJ-AIR-ITEM-001-REVIEW,REVIEW,Q-REVIEW,REVIEW-SERVER-1,6.074264,6.074264,8.991355,0.0,2.91709,SEQUENTIAL_PIPELINE,SYNTHETIC_RESEARCH_FIXTURE,OG-SYNTH-0.2,A-0.2,build_opus_synthetic_programme_v0_2.py@0.2,20260811,True,042758fd87eb191ef9d5653f75d628360a38a5bcd830ee6488f2633c92ffa591
PRJ-AIR,PRJ-AIR-ITEM-001,PRJ-AIR-ITEM-001-FABRICATION,FABRICATION,Q-FABRICATION,FABRICATION-SERVER-1,8.991355,8.991355,26.3211,0.0,17.329746,SEQUENTIAL_PIPELINE,SYNTHETIC_RESEARCH_FIXTURE,OG-SYNTH-0.2,A-0.2,build_opus_synthetic_programme_v0_2.py@0.2,20260811,True,ec9d7b2a8c4b8a2b77511f7ee398ca5ecf5ef3e6262ec6a9f3947ad9eb25c667
PRJ-AIR,PRJ-AIR-ITEM-001,PRJ-AIR-ITEM-001-SHIPPING,SHIPPING,Q-SHIPPING,SHIPPING-SERVER-1,26.3211,26.3211,32.520009,0.0,6.198908,SEQUENTIAL_PIPELINE,SYNTHETIC_RESEARCH_FIXTURE,OG-SYNTH-0.2,A-0.2,build_opus_synthetic_programme_v0_2.py@0.2,20260811,True,b15d781076d3a5646779850cbac436425211e6ae7d08aabcdf04997e054d01ea
PRJ-AIR,PRJ-AIR-ITEM-001,PRJ-AIR-ITEM-001-DELIVERY,DELIVERY,Q-DELIVERY,DELIVERY-SERVER-1,32.520009,32.520009,33.788172,0.0,1.268164,SEQUENTIAL_PIPELINE,SYNTHETIC_RESEARCH_FIXTURE,OG-SYNTH-0.2,A-0.2,build_opus_synthetic_programme_v0_2.py@0.2,20260811,True,ddced29b2cff29115bf0618d9d2d887ddea90d97663df91401b2bdd28c397d64
PRJ-AIR,PRJ-AIR-ITEM-002,PRJ-AIR-ITEM-002-REVIEW,REVIEW,Q-REVIEW,REVIEW-SERVER-2,5.012644,5.012644,7.93388,0.0,2.921235,SEQUENTIAL_PIPELINE,SYNTHETIC_RESEARCH_FIXTURE,OG-SYNTH-0.2,A-0.2,build_opus_synthetic_programme_v0_2.py@0.2,20260811,True,d070daddb1e74e7904ad780ac9b39e1ef674ce3f6533ab9697c5f975f9d3da7e
PRJ-AIR,PRJ-AIR-ITEM-002,PRJ-AIR-ITEM-002-FABRICATION,FABRICATION,Q-FABRICATION,FABRICATION-SERVER-2,7.93388,7.93388,20.481802,0.0,12.547922,SEQUENTIAL_PIPELINE,SYNTHETIC_RESEARCH_FIXTURE,OG-SYNTH-0.2,A-0.2,build_opus_synthetic_programme_v0_2.py@0.2,20260811,True,bf159d4593ad8223462385ae31809f57c915ff0b4634b6bbc3f5004186a8c8af
PRJ-AIR,PRJ-AIR-ITEM-002,PRJ-AIR-ITEM-002-SHIPPING,SHIPPING,Q-SHIPPING,SHIPPING-SERVER-2,20.481802,20.481802,27.495441,0.0,7.013639,SEQUENTIAL_PIPELINE,SYNTHETIC_RESEARCH_FIXTURE,OG-SYNTH-0.2,A-0.2,build_opus_synthetic_programme_v0_2.py@0.2,20260811,True,90204038e3358e749e36b6840931920446f5e2eea16870865d2e28ec8a144cea
PRJ-AIR,PRJ-AIR-ITEM-002,PRJ-AIR-ITEM-002-DELIVERY,DELIVERY,Q-DELIVERY,DELIVERY-SERVER-2,27.495441,27.495441,28.966475,0.0,1.471034,SEQUENTIAL_PIPELINE,SYNTHETIC_RESEARCH_FIXTURE,OG-SYNTH-0.2,A-0.2,build_opus_synthetic_programme_v0_2.py@0.2,20260811,True,b3b60a7407d37f7306818b108dc1e592800780ec381f14ef4c983756ae76be83
PRJ-AIR,PRJ-AIR-ITEM-003,PRJ-AIR-ITEM-003-REVIEW,REVIEW,Q-REVIEW,REVIEW-SERVER-2,9.336677,9.336677,11.208593,0.0,1.871915,SEQUENTIAL_PIPELINE,SYNTHETIC_RESEARCH_FIXTURE,OG-SYNTH-0.2,A-0.2,build_opus_synthetic_programme_v0_2.py@0.2,20260811,True,f9a347d2ec16a568e04d1728104cbe3498841d33bdd3e763e1437de9025bfd9b
PRJ-AIR,PRJ-AIR-ITEM-003,PRJ-AIR-ITEM-003-FABRICATION,FABRICATION,Q-FABRICATION,FABRICATION-SERVER-3,11.208593,11.208593,24.254837,0.0,13.046245,SEQUENTIAL_PIPELINE,SYNTHETIC_RESEARCH_FIXTURE,OG-SYNTH-0.2,A-0.2,build_opus_synthetic_programme_v0_2.py@0.2,20260811,True,db3f2aecd5c831a3224baa0c400ae48734ee9ac69c32209f81aa16d3210e9cff
PRJ-AIR,PRJ-AIR-ITEM-003,PRJ-AIR-ITEM-003-SHIPPING,SHIPPING,Q-SHIPPING,SHIPPING-SERVER-2,24.254837,27.495441,31.289955,3.240603,3.794514,SEQUENTIAL_PIPELINE,SYNTHETIC_RESEARCH_FIXTURE,OG-SYNTH-0.2,A-0.2,build_opus_synthetic_programme_v0_2.py@0.2,20260811,True,37a6cfebcbf5f0d0e42f319f49d21eb08cdb18dbd13eab9143c0d32436c0d2fd
PRJ-AIR,PRJ-AIR-ITEM-003,PRJ-AIR-ITEM-003-DELIVERY,DELIVERY,Q-DELIVERY,DELIVERY-SERVER-3,31.289955,31.289955,32.681243,0.0,1.391288,SEQUENTIAL_PIPELINE,SYNTHETIC_RESEARCH_FIXTURE,OG-SYNTH-0.2,A-0.2,build_opus_synthetic_programme_v0_2.py@0.2,20260811,True,dc3a5ba1b0376f85dcdc49b5827a144b0bad0437446b0da7e05bf208f9709787
PRJ-AIR,PRJ-AIR-ITEM-004,PRJ-AIR-ITEM-004-REVIEW,REVIEW,Q-REVIEW,REVIEW-SERVER-1,12.506511,12.506511,15.697847,0.0,3.191336,SEQUENTIAL_PIPELINE,SYNTHETIC_RESEARCH_FIXTURE,OG-SYNTH-0.2,A-0.2,build_opus_synthetic_programme_v0_2.py@0.2,20260811,True,f5dabcc94b1853b6381dfdc30ea4bae8bb3b4edf7e34e59e4f184e50de06e49d
PRJ-AIR,PRJ-AIR-ITEM-004,PRJ-AIR-ITEM-004-FABRICATION,FABRICATION,Q-FABRICATION,FABRICATION-SERVER-2,15.697847,20.481802,33.782097,4.783954,13.300295,SEQUENTIAL_PIPELINE,SYNTHETIC_RESEARCH_FIXTURE,OG-SYNTH-0.2,A-0.2,build_opus_synthetic_programme_v0_2.py@0.2,20260811,True,64447ea580f77b7d21add83993bc9d02c32cfb5d3d3ee4547274f981d1909c42
PRJ-AIR,PRJ-AIR-ITEM-004,PRJ-AIR-ITEM-004-SHIPPING,SHIPPING,Q-SHIPPING,SHIPPING-SERVER-2,33.782097,33.782097,38.728938,0.0,4.946841,SEQUENTIAL_PIPELINE,SYNTHETIC_RESEARCH_FIXTURE,OG-SYNTH-0.2,A-0.2,build_opus_synthetic_programme_v0_2.py@0.2,20260811,True,7d6a3fe4291d8900e51598da8159a352e5237a1150c15152cac1604b261da9de
PRJ-AIR,PRJ-AIR-ITEM-004,PRJ-AIR-ITEM-004-DELIVERY,DELIVERY,Q-DELIVERY,DELIVERY-SERVER-4,38.728938,38.728938,40.692301,0.0,1.963364,SEQUENTIAL_PIPELINE,SYNTHETIC_RESEARCH_FIXTURE,OG-SYNTH-0.2,A-0.2,build_opus_synthetic_programme_v0_2.py@0.2,20260811,True,3c6b0e98ef599b35698c9fdfdd4285c764cd92b2dd87659904b3b96231344f47
PRJ-AIR,PRJ-AIR-ITEM-005,PRJ-AIR-ITEM-005-REVIEW,REVIEW,Q-REVIEW,REVIEW-SERVER-2,14.418297,14.418297,18.102768,0.0,3.68447,SEQUENTIAL_PIPELINE,SYNTHETIC_RESEARCH_FIXTURE,OG-SYNTH-0.2,A-0.2,build_opus_synthetic_programme_v0_2.py@0.2,20260811,True,a1cc2d15533b01b2c42f7578a2596822cbfd2633fa2656919ffb6bcdac97c4b4
PRJ-AIR,PRJ-AIR-ITEM-005,PRJ-AIR-ITEM-005-FABRICATION,FABRICATION,Q-FABRICATION,FABRICATION-SERVER-3,18.102768,24.254837,47.805181,6.15207,23.550344,SEQUENTIAL_PIPELINE,SYNTHETIC_RESEARCH_FIXTURE,OG-SYNTH-0.2,A-0.2,build_opus_synthetic_programme_v0_2.py@0.2,20260811,True,9c10ce9d3ab1e43eafb1e9c7b546547f3808a0fc4b9e8466fd0896f004bf81c5
PRJ-AIR,PRJ-AIR-ITEM-005,PRJ-AIR-ITEM-005-SHIPPING,SHIPPING,Q-SHIPPING,SHIPPING-SERVER-1,47.805181,47.805181,52.922508,0.0,5.117327,SEQUENTIAL_PIPELINE,SYNTHETIC_RESEARCH_FIXTURE,OG-SYNTH-0.2,A-0.2,build_opus_synthetic_programme_v0_2.py@0.2,20260811,True,2b8645b52eb3c34765a4ce7b2f15b648ddbab1708859ee49450adb26bb29aa9f
PRJ-AIR,PRJ-AIR-ITEM-005,PRJ-AIR-ITEM-005-DELIVERY,DELIVERY,Q-DELIVERY,DELIVERY-SERVER-2,52.922508,52.922508,54.350777,0.0,1.428269,SEQUENTIAL_PIPELINE,SYNTHETIC_RESEARCH_FIXTURE,OG-SYNTH-0.2,A-0.2,build_opus_synthetic_programme_v0_2.py@0.2,20260811,True,e3cc3984fb8e80e67c2c9a3c0fcd1238c948b9861ebf68896ebe9633bc7290fe
PRJ-AIR,PRJ-AIR-ITEM-006,PRJ-AIR-ITEM-006-REVIEW,REVIEW,Q-REVIEW,REVIEW-SERVER-1,10.205368,15.697847,18.431168,5.492479,2.733321,SEQUENTIAL_PIPELINE,SYNTHETIC_RESEARCH_FIXTURE,OG-SYNTH-0.2,A-0.2,build_opus_synthetic_programme_v0_2.py@0.2,20260811,True,3295306df617465581fa244e1e8fb4f71c13df1fba7b49bbb749815023e9cfc2
PRJ-AIR,PRJ-AIR-ITEM-006,PRJ-AIR-ITEM-006-FABRICATION,FABRICATION,Q-FABRICATION,FABRICATION-SERVER-1,18.431168,26.3211,42.003167,7.889933,15.682067,SEQUENTIAL_PIPELINE,SYNTHETIC_RESEARCH_FIXTURE,OG-SYNTH-0.2,A-0.2,build_opus_synthetic_programme_v0_2.py@0.2,20260811,True,3ce30e90c5609cf04faeb23aa81e8baa3b9d00c03c2bf26acfc5f6baaab57055
PRJ-AIR,PRJ-AIR-ITEM-006,PRJ-AIR-ITEM-006-SHIPPING,SHIPPING,Q-SHIPPING,SHIPPING-SERVER-2,42.003167,42.003167,49.675766,0.0,7.672599,SEQUENTIAL_PIPELINE,SYNTHETIC_RESEARCH_FIXTURE,OG-SYNTH-0.2,A-0.2,build_opus_synthetic_programme_v0_2.py@0.2,20260811,True,b86f9fa3de4025756f9839fd77400ff7d2029fd083206e3c3943dcf4080f7ad9
PRJ-AIR,PRJ-AIR-ITEM-006,PRJ-AIR-ITEM-006-DELIVERY,DELIVERY,Q-DELIVERY,DELIVERY-SERVER-3,49.675766,49.675766,51.764252,0.0,2.088486,SEQUENTIAL_PIPELINE,SYNTHETIC_RESEARCH_FIXTURE,OG-SYNTH-0.2,A-0.2,build_opus_synthetic_programme_v0_2.py@0.2,20260811,True,6173d1f41bf1d5f575579627be2d5800bfcce8a561251697ef54f982989633f3
PRJ-AIR,PRJ-AIR-ITEM-007,PRJ-AIR-ITEM-007-REVIEW,REVIEW,Q-REVIEW,REVIEW-SERVER-2,9.533089,18.102768,20.556746,8.569678,2.453978,SEQUENTIAL_PIPELINE,SYNTHETIC_RESEARCH_FIXTURE,OG-SYNTH-0.2,A-0.2,build_opus_synthetic_programme_v0_2.py@0.2,20260811,True,70c8be9eb64f21a90f029b0ecf0e745c485859354531a3ab36d21531164b21a1
PRJ-AIR,PRJ-AIR-ITEM-007,PRJ-AIR-ITEM-007-FABRICATION,FABRICATION,Q-FABRICATION,FABRICATION-SERVER-2,20.556746,33.782097,42.623482,13.225351,8.841385,SEQUENTIAL_PIPELINE,SYNTHETIC_RESEARCH_FIXTURE,OG-SYNTH-0.2,A-0.2,build_opus_synthetic_programme_v0_2.py@0.2,20260811,True,f74a87e029f46522fcd3d16c0b932b78057fd8d2bc208ac0b91fa2d3e6746fb3
PRJ-AIR,PRJ-AIR-ITEM-007,PRJ-AIR-ITEM-007-SHIPPING,SHIPPING,Q-SHIPPING,SHIPPING-SERVER-2,42.623482,49.675766,54.365502,7.052284,4.689736,SEQUENTIAL_PIPELINE,SYNTHETIC_RESEARCH_FIXTURE,OG-SYNTH-0.2,A-0.2,build_opus_synthetic_programme_v0_2.py@0.2,20260811,True,982e93f371279dc5bf46f7aa24a222c505ff57ee33ed92bd416f2bdbdfd2b608
PRJ-AIR,PRJ-AIR-ITEM-007,PRJ-AIR-ITEM-007-DELIVERY,DELIVERY,Q-DELIVERY,DELIVERY-SERVER-1,54.365502,54.365502,55.734715,0.0,1.369213,SEQUENTIAL_PIPELINE,SYNTHETIC_RESEARCH_FIXTURE,OG-SYNTH-0.2,A-0.2,build_opus_synthetic_programme_v0_2.py@0.2,20260811,True,1de716581c43d85a22efd942d3bc2556de08cef4a43f51b701db6d291a95a572
PRJ-AIR,PRJ-AIR-ITEM-008,PRJ-AIR-ITEM-008-REVIEW,REVIEW,Q-REVIEW,REVIEW-SERVER-1,12.517374,18.431168,22.429191,5.913794,3.998024,SEQUENTIAL_PIPELINE,SYNTHETIC_RESEARCH_FIXTURE,OG-SYNTH-0.2,A-0.2,build_opus_synthetic_programme_v0_2.py@0.2,20260811,True,0c4ea1af7a13162b4043bab210c0b03e043f9faf022649cc85e3d579f2d3f210
PRJ-AIR,PRJ-AIR-ITEM-008,PRJ-AIR-ITEM-008-FABRICATION,FABRICATION,Q-FABRICATION,FABRICATION-SERVER-1,22.429191,42.003167,53.156638,19.573975,11.153471,SEQUENTIAL_PIPELINE,SYNTHETIC_RESEARCH_FIXTURE,OG-SYNTH-0.2,A-0.2,build_opus_synthetic_programme_v0_2.py@0.2,20260811,True,d0c80aed8f61370f47762d106271ec0687038d0e386b6d1f94a784654c797633
PRJ-AIR,PRJ-AIR-ITEM-008,PRJ-AIR-ITEM-008-SHIPPING,SHIPPING,Q-SHIPPING,SHIPPING-SERVER-1,53.156638,53.156638,57.942969,0.0,4.786331,SEQUENTIAL_PIPELINE,SYNTHETIC_RESEARCH_FIXTURE,OG-SYNTH-0.2,A-0.2,build_opus_synthetic_programme_v0_2.py@0.2,20260811,True,5a0c0139c661450961cd5846bd86149f7069a8d5d9437f785e2b77f072358072
PRJ-AIR,PRJ-AIR-ITEM-008,PRJ-AIR-ITEM-008-DELIVERY,DELIVERY,Q-DELIVERY,DELIVERY-SERVER-4,57.942969,57.942969,59.467781,0.0,1.524812,SEQUENTIAL_PIPELINE,SYNTHETIC_RESEARCH_FIXTURE,OG-SYNTH-0.2,A-0.2,build_opus_synthetic_programme_v0_2.py@0.2,20260811,True,c4444939d2692ae6146cd49b472108568c2767cc2a7b6dc5cadd4f6ebda5ac7d
PRJ-AIR,PRJ-AIR-ITEM-009,PRJ-AIR-ITEM-009-REVIEW,REVIEW,Q-REVIEW,REVIEW-SERVER-2,14.053059,20.556746,22.328429,6.503687,1.771683,SEQUENTIAL_PIPELINE,SYNTHETIC_RESEARCH_FIXTURE,OG-SYNTH-0.2,A-0.2,build_opus_synthetic_programme_v0_2.py@0.2,20260811,True,70bcbb8830727d5e138a19a83207d75f9c618081f85cb867e6f1f83196392c1c
PRJ-AIR,PRJ-AIR-ITEM-009,PRJ-AIR-ITEM-009-FABRICATION,FABRICATION,Q-FABRICATION,FABRICATION-SERVER-2,22.328429,42.623482,50.912322,20.295053,8.288841,SEQUENTIAL_PIPELINE,SYNTHETIC_RESEARCH_FIXTURE,OG-SYNTH-0.2,A-0.2,build_opus_synthetic_programme_v0_2.py@0.2,20260811,True,ee4069093effb1a594856d984f2ca1e7a7d0cba618bd1a7a0fc560403667018d
PRJ-AIR,PRJ-AIR-ITEM-009,PRJ-AIR-ITEM-009-SHIPPING,SHIPPING,Q-SHIPPING,SHIPPING-SERVER-2,50.912322,54.365502,62.612719,3.45318,8.247218,SEQUENTIAL_PIPELINE,SYNTHETIC_RESEARCH_FIXTURE,OG-SYNTH-0.2,A-0.2,build_opus_synthetic_programme_v0_2.py@0.2,20260811,True,6663ee95261fe449a4261af471c1fa421fe3b45ade60997ffe42fd9061088b08
PRJ-AIR,PRJ-AIR-ITEM-009,PRJ-AIR-ITEM-009-DELIVERY,DELIVERY,Q-DELIVERY,DELIVERY-SERVER-3,62.612719,62.612719,63.879242,0.0,1.266523,SEQUENTIAL_PIPELINE,SYNTHETIC_RESEARCH_FIXTURE,OG-SYNTH-0.2,A-0.2,build_opus_synthetic_programme_v0_2.py@0.2,20260811,True,8dd537527930618994cff0fff94276378f5f23b5b94021d7e41f2c78b0d5938f
PRJ-AIR,PRJ-AIR-ITEM-010,PRJ-AIR-ITEM-010-REVIEW,REVIEW,Q-REVIEW,REVIEW-SERVER-2,4.441756,22.328429,26.053559,17.886673,3.72513,SEQUENTIAL_PIPELINE,SYNTHETIC_RESEARCH_FIXTURE,OG-SYNTH-0.2,A-0.2,build_opus_synthetic_programme_v0_2.py@0.2,20260811,True,4233652481abb033006daf7db3b1c85653541ead8c64eba9e2ab55125f3733cc
PRJ-AIR,PRJ-AIR-ITEM-010,PRJ-AIR-ITEM-010-FABRICATION,FABRICATION,Q-FABRICATION,FABRICATION-SERVER-3,26.053559,47.805181,65.638156,21.751622,17.832975,SEQUENTIAL_PIPELINE,SYNTHETIC_RESEARCH_FIXTURE,OG-SYNTH-0.2,A-0.2,build_opus_synthetic_programme_v0_2.py@0.2,20260811,True,45ca66c2959420e27941396192a705a69fbcad4bc81d025273f0964e1330699c
PRJ-AIR,PRJ-AIR-ITEM-010,PRJ-AIR-ITEM-010-SHIPPING,SHIPPING,Q-SHIPPING,SHIPPING-SERVER-1,65.638156,65.638156,72.940283,0.0,7.302128,SEQUENTIAL_PIPELINE,SYNTHETIC_RESEARCH_FIXTURE,OG-SYNTH-0.2,A-0.2,build_opus_synthetic_programme_v0_2.py@0.2,20260811,True,a01220ec22fb4adf71b0586d0e9791badc72dea361d698cc92f1ed7a52503353
PRJ-AIR,PRJ-AIR-ITEM-010,PRJ-AIR-ITEM-010-DELIVERY,DELIVERY,Q-DELIVERY,DELIVERY-SERVER-2,72.940283,72.940283,74.34264,0.0,1.402357,SEQUENTIAL_PIPELINE,SYNTHETIC_RESEARCH_FIXTURE,OG-SYNTH-0.2,A-0.2,build_opus_synthetic_programme_v0_2.py@0.2,20260811,True,84d9072623e26a2613f290a6886f03e5648da794de0f4000472c73d7fa370dea
PRJ-AIR,PRJ-AIR-ITEM-011,PRJ-AIR-ITEM-011-REVIEW,REVIEW,Q-REVIEW,REVIEW-SERVER-1,14.761098,22.429191,26.143112,7.668094,3.713921,SEQUENTIAL_PIPELINE,SYNTHETIC_RESEARCH_FIXTURE,OG-SYNTH-0.2,A-0.2,build_opus_synthetic_programme_v0_2.py@0.2,20260811,True,aad3de6753f577e7518eb79046af74a30b15876db403224114ee79269e197872
PRJ-AIR,PRJ-AIR-ITEM-011,PRJ-AIR-ITEM-011-FABRICATION,FABRICATION,Q-FABRICATION,FABRICATION-SERVER-2,26.143112,50.912322,57.685247,24.76921,6.772925,SEQUENTIAL_PIPELINE,SYNTHETIC_RESEARCH_FIXTURE,OG-SYNTH-0.2,A-0.2,build_opus_synthetic_programme_v0_2.py@0.2,20260811,True,72fea2932dd6cfe19ffeb9339120898c23e64347528f9306d0fa536a69f61939
PRJ-AIR,PRJ-AIR-ITEM-011,PRJ-AIR-ITEM-011-SHIPPING,SHIPPING,Q-SHIPPING,SHIPPING-SERVER-2,57.685247,62.612719,67.899278,4.927472,5.286558,SEQUENTIAL_PIPELINE,SYNTHETIC_RESEARCH_FIXTURE,OG-SYNTH-0.2,A-0.2,build_opus_synthetic_programme_v0_2.py@0.2,20260811,True,bc5fddeb5743016a3dbfe436536057c7fc74590d51951c0d9a56fdb493edda4c
PRJ-AIR,PRJ-AIR-ITEM-011,PRJ-AIR-ITEM-011-DELIVERY,DELIVERY,Q-DELIVERY,DELIVERY-SERVER-1,67.899278,67.899278,69.716187,0.0,1.816909,SEQUENTIAL_PIPELINE,SYNTHETIC_RESEARCH_FIXTURE,OG-SYNTH-0.2,A-0.2,build_opus_synthetic_programme_v0_2.py@0.2,20260811,True,c72c6bd2437c27942ddc2cc8349f2d68435fb1dee73b06ccef42a0ef658f45c2
PRJ-AIR,PRJ-AIR-ITEM-012,PRJ-AIR-ITEM-012-REVIEW,REVIEW,Q-REVIEW,REVIEW-SERVER-2,3.923238,26.053559,28.981625,22.130321,2.928066,SEQUENTIAL_PIPELINE,SYNTHETIC_RESEARCH_FIXTURE,OG-SYNTH-0.2,A-0.2,build_opus_synthetic_programme_v0_2.py@0.2,20260811,True,7e5b257056cbbfff73b0c10d246969ee4f077a6565b8c3c30afef162d3405a13
PRJ-AIR,PRJ-AIR-ITEM-012,PRJ-AIR-ITEM-012-FABRICATION,FABRICATION,Q-FABRICATION,FABRICATION-SERVER-1,28.981625,53.156638,63.609902,24.175013,10.453264,SEQUENTIAL_PIPELINE,SYNTHETIC_RESEARCH_FIXTURE,OG-SYNTH-0.2,A-0.2,build_opus_synthetic_programme_v0_2.py@0.2,20260811,True,cda1d23c06ca603a5e5c5adf59ef46a990e671324fd87e45d970edfaa486774d
PRJ-AIR,PRJ-AIR-ITEM-012,PRJ-AIR-ITEM-012-SHIPPING,SHIPPING,Q-SHIPPING,SHIPPING-SERVER-2,63.609902,67.899278,72.850931,4.289376,4.951653,SEQUENTIAL_PIPELINE,SYNTHETIC_RESEARCH_FIXTURE,OG-SYNTH-0.2,A-0.2,build_opus_synthetic_programme_v0_2.py@0.2,20260811,True,0e90bdca32c51de6af5b76a02e3019abb9e729d11da81e0724c1da8fc1f786b1
PRJ-AIR,PRJ-AIR-ITEM-012,PRJ-AIR-ITEM-012-DELIVERY,DELIVERY,Q-DELIVERY,DELIVERY-SERVER-4,72.850931,72.850931,73.73099,0.0,0.880059,SEQUENTIAL_PIPELINE,SYNTHETIC_RESEARCH_FIXTURE,OG-SYNTH-0.2,A-0.2,build_opus_synthetic_programme_v0_2.py@0.2,20260811,True,981b7b662630c62a231eba34a619345b9bd465527ee960bc61992b3c94df2f58
PRJ-AIR,PRJ-AIR-ITEM-013,PRJ-AIR-ITEM-013-REVIEW,REVIEW,Q-REVIEW,REVIEW-SERVER-1,0.101357,26.143112,28.640552,26.041755,2.497439,SEQUENTIAL_PIPELINE,SYNTHETIC_RESEARCH_FIXTURE,OG-SYNTH-0.2,A-0.2,build_opus_synthetic_programme_v0_2.py@0.2,20260811,True,63a9d393eabad915b6a72d6d0576bcf3d4c26fb7b33ad7c798272aa4f179593b
PRJ-AIR,PRJ-AIR-ITEM-013,PRJ-AIR-ITEM-013-FABRICATION,FABRICATION,Q-FABRICATION,FABRICATION-SERVER-2,28.640552,57.685247,77.911076,29.044696,20.225829,SEQUENTIAL_PIPELINE,SYNTHETIC_RESEARCH_FIXTURE,OG-SYNTH-0.2,A-0.2,build_opus_synthetic_programme_v0_2.py@0.2,20260811,True,aebb377843bc1e7c18a3e86e3a6dbd4eca0eef3d257bffe5e76477037965f7c8
PRJ-AIR,PRJ-AIR-ITEM-013,PRJ-AIR-ITEM-013-SHIPPING,SHIPPING,Q-SHIPPING,SHIPPING-SERVER-2,77.911076,77.911076,87.27391,0.0,9.362834,SEQUENTIAL_PIPELINE,SYNTHETIC_RESEARCH_FIXTURE,OG-SYNTH-0.2,A-0.2,build_opus_synthetic_programme_v0_2.py@0.2,20260811,True,73a3ec4222961490c699e3ea64cb30aafc1ca3dccf31e3eaf81e6a958d045e09
PRJ-AIR,PRJ-AIR-ITEM-013,PRJ-AIR-ITEM-013-DELIVERY,DELIVERY,Q-DELIVERY,DELIVERY-SERVER-3,87.27391,87.27391,88.853124,0.0,1.579214,SEQUENTIAL_PIPELINE,SYNTHETIC_RESEARCH_FIXTURE,OG-SYNTH-0.2,A-0.2,build_opus_synthetic_programme_v0_2.py@0.2,20260811,True,c5039b15a264401b0eafeeb3770f406c2469685a8c7120469dcbcaa124e2e0d0
PRJ-AIR,PRJ-AIR-ITEM-014,PRJ-AIR-ITEM-014-REVIEW,REVIEW,Q-REVIEW,REVIEW-SERVER-1,14.669975,28.640552,31.153258,13.970577,2.512706,SEQUENTIAL_PIPELINE,SYNTHETIC_RESEARCH_FIXTURE,OG-SYNTH-0.2,A-0.2,build_opus_synthetic_programme_v0_2.py@0.2,20260811,True,a4f719f21cd01da348955c65b239d5f5276d50a66f69e6a8bb1a01d0a5d74c99
PRJ-AIR,PRJ-AIR-ITEM-014,PRJ-AIR-ITEM-014-FABRICATION,FABRICATION,Q-FABRICATION,FABRICATION-SERVER-1,31.153258,63.609902,72.849642,32.456644,9.23974,SEQUENTIAL_PIPELINE,SYNTHETIC_RESEARCH_FIXTURE,OG-SYNTH-0.2,A-0.2,build_opus_synthetic_programme_v0_2.py@0.2,20260811,True,c0bc87ae88c7eb9abade4e8cda72f661379323880c7f114412530b1e9840f2cf
PRJ-AIR,PRJ-AIR-ITEM-014,PRJ-AIR-ITEM-014-SHIPPING,SHIPPING,Q-SHIPPING,SHIPPING-SERVER-1,72.849642,72.940283,80.110856,0.090641,7.170573,SEQUENTIAL_PIPELINE,SYNTHETIC_RESEARCH_FIXTURE,OG-SYNTH-0.2,A-0.2,build_opus_synthetic_programme_v0_2.py@0.2,20260811,True,ae5ec6b126d6d437d36884e3ce65b996f2177885856858f685d69eb43df247c5
PRJ-AIR,PRJ-AIR-ITEM-014,PRJ-AIR-ITEM-014-DELIVERY,DELIVERY,Q-DELIVERY,DELIVERY-SERVER-1,80.110856,80.110856,81.441974,0.0,1.331118,SEQUENTIAL_PIPELINE,SYNTHETIC_RESEARCH_FIXTURE,OG-SYNTH-0.2,A-0.2,build_opus_synthetic_programme_v0_2.py@0.2,20260811,True,bbff5219e69df720db3bd4b9e086b13bc3639c0dd3a51aa272edffd6e9beca8b
PRJ-AIR,PRJ-AIR-ITEM-015,PRJ-AIR-ITEM-015-REVIEW,REVIEW,Q-REVIEW,REVIEW-SERVER-2,2.79476,28.981625,31.861488,26.186865,2.879863,SEQUENTIAL_PIPELINE,SYNTHETIC_RESEARCH_FIXTURE,OG-SYNTH-0.2,A-0.2,build_opus_synthetic_programme_v0_2.py@0.2,20260811,True,047bbecc63a9fad94e5cd9a6539aa040469da2930d8d29e221e0e0178d4d75dc
PRJ-AIR,PRJ-AIR-ITEM-015,PRJ-AIR-ITEM-015-FABRICATION,FABRICATION,Q-FABRICATION,FABRICATION-SERVER-3,31.861488,65.638156,77.476804,33.776667,11.838648,SEQUENTIAL_PIPELINE,SYNTHETIC_RESEARCH_FIXTURE,OG-SYNTH-0.2,A-0.2,build_opus_synthetic_programme_v0_2.py@0.2,20260811,True,08ce50b1ead288209211ca0db6cfa4d3ab111d6b69f5312dd2c5ac47f0c74ada
PRJ-AIR,PRJ-AIR-ITEM-015,PRJ-AIR-ITEM-015-SHIPPING,SHIPPING,Q-SHIPPING,SHIPPING-SERVER-1,77.476804,80.110856,85.649889,2.634052,5.539033,SEQUENTIAL_PIPELINE,SYNTHETIC_RESEARCH_FIXTURE,OG-SYNTH-0.2,A-0.2,build_opus_synthetic_programme_v0_2.py@0.2,20260811,True,25e761b6a5f9d9eb97bd801057fa74202d865e0d2f8d077a52e784dba9754df2
PRJ-AIR,PRJ-AIR-ITEM-015,PRJ-AIR-ITEM-015-DELIVERY,DELIVERY,Q-DELIVERY,DELIVERY-SERVER-4,85.649889,85.649889,86.586012,0.0,0.936123,SEQUENTIAL_PIPELINE,SYNTHETIC_RESEARCH_FIXTURE,OG-SYNTH-0.2,A-0.2,build_opus_synthetic_programme_v0_2.py@0.2,20260811,True,cef6b6e8428c43960d0a172c19e2e17b8b1c7bf9e6327c0cbcea33a5e8e3d5c1
PRJ-AIR,PRJ-AIR-ITEM-016,PRJ-AIR-ITEM-016-REVIEW,REVIEW,Q-REVIEW,REVIEW-SERVER-1,3.444,31.153258,33.571525,27.709258,2.418267,SEQUENTIAL_PIPELINE,SYNTHETIC_RESEARCH_FIXTURE,OG-SYNTH-0.2,A-0.2,build_opus_synthetic_programme_v0_2.py@0.2,20260811,True,2bc3e7507aacb36ca16e89128e6a2dda4c57d2ee9a6ba65bd32079cf9303ab14
PRJ-AIR,PRJ-AIR-ITEM-016,PRJ-AIR-ITEM-016-FABRICATION,FABRICATION,Q-FABRICATION,FABRICATION-SERVER-1,33.571525,72.849642,83.842306,39.278117,10.992664,SEQUENTIAL_PIPELINE,SYNTHETIC_RESEARCH_FIXTURE,OG-SYNTH-0.2,A-0.2,build_opus_synthetic_programme_v0_2.py@0.2,20260811,True,47a5ba424e686c03cf08ae1d2121816348435994f86c73ccc984ba08e60e02d2
PRJ-AIR,PRJ-AIR-ITEM-016,PRJ-AIR-ITEM-016-SHIPPING,SHIPPING,Q-SHIPPING,SHIPPING-SERVER-1,83.842306,85.649889,91.489594,1.807583,5.839705,SEQUENTIAL_PIPELINE,SYNTHETIC_RESEARCH_FIXTURE,OG-SYNTH-0.2,A-0.2,build_opus_synthetic_programme_v0_2.py@0.2,20260811,True,b2be5c130a17372708e791ca8057ea6e95f581c143cd19c7389d723228d8027c
PRJ-AIR,PRJ-AIR-ITEM-016,PRJ-AIR-ITEM-016-DELIVERY,DELIVERY,Q-DELIVERY,DELIVERY-SERVER-2,91.489594,91.489594,92.6708,0.0,1.181205,SEQUENTIAL_PIPELINE,SYNTHETIC_RESEARCH_FIXTURE,OG-SYNTH-0.2,A-0.2,build_opus_synthetic_programme_v0_2.py@0.2,20260811,True,9af6163a43fce3897ee62767c60b31e59a7fb5029ac68991020cc6c0d8ddaaa4
PRJ-AIR,PRJ-AIR-ITEM-017,PRJ-AIR-ITEM-017-REVIEW,REVIEW,Q-REVIEW,REVIEW-SERVER-2,5.016025,31.861488,34.654163,26.845463,2.792674,SEQUENTIAL_PIPELINE,SYNTHETIC_RESEARCH_FIXTURE,OG-SYNTH-0.2,A-0.2,build_opus_synthetic_programme_v0_2.py@0.2,20260811,True,c1120d60eaa23ae5fc8880325508feaa09f925e3446aafd7b704afe80d409446
PRJ-AIR,PRJ-AIR-ITEM-017,PRJ-AIR-ITEM-017-FABRICATION,FABRICATION,Q-FABRICATION,FABRICATION-SERVER-3,34.654163,77.476804,90.313941,42.822641,12.837137,SEQUENTIAL_PIPELINE,SYNTHETIC_RESEARCH_FIXTURE,OG-SYNTH-0.2,A-0.2,build_opus_synthetic_programme_v0_2.py@0.2,20260811,True,31d153bdc987782fa48ae0bc1f3c25a5b49824ca83446a14df9e4a6786def309
PRJ-AIR,PRJ-AIR-ITEM-017,PRJ-AIR-ITEM-017-SHIPPING,SHIPPING,Q-SHIPPING,SHIPPING-SERVER-2,90.313941,90.313941,97.569284,0.0,7.255342,SEQUENTIAL_PIPELINE,SYNTHETIC_RESEARCH_FIXTURE,OG-SYNTH-0.2,A-0.2,build_opus_synthetic_programme_v0_2.py@0.2,20260811,True,817828c68e6e9c9c3a6442d22765a5e85983e72383f2ee48491502af24456314
PRJ-AIR,PRJ-AIR-ITEM-017,PRJ-AIR-ITEM-017-DELIVERY,DELIVERY,Q-DELIVERY,DELIVERY-SERVER-1,97.569284,97.569284,99.688484,0.0,2.1192,SEQUENTIAL_PIPELINE,SYNTHETIC_RESEARCH_FIXTURE,OG-SYNTH-0.2,A-0.2,build_opus_synthetic_programme_v0_2.py@0.2,20260811,True,63d32bca11e54bd4aaf053dd805df5c0606ef8c00e98a53d703b33a876f8100a
PRJ-AIR,PRJ-AIR-ITEM-018,PRJ-AIR-ITEM-018-REVIEW,REVIEW,Q-REVIEW,REVIEW-SERVER-1,11.563276,33.571525,36.065026,22.008249,2.493501,SEQUENTIAL_PIPELINE,SYNTHETIC_RESEARCH_FIXTURE,OG-SYNTH-0.2,A-0.2,build_opus_synthetic_programme_v0_2.py@0.2,20260811,True,755a13eaa8feeaf4a4d61c8b1926612f49377f9da594eb104033d495891f3655
PRJ-AIR,PRJ-AIR-ITEM-018,PRJ-AIR-ITEM-018-FABRICATION,FABRICATION,Q-FABRICATION,FABRICATION-SERVER-2,36.065026,77.911076,89.712927,41.84605,11.801851,SEQUENTIAL_PIPELINE,SYNTHETIC_RESEARCH_FIXTURE,OG-SYNTH-0.2,A-0.2,build_opus_synthetic_programme_v0_2.py@0.2,20260811,True,f29d4abf5c4c2f2a2cb05ccf6768a513dd2d13d5a579b8852c14741eeace5b93
PRJ-AIR,PRJ-AIR-ITEM-018,PRJ-AIR-ITEM-018-SHIPPING,SHIPPING,Q-SHIPPING,SHIPPING-SERVER-1,89.712927,91.489594,100.234469,1.776668,8.744875,SEQUENTIAL_PIPELINE,SYNTHETIC_RESEARCH_FIXTURE,OG-SYNTH-0.2,A-0.2,build_opus_synthetic_programme_v0_2.py@0.2,20260811,True,eb305d074a53305cf4321c72179f59ec438e00de0f12104d174ea54749e6b086
PRJ-AIR,PRJ-AIR-ITEM-018,PRJ-AIR-ITEM-018-DELIVERY,DELIVERY,Q-DELIVERY,DELIVERY-SERVER-4,100.234469,100.234469,101.121507,0.0,0.887038,SEQUENTIAL_PIPELINE,SYNTHETIC_RESEARCH_FIXTURE,OG-SYNTH-0.2,A-0.2,build_opus_synthetic_programme_v0_2.py@0.2,20260811,True,a351e48b2dabcf4449a4ba176e65999ba0cc9863b68ae8c32b3ce4c6d22f7300
PRJ-AIR,PRJ-AIR-ITEM-019,PRJ-AIR-ITEM-019-REVIEW,REVIEW,Q-REVIEW,REVIEW-SERVER-2,2.402981,34.654163,38.702295,32.251182,4.048132,SEQUENTIAL_PIPELINE,SYNTHETIC_RESEARCH_FIXTURE,OG-SYNTH-0.2,A-0.2,build_opus_synthetic_programme_v0_2.py@0.2,20260811,True,89809d96030c0eac946a135061dd50d36597479efa5dadc959c9a9a4425f4051
PRJ-AIR,PRJ-AIR-ITEM-019,PRJ-AIR-ITEM-019-FABRICATION,FABRICATION,Q-FABRICATION,FABRICATION-SERVER-1,38.702295,83.842306,95.679133,45.140012,11.836827,SEQUENTIAL_PIPELINE,SYNTHETIC_RESEARCH_FIXTURE,OG-SYNTH-0.2,A-0.2,build_opus_synthetic_programme_v0_2.py@0.2,20260811,True,a98eaeab000f6b43daa0c535b1b6a127b7f3ef24a487eb8a4c10e98d76b44605
PRJ-AIR,PRJ-AIR-ITEM-019,PRJ-AIR-ITEM-019-SHIPPING,SHIPPING,Q-SHIPPING,SHIPPING-SERVER-2,95.679133,97.569284,105.709777,1.890151,8.140493,SEQUENTIAL_PIPELINE,SYNTHETIC_RESEARCH_FIXTURE,OG-SYNTH-0.2,A-0.2,build_opus_synthetic_programme_v0_2.py@0.2,20260811,True,da4879328667d7b2aa7008af32125d5525c741eecd6bdbc737b2a4e6703de2fe
PRJ-AIR,PRJ-AIR-ITEM-019,PRJ-AIR-ITEM-019-DELIVERY,DELIVERY,Q-DELIVERY,DELIVERY-SERVER-3,105.709777,105.709777,107.113702,0.0,1.403925,SEQUENTIAL_PIPELINE,SYNTHETIC_RESEARCH_FIXTURE,OG-SYNTH-0.2,A-0.2,build_opus_synthetic_programme_v0_2.py@0.2,20260811,True,d2de84e796aa77cfe6ee9a8b62237216fae234463a0e5a86355ad3cf1c2297b8
PRJ-AIR,PRJ-AIR-ITEM-020,PRJ-AIR-ITEM-020-REVIEW,REVIEW,Q-REVIEW,REVIEW-SERVER-1,13.17716,36.065026,40.476832,22.887866,4.411806,SEQUENTIAL_PIPELINE,SYNTHETIC_RESEARCH_FIXTURE,OG-SYNTH-0.2,A-0.2,build_opus_synthetic_programme_v0_2.py@0.2,20260811,True,f2b588eab8e9fa1d4b482ebeaa72f7ff11fa766aa1eb153911fe92e15be45a8e
PRJ-AIR,PRJ-AIR-ITEM-020,PRJ-AIR-ITEM-020-FABRICATION,FABRICATION,Q-FABRICATION,FABRICATION-SERVER-2,40.476832,89.712927,99.902632,49.236095,10.189705,SEQUENTIAL_PIPELINE,SYNTHETIC_RESEARCH_FIXTURE,OG-SYNTH-0.2,A-0.2,build_opus_synthetic_programme_v0_2.py@0.2,20260811,True,3ba933fcee177f68b3fbb5cb33b995d1a3799edac2534fd9d2ad70e3d73bcf9b
PRJ-AIR,PRJ-AIR-ITEM-020,PRJ-AIR-ITEM-020-SHIPPING,SHIPPING,Q-SHIPPING,SHIPPING-SERVER-1,99.902632,100.234469,106.51335,0.331837,6.278882,SEQUENTIAL_PIPELINE,SYNTHETIC_RESEARCH_FIXTURE,OG-SYNTH-0.2,A-0.2,build_opus_synthetic_programme_v0_2.py@0.2,20260811,True,a582632f4f1d5067425b5417b1b8febbc282b4a6294c07f85828a6131887e113
PRJ-AIR,PRJ-AIR-ITEM-020,PRJ-AIR-ITEM-020-DELIVERY,DELIVERY,Q-DELIVERY,DELIVERY-SERVER-2,106.51335,106.51335,108.448521,0.0,1.935171,SEQUENTIAL_PIPELINE,SYNTHETIC_RESEARCH_FIXTURE,OG-SYNTH-0.2,A-0.2,build_opus_synthetic_programme_v0_2.py@0.2,20260811,True,cd8839c864acf3357e7d80c1970e5f3f1e327fbef14fc15ce11737efa9154ca7
PRJ-HWY,PRJ-HWY-ITEM-001,PRJ-HWY-ITEM-001-REVIEW,REVIEW,Q-REVIEW,REVIEW-SERVER-1,4.805769,4.805769,8.457064,0.0,3.651295,SEQUENTIAL_PIPELINE,SYNTHETIC_RESEARCH_FIXTURE,OG-SYNTH-0.2,A-0.2,build_opus_synthetic_programme_v0_2.py@0.2,20260811,True,a96ab32a141303c1b04347acd1967c0df4995b139833b5c3d8064bc5d991d551
PRJ-HWY,PRJ-HWY-ITEM-001,PRJ-HWY-ITEM-001-FABRICATION,FABRICATION,Q-FABRICATION,FABRICATION-SERVER-1,8.457064,8.457064,23.230584,0.0,14.77352,SEQUENTIAL_PIPELINE,SYNTHETIC_RESEARCH_FIXTURE,OG-SYNTH-0.2,A-0.2,build_opus_synthetic_programme_v0_2.py@0.2,20260811,True,6c6a5eab245fa3806ce5a82b8af51ef32909c1a989a93711a03ca859fb08438e
PRJ-HWY,PRJ-HWY-ITEM-001,PRJ-HWY-ITEM-001-SHIPPING,SHIPPING,Q-SHIPPING,SHIPPING-SERVER-1,23.230584,23.230584,27.84068,0.0,4.610096,SEQUENTIAL_PIPELINE,SYNTHETIC_RESEARCH_FIXTURE,OG-SYNTH-0.2,A-0.2,build_opus_synthetic_programme_v0_2.py@0.2,20260811,True,f453f47f0f1ff9c3859b727ff835a563805cad0d841a842f04cd15b88d4aa416
PRJ-HWY,PRJ-HWY-ITEM-001,PRJ-HWY-ITEM-001-DELIVERY,DELIVERY,Q-DELIVERY,DELIVERY-SERVER-1,27.84068,27.84068,29.222929,0.0,1.382249,SEQUENTIAL_PIPELINE,SYNTHETIC_RESEARCH_FIXTURE,OG-SYNTH-0.2,A-0.2,build_opus_synthetic_programme_v0_2.py@0.2,20260811,True,577a9d02741cd3531d883d96dff940ed36dde8d5645e7d06b90cb454f9a9cec5
PRJ-HWY,PRJ-HWY-ITEM-002,PRJ-HWY-ITEM-002-REVIEW,REVIEW,Q-REVIEW,REVIEW-SERVER-2,5.296833,5.296833,7.774749,0.0,2.477915,SEQUENTIAL_PIPELINE,SYNTHETIC_RESEARCH_FIXTURE,OG-SYNTH-0.2,A-0.2,build_opus_synthetic_programme_v0_2.py@0.2,20260811,True,8ee3bda095bfeb4d63436479f53ce2fcb2a6d4ebace8772e51edcca954cec86b
PRJ-HWY,PRJ-HWY-ITEM-002,PRJ-HWY-ITEM-002-FABRICATION,FABRICATION,Q-FABRICATION,FABRICATION-SERVER-2,7.774749,7.774749,21.855499,0.0,14.08075,SEQUENTIAL_PIPELINE,SYNTHETIC_RESEARCH_FIXTURE,OG-SYNTH-0.2,A-0.2,build_opus_synthetic_programme_v0_2.py@0.2,20260811,True,7c8eb3d486f0b40074af3be78b016faddc8ca6475ccea1138077d9a7e170bb88
PRJ-HWY,PRJ-HWY-ITEM-002,PRJ-HWY-ITEM-002-SHIPPING,SHIPPING,Q-SHIPPING,SHIPPING-SERVER-2,21.855499,21.855499,28.383548,0.0,6.528049,SEQUENTIAL_PIPELINE,SYNTHETIC_RESEARCH_FIXTURE,OG-SYNTH-0.2,A-0.2,build_opus_synthetic_programme_v0_2.py@0.2,20260811,True,191267e89f096116338f8dc3e5487471e2e427ad2f97b3096d87cec965ba7d8a
PRJ-HWY,PRJ-HWY-ITEM-002,PRJ-HWY-ITEM-002-DELIVERY,DELIVERY,Q-DELIVERY,DELIVERY-SERVER-2,28.383548,28.383548,30.291128,0.0,1.90758,SEQUENTIAL_PIPELINE,SYNTHETIC_RESEARCH_FIXTURE,OG-SYNTH-0.2,A-0.2,build_opus_synthetic_programme_v0_2.py@0.2,20260811,True,d9c1f09110f90da547babf287b5042a2cc39a5f81669f0c51165f0e17ae1a8e8
PRJ-HWY,PRJ-HWY-ITEM-003,PRJ-HWY-ITEM-003-REVIEW,REVIEW,Q-REVIEW,REVIEW-SERVER-2,14.930791,14.930791,17.936041,0.0,3.00525,SEQUENTIAL_PIPELINE,SYNTHETIC_RESEARCH_FIXTURE,OG-SYNTH-0.2,A-0.2,build_opus_synthetic_programme_v0_2.py@0.2,20260811,True,ad54984b5a48b66421b32b84738dd55b3e0eb2340cf206dc9f0be3d5a10b42e9
PRJ-HWY,PRJ-HWY-ITEM-003,PRJ-HWY-ITEM-003-FABRICATION,FABRICATION,Q-FABRICATION,FABRICATION-SERVER-3,17.936041,17.936041,34.579634,0.0,16.643593,SEQUENTIAL_PIPELINE,SYNTHETIC_RESEARCH_FIXTURE,OG-SYNTH-0.2,A-0.2,build_opus_synthetic_programme_v0_2.py@0.2,20260811,True,7b012a3e060f4f7fd35b7532717bf00faeec7320b2f2f26509e34c0e575a44f1
PRJ-HWY,PRJ-HWY-ITEM-003,PRJ-HWY-ITEM-003-SHIPPING,SHIPPING,Q-SHIPPING,SHIPPING-SERVER-1,34.579634,34.579634,39.267897,0.0,4.688263,SEQUENTIAL_PIPELINE,SYNTHETIC_RESEARCH_FIXTURE,OG-SYNTH-0.2,A-0.2,build_opus_synthetic_programme_v0_2.py@0.2,20260811,True,e00ec01a2b64b11fc6743b4e4408166631ec7bdc935aded4f41efb9062447fec
PRJ-HWY,PRJ-HWY-ITEM-003,PRJ-HWY-ITEM-003-DELIVERY,DELIVERY,Q-DELIVERY,DELIVERY-SERVER-3,39.267897,39.267897,41.480031,0.0,2.212133,SEQUENTIAL_PIPELINE,SYNTHETIC_RESEARCH_FIXTURE,OG-SYNTH-0.2,A-0.2,build_opus_synthetic_programme_v0_2.py@0.2,20260811,True,095cf67dacebbc68a3a42f092b7603f01d440c3699d4ace2a2d57cfed0499f78
PRJ-HWY,PRJ-HWY-ITEM-004,PRJ-HWY-ITEM-004-REVIEW,REVIEW,Q-REVIEW,REVIEW-SERVER-1,9.885484,9.885484,12.660253,0.0,2.774769,SEQUENTIAL_PIPELINE,SYNTHETIC_RESEARCH_FIXTURE,OG-SYNTH-0.2,A-0.2,build_opus_synthetic_programme_v0_2.py@0.2,20260811,True,52f9f0fed1ae58d1a762c6f3a9cb7fe2279c70e53195de6d8bbf05d670effc5d
PRJ-HWY,PRJ-HWY-ITEM-004,PRJ-HWY-ITEM-004-FABRICATION,FABRICATION,Q-FABRICATION,FABRICATION-SERVER-2,12.660253,21.855499,34.937153,9.195245,13.081654,SEQUENTIAL_PIPELINE,SYNTHETIC_RESEARCH_FIXTURE,OG-SYNTH-0.2,A-0.2,build_opus_synthetic_programme_v0_2.py@0.2,20260811,True,6bca93885618f63b3e3dc72bacef4a449bf705235c1fa9339375c15dabe0ffb4
PRJ-HWY,PRJ-HWY-ITEM-004,PRJ-HWY-ITEM-004-SHIPPING,SHIPPING,Q-SHIPPING,SHIPPING-SERVER-2,34.937153,34.937153,41.257052,0.0,6.319899,SEQUENTIAL_PIPELINE,SYNTHETIC_RESEARCH_FIXTURE,OG-SYNTH-0.2,A-0.2,build_opus_synthetic_programme_v0_2.py@0.2,20260811,True,5b8080c683e4c9d5b539791e818374ff0f4bc7245bd06ec3a44faca78de51560
PRJ-HWY,PRJ-HWY-ITEM-004,PRJ-HWY-ITEM-004-DELIVERY,DELIVERY,Q-DELIVERY,DELIVERY-SERVER-4,41.257052,41.257052,43.286794,0.0,2.029742,SEQUENTIAL_PIPELINE,SYNTHETIC_RESEARCH_FIXTURE,OG-SYNTH-0.2,A-0.2,build_opus_synthetic_programme_v0_2.py@0.2,20260811,True,a9dff61e18157bf148f07e3bd003f8bfb5accb6106df4023badc7a1baebcd2c9
PRJ-HWY,PRJ-HWY-ITEM-005,PRJ-HWY-ITEM-005-REVIEW,REVIEW,Q-REVIEW,REVIEW-SERVER-1,10.933055,12.660253,15.63935,1.727198,2.979097,SEQUENTIAL_PIPELINE,SYNTHETIC_RESEARCH_FIXTURE,OG-SYNTH-0.2,A-0.2,build_opus_synthetic_programme_v0_2.py@0.2,20260811,True,b4f737b76f1209e5c3620ffd8d50d751ccf0081aff9d85369ff71493f70bcfbb
PRJ-HWY,PRJ-HWY-ITEM-005,PRJ-HWY-ITEM-005-FABRICATION,FABRICATION,Q-FABRICATION,FABRICATION-SERVER-1,15.63935,23.230584,38.196781,7.591233,14.966198,SEQUENTIAL_PIPELINE,SYNTHETIC_RESEARCH_FIXTURE,OG-SYNTH-0.2,A-0.2,build_opus_synthetic_programme_v0_2.py@0.2,20260811,True,379ced8ce6c310a278b4cb1cd8f02eb45b586f771c8a84afb2dad3ff0e0f14fb
PRJ-HWY,PRJ-HWY-ITEM-005,PRJ-HWY-ITEM-005-SHIPPING,SHIPPING,Q-SHIPPING,SHIPPING-SERVER-1,38.196781,39.267897,45.883124,1.071116,6.615226,SEQUENTIAL_PIPELINE,SYNTHETIC_RESEARCH_FIXTURE,OG-SYNTH-0.2,A-0.2,build_opus_synthetic_programme_v0_2.py@0.2,20260811,True,2ebe4c1265699b9e8b0ac2e595ed8a2922d9d415e91a31fc7d02744769d623aa
PRJ-HWY,PRJ-HWY-ITEM-005,PRJ-HWY-ITEM-005-DELIVERY,DELIVERY,Q-DELIVERY,DELIVERY-SERVER-1,45.883124,45.883124,47.677771,0.0,1.794647,SEQUENTIAL_PIPELINE,SYNTHETIC_RESEARCH_FIXTURE,OG-SYNTH-0.2,A-0.2,build_opus_synthetic_programme_v0_2.py@0.2,20260811,True,0c638a3db8f109922e5471eccf5dc5ecdf82668e128c1bd814222ce632572b25
PRJ-HWY,PRJ-HWY-ITEM-006,PRJ-HWY-ITEM-006-REVIEW,REVIEW,Q-REVIEW,REVIEW-SERVER-1,2.631828,15.63935,19.755213,13.007523,4.115862,SEQUENTIAL_PIPELINE,SYNTHETIC_RESEARCH_FIXTURE,OG-SYNTH-0.2,A-0.2,build_opus_synthetic_programme_v0_2.py@0.2,20260811,True,79786e7a4a6239ce900b0ef5ba7daee8cca442ec0be69f6ddcd9a4b34e84ce54
PRJ-HWY,PRJ-HWY-ITEM-006,PRJ-HWY-ITEM-006-FABRICATION,FABRICATION,Q-FABRICATION,FABRICATION-SERVER-3,19.755213,34.579634,48.508701,14.824422,13.929066,SEQUENTIAL_PIPELINE,SYNTHETIC_RESEARCH_FIXTURE,OG-SYNTH-0.2,A-0.2,build_opus_synthetic_programme_v0_2.py@0.2,20260811,True,0df05c8a828d8c9aa404ed0f8104fb1616811d1a960e26e618ebf0e394725535
PRJ-HWY,PRJ-HWY-ITEM-006,PRJ-HWY-ITEM-006-SHIPPING,SHIPPING,Q-SHIPPING,SHIPPING-SERVER-2,48.508701,48.508701,55.302129,0.0,6.793428,SEQUENTIAL_PIPELINE,SYNTHETIC_RESEARCH_FIXTURE,OG-SYNTH-0.2,A-0.2,build_opus_synthetic_programme_v0_2.py@0.2,20260811,True,69a047d3dd99dc9a185271feea10e4b09aff5f3047b8a19307dfd01135a8bbf9
PRJ-HWY,PRJ-HWY-ITEM-006,PRJ-HWY-ITEM-006-DELIVERY,DELIVERY,Q-DELIVERY,DELIVERY-SERVER-2,55.302129,55.302129,56.761377,0.0,1.459249,SEQUENTIAL_PIPELINE,SYNTHETIC_RESEARCH_FIXTURE,OG-SYNTH-0.2,A-0.2,build_opus_synthetic_programme_v0_2.py@0.2,20260811,True,72ecd18922d063b8ff2837715bcc4ecfaad6254f75df744862a3a0d2a01bb5ea
PRJ-HWY,PRJ-HWY-ITEM-007,PRJ-HWY-ITEM-007-REVIEW,REVIEW,Q-REVIEW,REVIEW-SERVER-2,2.910237,17.936041,21.160508,15.025804,3.224466,SEQUENTIAL_PIPELINE,SYNTHETIC_RESEARCH_FIXTURE,OG-SYNTH-0.2,A-0.2,build_opus_synthetic_programme_v0_2.py@0.2,20260811,True,545a441000e38f407659b6035495a38d17973d4c1ea43fd9a1aa99fe88631c70
PRJ-HWY,PRJ-HWY-ITEM-007,PRJ-HWY-ITEM-007-FABRICATION,FABRICATION,Q-FABRICATION,FABRICATION-SERVER-2,21.160508,34.937153,51.424498,13.776645,16.487345,SEQUENTIAL_PIPELINE,SYNTHETIC_RESEARCH_FIXTURE,OG-SYNTH-0.2,A-0.2,build_opus_synthetic_programme_v0_2.py@0.2,20260811,True,0a9f3e9346614e2702b384703c6866a788848094b5c46b00331558ff1c245833
PRJ-HWY,PRJ-HWY-ITEM-007,PRJ-HWY-ITEM-007-SHIPPING,SHIPPING,Q-SHIPPING,SHIPPING-SERVER-1,51.424498,51.424498,58.401546,0.0,6.977048,SEQUENTIAL_PIPELINE,SYNTHETIC_RESEARCH_FIXTURE,OG-SYNTH-0.2,A-0.2,build_opus_synthetic_programme_v0_2.py@0.2,20260811,True,79fda46a2a90bdde167f09f3569f4c9a8d00e317ca7f6ca22ef227599582c16f
PRJ-HWY,PRJ-HWY-ITEM-007,PRJ-HWY-ITEM-007-DELIVERY,DELIVERY,Q-DELIVERY,DELIVERY-SERVER-3,58.401546,58.401546,59.792844,0.0,1.391297,SEQUENTIAL_PIPELINE,SYNTHETIC_RESEARCH_FIXTURE,OG-SYNTH-0.2,A-0.2,build_opus_synthetic_programme_v0_2.py@0.2,20260811,True,667ee7e9a3ff8962c38b6a366472fa833c891733075e7dd249d3efc879c3ebe1
PRJ-HWY,PRJ-HWY-ITEM-008,PRJ-HWY-ITEM-008-REVIEW,REVIEW,Q-REVIEW,REVIEW-SERVER-1,3.90397,19.755213,22.721103,15.851242,2.965891,SEQUENTIAL_PIPELINE,SYNTHETIC_RESEARCH_FIXTURE,OG-SYNTH-0.2,A-0.2,build_opus_synthetic_programme_v0_2.py@0.2,20260811,True,8c1a51280550b58719c4923f361dfd12218306af331943a9c07c8764fe6370b7
PRJ-HWY,PRJ-HWY-ITEM-008,PRJ-HWY-ITEM-008-FABRICATION,FABRICATION,Q-FABRICATION,FABRICATION-SERVER-1,22.721103,38.196781,48.620853,15.475678,10.424072,SEQUENTIAL_PIPELINE,SYNTHETIC_RESEARCH_FIXTURE,OG-SYNTH-0.2,A-0.2,build_opus_synthetic_programme_v0_2.py@0.2,20260811,True,0e45742a6e71de18e31a41d4e449ce71a05dae412fc34d86b17e48800a7351c5
PRJ-HWY,PRJ-HWY-ITEM-008,PRJ-HWY-ITEM-008-SHIPPING,SHIPPING,Q-SHIPPING,SHIPPING-SERVER-2,48.620853,55.302129,60.042437,6.681275,4.740309,SEQUENTIAL_PIPELINE,SYNTHETIC_RESEARCH_FIXTURE,OG-SYNTH-0.2,A-0.2,build_opus_synthetic_programme_v0_2.py@0.2,20260811,True,5ebdca20de2b1401abd7cf21581f1e42dd49c9c33a1ed1f6086f806569a2034d
PRJ-HWY,PRJ-HWY-ITEM-008,PRJ-HWY-ITEM-008-DELIVERY,DELIVERY,Q-DELIVERY,DELIVERY-SERVER-4,60.042437,60.042437,61.396814,0.0,1.354377,SEQUENTIAL_PIPELINE,SYNTHETIC_RESEARCH_FIXTURE,OG-SYNTH-0.2,A-0.2,build_opus_synthetic_programme_v0_2.py@0.2,20260811,True,3e256de0ac1a0ab7a5ec1a9969763c8095ccce41ac93cc62782fc34394851fa4
PRJ-HWY,PRJ-HWY-ITEM-009,PRJ-HWY-ITEM-009-REVIEW,REVIEW,Q-REVIEW,REVIEW-SERVER-2,4.418756,21.160508,23.178729,16.741752,2.018221,SEQUENTIAL_PIPELINE,SYNTHETIC_RESEARCH_FIXTURE,OG-SYNTH-0.2,A-0.2,build_opus_synthetic_programme_v0_2.py@0.2,20260811,True,9b24da8f7fb918cade8ca548af39bbe9a41fbb2f011be57a024018060d1f33f4
PRJ-HWY,PRJ-HWY-ITEM-009,PRJ-HWY-ITEM-009-FABRICATION,FABRICATION,Q-FABRICATION,FABRICATION-SERVER-3,23.178729,48.508701,69.165707,25.329972,20.657006,SEQUENTIAL_PIPELINE,SYNTHETIC_RESEARCH_FIXTURE,OG-SYNTH-0.2,A-0.2,build_opus_synthetic_programme_v0_2.py@0.2,20260811,True,9238e51284c9b1cc92f2a1f73a0509ada988fc4266a74812f1acc913bbe6ab50
PRJ-HWY,PRJ-HWY-ITEM-009,PRJ-HWY-ITEM-009-SHIPPING,SHIPPING,Q-SHIPPING,SHIPPING-SERVER-1,69.165707,69.165707,77.529052,0.0,8.363346,SEQUENTIAL_PIPELINE,SYNTHETIC_RESEARCH_FIXTURE,OG-SYNTH-0.2,A-0.2,build_opus_synthetic_programme_v0_2.py@0.2,20260811,True,780dd1933e273fb229b8e09d55debfe298a3899c8d3e75a88b822ab760a4d372
PRJ-HWY,PRJ-HWY-ITEM-009,PRJ-HWY-ITEM-009-DELIVERY,DELIVERY,Q-DELIVERY,DELIVERY-SERVER-1,77.529052,77.529052,78.761744,0.0,1.232692,SEQUENTIAL_PIPELINE,SYNTHETIC_RESEARCH_FIXTURE,OG-SYNTH-0.2,A-0.2,build_opus_synthetic_programme_v0_2.py@0.2,20260811,True,69428b105f19a804863ace951f685ecc40ca475e3d623be43efd4e1d28af7877
PRJ-HWY,PRJ-HWY-ITEM-010,PRJ-HWY-ITEM-010-REVIEW,REVIEW,Q-REVIEW,REVIEW-SERVER-1,2.318033,22.721103,24.527895,20.40307,1.806792,SEQUENTIAL_PIPELINE,SYNTHETIC_RESEARCH_FIXTURE,OG-SYNTH-0.2,A-0.2,build_opus_synthetic_programme_v0_2.py@0.2,20260811,True,4544bda7c40d307f6a961f9b6c25382fa6242be04c4fd11ed9d687313bad161f
PRJ-HWY,PRJ-HWY-ITEM-010,PRJ-HWY-ITEM-010-FABRICATION,FABRICATION,Q-FABRICATION,FABRICATION-SERVER-1,24.527895,48.620853,64.74795,24.092958,16.127096,SEQUENTIAL_PIPELINE,SYNTHETIC_RESEARCH_FIXTURE,OG-SYNTH-0.2,A-0.2,build_opus_synthetic_programme_v0_2.py@0.2,20260811,True,17280d2382e7e0cb4dbccd27220a707d32eae6a5c8846ab65f1e4721c1b31f6e
PRJ-HWY,PRJ-HWY-ITEM-010,PRJ-HWY-ITEM-010-SHIPPING,SHIPPING,Q-SHIPPING,SHIPPING-SERVER-2,64.74795,64.74795,72.99594,0.0,8.24799,SEQUENTIAL_PIPELINE,SYNTHETIC_RESEARCH_FIXTURE,OG-SYNTH-0.2,A-0.2,build_opus_synthetic_programme_v0_2.py@0.2,20260811,True,7746d0f889220e09feb75bb88ef66219f6b45956efc8f2b8cf21210adff7cb2f
PRJ-HWY,PRJ-HWY-ITEM-010,PRJ-HWY-ITEM-010-DELIVERY,DELIVERY,Q-DELIVERY,DELIVERY-SERVER-2,72.99594,72.99594,74.160352,0.0,1.164412,SEQUENTIAL_PIPELINE,SYNTHETIC_RESEARCH_FIXTURE,OG-SYNTH-0.2,A-0.2,build_opus_synthetic_programme_v0_2.py@0.2,20260811,True,0c9b5df40199f07a5033c20952f60351650613f635ab71429a7ff0069e816daa
PRJ-HWY,PRJ-HWY-ITEM-011,PRJ-HWY-ITEM-011-REVIEW,REVIEW,Q-REVIEW,REVIEW-SERVER-2,6.869034,23.178729,24.682309,16.309695,1.50358,SEQUENTIAL_PIPELINE,SYNTHETIC_RESEARCH_FIXTURE,OG-SYNTH-0.2,A-0.2,build_opus_synthetic_programme_v0_2.py@0.2,20260811,True,95426802013d50ed617f007512e880487983b7d6bf8a5df1a11941be23b64e16
PRJ-HWY,PRJ-HWY-ITEM-011,PRJ-HWY-ITEM-011-FABRICATION,FABRICATION,Q-FABRICATION,FABRICATION-SERVER-2,24.682309,51.424498,64.003422,26.74219,12.578924,SEQUENTIAL_PIPELINE,SYNTHETIC_RESEARCH_FIXTURE,OG-SYNTH-0.2,A-0.2,build_opus_synthetic_programme_v0_2.py@0.2,20260811,True,433f9b7de33c0319c9b4941efc306ac0a1a0e274ee7312324156d9ede2a353aa
PRJ-HWY,PRJ-HWY-ITEM-011,PRJ-HWY-ITEM-011-SHIPPING,SHIPPING,Q-SHIPPING,SHIPPING-SERVER-2,64.003422,72.99594,80.156563,8.992518,7.160623,SEQUENTIAL_PIPELINE,SYNTHETIC_RESEARCH_FIXTURE,OG-SYNTH-0.2,A-0.2,build_opus_synthetic_programme_v0_2.py@0.2,20260811,True,34f81b799041f1f190e86c3f216f1bf04d55f317524f3f56e35fc30d3e3468e6
PRJ-HWY,PRJ-HWY-ITEM-011,PRJ-HWY-ITEM-011-DELIVERY,DELIVERY,Q-DELIVERY,DELIVERY-SERVER-3,80.156563,80.156563,82.097123,0.0,1.940559,SEQUENTIAL_PIPELINE,SYNTHETIC_RESEARCH_FIXTURE,OG-SYNTH-0.2,A-0.2,build_opus_synthetic_programme_v0_2.py@0.2,20260811,True,426a317130002c672b486ea156e5ac875993f0b909b00f1b5c100195998be491
PRJ-HWY,PRJ-HWY-ITEM-012,PRJ-HWY-ITEM-012-REVIEW,REVIEW,Q-REVIEW,REVIEW-SERVER-1,6.547141,24.527895,29.193454,17.980755,4.665559,SEQUENTIAL_PIPELINE,SYNTHETIC_RESEARCH_FIXTURE,OG-SYNTH-0.2,A-0.2,build_opus_synthetic_programme_v0_2.py@0.2,20260811,True,68bc61dfbee08c8a33a2242f7c98160472057bdc97965c71cec385abec495c8b
PRJ-HWY,PRJ-HWY-ITEM-012,PRJ-HWY-ITEM-012-FABRICATION,FABRICATION,Q-FABRICATION,FABRICATION-SERVER-2,29.193454,64.003422,77.911479,34.809968,13.908056,SEQUENTIAL_PIPELINE,SYNTHETIC_RESEARCH_FIXTURE,OG-SYNTH-0.2,A-0.2,build_opus_synthetic_programme_v0_2.py@0.2,20260811,True,67dcedb7766c990bf16b9776f01bb0143dc5f0fe8787472a60487b2d789c6ebc
PRJ-HWY,PRJ-HWY-ITEM-012,PRJ-HWY-ITEM-012-SHIPPING,SHIPPING,Q-SHIPPING,SHIPPING-SERVER-1,77.911479,77.911479,80.555396,0.0,2.643917,SEQUENTIAL_PIPELINE,SYNTHETIC_RESEARCH_FIXTURE,OG-SYNTH-0.2,A-0.2,build_opus_synthetic_programme_v0_2.py@0.2,20260811,True,02c1487e51171e648d2a6df42469f9b196bb97f6edcc6592be5b93a00a5d6f66
PRJ-HWY,PRJ-HWY-ITEM-012,PRJ-HWY-ITEM-012-DELIVERY,DELIVERY,Q-DELIVERY,DELIVERY-SERVER-4,80.555396,80.555396,82.093469,0.0,1.538073,SEQUENTIAL_PIPELINE,SYNTHETIC_RESEARCH_FIXTURE,OG-SYNTH-0.2,A-0.2,build_opus_synthetic_programme_v0_2.py@0.2,20260811,True,dad59ba0e190c985b548d1023d3c85b9f890a3e126acbb095d9e13bdab532f27
PRJ-HWY,PRJ-HWY-ITEM-013,PRJ-HWY-ITEM-013-REVIEW,REVIEW,Q-REVIEW,REVIEW-SERVER-2,7.407905,24.682309,28.103454,17.274403,3.421146,SEQUENTIAL_PIPELINE,SYNTHETIC_RESEARCH_FIXTURE,OG-SYNTH-0.2,A-0.2,build_opus_synthetic_programme_v0_2.py@0.2,20260811,True,501504f23f1c732d1f63763c729a0d8fdd6ea34c3d56f8dda5a2c3c1cdd31134
PRJ-HWY,PRJ-HWY-ITEM-013,PRJ-HWY-ITEM-013-FABRICATION,FABRICATION,Q-FABRICATION,FABRICATION-SERVER-1,28.103454,64.74795,77.180581,36.644495,12.432632,SEQUENTIAL_PIPELINE,SYNTHETIC_RESEARCH_FIXTURE,OG-SYNTH-0.2,A-0.2,build_opus_synthetic_programme_v0_2.py@0.2,20260811,True,6b0d9a6536553ceb67e8e795319f6a63c8c6866302f742b2146e18d1439b9a61
PRJ-HWY,PRJ-HWY-ITEM-013,PRJ-HWY-ITEM-013-SHIPPING,SHIPPING,Q-SHIPPING,SHIPPING-SERVER-2,77.180581,80.156563,85.720814,2.975982,5.56425,SEQUENTIAL_PIPELINE,SYNTHETIC_RESEARCH_FIXTURE,OG-SYNTH-0.2,A-0.2,build_opus_synthetic_programme_v0_2.py@0.2,20260811,True,cf7b153dfb876431f2a8ff5b0b1972529ccd7739edef1a7313a0273ee0e745fe
PRJ-HWY,PRJ-HWY-ITEM-013,PRJ-HWY-ITEM-013-DELIVERY,DELIVERY,Q-DELIVERY,DELIVERY-SERVER-2,85.720814,85.720814,87.128338,0.0,1.407524,SEQUENTIAL_PIPELINE,SYNTHETIC_RESEARCH_FIXTURE,OG-SYNTH-0.2,A-0.2,build_opus_synthetic_programme_v0_2.py@0.2,20260811,True,eee95cc46bea22ef3081fe87b1ca749042664dd337bc1ca3b27ab075e2975c9b
PRJ-HWY,PRJ-HWY-ITEM-014,PRJ-HWY-ITEM-014-REVIEW,REVIEW,Q-REVIEW,REVIEW-SERVER-2,9.345468,28.103454,30.677733,18.757986,2.574279,SEQUENTIAL_PIPELINE,SYNTHETIC_RESEARCH_FIXTURE,OG-SYNTH-0.2,A-0.2,build_opus_synthetic_programme_v0_2.py@0.2,20260811,True,52c922a0770a88c8bc737a891f9c49f2c7fa9618917d1f8bf1116ca0b784a58d
PRJ-HWY,PRJ-HWY-ITEM-014,PRJ-HWY-ITEM-014-FABRICATION,FABRICATION,Q-FABRICATION,FABRICATION-SERVER-3,30.677733,69.165707,81.694712,38.487973,12.529006,SEQUENTIAL_PIPELINE,SYNTHETIC_RESEARCH_FIXTURE,OG-SYNTH-0.2,A-0.2,build_opus_synthetic_programme_v0_2.py@0.2,20260811,True,1a510d5062880be24ec70ad81ea687ba4675d9c846fa67756c1a3e31987b4d4d
PRJ-HWY,PRJ-HWY-ITEM-014,PRJ-HWY-ITEM-014-SHIPPING,SHIPPING,Q-SHIPPING,SHIPPING-SERVER-1,81.694712,81.694712,88.426387,0.0,6.731675,SEQUENTIAL_PIPELINE,SYNTHETIC_RESEARCH_FIXTURE,OG-SYNTH-0.2,A-0.2,build_opus_synthetic_programme_v0_2.py@0.2,20260811,True,ca55048952476266b948160a6415733e78747c12edbf4fb7f8483d0814b3ed5f
PRJ-HWY,PRJ-HWY-ITEM-014,PRJ-HWY-ITEM-014-DELIVERY,DELIVERY,Q-DELIVERY,DELIVERY-SERVER-1,88.426387,88.426387,89.53484,0.0,1.108453,SEQUENTIAL_PIPELINE,SYNTHETIC_RESEARCH_FIXTURE,OG-SYNTH-0.2,A-0.2,build_opus_synthetic_programme_v0_2.py@0.2,20260811,True,2cdc10744e62076e02ff7a88afce024bb03d6bb6a1e50b8775c14c3202c5d1d0
PRJ-HWY,PRJ-HWY-ITEM-015,PRJ-HWY-ITEM-015-REVIEW,REVIEW,Q-REVIEW,REVIEW-SERVER-1,3.172545,29.193454,32.56817,26.020909,3.374716,SEQUENTIAL_PIPELINE,SYNTHETIC_RESEARCH_FIXTURE,OG-SYNTH-0.2,A-0.2,build_opus_synthetic_programme_v0_2.py@0.2,20260811,True,d30882ac4f372d3b63b83c17d00c7ffcd75ff4f34540ca3565e0824411cee67c
PRJ-HWY,PRJ-HWY-ITEM-015,PRJ-HWY-ITEM-015-FABRICATION,FABRICATION,Q-FABRICATION,FABRICATION-SERVER-1,32.56817,77.180581,90.554785,44.612412,13.374204,SEQUENTIAL_PIPELINE,SYNTHETIC_RESEARCH_FIXTURE,OG-SYNTH-0.2,A-0.2,build_opus_synthetic_programme_v0_2.py@0.2,20260811,True,681e1c3d4295d5f809dd7480a48c8bb52f6def7ae57f0f501343c2eb092e341e
PRJ-HWY,PRJ-HWY-ITEM-015,PRJ-HWY-ITEM-015-SHIPPING,SHIPPING,Q-SHIPPING,SHIPPING-SERVER-2,90.554785,90.554785,95.917423,0.0,5.362638,SEQUENTIAL_PIPELINE,SYNTHETIC_RESEARCH_FIXTURE,OG-SYNTH-0.2,A-0.2,build_opus_synthetic_programme_v0_2.py@0.2,20260811,True,3059a68aafbe58f20c25f9c5987ca24568c3e23f6ca586533cc071a7838e27c8
PRJ-HWY,PRJ-HWY-ITEM-015,PRJ-HWY-ITEM-015-DELIVERY,DELIVERY,Q-DELIVERY,DELIVERY-SERVER-4,95.917423,95.917423,97.095345,0.0,1.177921,SEQUENTIAL_PIPELINE,SYNTHETIC_RESEARCH_FIXTURE,OG-SYNTH-0.2,A-0.2,build_opus_synthetic_programme_v0_2.py@0.2,20260811,True,1ab7eec6776f99cc8c84b452e65befbfb794bb8146b0bd1277d2ebc2316d21c7
PRJ-HWY,PRJ-HWY-ITEM-016,PRJ-HWY-ITEM-016-REVIEW,REVIEW,Q-REVIEW,REVIEW-SERVER-2,7.247883,30.677733,33.241146,23.42985,2.563413,SEQUENTIAL_PIPELINE,SYNTHETIC_RESEARCH_FIXTURE,OG-SYNTH-0.2,A-0.2,build_opus_synthetic_programme_v0_2.py@0.2,20260811,True,dcf71d67da932e91ca8df8b33e70fe4a18e743728dcca25a09840cee829a88b7
PRJ-HWY,PRJ-HWY-ITEM-016,PRJ-HWY-ITEM-016-FABRICATION,FABRICATION,Q-FABRICATION,FABRICATION-SERVER-2,33.241146,77.911479,90.433128,44.670333,12.521649,SEQUENTIAL_PIPELINE,SYNTHETIC_RESEARCH_FIXTURE,OG-SYNTH-0.2,A-0.2,build_opus_synthetic_programme_v0_2.py@0.2,20260811,True,4ad6a23772bfa13120dd747c1567d1bf74f03878e4cf2cea65c7a378c545ab31
PRJ-HWY,PRJ-HWY-ITEM-016,PRJ-HWY-ITEM-016-SHIPPING,SHIPPING,Q-SHIPPING,SHIPPING-SERVER-1,90.433128,90.433128,97.356071,0.0,6.922943,SEQUENTIAL_PIPELINE,SYNTHETIC_RESEARCH_FIXTURE,OG-SYNTH-0.2,A-0.2,build_opus_synthetic_programme_v0_2.py@0.2,20260811,True,7ee3c1851b378a605d53219fed1aacc88d2ea8c9cea306615652571195ae75e0
PRJ-HWY,PRJ-HWY-ITEM-016,PRJ-HWY-ITEM-016-DELIVERY,DELIVERY,Q-DELIVERY,DELIVERY-SERVER-3,97.356071,97.356071,99.892255,0.0,2.536185,SEQUENTIAL_PIPELINE,SYNTHETIC_RESEARCH_FIXTURE,OG-SYNTH-0.2,A-0.2,build_opus_synthetic_programme_v0_2.py@0.2,20260811,True,e82c6c50627bfbd1235955950211bb2779e47f06b5f0340d69ce88efdaf9b328
PRJ-HWY,PRJ-HWY-ITEM-017,PRJ-HWY-ITEM-017-REVIEW,REVIEW,Q-REVIEW,REVIEW-SERVER-1,4.025932,32.56817,35.080042,28.542237,2.511872,SEQUENTIAL_PIPELINE,SYNTHETIC_RESEARCH_FIXTURE,OG-SYNTH-0.2,A-0.2,build_opus_synthetic_programme_v0_2.py@0.2,20260811,True,eb9bf9c5a713a412c64c7ea9d02c8cbff365a425abdfd56a389d94c0c5a99ea1
PRJ-HWY,PRJ-HWY-ITEM-017,PRJ-HWY-ITEM-017-FABRICATION,FABRICATION,Q-FABRICATION,FABRICATION-SERVER-3,35.080042,81.694712,94.551217,46.61467,12.856505,SEQUENTIAL_PIPELINE,SYNTHETIC_RESEARCH_FIXTURE,OG-SYNTH-0.2,A-0.2,build_opus_synthetic_programme_v0_2.py@0.2,20260811,True,b1e5a6d8224710800b7e6a6a11103797efea0da9e8679f343d2c45dee2601726
PRJ-HWY,PRJ-HWY-ITEM-017,PRJ-HWY-ITEM-017-SHIPPING,SHIPPING,Q-SHIPPING,SHIPPING-SERVER-2,94.551217,95.917423,102.279378,1.366206,6.361955,SEQUENTIAL_PIPELINE,SYNTHETIC_RESEARCH_FIXTURE,OG-SYNTH-0.2,A-0.2,build_opus_synthetic_programme_v0_2.py@0.2,20260811,True,0fd683b28f67dc8c2ac75042479b592ef13a84e2d96a6d5dcaf19a3754888221
PRJ-HWY,PRJ-HWY-ITEM-017,PRJ-HWY-ITEM-017-DELIVERY,DELIVERY,Q-DELIVERY,DELIVERY-SERVER-2,102.279378,102.279378,103.791641,0.0,1.512264,SEQUENTIAL_PIPELINE,SYNTHETIC_RESEARCH_FIXTURE,OG-SYNTH-0.2,A-0.2,build_opus_synthetic_programme_v0_2.py@0.2,20260811,True,8f1fee1e2f788b244d0ab7c66c4689c8163575c40cc09b04acf4e08ff6eb9430
PRJ-HWY,PRJ-HWY-ITEM-018,PRJ-HWY-ITEM-018-REVIEW,REVIEW,Q-REVIEW,REVIEW-SERVER-2,12.670878,33.241146,36.226986,20.570269,2.98584,SEQUENTIAL_PIPELINE,SYNTHETIC_RESEARCH_FIXTURE,OG-SYNTH-0.2,A-0.2,build_opus_synthetic_programme_v0_2.py@0.2,20260811,True,3d3ddf4d672d46ef122201cb29186bf600025dfff0537cf1323b0875a74230d9
PRJ-HWY,PRJ-HWY-ITEM-018,PRJ-HWY-ITEM-018-FABRICATION,FABRICATION,Q-FABRICATION,FABRICATION-SERVER-2,36.226986,90.433128,100.620646,54.206142,10.187518,SEQUENTIAL_PIPELINE,SYNTHETIC_RESEARCH_FIXTURE,OG-SYNTH-0.2,A-0.2,build_opus_synthetic_programme_v0_2.py@0.2,20260811,True,1316301e135f97f895b7cb6b63f4955de1ac8e8ae822d762a34cc9884e6681c2
PRJ-HWY,PRJ-HWY-ITEM-018,PRJ-HWY-ITEM-018-SHIPPING,SHIPPING,Q-SHIPPING,SHIPPING-SERVER-1,100.620646,100.620646,104.67564,0.0,4.054994,SEQUENTIAL_PIPELINE,SYNTHETIC_RESEARCH_FIXTURE,OG-SYNTH-0.2,A-0.2,build_opus_synthetic_programme_v0_2.py@0.2,20260811,True,edeb396210bf8be66dfe6332e1c43eb4934b03e2a5fcf72c04e058d35d7945c3
PRJ-HWY,PRJ-HWY-ITEM-018,PRJ-HWY-ITEM-018-DELIVERY,DELIVERY,Q-DELIVERY,DELIVERY-SERVER-1,104.67564,104.67564,106.207312,0.0,1.531673,SEQUENTIAL_PIPELINE,SYNTHETIC_RESEARCH_FIXTURE,OG-SYNTH-0.2,A-0.2,build_opus_synthetic_programme_v0_2.py@0.2,20260811,True,eb29d11a7cb115c1a52dee63f66c7266611693fde6762d41e47a05863da7aa12
PRJ-HWY,PRJ-HWY-ITEM-019,PRJ-HWY-ITEM-019-REVIEW,REVIEW,Q-REVIEW,REVIEW-SERVER-1,13.023719,35.080042,38.317753,22.056323,3.237711,SEQUENTIAL_PIPELINE,SYNTHETIC_RESEARCH_FIXTURE,OG-SYNTH-0.2,A-0.2,build_opus_synthetic_programme_v0_2.py@0.2,20260811,True,95e8bf858ee2a503f49788f5ce73fc03e57eb81d354b09f1f2fd0dd2012c27e1
PRJ-HWY,PRJ-HWY-ITEM-019,PRJ-HWY-ITEM-019-FABRICATION,FABRICATION,Q-FABRICATION,FABRICATION-SERVER-1,38.317753,90.554785,99.650343,52.237032,9.095558,SEQUENTIAL_PIPELINE,SYNTHETIC_RESEARCH_FIXTURE,OG-SYNTH-0.2,A-0.2,build_opus_synthetic_programme_v0_2.py@0.2,20260811,True,90f7a2c71df8acc0c95ab8b676828f652e6f9126e362d99fb79501f1514ab4a6
PRJ-HWY,PRJ-HWY-ITEM-019,PRJ-HWY-ITEM-019-SHIPPING,SHIPPING,Q-SHIPPING,SHIPPING-SERVER-2,99.650343,102.279378,106.389934,2.629035,4.110556,SEQUENTIAL_PIPELINE,SYNTHETIC_RESEARCH_FIXTURE,OG-SYNTH-0.2,A-0.2,build_opus_synthetic_programme_v0_2.py@0.2,20260811,True,73a8f7c9b3190013d2406054d56e3bb392cce4f52787e8aa7717f3524412edea
PRJ-HWY,PRJ-HWY-ITEM-019,PRJ-HWY-ITEM-019-DELIVERY,DELIVERY,Q-DELIVERY,DELIVERY-SERVER-4,106.389934,106.389934,107.844156,0.0,1.454222,SEQUENTIAL_PIPELINE,SYNTHETIC_RESEARCH_FIXTURE,OG-SYNTH-0.2,A-0.2,build_opus_synthetic_programme_v0_2.py@0.2,20260811,True,0ad57a7619c9817c92844d49c58f3ca5ce3907448da41ca36a0852b33b185421
PRJ-HWY,PRJ-HWY-ITEM-020,PRJ-HWY-ITEM-020-REVIEW,REVIEW,Q-REVIEW,REVIEW-SERVER-2,4.1624,36.226986,40.269428,32.064586,4.042442,SEQUENTIAL_PIPELINE,SYNTHETIC_RESEARCH_FIXTURE,OG-SYNTH-0.2,A-0.2,build_opus_synthetic_programme_v0_2.py@0.2,20260811,True,421ba8e8761a08afa8b0527e8f468bc344c19baff8146f41f134c044b80ca6ea
PRJ-HWY,PRJ-HWY-ITEM-020,PRJ-HWY-ITEM-020-FABRICATION,FABRICATION,Q-FABRICATION,FABRICATION-SERVER-3,40.269428,94.551217,104.51442,54.281789,9.963203,SEQUENTIAL_PIPELINE,SYNTHETIC_RESEARCH_FIXTURE,OG-SYNTH-0.2,A-0.2,build_opus_synthetic_programme_v0_2.py@0.2,20260811,True,180f80da44f100f80845c617602ce25c14a59c080031bbd0867c0447729b1b43
PRJ-HWY,PRJ-HWY-ITEM-020,PRJ-HWY-ITEM-020-SHIPPING,SHIPPING,Q-SHIPPING,SHIPPING-SERVER-1,104.51442,104.67564,108.373748,0.161219,3.698109,SEQUENTIAL_PIPELINE,SYNTHETIC_RESEARCH_FIXTURE,OG-SYNTH-0.2,A-0.2,build_opus_synthetic_programme_v0_2.py@0.2,20260811,True,d769ad678b70531554627ab1edfef028faea497de958db5b655dd728eb644507
PRJ-HWY,PRJ-HWY-ITEM-020,PRJ-HWY-ITEM-020-DELIVERY,DELIVERY,Q-DELIVERY,DELIVERY-SERVER-3,108.373748,108.373748,110.707974,0.0,2.334226,SEQUENTIAL_PIPELINE,SYNTHETIC_RESEARCH_FIXTURE,OG-SYNTH-0.2,A-0.2,build_opus_synthetic_programme_v0_2.py@0.2,20260811,True,3421e0f5c13114a6a70eb8f1360cef7b183e337ed984a136cbe97f14c8d822e5
PRJ-HSP,PRJ-HSP-ITEM-001,PRJ-HSP-ITEM-001-REVIEW,REVIEW,Q-REVIEW,REVIEW-SERVER-1,8.192165,8.192165,10.552234,0.0,2.360068,SEQUENTIAL_PIPELINE,SYNTHETIC_RESEARCH_FIXTURE,OG-SYNTH-0.2,A-0.2,build_opus_synthetic_programme_v0_2.py@0.2,20260811,True,f0de5da9b16671f6201aa09f0d0984c22447e9e0d230cea8295dca9b94d19671
PRJ-HSP,PRJ-HSP-ITEM-001,PRJ-HSP-ITEM-001-FABRICATION,FABRICATION,Q-FABRICATION,FABRICATION-SERVER-1,10.552234,10.552234,24.844234,0.0,14.292,SEQUENTIAL_PIPELINE,SYNTHETIC_RESEARCH_FIXTURE,OG-SYNTH-0.2,A-0.2,build_opus_synthetic_programme_v0_2.py@0.2,20260811,True,676e85dd56e24e26ff5fa9719ae388932f173d9dcf46ae74312b49bf7e11fa99
PRJ-HSP,PRJ-HSP-ITEM-001,PRJ-HSP-ITEM-001-SHIPPING,SHIPPING,Q-SHIPPING,SHIPPING-SERVER-1,24.844234,24.844234,29.380829,0.0,4.536595,SEQUENTIAL_PIPELINE,SYNTHETIC_RESEARCH_FIXTURE,OG-SYNTH-0.2,A-0.2,build_opus_synthetic_programme_v0_2.py@0.2,20260811,True,217c9436fdf289ad375a34ec2316ce28ebd76f9f87bba82a53d1b1f6fdc44c76
PRJ-HSP,PRJ-HSP-ITEM-001,PRJ-HSP-ITEM-001-DELIVERY,DELIVERY,Q-DELIVERY,DELIVERY-SERVER-1,29.380829,29.380829,30.87429,0.0,1.493461,SEQUENTIAL_PIPELINE,SYNTHETIC_RESEARCH_FIXTURE,OG-SYNTH-0.2,A-0.2,build_opus_synthetic_programme_v0_2.py@0.2,20260811,True,66d69609866be0c04abd4c537421c89cfbd18e259d217d041003eed7e068f311
PRJ-HSP,PRJ-HSP-ITEM-002,PRJ-HSP-ITEM-002-REVIEW,REVIEW,Q-REVIEW,REVIEW-SERVER-2,11.897641,11.897641,14.952512,0.0,3.054871,SEQUENTIAL_PIPELINE,SYNTHETIC_RESEARCH_FIXTURE,OG-SYNTH-0.2,A-0.2,build_opus_synthetic_programme_v0_2.py@0.2,20260811,True,16c2bad4c366ab245c848799e492980b3da94ed8e01b20e5fe0ee580fa756f9f
PRJ-HSP,PRJ-HSP-ITEM-002,PRJ-HSP-ITEM-002-FABRICATION,FABRICATION,Q-FABRICATION,FABRICATION-SERVER-2,14.952512,14.952512,30.902281,0.0,15.949769,SEQUENTIAL_PIPELINE,SYNTHETIC_RESEARCH_FIXTURE,OG-SYNTH-0.2,A-0.2,build_opus_synthetic_programme_v0_2.py@0.2,20260811,True,384e4757bf4eaf9da9e161ce291a5b0ae9982d7edb85f0563e58bbb88bf33835
PRJ-HSP,PRJ-HSP-ITEM-002,PRJ-HSP-ITEM-002-SHIPPING,SHIPPING,Q-SHIPPING,SHIPPING-SERVER-2,30.902281,30.902281,41.638915,0.0,10.736635,SEQUENTIAL_PIPELINE,SYNTHETIC_RESEARCH_FIXTURE,OG-SYNTH-0.2,A-0.2,build_opus_synthetic_programme_v0_2.py@0.2,20260811,True,70fd85edd3eb31cf26a2afa9f7032aebbb614e28b0d96a6f02e41b2ea8f1331d
PRJ-HSP,PRJ-HSP-ITEM-002,PRJ-HSP-ITEM-002-DELIVERY,DELIVERY,Q-DELIVERY,DELIVERY-SERVER-2,41.638915,41.638915,43.420298,0.0,1.781383,SEQUENTIAL_PIPELINE,SYNTHETIC_RESEARCH_FIXTURE,OG-SYNTH-0.2,A-0.2,build_opus_synthetic_programme_v0_2.py@0.2,20260811,True,cd64dec3b732af5c3cf8b5fe1c0f1ef6f7b8bca2916f31ada2faeebdd5b877d2
PRJ-HSP,PRJ-HSP-ITEM-003,PRJ-HSP-ITEM-003-REVIEW,REVIEW,Q-REVIEW,REVIEW-SERVER-1,1.787812,10.552234,12.868681,8.764422,2.316448,SEQUENTIAL_PIPELINE,SYNTHETIC_RESEARCH_FIXTURE,OG-SYNTH-0.2,A-0.2,build_opus_synthetic_programme_v0_2.py@0.2,20260811,True,96086ff3385ac1cf5c9ee993a1286da0941821d5b5bbf8e624159918ece856e3
PRJ-HSP,PRJ-HSP-ITEM-003,PRJ-HSP-ITEM-003-FABRICATION,FABRICATION,Q-FABRICATION,FABRICATION-SERVER-3,12.868681,12.868681,24.514271,0.0,11.64559,SEQUENTIAL_PIPELINE,SYNTHETIC_RESEARCH_FIXTURE,OG-SYNTH-0.2,A-0.2,build_opus_synthetic_programme_v0_2.py@0.2,20260811,True,c1191df158b6c6ab9265e4204dc4da9df249cd6ad0b923522aec40ceb9f4e7c1
PRJ-HSP,PRJ-HSP-ITEM-003,PRJ-HSP-ITEM-003-SHIPPING,SHIPPING,Q-SHIPPING,SHIPPING-SERVER-1,24.514271,29.380829,36.501988,4.866558,7.121159,SEQUENTIAL_PIPELINE,SYNTHETIC_RESEARCH_FIXTURE,OG-SYNTH-0.2,A-0.2,build_opus_synthetic_programme_v0_2.py@0.2,20260811,True,9f074646411386ec67fb52bb50e0d0608d955aba268ac4bf3d71ecfe67d55f8e
PRJ-HSP,PRJ-HSP-ITEM-003,PRJ-HSP-ITEM-003-DELIVERY,DELIVERY,Q-DELIVERY,DELIVERY-SERVER-3,36.501988,36.501988,38.131392,0.0,1.629404,SEQUENTIAL_PIPELINE,SYNTHETIC_RESEARCH_FIXTURE,OG-SYNTH-0.2,A-0.2,build_opus_synthetic_programme_v0_2.py@0.2,20260811,True,b50cb52669d0f607fc9f84f6b6683bb9369a71b47c864fa01b27c255ae82e96f
PRJ-HSP,PRJ-HSP-ITEM-004,PRJ-HSP-ITEM-004-REVIEW,REVIEW,Q-REVIEW,REVIEW-SERVER-1,13.825065,13.825065,16.582209,0.0,2.757144,SEQUENTIAL_PIPELINE,SYNTHETIC_RESEARCH_FIXTURE,OG-SYNTH-0.2,A-0.2,build_opus_synthetic_programme_v0_2.py@0.2,20260811,True,676f1e10a79f82861310d2ff242a5e0e4aee4d52bba487fd7cd902df9aeb3fe1
PRJ-HSP,PRJ-HSP-ITEM-004,PRJ-HSP-ITEM-004-FABRICATION,FABRICATION,Q-FABRICATION,FABRICATION-SERVER-3,16.582209,24.514271,39.598298,7.932062,15.084026,SEQUENTIAL_PIPELINE,SYNTHETIC_RESEARCH_FIXTURE,OG-SYNTH-0.2,A-0.2,build_opus_synthetic_programme_v0_2.py@0.2,20260811,True,caac18fd4b396d5154f60ed991ec313f432cbfedc2f0c8d443b44a5a2440266a
PRJ-HSP,PRJ-HSP-ITEM-004,PRJ-HSP-ITEM-004-SHIPPING,SHIPPING,Q-SHIPPING,SHIPPING-SERVER-1,39.598298,39.598298,47.041041,0.0,7.442744,SEQUENTIAL_PIPELINE,SYNTHETIC_RESEARCH_FIXTURE,OG-SYNTH-0.2,A-0.2,build_opus_synthetic_programme_v0_2.py@0.2,20260811,True,0a31d582497bd43cdbb6d934f7defce809507cd3ede9ce6bb52ee4051300c90d
PRJ-HSP,PRJ-HSP-ITEM-004,PRJ-HSP-ITEM-004-DELIVERY,DELIVERY,Q-DELIVERY,DELIVERY-SERVER-4,47.041041,47.041041,48.06417,0.0,1.023129,SEQUENTIAL_PIPELINE,SYNTHETIC_RESEARCH_FIXTURE,OG-SYNTH-0.2,A-0.2,build_opus_synthetic_programme_v0_2.py@0.2,20260811,True,737c828f9fc2cee40c4286056a91ec0910fab2d7f187ec15dfda55c9829e2179
PRJ-HSP,PRJ-HSP-ITEM-005,PRJ-HSP-ITEM-005-REVIEW,REVIEW,Q-REVIEW,REVIEW-SERVER-2,10.399733,14.952512,17.819818,4.552779,2.867306,SEQUENTIAL_PIPELINE,SYNTHETIC_RESEARCH_FIXTURE,OG-SYNTH-0.2,A-0.2,build_opus_synthetic_programme_v0_2.py@0.2,20260811,True,85bd01f7f4bd763ce8d5fafe4efa2ec3ed10fd833fcf491caed68f7a119181e7
PRJ-HSP,PRJ-HSP-ITEM-005,PRJ-HSP-ITEM-005-FABRICATION,FABRICATION,Q-FABRICATION,FABRICATION-SERVER-1,17.819818,24.844234,35.193759,7.024416,10.349525,SEQUENTIAL_PIPELINE,SYNTHETIC_RESEARCH_FIXTURE,OG-SYNTH-0.2,A-0.2,build_opus_synthetic_programme_v0_2.py@0.2,20260811,True,4404c6d6d43100335b953bd86f0ceebb3af4338f4e079040c1aa7fe8bf42b236
PRJ-HSP,PRJ-HSP-ITEM-005,PRJ-HSP-ITEM-005-SHIPPING,SHIPPING,Q-SHIPPING,SHIPPING-SERVER-2,35.193759,41.638915,46.885113,6.445156,5.246198,SEQUENTIAL_PIPELINE,SYNTHETIC_RESEARCH_FIXTURE,OG-SYNTH-0.2,A-0.2,build_opus_synthetic_programme_v0_2.py@0.2,20260811,True,7c3c6e1ee67301c9a13b194c2fcf1e548e90db51c208849e8fc401ab595a8487
PRJ-HSP,PRJ-HSP-ITEM-005,PRJ-HSP-ITEM-005-DELIVERY,DELIVERY,Q-DELIVERY,DELIVERY-SERVER-1,46.885113,46.885113,48.112906,0.0,1.227793,SEQUENTIAL_PIPELINE,SYNTHETIC_RESEARCH_FIXTURE,OG-SYNTH-0.2,A-0.2,build_opus_synthetic_programme_v0_2.py@0.2,20260811,True,bfeb673e18f5071b65cd5998587e5ad779fa100c83abfe45dfae28b33bc88460
PRJ-HSP,PRJ-HSP-ITEM-006,PRJ-HSP-ITEM-006-REVIEW,REVIEW,Q-REVIEW,REVIEW-SERVER-1,7.749964,16.582209,20.94837,8.832245,4.366161,SEQUENTIAL_PIPELINE,SYNTHETIC_RESEARCH_FIXTURE,OG-SYNTH-0.2,A-0.2,build_opus_synthetic_programme_v0_2.py@0.2,20260811,True,b1f60e9e5f9389eab4e0f564ffe75172f25cb16bbf7676f00d4ea8ceddbcd9e4
PRJ-HSP,PRJ-HSP-ITEM-006,PRJ-HSP-ITEM-006-FABRICATION,FABRICATION,Q-FABRICATION,FABRICATION-SERVER-2,20.94837,30.902281,41.460159,9.95391,10.557879,SEQUENTIAL_PIPELINE,SYNTHETIC_RESEARCH_FIXTURE,OG-SYNTH-0.2,A-0.2,build_opus_synthetic_programme_v0_2.py@0.2,20260811,True,8f05098fad17a8eba448b8ad2e6d34c9c0db3e81d1ec9ec4684d7a156b8cef6a
PRJ-HSP,PRJ-HSP-ITEM-006,PRJ-HSP-ITEM-006-SHIPPING,SHIPPING,Q-SHIPPING,SHIPPING-SERVER-2,41.460159,46.885113,51.742831,5.424954,4.857718,SEQUENTIAL_PIPELINE,SYNTHETIC_RESEARCH_FIXTURE,OG-SYNTH-0.2,A-0.2,build_opus_synthetic_programme_v0_2.py@0.2,20260811,True,d50ace414374a48555fda5c8dcd613eacf96d67a2a90f2d2e2826438415b30bb
PRJ-HSP,PRJ-HSP-ITEM-006,PRJ-HSP-ITEM-006-DELIVERY,DELIVERY,Q-DELIVERY,DELIVERY-SERVER-3,51.742831,51.742831,52.718168,0.0,0.975337,SEQUENTIAL_PIPELINE,SYNTHETIC_RESEARCH_FIXTURE,OG-SYNTH-0.2,A-0.2,build_opus_synthetic_programme_v0_2.py@0.2,20260811,True,4026bb14de9b0ce62db17532b4eef335d02535fb20a41e37c0e94fdb62f3ecbe
PRJ-HSP,PRJ-HSP-ITEM-007,PRJ-HSP-ITEM-007-REVIEW,REVIEW,Q-REVIEW,REVIEW-SERVER-2,4.7088,17.819818,19.936891,13.111018,2.117073,SEQUENTIAL_PIPELINE,SYNTHETIC_RESEARCH_FIXTURE,OG-SYNTH-0.2,A-0.2,build_opus_synthetic_programme_v0_2.py@0.2,20260811,True,3e079321ee60c777a7483cf9434e4e50ead4c9a643c8e2706084efc6506948e5
PRJ-HSP,PRJ-HSP-ITEM-007,PRJ-HSP-ITEM-007-FABRICATION,FABRICATION,Q-FABRICATION,FABRICATION-SERVER-1,19.936891,35.193759,42.774883,15.256868,7.581124,SEQUENTIAL_PIPELINE,SYNTHETIC_RESEARCH_FIXTURE,OG-SYNTH-0.2,A-0.2,build_opus_synthetic_programme_v0_2.py@0.2,20260811,True,1a53a7824daebf52788287472db627a4885deadcd8867d238645b9341367d38c
PRJ-HSP,PRJ-HSP-ITEM-007,PRJ-HSP-ITEM-007-SHIPPING,SHIPPING,Q-SHIPPING,SHIPPING-SERVER-1,42.774883,47.041041,51.394089,4.266159,4.353047,SEQUENTIAL_PIPELINE,SYNTHETIC_RESEARCH_FIXTURE,OG-SYNTH-0.2,A-0.2,build_opus_synthetic_programme_v0_2.py@0.2,20260811,True,e789953ab9a6780a59dc8dca6a64235536c906f8d9bded79ecfe685eff139bc5
PRJ-HSP,PRJ-HSP-ITEM-007,PRJ-HSP-ITEM-007-DELIVERY,DELIVERY,Q-DELIVERY,DELIVERY-SERVER-2,51.394089,51.394089,53.463624,0.0,2.069535,SEQUENTIAL_PIPELINE,SYNTHETIC_RESEARCH_FIXTURE,OG-SYNTH-0.2,A-0.2,build_opus_synthetic_programme_v0_2.py@0.2,20260811,True,b57d181eba25acd2bf1142b06e432a78d412f89510af4491b91ed682790f1099
PRJ-HSP,PRJ-HSP-ITEM-008,PRJ-HSP-ITEM-008-REVIEW,REVIEW,Q-REVIEW,REVIEW-SERVER-2,11.032555,19.936891,22.689539,8.904336,2.752648,SEQUENTIAL_PIPELINE,SYNTHETIC_RESEARCH_FIXTURE,OG-SYNTH-0.2,A-0.2,build_opus_synthetic_programme_v0_2.py@0.2,20260811,True,22ecc2e198842084c768110ad907c4b148496225dc1f517ca935fb1a64900f38
PRJ-HSP,PRJ-HSP-ITEM-008,PRJ-HSP-ITEM-008-FABRICATION,FABRICATION,Q-FABRICATION,FABRICATION-SERVER-3,22.689539,39.598298,51.946842,16.908759,12.348544,SEQUENTIAL_PIPELINE,SYNTHETIC_RESEARCH_FIXTURE,OG-SYNTH-0.2,A-0.2,build_opus_synthetic_programme_v0_2.py@0.2,20260811,True,5874257271ae8f3d57285f701b9604262945cd73a3b1107b47c84211f7264861
PRJ-HSP,PRJ-HSP-ITEM-008,PRJ-HSP-ITEM-008-SHIPPING,SHIPPING,Q-SHIPPING,SHIPPING-SERVER-1,51.946842,51.946842,56.738483,0.0,4.791641,SEQUENTIAL_PIPELINE,SYNTHETIC_RESEARCH_FIXTURE,OG-SYNTH-0.2,A-0.2,build_opus_synthetic_programme_v0_2.py@0.2,20260811,True,d1b70c20a9a9c9c5dbbc5245aaa086c0169a0ba98118951d863a3f130a75a41e
PRJ-HSP,PRJ-HSP-ITEM-008,PRJ-HSP-ITEM-008-DELIVERY,DELIVERY,Q-DELIVERY,DELIVERY-SERVER-4,56.738483,56.738483,58.030106,0.0,1.291623,SEQUENTIAL_PIPELINE,SYNTHETIC_RESEARCH_FIXTURE,OG-SYNTH-0.2,A-0.2,build_opus_synthetic_programme_v0_2.py@0.2,20260811,True,830a9cf8fd58b13faafc7ea001017853e815e0c331649a3e28275b6db2ff1a95
PRJ-HSP,PRJ-HSP-ITEM-009,PRJ-HSP-ITEM-009-REVIEW,REVIEW,Q-REVIEW,REVIEW-SERVER-1,12.436568,20.94837,25.528747,8.511802,4.580376,SEQUENTIAL_PIPELINE,SYNTHETIC_RESEARCH_FIXTURE,OG-SYNTH-0.2,A-0.2,build_opus_synthetic_programme_v0_2.py@0.2,20260811,True,89c6b4e86b92fd337b5d20e56fe4108252c3f5df89cfab5b59f66d06488aca05
PRJ-HSP,PRJ-HSP-ITEM-009,PRJ-HSP-ITEM-009-FABRICATION,FABRICATION,Q-FABRICATION,FABRICATION-SERVER-2,25.528747,41.460159,57.851529,15.931413,16.391369,SEQUENTIAL_PIPELINE,SYNTHETIC_RESEARCH_FIXTURE,OG-SYNTH-0.2,A-0.2,build_opus_synthetic_programme_v0_2.py@0.2,20260811,True,c9dc527eaf6656b3bac6096256ac12299684b22bebc3aaea49a12989b4bae113
PRJ-HSP,PRJ-HSP-ITEM-009,PRJ-HSP-ITEM-009-SHIPPING,SHIPPING,Q-SHIPPING,SHIPPING-SERVER-2,57.851529,57.851529,62.90302,0.0,5.051491,SEQUENTIAL_PIPELINE,SYNTHETIC_RESEARCH_FIXTURE,OG-SYNTH-0.2,A-0.2,build_opus_synthetic_programme_v0_2.py@0.2,20260811,True,bf5ccc0bcfd08820008b1e4d989db3dfd6892a60ab7153f8fbb7252a1d285337
PRJ-HSP,PRJ-HSP-ITEM-009,PRJ-HSP-ITEM-009-DELIVERY,DELIVERY,Q-DELIVERY,DELIVERY-SERVER-1,62.90302,62.90302,63.900969,0.0,0.997949,SEQUENTIAL_PIPELINE,SYNTHETIC_RESEARCH_FIXTURE,OG-SYNTH-0.2,A-0.2,build_opus_synthetic_programme_v0_2.py@0.2,20260811,True,61c4a756230df9ac8abf78eb3783378743ed403c001b282275598a515a492308
PRJ-HSP,PRJ-HSP-ITEM-010,PRJ-HSP-ITEM-010-REVIEW,REVIEW,Q-REVIEW,REVIEW-SERVER-2,12.400011,22.689539,25.925194,10.289528,3.235655,SEQUENTIAL_PIPELINE,SYNTHETIC_RESEARCH_FIXTURE,OG-SYNTH-0.2,A-0.2,build_opus_synthetic_programme_v0_2.py@0.2,20260811,True,0a52330025e4e8b6d2fb718b063a72a9879bb5873d3598eb747663c1fa80de59
PRJ-HSP,PRJ-HSP-ITEM-010,PRJ-HSP-ITEM-010-FABRICATION,FABRICATION,Q-FABRICATION,FABRICATION-SERVER-1,25.925194,42.774883,53.776819,16.849689,11.001936,SEQUENTIAL_PIPELINE,SYNTHETIC_RESEARCH_FIXTURE,OG-SYNTH-0.2,A-0.2,build_opus_synthetic_programme_v0_2.py@0.2,20260811,True,b6db25446bdf847387d610765209c5e165dfd039e1b331616f9eee8b623e1922
PRJ-HSP,PRJ-HSP-ITEM-010,PRJ-HSP-ITEM-010-SHIPPING,SHIPPING,Q-SHIPPING,SHIPPING-SERVER-1,53.776819,56.738483,60.52979,2.961663,3.791307,SEQUENTIAL_PIPELINE,SYNTHETIC_RESEARCH_FIXTURE,OG-SYNTH-0.2,A-0.2,build_opus_synthetic_programme_v0_2.py@0.2,20260811,True,4b21ff16f0449385c6356459a3876b3f70af820ce6ebfdf22d8fe8ca7129294f
PRJ-HSP,PRJ-HSP-ITEM-010,PRJ-HSP-ITEM-010-DELIVERY,DELIVERY,Q-DELIVERY,DELIVERY-SERVER-3,60.52979,60.52979,62.421131,0.0,1.891341,SEQUENTIAL_PIPELINE,SYNTHETIC_RESEARCH_FIXTURE,OG-SYNTH-0.2,A-0.2,build_opus_synthetic_programme_v0_2.py@0.2,20260811,True,02ea9ee5f43a0250085c5ac61f7b9ef7ed39bb0fd01370141ac3f332aa07e7ab
PRJ-HSP,PRJ-HSP-ITEM-011,PRJ-HSP-ITEM-011-REVIEW,REVIEW,Q-REVIEW,REVIEW-SERVER-1,2.063513,25.528747,28.774927,23.465234,3.246181,SEQUENTIAL_PIPELINE,SYNTHETIC_RESEARCH_FIXTURE,OG-SYNTH-0.2,A-0.2,build_opus_synthetic_programme_v0_2.py@0.2,20260811,True,8272344a6fa5cd1b5f448020b7fb36c0ad10e99f45dcf5907cb468a1728edd3a
PRJ-HSP,PRJ-HSP-ITEM-011,PRJ-HSP-ITEM-011-FABRICATION,FABRICATION,Q-FABRICATION,FABRICATION-SERVER-3,28.774927,51.946842,62.236606,23.171914,10.289764,SEQUENTIAL_PIPELINE,SYNTHETIC_RESEARCH_FIXTURE,OG-SYNTH-0.2,A-0.2,build_opus_synthetic_programme_v0_2.py@0.2,20260811,True,0b67f70053e89344f45c5e7819f3259a859d24c6a80cbb725ab31d8cdf2966cb
PRJ-HSP,PRJ-HSP-ITEM-011,PRJ-HSP-ITEM-011-SHIPPING,SHIPPING,Q-SHIPPING,SHIPPING-SERVER-1,62.236606,62.236606,68.922961,0.0,6.686355,SEQUENTIAL_PIPELINE,SYNTHETIC_RESEARCH_FIXTURE,OG-SYNTH-0.2,A-0.2,build_opus_synthetic_programme_v0_2.py@0.2,20260811,True,74dd59d4051b420ec893dec5579268a5f57350c93fce1093977103662546e647
PRJ-HSP,PRJ-HSP-ITEM-011,PRJ-HSP-ITEM-011-DELIVERY,DELIVERY,Q-DELIVERY,DELIVERY-SERVER-2,68.922961,68.922961,70.431261,0.0,1.5083,SEQUENTIAL_PIPELINE,SYNTHETIC_RESEARCH_FIXTURE,OG-SYNTH-0.2,A-0.2,build_opus_synthetic_programme_v0_2.py@0.2,20260811,True,0f02fa24dbde6e916b3bf8712a39b11772e038dcf2c1b6d5dec6ffbf6442dee0
PRJ-HSP,PRJ-HSP-ITEM-012,PRJ-HSP-ITEM-012-REVIEW,REVIEW,Q-REVIEW,REVIEW-SERVER-2,1.31204,25.925194,28.612722,24.613154,2.687528,SEQUENTIAL_PIPELINE,SYNTHETIC_RESEARCH_FIXTURE,OG-SYNTH-0.2,A-0.2,build_opus_synthetic_programme_v0_2.py@0.2,20260811,True,a053db969e0ac87250ac4aa0ef695c831699598d645e37d004f9dc1471df4100
PRJ-HSP,PRJ-HSP-ITEM-012,PRJ-HSP-ITEM-012-FABRICATION,FABRICATION,Q-FABRICATION,FABRICATION-SERVER-1,28.612722,53.776819,67.145891,25.164097,13.369072,SEQUENTIAL_PIPELINE,SYNTHETIC_RESEARCH_FIXTURE,OG-SYNTH-0.2,A-0.2,build_opus_synthetic_programme_v0_2.py@0.2,20260811,True,3d434101b5948f075ba55e9d9dea9589dc9d882284ced115a00e89bba9a48d78
PRJ-HSP,PRJ-HSP-ITEM-012,PRJ-HSP-ITEM-012-SHIPPING,SHIPPING,Q-SHIPPING,SHIPPING-SERVER-2,67.145891,67.145891,73.450378,0.0,6.304487,SEQUENTIAL_PIPELINE,SYNTHETIC_RESEARCH_FIXTURE,OG-SYNTH-0.2,A-0.2,build_opus_synthetic_programme_v0_2.py@0.2,20260811,True,355a70d0fb8e5c0616fe5feeccbb9b74b281083afcb3464c5e2aa819f8134cc3
PRJ-HSP,PRJ-HSP-ITEM-012,PRJ-HSP-ITEM-012-DELIVERY,DELIVERY,Q-DELIVERY,DELIVERY-SERVER-4,73.450378,73.450378,75.733175,0.0,2.282797,SEQUENTIAL_PIPELINE,SYNTHETIC_RESEARCH_FIXTURE,OG-SYNTH-0.2,A-0.2,build_opus_synthetic_programme_v0_2.py@0.2,20260811,True,e09aadb2042d98290b8235b90987c7b967a39e87996dd5a718d605022d34bf0b
PRJ-HSP,PRJ-HSP-ITEM-013,PRJ-HSP-ITEM-013-REVIEW,REVIEW,Q-REVIEW,REVIEW-SERVER-2,8.631662,28.612722,32.032167,19.98106,3.419445,SEQUENTIAL_PIPELINE,SYNTHETIC_RESEARCH_FIXTURE,OG-SYNTH-0.2,A-0.2,build_opus_synthetic_programme_v0_2.py@0.2,20260811,True,48897aedfc9a7cf9c98471fdc1cde3ec4b64e76a59a103911c76a44fb216614e
PRJ-HSP,PRJ-HSP-ITEM-013,PRJ-HSP-ITEM-013-FABRICATION,FABRICATION,Q-FABRICATION,FABRICATION-SERVER-2,32.032167,57.851529,70.182043,25.819361,12.330515,SEQUENTIAL_PIPELINE,SYNTHETIC_RESEARCH_FIXTURE,OG-SYNTH-0.2,A-0.2,build_opus_synthetic_programme_v0_2.py@0.2,20260811,True,e599e19c65659d50288569f591483d1e90662e8197796138c00400e42c123c48
PRJ-HSP,PRJ-HSP-ITEM-013,PRJ-HSP-ITEM-013-SHIPPING,SHIPPING,Q-SHIPPING,SHIPPING-SERVER-1,70.182043,70.182043,74.542085,0.0,4.360042,SEQUENTIAL_PIPELINE,SYNTHETIC_RESEARCH_FIXTURE,OG-SYNTH-0.2,A-0.2,build_opus_synthetic_programme_v0_2.py@0.2,20260811,True,0d65fc6e99e664ecc3e7f09cddd276f8233686036f72f4ee431ec61b2766a074
PRJ-HSP,PRJ-HSP-ITEM-013,PRJ-HSP-ITEM-013-DELIVERY,DELIVERY,Q-DELIVERY,DELIVERY-SERVER-3,74.542085,74.542085,76.286475,0.0,1.744389,SEQUENTIAL_PIPELINE,SYNTHETIC_RESEARCH_FIXTURE,OG-SYNTH-0.2,A-0.2,build_opus_synthetic_programme_v0_2.py@0.2,20260811,True,6f0dceee478d4de0a0c2c624af27552abe038484938c9a74beb427a0403d13b9
PRJ-HSP,PRJ-HSP-ITEM-014,PRJ-HSP-ITEM-014-REVIEW,REVIEW,Q-REVIEW,REVIEW-SERVER-1,13.316708,28.774927,31.279456,15.458219,2.504528,SEQUENTIAL_PIPELINE,SYNTHETIC_RESEARCH_FIXTURE,OG-SYNTH-0.2,A-0.2,build_opus_synthetic_programme_v0_2.py@0.2,20260811,True,bd53e6de48189d7a57c51135aa7985e863c6356ae345902eeb61d619c02c42a3
PRJ-HSP,PRJ-HSP-ITEM-014,PRJ-HSP-ITEM-014-FABRICATION,FABRICATION,Q-FABRICATION,FABRICATION-SERVER-3,31.279456,62.236606,81.674563,30.95715,19.437958,SEQUENTIAL_PIPELINE,SYNTHETIC_RESEARCH_FIXTURE,OG-SYNTH-0.2,A-0.2,build_opus_synthetic_programme_v0_2.py@0.2,20260811,True,f240cc78f1758f352700dba339a02410a9798382c3a656ec58851ea014769483
PRJ-HSP,PRJ-HSP-ITEM-014,PRJ-HSP-ITEM-014-SHIPPING,SHIPPING,Q-SHIPPING,SHIPPING-SERVER-2,81.674563,81.674563,88.222362,0.0,6.547799,SEQUENTIAL_PIPELINE,SYNTHETIC_RESEARCH_FIXTURE,OG-SYNTH-0.2,A-0.2,build_opus_synthetic_programme_v0_2.py@0.2,20260811,True,99d63fad1907d8dc57b3303376cb99e0560b6d2c9e2ef482585913c0a5b66470
PRJ-HSP,PRJ-HSP-ITEM-014,PRJ-HSP-ITEM-014-DELIVERY,DELIVERY,Q-DELIVERY,DELIVERY-SERVER-1,88.222362,88.222362,89.428165,0.0,1.205803,SEQUENTIAL_PIPELINE,SYNTHETIC_RESEARCH_FIXTURE,OG-SYNTH-0.2,A-0.2,build_opus_synthetic_programme_v0_2.py@0.2,20260811,True,8525cb167a51decab3b5953c2795644fdcd84858e7ab66933b9a5bbf4e2cc04a
PRJ-HSP,PRJ-HSP-ITEM-015,PRJ-HSP-ITEM-015-REVIEW,REVIEW,Q-REVIEW,REVIEW-SERVER-1,9.420104,31.279456,34.143607,21.859351,2.864151,SEQUENTIAL_PIPELINE,SYNTHETIC_RESEARCH_FIXTURE,OG-SYNTH-0.2,A-0.2,build_opus_synthetic_programme_v0_2.py@0.2,20260811,True,2e18a4d795c18b522051ebb7edff5ff0487917c48d57dbac974a4f368b5ab0c8
PRJ-HSP,PRJ-HSP-ITEM-015,PRJ-HSP-ITEM-015-FABRICATION,FABRICATION,Q-FABRICATION,FABRICATION-SERVER-1,34.143607,67.145891,76.639204,33.002284,9.493313,SEQUENTIAL_PIPELINE,SYNTHETIC_RESEARCH_FIXTURE,OG-SYNTH-0.2,A-0.2,build_opus_synthetic_programme_v0_2.py@0.2,20260811,True,25b5926f21189e0662c27c086afd60b3b18f3589ff36338f251b167b6d22e201
PRJ-HSP,PRJ-HSP-ITEM-015,PRJ-HSP-ITEM-015-SHIPPING,SHIPPING,Q-SHIPPING,SHIPPING-SERVER-1,76.639204,76.639204,81.132214,0.0,4.493009,SEQUENTIAL_PIPELINE,SYNTHETIC_RESEARCH_FIXTURE,OG-SYNTH-0.2,A-0.2,build_opus_synthetic_programme_v0_2.py@0.2,20260811,True,5c2771b2e8fe1f3e3968010cc27e7f917226665d31273853e7d71cdee6345fb0
PRJ-HSP,PRJ-HSP-ITEM-015,PRJ-HSP-ITEM-015-DELIVERY,DELIVERY,Q-DELIVERY,DELIVERY-SERVER-2,81.132214,81.132214,83.810773,0.0,2.678559,SEQUENTIAL_PIPELINE,SYNTHETIC_RESEARCH_FIXTURE,OG-SYNTH-0.2,A-0.2,build_opus_synthetic_programme_v0_2.py@0.2,20260811,True,3f35620acb0accbd8e31732e1ea2707976b5053552ba2ce71936c0080355a225
PRJ-HSP,PRJ-HSP-ITEM-016,PRJ-HSP-ITEM-016-REVIEW,REVIEW,Q-REVIEW,REVIEW-SERVER-2,12.736938,32.032167,35.423867,19.295229,3.391699,SEQUENTIAL_PIPELINE,SYNTHETIC_RESEARCH_FIXTURE,OG-SYNTH-0.2,A-0.2,build_opus_synthetic_programme_v0_2.py@0.2,20260811,True,77c2156a880afcfaff5253cde851548e5d80b689f10dec83bf72c9f64fa45f21
PRJ-HSP,PRJ-HSP-ITEM-016,PRJ-HSP-ITEM-016-FABRICATION,FABRICATION,Q-FABRICATION,FABRICATION-SERVER-2,35.423867,70.182043,81.076359,34.758177,10.894316,SEQUENTIAL_PIPELINE,SYNTHETIC_RESEARCH_FIXTURE,OG-SYNTH-0.2,A-0.2,build_opus_synthetic_programme_v0_2.py@0.2,20260811,True,b58c2036a3f369133a5edbb853227fb108b8afa059f888e9358408026d5491cd
PRJ-HSP,PRJ-HSP-ITEM-016,PRJ-HSP-ITEM-016-SHIPPING,SHIPPING,Q-SHIPPING,SHIPPING-SERVER-1,81.076359,81.132214,89.069805,0.055855,7.937591,SEQUENTIAL_PIPELINE,SYNTHETIC_RESEARCH_FIXTURE,OG-SYNTH-0.2,A-0.2,build_opus_synthetic_programme_v0_2.py@0.2,20260811,True,ad38a65bf1549e94605b9179d59ad279e75f009e4e5b8236dd567c820cad6f70
PRJ-HSP,PRJ-HSP-ITEM-016,PRJ-HSP-ITEM-016-DELIVERY,DELIVERY,Q-DELIVERY,DELIVERY-SERVER-4,89.069805,89.069805,90.178303,0.0,1.108499,SEQUENTIAL_PIPELINE,SYNTHETIC_RESEARCH_FIXTURE,OG-SYNTH-0.2,A-0.2,build_opus_synthetic_programme_v0_2.py@0.2,20260811,True,6ab7a2c12246ceacc16549e6994d7f18ade37b1db625e433edc825ada2d569cd
PRJ-HSP,PRJ-HSP-ITEM-017,PRJ-HSP-ITEM-017-REVIEW,REVIEW,Q-REVIEW,REVIEW-SERVER-1,1.488558,34.143607,36.519394,32.655048,2.375787,SEQUENTIAL_PIPELINE,SYNTHETIC_RESEARCH_FIXTURE,OG-SYNTH-0.2,A-0.2,build_opus_synthetic_programme_v0_2.py@0.2,20260811,True,d40dbe0c0a6b79b2eab499345c50b8d40bf6b29e05720006e7cb58cc601d087f
PRJ-HSP,PRJ-HSP-ITEM-017,PRJ-HSP-ITEM-017-FABRICATION,FABRICATION,Q-FABRICATION,FABRICATION-SERVER-1,36.519394,76.639204,86.206026,40.119811,9.566822,SEQUENTIAL_PIPELINE,SYNTHETIC_RESEARCH_FIXTURE,OG-SYNTH-0.2,A-0.2,build_opus_synthetic_programme_v0_2.py@0.2,20260811,True,721344b77a9cebf4a10f566f54e8b75c960b42113d1dd1ab0059c5a5506ddc8e
PRJ-HSP,PRJ-HSP-ITEM-017,PRJ-HSP-ITEM-017-SHIPPING,SHIPPING,Q-SHIPPING,SHIPPING-SERVER-2,86.206026,88.222362,92.540078,2.016336,4.317716,SEQUENTIAL_PIPELINE,SYNTHETIC_RESEARCH_FIXTURE,OG-SYNTH-0.2,A-0.2,build_opus_synthetic_programme_v0_2.py@0.2,20260811,True,4c7d35be8a0aff3b72b59011f19a153dd98c3552ae3dd35f5af4e16fbe159a7e
PRJ-HSP,PRJ-HSP-ITEM-017,PRJ-HSP-ITEM-017-DELIVERY,DELIVERY,Q-DELIVERY,DELIVERY-SERVER-3,92.540078,92.540078,94.262398,0.0,1.72232,SEQUENTIAL_PIPELINE,SYNTHETIC_RESEARCH_FIXTURE,OG-SYNTH-0.2,A-0.2,build_opus_synthetic_programme_v0_2.py@0.2,20260811,True,dfe3a8fa8a98f218213a5e71edd13e09d148c9418e5ed391523c5f1b707d0933
PRJ-HSP,PRJ-HSP-ITEM-018,PRJ-HSP-ITEM-018-REVIEW,REVIEW,Q-REVIEW,REVIEW-SERVER-2,7.593262,35.423867,38.98899,27.830604,3.565123,SEQUENTIAL_PIPELINE,SYNTHETIC_RESEARCH_FIXTURE,OG-SYNTH-0.2,A-0.2,build_opus_synthetic_programme_v0_2.py@0.2,20260811,True,3f2a67d94380c01913cf3b08a8618acd12ac4b3a9360a96edf1812c7fed2c27b
PRJ-HSP,PRJ-HSP-ITEM-018,PRJ-HSP-ITEM-018-FABRICATION,FABRICATION,Q-FABRICATION,FABRICATION-SERVER-2,38.98899,81.076359,88.996742,42.087369,7.920383,SEQUENTIAL_PIPELINE,SYNTHETIC_RESEARCH_FIXTURE,OG-SYNTH-0.2,A-0.2,build_opus_synthetic_programme_v0_2.py@0.2,20260811,True,880eca7fd0a9d4ecda0a00edc297876d6d15910ab3c261ccc236e7b1d072586f
PRJ-HSP,PRJ-HSP-ITEM-018,PRJ-HSP-ITEM-018-SHIPPING,SHIPPING,Q-SHIPPING,SHIPPING-SERVER-1,88.996742,89.069805,95.22017,0.073063,6.150365,SEQUENTIAL_PIPELINE,SYNTHETIC_RESEARCH_FIXTURE,OG-SYNTH-0.2,A-0.2,build_opus_synthetic_programme_v0_2.py@0.2,20260811,True,5a282a112bb82bd6ad6d9548e2da1284436ee4138b580a1c2c728b203452c196
PRJ-HSP,PRJ-HSP-ITEM-018,PRJ-HSP-ITEM-018-DELIVERY,DELIVERY,Q-DELIVERY,DELIVERY-SERVER-2,95.22017,95.22017,96.614308,0.0,1.394138,SEQUENTIAL_PIPELINE,SYNTHETIC_RESEARCH_FIXTURE,OG-SYNTH-0.2,A-0.2,build_opus_synthetic_programme_v0_2.py@0.2,20260811,True,aa9cdf3debd2147cf6b921cc4e58b86e91029449c3e49a12848ac68e06fdd858
PRJ-HSP,PRJ-HSP-ITEM-019,PRJ-HSP-ITEM-019-REVIEW,REVIEW,Q-REVIEW,REVIEW-SERVER-1,5.668147,36.519394,38.639096,30.851247,2.119702,SEQUENTIAL_PIPELINE,SYNTHETIC_RESEARCH_FIXTURE,OG-SYNTH-0.2,A-0.2,build_opus_synthetic_programme_v0_2.py@0.2,20260811,True,b0fa520d32233e127e2dc9e0a88f804ae866b82f5c1ca6830cfe43fb6edf2328
PRJ-HSP,PRJ-HSP-ITEM-019,PRJ-HSP-ITEM-019-FABRICATION,FABRICATION,Q-FABRICATION,FABRICATION-SERVER-3,38.639096,81.674563,89.290401,43.035467,7.615838,SEQUENTIAL_PIPELINE,SYNTHETIC_RESEARCH_FIXTURE,OG-SYNTH-0.2,A-0.2,build_opus_synthetic_programme_v0_2.py@0.2,20260811,True,3f35a8b87eef7024ecd4df0d20cb0c8a84eb437590ee070fca078ed3b7607d38
PRJ-HSP,PRJ-HSP-ITEM-019,PRJ-HSP-ITEM-019-SHIPPING,SHIPPING,Q-SHIPPING,SHIPPING-SERVER-2,89.290401,92.540078,97.878135,3.249677,5.338057,SEQUENTIAL_PIPELINE,SYNTHETIC_RESEARCH_FIXTURE,OG-SYNTH-0.2,A-0.2,build_opus_synthetic_programme_v0_2.py@0.2,20260811,True,c8b752a67c921307a3328d540aa0a7c9f770204e5f2cf763b56fd5fc60547d83
PRJ-HSP,PRJ-HSP-ITEM-019,PRJ-HSP-ITEM-019-DELIVERY,DELIVERY,Q-DELIVERY,DELIVERY-SERVER-1,97.878135,97.878135,99.088175,0.0,1.21004,SEQUENTIAL_PIPELINE,SYNTHETIC_RESEARCH_FIXTURE,OG-SYNTH-0.2,A-0.2,build_opus_synthetic_programme_v0_2.py@0.2,20260811,True,601eb1e259de13a00427ac0e307f78a956d69d2053325486b05ef981261adf16
PRJ-HSP,PRJ-HSP-ITEM-020,PRJ-HSP-ITEM-020-REVIEW,REVIEW,Q-REVIEW,REVIEW-SERVER-1,4.998607,38.639096,41.757951,33.640489,3.118855,SEQUENTIAL_PIPELINE,SYNTHETIC_RESEARCH_FIXTURE,OG-SYNTH-0.2,A-0.2,build_opus_synthetic_programme_v0_2.py@0.2,20260811,True,69c04a9588a02b678a3a1a449a5c5a5aba4422822e8cd4566db6e2c68fc2bcd7
PRJ-HSP,PRJ-HSP-ITEM-020,PRJ-HSP-ITEM-020-FABRICATION,FABRICATION,Q-FABRICATION,FABRICATION-SERVER-1,41.757951,86.206026,100.638618,44.448076,14.432592,SEQUENTIAL_PIPELINE,SYNTHETIC_RESEARCH_FIXTURE,OG-SYNTH-0.2,A-0.2,build_opus_synthetic_programme_v0_2.py@0.2,20260811,True,78a5455cf23395c815c9e4eef556c262b3808a715162d3de026000ac1b1a0449
PRJ-HSP,PRJ-HSP-ITEM-020,PRJ-HSP-ITEM-020-SHIPPING,SHIPPING,Q-SHIPPING,SHIPPING-SERVER-1,100.638618,100.638618,105.983529,0.0,5.344911,SEQUENTIAL_PIPELINE,SYNTHETIC_RESEARCH_FIXTURE,OG-SYNTH-0.2,A-0.2,build_opus_synthetic_programme_v0_2.py@0.2,20260811,True,f59d84489d02802410a3ae158888000d4f09633c22f4a1327d6fe0a01d244aae
PRJ-HSP,PRJ-HSP-ITEM-020,PRJ-HSP-ITEM-020-DELIVERY,DELIVERY,Q-DELIVERY,DELIVERY-SERVER-4,105.983529,105.983529,107.425876,0.0,1.442348,SEQUENTIAL_PIPELINE,SYNTHETIC_RESEARCH_FIXTURE,OG-SYNTH-0.2,A-0.2,build_opus_synthetic_programme_v0_2.py@0.2,20260811,True,ab6efcb38bc48dc871e84549a38ac03faac604e68fde69886ea3c634f375dd68
PRJ-WTR,PRJ-WTR-ITEM-001,PRJ-WTR-ITEM-001-REVIEW,REVIEW,Q-REVIEW,REVIEW-SERVER-1,1.77592,1.77592,4.953151,0.0,3.177231,SEQUENTIAL_PIPELINE,SYNTHETIC_RESEARCH_FIXTURE,OG-SYNTH-0.2,A-0.2,build_opus_synthetic_programme_v0_2.py@0.2,20260811,True,71ce45515ea32a26ee94b9f2e0f020d1073933d7edd2f3563c6590fc92ce4b31
PRJ-WTR,PRJ-WTR-ITEM-001,PRJ-WTR-ITEM-001-FABRICATION,FABRICATION,Q-FABRICATION,FABRICATION-SERVER-1,4.953151,4.953151,17.340523,0.0,12.387371,SEQUENTIAL_PIPELINE,SYNTHETIC_RESEARCH_FIXTURE,OG-SYNTH-0.2,A-0.2,build_opus_synthetic_programme_v0_2.py@0.2,20260811,True,e892132db275c03c406b361bcf7033295fdc9cae95ca1358f3f596e13348f372
PRJ-WTR,PRJ-WTR-ITEM-001,PRJ-WTR-ITEM-001-SHIPPING,SHIPPING,Q-SHIPPING,SHIPPING-SERVER-1,17.340523,17.340523,22.772727,0.0,5.432204,SEQUENTIAL_PIPELINE,SYNTHETIC_RESEARCH_FIXTURE,OG-SYNTH-0.2,A-0.2,build_opus_synthetic_programme_v0_2.py@0.2,20260811,True,e41617e0f88f8f73d9ba1081f03ffe482768187dae51198cce9ee329f945a359
PRJ-WTR,PRJ-WTR-ITEM-001,PRJ-WTR-ITEM-001-DELIVERY,DELIVERY,Q-DELIVERY,DELIVERY-SERVER-1,22.772727,22.772727,24.086561,0.0,1.313834,SEQUENTIAL_PIPELINE,SYNTHETIC_RESEARCH_FIXTURE,OG-SYNTH-0.2,A-0.2,build_opus_synthetic_programme_v0_2.py@0.2,20260811,True,cc2e35c73f3091eadb442bfedeedb05c11e8b8870453e98bc0b7da4ebafafb77
PRJ-WTR,PRJ-WTR-ITEM-002,PRJ-WTR-ITEM-002-REVIEW,REVIEW,Q-REVIEW,REVIEW-SERVER-2,10.510309,10.510309,13.386537,0.0,2.876228,SEQUENTIAL_PIPELINE,SYNTHETIC_RESEARCH_FIXTURE,OG-SYNTH-0.2,A-0.2,build_opus_synthetic_programme_v0_2.py@0.2,20260811,True,09774c360da98896ebdc3259a5d47eb227a1b26f0750779179c1b7a9a13afba9
PRJ-WTR,PRJ-WTR-ITEM-002,PRJ-WTR-ITEM-002-FABRICATION,FABRICATION,Q-FABRICATION,FABRICATION-SERVER-2,13.386537,13.386537,30.216913,0.0,16.830376,SEQUENTIAL_PIPELINE,SYNTHETIC_RESEARCH_FIXTURE,OG-SYNTH-0.2,A-0.2,build_opus_synthetic_programme_v0_2.py@0.2,20260811,True,014857699bea39a7fbe25ce4d7058987a4bee0e4e09c8dd182662a9d9d63f41d
PRJ-WTR,PRJ-WTR-ITEM-002,PRJ-WTR-ITEM-002-SHIPPING,SHIPPING,Q-SHIPPING,SHIPPING-SERVER-2,30.216913,30.216913,38.082511,0.0,7.865598,SEQUENTIAL_PIPELINE,SYNTHETIC_RESEARCH_FIXTURE,OG-SYNTH-0.2,A-0.2,build_opus_synthetic_programme_v0_2.py@0.2,20260811,True,149102a4922557371a6e4e17fc1021dc4ab1cd270eabfb5fa906d35dbe426ac4
PRJ-WTR,PRJ-WTR-ITEM-002,PRJ-WTR-ITEM-002-DELIVERY,DELIVERY,Q-DELIVERY,DELIVERY-SERVER-2,38.082511,38.082511,39.438921,0.0,1.35641,SEQUENTIAL_PIPELINE,SYNTHETIC_RESEARCH_FIXTURE,OG-SYNTH-0.2,A-0.2,build_opus_synthetic_programme_v0_2.py@0.2,20260811,True,b11d179293e6d3bd1566e4216704859f08fd4ac243bfc8bec72b95461c4ff684
PRJ-WTR,PRJ-WTR-ITEM-003,PRJ-WTR-ITEM-003-REVIEW,REVIEW,Q-REVIEW,REVIEW-SERVER-1,11.98714,11.98714,14.615575,0.0,2.628435,SEQUENTIAL_PIPELINE,SYNTHETIC_RESEARCH_FIXTURE,OG-SYNTH-0.2,A-0.2,build_opus_synthetic_programme_v0_2.py@0.2,20260811,True,ecb93ccd676dc810b5bb1f119800ac01dd834c7a5a172a70b9f287dc68cb5447
PRJ-WTR,PRJ-WTR-ITEM-003,PRJ-WTR-ITEM-003-FABRICATION,FABRICATION,Q-FABRICATION,FABRICATION-SERVER-3,14.615575,14.615575,26.213609,0.0,11.598034,SEQUENTIAL_PIPELINE,SYNTHETIC_RESEARCH_FIXTURE,OG-SYNTH-0.2,A-0.2,build_opus_synthetic_programme_v0_2.py@0.2,20260811,True,7cfb19c54bfd573bf7ba58cd52a15623dd6d15a3e243072f584806c27548a499
PRJ-WTR,PRJ-WTR-ITEM-003,PRJ-WTR-ITEM-003-SHIPPING,SHIPPING,Q-SHIPPING,SHIPPING-SERVER-1,26.213609,26.213609,34.946072,0.0,8.732463,SEQUENTIAL_PIPELINE,SYNTHETIC_RESEARCH_FIXTURE,OG-SYNTH-0.2,A-0.2,build_opus_synthetic_programme_v0_2.py@0.2,20260811,True,48e8e81075963a15101f889de5485d188cd3b5ffddc0a53d430054d45538db1e
PRJ-WTR,PRJ-WTR-ITEM-003,PRJ-WTR-ITEM-003-DELIVERY,DELIVERY,Q-DELIVERY,DELIVERY-SERVER-3,34.946072,34.946072,37.10233,0.0,2.156257,SEQUENTIAL_PIPELINE,SYNTHETIC_RESEARCH_FIXTURE,OG-SYNTH-0.2,A-0.2,build_opus_synthetic_programme_v0_2.py@0.2,20260811,True,5d6c9394345075cfdb50f46ca8b03b46b896a8973ab8d9c4e5dea529ca2b1e2d
PRJ-WTR,PRJ-WTR-ITEM-004,PRJ-WTR-ITEM-004-REVIEW,REVIEW,Q-REVIEW,REVIEW-SERVER-2,13.534114,13.534114,17.374896,0.0,3.840782,SEQUENTIAL_PIPELINE,SYNTHETIC_RESEARCH_FIXTURE,OG-SYNTH-0.2,A-0.2,build_opus_synthetic_programme_v0_2.py@0.2,20260811,True,690eabcaf620f316970cdcba2011b8a98e738174b48c595fd8234b7793611ab7
PRJ-WTR,PRJ-WTR-ITEM-004,PRJ-WTR-ITEM-004-FABRICATION,FABRICATION,Q-FABRICATION,FABRICATION-SERVER-1,17.374896,17.374896,30.596915,0.0,13.222019,SEQUENTIAL_PIPELINE,SYNTHETIC_RESEARCH_FIXTURE,OG-SYNTH-0.2,A-0.2,build_opus_synthetic_programme_v0_2.py@0.2,20260811,True,3113aecc5eb8a889bd596db89ec643acf259da74b4d49c661b4fd20893254222
PRJ-WTR,PRJ-WTR-ITEM-004,PRJ-WTR-ITEM-004-SHIPPING,SHIPPING,Q-SHIPPING,SHIPPING-SERVER-1,30.596915,34.946072,39.089601,4.349157,4.143529,SEQUENTIAL_PIPELINE,SYNTHETIC_RESEARCH_FIXTURE,OG-SYNTH-0.2,A-0.2,build_opus_synthetic_programme_v0_2.py@0.2,20260811,True,17074ecaad41a0edf5c044ab758917ea3e12541f514af696348b9190ef274915
PRJ-WTR,PRJ-WTR-ITEM-004,PRJ-WTR-ITEM-004-DELIVERY,DELIVERY,Q-DELIVERY,DELIVERY-SERVER-4,39.089601,39.089601,40.503751,0.0,1.41415,SEQUENTIAL_PIPELINE,SYNTHETIC_RESEARCH_FIXTURE,OG-SYNTH-0.2,A-0.2,build_opus_synthetic_programme_v0_2.py@0.2,20260811,True,1abafebdf595dc8b3467ca24e27014f6f14c1ce9890851d09a5812817b2b41be
PRJ-WTR,PRJ-WTR-ITEM-005,PRJ-WTR-ITEM-005-REVIEW,REVIEW,Q-REVIEW,REVIEW-SERVER-1,14.603442,14.615575,18.042781,0.012133,3.427205,SEQUENTIAL_PIPELINE,SYNTHETIC_RESEARCH_FIXTURE,OG-SYNTH-0.2,A-0.2,build_opus_synthetic_programme_v0_2.py@0.2,20260811,True,8d95ab17a00ca32bd417dd6620037fecbfc2bd9f447717e825e8faec4510366b
PRJ-WTR,PRJ-WTR-ITEM-005,PRJ-WTR-ITEM-005-FABRICATION,FABRICATION,Q-FABRICATION,FABRICATION-SERVER-3,18.042781,26.213609,42.674379,8.170828,16.46077,SEQUENTIAL_PIPELINE,SYNTHETIC_RESEARCH_FIXTURE,OG-SYNTH-0.2,A-0.2,build_opus_synthetic_programme_v0_2.py@0.2,20260811,True,98c09bf9ba43237de93436c63604a5ae665f7835ed9a2595f9fe4de38357ebbe
PRJ-WTR,PRJ-WTR-ITEM-005,PRJ-WTR-ITEM-005-SHIPPING,SHIPPING,Q-SHIPPING,SHIPPING-SERVER-2,42.674379,42.674379,49.369267,0.0,6.694887,SEQUENTIAL_PIPELINE,SYNTHETIC_RESEARCH_FIXTURE,OG-SYNTH-0.2,A-0.2,build_opus_synthetic_programme_v0_2.py@0.2,20260811,True,3c32f03b0ed2810ca2884db309c9d9163c8e9efeb8516c1394fb5c6cce1a5e3b
PRJ-WTR,PRJ-WTR-ITEM-005,PRJ-WTR-ITEM-005-DELIVERY,DELIVERY,Q-DELIVERY,DELIVERY-SERVER-1,49.369267,49.369267,52.101759,0.0,2.732492,SEQUENTIAL_PIPELINE,SYNTHETIC_RESEARCH_FIXTURE,OG-SYNTH-0.2,A-0.2,build_opus_synthetic_programme_v0_2.py@0.2,20260811,True,071f91c16fae6d53d41dbf6084e0a9759455863627d351578a9ac38612df8c77
PRJ-WTR,PRJ-WTR-ITEM-006,PRJ-WTR-ITEM-006-REVIEW,REVIEW,Q-REVIEW,REVIEW-SERVER-2,10.964678,17.374896,22.241333,6.410218,4.866438,SEQUENTIAL_PIPELINE,SYNTHETIC_RESEARCH_FIXTURE,OG-SYNTH-0.2,A-0.2,build_opus_synthetic_programme_v0_2.py@0.2,20260811,True,d7ec843ab6c61a655031af75d2157e490d838e16d1a2dd559d05acf4cdd47a58
PRJ-WTR,PRJ-WTR-ITEM-006,PRJ-WTR-ITEM-006-FABRICATION,FABRICATION,Q-FABRICATION,FABRICATION-SERVER-2,22.241333,30.216913,38.984312,7.975579,8.767399,SEQUENTIAL_PIPELINE,SYNTHETIC_RESEARCH_FIXTURE,OG-SYNTH-0.2,A-0.2,build_opus_synthetic_programme_v0_2.py@0.2,20260811,True,446d61fbf5801105a6370ac87b4b51cba5b12de02bc5ed3a3dda132fc46d7300
PRJ-WTR,PRJ-WTR-ITEM-006,PRJ-WTR-ITEM-006-SHIPPING,SHIPPING,Q-SHIPPING,SHIPPING-SERVER-1,38.984312,39.089601,46.316624,0.105289,7.227023,SEQUENTIAL_PIPELINE,SYNTHETIC_RESEARCH_FIXTURE,OG-SYNTH-0.2,A-0.2,build_opus_synthetic_programme_v0_2.py@0.2,20260811,True,c73bab9b0597f89880b269877910d46aeef8aca54ba4cd669e96237ba84ca7af
PRJ-WTR,PRJ-WTR-ITEM-006,PRJ-WTR-ITEM-006-DELIVERY,DELIVERY,Q-DELIVERY,DELIVERY-SERVER-3,46.316624,46.316624,47.670844,0.0,1.35422,SEQUENTIAL_PIPELINE,SYNTHETIC_RESEARCH_FIXTURE,OG-SYNTH-0.2,A-0.2,build_opus_synthetic_programme_v0_2.py@0.2,20260811,True,9ddf7daf866177ff8ecd1a6b222e55c06a1bb3506365f8377d3896818092490f
PRJ-WTR,PRJ-WTR-ITEM-007,PRJ-WTR-ITEM-007-REVIEW,REVIEW,Q-REVIEW,REVIEW-SERVER-1,5.887417,18.042781,21.357658,12.155364,3.314877,SEQUENTIAL_PIPELINE,SYNTHETIC_RESEARCH_FIXTURE,OG-SYNTH-0.2,A-0.2,build_opus_synthetic_programme_v0_2.py@0.2,20260811,True,c63ad832f91ec05e04cafc7d9e1f3915b3463ae3030b69fd8266357e8b9e0dcc
PRJ-WTR,PRJ-WTR-ITEM-007,PRJ-WTR-ITEM-007-FABRICATION,FABRICATION,Q-FABRICATION,FABRICATION-SERVER-1,21.357658,30.596915,44.848693,9.239258,14.251778,SEQUENTIAL_PIPELINE,SYNTHETIC_RESEARCH_FIXTURE,OG-SYNTH-0.2,A-0.2,build_opus_synthetic_programme_v0_2.py@0.2,20260811,True,004aaff138d1aabf8a2149056b0dd65b4224b1490b32148e789109f0c6d88813
PRJ-WTR,PRJ-WTR-ITEM-007,PRJ-WTR-ITEM-007-SHIPPING,SHIPPING,Q-SHIPPING,SHIPPING-SERVER-1,44.848693,46.316624,55.738662,1.467931,9.422038,SEQUENTIAL_PIPELINE,SYNTHETIC_RESEARCH_FIXTURE,OG-SYNTH-0.2,A-0.2,build_opus_synthetic_programme_v0_2.py@0.2,20260811,True,8d0f5199586ad46323cdcdd1c12a29fe932bbc62887dfd2abc8b46d06a17caaf
PRJ-WTR,PRJ-WTR-ITEM-007,PRJ-WTR-ITEM-007-DELIVERY,DELIVERY,Q-DELIVERY,DELIVERY-SERVER-2,55.738662,55.738662,57.134742,0.0,1.396079,SEQUENTIAL_PIPELINE,SYNTHETIC_RESEARCH_FIXTURE,OG-SYNTH-0.2,A-0.2,build_opus_synthetic_programme_v0_2.py@0.2,20260811,True,9edb7ce01dcab33a48523035a3047223c85c9b40aed9a557bbe4628c5de56e15
PRJ-WTR,PRJ-WTR-ITEM-008,PRJ-WTR-ITEM-008-REVIEW,REVIEW,Q-REVIEW,REVIEW-SERVER-1,7.942567,21.357658,23.893603,13.41509,2.535946,SEQUENTIAL_PIPELINE,SYNTHETIC_RESEARCH_FIXTURE,OG-SYNTH-0.2,A-0.2,build_opus_synthetic_programme_v0_2.py@0.2,20260811,True,532ab313247c66899cfc2ffa755aed4e4ede89c69b0a1c29219e5400d09e6ef9
PRJ-WTR,PRJ-WTR-ITEM-008,PRJ-WTR-ITEM-008-FABRICATION,FABRICATION,Q-FABRICATION,FABRICATION-SERVER-2,23.893603,38.984312,57.958447,15.090709,18.974135,SEQUENTIAL_PIPELINE,SYNTHETIC_RESEARCH_FIXTURE,OG-SYNTH-0.2,A-0.2,build_opus_synthetic_programme_v0_2.py@0.2,20260811,True,aad0be6439c00a45777c8f004f76190be2d6bba753dfa3093adb85001932c99e
PRJ-WTR,PRJ-WTR-ITEM-008,PRJ-WTR-ITEM-008-SHIPPING,SHIPPING,Q-SHIPPING,SHIPPING-SERVER-2,57.958447,57.958447,63.256712,0.0,5.298265,SEQUENTIAL_PIPELINE,SYNTHETIC_RESEARCH_FIXTURE,OG-SYNTH-0.2,A-0.2,build_opus_synthetic_programme_v0_2.py@0.2,20260811,True,4a7f10fcb381d5c72171bb1e7454f468eeaffcd91d3d14a4511a29699e66f81f
PRJ-WTR,PRJ-WTR-ITEM-008,PRJ-WTR-ITEM-008-DELIVERY,DELIVERY,Q-DELIVERY,DELIVERY-SERVER-4,63.256712,63.256712,65.054482,0.0,1.79777,SEQUENTIAL_PIPELINE,SYNTHETIC_RESEARCH_FIXTURE,OG-SYNTH-0.2,A-0.2,build_opus_synthetic_programme_v0_2.py@0.2,20260811,True,c4acef429d919f478afc5497de790b2c8e27e537784d86f8abe2ede5ae43f403
PRJ-WTR,PRJ-WTR-ITEM-009,PRJ-WTR-ITEM-009-REVIEW,REVIEW,Q-REVIEW,REVIEW-SERVER-2,10.011345,22.241333,24.716667,12.229988,2.475334,SEQUENTIAL_PIPELINE,SYNTHETIC_RESEARCH_FIXTURE,OG-SYNTH-0.2,A-0.2,build_opus_synthetic_programme_v0_2.py@0.2,20260811,True,cba461c60fb450cfc55a8497a27660fbc9e890a02a7b6c78103d5325300615f8
PRJ-WTR,PRJ-WTR-ITEM-009,PRJ-WTR-ITEM-009-FABRICATION,FABRICATION,Q-FABRICATION,FABRICATION-SERVER-3,24.716667,42.674379,52.885451,17.957712,10.211072,SEQUENTIAL_PIPELINE,SYNTHETIC_RESEARCH_FIXTURE,OG-SYNTH-0.2,A-0.2,build_opus_synthetic_programme_v0_2.py@0.2,20260811,True,3c15cd02acd8ba5b243513467ae78f4757e8832bdb585428da017d069aad7026
PRJ-WTR,PRJ-WTR-ITEM-009,PRJ-WTR-ITEM-009-SHIPPING,SHIPPING,Q-SHIPPING,SHIPPING-SERVER-1,52.885451,55.738662,63.75559,2.853211,8.016928,SEQUENTIAL_PIPELINE,SYNTHETIC_RESEARCH_FIXTURE,OG-SYNTH-0.2,A-0.2,build_opus_synthetic_programme_v0_2.py@0.2,20260811,True,c75fab68544a068203d8ea1434738b310bffdc4d05ba1c7a8b1bfb36ee95c700
PRJ-WTR,PRJ-WTR-ITEM-009,PRJ-WTR-ITEM-009-DELIVERY,DELIVERY,Q-DELIVERY,DELIVERY-SERVER-3,63.75559,63.75559,64.979733,0.0,1.224143,SEQUENTIAL_PIPELINE,SYNTHETIC_RESEARCH_FIXTURE,OG-SYNTH-0.2,A-0.2,build_opus_synthetic_programme_v0_2.py@0.2,20260811,True,4d2bcafb51ec768685ad69f5605ede76dd920fa506ff4d920fa702acc64ef314
PRJ-WTR,PRJ-WTR-ITEM-010,PRJ-WTR-ITEM-010-REVIEW,REVIEW,Q-REVIEW,REVIEW-SERVER-1,9.102413,23.893603,26.456327,14.79119,2.562724,SEQUENTIAL_PIPELINE,SYNTHETIC_RESEARCH_FIXTURE,OG-SYNTH-0.2,A-0.2,build_opus_synthetic_programme_v0_2.py@0.2,20260811,True,2ac296676c9946ffe3af2d023691f149d4d9d965c55a559fbb4802da116cb750
PRJ-WTR,PRJ-WTR-ITEM-010,PRJ-WTR-ITEM-010-FABRICATION,FABRICATION,Q-FABRICATION,FABRICATION-SERVER-1,26.456327,44.848693,56.820287,18.392366,11.971594,SEQUENTIAL_PIPELINE,SYNTHETIC_RESEARCH_FIXTURE,OG-SYNTH-0.2,A-0.2,build_opus_synthetic_programme_v0_2.py@0.2,20260811,True,c17cd74414df4fc61fd594b9d999e7a29881be695cac7224a53d8b89e2a9e016
PRJ-WTR,PRJ-WTR-ITEM-010,PRJ-WTR-ITEM-010-SHIPPING,SHIPPING,Q-SHIPPING,SHIPPING-SERVER-2,56.820287,63.256712,67.773547,6.436425,4.516835,SEQUENTIAL_PIPELINE,SYNTHETIC_RESEARCH_FIXTURE,OG-SYNTH-0.2,A-0.2,build_opus_synthetic_programme_v0_2.py@0.2,20260811,True,35b405908af20fd7384647c981cab598d34e116f15585b56d1339c28ed28c2e9
PRJ-WTR,PRJ-WTR-ITEM-010,PRJ-WTR-ITEM-010-DELIVERY,DELIVERY,Q-DELIVERY,DELIVERY-SERVER-1,67.773547,67.773547,69.924303,0.0,2.150756,SEQUENTIAL_PIPELINE,SYNTHETIC_RESEARCH_FIXTURE,OG-SYNTH-0.2,A-0.2,build_opus_synthetic_programme_v0_2.py@0.2,20260811,True,de2ea29d270898fb84e722481b8df567cd412e1c2f1977f20187be92f991f6e9
PRJ-WTR,PRJ-WTR-ITEM-011,PRJ-WTR-ITEM-011-REVIEW,REVIEW,Q-REVIEW,REVIEW-SERVER-2,5.848523,24.716667,29.110006,18.868144,4.393339,SEQUENTIAL_PIPELINE,SYNTHETIC_RESEARCH_FIXTURE,OG-SYNTH-0.2,A-0.2,build_opus_synthetic_programme_v0_2.py@0.2,20260811,True,b6ffb9408c0dc0769a1372b6dee7449d4a0f800215f69e24d76948a493fb2cd6
PRJ-WTR,PRJ-WTR-ITEM-011,PRJ-WTR-ITEM-011-FABRICATION,FABRICATION,Q-FABRICATION,FABRICATION-SERVER-3,29.110006,52.885451,65.371721,23.775445,12.48627,SEQUENTIAL_PIPELINE,SYNTHETIC_RESEARCH_FIXTURE,OG-SYNTH-0.2,A-0.2,build_opus_synthetic_programme_v0_2.py@0.2,20260811,True,b4f1ee51418fa195fc1399ec41cb3d74242f476cc2a26669c91c3abc3fb731a8
PRJ-WTR,PRJ-WTR-ITEM-011,PRJ-WTR-ITEM-011-SHIPPING,SHIPPING,Q-SHIPPING,SHIPPING-SERVER-1,65.371721,65.371721,70.308511,0.0,4.93679,SEQUENTIAL_PIPELINE,SYNTHETIC_RESEARCH_FIXTURE,OG-SYNTH-0.2,A-0.2,build_opus_synthetic_programme_v0_2.py@0.2,20260811,True,132ee225f05eca2509b7f0c313150e82379c606cc0ee401a06087d4bfe1643e2
PRJ-WTR,PRJ-WTR-ITEM-011,PRJ-WTR-ITEM-011-DELIVERY,DELIVERY,Q-DELIVERY,DELIVERY-SERVER-2,70.308511,70.308511,71.846693,0.0,1.538181,SEQUENTIAL_PIPELINE,SYNTHETIC_RESEARCH_FIXTURE,OG-SYNTH-0.2,A-0.2,build_opus_synthetic_programme_v0_2.py@0.2,20260811,True,a7f0b1e7953379bf23c934e5cbc43c53eb2ba90973694da45c78154be05841a8
PRJ-WTR,PRJ-WTR-ITEM-012,PRJ-WTR-ITEM-012-REVIEW,REVIEW,Q-REVIEW,REVIEW-SERVER-1,14.361228,26.456327,29.281112,12.0951,2.824785,SEQUENTIAL_PIPELINE,SYNTHETIC_RESEARCH_FIXTURE,OG-SYNTH-0.2,A-0.2,build_opus_synthetic_programme_v0_2.py@0.2,20260811,True,eda2dc6acf6c77843fcbdba6d3d3378268ebb5fd3a2886d332817bde847fb448
PRJ-WTR,PRJ-WTR-ITEM-012,PRJ-WTR-ITEM-012-FABRICATION,FABRICATION,Q-FABRICATION,FABRICATION-SERVER-1,29.281112,56.820287,65.516017,27.539175,8.69573,SEQUENTIAL_PIPELINE,SYNTHETIC_RESEARCH_FIXTURE,OG-SYNTH-0.2,A-0.2,build_opus_synthetic_programme_v0_2.py@0.2,20260811,True,ab50e7d4f6430821458b838e7750153f0157dc4ec2bdd41ef5e74cfe11dc64b0
PRJ-WTR,PRJ-WTR-ITEM-012,PRJ-WTR-ITEM-012-SHIPPING,SHIPPING,Q-SHIPPING,SHIPPING-SERVER-2,65.516017,67.773547,74.285227,2.257531,6.51168,SEQUENTIAL_PIPELINE,SYNTHETIC_RESEARCH_FIXTURE,OG-SYNTH-0.2,A-0.2,build_opus_synthetic_programme_v0_2.py@0.2,20260811,True,2ed5eb7dbf7b037049330ac7a1c49f45a186cbd4c342e650407f1176e26f04b4
PRJ-WTR,PRJ-WTR-ITEM-012,PRJ-WTR-ITEM-012-DELIVERY,DELIVERY,Q-DELIVERY,DELIVERY-SERVER-3,74.285227,74.285227,75.176169,0.0,0.890942,SEQUENTIAL_PIPELINE,SYNTHETIC_RESEARCH_FIXTURE,OG-SYNTH-0.2,A-0.2,build_opus_synthetic_programme_v0_2.py@0.2,20260811,True,021c4a312ecaa95dd316b98c69e9879dc7e056b9de27037ca33c9d1280503b21
PRJ-WTR,PRJ-WTR-ITEM-013,PRJ-WTR-ITEM-013-REVIEW,REVIEW,Q-REVIEW,REVIEW-SERVER-2,10.132083,29.110006,31.132832,18.977923,2.022826,SEQUENTIAL_PIPELINE,SYNTHETIC_RESEARCH_FIXTURE,OG-SYNTH-0.2,A-0.2,build_opus_synthetic_programme_v0_2.py@0.2,20260811,True,5994ea381f57a8ed028f54ecf6e891f900632fe46a64264ee3fdf4c8a3e49285
PRJ-WTR,PRJ-WTR-ITEM-013,PRJ-WTR-ITEM-013-FABRICATION,FABRICATION,Q-FABRICATION,FABRICATION-SERVER-2,31.132832,57.958447,70.242397,26.825614,12.283951,SEQUENTIAL_PIPELINE,SYNTHETIC_RESEARCH_FIXTURE,OG-SYNTH-0.2,A-0.2,build_opus_synthetic_programme_v0_2.py@0.2,20260811,True,232777961dd562cf9381d178ef3bdf1e0eeb85ae6b9be8c9c617a458feefdc1c
PRJ-WTR,PRJ-WTR-ITEM-013,PRJ-WTR-ITEM-013-SHIPPING,SHIPPING,Q-SHIPPING,SHIPPING-SERVER-1,70.242397,70.308511,77.589368,0.066114,7.280856,SEQUENTIAL_PIPELINE,SYNTHETIC_RESEARCH_FIXTURE,OG-SYNTH-0.2,A-0.2,build_opus_synthetic_programme_v0_2.py@0.2,20260811,True,41d567cb2c719e3b1a64cb4a7c71a7b3fca774a69c1a0aa08798b8742db7fe32
PRJ-WTR,PRJ-WTR-ITEM-013,PRJ-WTR-ITEM-013-DELIVERY,DELIVERY,Q-DELIVERY,DELIVERY-SERVER-4,77.589368,77.589368,78.781101,0.0,1.191733,SEQUENTIAL_PIPELINE,SYNTHETIC_RESEARCH_FIXTURE,OG-SYNTH-0.2,A-0.2,build_opus_synthetic_programme_v0_2.py@0.2,20260811,True,e9d5ba1635216a46d09a59cd1a98363cbe0cc2106f395028e526ae2e077239bb
PRJ-WTR,PRJ-WTR-ITEM-014,PRJ-WTR-ITEM-014-REVIEW,REVIEW,Q-REVIEW,REVIEW-SERVER-1,13.785856,29.281112,32.056326,15.495256,2.775213,SEQUENTIAL_PIPELINE,SYNTHETIC_RESEARCH_FIXTURE,OG-SYNTH-0.2,A-0.2,build_opus_synthetic_programme_v0_2.py@0.2,20260811,True,4212263e7d5ace9498269b2e18cda480175114af21fea8104314e097363b31af
PRJ-WTR,PRJ-WTR-ITEM-014,PRJ-WTR-ITEM-014-FABRICATION,FABRICATION,Q-FABRICATION,FABRICATION-SERVER-3,32.056326,65.371721,75.824176,33.315396,10.452454,SEQUENTIAL_PIPELINE,SYNTHETIC_RESEARCH_FIXTURE,OG-SYNTH-0.2,A-0.2,build_opus_synthetic_programme_v0_2.py@0.2,20260811,True,d2dde941ab7b53cf8e6caf0fbd8aae9543995ecc1ea884b649f95cc8ea77f516
PRJ-WTR,PRJ-WTR-ITEM-014,PRJ-WTR-ITEM-014-SHIPPING,SHIPPING,Q-SHIPPING,SHIPPING-SERVER-2,75.824176,75.824176,81.13299,0.0,5.308815,SEQUENTIAL_PIPELINE,SYNTHETIC_RESEARCH_FIXTURE,OG-SYNTH-0.2,A-0.2,build_opus_synthetic_programme_v0_2.py@0.2,20260811,True,0a620968e2db556e70118cc6811fb850f29448902a29b9dc88ffafd6ddda26c9
PRJ-WTR,PRJ-WTR-ITEM-014,PRJ-WTR-ITEM-014-DELIVERY,DELIVERY,Q-DELIVERY,DELIVERY-SERVER-1,81.13299,81.13299,82.079197,0.0,0.946207,SEQUENTIAL_PIPELINE,SYNTHETIC_RESEARCH_FIXTURE,OG-SYNTH-0.2,A-0.2,build_opus_synthetic_programme_v0_2.py@0.2,20260811,True,a09cd2a03b804ce09f14f611ee5a6daf9cd4d9dce154833ec9d90bb390d8f71e
PRJ-WTR,PRJ-WTR-ITEM-015,PRJ-WTR-ITEM-015-REVIEW,REVIEW,Q-REVIEW,REVIEW-SERVER-2,6.351391,31.132832,36.022662,24.781441,4.889829,SEQUENTIAL_PIPELINE,SYNTHETIC_RESEARCH_FIXTURE,OG-SYNTH-0.2,A-0.2,build_opus_synthetic_programme_v0_2.py@0.2,20260811,True,f258d44f87ddec36453bb9c59e9861f9571e29a158e590f9a8dd1d4f6e01ad2c
PRJ-WTR,PRJ-WTR-ITEM-015,PRJ-WTR-ITEM-015-FABRICATION,FABRICATION,Q-FABRICATION,FABRICATION-SERVER-1,36.022662,65.516017,73.733147,29.493355,8.21713,SEQUENTIAL_PIPELINE,SYNTHETIC_RESEARCH_FIXTURE,OG-SYNTH-0.2,A-0.2,build_opus_synthetic_programme_v0_2.py@0.2,20260811,True,307ca620c6db1144fa3ab5f4155d303d2a171dcd2bd80f5a241e084213e48d6b
PRJ-WTR,PRJ-WTR-ITEM-015,PRJ-WTR-ITEM-015-SHIPPING,SHIPPING,Q-SHIPPING,SHIPPING-SERVER-1,73.733147,77.589368,81.264486,3.856221,3.675118,SEQUENTIAL_PIPELINE,SYNTHETIC_RESEARCH_FIXTURE,OG-SYNTH-0.2,A-0.2,build_opus_synthetic_programme_v0_2.py@0.2,20260811,True,6f7ef1bffc9a0af1001a9b98d1dbcd8569e96af0d1e910c73f439ee7796216f9
PRJ-WTR,PRJ-WTR-ITEM-015,PRJ-WTR-ITEM-015-DELIVERY,DELIVERY,Q-DELIVERY,DELIVERY-SERVER-2,81.264486,81.264486,83.299001,0.0,2.034515,SEQUENTIAL_PIPELINE,SYNTHETIC_RESEARCH_FIXTURE,OG-SYNTH-0.2,A-0.2,build_opus_synthetic_programme_v0_2.py@0.2,20260811,True,20d67891385c1f3c4d67a5549fe43bc7e80bed3e5954c0d7ad3d9b9fdf22c57b
PRJ-WTR,PRJ-WTR-ITEM-016,PRJ-WTR-ITEM-016-REVIEW,REVIEW,Q-REVIEW,REVIEW-SERVER-1,5.229735,32.056326,34.334832,26.826591,2.278507,SEQUENTIAL_PIPELINE,SYNTHETIC_RESEARCH_FIXTURE,OG-SYNTH-0.2,A-0.2,build_opus_synthetic_programme_v0_2.py@0.2,20260811,True,2534a3f321e5764bd3da9ca6c5a176b478a7b505c5885749bcae21ed5850470d
PRJ-WTR,PRJ-WTR-ITEM-016,PRJ-WTR-ITEM-016-FABRICATION,FABRICATION,Q-FABRICATION,FABRICATION-SERVER-2,34.334832,70.242397,84.791812,35.907565,14.549414,SEQUENTIAL_PIPELINE,SYNTHETIC_RESEARCH_FIXTURE,OG-SYNTH-0.2,A-0.2,build_opus_synthetic_programme_v0_2.py@0.2,20260811,True,5317314b2894b9eba061a2996c81326c7694c82af78dd3aaf550c64e9c1ae993
PRJ-WTR,PRJ-WTR-ITEM-016,PRJ-WTR-ITEM-016-SHIPPING,SHIPPING,Q-SHIPPING,SHIPPING-SERVER-2,84.791812,84.791812,89.490999,0.0,4.699187,SEQUENTIAL_PIPELINE,SYNTHETIC_RESEARCH_FIXTURE,OG-SYNTH-0.2,A-0.2,build_opus_synthetic_programme_v0_2.py@0.2,20260811,True,8b8a6bcb35c356321d88c84ea47967de2384ee26822cf9153cd5bbe2c30e87f4
PRJ-WTR,PRJ-WTR-ITEM-016,PRJ-WTR-ITEM-016-DELIVERY,DELIVERY,Q-DELIVERY,DELIVERY-SERVER-3,89.490999,89.490999,91.119136,0.0,1.628137,SEQUENTIAL_PIPELINE,SYNTHETIC_RESEARCH_FIXTURE,OG-SYNTH-0.2,A-0.2,build_opus_synthetic_programme_v0_2.py@0.2,20260811,True,2481c4c18dea1a8208e77a8cc709c597e7954bb04e92683ed624faa161fc8108
PRJ-WTR,PRJ-WTR-ITEM-017,PRJ-WTR-ITEM-017-REVIEW,REVIEW,Q-REVIEW,REVIEW-SERVER-1,14.901202,34.334832,37.253406,19.433631,2.918574,SEQUENTIAL_PIPELINE,SYNTHETIC_RESEARCH_FIXTURE,OG-SYNTH-0.2,A-0.2,build_opus_synthetic_programme_v0_2.py@0.2,20260811,True,46f6a72b7fc47a29ba47449e44bd1637ead6284116ab60015fc167c4966724a9
PRJ-WTR,PRJ-WTR-ITEM-017,PRJ-WTR-ITEM-017-FABRICATION,FABRICATION,Q-FABRICATION,FABRICATION-SERVER-1,37.253406,73.733147,90.498069,36.47974,16.764922,SEQUENTIAL_PIPELINE,SYNTHETIC_RESEARCH_FIXTURE,OG-SYNTH-0.2,A-0.2,build_opus_synthetic_programme_v0_2.py@0.2,20260811,True,c59422c5b8a3a6b2d18283c20e38ffe01b431c7d8fbeda4122d58b5ff03daf39
PRJ-WTR,PRJ-WTR-ITEM-017,PRJ-WTR-ITEM-017-SHIPPING,SHIPPING,Q-SHIPPING,SHIPPING-SERVER-1,90.498069,90.498069,97.918508,0.0,7.420439,SEQUENTIAL_PIPELINE,SYNTHETIC_RESEARCH_FIXTURE,OG-SYNTH-0.2,A-0.2,build_opus_synthetic_programme_v0_2.py@0.2,20260811,True,566692be52405eaa4bd0f967bcc61853e8043d85aa9ef8b5892bab6dd56676c0
PRJ-WTR,PRJ-WTR-ITEM-017,PRJ-WTR-ITEM-017-DELIVERY,DELIVERY,Q-DELIVERY,DELIVERY-SERVER-4,97.918508,97.918508,99.561773,0.0,1.643265,SEQUENTIAL_PIPELINE,SYNTHETIC_RESEARCH_FIXTURE,OG-SYNTH-0.2,A-0.2,build_opus_synthetic_programme_v0_2.py@0.2,20260811,True,d1e8f9190b3d3ce3ca313f1e5571e1cb05fd9bad751448e56b3827226a476ae8
PRJ-WTR,PRJ-WTR-ITEM-018,PRJ-WTR-ITEM-018-REVIEW,REVIEW,Q-REVIEW,REVIEW-SERVER-2,14.784707,36.022662,40.341932,21.237955,4.31927,SEQUENTIAL_PIPELINE,SYNTHETIC_RESEARCH_FIXTURE,OG-SYNTH-0.2,A-0.2,build_opus_synthetic_programme_v0_2.py@0.2,20260811,True,c7f21740826b86fa0f9127b3ad6fb4cdeed3b708e9f3b2124c915340b32c73fb
PRJ-WTR,PRJ-WTR-ITEM-018,PRJ-WTR-ITEM-018-FABRICATION,FABRICATION,Q-FABRICATION,FABRICATION-SERVER-3,40.341932,75.824176,88.772112,35.482244,12.947937,SEQUENTIAL_PIPELINE,SYNTHETIC_RESEARCH_FIXTURE,OG-SYNTH-0.2,A-0.2,build_opus_synthetic_programme_v0_2.py@0.2,20260811,True,bb866333b956675921aa6084785c723ef21c51becb3fb7bb4b5169be89674127
PRJ-WTR,PRJ-WTR-ITEM-018,PRJ-WTR-ITEM-018-SHIPPING,SHIPPING,Q-SHIPPING,SHIPPING-SERVER-2,88.772112,89.490999,93.651851,0.718886,4.160852,SEQUENTIAL_PIPELINE,SYNTHETIC_RESEARCH_FIXTURE,OG-SYNTH-0.2,A-0.2,build_opus_synthetic_programme_v0_2.py@0.2,20260811,True,619bbb0705bcc62f4451f33f596c2b8cee7ef79e7d0582edb4b64ac89c36c82d
PRJ-WTR,PRJ-WTR-ITEM-018,PRJ-WTR-ITEM-018-DELIVERY,DELIVERY,Q-DELIVERY,DELIVERY-SERVER-1,93.651851,93.651851,95.451998,0.0,1.800147,SEQUENTIAL_PIPELINE,SYNTHETIC_RESEARCH_FIXTURE,OG-SYNTH-0.2,A-0.2,build_opus_synthetic_programme_v0_2.py@0.2,20260811,True,ed9f27dec7b751007a38a17c8be7eff342e905b09004ea58d6271edc8592829d
PRJ-WTR,PRJ-WTR-ITEM-019,PRJ-WTR-ITEM-019-REVIEW,REVIEW,Q-REVIEW,REVIEW-SERVER-1,0.403558,37.253406,40.969226,36.849848,3.71582,SEQUENTIAL_PIPELINE,SYNTHETIC_RESEARCH_FIXTURE,OG-SYNTH-0.2,A-0.2,build_opus_synthetic_programme_v0_2.py@0.2,20260811,True,dd6aa1ad0248987f87a8d35baaf8f39a9957127ca7e202f0cae43da5adb7fcc6
PRJ-WTR,PRJ-WTR-ITEM-019,PRJ-WTR-ITEM-019-FABRICATION,FABRICATION,Q-FABRICATION,FABRICATION-SERVER-2,40.969226,84.791812,103.25653,43.822585,18.464719,SEQUENTIAL_PIPELINE,SYNTHETIC_RESEARCH_FIXTURE,OG-SYNTH-0.2,A-0.2,build_opus_synthetic_programme_v0_2.py@0.2,20260811,True,b1dc97d3de580f12d576869f3e079c1e7aba5fa9b1a48d328a88db6f844eb547
PRJ-WTR,PRJ-WTR-ITEM-019,PRJ-WTR-ITEM-019-SHIPPING,SHIPPING,Q-SHIPPING,SHIPPING-SERVER-2,103.25653,103.25653,109.485912,0.0,6.229382,SEQUENTIAL_PIPELINE,SYNTHETIC_RESEARCH_FIXTURE,OG-SYNTH-0.2,A-0.2,build_opus_synthetic_programme_v0_2.py@0.2,20260811,True,919fd4de97fba75167663d6253fb2d22a31bc50136718893655a050f6c31c8c2
PRJ-WTR,PRJ-WTR-ITEM-019,PRJ-WTR-ITEM-019-DELIVERY,DELIVERY,Q-DELIVERY,DELIVERY-SERVER-2,109.485912,109.485912,110.668351,0.0,1.182439,SEQUENTIAL_PIPELINE,SYNTHETIC_RESEARCH_FIXTURE,OG-SYNTH-0.2,A-0.2,build_opus_synthetic_programme_v0_2.py@0.2,20260811,True,ae51c41c39d44258b60973b535ac975c521b2f9610e5d06c6d0e7e8500f0a764
PRJ-WTR,PRJ-WTR-ITEM-020,PRJ-WTR-ITEM-020-REVIEW,REVIEW,Q-REVIEW,REVIEW-SERVER-2,13.824408,40.341932,43.110186,26.517524,2.768254,SEQUENTIAL_PIPELINE,SYNTHETIC_RESEARCH_FIXTURE,OG-SYNTH-0.2,A-0.2,build_opus_synthetic_programme_v0_2.py@0.2,20260811,True,428ccc9342267d20d78425bdef5bc24b27dfadc58e93e735d0e379f1fd8c4a3f
PRJ-WTR,PRJ-WTR-ITEM-020,PRJ-WTR-ITEM-020-FABRICATION,FABRICATION,Q-FABRICATION,FABRICATION-SERVER-3,43.110186,88.772112,104.465531,45.661927,15.693418,SEQUENTIAL_PIPELINE,SYNTHETIC_RESEARCH_FIXTURE,OG-SYNTH-0.2,A-0.2,build_opus_synthetic_programme_v0_2.py@0.2,20260811,True,476f71e8ebeb34fb8d65e03778312766e4b1cf2133646bbdc466053c083c79e6
PRJ-WTR,PRJ-WTR-ITEM-020,PRJ-WTR-ITEM-020-SHIPPING,SHIPPING,Q-SHIPPING,SHIPPING-SERVER-1,104.465531,104.465531,111.373652,0.0,6.908121,SEQUENTIAL_PIPELINE,SYNTHETIC_RESEARCH_FIXTURE,OG-SYNTH-0.2,A-0.2,build_opus_synthetic_programme_v0_2.py@0.2,20260811,True,a58d28dd6a73fb6eb2f4c8a6eb05df8bca637bcd5291f3d7c49c9dc6ee5cca2b
PRJ-WTR,PRJ-WTR-ITEM-020,PRJ-WTR-ITEM-020-DELIVERY,DELIVERY,Q-DELIVERY,DELIVERY-SERVER-3,111.373652,111.373652,112.511477,0.0,1.137824,SEQUENTIAL_PIPELINE,SYNTHETIC_RESEARCH_FIXTURE,OG-SYNTH-0.2,A-0.2,build_opus_synthetic_programme_v0_2.py@0.2,20260811,True,15d20a0aa3602918fcd3687b6d146f06cf6ea282388b302ffdaecd27664840c2
PRJ-RAL,PRJ-RAL-ITEM-001,PRJ-RAL-ITEM-001-REVIEW,REVIEW,Q-REVIEW,REVIEW-SERVER-1,12.999875,12.999875,15.245781,0.0,2.245906,SEQUENTIAL_PIPELINE,SYNTHETIC_RESEARCH_FIXTURE,OG-SYNTH-0.2,A-0.2,build_opus_synthetic_programme_v0_2.py@0.2,20260811,True,85588717f4540eaf2b9bad6529e1ea9e06037b7efd2ca6cda6e996187ec73469
PRJ-RAL,PRJ-RAL-ITEM-001,PRJ-RAL-ITEM-001-FABRICATION,FABRICATION,Q-FABRICATION,FABRICATION-SERVER-1,15.245781,15.245781,28.879114,0.0,13.633333,SEQUENTIAL_PIPELINE,SYNTHETIC_RESEARCH_FIXTURE,OG-SYNTH-0.2,A-0.2,build_opus_synthetic_programme_v0_2.py@0.2,20260811,True,3abf5da2af6e085b1e67fe9785ae4c05ef08fc423e48a39b2430234fab2621d6
PRJ-RAL,PRJ-RAL-ITEM-001,PRJ-RAL-ITEM-001-SHIPPING,SHIPPING,Q-SHIPPING,SHIPPING-SERVER-1,28.879114,28.879114,35.581258,0.0,6.702144,SEQUENTIAL_PIPELINE,SYNTHETIC_RESEARCH_FIXTURE,OG-SYNTH-0.2,A-0.2,build_opus_synthetic_programme_v0_2.py@0.2,20260811,True,a06ea18323be7f944cf862f43b11fb48ce158c4739ca7d8f8e5f129567fbb8d7
PRJ-RAL,PRJ-RAL-ITEM-001,PRJ-RAL-ITEM-001-DELIVERY,DELIVERY,Q-DELIVERY,DELIVERY-SERVER-1,35.581258,35.581258,36.931447,0.0,1.350189,SEQUENTIAL_PIPELINE,SYNTHETIC_RESEARCH_FIXTURE,OG-SYNTH-0.2,A-0.2,build_opus_synthetic_programme_v0_2.py@0.2,20260811,True,68ac6a6d413935cc29fd6f7bb1a84e575cda480120d63cd5ad770b5389ae50f3
PRJ-RAL,PRJ-RAL-ITEM-002,PRJ-RAL-ITEM-002-REVIEW,REVIEW,Q-REVIEW,REVIEW-SERVER-2,6.28856,6.28856,8.984802,0.0,2.696242,SEQUENTIAL_PIPELINE,SYNTHETIC_RESEARCH_FIXTURE,OG-SYNTH-0.2,A-0.2,build_opus_synthetic_programme_v0_2.py@0.2,20260811,True,d8447507d0051ed73846bde9991b162abd453921d7d1ae06d49814f580eb53f0
PRJ-RAL,PRJ-RAL-ITEM-002,PRJ-RAL-ITEM-002-FABRICATION,FABRICATION,Q-FABRICATION,FABRICATION-SERVER-2,8.984802,8.984802,23.500188,0.0,14.515386,SEQUENTIAL_PIPELINE,SYNTHETIC_RESEARCH_FIXTURE,OG-SYNTH-0.2,A-0.2,build_opus_synthetic_programme_v0_2.py@0.2,20260811,True,2aae07baf1155eaa5722f5710cefe906f497a70b30118fc77edacdbe1a6a73a9
PRJ-RAL,PRJ-RAL-ITEM-002,PRJ-RAL-ITEM-002-SHIPPING,SHIPPING,Q-SHIPPING,SHIPPING-SERVER-2,23.500188,23.500188,29.525447,0.0,6.025259,SEQUENTIAL_PIPELINE,SYNTHETIC_RESEARCH_FIXTURE,OG-SYNTH-0.2,A-0.2,build_opus_synthetic_programme_v0_2.py@0.2,20260811,True,b353bf2a5de864b6e0d21dd53831380a52a44a69e0090599be84a7510485577d
PRJ-RAL,PRJ-RAL-ITEM-002,PRJ-RAL-ITEM-002-DELIVERY,DELIVERY,Q-DELIVERY,DELIVERY-SERVER-2,29.525447,29.525447,30.690174,0.0,1.164727,SEQUENTIAL_PIPELINE,SYNTHETIC_RESEARCH_FIXTURE,OG-SYNTH-0.2,A-0.2,build_opus_synthetic_programme_v0_2.py@0.2,20260811,True,47a1cf9cd33ec103bbe0647445906cfa82859a96e6dc54173d08942d49c77d66
PRJ-RAL,PRJ-RAL-ITEM-003,PRJ-RAL-ITEM-003-REVIEW,REVIEW,Q-REVIEW,REVIEW-SERVER-2,3.947477,8.984802,12.298099,5.037325,3.313297,SEQUENTIAL_PIPELINE,SYNTHETIC_RESEARCH_FIXTURE,OG-SYNTH-0.2,A-0.2,build_opus_synthetic_programme_v0_2.py@0.2,20260811,True,14e691c9f7b3de4a901ba35e9c977c18525e996c5c9056e9ce48687d6fab55c0
PRJ-RAL,PRJ-RAL-ITEM-003,PRJ-RAL-ITEM-003-FABRICATION,FABRICATION,Q-FABRICATION,FABRICATION-SERVER-3,12.298099,12.298099,24.638487,0.0,12.340387,SEQUENTIAL_PIPELINE,SYNTHETIC_RESEARCH_FIXTURE,OG-SYNTH-0.2,A-0.2,build_opus_synthetic_programme_v0_2.py@0.2,20260811,True,2dc46484a97c0abadb385a8212fc40a5b519632deaf51710a0cf27ce13233aeb
PRJ-RAL,PRJ-RAL-ITEM-003,PRJ-RAL-ITEM-003-SHIPPING,SHIPPING,Q-SHIPPING,SHIPPING-SERVER-2,24.638487,29.525447,34.476609,4.886961,4.951162,SEQUENTIAL_PIPELINE,SYNTHETIC_RESEARCH_FIXTURE,OG-SYNTH-0.2,A-0.2,build_opus_synthetic_programme_v0_2.py@0.2,20260811,True,ad8baf068edd296ac2a3ee4d5ae511c1d74128df4ce3275cd35025b79e7a819a
PRJ-RAL,PRJ-RAL-ITEM-003,PRJ-RAL-ITEM-003-DELIVERY,DELIVERY,Q-DELIVERY,DELIVERY-SERVER-3,34.476609,34.476609,36.563869,0.0,2.08726,SEQUENTIAL_PIPELINE,SYNTHETIC_RESEARCH_FIXTURE,OG-SYNTH-0.2,A-0.2,build_opus_synthetic_programme_v0_2.py@0.2,20260811,True,bb5c6c45755a41c81beaa79e1d9e3b33040394dc6f330ec899f01ad2abc982b7
PRJ-RAL,PRJ-RAL-ITEM-004,PRJ-RAL-ITEM-004-REVIEW,REVIEW,Q-REVIEW,REVIEW-SERVER-2,12.218833,12.298099,16.261664,0.079266,3.963564,SEQUENTIAL_PIPELINE,SYNTHETIC_RESEARCH_FIXTURE,OG-SYNTH-0.2,A-0.2,build_opus_synthetic_programme_v0_2.py@0.2,20260811,True,fbcb9f6aaec9bea65ad209aca636293f5cf7fd1d0893d926485c14f654c6ae1d
PRJ-RAL,PRJ-RAL-ITEM-004,PRJ-RAL-ITEM-004-FABRICATION,FABRICATION,Q-FABRICATION,FABRICATION-SERVER-2,16.261664,23.500188,36.169629,7.238524,12.669441,SEQUENTIAL_PIPELINE,SYNTHETIC_RESEARCH_FIXTURE,OG-SYNTH-0.2,A-0.2,build_opus_synthetic_programme_v0_2.py@0.2,20260811,True,9d8253a02ccbbdbfbe4f1afac548ff07ad97b1afde6d336f5be5d31a538ae63a
PRJ-RAL,PRJ-RAL-ITEM-004,PRJ-RAL-ITEM-004-SHIPPING,SHIPPING,Q-SHIPPING,SHIPPING-SERVER-2,36.169629,36.169629,43.667086,0.0,7.497456,SEQUENTIAL_PIPELINE,SYNTHETIC_RESEARCH_FIXTURE,OG-SYNTH-0.2,A-0.2,build_opus_synthetic_programme_v0_2.py@0.2,20260811,True,e7e9fd41c74b9a1ad91f721c70a712639cc686b69a40b355b1dda114251ac5a0
PRJ-RAL,PRJ-RAL-ITEM-004,PRJ-RAL-ITEM-004-DELIVERY,DELIVERY,Q-DELIVERY,DELIVERY-SERVER-4,43.667086,43.667086,45.705703,0.0,2.038617,SEQUENTIAL_PIPELINE,SYNTHETIC_RESEARCH_FIXTURE,OG-SYNTH-0.2,A-0.2,build_opus_synthetic_programme_v0_2.py@0.2,20260811,True,ee4c7a314c8be4c7ffb852de6f2f3e97cd311084f8a93de071f075e0ee86d2df
PRJ-RAL,PRJ-RAL-ITEM-005,PRJ-RAL-ITEM-005-REVIEW,REVIEW,Q-REVIEW,REVIEW-SERVER-1,7.412502,15.245781,18.323166,7.833279,3.077385,SEQUENTIAL_PIPELINE,SYNTHETIC_RESEARCH_FIXTURE,OG-SYNTH-0.2,A-0.2,build_opus_synthetic_programme_v0_2.py@0.2,20260811,True,aae76a9e302add7572d24fc0b9ad6b402f754e92451f2ae2a9f1b2d08f3448d7
PRJ-RAL,PRJ-RAL-ITEM-005,PRJ-RAL-ITEM-005-FABRICATION,FABRICATION,Q-FABRICATION,FABRICATION-SERVER-3,18.323166,24.638487,34.221979,6.31532,9.583492,SEQUENTIAL_PIPELINE,SYNTHETIC_RESEARCH_FIXTURE,OG-SYNTH-0.2,A-0.2,build_opus_synthetic_programme_v0_2.py@0.2,20260811,True,f71b3575778292e33085010086868165369e675630516b466c72279935004e78
PRJ-RAL,PRJ-RAL-ITEM-005,PRJ-RAL-ITEM-005-SHIPPING,SHIPPING,Q-SHIPPING,SHIPPING-SERVER-1,34.221979,35.581258,42.990617,1.359279,7.409359,SEQUENTIAL_PIPELINE,SYNTHETIC_RESEARCH_FIXTURE,OG-SYNTH-0.2,A-0.2,build_opus_synthetic_programme_v0_2.py@0.2,20260811,True,8005306bad08d02b95fd80e0162e7b7bf3f606608bae9fb596c3efd874f5afc7
PRJ-RAL,PRJ-RAL-ITEM-005,PRJ-RAL-ITEM-005-DELIVERY,DELIVERY,Q-DELIVERY,DELIVERY-SERVER-2,42.990617,42.990617,45.24076,0.0,2.250143,SEQUENTIAL_PIPELINE,SYNTHETIC_RESEARCH_FIXTURE,OG-SYNTH-0.2,A-0.2,build_opus_synthetic_programme_v0_2.py@0.2,20260811,True,7941f186e0e57a757bdb8864efdab4b4e0b796d82e053006a8b93e8c44dc18d9
PRJ-RAL,PRJ-RAL-ITEM-006,PRJ-RAL-ITEM-006-REVIEW,REVIEW,Q-REVIEW,REVIEW-SERVER-2,6.434993,16.261664,19.97201,9.826671,3.710347,SEQUENTIAL_PIPELINE,SYNTHETIC_RESEARCH_FIXTURE,OG-SYNTH-0.2,A-0.2,build_opus_synthetic_programme_v0_2.py@0.2,20260811,True,214ff6eb61c45197590648d6601336772d92f862a120de8a04b68597ca2c40de
PRJ-RAL,PRJ-RAL-ITEM-006,PRJ-RAL-ITEM-006-FABRICATION,FABRICATION,Q-FABRICATION,FABRICATION-SERVER-1,19.97201,28.879114,38.766296,8.907104,9.887182,SEQUENTIAL_PIPELINE,SYNTHETIC_RESEARCH_FIXTURE,OG-SYNTH-0.2,A-0.2,build_opus_synthetic_programme_v0_2.py@0.2,20260811,True,68db291627664576c30e03efa5aa3ee9c60f85ebeac1e23991cbd0e00abbe5a4
PRJ-RAL,PRJ-RAL-ITEM-006,PRJ-RAL-ITEM-006-SHIPPING,SHIPPING,Q-SHIPPING,SHIPPING-SERVER-1,38.766296,42.990617,50.424783,4.224321,7.434166,SEQUENTIAL_PIPELINE,SYNTHETIC_RESEARCH_FIXTURE,OG-SYNTH-0.2,A-0.2,build_opus_synthetic_programme_v0_2.py@0.2,20260811,True,f4b0221e6c34a15135a4ad64dbcdf93fa051c974f73c01ff77e86bb16b0a0995
PRJ-RAL,PRJ-RAL-ITEM-006,PRJ-RAL-ITEM-006-DELIVERY,DELIVERY,Q-DELIVERY,DELIVERY-SERVER-3,50.424783,50.424783,51.785187,0.0,1.360404,SEQUENTIAL_PIPELINE,SYNTHETIC_RESEARCH_FIXTURE,OG-SYNTH-0.2,A-0.2,build_opus_synthetic_programme_v0_2.py@0.2,20260811,True,b897abc4e3c5c7d2c93bed230cae1673b7cd9be9f6e9533fe615ff9b3c9e66d7
PRJ-RAL,PRJ-RAL-ITEM-007,PRJ-RAL-ITEM-007-REVIEW,REVIEW,Q-REVIEW,REVIEW-SERVER-1,14.754815,18.323166,21.77081,3.568351,3.447644,SEQUENTIAL_PIPELINE,SYNTHETIC_RESEARCH_FIXTURE,OG-SYNTH-0.2,A-0.2,build_opus_synthetic_programme_v0_2.py@0.2,20260811,True,fc91b3bee8e49ce75ecff7daf18f13ad07c16189c98ce21b2e55a22256fa0477
PRJ-RAL,PRJ-RAL-ITEM-007,PRJ-RAL-ITEM-007-FABRICATION,FABRICATION,Q-FABRICATION,FABRICATION-SERVER-3,21.77081,34.221979,40.70765,12.451168,6.485671,SEQUENTIAL_PIPELINE,SYNTHETIC_RESEARCH_FIXTURE,OG-SYNTH-0.2,A-0.2,build_opus_synthetic_programme_v0_2.py@0.2,20260811,True,892ef438e274f86f7155a2592a86a0ec0bd9cc4bb20e625f1b05a8d96880a75d
PRJ-RAL,PRJ-RAL-ITEM-007,PRJ-RAL-ITEM-007-SHIPPING,SHIPPING,Q-SHIPPING,SHIPPING-SERVER-2,40.70765,43.667086,49.065119,2.959436,5.398033,SEQUENTIAL_PIPELINE,SYNTHETIC_RESEARCH_FIXTURE,OG-SYNTH-0.2,A-0.2,build_opus_synthetic_programme_v0_2.py@0.2,20260811,True,d8d167a63bc077a6203156d9ce48bca1496a4a285f1fdd174a097b4bb1a0c049
PRJ-RAL,PRJ-RAL-ITEM-007,PRJ-RAL-ITEM-007-DELIVERY,DELIVERY,Q-DELIVERY,DELIVERY-SERVER-1,49.065119,49.065119,51.572263,0.0,2.507144,SEQUENTIAL_PIPELINE,SYNTHETIC_RESEARCH_FIXTURE,OG-SYNTH-0.2,A-0.2,build_opus_synthetic_programme_v0_2.py@0.2,20260811,True,d4eb48c6858a70cf1a21df0138d17f8f2c9251020fc20a5efff9275b1b4c9ef2
PRJ-RAL,PRJ-RAL-ITEM-008,PRJ-RAL-ITEM-008-REVIEW,REVIEW,Q-REVIEW,REVIEW-SERVER-2,11.099819,19.97201,22.793197,8.872191,2.821186,SEQUENTIAL_PIPELINE,SYNTHETIC_RESEARCH_FIXTURE,OG-SYNTH-0.2,A-0.2,build_opus_synthetic_programme_v0_2.py@0.2,20260811,True,c06652fdb56e0312499d5cfd87837aa985f971fa1a6006af973f264fa05b51dd
PRJ-RAL,PRJ-RAL-ITEM-008,PRJ-RAL-ITEM-008-FABRICATION,FABRICATION,Q-FABRICATION,FABRICATION-SERVER-2,22.793197,36.169629,50.04767,13.376433,13.878041,SEQUENTIAL_PIPELINE,SYNTHETIC_RESEARCH_FIXTURE,OG-SYNTH-0.2,A-0.2,build_opus_synthetic_programme_v0_2.py@0.2,20260811,True,aa483222434cb30db5ddfb96add99880c7ba54b20a92bb66deeaccd77eea020c
PRJ-RAL,PRJ-RAL-ITEM-008,PRJ-RAL-ITEM-008-SHIPPING,SHIPPING,Q-SHIPPING,SHIPPING-SERVER-2,50.04767,50.04767,55.113332,0.0,5.065662,SEQUENTIAL_PIPELINE,SYNTHETIC_RESEARCH_FIXTURE,OG-SYNTH-0.2,A-0.2,build_opus_synthetic_programme_v0_2.py@0.2,20260811,True,791557bee2d1106aa40d1d6d2f010f9eb0b745d4d0219e053d3e330323217ecc
PRJ-RAL,PRJ-RAL-ITEM-008,PRJ-RAL-ITEM-008-DELIVERY,DELIVERY,Q-DELIVERY,DELIVERY-SERVER-2,55.113332,55.113332,56.366827,0.0,1.253495,SEQUENTIAL_PIPELINE,SYNTHETIC_RESEARCH_FIXTURE,OG-SYNTH-0.2,A-0.2,build_opus_synthetic_programme_v0_2.py@0.2,20260811,True,752ec6a75fbaca1f7a79bf51f2a861c243e1ccccdee452f068fac55cd9f63562
PRJ-RAL,PRJ-RAL-ITEM-009,PRJ-RAL-ITEM-009-REVIEW,REVIEW,Q-REVIEW,REVIEW-SERVER-1,11.783611,21.77081,26.099832,9.987199,4.329021,SEQUENTIAL_PIPELINE,SYNTHETIC_RESEARCH_FIXTURE,OG-SYNTH-0.2,A-0.2,build_opus_synthetic_programme_v0_2.py@0.2,20260811,True,afc9721b9d27ec5cbae8f878fb93a4ea6cf83e19a858712f6e68f7b089b3c575
PRJ-RAL,PRJ-RAL-ITEM-009,PRJ-RAL-ITEM-009-FABRICATION,FABRICATION,Q-FABRICATION,FABRICATION-SERVER-1,26.099832,38.766296,50.616021,12.666464,11.849725,SEQUENTIAL_PIPELINE,SYNTHETIC_RESEARCH_FIXTURE,OG-SYNTH-0.2,A-0.2,build_opus_synthetic_programme_v0_2.py@0.2,20260811,True,d5667ac7a7474f2ee5c8f8b2af337709c700707e73a675eacdd0646d59d4da4a
PRJ-RAL,PRJ-RAL-ITEM-009,PRJ-RAL-ITEM-009-SHIPPING,SHIPPING,Q-SHIPPING,SHIPPING-SERVER-1,50.616021,50.616021,55.633297,0.0,5.017276,SEQUENTIAL_PIPELINE,SYNTHETIC_RESEARCH_FIXTURE,OG-SYNTH-0.2,A-0.2,build_opus_synthetic_programme_v0_2.py@0.2,20260811,True,a30a339ec117a857e5017309e310ddcf7039c1e01c771e384b0727c942f46228
PRJ-RAL,PRJ-RAL-ITEM-009,PRJ-RAL-ITEM-009-DELIVERY,DELIVERY,Q-DELIVERY,DELIVERY-SERVER-4,55.633297,55.633297,57.029655,0.0,1.396359,SEQUENTIAL_PIPELINE,SYNTHETIC_RESEARCH_FIXTURE,OG-SYNTH-0.2,A-0.2,build_opus_synthetic_programme_v0_2.py@0.2,20260811,True,891b37e16f01df563aff11fea2e370dea2f44eea0a95cc4cc64e347b3df88d2b
PRJ-RAL,PRJ-RAL-ITEM-010,PRJ-RAL-ITEM-010-REVIEW,REVIEW,Q-REVIEW,REVIEW-SERVER-2,12.536996,22.793197,25.845931,10.2562,3.052735,SEQUENTIAL_PIPELINE,SYNTHETIC_RESEARCH_FIXTURE,OG-SYNTH-0.2,A-0.2,build_opus_synthetic_programme_v0_2.py@0.2,20260811,True,31eb788458f5139a2df90720aebf9aa286c3324a0524e7d2ac09d73b549fda98
PRJ-RAL,PRJ-RAL-ITEM-010,PRJ-RAL-ITEM-010-FABRICATION,FABRICATION,Q-FABRICATION,FABRICATION-SERVER-3,25.845931,40.70765,55.482311,14.861719,14.774661,SEQUENTIAL_PIPELINE,SYNTHETIC_RESEARCH_FIXTURE,OG-SYNTH-0.2,A-0.2,build_opus_synthetic_programme_v0_2.py@0.2,20260811,True,7503ea378b0e2f3687a9df2d14eee5ee5d7b7d507262c3c1b96bafaf84091382
PRJ-RAL,PRJ-RAL-ITEM-010,PRJ-RAL-ITEM-010-SHIPPING,SHIPPING,Q-SHIPPING,SHIPPING-SERVER-2,55.482311,55.482311,59.66348,0.0,4.181169,SEQUENTIAL_PIPELINE,SYNTHETIC_RESEARCH_FIXTURE,OG-SYNTH-0.2,A-0.2,build_opus_synthetic_programme_v0_2.py@0.2,20260811,True,28cd3a80c138a3be5c3d4173ab4cdf909b9ac505a6ada4f5715b433730d1f2b5
PRJ-RAL,PRJ-RAL-ITEM-010,PRJ-RAL-ITEM-010-DELIVERY,DELIVERY,Q-DELIVERY,DELIVERY-SERVER-1,59.66348,59.66348,61.505788,0.0,1.842308,SEQUENTIAL_PIPELINE,SYNTHETIC_RESEARCH_FIXTURE,OG-SYNTH-0.2,A-0.2,build_opus_synthetic_programme_v0_2.py@0.2,20260811,True,dbbbdc522a9e36aff55ef2921ac5fe13a830b8fe22f4b469ed693e077cfb7b6a
PRJ-RAL,PRJ-RAL-ITEM-011,PRJ-RAL-ITEM-011-REVIEW,REVIEW,Q-REVIEW,REVIEW-SERVER-2,7.854873,25.845931,28.226035,17.991058,2.380104,SEQUENTIAL_PIPELINE,SYNTHETIC_RESEARCH_FIXTURE,OG-SYNTH-0.2,A-0.2,build_opus_synthetic_programme_v0_2.py@0.2,20260811,True,1a03926e05063b95491344d70859399b8b63bf9143899eacee9a482fc6e07342
PRJ-RAL,PRJ-RAL-ITEM-011,PRJ-RAL-ITEM-011-FABRICATION,FABRICATION,Q-FABRICATION,FABRICATION-SERVER-2,28.226035,50.04767,61.47088,21.821635,11.423209,SEQUENTIAL_PIPELINE,SYNTHETIC_RESEARCH_FIXTURE,OG-SYNTH-0.2,A-0.2,build_opus_synthetic_programme_v0_2.py@0.2,20260811,True,55f2f2cca0704e59ebc02fe08638b8095ba56b14a323c707004fd424b6222c1c
PRJ-RAL,PRJ-RAL-ITEM-011,PRJ-RAL-ITEM-011-SHIPPING,SHIPPING,Q-SHIPPING,SHIPPING-SERVER-1,61.47088,61.47088,68.469551,0.0,6.998671,SEQUENTIAL_PIPELINE,SYNTHETIC_RESEARCH_FIXTURE,OG-SYNTH-0.2,A-0.2,build_opus_synthetic_programme_v0_2.py@0.2,20260811,True,1ae20be57e9447db5fd646e6133e7a1017c911daa1d919c90ac2620d6b974952
PRJ-RAL,PRJ-RAL-ITEM-011,PRJ-RAL-ITEM-011-DELIVERY,DELIVERY,Q-DELIVERY,DELIVERY-SERVER-3,68.469551,68.469551,69.642773,0.0,1.173222,SEQUENTIAL_PIPELINE,SYNTHETIC_RESEARCH_FIXTURE,OG-SYNTH-0.2,A-0.2,build_opus_synthetic_programme_v0_2.py@0.2,20260811,True,7e8fcc73a9275f0c06816a8c9b0939ea834c6a0ed582e39cddfb1c1e38e40193
PRJ-RAL,PRJ-RAL-ITEM-012,PRJ-RAL-ITEM-012-REVIEW,REVIEW,Q-REVIEW,REVIEW-SERVER-1,14.328188,26.099832,30.214627,11.771643,4.114796,SEQUENTIAL_PIPELINE,SYNTHETIC_RESEARCH_FIXTURE,OG-SYNTH-0.2,A-0.2,build_opus_synthetic_programme_v0_2.py@0.2,20260811,True,ad1031b3c712082ccd3d9559247432eece63363b1f97f0678934626d27b54e0d
PRJ-RAL,PRJ-RAL-ITEM-012,PRJ-RAL-ITEM-012-FABRICATION,FABRICATION,Q-FABRICATION,FABRICATION-SERVER-1,30.214627,50.616021,64.404636,20.401393,13.788616,SEQUENTIAL_PIPELINE,SYNTHETIC_RESEARCH_FIXTURE,OG-SYNTH-0.2,A-0.2,build_opus_synthetic_programme_v0_2.py@0.2,20260811,True,11996cfe094be24ceddf6667f324447a7326ddb570b89d98086484240e527966
PRJ-RAL,PRJ-RAL-ITEM-012,PRJ-RAL-ITEM-012-SHIPPING,SHIPPING,Q-SHIPPING,SHIPPING-SERVER-2,64.404636,64.404636,73.578849,0.0,9.174212,SEQUENTIAL_PIPELINE,SYNTHETIC_RESEARCH_FIXTURE,OG-SYNTH-0.2,A-0.2,build_opus_synthetic_programme_v0_2.py@0.2,20260811,True,7211b6b0617c5f89358cff73a4c69744f75bcd18ef452f1b3d6f8eb3fe1ead1c
PRJ-RAL,PRJ-RAL-ITEM-012,PRJ-RAL-ITEM-012-DELIVERY,DELIVERY,Q-DELIVERY,DELIVERY-SERVER-2,73.578849,73.578849,75.945635,0.0,2.366786,SEQUENTIAL_PIPELINE,SYNTHETIC_RESEARCH_FIXTURE,OG-SYNTH-0.2,A-0.2,build_opus_synthetic_programme_v0_2.py@0.2,20260811,True,679aa5276ddd6d4e7694d675a8f26e4f93770e41420dc8f64fabdc6838f77f7c
PRJ-RAL,PRJ-RAL-ITEM-013,PRJ-RAL-ITEM-013-REVIEW,REVIEW,Q-REVIEW,REVIEW-SERVER-2,6.217037,28.226035,30.750106,22.008998,2.524071,SEQUENTIAL_PIPELINE,SYNTHETIC_RESEARCH_FIXTURE,OG-SYNTH-0.2,A-0.2,build_opus_synthetic_programme_v0_2.py@0.2,20260811,True,8753b8f4f925641d31956f9a74bab3218161bc46a942305dfd81cf3c7bf42b6c
PRJ-RAL,PRJ-RAL-ITEM-013,PRJ-RAL-ITEM-013-FABRICATION,FABRICATION,Q-FABRICATION,FABRICATION-SERVER-3,30.750106,55.482311,65.109449,24.732205,9.627138,SEQUENTIAL_PIPELINE,SYNTHETIC_RESEARCH_FIXTURE,OG-SYNTH-0.2,A-0.2,build_opus_synthetic_programme_v0_2.py@0.2,20260811,True,7c596c931c41df76605faa2becd990f5b654458b10c471f8659da269b3d807fa
PRJ-RAL,PRJ-RAL-ITEM-013,PRJ-RAL-ITEM-013-SHIPPING,SHIPPING,Q-SHIPPING,SHIPPING-SERVER-1,65.109449,68.469551,73.096626,3.360102,4.627075,SEQUENTIAL_PIPELINE,SYNTHETIC_RESEARCH_FIXTURE,OG-SYNTH-0.2,A-0.2,build_opus_synthetic_programme_v0_2.py@0.2,20260811,True,dddd5fd96e053f96aaf1158770ee7660d2d84eeb0fe35e685bf4f2fb284a989e
PRJ-RAL,PRJ-RAL-ITEM-013,PRJ-RAL-ITEM-013-DELIVERY,DELIVERY,Q-DELIVERY,DELIVERY-SERVER-4,73.096626,73.096626,74.21656,0.0,1.119934,SEQUENTIAL_PIPELINE,SYNTHETIC_RESEARCH_FIXTURE,OG-SYNTH-0.2,A-0.2,build_opus_synthetic_programme_v0_2.py@0.2,20260811,True,4d58503b2831a3843e4796e75e6f37e220d2ddbdc579ed45aba02812da9c3957
PRJ-RAL,PRJ-RAL-ITEM-014,PRJ-RAL-ITEM-014-REVIEW,REVIEW,Q-REVIEW,REVIEW-SERVER-1,6.850234,30.214627,33.434261,23.364393,3.219634,SEQUENTIAL_PIPELINE,SYNTHETIC_RESEARCH_FIXTURE,OG-SYNTH-0.2,A-0.2,build_opus_synthetic_programme_v0_2.py@0.2,20260811,True,dd1e14da724f29cf180caeef68557976f3ab5ae2946e26412017afd953c3e5e0
PRJ-RAL,PRJ-RAL-ITEM-014,PRJ-RAL-ITEM-014-FABRICATION,FABRICATION,Q-FABRICATION,FABRICATION-SERVER-2,33.434261,61.47088,73.111566,28.036619,11.640686,SEQUENTIAL_PIPELINE,SYNTHETIC_RESEARCH_FIXTURE,OG-SYNTH-0.2,A-0.2,build_opus_synthetic_programme_v0_2.py@0.2,20260811,True,d950a2d4f277380807e02feca0f3617834dfd2757089008db0bfc6a18a2583c4
PRJ-RAL,PRJ-RAL-ITEM-014,PRJ-RAL-ITEM-014-SHIPPING,SHIPPING,Q-SHIPPING,SHIPPING-SERVER-1,73.111566,73.111566,79.003024,0.0,5.891458,SEQUENTIAL_PIPELINE,SYNTHETIC_RESEARCH_FIXTURE,OG-SYNTH-0.2,A-0.2,build_opus_synthetic_programme_v0_2.py@0.2,20260811,True,936a9faef183aba6f0039e4f56d32ad9405fae8cc51e8a3a3d4db6da85f2785a
PRJ-RAL,PRJ-RAL-ITEM-014,PRJ-RAL-ITEM-014-DELIVERY,DELIVERY,Q-DELIVERY,DELIVERY-SERVER-1,79.003024,79.003024,80.390631,0.0,1.387607,SEQUENTIAL_PIPELINE,SYNTHETIC_RESEARCH_FIXTURE,OG-SYNTH-0.2,A-0.2,build_opus_synthetic_programme_v0_2.py@0.2,20260811,True,913da5886c5424ab1b0463c9c7de1be16a640f95ad61778a7756415ca095b36d
PRJ-RAL,PRJ-RAL-ITEM-015,PRJ-RAL-ITEM-015-REVIEW,REVIEW,Q-REVIEW,REVIEW-SERVER-2,8.600853,30.750106,34.003403,22.149253,3.253296,SEQUENTIAL_PIPELINE,SYNTHETIC_RESEARCH_FIXTURE,OG-SYNTH-0.2,A-0.2,build_opus_synthetic_programme_v0_2.py@0.2,20260811,True,3923602770ae8aa84cce522a8b0518c8dfc7887d11d4510599f499287cff897d
PRJ-RAL,PRJ-RAL-ITEM-015,PRJ-RAL-ITEM-015-FABRICATION,FABRICATION,Q-FABRICATION,FABRICATION-SERVER-1,34.003403,64.404636,76.102086,30.401234,11.697449,SEQUENTIAL_PIPELINE,SYNTHETIC_RESEARCH_FIXTURE,OG-SYNTH-0.2,A-0.2,build_opus_synthetic_programme_v0_2.py@0.2,20260811,True,38d3afff1a2226ec4d5ae1eaeae81a9cb3888473970cae08f521192dd00c70a2
PRJ-RAL,PRJ-RAL-ITEM-015,PRJ-RAL-ITEM-015-SHIPPING,SHIPPING,Q-SHIPPING,SHIPPING-SERVER-2,76.102086,76.102086,82.809249,0.0,6.707164,SEQUENTIAL_PIPELINE,SYNTHETIC_RESEARCH_FIXTURE,OG-SYNTH-0.2,A-0.2,build_opus_synthetic_programme_v0_2.py@0.2,20260811,True,5024067a9e2a720cba24909868d13554030214da886f490c07b1e31bbc8db77f
PRJ-RAL,PRJ-RAL-ITEM-015,PRJ-RAL-ITEM-015-DELIVERY,DELIVERY,Q-DELIVERY,DELIVERY-SERVER-3,82.809249,82.809249,83.86803,0.0,1.05878,SEQUENTIAL_PIPELINE,SYNTHETIC_RESEARCH_FIXTURE,OG-SYNTH-0.2,A-0.2,build_opus_synthetic_programme_v0_2.py@0.2,20260811,True,f73db078c45bf8bd3c5d12c195f35eeec538bb57fc909c365eef5eff311aca16
PRJ-RAL,PRJ-RAL-ITEM-016,PRJ-RAL-ITEM-016-REVIEW,REVIEW,Q-REVIEW,REVIEW-SERVER-1,0.282864,33.434261,35.850879,33.151397,2.416618,SEQUENTIAL_PIPELINE,SYNTHETIC_RESEARCH_FIXTURE,OG-SYNTH-0.2,A-0.2,build_opus_synthetic_programme_v0_2.py@0.2,20260811,True,2668d6ef3790af8836338ee90ecbf8f67b162a4856516de8d808806299144ea0
PRJ-RAL,PRJ-RAL-ITEM-016,PRJ-RAL-ITEM-016-FABRICATION,FABRICATION,Q-FABRICATION,FABRICATION-SERVER-3,35.850879,65.109449,79.963175,29.25857,14.853726,SEQUENTIAL_PIPELINE,SYNTHETIC_RESEARCH_FIXTURE,OG-SYNTH-0.2,A-0.2,build_opus_synthetic_programme_v0_2.py@0.2,20260811,True,afb2b46c272d7d531b598389da59da6aa654a315b7d9d90a5a944ec1f1c2b756
PRJ-RAL,PRJ-RAL-ITEM-016,PRJ-RAL-ITEM-016-SHIPPING,SHIPPING,Q-SHIPPING,SHIPPING-SERVER-1,79.963175,79.963175,85.185549,0.0,5.222374,SEQUENTIAL_PIPELINE,SYNTHETIC_RESEARCH_FIXTURE,OG-SYNTH-0.2,A-0.2,build_opus_synthetic_programme_v0_2.py@0.2,20260811,True,07def67e0d266774345405bed28c30f4b62f0ab2b23ca9f604787983b0dc6879
PRJ-RAL,PRJ-RAL-ITEM-016,PRJ-RAL-ITEM-016-DELIVERY,DELIVERY,Q-DELIVERY,DELIVERY-SERVER-4,85.185549,85.185549,86.794511,0.0,1.608961,SEQUENTIAL_PIPELINE,SYNTHETIC_RESEARCH_FIXTURE,OG-SYNTH-0.2,A-0.2,build_opus_synthetic_programme_v0_2.py@0.2,20260811,True,cdae51ad32fe262b3dfce985a9e407c98d5570c4f22eb12dd4e9d5abbfd3d198
PRJ-RAL,PRJ-RAL-ITEM-017,PRJ-RAL-ITEM-017-REVIEW,REVIEW,Q-REVIEW,REVIEW-SERVER-2,11.827526,34.003403,36.657392,22.175877,2.653989,SEQUENTIAL_PIPELINE,SYNTHETIC_RESEARCH_FIXTURE,OG-SYNTH-0.2,A-0.2,build_opus_synthetic_programme_v0_2.py@0.2,20260811,True,de52137ec2e5a856e556673ada0af781cf0142a2e37e3191238dcbcb47c73646
PRJ-RAL,PRJ-RAL-ITEM-017,PRJ-RAL-ITEM-017-FABRICATION,FABRICATION,Q-FABRICATION,FABRICATION-SERVER-2,36.657392,73.111566,83.981079,36.454174,10.869513,SEQUENTIAL_PIPELINE,SYNTHETIC_RESEARCH_FIXTURE,OG-SYNTH-0.2,A-0.2,build_opus_synthetic_programme_v0_2.py@0.2,20260811,True,4e869cebe46df24d073ff2af3fce34e023c1f6e0c14c7e1b5ae95c4822228491
PRJ-RAL,PRJ-RAL-ITEM-017,PRJ-RAL-ITEM-017-SHIPPING,SHIPPING,Q-SHIPPING,SHIPPING-SERVER-2,83.981079,83.981079,88.928678,0.0,4.947599,SEQUENTIAL_PIPELINE,SYNTHETIC_RESEARCH_FIXTURE,OG-SYNTH-0.2,A-0.2,build_opus_synthetic_programme_v0_2.py@0.2,20260811,True,cab49b78ecd18d21cda6b6939119e2e0ef2b19b09f676257c9345a9d5aa57656
PRJ-RAL,PRJ-RAL-ITEM-017,PRJ-RAL-ITEM-017-DELIVERY,DELIVERY,Q-DELIVERY,DELIVERY-SERVER-2,88.928678,88.928678,90.914065,0.0,1.985387,SEQUENTIAL_PIPELINE,SYNTHETIC_RESEARCH_FIXTURE,OG-SYNTH-0.2,A-0.2,build_opus_synthetic_programme_v0_2.py@0.2,20260811,True,0df7adc92c324370c1e6566163f4504ae002d5df5690bdbbf001e37c33d9638e
PRJ-RAL,PRJ-RAL-ITEM-018,PRJ-RAL-ITEM-018-REVIEW,REVIEW,Q-REVIEW,REVIEW-SERVER-1,8.120311,35.850879,38.845235,27.730568,2.994356,SEQUENTIAL_PIPELINE,SYNTHETIC_RESEARCH_FIXTURE,OG-SYNTH-0.2,A-0.2,build_opus_synthetic_programme_v0_2.py@0.2,20260811,True,0da0d8dc12da56a4324b3e05c573c17f19c528cb0bc0de733b91f02b8006f3a7
PRJ-RAL,PRJ-RAL-ITEM-018,PRJ-RAL-ITEM-018-FABRICATION,FABRICATION,Q-FABRICATION,FABRICATION-SERVER-1,38.845235,76.102086,97.158678,37.25685,21.056592,SEQUENTIAL_PIPELINE,SYNTHETIC_RESEARCH_FIXTURE,OG-SYNTH-0.2,A-0.2,build_opus_synthetic_programme_v0_2.py@0.2,20260811,True,b2241ebe5695d190f43cf0792b9184f47bd3ee5137f5be85dd2b5dcdfeeebc87
PRJ-RAL,PRJ-RAL-ITEM-018,PRJ-RAL-ITEM-018-SHIPPING,SHIPPING,Q-SHIPPING,SHIPPING-SERVER-1,97.158678,97.158678,101.4121,0.0,4.253422,SEQUENTIAL_PIPELINE,SYNTHETIC_RESEARCH_FIXTURE,OG-SYNTH-0.2,A-0.2,build_opus_synthetic_programme_v0_2.py@0.2,20260811,True,46ff684b1628c1f2fc0ec5d84191d450b007854db41ac02667334400a033e9d1
PRJ-RAL,PRJ-RAL-ITEM-018,PRJ-RAL-ITEM-018-DELIVERY,DELIVERY,Q-DELIVERY,DELIVERY-SERVER-1,101.4121,101.4121,102.592103,0.0,1.180003,SEQUENTIAL_PIPELINE,SYNTHETIC_RESEARCH_FIXTURE,OG-SYNTH-0.2,A-0.2,build_opus_synthetic_programme_v0_2.py@0.2,20260811,True,58e40b1870914548f1644bbbd210725ad55d907909083552af9f099821b80873
PRJ-RAL,PRJ-RAL-ITEM-019,PRJ-RAL-ITEM-019-REVIEW,REVIEW,Q-REVIEW,REVIEW-SERVER-2,0.354586,36.657392,39.522934,36.302805,2.865542,SEQUENTIAL_PIPELINE,SYNTHETIC_RESEARCH_FIXTURE,OG-SYNTH-0.2,A-0.2,build_opus_synthetic_programme_v0_2.py@0.2,20260811,True,4110480377f96e1f2ccfb7ea599f7031e9728c7d70596292964601cf602859f0
PRJ-RAL,PRJ-RAL-ITEM-019,PRJ-RAL-ITEM-019-FABRICATION,FABRICATION,Q-FABRICATION,FABRICATION-SERVER-3,39.522934,79.963175,89.052235,40.440241,9.08906,SEQUENTIAL_PIPELINE,SYNTHETIC_RESEARCH_FIXTURE,OG-SYNTH-0.2,A-0.2,build_opus_synthetic_programme_v0_2.py@0.2,20260811,True,49924d661d0092ebfe01cabe7ddc8ff5f4ceeb4a2d54c9f94263c861863cb040
PRJ-RAL,PRJ-RAL-ITEM-019,PRJ-RAL-ITEM-019-SHIPPING,SHIPPING,Q-SHIPPING,SHIPPING-SERVER-2,89.052235,89.052235,96.706093,0.0,7.653858,SEQUENTIAL_PIPELINE,SYNTHETIC_RESEARCH_FIXTURE,OG-SYNTH-0.2,A-0.2,build_opus_synthetic_programme_v0_2.py@0.2,20260811,True,9153b14f46f7eb02dc6b40efc6dcb75f1831273aa260f8bc69ceb58b450bb1e2
PRJ-RAL,PRJ-RAL-ITEM-019,PRJ-RAL-ITEM-019-DELIVERY,DELIVERY,Q-DELIVERY,DELIVERY-SERVER-3,96.706093,96.706093,98.571307,0.0,1.865214,SEQUENTIAL_PIPELINE,SYNTHETIC_RESEARCH_FIXTURE,OG-SYNTH-0.2,A-0.2,build_opus_synthetic_programme_v0_2.py@0.2,20260811,True,652c8a15cc7050b7601f07467a837c3310d97f74498aa9acefe00e292ae084c6
PRJ-RAL,PRJ-RAL-ITEM-020,PRJ-RAL-ITEM-020-REVIEW,REVIEW,Q-REVIEW,REVIEW-SERVER-1,6.797159,38.845235,40.883509,32.048076,2.038274,SEQUENTIAL_PIPELINE,SYNTHETIC_RESEARCH_FIXTURE,OG-SYNTH-0.2,A-0.2,build_opus_synthetic_programme_v0_2.py@0.2,20260811,True,98c66195f42c97e975e0d53e744499d781377dc4ea44a381f98d8dcbaa7ccf38
PRJ-RAL,PRJ-RAL-ITEM-020,PRJ-RAL-ITEM-020-FABRICATION,FABRICATION,Q-FABRICATION,FABRICATION-SERVER-2,40.883509,83.981079,92.26427,43.09757,8.283191,SEQUENTIAL_PIPELINE,SYNTHETIC_RESEARCH_FIXTURE,OG-SYNTH-0.2,A-0.2,build_opus_synthetic_programme_v0_2.py@0.2,20260811,True,6bce884d7901fd85d57e049ad5746a791c963b47d02ef76cf3caf94341cfed31
PRJ-RAL,PRJ-RAL-ITEM-020,PRJ-RAL-ITEM-020-SHIPPING,SHIPPING,Q-SHIPPING,SHIPPING-SERVER-2,92.26427,96.706093,102.701704,4.441823,5.995611,SEQUENTIAL_PIPELINE,SYNTHETIC_RESEARCH_FIXTURE,OG-SYNTH-0.2,A-0.2,build_opus_synthetic_programme_v0_2.py@0.2,20260811,True,e83a977531f209968be0c50d18d55da9393dd4c6323f769e17398703a6b35e13
PRJ-RAL,PRJ-RAL-ITEM-020,PRJ-RAL-ITEM-020-DELIVERY,DELIVERY,Q-DELIVERY,DELIVERY-SERVER-4,102.701704,102.701704,103.942294,0.0,1.24059,SEQUENTIAL_PIPELINE,SYNTHETIC_RESEARCH_FIXTURE,OG-SYNTH-0.2,A-0.2,build_opus_synthetic_programme_v0_2.py@0.2,20260811,True,0c4ce391cf2a2f2cacbc82b4b598fc75ff3dfe56ea02ff20f0e332aad9ff7141
PRJ-DCT,PRJ-DCT-ITEM-001,PRJ-DCT-ITEM-001-REVIEW,REVIEW,Q-REVIEW,REVIEW-SERVER-1,3.489601,3.489601,6.868483,0.0,3.378882,SEQUENTIAL_PIPELINE,SYNTHETIC_RESEARCH_FIXTURE,OG-SYNTH-0.2,A-0.2,build_opus_synthetic_programme_v0_2.py@0.2,20260811,True,8399be174db18ed5e254e8b615b7b427454b5b91878f23fd08d9edbcaf5aac73
PRJ-DCT,PRJ-DCT-ITEM-001,PRJ-DCT-ITEM-001-FABRICATION,FABRICATION,Q-FABRICATION,FABRICATION-SERVER-1,6.868483,6.868483,18.872965,0.0,12.004482,SEQUENTIAL_PIPELINE,SYNTHETIC_RESEARCH_FIXTURE,OG-SYNTH-0.2,A-0.2,build_opus_synthetic_programme_v0_2.py@0.2,20260811,True,395830f02a31c5507d022fed628fb309505a40ba2d2a30eb9d351c3693e7b778
PRJ-DCT,PRJ-DCT-ITEM-001,PRJ-DCT-ITEM-001-SHIPPING,SHIPPING,Q-SHIPPING,SHIPPING-SERVER-1,18.872965,18.872965,25.04052,0.0,6.167555,SEQUENTIAL_PIPELINE,SYNTHETIC_RESEARCH_FIXTURE,OG-SYNTH-0.2,A-0.2,build_opus_synthetic_programme_v0_2.py@0.2,20260811,True,0ec18ed7690e5f506f8303ae4bbddedfec966ccd310c2755bb3608b14879ee85
PRJ-DCT,PRJ-DCT-ITEM-001,PRJ-DCT-ITEM-001-DELIVERY,DELIVERY,Q-DELIVERY,DELIVERY-SERVER-1,25.04052,25.04052,26.799012,0.0,1.758492,SEQUENTIAL_PIPELINE,SYNTHETIC_RESEARCH_FIXTURE,OG-SYNTH-0.2,A-0.2,build_opus_synthetic_programme_v0_2.py@0.2,20260811,True,0978bd46cce51ce5c7340e925f70954e256e4516a51d3838bbff33d4d8818335
PRJ-DCT,PRJ-DCT-ITEM-002,PRJ-DCT-ITEM-002-REVIEW,REVIEW,Q-REVIEW,REVIEW-SERVER-2,8.867269,8.867269,12.091504,0.0,3.224235,SEQUENTIAL_PIPELINE,SYNTHETIC_RESEARCH_FIXTURE,OG-SYNTH-0.2,A-0.2,build_opus_synthetic_programme_v0_2.py@0.2,20260811,True,3b49b8a75b9b5408189ff8d1850aff7a0699966a0a0e8ab197baf69ae0d94f53
PRJ-DCT,PRJ-DCT-ITEM-002,PRJ-DCT-ITEM-002-FABRICATION,FABRICATION,Q-FABRICATION,FABRICATION-SERVER-2,12.091504,12.091504,23.975693,0.0,11.884189,SEQUENTIAL_PIPELINE,SYNTHETIC_RESEARCH_FIXTURE,OG-SYNTH-0.2,A-0.2,build_opus_synthetic_programme_v0_2.py@0.2,20260811,True,67c09a513b0abe621762399f051e03d79256e54168418be54a5774ac9a4d865c
PRJ-DCT,PRJ-DCT-ITEM-002,PRJ-DCT-ITEM-002-SHIPPING,SHIPPING,Q-SHIPPING,SHIPPING-SERVER-2,23.975693,23.975693,29.213754,0.0,5.238061,SEQUENTIAL_PIPELINE,SYNTHETIC_RESEARCH_FIXTURE,OG-SYNTH-0.2,A-0.2,build_opus_synthetic_programme_v0_2.py@0.2,20260811,True,c800d0221d9d1609cfe0a2374d1c76386e5724c5a9aac66cdbced8c75c2ab125
PRJ-DCT,PRJ-DCT-ITEM-002,PRJ-DCT-ITEM-002-DELIVERY,DELIVERY,Q-DELIVERY,DELIVERY-SERVER-2,29.213754,29.213754,30.198559,0.0,0.984805,SEQUENTIAL_PIPELINE,SYNTHETIC_RESEARCH_FIXTURE,OG-SYNTH-0.2,A-0.2,build_opus_synthetic_programme_v0_2.py@0.2,20260811,True,5bcba5ae4343b3335192ac01610fd5940985c7774847a65e4d0b3ed5461241e1
PRJ-DCT,PRJ-DCT-ITEM-003,PRJ-DCT-ITEM-003-REVIEW,REVIEW,Q-REVIEW,REVIEW-SERVER-1,8.429514,8.429514,12.945376,0.0,4.515862,SEQUENTIAL_PIPELINE,SYNTHETIC_RESEARCH_FIXTURE,OG-SYNTH-0.2,A-0.2,build_opus_synthetic_programme_v0_2.py@0.2,20260811,True,3fca5dc8d35a858e96ac2970303574c364f57bdb1efc2a7f0e42de6819032dcd
PRJ-DCT,PRJ-DCT-ITEM-003,PRJ-DCT-ITEM-003-FABRICATION,FABRICATION,Q-FABRICATION,FABRICATION-SERVER-3,12.945376,12.945376,24.235299,0.0,11.289923,SEQUENTIAL_PIPELINE,SYNTHETIC_RESEARCH_FIXTURE,OG-SYNTH-0.2,A-0.2,build_opus_synthetic_programme_v0_2.py@0.2,20260811,True,0225c1f2a431d0f3084147a503b240184c6cdf3e9995a3093dbfaf8d8fa90922
PRJ-DCT,PRJ-DCT-ITEM-003,PRJ-DCT-ITEM-003-SHIPPING,SHIPPING,Q-SHIPPING,SHIPPING-SERVER-1,24.235299,25.04052,28.673878,0.805221,3.633357,SEQUENTIAL_PIPELINE,SYNTHETIC_RESEARCH_FIXTURE,OG-SYNTH-0.2,A-0.2,build_opus_synthetic_programme_v0_2.py@0.2,20260811,True,14107b83e8fd8302b8571801f5aaf60425362f7a5743318f28731505316ed677
PRJ-DCT,PRJ-DCT-ITEM-003,PRJ-DCT-ITEM-003-DELIVERY,DELIVERY,Q-DELIVERY,DELIVERY-SERVER-3,28.673878,28.673878,30.536618,0.0,1.86274,SEQUENTIAL_PIPELINE,SYNTHETIC_RESEARCH_FIXTURE,OG-SYNTH-0.2,A-0.2,build_opus_synthetic_programme_v0_2.py@0.2,20260811,True,1c2c0407f24f5da541b47b34cb3bca47cda8d7cc7927032486d2511904d0d72e
PRJ-DCT,PRJ-DCT-ITEM-004,PRJ-DCT-ITEM-004-REVIEW,REVIEW,Q-REVIEW,REVIEW-SERVER-2,14.214619,14.214619,16.850624,0.0,2.636006,SEQUENTIAL_PIPELINE,SYNTHETIC_RESEARCH_FIXTURE,OG-SYNTH-0.2,A-0.2,build_opus_synthetic_programme_v0_2.py@0.2,20260811,True,4d610cbf115fc84a753204d4bd15ea561dd5c7b6574c6588e229b356103bd0f4
PRJ-DCT,PRJ-DCT-ITEM-004,PRJ-DCT-ITEM-004-FABRICATION,FABRICATION,Q-FABRICATION,FABRICATION-SERVER-1,16.850624,18.872965,29.393735,2.022341,10.52077,SEQUENTIAL_PIPELINE,SYNTHETIC_RESEARCH_FIXTURE,OG-SYNTH-0.2,A-0.2,build_opus_synthetic_programme_v0_2.py@0.2,20260811,True,648a74bcb7fd417bddbfb87cc43c2b78414d801b50b5d7107a842d3eaa46b968
PRJ-DCT,PRJ-DCT-ITEM-004,PRJ-DCT-ITEM-004-SHIPPING,SHIPPING,Q-SHIPPING,SHIPPING-SERVER-1,29.393735,29.393735,35.763052,0.0,6.369316,SEQUENTIAL_PIPELINE,SYNTHETIC_RESEARCH_FIXTURE,OG-SYNTH-0.2,A-0.2,build_opus_synthetic_programme_v0_2.py@0.2,20260811,True,5d80f0e5eaba112f9f9e6a0fbfc7b6b037be259ee9695155cf8270837ea2ffbf
PRJ-DCT,PRJ-DCT-ITEM-004,PRJ-DCT-ITEM-004-DELIVERY,DELIVERY,Q-DELIVERY,DELIVERY-SERVER-4,35.763052,35.763052,37.061231,0.0,1.298179,SEQUENTIAL_PIPELINE,SYNTHETIC_RESEARCH_FIXTURE,OG-SYNTH-0.2,A-0.2,build_opus_synthetic_programme_v0_2.py@0.2,20260811,True,a1f56dbc2e500a2f931ddeed874246c1c19e05696a60e405b6d652743ccdc810
PRJ-DCT,PRJ-DCT-ITEM-005,PRJ-DCT-ITEM-005-REVIEW,REVIEW,Q-REVIEW,REVIEW-SERVER-1,14.895137,14.895137,16.809372,0.0,1.914234,SEQUENTIAL_PIPELINE,SYNTHETIC_RESEARCH_FIXTURE,OG-SYNTH-0.2,A-0.2,build_opus_synthetic_programme_v0_2.py@0.2,20260811,True,51dd8c5d7373a04df80cb4904aaf81950b046a471f5701cdfe03eed90e2b6af8
PRJ-DCT,PRJ-DCT-ITEM-005,PRJ-DCT-ITEM-005-FABRICATION,FABRICATION,Q-FABRICATION,FABRICATION-SERVER-2,16.809372,23.975693,36.873435,7.166321,12.897743,SEQUENTIAL_PIPELINE,SYNTHETIC_RESEARCH_FIXTURE,OG-SYNTH-0.2,A-0.2,build_opus_synthetic_programme_v0_2.py@0.2,20260811,True,44ad75cb79cc49847ab29bf3516d2b3b407063a8ac405c5183d1b85ec2e9ddf0
PRJ-DCT,PRJ-DCT-ITEM-005,PRJ-DCT-ITEM-005-SHIPPING,SHIPPING,Q-SHIPPING,SHIPPING-SERVER-2,36.873435,36.873435,43.754848,0.0,6.881412,SEQUENTIAL_PIPELINE,SYNTHETIC_RESEARCH_FIXTURE,OG-SYNTH-0.2,A-0.2,build_opus_synthetic_programme_v0_2.py@0.2,20260811,True,ed0ac516c7d9c07e2050af333110ddf27a6d18fe97a2af0343ebf478a35becb6
PRJ-DCT,PRJ-DCT-ITEM-005,PRJ-DCT-ITEM-005-DELIVERY,DELIVERY,Q-DELIVERY,DELIVERY-SERVER-1,43.754848,43.754848,46.326062,0.0,2.571215,SEQUENTIAL_PIPELINE,SYNTHETIC_RESEARCH_FIXTURE,OG-SYNTH-0.2,A-0.2,build_opus_synthetic_programme_v0_2.py@0.2,20260811,True,4229bd34533715a378fd722b419c4f329417328e2538437659a236e9905a3d3b
PRJ-DCT,PRJ-DCT-ITEM-006,PRJ-DCT-ITEM-006-REVIEW,REVIEW,Q-REVIEW,REVIEW-SERVER-1,10.06422,16.809372,19.927818,6.745151,3.118446,SEQUENTIAL_PIPELINE,SYNTHETIC_RESEARCH_FIXTURE,OG-SYNTH-0.2,A-0.2,build_opus_synthetic_programme_v0_2.py@0.2,20260811,True,3d2fe87a6d4ff7922422d3a8b09cf1e69dba58c20e56b6b8f693d14114831a17
PRJ-DCT,PRJ-DCT-ITEM-006,PRJ-DCT-ITEM-006-FABRICATION,FABRICATION,Q-FABRICATION,FABRICATION-SERVER-3,19.927818,24.235299,33.544016,4.307481,9.308717,SEQUENTIAL_PIPELINE,SYNTHETIC_RESEARCH_FIXTURE,OG-SYNTH-0.2,A-0.2,build_opus_synthetic_programme_v0_2.py@0.2,20260811,True,e3d3ea6054be9b293fa5b46bfffcf103982bd2789351266bfc086e72008778e4
PRJ-DCT,PRJ-DCT-ITEM-006,PRJ-DCT-ITEM-006-SHIPPING,SHIPPING,Q-SHIPPING,SHIPPING-SERVER-1,33.544016,35.763052,42.966387,2.219036,7.203336,SEQUENTIAL_PIPELINE,SYNTHETIC_RESEARCH_FIXTURE,OG-SYNTH-0.2,A-0.2,build_opus_synthetic_programme_v0_2.py@0.2,20260811,True,3917e33d455053ae6adbedcfc11a1dff2f7215d28955f3b2cbaba2bb7eea2232
PRJ-DCT,PRJ-DCT-ITEM-006,PRJ-DCT-ITEM-006-DELIVERY,DELIVERY,Q-DELIVERY,DELIVERY-SERVER-2,42.966387,42.966387,44.58084,0.0,1.614452,SEQUENTIAL_PIPELINE,SYNTHETIC_RESEARCH_FIXTURE,OG-SYNTH-0.2,A-0.2,build_opus_synthetic_programme_v0_2.py@0.2,20260811,True,eaf054078ad0decdd3045f1f0f2428ac77c72b8987150fd81c8c58f98bde8aac
PRJ-DCT,PRJ-DCT-ITEM-007,PRJ-DCT-ITEM-007-REVIEW,REVIEW,Q-REVIEW,REVIEW-SERVER-2,13.43926,16.850624,19.561974,3.411365,2.711349,SEQUENTIAL_PIPELINE,SYNTHETIC_RESEARCH_FIXTURE,OG-SYNTH-0.2,A-0.2,build_opus_synthetic_programme_v0_2.py@0.2,20260811,True,d0dd759ab9f2282bd0eb3770b2dbdf489e3ad067b4b832fcdd104edc30856c51
PRJ-DCT,PRJ-DCT-ITEM-007,PRJ-DCT-ITEM-007-FABRICATION,FABRICATION,Q-FABRICATION,FABRICATION-SERVER-1,19.561974,29.393735,41.37073,9.831762,11.976994,SEQUENTIAL_PIPELINE,SYNTHETIC_RESEARCH_FIXTURE,OG-SYNTH-0.2,A-0.2,build_opus_synthetic_programme_v0_2.py@0.2,20260811,True,9c3497f1e7b562c781bb34b63dbe8b3978df6e4f8c652d3e45547684e78acc72
PRJ-DCT,PRJ-DCT-ITEM-007,PRJ-DCT-ITEM-007-SHIPPING,SHIPPING,Q-SHIPPING,SHIPPING-SERVER-1,41.37073,42.966387,50.993763,1.595658,8.027375,SEQUENTIAL_PIPELINE,SYNTHETIC_RESEARCH_FIXTURE,OG-SYNTH-0.2,A-0.2,build_opus_synthetic_programme_v0_2.py@0.2,20260811,True,daa5964d85280ed4219051d9296303cf38870538c65d7cf6bd421d045c15bc49
PRJ-DCT,PRJ-DCT-ITEM-007,PRJ-DCT-ITEM-007-DELIVERY,DELIVERY,Q-DELIVERY,DELIVERY-SERVER-3,50.993763,50.993763,52.316959,0.0,1.323196,SEQUENTIAL_PIPELINE,SYNTHETIC_RESEARCH_FIXTURE,OG-SYNTH-0.2,A-0.2,build_opus_synthetic_programme_v0_2.py@0.2,20260811,True,1b7e6a709624395d6d7285be32883674ace384c60326d5dba43c1d6e0575818b
PRJ-DCT,PRJ-DCT-ITEM-008,PRJ-DCT-ITEM-008-REVIEW,REVIEW,Q-REVIEW,REVIEW-SERVER-2,14.422249,19.561974,23.322443,5.139725,3.760469,SEQUENTIAL_PIPELINE,SYNTHETIC_RESEARCH_FIXTURE,OG-SYNTH-0.2,A-0.2,build_opus_synthetic_programme_v0_2.py@0.2,20260811,True,bd1e7596ef812e083a940d52a15f35b58faa3735709e07c699e6a119edc0a1ef
PRJ-DCT,PRJ-DCT-ITEM-008,PRJ-DCT-ITEM-008-FABRICATION,FABRICATION,Q-FABRICATION,FABRICATION-SERVER-3,23.322443,33.544016,45.177782,10.221573,11.633766,SEQUENTIAL_PIPELINE,SYNTHETIC_RESEARCH_FIXTURE,OG-SYNTH-0.2,A-0.2,build_opus_synthetic_programme_v0_2.py@0.2,20260811,True,54ea58a4e120b286fb299a34141e3d97777b82d5edc15e32ff181969a3f44609
PRJ-DCT,PRJ-DCT-ITEM-008,PRJ-DCT-ITEM-008-SHIPPING,SHIPPING,Q-SHIPPING,SHIPPING-SERVER-2,45.177782,45.177782,50.037865,0.0,4.860083,SEQUENTIAL_PIPELINE,SYNTHETIC_RESEARCH_FIXTURE,OG-SYNTH-0.2,A-0.2,build_opus_synthetic_programme_v0_2.py@0.2,20260811,True,9a41833e743b3a42c66b09ce571f40751137dc94e0405c4d83a9969c499a9c0a
PRJ-DCT,PRJ-DCT-ITEM-008,PRJ-DCT-ITEM-008-DELIVERY,DELIVERY,Q-DELIVERY,DELIVERY-SERVER-4,50.037865,50.037865,51.588352,0.0,1.550487,SEQUENTIAL_PIPELINE,SYNTHETIC_RESEARCH_FIXTURE,OG-SYNTH-0.2,A-0.2,build_opus_synthetic_programme_v0_2.py@0.2,20260811,True,17595c7cc56919068396ad01f7c164b9bcb71c3b0ecaed25d7fa0b4388ec6026
PRJ-DCT,PRJ-DCT-ITEM-009,PRJ-DCT-ITEM-009-REVIEW,REVIEW,Q-REVIEW,REVIEW-SERVER-1,14.83423,19.927818,23.614641,5.093588,3.686824,SEQUENTIAL_PIPELINE,SYNTHETIC_RESEARCH_FIXTURE,OG-SYNTH-0.2,A-0.2,build_opus_synthetic_programme_v0_2.py@0.2,20260811,True,32ec2903e09e423addc9f939ad3dce78282b47d382e974b47eb7c83beb5d6a80
PRJ-DCT,PRJ-DCT-ITEM-009,PRJ-DCT-ITEM-009-FABRICATION,FABRICATION,Q-FABRICATION,FABRICATION-SERVER-2,23.614641,36.873435,43.567713,13.258794,6.694277,SEQUENTIAL_PIPELINE,SYNTHETIC_RESEARCH_FIXTURE,OG-SYNTH-0.2,A-0.2,build_opus_synthetic_programme_v0_2.py@0.2,20260811,True,0514449255321177d2da3fdd60e14dcf9966c4ce73735240d4274dd2996cdb12
PRJ-DCT,PRJ-DCT-ITEM-009,PRJ-DCT-ITEM-009-SHIPPING,SHIPPING,Q-SHIPPING,SHIPPING-SERVER-2,43.567713,50.037865,55.57286,6.470153,5.534994,SEQUENTIAL_PIPELINE,SYNTHETIC_RESEARCH_FIXTURE,OG-SYNTH-0.2,A-0.2,build_opus_synthetic_programme_v0_2.py@0.2,20260811,True,8162771c50871a615fa13090f64aaa912d7d8be06d0048502555a6f362cfcbe0
PRJ-DCT,PRJ-DCT-ITEM-009,PRJ-DCT-ITEM-009-DELIVERY,DELIVERY,Q-DELIVERY,DELIVERY-SERVER-2,55.57286,55.57286,58.021569,0.0,2.44871,SEQUENTIAL_PIPELINE,SYNTHETIC_RESEARCH_FIXTURE,OG-SYNTH-0.2,A-0.2,build_opus_synthetic_programme_v0_2.py@0.2,20260811,True,5d9fe982b8fc19ccbe1d3cc356db9a1cd5002d004c769a323a1797c480f25f58
PRJ-DCT,PRJ-DCT-ITEM-010,PRJ-DCT-ITEM-010-REVIEW,REVIEW,Q-REVIEW,REVIEW-SERVER-2,4.863824,23.322443,28.081515,18.458619,4.759072,SEQUENTIAL_PIPELINE,SYNTHETIC_RESEARCH_FIXTURE,OG-SYNTH-0.2,A-0.2,build_opus_synthetic_programme_v0_2.py@0.2,20260811,True,49d7be1eea2e1b262e43541f4a97a8c809a9dbb4bc991b3dbeabf48dece0cc15
PRJ-DCT,PRJ-DCT-ITEM-010,PRJ-DCT-ITEM-010-FABRICATION,FABRICATION,Q-FABRICATION,FABRICATION-SERVER-1,28.081515,41.37073,53.389237,13.289215,12.018508,SEQUENTIAL_PIPELINE,SYNTHETIC_RESEARCH_FIXTURE,OG-SYNTH-0.2,A-0.2,build_opus_synthetic_programme_v0_2.py@0.2,20260811,True,5f86d917b598987d50f94752dbf50a79b3e2e2c0d3493bacec96472a1a1b2e6e
PRJ-DCT,PRJ-DCT-ITEM-010,PRJ-DCT-ITEM-010-SHIPPING,SHIPPING,Q-SHIPPING,SHIPPING-SERVER-1,53.389237,53.389237,57.58809,0.0,4.198852,SEQUENTIAL_PIPELINE,SYNTHETIC_RESEARCH_FIXTURE,OG-SYNTH-0.2,A-0.2,build_opus_synthetic_programme_v0_2.py@0.2,20260811,True,9dd989817be73e2d609abc472eebd10abed5845a3aca0ba30e0c1c98400a7139
PRJ-DCT,PRJ-DCT-ITEM-010,PRJ-DCT-ITEM-010-DELIVERY,DELIVERY,Q-DELIVERY,DELIVERY-SERVER-1,57.58809,57.58809,59.360212,0.0,1.772123,SEQUENTIAL_PIPELINE,SYNTHETIC_RESEARCH_FIXTURE,OG-SYNTH-0.2,A-0.2,build_opus_synthetic_programme_v0_2.py@0.2,20260811,True,3153d266e07c9d2fe31329b28d86b194e5614169821d095e7def537bc6edf006
PRJ-DCT,PRJ-DCT-ITEM-011,PRJ-DCT-ITEM-011-REVIEW,REVIEW,Q-REVIEW,REVIEW-SERVER-1,8.357922,23.614641,26.114894,15.25672,2.500253,SEQUENTIAL_PIPELINE,SYNTHETIC_RESEARCH_FIXTURE,OG-SYNTH-0.2,A-0.2,build_opus_synthetic_programme_v0_2.py@0.2,20260811,True,2474c3529a80728c65c15a72c312134a70063a49838ba1abbef8fd45db52d4c2
PRJ-DCT,PRJ-DCT-ITEM-011,PRJ-DCT-ITEM-011-FABRICATION,FABRICATION,Q-FABRICATION,FABRICATION-SERVER-2,26.114894,43.567713,53.038736,17.452818,9.471024,SEQUENTIAL_PIPELINE,SYNTHETIC_RESEARCH_FIXTURE,OG-SYNTH-0.2,A-0.2,build_opus_synthetic_programme_v0_2.py@0.2,20260811,True,9458b10f16e56511af426d42812e08aa04bb6aaef292ab777f9d50928847dab2
PRJ-DCT,PRJ-DCT-ITEM-011,PRJ-DCT-ITEM-011-SHIPPING,SHIPPING,Q-SHIPPING,SHIPPING-SERVER-2,53.038736,55.57286,61.602715,2.534123,6.029855,SEQUENTIAL_PIPELINE,SYNTHETIC_RESEARCH_FIXTURE,OG-SYNTH-0.2,A-0.2,build_opus_synthetic_programme_v0_2.py@0.2,20260811,True,c244f333a8933ad0b866373155667b4deb58559a20190f38f89bc9b5e9a19351
PRJ-DCT,PRJ-DCT-ITEM-011,PRJ-DCT-ITEM-011-DELIVERY,DELIVERY,Q-DELIVERY,DELIVERY-SERVER-4,61.602715,61.602715,62.925933,0.0,1.323218,SEQUENTIAL_PIPELINE,SYNTHETIC_RESEARCH_FIXTURE,OG-SYNTH-0.2,A-0.2,build_opus_synthetic_programme_v0_2.py@0.2,20260811,True,f98dbb83f7377c472043192783c2aa3a534fb9703d89b4d7e10e3f256b1884cf
PRJ-DCT,PRJ-DCT-ITEM-012,PRJ-DCT-ITEM-012-REVIEW,REVIEW,Q-REVIEW,REVIEW-SERVER-1,0.271475,26.114894,27.555975,25.843419,1.441081,SEQUENTIAL_PIPELINE,SYNTHETIC_RESEARCH_FIXTURE,OG-SYNTH-0.2,A-0.2,build_opus_synthetic_programme_v0_2.py@0.2,20260811,True,c2c6d4fc8d423ad36d3f76d7d6f9eb5c147eb998eba7a7991f61b6688003ed1e
PRJ-DCT,PRJ-DCT-ITEM-012,PRJ-DCT-ITEM-012-FABRICATION,FABRICATION,Q-FABRICATION,FABRICATION-SERVER-3,27.555975,45.177782,56.446033,17.621807,11.268251,SEQUENTIAL_PIPELINE,SYNTHETIC_RESEARCH_FIXTURE,OG-SYNTH-0.2,A-0.2,build_opus_synthetic_programme_v0_2.py@0.2,20260811,True,dc0d821910513cf57d70fe33f9b43d2f5b39d9aba239341a30aa27b8a5a7823a
PRJ-DCT,PRJ-DCT-ITEM-012,PRJ-DCT-ITEM-012-SHIPPING,SHIPPING,Q-SHIPPING,SHIPPING-SERVER-1,56.446033,57.58809,64.655375,1.142057,7.067285,SEQUENTIAL_PIPELINE,SYNTHETIC_RESEARCH_FIXTURE,OG-SYNTH-0.2,A-0.2,build_opus_synthetic_programme_v0_2.py@0.2,20260811,True,0fc93629fde6ee8ec35d07f5b634acac7e9f52a1d89a984676ec65341e2b6ecc
PRJ-DCT,PRJ-DCT-ITEM-012,PRJ-DCT-ITEM-012-DELIVERY,DELIVERY,Q-DELIVERY,DELIVERY-SERVER-3,64.655375,64.655375,66.100014,0.0,1.444639,SEQUENTIAL_PIPELINE,SYNTHETIC_RESEARCH_FIXTURE,OG-SYNTH-0.2,A-0.2,build_opus_synthetic_programme_v0_2.py@0.2,20260811,True,adf5307f691af98548dd81dd4a08c726f6c0a98415c34b75f2b865e1e2e2e834
PRJ-DCT,PRJ-DCT-ITEM-013,PRJ-DCT-ITEM-013-REVIEW,REVIEW,Q-REVIEW,REVIEW-SERVER-1,4.99216,27.555975,29.017879,22.563815,1.461904,SEQUENTIAL_PIPELINE,SYNTHETIC_RESEARCH_FIXTURE,OG-SYNTH-0.2,A-0.2,build_opus_synthetic_programme_v0_2.py@0.2,20260811,True,258a27201dec1456f6f63d60f83a364d36b446bf27567672792fc020b8ee8602
PRJ-DCT,PRJ-DCT-ITEM-013,PRJ-DCT-ITEM-013-FABRICATION,FABRICATION,Q-FABRICATION,FABRICATION-SERVER-2,29.017879,53.038736,60.609945,24.020857,7.571209,SEQUENTIAL_PIPELINE,SYNTHETIC_RESEARCH_FIXTURE,OG-SYNTH-0.2,A-0.2,build_opus_synthetic_programme_v0_2.py@0.2,20260811,True,073de0bbc1937f2e68de844c4f80a0bc665dae0eac0d997e501dbdbd082d454d
PRJ-DCT,PRJ-DCT-ITEM-013,PRJ-DCT-ITEM-013-SHIPPING,SHIPPING,Q-SHIPPING,SHIPPING-SERVER-2,60.609945,61.602715,66.980063,0.99277,5.377349,SEQUENTIAL_PIPELINE,SYNTHETIC_RESEARCH_FIXTURE,OG-SYNTH-0.2,A-0.2,build_opus_synthetic_programme_v0_2.py@0.2,20260811,True,9b00d90edf07fc21418095f57b27b733109731bfa1df8034a63ec6d55eab0073
PRJ-DCT,PRJ-DCT-ITEM-013,PRJ-DCT-ITEM-013-DELIVERY,DELIVERY,Q-DELIVERY,DELIVERY-SERVER-2,66.980063,66.980063,68.325566,0.0,1.345503,SEQUENTIAL_PIPELINE,SYNTHETIC_RESEARCH_FIXTURE,OG-SYNTH-0.2,A-0.2,build_opus_synthetic_programme_v0_2.py@0.2,20260811,True,acff1ced4e4e0441e88692b1b724dbf4d8ecc9a9eb900b0b5654f4580c90a84b
PRJ-DCT,PRJ-DCT-ITEM-014,PRJ-DCT-ITEM-014-REVIEW,REVIEW,Q-REVIEW,REVIEW-SERVER-2,3.792085,28.081515,30.591818,24.28943,2.510304,SEQUENTIAL_PIPELINE,SYNTHETIC_RESEARCH_FIXTURE,OG-SYNTH-0.2,A-0.2,build_opus_synthetic_programme_v0_2.py@0.2,20260811,True,9015c2a533f197bab3dbbc246c92ea31a83ddc532c8229bd870cfe4d419e2e30
PRJ-DCT,PRJ-DCT-ITEM-014,PRJ-DCT-ITEM-014-FABRICATION,FABRICATION,Q-FABRICATION,FABRICATION-SERVER-1,30.591818,53.389237,64.693544,22.797419,11.304307,SEQUENTIAL_PIPELINE,SYNTHETIC_RESEARCH_FIXTURE,OG-SYNTH-0.2,A-0.2,build_opus_synthetic_programme_v0_2.py@0.2,20260811,True,14bab9b8acda95f11734bf0a50f565e73e1c6d90564d5e65947d60194cd47e39
PRJ-DCT,PRJ-DCT-ITEM-014,PRJ-DCT-ITEM-014-SHIPPING,SHIPPING,Q-SHIPPING,SHIPPING-SERVER-1,64.693544,64.693544,70.216343,0.0,5.5228,SEQUENTIAL_PIPELINE,SYNTHETIC_RESEARCH_FIXTURE,OG-SYNTH-0.2,A-0.2,build_opus_synthetic_programme_v0_2.py@0.2,20260811,True,6452fe16cd7855193e3971b3d87c88ac5e30ca3a795152a4a7a17ce6b79af8a7
PRJ-DCT,PRJ-DCT-ITEM-014,PRJ-DCT-ITEM-014-DELIVERY,DELIVERY,Q-DELIVERY,DELIVERY-SERVER-1,70.216343,70.216343,71.924995,0.0,1.708652,SEQUENTIAL_PIPELINE,SYNTHETIC_RESEARCH_FIXTURE,OG-SYNTH-0.2,A-0.2,build_opus_synthetic_programme_v0_2.py@0.2,20260811,True,9afc355790df57c2970207f4e3996efb18c46320d80f8c596c808eba6b4f68c7
PRJ-DCT,PRJ-DCT-ITEM-015,PRJ-DCT-ITEM-015-REVIEW,REVIEW,Q-REVIEW,REVIEW-SERVER-1,12.510327,29.017879,31.795008,16.507553,2.777129,SEQUENTIAL_PIPELINE,SYNTHETIC_RESEARCH_FIXTURE,OG-SYNTH-0.2,A-0.2,build_opus_synthetic_programme_v0_2.py@0.2,20260811,True,2698077046ee3299b435ad427743f9ce7bfe020383ca5c5d949c4afa10a69539
PRJ-DCT,PRJ-DCT-ITEM-015,PRJ-DCT-ITEM-015-FABRICATION,FABRICATION,Q-FABRICATION,FABRICATION-SERVER-3,31.795008,56.446033,66.244608,24.651024,9.798575,SEQUENTIAL_PIPELINE,SYNTHETIC_RESEARCH_FIXTURE,OG-SYNTH-0.2,A-0.2,build_opus_synthetic_programme_v0_2.py@0.2,20260811,True,dfb8b8541d11377a1af5ed124b13c07c70952c283a89a987237abd7f266ff700
PRJ-DCT,PRJ-DCT-ITEM-015,PRJ-DCT-ITEM-015-SHIPPING,SHIPPING,Q-SHIPPING,SHIPPING-SERVER-2,66.244608,66.980063,72.416398,0.735456,5.436335,SEQUENTIAL_PIPELINE,SYNTHETIC_RESEARCH_FIXTURE,OG-SYNTH-0.2,A-0.2,build_opus_synthetic_programme_v0_2.py@0.2,20260811,True,20f4be8b43f1baa526fa376fce994bb1afdd9a1b6e0d4c7ff9966a402fbe4e0e
PRJ-DCT,PRJ-DCT-ITEM-015,PRJ-DCT-ITEM-015-DELIVERY,DELIVERY,Q-DELIVERY,DELIVERY-SERVER-4,72.416398,72.416398,74.260469,0.0,1.844071,SEQUENTIAL_PIPELINE,SYNTHETIC_RESEARCH_FIXTURE,OG-SYNTH-0.2,A-0.2,build_opus_synthetic_programme_v0_2.py@0.2,20260811,True,3a5df6714fb8f8eba5e1cdb60173955ca30636bfe02651c9482ee3002068668b
PRJ-DCT,PRJ-DCT-ITEM-016,PRJ-DCT-ITEM-016-REVIEW,REVIEW,Q-REVIEW,REVIEW-SERVER-2,0.550171,30.591818,32.779565,30.041647,2.187746,SEQUENTIAL_PIPELINE,SYNTHETIC_RESEARCH_FIXTURE,OG-SYNTH-0.2,A-0.2,build_opus_synthetic_programme_v0_2.py@0.2,20260811,True,1c773b9834739ce6501d1a6bd76adcc2836d25e2206308b1e7d51785ec53e02e
PRJ-DCT,PRJ-DCT-ITEM-016,PRJ-DCT-ITEM-016-FABRICATION,FABRICATION,Q-FABRICATION,FABRICATION-SERVER-2,32.779565,60.609945,70.32705,27.830381,9.717105,SEQUENTIAL_PIPELINE,SYNTHETIC_RESEARCH_FIXTURE,OG-SYNTH-0.2,A-0.2,build_opus_synthetic_programme_v0_2.py@0.2,20260811,True,5674133d63d3b882ef74819995d76a0f82714d7eb928066c1ed5957ca2db1989
PRJ-DCT,PRJ-DCT-ITEM-016,PRJ-DCT-ITEM-016-SHIPPING,SHIPPING,Q-SHIPPING,SHIPPING-SERVER-1,70.32705,70.32705,75.765954,0.0,5.438904,SEQUENTIAL_PIPELINE,SYNTHETIC_RESEARCH_FIXTURE,OG-SYNTH-0.2,A-0.2,build_opus_synthetic_programme_v0_2.py@0.2,20260811,True,b0858502047000ee5a33bf2db6f590272cef5942522c07a85dc869880dd8a204
PRJ-DCT,PRJ-DCT-ITEM-016,PRJ-DCT-ITEM-016-DELIVERY,DELIVERY,Q-DELIVERY,DELIVERY-SERVER-3,75.765954,75.765954,77.152737,0.0,1.386783,SEQUENTIAL_PIPELINE,SYNTHETIC_RESEARCH_FIXTURE,OG-SYNTH-0.2,A-0.2,build_opus_synthetic_programme_v0_2.py@0.2,20260811,True,081b6287b75fb7224f542b73e01792d96da403f88614d855ae2c7b3a725d4f02
PRJ-DCT,PRJ-DCT-ITEM-017,PRJ-DCT-ITEM-017-REVIEW,REVIEW,Q-REVIEW,REVIEW-SERVER-1,4.32009,31.795008,35.347103,27.474919,3.552094,SEQUENTIAL_PIPELINE,SYNTHETIC_RESEARCH_FIXTURE,OG-SYNTH-0.2,A-0.2,build_opus_synthetic_programme_v0_2.py@0.2,20260811,True,d50dde8f5caa79c32adb14fd42b36bf63ea9bf099aa08b7eb7e343669b3cd838
PRJ-DCT,PRJ-DCT-ITEM-017,PRJ-DCT-ITEM-017-FABRICATION,FABRICATION,Q-FABRICATION,FABRICATION-SERVER-1,35.347103,64.693544,75.879544,29.346441,11.186,SEQUENTIAL_PIPELINE,SYNTHETIC_RESEARCH_FIXTURE,OG-SYNTH-0.2,A-0.2,build_opus_synthetic_programme_v0_2.py@0.2,20260811,True,7cbd17beb550d45a8db58cd6fd9160ee10fa6a44a0645fff4afa73dd82fec304
PRJ-DCT,PRJ-DCT-ITEM-017,PRJ-DCT-ITEM-017-SHIPPING,SHIPPING,Q-SHIPPING,SHIPPING-SERVER-2,75.879544,75.879544,81.775685,0.0,5.89614,SEQUENTIAL_PIPELINE,SYNTHETIC_RESEARCH_FIXTURE,OG-SYNTH-0.2,A-0.2,build_opus_synthetic_programme_v0_2.py@0.2,20260811,True,2b13d1346a01d884f3256079a6beb31e9faa2f5dc04628741706a0429ac40a53
PRJ-DCT,PRJ-DCT-ITEM-017,PRJ-DCT-ITEM-017-DELIVERY,DELIVERY,Q-DELIVERY,DELIVERY-SERVER-2,81.775685,81.775685,82.672463,0.0,0.896778,SEQUENTIAL_PIPELINE,SYNTHETIC_RESEARCH_FIXTURE,OG-SYNTH-0.2,A-0.2,build_opus_synthetic_programme_v0_2.py@0.2,20260811,True,0a17360cc0c29a174aa7f5b94e64282dad62fec251cf5cf8a3f992385e31088d
PRJ-DCT,PRJ-DCT-ITEM-018,PRJ-DCT-ITEM-018-REVIEW,REVIEW,Q-REVIEW,REVIEW-SERVER-2,9.425558,32.779565,35.537087,23.354007,2.757523,SEQUENTIAL_PIPELINE,SYNTHETIC_RESEARCH_FIXTURE,OG-SYNTH-0.2,A-0.2,build_opus_synthetic_programme_v0_2.py@0.2,20260811,True,96c87a5333d03df6a19cc225c7e4243fdf608e4efeafb30d0ba78ecb68473c20
PRJ-DCT,PRJ-DCT-ITEM-018,PRJ-DCT-ITEM-018-FABRICATION,FABRICATION,Q-FABRICATION,FABRICATION-SERVER-3,35.537087,66.244608,86.015934,30.707521,19.771326,SEQUENTIAL_PIPELINE,SYNTHETIC_RESEARCH_FIXTURE,OG-SYNTH-0.2,A-0.2,build_opus_synthetic_programme_v0_2.py@0.2,20260811,True,3e2f5ed85bffca5b623a00ce9ce01082dc994f26dffbc9ab9cc71afd55084c1a
PRJ-DCT,PRJ-DCT-ITEM-018,PRJ-DCT-ITEM-018-SHIPPING,SHIPPING,Q-SHIPPING,SHIPPING-SERVER-1,86.015934,86.015934,93.363603,0.0,7.347669,SEQUENTIAL_PIPELINE,SYNTHETIC_RESEARCH_FIXTURE,OG-SYNTH-0.2,A-0.2,build_opus_synthetic_programme_v0_2.py@0.2,20260811,True,27c94a58847147d2cb0fe7c7454adf47f9312afbe0d5025094e396170afc73e9
PRJ-DCT,PRJ-DCT-ITEM-018,PRJ-DCT-ITEM-018-DELIVERY,DELIVERY,Q-DELIVERY,DELIVERY-SERVER-1,93.363603,93.363603,94.673941,0.0,1.310339,SEQUENTIAL_PIPELINE,SYNTHETIC_RESEARCH_FIXTURE,OG-SYNTH-0.2,A-0.2,build_opus_synthetic_programme_v0_2.py@0.2,20260811,True,c51ea2a613c7ef9508bc9b71a465bb2e2d052c9a67d0aacf6cca7547f96d7147
PRJ-DCT,PRJ-DCT-ITEM-019,PRJ-DCT-ITEM-019-REVIEW,REVIEW,Q-REVIEW,REVIEW-SERVER-1,7.929688,35.347103,38.237723,27.417415,2.89062,SEQUENTIAL_PIPELINE,SYNTHETIC_RESEARCH_FIXTURE,OG-SYNTH-0.2,A-0.2,build_opus_synthetic_programme_v0_2.py@0.2,20260811,True,f98a12b81786acfd1a5fc159c0c1f6630169ac63642a4a7404876153870d02ad
PRJ-DCT,PRJ-DCT-ITEM-019,PRJ-DCT-ITEM-019-FABRICATION,FABRICATION,Q-FABRICATION,FABRICATION-SERVER-2,38.237723,70.32705,88.533143,32.089327,18.206093,SEQUENTIAL_PIPELINE,SYNTHETIC_RESEARCH_FIXTURE,OG-SYNTH-0.2,A-0.2,build_opus_synthetic_programme_v0_2.py@0.2,20260811,True,df19dadac1c86f420391448620ffe663dba483733201da2ad411456dc9bd4985
PRJ-DCT,PRJ-DCT-ITEM-019,PRJ-DCT-ITEM-019-SHIPPING,SHIPPING,Q-SHIPPING,SHIPPING-SERVER-2,88.533143,88.533143,94.481704,0.0,5.948561,SEQUENTIAL_PIPELINE,SYNTHETIC_RESEARCH_FIXTURE,OG-SYNTH-0.2,A-0.2,build_opus_synthetic_programme_v0_2.py@0.2,20260811,True,34e1ffff9bb146709abcadafc6a9a737c82066511a73e2ac8cab00ba9870554f
PRJ-DCT,PRJ-DCT-ITEM-019,PRJ-DCT-ITEM-019-DELIVERY,DELIVERY,Q-DELIVERY,DELIVERY-SERVER-4,94.481704,94.481704,95.797497,0.0,1.315793,SEQUENTIAL_PIPELINE,SYNTHETIC_RESEARCH_FIXTURE,OG-SYNTH-0.2,A-0.2,build_opus_synthetic_programme_v0_2.py@0.2,20260811,True,19578e336f8e0c4e2ae39295d980ded6de56550963ebce120ad533997147cc38
PRJ-DCT,PRJ-DCT-ITEM-020,PRJ-DCT-ITEM-020-REVIEW,REVIEW,Q-REVIEW,REVIEW-SERVER-2,11.734758,35.537087,38.049301,23.80233,2.512214,SEQUENTIAL_PIPELINE,SYNTHETIC_RESEARCH_FIXTURE,OG-SYNTH-0.2,A-0.2,build_opus_synthetic_programme_v0_2.py@0.2,20260811,True,261c33f2a526e3013bb006dd5794c98d972cb15c55092e4b168a79ca2f23a173
PRJ-DCT,PRJ-DCT-ITEM-020,PRJ-DCT-ITEM-020-FABRICATION,FABRICATION,Q-FABRICATION,FABRICATION-SERVER-1,38.049301,75.879544,86.011302,37.830243,10.131757,SEQUENTIAL_PIPELINE,SYNTHETIC_RESEARCH_FIXTURE,OG-SYNTH-0.2,A-0.2,build_opus_synthetic_programme_v0_2.py@0.2,20260811,True,25609618cb34103ec9e8bbf1b5b4f83fb2c8671d2af322e594f2923ed98b7f17
PRJ-DCT,PRJ-DCT-ITEM-020,PRJ-DCT-ITEM-020-SHIPPING,SHIPPING,Q-SHIPPING,SHIPPING-SERVER-1,86.011302,93.363603,100.674355,7.352301,7.310752,SEQUENTIAL_PIPELINE,SYNTHETIC_RESEARCH_FIXTURE,OG-SYNTH-0.2,A-0.2,build_opus_synthetic_programme_v0_2.py@0.2,20260811,True,956cea9a8b565718b486a9a54a3b9e058057b6b17aa8a89a88d57920aaa5c128
PRJ-DCT,PRJ-DCT-ITEM-020,PRJ-DCT-ITEM-020-DELIVERY,DELIVERY,Q-DELIVERY,DELIVERY-SERVER-3,100.674355,100.674355,102.157087,0.0,1.482732,SEQUENTIAL_PIPELINE,SYNTHETIC_RESEARCH_FIXTURE,OG-SYNTH-0.2,A-0.2,build_opus_synthetic_programme_v0_2.py@0.2,20260811,True,8cda7d48bfa8ca981fba9930384755d7ef7026652cc2f95d0c234f2d7561b134
