project_id,period_id,activity_id,progress_fraction,actual_start_day,actual_finish_day,current_remaining_duration_days,forecast_start_day,forecast_finish_day,current_total_float_days,current_critical_flag,schedule_version,data_origin,programme_version,package_version,generator_version,random_seed,not_for_empirical_validation,record_hash
PRJ-AIR,P01,PRJ-AIR-A01,1.0,0.0,5.4,0.0,50.0,50.0,-0.0,True,PRJ-AIR-P01-V1,SYNTHETIC_RESEARCH_FIXTURE,OG-SYNTH-0.2,A-0.2,build_opus_synthetic_programme_v0_2.py@0.2,20260811,True,70636c5f30d047b4d02b8cacfeba79d3a8c9f21e850d721a2af4373b4e73afc4
PRJ-AIR,P01,PRJ-AIR-A02,0.909974,5.4,,2.212946,50.0,52.212946,-0.0,True,PRJ-AIR-P01-V1,SYNTHETIC_RESEARCH_FIXTURE,OG-SYNTH-0.2,A-0.2,build_opus_synthetic_programme_v0_2.py@0.2,20260811,True,7f356ca456c68a0a4a922a80fc32839a8a52f3b072880316f9fdca500b1aa0f1
PRJ-AIR,P01,PRJ-AIR-A03,1.0,5.4,43.2,0.0,50.0,50.0,2.212946,False,PRJ-AIR-P01-V1,SYNTHETIC_RESEARCH_FIXTURE,OG-SYNTH-0.2,A-0.2,build_opus_synthetic_programme_v0_2.py@0.2,20260811,True,11f4c5ad2bd89ff50d420d4a07bd0015ff9fa09ec5697ad436b93c21351caa0d
PRJ-AIR,P01,PRJ-AIR-A04,0.316293,43.2,,16.346927,52.212946,68.559874,-0.0,True,PRJ-AIR-P01-V1,SYNTHETIC_RESEARCH_FIXTURE,OG-SYNTH-0.2,A-0.2,build_opus_synthetic_programme_v0_2.py@0.2,20260811,True,3cc66f186d27555cb4bcce21abfa11c7d1026bfdd38dd2242ea0524cc99b57d0
PRJ-AIR,P01,PRJ-AIR-A05,0.0,,,36.09625,68.559874,104.656124,-0.0,True,PRJ-AIR-P01-V1,SYNTHETIC_RESEARCH_FIXTURE,OG-SYNTH-0.2,A-0.2,build_opus_synthetic_programme_v0_2.py@0.2,20260811,True,6cdcee97d7871be8ea9d35edf797d73ff4aad68a87c9140f91c2e990046a543b
PRJ-AIR,P01,PRJ-AIR-A06,0.0,,,52.76775,104.656124,157.423874,-0.0,True,PRJ-AIR-P01-V1,SYNTHETIC_RESEARCH_FIXTURE,OG-SYNTH-0.2,A-0.2,build_opus_synthetic_programme_v0_2.py@0.2,20260811,True,3d76a54b5a7da51dfd2fa9b47c5b8183470b2578fe5b21f936524188b111b3cd
PRJ-AIR,P01,PRJ-AIR-A07,0.0,,,39.87,157.423874,197.293874,52.04125,False,PRJ-AIR-P01-V1,SYNTHETIC_RESEARCH_FIXTURE,OG-SYNTH-0.2,A-0.2,build_opus_synthetic_programme_v0_2.py@0.2,20260811,True,e16da8ea62460ca9f864a7135a2690f300896fad271ff286f7c25d870fa0b579
PRJ-AIR,P01,PRJ-AIR-A08,0.0,,,53.76775,157.423874,211.191624,-0.0,True,PRJ-AIR-P01-V1,SYNTHETIC_RESEARCH_FIXTURE,OG-SYNTH-0.2,A-0.2,build_opus_synthetic_programme_v0_2.py@0.2,20260811,True,b19b987686c120e15f15c48e4c18ec24274c70ae8769794718e9f47df917dd26
PRJ-AIR,P01,PRJ-AIR-A09,0.0,,,38.1435,211.191624,249.335124,-0.0,True,PRJ-AIR-P01-V1,SYNTHETIC_RESEARCH_FIXTURE,OG-SYNTH-0.2,A-0.2,build_opus_synthetic_programme_v0_2.py@0.2,20260811,True,1f0fabbe9bac1f0b63c5df5f0e1b030738df73d40befacecb673d68f540b1427
PRJ-AIR,P01,PRJ-AIR-A10,0.046951,229.6,,46.125422,249.335124,295.460546,0.0,True,PRJ-AIR-P01-V1,SYNTHETIC_RESEARCH_FIXTURE,OG-SYNTH-0.2,A-0.2,build_opus_synthetic_programme_v0_2.py@0.2,20260811,True,e2282708bde75912d1c4f77586943440a8762c1b57f3ac4afb7e72eb316b4b2a
PRJ-AIR,P01,PRJ-AIR-A11,0.0,,,33.55725,295.460546,329.017796,0.0,True,PRJ-AIR-P01-V1,SYNTHETIC_RESEARCH_FIXTURE,OG-SYNTH-0.2,A-0.2,build_opus_synthetic_programme_v0_2.py@0.2,20260811,True,9d4ecd8ed26e62e6c0676cac1415972914875127ebd1ad38aac56f15b9d2d98c
PRJ-AIR,P01,PRJ-AIR-A12,0.00073,304.20000000000005,,15.479194,329.017796,344.49699,0.0,True,PRJ-AIR-P01-V1,SYNTHETIC_RESEARCH_FIXTURE,OG-SYNTH-0.2,A-0.2,build_opus_synthetic_programme_v0_2.py@0.2,20260811,True,8d27d99f1e6af6cc9cebead059f10b6582e72dd5c1e0fdabcf65a9b83e031f09
PRJ-AIR,P02,PRJ-AIR-A01,0.945546,0.0,,0.31684,100.0,100.31684,0.0,True,PRJ-AIR-P02-V1,SYNTHETIC_RESEARCH_FIXTURE,OG-SYNTH-0.2,A-0.2,build_opus_synthetic_programme_v0_2.py@0.2,20260811,True,1203b924ad18bf73f2e0c550780efb17b0271bdd0a86c68ec6348044b21d0a0d
PRJ-AIR,P02,PRJ-AIR-A02,0.949332,5.4,,1.245487,100.31684,101.562327,0.0,True,PRJ-AIR-P02-V1,SYNTHETIC_RESEARCH_FIXTURE,OG-SYNTH-0.2,A-0.2,build_opus_synthetic_programme_v0_2.py@0.2,20260811,True,d297e4fb65b6070f52705ff9066031fb7deeab8e4c31f1d35d1747821e824705
PRJ-AIR,P02,PRJ-AIR-A03,1.0,5.4,43.2,0.0,100.31684,100.31684,1.245487,False,PRJ-AIR-P02-V1,SYNTHETIC_RESEARCH_FIXTURE,OG-SYNTH-0.2,A-0.2,build_opus_synthetic_programme_v0_2.py@0.2,20260811,True,c74bab7e5beb3f0a2920de08b59dd288e44decea99ae8dc57790cd0aea5484ad
PRJ-AIR,P02,PRJ-AIR-A04,0.990628,43.2,,0.224074,101.562327,101.7864,0.0,True,PRJ-AIR-P02-V1,SYNTHETIC_RESEARCH_FIXTURE,OG-SYNTH-0.2,A-0.2,build_opus_synthetic_programme_v0_2.py@0.2,20260811,True,03d855633a1f7ced03a54ef4b369babbf1032eed1538d0416504e2e898401c75
PRJ-AIR,P02,PRJ-AIR-A05,0.922886,64.5,,2.783531,101.7864,104.569931,0.0,True,PRJ-AIR-P02-V1,SYNTHETIC_RESEARCH_FIXTURE,OG-SYNTH-0.2,A-0.2,build_opus_synthetic_programme_v0_2.py@0.2,20260811,True,470a9bfa3813a4e5a35993a97d27c352ce1f8d63f882e46132764bcbe95fa774
PRJ-AIR,P02,PRJ-AIR-A06,0.006259,98.0,,52.437485,104.569931,157.007416,0.0,True,PRJ-AIR-P02-V1,SYNTHETIC_RESEARCH_FIXTURE,OG-SYNTH-0.2,A-0.2,build_opus_synthetic_programme_v0_2.py@0.2,20260811,True,d927de894009b5b68ed26e7147c7f3c478a5d538d809832f5b09475f1aa018a3
PRJ-AIR,P02,PRJ-AIR-A07,0.0,,,39.87,157.007416,196.877416,50.798463,False,PRJ-AIR-P02-V1,SYNTHETIC_RESEARCH_FIXTURE,OG-SYNTH-0.2,A-0.2,build_opus_synthetic_programme_v0_2.py@0.2,20260811,True,60b0cab7917907312b2664a7bc97fcb13986e0bcd63daee453ec0572fb7fbd31
PRJ-AIR,P02,PRJ-AIR-A08,0.01412,146.3,,53.008542,157.007416,210.015957,0.0,True,PRJ-AIR-P02-V1,SYNTHETIC_RESEARCH_FIXTURE,OG-SYNTH-0.2,A-0.2,build_opus_synthetic_programme_v0_2.py@0.2,20260811,True,6c7b299e7633d75ffdad62672dcd60943bb73351a478f5908eaa16842def906c
PRJ-AIR,P02,PRJ-AIR-A09,0.012678,194.2,,37.659922,210.015957,247.675879,0.0,True,PRJ-AIR-P02-V1,SYNTHETIC_RESEARCH_FIXTURE,OG-SYNTH-0.2,A-0.2,build_opus_synthetic_programme_v0_2.py@0.2,20260811,True,f71a244a07db0ec12ab8b327b268760e8440c11d42f32559bb4a5bcbbce4ea72
PRJ-AIR,P02,PRJ-AIR-A10,0.002593,229.6,,48.272247,247.675879,295.948126,0.0,True,PRJ-AIR-P02-V1,SYNTHETIC_RESEARCH_FIXTURE,OG-SYNTH-0.2,A-0.2,build_opus_synthetic_programme_v0_2.py@0.2,20260811,True,89d5120c63ca5aaf542c7e8c72a7c9b2de76b21a276872d732c24ea6345d15a5
PRJ-AIR,P02,PRJ-AIR-A11,0.007417,273.90000000000003,,33.308351,295.948126,329.256477,0.0,True,PRJ-AIR-P02-V1,SYNTHETIC_RESEARCH_FIXTURE,OG-SYNTH-0.2,A-0.2,build_opus_synthetic_programme_v0_2.py@0.2,20260811,True,998e7d15ce6beb9aa870aab4617bf7287934f3f121d3d58f13780586d0e0cb56
PRJ-AIR,P02,PRJ-AIR-A12,0.030001,304.20000000000005,,15.025768,329.256477,344.282245,0.0,True,PRJ-AIR-P02-V1,SYNTHETIC_RESEARCH_FIXTURE,OG-SYNTH-0.2,A-0.2,build_opus_synthetic_programme_v0_2.py@0.2,20260811,True,f79c6587f388c395a61a8fe0da7bd4bbade7cf4a44bcb30ae31fa621369da782
PRJ-AIR,P03,PRJ-AIR-A01,0.984963,0.0,,0.087491,150.0,150.087491,-0.0,True,PRJ-AIR-P03-V1,SYNTHETIC_RESEARCH_FIXTURE,OG-SYNTH-0.2,A-0.2,build_opus_synthetic_programme_v0_2.py@0.2,20260811,True,855dea79e2e0a478725bcd7c936723cd5d2903f4dd16848ac4fd739ffa07a4c0
PRJ-AIR,P03,PRJ-AIR-A02,0.953256,5.4,,1.149031,150.087491,151.236522,1.440952,False,PRJ-AIR-P03-V1,SYNTHETIC_RESEARCH_FIXTURE,OG-SYNTH-0.2,A-0.2,build_opus_synthetic_programme_v0_2.py@0.2,20260811,True,f653b9ab48846bca45e5c027c2046057779fd89d697e907aa308d99257b1bbb0
PRJ-AIR,P03,PRJ-AIR-A03,0.938133,5.4,,2.589983,150.087491,152.677474,-0.0,True,PRJ-AIR-P03-V1,SYNTHETIC_RESEARCH_FIXTURE,OG-SYNTH-0.2,A-0.2,build_opus_synthetic_programme_v0_2.py@0.2,20260811,True,750e7e0a18e66044b1f67ac886ae9078038dd0e5a0d41824a8a9f798ebb86bbb
PRJ-AIR,P03,PRJ-AIR-A04,0.957822,43.2,,1.008435,152.677474,153.685909,-0.0,True,PRJ-AIR-P03-V1,SYNTHETIC_RESEARCH_FIXTURE,OG-SYNTH-0.2,A-0.2,build_opus_synthetic_programme_v0_2.py@0.2,20260811,True,08302fb9f071b2910537eebb845c715532f8a976ec6cde99a9c9802db70d5ba7
PRJ-AIR,P03,PRJ-AIR-A05,0.944413,64.5,,2.006471,153.685909,155.69238,-0.0,True,PRJ-AIR-P03-V1,SYNTHETIC_RESEARCH_FIXTURE,OG-SYNTH-0.2,A-0.2,build_opus_synthetic_programme_v0_2.py@0.2,20260811,True,fcf10427fc9115d82db754fa0d3bced33f28fa6ab7951565818d90cf584143cd
PRJ-AIR,P03,PRJ-AIR-A06,0.992378,98.0,,0.402218,155.69238,156.094598,-0.0,True,PRJ-AIR-P03-V1,SYNTHETIC_RESEARCH_FIXTURE,OG-SYNTH-0.2,A-0.2,build_opus_synthetic_programme_v0_2.py@0.2,20260811,True,2a43e2b097f2275ad72fe32b97deee480e66d455ec6debbc332d284826d205ce
PRJ-AIR,P03,PRJ-AIR-A07,0.09464,146.3,,36.096712,156.094598,192.19131,50.411439,False,PRJ-AIR-P03-V1,SYNTHETIC_RESEARCH_FIXTURE,OG-SYNTH-0.2,A-0.2,build_opus_synthetic_programme_v0_2.py@0.2,20260811,True,9d788efb2f067eb49da0088fb79e103520659f54ea09785b40e8395577b9abbf
PRJ-AIR,P03,PRJ-AIR-A08,0.10049,146.3,,48.364651,156.094598,204.459249,-0.0,True,PRJ-AIR-P03-V1,SYNTHETIC_RESEARCH_FIXTURE,OG-SYNTH-0.2,A-0.2,build_opus_synthetic_programme_v0_2.py@0.2,20260811,True,15e275ec93ed01a49256af898141d28d181feefed81c0e7038de52bcee7cb070
PRJ-AIR,P03,PRJ-AIR-A09,0.0,,,38.1435,204.459249,242.602749,-0.0,True,PRJ-AIR-P03-V1,SYNTHETIC_RESEARCH_FIXTURE,OG-SYNTH-0.2,A-0.2,build_opus_synthetic_programme_v0_2.py@0.2,20260811,True,2e723b10950df7854b25ce56d8a45be2b219c79a41f5e7ba12865d3cc350b1f6
PRJ-AIR,P03,PRJ-AIR-A10,0.027775,229.6,,47.053479,242.602749,289.656227,-0.0,True,PRJ-AIR-P03-V1,SYNTHETIC_RESEARCH_FIXTURE,OG-SYNTH-0.2,A-0.2,build_opus_synthetic_programme_v0_2.py@0.2,20260811,True,56d6db424a4b3d699ee4d3b0445e679e3a75be38c874d0acb211b388af909d32
PRJ-AIR,P03,PRJ-AIR-A11,0.005345,273.90000000000003,,33.377878,289.656227,323.034106,-0.0,True,PRJ-AIR-P03-V1,SYNTHETIC_RESEARCH_FIXTURE,OG-SYNTH-0.2,A-0.2,build_opus_synthetic_programme_v0_2.py@0.2,20260811,True,d803a29c8beeecf2612d9647cbd6eaf43ca230d485bdcc45633c9c0b8689393f
PRJ-AIR,P03,PRJ-AIR-A12,0.0,,,15.4905,323.034106,338.524606,0.0,True,PRJ-AIR-P03-V1,SYNTHETIC_RESEARCH_FIXTURE,OG-SYNTH-0.2,A-0.2,build_opus_synthetic_programme_v0_2.py@0.2,20260811,True,b56ef7d3cf1201e74528b9b003b2a18c5f9a42e9abefcd2fb21b7053feff04b7
PRJ-AIR,P04,PRJ-AIR-A01,0.909435,0.0,,0.526955,201.0,201.526955,0.0,True,PRJ-AIR-P04-V1,SYNTHETIC_RESEARCH_FIXTURE,OG-SYNTH-0.2,A-0.2,build_opus_synthetic_programme_v0_2.py@0.2,20260811,True,7f4764b20fd61a8490df02ce881f9d604a98e16eeefe278e475f63bc0a88d605
PRJ-AIR,P04,PRJ-AIR-A02,0.980581,5.4,,0.477354,201.526955,202.004309,2.254203,False,PRJ-AIR-P04-V1,SYNTHETIC_RESEARCH_FIXTURE,OG-SYNTH-0.2,A-0.2,build_opus_synthetic_programme_v0_2.py@0.2,20260811,True,048288a340c10e5db27e91653fa30216bf6e6132e0cf3f32f9030555f7a5e7b5
PRJ-AIR,P04,PRJ-AIR-A03,0.934751,5.4,,2.731557,201.526955,204.258512,0.0,True,PRJ-AIR-P04-V1,SYNTHETIC_RESEARCH_FIXTURE,OG-SYNTH-0.2,A-0.2,build_opus_synthetic_programme_v0_2.py@0.2,20260811,True,70992f750d1268834453bbdb83e40de6af303fb71453f4ef4681653a6bd7e9ba
PRJ-AIR,P04,PRJ-AIR-A04,0.969365,43.2,,0.732466,204.258512,204.990977,0.0,True,PRJ-AIR-P04-V1,SYNTHETIC_RESEARCH_FIXTURE,OG-SYNTH-0.2,A-0.2,build_opus_synthetic_programme_v0_2.py@0.2,20260811,True,be4af671747df8afff09e5e1b8cd53da9f6136d54bb4257e78abeef3a82fd883
PRJ-AIR,P04,PRJ-AIR-A05,0.916579,64.5,,3.011194,204.990977,208.002171,0.0,True,PRJ-AIR-P04-V1,SYNTHETIC_RESEARCH_FIXTURE,OG-SYNTH-0.2,A-0.2,build_opus_synthetic_programme_v0_2.py@0.2,20260811,True,a2f12cb9ce35c07b89dfa1e746a6cba5a6fb69a9edf1ccd265d573b804631a46
PRJ-AIR,P04,PRJ-AIR-A06,0.936321,98.0,,3.360188,208.002171,211.362359,0.0,True,PRJ-AIR-P04-V1,SYNTHETIC_RESEARCH_FIXTURE,OG-SYNTH-0.2,A-0.2,build_opus_synthetic_programme_v0_2.py@0.2,20260811,True,4e34bea102966e332a211f9c85edb9b2bc58ed501570f2ba258ced6cafeeb182
PRJ-AIR,P04,PRJ-AIR-A07,0.912313,146.3,,3.496091,211.362359,214.85845,32.378057,False,PRJ-AIR-P04-V1,SYNTHETIC_RESEARCH_FIXTURE,OG-SYNTH-0.2,A-0.2,build_opus_synthetic_programme_v0_2.py@0.2,20260811,True,7dff8199ba7668e4658d0bd368c0f645b2a79a62d1a7ddac32f00d930eb9bd9e
PRJ-AIR,P04,PRJ-AIR-A08,0.923279,146.3,,4.125139,211.362359,215.487498,0.0,True,PRJ-AIR-P04-V1,SYNTHETIC_RESEARCH_FIXTURE,OG-SYNTH-0.2,A-0.2,build_opus_synthetic_programme_v0_2.py@0.2,20260811,True,dfee9838ca90cd016593aac14ba2485efc81a9ce27ad5faf33342c333fb01966
PRJ-AIR,P04,PRJ-AIR-A09,0.167643,194.2,,31.749009,215.487498,247.236507,0.0,True,PRJ-AIR-P04-V1,SYNTHETIC_RESEARCH_FIXTURE,OG-SYNTH-0.2,A-0.2,build_opus_synthetic_programme_v0_2.py@0.2,20260811,True,1f7d1412ffcd914c0ac7e0976eda688790dd861ec484726af39954de150be85f
PRJ-AIR,P04,PRJ-AIR-A10,0.0,,,48.39775,247.236507,295.634257,0.0,True,PRJ-AIR-P04-V1,SYNTHETIC_RESEARCH_FIXTURE,OG-SYNTH-0.2,A-0.2,build_opus_synthetic_programme_v0_2.py@0.2,20260811,True,596f065e903886ec9ae29801f6b089297122807a019ea0b87247f28fdd94acb3
PRJ-AIR,P04,PRJ-AIR-A11,0.0,,,33.55725,295.634257,329.191507,0.0,True,PRJ-AIR-P04-V1,SYNTHETIC_RESEARCH_FIXTURE,OG-SYNTH-0.2,A-0.2,build_opus_synthetic_programme_v0_2.py@0.2,20260811,True,7e9a494b5e418d231c3d53f9d0b0ccca52b5df20a5dee4d541aef35cf486febd
PRJ-AIR,P04,PRJ-AIR-A12,0.019199,304.20000000000005,,15.193099,329.191507,344.384606,0.0,True,PRJ-AIR-P04-V1,SYNTHETIC_RESEARCH_FIXTURE,OG-SYNTH-0.2,A-0.2,build_opus_synthetic_programme_v0_2.py@0.2,20260811,True,ce2e5c033518a528418b7a5e3bf3b32c1149b7f725f1d784cc7abdf82c160e44
PRJ-AIR,P05,PRJ-AIR-A01,0.910407,0.0,,0.521297,251.0,251.521297,-0.0,True,PRJ-AIR-P05-V1,SYNTHETIC_RESEARCH_FIXTURE,OG-SYNTH-0.2,A-0.2,build_opus_synthetic_programme_v0_2.py@0.2,20260811,True,9d600d66f349f449dc7a57bd816503e937fc34609191e9436b05e862679e7cd5
PRJ-AIR,P05,PRJ-AIR-A02,0.932881,5.4,,1.649858,251.521297,253.171156,2.298412,False,PRJ-AIR-P05-V1,SYNTHETIC_RESEARCH_FIXTURE,OG-SYNTH-0.2,A-0.2,build_opus_synthetic_programme_v0_2.py@0.2,20260811,True,3900e51d618da3f55fb72e6121ef536c7f3af9b6fb9270323766bfa7a02b2453
PRJ-AIR,P05,PRJ-AIR-A03,0.905687,5.4,,3.94827,251.521297,255.469567,-0.0,True,PRJ-AIR-P05-V1,SYNTHETIC_RESEARCH_FIXTURE,OG-SYNTH-0.2,A-0.2,build_opus_synthetic_programme_v0_2.py@0.2,20260811,True,474b4b95f894519d5456bd25300302ac8875e64f2d138147507f1fa19bce70f1
PRJ-AIR,P05,PRJ-AIR-A04,0.97041,43.2,,0.707475,255.469567,256.177042,-0.0,True,PRJ-AIR-P05-V1,SYNTHETIC_RESEARCH_FIXTURE,OG-SYNTH-0.2,A-0.2,build_opus_synthetic_programme_v0_2.py@0.2,20260811,True,8114773d4ab66885ecf6129c31ce368be080ba4ea6e8d92870d2f4dfaebacd7a
PRJ-AIR,P05,PRJ-AIR-A05,0.949533,64.5,,1.821671,256.177042,257.998713,-0.0,True,PRJ-AIR-P05-V1,SYNTHETIC_RESEARCH_FIXTURE,OG-SYNTH-0.2,A-0.2,build_opus_synthetic_programme_v0_2.py@0.2,20260811,True,29b368792ead906da60b51a5ca7afe0db41944928e25f401708cd55b0d5cf819
PRJ-AIR,P05,PRJ-AIR-A06,0.954839,98.0,,2.383026,257.998713,260.381739,-0.0,True,PRJ-AIR-P05-V1,SYNTHETIC_RESEARCH_FIXTURE,OG-SYNTH-0.2,A-0.2,build_opus_synthetic_programme_v0_2.py@0.2,20260811,True,079e57583a0cb1b9f130bb48de68bd77780c8edbb30c66085d03fb8f281cce04
PRJ-AIR,P05,PRJ-AIR-A07,0.977266,146.3,,0.906402,260.381739,261.288141,8.019228,False,PRJ-AIR-P05-V1,SYNTHETIC_RESEARCH_FIXTURE,OG-SYNTH-0.2,A-0.2,build_opus_synthetic_programme_v0_2.py@0.2,20260811,True,85455c24801fcc5af3201cdd66480674e9100ec1c0b9618e705b2fbf3957d581
PRJ-AIR,P05,PRJ-AIR-A08,0.882564,146.3,,6.314287,260.381739,266.696026,-0.0,True,PRJ-AIR-P05-V1,SYNTHETIC_RESEARCH_FIXTURE,OG-SYNTH-0.2,A-0.2,build_opus_synthetic_programme_v0_2.py@0.2,20260811,True,1359f63926a09a291d0d53b4a8b448baafff1fd6b1c8e2755d62deb1706c3958
PRJ-AIR,P05,PRJ-AIR-A09,0.931539,194.2,,2.611343,266.696026,269.307369,0.0,True,PRJ-AIR-P05-V1,SYNTHETIC_RESEARCH_FIXTURE,OG-SYNTH-0.2,A-0.2,build_opus_synthetic_programme_v0_2.py@0.2,20260811,True,99166df2ab6e526fa87dba484ebeb5a6dbb7804a569b00a2cae02b88f969250b
PRJ-AIR,P05,PRJ-AIR-A10,0.489821,229.6,,24.691539,269.307369,293.998908,0.0,True,PRJ-AIR-P05-V1,SYNTHETIC_RESEARCH_FIXTURE,OG-SYNTH-0.2,A-0.2,build_opus_synthetic_programme_v0_2.py@0.2,20260811,True,1ec50ce384c5a8bb2780deb1c0568eaf63cf662a21ab485916f0979bc11edf3c
PRJ-AIR,P05,PRJ-AIR-A11,0.0,,,33.55725,293.998908,327.556158,0.0,True,PRJ-AIR-P05-V1,SYNTHETIC_RESEARCH_FIXTURE,OG-SYNTH-0.2,A-0.2,build_opus_synthetic_programme_v0_2.py@0.2,20260811,True,4a1f96247d62e69238d908bb3c4ceb39e54d09e8d6304bf0aebe04aea107dcc7
PRJ-AIR,P05,PRJ-AIR-A12,0.029982,304.20000000000005,,15.026071,327.556158,342.582228,0.0,True,PRJ-AIR-P05-V1,SYNTHETIC_RESEARCH_FIXTURE,OG-SYNTH-0.2,A-0.2,build_opus_synthetic_programme_v0_2.py@0.2,20260811,True,3b986731555fc89463d9fe47ec7b3c9c0963ee324850e124269cc6e14115fcaa
PRJ-AIR,P06,PRJ-AIR-A01,0.94426,0.0,,0.324321,301.0,301.324321,0.0,True,PRJ-AIR-P06-V1,SYNTHETIC_RESEARCH_FIXTURE,OG-SYNTH-0.2,A-0.2,build_opus_synthetic_programme_v0_2.py@0.2,20260811,True,4b496eda0a9bd2a0cbdc8a46af503d2c48e9407742e7254a95e2dc386e245d92
PRJ-AIR,P06,PRJ-AIR-A02,0.915379,5.4,,2.080081,301.324321,303.404402,0.848808,False,PRJ-AIR-P06-V1,SYNTHETIC_RESEARCH_FIXTURE,OG-SYNTH-0.2,A-0.2,build_opus_synthetic_programme_v0_2.py@0.2,20260811,True,81ba4e95b8d289c0a01a26e08aba16610f397ed10bcee02ccbaca6b981590bb1
PRJ-AIR,P06,PRJ-AIR-A03,0.930037,5.4,,2.928889,301.324321,304.25321,0.0,True,PRJ-AIR-P06-V1,SYNTHETIC_RESEARCH_FIXTURE,OG-SYNTH-0.2,A-0.2,build_opus_synthetic_programme_v0_2.py@0.2,20260811,True,9d70414bd97e090f2c170ca3065e33702f20222468840349bf9f0d803127a44e
PRJ-AIR,P06,PRJ-AIR-A04,0.907325,43.2,,2.215798,304.25321,306.469008,0.0,True,PRJ-AIR-P06-V1,SYNTHETIC_RESEARCH_FIXTURE,OG-SYNTH-0.2,A-0.2,build_opus_synthetic_programme_v0_2.py@0.2,20260811,True,1bb816365dc1cb36e1e02c8b98ab255cea5682516e864d9c44c9e126d046e2ca
PRJ-AIR,P06,PRJ-AIR-A05,0.934064,64.5,,2.380045,306.469008,308.849054,0.0,True,PRJ-AIR-P06-V1,SYNTHETIC_RESEARCH_FIXTURE,OG-SYNTH-0.2,A-0.2,build_opus_synthetic_programme_v0_2.py@0.2,20260811,True,66d649bb3324169a73d271706126e31836d96214deb910ac063266d4bd268f18
PRJ-AIR,P06,PRJ-AIR-A06,0.864291,98.0,,7.161068,308.849054,316.010121,0.0,True,PRJ-AIR-P06-V1,SYNTHETIC_RESEARCH_FIXTURE,OG-SYNTH-0.2,A-0.2,build_opus_synthetic_programme_v0_2.py@0.2,20260811,True,82601569e92811bee4f11f8c2fa84d8172d05e17f5329c2a8b3e01262cce5c6a
PRJ-AIR,P06,PRJ-AIR-A07,0.88726,146.3,,4.494947,316.010121,320.505069,3.030669,False,PRJ-AIR-P06-V1,SYNTHETIC_RESEARCH_FIXTURE,OG-SYNTH-0.2,A-0.2,build_opus_synthetic_programme_v0_2.py@0.2,20260811,True,608574407932c9b548ddcd5f51f0b1c2ead0ab79b015922322d6f47075da9d31
PRJ-AIR,P06,PRJ-AIR-A08,0.892076,146.3,,5.802816,316.010121,321.812937,0.0,True,PRJ-AIR-P06-V1,SYNTHETIC_RESEARCH_FIXTURE,OG-SYNTH-0.2,A-0.2,build_opus_synthetic_programme_v0_2.py@0.2,20260811,True,8b997aabaa696ad7acdc5a5441e0f5ba55272e2444b37b09c381720121662f86
PRJ-AIR,P06,PRJ-AIR-A09,0.954834,194.2,,1.722801,321.812937,323.535738,0.0,True,PRJ-AIR-P06-V1,SYNTHETIC_RESEARCH_FIXTURE,OG-SYNTH-0.2,A-0.2,build_opus_synthetic_programme_v0_2.py@0.2,20260811,True,5cd0b5a5e99f96b95b664ff5dae9b5a2bb18891638fe8cdf8d45536e9afc2e1a
PRJ-AIR,P06,PRJ-AIR-A10,0.896061,229.6,,5.030393,323.535738,328.566131,0.0,True,PRJ-AIR-P06-V1,SYNTHETIC_RESEARCH_FIXTURE,OG-SYNTH-0.2,A-0.2,build_opus_synthetic_programme_v0_2.py@0.2,20260811,True,8ebb523a676b12c12b0a269053542fc4d411760f02de915499f4849ab7c0eaa6
PRJ-AIR,P06,PRJ-AIR-A11,0.824948,273.90000000000003,,5.874254,328.566131,334.440385,0.0,True,PRJ-AIR-P06-V1,SYNTHETIC_RESEARCH_FIXTURE,OG-SYNTH-0.2,A-0.2,build_opus_synthetic_programme_v0_2.py@0.2,20260811,True,8eca6d527e05046a51f764759014a5b2bc83725b8ed1c4890e37dc5064916e71
PRJ-AIR,P06,PRJ-AIR-A12,0.008442,304.20000000000005,,15.35973,334.440385,349.800115,0.0,True,PRJ-AIR-P06-V1,SYNTHETIC_RESEARCH_FIXTURE,OG-SYNTH-0.2,A-0.2,build_opus_synthetic_programme_v0_2.py@0.2,20260811,True,40248cfbb7fcc517e7ccd53127f379580edf4714aff77b5e6d02a599de5dfd6e
PRJ-HWY,P01,PRJ-HWY-A01,0.983194,0.0,,0.10602,44.0,44.10602,-0.0,True,PRJ-HWY-P01-V1,SYNTHETIC_RESEARCH_FIXTURE,OG-SYNTH-0.2,A-0.2,build_opus_synthetic_programme_v0_2.py@0.2,20260811,True,b1875b6b9d74f91fcf5f9f4da3fc5658ea6837331134276d8e36de9a66638e5b
PRJ-HWY,P01,PRJ-HWY-A02,0.961122,6.2,,0.875093,44.10602,44.981113,-0.0,True,PRJ-HWY-P01-V1,SYNTHETIC_RESEARCH_FIXTURE,OG-SYNTH-0.2,A-0.2,build_opus_synthetic_programme_v0_2.py@0.2,20260811,True,98d282e38e8454656f2fb63444e64cecf2e12d4ffc4a41ae907295271bceeef0
PRJ-HWY,P01,PRJ-HWY-A03,0.983038,6.2,,0.554336,44.10602,44.660356,0.320757,False,PRJ-HWY-P01-V1,SYNTHETIC_RESEARCH_FIXTURE,OG-SYNTH-0.2,A-0.2,build_opus_synthetic_programme_v0_2.py@0.2,20260811,True,87e15ac80ce80bc17e20c858354f17a22c1c490b222052d723b17a188c960705
PRJ-HWY,P01,PRJ-HWY-A04,0.314866,37.4,,15.65103,44.981113,60.632143,-0.0,True,PRJ-HWY-P01-V1,SYNTHETIC_RESEARCH_FIXTURE,OG-SYNTH-0.2,A-0.2,build_opus_synthetic_programme_v0_2.py@0.2,20260811,True,37fa195cf3adee59c765d131c45565d232c34bd76943484066e5e4e046cea450
PRJ-HWY,P01,PRJ-HWY-A05,0.01751,58.9,,27.391332,60.632143,88.023475,-0.0,True,PRJ-HWY-P01-V1,SYNTHETIC_RESEARCH_FIXTURE,OG-SYNTH-0.2,A-0.2,build_opus_synthetic_programme_v0_2.py@0.2,20260811,True,fd9b1bc7be4f63857c9413a9877b15f3b0ae3fdad976efec924e69150c76f180
PRJ-HWY,P01,PRJ-HWY-A06,0.010211,86.3,,45.170503,88.023475,133.193979,-0.0,True,PRJ-HWY-P01-V1,SYNTHETIC_RESEARCH_FIXTURE,OG-SYNTH-0.2,A-0.2,build_opus_synthetic_programme_v0_2.py@0.2,20260811,True,7c68a6ae30227986bc870d4617bddf035b79823df18fd5927ed8eb9a4f5b3ef5
PRJ-HWY,P01,PRJ-HWY-A07,0.0,,,34.25325,133.193979,167.447229,46.33,False,PRJ-HWY-P01-V1,SYNTHETIC_RESEARCH_FIXTURE,OG-SYNTH-0.2,A-0.2,build_opus_synthetic_programme_v0_2.py@0.2,20260811,True,d99622484a3785912022ffadf22ebf1906e5c5e556b3e64c3dcddebc0906b587
PRJ-HWY,P01,PRJ-HWY-A08,0.0,,,45.58125,133.193979,178.775229,-0.0,True,PRJ-HWY-P01-V1,SYNTHETIC_RESEARCH_FIXTURE,OG-SYNTH-0.2,A-0.2,build_opus_synthetic_programme_v0_2.py@0.2,20260811,True,70bdcfca5744645b4e40ba8f15f237ed6c981b93cdc5c7b9bcdb673f9f1a63aa
PRJ-HWY,P01,PRJ-HWY-A09,0.0,,,35.002,178.775229,213.777229,0.0,True,PRJ-HWY-P01-V1,SYNTHETIC_RESEARCH_FIXTURE,OG-SYNTH-0.2,A-0.2,build_opus_synthetic_programme_v0_2.py@0.2,20260811,True,2bc763a2c26062df24a8a7c1f536eaec979b82d63589fecf5f3fc8fb87a865f0
PRJ-HWY,P01,PRJ-HWY-A10,0.025559,207.8,,35.918155,213.777229,249.695384,0.0,True,PRJ-HWY-P01-V1,SYNTHETIC_RESEARCH_FIXTURE,OG-SYNTH-0.2,A-0.2,build_opus_synthetic_programme_v0_2.py@0.2,20260811,True,901b6b9402598e0fe03617b7203fb536eb7275a40ee8f3b07d05a2272a878e42
PRJ-HWY,P01,PRJ-HWY-A11,0.003067,243.5,,23.600887,249.695384,273.296272,0.0,True,PRJ-HWY-P01-V1,SYNTHETIC_RESEARCH_FIXTURE,OG-SYNTH-0.2,A-0.2,build_opus_synthetic_programme_v0_2.py@0.2,20260811,True,ee5040536d17980a9cf7d67fde82c53c8c59a1671ba847595ece65674deace6e
PRJ-HWY,P01,PRJ-HWY-A12,0.006952,266.1,,13.188915,273.296272,286.485187,0.0,True,PRJ-HWY-P01-V1,SYNTHETIC_RESEARCH_FIXTURE,OG-SYNTH-0.2,A-0.2,build_opus_synthetic_programme_v0_2.py@0.2,20260811,True,478b17f69879165671c7f09d921f5fe40748d2988bbee9fae234608a5ced2db0
PRJ-HWY,P02,PRJ-HWY-A01,1.0,0.0,6.2,0.0,88.0,88.0,0.0,True,PRJ-HWY-P02-V1,SYNTHETIC_RESEARCH_FIXTURE,OG-SYNTH-0.2,A-0.2,build_opus_synthetic_programme_v0_2.py@0.2,20260811,True,c27f5e89ca06553412788c08f6b1367444d6f01a2b98ec69d72c3ba255069f32
PRJ-HWY,P02,PRJ-HWY-A02,1.0,6.2,28.0,0.0,88.0,88.0,1.47281,False,PRJ-HWY-P02-V1,SYNTHETIC_RESEARCH_FIXTURE,OG-SYNTH-0.2,A-0.2,build_opus_synthetic_programme_v0_2.py@0.2,20260811,True,5f1296e99f35cc3e206ad4f242f29cfe9d649ccb7364d9003563d6a030b73eb3
PRJ-HWY,P02,PRJ-HWY-A03,0.954935,6.2,,1.47281,88.0,89.47281,0.0,True,PRJ-HWY-P02-V1,SYNTHETIC_RESEARCH_FIXTURE,OG-SYNTH-0.2,A-0.2,build_opus_synthetic_programme_v0_2.py@0.2,20260811,True,b364fd5a3d33b02dade2874245c638253cb23f25d77033af312d01df8119a6b3
PRJ-HWY,P02,PRJ-HWY-A04,1.0,37.4,58.9,0.0,89.47281,89.47281,0.0,True,PRJ-HWY-P02-V1,SYNTHETIC_RESEARCH_FIXTURE,OG-SYNTH-0.2,A-0.2,build_opus_synthetic_programme_v0_2.py@0.2,20260811,True,24a8376a69a7f5d78bdde3dd02c267642d4405bf45afb65d3f0f1e4636c22cd2
PRJ-HWY,P02,PRJ-HWY-A05,0.945694,58.9,,1.514036,89.47281,90.986846,0.0,True,PRJ-HWY-P02-V1,SYNTHETIC_RESEARCH_FIXTURE,OG-SYNTH-0.2,A-0.2,build_opus_synthetic_programme_v0_2.py@0.2,20260811,True,2ed10dfad00e92b471066810954dbe6db3a7590fe8ed6e744fb4f0e2dc95bc7a
PRJ-HWY,P02,PRJ-HWY-A06,0.0,,,45.6365,90.986846,136.623346,0.0,True,PRJ-HWY-P02-V1,SYNTHETIC_RESEARCH_FIXTURE,OG-SYNTH-0.2,A-0.2,build_opus_synthetic_programme_v0_2.py@0.2,20260811,True,c8c1012a35db885ce936d920c1807db272f2a2b518d7a4593e03a5b707c16d26
PRJ-HWY,P02,PRJ-HWY-A07,0.0,,,34.25325,136.623346,170.876596,46.174295,False,PRJ-HWY-P02-V1,SYNTHETIC_RESEARCH_FIXTURE,OG-SYNTH-0.2,A-0.2,build_opus_synthetic_programme_v0_2.py@0.2,20260811,True,9f635ec9e051cfd3e6af711682a791c04b02ecbd620b48e6481dbe197d83bd72
PRJ-HWY,P02,PRJ-HWY-A08,0.0,,,45.58125,136.623346,182.204596,0.0,True,PRJ-HWY-P02-V1,SYNTHETIC_RESEARCH_FIXTURE,OG-SYNTH-0.2,A-0.2,build_opus_synthetic_programme_v0_2.py@0.2,20260811,True,ceb46fcd545e5810c99d04ba4b8626c386eb202a015eebc04e57569dc1a89f6b
PRJ-HWY,P02,PRJ-HWY-A09,0.004448,173.4,,34.846295,182.204596,217.050892,0.0,True,PRJ-HWY-P02-V1,SYNTHETIC_RESEARCH_FIXTURE,OG-SYNTH-0.2,A-0.2,build_opus_synthetic_programme_v0_2.py@0.2,20260811,True,728311c5afc71fac504064551243364c7f0998f73a46dfb3c3b218f99e7b5b6b
PRJ-HWY,P02,PRJ-HWY-A10,0.021414,207.8,,36.070942,217.050892,253.121834,0.0,True,PRJ-HWY-P02-V1,SYNTHETIC_RESEARCH_FIXTURE,OG-SYNTH-0.2,A-0.2,build_opus_synthetic_programme_v0_2.py@0.2,20260811,True,712f3f8161620f16b1841039af600441d61f9044006069ef4105b2f0baec9873
PRJ-HWY,P02,PRJ-HWY-A11,0.013226,243.5,,23.360401,253.121834,276.482235,0.0,True,PRJ-HWY-P02-V1,SYNTHETIC_RESEARCH_FIXTURE,OG-SYNTH-0.2,A-0.2,build_opus_synthetic_programme_v0_2.py@0.2,20260811,True,8c847b7c2f42126b9ade8e2b2d9c963711af78bf6ad3169e92ba1127de445af5
PRJ-HWY,P02,PRJ-HWY-A12,0.03647,266.1,,12.796879,276.482235,289.279115,0.0,True,PRJ-HWY-P02-V1,SYNTHETIC_RESEARCH_FIXTURE,OG-SYNTH-0.2,A-0.2,build_opus_synthetic_programme_v0_2.py@0.2,20260811,True,b41ff894afd5323113c49379269f16a7c9f7fcb2812802544d52c687857250a6
PRJ-HWY,P03,PRJ-HWY-A01,1.0,0.0,6.2,0.0,132.0,132.0,-0.0,True,PRJ-HWY-P03-V1,SYNTHETIC_RESEARCH_FIXTURE,OG-SYNTH-0.2,A-0.2,build_opus_synthetic_programme_v0_2.py@0.2,20260811,True,22b931375b4aaa4175400780a0192bcf3c05ccdc0ac266ebae4124abcb76157d
PRJ-HWY,P03,PRJ-HWY-A02,1.0,6.2,28.0,0.0,132.0,132.0,0.793767,False,PRJ-HWY-P03-V1,SYNTHETIC_RESEARCH_FIXTURE,OG-SYNTH-0.2,A-0.2,build_opus_synthetic_programme_v0_2.py@0.2,20260811,True,77ac11b309e546ae9ae93e8b37297f6ae2bccfa9d05f0e3aeac29810cbe650eb
PRJ-HWY,P03,PRJ-HWY-A03,0.975712,6.2,,0.793767,132.0,132.793767,-0.0,True,PRJ-HWY-P03-V1,SYNTHETIC_RESEARCH_FIXTURE,OG-SYNTH-0.2,A-0.2,build_opus_synthetic_programme_v0_2.py@0.2,20260811,True,f5e96fd4ad41216f18115925ad87c3af2411e75612349c4a0a68c34758c4db31
PRJ-HWY,P03,PRJ-HWY-A04,1.0,37.4,58.9,0.0,132.793767,132.793767,-0.0,True,PRJ-HWY-P03-V1,SYNTHETIC_RESEARCH_FIXTURE,OG-SYNTH-0.2,A-0.2,build_opus_synthetic_programme_v0_2.py@0.2,20260811,True,65fc116f896877dbcf59ef6f8f96390a62de0f9f4e1e6be8814992567f9ab7f3
PRJ-HWY,P03,PRJ-HWY-A05,0.977431,58.9,,0.629219,132.793767,133.422986,-0.0,True,PRJ-HWY-P03-V1,SYNTHETIC_RESEARCH_FIXTURE,OG-SYNTH-0.2,A-0.2,build_opus_synthetic_programme_v0_2.py@0.2,20260811,True,64f22625c31d612340e3337bca9c950d97545f2bc4ea06d244e6953642673177
PRJ-HWY,P03,PRJ-HWY-A06,1.0,86.3,130.5,0.0,133.422986,133.422986,-0.0,True,PRJ-HWY-P03-V1,SYNTHETIC_RESEARCH_FIXTURE,OG-SYNTH-0.2,A-0.2,build_opus_synthetic_programme_v0_2.py@0.2,20260811,True,03327417fa122886188929cb24d97398b7bf179b0100d33a610b10334acfb29d
PRJ-HWY,P03,PRJ-HWY-A07,0.056959,130.5,,32.302232,133.422986,165.725218,47.933556,False,PRJ-HWY-P03-V1,SYNTHETIC_RESEARCH_FIXTURE,OG-SYNTH-0.2,A-0.2,build_opus_synthetic_programme_v0_2.py@0.2,20260811,True,206f68844eb96e861d8a525cd465eccaae66da56f51aa58f8ac36fed7a3d49ac
PRJ-HWY,P03,PRJ-HWY-A08,0.005609,130.5,,45.325574,133.422986,178.74856,-0.0,True,PRJ-HWY-P03-V1,SYNTHETIC_RESEARCH_FIXTURE,OG-SYNTH-0.2,A-0.2,build_opus_synthetic_programme_v0_2.py@0.2,20260811,True,598c5c9f75bdc10df7785867a0c22d52e3c166a4d69fb61a69189bfcef8562f1
PRJ-HWY,P03,PRJ-HWY-A09,0.002622,173.4,,34.910214,178.74856,213.658774,-0.0,True,PRJ-HWY-P03-V1,SYNTHETIC_RESEARCH_FIXTURE,OG-SYNTH-0.2,A-0.2,build_opus_synthetic_programme_v0_2.py@0.2,20260811,True,acc97be28beff0e048190fdcc8c13f7a2eec89303bd796f52d1f91030de35b88
PRJ-HWY,P03,PRJ-HWY-A10,0.0,,,36.86025,213.658774,250.519024,0.0,True,PRJ-HWY-P03-V1,SYNTHETIC_RESEARCH_FIXTURE,OG-SYNTH-0.2,A-0.2,build_opus_synthetic_programme_v0_2.py@0.2,20260811,True,d7117e4b1614a9080cdc05340d3e9806f19d53a637c15c1d3d8c589aed2b977c
PRJ-HWY,P03,PRJ-HWY-A11,0.0,,,23.6735,250.519024,274.192524,-0.0,True,PRJ-HWY-P03-V1,SYNTHETIC_RESEARCH_FIXTURE,OG-SYNTH-0.2,A-0.2,build_opus_synthetic_programme_v0_2.py@0.2,20260811,True,87e251fd80cb7d301fc90d4b250ace9e7c3a919f976529bd4ea4e4be8d43af9e
PRJ-HWY,P03,PRJ-HWY-A12,0.0,,,13.28125,274.192524,287.473774,0.0,True,PRJ-HWY-P03-V1,SYNTHETIC_RESEARCH_FIXTURE,OG-SYNTH-0.2,A-0.2,build_opus_synthetic_programme_v0_2.py@0.2,20260811,True,e3a1827b2b65fd4b0b41f2e131f140c0131901ab0c32a5a55e3120a4c55e2018
PRJ-HWY,P04,PRJ-HWY-A01,0.952458,0.0,,0.299921,175.0,175.299921,0.0,True,PRJ-HWY-P04-V1,SYNTHETIC_RESEARCH_FIXTURE,OG-SYNTH-0.2,A-0.2,build_opus_synthetic_programme_v0_2.py@0.2,20260811,True,a1a8694eeca17832cc8806b637fc54ba768a3e762bbdc1f3a9eefe71779e828c
PRJ-HWY,P04,PRJ-HWY-A02,0.955305,6.2,,1.006026,175.299921,176.305947,0.413688,False,PRJ-HWY-P04-V1,SYNTHETIC_RESEARCH_FIXTURE,OG-SYNTH-0.2,A-0.2,build_opus_synthetic_programme_v0_2.py@0.2,20260811,True,4eb69fc5eee2930a2c0f32a006adbb48a835d7eab6397f898288eac2733cf7fe
PRJ-HWY,P04,PRJ-HWY-A03,0.95656,6.2,,1.419713,175.299921,176.719635,0.0,True,PRJ-HWY-P04-V1,SYNTHETIC_RESEARCH_FIXTURE,OG-SYNTH-0.2,A-0.2,build_opus_synthetic_programme_v0_2.py@0.2,20260811,True,853598936f85b27812d34067a0ff915b031d9b02d7e87139daf586b5dffd256a
PRJ-HWY,P04,PRJ-HWY-A04,1.0,37.4,58.9,0.0,176.719635,176.719635,0.0,True,PRJ-HWY-P04-V1,SYNTHETIC_RESEARCH_FIXTURE,OG-SYNTH-0.2,A-0.2,build_opus_synthetic_programme_v0_2.py@0.2,20260811,True,aafc8d1b626bac4482d48d3270fb94f1bb48101a1bad4200d6929478634ab537
PRJ-HWY,P04,PRJ-HWY-A05,0.948803,58.9,,1.427342,176.719635,178.146977,0.0,True,PRJ-HWY-P04-V1,SYNTHETIC_RESEARCH_FIXTURE,OG-SYNTH-0.2,A-0.2,build_opus_synthetic_programme_v0_2.py@0.2,20260811,True,7d4d7b377ed22235783c48b562228956fae3491c499a2f5e6f7750ac59af9100
PRJ-HWY,P04,PRJ-HWY-A06,0.969707,86.3,,1.382469,178.146977,179.529446,0.0,True,PRJ-HWY-P04-V1,SYNTHETIC_RESEARCH_FIXTURE,OG-SYNTH-0.2,A-0.2,build_opus_synthetic_programme_v0_2.py@0.2,20260811,True,7877137c46138d97a1da00f0fcf1e6df4bdec592ed702e2fa088d793b4ce0cb8
PRJ-HWY,P04,PRJ-HWY-A07,1.0,130.5,163.2,0.0,179.529446,179.529446,35.848401,False,PRJ-HWY-P04-V1,SYNTHETIC_RESEARCH_FIXTURE,OG-SYNTH-0.2,A-0.2,build_opus_synthetic_programme_v0_2.py@0.2,20260811,True,fb628870b8386e172f4599a1208034472f42b5e773022c97d4f6e2100f0b2e71
PRJ-HWY,P04,PRJ-HWY-A08,0.981431,130.5,,0.846401,179.529446,180.375847,0.0,True,PRJ-HWY-P04-V1,SYNTHETIC_RESEARCH_FIXTURE,OG-SYNTH-0.2,A-0.2,build_opus_synthetic_programme_v0_2.py@0.2,20260811,True,391b22387719fed07e0312d0649d8c33a1856f0232227243cd8789b14812f5c9
PRJ-HWY,P04,PRJ-HWY-A09,0.0,,,35.002,180.375847,215.377847,0.0,True,PRJ-HWY-P04-V1,SYNTHETIC_RESEARCH_FIXTURE,OG-SYNTH-0.2,A-0.2,build_opus_synthetic_programme_v0_2.py@0.2,20260811,True,a296970760afeaeb833091b3f7f4b4410cce177b1352c3427791b455d3472967
PRJ-HWY,P04,PRJ-HWY-A10,0.011087,207.8,,36.451572,215.377847,251.829419,0.0,True,PRJ-HWY-P04-V1,SYNTHETIC_RESEARCH_FIXTURE,OG-SYNTH-0.2,A-0.2,build_opus_synthetic_programme_v0_2.py@0.2,20260811,True,321cac3d8149ec0271789f7850dd9fbcf540fc2124983dbc20cb3ffc3e08f1ea
PRJ-HWY,P04,PRJ-HWY-A11,0.012455,243.5,,23.378648,251.829419,275.208068,0.0,True,PRJ-HWY-P04-V1,SYNTHETIC_RESEARCH_FIXTURE,OG-SYNTH-0.2,A-0.2,build_opus_synthetic_programme_v0_2.py@0.2,20260811,True,34d28900f481c766b2ac16a40eb28894ad19a2adf4473345c9f8d3ff64300b2f
PRJ-HWY,P04,PRJ-HWY-A12,0.00882,266.1,,13.164114,275.208068,288.372182,0.0,True,PRJ-HWY-P04-V1,SYNTHETIC_RESEARCH_FIXTURE,OG-SYNTH-0.2,A-0.2,build_opus_synthetic_programme_v0_2.py@0.2,20260811,True,fcd52168778710b81afa9e3e215c42018dea3e70d08f43280efd965aef2eeb1f
PRJ-HWY,P05,PRJ-HWY-A01,0.956934,0.0,,0.271682,219.0,219.271682,-0.0,True,PRJ-HWY-P05-V1,SYNTHETIC_RESEARCH_FIXTURE,OG-SYNTH-0.2,A-0.2,build_opus_synthetic_programme_v0_2.py@0.2,20260811,True,80f8e334b30f0c68535fc148b66d3a841508fa8b63b7406d6f080c72bf693673
PRJ-HWY,P05,PRJ-HWY-A02,0.97175,6.2,,0.63587,219.271682,219.907552,0.317157,False,PRJ-HWY-P05-V1,SYNTHETIC_RESEARCH_FIXTURE,OG-SYNTH-0.2,A-0.2,build_opus_synthetic_programme_v0_2.py@0.2,20260811,True,cd45a3928efa2e22cd52c6ad58bd45c8c8145fdb90956d7a84d7625d31eee4c6
PRJ-HWY,P05,PRJ-HWY-A03,0.970839,6.2,,0.953027,219.271682,220.224709,-0.0,True,PRJ-HWY-P05-V1,SYNTHETIC_RESEARCH_FIXTURE,OG-SYNTH-0.2,A-0.2,build_opus_synthetic_programme_v0_2.py@0.2,20260811,True,01a7d1f9e4e94284f26cc9d077b0221ab19815a2ff5cb012513d6961d3639021
PRJ-HWY,P05,PRJ-HWY-A04,0.972283,37.4,,0.633158,220.224709,220.857867,-0.0,True,PRJ-HWY-P05-V1,SYNTHETIC_RESEARCH_FIXTURE,OG-SYNTH-0.2,A-0.2,build_opus_synthetic_programme_v0_2.py@0.2,20260811,True,e2a9b3bf2f8e467cb7ad5f3f59fe986eaedc3df2b719cb9296d530936b92c9ab
PRJ-HWY,P05,PRJ-HWY-A05,0.967816,58.9,,0.897269,220.857867,221.755137,-0.0,True,PRJ-HWY-P05-V1,SYNTHETIC_RESEARCH_FIXTURE,OG-SYNTH-0.2,A-0.2,build_opus_synthetic_programme_v0_2.py@0.2,20260811,True,be7ffb2d2bd2f619b97b074d5f37406aa19658491bc5bb483475f999b16f12ec
PRJ-HWY,P05,PRJ-HWY-A06,0.965563,86.3,,1.571573,221.755137,223.32671,-0.0,True,PRJ-HWY-P05-V1,SYNTHETIC_RESEARCH_FIXTURE,OG-SYNTH-0.2,A-0.2,build_opus_synthetic_programme_v0_2.py@0.2,20260811,True,e58f5e9b4450e58e8aa8bb394facc2901474fa1fbdfaada93b9bd75c958b6660
PRJ-HWY,P05,PRJ-HWY-A07,0.95689,130.5,,1.476668,223.32671,224.803378,-0.0,True,PRJ-HWY-P05-V1,SYNTHETIC_RESEARCH_FIXTURE,OG-SYNTH-0.2,A-0.2,build_opus_synthetic_programme_v0_2.py@0.2,20260811,True,f48744eb377d4f4327aede66a042a39347b75fcc966879efb57118f82092587a
PRJ-HWY,P05,PRJ-HWY-A08,0.993418,130.5,,0.300003,223.32671,223.626713,1.058053,False,PRJ-HWY-P05-V1,SYNTHETIC_RESEARCH_FIXTURE,OG-SYNTH-0.2,A-0.2,build_opus_synthetic_programme_v0_2.py@0.2,20260811,True,0dbc3c4160fc1cfccbe72cc009ab967e52a0be3c73512b5474258b702eefc66f
PRJ-HWY,P05,PRJ-HWY-A09,0.996611,173.4,,0.118613,223.626713,223.745325,1.058053,False,PRJ-HWY-P05-V1,SYNTHETIC_RESEARCH_FIXTURE,OG-SYNTH-0.2,A-0.2,build_opus_synthetic_programme_v0_2.py@0.2,20260811,True,8c221d014aecd54e5cb6c11a5a9b9e2a2cebf77f001943a19f1f088766c2b696
PRJ-HWY,P05,PRJ-HWY-A10,0.324579,207.8,,24.896177,224.803378,249.699555,-0.0,True,PRJ-HWY-P05-V1,SYNTHETIC_RESEARCH_FIXTURE,OG-SYNTH-0.2,A-0.2,build_opus_synthetic_programme_v0_2.py@0.2,20260811,True,d06293a21b69b661dbb1f85b896fc4b6060ee0935ce3f75e9d29d8bc32bfa558
PRJ-HWY,P05,PRJ-HWY-A11,0.020545,243.5,,23.187125,249.699555,272.886679,-0.0,True,PRJ-HWY-P05-V1,SYNTHETIC_RESEARCH_FIXTURE,OG-SYNTH-0.2,A-0.2,build_opus_synthetic_programme_v0_2.py@0.2,20260811,True,0e9b63dd8b143bf0c75ffcf7c7b5e6b5d8392f2d6c08647a39336fc635c89e6f
PRJ-HWY,P05,PRJ-HWY-A12,0.0,,,13.28125,272.886679,286.167929,0.0,True,PRJ-HWY-P05-V1,SYNTHETIC_RESEARCH_FIXTURE,OG-SYNTH-0.2,A-0.2,build_opus_synthetic_programme_v0_2.py@0.2,20260811,True,14c19316a9ec1a1db1d4d1d222abd9d8c5157bc1bbfd5dde38caadf7d706d7ab
PRJ-HWY,P06,PRJ-HWY-A01,0.957438,0.0,,0.268501,263.0,263.268501,-0.0,True,PRJ-HWY-P06-V1,SYNTHETIC_RESEARCH_FIXTURE,OG-SYNTH-0.2,A-0.2,build_opus_synthetic_programme_v0_2.py@0.2,20260811,True,3ef0d6649bc5742c8ce6258e0e6801ba5466c80ea5c399f0fe944ed1bc1d050e
PRJ-HWY,P06,PRJ-HWY-A02,0.950571,6.2,,1.112582,263.268501,264.381083,1.090285,False,PRJ-HWY-P06-V1,SYNTHETIC_RESEARCH_FIXTURE,OG-SYNTH-0.2,A-0.2,build_opus_synthetic_programme_v0_2.py@0.2,20260811,True,161a7a4283095a280724842528b541e85dfd46e0faa603a5f0fce1d484be4ac1
PRJ-HWY,P06,PRJ-HWY-A03,0.932597,6.2,,2.202867,263.268501,265.471368,-0.0,True,PRJ-HWY-P06-V1,SYNTHETIC_RESEARCH_FIXTURE,OG-SYNTH-0.2,A-0.2,build_opus_synthetic_programme_v0_2.py@0.2,20260811,True,c4f3c062bb6d738a16acd2882d848bedc3d334f6efc412a9ddd53b24158f8100
PRJ-HWY,P06,PRJ-HWY-A04,0.947413,37.4,,1.201281,265.471368,266.672649,-0.0,True,PRJ-HWY-P06-V1,SYNTHETIC_RESEARCH_FIXTURE,OG-SYNTH-0.2,A-0.2,build_opus_synthetic_programme_v0_2.py@0.2,20260811,True,4f365da36a12953291520d96453b84c495f6dcad75a1ca18645b4515855f67fb
PRJ-HWY,P06,PRJ-HWY-A05,0.929198,58.9,,1.973912,266.672649,268.646561,-0.0,True,PRJ-HWY-P06-V1,SYNTHETIC_RESEARCH_FIXTURE,OG-SYNTH-0.2,A-0.2,build_opus_synthetic_programme_v0_2.py@0.2,20260811,True,e434194f7d6b5b757cefeb1c7697a9cbc4582d8a647ee742055cae04534634d3
PRJ-HWY,P06,PRJ-HWY-A06,0.930522,86.3,,3.170726,268.646561,271.817287,-0.0,True,PRJ-HWY-P06-V1,SYNTHETIC_RESEARCH_FIXTURE,OG-SYNTH-0.2,A-0.2,build_opus_synthetic_programme_v0_2.py@0.2,20260811,True,4fc81f72fd1e991070fc3643172de24f66e212d39d3e2f5bc0a8766c60211686
PRJ-HWY,P06,PRJ-HWY-A07,0.968947,130.5,,1.06367,271.817287,272.880957,1.274403,False,PRJ-HWY-P06-V1,SYNTHETIC_RESEARCH_FIXTURE,OG-SYNTH-0.2,A-0.2,build_opus_synthetic_programme_v0_2.py@0.2,20260811,True,7b81e1d17f6366093596deae91f3a4d53a848a878fbb2713c24984aeb08fa086
PRJ-HWY,P06,PRJ-HWY-A08,0.971487,130.5,,1.299662,271.817287,273.116949,-0.0,True,PRJ-HWY-P06-V1,SYNTHETIC_RESEARCH_FIXTURE,OG-SYNTH-0.2,A-0.2,build_opus_synthetic_programme_v0_2.py@0.2,20260811,True,2e24695c9029ed893bcefef2f4b5dda8972b9cc454e1ad13002b248d0d7f5e41
PRJ-HWY,P06,PRJ-HWY-A09,0.970333,173.4,,1.038411,273.116949,274.15536,-0.0,True,PRJ-HWY-P06-V1,SYNTHETIC_RESEARCH_FIXTURE,OG-SYNTH-0.2,A-0.2,build_opus_synthetic_programme_v0_2.py@0.2,20260811,True,21e694593db2af0b4c9b2b56bf1662216d50264e36663e8bd3ab5446b2d10d14
PRJ-HWY,P06,PRJ-HWY-A10,0.980287,207.8,,0.726621,274.15536,274.88198,-0.0,True,PRJ-HWY-P06-V1,SYNTHETIC_RESEARCH_FIXTURE,OG-SYNTH-0.2,A-0.2,build_opus_synthetic_programme_v0_2.py@0.2,20260811,True,eba173193e21c26d1fcf5bbd12205aed65d6947d78bf7af361c5c55c86321f41
PRJ-HWY,P06,PRJ-HWY-A11,0.822156,243.5,,4.210185,274.88198,279.092166,-0.0,True,PRJ-HWY-P06-V1,SYNTHETIC_RESEARCH_FIXTURE,OG-SYNTH-0.2,A-0.2,build_opus_synthetic_programme_v0_2.py@0.2,20260811,True,61e757ce36ee4e373ebaa27ad7a91068148f5bdea1ffe4af16ac734e056bb274
PRJ-HWY,P06,PRJ-HWY-A12,0.017265,266.1,,13.051955,279.092166,292.14412,-0.0,True,PRJ-HWY-P06-V1,SYNTHETIC_RESEARCH_FIXTURE,OG-SYNTH-0.2,A-0.2,build_opus_synthetic_programme_v0_2.py@0.2,20260811,True,eb78f570be0bbfbf6a1b2e9125508d830d8dd0a6cad403d9b64a038e2ab294da
PRJ-HSP,P01,PRJ-HSP-A01,0.995582,0.0,,0.032784,49.0,49.032784,-0.0,True,PRJ-HSP-P01-V1,SYNTHETIC_RESEARCH_FIXTURE,OG-SYNTH-0.2,A-0.2,build_opus_synthetic_programme_v0_2.py@0.2,20260811,True,d580e7ceddd2fd86b167093e50f792a5ddcf4b035e3c69c267f541ce1f5519da
PRJ-HSP,P01,PRJ-HSP-A02,0.990425,6.7,,0.208514,49.032784,49.241298,1.816748,False,PRJ-HSP-P01-V1,SYNTHETIC_RESEARCH_FIXTURE,OG-SYNTH-0.2,A-0.2,build_opus_synthetic_programme_v0_2.py@0.2,20260811,True,efc42616242364bbb4f95554e9231d7fe314eeafd19102f962a3cc4b18538188
PRJ-HSP,P01,PRJ-HSP-A03,0.953634,6.7,,2.025262,49.032784,51.058046,-0.0,True,PRJ-HSP-P01-V1,SYNTHETIC_RESEARCH_FIXTURE,OG-SYNTH-0.2,A-0.2,build_opus_synthetic_programme_v0_2.py@0.2,20260811,True,329bc03b9390cfdb876b10a426e66d3cdb1cc4b346a07382937496b07e7a73ea
PRJ-HSP,P01,PRJ-HSP-A04,0.141354,45.1,,23.156397,51.058046,74.214444,-0.0,True,PRJ-HSP-P01-V1,SYNTHETIC_RESEARCH_FIXTURE,OG-SYNTH-0.2,A-0.2,build_opus_synthetic_programme_v0_2.py@0.2,20260811,True,6092d681399afa7a10ae311751a6d5cb46386e44fcd131c28003d5c40ae08344
PRJ-HSP,P01,PRJ-HSP-A05,0.046178,68.5,,36.233088,74.214444,110.447532,-0.0,True,PRJ-HSP-P01-V1,SYNTHETIC_RESEARCH_FIXTURE,OG-SYNTH-0.2,A-0.2,build_opus_synthetic_programme_v0_2.py@0.2,20260811,True,532fd04851ca320442d2df9c932a6953b3642fabda22c858d59e4886af817475
PRJ-HSP,P01,PRJ-HSP-A06,0.0,,,54.44125,110.447532,164.888782,-0.0,True,PRJ-HSP-P01-V1,SYNTHETIC_RESEARCH_FIXTURE,OG-SYNTH-0.2,A-0.2,build_opus_synthetic_programme_v0_2.py@0.2,20260811,True,8a914db7eaf0eff16046f566e01a8aeb1a235d99b44e2d436468a0f62dd026f5
PRJ-HSP,P01,PRJ-HSP-A07,0.017664,151.3,,37.321412,164.888782,202.210194,52.17455,False,PRJ-HSP-P01-V1,SYNTHETIC_RESEARCH_FIXTURE,OG-SYNTH-0.2,A-0.2,build_opus_synthetic_programme_v0_2.py@0.2,20260811,True,9bf6fdf581a75ecd77e5f3c38a71b1bbaeedb547d4a7aa5b3f78f5c7b37431d4
PRJ-HSP,P01,PRJ-HSP-A08,0.046392,151.3,,52.533785,164.888782,217.422567,-0.0,True,PRJ-HSP-P01-V1,SYNTHETIC_RESEARCH_FIXTURE,OG-SYNTH-0.2,A-0.2,build_opus_synthetic_programme_v0_2.py@0.2,20260811,True,38bdfad3917bec9c1de9093b4d7507d737ba30f3dbfb6801c253ef16f0b20583
PRJ-HSP,P01,PRJ-HSP-A09,0.029813,199.1,,36.962177,217.422567,254.384744,-0.0,True,PRJ-HSP-P01-V1,SYNTHETIC_RESEARCH_FIXTURE,OG-SYNTH-0.2,A-0.2,build_opus_synthetic_programme_v0_2.py@0.2,20260811,True,778770d9969c841d1987368c4d9b038dd0b8dc78719ff4ef68630f3f5064a80a
PRJ-HSP,P01,PRJ-HSP-A10,0.0,,,43.44075,254.384744,297.825494,-0.0,True,PRJ-HSP-P01-V1,SYNTHETIC_RESEARCH_FIXTURE,OG-SYNTH-0.2,A-0.2,build_opus_synthetic_programme_v0_2.py@0.2,20260811,True,ce326cbcbcb0f85ca047898bc2f560825130333eb7abca243cd36a31deaac165
PRJ-HSP,P01,PRJ-HSP-A11,0.070401,272.20000000000005,,27.915865,297.825494,325.741359,-0.0,True,PRJ-HSP-P01-V1,SYNTHETIC_RESEARCH_FIXTURE,OG-SYNTH-0.2,A-0.2,build_opus_synthetic_programme_v0_2.py@0.2,20260811,True,57d960fde10d049eb55949c9f9a34bc1f8e4d4968172ab19a0e4fa51c156dbe6
PRJ-HSP,P01,PRJ-HSP-A12,0.0,,,14.86725,325.741359,340.608609,0.0,True,PRJ-HSP-P01-V1,SYNTHETIC_RESEARCH_FIXTURE,OG-SYNTH-0.2,A-0.2,build_opus_synthetic_programme_v0_2.py@0.2,20260811,True,80d121baf38da4d8e6ffdafa4991c62d28535727c676453cf01514fce8f6ee1b
PRJ-HSP,P02,PRJ-HSP-A01,0.935606,0.0,,0.47782,98.0,98.47782,0.0,True,PRJ-HSP-P02-V1,SYNTHETIC_RESEARCH_FIXTURE,OG-SYNTH-0.2,A-0.2,build_opus_synthetic_programme_v0_2.py@0.2,20260811,True,c55afcd2ef8c53842d43aeb995db4ff911c03cc4937c6c8957a2768f3f1e65fa
PRJ-HSP,P02,PRJ-HSP-A02,0.96206,6.7,,0.826205,98.47782,99.304025,1.757297,False,PRJ-HSP-P02-V1,SYNTHETIC_RESEARCH_FIXTURE,OG-SYNTH-0.2,A-0.2,build_opus_synthetic_programme_v0_2.py@0.2,20260811,True,10e2a1809c9de4d63146613eac30e525dc2546aa3fc3d3a3f42541a7d0e1dc7c
PRJ-HSP,P02,PRJ-HSP-A03,0.940854,6.7,,2.583502,98.47782,101.061322,0.0,True,PRJ-HSP-P02-V1,SYNTHETIC_RESEARCH_FIXTURE,OG-SYNTH-0.2,A-0.2,build_opus_synthetic_programme_v0_2.py@0.2,20260811,True,0110e9ebaae4ff375d475f4676772307a532eb1b74fdabe583c56e638c8aa883
PRJ-HSP,P02,PRJ-HSP-A04,0.979811,45.1,,0.544464,101.061322,101.605786,0.0,True,PRJ-HSP-P02-V1,SYNTHETIC_RESEARCH_FIXTURE,OG-SYNTH-0.2,A-0.2,build_opus_synthetic_programme_v0_2.py@0.2,20260811,True,bae3d96dc45c2f840dfa093feb507c49bab37a33bdd331c429721753abb0ecc2
PRJ-HSP,P02,PRJ-HSP-A05,0.818487,68.5,,6.895186,101.605786,108.500972,0.0,True,PRJ-HSP-P02-V1,SYNTHETIC_RESEARCH_FIXTURE,OG-SYNTH-0.2,A-0.2,build_opus_synthetic_programme_v0_2.py@0.2,20260811,True,6804a973a6bf8088d36afa928c7630a40c50f6d3a02dd0587658b731936da076
PRJ-HSP,P02,PRJ-HSP-A06,0.0,,,54.44125,108.500972,162.942222,0.0,True,PRJ-HSP-P02-V1,SYNTHETIC_RESEARCH_FIXTURE,OG-SYNTH-0.2,A-0.2,build_opus_synthetic_programme_v0_2.py@0.2,20260811,True,e20e48d6078cd06d21649b2fa4791f55caa7504ee99eb4e5f03cc98bfe48b6ba
PRJ-HSP,P02,PRJ-HSP-A07,0.009386,151.3,,37.63591,162.942222,200.578132,53.85712,False,PRJ-HSP-P02-V1,SYNTHETIC_RESEARCH_FIXTURE,OG-SYNTH-0.2,A-0.2,build_opus_synthetic_programme_v0_2.py@0.2,20260811,True,06e57f649f89982a8f8313716f69c02d755ed4f088a63c2fecaad542abf8737c
PRJ-HSP,P02,PRJ-HSP-A08,0.030759,151.3,,53.395029,162.942222,216.337252,0.0,True,PRJ-HSP-P02-V1,SYNTHETIC_RESEARCH_FIXTURE,OG-SYNTH-0.2,A-0.2,build_opus_synthetic_programme_v0_2.py@0.2,20260811,True,c25d67b0e3c4a161912545c57211f0f5f7a16d32ed0d77e6ffdd4614e147f59b
PRJ-HSP,P02,PRJ-HSP-A09,0.0,,,38.098,216.337252,254.435252,0.0,True,PRJ-HSP-P02-V1,SYNTHETIC_RESEARCH_FIXTURE,OG-SYNTH-0.2,A-0.2,build_opus_synthetic_programme_v0_2.py@0.2,20260811,True,4bdf5c55749739c51192ce938266173a9f22d6c3f8b6153a74dc5d8c24719d72
PRJ-HSP,P02,PRJ-HSP-A10,0.0,,,43.44075,254.435252,297.876002,0.0,True,PRJ-HSP-P02-V1,SYNTHETIC_RESEARCH_FIXTURE,OG-SYNTH-0.2,A-0.2,build_opus_synthetic_programme_v0_2.py@0.2,20260811,True,8a23ebbf3132c133184bd1586fe2fca9fabea21262d30071afb1cdabe5a09e98
PRJ-HSP,P02,PRJ-HSP-A11,0.0,,,30.03,297.876002,327.906002,0.0,True,PRJ-HSP-P02-V1,SYNTHETIC_RESEARCH_FIXTURE,OG-SYNTH-0.2,A-0.2,build_opus_synthetic_programme_v0_2.py@0.2,20260811,True,c2330bba04fa0e38321c40c838f4dd44483466c12d90e8f02f20bb564498d219
PRJ-HSP,P02,PRJ-HSP-A12,0.025436,298.6,,14.489088,327.906002,342.39509,0.0,True,PRJ-HSP-P02-V1,SYNTHETIC_RESEARCH_FIXTURE,OG-SYNTH-0.2,A-0.2,build_opus_synthetic_programme_v0_2.py@0.2,20260811,True,9f3a8f29ab46650bba312a6f97f545842985d46e23fd382f1897fc019667f9c1
PRJ-HSP,P03,PRJ-HSP-A01,0.929414,0.0,,0.523769,147.0,147.523769,-0.0,True,PRJ-HSP-P03-V1,SYNTHETIC_RESEARCH_FIXTURE,OG-SYNTH-0.2,A-0.2,build_opus_synthetic_programme_v0_2.py@0.2,20260811,True,dd1c4d3c27e9c8efaa38dbea5bc95ea5bc50bd4a1d3dc37de3067295dbb7dc2e
PRJ-HSP,P03,PRJ-HSP-A02,0.969447,6.7,,0.665331,147.523769,148.1891,1.503153,False,PRJ-HSP-P03-V1,SYNTHETIC_RESEARCH_FIXTURE,OG-SYNTH-0.2,A-0.2,build_opus_synthetic_programme_v0_2.py@0.2,20260811,True,53e895f34a967714879307cdfaf74e959565fa74a8ca02911077d98d92fc9249
PRJ-HSP,P03,PRJ-HSP-A03,0.950355,6.7,,2.168484,147.523769,149.692253,-0.0,True,PRJ-HSP-P03-V1,SYNTHETIC_RESEARCH_FIXTURE,OG-SYNTH-0.2,A-0.2,build_opus_synthetic_programme_v0_2.py@0.2,20260811,True,684bb111a9146dfb266e332e4f99cf73719714e2b0f34ef1f241d42461d14c17
PRJ-HSP,P03,PRJ-HSP-A04,0.916292,45.1,,2.257466,149.692253,151.949719,-0.0,True,PRJ-HSP-P03-V1,SYNTHETIC_RESEARCH_FIXTURE,OG-SYNTH-0.2,A-0.2,build_opus_synthetic_programme_v0_2.py@0.2,20260811,True,7a24296cf45d685354ff57c406b7167a47aa2bb71ba0115cc2ce728ea837718c
PRJ-HSP,P03,PRJ-HSP-A05,0.972381,68.5,,1.049186,151.949719,152.998905,-0.0,True,PRJ-HSP-P03-V1,SYNTHETIC_RESEARCH_FIXTURE,OG-SYNTH-0.2,A-0.2,build_opus_synthetic_programme_v0_2.py@0.2,20260811,True,3cbc5db9b453b94ec31b708bd4a8106d8db3541667098a67baa37bf14149b992
PRJ-HSP,P03,PRJ-HSP-A06,0.859809,102.8,,7.632159,152.998905,160.631064,-0.0,True,PRJ-HSP-P03-V1,SYNTHETIC_RESEARCH_FIXTURE,OG-SYNTH-0.2,A-0.2,build_opus_synthetic_programme_v0_2.py@0.2,20260811,True,55d4f91e031f5c25a36f0154a608ce02acde28d888cedee55cd93b4e5cb45738
PRJ-HSP,P03,PRJ-HSP-A07,0.008711,151.3,,37.661545,160.631064,198.292609,54.677999,False,PRJ-HSP-P03-V1,SYNTHETIC_RESEARCH_FIXTURE,OG-SYNTH-0.2,A-0.2,build_opus_synthetic_programme_v0_2.py@0.2,20260811,True,44ae450081b62fda101c6240ef8234224bb3255cb2be703fea5432eaa107334d
PRJ-HSP,P03,PRJ-HSP-A08,0.011321,151.3,,54.465818,160.631064,215.096882,-0.0,True,PRJ-HSP-P03-V1,SYNTHETIC_RESEARCH_FIXTURE,OG-SYNTH-0.2,A-0.2,build_opus_synthetic_programme_v0_2.py@0.2,20260811,True,e724d423872d153d8378e69afa1324e43b3aa9d938c90386b1d41588a85b099d
PRJ-HSP,P03,PRJ-HSP-A09,0.005887,199.1,,37.873726,215.096882,252.970608,-0.0,True,PRJ-HSP-P03-V1,SYNTHETIC_RESEARCH_FIXTURE,OG-SYNTH-0.2,A-0.2,build_opus_synthetic_programme_v0_2.py@0.2,20260811,True,276dc71260e971b05556ead494be63cc9bc053d1cb483f5418a659749a1777df
PRJ-HSP,P03,PRJ-HSP-A10,0.0,,,43.44075,252.970608,296.411358,-0.0,True,PRJ-HSP-P03-V1,SYNTHETIC_RESEARCH_FIXTURE,OG-SYNTH-0.2,A-0.2,build_opus_synthetic_programme_v0_2.py@0.2,20260811,True,1a2dc77dd9509e28fa7427a6966b9a9b7194401485f5780e88313eab2dc13a90
PRJ-HSP,P03,PRJ-HSP-A11,0.0,,,30.03,296.411358,326.441358,-0.0,True,PRJ-HSP-P03-V1,SYNTHETIC_RESEARCH_FIXTURE,OG-SYNTH-0.2,A-0.2,build_opus_synthetic_programme_v0_2.py@0.2,20260811,True,80bbed2d1ef33aa6cbd64ae7b8c7fa981754985442fdb879b2febd20866b8923
PRJ-HSP,P03,PRJ-HSP-A12,0.0,,,14.86725,326.441358,341.308608,-0.0,True,PRJ-HSP-P03-V1,SYNTHETIC_RESEARCH_FIXTURE,OG-SYNTH-0.2,A-0.2,build_opus_synthetic_programme_v0_2.py@0.2,20260811,True,07be57f87cefdf4e83181744dd6b7d30325625095713d139383dbfb977442b55
PRJ-HSP,P04,PRJ-HSP-A01,0.870763,0.0,,0.958972,196.0,196.958972,-0.0,True,PRJ-HSP-P04-V1,SYNTHETIC_RESEARCH_FIXTURE,OG-SYNTH-0.2,A-0.2,build_opus_synthetic_programme_v0_2.py@0.2,20260811,True,74f7e6c114690aa2bcdaff93996aee26d33bd0c942326367255948e0591465f9
PRJ-HSP,P04,PRJ-HSP-A02,0.953596,6.7,,1.010527,196.958972,197.969499,1.283361,False,PRJ-HSP-P04-V1,SYNTHETIC_RESEARCH_FIXTURE,OG-SYNTH-0.2,A-0.2,build_opus_synthetic_programme_v0_2.py@0.2,20260811,True,a184420c1992872d6e9af8c53fc36e3b397a7e9aa502ba36c22cdace3f4d7f6b
PRJ-HSP,P04,PRJ-HSP-A03,0.947484,6.7,,2.293888,196.958972,199.25286,-0.0,True,PRJ-HSP-P04-V1,SYNTHETIC_RESEARCH_FIXTURE,OG-SYNTH-0.2,A-0.2,build_opus_synthetic_programme_v0_2.py@0.2,20260811,True,4e16089e369daeb6c2e9a203e5afbdf61a9512f28d80788b743253f33f97ee49
PRJ-HSP,P04,PRJ-HSP-A04,0.901832,45.1,,2.647438,199.25286,201.900298,-0.0,True,PRJ-HSP-P04-V1,SYNTHETIC_RESEARCH_FIXTURE,OG-SYNTH-0.2,A-0.2,build_opus_synthetic_programme_v0_2.py@0.2,20260811,True,302c02eb597ac3f52e30d7f091ec83fd44bec2b13eb5b587b9cc25323645f9d3
PRJ-HSP,P04,PRJ-HSP-A05,0.931798,68.5,,2.590798,201.900298,204.491096,-0.0,True,PRJ-HSP-P04-V1,SYNTHETIC_RESEARCH_FIXTURE,OG-SYNTH-0.2,A-0.2,build_opus_synthetic_programme_v0_2.py@0.2,20260811,True,176603663e8c62b4bed39b9655737784637222cf9b6ce8676dcb28dc4332b8f1
PRJ-HSP,P04,PRJ-HSP-A06,0.954982,102.8,,2.450847,204.491096,206.941942,-0.0,True,PRJ-HSP-P04-V1,SYNTHETIC_RESEARCH_FIXTURE,OG-SYNTH-0.2,A-0.2,build_opus_synthetic_programme_v0_2.py@0.2,20260811,True,d6e4e5f13d582ce1362ce0a1a4a6f272a7ee1a85f55c527b39c357b7bbbb1c74
PRJ-HSP,P04,PRJ-HSP-A07,0.905324,151.3,,3.596981,206.941942,210.538923,42.359585,False,PRJ-HSP-P04-V1,SYNTHETIC_RESEARCH_FIXTURE,OG-SYNTH-0.2,A-0.2,build_opus_synthetic_programme_v0_2.py@0.2,20260811,True,1d1a40f3f20e0da0177650546399dafcbe121ad4bc5f5129115b535ae7f4dcd1
PRJ-HSP,P04,PRJ-HSP-A08,0.857349,151.3,,7.858566,206.941942,214.800509,-0.0,True,PRJ-HSP-P04-V1,SYNTHETIC_RESEARCH_FIXTURE,OG-SYNTH-0.2,A-0.2,build_opus_synthetic_programme_v0_2.py@0.2,20260811,True,48046172cdf034bc3d605d637a385d196f660f0b13c5f404ec4aad44ef0f338f
PRJ-HSP,P04,PRJ-HSP-A09,0.0,,,38.098,214.800509,252.898509,0.0,True,PRJ-HSP-P04-V1,SYNTHETIC_RESEARCH_FIXTURE,OG-SYNTH-0.2,A-0.2,build_opus_synthetic_programme_v0_2.py@0.2,20260811,True,0ea366eb55ab6c8a34599f234e997c390d07b009f5ac8817faa4578d4069848a
PRJ-HSP,P04,PRJ-HSP-A10,0.012796,233.50000000000003,,42.884895,252.898509,295.783403,0.0,True,PRJ-HSP-P04-V1,SYNTHETIC_RESEARCH_FIXTURE,OG-SYNTH-0.2,A-0.2,build_opus_synthetic_programme_v0_2.py@0.2,20260811,True,ce5bcc09fac7b3726631af914c3e5a0332a2725ce7313572b0386a93eb2070d1
PRJ-HSP,P04,PRJ-HSP-A11,0.000111,272.20000000000005,,30.026679,295.783403,325.810082,0.0,True,PRJ-HSP-P04-V1,SYNTHETIC_RESEARCH_FIXTURE,OG-SYNTH-0.2,A-0.2,build_opus_synthetic_programme_v0_2.py@0.2,20260811,True,5a7eb14c4e187fc3e8ad3d16509be7e9b2023e00ac9b43055ad9fef679fa9b8d
PRJ-HSP,P04,PRJ-HSP-A12,0.033492,298.6,,14.369315,325.810082,340.179397,0.0,True,PRJ-HSP-P04-V1,SYNTHETIC_RESEARCH_FIXTURE,OG-SYNTH-0.2,A-0.2,build_opus_synthetic_programme_v0_2.py@0.2,20260811,True,3b838683d25e53197ef25b2f01e2801e91384b859a15eef5630419166b523245
PRJ-HSP,P05,PRJ-HSP-A01,0.914332,0.0,,0.635676,245.0,245.635676,0.0,True,PRJ-HSP-P05-V1,SYNTHETIC_RESEARCH_FIXTURE,OG-SYNTH-0.2,A-0.2,build_opus_synthetic_programme_v0_2.py@0.2,20260811,True,b7dc7a773e5a0ede869028c99b00bf217b129622d8879b3aebc24d416f5c3636
PRJ-HSP,P05,PRJ-HSP-A02,0.903251,6.7,,2.106856,245.635676,247.742531,2.852266,False,PRJ-HSP-P05-V1,SYNTHETIC_RESEARCH_FIXTURE,OG-SYNTH-0.2,A-0.2,build_opus_synthetic_programme_v0_2.py@0.2,20260811,True,2ad861d55c69f1fd71d7af41f8b1094bc9cfb27c0e7b33298ec0c84ffc98a20b
PRJ-HSP,P05,PRJ-HSP-A03,0.886467,6.7,,4.959122,245.635676,250.594798,0.0,True,PRJ-HSP-P05-V1,SYNTHETIC_RESEARCH_FIXTURE,OG-SYNTH-0.2,A-0.2,build_opus_synthetic_programme_v0_2.py@0.2,20260811,True,3c8ece5e6787b44122b667ed46d89922885135a15a68898eaa6047a611833ad4
PRJ-HSP,P05,PRJ-HSP-A04,0.905083,45.1,,2.559782,250.594798,253.154579,0.0,True,PRJ-HSP-P05-V1,SYNTHETIC_RESEARCH_FIXTURE,OG-SYNTH-0.2,A-0.2,build_opus_synthetic_programme_v0_2.py@0.2,20260811,True,b3ccc0e872b39b9eb84f7fc5a5b3ea94ee5b812e5cf08f918730173cf3235165
PRJ-HSP,P05,PRJ-HSP-A05,0.868332,68.5,,5.001723,253.154579,258.156302,0.0,True,PRJ-HSP-P05-V1,SYNTHETIC_RESEARCH_FIXTURE,OG-SYNTH-0.2,A-0.2,build_opus_synthetic_programme_v0_2.py@0.2,20260811,True,9cfc781114a62c60f5a7fb1e7c6e4697dbdea7feacb634663553e3792204cfc2
PRJ-HSP,P05,PRJ-HSP-A06,0.868478,102.8,,7.160226,258.156302,265.316528,0.0,True,PRJ-HSP-P05-V1,SYNTHETIC_RESEARCH_FIXTURE,OG-SYNTH-0.2,A-0.2,build_opus_synthetic_programme_v0_2.py@0.2,20260811,True,962c23a0e95ee988617c01fd33e486d2940e3a164f4e6b6301853d05f6d58fc0
PRJ-HSP,P05,PRJ-HSP-A07,0.89185,151.3,,4.1089,265.316528,269.425428,6.28325,False,PRJ-HSP-P05-V1,SYNTHETIC_RESEARCH_FIXTURE,OG-SYNTH-0.2,A-0.2,build_opus_synthetic_programme_v0_2.py@0.2,20260811,True,7645212c1216bd902c3a77d659df99cc7868ad5c82eeeae2889797a2e722d15e
PRJ-HSP,P05,PRJ-HSP-A08,0.874896,151.3,,6.891925,265.316528,272.208452,0.0,True,PRJ-HSP-P05-V1,SYNTHETIC_RESEARCH_FIXTURE,OG-SYNTH-0.2,A-0.2,build_opus_synthetic_programme_v0_2.py@0.2,20260811,True,1b4daff977d511e351381d3673a0a7764e01b3e7b326e5760aaec80ed7583609
PRJ-HSP,P05,PRJ-HSP-A09,0.908126,199.1,,3.500225,272.208452,275.708678,0.0,True,PRJ-HSP-P05-V1,SYNTHETIC_RESEARCH_FIXTURE,OG-SYNTH-0.2,A-0.2,build_opus_synthetic_programme_v0_2.py@0.2,20260811,True,1393d966dbdcdbdb615b195daa5a0a8073880ff42517bdfa6ab49d9828806613
PRJ-HSP,P05,PRJ-HSP-A10,0.26704,233.50000000000003,,31.840348,275.708678,307.549025,0.0,True,PRJ-HSP-P05-V1,SYNTHETIC_RESEARCH_FIXTURE,OG-SYNTH-0.2,A-0.2,build_opus_synthetic_programme_v0_2.py@0.2,20260811,True,494a32196a954b7ecd1e3af64834ab47a2491406a1710725410e04243e7caef2
PRJ-HSP,P05,PRJ-HSP-A11,0.0,,,30.03,307.549025,337.579025,0.0,True,PRJ-HSP-P05-V1,SYNTHETIC_RESEARCH_FIXTURE,OG-SYNTH-0.2,A-0.2,build_opus_synthetic_programme_v0_2.py@0.2,20260811,True,48c7405fa173a051b7d8981a61e984a21458245b0e5523e5bd7a99e6aca8421f
PRJ-HSP,P05,PRJ-HSP-A12,0.060034,298.6,,13.974716,337.579025,351.553741,0.0,True,PRJ-HSP-P05-V1,SYNTHETIC_RESEARCH_FIXTURE,OG-SYNTH-0.2,A-0.2,build_opus_synthetic_programme_v0_2.py@0.2,20260811,True,b9d99c1e222d4393bdee748f49c24e5a7cb3c46091ddfd070d6f1b95c26ffd31
PRJ-HSP,P06,PRJ-HSP-A01,0.895299,0.0,,0.776904,294.0,294.776904,-0.0,True,PRJ-HSP-P06-V1,SYNTHETIC_RESEARCH_FIXTURE,OG-SYNTH-0.2,A-0.2,build_opus_synthetic_programme_v0_2.py@0.2,20260811,True,5b1cf0b9ecd0ae290f122547ca7b16551fe5991eb3c119ff0e248519ae5eef44
PRJ-HSP,P06,PRJ-HSP-A02,0.90292,6.7,,2.114071,294.776904,296.890975,2.916528,False,PRJ-HSP-P06-V1,SYNTHETIC_RESEARCH_FIXTURE,OG-SYNTH-0.2,A-0.2,build_opus_synthetic_programme_v0_2.py@0.2,20260811,True,f613c93de8fac8375c0f8809c3b0763a675c823f64b74feeed6cea0476b88d83
PRJ-HSP,P06,PRJ-HSP-A03,0.884831,6.7,,5.030599,294.776904,299.807503,-0.0,True,PRJ-HSP-P06-V1,SYNTHETIC_RESEARCH_FIXTURE,OG-SYNTH-0.2,A-0.2,build_opus_synthetic_programme_v0_2.py@0.2,20260811,True,20ad0dc64718cb167c128f0709ab0c295f4aa8193aef4fdb6d9053238cb930b8
PRJ-HSP,P06,PRJ-HSP-A04,0.877581,45.1,,3.301459,299.807503,303.108962,-0.0,True,PRJ-HSP-P06-V1,SYNTHETIC_RESEARCH_FIXTURE,OG-SYNTH-0.2,A-0.2,build_opus_synthetic_programme_v0_2.py@0.2,20260811,True,928084eadb38e82bf9fd415950a18c47e2ba1fc1fec9312b60cdc1b0c075ff78
PRJ-HSP,P06,PRJ-HSP-A05,0.877478,68.5,,4.654266,303.108962,307.763229,-0.0,True,PRJ-HSP-P06-V1,SYNTHETIC_RESEARCH_FIXTURE,OG-SYNTH-0.2,A-0.2,build_opus_synthetic_programme_v0_2.py@0.2,20260811,True,e9c33f13ce1741cbb9ae2a0598de4bf20ae8e964aa16d6facb61b221b86c923c
PRJ-HSP,P06,PRJ-HSP-A06,0.876921,102.8,,6.700554,307.763229,314.463783,-0.0,True,PRJ-HSP-P06-V1,SYNTHETIC_RESEARCH_FIXTURE,OG-SYNTH-0.2,A-0.2,build_opus_synthetic_programme_v0_2.py@0.2,20260811,True,930a9f907ea7f8e44ca7ea3ecae13442a14262d32eab8fa8d5f28db812366a47
PRJ-HSP,P06,PRJ-HSP-A07,0.865267,151.3,,5.11885,314.463783,319.582633,4.378456,False,PRJ-HSP-P06-V1,SYNTHETIC_RESEARCH_FIXTURE,OG-SYNTH-0.2,A-0.2,build_opus_synthetic_programme_v0_2.py@0.2,20260811,True,aba669cad88790d024660b376005d7047957ded757f8992a75a1226f9844d6c0
PRJ-HSP,P06,PRJ-HSP-A08,0.894812,151.3,,5.79478,314.463783,320.258563,-0.0,True,PRJ-HSP-P06-V1,SYNTHETIC_RESEARCH_FIXTURE,OG-SYNTH-0.2,A-0.2,build_opus_synthetic_programme_v0_2.py@0.2,20260811,True,9f2d4d230a6c78da6f70994c7a246b6f242a622b3e6808971e3eb54c45909bb9
PRJ-HSP,P06,PRJ-HSP-A09,0.902816,199.1,,3.702526,320.258563,323.961089,-0.0,True,PRJ-HSP-P06-V1,SYNTHETIC_RESEARCH_FIXTURE,OG-SYNTH-0.2,A-0.2,build_opus_synthetic_programme_v0_2.py@0.2,20260811,True,fdf580df44160c30231c58038cdb5f4b14258ccd07825c94e141d84ababb744a
PRJ-HSP,P06,PRJ-HSP-A10,0.904902,233.50000000000003,,4.131119,323.961089,328.092208,-0.0,True,PRJ-HSP-P06-V1,SYNTHETIC_RESEARCH_FIXTURE,OG-SYNTH-0.2,A-0.2,build_opus_synthetic_programme_v0_2.py@0.2,20260811,True,3c86fc1fa375f880c43f1e50dfa9ac5a477d5477cedfdc06e94a2f3ff2dd3845
PRJ-HSP,P06,PRJ-HSP-A11,0.714608,272.20000000000005,,8.570313,328.092208,336.662521,0.0,True,PRJ-HSP-P06-V1,SYNTHETIC_RESEARCH_FIXTURE,OG-SYNTH-0.2,A-0.2,build_opus_synthetic_programme_v0_2.py@0.2,20260811,True,da7c87c04ebca76248d7ed1152f173732d798dc8379307cc47fe6be60914bb43
PRJ-HSP,P06,PRJ-HSP-A12,0.0,,,14.86725,336.662521,351.529771,0.0,True,PRJ-HSP-P06-V1,SYNTHETIC_RESEARCH_FIXTURE,OG-SYNTH-0.2,A-0.2,build_opus_synthetic_programme_v0_2.py@0.2,20260811,True,cb86763cc101126f4cae8e3ae8ba31aae41a1187665269fbd07587d4a94334e6
PRJ-WTR,P01,PRJ-WTR-A01,0.98272,0.0,,0.056256,37.0,37.056256,-0.0,True,PRJ-WTR-P01-V1,SYNTHETIC_RESEARCH_FIXTURE,OG-SYNTH-0.2,A-0.2,build_opus_synthetic_programme_v0_2.py@0.2,20260811,True,657100720d9aa56061920bfef330d5eaafaf8ecbd9a0a9eb37e52235c12f496d
PRJ-WTR,P01,PRJ-WTR-A02,1.0,3.4,20.8,0.0,37.056256,37.056256,-0.0,True,PRJ-WTR-P01-V1,SYNTHETIC_RESEARCH_FIXTURE,OG-SYNTH-0.2,A-0.2,build_opus_synthetic_programme_v0_2.py@0.2,20260811,True,703da3b1b0b1b7c4005345c9bcc22eadf97362e31757ad15d9134bc8961e1d73
PRJ-WTR,P01,PRJ-WTR-A03,1.0,3.4,25.8,0.0,37.056256,37.056256,-0.0,True,PRJ-WTR-P01-V1,SYNTHETIC_RESEARCH_FIXTURE,OG-SYNTH-0.2,A-0.2,build_opus_synthetic_programme_v0_2.py@0.2,20260811,True,d79edad009b616424f8cfbde66d2400d6966e291dff275fb342041fc3cedbcf4
PRJ-WTR,P01,PRJ-WTR-A04,0.677861,25.8,,5.683825,37.056256,42.740082,-0.0,True,PRJ-WTR-P01-V1,SYNTHETIC_RESEARCH_FIXTURE,OG-SYNTH-0.2,A-0.2,build_opus_synthetic_programme_v0_2.py@0.2,20260811,True,409cd50add4355f3f15782d82b1f9ceb92655f31e95d1d86f35957a6c7c9959c
PRJ-WTR,P01,PRJ-WTR-A05,0.020323,43.4,,22.794386,42.740082,65.534468,-0.0,True,PRJ-WTR-P01-V1,SYNTHETIC_RESEARCH_FIXTURE,OG-SYNTH-0.2,A-0.2,build_opus_synthetic_programme_v0_2.py@0.2,20260811,True,ccfccb1264b7af510ccbd4814e38a9e06763a45041d045aabaf4de639fb4ba29
PRJ-WTR,P01,PRJ-WTR-A06,0.0,,,39.678,65.534468,105.212468,-0.0,True,PRJ-WTR-P01-V1,SYNTHETIC_RESEARCH_FIXTURE,OG-SYNTH-0.2,A-0.2,build_opus_synthetic_programme_v0_2.py@0.2,20260811,True,0cd332a9305285202537d5b0a1547d158dcf2710207c901cfa5594e6555b5d83
PRJ-WTR,P01,PRJ-WTR-A07,0.0,,,29.4275,105.212468,134.639968,34.393607,False,PRJ-WTR-P01-V1,SYNTHETIC_RESEARCH_FIXTURE,OG-SYNTH-0.2,A-0.2,build_opus_synthetic_programme_v0_2.py@0.2,20260811,True,e0ed64aa33d4e46fd16f13820160228fd26b96e2b48921a4b465f6740b11c794
PRJ-WTR,P01,PRJ-WTR-A08,0.031182,108.5,,37.489857,105.212468,142.702325,-0.0,True,PRJ-WTR-P01-V1,SYNTHETIC_RESEARCH_FIXTURE,OG-SYNTH-0.2,A-0.2,build_opus_synthetic_programme_v0_2.py@0.2,20260811,True,7bf27709ba4320993c91bfa4d20b33cbb0340612048c76357d2c567db4f25c4d
PRJ-WTR,P01,PRJ-WTR-A09,0.0,,,26.33125,142.702325,169.033575,-0.0,True,PRJ-WTR-P01-V1,SYNTHETIC_RESEARCH_FIXTURE,OG-SYNTH-0.2,A-0.2,build_opus_synthetic_programme_v0_2.py@0.2,20260811,True,2946c82a3f3ab7990dfb84cec51bca8e14275d3f2d451ec07cdfb87598cbd4f9
PRJ-WTR,P01,PRJ-WTR-A10,0.0,,,30.1475,169.033575,199.181075,-0.0,True,PRJ-WTR-P01-V1,SYNTHETIC_RESEARCH_FIXTURE,OG-SYNTH-0.2,A-0.2,build_opus_synthetic_programme_v0_2.py@0.2,20260811,True,67d73da5db1df9e280b29657b11a40a0a358502a7d1d8a8d05d6533ea168f9c0
PRJ-WTR,P01,PRJ-WTR-A11,0.016601,205.6,,19.033697,199.181075,218.214772,-0.0,True,PRJ-WTR-P01-V1,SYNTHETIC_RESEARCH_FIXTURE,OG-SYNTH-0.2,A-0.2,build_opus_synthetic_programme_v0_2.py@0.2,20260811,True,ef5e474a53d87ce435ee78f21636beb9897870df90374c5fbc8c9010304582fa
PRJ-WTR,P01,PRJ-WTR-A12,0.035139,225.2,,9.576007,218.214772,227.790779,0.0,True,PRJ-WTR-P01-V1,SYNTHETIC_RESEARCH_FIXTURE,OG-SYNTH-0.2,A-0.2,build_opus_synthetic_programme_v0_2.py@0.2,20260811,True,82d868c02fcf1c252873e66f8616f749bd0dd7412b3f273cc2bad0d34f27050a
PRJ-WTR,P02,PRJ-WTR-A01,0.969511,0.0,,0.099257,74.0,74.099257,-0.0,True,PRJ-WTR-P02-V1,SYNTHETIC_RESEARCH_FIXTURE,OG-SYNTH-0.2,A-0.2,build_opus_synthetic_programme_v0_2.py@0.2,20260811,True,f8ff774a529cd09a6715692e68b0b5317746eeaa03c676cf7e316ec541816fd5
PRJ-WTR,P02,PRJ-WTR-A02,0.980517,3.4,,0.329685,74.099257,74.428941,-0.0,True,PRJ-WTR-P02-V1,SYNTHETIC_RESEARCH_FIXTURE,OG-SYNTH-0.2,A-0.2,build_opus_synthetic_programme_v0_2.py@0.2,20260811,True,5fb7a15984ddd630cf0c439314ca0e6e60c85326df9c109b94fcdd6c464243dd
PRJ-WTR,P02,PRJ-WTR-A03,1.0,3.4,25.8,0.0,74.099257,74.099257,0.329685,False,PRJ-WTR-P02-V1,SYNTHETIC_RESEARCH_FIXTURE,OG-SYNTH-0.2,A-0.2,build_opus_synthetic_programme_v0_2.py@0.2,20260811,True,bb11b0b09abc097812a1464c0024c352529ed48e25affbcea7fa1959b61902e7
PRJ-WTR,P02,PRJ-WTR-A04,1.0,25.8,43.4,0.0,74.428941,74.428941,-0.0,True,PRJ-WTR-P02-V1,SYNTHETIC_RESEARCH_FIXTURE,OG-SYNTH-0.2,A-0.2,build_opus_synthetic_programme_v0_2.py@0.2,20260811,True,9ea33a525097cc2cade4acabfe532a13bd58144f5d72f1801ea1bf1307eae945
PRJ-WTR,P02,PRJ-WTR-A05,1.0,43.4,67.7,0.0,74.428941,74.428941,-0.0,True,PRJ-WTR-P02-V1,SYNTHETIC_RESEARCH_FIXTURE,OG-SYNTH-0.2,A-0.2,build_opus_synthetic_programme_v0_2.py@0.2,20260811,True,d5ef94507c9d2e06ffcb62600b772949ae7aed5f2dfda4b7658d06b5eb50cd41
PRJ-WTR,P02,PRJ-WTR-A06,0.174689,67.7,,32.746677,74.428941,107.175618,-0.0,True,PRJ-WTR-P02-V1,SYNTHETIC_RESEARCH_FIXTURE,OG-SYNTH-0.2,A-0.2,build_opus_synthetic_programme_v0_2.py@0.2,20260811,True,0508c821d1e924dad9c81cd9d29186d0e6add04f94831473954ade636a4e55a9
PRJ-WTR,P02,PRJ-WTR-A07,0.004461,108.5,,29.296229,107.175618,136.471848,35.731521,False,PRJ-WTR-P02-V1,SYNTHETIC_RESEARCH_FIXTURE,OG-SYNTH-0.2,A-0.2,build_opus_synthetic_programme_v0_2.py@0.2,20260811,True,cd22fc8b08f2fff509d267cee376f5e46de76685bb70aecdaa179ba678d28a2a
PRJ-WTR,P02,PRJ-WTR-A08,0.0,,,38.6965,107.175618,145.872118,0.0,True,PRJ-WTR-P02-V1,SYNTHETIC_RESEARCH_FIXTURE,OG-SYNTH-0.2,A-0.2,build_opus_synthetic_programme_v0_2.py@0.2,20260811,True,704a18c5eef7debce47bd440affac0330ffea1e75c4c15eed85ba8e886afe0b8
PRJ-WTR,P02,PRJ-WTR-A09,0.0,,,26.33125,145.872118,172.203368,0.0,True,PRJ-WTR-P02-V1,SYNTHETIC_RESEARCH_FIXTURE,OG-SYNTH-0.2,A-0.2,build_opus_synthetic_programme_v0_2.py@0.2,20260811,True,ac1ed2c1196e74d9add6db3e28278033454385ae1c7ad63db932e5ec498f9a47
PRJ-WTR,P02,PRJ-WTR-A10,0.005316,174.6,,29.987222,172.203368,202.19059,0.0,True,PRJ-WTR-P02-V1,SYNTHETIC_RESEARCH_FIXTURE,OG-SYNTH-0.2,A-0.2,build_opus_synthetic_programme_v0_2.py@0.2,20260811,True,5ee55cf530a18ef43570c87c52c98a9de5117677ca1b7dfe0bacdc5b8445def4
PRJ-WTR,P02,PRJ-WTR-A11,0.0,,,19.355,202.19059,221.54559,0.0,True,PRJ-WTR-P02-V1,SYNTHETIC_RESEARCH_FIXTURE,OG-SYNTH-0.2,A-0.2,build_opus_synthetic_programme_v0_2.py@0.2,20260811,True,d33b1e9816f89db7f163f101b28db40241b191af3d3d8978954ec583c9a1fd9a
PRJ-WTR,P02,PRJ-WTR-A12,0.0,,,9.92475,221.54559,231.47034,0.0,True,PRJ-WTR-P02-V1,SYNTHETIC_RESEARCH_FIXTURE,OG-SYNTH-0.2,A-0.2,build_opus_synthetic_programme_v0_2.py@0.2,20260811,True,cc547c71c6cb723d084aeb304c3f5130d8950a257898b34b55ea7f9d5feb6e27
PRJ-WTR,P03,PRJ-WTR-A01,1.0,0.0,3.4,0.0,111.0,111.0,0.0,True,PRJ-WTR-P03-V1,SYNTHETIC_RESEARCH_FIXTURE,OG-SYNTH-0.2,A-0.2,build_opus_synthetic_programme_v0_2.py@0.2,20260811,True,27acfbb65201df6ce716e7e50f5b9d62d6f163dbb9f4d7cfb8e7993ab3a43e3b
PRJ-WTR,P03,PRJ-WTR-A02,0.982317,3.4,,0.299224,111.0,111.299224,0.0,True,PRJ-WTR-P03-V1,SYNTHETIC_RESEARCH_FIXTURE,OG-SYNTH-0.2,A-0.2,build_opus_synthetic_programme_v0_2.py@0.2,20260811,True,eaa130a42e558ec27ac05c99a21ad04e84339a2cff10b610beb1b4139abbcba6
PRJ-WTR,P03,PRJ-WTR-A03,0.994033,3.4,,0.131992,111.0,111.131992,0.167232,False,PRJ-WTR-P03-V1,SYNTHETIC_RESEARCH_FIXTURE,OG-SYNTH-0.2,A-0.2,build_opus_synthetic_programme_v0_2.py@0.2,20260811,True,7061f464cb21bbde162595a807a21772cd0834bf67219ea49b99d1b9f35bd6a7
PRJ-WTR,P03,PRJ-WTR-A04,0.997821,25.8,,0.03844,111.299224,111.337664,0.0,True,PRJ-WTR-P03-V1,SYNTHETIC_RESEARCH_FIXTURE,OG-SYNTH-0.2,A-0.2,build_opus_synthetic_programme_v0_2.py@0.2,20260811,True,8565694b9a06c0873f7fc9dee75ebf40b3f44ff418e4d27249a4db65132b10f3
PRJ-WTR,P03,PRJ-WTR-A05,1.0,43.4,67.7,0.0,111.337664,111.337664,0.0,True,PRJ-WTR-P03-V1,SYNTHETIC_RESEARCH_FIXTURE,OG-SYNTH-0.2,A-0.2,build_opus_synthetic_programme_v0_2.py@0.2,20260811,True,35f61225ab3e498c580a997f3d10512650055b16378222be8f80c0e6150e4047
PRJ-WTR,P03,PRJ-WTR-A06,0.990996,67.7,,0.357249,111.337664,111.694913,0.0,True,PRJ-WTR-P03-V1,SYNTHETIC_RESEARCH_FIXTURE,OG-SYNTH-0.2,A-0.2,build_opus_synthetic_programme_v0_2.py@0.2,20260811,True,879eea18586c0aa3490560c2d614b8bac39d2535f01eb3b80b0c53a66386ee7b
PRJ-WTR,P03,PRJ-WTR-A07,0.08405,108.5,,26.954106,111.694913,138.649018,35.40989,False,PRJ-WTR-P03-V1,SYNTHETIC_RESEARCH_FIXTURE,OG-SYNTH-0.2,A-0.2,build_opus_synthetic_programme_v0_2.py@0.2,20260811,True,5672a35dffc94f59ab39e53871d821d38530851e9942803798ae566d60b1c4ad
PRJ-WTR,P03,PRJ-WTR-A08,0.047066,108.5,,36.875195,111.694913,148.570107,0.0,True,PRJ-WTR-P03-V1,SYNTHETIC_RESEARCH_FIXTURE,OG-SYNTH-0.2,A-0.2,build_opus_synthetic_programme_v0_2.py@0.2,20260811,True,87de546f0edd92727e86f1d23e16b6b5f50c33da4d970bb6d1abcc28b0f14bde
PRJ-WTR,P03,PRJ-WTR-A09,0.031994,147.1,,25.488801,148.570107,174.058908,0.0,True,PRJ-WTR-P03-V1,SYNTHETIC_RESEARCH_FIXTURE,OG-SYNTH-0.2,A-0.2,build_opus_synthetic_programme_v0_2.py@0.2,20260811,True,4dcfc8aaf4d30b68239b15633338f997e45f0a22249f4fd88d8178076bc9c2ed
PRJ-WTR,P03,PRJ-WTR-A10,0.019103,174.6,,29.571584,174.058908,203.630493,-0.0,True,PRJ-WTR-P03-V1,SYNTHETIC_RESEARCH_FIXTURE,OG-SYNTH-0.2,A-0.2,build_opus_synthetic_programme_v0_2.py@0.2,20260811,True,3b3ade08da50e890ab682096eef217e70ee5d4824febb7abaaf5658650bd707f
PRJ-WTR,P03,PRJ-WTR-A11,0.017597,205.6,,19.014405,203.630493,222.644898,0.0,True,PRJ-WTR-P03-V1,SYNTHETIC_RESEARCH_FIXTURE,OG-SYNTH-0.2,A-0.2,build_opus_synthetic_programme_v0_2.py@0.2,20260811,True,09a1cc9d889d6f4a8e466e7ddaf8cafff415e3cebb39c0b4daa6828a08452ad5
PRJ-WTR,P03,PRJ-WTR-A12,0.0,,,9.92475,222.644898,232.569648,0.0,True,PRJ-WTR-P03-V1,SYNTHETIC_RESEARCH_FIXTURE,OG-SYNTH-0.2,A-0.2,build_opus_synthetic_programme_v0_2.py@0.2,20260811,True,06aff0ea231c823c8272a91706c828e4ab56e27c9fc91e6bd0ca4deffafd8027
PRJ-WTR,P04,PRJ-WTR-A01,1.0,0.0,3.4,0.0,149.0,149.0,-0.0,True,PRJ-WTR-P04-V1,SYNTHETIC_RESEARCH_FIXTURE,OG-SYNTH-0.2,A-0.2,build_opus_synthetic_programme_v0_2.py@0.2,20260811,True,e1d136cfcbc6fdbb14d998eb8845614129cb09cf9f38c287ad4f46e934c6e01c
PRJ-WTR,P04,PRJ-WTR-A02,1.0,3.4,20.8,0.0,149.0,149.0,0.681486,False,PRJ-WTR-P04-V1,SYNTHETIC_RESEARCH_FIXTURE,OG-SYNTH-0.2,A-0.2,build_opus_synthetic_programme_v0_2.py@0.2,20260811,True,68deebdd1b262fb16f1cd60cdc1742c0b3639b134669c9c4b1add9b3c939197b
PRJ-WTR,P04,PRJ-WTR-A03,0.969191,3.4,,0.681486,149.0,149.681486,-0.0,True,PRJ-WTR-P04-V1,SYNTHETIC_RESEARCH_FIXTURE,OG-SYNTH-0.2,A-0.2,build_opus_synthetic_programme_v0_2.py@0.2,20260811,True,a7fa157cc6de92323fb8b0267cd0ffc50679fd859abd86318bb0e8828ea5a4ec
PRJ-WTR,P04,PRJ-WTR-A04,0.9749,25.8,,0.442866,149.681486,150.124352,-0.0,True,PRJ-WTR-P04-V1,SYNTHETIC_RESEARCH_FIXTURE,OG-SYNTH-0.2,A-0.2,build_opus_synthetic_programme_v0_2.py@0.2,20260811,True,a93bbe447d87df2b5fefd9600fdbb6a0c736d6bc072d07d40e72944aa0732199
PRJ-WTR,P04,PRJ-WTR-A05,0.999378,43.4,,0.014468,150.124352,150.138821,-0.0,True,PRJ-WTR-P04-V1,SYNTHETIC_RESEARCH_FIXTURE,OG-SYNTH-0.2,A-0.2,build_opus_synthetic_programme_v0_2.py@0.2,20260811,True,ea0bca1f9ef8a1856b0455b98d93397abd8c30f0cc1d5986d5d7da41afbbba08
PRJ-WTR,P04,PRJ-WTR-A06,1.0,67.7,108.5,0.0,150.138821,150.138821,-0.0,True,PRJ-WTR-P04-V1,SYNTHETIC_RESEARCH_FIXTURE,OG-SYNTH-0.2,A-0.2,build_opus_synthetic_programme_v0_2.py@0.2,20260811,True,45b05461d58ce1513da648e97dc97b3317210738360b2d60522596ab49c35706
PRJ-WTR,P04,PRJ-WTR-A07,1.0,108.5,138.3,0.0,150.138821,150.138821,23.518809,False,PRJ-WTR-P04-V1,SYNTHETIC_RESEARCH_FIXTURE,OG-SYNTH-0.2,A-0.2,build_opus_synthetic_programme_v0_2.py@0.2,20260811,True,b9a6fa6cd21832e355b05f969afcbf9a72c2688ec050a331df200ea0907fd827
PRJ-WTR,P04,PRJ-WTR-A08,1.0,108.5,147.1,0.0,150.138821,150.138821,-0.0,True,PRJ-WTR-P04-V1,SYNTHETIC_RESEARCH_FIXTURE,OG-SYNTH-0.2,A-0.2,build_opus_synthetic_programme_v0_2.py@0.2,20260811,True,103258880f35c97e3ba085aa03176f37374dd4cc41aca579166cc7483ae9083d
PRJ-WTR,P04,PRJ-WTR-A09,0.10681,147.1,,23.518809,150.138821,173.65763,-0.0,True,PRJ-WTR-P04-V1,SYNTHETIC_RESEARCH_FIXTURE,OG-SYNTH-0.2,A-0.2,build_opus_synthetic_programme_v0_2.py@0.2,20260811,True,7c6cd730f353b38db649e041ba2cdef2b95de19ee2a0deed6f44552d9846be56
PRJ-WTR,P04,PRJ-WTR-A10,0.05451,174.6,,28.504154,173.65763,202.161784,-0.0,True,PRJ-WTR-P04-V1,SYNTHETIC_RESEARCH_FIXTURE,OG-SYNTH-0.2,A-0.2,build_opus_synthetic_programme_v0_2.py@0.2,20260811,True,4ae64280af10f4ac984d9bcbd1ebffcd339bf9775271c0807e8a85b06d2437db
PRJ-WTR,P04,PRJ-WTR-A11,0.0,,,19.355,202.161784,221.516784,0.0,True,PRJ-WTR-P04-V1,SYNTHETIC_RESEARCH_FIXTURE,OG-SYNTH-0.2,A-0.2,build_opus_synthetic_programme_v0_2.py@0.2,20260811,True,c892f621ee3a01902cffcfa27e2013961ef622fd90f6256ffccbc7915b0aa154
PRJ-WTR,P04,PRJ-WTR-A12,0.018188,225.2,,9.744234,221.516784,231.261018,0.0,True,PRJ-WTR-P04-V1,SYNTHETIC_RESEARCH_FIXTURE,OG-SYNTH-0.2,A-0.2,build_opus_synthetic_programme_v0_2.py@0.2,20260811,True,c4f269ef406eb325df7f68bba570db73ab43be345ba7e75bfe24462c7a02df9f
PRJ-WTR,P05,PRJ-WTR-A01,0.995977,0.0,,0.013097,186.0,186.013097,-0.0,True,PRJ-WTR-P05-V1,SYNTHETIC_RESEARCH_FIXTURE,OG-SYNTH-0.2,A-0.2,build_opus_synthetic_programme_v0_2.py@0.2,20260811,True,1e226d9e530d8c8d91282b129132e3832a9f4ef5a67bcecab6062e4e486f842a
PRJ-WTR,P05,PRJ-WTR-A02,0.980486,3.4,,0.330201,186.013097,186.343298,-0.0,True,PRJ-WTR-P05-V1,SYNTHETIC_RESEARCH_FIXTURE,OG-SYNTH-0.2,A-0.2,build_opus_synthetic_programme_v0_2.py@0.2,20260811,True,362ded2d971a0941a4a935cfebaac73a2e1be6c7f5f3dd93758068a5620b0e32
PRJ-WTR,P05,PRJ-WTR-A03,1.0,3.4,25.8,0.0,186.013097,186.013097,0.330201,False,PRJ-WTR-P05-V1,SYNTHETIC_RESEARCH_FIXTURE,OG-SYNTH-0.2,A-0.2,build_opus_synthetic_programme_v0_2.py@0.2,20260811,True,b1d7163eef63b7913b0af35f1d4b83d0cf1d428efcb485da1b526933a20a6186
PRJ-WTR,P05,PRJ-WTR-A04,1.0,25.8,43.4,0.0,186.343298,186.343298,-0.0,True,PRJ-WTR-P05-V1,SYNTHETIC_RESEARCH_FIXTURE,OG-SYNTH-0.2,A-0.2,build_opus_synthetic_programme_v0_2.py@0.2,20260811,True,5d991e9f4c2d27dad3759ef80fc2d6542eda12e01c3a9dc46f53f0aa7ab65668
PRJ-WTR,P05,PRJ-WTR-A05,1.0,43.4,67.7,0.0,186.343298,186.343298,-0.0,True,PRJ-WTR-P05-V1,SYNTHETIC_RESEARCH_FIXTURE,OG-SYNTH-0.2,A-0.2,build_opus_synthetic_programme_v0_2.py@0.2,20260811,True,b5093b09add2079f69bcbf00fb0c51cddd618a086781958f475ad8cc6a47b532
PRJ-WTR,P05,PRJ-WTR-A06,0.984301,67.7,,0.622905,186.343298,186.966203,-0.0,True,PRJ-WTR-P05-V1,SYNTHETIC_RESEARCH_FIXTURE,OG-SYNTH-0.2,A-0.2,build_opus_synthetic_programme_v0_2.py@0.2,20260811,True,2d60ab61a81cf5655204314cd49e018d1e040eda262ef8173e9e18a33b3bd7aa
PRJ-WTR,P05,PRJ-WTR-A07,1.0,108.5,138.3,0.0,186.966203,186.966203,1.774878,False,PRJ-WTR-P05-V1,SYNTHETIC_RESEARCH_FIXTURE,OG-SYNTH-0.2,A-0.2,build_opus_synthetic_programme_v0_2.py@0.2,20260811,True,f9a23117f8a0742c3cb001a722ca41983e53a60e8fc23d40de2023ee9e291599
PRJ-WTR,P05,PRJ-WTR-A08,0.954133,108.5,,1.774878,186.966203,188.741081,-0.0,True,PRJ-WTR-P05-V1,SYNTHETIC_RESEARCH_FIXTURE,OG-SYNTH-0.2,A-0.2,build_opus_synthetic_programme_v0_2.py@0.2,20260811,True,d04306fbae02a09ab445ce041fa9d62bf4efcaa280f6240ef10d353293c335c0
PRJ-WTR,P05,PRJ-WTR-A09,1.0,147.1,174.6,0.0,188.741081,188.741081,-0.0,True,PRJ-WTR-P05-V1,SYNTHETIC_RESEARCH_FIXTURE,OG-SYNTH-0.2,A-0.2,build_opus_synthetic_programme_v0_2.py@0.2,20260811,True,27f01dfe58c8b8e08de54f2c9acc83de41aa7edd27c82b0215ef2c80e9ece8a9
PRJ-WTR,P05,PRJ-WTR-A10,0.334721,174.6,,20.056491,188.741081,208.797571,-0.0,True,PRJ-WTR-P05-V1,SYNTHETIC_RESEARCH_FIXTURE,OG-SYNTH-0.2,A-0.2,build_opus_synthetic_programme_v0_2.py@0.2,20260811,True,d653958eae11efed417a84b74201b66e9bb991d4ac644eaf262de38598555b64
PRJ-WTR,P05,PRJ-WTR-A11,0.0,,,19.355,208.797571,228.152571,-0.0,True,PRJ-WTR-P05-V1,SYNTHETIC_RESEARCH_FIXTURE,OG-SYNTH-0.2,A-0.2,build_opus_synthetic_programme_v0_2.py@0.2,20260811,True,90030def84333ba54c5b427ee2b875ee220165e102f1b62ac4921812f28d391d
PRJ-WTR,P05,PRJ-WTR-A12,0.00577,225.2,,9.867485,228.152571,238.020056,0.0,True,PRJ-WTR-P05-V1,SYNTHETIC_RESEARCH_FIXTURE,OG-SYNTH-0.2,A-0.2,build_opus_synthetic_programme_v0_2.py@0.2,20260811,True,1942955b4dca1e2dc698ceb8e9e6f592f40bf2a77bbf1ebd4e50c9ce9c4051db
PRJ-WTR,P06,PRJ-WTR-A01,0.993148,0.0,,0.022306,223.0,223.022306,-0.0,True,PRJ-WTR-P06-V1,SYNTHETIC_RESEARCH_FIXTURE,OG-SYNTH-0.2,A-0.2,build_opus_synthetic_programme_v0_2.py@0.2,20260811,True,9aef2d466031e8a1ea9048d334377fcb3c0d1349390ca32dfb093002ddb8a767
PRJ-WTR,P06,PRJ-WTR-A02,1.0,3.4,20.8,0.0,223.022306,223.022306,-0.0,True,PRJ-WTR-P06-V1,SYNTHETIC_RESEARCH_FIXTURE,OG-SYNTH-0.2,A-0.2,build_opus_synthetic_programme_v0_2.py@0.2,20260811,True,f21d88218866212dd28abefc916a1ce063150756031e8033aa48546316a8651e
PRJ-WTR,P06,PRJ-WTR-A03,1.0,3.4,25.8,0.0,223.022306,223.022306,-0.0,True,PRJ-WTR-P06-V1,SYNTHETIC_RESEARCH_FIXTURE,OG-SYNTH-0.2,A-0.2,build_opus_synthetic_programme_v0_2.py@0.2,20260811,True,8221e0b734fa4db6fcbd9785fcdb864cfe06437fb71d1a1a4d07288684b749b9
PRJ-WTR,P06,PRJ-WTR-A04,1.0,25.8,43.4,0.0,223.022306,223.022306,-0.0,True,PRJ-WTR-P06-V1,SYNTHETIC_RESEARCH_FIXTURE,OG-SYNTH-0.2,A-0.2,build_opus_synthetic_programme_v0_2.py@0.2,20260811,True,d878a96ece47e127fac83742c3ed70331c90c618ba694ac9a7c511ee2f548636
PRJ-WTR,P06,PRJ-WTR-A05,1.0,43.4,67.7,0.0,223.022306,223.022306,-0.0,True,PRJ-WTR-P06-V1,SYNTHETIC_RESEARCH_FIXTURE,OG-SYNTH-0.2,A-0.2,build_opus_synthetic_programme_v0_2.py@0.2,20260811,True,1b56344dca99caaf4f3b475bfa6ce234ba62f93ae816bc027ab6308dea5c0cd9
PRJ-WTR,P06,PRJ-WTR-A06,1.0,67.7,108.5,0.0,223.022306,223.022306,-0.0,True,PRJ-WTR-P06-V1,SYNTHETIC_RESEARCH_FIXTURE,OG-SYNTH-0.2,A-0.2,build_opus_synthetic_programme_v0_2.py@0.2,20260811,True,25bbf9bcd0f35bc0322b7667d15b0ad45873152228172c0b0854616727d65636
PRJ-WTR,P06,PRJ-WTR-A07,0.982884,108.5,,0.50367,223.022306,223.525977,1.032846,False,PRJ-WTR-P06-V1,SYNTHETIC_RESEARCH_FIXTURE,OG-SYNTH-0.2,A-0.2,build_opus_synthetic_programme_v0_2.py@0.2,20260811,True,4d8ec70c8b3c2a99a478ce5f466c3a880858943baea087ed23b7454d60dc24c7
PRJ-WTR,P06,PRJ-WTR-A08,0.980319,108.5,,0.761582,223.022306,223.783888,-0.0,True,PRJ-WTR-P06-V1,SYNTHETIC_RESEARCH_FIXTURE,OG-SYNTH-0.2,A-0.2,build_opus_synthetic_programme_v0_2.py@0.2,20260811,True,8447a6a928cad5277f4f9aa999b7869fa33da26a8be9be6d9d09d27b10944a98
PRJ-WTR,P06,PRJ-WTR-A09,0.97057,147.1,,0.774935,223.783888,224.558823,-0.0,True,PRJ-WTR-P06-V1,SYNTHETIC_RESEARCH_FIXTURE,OG-SYNTH-0.2,A-0.2,build_opus_synthetic_programme_v0_2.py@0.2,20260811,True,e39824e99cb1a43542b6bb036d9368fdf40214d7b68bfd4f18b69096d8e266e7
PRJ-WTR,P06,PRJ-WTR-A10,1.0,174.6,205.6,0.0,224.558823,224.558823,-0.0,True,PRJ-WTR-P06-V1,SYNTHETIC_RESEARCH_FIXTURE,OG-SYNTH-0.2,A-0.2,build_opus_synthetic_programme_v0_2.py@0.2,20260811,True,06fd113c8d49567a38875820d196e9ff480b2e3ab3b1be4a55214798cce731de
PRJ-WTR,P06,PRJ-WTR-A11,0.943696,205.6,,1.089768,224.558823,225.648591,-0.0,True,PRJ-WTR-P06-V1,SYNTHETIC_RESEARCH_FIXTURE,OG-SYNTH-0.2,A-0.2,build_opus_synthetic_programme_v0_2.py@0.2,20260811,True,eb82f04e84998294766f886b4057be3b67f77dc6e927d5efc942609bfa576cb6
PRJ-WTR,P06,PRJ-WTR-A12,0.012078,225.2,,9.804878,225.648591,235.453469,-0.0,True,PRJ-WTR-P06-V1,SYNTHETIC_RESEARCH_FIXTURE,OG-SYNTH-0.2,A-0.2,build_opus_synthetic_programme_v0_2.py@0.2,20260811,True,91ca8ab08930e37c4fabd53be78f81094fd14dcc9875773beb9e1b3614421d57
PRJ-RAL,P01,PRJ-RAL-A01,1.0,0.0,6.5,0.0,45.0,45.0,-0.0,True,PRJ-RAL-P01-V1,SYNTHETIC_RESEARCH_FIXTURE,OG-SYNTH-0.2,A-0.2,build_opus_synthetic_programme_v0_2.py@0.2,20260811,True,673c0719bd696dd9f6aac9a4d32a1a79ccb071debb17909b6d7ce8243d43499d
PRJ-RAL,P01,PRJ-RAL-A02,0.951163,6.5,,1.084223,45.0,46.084223,-0.0,True,PRJ-RAL-P01-V1,SYNTHETIC_RESEARCH_FIXTURE,OG-SYNTH-0.2,A-0.2,build_opus_synthetic_programme_v0_2.py@0.2,20260811,True,31993f239fb04e27b5ce4bae5d06ac220b1ed2b2ac8793482d6a75e8ae6f660e
PRJ-RAL,P01,PRJ-RAL-A03,0.999455,6.5,,0.018559,45.0,45.018559,1.065663,False,PRJ-RAL-P01-V1,SYNTHETIC_RESEARCH_FIXTURE,OG-SYNTH-0.2,A-0.2,build_opus_synthetic_programme_v0_2.py@0.2,20260811,True,e1dd120b01cb9208e5f472c242d1723c8e4d3e29cb54ab459ee9c6ab519f97a8
PRJ-RAL,P01,PRJ-RAL-A04,0.296721,37.8,,18.686298,46.084223,64.77052,-0.0,True,PRJ-RAL-P01-V1,SYNTHETIC_RESEARCH_FIXTURE,OG-SYNTH-0.2,A-0.2,build_opus_synthetic_programme_v0_2.py@0.2,20260811,True,5cffa499d0a73f44060fe252d335140d3089aa9d3966b8a9e0ceae7f158ae77d
PRJ-RAL,P01,PRJ-RAL-A05,0.0,,,31.5135,64.77052,96.28402,-0.0,True,PRJ-RAL-P01-V1,SYNTHETIC_RESEARCH_FIXTURE,OG-SYNTH-0.2,A-0.2,build_opus_synthetic_programme_v0_2.py@0.2,20260811,True,fae9abae2357579b20bdcabca96c1f471835c5b506434fcc72de3bf7d5b957ce
PRJ-RAL,P01,PRJ-RAL-A06,0.043894,91.7,,49.322862,96.28402,145.606882,-0.0,True,PRJ-RAL-P01-V1,SYNTHETIC_RESEARCH_FIXTURE,OG-SYNTH-0.2,A-0.2,build_opus_synthetic_programme_v0_2.py@0.2,20260811,True,90e16c880e6c61788c84105086b8ed2ab23bba360c4bbb1be7b724b0bc2821d0
PRJ-RAL,P01,PRJ-RAL-A07,0.004954,139.8,,37.332868,145.606882,182.93975,40.794745,False,PRJ-RAL-P01-V1,SYNTHETIC_RESEARCH_FIXTURE,OG-SYNTH-0.2,A-0.2,build_opus_synthetic_programme_v0_2.py@0.2,20260811,True,871eff6763da57e6bd7c4c414a55d3a3626e0d27f25170f5a458ff5035c7bec4
PRJ-RAL,P01,PRJ-RAL-A08,0.015499,139.8,,44.393363,145.606882,190.000245,0.0,True,PRJ-RAL-P01-V1,SYNTHETIC_RESEARCH_FIXTURE,OG-SYNTH-0.2,A-0.2,build_opus_synthetic_programme_v0_2.py@0.2,20260811,True,c1dfb0155a364417afa4b381cc93256b6ae299ceeeec1133403df03facae19d1
PRJ-RAL,P01,PRJ-RAL-A09,0.0,,,33.73425,190.000245,223.734495,0.0,True,PRJ-RAL-P01-V1,SYNTHETIC_RESEARCH_FIXTURE,OG-SYNTH-0.2,A-0.2,build_opus_synthetic_programme_v0_2.py@0.2,20260811,True,27382765917b680f71584c5de826cbbe3db50943178937bef3ba4061b34a52e5
PRJ-RAL,P01,PRJ-RAL-A10,0.005707,212.6,,40.522393,223.734495,264.256888,0.0,True,PRJ-RAL-P01-V1,SYNTHETIC_RESEARCH_FIXTURE,OG-SYNTH-0.2,A-0.2,build_opus_synthetic_programme_v0_2.py@0.2,20260811,True,491651bd672637f2b8416f6095d26c165ce3a633021aae056df8f481c171f1de
PRJ-RAL,P01,PRJ-RAL-A11,0.012743,250.6,,23.405392,264.256888,287.662279,0.0,True,PRJ-RAL-P01-V1,SYNTHETIC_RESEARCH_FIXTURE,OG-SYNTH-0.2,A-0.2,build_opus_synthetic_programme_v0_2.py@0.2,20260811,True,d81e2203990a0f91587c703d399464073292d8815be7afb4b9cfbf664afcec2e
PRJ-RAL,P01,PRJ-RAL-A12,0.0,,,13.4505,287.662279,301.112779,0.0,True,PRJ-RAL-P01-V1,SYNTHETIC_RESEARCH_FIXTURE,OG-SYNTH-0.2,A-0.2,build_opus_synthetic_programme_v0_2.py@0.2,20260811,True,f015e65fa8ba6ce4e4e74369ea21417baa722c8cf37ccddd797661a07ee55666
PRJ-RAL,P02,PRJ-RAL-A01,0.947519,0.0,,0.36074,90.0,90.36074,0.0,True,PRJ-RAL-P02-V1,SYNTHETIC_RESEARCH_FIXTURE,OG-SYNTH-0.2,A-0.2,build_opus_synthetic_programme_v0_2.py@0.2,20260811,True,9083d7d8057a29ca8b9d40cb0a9a0f89cc0ddcf3aebc2c308c20ec687ad1f998
PRJ-RAL,P02,PRJ-RAL-A02,0.982738,6.5,,0.383239,90.36074,90.743979,0.0,True,PRJ-RAL-P02-V1,SYNTHETIC_RESEARCH_FIXTURE,OG-SYNTH-0.2,A-0.2,build_opus_synthetic_programme_v0_2.py@0.2,20260811,True,465ebc32f3d000f66ef53af434078023ecf491e5ed784c7d03bc500287549e4f
PRJ-RAL,P02,PRJ-RAL-A03,0.997929,6.5,,0.070494,90.36074,90.431234,0.312745,False,PRJ-RAL-P02-V1,SYNTHETIC_RESEARCH_FIXTURE,OG-SYNTH-0.2,A-0.2,build_opus_synthetic_programme_v0_2.py@0.2,20260811,True,ce03d7210053bcd87dba04398a27c89c82dae495725cdb6d8cbd41487d3a35a3
PRJ-RAL,P02,PRJ-RAL-A04,0.975511,37.8,,0.65068,90.743979,91.394658,0.0,True,PRJ-RAL-P02-V1,SYNTHETIC_RESEARCH_FIXTURE,OG-SYNTH-0.2,A-0.2,build_opus_synthetic_programme_v0_2.py@0.2,20260811,True,d2f831c439dbf9b250d46ddf7b0695d87f6c1b337d16f59bee70a47587905bd1
PRJ-RAL,P02,PRJ-RAL-A05,0.907887,61.9,,2.902804,91.394658,94.297463,0.0,True,PRJ-RAL-P02-V1,SYNTHETIC_RESEARCH_FIXTURE,OG-SYNTH-0.2,A-0.2,build_opus_synthetic_programme_v0_2.py@0.2,20260811,True,676fda8245ffaa3b11ae62a82e1d492709ccb632f49cae751143c444d20af953
PRJ-RAL,P02,PRJ-RAL-A06,0.0,,,51.58725,94.297463,145.884713,0.0,True,PRJ-RAL-P02-V1,SYNTHETIC_RESEARCH_FIXTURE,OG-SYNTH-0.2,A-0.2,build_opus_synthetic_programme_v0_2.py@0.2,20260811,True,758e687ffb58b506eb0960c7f5d1b6e1abd875b93798f5489e2c863b03ba5370
PRJ-RAL,P02,PRJ-RAL-A07,0.0,,,37.51875,145.884713,183.403463,40.883285,False,PRJ-RAL-P02-V1,SYNTHETIC_RESEARCH_FIXTURE,OG-SYNTH-0.2,A-0.2,build_opus_synthetic_programme_v0_2.py@0.2,20260811,True,5646e50935e318f47543b7e31e0db60c4010c71aa9785217d9fd43ba09d9b261
PRJ-RAL,P02,PRJ-RAL-A08,0.0,,,45.09225,145.884713,190.976963,0.0,True,PRJ-RAL-P02-V1,SYNTHETIC_RESEARCH_FIXTURE,OG-SYNTH-0.2,A-0.2,build_opus_synthetic_programme_v0_2.py@0.2,20260811,True,8d75afada32a3a7c8e5c37fab74e90b48751a51889aba13cd493f0acdc66484f
PRJ-RAL,P02,PRJ-RAL-A09,0.012583,180.7,,33.309785,190.976963,224.286748,0.0,True,PRJ-RAL-P02-V1,SYNTHETIC_RESEARCH_FIXTURE,OG-SYNTH-0.2,A-0.2,build_opus_synthetic_programme_v0_2.py@0.2,20260811,True,3d629ca9d48463405c9dd062b9950882f21db1bfc4f34658e2e2dd89acc3d2a0
PRJ-RAL,P02,PRJ-RAL-A10,0.016861,212.6,,40.06781,224.286748,264.354558,0.0,True,PRJ-RAL-P02-V1,SYNTHETIC_RESEARCH_FIXTURE,OG-SYNTH-0.2,A-0.2,build_opus_synthetic_programme_v0_2.py@0.2,20260811,True,8c856072810e8980eaa7802a09af61669b862bb649e329f9f65149ffe19f34e3
PRJ-RAL,P02,PRJ-RAL-A11,0.006367,250.6,,23.556547,264.354558,287.911105,0.0,True,PRJ-RAL-P02-V1,SYNTHETIC_RESEARCH_FIXTURE,OG-SYNTH-0.2,A-0.2,build_opus_synthetic_programme_v0_2.py@0.2,20260811,True,cfcb032fd8df13c9c26210823edc683cf2130dff77a82452c0546a62aa986ff5
PRJ-RAL,P02,PRJ-RAL-A12,0.012101,272.40000000000003,,13.287729,287.911105,301.198834,0.0,True,PRJ-RAL-P02-V1,SYNTHETIC_RESEARCH_FIXTURE,OG-SYNTH-0.2,A-0.2,build_opus_synthetic_programme_v0_2.py@0.2,20260811,True,6e908d892d112ee357789ff64b0264286e38bec7dfd90719714f506a132e5a68
PRJ-RAL,P03,PRJ-RAL-A01,0.958898,0.0,,0.282522,135.0,135.282522,0.0,True,PRJ-RAL-P03-V1,SYNTHETIC_RESEARCH_FIXTURE,OG-SYNTH-0.2,A-0.2,build_opus_synthetic_programme_v0_2.py@0.2,20260811,True,df255cb4845fdc7922dfd72370b3d9bb17daa1c7abca6bbab60561a164d9b11c
PRJ-RAL,P03,PRJ-RAL-A02,0.973446,6.5,,0.589519,135.282522,135.872041,1.078769,False,PRJ-RAL-P03-V1,SYNTHETIC_RESEARCH_FIXTURE,OG-SYNTH-0.2,A-0.2,build_opus_synthetic_programme_v0_2.py@0.2,20260811,True,5e7e3ba2243b4e3cca52649fc6e647fbbc7a0b8921ef8a601ea28b58b1bf0b6a
PRJ-RAL,P03,PRJ-RAL-A03,0.950989,6.5,,1.668288,135.282522,136.95081,0.0,True,PRJ-RAL-P03-V1,SYNTHETIC_RESEARCH_FIXTURE,OG-SYNTH-0.2,A-0.2,build_opus_synthetic_programme_v0_2.py@0.2,20260811,True,7b259359c8c06bb661ae4369636fb8663e947e7dce57a8137f2966f65281e5ef
PRJ-RAL,P03,PRJ-RAL-A04,0.990376,37.8,,0.255714,136.95081,137.206524,0.0,True,PRJ-RAL-P03-V1,SYNTHETIC_RESEARCH_FIXTURE,OG-SYNTH-0.2,A-0.2,build_opus_synthetic_programme_v0_2.py@0.2,20260811,True,701732a9d9ad9e087f99f6c3a50761d633f6c66a21edbf79c8a9820191553852
PRJ-RAL,P03,PRJ-RAL-A05,0.99845,61.9,,0.048856,137.206524,137.25538,0.0,True,PRJ-RAL-P03-V1,SYNTHETIC_RESEARCH_FIXTURE,OG-SYNTH-0.2,A-0.2,build_opus_synthetic_programme_v0_2.py@0.2,20260811,True,76197590c76219d5022360b128ae28ecfc895f835f609345d77a261fc981aa5f
PRJ-RAL,P03,PRJ-RAL-A06,0.872531,91.7,,6.575765,137.25538,143.831146,0.0,True,PRJ-RAL-P03-V1,SYNTHETIC_RESEARCH_FIXTURE,OG-SYNTH-0.2,A-0.2,build_opus_synthetic_programme_v0_2.py@0.2,20260811,True,e1864474cba743def2942ccd238920b3809f01a6f611fdf8c1ce20c1c5bbcf7f
PRJ-RAL,P03,PRJ-RAL-A07,0.020664,139.8,,36.743449,143.831146,180.574595,40.410262,False,PRJ-RAL-P03-V1,SYNTHETIC_RESEARCH_FIXTURE,OG-SYNTH-0.2,A-0.2,build_opus_synthetic_programme_v0_2.py@0.2,20260811,True,0420fcc604f5700262e4a37816d27267d2e4df0df9bd3fd4ce26be91d8108cbc
PRJ-RAL,P03,PRJ-RAL-A08,0.0,,,45.09225,143.831146,188.923396,0.0,True,PRJ-RAL-P03-V1,SYNTHETIC_RESEARCH_FIXTURE,OG-SYNTH-0.2,A-0.2,build_opus_synthetic_programme_v0_2.py@0.2,20260811,True,98b9e2351504d22231c11424702324de6375a0940d7210aa93f0c39f3bc00a19
PRJ-RAL,P03,PRJ-RAL-A09,0.049587,180.7,,32.061461,188.923396,220.984857,0.0,True,PRJ-RAL-P03-V1,SYNTHETIC_RESEARCH_FIXTURE,OG-SYNTH-0.2,A-0.2,build_opus_synthetic_programme_v0_2.py@0.2,20260811,True,cb94329cfc5f2ba1eb45826a150b3f18d0de15c0f271ab354138f22d6a45aacc
PRJ-RAL,P03,PRJ-RAL-A10,0.0,,,40.755,220.984857,261.739857,0.0,True,PRJ-RAL-P03-V1,SYNTHETIC_RESEARCH_FIXTURE,OG-SYNTH-0.2,A-0.2,build_opus_synthetic_programme_v0_2.py@0.2,20260811,True,1422ec70a82c77ed18b526110fa48ab5d1e9ee882dbc832e68e956099c15d09b
PRJ-RAL,P03,PRJ-RAL-A11,0.0,,,23.7075,261.739857,285.447357,0.0,True,PRJ-RAL-P03-V1,SYNTHETIC_RESEARCH_FIXTURE,OG-SYNTH-0.2,A-0.2,build_opus_synthetic_programme_v0_2.py@0.2,20260811,True,70b252a0be301e30c70ee355e81ff0ff614511917bb04b1bcbca5ddbce60a5fd
PRJ-RAL,P03,PRJ-RAL-A12,0.021812,272.40000000000003,,13.157114,285.447357,298.604471,0.0,True,PRJ-RAL-P03-V1,SYNTHETIC_RESEARCH_FIXTURE,OG-SYNTH-0.2,A-0.2,build_opus_synthetic_programme_v0_2.py@0.2,20260811,True,1dae6dae257d1a05a909e0f4fc2fa26680cb9f8936a0cd0ba147147cd6ae7ab5
PRJ-RAL,P04,PRJ-RAL-A01,0.98591,0.0,,0.096849,179.0,179.096849,-0.0,True,PRJ-RAL-P04-V1,SYNTHETIC_RESEARCH_FIXTURE,OG-SYNTH-0.2,A-0.2,build_opus_synthetic_programme_v0_2.py@0.2,20260811,True,310fe154f7a4e232d8e14a2bc5b0ecdf14af8f9842b7c3d8cd22ab3884ea437c
PRJ-RAL,P04,PRJ-RAL-A02,0.918659,6.5,,1.805833,179.096849,180.902682,0.701578,False,PRJ-RAL-P04-V1,SYNTHETIC_RESEARCH_FIXTURE,OG-SYNTH-0.2,A-0.2,build_opus_synthetic_programme_v0_2.py@0.2,20260811,True,dc22e719b519798cda5531902c37d1426ab2ca8850650bb41dd5fa7a5d705f5e
PRJ-RAL,P04,PRJ-RAL-A03,0.926337,6.5,,2.507411,179.096849,181.60426,-0.0,True,PRJ-RAL-P04-V1,SYNTHETIC_RESEARCH_FIXTURE,OG-SYNTH-0.2,A-0.2,build_opus_synthetic_programme_v0_2.py@0.2,20260811,True,c3fe20acb415df5c96264629f2bb7b20bd3f7e6a850307e1e72b6e045f19f285
PRJ-RAL,P04,PRJ-RAL-A04,0.936826,37.8,,1.678557,181.60426,183.282817,-0.0,True,PRJ-RAL-P04-V1,SYNTHETIC_RESEARCH_FIXTURE,OG-SYNTH-0.2,A-0.2,build_opus_synthetic_programme_v0_2.py@0.2,20260811,True,b0e909b53030bf13f18ac33fa3c144e3f0bbfbe5230ba53bb2121315f24e53de
PRJ-RAL,P04,PRJ-RAL-A05,1.0,61.9,91.7,0.0,183.282817,183.282817,-0.0,True,PRJ-RAL-P04-V1,SYNTHETIC_RESEARCH_FIXTURE,OG-SYNTH-0.2,A-0.2,build_opus_synthetic_programme_v0_2.py@0.2,20260811,True,0787a00bd334242b0d84b53ae4a194f4d99a237889adf4e50342344fe8dba1c5
PRJ-RAL,P04,PRJ-RAL-A06,0.930709,91.7,,3.574509,183.282817,186.857326,-0.0,True,PRJ-RAL-P04-V1,SYNTHETIC_RESEARCH_FIXTURE,OG-SYNTH-0.2,A-0.2,build_opus_synthetic_programme_v0_2.py@0.2,20260811,True,eca47a9f0cfc6c7be3e8ec7ef5ed86786398917d16ea963aff7206d8f89285dd
PRJ-RAL,P04,PRJ-RAL-A07,0.952096,139.8,,1.79731,186.857326,188.654636,35.113014,False,PRJ-RAL-P04-V1,SYNTHETIC_RESEARCH_FIXTURE,OG-SYNTH-0.2,A-0.2,build_opus_synthetic_programme_v0_2.py@0.2,20260811,True,6e9d3697718d27f12762b2ecbd91dbfb3f88d4a30919f564adba54f1899ed995
PRJ-RAL,P04,PRJ-RAL-A08,0.929565,139.8,,3.176074,186.857326,190.0334,-0.0,True,PRJ-RAL-P04-V1,SYNTHETIC_RESEARCH_FIXTURE,OG-SYNTH-0.2,A-0.2,build_opus_synthetic_programme_v0_2.py@0.2,20260811,True,7e1eb1a077029ddcc2c217605382bf99f5e4a31278b8f0d069ad4b8798b16246
PRJ-RAL,P04,PRJ-RAL-A09,0.0,,,33.73425,190.0334,223.76765,-0.0,True,PRJ-RAL-P04-V1,SYNTHETIC_RESEARCH_FIXTURE,OG-SYNTH-0.2,A-0.2,build_opus_synthetic_programme_v0_2.py@0.2,20260811,True,eb84cfcf0969d9133f164640ce19bac2beabb4c9520972867a813030c59025ff
PRJ-RAL,P04,PRJ-RAL-A10,0.00645,212.6,,40.492131,223.76765,264.259781,-0.0,True,PRJ-RAL-P04-V1,SYNTHETIC_RESEARCH_FIXTURE,OG-SYNTH-0.2,A-0.2,build_opus_synthetic_programme_v0_2.py@0.2,20260811,True,006842e7d1d1e25c5b0d4bd549de8183d45a49a19e757daee5ddb1ebc1da0e1f
PRJ-RAL,P04,PRJ-RAL-A11,0.0,,,23.7075,264.259781,287.967281,-0.0,True,PRJ-RAL-P04-V1,SYNTHETIC_RESEARCH_FIXTURE,OG-SYNTH-0.2,A-0.2,build_opus_synthetic_programme_v0_2.py@0.2,20260811,True,5238ef9da4b23052fdf718b419a571bab42f3d481d020e738bf23047b0917f9b
PRJ-RAL,P04,PRJ-RAL-A12,0.0,,,13.4505,287.967281,301.417781,0.0,True,PRJ-RAL-P04-V1,SYNTHETIC_RESEARCH_FIXTURE,OG-SYNTH-0.2,A-0.2,build_opus_synthetic_programme_v0_2.py@0.2,20260811,True,64cc5baf16ee9be507a2c690a7895a04b5d72af212a9c964cd1b1cdbacbf7271
PRJ-RAL,P05,PRJ-RAL-A01,0.95676,0.0,,0.297221,224.0,224.297221,-0.0,True,PRJ-RAL-P05-V1,SYNTHETIC_RESEARCH_FIXTURE,OG-SYNTH-0.2,A-0.2,build_opus_synthetic_programme_v0_2.py@0.2,20260811,True,c04b8f9c4b0821e0c11e69c5f75cbc0bb973de889a00caf981e6b3fff73a33cc
PRJ-RAL,P05,PRJ-RAL-A02,0.924551,6.5,,1.675035,224.297221,225.972256,0.068488,False,PRJ-RAL-P05-V1,SYNTHETIC_RESEARCH_FIXTURE,OG-SYNTH-0.2,A-0.2,build_opus_synthetic_programme_v0_2.py@0.2,20260811,True,1c31670c6407a64af143a650eea496035bfcfb1ae75dcfdb1c37f351d1ea696f
PRJ-RAL,P05,PRJ-RAL-A03,0.948778,6.5,,1.743523,224.297221,226.040745,-0.0,True,PRJ-RAL-P05-V1,SYNTHETIC_RESEARCH_FIXTURE,OG-SYNTH-0.2,A-0.2,build_opus_synthetic_programme_v0_2.py@0.2,20260811,True,3a7b80940db0e41804b02e5687ab090cd7f9e6abf37aadea1f1738e4fde66637
PRJ-RAL,P05,PRJ-RAL-A04,0.966654,37.8,,0.886009,226.040745,226.926753,-0.0,True,PRJ-RAL-P05-V1,SYNTHETIC_RESEARCH_FIXTURE,OG-SYNTH-0.2,A-0.2,build_opus_synthetic_programme_v0_2.py@0.2,20260811,True,dd1d1db447cc4ebc458efb6fff0abefd1ce324acd43aae4e66223ad3db584fca
PRJ-RAL,P05,PRJ-RAL-A05,0.940905,61.9,,1.862296,226.926753,228.789049,-0.0,True,PRJ-RAL-P05-V1,SYNTHETIC_RESEARCH_FIXTURE,OG-SYNTH-0.2,A-0.2,build_opus_synthetic_programme_v0_2.py@0.2,20260811,True,4b40e2e4e55145541e1f99d90505d686c6361175d028ade86702c8d96728031b
PRJ-RAL,P05,PRJ-RAL-A06,0.927578,91.7,,3.73606,228.789049,232.525109,-0.0,True,PRJ-RAL-P05-V1,SYNTHETIC_RESEARCH_FIXTURE,OG-SYNTH-0.2,A-0.2,build_opus_synthetic_programme_v0_2.py@0.2,20260811,True,6fe3483957af78d1d3b1b7d7aebcecab64ec8df2003dba88bec7c0a2a072a0f5
PRJ-RAL,P05,PRJ-RAL-A07,0.968644,139.8,,1.176437,232.525109,233.701546,1.541907,False,PRJ-RAL-P05-V1,SYNTHETIC_RESEARCH_FIXTURE,OG-SYNTH-0.2,A-0.2,build_opus_synthetic_programme_v0_2.py@0.2,20260811,True,fee9c87a6b2fd08dde4ec83e7cacf9ec201f7d2737d977b1e5f0ce4338da3b19
PRJ-RAL,P05,PRJ-RAL-A08,0.989147,139.8,,0.489375,232.525109,233.014484,-0.0,True,PRJ-RAL-P05-V1,SYNTHETIC_RESEARCH_FIXTURE,OG-SYNTH-0.2,A-0.2,build_opus_synthetic_programme_v0_2.py@0.2,20260811,True,1942c43139ad7f836d03d779e494865331159b195a9ab5d3b9b3e8fa577f44de
PRJ-RAL,P05,PRJ-RAL-A09,0.933926,180.7,,2.228969,233.014484,235.243453,-0.0,True,PRJ-RAL-P05-V1,SYNTHETIC_RESEARCH_FIXTURE,OG-SYNTH-0.2,A-0.2,build_opus_synthetic_programme_v0_2.py@0.2,20260811,True,5f34594dfa41b944f42e88974e185e3ce412f3ab4400bee3339b931037b58c67
PRJ-RAL,P05,PRJ-RAL-A10,0.273226,212.6,,29.619658,235.243453,264.863111,-0.0,True,PRJ-RAL-P05-V1,SYNTHETIC_RESEARCH_FIXTURE,OG-SYNTH-0.2,A-0.2,build_opus_synthetic_programme_v0_2.py@0.2,20260811,True,2154cb2231e0790e40e63e590823746e4c11d7b4d48cbd3f3d313e89d3d55ac5
PRJ-RAL,P05,PRJ-RAL-A11,0.0,,,23.7075,264.863111,288.570611,-0.0,True,PRJ-RAL-P05-V1,SYNTHETIC_RESEARCH_FIXTURE,OG-SYNTH-0.2,A-0.2,build_opus_synthetic_programme_v0_2.py@0.2,20260811,True,36ffd02bda4909d570bdbfd35d6b819d23779375d0f642352bffe01e2239fe44
PRJ-RAL,P05,PRJ-RAL-A12,0.0,,,13.4505,288.570611,302.021111,0.0,True,PRJ-RAL-P05-V1,SYNTHETIC_RESEARCH_FIXTURE,OG-SYNTH-0.2,A-0.2,build_opus_synthetic_programme_v0_2.py@0.2,20260811,True,59d9adc647ab951ab7c5cf406ebf3e8e311e60a9ff849b5c457a2e79a46d6f59
PRJ-RAL,P06,PRJ-RAL-A01,0.902282,0.0,,0.671692,269.0,269.671692,-0.0,True,PRJ-RAL-P06-V1,SYNTHETIC_RESEARCH_FIXTURE,OG-SYNTH-0.2,A-0.2,build_opus_synthetic_programme_v0_2.py@0.2,20260811,True,f82aad3b6c651e577e7c30a4e28f1b2eab3112129c7df41c1b9e41722c78678d
PRJ-RAL,P06,PRJ-RAL-A02,0.932674,6.5,,1.494686,269.671692,271.166378,1.095436,False,PRJ-RAL-P06-V1,SYNTHETIC_RESEARCH_FIXTURE,OG-SYNTH-0.2,A-0.2,build_opus_synthetic_programme_v0_2.py@0.2,20260811,True,acadfa894667b6f4769003402096673984f8d306582691ec10c86f2f81ba0f0a
PRJ-RAL,P06,PRJ-RAL-A03,0.923907,6.5,,2.590122,269.671692,272.261814,-0.0,True,PRJ-RAL-P06-V1,SYNTHETIC_RESEARCH_FIXTURE,OG-SYNTH-0.2,A-0.2,build_opus_synthetic_programme_v0_2.py@0.2,20260811,True,8e3f794d31fe8f26ec685c83f8b9c878af8881e0f02f6640757898c67165a184
PRJ-RAL,P06,PRJ-RAL-A04,0.95224,37.8,,1.268999,272.261814,273.530813,-0.0,True,PRJ-RAL-P06-V1,SYNTHETIC_RESEARCH_FIXTURE,OG-SYNTH-0.2,A-0.2,build_opus_synthetic_programme_v0_2.py@0.2,20260811,True,ecabfa54e26c6c662520ef677b51153c1597961713e903e9cc6db43aade0e786
PRJ-RAL,P06,PRJ-RAL-A05,0.941696,61.9,,1.837371,273.530813,275.368185,-0.0,True,PRJ-RAL-P06-V1,SYNTHETIC_RESEARCH_FIXTURE,OG-SYNTH-0.2,A-0.2,build_opus_synthetic_programme_v0_2.py@0.2,20260811,True,a7b774e9ab4e4e8a96159fa2e7e9d5ef7a43a53cee7a642e885959c9d6e2558e
PRJ-RAL,P06,PRJ-RAL-A06,0.91395,91.7,,4.439107,275.368185,279.807291,-0.0,True,PRJ-RAL-P06-V1,SYNTHETIC_RESEARCH_FIXTURE,OG-SYNTH-0.2,A-0.2,build_opus_synthetic_programme_v0_2.py@0.2,20260811,True,5497494d16742378d661144c845496de2e64e550ddb81c49ab15aeef31dd0f75
PRJ-RAL,P06,PRJ-RAL-A07,0.899341,139.8,,3.776586,279.807291,283.583877,3.419922,False,PRJ-RAL-P06-V1,SYNTHETIC_RESEARCH_FIXTURE,OG-SYNTH-0.2,A-0.2,build_opus_synthetic_programme_v0_2.py@0.2,20260811,True,f5a37022be9ddddfdbc443066d8cc05d3ee33f28a88f39f78ce6c7888c03da5e
PRJ-RAL,P06,PRJ-RAL-A08,0.909769,139.8,,4.068728,279.807291,283.876019,-0.0,True,PRJ-RAL-P06-V1,SYNTHETIC_RESEARCH_FIXTURE,OG-SYNTH-0.2,A-0.2,build_opus_synthetic_programme_v0_2.py@0.2,20260811,True,ee2e0c5b4efb612607fbdc4a8be8ba2e3afee6201acbf80400c0f813b9ae1098
PRJ-RAL,P06,PRJ-RAL-A09,0.907282,180.7,,3.12778,283.876019,287.003799,-0.0,True,PRJ-RAL-P06-V1,SYNTHETIC_RESEARCH_FIXTURE,OG-SYNTH-0.2,A-0.2,build_opus_synthetic_programme_v0_2.py@0.2,20260811,True,61f9ad3663e5ecc1802609e19cd5c45d0676ed64b5a5f57733dd7f2bdae33b9a
PRJ-RAL,P06,PRJ-RAL-A10,0.912363,212.6,,3.571638,287.003799,290.575437,-0.0,True,PRJ-RAL-P06-V1,SYNTHETIC_RESEARCH_FIXTURE,OG-SYNTH-0.2,A-0.2,build_opus_synthetic_programme_v0_2.py@0.2,20260811,True,ff59cfe6c00878045d0a2e86b42638708e392284a3da870b1b14a6d969e4ec8c
PRJ-RAL,P06,PRJ-RAL-A11,0.81113,250.6,,4.477627,290.575437,295.053064,-0.0,True,PRJ-RAL-P06-V1,SYNTHETIC_RESEARCH_FIXTURE,OG-SYNTH-0.2,A-0.2,build_opus_synthetic_programme_v0_2.py@0.2,20260811,True,8a89d61432a85ee2bb7c1f0aab91eeb4ff88149709c81d95d1e8447ad00e2301
PRJ-RAL,P06,PRJ-RAL-A12,0.010694,272.40000000000003,,13.30666,295.053064,308.359724,-0.0,True,PRJ-RAL-P06-V1,SYNTHETIC_RESEARCH_FIXTURE,OG-SYNTH-0.2,A-0.2,build_opus_synthetic_programme_v0_2.py@0.2,20260811,True,a6a83ed24478cd5134db7d617d9a8045e8aa177b90507fc02cee03668aed691a
PRJ-DCT,P01,PRJ-DCT-A01,1.0,0.0,4.9,0.0,38.0,38.0,0.0,True,PRJ-DCT-P01-V1,SYNTHETIC_RESEARCH_FIXTURE,OG-SYNTH-0.2,A-0.2,build_opus_synthetic_programme_v0_2.py@0.2,20260811,True,31454fbd4217e21c921b55671c244530c800cf89a5c2dc180e04c9c4c849c390
PRJ-DCT,P01,PRJ-DCT-A02,0.979855,4.9,,0.347357,38.0,38.347357,0.0,True,PRJ-DCT-P01-V1,SYNTHETIC_RESEARCH_FIXTURE,OG-SYNTH-0.2,A-0.2,build_opus_synthetic_programme_v0_2.py@0.2,20260811,True,c893f3e09fdb26ccff4b75be9d59a75ae12b13dc47e8a189cff5f1823d698cd3
PRJ-DCT,P01,PRJ-DCT-A03,0.996135,4.9,,0.120325,38.0,38.120325,0.227032,False,PRJ-DCT-P01-V1,SYNTHETIC_RESEARCH_FIXTURE,OG-SYNTH-0.2,A-0.2,build_opus_synthetic_programme_v0_2.py@0.2,20260811,True,612ccd2fc83b948ef058becc41300421e112fcb187a2eda65658145f09799b5b
PRJ-DCT,P01,PRJ-DCT-A04,0.162655,35.5,,15.389146,38.347357,53.736504,0.0,True,PRJ-DCT-P01-V1,SYNTHETIC_RESEARCH_FIXTURE,OG-SYNTH-0.2,A-0.2,build_opus_synthetic_programme_v0_2.py@0.2,20260811,True,91c3f9985454c6bd809b3b2b12d89f59f62684874033fa50d5d16502ad1bd9d4
PRJ-DCT,P01,PRJ-DCT-A05,0.031855,53.3,,21.510962,53.736504,75.247466,0.0,True,PRJ-DCT-P01-V1,SYNTHETIC_RESEARCH_FIXTURE,OG-SYNTH-0.2,A-0.2,build_opus_synthetic_programme_v0_2.py@0.2,20260811,True,953a8f021b6e90461ac9d5f0b8041b6896b9fdd54691a8e8688d1588165c8df8
PRJ-DCT,P01,PRJ-DCT-A06,0.006689,75.8,,37.14312,75.247466,112.390586,0.0,True,PRJ-DCT-P01-V1,SYNTHETIC_RESEARCH_FIXTURE,OG-SYNTH-0.2,A-0.2,build_opus_synthetic_programme_v0_2.py@0.2,20260811,True,03704d667ce2bc9716edd8ba890f8ad056c2c7ec84a431943d9bc21708093ae8
PRJ-DCT,P01,PRJ-DCT-A07,0.0,,,27.37075,112.390586,139.761336,35.293074,False,PRJ-DCT-P01-V1,SYNTHETIC_RESEARCH_FIXTURE,OG-SYNTH-0.2,A-0.2,build_opus_synthetic_programme_v0_2.py@0.2,20260811,True,2edc0d36f230a14e141c596493fb7537446083b40b51877cc5b88e79974b73ca
PRJ-DCT,P01,PRJ-DCT-A08,0.047501,113.1,,34.322574,112.390586,146.71316,0.0,True,PRJ-DCT-P01-V1,SYNTHETIC_RESEARCH_FIXTURE,OG-SYNTH-0.2,A-0.2,build_opus_synthetic_programme_v0_2.py@0.2,20260811,True,ea6c01bd18b879a0bae78308a3450a45f01f4f52064e055b9d331c249e7fb283
PRJ-DCT,P01,PRJ-DCT-A09,0.0,,,28.34125,146.71316,175.05441,0.0,True,PRJ-DCT-P01-V1,SYNTHETIC_RESEARCH_FIXTURE,OG-SYNTH-0.2,A-0.2,build_opus_synthetic_programme_v0_2.py@0.2,20260811,True,66da2b6c189b12387c0c5f935a59fede7d709f507b75a4538414ccaa17f65920
PRJ-DCT,P01,PRJ-DCT-A10,0.0,,,33.8845,175.05441,208.93891,0.0,True,PRJ-DCT-P01-V1,SYNTHETIC_RESEARCH_FIXTURE,OG-SYNTH-0.2,A-0.2,build_opus_synthetic_programme_v0_2.py@0.2,20260811,True,6d009e1b1c9a7e8ecf9046a62d70eebb0f5971bb6c4c3f2d8ba7475c2424b7df
PRJ-DCT,P01,PRJ-DCT-A11,0.021254,210.5,,18.523258,208.93891,227.462168,0.0,True,PRJ-DCT-P01-V1,SYNTHETIC_RESEARCH_FIXTURE,OG-SYNTH-0.2,A-0.2,build_opus_synthetic_programme_v0_2.py@0.2,20260811,True,2421d2e345cef6d9f03a18a63cc0c39cc71baef9cd81dc4dc3d1c58812f38838
PRJ-DCT,P01,PRJ-DCT-A12,0.009699,229.1,,13.905809,227.462168,241.367978,0.0,True,PRJ-DCT-P01-V1,SYNTHETIC_RESEARCH_FIXTURE,OG-SYNTH-0.2,A-0.2,build_opus_synthetic_programme_v0_2.py@0.2,20260811,True,9726d27eae9d5253b1bf7266aa04fd3146cbd7e9b5ea88cb33ad364035033b69
PRJ-DCT,P02,PRJ-DCT-A01,1.0,0.0,4.9,0.0,76.0,76.0,-0.0,True,PRJ-DCT-P02-V1,SYNTHETIC_RESEARCH_FIXTURE,OG-SYNTH-0.2,A-0.2,build_opus_synthetic_programme_v0_2.py@0.2,20260811,True,b223b788ea21cac941e75e39fe3f6da2464d3ceae6c036a51dc3f5193c99b454
PRJ-DCT,P02,PRJ-DCT-A02,1.0,4.9,22.1,0.0,76.0,76.0,0.649778,False,PRJ-DCT-P02-V1,SYNTHETIC_RESEARCH_FIXTURE,OG-SYNTH-0.2,A-0.2,build_opus_synthetic_programme_v0_2.py@0.2,20260811,True,10b7bfd8a26a330c5fcb0503c26c5a9e6866e9510a5b0a060525ce451bd46421
PRJ-DCT,P02,PRJ-DCT-A03,0.979131,4.9,,0.649778,76.0,76.649778,-0.0,True,PRJ-DCT-P02-V1,SYNTHETIC_RESEARCH_FIXTURE,OG-SYNTH-0.2,A-0.2,build_opus_synthetic_programme_v0_2.py@0.2,20260811,True,f42ecaa69cdd3dc9ba9dd394aa42065092c5fb2c3f718e76fac426c0b36f5fef
PRJ-DCT,P02,PRJ-DCT-A04,0.99807,35.5,,0.035469,76.649778,76.685247,-0.0,True,PRJ-DCT-P02-V1,SYNTHETIC_RESEARCH_FIXTURE,OG-SYNTH-0.2,A-0.2,build_opus_synthetic_programme_v0_2.py@0.2,20260811,True,e8ed38d103b48aca6d746e0ab202fceeeec121cb1fdd4fd9100b1549ed5b2f76
PRJ-DCT,P02,PRJ-DCT-A05,0.971119,53.3,,0.641703,76.685247,77.326949,-0.0,True,PRJ-DCT-P02-V1,SYNTHETIC_RESEARCH_FIXTURE,OG-SYNTH-0.2,A-0.2,build_opus_synthetic_programme_v0_2.py@0.2,20260811,True,f9a498244f2a8cb5919271cf91399082de67fe85c77d59b42bc3c312a693a909
PRJ-DCT,P02,PRJ-DCT-A06,0.0,,,37.39325,77.326949,114.720199,-0.0,True,PRJ-DCT-P02-V1,SYNTHETIC_RESEARCH_FIXTURE,OG-SYNTH-0.2,A-0.2,build_opus_synthetic_programme_v0_2.py@0.2,20260811,True,03e028eeaeed945cea16d01d67da3b91ce7f36f084993ba5f2d275dd7550b03f
PRJ-DCT,P02,PRJ-DCT-A07,0.0,,,27.37075,114.720199,142.090949,36.312132,False,PRJ-DCT-P02-V1,SYNTHETIC_RESEARCH_FIXTURE,OG-SYNTH-0.2,A-0.2,build_opus_synthetic_programme_v0_2.py@0.2,20260811,True,eabf8d4d3835133a7e822b89e93b215eadcf3b4a37e02d79157c1d76fc740102
PRJ-DCT,P02,PRJ-DCT-A08,0.0,,,36.03425,114.720199,150.754449,-0.0,True,PRJ-DCT-P02-V1,SYNTHETIC_RESEARCH_FIXTURE,OG-SYNTH-0.2,A-0.2,build_opus_synthetic_programme_v0_2.py@0.2,20260811,True,4c7e29b9d040375b8cee18b2174eb0be69ff62bf90aa9c1be351cb9bb9d3631a
PRJ-DCT,P02,PRJ-DCT-A09,0.024438,148.0,,27.648632,150.754449,178.403081,0.0,True,PRJ-DCT-P02-V1,SYNTHETIC_RESEARCH_FIXTURE,OG-SYNTH-0.2,A-0.2,build_opus_synthetic_programme_v0_2.py@0.2,20260811,True,0be566b68a193dd377e14c5f032ec37634322174b7e4c8b9ef46a1ad34a9dd0b
PRJ-DCT,P02,PRJ-DCT-A10,0.000644,176.7,,33.862665,178.403081,212.265746,0.0,True,PRJ-DCT-P02-V1,SYNTHETIC_RESEARCH_FIXTURE,OG-SYNTH-0.2,A-0.2,build_opus_synthetic_programme_v0_2.py@0.2,20260811,True,a9f6ac3c1c827c06c6b62aaf28b73ddd8e6e6d90a08c2d1cded966f3b83e09ea
PRJ-DCT,P02,PRJ-DCT-A11,0.035085,210.5,,18.261507,212.265746,230.527253,0.0,True,PRJ-DCT-P02-V1,SYNTHETIC_RESEARCH_FIXTURE,OG-SYNTH-0.2,A-0.2,build_opus_synthetic_programme_v0_2.py@0.2,20260811,True,a96d03584e0d86ac250ab9e413d549ebd42daf8c076bf8d8ffc22144e7539fa4
PRJ-DCT,P02,PRJ-DCT-A12,0.012095,229.1,,13.872168,230.527253,244.399421,0.0,True,PRJ-DCT-P02-V1,SYNTHETIC_RESEARCH_FIXTURE,OG-SYNTH-0.2,A-0.2,build_opus_synthetic_programme_v0_2.py@0.2,20260811,True,8bc1fe247fcf0b69cfbff86e69f501880915c94c10dfffdabcaba97206469f5f
PRJ-DCT,P03,PRJ-DCT-A01,1.0,0.0,4.9,0.0,114.0,114.0,-0.0,True,PRJ-DCT-P03-V1,SYNTHETIC_RESEARCH_FIXTURE,OG-SYNTH-0.2,A-0.2,build_opus_synthetic_programme_v0_2.py@0.2,20260811,True,63d57e652df2c5a43305c104ee57da6ea0dd05daeebd66f0fa8b3a2019c07120
PRJ-DCT,P03,PRJ-DCT-A02,0.996604,4.9,,0.058564,114.0,114.058564,0.408287,False,PRJ-DCT-P03-V1,SYNTHETIC_RESEARCH_FIXTURE,OG-SYNTH-0.2,A-0.2,build_opus_synthetic_programme_v0_2.py@0.2,20260811,True,8172bdabd4d5a9ab1ed6b8b8a657466ef1a0205c3e10dbb9b0f056d82d0bf5ee
PRJ-DCT,P03,PRJ-DCT-A03,0.985006,4.9,,0.46685,114.0,114.46685,-0.0,True,PRJ-DCT-P03-V1,SYNTHETIC_RESEARCH_FIXTURE,OG-SYNTH-0.2,A-0.2,build_opus_synthetic_programme_v0_2.py@0.2,20260811,True,f0926c7d6cdff2d61d6fc06566d1b4f25261358d2d4f801ffa895ca0d0ef5c5c
PRJ-DCT,P03,PRJ-DCT-A04,1.0,35.5,53.3,0.0,114.46685,114.46685,-0.0,True,PRJ-DCT-P03-V1,SYNTHETIC_RESEARCH_FIXTURE,OG-SYNTH-0.2,A-0.2,build_opus_synthetic_programme_v0_2.py@0.2,20260811,True,ee83514a607728efc2ae742425b2ee6e1b0e390db4a86fa7b5420840431072fc
PRJ-DCT,P03,PRJ-DCT-A05,0.99361,53.3,,0.141976,114.46685,114.608827,-0.0,True,PRJ-DCT-P03-V1,SYNTHETIC_RESEARCH_FIXTURE,OG-SYNTH-0.2,A-0.2,build_opus_synthetic_programme_v0_2.py@0.2,20260811,True,ac7787c4048683455453eb2bd37b55269082e93785d4f5d1ed6aa919bdd0f898
PRJ-DCT,P03,PRJ-DCT-A06,0.991312,75.8,,0.324878,114.608827,114.933704,-0.0,True,PRJ-DCT-P03-V1,SYNTHETIC_RESEARCH_FIXTURE,OG-SYNTH-0.2,A-0.2,build_opus_synthetic_programme_v0_2.py@0.2,20260811,True,2cdefe072a23cdb69fc2e78e4531c8069aa9d4eb0bca7168735920e633d3bd1d
PRJ-DCT,P03,PRJ-DCT-A07,0.042425,113.1,,26.209551,114.933704,141.143255,38.165949,False,PRJ-DCT-P03-V1,SYNTHETIC_RESEARCH_FIXTURE,OG-SYNTH-0.2,A-0.2,build_opus_synthetic_programme_v0_2.py@0.2,20260811,True,a8d1925ae2297512cd1d461728c750cd3beb1ade000dd6302d39a1c82bb05126
PRJ-DCT,P03,PRJ-DCT-A08,0.0,,,36.03425,114.933704,150.967954,-0.0,True,PRJ-DCT-P03-V1,SYNTHETIC_RESEARCH_FIXTURE,OG-SYNTH-0.2,A-0.2,build_opus_synthetic_programme_v0_2.py@0.2,20260811,True,986d0841d9ded9ebb85a2adabc21ff005f104aa50c6fb1f41a8cc19d8d085215
PRJ-DCT,P03,PRJ-DCT-A09,0.0,,,28.34125,150.967954,179.309204,-0.0,True,PRJ-DCT-P03-V1,SYNTHETIC_RESEARCH_FIXTURE,OG-SYNTH-0.2,A-0.2,build_opus_synthetic_programme_v0_2.py@0.2,20260811,True,dc129c77884cc0c281aa3cd42145e3d3831cf687413e24bab8b1eb3634a7bae3
PRJ-DCT,P03,PRJ-DCT-A10,0.010838,176.7,,33.517263,179.309204,212.826467,-0.0,True,PRJ-DCT-P03-V1,SYNTHETIC_RESEARCH_FIXTURE,OG-SYNTH-0.2,A-0.2,build_opus_synthetic_programme_v0_2.py@0.2,20260811,True,39e5c5dd6b91b6579e91473bf8e15bca8a879392d004f714ec015accdfb47551
PRJ-DCT,P03,PRJ-DCT-A11,0.032224,210.5,,18.315639,212.826467,231.142106,-0.0,True,PRJ-DCT-P03-V1,SYNTHETIC_RESEARCH_FIXTURE,OG-SYNTH-0.2,A-0.2,build_opus_synthetic_programme_v0_2.py@0.2,20260811,True,9eadf1b93b04e85343ecece04e4545af749373f0f635de0322b2ec10466f557d
PRJ-DCT,P03,PRJ-DCT-A12,0.043372,229.1,,13.432963,231.142106,244.575069,-0.0,True,PRJ-DCT-P03-V1,SYNTHETIC_RESEARCH_FIXTURE,OG-SYNTH-0.2,A-0.2,build_opus_synthetic_programme_v0_2.py@0.2,20260811,True,060cc5305f3d3a10f268baf847801be98fdc2cc33ae8358aa899a28931ea6e7a
PRJ-DCT,P04,PRJ-DCT-A01,0.977557,0.0,,0.108597,153.0,153.108597,-0.0,True,PRJ-DCT-P04-V1,SYNTHETIC_RESEARCH_FIXTURE,OG-SYNTH-0.2,A-0.2,build_opus_synthetic_programme_v0_2.py@0.2,20260811,True,c8bcea3c5e5f294f14382e39c050c80f7198667a92553e54859f9588aef6ad4b
PRJ-DCT,P04,PRJ-DCT-A02,0.993762,4.9,,0.107568,153.108597,153.216165,0.813942,False,PRJ-DCT-P04-V1,SYNTHETIC_RESEARCH_FIXTURE,OG-SYNTH-0.2,A-0.2,build_opus_synthetic_programme_v0_2.py@0.2,20260811,True,b2bbec45c5e7f118a52f60fbe8b82cfb0a4ed7b526b012f604e7c67ad4165c42
PRJ-DCT,P04,PRJ-DCT-A03,0.970403,4.9,,0.92151,153.108597,154.030107,-0.0,True,PRJ-DCT-P04-V1,SYNTHETIC_RESEARCH_FIXTURE,OG-SYNTH-0.2,A-0.2,build_opus_synthetic_programme_v0_2.py@0.2,20260811,True,50a9f87ee13942f53cda0b4752a2ec4ff5a81c0ef49710ad14f37cb816f6771c
PRJ-DCT,P04,PRJ-DCT-A04,0.956419,35.5,,0.800953,154.030107,154.83106,-0.0,True,PRJ-DCT-P04-V1,SYNTHETIC_RESEARCH_FIXTURE,OG-SYNTH-0.2,A-0.2,build_opus_synthetic_programme_v0_2.py@0.2,20260811,True,4034626647424fc47c0ce49500b18dd4e6530e3065572024559006565b5d47d1
PRJ-DCT,P04,PRJ-DCT-A05,1.0,53.3,75.8,0.0,154.83106,154.83106,-0.0,True,PRJ-DCT-P04-V1,SYNTHETIC_RESEARCH_FIXTURE,OG-SYNTH-0.2,A-0.2,build_opus_synthetic_programme_v0_2.py@0.2,20260811,True,a3ab1c793a5ad612a409f754e824ff34f840a9baddb0e2c4634352ab5b04f431
PRJ-DCT,P04,PRJ-DCT-A06,0.981719,75.8,,0.683576,154.83106,155.514636,-0.0,True,PRJ-DCT-P04-V1,SYNTHETIC_RESEARCH_FIXTURE,OG-SYNTH-0.2,A-0.2,build_opus_synthetic_programme_v0_2.py@0.2,20260811,True,99e328c0fea8c9eea1ac0c9fd3e245015235e796089b4d6e39c27c65211fd730
PRJ-DCT,P04,PRJ-DCT-A07,0.978282,113.1,,0.594439,155.514636,156.109075,25.409257,False,PRJ-DCT-P04-V1,SYNTHETIC_RESEARCH_FIXTURE,OG-SYNTH-0.2,A-0.2,build_opus_synthetic_programme_v0_2.py@0.2,20260811,True,77e86051c2ad91ddcdbb9accb45d50af030e7909565125e65575cf5fd01e4576
PRJ-DCT,P04,PRJ-DCT-A08,0.94542,113.1,,1.966735,155.514636,157.481371,-0.0,True,PRJ-DCT-P04-V1,SYNTHETIC_RESEARCH_FIXTURE,OG-SYNTH-0.2,A-0.2,build_opus_synthetic_programme_v0_2.py@0.2,20260811,True,001aac038b208ba4ed5adc79a45abe5e5c688eb86296304092d1b531c38e2a65
PRJ-DCT,P04,PRJ-DCT-A09,0.151874,148.0,,24.036961,157.481371,181.518332,-0.0,True,PRJ-DCT-P04-V1,SYNTHETIC_RESEARCH_FIXTURE,OG-SYNTH-0.2,A-0.2,build_opus_synthetic_programme_v0_2.py@0.2,20260811,True,c4551d84475870066a04669c8f2cd93470b58ea7b2925c814f6a136cea27eb8a
PRJ-DCT,P04,PRJ-DCT-A10,0.0,,,33.8845,181.518332,215.402832,-0.0,True,PRJ-DCT-P04-V1,SYNTHETIC_RESEARCH_FIXTURE,OG-SYNTH-0.2,A-0.2,build_opus_synthetic_programme_v0_2.py@0.2,20260811,True,cb4a29d7a076243b91674b4b1d445599125724473b0de207ef942e44418eb198
PRJ-DCT,P04,PRJ-DCT-A11,0.051019,210.5,,17.959947,215.402832,233.362779,-0.0,True,PRJ-DCT-P04-V1,SYNTHETIC_RESEARCH_FIXTURE,OG-SYNTH-0.2,A-0.2,build_opus_synthetic_programme_v0_2.py@0.2,20260811,True,9c3a6d4d5dd6881d0d95c00235bfc4b95f1705329fe182cf6295d790f37bf5b1
PRJ-DCT,P04,PRJ-DCT-A12,0.008069,229.1,,13.928702,233.362779,247.291481,0.0,True,PRJ-DCT-P04-V1,SYNTHETIC_RESEARCH_FIXTURE,OG-SYNTH-0.2,A-0.2,build_opus_synthetic_programme_v0_2.py@0.2,20260811,True,750dc9626c523545ae5625381d35746c6d5cd68b7adcc3eb2b27a93ff8378a22
PRJ-DCT,P05,PRJ-DCT-A01,0.991407,0.0,,0.041579,191.0,191.041579,0.0,True,PRJ-DCT-P05-V1,SYNTHETIC_RESEARCH_FIXTURE,OG-SYNTH-0.2,A-0.2,build_opus_synthetic_programme_v0_2.py@0.2,20260811,True,d2bc481c009414c445399d4df49c0a05f6ef9c73d5dec259ff0d3b10e6d7de5d
PRJ-DCT,P05,PRJ-DCT-A02,1.0,4.9,22.1,0.0,191.041579,191.041579,0.236222,False,PRJ-DCT-P05-V1,SYNTHETIC_RESEARCH_FIXTURE,OG-SYNTH-0.2,A-0.2,build_opus_synthetic_programme_v0_2.py@0.2,20260811,True,de3b38e5674bf7c3500845aaddcd1523b6da3d97065b69a5a5fad82a9d6e9e25
PRJ-DCT,P05,PRJ-DCT-A03,0.992413,4.9,,0.236222,191.041579,191.277801,0.0,True,PRJ-DCT-P05-V1,SYNTHETIC_RESEARCH_FIXTURE,OG-SYNTH-0.2,A-0.2,build_opus_synthetic_programme_v0_2.py@0.2,20260811,True,ec532984551851b2d2d796f491eff81649c3642c14f2f9981020002bb751d6dc
PRJ-DCT,P05,PRJ-DCT-A04,0.970847,35.5,,0.535788,191.277801,191.81359,0.0,True,PRJ-DCT-P05-V1,SYNTHETIC_RESEARCH_FIXTURE,OG-SYNTH-0.2,A-0.2,build_opus_synthetic_programme_v0_2.py@0.2,20260811,True,404858485fc775390d0e0c83a12ec4896e8eef540e39b2a6ec084e16616e20f9
PRJ-DCT,P05,PRJ-DCT-A05,0.98344,53.3,,0.367939,191.81359,192.181529,0.0,True,PRJ-DCT-P05-V1,SYNTHETIC_RESEARCH_FIXTURE,OG-SYNTH-0.2,A-0.2,build_opus_synthetic_programme_v0_2.py@0.2,20260811,True,fd11d8a308f86008c9d0c19324b99d07e585eed6848d9c846ec0a6a4c9b59e0a
PRJ-DCT,P05,PRJ-DCT-A06,1.0,75.8,113.1,0.0,192.181529,192.181529,0.0,True,PRJ-DCT-P05-V1,SYNTHETIC_RESEARCH_FIXTURE,OG-SYNTH-0.2,A-0.2,build_opus_synthetic_programme_v0_2.py@0.2,20260811,True,55d3ecd15f0627e83fa75e9961b1a821834e2254c91c5eb543504fc36abfc162
PRJ-DCT,P05,PRJ-DCT-A07,0.946893,113.1,,1.453567,192.181529,193.635096,0.0,True,PRJ-DCT-P05-V1,SYNTHETIC_RESEARCH_FIXTURE,OG-SYNTH-0.2,A-0.2,build_opus_synthetic_programme_v0_2.py@0.2,20260811,True,26dccc3156c5368e012449009433f48ad193ba04bf657492420b3c3e39387377
PRJ-DCT,P05,PRJ-DCT-A08,0.986244,113.1,,0.495692,192.181529,192.677221,0.447004,False,PRJ-DCT-P05-V1,SYNTHETIC_RESEARCH_FIXTURE,OG-SYNTH-0.2,A-0.2,build_opus_synthetic_programme_v0_2.py@0.2,20260811,True,beed92247b4644c4ab9c1cf0c351f11c1da3a82bc15c35d0cd90051d06f6360b
PRJ-DCT,P05,PRJ-DCT-A09,0.981974,148.0,,0.510871,192.677221,193.188092,0.447004,False,PRJ-DCT-P05-V1,SYNTHETIC_RESEARCH_FIXTURE,OG-SYNTH-0.2,A-0.2,build_opus_synthetic_programme_v0_2.py@0.2,20260811,True,baa4e7273299765a3023f78874a4eec426350495bfcc1d37dbc0097c17f7b833
PRJ-DCT,P05,PRJ-DCT-A10,0.388379,176.7,,20.724479,193.635096,214.359574,0.0,True,PRJ-DCT-P05-V1,SYNTHETIC_RESEARCH_FIXTURE,OG-SYNTH-0.2,A-0.2,build_opus_synthetic_programme_v0_2.py@0.2,20260811,True,4b63b1d95696e5143a5f266751eb918d45322b986991c3ea42771b7f3a3aeb3d
PRJ-DCT,P05,PRJ-DCT-A11,0.0,,,18.9255,214.359574,233.285074,0.0,True,PRJ-DCT-P05-V1,SYNTHETIC_RESEARCH_FIXTURE,OG-SYNTH-0.2,A-0.2,build_opus_synthetic_programme_v0_2.py@0.2,20260811,True,5af474b2601182eabc4d74cee69f206884fe0326450c39e49e01e01f057072d2
PRJ-DCT,P05,PRJ-DCT-A12,0.002228,229.1,,14.010711,233.285074,247.295785,0.0,True,PRJ-DCT-P05-V1,SYNTHETIC_RESEARCH_FIXTURE,OG-SYNTH-0.2,A-0.2,build_opus_synthetic_programme_v0_2.py@0.2,20260811,True,b4118df027d094f993119ee942d2183d870bdf29feea128b477ba10a4e366beb
PRJ-DCT,P06,PRJ-DCT-A01,0.98876,0.0,,0.054386,229.0,229.054386,0.0,True,PRJ-DCT-P06-V1,SYNTHETIC_RESEARCH_FIXTURE,OG-SYNTH-0.2,A-0.2,build_opus_synthetic_programme_v0_2.py@0.2,20260811,True,aeb3dd59151861f5350f657cd27f5a0ae2f7228b80433843b280dd1c8ce37cf6
PRJ-DCT,P06,PRJ-DCT-A02,0.989169,4.9,,0.186765,229.054386,229.241151,0.0,True,PRJ-DCT-P06-V1,SYNTHETIC_RESEARCH_FIXTURE,OG-SYNTH-0.2,A-0.2,build_opus_synthetic_programme_v0_2.py@0.2,20260811,True,8fd962f87c40e44761881a93fbbe76ed611dd756dfb122e81676c49920506ace
PRJ-DCT,P06,PRJ-DCT-A03,1.0,4.9,35.5,0.0,229.054386,229.054386,0.186765,False,PRJ-DCT-P06-V1,SYNTHETIC_RESEARCH_FIXTURE,OG-SYNTH-0.2,A-0.2,build_opus_synthetic_programme_v0_2.py@0.2,20260811,True,875d1f25fb22b0cd5fff9e914bb4dd36ea0482592f3260cc9fd191b658e9155d
PRJ-DCT,P06,PRJ-DCT-A04,0.960142,35.5,,0.732522,229.241151,229.973673,0.0,True,PRJ-DCT-P06-V1,SYNTHETIC_RESEARCH_FIXTURE,OG-SYNTH-0.2,A-0.2,build_opus_synthetic_programme_v0_2.py@0.2,20260811,True,95ee5fb9557b71393678fb4ef14e6ed216577af9afba02a2780f79e089ea073c
PRJ-DCT,P06,PRJ-DCT-A05,0.990513,53.3,,0.210781,229.973673,230.184454,0.0,True,PRJ-DCT-P06-V1,SYNTHETIC_RESEARCH_FIXTURE,OG-SYNTH-0.2,A-0.2,build_opus_synthetic_programme_v0_2.py@0.2,20260811,True,a86db604e47effd8e9b70bdade2d1dc765e411e4f83db131199adf1e91ee069f
PRJ-DCT,P06,PRJ-DCT-A06,1.0,75.8,113.1,0.0,230.184454,230.184454,0.0,True,PRJ-DCT-P06-V1,SYNTHETIC_RESEARCH_FIXTURE,OG-SYNTH-0.2,A-0.2,build_opus_synthetic_programme_v0_2.py@0.2,20260811,True,514ceb8f30328970bfa43fa87d268ca354f96fc0e2e947289baa8ee4d1e506f3
PRJ-DCT,P06,PRJ-DCT-A07,0.974275,113.1,,0.704107,230.184454,230.888561,0.0,True,PRJ-DCT-P06-V1,SYNTHETIC_RESEARCH_FIXTURE,OG-SYNTH-0.2,A-0.2,build_opus_synthetic_programme_v0_2.py@0.2,20260811,True,bedc05c9a5579c3f5d738ef8d12b6896460483784da5af99c4ee6bf7c2db81c3
PRJ-DCT,P06,PRJ-DCT-A08,1.0,113.1,148.0,0.0,230.184454,230.184454,0.482185,False,PRJ-DCT-P06-V1,SYNTHETIC_RESEARCH_FIXTURE,OG-SYNTH-0.2,A-0.2,build_opus_synthetic_programme_v0_2.py@0.2,20260811,True,f4d73df6eb1c1bda39f1a4576f1a9a14b4f8b07a1851383e155826c50a375725
PRJ-DCT,P06,PRJ-DCT-A09,0.99217,148.0,,0.221922,230.184454,230.406376,0.482185,False,PRJ-DCT-P06-V1,SYNTHETIC_RESEARCH_FIXTURE,OG-SYNTH-0.2,A-0.2,build_opus_synthetic_programme_v0_2.py@0.2,20260811,True,b6df5c861507236338241cbeee9050f0501d72c2e812db150ca4a9d1c753052e
PRJ-DCT,P06,PRJ-DCT-A10,0.975824,176.7,,0.81919,230.888561,231.707751,0.0,True,PRJ-DCT-P06-V1,SYNTHETIC_RESEARCH_FIXTURE,OG-SYNTH-0.2,A-0.2,build_opus_synthetic_programme_v0_2.py@0.2,20260811,True,2509599e69ae2e98f87c29e180160dbf51e1dff6f2c0e3fa151302455bb5a186
PRJ-DCT,P06,PRJ-DCT-A11,1.0,210.5,229.1,0.0,231.707751,231.707751,0.0,True,PRJ-DCT-P06-V1,SYNTHETIC_RESEARCH_FIXTURE,OG-SYNTH-0.2,A-0.2,build_opus_synthetic_programme_v0_2.py@0.2,20260811,True,4b6472bb95ec3c549521f97b05dbb9ee3dbd565535f3e48d2b8fb1b943a34fe8
PRJ-DCT,P06,PRJ-DCT-A12,0.011268,229.1,,13.883776,231.707751,245.591527,0.0,True,PRJ-DCT-P06-V1,SYNTHETIC_RESEARCH_FIXTURE,OG-SYNTH-0.2,A-0.2,build_opus_synthetic_programme_v0_2.py@0.2,20260811,True,df7628b47daf7bd34c9e09d355c093c02605743885001309ee91bca8212684a1
