project_id,cost_element_id_a,cost_element_id_b,correlation,data_origin,programme_version,package_version,generator_version,random_seed,not_for_empirical_validation,record_hash
PRJ-AIR,PRJ-AIR-CE-01,PRJ-AIR-CE-01,1.0,SYNTHETIC_RESEARCH_FIXTURE,OG-SYNTH-0.3,A-0.3,build_opus_synthetic_programme_v0_3.py@0.3,20260812,True,25fb6894573ed32d4f735f4039b57685f62fec046d13f9020e2610f37dd6079c
PRJ-AIR,PRJ-AIR-CE-01,PRJ-AIR-CE-02,0.25,SYNTHETIC_RESEARCH_FIXTURE,OG-SYNTH-0.3,A-0.3,build_opus_synthetic_programme_v0_3.py@0.3,20260812,True,ab59ec1d734fb529cd5a344b436642dd644218dfe8d12458f5985417d6e003f4
PRJ-AIR,PRJ-AIR-CE-01,PRJ-AIR-CE-03,0.25,SYNTHETIC_RESEARCH_FIXTURE,OG-SYNTH-0.3,A-0.3,build_opus_synthetic_programme_v0_3.py@0.3,20260812,True,54a98d6174729b52b961f40f191b2f529bde508aefec409c6b6eb3ff16d33e08
PRJ-AIR,PRJ-AIR-CE-01,PRJ-AIR-CE-04,0.04,SYNTHETIC_RESEARCH_FIXTURE,OG-SYNTH-0.3,A-0.3,build_opus_synthetic_programme_v0_3.py@0.3,20260812,True,bb40e20c4fc83f35a205bc46c8d47b24fd8132efa7d6a3358f2911a1c3345014
PRJ-AIR,PRJ-AIR-CE-01,PRJ-AIR-CE-05,0.04,SYNTHETIC_RESEARCH_FIXTURE,OG-SYNTH-0.3,A-0.3,build_opus_synthetic_programme_v0_3.py@0.3,20260812,True,d7ab6cac772767be14d66fda3c1880685821fc49227712f68ee90bd91043c0ac
PRJ-AIR,PRJ-AIR-CE-01,PRJ-AIR-CE-06,0.04,SYNTHETIC_RESEARCH_FIXTURE,OG-SYNTH-0.3,A-0.3,build_opus_synthetic_programme_v0_3.py@0.3,20260812,True,764672dbb425c5840e597948f31dea8ac694926c2148aeb6e34abb4c74d6ea79
PRJ-AIR,PRJ-AIR-CE-01,PRJ-AIR-CE-07,0.04,SYNTHETIC_RESEARCH_FIXTURE,OG-SYNTH-0.3,A-0.3,build_opus_synthetic_programme_v0_3.py@0.3,20260812,True,c12e15b75f8bc9940bcab09f666903c3e9889fcc5cf1e409923825d7e7d0b5ff
PRJ-AIR,PRJ-AIR-CE-01,PRJ-AIR-CE-08,0.04,SYNTHETIC_RESEARCH_FIXTURE,OG-SYNTH-0.3,A-0.3,build_opus_synthetic_programme_v0_3.py@0.3,20260812,True,ced30b1348da5f2d5a981e1c4b4f89ca94c70fee5872afdd3c2bd81aea4af151
PRJ-AIR,PRJ-AIR-CE-01,PRJ-AIR-CE-09,0.04,SYNTHETIC_RESEARCH_FIXTURE,OG-SYNTH-0.3,A-0.3,build_opus_synthetic_programme_v0_3.py@0.3,20260812,True,9cc4af87d626e3fb0a8adc6706a2c576666ff78ecd6250718ceefa86660bbd36
PRJ-AIR,PRJ-AIR-CE-01,PRJ-AIR-CE-10,0.04,SYNTHETIC_RESEARCH_FIXTURE,OG-SYNTH-0.3,A-0.3,build_opus_synthetic_programme_v0_3.py@0.3,20260812,True,dd8d3e6d576e9f4f79750a3124fca5227c929b27fef98bad16d05fb947fa424c
PRJ-AIR,PRJ-AIR-CE-02,PRJ-AIR-CE-01,0.25,SYNTHETIC_RESEARCH_FIXTURE,OG-SYNTH-0.3,A-0.3,build_opus_synthetic_programme_v0_3.py@0.3,20260812,True,2e62c9d393aa673e8cdafc7874c7e672dc412bdea23c13e70a3a532fc30651ec
PRJ-AIR,PRJ-AIR-CE-02,PRJ-AIR-CE-02,1.0,SYNTHETIC_RESEARCH_FIXTURE,OG-SYNTH-0.3,A-0.3,build_opus_synthetic_programme_v0_3.py@0.3,20260812,True,fa7946f13214ca4d78dcd9e6fe0865b943a97cb7e5ebb14867a4e7cd10e1d92e
PRJ-AIR,PRJ-AIR-CE-02,PRJ-AIR-CE-03,0.25,SYNTHETIC_RESEARCH_FIXTURE,OG-SYNTH-0.3,A-0.3,build_opus_synthetic_programme_v0_3.py@0.3,20260812,True,81db8487e309baa8f39f9509509a5a9be973cb2b5f6199d30480ef64a19900ca
PRJ-AIR,PRJ-AIR-CE-02,PRJ-AIR-CE-04,0.04,SYNTHETIC_RESEARCH_FIXTURE,OG-SYNTH-0.3,A-0.3,build_opus_synthetic_programme_v0_3.py@0.3,20260812,True,f0c4a42c446633694ff2d18542657bccc4ad0c2795db61199102ba03d520a70e
PRJ-AIR,PRJ-AIR-CE-02,PRJ-AIR-CE-05,0.04,SYNTHETIC_RESEARCH_FIXTURE,OG-SYNTH-0.3,A-0.3,build_opus_synthetic_programme_v0_3.py@0.3,20260812,True,bcb7d0a04f924b9928c8c076810657c9f9f13563c2be2b3afd627f700adae643
PRJ-AIR,PRJ-AIR-CE-02,PRJ-AIR-CE-06,0.04,SYNTHETIC_RESEARCH_FIXTURE,OG-SYNTH-0.3,A-0.3,build_opus_synthetic_programme_v0_3.py@0.3,20260812,True,15975922772e66a4b1baadbc80361b5ccf5f0772544a4bd3b350cc6aa263173b
PRJ-AIR,PRJ-AIR-CE-02,PRJ-AIR-CE-07,0.04,SYNTHETIC_RESEARCH_FIXTURE,OG-SYNTH-0.3,A-0.3,build_opus_synthetic_programme_v0_3.py@0.3,20260812,True,335dd3131ca197e3f531a5c77a3a16d3c3f6861e171e95b869ed2deaba90e2c6
PRJ-AIR,PRJ-AIR-CE-02,PRJ-AIR-CE-08,0.04,SYNTHETIC_RESEARCH_FIXTURE,OG-SYNTH-0.3,A-0.3,build_opus_synthetic_programme_v0_3.py@0.3,20260812,True,bf0d08c2f892af673341309939407d03a10aab52382e5943d993112a7efadc38
PRJ-AIR,PRJ-AIR-CE-02,PRJ-AIR-CE-09,0.04,SYNTHETIC_RESEARCH_FIXTURE,OG-SYNTH-0.3,A-0.3,build_opus_synthetic_programme_v0_3.py@0.3,20260812,True,be1560357a4abfa669456a8740d1271e567432d31e37dfc21373a0f155bbd9c0
PRJ-AIR,PRJ-AIR-CE-02,PRJ-AIR-CE-10,0.04,SYNTHETIC_RESEARCH_FIXTURE,OG-SYNTH-0.3,A-0.3,build_opus_synthetic_programme_v0_3.py@0.3,20260812,True,40c3c6f49d3c3844af86aa4f822528a5483c63642052f3132650510600daea4f
PRJ-AIR,PRJ-AIR-CE-03,PRJ-AIR-CE-01,0.25,SYNTHETIC_RESEARCH_FIXTURE,OG-SYNTH-0.3,A-0.3,build_opus_synthetic_programme_v0_3.py@0.3,20260812,True,7e384b474a14476d43956d78afddb1cf040e523d76ee53c67a37b13352c5be30
PRJ-AIR,PRJ-AIR-CE-03,PRJ-AIR-CE-02,0.25,SYNTHETIC_RESEARCH_FIXTURE,OG-SYNTH-0.3,A-0.3,build_opus_synthetic_programme_v0_3.py@0.3,20260812,True,70ef0b5462b0a9043f7bc3eb4dbdd52675b644a8ffe2c6b74c8f6835a65f0b8f
PRJ-AIR,PRJ-AIR-CE-03,PRJ-AIR-CE-03,1.0,SYNTHETIC_RESEARCH_FIXTURE,OG-SYNTH-0.3,A-0.3,build_opus_synthetic_programme_v0_3.py@0.3,20260812,True,a1b6747e937c1f5eca625a135e5f6eb2b7ff0d3910724f4324586e03930acddf
PRJ-AIR,PRJ-AIR-CE-03,PRJ-AIR-CE-04,0.04,SYNTHETIC_RESEARCH_FIXTURE,OG-SYNTH-0.3,A-0.3,build_opus_synthetic_programme_v0_3.py@0.3,20260812,True,511b08e510adc233aaa6e3f38716a08ae5f7eac1d2c971f94934791492fc6057
PRJ-AIR,PRJ-AIR-CE-03,PRJ-AIR-CE-05,0.04,SYNTHETIC_RESEARCH_FIXTURE,OG-SYNTH-0.3,A-0.3,build_opus_synthetic_programme_v0_3.py@0.3,20260812,True,26b97573074e5f74b6988941e29f1869b7b7db0d5add43a0084ae3697fd24bca
PRJ-AIR,PRJ-AIR-CE-03,PRJ-AIR-CE-06,0.04,SYNTHETIC_RESEARCH_FIXTURE,OG-SYNTH-0.3,A-0.3,build_opus_synthetic_programme_v0_3.py@0.3,20260812,True,34b8a0d3ed1db54769a464117f3e413d3adff5cb3c5c0e0aea845904f0bb1e1a
PRJ-AIR,PRJ-AIR-CE-03,PRJ-AIR-CE-07,0.04,SYNTHETIC_RESEARCH_FIXTURE,OG-SYNTH-0.3,A-0.3,build_opus_synthetic_programme_v0_3.py@0.3,20260812,True,1ffe808d5bf38257a25c34f146a357f60cff6ab3792362931ca3438dc125fecc
PRJ-AIR,PRJ-AIR-CE-03,PRJ-AIR-CE-08,0.04,SYNTHETIC_RESEARCH_FIXTURE,OG-SYNTH-0.3,A-0.3,build_opus_synthetic_programme_v0_3.py@0.3,20260812,True,7d65eba120d54d4221cd7184d45264dec02a87fcb66e7e58370a28ad82adb273
PRJ-AIR,PRJ-AIR-CE-03,PRJ-AIR-CE-09,0.04,SYNTHETIC_RESEARCH_FIXTURE,OG-SYNTH-0.3,A-0.3,build_opus_synthetic_programme_v0_3.py@0.3,20260812,True,3ddb8baf33ad8fbc7767b688314b8cb00967a2d41f1f4293f5e59325c07a5db1
PRJ-AIR,PRJ-AIR-CE-03,PRJ-AIR-CE-10,0.04,SYNTHETIC_RESEARCH_FIXTURE,OG-SYNTH-0.3,A-0.3,build_opus_synthetic_programme_v0_3.py@0.3,20260812,True,ebe7641ac27fe0df7b46d4fe0eefa2978204a43aadd77af86759f8148fd8f547
PRJ-AIR,PRJ-AIR-CE-04,PRJ-AIR-CE-01,0.04,SYNTHETIC_RESEARCH_FIXTURE,OG-SYNTH-0.3,A-0.3,build_opus_synthetic_programme_v0_3.py@0.3,20260812,True,5fe4ed03167b9e7237e3d1c61d7c43767e5a36c4a885399dfb6ffd0001d68383
PRJ-AIR,PRJ-AIR-CE-04,PRJ-AIR-CE-02,0.04,SYNTHETIC_RESEARCH_FIXTURE,OG-SYNTH-0.3,A-0.3,build_opus_synthetic_programme_v0_3.py@0.3,20260812,True,e076201cd0f71a450c14ed341eed03f279e3bae57bf0fb08fe486f96abcc2cb0
PRJ-AIR,PRJ-AIR-CE-04,PRJ-AIR-CE-03,0.04,SYNTHETIC_RESEARCH_FIXTURE,OG-SYNTH-0.3,A-0.3,build_opus_synthetic_programme_v0_3.py@0.3,20260812,True,09fc37e9f0d8953ee517785b557a37b133c1b9e3c1cb8975722b293ad09cabd1
PRJ-AIR,PRJ-AIR-CE-04,PRJ-AIR-CE-04,1.0,SYNTHETIC_RESEARCH_FIXTURE,OG-SYNTH-0.3,A-0.3,build_opus_synthetic_programme_v0_3.py@0.3,20260812,True,bacbf86b5d6f93e0c320118cdb5450c0a99f8a3e3e6bcaf3cbba7c9ebc0d42b4
PRJ-AIR,PRJ-AIR-CE-04,PRJ-AIR-CE-05,0.25,SYNTHETIC_RESEARCH_FIXTURE,OG-SYNTH-0.3,A-0.3,build_opus_synthetic_programme_v0_3.py@0.3,20260812,True,50e400e2fba58d919acf9962bc94d7409bd456362812ec57eca73a3c00f705ce
PRJ-AIR,PRJ-AIR-CE-04,PRJ-AIR-CE-06,0.25,SYNTHETIC_RESEARCH_FIXTURE,OG-SYNTH-0.3,A-0.3,build_opus_synthetic_programme_v0_3.py@0.3,20260812,True,f39567317f4f0587d449472a99cb5c29c2e5cf87cfc60c7c7b078d101c652850
PRJ-AIR,PRJ-AIR-CE-04,PRJ-AIR-CE-07,0.04,SYNTHETIC_RESEARCH_FIXTURE,OG-SYNTH-0.3,A-0.3,build_opus_synthetic_programme_v0_3.py@0.3,20260812,True,f353d3fa70b47652226095989f0a3568e0c4490eec5194d160955c5921aaff42
PRJ-AIR,PRJ-AIR-CE-04,PRJ-AIR-CE-08,0.04,SYNTHETIC_RESEARCH_FIXTURE,OG-SYNTH-0.3,A-0.3,build_opus_synthetic_programme_v0_3.py@0.3,20260812,True,b17643cdfd7cb32167a92770d5d240c5dea7dcb3db5e79c3d84b6508238771bb
PRJ-AIR,PRJ-AIR-CE-04,PRJ-AIR-CE-09,0.04,SYNTHETIC_RESEARCH_FIXTURE,OG-SYNTH-0.3,A-0.3,build_opus_synthetic_programme_v0_3.py@0.3,20260812,True,e0dbb4246f20076c4ef920f408f6e65808d1b01ab1ffabc2e3ea036b5dd65257
PRJ-AIR,PRJ-AIR-CE-04,PRJ-AIR-CE-10,0.04,SYNTHETIC_RESEARCH_FIXTURE,OG-SYNTH-0.3,A-0.3,build_opus_synthetic_programme_v0_3.py@0.3,20260812,True,79393fd55d7fc2051dcc91f10f0bcd17da87509e52cb88687e42a8022b59745c
PRJ-AIR,PRJ-AIR-CE-05,PRJ-AIR-CE-01,0.04,SYNTHETIC_RESEARCH_FIXTURE,OG-SYNTH-0.3,A-0.3,build_opus_synthetic_programme_v0_3.py@0.3,20260812,True,0c448f19e3d0e7b936cf59cb5a24adcd4840c5630fae75a566cc568c80f3e61c
PRJ-AIR,PRJ-AIR-CE-05,PRJ-AIR-CE-02,0.04,SYNTHETIC_RESEARCH_FIXTURE,OG-SYNTH-0.3,A-0.3,build_opus_synthetic_programme_v0_3.py@0.3,20260812,True,88b628a5963f0fe245b3f70f70b89a03465927eb7abee15e58052487d8be0bc0
PRJ-AIR,PRJ-AIR-CE-05,PRJ-AIR-CE-03,0.04,SYNTHETIC_RESEARCH_FIXTURE,OG-SYNTH-0.3,A-0.3,build_opus_synthetic_programme_v0_3.py@0.3,20260812,True,13dcd8b91c6c277278d03fe50483056344d9c8196cdc394c3a4f9f8b68777f02
PRJ-AIR,PRJ-AIR-CE-05,PRJ-AIR-CE-04,0.25,SYNTHETIC_RESEARCH_FIXTURE,OG-SYNTH-0.3,A-0.3,build_opus_synthetic_programme_v0_3.py@0.3,20260812,True,b1b3c76d082ce50401f633af3a7544c28c7702edd0a90343104a2bec60da0d8d
PRJ-AIR,PRJ-AIR-CE-05,PRJ-AIR-CE-05,1.0,SYNTHETIC_RESEARCH_FIXTURE,OG-SYNTH-0.3,A-0.3,build_opus_synthetic_programme_v0_3.py@0.3,20260812,True,0feb665bf1f93ada2e10128fd2f10310ac1d843f606d5d037517d7bb26d63501
PRJ-AIR,PRJ-AIR-CE-05,PRJ-AIR-CE-06,0.25,SYNTHETIC_RESEARCH_FIXTURE,OG-SYNTH-0.3,A-0.3,build_opus_synthetic_programme_v0_3.py@0.3,20260812,True,755c778e509ff3821d0c981481513162783f08112540c08d26cadae693ebd068
PRJ-AIR,PRJ-AIR-CE-05,PRJ-AIR-CE-07,0.04,SYNTHETIC_RESEARCH_FIXTURE,OG-SYNTH-0.3,A-0.3,build_opus_synthetic_programme_v0_3.py@0.3,20260812,True,78597a6e4c317a501edece40691bed5bd2f2628273bb82d08995cf1a95aeea8d
PRJ-AIR,PRJ-AIR-CE-05,PRJ-AIR-CE-08,0.04,SYNTHETIC_RESEARCH_FIXTURE,OG-SYNTH-0.3,A-0.3,build_opus_synthetic_programme_v0_3.py@0.3,20260812,True,8971c7305396111899bdbac6dd98f56c808be01940b3982646933dcfa77fd752
PRJ-AIR,PRJ-AIR-CE-05,PRJ-AIR-CE-09,0.04,SYNTHETIC_RESEARCH_FIXTURE,OG-SYNTH-0.3,A-0.3,build_opus_synthetic_programme_v0_3.py@0.3,20260812,True,360bb936e24245e57316604c56be27a8ae3072508cbba89f52eb9377a9f6cd6c
PRJ-AIR,PRJ-AIR-CE-05,PRJ-AIR-CE-10,0.04,SYNTHETIC_RESEARCH_FIXTURE,OG-SYNTH-0.3,A-0.3,build_opus_synthetic_programme_v0_3.py@0.3,20260812,True,47a8f7e8d428cb15b66f539b387493369705c7990e5b485db0ca9e74f4eeb281
PRJ-AIR,PRJ-AIR-CE-06,PRJ-AIR-CE-01,0.04,SYNTHETIC_RESEARCH_FIXTURE,OG-SYNTH-0.3,A-0.3,build_opus_synthetic_programme_v0_3.py@0.3,20260812,True,d753d7bf4c108ade361ad39205b9b864de294ffbe03f45c65dfb6d3e34e49426
PRJ-AIR,PRJ-AIR-CE-06,PRJ-AIR-CE-02,0.04,SYNTHETIC_RESEARCH_FIXTURE,OG-SYNTH-0.3,A-0.3,build_opus_synthetic_programme_v0_3.py@0.3,20260812,True,bcfa3785e3bbbdd11489f1f1818762d8c4184fe83e0e0c837e355b95a8d004e3
PRJ-AIR,PRJ-AIR-CE-06,PRJ-AIR-CE-03,0.04,SYNTHETIC_RESEARCH_FIXTURE,OG-SYNTH-0.3,A-0.3,build_opus_synthetic_programme_v0_3.py@0.3,20260812,True,3b1e91a77eaf7605e68851b5b828e0ec7b1e17d701ee1632bc358f9dc815be61
PRJ-AIR,PRJ-AIR-CE-06,PRJ-AIR-CE-04,0.25,SYNTHETIC_RESEARCH_FIXTURE,OG-SYNTH-0.3,A-0.3,build_opus_synthetic_programme_v0_3.py@0.3,20260812,True,490d1892eaab872fc7c121f19852bf7d3bfd2411119e8ecae0c9c9fc7abad623
PRJ-AIR,PRJ-AIR-CE-06,PRJ-AIR-CE-05,0.25,SYNTHETIC_RESEARCH_FIXTURE,OG-SYNTH-0.3,A-0.3,build_opus_synthetic_programme_v0_3.py@0.3,20260812,True,3e57f560d68bb54b9ff53300c4ece83ec12575c557faa02fcbe3e2edca274ba8
PRJ-AIR,PRJ-AIR-CE-06,PRJ-AIR-CE-06,1.0,SYNTHETIC_RESEARCH_FIXTURE,OG-SYNTH-0.3,A-0.3,build_opus_synthetic_programme_v0_3.py@0.3,20260812,True,6799a7ba57a001d2849afdcfb82b9ca80576e7400ca273f062ad257ffd5d6cbb
PRJ-AIR,PRJ-AIR-CE-06,PRJ-AIR-CE-07,0.04,SYNTHETIC_RESEARCH_FIXTURE,OG-SYNTH-0.3,A-0.3,build_opus_synthetic_programme_v0_3.py@0.3,20260812,True,e27ad3fd9ce2515b95929ab517d741e5f915eb3c28cdad0ff1ac7e53c5a09161
PRJ-AIR,PRJ-AIR-CE-06,PRJ-AIR-CE-08,0.04,SYNTHETIC_RESEARCH_FIXTURE,OG-SYNTH-0.3,A-0.3,build_opus_synthetic_programme_v0_3.py@0.3,20260812,True,756eb316343d35233782bc226f7c4d52dca986cb347e55fee1c8e69452eee728
PRJ-AIR,PRJ-AIR-CE-06,PRJ-AIR-CE-09,0.04,SYNTHETIC_RESEARCH_FIXTURE,OG-SYNTH-0.3,A-0.3,build_opus_synthetic_programme_v0_3.py@0.3,20260812,True,934340d644048f7a8ab47963c8db4b47d47fed8639b07bdba319d2f3295cdcfc
PRJ-AIR,PRJ-AIR-CE-06,PRJ-AIR-CE-10,0.04,SYNTHETIC_RESEARCH_FIXTURE,OG-SYNTH-0.3,A-0.3,build_opus_synthetic_programme_v0_3.py@0.3,20260812,True,c7ae767860d38acd8e256d6ebd959d706d88993d6e5938ddbc00fed870fa2483
PRJ-AIR,PRJ-AIR-CE-07,PRJ-AIR-CE-01,0.04,SYNTHETIC_RESEARCH_FIXTURE,OG-SYNTH-0.3,A-0.3,build_opus_synthetic_programme_v0_3.py@0.3,20260812,True,9f0accc40b994b360b8e01bdc06246e9bddfc9d5c92d9fbf01115e8087b150ae
PRJ-AIR,PRJ-AIR-CE-07,PRJ-AIR-CE-02,0.04,SYNTHETIC_RESEARCH_FIXTURE,OG-SYNTH-0.3,A-0.3,build_opus_synthetic_programme_v0_3.py@0.3,20260812,True,d2dd8602528b80155417caf30bc65c37c384e1bd70a077e0eff9d6205a7bc21d
PRJ-AIR,PRJ-AIR-CE-07,PRJ-AIR-CE-03,0.04,SYNTHETIC_RESEARCH_FIXTURE,OG-SYNTH-0.3,A-0.3,build_opus_synthetic_programme_v0_3.py@0.3,20260812,True,4c4f076f93d741ddaee0094b269e0ede06b74d13321972506d675b2e0bb4cfac
PRJ-AIR,PRJ-AIR-CE-07,PRJ-AIR-CE-04,0.04,SYNTHETIC_RESEARCH_FIXTURE,OG-SYNTH-0.3,A-0.3,build_opus_synthetic_programme_v0_3.py@0.3,20260812,True,5fb073a6635603c5b71afb06cdd99d6de111beb714a5c30c4befd260c9a3227c
PRJ-AIR,PRJ-AIR-CE-07,PRJ-AIR-CE-05,0.04,SYNTHETIC_RESEARCH_FIXTURE,OG-SYNTH-0.3,A-0.3,build_opus_synthetic_programme_v0_3.py@0.3,20260812,True,23e9b965994e65af0ff823019f9dca9f62021ba13b9b40367585e12fa0f11670
PRJ-AIR,PRJ-AIR-CE-07,PRJ-AIR-CE-06,0.04,SYNTHETIC_RESEARCH_FIXTURE,OG-SYNTH-0.3,A-0.3,build_opus_synthetic_programme_v0_3.py@0.3,20260812,True,539f7a4def2859eecb7dbc2fd8f9700d49b36af66d323b45616a4f0dead575e5
PRJ-AIR,PRJ-AIR-CE-07,PRJ-AIR-CE-07,1.0,SYNTHETIC_RESEARCH_FIXTURE,OG-SYNTH-0.3,A-0.3,build_opus_synthetic_programme_v0_3.py@0.3,20260812,True,7cf08c9ec19f48671f0155a62f6acbf21eaafebe6245eb1ca2d71775d76da257
PRJ-AIR,PRJ-AIR-CE-07,PRJ-AIR-CE-08,0.25,SYNTHETIC_RESEARCH_FIXTURE,OG-SYNTH-0.3,A-0.3,build_opus_synthetic_programme_v0_3.py@0.3,20260812,True,6f71e78b9d96279e67a74e9cd4e17df5692ac111849568c1eaf1707d89e94974
PRJ-AIR,PRJ-AIR-CE-07,PRJ-AIR-CE-09,0.25,SYNTHETIC_RESEARCH_FIXTURE,OG-SYNTH-0.3,A-0.3,build_opus_synthetic_programme_v0_3.py@0.3,20260812,True,1f07589c4ab4416bbb9b93ea965fda8bc3e3c64ca3d9cd749fbefc25eabfaa7b
PRJ-AIR,PRJ-AIR-CE-07,PRJ-AIR-CE-10,0.04,SYNTHETIC_RESEARCH_FIXTURE,OG-SYNTH-0.3,A-0.3,build_opus_synthetic_programme_v0_3.py@0.3,20260812,True,30812d18090c93c0c0eb03d6468e768de17e06df74120eead124ff9978540215
PRJ-AIR,PRJ-AIR-CE-08,PRJ-AIR-CE-01,0.04,SYNTHETIC_RESEARCH_FIXTURE,OG-SYNTH-0.3,A-0.3,build_opus_synthetic_programme_v0_3.py@0.3,20260812,True,d63a5b5e1cdd690fad061f96b3c50c5e2149a1af71266a4a748715503a9377d6
PRJ-AIR,PRJ-AIR-CE-08,PRJ-AIR-CE-02,0.04,SYNTHETIC_RESEARCH_FIXTURE,OG-SYNTH-0.3,A-0.3,build_opus_synthetic_programme_v0_3.py@0.3,20260812,True,0a792bba1f85effb2fde57a00512d950765c44396527ffa23e2c6f00a937f4c0
PRJ-AIR,PRJ-AIR-CE-08,PRJ-AIR-CE-03,0.04,SYNTHETIC_RESEARCH_FIXTURE,OG-SYNTH-0.3,A-0.3,build_opus_synthetic_programme_v0_3.py@0.3,20260812,True,d9521014e0d2184503e47f73616a209d1fc31b192521f831113c0dc7ded20a17
PRJ-AIR,PRJ-AIR-CE-08,PRJ-AIR-CE-04,0.04,SYNTHETIC_RESEARCH_FIXTURE,OG-SYNTH-0.3,A-0.3,build_opus_synthetic_programme_v0_3.py@0.3,20260812,True,41604f8105582a35e3c5bec8b9d006389822d0c3f43cacdd80ed891d947b0b5f
PRJ-AIR,PRJ-AIR-CE-08,PRJ-AIR-CE-05,0.04,SYNTHETIC_RESEARCH_FIXTURE,OG-SYNTH-0.3,A-0.3,build_opus_synthetic_programme_v0_3.py@0.3,20260812,True,1bdc77480213736364e8ca61ab624472e868fec8ced237519fa7c0b308c66431
PRJ-AIR,PRJ-AIR-CE-08,PRJ-AIR-CE-06,0.04,SYNTHETIC_RESEARCH_FIXTURE,OG-SYNTH-0.3,A-0.3,build_opus_synthetic_programme_v0_3.py@0.3,20260812,True,68c9e2305c76e78fe90080360e455f490276056795ea31d547ae0ad385c52ced
PRJ-AIR,PRJ-AIR-CE-08,PRJ-AIR-CE-07,0.25,SYNTHETIC_RESEARCH_FIXTURE,OG-SYNTH-0.3,A-0.3,build_opus_synthetic_programme_v0_3.py@0.3,20260812,True,c09391e453328ec12c4fcfc66e051a7a9cfe4ebdad2194b597f873742387e0a6
PRJ-AIR,PRJ-AIR-CE-08,PRJ-AIR-CE-08,1.0,SYNTHETIC_RESEARCH_FIXTURE,OG-SYNTH-0.3,A-0.3,build_opus_synthetic_programme_v0_3.py@0.3,20260812,True,3be11dfdd83574b0a2c847b5cd82654ae8bbaa0f934fbed24fb06ef069c7ed95
PRJ-AIR,PRJ-AIR-CE-08,PRJ-AIR-CE-09,0.25,SYNTHETIC_RESEARCH_FIXTURE,OG-SYNTH-0.3,A-0.3,build_opus_synthetic_programme_v0_3.py@0.3,20260812,True,ca6746fb3d6824a21981daca017474fed800f5b7f1b21b22bb03c5a36084c0f7
PRJ-AIR,PRJ-AIR-CE-08,PRJ-AIR-CE-10,0.04,SYNTHETIC_RESEARCH_FIXTURE,OG-SYNTH-0.3,A-0.3,build_opus_synthetic_programme_v0_3.py@0.3,20260812,True,97c96a32d42abdfa4dce584e06e2d7dc22035b43b6238ef9081de2e2654d5eb3
PRJ-AIR,PRJ-AIR-CE-09,PRJ-AIR-CE-01,0.04,SYNTHETIC_RESEARCH_FIXTURE,OG-SYNTH-0.3,A-0.3,build_opus_synthetic_programme_v0_3.py@0.3,20260812,True,1fbdebe2273a6d4f779f1ed50fb950f765e109be7b1eb4531847f3a95bab7a5a
PRJ-AIR,PRJ-AIR-CE-09,PRJ-AIR-CE-02,0.04,SYNTHETIC_RESEARCH_FIXTURE,OG-SYNTH-0.3,A-0.3,build_opus_synthetic_programme_v0_3.py@0.3,20260812,True,f8bb3c7b74acacf7624a2f8989f411f768c808e4c3333dccc605496a28c7a2dc
PRJ-AIR,PRJ-AIR-CE-09,PRJ-AIR-CE-03,0.04,SYNTHETIC_RESEARCH_FIXTURE,OG-SYNTH-0.3,A-0.3,build_opus_synthetic_programme_v0_3.py@0.3,20260812,True,694d773be87524ef1501787f994f9e41bb1dd48b79767009eb29c6f49dbb25f0
PRJ-AIR,PRJ-AIR-CE-09,PRJ-AIR-CE-04,0.04,SYNTHETIC_RESEARCH_FIXTURE,OG-SYNTH-0.3,A-0.3,build_opus_synthetic_programme_v0_3.py@0.3,20260812,True,123908fc5dd85699f8f2e188eb718b96599d56b9935016ae4003be14412ad509
PRJ-AIR,PRJ-AIR-CE-09,PRJ-AIR-CE-05,0.04,SYNTHETIC_RESEARCH_FIXTURE,OG-SYNTH-0.3,A-0.3,build_opus_synthetic_programme_v0_3.py@0.3,20260812,True,94177d4b01daddc2c2ed7adaa9ba1346b97d575b9d76992bceb39d318265b519
PRJ-AIR,PRJ-AIR-CE-09,PRJ-AIR-CE-06,0.04,SYNTHETIC_RESEARCH_FIXTURE,OG-SYNTH-0.3,A-0.3,build_opus_synthetic_programme_v0_3.py@0.3,20260812,True,f82bbe0cd0411355b14cbd2eff39b1547d043819dfef05a49bbfb7d4d86d866a
PRJ-AIR,PRJ-AIR-CE-09,PRJ-AIR-CE-07,0.25,SYNTHETIC_RESEARCH_FIXTURE,OG-SYNTH-0.3,A-0.3,build_opus_synthetic_programme_v0_3.py@0.3,20260812,True,a7c1103829c1152370cf7468529d8cd4695d61b2ae05e5a4a1853960690c0bea
PRJ-AIR,PRJ-AIR-CE-09,PRJ-AIR-CE-08,0.25,SYNTHETIC_RESEARCH_FIXTURE,OG-SYNTH-0.3,A-0.3,build_opus_synthetic_programme_v0_3.py@0.3,20260812,True,90bf36a307288601d05594aa96b25dba4761bb945b3011bf6fc49a5a298f906e
PRJ-AIR,PRJ-AIR-CE-09,PRJ-AIR-CE-09,1.0,SYNTHETIC_RESEARCH_FIXTURE,OG-SYNTH-0.3,A-0.3,build_opus_synthetic_programme_v0_3.py@0.3,20260812,True,f367b6bc90071ea14479599bda80ed0c1f7d07b458a119f2f36fef1c929daaac
PRJ-AIR,PRJ-AIR-CE-09,PRJ-AIR-CE-10,0.04,SYNTHETIC_RESEARCH_FIXTURE,OG-SYNTH-0.3,A-0.3,build_opus_synthetic_programme_v0_3.py@0.3,20260812,True,473368ed11104cdbe8d67cbbde66d7ae1e55d01425e1c2664d90422f41774d92
PRJ-AIR,PRJ-AIR-CE-10,PRJ-AIR-CE-01,0.04,SYNTHETIC_RESEARCH_FIXTURE,OG-SYNTH-0.3,A-0.3,build_opus_synthetic_programme_v0_3.py@0.3,20260812,True,4dde1ce878b5e3a143ddcba51d81b42e95b32cd92d0ff896e08951d9965b0725
PRJ-AIR,PRJ-AIR-CE-10,PRJ-AIR-CE-02,0.04,SYNTHETIC_RESEARCH_FIXTURE,OG-SYNTH-0.3,A-0.3,build_opus_synthetic_programme_v0_3.py@0.3,20260812,True,50da3733831b3a1dbb40eb166b9588d84dbff900743c43f732fa2bdd154b2f78
PRJ-AIR,PRJ-AIR-CE-10,PRJ-AIR-CE-03,0.04,SYNTHETIC_RESEARCH_FIXTURE,OG-SYNTH-0.3,A-0.3,build_opus_synthetic_programme_v0_3.py@0.3,20260812,True,eb645aa9cb3439be48bc30ba38353bf5f59989626b4f35a0cd187cde675345f7
PRJ-AIR,PRJ-AIR-CE-10,PRJ-AIR-CE-04,0.04,SYNTHETIC_RESEARCH_FIXTURE,OG-SYNTH-0.3,A-0.3,build_opus_synthetic_programme_v0_3.py@0.3,20260812,True,dee680e4d9dbd4e26dd187f175f8f318ddacc2f5ab127567718203d50ad23818
PRJ-AIR,PRJ-AIR-CE-10,PRJ-AIR-CE-05,0.04,SYNTHETIC_RESEARCH_FIXTURE,OG-SYNTH-0.3,A-0.3,build_opus_synthetic_programme_v0_3.py@0.3,20260812,True,76b49b0073804344b763886ff5f7ddb9e23ce3c52540de95ebfd2d026ff716b3
PRJ-AIR,PRJ-AIR-CE-10,PRJ-AIR-CE-06,0.04,SYNTHETIC_RESEARCH_FIXTURE,OG-SYNTH-0.3,A-0.3,build_opus_synthetic_programme_v0_3.py@0.3,20260812,True,7f8f4292622f8177ced7f0d16adebab1dc83cbff871e9b6291731f64de10cf1e
PRJ-AIR,PRJ-AIR-CE-10,PRJ-AIR-CE-07,0.04,SYNTHETIC_RESEARCH_FIXTURE,OG-SYNTH-0.3,A-0.3,build_opus_synthetic_programme_v0_3.py@0.3,20260812,True,3ecfecddf1abc7041ee16614fed94dd6fcd5b17fc637b1199518557aed96f0af
PRJ-AIR,PRJ-AIR-CE-10,PRJ-AIR-CE-08,0.04,SYNTHETIC_RESEARCH_FIXTURE,OG-SYNTH-0.3,A-0.3,build_opus_synthetic_programme_v0_3.py@0.3,20260812,True,38befde3f505c4f7035ff8ef21fdb526baaa85cc7a502c70a0584bd7a7ec7b25
PRJ-AIR,PRJ-AIR-CE-10,PRJ-AIR-CE-09,0.04,SYNTHETIC_RESEARCH_FIXTURE,OG-SYNTH-0.3,A-0.3,build_opus_synthetic_programme_v0_3.py@0.3,20260812,True,92229e67f8b87b73ad5fafb59f168cc5d5dfdbd4de7c5da81cb7e5d125f375d6
PRJ-AIR,PRJ-AIR-CE-10,PRJ-AIR-CE-10,1.0,SYNTHETIC_RESEARCH_FIXTURE,OG-SYNTH-0.3,A-0.3,build_opus_synthetic_programme_v0_3.py@0.3,20260812,True,5c9d811b51ffd14cae91e507bfa71b87c958dfc27fcece8bf7c7b513614d6d02
PRJ-HWY,PRJ-HWY-CE-01,PRJ-HWY-CE-01,1.0,SYNTHETIC_RESEARCH_FIXTURE,OG-SYNTH-0.3,A-0.3,build_opus_synthetic_programme_v0_3.py@0.3,20260812,True,96a0ac6ba03d8464ceaa4d9ef97c5e2facbf25e9a1f9e42040db31804b4c5cea
PRJ-HWY,PRJ-HWY-CE-01,PRJ-HWY-CE-02,0.25,SYNTHETIC_RESEARCH_FIXTURE,OG-SYNTH-0.3,A-0.3,build_opus_synthetic_programme_v0_3.py@0.3,20260812,True,cef18fc22552e7fff4ae9e7dedbc8d2dda68d887a16f88ea866eaa916c17bf7e
PRJ-HWY,PRJ-HWY-CE-01,PRJ-HWY-CE-03,0.25,SYNTHETIC_RESEARCH_FIXTURE,OG-SYNTH-0.3,A-0.3,build_opus_synthetic_programme_v0_3.py@0.3,20260812,True,7d1b4d72427bf087ea602dfc3e050d3cf91b14328b2c845d8c63fc49f5a19b42
PRJ-HWY,PRJ-HWY-CE-01,PRJ-HWY-CE-04,0.04,SYNTHETIC_RESEARCH_FIXTURE,OG-SYNTH-0.3,A-0.3,build_opus_synthetic_programme_v0_3.py@0.3,20260812,True,9c6ce12a4cc4efdee6e8460f55f3187f9e9c802a9300ad362a47a140c95944a4
PRJ-HWY,PRJ-HWY-CE-01,PRJ-HWY-CE-05,0.04,SYNTHETIC_RESEARCH_FIXTURE,OG-SYNTH-0.3,A-0.3,build_opus_synthetic_programme_v0_3.py@0.3,20260812,True,337e00c0bb30ab1838b4f040231fd9fbe3ad1ac781143ba639297071fb05b9ea
PRJ-HWY,PRJ-HWY-CE-01,PRJ-HWY-CE-06,0.04,SYNTHETIC_RESEARCH_FIXTURE,OG-SYNTH-0.3,A-0.3,build_opus_synthetic_programme_v0_3.py@0.3,20260812,True,03506b2b827115f2124581ede6b8712c99dc1840a6c66701d2046d73bf09bf3e
PRJ-HWY,PRJ-HWY-CE-01,PRJ-HWY-CE-07,0.04,SYNTHETIC_RESEARCH_FIXTURE,OG-SYNTH-0.3,A-0.3,build_opus_synthetic_programme_v0_3.py@0.3,20260812,True,4a1fac71b39b8c38dd944502d819bf1833a1529d790ff98663d0208d0237022e
PRJ-HWY,PRJ-HWY-CE-01,PRJ-HWY-CE-08,0.04,SYNTHETIC_RESEARCH_FIXTURE,OG-SYNTH-0.3,A-0.3,build_opus_synthetic_programme_v0_3.py@0.3,20260812,True,972e4accd9a45f921954a23c729ce5506c976fdf12e9dbc6e9459ba853ccf544
PRJ-HWY,PRJ-HWY-CE-01,PRJ-HWY-CE-09,0.04,SYNTHETIC_RESEARCH_FIXTURE,OG-SYNTH-0.3,A-0.3,build_opus_synthetic_programme_v0_3.py@0.3,20260812,True,cff3f047e2094db1317f8d61253fad737b8b2a31db2552263988b0ffe73387ba
PRJ-HWY,PRJ-HWY-CE-01,PRJ-HWY-CE-10,0.04,SYNTHETIC_RESEARCH_FIXTURE,OG-SYNTH-0.3,A-0.3,build_opus_synthetic_programme_v0_3.py@0.3,20260812,True,b1e587835a658697d304bf6bcf34377994e996abd890644c058c799038e6bd5b
PRJ-HWY,PRJ-HWY-CE-02,PRJ-HWY-CE-01,0.25,SYNTHETIC_RESEARCH_FIXTURE,OG-SYNTH-0.3,A-0.3,build_opus_synthetic_programme_v0_3.py@0.3,20260812,True,bffc397e904237bd66827669cd2e2a40df4f6ba1e5bf75bb6f1a3e5f7f13a41e
PRJ-HWY,PRJ-HWY-CE-02,PRJ-HWY-CE-02,1.0,SYNTHETIC_RESEARCH_FIXTURE,OG-SYNTH-0.3,A-0.3,build_opus_synthetic_programme_v0_3.py@0.3,20260812,True,80e1395eed41f01a02eebe6d6bebb6d3b811c74687f2b0af6da835b1e9e0de16
PRJ-HWY,PRJ-HWY-CE-02,PRJ-HWY-CE-03,0.25,SYNTHETIC_RESEARCH_FIXTURE,OG-SYNTH-0.3,A-0.3,build_opus_synthetic_programme_v0_3.py@0.3,20260812,True,a3bf821b0f5ebc8f33d4b51fb786816136478655d468f9ccae9ae01c37420a18
PRJ-HWY,PRJ-HWY-CE-02,PRJ-HWY-CE-04,0.04,SYNTHETIC_RESEARCH_FIXTURE,OG-SYNTH-0.3,A-0.3,build_opus_synthetic_programme_v0_3.py@0.3,20260812,True,e16e04ff523507632e21c0d9552a612ec13c1b072e1561fdfc20a1f7013735a4
PRJ-HWY,PRJ-HWY-CE-02,PRJ-HWY-CE-05,0.04,SYNTHETIC_RESEARCH_FIXTURE,OG-SYNTH-0.3,A-0.3,build_opus_synthetic_programme_v0_3.py@0.3,20260812,True,e2abcea2ce2e402c35744a84ee7c3d42401341d09810bf98024bf54128cfa68e
PRJ-HWY,PRJ-HWY-CE-02,PRJ-HWY-CE-06,0.04,SYNTHETIC_RESEARCH_FIXTURE,OG-SYNTH-0.3,A-0.3,build_opus_synthetic_programme_v0_3.py@0.3,20260812,True,f8c2ee7b7744adf450dce90f87f3b2a38151e8c037c49fbb77355a1cd753a3d9
PRJ-HWY,PRJ-HWY-CE-02,PRJ-HWY-CE-07,0.04,SYNTHETIC_RESEARCH_FIXTURE,OG-SYNTH-0.3,A-0.3,build_opus_synthetic_programme_v0_3.py@0.3,20260812,True,21d3c580868568d782004c731a1346b198280e842e995fc45bb670ba8a80fc64
PRJ-HWY,PRJ-HWY-CE-02,PRJ-HWY-CE-08,0.04,SYNTHETIC_RESEARCH_FIXTURE,OG-SYNTH-0.3,A-0.3,build_opus_synthetic_programme_v0_3.py@0.3,20260812,True,75f5dada97c467bc2bdfb3f3fa489640c5651560292000274eda9d4f9a5a5667
PRJ-HWY,PRJ-HWY-CE-02,PRJ-HWY-CE-09,0.04,SYNTHETIC_RESEARCH_FIXTURE,OG-SYNTH-0.3,A-0.3,build_opus_synthetic_programme_v0_3.py@0.3,20260812,True,cedf75583fb82729d181d91e67a430e69e83caa11367d27a4002750ab91fae41
PRJ-HWY,PRJ-HWY-CE-02,PRJ-HWY-CE-10,0.04,SYNTHETIC_RESEARCH_FIXTURE,OG-SYNTH-0.3,A-0.3,build_opus_synthetic_programme_v0_3.py@0.3,20260812,True,c702411c186a83ace2461bdbb5c812bf1a411576fef20f82b62c37273f445c01
PRJ-HWY,PRJ-HWY-CE-03,PRJ-HWY-CE-01,0.25,SYNTHETIC_RESEARCH_FIXTURE,OG-SYNTH-0.3,A-0.3,build_opus_synthetic_programme_v0_3.py@0.3,20260812,True,208f52d15874bc16c8cf6cf375b7676b9b9e120848c726f561b81ad36044d53a
PRJ-HWY,PRJ-HWY-CE-03,PRJ-HWY-CE-02,0.25,SYNTHETIC_RESEARCH_FIXTURE,OG-SYNTH-0.3,A-0.3,build_opus_synthetic_programme_v0_3.py@0.3,20260812,True,7dd75850fd122bf6e25132aeef4cc03909b50130df3741f41a8dec611a4a419b
PRJ-HWY,PRJ-HWY-CE-03,PRJ-HWY-CE-03,1.0,SYNTHETIC_RESEARCH_FIXTURE,OG-SYNTH-0.3,A-0.3,build_opus_synthetic_programme_v0_3.py@0.3,20260812,True,f100972eb83a5884b67c59206b89aeb6e264af0b1e55e6e39a60c071d5a1a77c
PRJ-HWY,PRJ-HWY-CE-03,PRJ-HWY-CE-04,0.04,SYNTHETIC_RESEARCH_FIXTURE,OG-SYNTH-0.3,A-0.3,build_opus_synthetic_programme_v0_3.py@0.3,20260812,True,21fe603db894cae5fdd34b67160862271605dfe0ad0606a51a510b7aa512a583
PRJ-HWY,PRJ-HWY-CE-03,PRJ-HWY-CE-05,0.04,SYNTHETIC_RESEARCH_FIXTURE,OG-SYNTH-0.3,A-0.3,build_opus_synthetic_programme_v0_3.py@0.3,20260812,True,82ab4d692668686b8015d858c614eaddb968c5c2cdc8f69a9b258884aa6aa5c9
PRJ-HWY,PRJ-HWY-CE-03,PRJ-HWY-CE-06,0.04,SYNTHETIC_RESEARCH_FIXTURE,OG-SYNTH-0.3,A-0.3,build_opus_synthetic_programme_v0_3.py@0.3,20260812,True,951c6d85e4b8ce4416c17c1c04207e54407043925b3e873eb49952569e7bdcab
PRJ-HWY,PRJ-HWY-CE-03,PRJ-HWY-CE-07,0.04,SYNTHETIC_RESEARCH_FIXTURE,OG-SYNTH-0.3,A-0.3,build_opus_synthetic_programme_v0_3.py@0.3,20260812,True,dd6a8ec8dd6945afd5799a523909744e6bd9cbf3314514555d0b7d898ae934fb
PRJ-HWY,PRJ-HWY-CE-03,PRJ-HWY-CE-08,0.04,SYNTHETIC_RESEARCH_FIXTURE,OG-SYNTH-0.3,A-0.3,build_opus_synthetic_programme_v0_3.py@0.3,20260812,True,0e91c2b66302c817f3965fab13509e31e80a568eee2ea7cd8491aa20192a260d
PRJ-HWY,PRJ-HWY-CE-03,PRJ-HWY-CE-09,0.04,SYNTHETIC_RESEARCH_FIXTURE,OG-SYNTH-0.3,A-0.3,build_opus_synthetic_programme_v0_3.py@0.3,20260812,True,398399867bf01b38aecbf91414b7ff1c276f3bb23da8829237aa1bbc4f3b99eb
PRJ-HWY,PRJ-HWY-CE-03,PRJ-HWY-CE-10,0.04,SYNTHETIC_RESEARCH_FIXTURE,OG-SYNTH-0.3,A-0.3,build_opus_synthetic_programme_v0_3.py@0.3,20260812,True,8fb31a984bc52a716d345881892cfd993d744408a8f3c60a39833090720d859a
PRJ-HWY,PRJ-HWY-CE-04,PRJ-HWY-CE-01,0.04,SYNTHETIC_RESEARCH_FIXTURE,OG-SYNTH-0.3,A-0.3,build_opus_synthetic_programme_v0_3.py@0.3,20260812,True,5576903bfa4eab07794d17d6ba2129c13399ec769bf0e0b529f401977e977ac2
PRJ-HWY,PRJ-HWY-CE-04,PRJ-HWY-CE-02,0.04,SYNTHETIC_RESEARCH_FIXTURE,OG-SYNTH-0.3,A-0.3,build_opus_synthetic_programme_v0_3.py@0.3,20260812,True,fddd8159da5bd562982563d2d138161b070f756cbbf19e8513f77cbb88af8413
PRJ-HWY,PRJ-HWY-CE-04,PRJ-HWY-CE-03,0.04,SYNTHETIC_RESEARCH_FIXTURE,OG-SYNTH-0.3,A-0.3,build_opus_synthetic_programme_v0_3.py@0.3,20260812,True,d277f8bc19121ebffb797f135116eac4866fe0b142994fe6d2ce006f380d6626
PRJ-HWY,PRJ-HWY-CE-04,PRJ-HWY-CE-04,1.0,SYNTHETIC_RESEARCH_FIXTURE,OG-SYNTH-0.3,A-0.3,build_opus_synthetic_programme_v0_3.py@0.3,20260812,True,5bd217119e3b26a789d2fa228f0ae3c690342b6455def0bff87c33e347588f14
PRJ-HWY,PRJ-HWY-CE-04,PRJ-HWY-CE-05,0.25,SYNTHETIC_RESEARCH_FIXTURE,OG-SYNTH-0.3,A-0.3,build_opus_synthetic_programme_v0_3.py@0.3,20260812,True,bf3f4cc5ac92249e23a1969240f953cd7435956a682b7015f4ae8830d436ceb9
PRJ-HWY,PRJ-HWY-CE-04,PRJ-HWY-CE-06,0.25,SYNTHETIC_RESEARCH_FIXTURE,OG-SYNTH-0.3,A-0.3,build_opus_synthetic_programme_v0_3.py@0.3,20260812,True,9e969e47a1d5f6e9822d9629e6c51b94c88255f6edc46596b1278cfbd92412d1
PRJ-HWY,PRJ-HWY-CE-04,PRJ-HWY-CE-07,0.04,SYNTHETIC_RESEARCH_FIXTURE,OG-SYNTH-0.3,A-0.3,build_opus_synthetic_programme_v0_3.py@0.3,20260812,True,21adc60f202ce451973758acfe007caacb9c09dd8c663906e8c1ee165c207e56
PRJ-HWY,PRJ-HWY-CE-04,PRJ-HWY-CE-08,0.04,SYNTHETIC_RESEARCH_FIXTURE,OG-SYNTH-0.3,A-0.3,build_opus_synthetic_programme_v0_3.py@0.3,20260812,True,d913644fccb9ad6c6d12a17d51eddbb8a0643e9bb60ce7535d48b0f37fbcc35b
PRJ-HWY,PRJ-HWY-CE-04,PRJ-HWY-CE-09,0.04,SYNTHETIC_RESEARCH_FIXTURE,OG-SYNTH-0.3,A-0.3,build_opus_synthetic_programme_v0_3.py@0.3,20260812,True,ea99f9f7e5ef98f36573ff3b746ac1f7097eac252f32a38406b4afdcc5d63880
PRJ-HWY,PRJ-HWY-CE-04,PRJ-HWY-CE-10,0.04,SYNTHETIC_RESEARCH_FIXTURE,OG-SYNTH-0.3,A-0.3,build_opus_synthetic_programme_v0_3.py@0.3,20260812,True,77a025b97dab1edf9287911d4cf9c1a2be26bfd61c0449bb58d8ea60d13ad930
PRJ-HWY,PRJ-HWY-CE-05,PRJ-HWY-CE-01,0.04,SYNTHETIC_RESEARCH_FIXTURE,OG-SYNTH-0.3,A-0.3,build_opus_synthetic_programme_v0_3.py@0.3,20260812,True,a3bc31c6191768f201f551a11c50cf874f9f7469cba5ca4dfc6e9c497f6ede86
PRJ-HWY,PRJ-HWY-CE-05,PRJ-HWY-CE-02,0.04,SYNTHETIC_RESEARCH_FIXTURE,OG-SYNTH-0.3,A-0.3,build_opus_synthetic_programme_v0_3.py@0.3,20260812,True,3a191b87f7651d8f60f6692eacd0772afdef8dc1296c1a3872759a770b0ea815
PRJ-HWY,PRJ-HWY-CE-05,PRJ-HWY-CE-03,0.04,SYNTHETIC_RESEARCH_FIXTURE,OG-SYNTH-0.3,A-0.3,build_opus_synthetic_programme_v0_3.py@0.3,20260812,True,c384606a7ddc4300d141c4e0ab61820c1faef55d40db0b1dba85b0f9c34b5f62
PRJ-HWY,PRJ-HWY-CE-05,PRJ-HWY-CE-04,0.25,SYNTHETIC_RESEARCH_FIXTURE,OG-SYNTH-0.3,A-0.3,build_opus_synthetic_programme_v0_3.py@0.3,20260812,True,5184cfa00ee20abcae36c32cf7c0b2d344c30cb6754ec2dfe5b6e20f50514671
PRJ-HWY,PRJ-HWY-CE-05,PRJ-HWY-CE-05,1.0,SYNTHETIC_RESEARCH_FIXTURE,OG-SYNTH-0.3,A-0.3,build_opus_synthetic_programme_v0_3.py@0.3,20260812,True,c4f4fcfdaa7cc23d9b7ca747408a9a28617df5c9c494ac5618aa86c454462a0b
PRJ-HWY,PRJ-HWY-CE-05,PRJ-HWY-CE-06,0.25,SYNTHETIC_RESEARCH_FIXTURE,OG-SYNTH-0.3,A-0.3,build_opus_synthetic_programme_v0_3.py@0.3,20260812,True,c6246aee1409d325a4a57c7fbf0a80531997dda48662dc02bb1dec5483b69851
PRJ-HWY,PRJ-HWY-CE-05,PRJ-HWY-CE-07,0.04,SYNTHETIC_RESEARCH_FIXTURE,OG-SYNTH-0.3,A-0.3,build_opus_synthetic_programme_v0_3.py@0.3,20260812,True,eaed2069215e9bef385f5f1dc436b2e9a27bfcccdf4086f87e42cf26023d2e87
PRJ-HWY,PRJ-HWY-CE-05,PRJ-HWY-CE-08,0.04,SYNTHETIC_RESEARCH_FIXTURE,OG-SYNTH-0.3,A-0.3,build_opus_synthetic_programme_v0_3.py@0.3,20260812,True,6d995125b278eb5bc8335a4559e3a056ca54dc7f401b55fef9a1cb5fcfaeb513
PRJ-HWY,PRJ-HWY-CE-05,PRJ-HWY-CE-09,0.04,SYNTHETIC_RESEARCH_FIXTURE,OG-SYNTH-0.3,A-0.3,build_opus_synthetic_programme_v0_3.py@0.3,20260812,True,fba85935a43553f029a85b315494cff2e1a38dd5aa2b5c4a8ce52c9f09ec1256
PRJ-HWY,PRJ-HWY-CE-05,PRJ-HWY-CE-10,0.04,SYNTHETIC_RESEARCH_FIXTURE,OG-SYNTH-0.3,A-0.3,build_opus_synthetic_programme_v0_3.py@0.3,20260812,True,131ef4b787a524a37074403c6b5cb4a580c624f70d5c5948f558711ee8a12948
PRJ-HWY,PRJ-HWY-CE-06,PRJ-HWY-CE-01,0.04,SYNTHETIC_RESEARCH_FIXTURE,OG-SYNTH-0.3,A-0.3,build_opus_synthetic_programme_v0_3.py@0.3,20260812,True,887f87126c313760bb551186c0e60416676eb69feee0b115c4833e1c3a280371
PRJ-HWY,PRJ-HWY-CE-06,PRJ-HWY-CE-02,0.04,SYNTHETIC_RESEARCH_FIXTURE,OG-SYNTH-0.3,A-0.3,build_opus_synthetic_programme_v0_3.py@0.3,20260812,True,af95a154518a2158b6cd20ed82ee36b74e5b76d2e1f4f3a2bd7a2f7ded0aa207
PRJ-HWY,PRJ-HWY-CE-06,PRJ-HWY-CE-03,0.04,SYNTHETIC_RESEARCH_FIXTURE,OG-SYNTH-0.3,A-0.3,build_opus_synthetic_programme_v0_3.py@0.3,20260812,True,59c65e74fed72cf2488365459666a66971c64922d532e525dc29b7eabbcbf531
PRJ-HWY,PRJ-HWY-CE-06,PRJ-HWY-CE-04,0.25,SYNTHETIC_RESEARCH_FIXTURE,OG-SYNTH-0.3,A-0.3,build_opus_synthetic_programme_v0_3.py@0.3,20260812,True,1c78686206e969ceb76ef9f1851ae3b27a7fb0b933b89cb7db9966738351568a
PRJ-HWY,PRJ-HWY-CE-06,PRJ-HWY-CE-05,0.25,SYNTHETIC_RESEARCH_FIXTURE,OG-SYNTH-0.3,A-0.3,build_opus_synthetic_programme_v0_3.py@0.3,20260812,True,1baa8cc16a928c87b5070b391d01ac761840305aa82891c0df7e4d96abac1ed0
PRJ-HWY,PRJ-HWY-CE-06,PRJ-HWY-CE-06,1.0,SYNTHETIC_RESEARCH_FIXTURE,OG-SYNTH-0.3,A-0.3,build_opus_synthetic_programme_v0_3.py@0.3,20260812,True,51f88b474cd88b2a9643b91fefefb4b2757c549907fb714f1ae9bc53151c6a99
PRJ-HWY,PRJ-HWY-CE-06,PRJ-HWY-CE-07,0.04,SYNTHETIC_RESEARCH_FIXTURE,OG-SYNTH-0.3,A-0.3,build_opus_synthetic_programme_v0_3.py@0.3,20260812,True,6d9347c6d8e90950f634cca06bf525a6181e1e67aeff697b80f1705e45194ad4
PRJ-HWY,PRJ-HWY-CE-06,PRJ-HWY-CE-08,0.04,SYNTHETIC_RESEARCH_FIXTURE,OG-SYNTH-0.3,A-0.3,build_opus_synthetic_programme_v0_3.py@0.3,20260812,True,1690b04af62db53a8117a5a978ea5c78d3451797122e4a44017e6ea92f9e7bfb
PRJ-HWY,PRJ-HWY-CE-06,PRJ-HWY-CE-09,0.04,SYNTHETIC_RESEARCH_FIXTURE,OG-SYNTH-0.3,A-0.3,build_opus_synthetic_programme_v0_3.py@0.3,20260812,True,1fe8b34f68d510099662825a441351533896fa36c321860dcc42409026bc3eba
PRJ-HWY,PRJ-HWY-CE-06,PRJ-HWY-CE-10,0.04,SYNTHETIC_RESEARCH_FIXTURE,OG-SYNTH-0.3,A-0.3,build_opus_synthetic_programme_v0_3.py@0.3,20260812,True,637cc7da1a06c77b6984085fa517e43fc736c2136bcccf774248e2fd03e8216b
PRJ-HWY,PRJ-HWY-CE-07,PRJ-HWY-CE-01,0.04,SYNTHETIC_RESEARCH_FIXTURE,OG-SYNTH-0.3,A-0.3,build_opus_synthetic_programme_v0_3.py@0.3,20260812,True,72ce62961c3b63b1385519c6226142c51c427b299fad20d9db01bd1600fead77
PRJ-HWY,PRJ-HWY-CE-07,PRJ-HWY-CE-02,0.04,SYNTHETIC_RESEARCH_FIXTURE,OG-SYNTH-0.3,A-0.3,build_opus_synthetic_programme_v0_3.py@0.3,20260812,True,79d8361b50e54e79b2bca241c43e18f88b7ccc9faee561ccda20769cc3cb8763
PRJ-HWY,PRJ-HWY-CE-07,PRJ-HWY-CE-03,0.04,SYNTHETIC_RESEARCH_FIXTURE,OG-SYNTH-0.3,A-0.3,build_opus_synthetic_programme_v0_3.py@0.3,20260812,True,922b299ff256e7a196ce04c59f1c80d49a88e5cdee97d8a186318eb50ae3060a
PRJ-HWY,PRJ-HWY-CE-07,PRJ-HWY-CE-04,0.04,SYNTHETIC_RESEARCH_FIXTURE,OG-SYNTH-0.3,A-0.3,build_opus_synthetic_programme_v0_3.py@0.3,20260812,True,9a4dfbd6be62a9fcbc017b3b0aebd530a02d1e79771fbde1f54b7cdc6ef0eba1
PRJ-HWY,PRJ-HWY-CE-07,PRJ-HWY-CE-05,0.04,SYNTHETIC_RESEARCH_FIXTURE,OG-SYNTH-0.3,A-0.3,build_opus_synthetic_programme_v0_3.py@0.3,20260812,True,8966266a326ec7c10eeb66675ede1f0faa44f27b9013632a787e488125a50a47
PRJ-HWY,PRJ-HWY-CE-07,PRJ-HWY-CE-06,0.04,SYNTHETIC_RESEARCH_FIXTURE,OG-SYNTH-0.3,A-0.3,build_opus_synthetic_programme_v0_3.py@0.3,20260812,True,25fe56e3791982a86df1418ce095d3876f7aaed8287e07041e8b1e9faddc2639
PRJ-HWY,PRJ-HWY-CE-07,PRJ-HWY-CE-07,1.0,SYNTHETIC_RESEARCH_FIXTURE,OG-SYNTH-0.3,A-0.3,build_opus_synthetic_programme_v0_3.py@0.3,20260812,True,ae738726f18caf0ef0fcc524a88cceb5135f33455957a8a102766eadcc7ad355
PRJ-HWY,PRJ-HWY-CE-07,PRJ-HWY-CE-08,0.25,SYNTHETIC_RESEARCH_FIXTURE,OG-SYNTH-0.3,A-0.3,build_opus_synthetic_programme_v0_3.py@0.3,20260812,True,f358535963651f45853add2cf24d0079b9a3eb532522c7293cc31b86aa1d70ab
PRJ-HWY,PRJ-HWY-CE-07,PRJ-HWY-CE-09,0.25,SYNTHETIC_RESEARCH_FIXTURE,OG-SYNTH-0.3,A-0.3,build_opus_synthetic_programme_v0_3.py@0.3,20260812,True,e7728d436f5c71e37cc052b56114d0e2e70d41943ebb5c52625619da4abaffed
PRJ-HWY,PRJ-HWY-CE-07,PRJ-HWY-CE-10,0.04,SYNTHETIC_RESEARCH_FIXTURE,OG-SYNTH-0.3,A-0.3,build_opus_synthetic_programme_v0_3.py@0.3,20260812,True,eed37c76f693c80e170d291f4ee13b9d0bd12286bb066301a790581697df8e51
PRJ-HWY,PRJ-HWY-CE-08,PRJ-HWY-CE-01,0.04,SYNTHETIC_RESEARCH_FIXTURE,OG-SYNTH-0.3,A-0.3,build_opus_synthetic_programme_v0_3.py@0.3,20260812,True,d45f2025587e6e9751967f6b00e1be9be883a77d7401b033dba532eb371bc1f3
PRJ-HWY,PRJ-HWY-CE-08,PRJ-HWY-CE-02,0.04,SYNTHETIC_RESEARCH_FIXTURE,OG-SYNTH-0.3,A-0.3,build_opus_synthetic_programme_v0_3.py@0.3,20260812,True,09cc06989e6a107e37424b99a91320481ebba12a68206983a16c92c8c7a122cd
PRJ-HWY,PRJ-HWY-CE-08,PRJ-HWY-CE-03,0.04,SYNTHETIC_RESEARCH_FIXTURE,OG-SYNTH-0.3,A-0.3,build_opus_synthetic_programme_v0_3.py@0.3,20260812,True,839d2225fc47ff593bd21f9df765359511a843a42d4b018c1019f26cd0431692
PRJ-HWY,PRJ-HWY-CE-08,PRJ-HWY-CE-04,0.04,SYNTHETIC_RESEARCH_FIXTURE,OG-SYNTH-0.3,A-0.3,build_opus_synthetic_programme_v0_3.py@0.3,20260812,True,026818a6877754f94d252d74d96faac5b14cb933d999566f9ca72e74fbd4d533
PRJ-HWY,PRJ-HWY-CE-08,PRJ-HWY-CE-05,0.04,SYNTHETIC_RESEARCH_FIXTURE,OG-SYNTH-0.3,A-0.3,build_opus_synthetic_programme_v0_3.py@0.3,20260812,True,29f7a72a8903ebbfda9558a9b939ef5fc77469dc4dc180e4158cdc25869b7936
PRJ-HWY,PRJ-HWY-CE-08,PRJ-HWY-CE-06,0.04,SYNTHETIC_RESEARCH_FIXTURE,OG-SYNTH-0.3,A-0.3,build_opus_synthetic_programme_v0_3.py@0.3,20260812,True,fa8c95635c5da4ae989ce706bd934e02fdf94c2629e3a23f41797ffd03d847a7
PRJ-HWY,PRJ-HWY-CE-08,PRJ-HWY-CE-07,0.25,SYNTHETIC_RESEARCH_FIXTURE,OG-SYNTH-0.3,A-0.3,build_opus_synthetic_programme_v0_3.py@0.3,20260812,True,5fb9c7753705a60c5232554da54cb2bf1aa9244c56d6514327242358456a25bf
PRJ-HWY,PRJ-HWY-CE-08,PRJ-HWY-CE-08,1.0,SYNTHETIC_RESEARCH_FIXTURE,OG-SYNTH-0.3,A-0.3,build_opus_synthetic_programme_v0_3.py@0.3,20260812,True,03270bc490269f7dee2afddfb1b3a2a6889ce9a48b402119483a0124732bd85c
PRJ-HWY,PRJ-HWY-CE-08,PRJ-HWY-CE-09,0.25,SYNTHETIC_RESEARCH_FIXTURE,OG-SYNTH-0.3,A-0.3,build_opus_synthetic_programme_v0_3.py@0.3,20260812,True,bc0b69fd0793653435398e364f5b9faeaa04508314a3eeaad09a317209714256
PRJ-HWY,PRJ-HWY-CE-08,PRJ-HWY-CE-10,0.04,SYNTHETIC_RESEARCH_FIXTURE,OG-SYNTH-0.3,A-0.3,build_opus_synthetic_programme_v0_3.py@0.3,20260812,True,fcdac1cfc469a330427c46ae5c072d72a11f6316e66b44223247018ffdfbf4e8
PRJ-HWY,PRJ-HWY-CE-09,PRJ-HWY-CE-01,0.04,SYNTHETIC_RESEARCH_FIXTURE,OG-SYNTH-0.3,A-0.3,build_opus_synthetic_programme_v0_3.py@0.3,20260812,True,7981ee1d7c7e0b79133890ad620ffb60b39ed546ad906810bdabc6e6c7fcb1c0
PRJ-HWY,PRJ-HWY-CE-09,PRJ-HWY-CE-02,0.04,SYNTHETIC_RESEARCH_FIXTURE,OG-SYNTH-0.3,A-0.3,build_opus_synthetic_programme_v0_3.py@0.3,20260812,True,1de0600e287a2cdfec86048679802e757283001db8bf40b3d5374db0b94b09b8
PRJ-HWY,PRJ-HWY-CE-09,PRJ-HWY-CE-03,0.04,SYNTHETIC_RESEARCH_FIXTURE,OG-SYNTH-0.3,A-0.3,build_opus_synthetic_programme_v0_3.py@0.3,20260812,True,e010305063a4d6309a746ffe76e2a3bf0fcb60c45048b39dcb91ac629a9178e6
PRJ-HWY,PRJ-HWY-CE-09,PRJ-HWY-CE-04,0.04,SYNTHETIC_RESEARCH_FIXTURE,OG-SYNTH-0.3,A-0.3,build_opus_synthetic_programme_v0_3.py@0.3,20260812,True,0c59e6db365f016a95613ab849e9a98b6755abb0c98e949a863ca711d5519462
PRJ-HWY,PRJ-HWY-CE-09,PRJ-HWY-CE-05,0.04,SYNTHETIC_RESEARCH_FIXTURE,OG-SYNTH-0.3,A-0.3,build_opus_synthetic_programme_v0_3.py@0.3,20260812,True,ba9f817a903b967759b551a58a4e1bdcbb2b56e7921c451dce953e2ac8cf8d95
PRJ-HWY,PRJ-HWY-CE-09,PRJ-HWY-CE-06,0.04,SYNTHETIC_RESEARCH_FIXTURE,OG-SYNTH-0.3,A-0.3,build_opus_synthetic_programme_v0_3.py@0.3,20260812,True,5afad70595ec5cb3e3f217632831f94fe6efdb78a04eb940f1969af554138149
PRJ-HWY,PRJ-HWY-CE-09,PRJ-HWY-CE-07,0.25,SYNTHETIC_RESEARCH_FIXTURE,OG-SYNTH-0.3,A-0.3,build_opus_synthetic_programme_v0_3.py@0.3,20260812,True,148c936f6fd26242e073fdc2d7daa6e1bad5f60250870b1a162f0b0159d5d2db
PRJ-HWY,PRJ-HWY-CE-09,PRJ-HWY-CE-08,0.25,SYNTHETIC_RESEARCH_FIXTURE,OG-SYNTH-0.3,A-0.3,build_opus_synthetic_programme_v0_3.py@0.3,20260812,True,b4e1620fdcdc0ba5a694db366b6fb0230f1ff7713855f5eb7df398900a5911db
PRJ-HWY,PRJ-HWY-CE-09,PRJ-HWY-CE-09,1.0,SYNTHETIC_RESEARCH_FIXTURE,OG-SYNTH-0.3,A-0.3,build_opus_synthetic_programme_v0_3.py@0.3,20260812,True,d141bf89d374f6c9c76e023a450161463838108ce85d2afbf6c276760501a2d7
PRJ-HWY,PRJ-HWY-CE-09,PRJ-HWY-CE-10,0.04,SYNTHETIC_RESEARCH_FIXTURE,OG-SYNTH-0.3,A-0.3,build_opus_synthetic_programme_v0_3.py@0.3,20260812,True,11d850577ed77f2c8dffe21b83331999906698100843bc98d6296c120f466397
PRJ-HWY,PRJ-HWY-CE-10,PRJ-HWY-CE-01,0.04,SYNTHETIC_RESEARCH_FIXTURE,OG-SYNTH-0.3,A-0.3,build_opus_synthetic_programme_v0_3.py@0.3,20260812,True,69dbb050ccb6232fcf5ea83b014b34b15ba46bf4b8bf964bd331fda359d6ed52
PRJ-HWY,PRJ-HWY-CE-10,PRJ-HWY-CE-02,0.04,SYNTHETIC_RESEARCH_FIXTURE,OG-SYNTH-0.3,A-0.3,build_opus_synthetic_programme_v0_3.py@0.3,20260812,True,bec6b27f6089a899611f431b34765bdba610f38fd1f231240d8579efa8d3cf63
PRJ-HWY,PRJ-HWY-CE-10,PRJ-HWY-CE-03,0.04,SYNTHETIC_RESEARCH_FIXTURE,OG-SYNTH-0.3,A-0.3,build_opus_synthetic_programme_v0_3.py@0.3,20260812,True,c5b7f2987093aed933fa35acde3ec58c5d979cacc44a06c5e7516c311939cb7a
PRJ-HWY,PRJ-HWY-CE-10,PRJ-HWY-CE-04,0.04,SYNTHETIC_RESEARCH_FIXTURE,OG-SYNTH-0.3,A-0.3,build_opus_synthetic_programme_v0_3.py@0.3,20260812,True,24c6b0e23fc1a77678ef4e5c68264ab81206724487bf391fbd29926bca6be8b7
PRJ-HWY,PRJ-HWY-CE-10,PRJ-HWY-CE-05,0.04,SYNTHETIC_RESEARCH_FIXTURE,OG-SYNTH-0.3,A-0.3,build_opus_synthetic_programme_v0_3.py@0.3,20260812,True,9b351a6d3ccf212d266804f9485f78cd0ef224e8d215c33d9179d1f78c1d1340
PRJ-HWY,PRJ-HWY-CE-10,PRJ-HWY-CE-06,0.04,SYNTHETIC_RESEARCH_FIXTURE,OG-SYNTH-0.3,A-0.3,build_opus_synthetic_programme_v0_3.py@0.3,20260812,True,f151f324d624d1277b24e90aef6f3bcee0ec54703c6ab8de410c67b7f1d36724
PRJ-HWY,PRJ-HWY-CE-10,PRJ-HWY-CE-07,0.04,SYNTHETIC_RESEARCH_FIXTURE,OG-SYNTH-0.3,A-0.3,build_opus_synthetic_programme_v0_3.py@0.3,20260812,True,8c4c1ccd46d08d863663f777e8bb9b7f2478772630ada3c0c596be19c84c4ce5
PRJ-HWY,PRJ-HWY-CE-10,PRJ-HWY-CE-08,0.04,SYNTHETIC_RESEARCH_FIXTURE,OG-SYNTH-0.3,A-0.3,build_opus_synthetic_programme_v0_3.py@0.3,20260812,True,9affcd5073f25068158e727f494fe682a25db01159afdb8c24ca3fba2e550f89
PRJ-HWY,PRJ-HWY-CE-10,PRJ-HWY-CE-09,0.04,SYNTHETIC_RESEARCH_FIXTURE,OG-SYNTH-0.3,A-0.3,build_opus_synthetic_programme_v0_3.py@0.3,20260812,True,d48ca1276e6b97617cf01d0a1a60ca56d669bc31d0ac3425cd1252583d42d730
PRJ-HWY,PRJ-HWY-CE-10,PRJ-HWY-CE-10,1.0,SYNTHETIC_RESEARCH_FIXTURE,OG-SYNTH-0.3,A-0.3,build_opus_synthetic_programme_v0_3.py@0.3,20260812,True,9f37f0110133d826ab45e2c0a64e6866a9a7ab57189c471251d45a56c8983caa
PRJ-HSP,PRJ-HSP-CE-01,PRJ-HSP-CE-01,1.0,SYNTHETIC_RESEARCH_FIXTURE,OG-SYNTH-0.3,A-0.3,build_opus_synthetic_programme_v0_3.py@0.3,20260812,True,49010b398149f489e361ef7526ccbcc8713f9777a5207b992a7d978d50a49c4e
PRJ-HSP,PRJ-HSP-CE-01,PRJ-HSP-CE-02,0.25,SYNTHETIC_RESEARCH_FIXTURE,OG-SYNTH-0.3,A-0.3,build_opus_synthetic_programme_v0_3.py@0.3,20260812,True,d54929740408c33f7f12b031ff85efeb566fac9e36587226befe3a8046b56022
PRJ-HSP,PRJ-HSP-CE-01,PRJ-HSP-CE-03,0.25,SYNTHETIC_RESEARCH_FIXTURE,OG-SYNTH-0.3,A-0.3,build_opus_synthetic_programme_v0_3.py@0.3,20260812,True,3aa427064c78f18a57e9481bb0bd3ba39e8d121d2d09e01fd67c832dfcb99c35
PRJ-HSP,PRJ-HSP-CE-01,PRJ-HSP-CE-04,0.04,SYNTHETIC_RESEARCH_FIXTURE,OG-SYNTH-0.3,A-0.3,build_opus_synthetic_programme_v0_3.py@0.3,20260812,True,55e24c5c548eca7e9d65df6e2244deb6fc0519ec6e2cb1b263a7a1b0edb9505d
PRJ-HSP,PRJ-HSP-CE-01,PRJ-HSP-CE-05,0.04,SYNTHETIC_RESEARCH_FIXTURE,OG-SYNTH-0.3,A-0.3,build_opus_synthetic_programme_v0_3.py@0.3,20260812,True,e849dcbe4b8d03881d8205b11b149a3f56523e95a62ab5e6e0d8507f390a9f50
PRJ-HSP,PRJ-HSP-CE-01,PRJ-HSP-CE-06,0.04,SYNTHETIC_RESEARCH_FIXTURE,OG-SYNTH-0.3,A-0.3,build_opus_synthetic_programme_v0_3.py@0.3,20260812,True,809a2932272238ad0335108db6b028f182b08975ca000ebc85cebc6f6eec957e
PRJ-HSP,PRJ-HSP-CE-01,PRJ-HSP-CE-07,0.04,SYNTHETIC_RESEARCH_FIXTURE,OG-SYNTH-0.3,A-0.3,build_opus_synthetic_programme_v0_3.py@0.3,20260812,True,19ee87a7f6087094d227639305564889134c31001375ac815d2958c14e23d7b7
PRJ-HSP,PRJ-HSP-CE-01,PRJ-HSP-CE-08,0.04,SYNTHETIC_RESEARCH_FIXTURE,OG-SYNTH-0.3,A-0.3,build_opus_synthetic_programme_v0_3.py@0.3,20260812,True,8f192fb2cb0a58984ef9ac08a125009bee3f7fb4f3ece560dbde68cc7db1ffb2
PRJ-HSP,PRJ-HSP-CE-01,PRJ-HSP-CE-09,0.04,SYNTHETIC_RESEARCH_FIXTURE,OG-SYNTH-0.3,A-0.3,build_opus_synthetic_programme_v0_3.py@0.3,20260812,True,80175dd0bd6e1cae4505387a96e4efeffc4faec8ee5be0a04a91e521f3db8987
PRJ-HSP,PRJ-HSP-CE-01,PRJ-HSP-CE-10,0.04,SYNTHETIC_RESEARCH_FIXTURE,OG-SYNTH-0.3,A-0.3,build_opus_synthetic_programme_v0_3.py@0.3,20260812,True,077c06cda801c6152f71914ddd176ffd9fd6220e4a9602b1bea8b8fa948e527d
PRJ-HSP,PRJ-HSP-CE-02,PRJ-HSP-CE-01,0.25,SYNTHETIC_RESEARCH_FIXTURE,OG-SYNTH-0.3,A-0.3,build_opus_synthetic_programme_v0_3.py@0.3,20260812,True,a96e40e380a91b0e7d7c7fe9e1a8f91064b9aaa579868d666a38bc05aec8ee81
PRJ-HSP,PRJ-HSP-CE-02,PRJ-HSP-CE-02,1.0,SYNTHETIC_RESEARCH_FIXTURE,OG-SYNTH-0.3,A-0.3,build_opus_synthetic_programme_v0_3.py@0.3,20260812,True,2588e18e5fd7a4a1d1943876792d909a7a058ce70d9b009e885da59d60ab7f84
PRJ-HSP,PRJ-HSP-CE-02,PRJ-HSP-CE-03,0.25,SYNTHETIC_RESEARCH_FIXTURE,OG-SYNTH-0.3,A-0.3,build_opus_synthetic_programme_v0_3.py@0.3,20260812,True,c9226d9aeac5733ada871fa6e7d49aa001de30bfe16966e6413114f84cadffc3
PRJ-HSP,PRJ-HSP-CE-02,PRJ-HSP-CE-04,0.04,SYNTHETIC_RESEARCH_FIXTURE,OG-SYNTH-0.3,A-0.3,build_opus_synthetic_programme_v0_3.py@0.3,20260812,True,de113cafea9047f3cc3c1d4f2c7aa7d2b603dd3428f5ead3723f912ab88c1be3
PRJ-HSP,PRJ-HSP-CE-02,PRJ-HSP-CE-05,0.04,SYNTHETIC_RESEARCH_FIXTURE,OG-SYNTH-0.3,A-0.3,build_opus_synthetic_programme_v0_3.py@0.3,20260812,True,e794053b78f0f4693f893d9f530409fcdb6861290070d5815fe13ee120067315
PRJ-HSP,PRJ-HSP-CE-02,PRJ-HSP-CE-06,0.04,SYNTHETIC_RESEARCH_FIXTURE,OG-SYNTH-0.3,A-0.3,build_opus_synthetic_programme_v0_3.py@0.3,20260812,True,ca576af70d33b5f10d7ab75da3a0f579b86c45bb3b7d38ef9fca793b192edff5
PRJ-HSP,PRJ-HSP-CE-02,PRJ-HSP-CE-07,0.04,SYNTHETIC_RESEARCH_FIXTURE,OG-SYNTH-0.3,A-0.3,build_opus_synthetic_programme_v0_3.py@0.3,20260812,True,d636e11ff73a3027723a4f15f4e2f8ab56a2fed0fdbf86e89ba7658b88e0b28d
PRJ-HSP,PRJ-HSP-CE-02,PRJ-HSP-CE-08,0.04,SYNTHETIC_RESEARCH_FIXTURE,OG-SYNTH-0.3,A-0.3,build_opus_synthetic_programme_v0_3.py@0.3,20260812,True,f968ec94b7658a36dd895e76962497cc2ea7d76750d1155e25f001857c521a5d
PRJ-HSP,PRJ-HSP-CE-02,PRJ-HSP-CE-09,0.04,SYNTHETIC_RESEARCH_FIXTURE,OG-SYNTH-0.3,A-0.3,build_opus_synthetic_programme_v0_3.py@0.3,20260812,True,fad515679c623eeb7b1bb92ee3847c6325116b0ebc4c6508d11bb6195c840622
PRJ-HSP,PRJ-HSP-CE-02,PRJ-HSP-CE-10,0.04,SYNTHETIC_RESEARCH_FIXTURE,OG-SYNTH-0.3,A-0.3,build_opus_synthetic_programme_v0_3.py@0.3,20260812,True,746e01ce9406783b8c5fe669effd92401c9c7f136d67cbe8edf775f2f3810b11
PRJ-HSP,PRJ-HSP-CE-03,PRJ-HSP-CE-01,0.25,SYNTHETIC_RESEARCH_FIXTURE,OG-SYNTH-0.3,A-0.3,build_opus_synthetic_programme_v0_3.py@0.3,20260812,True,863255f242f590889a2804c68e50ad24761db197e73ad3521a5857c374a61f71
PRJ-HSP,PRJ-HSP-CE-03,PRJ-HSP-CE-02,0.25,SYNTHETIC_RESEARCH_FIXTURE,OG-SYNTH-0.3,A-0.3,build_opus_synthetic_programme_v0_3.py@0.3,20260812,True,93a933b1cb29da4267b62bd3c9005537ee38af4d050a45b4cdf1464a23d8f513
PRJ-HSP,PRJ-HSP-CE-03,PRJ-HSP-CE-03,1.0,SYNTHETIC_RESEARCH_FIXTURE,OG-SYNTH-0.3,A-0.3,build_opus_synthetic_programme_v0_3.py@0.3,20260812,True,0a71d98fadd6075a497a0de5bb91cbfb34d7c10e2418405d4288b67c8191a45b
PRJ-HSP,PRJ-HSP-CE-03,PRJ-HSP-CE-04,0.04,SYNTHETIC_RESEARCH_FIXTURE,OG-SYNTH-0.3,A-0.3,build_opus_synthetic_programme_v0_3.py@0.3,20260812,True,63d0bab0ee2d9fc7edafb12d7c2ea8d8a388e6494877e5f3f1fba19e9561203b
PRJ-HSP,PRJ-HSP-CE-03,PRJ-HSP-CE-05,0.04,SYNTHETIC_RESEARCH_FIXTURE,OG-SYNTH-0.3,A-0.3,build_opus_synthetic_programme_v0_3.py@0.3,20260812,True,8c696d2b4f0ed20e445d5617de147e50b8c1d05df64f955a7950cfc4ce37a225
PRJ-HSP,PRJ-HSP-CE-03,PRJ-HSP-CE-06,0.04,SYNTHETIC_RESEARCH_FIXTURE,OG-SYNTH-0.3,A-0.3,build_opus_synthetic_programme_v0_3.py@0.3,20260812,True,d322293577da460c517fbceac09f6f5a44670de1b76e49b95b1f87b163cec8c2
PRJ-HSP,PRJ-HSP-CE-03,PRJ-HSP-CE-07,0.04,SYNTHETIC_RESEARCH_FIXTURE,OG-SYNTH-0.3,A-0.3,build_opus_synthetic_programme_v0_3.py@0.3,20260812,True,f9b5e8546060f25343565b1b2ac53f4b69d0c39183b53f3d796097b406f44575
PRJ-HSP,PRJ-HSP-CE-03,PRJ-HSP-CE-08,0.04,SYNTHETIC_RESEARCH_FIXTURE,OG-SYNTH-0.3,A-0.3,build_opus_synthetic_programme_v0_3.py@0.3,20260812,True,5ed8a0d0bf866dd5cfea4d0e10637fbd5f5c0dd46ebcc267d29f7dac25cfd5c5
PRJ-HSP,PRJ-HSP-CE-03,PRJ-HSP-CE-09,0.04,SYNTHETIC_RESEARCH_FIXTURE,OG-SYNTH-0.3,A-0.3,build_opus_synthetic_programme_v0_3.py@0.3,20260812,True,cc0804bcbf31f49ece193fe6a2615b1aa037ae72435343a692bd4a369631ccb7
PRJ-HSP,PRJ-HSP-CE-03,PRJ-HSP-CE-10,0.04,SYNTHETIC_RESEARCH_FIXTURE,OG-SYNTH-0.3,A-0.3,build_opus_synthetic_programme_v0_3.py@0.3,20260812,True,09734b056160940ee090d3a433e110d02f6d38ac04faa578d4ebe691e41ddd42
PRJ-HSP,PRJ-HSP-CE-04,PRJ-HSP-CE-01,0.04,SYNTHETIC_RESEARCH_FIXTURE,OG-SYNTH-0.3,A-0.3,build_opus_synthetic_programme_v0_3.py@0.3,20260812,True,fb9b37b04b42c0ac5285d6014e0080f824083b8bd45084242f727b3101cba444
PRJ-HSP,PRJ-HSP-CE-04,PRJ-HSP-CE-02,0.04,SYNTHETIC_RESEARCH_FIXTURE,OG-SYNTH-0.3,A-0.3,build_opus_synthetic_programme_v0_3.py@0.3,20260812,True,c72b89b1f3fce1a31e89c2165e3b559df24b61a42be021c5e9534ecb2a1dbf12
PRJ-HSP,PRJ-HSP-CE-04,PRJ-HSP-CE-03,0.04,SYNTHETIC_RESEARCH_FIXTURE,OG-SYNTH-0.3,A-0.3,build_opus_synthetic_programme_v0_3.py@0.3,20260812,True,fb2e90b5f640439334e470d4899bb3bab5eb6782922ee630a29a902dee596436
PRJ-HSP,PRJ-HSP-CE-04,PRJ-HSP-CE-04,1.0,SYNTHETIC_RESEARCH_FIXTURE,OG-SYNTH-0.3,A-0.3,build_opus_synthetic_programme_v0_3.py@0.3,20260812,True,8dab9dbee391373c7126739d48317b28bb35b9393a688dba5d7d36ba6a4459df
PRJ-HSP,PRJ-HSP-CE-04,PRJ-HSP-CE-05,0.25,SYNTHETIC_RESEARCH_FIXTURE,OG-SYNTH-0.3,A-0.3,build_opus_synthetic_programme_v0_3.py@0.3,20260812,True,0df2d8960b16d67373e5f2325b37af2e0c3d9a30ef1f187ccc52b451ab02192d
PRJ-HSP,PRJ-HSP-CE-04,PRJ-HSP-CE-06,0.25,SYNTHETIC_RESEARCH_FIXTURE,OG-SYNTH-0.3,A-0.3,build_opus_synthetic_programme_v0_3.py@0.3,20260812,True,fc0516eddb7b785af3d98e46e4a0ac015b24deb7dc5ae375ad92300d52e1a833
PRJ-HSP,PRJ-HSP-CE-04,PRJ-HSP-CE-07,0.04,SYNTHETIC_RESEARCH_FIXTURE,OG-SYNTH-0.3,A-0.3,build_opus_synthetic_programme_v0_3.py@0.3,20260812,True,15d616e5e3fdc9133ad3fa3b0fc5c21d359c49a4d714347f4a0f06e497aa1f9a
PRJ-HSP,PRJ-HSP-CE-04,PRJ-HSP-CE-08,0.04,SYNTHETIC_RESEARCH_FIXTURE,OG-SYNTH-0.3,A-0.3,build_opus_synthetic_programme_v0_3.py@0.3,20260812,True,8897710781f8db10b03f91cff96922248d668b877268bd62d734c1d7f6d636f5
PRJ-HSP,PRJ-HSP-CE-04,PRJ-HSP-CE-09,0.04,SYNTHETIC_RESEARCH_FIXTURE,OG-SYNTH-0.3,A-0.3,build_opus_synthetic_programme_v0_3.py@0.3,20260812,True,e8394048c6a4226410fe2e43fcf8808a435ec50b7fa1565b0d1919176f29ecea
PRJ-HSP,PRJ-HSP-CE-04,PRJ-HSP-CE-10,0.04,SYNTHETIC_RESEARCH_FIXTURE,OG-SYNTH-0.3,A-0.3,build_opus_synthetic_programme_v0_3.py@0.3,20260812,True,ea410721fb838617a5a2c6c56f67a7db024c06591242a6c3828c350fba5d021e
PRJ-HSP,PRJ-HSP-CE-05,PRJ-HSP-CE-01,0.04,SYNTHETIC_RESEARCH_FIXTURE,OG-SYNTH-0.3,A-0.3,build_opus_synthetic_programme_v0_3.py@0.3,20260812,True,2177f12e134f7553f21785a0d947daeda5e1f83fb311139918c87dc95ac8eea8
PRJ-HSP,PRJ-HSP-CE-05,PRJ-HSP-CE-02,0.04,SYNTHETIC_RESEARCH_FIXTURE,OG-SYNTH-0.3,A-0.3,build_opus_synthetic_programme_v0_3.py@0.3,20260812,True,c8ed9b6926efb3187045c773fb3402f4117ea803a488fe170a25bffbb03b2c67
PRJ-HSP,PRJ-HSP-CE-05,PRJ-HSP-CE-03,0.04,SYNTHETIC_RESEARCH_FIXTURE,OG-SYNTH-0.3,A-0.3,build_opus_synthetic_programme_v0_3.py@0.3,20260812,True,6da4e92c2a5b7539e09cb1f678a4c4699d6a47af0471ca2f22bb3679702a8f33
PRJ-HSP,PRJ-HSP-CE-05,PRJ-HSP-CE-04,0.25,SYNTHETIC_RESEARCH_FIXTURE,OG-SYNTH-0.3,A-0.3,build_opus_synthetic_programme_v0_3.py@0.3,20260812,True,22a78cc0a4fbbce456986b960e0169999b7e253ada07746493ae9d072a733361
PRJ-HSP,PRJ-HSP-CE-05,PRJ-HSP-CE-05,1.0,SYNTHETIC_RESEARCH_FIXTURE,OG-SYNTH-0.3,A-0.3,build_opus_synthetic_programme_v0_3.py@0.3,20260812,True,9b2b24d7e409328af2a9b0a6e47139d8482c37b9e41ab6fd3ead83a719a9a042
PRJ-HSP,PRJ-HSP-CE-05,PRJ-HSP-CE-06,0.25,SYNTHETIC_RESEARCH_FIXTURE,OG-SYNTH-0.3,A-0.3,build_opus_synthetic_programme_v0_3.py@0.3,20260812,True,47ad09fc150060f965118bf3200d881a6a00223fc981171ee4bfa5bd467ac438
PRJ-HSP,PRJ-HSP-CE-05,PRJ-HSP-CE-07,0.04,SYNTHETIC_RESEARCH_FIXTURE,OG-SYNTH-0.3,A-0.3,build_opus_synthetic_programme_v0_3.py@0.3,20260812,True,55605acc53c4c960d930bec18a330c556c759fcd1d7175e0cd797ab383d0b7a5
PRJ-HSP,PRJ-HSP-CE-05,PRJ-HSP-CE-08,0.04,SYNTHETIC_RESEARCH_FIXTURE,OG-SYNTH-0.3,A-0.3,build_opus_synthetic_programme_v0_3.py@0.3,20260812,True,6c16edf0ebfff33848e96c242e4b8bb08a7c85e387ffff3598cfe5e8fc8db526
PRJ-HSP,PRJ-HSP-CE-05,PRJ-HSP-CE-09,0.04,SYNTHETIC_RESEARCH_FIXTURE,OG-SYNTH-0.3,A-0.3,build_opus_synthetic_programme_v0_3.py@0.3,20260812,True,d3f9215ae2be57a5d3c5ed652d033026e2c9406f9ec200ff0f74215af31c4572
PRJ-HSP,PRJ-HSP-CE-05,PRJ-HSP-CE-10,0.04,SYNTHETIC_RESEARCH_FIXTURE,OG-SYNTH-0.3,A-0.3,build_opus_synthetic_programme_v0_3.py@0.3,20260812,True,7e12c074af1fdc132091d8cc3e6dd0975d146b53f48a0967e39fc5645cd1fdd8
PRJ-HSP,PRJ-HSP-CE-06,PRJ-HSP-CE-01,0.04,SYNTHETIC_RESEARCH_FIXTURE,OG-SYNTH-0.3,A-0.3,build_opus_synthetic_programme_v0_3.py@0.3,20260812,True,2cc73516c9980fdf9d9025341f47fe885aaedd2f3de5522e23633504d76571f7
PRJ-HSP,PRJ-HSP-CE-06,PRJ-HSP-CE-02,0.04,SYNTHETIC_RESEARCH_FIXTURE,OG-SYNTH-0.3,A-0.3,build_opus_synthetic_programme_v0_3.py@0.3,20260812,True,b2c087a8c8da738d1aa27d1d8393fc47b90398db89bab3a605ee78cf6fd671be
PRJ-HSP,PRJ-HSP-CE-06,PRJ-HSP-CE-03,0.04,SYNTHETIC_RESEARCH_FIXTURE,OG-SYNTH-0.3,A-0.3,build_opus_synthetic_programme_v0_3.py@0.3,20260812,True,351493f8e6bebbda4de599c3e10f95d52ecac9cbf22db8839d4921fae8181a41
PRJ-HSP,PRJ-HSP-CE-06,PRJ-HSP-CE-04,0.25,SYNTHETIC_RESEARCH_FIXTURE,OG-SYNTH-0.3,A-0.3,build_opus_synthetic_programme_v0_3.py@0.3,20260812,True,1243a5ac94058affdaf65527822565373d6c2a504d565a8f02c28c25a07143ea
PRJ-HSP,PRJ-HSP-CE-06,PRJ-HSP-CE-05,0.25,SYNTHETIC_RESEARCH_FIXTURE,OG-SYNTH-0.3,A-0.3,build_opus_synthetic_programme_v0_3.py@0.3,20260812,True,c6bfb45dc338d3e132e8437b0cf4af6fb6c57e15dd51bf46d19810980984d09c
PRJ-HSP,PRJ-HSP-CE-06,PRJ-HSP-CE-06,1.0,SYNTHETIC_RESEARCH_FIXTURE,OG-SYNTH-0.3,A-0.3,build_opus_synthetic_programme_v0_3.py@0.3,20260812,True,582203e8e3b1f6d0d75306da4cd54c2ad495a2ee69aa513c13b907fa2ffc633f
PRJ-HSP,PRJ-HSP-CE-06,PRJ-HSP-CE-07,0.04,SYNTHETIC_RESEARCH_FIXTURE,OG-SYNTH-0.3,A-0.3,build_opus_synthetic_programme_v0_3.py@0.3,20260812,True,5314ee954e2e70330ca40a8f09470e7f29d1a805a1aba277c066db0c10960bf7
PRJ-HSP,PRJ-HSP-CE-06,PRJ-HSP-CE-08,0.04,SYNTHETIC_RESEARCH_FIXTURE,OG-SYNTH-0.3,A-0.3,build_opus_synthetic_programme_v0_3.py@0.3,20260812,True,9baa2fbc9e8c240596a75e8fa0b8c7a0428c51de44f72bbf82de27c29fa53b8e
PRJ-HSP,PRJ-HSP-CE-06,PRJ-HSP-CE-09,0.04,SYNTHETIC_RESEARCH_FIXTURE,OG-SYNTH-0.3,A-0.3,build_opus_synthetic_programme_v0_3.py@0.3,20260812,True,c14a3517a6f233cec4681266ef828186610cbe03f1e0e2b8240ef872692117fe
PRJ-HSP,PRJ-HSP-CE-06,PRJ-HSP-CE-10,0.04,SYNTHETIC_RESEARCH_FIXTURE,OG-SYNTH-0.3,A-0.3,build_opus_synthetic_programme_v0_3.py@0.3,20260812,True,522ef304ce106cb6c6b01cbb6dc578e02bc343b8951bbcce01b30281e33d2ed6
PRJ-HSP,PRJ-HSP-CE-07,PRJ-HSP-CE-01,0.04,SYNTHETIC_RESEARCH_FIXTURE,OG-SYNTH-0.3,A-0.3,build_opus_synthetic_programme_v0_3.py@0.3,20260812,True,b1601b648ff8f43130b4170ac1be05f2aedda8337b9606e0627c23b2bfd52aff
PRJ-HSP,PRJ-HSP-CE-07,PRJ-HSP-CE-02,0.04,SYNTHETIC_RESEARCH_FIXTURE,OG-SYNTH-0.3,A-0.3,build_opus_synthetic_programme_v0_3.py@0.3,20260812,True,074ec4677e45a90c5795906a99a8d0f43588f405fe8d9cb03cf6acea59495dea
PRJ-HSP,PRJ-HSP-CE-07,PRJ-HSP-CE-03,0.04,SYNTHETIC_RESEARCH_FIXTURE,OG-SYNTH-0.3,A-0.3,build_opus_synthetic_programme_v0_3.py@0.3,20260812,True,ccb593ec5b1737c06efb584f8313cb2ad73ef7ac6c498591440f7d8ee829f560
PRJ-HSP,PRJ-HSP-CE-07,PRJ-HSP-CE-04,0.04,SYNTHETIC_RESEARCH_FIXTURE,OG-SYNTH-0.3,A-0.3,build_opus_synthetic_programme_v0_3.py@0.3,20260812,True,2be0e9b8e993026b01e8958e2f77f004111f77c8d9085513b3bf6c3e68864b2a
PRJ-HSP,PRJ-HSP-CE-07,PRJ-HSP-CE-05,0.04,SYNTHETIC_RESEARCH_FIXTURE,OG-SYNTH-0.3,A-0.3,build_opus_synthetic_programme_v0_3.py@0.3,20260812,True,aeb35e58245ad84b5d470ca55a1377c4872330dc84aa02fe64efe62714b4db34
PRJ-HSP,PRJ-HSP-CE-07,PRJ-HSP-CE-06,0.04,SYNTHETIC_RESEARCH_FIXTURE,OG-SYNTH-0.3,A-0.3,build_opus_synthetic_programme_v0_3.py@0.3,20260812,True,d59631ecc2dda4229ee8f5f795cc40a0a2e2ecb2bd0751eaaddb20caa060f125
PRJ-HSP,PRJ-HSP-CE-07,PRJ-HSP-CE-07,1.0,SYNTHETIC_RESEARCH_FIXTURE,OG-SYNTH-0.3,A-0.3,build_opus_synthetic_programme_v0_3.py@0.3,20260812,True,dba9ba8b29ff27a19d7885eb66b25b7d9034ea950001d944617065c517ac91cc
PRJ-HSP,PRJ-HSP-CE-07,PRJ-HSP-CE-08,0.25,SYNTHETIC_RESEARCH_FIXTURE,OG-SYNTH-0.3,A-0.3,build_opus_synthetic_programme_v0_3.py@0.3,20260812,True,5471dd93eb24fdd380dd374848fb8f0f27a626da6d92ce50783201545908ef14
PRJ-HSP,PRJ-HSP-CE-07,PRJ-HSP-CE-09,0.25,SYNTHETIC_RESEARCH_FIXTURE,OG-SYNTH-0.3,A-0.3,build_opus_synthetic_programme_v0_3.py@0.3,20260812,True,d696eb77227159741a4be5d505561aabd5540dbe23b7a91e1fe71c23e0bc173f
PRJ-HSP,PRJ-HSP-CE-07,PRJ-HSP-CE-10,0.04,SYNTHETIC_RESEARCH_FIXTURE,OG-SYNTH-0.3,A-0.3,build_opus_synthetic_programme_v0_3.py@0.3,20260812,True,5eb0b3b2ab589a7d8c1639e2b78e57b6e098e820a99049b8df6def3b8db30dbe
PRJ-HSP,PRJ-HSP-CE-08,PRJ-HSP-CE-01,0.04,SYNTHETIC_RESEARCH_FIXTURE,OG-SYNTH-0.3,A-0.3,build_opus_synthetic_programme_v0_3.py@0.3,20260812,True,82cd9c991d9cd75af0dcc9f9203cc288059ec11c7257bf7b50304c5f72ed9b88
PRJ-HSP,PRJ-HSP-CE-08,PRJ-HSP-CE-02,0.04,SYNTHETIC_RESEARCH_FIXTURE,OG-SYNTH-0.3,A-0.3,build_opus_synthetic_programme_v0_3.py@0.3,20260812,True,e43dbf2ec94d78f0e7aadf762a827563eeed0d5fa4c1cdfa0208e30c80c9939e
PRJ-HSP,PRJ-HSP-CE-08,PRJ-HSP-CE-03,0.04,SYNTHETIC_RESEARCH_FIXTURE,OG-SYNTH-0.3,A-0.3,build_opus_synthetic_programme_v0_3.py@0.3,20260812,True,5d72f3f06cfc9dd95f25dc1562ba0ddd88a12889461a9bbf8bb24f5391648352
PRJ-HSP,PRJ-HSP-CE-08,PRJ-HSP-CE-04,0.04,SYNTHETIC_RESEARCH_FIXTURE,OG-SYNTH-0.3,A-0.3,build_opus_synthetic_programme_v0_3.py@0.3,20260812,True,21f712d97ace95ae8a4fa03ab2dfbce139010193c808bc91f4d5fadb2bf86b61
PRJ-HSP,PRJ-HSP-CE-08,PRJ-HSP-CE-05,0.04,SYNTHETIC_RESEARCH_FIXTURE,OG-SYNTH-0.3,A-0.3,build_opus_synthetic_programme_v0_3.py@0.3,20260812,True,01b94df41d4359929af168503200893ee6886e4326cbcb27c95231123b2e34bd
PRJ-HSP,PRJ-HSP-CE-08,PRJ-HSP-CE-06,0.04,SYNTHETIC_RESEARCH_FIXTURE,OG-SYNTH-0.3,A-0.3,build_opus_synthetic_programme_v0_3.py@0.3,20260812,True,8a0326f4d87b2ce47c33d4a3a0eb97d918fb422103ead6e023e4eaa5c426d1e0
PRJ-HSP,PRJ-HSP-CE-08,PRJ-HSP-CE-07,0.25,SYNTHETIC_RESEARCH_FIXTURE,OG-SYNTH-0.3,A-0.3,build_opus_synthetic_programme_v0_3.py@0.3,20260812,True,889900d14e25f62275c651bbcdce1d6a01663648c3e7fd4411e6301bed6dc5c4
PRJ-HSP,PRJ-HSP-CE-08,PRJ-HSP-CE-08,1.0,SYNTHETIC_RESEARCH_FIXTURE,OG-SYNTH-0.3,A-0.3,build_opus_synthetic_programme_v0_3.py@0.3,20260812,True,818fba9a42a7a6491201d8f4048a8d905861be7eb6c6da976fda81df14f3076a
PRJ-HSP,PRJ-HSP-CE-08,PRJ-HSP-CE-09,0.25,SYNTHETIC_RESEARCH_FIXTURE,OG-SYNTH-0.3,A-0.3,build_opus_synthetic_programme_v0_3.py@0.3,20260812,True,4e1d63499dccd50a4f8b9f4c1d0083a408a51f1742946d2a3684c5e80472eb17
PRJ-HSP,PRJ-HSP-CE-08,PRJ-HSP-CE-10,0.04,SYNTHETIC_RESEARCH_FIXTURE,OG-SYNTH-0.3,A-0.3,build_opus_synthetic_programme_v0_3.py@0.3,20260812,True,75d8744dbf606fd7a45a4fa483c9900dbdaf8c238170811bb9719a6d79dc083b
PRJ-HSP,PRJ-HSP-CE-09,PRJ-HSP-CE-01,0.04,SYNTHETIC_RESEARCH_FIXTURE,OG-SYNTH-0.3,A-0.3,build_opus_synthetic_programme_v0_3.py@0.3,20260812,True,46926b79e93d37fdd798911cb66e1b1f2ca7cb34de5e459e7cf4ccc48a1f45f3
PRJ-HSP,PRJ-HSP-CE-09,PRJ-HSP-CE-02,0.04,SYNTHETIC_RESEARCH_FIXTURE,OG-SYNTH-0.3,A-0.3,build_opus_synthetic_programme_v0_3.py@0.3,20260812,True,7a20aa38bbfd357e30ccda109c937babefc90d4a16e840d58cce32ac85893d7c
PRJ-HSP,PRJ-HSP-CE-09,PRJ-HSP-CE-03,0.04,SYNTHETIC_RESEARCH_FIXTURE,OG-SYNTH-0.3,A-0.3,build_opus_synthetic_programme_v0_3.py@0.3,20260812,True,d7293bb97e9844f53b78fb4f3e9938329fea3f783143037129fd4822b28dd0e3
PRJ-HSP,PRJ-HSP-CE-09,PRJ-HSP-CE-04,0.04,SYNTHETIC_RESEARCH_FIXTURE,OG-SYNTH-0.3,A-0.3,build_opus_synthetic_programme_v0_3.py@0.3,20260812,True,3220a5255eb67ba125a9f1ab029dd70b439a1a00018b69a52b2e7ef14cd9068a
PRJ-HSP,PRJ-HSP-CE-09,PRJ-HSP-CE-05,0.04,SYNTHETIC_RESEARCH_FIXTURE,OG-SYNTH-0.3,A-0.3,build_opus_synthetic_programme_v0_3.py@0.3,20260812,True,dd4f71f8675aa62b0743934898a2b5d3bc653a75a45e469b085217a19abca729
PRJ-HSP,PRJ-HSP-CE-09,PRJ-HSP-CE-06,0.04,SYNTHETIC_RESEARCH_FIXTURE,OG-SYNTH-0.3,A-0.3,build_opus_synthetic_programme_v0_3.py@0.3,20260812,True,c3d002ef837a517a1678693d6238e1f64bf310efcdcf84640bfe400452b67f07
PRJ-HSP,PRJ-HSP-CE-09,PRJ-HSP-CE-07,0.25,SYNTHETIC_RESEARCH_FIXTURE,OG-SYNTH-0.3,A-0.3,build_opus_synthetic_programme_v0_3.py@0.3,20260812,True,6859736d538441d5d48acc5fb88c83788dbe618bffbf981849af716d66bfbe99
PRJ-HSP,PRJ-HSP-CE-09,PRJ-HSP-CE-08,0.25,SYNTHETIC_RESEARCH_FIXTURE,OG-SYNTH-0.3,A-0.3,build_opus_synthetic_programme_v0_3.py@0.3,20260812,True,5b50e7fef5b22215572a3eb6c83f357572b8da3f78958b367635ee8b766a5789
PRJ-HSP,PRJ-HSP-CE-09,PRJ-HSP-CE-09,1.0,SYNTHETIC_RESEARCH_FIXTURE,OG-SYNTH-0.3,A-0.3,build_opus_synthetic_programme_v0_3.py@0.3,20260812,True,7b71af7cbb56604ba585c9038d9074291d9bb327dfc99a4f9f9c9bff3b17d973
PRJ-HSP,PRJ-HSP-CE-09,PRJ-HSP-CE-10,0.04,SYNTHETIC_RESEARCH_FIXTURE,OG-SYNTH-0.3,A-0.3,build_opus_synthetic_programme_v0_3.py@0.3,20260812,True,89bd81b7fe69c1bfd253368e5ecfde6a6056c92e5c7aabe9801da104654dda48
PRJ-HSP,PRJ-HSP-CE-10,PRJ-HSP-CE-01,0.04,SYNTHETIC_RESEARCH_FIXTURE,OG-SYNTH-0.3,A-0.3,build_opus_synthetic_programme_v0_3.py@0.3,20260812,True,6851e2a4b0debd2a60141460439510227e9a1dc584669b45e2ba1fd0508cb77a
PRJ-HSP,PRJ-HSP-CE-10,PRJ-HSP-CE-02,0.04,SYNTHETIC_RESEARCH_FIXTURE,OG-SYNTH-0.3,A-0.3,build_opus_synthetic_programme_v0_3.py@0.3,20260812,True,a367068873daabcf2f88c1cffdc843f85ca680d08309504abb0c14da780999ba
PRJ-HSP,PRJ-HSP-CE-10,PRJ-HSP-CE-03,0.04,SYNTHETIC_RESEARCH_FIXTURE,OG-SYNTH-0.3,A-0.3,build_opus_synthetic_programme_v0_3.py@0.3,20260812,True,ce96a5b8d26d55fc7691b74a04ea4db201e24d9b247aebd6a22870da7c4c262f
PRJ-HSP,PRJ-HSP-CE-10,PRJ-HSP-CE-04,0.04,SYNTHETIC_RESEARCH_FIXTURE,OG-SYNTH-0.3,A-0.3,build_opus_synthetic_programme_v0_3.py@0.3,20260812,True,cf6a5dd3d37eb0816951a796c2c15da330de63633387e8cbbb169ddca601712f
PRJ-HSP,PRJ-HSP-CE-10,PRJ-HSP-CE-05,0.04,SYNTHETIC_RESEARCH_FIXTURE,OG-SYNTH-0.3,A-0.3,build_opus_synthetic_programme_v0_3.py@0.3,20260812,True,6c0b3319c5c70de3619c43896ee324c1c50318add900b3b8b370bebfe79851f6
PRJ-HSP,PRJ-HSP-CE-10,PRJ-HSP-CE-06,0.04,SYNTHETIC_RESEARCH_FIXTURE,OG-SYNTH-0.3,A-0.3,build_opus_synthetic_programme_v0_3.py@0.3,20260812,True,f0c0ce58b4f2e081631fce0024bd3ea7ae51a781b5f8fa35abf7bd24df8f9fdc
PRJ-HSP,PRJ-HSP-CE-10,PRJ-HSP-CE-07,0.04,SYNTHETIC_RESEARCH_FIXTURE,OG-SYNTH-0.3,A-0.3,build_opus_synthetic_programme_v0_3.py@0.3,20260812,True,8493eb4690828982eaddac676520cb8092f2b219a604844517d68f923dcc071e
PRJ-HSP,PRJ-HSP-CE-10,PRJ-HSP-CE-08,0.04,SYNTHETIC_RESEARCH_FIXTURE,OG-SYNTH-0.3,A-0.3,build_opus_synthetic_programme_v0_3.py@0.3,20260812,True,7202239e21e12ad4561788f03e5d8f12a7f97f0fc81e40213586e3f6a9a8f8a4
PRJ-HSP,PRJ-HSP-CE-10,PRJ-HSP-CE-09,0.04,SYNTHETIC_RESEARCH_FIXTURE,OG-SYNTH-0.3,A-0.3,build_opus_synthetic_programme_v0_3.py@0.3,20260812,True,b7c1fdba9ad9f4136c273b21e69bd72c0ca399e5fcadf56224c8088a3f82c455
PRJ-HSP,PRJ-HSP-CE-10,PRJ-HSP-CE-10,1.0,SYNTHETIC_RESEARCH_FIXTURE,OG-SYNTH-0.3,A-0.3,build_opus_synthetic_programme_v0_3.py@0.3,20260812,True,077ce1bf4abb94f52e37f150f66dfbd82738e6bd1ef42afc5eefb16b253c55b3
PRJ-WTR,PRJ-WTR-CE-01,PRJ-WTR-CE-01,1.0,SYNTHETIC_RESEARCH_FIXTURE,OG-SYNTH-0.3,A-0.3,build_opus_synthetic_programme_v0_3.py@0.3,20260812,True,1e47e015a23f86c8ebe279350ebe45a5c0bae0dcbc051e6235ddd436b62327f9
PRJ-WTR,PRJ-WTR-CE-01,PRJ-WTR-CE-02,0.25,SYNTHETIC_RESEARCH_FIXTURE,OG-SYNTH-0.3,A-0.3,build_opus_synthetic_programme_v0_3.py@0.3,20260812,True,6697bd2bd8c6c5296ca902ebdcb9d5453fda78c04d24b8513827838b172ccb01
PRJ-WTR,PRJ-WTR-CE-01,PRJ-WTR-CE-03,0.25,SYNTHETIC_RESEARCH_FIXTURE,OG-SYNTH-0.3,A-0.3,build_opus_synthetic_programme_v0_3.py@0.3,20260812,True,c038e3b38c6046d89f221c9719ea7e43763350bf6a71ff36c5d0614203f98798
PRJ-WTR,PRJ-WTR-CE-01,PRJ-WTR-CE-04,0.04,SYNTHETIC_RESEARCH_FIXTURE,OG-SYNTH-0.3,A-0.3,build_opus_synthetic_programme_v0_3.py@0.3,20260812,True,af0f5b7bf1b5acd4c7a2be5adc44515c7f1e1608cccd34656538ab171d2242f3
PRJ-WTR,PRJ-WTR-CE-01,PRJ-WTR-CE-05,0.04,SYNTHETIC_RESEARCH_FIXTURE,OG-SYNTH-0.3,A-0.3,build_opus_synthetic_programme_v0_3.py@0.3,20260812,True,4c63a03e7c784d3e871016d51441aac9c4286f924a3da1c61857deee71f3ed57
PRJ-WTR,PRJ-WTR-CE-01,PRJ-WTR-CE-06,0.04,SYNTHETIC_RESEARCH_FIXTURE,OG-SYNTH-0.3,A-0.3,build_opus_synthetic_programme_v0_3.py@0.3,20260812,True,633183621f5f43463d3e802a48d0aa2fcb48a5b999e84c4bc457d907d7252d0e
PRJ-WTR,PRJ-WTR-CE-01,PRJ-WTR-CE-07,0.04,SYNTHETIC_RESEARCH_FIXTURE,OG-SYNTH-0.3,A-0.3,build_opus_synthetic_programme_v0_3.py@0.3,20260812,True,c81b46cec2d712fe2e0b8e568da2927bd637833b741725e3db458810387e19a9
PRJ-WTR,PRJ-WTR-CE-01,PRJ-WTR-CE-08,0.04,SYNTHETIC_RESEARCH_FIXTURE,OG-SYNTH-0.3,A-0.3,build_opus_synthetic_programme_v0_3.py@0.3,20260812,True,c7bb4e588f07da43beb8a9f8e9c5067052dd8eab7db71e334d4e46823f8fa136
PRJ-WTR,PRJ-WTR-CE-01,PRJ-WTR-CE-09,0.04,SYNTHETIC_RESEARCH_FIXTURE,OG-SYNTH-0.3,A-0.3,build_opus_synthetic_programme_v0_3.py@0.3,20260812,True,6d25caa9c89156d63221af43c1fdb2d6482ef7182ed5c4d09e5e576bbe918671
PRJ-WTR,PRJ-WTR-CE-01,PRJ-WTR-CE-10,0.04,SYNTHETIC_RESEARCH_FIXTURE,OG-SYNTH-0.3,A-0.3,build_opus_synthetic_programme_v0_3.py@0.3,20260812,True,4d7648788906642e44bb65812bd1c2e4f8edb9190703d46bf8f61eaee49d1326
PRJ-WTR,PRJ-WTR-CE-02,PRJ-WTR-CE-01,0.25,SYNTHETIC_RESEARCH_FIXTURE,OG-SYNTH-0.3,A-0.3,build_opus_synthetic_programme_v0_3.py@0.3,20260812,True,875859091cb067257838ce6ad890b2ea96b8fa06161fca2a0cf8e4031e92df40
PRJ-WTR,PRJ-WTR-CE-02,PRJ-WTR-CE-02,1.0,SYNTHETIC_RESEARCH_FIXTURE,OG-SYNTH-0.3,A-0.3,build_opus_synthetic_programme_v0_3.py@0.3,20260812,True,56bd273e5028421a2274f921345d2dd316fdc6135c43c890a792bb7bd536a08b
PRJ-WTR,PRJ-WTR-CE-02,PRJ-WTR-CE-03,0.25,SYNTHETIC_RESEARCH_FIXTURE,OG-SYNTH-0.3,A-0.3,build_opus_synthetic_programme_v0_3.py@0.3,20260812,True,73f2039eee61a9b11b3a42afe797000c4af89f954348c077a1d9c6012b20d9fc
PRJ-WTR,PRJ-WTR-CE-02,PRJ-WTR-CE-04,0.04,SYNTHETIC_RESEARCH_FIXTURE,OG-SYNTH-0.3,A-0.3,build_opus_synthetic_programme_v0_3.py@0.3,20260812,True,9e5e2fbaee1c1b94e58223e59d649b6e80c9f322cac6285bad5b56f2096341e2
PRJ-WTR,PRJ-WTR-CE-02,PRJ-WTR-CE-05,0.04,SYNTHETIC_RESEARCH_FIXTURE,OG-SYNTH-0.3,A-0.3,build_opus_synthetic_programme_v0_3.py@0.3,20260812,True,d938be40cea893ae9df8c782c22913c10e120b5ae19fd72a0f3f0e18a45f571a
PRJ-WTR,PRJ-WTR-CE-02,PRJ-WTR-CE-06,0.04,SYNTHETIC_RESEARCH_FIXTURE,OG-SYNTH-0.3,A-0.3,build_opus_synthetic_programme_v0_3.py@0.3,20260812,True,3553cd9de21ae8a7f70ca69bb6d9fb8d99ebdda485cec04b2db7a491e90601a5
PRJ-WTR,PRJ-WTR-CE-02,PRJ-WTR-CE-07,0.04,SYNTHETIC_RESEARCH_FIXTURE,OG-SYNTH-0.3,A-0.3,build_opus_synthetic_programme_v0_3.py@0.3,20260812,True,6b67ae9450fc19921ccab3160b05d6a4aeef40f34b65f96bcf25d2aecda120a2
PRJ-WTR,PRJ-WTR-CE-02,PRJ-WTR-CE-08,0.04,SYNTHETIC_RESEARCH_FIXTURE,OG-SYNTH-0.3,A-0.3,build_opus_synthetic_programme_v0_3.py@0.3,20260812,True,1be5b2eb7974cc12b3b69e44801d5f2047c4f2c377088f11e7c4b55f51c047cb
PRJ-WTR,PRJ-WTR-CE-02,PRJ-WTR-CE-09,0.04,SYNTHETIC_RESEARCH_FIXTURE,OG-SYNTH-0.3,A-0.3,build_opus_synthetic_programme_v0_3.py@0.3,20260812,True,2b32d729f65e2ab29d606c0f274f37154e6baa7337fda49cd856d36fab560ac4
PRJ-WTR,PRJ-WTR-CE-02,PRJ-WTR-CE-10,0.04,SYNTHETIC_RESEARCH_FIXTURE,OG-SYNTH-0.3,A-0.3,build_opus_synthetic_programme_v0_3.py@0.3,20260812,True,e78215124e3541e4ce4fa54a2feaa2f90e519a6a1e910d2cae18b95e6caf590e
PRJ-WTR,PRJ-WTR-CE-03,PRJ-WTR-CE-01,0.25,SYNTHETIC_RESEARCH_FIXTURE,OG-SYNTH-0.3,A-0.3,build_opus_synthetic_programme_v0_3.py@0.3,20260812,True,9796dff8a606058e6e308f8dedb44ffaf0db610d73bfe1698cd4d4ea22525974
PRJ-WTR,PRJ-WTR-CE-03,PRJ-WTR-CE-02,0.25,SYNTHETIC_RESEARCH_FIXTURE,OG-SYNTH-0.3,A-0.3,build_opus_synthetic_programme_v0_3.py@0.3,20260812,True,3ae1de3aee0f87024508ce3295296277ed32611f22edcc9467d2e3c8d060ae2d
PRJ-WTR,PRJ-WTR-CE-03,PRJ-WTR-CE-03,1.0,SYNTHETIC_RESEARCH_FIXTURE,OG-SYNTH-0.3,A-0.3,build_opus_synthetic_programme_v0_3.py@0.3,20260812,True,79ef62f01dfe530d675a150f5d9e09b0b163c2228207d7147282aa6e18d73a1f
PRJ-WTR,PRJ-WTR-CE-03,PRJ-WTR-CE-04,0.04,SYNTHETIC_RESEARCH_FIXTURE,OG-SYNTH-0.3,A-0.3,build_opus_synthetic_programme_v0_3.py@0.3,20260812,True,0bdc1f8612a8e7559961689f09a6e068ea7d09dffc0a21509920c37ad7e68c59
PRJ-WTR,PRJ-WTR-CE-03,PRJ-WTR-CE-05,0.04,SYNTHETIC_RESEARCH_FIXTURE,OG-SYNTH-0.3,A-0.3,build_opus_synthetic_programme_v0_3.py@0.3,20260812,True,fdd9316aac2cf048298155a88c46293020a2f93b02db3b282f0ceea037b3973a
PRJ-WTR,PRJ-WTR-CE-03,PRJ-WTR-CE-06,0.04,SYNTHETIC_RESEARCH_FIXTURE,OG-SYNTH-0.3,A-0.3,build_opus_synthetic_programme_v0_3.py@0.3,20260812,True,d315a910929ebba25e0181638dad8bc2e276eff2f6f97a96793bec4e0c332d43
PRJ-WTR,PRJ-WTR-CE-03,PRJ-WTR-CE-07,0.04,SYNTHETIC_RESEARCH_FIXTURE,OG-SYNTH-0.3,A-0.3,build_opus_synthetic_programme_v0_3.py@0.3,20260812,True,1b80fe05cb3c7460d30a2149444cf8a47c8dc457ac864219b4043575d7ca4326
PRJ-WTR,PRJ-WTR-CE-03,PRJ-WTR-CE-08,0.04,SYNTHETIC_RESEARCH_FIXTURE,OG-SYNTH-0.3,A-0.3,build_opus_synthetic_programme_v0_3.py@0.3,20260812,True,dd41d977da81543458e54e7f4ce45aa81e4d55b82dbbb2fb4fe1dcf116e7eb20
PRJ-WTR,PRJ-WTR-CE-03,PRJ-WTR-CE-09,0.04,SYNTHETIC_RESEARCH_FIXTURE,OG-SYNTH-0.3,A-0.3,build_opus_synthetic_programme_v0_3.py@0.3,20260812,True,19e4756e9fa0f649b4a32d9b43509b5355ab5186ed11e04d197793f48499a8b4
PRJ-WTR,PRJ-WTR-CE-03,PRJ-WTR-CE-10,0.04,SYNTHETIC_RESEARCH_FIXTURE,OG-SYNTH-0.3,A-0.3,build_opus_synthetic_programme_v0_3.py@0.3,20260812,True,4f53b43b1597d9eee8dbef8521a7607f30968753e6df7d5d0da4631f29dfedc0
PRJ-WTR,PRJ-WTR-CE-04,PRJ-WTR-CE-01,0.04,SYNTHETIC_RESEARCH_FIXTURE,OG-SYNTH-0.3,A-0.3,build_opus_synthetic_programme_v0_3.py@0.3,20260812,True,8ac112efb328cd375a6551de05bbfc0ae5d6e76bfad2dd9469091e95dba1d919
PRJ-WTR,PRJ-WTR-CE-04,PRJ-WTR-CE-02,0.04,SYNTHETIC_RESEARCH_FIXTURE,OG-SYNTH-0.3,A-0.3,build_opus_synthetic_programme_v0_3.py@0.3,20260812,True,2868f7e7d9d9091286d95b241a4e3d4caf10b379681472939e0b4f2058e35e36
PRJ-WTR,PRJ-WTR-CE-04,PRJ-WTR-CE-03,0.04,SYNTHETIC_RESEARCH_FIXTURE,OG-SYNTH-0.3,A-0.3,build_opus_synthetic_programme_v0_3.py@0.3,20260812,True,3987e814e4e613b9188d19186a2b0bf47fe0ee753617823ac408977aa5791d07
PRJ-WTR,PRJ-WTR-CE-04,PRJ-WTR-CE-04,1.0,SYNTHETIC_RESEARCH_FIXTURE,OG-SYNTH-0.3,A-0.3,build_opus_synthetic_programme_v0_3.py@0.3,20260812,True,2495d3cfd8d283d95ca94198cdbdd3606625911996ce65f6c6125590994fe421
PRJ-WTR,PRJ-WTR-CE-04,PRJ-WTR-CE-05,0.25,SYNTHETIC_RESEARCH_FIXTURE,OG-SYNTH-0.3,A-0.3,build_opus_synthetic_programme_v0_3.py@0.3,20260812,True,d475a65c8db44def59fc2dfe3a91114cc6fcab1366be67f6d718d37378fdf1fd
PRJ-WTR,PRJ-WTR-CE-04,PRJ-WTR-CE-06,0.25,SYNTHETIC_RESEARCH_FIXTURE,OG-SYNTH-0.3,A-0.3,build_opus_synthetic_programme_v0_3.py@0.3,20260812,True,78d003e4e70c998b8944c161749232085634c5bdbcdf2c26c0976abad105f4ab
PRJ-WTR,PRJ-WTR-CE-04,PRJ-WTR-CE-07,0.04,SYNTHETIC_RESEARCH_FIXTURE,OG-SYNTH-0.3,A-0.3,build_opus_synthetic_programme_v0_3.py@0.3,20260812,True,c66572c341e9021b79c491cf1a24c980c622afb7d038ed7268f86c19934fc6ee
PRJ-WTR,PRJ-WTR-CE-04,PRJ-WTR-CE-08,0.04,SYNTHETIC_RESEARCH_FIXTURE,OG-SYNTH-0.3,A-0.3,build_opus_synthetic_programme_v0_3.py@0.3,20260812,True,d0abe59146ad32890f3d33cadf39ba3fe92d7e10d20bfa1363b858f61c77a9dc
PRJ-WTR,PRJ-WTR-CE-04,PRJ-WTR-CE-09,0.04,SYNTHETIC_RESEARCH_FIXTURE,OG-SYNTH-0.3,A-0.3,build_opus_synthetic_programme_v0_3.py@0.3,20260812,True,163d18da78e28f1654a5dc413b4c6cf2d0b1a87229ce004e1b098416411dd2d0
PRJ-WTR,PRJ-WTR-CE-04,PRJ-WTR-CE-10,0.04,SYNTHETIC_RESEARCH_FIXTURE,OG-SYNTH-0.3,A-0.3,build_opus_synthetic_programme_v0_3.py@0.3,20260812,True,768bf89f064dc2aff43c0b1b70949593dba4bc011aff46fb3b7dd18d9822a2d0
PRJ-WTR,PRJ-WTR-CE-05,PRJ-WTR-CE-01,0.04,SYNTHETIC_RESEARCH_FIXTURE,OG-SYNTH-0.3,A-0.3,build_opus_synthetic_programme_v0_3.py@0.3,20260812,True,bda13431250563add49cc042d91de1205a5d04fb9cbc13a331185a264002252a
PRJ-WTR,PRJ-WTR-CE-05,PRJ-WTR-CE-02,0.04,SYNTHETIC_RESEARCH_FIXTURE,OG-SYNTH-0.3,A-0.3,build_opus_synthetic_programme_v0_3.py@0.3,20260812,True,23ad00e838ed092588c7fff4d793e0df695c8ccc397f154a44d8ea02562659d2
PRJ-WTR,PRJ-WTR-CE-05,PRJ-WTR-CE-03,0.04,SYNTHETIC_RESEARCH_FIXTURE,OG-SYNTH-0.3,A-0.3,build_opus_synthetic_programme_v0_3.py@0.3,20260812,True,5018f357f781e2a5e8ff1f99469624923a51e1e96996708c56aadb3661c04e1d
PRJ-WTR,PRJ-WTR-CE-05,PRJ-WTR-CE-04,0.25,SYNTHETIC_RESEARCH_FIXTURE,OG-SYNTH-0.3,A-0.3,build_opus_synthetic_programme_v0_3.py@0.3,20260812,True,8642b78ba1800dd1dea8502f9941ecaced0ef4b32f2e0e5be95f3e4d069fe949
PRJ-WTR,PRJ-WTR-CE-05,PRJ-WTR-CE-05,1.0,SYNTHETIC_RESEARCH_FIXTURE,OG-SYNTH-0.3,A-0.3,build_opus_synthetic_programme_v0_3.py@0.3,20260812,True,aa471632ec01051a227100d9c323a87b974f26d8c973ba86d17c50dd1ce1976a
PRJ-WTR,PRJ-WTR-CE-05,PRJ-WTR-CE-06,0.25,SYNTHETIC_RESEARCH_FIXTURE,OG-SYNTH-0.3,A-0.3,build_opus_synthetic_programme_v0_3.py@0.3,20260812,True,5bfedab1cb27d72a982d3ee83b8ddab0a8982e9f1aade90cf606a99b984abbf3
PRJ-WTR,PRJ-WTR-CE-05,PRJ-WTR-CE-07,0.04,SYNTHETIC_RESEARCH_FIXTURE,OG-SYNTH-0.3,A-0.3,build_opus_synthetic_programme_v0_3.py@0.3,20260812,True,b119a0851c20706aac99b13421023311ba566e19a864432dc82f13fccdf5cbcb
PRJ-WTR,PRJ-WTR-CE-05,PRJ-WTR-CE-08,0.04,SYNTHETIC_RESEARCH_FIXTURE,OG-SYNTH-0.3,A-0.3,build_opus_synthetic_programme_v0_3.py@0.3,20260812,True,c8cabc641ac53170d26985829d6972b6598699ea347ea401f50714154f44e089
PRJ-WTR,PRJ-WTR-CE-05,PRJ-WTR-CE-09,0.04,SYNTHETIC_RESEARCH_FIXTURE,OG-SYNTH-0.3,A-0.3,build_opus_synthetic_programme_v0_3.py@0.3,20260812,True,aa3c7a6fae0d8aa3d21f94c0d6eae1c17eab86882352a07c0d05c73bb7786eeb
PRJ-WTR,PRJ-WTR-CE-05,PRJ-WTR-CE-10,0.04,SYNTHETIC_RESEARCH_FIXTURE,OG-SYNTH-0.3,A-0.3,build_opus_synthetic_programme_v0_3.py@0.3,20260812,True,8a326c0ada01724964ca7cdec1eb3986c7581d618c77f9cb317eefbd329dec8b
PRJ-WTR,PRJ-WTR-CE-06,PRJ-WTR-CE-01,0.04,SYNTHETIC_RESEARCH_FIXTURE,OG-SYNTH-0.3,A-0.3,build_opus_synthetic_programme_v0_3.py@0.3,20260812,True,641c7048dd0ec346ba12315173dc286437d00b8a844630e4bd5584a0faa06f7a
PRJ-WTR,PRJ-WTR-CE-06,PRJ-WTR-CE-02,0.04,SYNTHETIC_RESEARCH_FIXTURE,OG-SYNTH-0.3,A-0.3,build_opus_synthetic_programme_v0_3.py@0.3,20260812,True,1ff6bf7e39b50203879b418e834d7218c215eb8d9b1aaeb518963d2fc2d47b58
PRJ-WTR,PRJ-WTR-CE-06,PRJ-WTR-CE-03,0.04,SYNTHETIC_RESEARCH_FIXTURE,OG-SYNTH-0.3,A-0.3,build_opus_synthetic_programme_v0_3.py@0.3,20260812,True,4f4bec6675ecc7237ebdb2fd8db87dc4a38ea5182f762d2803ee85420b2ce87c
PRJ-WTR,PRJ-WTR-CE-06,PRJ-WTR-CE-04,0.25,SYNTHETIC_RESEARCH_FIXTURE,OG-SYNTH-0.3,A-0.3,build_opus_synthetic_programme_v0_3.py@0.3,20260812,True,cc4f2e4992cf7d1ab8b2fbc7758915c326161b3f1a627fcf006a7a5321b85f7b
PRJ-WTR,PRJ-WTR-CE-06,PRJ-WTR-CE-05,0.25,SYNTHETIC_RESEARCH_FIXTURE,OG-SYNTH-0.3,A-0.3,build_opus_synthetic_programme_v0_3.py@0.3,20260812,True,f292584223afe7d0724c0847ea722d798f74c158ba68fdbd3bf4b1c98be19c23
PRJ-WTR,PRJ-WTR-CE-06,PRJ-WTR-CE-06,1.0,SYNTHETIC_RESEARCH_FIXTURE,OG-SYNTH-0.3,A-0.3,build_opus_synthetic_programme_v0_3.py@0.3,20260812,True,de5d855cda3e18c776ddd5b4a8c91fcbc7bedc272b5cfb145a7b171e0c0ee920
PRJ-WTR,PRJ-WTR-CE-06,PRJ-WTR-CE-07,0.04,SYNTHETIC_RESEARCH_FIXTURE,OG-SYNTH-0.3,A-0.3,build_opus_synthetic_programme_v0_3.py@0.3,20260812,True,7f04b57fe0fdb0788e9b9b4548e10370b64819cb5d13b946fd01079e649f3d10
PRJ-WTR,PRJ-WTR-CE-06,PRJ-WTR-CE-08,0.04,SYNTHETIC_RESEARCH_FIXTURE,OG-SYNTH-0.3,A-0.3,build_opus_synthetic_programme_v0_3.py@0.3,20260812,True,b6e1ac3e485415ba2956edb1a1f1cf56e06d30219b6d437e833333eeaa27999c
PRJ-WTR,PRJ-WTR-CE-06,PRJ-WTR-CE-09,0.04,SYNTHETIC_RESEARCH_FIXTURE,OG-SYNTH-0.3,A-0.3,build_opus_synthetic_programme_v0_3.py@0.3,20260812,True,6413721affbd94534d437add9b80bf1199b25a36bf690ac67e4fc1a4b2c4994c
PRJ-WTR,PRJ-WTR-CE-06,PRJ-WTR-CE-10,0.04,SYNTHETIC_RESEARCH_FIXTURE,OG-SYNTH-0.3,A-0.3,build_opus_synthetic_programme_v0_3.py@0.3,20260812,True,4fde08963d705e9692fb1327d9e986e28390b163e2fade397ae1ea7db3ef5f94
PRJ-WTR,PRJ-WTR-CE-07,PRJ-WTR-CE-01,0.04,SYNTHETIC_RESEARCH_FIXTURE,OG-SYNTH-0.3,A-0.3,build_opus_synthetic_programme_v0_3.py@0.3,20260812,True,9b6a773369d2db824feddeb559498420d62f0f35b04061a891173b82b182ccc8
PRJ-WTR,PRJ-WTR-CE-07,PRJ-WTR-CE-02,0.04,SYNTHETIC_RESEARCH_FIXTURE,OG-SYNTH-0.3,A-0.3,build_opus_synthetic_programme_v0_3.py@0.3,20260812,True,6a4b9f00887e3eab59d33c47f69baa7f7b73efe995abf2d1ae44c9be1b791c8b
PRJ-WTR,PRJ-WTR-CE-07,PRJ-WTR-CE-03,0.04,SYNTHETIC_RESEARCH_FIXTURE,OG-SYNTH-0.3,A-0.3,build_opus_synthetic_programme_v0_3.py@0.3,20260812,True,3896f3f59367c7346d0e81d25bd665dc65fea105f5add3826f320f05efacfd2b
PRJ-WTR,PRJ-WTR-CE-07,PRJ-WTR-CE-04,0.04,SYNTHETIC_RESEARCH_FIXTURE,OG-SYNTH-0.3,A-0.3,build_opus_synthetic_programme_v0_3.py@0.3,20260812,True,1de48e4268672ffc770237cfbdd04a933faa53dcad7d42febd6125ce2a95a3c2
PRJ-WTR,PRJ-WTR-CE-07,PRJ-WTR-CE-05,0.04,SYNTHETIC_RESEARCH_FIXTURE,OG-SYNTH-0.3,A-0.3,build_opus_synthetic_programme_v0_3.py@0.3,20260812,True,4d9a1d4419eea2261f1f3523f7b38e954fc1e5d00a775c3b2b37a7e87480bcb8
PRJ-WTR,PRJ-WTR-CE-07,PRJ-WTR-CE-06,0.04,SYNTHETIC_RESEARCH_FIXTURE,OG-SYNTH-0.3,A-0.3,build_opus_synthetic_programme_v0_3.py@0.3,20260812,True,c5c940b5ad669facaaa10936e8e3f9af04838ae8b386692171fca171526429a0
PRJ-WTR,PRJ-WTR-CE-07,PRJ-WTR-CE-07,1.0,SYNTHETIC_RESEARCH_FIXTURE,OG-SYNTH-0.3,A-0.3,build_opus_synthetic_programme_v0_3.py@0.3,20260812,True,51ca92309044984ff73deb319d7f5e6a685f26443ad26cf9fe294084cbbff121
PRJ-WTR,PRJ-WTR-CE-07,PRJ-WTR-CE-08,0.25,SYNTHETIC_RESEARCH_FIXTURE,OG-SYNTH-0.3,A-0.3,build_opus_synthetic_programme_v0_3.py@0.3,20260812,True,60be594e3a46cd30eb48b09aff050d069817897b9e1da69254997e055923436d
PRJ-WTR,PRJ-WTR-CE-07,PRJ-WTR-CE-09,0.25,SYNTHETIC_RESEARCH_FIXTURE,OG-SYNTH-0.3,A-0.3,build_opus_synthetic_programme_v0_3.py@0.3,20260812,True,3b8b0e6b5d672693ea8b4fed03e0c9ff93150be378e416b11dc26f7ede493121
PRJ-WTR,PRJ-WTR-CE-07,PRJ-WTR-CE-10,0.04,SYNTHETIC_RESEARCH_FIXTURE,OG-SYNTH-0.3,A-0.3,build_opus_synthetic_programme_v0_3.py@0.3,20260812,True,59ff3e282d180990e315f0fa192b13029651941297a8957b6fdb13fcadbf47e3
PRJ-WTR,PRJ-WTR-CE-08,PRJ-WTR-CE-01,0.04,SYNTHETIC_RESEARCH_FIXTURE,OG-SYNTH-0.3,A-0.3,build_opus_synthetic_programme_v0_3.py@0.3,20260812,True,d66189a127c9167776a3ef5c8bbfa3b6e69b48401b28c6dce0437a04f756116d
PRJ-WTR,PRJ-WTR-CE-08,PRJ-WTR-CE-02,0.04,SYNTHETIC_RESEARCH_FIXTURE,OG-SYNTH-0.3,A-0.3,build_opus_synthetic_programme_v0_3.py@0.3,20260812,True,f3b8d4de79ec4f5a7f3267b4f42565d6b982bcacf28f2d48fc4dac477129bbc7
PRJ-WTR,PRJ-WTR-CE-08,PRJ-WTR-CE-03,0.04,SYNTHETIC_RESEARCH_FIXTURE,OG-SYNTH-0.3,A-0.3,build_opus_synthetic_programme_v0_3.py@0.3,20260812,True,6aa92b88fb75254d8aef4a029b642ceed95e1bb719a4d9deca9b160681f7d5eb
PRJ-WTR,PRJ-WTR-CE-08,PRJ-WTR-CE-04,0.04,SYNTHETIC_RESEARCH_FIXTURE,OG-SYNTH-0.3,A-0.3,build_opus_synthetic_programme_v0_3.py@0.3,20260812,True,2f39d92726dae5dfa7881f25022e8374b08eccdbabe7d108fa7641291be1400b
PRJ-WTR,PRJ-WTR-CE-08,PRJ-WTR-CE-05,0.04,SYNTHETIC_RESEARCH_FIXTURE,OG-SYNTH-0.3,A-0.3,build_opus_synthetic_programme_v0_3.py@0.3,20260812,True,b988a8af49033f4f218c3715bae93fcc9920786575dd49c343b1854379654926
PRJ-WTR,PRJ-WTR-CE-08,PRJ-WTR-CE-06,0.04,SYNTHETIC_RESEARCH_FIXTURE,OG-SYNTH-0.3,A-0.3,build_opus_synthetic_programme_v0_3.py@0.3,20260812,True,e54053db681ddaf9c6bc22f975a85d6a7c2e5326410577b9244aee2b6b5d4cb2
PRJ-WTR,PRJ-WTR-CE-08,PRJ-WTR-CE-07,0.25,SYNTHETIC_RESEARCH_FIXTURE,OG-SYNTH-0.3,A-0.3,build_opus_synthetic_programme_v0_3.py@0.3,20260812,True,5522f28bcd367e0e011fd1eef9b4fe4e0ebe9cb4baed6a1230199db979411211
PRJ-WTR,PRJ-WTR-CE-08,PRJ-WTR-CE-08,1.0,SYNTHETIC_RESEARCH_FIXTURE,OG-SYNTH-0.3,A-0.3,build_opus_synthetic_programme_v0_3.py@0.3,20260812,True,98c677e9170f06876d61dad20cf4a07f96f8612ce1574737406e29da7abade2e
PRJ-WTR,PRJ-WTR-CE-08,PRJ-WTR-CE-09,0.25,SYNTHETIC_RESEARCH_FIXTURE,OG-SYNTH-0.3,A-0.3,build_opus_synthetic_programme_v0_3.py@0.3,20260812,True,8d9a127947b04c4dd6f10573b660482f404b558f4f3f9fc41c43f3196b1e23a9
PRJ-WTR,PRJ-WTR-CE-08,PRJ-WTR-CE-10,0.04,SYNTHETIC_RESEARCH_FIXTURE,OG-SYNTH-0.3,A-0.3,build_opus_synthetic_programme_v0_3.py@0.3,20260812,True,3547daa528eeebbdc01df5cd1203c1c426d4afd30c4d6d7c299ca5b172268b36
PRJ-WTR,PRJ-WTR-CE-09,PRJ-WTR-CE-01,0.04,SYNTHETIC_RESEARCH_FIXTURE,OG-SYNTH-0.3,A-0.3,build_opus_synthetic_programme_v0_3.py@0.3,20260812,True,dc971decaadac8e7ccb5995e0bc60a77bd1c94db070fe84690d977dc81145926
PRJ-WTR,PRJ-WTR-CE-09,PRJ-WTR-CE-02,0.04,SYNTHETIC_RESEARCH_FIXTURE,OG-SYNTH-0.3,A-0.3,build_opus_synthetic_programme_v0_3.py@0.3,20260812,True,8d775dd1d3f3603b36351a5e03ae2ffa862adcd38e6981f57a6fbd44525f4ebc
PRJ-WTR,PRJ-WTR-CE-09,PRJ-WTR-CE-03,0.04,SYNTHETIC_RESEARCH_FIXTURE,OG-SYNTH-0.3,A-0.3,build_opus_synthetic_programme_v0_3.py@0.3,20260812,True,9c26acb7b08ff8332e80779b78801f0c65d20ac8a30fd1268cee657196fbba5c
PRJ-WTR,PRJ-WTR-CE-09,PRJ-WTR-CE-04,0.04,SYNTHETIC_RESEARCH_FIXTURE,OG-SYNTH-0.3,A-0.3,build_opus_synthetic_programme_v0_3.py@0.3,20260812,True,8c80e59e1c6e0c4b15364d757f5bb5e3d27c00aaf0dbfd2156cef64d72fb8d67
PRJ-WTR,PRJ-WTR-CE-09,PRJ-WTR-CE-05,0.04,SYNTHETIC_RESEARCH_FIXTURE,OG-SYNTH-0.3,A-0.3,build_opus_synthetic_programme_v0_3.py@0.3,20260812,True,2022c5371f29f103911114aa817224127ff44181092124309e0c9258145a092b
PRJ-WTR,PRJ-WTR-CE-09,PRJ-WTR-CE-06,0.04,SYNTHETIC_RESEARCH_FIXTURE,OG-SYNTH-0.3,A-0.3,build_opus_synthetic_programme_v0_3.py@0.3,20260812,True,28ea87c0d81ef86294ac3b87df06e30e446714374d87977b157bac36b2cf38f3
PRJ-WTR,PRJ-WTR-CE-09,PRJ-WTR-CE-07,0.25,SYNTHETIC_RESEARCH_FIXTURE,OG-SYNTH-0.3,A-0.3,build_opus_synthetic_programme_v0_3.py@0.3,20260812,True,b70fd34e84803f1c119dc58ebf2d298421f82ad23bf13e53bf2a1ab9069dc80a
PRJ-WTR,PRJ-WTR-CE-09,PRJ-WTR-CE-08,0.25,SYNTHETIC_RESEARCH_FIXTURE,OG-SYNTH-0.3,A-0.3,build_opus_synthetic_programme_v0_3.py@0.3,20260812,True,532fc73b221ac5d345042c048b35503528deef0ff7e6efe2c91b09b110b23ad7
PRJ-WTR,PRJ-WTR-CE-09,PRJ-WTR-CE-09,1.0,SYNTHETIC_RESEARCH_FIXTURE,OG-SYNTH-0.3,A-0.3,build_opus_synthetic_programme_v0_3.py@0.3,20260812,True,8a3f95294cc7e340b3605e048348e405306ef37241316264207e2beabd2fe105
PRJ-WTR,PRJ-WTR-CE-09,PRJ-WTR-CE-10,0.04,SYNTHETIC_RESEARCH_FIXTURE,OG-SYNTH-0.3,A-0.3,build_opus_synthetic_programme_v0_3.py@0.3,20260812,True,dd68b6be6d47d6a19797d4f0d319e627a45c10536a42b2dfc7f4fd655ee4d3df
PRJ-WTR,PRJ-WTR-CE-10,PRJ-WTR-CE-01,0.04,SYNTHETIC_RESEARCH_FIXTURE,OG-SYNTH-0.3,A-0.3,build_opus_synthetic_programme_v0_3.py@0.3,20260812,True,9ddff8b995ea7570a7678ea6965bf5df7b63f09b55922665dcece49757c5d765
PRJ-WTR,PRJ-WTR-CE-10,PRJ-WTR-CE-02,0.04,SYNTHETIC_RESEARCH_FIXTURE,OG-SYNTH-0.3,A-0.3,build_opus_synthetic_programme_v0_3.py@0.3,20260812,True,107751243761bcd82570a0f842aa170d2a578f1415b493defa9454756f3cf736
PRJ-WTR,PRJ-WTR-CE-10,PRJ-WTR-CE-03,0.04,SYNTHETIC_RESEARCH_FIXTURE,OG-SYNTH-0.3,A-0.3,build_opus_synthetic_programme_v0_3.py@0.3,20260812,True,2c6ec601b6d47a9dbb76bde58faeb82e4d9367eb2a7714f885547287c3b410fa
PRJ-WTR,PRJ-WTR-CE-10,PRJ-WTR-CE-04,0.04,SYNTHETIC_RESEARCH_FIXTURE,OG-SYNTH-0.3,A-0.3,build_opus_synthetic_programme_v0_3.py@0.3,20260812,True,29a6eab8632a081ea4a443ed4924180544aec1c542f75ac610664b6f5666f7ed
PRJ-WTR,PRJ-WTR-CE-10,PRJ-WTR-CE-05,0.04,SYNTHETIC_RESEARCH_FIXTURE,OG-SYNTH-0.3,A-0.3,build_opus_synthetic_programme_v0_3.py@0.3,20260812,True,5ad9cc7ad0c54f8103e7c992509c38d1d1e77e09fd83bdd56af2391515a9b979
PRJ-WTR,PRJ-WTR-CE-10,PRJ-WTR-CE-06,0.04,SYNTHETIC_RESEARCH_FIXTURE,OG-SYNTH-0.3,A-0.3,build_opus_synthetic_programme_v0_3.py@0.3,20260812,True,c389b5bc1b6b672792d646c89ca2fc5135d43221df4faa99ca69e57b06073150
PRJ-WTR,PRJ-WTR-CE-10,PRJ-WTR-CE-07,0.04,SYNTHETIC_RESEARCH_FIXTURE,OG-SYNTH-0.3,A-0.3,build_opus_synthetic_programme_v0_3.py@0.3,20260812,True,d73a02b45534f178200ebae746b1d6548db4f62b7d718fbca8703470ec2f462b
PRJ-WTR,PRJ-WTR-CE-10,PRJ-WTR-CE-08,0.04,SYNTHETIC_RESEARCH_FIXTURE,OG-SYNTH-0.3,A-0.3,build_opus_synthetic_programme_v0_3.py@0.3,20260812,True,01245eb1ee2f9e294fb8e6482f24be5bebf13c6ec80100647e19b3de97c48fa4
PRJ-WTR,PRJ-WTR-CE-10,PRJ-WTR-CE-09,0.04,SYNTHETIC_RESEARCH_FIXTURE,OG-SYNTH-0.3,A-0.3,build_opus_synthetic_programme_v0_3.py@0.3,20260812,True,8f7e2e0b93831a2bad1862bfee6cc4e35af7a016069f60dfdeb897879759bf5d
PRJ-WTR,PRJ-WTR-CE-10,PRJ-WTR-CE-10,1.0,SYNTHETIC_RESEARCH_FIXTURE,OG-SYNTH-0.3,A-0.3,build_opus_synthetic_programme_v0_3.py@0.3,20260812,True,f4416f8c8d037bcf1f5592ea315ccce3c27cb2c5b0d1c0e7d4523f52892deefa
PRJ-RAL,PRJ-RAL-CE-01,PRJ-RAL-CE-01,1.0,SYNTHETIC_RESEARCH_FIXTURE,OG-SYNTH-0.3,A-0.3,build_opus_synthetic_programme_v0_3.py@0.3,20260812,True,1e512f67b037fe3733ea47b1c0610d7fdf5e75a80342e4be9dcc41a2887f0f05
PRJ-RAL,PRJ-RAL-CE-01,PRJ-RAL-CE-02,0.25,SYNTHETIC_RESEARCH_FIXTURE,OG-SYNTH-0.3,A-0.3,build_opus_synthetic_programme_v0_3.py@0.3,20260812,True,214390f172aa2bf269c7b8f47db0d487e7e37acd5bc827fc451a5e1d8a55c49f
PRJ-RAL,PRJ-RAL-CE-01,PRJ-RAL-CE-03,0.25,SYNTHETIC_RESEARCH_FIXTURE,OG-SYNTH-0.3,A-0.3,build_opus_synthetic_programme_v0_3.py@0.3,20260812,True,ba9517ee2ea28831a4a969d7cee44db53fd877f701392ff247685547e4333c28
PRJ-RAL,PRJ-RAL-CE-01,PRJ-RAL-CE-04,0.04,SYNTHETIC_RESEARCH_FIXTURE,OG-SYNTH-0.3,A-0.3,build_opus_synthetic_programme_v0_3.py@0.3,20260812,True,3e92363ba20386e7514ac3567ec4b605d14ba69704d136a965ce9954bccd379a
PRJ-RAL,PRJ-RAL-CE-01,PRJ-RAL-CE-05,0.04,SYNTHETIC_RESEARCH_FIXTURE,OG-SYNTH-0.3,A-0.3,build_opus_synthetic_programme_v0_3.py@0.3,20260812,True,e903006eeb569fcefe9d94f3d027705fec531a08c4c21d7dd99ef8c6b6bb0587
PRJ-RAL,PRJ-RAL-CE-01,PRJ-RAL-CE-06,0.04,SYNTHETIC_RESEARCH_FIXTURE,OG-SYNTH-0.3,A-0.3,build_opus_synthetic_programme_v0_3.py@0.3,20260812,True,5eabc434edade627e01ce79d4faa0ab2dea0f15ae497ab54c5d81de2fdcbe600
PRJ-RAL,PRJ-RAL-CE-01,PRJ-RAL-CE-07,0.04,SYNTHETIC_RESEARCH_FIXTURE,OG-SYNTH-0.3,A-0.3,build_opus_synthetic_programme_v0_3.py@0.3,20260812,True,a44d264ed2d47ca92dedea8e454688f712949cc49bd823758c16bad8aa99a752
PRJ-RAL,PRJ-RAL-CE-01,PRJ-RAL-CE-08,0.04,SYNTHETIC_RESEARCH_FIXTURE,OG-SYNTH-0.3,A-0.3,build_opus_synthetic_programme_v0_3.py@0.3,20260812,True,5af0d1f7324f2f063169dd926a63a79e46b1383d6c382d1e692cbe2cf7d0d8bb
PRJ-RAL,PRJ-RAL-CE-01,PRJ-RAL-CE-09,0.04,SYNTHETIC_RESEARCH_FIXTURE,OG-SYNTH-0.3,A-0.3,build_opus_synthetic_programme_v0_3.py@0.3,20260812,True,4b1a770606ccb56d0b4a91cd51490c37a519358a95232b56b499547c68b7babf
PRJ-RAL,PRJ-RAL-CE-01,PRJ-RAL-CE-10,0.04,SYNTHETIC_RESEARCH_FIXTURE,OG-SYNTH-0.3,A-0.3,build_opus_synthetic_programme_v0_3.py@0.3,20260812,True,235d911469b9d410aea9fb3d88e2c836ce55b5b5339b8211a25cbe9cf8eded2a
PRJ-RAL,PRJ-RAL-CE-02,PRJ-RAL-CE-01,0.25,SYNTHETIC_RESEARCH_FIXTURE,OG-SYNTH-0.3,A-0.3,build_opus_synthetic_programme_v0_3.py@0.3,20260812,True,baa555cbcd242993dbbaadb1e8dad739849ca0f569e3c72d01d412c1fd9ee485
PRJ-RAL,PRJ-RAL-CE-02,PRJ-RAL-CE-02,1.0,SYNTHETIC_RESEARCH_FIXTURE,OG-SYNTH-0.3,A-0.3,build_opus_synthetic_programme_v0_3.py@0.3,20260812,True,bbb0a3adefe76fe7d3fa0f3115177cf7ea0ea6d64a305a6900e5ed3b081eb7c1
PRJ-RAL,PRJ-RAL-CE-02,PRJ-RAL-CE-03,0.25,SYNTHETIC_RESEARCH_FIXTURE,OG-SYNTH-0.3,A-0.3,build_opus_synthetic_programme_v0_3.py@0.3,20260812,True,79c8bcede4aedd1aa9a52d6d6f60739034c0f471d3a46c880a6307359770ad9a
PRJ-RAL,PRJ-RAL-CE-02,PRJ-RAL-CE-04,0.04,SYNTHETIC_RESEARCH_FIXTURE,OG-SYNTH-0.3,A-0.3,build_opus_synthetic_programme_v0_3.py@0.3,20260812,True,1919ffe955d5e5d16e421f768df9a599b04e7cf9ffb87c4b3b218d3e5c8dc40a
PRJ-RAL,PRJ-RAL-CE-02,PRJ-RAL-CE-05,0.04,SYNTHETIC_RESEARCH_FIXTURE,OG-SYNTH-0.3,A-0.3,build_opus_synthetic_programme_v0_3.py@0.3,20260812,True,70a9505d64214f95ca1330ff75f02a033486c48de95a0f22354f9585140d79c7
PRJ-RAL,PRJ-RAL-CE-02,PRJ-RAL-CE-06,0.04,SYNTHETIC_RESEARCH_FIXTURE,OG-SYNTH-0.3,A-0.3,build_opus_synthetic_programme_v0_3.py@0.3,20260812,True,be19722d6201cb46d4b22489217e8f1246c597d0a078610562ab272fba5d18c5
PRJ-RAL,PRJ-RAL-CE-02,PRJ-RAL-CE-07,0.04,SYNTHETIC_RESEARCH_FIXTURE,OG-SYNTH-0.3,A-0.3,build_opus_synthetic_programme_v0_3.py@0.3,20260812,True,56d2960274c6257ca1f823da85d991b8232d179b19c89bd951f684ced0722881
PRJ-RAL,PRJ-RAL-CE-02,PRJ-RAL-CE-08,0.04,SYNTHETIC_RESEARCH_FIXTURE,OG-SYNTH-0.3,A-0.3,build_opus_synthetic_programme_v0_3.py@0.3,20260812,True,708132147e39519f4a5db0065e337855b3064ef33e25d2f34064bd4f81f72672
PRJ-RAL,PRJ-RAL-CE-02,PRJ-RAL-CE-09,0.04,SYNTHETIC_RESEARCH_FIXTURE,OG-SYNTH-0.3,A-0.3,build_opus_synthetic_programme_v0_3.py@0.3,20260812,True,0c763cc736dbd72495b153303e1d474484cccd6600fc13b230995a7eca43e8d4
PRJ-RAL,PRJ-RAL-CE-02,PRJ-RAL-CE-10,0.04,SYNTHETIC_RESEARCH_FIXTURE,OG-SYNTH-0.3,A-0.3,build_opus_synthetic_programme_v0_3.py@0.3,20260812,True,b08b10f21d6241832c135959299ee2246e6d1ac240f3ed2f08e657dbc6f5e695
PRJ-RAL,PRJ-RAL-CE-03,PRJ-RAL-CE-01,0.25,SYNTHETIC_RESEARCH_FIXTURE,OG-SYNTH-0.3,A-0.3,build_opus_synthetic_programme_v0_3.py@0.3,20260812,True,0bd55ed658611eed1069bcd872e3876f012a89a54e818c5af18c808a2fe11c23
PRJ-RAL,PRJ-RAL-CE-03,PRJ-RAL-CE-02,0.25,SYNTHETIC_RESEARCH_FIXTURE,OG-SYNTH-0.3,A-0.3,build_opus_synthetic_programme_v0_3.py@0.3,20260812,True,8736aab143cda84badcdafdf2cf21ec71beddc7ef90f7781f716bf476e5aeaaa
PRJ-RAL,PRJ-RAL-CE-03,PRJ-RAL-CE-03,1.0,SYNTHETIC_RESEARCH_FIXTURE,OG-SYNTH-0.3,A-0.3,build_opus_synthetic_programme_v0_3.py@0.3,20260812,True,b00b8716409ea296e6ef43720e1f7e7c85cb170cf1571dbfb011940b926b3b2f
PRJ-RAL,PRJ-RAL-CE-03,PRJ-RAL-CE-04,0.04,SYNTHETIC_RESEARCH_FIXTURE,OG-SYNTH-0.3,A-0.3,build_opus_synthetic_programme_v0_3.py@0.3,20260812,True,7ddd351c192dccdf20130e3f18c9c70e9f6522937a1c4c2e9cfab645b864f7ed
PRJ-RAL,PRJ-RAL-CE-03,PRJ-RAL-CE-05,0.04,SYNTHETIC_RESEARCH_FIXTURE,OG-SYNTH-0.3,A-0.3,build_opus_synthetic_programme_v0_3.py@0.3,20260812,True,ab0fd67867afdb69b72657e5e5745f0cbb9f83615997d3f8370a6d77a94e2393
PRJ-RAL,PRJ-RAL-CE-03,PRJ-RAL-CE-06,0.04,SYNTHETIC_RESEARCH_FIXTURE,OG-SYNTH-0.3,A-0.3,build_opus_synthetic_programme_v0_3.py@0.3,20260812,True,7e0c98c8513f6a28d5ca79c4c9e8949d8f84d30a6c2aed1431f67819da396def
PRJ-RAL,PRJ-RAL-CE-03,PRJ-RAL-CE-07,0.04,SYNTHETIC_RESEARCH_FIXTURE,OG-SYNTH-0.3,A-0.3,build_opus_synthetic_programme_v0_3.py@0.3,20260812,True,2299ecc758747458dfa98f889f13e98aca5dbf3d2247992d8b0bc7f2ea2692a9
PRJ-RAL,PRJ-RAL-CE-03,PRJ-RAL-CE-08,0.04,SYNTHETIC_RESEARCH_FIXTURE,OG-SYNTH-0.3,A-0.3,build_opus_synthetic_programme_v0_3.py@0.3,20260812,True,a4c6ab7a216289edd36adbc3c90040fe002fac74e80fa765574c2292ecaec48c
PRJ-RAL,PRJ-RAL-CE-03,PRJ-RAL-CE-09,0.04,SYNTHETIC_RESEARCH_FIXTURE,OG-SYNTH-0.3,A-0.3,build_opus_synthetic_programme_v0_3.py@0.3,20260812,True,a4334e592d8ffe87b364093e1bcbfdeee21db02902c45671925a782b448e1104
PRJ-RAL,PRJ-RAL-CE-03,PRJ-RAL-CE-10,0.04,SYNTHETIC_RESEARCH_FIXTURE,OG-SYNTH-0.3,A-0.3,build_opus_synthetic_programme_v0_3.py@0.3,20260812,True,dc9368699df139a58b12b222c5dbb07b549529c8ecf138c8d975bef1f263d80a
PRJ-RAL,PRJ-RAL-CE-04,PRJ-RAL-CE-01,0.04,SYNTHETIC_RESEARCH_FIXTURE,OG-SYNTH-0.3,A-0.3,build_opus_synthetic_programme_v0_3.py@0.3,20260812,True,666583dd7c6151a226dfce03c08acdf11eac2332dd4bd8d6fcabc861567ab42b
PRJ-RAL,PRJ-RAL-CE-04,PRJ-RAL-CE-02,0.04,SYNTHETIC_RESEARCH_FIXTURE,OG-SYNTH-0.3,A-0.3,build_opus_synthetic_programme_v0_3.py@0.3,20260812,True,0922757f6521485a2909995dda40e9367fcb538e55ef3d5d6e70cdd670167a4b
PRJ-RAL,PRJ-RAL-CE-04,PRJ-RAL-CE-03,0.04,SYNTHETIC_RESEARCH_FIXTURE,OG-SYNTH-0.3,A-0.3,build_opus_synthetic_programme_v0_3.py@0.3,20260812,True,64ea1f7fd7a53bdc27b7a7a9f9915684e6dc5c3e5af5290f1909d0e159fbf22c
PRJ-RAL,PRJ-RAL-CE-04,PRJ-RAL-CE-04,1.0,SYNTHETIC_RESEARCH_FIXTURE,OG-SYNTH-0.3,A-0.3,build_opus_synthetic_programme_v0_3.py@0.3,20260812,True,bbbbee98258868b1d71d95a4009c640db22489523e5e0132a7b8e29bdba725bb
PRJ-RAL,PRJ-RAL-CE-04,PRJ-RAL-CE-05,0.25,SYNTHETIC_RESEARCH_FIXTURE,OG-SYNTH-0.3,A-0.3,build_opus_synthetic_programme_v0_3.py@0.3,20260812,True,4b433d78de04e6eb54351e39816245388da87c64aee70e562da843eec09c7c0d
PRJ-RAL,PRJ-RAL-CE-04,PRJ-RAL-CE-06,0.25,SYNTHETIC_RESEARCH_FIXTURE,OG-SYNTH-0.3,A-0.3,build_opus_synthetic_programme_v0_3.py@0.3,20260812,True,45b36428a883d1f8e9d94d5ba343c03546a1db15e98255fba8c57cb034b6420f
PRJ-RAL,PRJ-RAL-CE-04,PRJ-RAL-CE-07,0.04,SYNTHETIC_RESEARCH_FIXTURE,OG-SYNTH-0.3,A-0.3,build_opus_synthetic_programme_v0_3.py@0.3,20260812,True,66d41144a0b7f2b1113c42a78e9eee62d5648c9b33a72e84f2e9bee397c9d23f
PRJ-RAL,PRJ-RAL-CE-04,PRJ-RAL-CE-08,0.04,SYNTHETIC_RESEARCH_FIXTURE,OG-SYNTH-0.3,A-0.3,build_opus_synthetic_programme_v0_3.py@0.3,20260812,True,f3f840e78fdc07f306a52f47d144360169ab58d2c6d961fe84ba5c68b30fc2c7
PRJ-RAL,PRJ-RAL-CE-04,PRJ-RAL-CE-09,0.04,SYNTHETIC_RESEARCH_FIXTURE,OG-SYNTH-0.3,A-0.3,build_opus_synthetic_programme_v0_3.py@0.3,20260812,True,eaa380da144dc3a9f1a207ca5f6523b11dab56db45fce67e846bd270c9c6a638
PRJ-RAL,PRJ-RAL-CE-04,PRJ-RAL-CE-10,0.04,SYNTHETIC_RESEARCH_FIXTURE,OG-SYNTH-0.3,A-0.3,build_opus_synthetic_programme_v0_3.py@0.3,20260812,True,20e73023313e5c4acef62705372e47587f8afe0c8768dd95dd6394c79dfcdc22
PRJ-RAL,PRJ-RAL-CE-05,PRJ-RAL-CE-01,0.04,SYNTHETIC_RESEARCH_FIXTURE,OG-SYNTH-0.3,A-0.3,build_opus_synthetic_programme_v0_3.py@0.3,20260812,True,2f9c71c87168dea1945454689e672a20aa4232453c7884109625596c5020f893
PRJ-RAL,PRJ-RAL-CE-05,PRJ-RAL-CE-02,0.04,SYNTHETIC_RESEARCH_FIXTURE,OG-SYNTH-0.3,A-0.3,build_opus_synthetic_programme_v0_3.py@0.3,20260812,True,fc36c2406fadd4a97219b379caceb6b1b1f2252939848584ddf1d5f417ba6281
PRJ-RAL,PRJ-RAL-CE-05,PRJ-RAL-CE-03,0.04,SYNTHETIC_RESEARCH_FIXTURE,OG-SYNTH-0.3,A-0.3,build_opus_synthetic_programme_v0_3.py@0.3,20260812,True,c9d70c26153a1f1b794066e225fe65a5ae3640cbf840318fe3730e355921885c
PRJ-RAL,PRJ-RAL-CE-05,PRJ-RAL-CE-04,0.25,SYNTHETIC_RESEARCH_FIXTURE,OG-SYNTH-0.3,A-0.3,build_opus_synthetic_programme_v0_3.py@0.3,20260812,True,dd33af49f6f8e968dda4502c80601f1ad72bfbef0d3ce4d43b48c9ac9beb35f3
PRJ-RAL,PRJ-RAL-CE-05,PRJ-RAL-CE-05,1.0,SYNTHETIC_RESEARCH_FIXTURE,OG-SYNTH-0.3,A-0.3,build_opus_synthetic_programme_v0_3.py@0.3,20260812,True,acdb6548b4b2638802db0f61d0c855fca8fcaa8478166fa98c893bcd3deaae60
PRJ-RAL,PRJ-RAL-CE-05,PRJ-RAL-CE-06,0.25,SYNTHETIC_RESEARCH_FIXTURE,OG-SYNTH-0.3,A-0.3,build_opus_synthetic_programme_v0_3.py@0.3,20260812,True,2368b9660d8c45bae6946e035ee558f781ce6e6cc6e22c630b97d241787348d6
PRJ-RAL,PRJ-RAL-CE-05,PRJ-RAL-CE-07,0.04,SYNTHETIC_RESEARCH_FIXTURE,OG-SYNTH-0.3,A-0.3,build_opus_synthetic_programme_v0_3.py@0.3,20260812,True,55c8570d8d1dced09e80df19fd191b150d0d67d75dd4dabb0dff46bc9ff71f83
PRJ-RAL,PRJ-RAL-CE-05,PRJ-RAL-CE-08,0.04,SYNTHETIC_RESEARCH_FIXTURE,OG-SYNTH-0.3,A-0.3,build_opus_synthetic_programme_v0_3.py@0.3,20260812,True,5295a22b98b52f36cb1fc805c4ea54317428111209e3d1b6edb53696bed236c9
PRJ-RAL,PRJ-RAL-CE-05,PRJ-RAL-CE-09,0.04,SYNTHETIC_RESEARCH_FIXTURE,OG-SYNTH-0.3,A-0.3,build_opus_synthetic_programme_v0_3.py@0.3,20260812,True,c723335f4bd277dfc209658c5af64a202b5ad5500fde481df8804f28d1b551d9
PRJ-RAL,PRJ-RAL-CE-05,PRJ-RAL-CE-10,0.04,SYNTHETIC_RESEARCH_FIXTURE,OG-SYNTH-0.3,A-0.3,build_opus_synthetic_programme_v0_3.py@0.3,20260812,True,54b8a389dff1e3af3595601a564030ce234cf8b7f6f9519decd57dad69a74267
PRJ-RAL,PRJ-RAL-CE-06,PRJ-RAL-CE-01,0.04,SYNTHETIC_RESEARCH_FIXTURE,OG-SYNTH-0.3,A-0.3,build_opus_synthetic_programme_v0_3.py@0.3,20260812,True,4e4490c1455f475196445d970cea9a8fdbb46222aac8eccbaf8d6562e9363963
PRJ-RAL,PRJ-RAL-CE-06,PRJ-RAL-CE-02,0.04,SYNTHETIC_RESEARCH_FIXTURE,OG-SYNTH-0.3,A-0.3,build_opus_synthetic_programme_v0_3.py@0.3,20260812,True,38b9a79f052f9bf6a35c4647eb8ac5a9b2ef8dbb490309d0d021474d24465d22
PRJ-RAL,PRJ-RAL-CE-06,PRJ-RAL-CE-03,0.04,SYNTHETIC_RESEARCH_FIXTURE,OG-SYNTH-0.3,A-0.3,build_opus_synthetic_programme_v0_3.py@0.3,20260812,True,933539c08acd0d85dc520c82f0907f82df1055d34b962d54d95791872a7e78fb
PRJ-RAL,PRJ-RAL-CE-06,PRJ-RAL-CE-04,0.25,SYNTHETIC_RESEARCH_FIXTURE,OG-SYNTH-0.3,A-0.3,build_opus_synthetic_programme_v0_3.py@0.3,20260812,True,9143c1ee84dfeab611745f4f8e5651e4924a1c216edc7ee3e008f2567cb35e43
PRJ-RAL,PRJ-RAL-CE-06,PRJ-RAL-CE-05,0.25,SYNTHETIC_RESEARCH_FIXTURE,OG-SYNTH-0.3,A-0.3,build_opus_synthetic_programme_v0_3.py@0.3,20260812,True,bf6e8717c7499a7f094fef3ed673d70bb4cd61e0c5e3cc885bc3e75f6c84999f
PRJ-RAL,PRJ-RAL-CE-06,PRJ-RAL-CE-06,1.0,SYNTHETIC_RESEARCH_FIXTURE,OG-SYNTH-0.3,A-0.3,build_opus_synthetic_programme_v0_3.py@0.3,20260812,True,93dc99483f587dcb9420ea83fc9a63c53ef37e5f55dc1d92e81a569a1a57b74a
PRJ-RAL,PRJ-RAL-CE-06,PRJ-RAL-CE-07,0.04,SYNTHETIC_RESEARCH_FIXTURE,OG-SYNTH-0.3,A-0.3,build_opus_synthetic_programme_v0_3.py@0.3,20260812,True,d074010f84ea32060ccec5e59cad405c5b019c1dd270280fc504b03afebfb644
PRJ-RAL,PRJ-RAL-CE-06,PRJ-RAL-CE-08,0.04,SYNTHETIC_RESEARCH_FIXTURE,OG-SYNTH-0.3,A-0.3,build_opus_synthetic_programme_v0_3.py@0.3,20260812,True,38338955aad66955c975ccf202fbd72a44f51bce721df6d8e7cd93e0ea93409d
PRJ-RAL,PRJ-RAL-CE-06,PRJ-RAL-CE-09,0.04,SYNTHETIC_RESEARCH_FIXTURE,OG-SYNTH-0.3,A-0.3,build_opus_synthetic_programme_v0_3.py@0.3,20260812,True,0588fb7dc1161b452b1fb130e3f7d7543dbd0c6f25ae7dc175f8b779da068b14
PRJ-RAL,PRJ-RAL-CE-06,PRJ-RAL-CE-10,0.04,SYNTHETIC_RESEARCH_FIXTURE,OG-SYNTH-0.3,A-0.3,build_opus_synthetic_programme_v0_3.py@0.3,20260812,True,3ac97f8b0f100f8d4b69d09a3e8b12a9430f599b15a309bec54a742144adb065
PRJ-RAL,PRJ-RAL-CE-07,PRJ-RAL-CE-01,0.04,SYNTHETIC_RESEARCH_FIXTURE,OG-SYNTH-0.3,A-0.3,build_opus_synthetic_programme_v0_3.py@0.3,20260812,True,1d634b875045b014783c301757638382b4f4c72b733924889db1dcbd01c4a140
PRJ-RAL,PRJ-RAL-CE-07,PRJ-RAL-CE-02,0.04,SYNTHETIC_RESEARCH_FIXTURE,OG-SYNTH-0.3,A-0.3,build_opus_synthetic_programme_v0_3.py@0.3,20260812,True,a404e9198c1eb69bbb8709e4dc9b14165acef10e7b6e6627e45858b863b6b500
PRJ-RAL,PRJ-RAL-CE-07,PRJ-RAL-CE-03,0.04,SYNTHETIC_RESEARCH_FIXTURE,OG-SYNTH-0.3,A-0.3,build_opus_synthetic_programme_v0_3.py@0.3,20260812,True,81b9564b86a0cbfd8d2612a3f3a9eed2eca9be708f62b5c687be7d75f9f8c56a
PRJ-RAL,PRJ-RAL-CE-07,PRJ-RAL-CE-04,0.04,SYNTHETIC_RESEARCH_FIXTURE,OG-SYNTH-0.3,A-0.3,build_opus_synthetic_programme_v0_3.py@0.3,20260812,True,9a5541b1323053c9709b9e4ca0272020738e36b0bedf4a9daee6644f002a0f3e
PRJ-RAL,PRJ-RAL-CE-07,PRJ-RAL-CE-05,0.04,SYNTHETIC_RESEARCH_FIXTURE,OG-SYNTH-0.3,A-0.3,build_opus_synthetic_programme_v0_3.py@0.3,20260812,True,a3fc515f4cfd5706fa33547197c0166ad71727cb7092d951788da8171b009357
PRJ-RAL,PRJ-RAL-CE-07,PRJ-RAL-CE-06,0.04,SYNTHETIC_RESEARCH_FIXTURE,OG-SYNTH-0.3,A-0.3,build_opus_synthetic_programme_v0_3.py@0.3,20260812,True,2069285b84c74ce8e9a8f4cd4c507519bce831f7de2c8ebac780d01411fe44c2
PRJ-RAL,PRJ-RAL-CE-07,PRJ-RAL-CE-07,1.0,SYNTHETIC_RESEARCH_FIXTURE,OG-SYNTH-0.3,A-0.3,build_opus_synthetic_programme_v0_3.py@0.3,20260812,True,a0066f02825d91f038f1688707863bda20930486cc19aa5b2d67ba4ed5336245
PRJ-RAL,PRJ-RAL-CE-07,PRJ-RAL-CE-08,0.25,SYNTHETIC_RESEARCH_FIXTURE,OG-SYNTH-0.3,A-0.3,build_opus_synthetic_programme_v0_3.py@0.3,20260812,True,48977a42bc96859d0bccafa9bbf3b48ed2d34bed783a5c0e94173811f00ff3ef
PRJ-RAL,PRJ-RAL-CE-07,PRJ-RAL-CE-09,0.25,SYNTHETIC_RESEARCH_FIXTURE,OG-SYNTH-0.3,A-0.3,build_opus_synthetic_programme_v0_3.py@0.3,20260812,True,3accdbff6c29e6466c9669af653e1236b78466471d846bfb6848c4bbd2fbd70e
PRJ-RAL,PRJ-RAL-CE-07,PRJ-RAL-CE-10,0.04,SYNTHETIC_RESEARCH_FIXTURE,OG-SYNTH-0.3,A-0.3,build_opus_synthetic_programme_v0_3.py@0.3,20260812,True,d9060d4e47bd97db5ddbe741c967042520e73bd8b911a9e282dc8a5709f0fe10
PRJ-RAL,PRJ-RAL-CE-08,PRJ-RAL-CE-01,0.04,SYNTHETIC_RESEARCH_FIXTURE,OG-SYNTH-0.3,A-0.3,build_opus_synthetic_programme_v0_3.py@0.3,20260812,True,06dd8328410a189c12185277a0dc2847c2d8ee434c8c978e6338a2ff80a5d683
PRJ-RAL,PRJ-RAL-CE-08,PRJ-RAL-CE-02,0.04,SYNTHETIC_RESEARCH_FIXTURE,OG-SYNTH-0.3,A-0.3,build_opus_synthetic_programme_v0_3.py@0.3,20260812,True,6f5bb786cddeb73c1ffcb92632d2314ae9e0ebce78df4be17bd0e318531a63a6
PRJ-RAL,PRJ-RAL-CE-08,PRJ-RAL-CE-03,0.04,SYNTHETIC_RESEARCH_FIXTURE,OG-SYNTH-0.3,A-0.3,build_opus_synthetic_programme_v0_3.py@0.3,20260812,True,8236d635d677f21bb9c1df2808f1323214fa47eef3fb41b779c22146cda737c5
PRJ-RAL,PRJ-RAL-CE-08,PRJ-RAL-CE-04,0.04,SYNTHETIC_RESEARCH_FIXTURE,OG-SYNTH-0.3,A-0.3,build_opus_synthetic_programme_v0_3.py@0.3,20260812,True,7495e90b64a987efefde7b30f5b2697b38a73c9a73a5bf77e72e905e8b9cbb2d
PRJ-RAL,PRJ-RAL-CE-08,PRJ-RAL-CE-05,0.04,SYNTHETIC_RESEARCH_FIXTURE,OG-SYNTH-0.3,A-0.3,build_opus_synthetic_programme_v0_3.py@0.3,20260812,True,d32125524de3576bac7cf285b131cc9172b424eb4cae104b4a03c6370e6e0c4a
PRJ-RAL,PRJ-RAL-CE-08,PRJ-RAL-CE-06,0.04,SYNTHETIC_RESEARCH_FIXTURE,OG-SYNTH-0.3,A-0.3,build_opus_synthetic_programme_v0_3.py@0.3,20260812,True,51de019c09e02366fc2209fe7582819f504d7088056372b87dedfc98cd2e8152
PRJ-RAL,PRJ-RAL-CE-08,PRJ-RAL-CE-07,0.25,SYNTHETIC_RESEARCH_FIXTURE,OG-SYNTH-0.3,A-0.3,build_opus_synthetic_programme_v0_3.py@0.3,20260812,True,8edddc575a6061464db858598c0dcebadc64fd79366d2ae1e46dae29aa40abd8
PRJ-RAL,PRJ-RAL-CE-08,PRJ-RAL-CE-08,1.0,SYNTHETIC_RESEARCH_FIXTURE,OG-SYNTH-0.3,A-0.3,build_opus_synthetic_programme_v0_3.py@0.3,20260812,True,2e55912fd9aff31b6933b161565ca3bd1bb516c3559184f2203583f9caa0292e
PRJ-RAL,PRJ-RAL-CE-08,PRJ-RAL-CE-09,0.25,SYNTHETIC_RESEARCH_FIXTURE,OG-SYNTH-0.3,A-0.3,build_opus_synthetic_programme_v0_3.py@0.3,20260812,True,71b2d9d3f37dc66fcbd3348bd659ccec841b28a2f2d3efd649906786899d6b83
PRJ-RAL,PRJ-RAL-CE-08,PRJ-RAL-CE-10,0.04,SYNTHETIC_RESEARCH_FIXTURE,OG-SYNTH-0.3,A-0.3,build_opus_synthetic_programme_v0_3.py@0.3,20260812,True,e974f44a41c43ffb6f59ec28e8d6a46d9227b6392a3d46bed0cb74a235fabfe1
PRJ-RAL,PRJ-RAL-CE-09,PRJ-RAL-CE-01,0.04,SYNTHETIC_RESEARCH_FIXTURE,OG-SYNTH-0.3,A-0.3,build_opus_synthetic_programme_v0_3.py@0.3,20260812,True,300a6655026c617f0cae8046c5d61a107cd21dc105e6da0932c8f30fbfe11540
PRJ-RAL,PRJ-RAL-CE-09,PRJ-RAL-CE-02,0.04,SYNTHETIC_RESEARCH_FIXTURE,OG-SYNTH-0.3,A-0.3,build_opus_synthetic_programme_v0_3.py@0.3,20260812,True,928ebb4ebe3d6448b7c959fcbd093b4e827c8f391423ad5b058795c91944c683
PRJ-RAL,PRJ-RAL-CE-09,PRJ-RAL-CE-03,0.04,SYNTHETIC_RESEARCH_FIXTURE,OG-SYNTH-0.3,A-0.3,build_opus_synthetic_programme_v0_3.py@0.3,20260812,True,fb863d6ba030c946edb9e621a77b3fc992c3a6d4995cbe5ab97fa4af5ac38c19
PRJ-RAL,PRJ-RAL-CE-09,PRJ-RAL-CE-04,0.04,SYNTHETIC_RESEARCH_FIXTURE,OG-SYNTH-0.3,A-0.3,build_opus_synthetic_programme_v0_3.py@0.3,20260812,True,407f1a230984c169095a950f25fda0a6221503a5d35ae0af758fa239e324b41b
PRJ-RAL,PRJ-RAL-CE-09,PRJ-RAL-CE-05,0.04,SYNTHETIC_RESEARCH_FIXTURE,OG-SYNTH-0.3,A-0.3,build_opus_synthetic_programme_v0_3.py@0.3,20260812,True,0be7675dc6cb4b786aa42d9b252427def17798b12fd692ba9ccd5745804829c9
PRJ-RAL,PRJ-RAL-CE-09,PRJ-RAL-CE-06,0.04,SYNTHETIC_RESEARCH_FIXTURE,OG-SYNTH-0.3,A-0.3,build_opus_synthetic_programme_v0_3.py@0.3,20260812,True,39b016767fc62957c56829cf4df1211a276b63f2ec4cdb96abdcc900057c02bd
PRJ-RAL,PRJ-RAL-CE-09,PRJ-RAL-CE-07,0.25,SYNTHETIC_RESEARCH_FIXTURE,OG-SYNTH-0.3,A-0.3,build_opus_synthetic_programme_v0_3.py@0.3,20260812,True,bcd8786ee6172534a5c660bbdec12cf42e380d27aaa4b2e9174c187660adbeee
PRJ-RAL,PRJ-RAL-CE-09,PRJ-RAL-CE-08,0.25,SYNTHETIC_RESEARCH_FIXTURE,OG-SYNTH-0.3,A-0.3,build_opus_synthetic_programme_v0_3.py@0.3,20260812,True,11a2c00ba725507a3901a4af8cd49c442e95ff7d52f9b0562fb21fcb1f878d4b
PRJ-RAL,PRJ-RAL-CE-09,PRJ-RAL-CE-09,1.0,SYNTHETIC_RESEARCH_FIXTURE,OG-SYNTH-0.3,A-0.3,build_opus_synthetic_programme_v0_3.py@0.3,20260812,True,dd927764cee571183c35967144188e9e6c89cdb8da7060e0b403108fb05a5eea
PRJ-RAL,PRJ-RAL-CE-09,PRJ-RAL-CE-10,0.04,SYNTHETIC_RESEARCH_FIXTURE,OG-SYNTH-0.3,A-0.3,build_opus_synthetic_programme_v0_3.py@0.3,20260812,True,3fec52ba27e21b1ffd776893036cf0ca1e493115f66aca81166517bb594e6671
PRJ-RAL,PRJ-RAL-CE-10,PRJ-RAL-CE-01,0.04,SYNTHETIC_RESEARCH_FIXTURE,OG-SYNTH-0.3,A-0.3,build_opus_synthetic_programme_v0_3.py@0.3,20260812,True,99adf0d4a0abdebfc32f70ecd9ed29dbd8295465fcb171bf68407f1e4dd065de
PRJ-RAL,PRJ-RAL-CE-10,PRJ-RAL-CE-02,0.04,SYNTHETIC_RESEARCH_FIXTURE,OG-SYNTH-0.3,A-0.3,build_opus_synthetic_programme_v0_3.py@0.3,20260812,True,8570228e8195316dfe30b9f507ebf674160496912e651d92cdc7c8bf610ff67b
PRJ-RAL,PRJ-RAL-CE-10,PRJ-RAL-CE-03,0.04,SYNTHETIC_RESEARCH_FIXTURE,OG-SYNTH-0.3,A-0.3,build_opus_synthetic_programme_v0_3.py@0.3,20260812,True,4831c39a40f41bb876e4bfc5afa2c794ca30b57dac6c20a9b0d244f2e2e752be
PRJ-RAL,PRJ-RAL-CE-10,PRJ-RAL-CE-04,0.04,SYNTHETIC_RESEARCH_FIXTURE,OG-SYNTH-0.3,A-0.3,build_opus_synthetic_programme_v0_3.py@0.3,20260812,True,f97198fe8dc62cf1e807b7c6cde1cbe88d1dc05c3d4147322f70129e6a34d078
PRJ-RAL,PRJ-RAL-CE-10,PRJ-RAL-CE-05,0.04,SYNTHETIC_RESEARCH_FIXTURE,OG-SYNTH-0.3,A-0.3,build_opus_synthetic_programme_v0_3.py@0.3,20260812,True,da4555c46799b1327669a59cd84ef681a7175457827b4ee4e880db3ada1251cf
PRJ-RAL,PRJ-RAL-CE-10,PRJ-RAL-CE-06,0.04,SYNTHETIC_RESEARCH_FIXTURE,OG-SYNTH-0.3,A-0.3,build_opus_synthetic_programme_v0_3.py@0.3,20260812,True,8a503e4e6d27bbc6975db3d89f79f6a612808121b8e6242891eacb3a6be72079
PRJ-RAL,PRJ-RAL-CE-10,PRJ-RAL-CE-07,0.04,SYNTHETIC_RESEARCH_FIXTURE,OG-SYNTH-0.3,A-0.3,build_opus_synthetic_programme_v0_3.py@0.3,20260812,True,6f567e8c293de6240aa0cda8707e6101f7022563f3a49d71b0bbad36f0095a43
PRJ-RAL,PRJ-RAL-CE-10,PRJ-RAL-CE-08,0.04,SYNTHETIC_RESEARCH_FIXTURE,OG-SYNTH-0.3,A-0.3,build_opus_synthetic_programme_v0_3.py@0.3,20260812,True,eb13fe2281908db0f7c621a6a83d70514307ea4571fbdf573f77b33a342b6577
PRJ-RAL,PRJ-RAL-CE-10,PRJ-RAL-CE-09,0.04,SYNTHETIC_RESEARCH_FIXTURE,OG-SYNTH-0.3,A-0.3,build_opus_synthetic_programme_v0_3.py@0.3,20260812,True,22f2a00d76666049d64d2a32a3849b7012b68d7161139eb2278cce762e2a9f9a
PRJ-RAL,PRJ-RAL-CE-10,PRJ-RAL-CE-10,1.0,SYNTHETIC_RESEARCH_FIXTURE,OG-SYNTH-0.3,A-0.3,build_opus_synthetic_programme_v0_3.py@0.3,20260812,True,e73c000f6982d16eb367c9ce8cff87d7bd3fc6433a8a9c3c85b9fa52a94e8248
PRJ-DCT,PRJ-DCT-CE-01,PRJ-DCT-CE-01,1.0,SYNTHETIC_RESEARCH_FIXTURE,OG-SYNTH-0.3,A-0.3,build_opus_synthetic_programme_v0_3.py@0.3,20260812,True,706661de85dcd7c2832ff1395c7835ee4205c569eb8a740219792e1b2b6a4e4b
PRJ-DCT,PRJ-DCT-CE-01,PRJ-DCT-CE-02,0.25,SYNTHETIC_RESEARCH_FIXTURE,OG-SYNTH-0.3,A-0.3,build_opus_synthetic_programme_v0_3.py@0.3,20260812,True,88bd8f9853e1500f69a87ad73321f241daba0725ce787f18af7f8d42872825fb
PRJ-DCT,PRJ-DCT-CE-01,PRJ-DCT-CE-03,0.25,SYNTHETIC_RESEARCH_FIXTURE,OG-SYNTH-0.3,A-0.3,build_opus_synthetic_programme_v0_3.py@0.3,20260812,True,f5a36ecf6a464c75eb35cab88fffb3cac5b4bdad5182b38f55d8ef9653737d2f
PRJ-DCT,PRJ-DCT-CE-01,PRJ-DCT-CE-04,0.04,SYNTHETIC_RESEARCH_FIXTURE,OG-SYNTH-0.3,A-0.3,build_opus_synthetic_programme_v0_3.py@0.3,20260812,True,5afd1984d7cab3b605e9088135f70ad0dec95f7b607c0c0f63992dc8223efb38
PRJ-DCT,PRJ-DCT-CE-01,PRJ-DCT-CE-05,0.04,SYNTHETIC_RESEARCH_FIXTURE,OG-SYNTH-0.3,A-0.3,build_opus_synthetic_programme_v0_3.py@0.3,20260812,True,344e95f56b638a9ad18c0f7172504e1b428422f887697acd8f756b40a910ef3d
PRJ-DCT,PRJ-DCT-CE-01,PRJ-DCT-CE-06,0.04,SYNTHETIC_RESEARCH_FIXTURE,OG-SYNTH-0.3,A-0.3,build_opus_synthetic_programme_v0_3.py@0.3,20260812,True,557effdf67ab781388e82b076749f022ce097e540d6bad5519d9f4f4c904bbfa
PRJ-DCT,PRJ-DCT-CE-01,PRJ-DCT-CE-07,0.04,SYNTHETIC_RESEARCH_FIXTURE,OG-SYNTH-0.3,A-0.3,build_opus_synthetic_programme_v0_3.py@0.3,20260812,True,d4135bdeeed3046bf5e364aa2de4e3708dd83afaf432d10587d8592f247f70f0
PRJ-DCT,PRJ-DCT-CE-01,PRJ-DCT-CE-08,0.04,SYNTHETIC_RESEARCH_FIXTURE,OG-SYNTH-0.3,A-0.3,build_opus_synthetic_programme_v0_3.py@0.3,20260812,True,b24f800b6123ff06229f939cb5c60a0c9843ffe144677fc4fdef41530e8d048f
PRJ-DCT,PRJ-DCT-CE-01,PRJ-DCT-CE-09,0.04,SYNTHETIC_RESEARCH_FIXTURE,OG-SYNTH-0.3,A-0.3,build_opus_synthetic_programme_v0_3.py@0.3,20260812,True,87b509053b8f62405889ab11863ea74ef127f666a208be1e700065bd21c8191d
PRJ-DCT,PRJ-DCT-CE-01,PRJ-DCT-CE-10,0.04,SYNTHETIC_RESEARCH_FIXTURE,OG-SYNTH-0.3,A-0.3,build_opus_synthetic_programme_v0_3.py@0.3,20260812,True,814b12ecf31dba4cf9cbd5853a780d8a17bbd013b9a119353441d6af673e4a8d
PRJ-DCT,PRJ-DCT-CE-02,PRJ-DCT-CE-01,0.25,SYNTHETIC_RESEARCH_FIXTURE,OG-SYNTH-0.3,A-0.3,build_opus_synthetic_programme_v0_3.py@0.3,20260812,True,15945ae5eef6cb7f656ab40ca979426462261735d4f0cac624aab34111a67f41
PRJ-DCT,PRJ-DCT-CE-02,PRJ-DCT-CE-02,1.0,SYNTHETIC_RESEARCH_FIXTURE,OG-SYNTH-0.3,A-0.3,build_opus_synthetic_programme_v0_3.py@0.3,20260812,True,d2af2abbba39dd9939600e03a4910fc6f8d3489358be97dce9cdd32446c08594
PRJ-DCT,PRJ-DCT-CE-02,PRJ-DCT-CE-03,0.25,SYNTHETIC_RESEARCH_FIXTURE,OG-SYNTH-0.3,A-0.3,build_opus_synthetic_programme_v0_3.py@0.3,20260812,True,321c5c90d251f55c0164940df64b435b63d7b4d2d5bc51981ebffd203f32c504
PRJ-DCT,PRJ-DCT-CE-02,PRJ-DCT-CE-04,0.04,SYNTHETIC_RESEARCH_FIXTURE,OG-SYNTH-0.3,A-0.3,build_opus_synthetic_programme_v0_3.py@0.3,20260812,True,30d55b98a032a0fcd2688f8583f47235ae85cdad0b26c46c2b4438a4ed04135b
PRJ-DCT,PRJ-DCT-CE-02,PRJ-DCT-CE-05,0.04,SYNTHETIC_RESEARCH_FIXTURE,OG-SYNTH-0.3,A-0.3,build_opus_synthetic_programme_v0_3.py@0.3,20260812,True,8ba15ffb8afac73c4d29f911a687d02e851c578efd1d86fa9cc1f7043e55f565
PRJ-DCT,PRJ-DCT-CE-02,PRJ-DCT-CE-06,0.04,SYNTHETIC_RESEARCH_FIXTURE,OG-SYNTH-0.3,A-0.3,build_opus_synthetic_programme_v0_3.py@0.3,20260812,True,7e7ae5a706ac10ed0b3b38a487500eca030660594c7bec62ecd4e208a0350d74
PRJ-DCT,PRJ-DCT-CE-02,PRJ-DCT-CE-07,0.04,SYNTHETIC_RESEARCH_FIXTURE,OG-SYNTH-0.3,A-0.3,build_opus_synthetic_programme_v0_3.py@0.3,20260812,True,eec21df5fd4cdd104b64abf7e37da14ae4473a84543c896af9ee0ba4ee015841
PRJ-DCT,PRJ-DCT-CE-02,PRJ-DCT-CE-08,0.04,SYNTHETIC_RESEARCH_FIXTURE,OG-SYNTH-0.3,A-0.3,build_opus_synthetic_programme_v0_3.py@0.3,20260812,True,653567dc6746b02edf97c29d1cd5c7709c6067c101fa050051f31bbdb3eba009
PRJ-DCT,PRJ-DCT-CE-02,PRJ-DCT-CE-09,0.04,SYNTHETIC_RESEARCH_FIXTURE,OG-SYNTH-0.3,A-0.3,build_opus_synthetic_programme_v0_3.py@0.3,20260812,True,8d2c7865396acb99c1f54a65cd8a0dbec97d4b221cbf37fc4f019e7ba739c54b
PRJ-DCT,PRJ-DCT-CE-02,PRJ-DCT-CE-10,0.04,SYNTHETIC_RESEARCH_FIXTURE,OG-SYNTH-0.3,A-0.3,build_opus_synthetic_programme_v0_3.py@0.3,20260812,True,fc64a6abbe44e2768f5286c7706c91e50b3a7de4c997b067a09a9876e7a3dc49
PRJ-DCT,PRJ-DCT-CE-03,PRJ-DCT-CE-01,0.25,SYNTHETIC_RESEARCH_FIXTURE,OG-SYNTH-0.3,A-0.3,build_opus_synthetic_programme_v0_3.py@0.3,20260812,True,e2d1f679eb488560ddb86792010a75b24f43e85a11959cbf88b59b844e45975a
PRJ-DCT,PRJ-DCT-CE-03,PRJ-DCT-CE-02,0.25,SYNTHETIC_RESEARCH_FIXTURE,OG-SYNTH-0.3,A-0.3,build_opus_synthetic_programme_v0_3.py@0.3,20260812,True,2e4b4956dd388ffd6f3933a5a22f91fced492e8bb9bd78e34202e3e4ca9e4be2
PRJ-DCT,PRJ-DCT-CE-03,PRJ-DCT-CE-03,1.0,SYNTHETIC_RESEARCH_FIXTURE,OG-SYNTH-0.3,A-0.3,build_opus_synthetic_programme_v0_3.py@0.3,20260812,True,7f3ad07e91438fc9ad8272e77e59851f60012d07093821d168958539b3061f89
PRJ-DCT,PRJ-DCT-CE-03,PRJ-DCT-CE-04,0.04,SYNTHETIC_RESEARCH_FIXTURE,OG-SYNTH-0.3,A-0.3,build_opus_synthetic_programme_v0_3.py@0.3,20260812,True,218bd51530415c47dd909a203e1691f942863b4be9b985dcde49204cf796ac22
PRJ-DCT,PRJ-DCT-CE-03,PRJ-DCT-CE-05,0.04,SYNTHETIC_RESEARCH_FIXTURE,OG-SYNTH-0.3,A-0.3,build_opus_synthetic_programme_v0_3.py@0.3,20260812,True,ccd7e674a2b6d3c0aaa51b24b14ce125fc2dec458d9fdff32c5e9314dd35af21
PRJ-DCT,PRJ-DCT-CE-03,PRJ-DCT-CE-06,0.04,SYNTHETIC_RESEARCH_FIXTURE,OG-SYNTH-0.3,A-0.3,build_opus_synthetic_programme_v0_3.py@0.3,20260812,True,132dac9bbeceaf42e7e254479cc0b401b57260f34a8f1af36bbb53028ad39a5b
PRJ-DCT,PRJ-DCT-CE-03,PRJ-DCT-CE-07,0.04,SYNTHETIC_RESEARCH_FIXTURE,OG-SYNTH-0.3,A-0.3,build_opus_synthetic_programme_v0_3.py@0.3,20260812,True,970637e72ba1c80bd1054cc4060b5be25f761ebb9ed57b94717b43c56808abc5
PRJ-DCT,PRJ-DCT-CE-03,PRJ-DCT-CE-08,0.04,SYNTHETIC_RESEARCH_FIXTURE,OG-SYNTH-0.3,A-0.3,build_opus_synthetic_programme_v0_3.py@0.3,20260812,True,3198a92e0fb57a281ff3fb08eec22af6f42182983cc273dfecda6214a493e859
PRJ-DCT,PRJ-DCT-CE-03,PRJ-DCT-CE-09,0.04,SYNTHETIC_RESEARCH_FIXTURE,OG-SYNTH-0.3,A-0.3,build_opus_synthetic_programme_v0_3.py@0.3,20260812,True,f504b4e445530c22a20bcb7f84cea9fbe110387c5ecf7df54c3049994fbd1d49
PRJ-DCT,PRJ-DCT-CE-03,PRJ-DCT-CE-10,0.04,SYNTHETIC_RESEARCH_FIXTURE,OG-SYNTH-0.3,A-0.3,build_opus_synthetic_programme_v0_3.py@0.3,20260812,True,6af92a16d218216a319512aafb20e98e7faf359de710eedec1136c39677c991b
PRJ-DCT,PRJ-DCT-CE-04,PRJ-DCT-CE-01,0.04,SYNTHETIC_RESEARCH_FIXTURE,OG-SYNTH-0.3,A-0.3,build_opus_synthetic_programme_v0_3.py@0.3,20260812,True,32657f15c80eba2664cc05de65fc2d2faf9161c98b921aa8fbc990e0660ae072
PRJ-DCT,PRJ-DCT-CE-04,PRJ-DCT-CE-02,0.04,SYNTHETIC_RESEARCH_FIXTURE,OG-SYNTH-0.3,A-0.3,build_opus_synthetic_programme_v0_3.py@0.3,20260812,True,951ae9e1da2fdaf7b8bd7262e8620b7f5ccebf8a59e0b75b951ac07ece15ea99
PRJ-DCT,PRJ-DCT-CE-04,PRJ-DCT-CE-03,0.04,SYNTHETIC_RESEARCH_FIXTURE,OG-SYNTH-0.3,A-0.3,build_opus_synthetic_programme_v0_3.py@0.3,20260812,True,aa60cff82fce1df115c4580093bb24ab9c49217e98b70a20e778cae81c4a2ac7
PRJ-DCT,PRJ-DCT-CE-04,PRJ-DCT-CE-04,1.0,SYNTHETIC_RESEARCH_FIXTURE,OG-SYNTH-0.3,A-0.3,build_opus_synthetic_programme_v0_3.py@0.3,20260812,True,b4f70eb3456eac1860ba67bda053c928b4b06a3c3e409466fcc78aa0c5697396
PRJ-DCT,PRJ-DCT-CE-04,PRJ-DCT-CE-05,0.25,SYNTHETIC_RESEARCH_FIXTURE,OG-SYNTH-0.3,A-0.3,build_opus_synthetic_programme_v0_3.py@0.3,20260812,True,ed12bfab054a30f9cf66afa4d80ca668dfdf82394ae55d7632aaff83d39ca011
PRJ-DCT,PRJ-DCT-CE-04,PRJ-DCT-CE-06,0.25,SYNTHETIC_RESEARCH_FIXTURE,OG-SYNTH-0.3,A-0.3,build_opus_synthetic_programme_v0_3.py@0.3,20260812,True,98b9e71bbde03ab0dba0a208cb4a97efeac0762cff0f2b196afe9f22d91cfda2
PRJ-DCT,PRJ-DCT-CE-04,PRJ-DCT-CE-07,0.04,SYNTHETIC_RESEARCH_FIXTURE,OG-SYNTH-0.3,A-0.3,build_opus_synthetic_programme_v0_3.py@0.3,20260812,True,e061a81182154210fd122bef99ebb03ad69ff539e0b70f0b580d6ac904d99f82
PRJ-DCT,PRJ-DCT-CE-04,PRJ-DCT-CE-08,0.04,SYNTHETIC_RESEARCH_FIXTURE,OG-SYNTH-0.3,A-0.3,build_opus_synthetic_programme_v0_3.py@0.3,20260812,True,27499c9bb1f520794ce770cc14c4b8649a92ec84f6e06428567ef0f03716d1a2
PRJ-DCT,PRJ-DCT-CE-04,PRJ-DCT-CE-09,0.04,SYNTHETIC_RESEARCH_FIXTURE,OG-SYNTH-0.3,A-0.3,build_opus_synthetic_programme_v0_3.py@0.3,20260812,True,c7a4d221cdb73fda2feb93423181248a2ea931f5549aa411497b910b82a7d87e
PRJ-DCT,PRJ-DCT-CE-04,PRJ-DCT-CE-10,0.04,SYNTHETIC_RESEARCH_FIXTURE,OG-SYNTH-0.3,A-0.3,build_opus_synthetic_programme_v0_3.py@0.3,20260812,True,b176c9cade427a66a83bb2f741393fbd3ea84d2100ef8822641c8a54abc79a5b
PRJ-DCT,PRJ-DCT-CE-05,PRJ-DCT-CE-01,0.04,SYNTHETIC_RESEARCH_FIXTURE,OG-SYNTH-0.3,A-0.3,build_opus_synthetic_programme_v0_3.py@0.3,20260812,True,12f2a22abd6d0ea9905318e2bed7efaad005d9846f12b781eb640c58cdc2bcba
PRJ-DCT,PRJ-DCT-CE-05,PRJ-DCT-CE-02,0.04,SYNTHETIC_RESEARCH_FIXTURE,OG-SYNTH-0.3,A-0.3,build_opus_synthetic_programme_v0_3.py@0.3,20260812,True,5affb6388d9fbc679001cc3a4059233a7e885ceefdf448bfcfbc63b9b196ed42
PRJ-DCT,PRJ-DCT-CE-05,PRJ-DCT-CE-03,0.04,SYNTHETIC_RESEARCH_FIXTURE,OG-SYNTH-0.3,A-0.3,build_opus_synthetic_programme_v0_3.py@0.3,20260812,True,4b767a78dec52e17a2b511641c9c60d89ea7ddbe958e7957df71e13487e7084f
PRJ-DCT,PRJ-DCT-CE-05,PRJ-DCT-CE-04,0.25,SYNTHETIC_RESEARCH_FIXTURE,OG-SYNTH-0.3,A-0.3,build_opus_synthetic_programme_v0_3.py@0.3,20260812,True,8939f0ac67379532f03b043a1d765285ae0e06e9992dff1500d97ba9e7699935
PRJ-DCT,PRJ-DCT-CE-05,PRJ-DCT-CE-05,1.0,SYNTHETIC_RESEARCH_FIXTURE,OG-SYNTH-0.3,A-0.3,build_opus_synthetic_programme_v0_3.py@0.3,20260812,True,ff67faf25f5bc51f24322d414826f023a50f92b4f702bce92805e966824eab77
PRJ-DCT,PRJ-DCT-CE-05,PRJ-DCT-CE-06,0.25,SYNTHETIC_RESEARCH_FIXTURE,OG-SYNTH-0.3,A-0.3,build_opus_synthetic_programme_v0_3.py@0.3,20260812,True,5eedf162e0b9fb6733d7235701ff5487919c068e98c7bad68a8f5d6f6b354d5d
PRJ-DCT,PRJ-DCT-CE-05,PRJ-DCT-CE-07,0.04,SYNTHETIC_RESEARCH_FIXTURE,OG-SYNTH-0.3,A-0.3,build_opus_synthetic_programme_v0_3.py@0.3,20260812,True,61978f3689c29d36aa7dbed8850bbf99f58f7489c12a5afcb5628af6caafd9c1
PRJ-DCT,PRJ-DCT-CE-05,PRJ-DCT-CE-08,0.04,SYNTHETIC_RESEARCH_FIXTURE,OG-SYNTH-0.3,A-0.3,build_opus_synthetic_programme_v0_3.py@0.3,20260812,True,d19a57e9373c79716bb417652a62125d968c6df5f29768e563e0e3512b06b807
PRJ-DCT,PRJ-DCT-CE-05,PRJ-DCT-CE-09,0.04,SYNTHETIC_RESEARCH_FIXTURE,OG-SYNTH-0.3,A-0.3,build_opus_synthetic_programme_v0_3.py@0.3,20260812,True,5bacbf121f8daf3724f0c8a996d2bbe828e17b881e120827e8fe08f315fa20bd
PRJ-DCT,PRJ-DCT-CE-05,PRJ-DCT-CE-10,0.04,SYNTHETIC_RESEARCH_FIXTURE,OG-SYNTH-0.3,A-0.3,build_opus_synthetic_programme_v0_3.py@0.3,20260812,True,ba3a6cd283556e57d8abb8f83856638a4a26f0e6789162fd66e49a6aebd5c4d6
PRJ-DCT,PRJ-DCT-CE-06,PRJ-DCT-CE-01,0.04,SYNTHETIC_RESEARCH_FIXTURE,OG-SYNTH-0.3,A-0.3,build_opus_synthetic_programme_v0_3.py@0.3,20260812,True,31fb49c66c8f631887b22f08a24eb25a0926f07dbaef0dc4c685bd5556277d5a
PRJ-DCT,PRJ-DCT-CE-06,PRJ-DCT-CE-02,0.04,SYNTHETIC_RESEARCH_FIXTURE,OG-SYNTH-0.3,A-0.3,build_opus_synthetic_programme_v0_3.py@0.3,20260812,True,67faf596d635de89c23c5f1c0dd1d4e6baa943046de6df653157b6ea1ae78751
PRJ-DCT,PRJ-DCT-CE-06,PRJ-DCT-CE-03,0.04,SYNTHETIC_RESEARCH_FIXTURE,OG-SYNTH-0.3,A-0.3,build_opus_synthetic_programme_v0_3.py@0.3,20260812,True,b1b073bb3a355a862832fc4fe1cdaff783e2433d19ecc90d4d6403f092ff64b6
PRJ-DCT,PRJ-DCT-CE-06,PRJ-DCT-CE-04,0.25,SYNTHETIC_RESEARCH_FIXTURE,OG-SYNTH-0.3,A-0.3,build_opus_synthetic_programme_v0_3.py@0.3,20260812,True,c349446204476fe5b03ab0e9fcc8e5521e569a5bbe6c0c997e53a2ab02b91a95
PRJ-DCT,PRJ-DCT-CE-06,PRJ-DCT-CE-05,0.25,SYNTHETIC_RESEARCH_FIXTURE,OG-SYNTH-0.3,A-0.3,build_opus_synthetic_programme_v0_3.py@0.3,20260812,True,f85191a1faa09cfb35d54a1d65e8fee1046d846dc2b5c673f48ac13b7a0895e2
PRJ-DCT,PRJ-DCT-CE-06,PRJ-DCT-CE-06,1.0,SYNTHETIC_RESEARCH_FIXTURE,OG-SYNTH-0.3,A-0.3,build_opus_synthetic_programme_v0_3.py@0.3,20260812,True,96be7d4fd7216471938b6b345b2f3a17f806e0f38aec78de09cc62352f713e63
PRJ-DCT,PRJ-DCT-CE-06,PRJ-DCT-CE-07,0.04,SYNTHETIC_RESEARCH_FIXTURE,OG-SYNTH-0.3,A-0.3,build_opus_synthetic_programme_v0_3.py@0.3,20260812,True,cd2ef45708ca7a38aff7df66e8c6181dafd4802e1056a0f89a9948ffe43c8542
PRJ-DCT,PRJ-DCT-CE-06,PRJ-DCT-CE-08,0.04,SYNTHETIC_RESEARCH_FIXTURE,OG-SYNTH-0.3,A-0.3,build_opus_synthetic_programme_v0_3.py@0.3,20260812,True,787023a215e5f43b0bc80bfaec81c9ad91e5eba3b1f2a76ee4998076ec2f5c74
PRJ-DCT,PRJ-DCT-CE-06,PRJ-DCT-CE-09,0.04,SYNTHETIC_RESEARCH_FIXTURE,OG-SYNTH-0.3,A-0.3,build_opus_synthetic_programme_v0_3.py@0.3,20260812,True,2b6768e83c70456f70cb1d3fba38033f6c4ad327aa8ac8bbf77d9b2f1000ef78
PRJ-DCT,PRJ-DCT-CE-06,PRJ-DCT-CE-10,0.04,SYNTHETIC_RESEARCH_FIXTURE,OG-SYNTH-0.3,A-0.3,build_opus_synthetic_programme_v0_3.py@0.3,20260812,True,f67409922a25f793faf1d869a75be84d9690fc6e29358654ff6870cffc65c66e
PRJ-DCT,PRJ-DCT-CE-07,PRJ-DCT-CE-01,0.04,SYNTHETIC_RESEARCH_FIXTURE,OG-SYNTH-0.3,A-0.3,build_opus_synthetic_programme_v0_3.py@0.3,20260812,True,d95a0d8eb56f9f9a81b00384dc3cd1fc9a82cc2dbe0aa8528539f92d408a10df
PRJ-DCT,PRJ-DCT-CE-07,PRJ-DCT-CE-02,0.04,SYNTHETIC_RESEARCH_FIXTURE,OG-SYNTH-0.3,A-0.3,build_opus_synthetic_programme_v0_3.py@0.3,20260812,True,a2b57d1d10f78684fdaad5b47054ca68d6060cf5ac4a415bcf06c0d10036b3f9
PRJ-DCT,PRJ-DCT-CE-07,PRJ-DCT-CE-03,0.04,SYNTHETIC_RESEARCH_FIXTURE,OG-SYNTH-0.3,A-0.3,build_opus_synthetic_programme_v0_3.py@0.3,20260812,True,13bf92d86d0af43d6319b269dc5e9e5db2aea33406409558cc530510a5ce38e0
PRJ-DCT,PRJ-DCT-CE-07,PRJ-DCT-CE-04,0.04,SYNTHETIC_RESEARCH_FIXTURE,OG-SYNTH-0.3,A-0.3,build_opus_synthetic_programme_v0_3.py@0.3,20260812,True,34bccdb385a662dd543931fbde9da0e44cb9acc28c083ef9175f84544dc12b53
PRJ-DCT,PRJ-DCT-CE-07,PRJ-DCT-CE-05,0.04,SYNTHETIC_RESEARCH_FIXTURE,OG-SYNTH-0.3,A-0.3,build_opus_synthetic_programme_v0_3.py@0.3,20260812,True,299d6248dd15f27ab9ee9c13e6b369fe73fc6fcc7f232fa053bab1c382665d9d
PRJ-DCT,PRJ-DCT-CE-07,PRJ-DCT-CE-06,0.04,SYNTHETIC_RESEARCH_FIXTURE,OG-SYNTH-0.3,A-0.3,build_opus_synthetic_programme_v0_3.py@0.3,20260812,True,59843226916c32ee36610f08122741229a8238f287f9b00a367eba98f5283b76
PRJ-DCT,PRJ-DCT-CE-07,PRJ-DCT-CE-07,1.0,SYNTHETIC_RESEARCH_FIXTURE,OG-SYNTH-0.3,A-0.3,build_opus_synthetic_programme_v0_3.py@0.3,20260812,True,a99305ba981f248145b1288ed3938e881ff8097d2e8b2e1eb681ce4475416cca
PRJ-DCT,PRJ-DCT-CE-07,PRJ-DCT-CE-08,0.25,SYNTHETIC_RESEARCH_FIXTURE,OG-SYNTH-0.3,A-0.3,build_opus_synthetic_programme_v0_3.py@0.3,20260812,True,e83e2916526ba91b155a1c0951cace3cb541bf588474aefb6ebdc01999f56198
PRJ-DCT,PRJ-DCT-CE-07,PRJ-DCT-CE-09,0.25,SYNTHETIC_RESEARCH_FIXTURE,OG-SYNTH-0.3,A-0.3,build_opus_synthetic_programme_v0_3.py@0.3,20260812,True,973b657971f21592a6f52c57b87903b3542b3246da5fe93855404d75bc67ae89
PRJ-DCT,PRJ-DCT-CE-07,PRJ-DCT-CE-10,0.04,SYNTHETIC_RESEARCH_FIXTURE,OG-SYNTH-0.3,A-0.3,build_opus_synthetic_programme_v0_3.py@0.3,20260812,True,37221b487dd4ea7ab58f223f18d50c510ec1643c80cd3e689dfa91447268b176
PRJ-DCT,PRJ-DCT-CE-08,PRJ-DCT-CE-01,0.04,SYNTHETIC_RESEARCH_FIXTURE,OG-SYNTH-0.3,A-0.3,build_opus_synthetic_programme_v0_3.py@0.3,20260812,True,92d6511e611c7bea92d1835161b218bd8f026afc1733f8c0cf456baa945dc40c
PRJ-DCT,PRJ-DCT-CE-08,PRJ-DCT-CE-02,0.04,SYNTHETIC_RESEARCH_FIXTURE,OG-SYNTH-0.3,A-0.3,build_opus_synthetic_programme_v0_3.py@0.3,20260812,True,33de3944ed577910aae99f525bb3581b1d7695533b7c308aab4cd8dbf8997349
PRJ-DCT,PRJ-DCT-CE-08,PRJ-DCT-CE-03,0.04,SYNTHETIC_RESEARCH_FIXTURE,OG-SYNTH-0.3,A-0.3,build_opus_synthetic_programme_v0_3.py@0.3,20260812,True,67f88501e08d0e2b54b5ad785f30a172de3ac0999d5169ab14c5cbfda5efd0a1
PRJ-DCT,PRJ-DCT-CE-08,PRJ-DCT-CE-04,0.04,SYNTHETIC_RESEARCH_FIXTURE,OG-SYNTH-0.3,A-0.3,build_opus_synthetic_programme_v0_3.py@0.3,20260812,True,91e3a1c08a104ab8f4044f5ded580427db86244619a4a2263cc476d95a7822a4
PRJ-DCT,PRJ-DCT-CE-08,PRJ-DCT-CE-05,0.04,SYNTHETIC_RESEARCH_FIXTURE,OG-SYNTH-0.3,A-0.3,build_opus_synthetic_programme_v0_3.py@0.3,20260812,True,8777ab4ad14d1cdf070f0a7383d4d1c8838bf1e9e66294f79f94d65367c8ce33
PRJ-DCT,PRJ-DCT-CE-08,PRJ-DCT-CE-06,0.04,SYNTHETIC_RESEARCH_FIXTURE,OG-SYNTH-0.3,A-0.3,build_opus_synthetic_programme_v0_3.py@0.3,20260812,True,8dcbe3c921a6c66245734640043aab3bf101a5c7e8fe1260dd2c51451151c813
PRJ-DCT,PRJ-DCT-CE-08,PRJ-DCT-CE-07,0.25,SYNTHETIC_RESEARCH_FIXTURE,OG-SYNTH-0.3,A-0.3,build_opus_synthetic_programme_v0_3.py@0.3,20260812,True,7ad296bd2e4368f61fa48819206bef4e0db871b24950f8efb986db7692c2d830
PRJ-DCT,PRJ-DCT-CE-08,PRJ-DCT-CE-08,1.0,SYNTHETIC_RESEARCH_FIXTURE,OG-SYNTH-0.3,A-0.3,build_opus_synthetic_programme_v0_3.py@0.3,20260812,True,ee3b32c4859774f359c78584f07944cc4a494b80a06821f8857fb99f154fec3b
PRJ-DCT,PRJ-DCT-CE-08,PRJ-DCT-CE-09,0.25,SYNTHETIC_RESEARCH_FIXTURE,OG-SYNTH-0.3,A-0.3,build_opus_synthetic_programme_v0_3.py@0.3,20260812,True,89320ed65890f43a091abcabccee0d0e9f99fdb034f653464a50d90daa22e25c
PRJ-DCT,PRJ-DCT-CE-08,PRJ-DCT-CE-10,0.04,SYNTHETIC_RESEARCH_FIXTURE,OG-SYNTH-0.3,A-0.3,build_opus_synthetic_programme_v0_3.py@0.3,20260812,True,591bd1290993106a95fd67db5ea23233150da56965d4c15616e2f4b5cea06f1e
PRJ-DCT,PRJ-DCT-CE-09,PRJ-DCT-CE-01,0.04,SYNTHETIC_RESEARCH_FIXTURE,OG-SYNTH-0.3,A-0.3,build_opus_synthetic_programme_v0_3.py@0.3,20260812,True,2368aa05eb1382d8ea6c194cbabf419a3002e0bcac4b4a0ec3c11e9a09d2b752
PRJ-DCT,PRJ-DCT-CE-09,PRJ-DCT-CE-02,0.04,SYNTHETIC_RESEARCH_FIXTURE,OG-SYNTH-0.3,A-0.3,build_opus_synthetic_programme_v0_3.py@0.3,20260812,True,8a55c221e7951802e8b4e945d153591610521f8bb11964aca40a1af6588ac3d5
PRJ-DCT,PRJ-DCT-CE-09,PRJ-DCT-CE-03,0.04,SYNTHETIC_RESEARCH_FIXTURE,OG-SYNTH-0.3,A-0.3,build_opus_synthetic_programme_v0_3.py@0.3,20260812,True,f7c764399dd74e6631115991dff9349b53e714bb3d5c2efb26e90920332338b6
PRJ-DCT,PRJ-DCT-CE-09,PRJ-DCT-CE-04,0.04,SYNTHETIC_RESEARCH_FIXTURE,OG-SYNTH-0.3,A-0.3,build_opus_synthetic_programme_v0_3.py@0.3,20260812,True,fee11389508bff784fa93ea5d4910d7da0cc3319193cd951e85982bc76fffb97
PRJ-DCT,PRJ-DCT-CE-09,PRJ-DCT-CE-05,0.04,SYNTHETIC_RESEARCH_FIXTURE,OG-SYNTH-0.3,A-0.3,build_opus_synthetic_programme_v0_3.py@0.3,20260812,True,4a27620c5e2edb19447debe991e669261ee3f54add7af3201f181c103e2ca29d
PRJ-DCT,PRJ-DCT-CE-09,PRJ-DCT-CE-06,0.04,SYNTHETIC_RESEARCH_FIXTURE,OG-SYNTH-0.3,A-0.3,build_opus_synthetic_programme_v0_3.py@0.3,20260812,True,897af3e5770f2633dcbc317f1a7702eb7a468064aae28ea3a2c84cb1ebe9a2ac
PRJ-DCT,PRJ-DCT-CE-09,PRJ-DCT-CE-07,0.25,SYNTHETIC_RESEARCH_FIXTURE,OG-SYNTH-0.3,A-0.3,build_opus_synthetic_programme_v0_3.py@0.3,20260812,True,f61308a2a6427f62c2103937c385be39657c2415107042de3928057cd52f3fe8
PRJ-DCT,PRJ-DCT-CE-09,PRJ-DCT-CE-08,0.25,SYNTHETIC_RESEARCH_FIXTURE,OG-SYNTH-0.3,A-0.3,build_opus_synthetic_programme_v0_3.py@0.3,20260812,True,81057374136d8dd6a87d484082ce3463972dce5adcfa93f92930de2b92f21731
PRJ-DCT,PRJ-DCT-CE-09,PRJ-DCT-CE-09,1.0,SYNTHETIC_RESEARCH_FIXTURE,OG-SYNTH-0.3,A-0.3,build_opus_synthetic_programme_v0_3.py@0.3,20260812,True,12a60086dfa68c66f757bc764b296b2bafa0928a1f7330af1d672afee5389ed0
PRJ-DCT,PRJ-DCT-CE-09,PRJ-DCT-CE-10,0.04,SYNTHETIC_RESEARCH_FIXTURE,OG-SYNTH-0.3,A-0.3,build_opus_synthetic_programme_v0_3.py@0.3,20260812,True,94b80843cee5030c5d104277ee5cde36b1257f127e7b7f12cf8e70f36c7fcd8e
PRJ-DCT,PRJ-DCT-CE-10,PRJ-DCT-CE-01,0.04,SYNTHETIC_RESEARCH_FIXTURE,OG-SYNTH-0.3,A-0.3,build_opus_synthetic_programme_v0_3.py@0.3,20260812,True,edc3f6510a092601b6d39b9df0919acc34ba68c8dc43acfb91ca44523d7d70e1
PRJ-DCT,PRJ-DCT-CE-10,PRJ-DCT-CE-02,0.04,SYNTHETIC_RESEARCH_FIXTURE,OG-SYNTH-0.3,A-0.3,build_opus_synthetic_programme_v0_3.py@0.3,20260812,True,6816b30909a83dd15c75bcca843b95f28430b56f69f9890e2ecfac845480fb99
PRJ-DCT,PRJ-DCT-CE-10,PRJ-DCT-CE-03,0.04,SYNTHETIC_RESEARCH_FIXTURE,OG-SYNTH-0.3,A-0.3,build_opus_synthetic_programme_v0_3.py@0.3,20260812,True,3b55af6530c6fa9d608774612fb24e4f6f41ee3106149049c26ba1dffa59b43f
PRJ-DCT,PRJ-DCT-CE-10,PRJ-DCT-CE-04,0.04,SYNTHETIC_RESEARCH_FIXTURE,OG-SYNTH-0.3,A-0.3,build_opus_synthetic_programme_v0_3.py@0.3,20260812,True,762156bcf4c519e808a37c390fc2e8986f796fbea5e9a871fae61283382ec58d
PRJ-DCT,PRJ-DCT-CE-10,PRJ-DCT-CE-05,0.04,SYNTHETIC_RESEARCH_FIXTURE,OG-SYNTH-0.3,A-0.3,build_opus_synthetic_programme_v0_3.py@0.3,20260812,True,e720b0f372966c051e05a84ba5c26d46717f9496cb740760eea73356c510287b
PRJ-DCT,PRJ-DCT-CE-10,PRJ-DCT-CE-06,0.04,SYNTHETIC_RESEARCH_FIXTURE,OG-SYNTH-0.3,A-0.3,build_opus_synthetic_programme_v0_3.py@0.3,20260812,True,6a84023e1f28879c4c0e6505f2a61f8eb1cd4f3343d1e66ba5a3455a9f533ccd
PRJ-DCT,PRJ-DCT-CE-10,PRJ-DCT-CE-07,0.04,SYNTHETIC_RESEARCH_FIXTURE,OG-SYNTH-0.3,A-0.3,build_opus_synthetic_programme_v0_3.py@0.3,20260812,True,130058ddd4f0b26b5a5372c5f07d857da368ca3e50b183adb1c2a1f5fdad34a9
PRJ-DCT,PRJ-DCT-CE-10,PRJ-DCT-CE-08,0.04,SYNTHETIC_RESEARCH_FIXTURE,OG-SYNTH-0.3,A-0.3,build_opus_synthetic_programme_v0_3.py@0.3,20260812,True,c7e990ca187d06893e205602eaac78b95a8b1e7854ebb1d220ebd91631afe3d2
PRJ-DCT,PRJ-DCT-CE-10,PRJ-DCT-CE-09,0.04,SYNTHETIC_RESEARCH_FIXTURE,OG-SYNTH-0.3,A-0.3,build_opus_synthetic_programme_v0_3.py@0.3,20260812,True,b441196252ac9a5b58d9a01f881fd77684ec65f29866c2165500e40627353123
PRJ-DCT,PRJ-DCT-CE-10,PRJ-DCT-CE-10,1.0,SYNTHETIC_RESEARCH_FIXTURE,OG-SYNTH-0.3,A-0.3,build_opus_synthetic_programme_v0_3.py@0.3,20260812,True,7e8179bed7193d27685188ee2f3dd22c637cdb2bf813f93a338d0e9d3980c367
