project_id,entity_id,event_id,event_type,queue_id,resource_id,event_arrival_day,event_start_day,event_end_day,wait_days,service_duration_days,routing_rule,data_origin,programme_version,package_version,generator_version,random_seed,not_for_empirical_validation,record_hash
PRJ-AIR,PRJ-AIR-ITEM-001,PRJ-AIR-ITEM-001-REVIEW,REVIEW,Q-REVIEW,REVIEW-SERVER-1,6.074264,6.074264,8.991355,0.0,2.91709,SEQUENTIAL_PIPELINE,SYNTHETIC_RESEARCH_FIXTURE,OG-SYNTH-0.3,A-0.3,build_opus_synthetic_programme_v0_3.py@0.3,20260812,True,1fa8b799bad68c1cd09c5c440fed414b305dbcb482c0ec3ee66e2e78181432db
PRJ-AIR,PRJ-AIR-ITEM-001,PRJ-AIR-ITEM-001-FABRICATION,FABRICATION,Q-FABRICATION,FABRICATION-SERVER-1,8.991355,8.991355,26.3211,0.0,17.329746,SEQUENTIAL_PIPELINE,SYNTHETIC_RESEARCH_FIXTURE,OG-SYNTH-0.3,A-0.3,build_opus_synthetic_programme_v0_3.py@0.3,20260812,True,d5b7040f6c588ed0ea1ce208f18e98bd53961a62ac05b50618cb83e986ebf23b
PRJ-AIR,PRJ-AIR-ITEM-001,PRJ-AIR-ITEM-001-SHIPPING,SHIPPING,Q-SHIPPING,SHIPPING-SERVER-1,26.3211,26.3211,32.520009,0.0,6.198908,SEQUENTIAL_PIPELINE,SYNTHETIC_RESEARCH_FIXTURE,OG-SYNTH-0.3,A-0.3,build_opus_synthetic_programme_v0_3.py@0.3,20260812,True,9ea6c0e21edb087a57c17e1d6262c66af172980d4d32c41ba7c4191c9181f2bd
PRJ-AIR,PRJ-AIR-ITEM-001,PRJ-AIR-ITEM-001-DELIVERY,DELIVERY,Q-DELIVERY,DELIVERY-SERVER-1,32.520009,32.520009,33.788172,0.0,1.268164,SEQUENTIAL_PIPELINE,SYNTHETIC_RESEARCH_FIXTURE,OG-SYNTH-0.3,A-0.3,build_opus_synthetic_programme_v0_3.py@0.3,20260812,True,b0a9b7a04151ad2fc0ec0f7fc3e431d433c47dc043a46c12ad5c35087bb3d4fc
PRJ-AIR,PRJ-AIR-ITEM-002,PRJ-AIR-ITEM-002-REVIEW,REVIEW,Q-REVIEW,REVIEW-SERVER-2,5.012644,5.012644,7.93388,0.0,2.921235,SEQUENTIAL_PIPELINE,SYNTHETIC_RESEARCH_FIXTURE,OG-SYNTH-0.3,A-0.3,build_opus_synthetic_programme_v0_3.py@0.3,20260812,True,010c4da54521f42cb9f073c5e783a266ca0e2ef100e75850bb5ca3faadfdd10d
PRJ-AIR,PRJ-AIR-ITEM-002,PRJ-AIR-ITEM-002-FABRICATION,FABRICATION,Q-FABRICATION,FABRICATION-SERVER-2,7.93388,7.93388,20.481802,0.0,12.547922,SEQUENTIAL_PIPELINE,SYNTHETIC_RESEARCH_FIXTURE,OG-SYNTH-0.3,A-0.3,build_opus_synthetic_programme_v0_3.py@0.3,20260812,True,c63e4f9c05ec954b644256d8f4ef169497055a5f77710f7b0c273424be9d946c
PRJ-AIR,PRJ-AIR-ITEM-002,PRJ-AIR-ITEM-002-SHIPPING,SHIPPING,Q-SHIPPING,SHIPPING-SERVER-2,20.481802,20.481802,27.495441,0.0,7.013639,SEQUENTIAL_PIPELINE,SYNTHETIC_RESEARCH_FIXTURE,OG-SYNTH-0.3,A-0.3,build_opus_synthetic_programme_v0_3.py@0.3,20260812,True,c961159077c35db54330f4b83957b8e218d2ea4735f93aba8a7718e1739499bb
PRJ-AIR,PRJ-AIR-ITEM-002,PRJ-AIR-ITEM-002-DELIVERY,DELIVERY,Q-DELIVERY,DELIVERY-SERVER-2,27.495441,27.495441,28.966475,0.0,1.471034,SEQUENTIAL_PIPELINE,SYNTHETIC_RESEARCH_FIXTURE,OG-SYNTH-0.3,A-0.3,build_opus_synthetic_programme_v0_3.py@0.3,20260812,True,4457a2912dcbdb3baed66dc155c966ab2a77fd51a539b035a9841a973d77ad00
PRJ-AIR,PRJ-AIR-ITEM-003,PRJ-AIR-ITEM-003-REVIEW,REVIEW,Q-REVIEW,REVIEW-SERVER-2,9.336677,9.336677,11.208593,0.0,1.871915,SEQUENTIAL_PIPELINE,SYNTHETIC_RESEARCH_FIXTURE,OG-SYNTH-0.3,A-0.3,build_opus_synthetic_programme_v0_3.py@0.3,20260812,True,ade944ac7829f5e9f13e322b21efd77f448202f655b840291382294e002f86b4
PRJ-AIR,PRJ-AIR-ITEM-003,PRJ-AIR-ITEM-003-FABRICATION,FABRICATION,Q-FABRICATION,FABRICATION-SERVER-3,11.208593,11.208593,24.254837,0.0,13.046245,SEQUENTIAL_PIPELINE,SYNTHETIC_RESEARCH_FIXTURE,OG-SYNTH-0.3,A-0.3,build_opus_synthetic_programme_v0_3.py@0.3,20260812,True,bea4a9a29771a1032bdfaea131a585f025789b86e51d770efbdbc26f098474f4
PRJ-AIR,PRJ-AIR-ITEM-003,PRJ-AIR-ITEM-003-SHIPPING,SHIPPING,Q-SHIPPING,SHIPPING-SERVER-2,24.254837,27.495441,31.289955,3.240603,3.794514,SEQUENTIAL_PIPELINE,SYNTHETIC_RESEARCH_FIXTURE,OG-SYNTH-0.3,A-0.3,build_opus_synthetic_programme_v0_3.py@0.3,20260812,True,42ffd18cf6e1c41741904f417740b3e4ab12499ccd0aab9108f7f19a0607a2d7
PRJ-AIR,PRJ-AIR-ITEM-003,PRJ-AIR-ITEM-003-DELIVERY,DELIVERY,Q-DELIVERY,DELIVERY-SERVER-3,31.289955,31.289955,32.681243,0.0,1.391288,SEQUENTIAL_PIPELINE,SYNTHETIC_RESEARCH_FIXTURE,OG-SYNTH-0.3,A-0.3,build_opus_synthetic_programme_v0_3.py@0.3,20260812,True,7c43ee0555e185e83289e3b9af844f39cdc0a19f8ec2446b75423b9dc67a5185
PRJ-AIR,PRJ-AIR-ITEM-004,PRJ-AIR-ITEM-004-REVIEW,REVIEW,Q-REVIEW,REVIEW-SERVER-1,12.506511,12.506511,15.697847,0.0,3.191336,SEQUENTIAL_PIPELINE,SYNTHETIC_RESEARCH_FIXTURE,OG-SYNTH-0.3,A-0.3,build_opus_synthetic_programme_v0_3.py@0.3,20260812,True,4f64a101a16d674f36a8f5cd057e07230f7bbbb37c09dc854d94a1032559d238
PRJ-AIR,PRJ-AIR-ITEM-004,PRJ-AIR-ITEM-004-FABRICATION,FABRICATION,Q-FABRICATION,FABRICATION-SERVER-2,15.697847,20.481802,33.782097,4.783954,13.300295,SEQUENTIAL_PIPELINE,SYNTHETIC_RESEARCH_FIXTURE,OG-SYNTH-0.3,A-0.3,build_opus_synthetic_programme_v0_3.py@0.3,20260812,True,556ffa03c832b70c33c666620784faca166871659231eb8b1119dad49212cd83
PRJ-AIR,PRJ-AIR-ITEM-004,PRJ-AIR-ITEM-004-SHIPPING,SHIPPING,Q-SHIPPING,SHIPPING-SERVER-2,33.782097,33.782097,38.728938,0.0,4.946841,SEQUENTIAL_PIPELINE,SYNTHETIC_RESEARCH_FIXTURE,OG-SYNTH-0.3,A-0.3,build_opus_synthetic_programme_v0_3.py@0.3,20260812,True,81c689b4e074236ee332fa83bb596b6e4f5376291333430eb81eb09590d338a8
PRJ-AIR,PRJ-AIR-ITEM-004,PRJ-AIR-ITEM-004-DELIVERY,DELIVERY,Q-DELIVERY,DELIVERY-SERVER-4,38.728938,38.728938,40.692301,0.0,1.963364,SEQUENTIAL_PIPELINE,SYNTHETIC_RESEARCH_FIXTURE,OG-SYNTH-0.3,A-0.3,build_opus_synthetic_programme_v0_3.py@0.3,20260812,True,5e718f3de63b76fb9a9420cba5bc23d0daf5b52558ffc721f6f2d83a2bbed784
PRJ-AIR,PRJ-AIR-ITEM-005,PRJ-AIR-ITEM-005-REVIEW,REVIEW,Q-REVIEW,REVIEW-SERVER-2,14.418297,14.418297,18.102768,0.0,3.68447,SEQUENTIAL_PIPELINE,SYNTHETIC_RESEARCH_FIXTURE,OG-SYNTH-0.3,A-0.3,build_opus_synthetic_programme_v0_3.py@0.3,20260812,True,7ed6da2a85d4d1c1e2a3a4d7237ed243615e2386009b6de60c809d88ac4d0e30
PRJ-AIR,PRJ-AIR-ITEM-005,PRJ-AIR-ITEM-005-FABRICATION,FABRICATION,Q-FABRICATION,FABRICATION-SERVER-3,18.102768,24.254837,47.805181,6.15207,23.550344,SEQUENTIAL_PIPELINE,SYNTHETIC_RESEARCH_FIXTURE,OG-SYNTH-0.3,A-0.3,build_opus_synthetic_programme_v0_3.py@0.3,20260812,True,30f40a0aa0a078fc6c264e1971145694372164060697c87cab7c450202243815
PRJ-AIR,PRJ-AIR-ITEM-005,PRJ-AIR-ITEM-005-SHIPPING,SHIPPING,Q-SHIPPING,SHIPPING-SERVER-1,47.805181,47.805181,52.922508,0.0,5.117327,SEQUENTIAL_PIPELINE,SYNTHETIC_RESEARCH_FIXTURE,OG-SYNTH-0.3,A-0.3,build_opus_synthetic_programme_v0_3.py@0.3,20260812,True,c77a92cdc59b8d3af4299cc69774a0d518b78e94c9cb0fa01cf24ab8ce035b77
PRJ-AIR,PRJ-AIR-ITEM-005,PRJ-AIR-ITEM-005-DELIVERY,DELIVERY,Q-DELIVERY,DELIVERY-SERVER-2,52.922508,52.922508,54.350777,0.0,1.428269,SEQUENTIAL_PIPELINE,SYNTHETIC_RESEARCH_FIXTURE,OG-SYNTH-0.3,A-0.3,build_opus_synthetic_programme_v0_3.py@0.3,20260812,True,b72a1ec0d7b373fd938b9e60de8cceb52b4cef3eeb6e93dc1cf0d21a466ff434
PRJ-AIR,PRJ-AIR-ITEM-006,PRJ-AIR-ITEM-006-REVIEW,REVIEW,Q-REVIEW,REVIEW-SERVER-1,10.205368,15.697847,18.431168,5.492479,2.733321,SEQUENTIAL_PIPELINE,SYNTHETIC_RESEARCH_FIXTURE,OG-SYNTH-0.3,A-0.3,build_opus_synthetic_programme_v0_3.py@0.3,20260812,True,1fd4d42218c6a17d0fbf9614aded7f843228daabfc0312e798ca154711e160db
PRJ-AIR,PRJ-AIR-ITEM-006,PRJ-AIR-ITEM-006-FABRICATION,FABRICATION,Q-FABRICATION,FABRICATION-SERVER-1,18.431168,26.3211,42.003167,7.889933,15.682067,SEQUENTIAL_PIPELINE,SYNTHETIC_RESEARCH_FIXTURE,OG-SYNTH-0.3,A-0.3,build_opus_synthetic_programme_v0_3.py@0.3,20260812,True,8eac746f92dd8cae4cb7d878888cf362f1cd3157c053c8c376146a079a6b94b5
PRJ-AIR,PRJ-AIR-ITEM-006,PRJ-AIR-ITEM-006-SHIPPING,SHIPPING,Q-SHIPPING,SHIPPING-SERVER-2,42.003167,42.003167,49.675766,0.0,7.672599,SEQUENTIAL_PIPELINE,SYNTHETIC_RESEARCH_FIXTURE,OG-SYNTH-0.3,A-0.3,build_opus_synthetic_programme_v0_3.py@0.3,20260812,True,cebf756be7f407c48060621883e0af468f7eae3f6a161ce49c2f4663b6e8277f
PRJ-AIR,PRJ-AIR-ITEM-006,PRJ-AIR-ITEM-006-DELIVERY,DELIVERY,Q-DELIVERY,DELIVERY-SERVER-3,49.675766,49.675766,51.764252,0.0,2.088486,SEQUENTIAL_PIPELINE,SYNTHETIC_RESEARCH_FIXTURE,OG-SYNTH-0.3,A-0.3,build_opus_synthetic_programme_v0_3.py@0.3,20260812,True,8e2f243d720274599200a3c952830fd96f6c060e77042073b4dcee75a06da6e8
PRJ-AIR,PRJ-AIR-ITEM-007,PRJ-AIR-ITEM-007-REVIEW,REVIEW,Q-REVIEW,REVIEW-SERVER-2,9.533089,18.102768,20.556746,8.569678,2.453978,SEQUENTIAL_PIPELINE,SYNTHETIC_RESEARCH_FIXTURE,OG-SYNTH-0.3,A-0.3,build_opus_synthetic_programme_v0_3.py@0.3,20260812,True,d650e205ab33bec0bea9ab0e0d2978747e0cb9ffb746611af8a1fd5ca0fedecd
PRJ-AIR,PRJ-AIR-ITEM-007,PRJ-AIR-ITEM-007-FABRICATION,FABRICATION,Q-FABRICATION,FABRICATION-SERVER-2,20.556746,33.782097,42.623482,13.225351,8.841385,SEQUENTIAL_PIPELINE,SYNTHETIC_RESEARCH_FIXTURE,OG-SYNTH-0.3,A-0.3,build_opus_synthetic_programme_v0_3.py@0.3,20260812,True,1238b39820acbe976a83a56dd88c135d8e4e568740d5b23d497ca076e932f94f
PRJ-AIR,PRJ-AIR-ITEM-007,PRJ-AIR-ITEM-007-SHIPPING,SHIPPING,Q-SHIPPING,SHIPPING-SERVER-2,42.623482,49.675766,54.365502,7.052284,4.689736,SEQUENTIAL_PIPELINE,SYNTHETIC_RESEARCH_FIXTURE,OG-SYNTH-0.3,A-0.3,build_opus_synthetic_programme_v0_3.py@0.3,20260812,True,d376fe29e5c0a1c94bdd321e8cdce6307f1dc20aad13af9a5d9959e05806bb64
PRJ-AIR,PRJ-AIR-ITEM-007,PRJ-AIR-ITEM-007-DELIVERY,DELIVERY,Q-DELIVERY,DELIVERY-SERVER-1,54.365502,54.365502,55.734715,0.0,1.369213,SEQUENTIAL_PIPELINE,SYNTHETIC_RESEARCH_FIXTURE,OG-SYNTH-0.3,A-0.3,build_opus_synthetic_programme_v0_3.py@0.3,20260812,True,d378533aa051d356a60d842ec0f31811e0e67a60b71a419641cb56f0b1413acd
PRJ-AIR,PRJ-AIR-ITEM-008,PRJ-AIR-ITEM-008-REVIEW,REVIEW,Q-REVIEW,REVIEW-SERVER-1,12.517374,18.431168,22.429191,5.913794,3.998024,SEQUENTIAL_PIPELINE,SYNTHETIC_RESEARCH_FIXTURE,OG-SYNTH-0.3,A-0.3,build_opus_synthetic_programme_v0_3.py@0.3,20260812,True,d100950df40237b6e92c39720adad158575857ff68eebdd071959b35272b7009
PRJ-AIR,PRJ-AIR-ITEM-008,PRJ-AIR-ITEM-008-FABRICATION,FABRICATION,Q-FABRICATION,FABRICATION-SERVER-1,22.429191,42.003167,53.156638,19.573975,11.153471,SEQUENTIAL_PIPELINE,SYNTHETIC_RESEARCH_FIXTURE,OG-SYNTH-0.3,A-0.3,build_opus_synthetic_programme_v0_3.py@0.3,20260812,True,32fe08c74a6fce4234ca8e3ed079f200a32cf636de9aae125497b0a1e40c752f
PRJ-AIR,PRJ-AIR-ITEM-008,PRJ-AIR-ITEM-008-SHIPPING,SHIPPING,Q-SHIPPING,SHIPPING-SERVER-1,53.156638,53.156638,57.942969,0.0,4.786331,SEQUENTIAL_PIPELINE,SYNTHETIC_RESEARCH_FIXTURE,OG-SYNTH-0.3,A-0.3,build_opus_synthetic_programme_v0_3.py@0.3,20260812,True,45c96d120f4bef3885ac28dfa080c9795e7d6899db0558d517d088fa7b58eb7c
PRJ-AIR,PRJ-AIR-ITEM-008,PRJ-AIR-ITEM-008-DELIVERY,DELIVERY,Q-DELIVERY,DELIVERY-SERVER-4,57.942969,57.942969,59.467781,0.0,1.524812,SEQUENTIAL_PIPELINE,SYNTHETIC_RESEARCH_FIXTURE,OG-SYNTH-0.3,A-0.3,build_opus_synthetic_programme_v0_3.py@0.3,20260812,True,574353b67ee5b3ec0b147d61a4325ea307a074ed2e36cae4d817b5c4d87ad672
PRJ-AIR,PRJ-AIR-ITEM-009,PRJ-AIR-ITEM-009-REVIEW,REVIEW,Q-REVIEW,REVIEW-SERVER-2,14.053059,20.556746,22.328429,6.503687,1.771683,SEQUENTIAL_PIPELINE,SYNTHETIC_RESEARCH_FIXTURE,OG-SYNTH-0.3,A-0.3,build_opus_synthetic_programme_v0_3.py@0.3,20260812,True,c378b1babb27f7b6a9ff5581712459ca3e8f0d2975477a047552efed5252834b
PRJ-AIR,PRJ-AIR-ITEM-009,PRJ-AIR-ITEM-009-FABRICATION,FABRICATION,Q-FABRICATION,FABRICATION-SERVER-2,22.328429,42.623482,50.912322,20.295053,8.288841,SEQUENTIAL_PIPELINE,SYNTHETIC_RESEARCH_FIXTURE,OG-SYNTH-0.3,A-0.3,build_opus_synthetic_programme_v0_3.py@0.3,20260812,True,641372540ce62268e5c40943bb830d21ed80aa1cf8b8a5d2a29aa069c9e0d7d9
PRJ-AIR,PRJ-AIR-ITEM-009,PRJ-AIR-ITEM-009-SHIPPING,SHIPPING,Q-SHIPPING,SHIPPING-SERVER-2,50.912322,54.365502,62.612719,3.45318,8.247218,SEQUENTIAL_PIPELINE,SYNTHETIC_RESEARCH_FIXTURE,OG-SYNTH-0.3,A-0.3,build_opus_synthetic_programme_v0_3.py@0.3,20260812,True,824ceda230216542621d4946160fdfe60dc3f2f69653d071bc9126426a3cd955
PRJ-AIR,PRJ-AIR-ITEM-009,PRJ-AIR-ITEM-009-DELIVERY,DELIVERY,Q-DELIVERY,DELIVERY-SERVER-3,62.612719,62.612719,63.879242,0.0,1.266523,SEQUENTIAL_PIPELINE,SYNTHETIC_RESEARCH_FIXTURE,OG-SYNTH-0.3,A-0.3,build_opus_synthetic_programme_v0_3.py@0.3,20260812,True,4bc734e49f779e7f6da9287b611d1537ddf88c020aaed666139413c2f28a7b8f
PRJ-AIR,PRJ-AIR-ITEM-010,PRJ-AIR-ITEM-010-REVIEW,REVIEW,Q-REVIEW,REVIEW-SERVER-2,4.441756,22.328429,26.053559,17.886673,3.72513,SEQUENTIAL_PIPELINE,SYNTHETIC_RESEARCH_FIXTURE,OG-SYNTH-0.3,A-0.3,build_opus_synthetic_programme_v0_3.py@0.3,20260812,True,bb56b55d3cd2db59d04e98ee7ee95340ac3b672161c6a8093997d6f61a4796b4
PRJ-AIR,PRJ-AIR-ITEM-010,PRJ-AIR-ITEM-010-FABRICATION,FABRICATION,Q-FABRICATION,FABRICATION-SERVER-3,26.053559,47.805181,65.638156,21.751622,17.832975,SEQUENTIAL_PIPELINE,SYNTHETIC_RESEARCH_FIXTURE,OG-SYNTH-0.3,A-0.3,build_opus_synthetic_programme_v0_3.py@0.3,20260812,True,579b7ddc92a30d320dd9a3bd8da2a479b936836683364540a6a0841164e08aa8
PRJ-AIR,PRJ-AIR-ITEM-010,PRJ-AIR-ITEM-010-SHIPPING,SHIPPING,Q-SHIPPING,SHIPPING-SERVER-1,65.638156,65.638156,72.940283,0.0,7.302128,SEQUENTIAL_PIPELINE,SYNTHETIC_RESEARCH_FIXTURE,OG-SYNTH-0.3,A-0.3,build_opus_synthetic_programme_v0_3.py@0.3,20260812,True,021062007cbce7edea2efd8d9a6def6d890df27d63c459b293319c704b4c9f2c
PRJ-AIR,PRJ-AIR-ITEM-010,PRJ-AIR-ITEM-010-DELIVERY,DELIVERY,Q-DELIVERY,DELIVERY-SERVER-2,72.940283,72.940283,74.34264,0.0,1.402357,SEQUENTIAL_PIPELINE,SYNTHETIC_RESEARCH_FIXTURE,OG-SYNTH-0.3,A-0.3,build_opus_synthetic_programme_v0_3.py@0.3,20260812,True,c813bf6b35e800c0dbba7bce2eff8e88eaf6e2345d8dda8e0f12529f738900f8
PRJ-AIR,PRJ-AIR-ITEM-011,PRJ-AIR-ITEM-011-REVIEW,REVIEW,Q-REVIEW,REVIEW-SERVER-1,14.761098,22.429191,26.143112,7.668094,3.713921,SEQUENTIAL_PIPELINE,SYNTHETIC_RESEARCH_FIXTURE,OG-SYNTH-0.3,A-0.3,build_opus_synthetic_programme_v0_3.py@0.3,20260812,True,1ceebb326d368163b14d5c4dfe7e3d722a010aae758890b45e7ca29a20a7f42b
PRJ-AIR,PRJ-AIR-ITEM-011,PRJ-AIR-ITEM-011-FABRICATION,FABRICATION,Q-FABRICATION,FABRICATION-SERVER-2,26.143112,50.912322,57.685247,24.76921,6.772925,SEQUENTIAL_PIPELINE,SYNTHETIC_RESEARCH_FIXTURE,OG-SYNTH-0.3,A-0.3,build_opus_synthetic_programme_v0_3.py@0.3,20260812,True,1604484c402b352d398af60ac94690deb2e949347bfb817def4a1766a432ef87
PRJ-AIR,PRJ-AIR-ITEM-011,PRJ-AIR-ITEM-011-SHIPPING,SHIPPING,Q-SHIPPING,SHIPPING-SERVER-2,57.685247,62.612719,67.899278,4.927472,5.286558,SEQUENTIAL_PIPELINE,SYNTHETIC_RESEARCH_FIXTURE,OG-SYNTH-0.3,A-0.3,build_opus_synthetic_programme_v0_3.py@0.3,20260812,True,041114492cfd867a751bb06283fced3159c11a455b82b9008fda5f786318717a
PRJ-AIR,PRJ-AIR-ITEM-011,PRJ-AIR-ITEM-011-DELIVERY,DELIVERY,Q-DELIVERY,DELIVERY-SERVER-1,67.899278,67.899278,69.716187,0.0,1.816909,SEQUENTIAL_PIPELINE,SYNTHETIC_RESEARCH_FIXTURE,OG-SYNTH-0.3,A-0.3,build_opus_synthetic_programme_v0_3.py@0.3,20260812,True,b00513f87da0a273b258f009cae953f00797866ee52f08554e0fb5557582b1c1
PRJ-AIR,PRJ-AIR-ITEM-012,PRJ-AIR-ITEM-012-REVIEW,REVIEW,Q-REVIEW,REVIEW-SERVER-2,3.923238,26.053559,28.981625,22.130321,2.928066,SEQUENTIAL_PIPELINE,SYNTHETIC_RESEARCH_FIXTURE,OG-SYNTH-0.3,A-0.3,build_opus_synthetic_programme_v0_3.py@0.3,20260812,True,f97c10d0a043c2de1754130faaa150d60c7ae29c8a6936ee989785f51805480e
PRJ-AIR,PRJ-AIR-ITEM-012,PRJ-AIR-ITEM-012-FABRICATION,FABRICATION,Q-FABRICATION,FABRICATION-SERVER-1,28.981625,53.156638,63.609902,24.175013,10.453264,SEQUENTIAL_PIPELINE,SYNTHETIC_RESEARCH_FIXTURE,OG-SYNTH-0.3,A-0.3,build_opus_synthetic_programme_v0_3.py@0.3,20260812,True,fa24c2806e8c1355be8e297361fd8c6c760bc780745a105fab4fb854fddc8543
PRJ-AIR,PRJ-AIR-ITEM-012,PRJ-AIR-ITEM-012-SHIPPING,SHIPPING,Q-SHIPPING,SHIPPING-SERVER-2,63.609902,67.899278,72.850931,4.289376,4.951653,SEQUENTIAL_PIPELINE,SYNTHETIC_RESEARCH_FIXTURE,OG-SYNTH-0.3,A-0.3,build_opus_synthetic_programme_v0_3.py@0.3,20260812,True,911d40d916b039dd30c10ce5d66628c107964059bf3a473add7794b350275b83
PRJ-AIR,PRJ-AIR-ITEM-012,PRJ-AIR-ITEM-012-DELIVERY,DELIVERY,Q-DELIVERY,DELIVERY-SERVER-4,72.850931,72.850931,73.73099,0.0,0.880059,SEQUENTIAL_PIPELINE,SYNTHETIC_RESEARCH_FIXTURE,OG-SYNTH-0.3,A-0.3,build_opus_synthetic_programme_v0_3.py@0.3,20260812,True,2aff56d2272053b7a6b6003dbf657ca9c64ad593865b7227772dc635895c8f6e
PRJ-AIR,PRJ-AIR-ITEM-013,PRJ-AIR-ITEM-013-REVIEW,REVIEW,Q-REVIEW,REVIEW-SERVER-1,0.101357,26.143112,28.640552,26.041755,2.497439,SEQUENTIAL_PIPELINE,SYNTHETIC_RESEARCH_FIXTURE,OG-SYNTH-0.3,A-0.3,build_opus_synthetic_programme_v0_3.py@0.3,20260812,True,d591b205862dfa11720512a15455da2fff27ff9e20789483c9223ffde546b6e9
PRJ-AIR,PRJ-AIR-ITEM-013,PRJ-AIR-ITEM-013-FABRICATION,FABRICATION,Q-FABRICATION,FABRICATION-SERVER-2,28.640552,57.685247,77.911076,29.044696,20.225829,SEQUENTIAL_PIPELINE,SYNTHETIC_RESEARCH_FIXTURE,OG-SYNTH-0.3,A-0.3,build_opus_synthetic_programme_v0_3.py@0.3,20260812,True,f9e2849007c03c885933dd47ffff68dd01a3e9a38470227641d47a7c306be98c
PRJ-AIR,PRJ-AIR-ITEM-013,PRJ-AIR-ITEM-013-SHIPPING,SHIPPING,Q-SHIPPING,SHIPPING-SERVER-2,77.911076,77.911076,87.27391,0.0,9.362834,SEQUENTIAL_PIPELINE,SYNTHETIC_RESEARCH_FIXTURE,OG-SYNTH-0.3,A-0.3,build_opus_synthetic_programme_v0_3.py@0.3,20260812,True,38299ffb2ab73bb639427a3c19df5a2bd5e05d1ce1cf3fe659b15a101ff45117
PRJ-AIR,PRJ-AIR-ITEM-013,PRJ-AIR-ITEM-013-DELIVERY,DELIVERY,Q-DELIVERY,DELIVERY-SERVER-3,87.27391,87.27391,88.853124,0.0,1.579214,SEQUENTIAL_PIPELINE,SYNTHETIC_RESEARCH_FIXTURE,OG-SYNTH-0.3,A-0.3,build_opus_synthetic_programme_v0_3.py@0.3,20260812,True,a2e52f8ef0513fafb756f662b9cdacc069a97aa0c5da47a1bb8d9c1f5a416888
PRJ-AIR,PRJ-AIR-ITEM-014,PRJ-AIR-ITEM-014-REVIEW,REVIEW,Q-REVIEW,REVIEW-SERVER-1,14.669975,28.640552,31.153258,13.970577,2.512706,SEQUENTIAL_PIPELINE,SYNTHETIC_RESEARCH_FIXTURE,OG-SYNTH-0.3,A-0.3,build_opus_synthetic_programme_v0_3.py@0.3,20260812,True,5c8b5339244270e8b5b9bf79e58ebd517768835ebd1c15eeb650ab2d35f8b082
PRJ-AIR,PRJ-AIR-ITEM-014,PRJ-AIR-ITEM-014-FABRICATION,FABRICATION,Q-FABRICATION,FABRICATION-SERVER-1,31.153258,63.609902,72.849642,32.456644,9.23974,SEQUENTIAL_PIPELINE,SYNTHETIC_RESEARCH_FIXTURE,OG-SYNTH-0.3,A-0.3,build_opus_synthetic_programme_v0_3.py@0.3,20260812,True,9c39ef529c74acb0fddb5b8af037f74a2f7ea538d6e06a062503b6068a006b61
PRJ-AIR,PRJ-AIR-ITEM-014,PRJ-AIR-ITEM-014-SHIPPING,SHIPPING,Q-SHIPPING,SHIPPING-SERVER-1,72.849642,72.940283,80.110856,0.090641,7.170573,SEQUENTIAL_PIPELINE,SYNTHETIC_RESEARCH_FIXTURE,OG-SYNTH-0.3,A-0.3,build_opus_synthetic_programme_v0_3.py@0.3,20260812,True,7aaebb346496c484485cafe37013dab7d06152ae911e4d2b0da2fb1992bf1dc3
PRJ-AIR,PRJ-AIR-ITEM-014,PRJ-AIR-ITEM-014-DELIVERY,DELIVERY,Q-DELIVERY,DELIVERY-SERVER-1,80.110856,80.110856,81.441974,0.0,1.331118,SEQUENTIAL_PIPELINE,SYNTHETIC_RESEARCH_FIXTURE,OG-SYNTH-0.3,A-0.3,build_opus_synthetic_programme_v0_3.py@0.3,20260812,True,d8dd159feecdddb5ac3c5161cafa8d43de6bbb050e33fdd2ce2ef73bf4e55249
PRJ-AIR,PRJ-AIR-ITEM-015,PRJ-AIR-ITEM-015-REVIEW,REVIEW,Q-REVIEW,REVIEW-SERVER-2,2.79476,28.981625,31.861488,26.186865,2.879863,SEQUENTIAL_PIPELINE,SYNTHETIC_RESEARCH_FIXTURE,OG-SYNTH-0.3,A-0.3,build_opus_synthetic_programme_v0_3.py@0.3,20260812,True,716a95a0c59b4f6b4468f4453a346a25a795e091ee9e56231029c6f7086359e0
PRJ-AIR,PRJ-AIR-ITEM-015,PRJ-AIR-ITEM-015-FABRICATION,FABRICATION,Q-FABRICATION,FABRICATION-SERVER-3,31.861488,65.638156,77.476804,33.776667,11.838648,SEQUENTIAL_PIPELINE,SYNTHETIC_RESEARCH_FIXTURE,OG-SYNTH-0.3,A-0.3,build_opus_synthetic_programme_v0_3.py@0.3,20260812,True,ba1ad87d8fa061010dc9b9fe9a598ef52d4dac9dd2b8c3ace94dc04f39c2ee93
PRJ-AIR,PRJ-AIR-ITEM-015,PRJ-AIR-ITEM-015-SHIPPING,SHIPPING,Q-SHIPPING,SHIPPING-SERVER-1,77.476804,80.110856,85.649889,2.634052,5.539033,SEQUENTIAL_PIPELINE,SYNTHETIC_RESEARCH_FIXTURE,OG-SYNTH-0.3,A-0.3,build_opus_synthetic_programme_v0_3.py@0.3,20260812,True,d4be5bc5ece6381b8bdcaf7485a47c9444483bba5cddcaf15f9cd584d72add4b
PRJ-AIR,PRJ-AIR-ITEM-015,PRJ-AIR-ITEM-015-DELIVERY,DELIVERY,Q-DELIVERY,DELIVERY-SERVER-4,85.649889,85.649889,86.586012,0.0,0.936123,SEQUENTIAL_PIPELINE,SYNTHETIC_RESEARCH_FIXTURE,OG-SYNTH-0.3,A-0.3,build_opus_synthetic_programme_v0_3.py@0.3,20260812,True,fa7165d619d8cb850cdc5b048e1e40359aa688c64e3342a387e7f4d723943105
PRJ-AIR,PRJ-AIR-ITEM-016,PRJ-AIR-ITEM-016-REVIEW,REVIEW,Q-REVIEW,REVIEW-SERVER-1,3.444,31.153258,33.571525,27.709258,2.418267,SEQUENTIAL_PIPELINE,SYNTHETIC_RESEARCH_FIXTURE,OG-SYNTH-0.3,A-0.3,build_opus_synthetic_programme_v0_3.py@0.3,20260812,True,780cb8cd0360369be8558ad4acb6bf5d1fc2f491402086ee24a179d637f97ae4
PRJ-AIR,PRJ-AIR-ITEM-016,PRJ-AIR-ITEM-016-FABRICATION,FABRICATION,Q-FABRICATION,FABRICATION-SERVER-1,33.571525,72.849642,83.842306,39.278117,10.992664,SEQUENTIAL_PIPELINE,SYNTHETIC_RESEARCH_FIXTURE,OG-SYNTH-0.3,A-0.3,build_opus_synthetic_programme_v0_3.py@0.3,20260812,True,14f15cf8a645008c739a2837c0d6356e0a21ba126b03ffb65b16aa01ecf5ac8d
PRJ-AIR,PRJ-AIR-ITEM-016,PRJ-AIR-ITEM-016-SHIPPING,SHIPPING,Q-SHIPPING,SHIPPING-SERVER-1,83.842306,85.649889,91.489594,1.807583,5.839705,SEQUENTIAL_PIPELINE,SYNTHETIC_RESEARCH_FIXTURE,OG-SYNTH-0.3,A-0.3,build_opus_synthetic_programme_v0_3.py@0.3,20260812,True,e634d06cdf0227cf5048f9aa693bcf3c079d9dac7f22c58f7cadac2986dafc31
PRJ-AIR,PRJ-AIR-ITEM-016,PRJ-AIR-ITEM-016-DELIVERY,DELIVERY,Q-DELIVERY,DELIVERY-SERVER-2,91.489594,91.489594,92.6708,0.0,1.181205,SEQUENTIAL_PIPELINE,SYNTHETIC_RESEARCH_FIXTURE,OG-SYNTH-0.3,A-0.3,build_opus_synthetic_programme_v0_3.py@0.3,20260812,True,d8d7f392c6421a500f66f8c8928991cf59ca2c386b175fdab64b8eeb157b93c0
PRJ-AIR,PRJ-AIR-ITEM-017,PRJ-AIR-ITEM-017-REVIEW,REVIEW,Q-REVIEW,REVIEW-SERVER-2,5.016025,31.861488,34.654163,26.845463,2.792674,SEQUENTIAL_PIPELINE,SYNTHETIC_RESEARCH_FIXTURE,OG-SYNTH-0.3,A-0.3,build_opus_synthetic_programme_v0_3.py@0.3,20260812,True,38ef651d9ead8a2fa67499c2ac25f8c0aa9aa84687c48699d0dd91ece0aa192d
PRJ-AIR,PRJ-AIR-ITEM-017,PRJ-AIR-ITEM-017-FABRICATION,FABRICATION,Q-FABRICATION,FABRICATION-SERVER-3,34.654163,77.476804,90.313941,42.822641,12.837137,SEQUENTIAL_PIPELINE,SYNTHETIC_RESEARCH_FIXTURE,OG-SYNTH-0.3,A-0.3,build_opus_synthetic_programme_v0_3.py@0.3,20260812,True,e8c1db9b8b63c3623a0691b31c5bc5f866f765057e0a3514a9600217ddd97a3d
PRJ-AIR,PRJ-AIR-ITEM-017,PRJ-AIR-ITEM-017-SHIPPING,SHIPPING,Q-SHIPPING,SHIPPING-SERVER-2,90.313941,90.313941,97.569284,0.0,7.255342,SEQUENTIAL_PIPELINE,SYNTHETIC_RESEARCH_FIXTURE,OG-SYNTH-0.3,A-0.3,build_opus_synthetic_programme_v0_3.py@0.3,20260812,True,b4f48f1604cf49240bb8fa2ec0d409db6db1a10435b4c7900fa67449a803221b
PRJ-AIR,PRJ-AIR-ITEM-017,PRJ-AIR-ITEM-017-DELIVERY,DELIVERY,Q-DELIVERY,DELIVERY-SERVER-1,97.569284,97.569284,99.688484,0.0,2.1192,SEQUENTIAL_PIPELINE,SYNTHETIC_RESEARCH_FIXTURE,OG-SYNTH-0.3,A-0.3,build_opus_synthetic_programme_v0_3.py@0.3,20260812,True,adfea900ec98e053e5149cd6469ef53e0308556329d17b57e382bdcbadea89ad
PRJ-AIR,PRJ-AIR-ITEM-018,PRJ-AIR-ITEM-018-REVIEW,REVIEW,Q-REVIEW,REVIEW-SERVER-1,11.563276,33.571525,36.065026,22.008249,2.493501,SEQUENTIAL_PIPELINE,SYNTHETIC_RESEARCH_FIXTURE,OG-SYNTH-0.3,A-0.3,build_opus_synthetic_programme_v0_3.py@0.3,20260812,True,849e45b18957d4195af73ec138c209cf75f172f43a955929b9f548fac34bd12f
PRJ-AIR,PRJ-AIR-ITEM-018,PRJ-AIR-ITEM-018-FABRICATION,FABRICATION,Q-FABRICATION,FABRICATION-SERVER-2,36.065026,77.911076,89.712927,41.84605,11.801851,SEQUENTIAL_PIPELINE,SYNTHETIC_RESEARCH_FIXTURE,OG-SYNTH-0.3,A-0.3,build_opus_synthetic_programme_v0_3.py@0.3,20260812,True,23e4d62d88d79fd2d52db331362c22dd97ba0304a81a02c3d000748c7920a404
PRJ-AIR,PRJ-AIR-ITEM-018,PRJ-AIR-ITEM-018-SHIPPING,SHIPPING,Q-SHIPPING,SHIPPING-SERVER-1,89.712927,91.489594,100.234469,1.776668,8.744875,SEQUENTIAL_PIPELINE,SYNTHETIC_RESEARCH_FIXTURE,OG-SYNTH-0.3,A-0.3,build_opus_synthetic_programme_v0_3.py@0.3,20260812,True,b0292753b2de575deb91f96b939bf48ed9226440026388a8cf08450a3f875933
PRJ-AIR,PRJ-AIR-ITEM-018,PRJ-AIR-ITEM-018-DELIVERY,DELIVERY,Q-DELIVERY,DELIVERY-SERVER-4,100.234469,100.234469,101.121507,0.0,0.887038,SEQUENTIAL_PIPELINE,SYNTHETIC_RESEARCH_FIXTURE,OG-SYNTH-0.3,A-0.3,build_opus_synthetic_programme_v0_3.py@0.3,20260812,True,c871f1d1bb122d302d689477805473149f9c6e04d6a93eced35b54f07547c42f
PRJ-AIR,PRJ-AIR-ITEM-019,PRJ-AIR-ITEM-019-REVIEW,REVIEW,Q-REVIEW,REVIEW-SERVER-2,2.402981,34.654163,38.702295,32.251182,4.048132,SEQUENTIAL_PIPELINE,SYNTHETIC_RESEARCH_FIXTURE,OG-SYNTH-0.3,A-0.3,build_opus_synthetic_programme_v0_3.py@0.3,20260812,True,f0f2ee224ff40770677463c68476a693ee10b967e6b03055d411af6e925ea265
PRJ-AIR,PRJ-AIR-ITEM-019,PRJ-AIR-ITEM-019-FABRICATION,FABRICATION,Q-FABRICATION,FABRICATION-SERVER-1,38.702295,83.842306,95.679133,45.140012,11.836827,SEQUENTIAL_PIPELINE,SYNTHETIC_RESEARCH_FIXTURE,OG-SYNTH-0.3,A-0.3,build_opus_synthetic_programme_v0_3.py@0.3,20260812,True,b83df03c0ae5a622834b4dce7c7afcfe1e07085dd0f29689cb0c965fdce2875f
PRJ-AIR,PRJ-AIR-ITEM-019,PRJ-AIR-ITEM-019-SHIPPING,SHIPPING,Q-SHIPPING,SHIPPING-SERVER-2,95.679133,97.569284,105.709777,1.890151,8.140493,SEQUENTIAL_PIPELINE,SYNTHETIC_RESEARCH_FIXTURE,OG-SYNTH-0.3,A-0.3,build_opus_synthetic_programme_v0_3.py@0.3,20260812,True,8a1ac472d5ae39544a56b67fde7a6b3d77ef5b07ce5b5eb6e2b56902f52d5de5
PRJ-AIR,PRJ-AIR-ITEM-019,PRJ-AIR-ITEM-019-DELIVERY,DELIVERY,Q-DELIVERY,DELIVERY-SERVER-3,105.709777,105.709777,107.113702,0.0,1.403925,SEQUENTIAL_PIPELINE,SYNTHETIC_RESEARCH_FIXTURE,OG-SYNTH-0.3,A-0.3,build_opus_synthetic_programme_v0_3.py@0.3,20260812,True,c5d17642c7bcaf676661c63bf9acc32fe4d497a0a06bd69c61799d142b3c9d9d
PRJ-AIR,PRJ-AIR-ITEM-020,PRJ-AIR-ITEM-020-REVIEW,REVIEW,Q-REVIEW,REVIEW-SERVER-1,13.17716,36.065026,40.476832,22.887866,4.411806,SEQUENTIAL_PIPELINE,SYNTHETIC_RESEARCH_FIXTURE,OG-SYNTH-0.3,A-0.3,build_opus_synthetic_programme_v0_3.py@0.3,20260812,True,9ccbdce9f9afa4f36b785b8fc93a8bb100fd85db6ee367a5fb53cc1138524c56
PRJ-AIR,PRJ-AIR-ITEM-020,PRJ-AIR-ITEM-020-FABRICATION,FABRICATION,Q-FABRICATION,FABRICATION-SERVER-2,40.476832,89.712927,99.902632,49.236095,10.189705,SEQUENTIAL_PIPELINE,SYNTHETIC_RESEARCH_FIXTURE,OG-SYNTH-0.3,A-0.3,build_opus_synthetic_programme_v0_3.py@0.3,20260812,True,f1f98fd30d51b7329315ee546919dbf8f44ae42fcf689127788fc85a63fb4a63
PRJ-AIR,PRJ-AIR-ITEM-020,PRJ-AIR-ITEM-020-SHIPPING,SHIPPING,Q-SHIPPING,SHIPPING-SERVER-1,99.902632,100.234469,106.51335,0.331837,6.278882,SEQUENTIAL_PIPELINE,SYNTHETIC_RESEARCH_FIXTURE,OG-SYNTH-0.3,A-0.3,build_opus_synthetic_programme_v0_3.py@0.3,20260812,True,9d7eebcb3223e09614a6d84b518c346881ae66d147d13eb176c744d7910791de
PRJ-AIR,PRJ-AIR-ITEM-020,PRJ-AIR-ITEM-020-DELIVERY,DELIVERY,Q-DELIVERY,DELIVERY-SERVER-2,106.51335,106.51335,108.448521,0.0,1.935171,SEQUENTIAL_PIPELINE,SYNTHETIC_RESEARCH_FIXTURE,OG-SYNTH-0.3,A-0.3,build_opus_synthetic_programme_v0_3.py@0.3,20260812,True,ca240d35742fdd0b628af9e64029093a77a1f1a77ff0c70e58848eafde504130
PRJ-HWY,PRJ-HWY-ITEM-001,PRJ-HWY-ITEM-001-REVIEW,REVIEW,Q-REVIEW,REVIEW-SERVER-1,4.805769,4.805769,8.457064,0.0,3.651295,SEQUENTIAL_PIPELINE,SYNTHETIC_RESEARCH_FIXTURE,OG-SYNTH-0.3,A-0.3,build_opus_synthetic_programme_v0_3.py@0.3,20260812,True,0b2390d4e0515ef651ba1259fd086e8f97b3704230285a362d9dce0c82ca544d
PRJ-HWY,PRJ-HWY-ITEM-001,PRJ-HWY-ITEM-001-FABRICATION,FABRICATION,Q-FABRICATION,FABRICATION-SERVER-1,8.457064,8.457064,23.230584,0.0,14.77352,SEQUENTIAL_PIPELINE,SYNTHETIC_RESEARCH_FIXTURE,OG-SYNTH-0.3,A-0.3,build_opus_synthetic_programme_v0_3.py@0.3,20260812,True,521b02b17c32212bd0db993a7fa9abca8286e049f94585c4dd67dfe89c800e09
PRJ-HWY,PRJ-HWY-ITEM-001,PRJ-HWY-ITEM-001-SHIPPING,SHIPPING,Q-SHIPPING,SHIPPING-SERVER-1,23.230584,23.230584,27.84068,0.0,4.610096,SEQUENTIAL_PIPELINE,SYNTHETIC_RESEARCH_FIXTURE,OG-SYNTH-0.3,A-0.3,build_opus_synthetic_programme_v0_3.py@0.3,20260812,True,a5ee61506fdbe694e1c52efb639e2cee548673d4a5670c37a199cfcf69cbe36e
PRJ-HWY,PRJ-HWY-ITEM-001,PRJ-HWY-ITEM-001-DELIVERY,DELIVERY,Q-DELIVERY,DELIVERY-SERVER-1,27.84068,27.84068,29.222929,0.0,1.382249,SEQUENTIAL_PIPELINE,SYNTHETIC_RESEARCH_FIXTURE,OG-SYNTH-0.3,A-0.3,build_opus_synthetic_programme_v0_3.py@0.3,20260812,True,376d337d9ddf79923ee8211f7cf10ebfb9dec74e8549bca8850d27666233eca6
PRJ-HWY,PRJ-HWY-ITEM-002,PRJ-HWY-ITEM-002-REVIEW,REVIEW,Q-REVIEW,REVIEW-SERVER-2,5.296833,5.296833,7.774749,0.0,2.477915,SEQUENTIAL_PIPELINE,SYNTHETIC_RESEARCH_FIXTURE,OG-SYNTH-0.3,A-0.3,build_opus_synthetic_programme_v0_3.py@0.3,20260812,True,a58c100881d8f2df29b0c4a8282e126d0f7d90f17898c0eb853cd1ea20487b49
PRJ-HWY,PRJ-HWY-ITEM-002,PRJ-HWY-ITEM-002-FABRICATION,FABRICATION,Q-FABRICATION,FABRICATION-SERVER-2,7.774749,7.774749,21.855499,0.0,14.08075,SEQUENTIAL_PIPELINE,SYNTHETIC_RESEARCH_FIXTURE,OG-SYNTH-0.3,A-0.3,build_opus_synthetic_programme_v0_3.py@0.3,20260812,True,33eb071aa75040393d8f4eae8a22216f15f9a10176234030beef0963c903b948
PRJ-HWY,PRJ-HWY-ITEM-002,PRJ-HWY-ITEM-002-SHIPPING,SHIPPING,Q-SHIPPING,SHIPPING-SERVER-2,21.855499,21.855499,28.383548,0.0,6.528049,SEQUENTIAL_PIPELINE,SYNTHETIC_RESEARCH_FIXTURE,OG-SYNTH-0.3,A-0.3,build_opus_synthetic_programme_v0_3.py@0.3,20260812,True,488ac4e80e2105e50e7ce071f57bf6f491422fcde8fcb48a01ef440c0d7fb29f
PRJ-HWY,PRJ-HWY-ITEM-002,PRJ-HWY-ITEM-002-DELIVERY,DELIVERY,Q-DELIVERY,DELIVERY-SERVER-2,28.383548,28.383548,30.291128,0.0,1.90758,SEQUENTIAL_PIPELINE,SYNTHETIC_RESEARCH_FIXTURE,OG-SYNTH-0.3,A-0.3,build_opus_synthetic_programme_v0_3.py@0.3,20260812,True,d2c4a8379e5684a9fe68d68bfb63aec78096531603dae2981a9b6ee35a7a03fb
PRJ-HWY,PRJ-HWY-ITEM-003,PRJ-HWY-ITEM-003-REVIEW,REVIEW,Q-REVIEW,REVIEW-SERVER-2,14.930791,14.930791,17.936041,0.0,3.00525,SEQUENTIAL_PIPELINE,SYNTHETIC_RESEARCH_FIXTURE,OG-SYNTH-0.3,A-0.3,build_opus_synthetic_programme_v0_3.py@0.3,20260812,True,85ed5b375ac89810ea40cb196706a958842b8c38c77103b916f43318beaec3af
PRJ-HWY,PRJ-HWY-ITEM-003,PRJ-HWY-ITEM-003-FABRICATION,FABRICATION,Q-FABRICATION,FABRICATION-SERVER-3,17.936041,17.936041,34.579634,0.0,16.643593,SEQUENTIAL_PIPELINE,SYNTHETIC_RESEARCH_FIXTURE,OG-SYNTH-0.3,A-0.3,build_opus_synthetic_programme_v0_3.py@0.3,20260812,True,66e8143807e1b435525e336504fd4126413ca3192e8a4f26372c61aed4c82607
PRJ-HWY,PRJ-HWY-ITEM-003,PRJ-HWY-ITEM-003-SHIPPING,SHIPPING,Q-SHIPPING,SHIPPING-SERVER-1,34.579634,34.579634,39.267897,0.0,4.688263,SEQUENTIAL_PIPELINE,SYNTHETIC_RESEARCH_FIXTURE,OG-SYNTH-0.3,A-0.3,build_opus_synthetic_programme_v0_3.py@0.3,20260812,True,d4bdd1ca8fb8df8f1a1dd12cf1f2df335877af464a9b4018032438664f31c33e
PRJ-HWY,PRJ-HWY-ITEM-003,PRJ-HWY-ITEM-003-DELIVERY,DELIVERY,Q-DELIVERY,DELIVERY-SERVER-3,39.267897,39.267897,41.480031,0.0,2.212133,SEQUENTIAL_PIPELINE,SYNTHETIC_RESEARCH_FIXTURE,OG-SYNTH-0.3,A-0.3,build_opus_synthetic_programme_v0_3.py@0.3,20260812,True,79655021192a97d064d60ca15c19415e0f7d5f6adfb8bcf752eb5d487a090975
PRJ-HWY,PRJ-HWY-ITEM-004,PRJ-HWY-ITEM-004-REVIEW,REVIEW,Q-REVIEW,REVIEW-SERVER-1,9.885484,9.885484,12.660253,0.0,2.774769,SEQUENTIAL_PIPELINE,SYNTHETIC_RESEARCH_FIXTURE,OG-SYNTH-0.3,A-0.3,build_opus_synthetic_programme_v0_3.py@0.3,20260812,True,33c1a45c0fb8aebb3d3ed3c7270b33720bc9f2e61943510a4e06c3a08b9b9d56
PRJ-HWY,PRJ-HWY-ITEM-004,PRJ-HWY-ITEM-004-FABRICATION,FABRICATION,Q-FABRICATION,FABRICATION-SERVER-2,12.660253,21.855499,34.937153,9.195245,13.081654,SEQUENTIAL_PIPELINE,SYNTHETIC_RESEARCH_FIXTURE,OG-SYNTH-0.3,A-0.3,build_opus_synthetic_programme_v0_3.py@0.3,20260812,True,0f619520bbed4a4a547fe1f452a583e351c376bc9669d121bc1a0b03a677dc7f
PRJ-HWY,PRJ-HWY-ITEM-004,PRJ-HWY-ITEM-004-SHIPPING,SHIPPING,Q-SHIPPING,SHIPPING-SERVER-2,34.937153,34.937153,41.257052,0.0,6.319899,SEQUENTIAL_PIPELINE,SYNTHETIC_RESEARCH_FIXTURE,OG-SYNTH-0.3,A-0.3,build_opus_synthetic_programme_v0_3.py@0.3,20260812,True,a27b2d58ebf2f7755d35680164b788034638149f7cc8812089dc24d6782f422c
PRJ-HWY,PRJ-HWY-ITEM-004,PRJ-HWY-ITEM-004-DELIVERY,DELIVERY,Q-DELIVERY,DELIVERY-SERVER-4,41.257052,41.257052,43.286794,0.0,2.029742,SEQUENTIAL_PIPELINE,SYNTHETIC_RESEARCH_FIXTURE,OG-SYNTH-0.3,A-0.3,build_opus_synthetic_programme_v0_3.py@0.3,20260812,True,e2dab709f598ca3ee03231077e4b27d2b34abe02c020fb0b33c7922efe9611eb
PRJ-HWY,PRJ-HWY-ITEM-005,PRJ-HWY-ITEM-005-REVIEW,REVIEW,Q-REVIEW,REVIEW-SERVER-1,10.933055,12.660253,15.63935,1.727198,2.979097,SEQUENTIAL_PIPELINE,SYNTHETIC_RESEARCH_FIXTURE,OG-SYNTH-0.3,A-0.3,build_opus_synthetic_programme_v0_3.py@0.3,20260812,True,1975b4631e80afe0b22cab2cb9cb53f27dc088c37f2b313c342020b59e2b9e17
PRJ-HWY,PRJ-HWY-ITEM-005,PRJ-HWY-ITEM-005-FABRICATION,FABRICATION,Q-FABRICATION,FABRICATION-SERVER-1,15.63935,23.230584,38.196781,7.591233,14.966198,SEQUENTIAL_PIPELINE,SYNTHETIC_RESEARCH_FIXTURE,OG-SYNTH-0.3,A-0.3,build_opus_synthetic_programme_v0_3.py@0.3,20260812,True,95fdd07a2b292c02970769aafb6013a2e4227b506bd529009b2a6115b4f7a554
PRJ-HWY,PRJ-HWY-ITEM-005,PRJ-HWY-ITEM-005-SHIPPING,SHIPPING,Q-SHIPPING,SHIPPING-SERVER-1,38.196781,39.267897,45.883124,1.071116,6.615226,SEQUENTIAL_PIPELINE,SYNTHETIC_RESEARCH_FIXTURE,OG-SYNTH-0.3,A-0.3,build_opus_synthetic_programme_v0_3.py@0.3,20260812,True,622cf36fe9514b96e1738ab52d4eed7e89e34217720b844fb898e4bb49041044
PRJ-HWY,PRJ-HWY-ITEM-005,PRJ-HWY-ITEM-005-DELIVERY,DELIVERY,Q-DELIVERY,DELIVERY-SERVER-1,45.883124,45.883124,47.677771,0.0,1.794647,SEQUENTIAL_PIPELINE,SYNTHETIC_RESEARCH_FIXTURE,OG-SYNTH-0.3,A-0.3,build_opus_synthetic_programme_v0_3.py@0.3,20260812,True,8e412cc3497a532fa9a1f2b233a63d58de452d00e965950faca316d1f50783ce
PRJ-HWY,PRJ-HWY-ITEM-006,PRJ-HWY-ITEM-006-REVIEW,REVIEW,Q-REVIEW,REVIEW-SERVER-1,2.631828,15.63935,19.755213,13.007523,4.115862,SEQUENTIAL_PIPELINE,SYNTHETIC_RESEARCH_FIXTURE,OG-SYNTH-0.3,A-0.3,build_opus_synthetic_programme_v0_3.py@0.3,20260812,True,682967b0416073cbf3224023164c15816f686d50d073c874b8048e8e988d42e3
PRJ-HWY,PRJ-HWY-ITEM-006,PRJ-HWY-ITEM-006-FABRICATION,FABRICATION,Q-FABRICATION,FABRICATION-SERVER-3,19.755213,34.579634,48.508701,14.824422,13.929066,SEQUENTIAL_PIPELINE,SYNTHETIC_RESEARCH_FIXTURE,OG-SYNTH-0.3,A-0.3,build_opus_synthetic_programme_v0_3.py@0.3,20260812,True,41e4f7e9da517ac76fff8ee1ea099772c51573605f6b8c0e75ef41b58ad35e11
PRJ-HWY,PRJ-HWY-ITEM-006,PRJ-HWY-ITEM-006-SHIPPING,SHIPPING,Q-SHIPPING,SHIPPING-SERVER-2,48.508701,48.508701,55.302129,0.0,6.793428,SEQUENTIAL_PIPELINE,SYNTHETIC_RESEARCH_FIXTURE,OG-SYNTH-0.3,A-0.3,build_opus_synthetic_programme_v0_3.py@0.3,20260812,True,29e18bbf918ba6f410bc7ee45ff72faebbcf925cd877f78e07e8e7f00678f0be
PRJ-HWY,PRJ-HWY-ITEM-006,PRJ-HWY-ITEM-006-DELIVERY,DELIVERY,Q-DELIVERY,DELIVERY-SERVER-2,55.302129,55.302129,56.761377,0.0,1.459249,SEQUENTIAL_PIPELINE,SYNTHETIC_RESEARCH_FIXTURE,OG-SYNTH-0.3,A-0.3,build_opus_synthetic_programme_v0_3.py@0.3,20260812,True,0fcd2aa0e3572e2a9ca00d370f3f1a72492d588f3d695f8c6a8b30a8400b214e
PRJ-HWY,PRJ-HWY-ITEM-007,PRJ-HWY-ITEM-007-REVIEW,REVIEW,Q-REVIEW,REVIEW-SERVER-2,2.910237,17.936041,21.160508,15.025804,3.224466,SEQUENTIAL_PIPELINE,SYNTHETIC_RESEARCH_FIXTURE,OG-SYNTH-0.3,A-0.3,build_opus_synthetic_programme_v0_3.py@0.3,20260812,True,7de6d8e1df345261bf6b30f6589e5d73e3e8ec01dab4e8512787090cdd195142
PRJ-HWY,PRJ-HWY-ITEM-007,PRJ-HWY-ITEM-007-FABRICATION,FABRICATION,Q-FABRICATION,FABRICATION-SERVER-2,21.160508,34.937153,51.424498,13.776645,16.487345,SEQUENTIAL_PIPELINE,SYNTHETIC_RESEARCH_FIXTURE,OG-SYNTH-0.3,A-0.3,build_opus_synthetic_programme_v0_3.py@0.3,20260812,True,f177ca2b0c126a336cd6c9b4d78028b0b25cc1f3fac0ace1e9ce61ca927bd962
PRJ-HWY,PRJ-HWY-ITEM-007,PRJ-HWY-ITEM-007-SHIPPING,SHIPPING,Q-SHIPPING,SHIPPING-SERVER-1,51.424498,51.424498,58.401546,0.0,6.977048,SEQUENTIAL_PIPELINE,SYNTHETIC_RESEARCH_FIXTURE,OG-SYNTH-0.3,A-0.3,build_opus_synthetic_programme_v0_3.py@0.3,20260812,True,0d8c01d4c342688a8a63ea11d1565d2f2ec913eb2aeaa0bc7d086439cbd03417
PRJ-HWY,PRJ-HWY-ITEM-007,PRJ-HWY-ITEM-007-DELIVERY,DELIVERY,Q-DELIVERY,DELIVERY-SERVER-3,58.401546,58.401546,59.792844,0.0,1.391297,SEQUENTIAL_PIPELINE,SYNTHETIC_RESEARCH_FIXTURE,OG-SYNTH-0.3,A-0.3,build_opus_synthetic_programme_v0_3.py@0.3,20260812,True,7a8448cd58761033e1944c6b44364a72457d8f6c45c333df3ad8ffc80230f108
PRJ-HWY,PRJ-HWY-ITEM-008,PRJ-HWY-ITEM-008-REVIEW,REVIEW,Q-REVIEW,REVIEW-SERVER-1,3.90397,19.755213,22.721103,15.851242,2.965891,SEQUENTIAL_PIPELINE,SYNTHETIC_RESEARCH_FIXTURE,OG-SYNTH-0.3,A-0.3,build_opus_synthetic_programme_v0_3.py@0.3,20260812,True,7d4d8b98fec72c6dd22fffdee737b1d47f3976f80d4ce63bc28a54072f9072c8
PRJ-HWY,PRJ-HWY-ITEM-008,PRJ-HWY-ITEM-008-FABRICATION,FABRICATION,Q-FABRICATION,FABRICATION-SERVER-1,22.721103,38.196781,48.620853,15.475678,10.424072,SEQUENTIAL_PIPELINE,SYNTHETIC_RESEARCH_FIXTURE,OG-SYNTH-0.3,A-0.3,build_opus_synthetic_programme_v0_3.py@0.3,20260812,True,208a13297755a12e7b70843fc9f2e0b9b77a0c4771216f70dfe1f7a97e2755d8
PRJ-HWY,PRJ-HWY-ITEM-008,PRJ-HWY-ITEM-008-SHIPPING,SHIPPING,Q-SHIPPING,SHIPPING-SERVER-2,48.620853,55.302129,60.042437,6.681275,4.740309,SEQUENTIAL_PIPELINE,SYNTHETIC_RESEARCH_FIXTURE,OG-SYNTH-0.3,A-0.3,build_opus_synthetic_programme_v0_3.py@0.3,20260812,True,7adc4d269e94ae86735e255ddb8feb27a4da156ee063c8c6b7b59c7c321e2325
PRJ-HWY,PRJ-HWY-ITEM-008,PRJ-HWY-ITEM-008-DELIVERY,DELIVERY,Q-DELIVERY,DELIVERY-SERVER-4,60.042437,60.042437,61.396814,0.0,1.354377,SEQUENTIAL_PIPELINE,SYNTHETIC_RESEARCH_FIXTURE,OG-SYNTH-0.3,A-0.3,build_opus_synthetic_programme_v0_3.py@0.3,20260812,True,9c5ffccbe4d7e459f898090c469493cff91a7ad9482ea5f68cee0836de1ff3d7
PRJ-HWY,PRJ-HWY-ITEM-009,PRJ-HWY-ITEM-009-REVIEW,REVIEW,Q-REVIEW,REVIEW-SERVER-2,4.418756,21.160508,23.178729,16.741752,2.018221,SEQUENTIAL_PIPELINE,SYNTHETIC_RESEARCH_FIXTURE,OG-SYNTH-0.3,A-0.3,build_opus_synthetic_programme_v0_3.py@0.3,20260812,True,2d1c8b42cf898bc582346614987caac3507c63d6ad167515829868fdc9af6de7
PRJ-HWY,PRJ-HWY-ITEM-009,PRJ-HWY-ITEM-009-FABRICATION,FABRICATION,Q-FABRICATION,FABRICATION-SERVER-3,23.178729,48.508701,69.165707,25.329972,20.657006,SEQUENTIAL_PIPELINE,SYNTHETIC_RESEARCH_FIXTURE,OG-SYNTH-0.3,A-0.3,build_opus_synthetic_programme_v0_3.py@0.3,20260812,True,869aa9cb2cbfbea734b16ff24020a45e60b440a719fe52a38974908cffa7355f
PRJ-HWY,PRJ-HWY-ITEM-009,PRJ-HWY-ITEM-009-SHIPPING,SHIPPING,Q-SHIPPING,SHIPPING-SERVER-1,69.165707,69.165707,77.529052,0.0,8.363346,SEQUENTIAL_PIPELINE,SYNTHETIC_RESEARCH_FIXTURE,OG-SYNTH-0.3,A-0.3,build_opus_synthetic_programme_v0_3.py@0.3,20260812,True,59b863b1e887ae6a53c99d19f82aa5d3f840f26d1b7c09aca0c66d1bf44cf2b8
PRJ-HWY,PRJ-HWY-ITEM-009,PRJ-HWY-ITEM-009-DELIVERY,DELIVERY,Q-DELIVERY,DELIVERY-SERVER-1,77.529052,77.529052,78.761744,0.0,1.232692,SEQUENTIAL_PIPELINE,SYNTHETIC_RESEARCH_FIXTURE,OG-SYNTH-0.3,A-0.3,build_opus_synthetic_programme_v0_3.py@0.3,20260812,True,0d35bc2c73fe07cfd3d8232b7538d14c608acc1cc7b74fad56f44f4dad409bbf
PRJ-HWY,PRJ-HWY-ITEM-010,PRJ-HWY-ITEM-010-REVIEW,REVIEW,Q-REVIEW,REVIEW-SERVER-1,2.318033,22.721103,24.527895,20.40307,1.806792,SEQUENTIAL_PIPELINE,SYNTHETIC_RESEARCH_FIXTURE,OG-SYNTH-0.3,A-0.3,build_opus_synthetic_programme_v0_3.py@0.3,20260812,True,f96795198087a71a076daa3a63e99a1ac058dfae7774040ea2c8d9da2cee7621
PRJ-HWY,PRJ-HWY-ITEM-010,PRJ-HWY-ITEM-010-FABRICATION,FABRICATION,Q-FABRICATION,FABRICATION-SERVER-1,24.527895,48.620853,64.74795,24.092958,16.127096,SEQUENTIAL_PIPELINE,SYNTHETIC_RESEARCH_FIXTURE,OG-SYNTH-0.3,A-0.3,build_opus_synthetic_programme_v0_3.py@0.3,20260812,True,8e3a5d88f65ef14f7d25b131f67b55dd5d91a442e96236f6b330faced11bfc6d
PRJ-HWY,PRJ-HWY-ITEM-010,PRJ-HWY-ITEM-010-SHIPPING,SHIPPING,Q-SHIPPING,SHIPPING-SERVER-2,64.74795,64.74795,72.99594,0.0,8.24799,SEQUENTIAL_PIPELINE,SYNTHETIC_RESEARCH_FIXTURE,OG-SYNTH-0.3,A-0.3,build_opus_synthetic_programme_v0_3.py@0.3,20260812,True,68c8a4f0aa4ac5bd395303b18b1896934bf3e895888b334f4aa4c3855c5008ff
PRJ-HWY,PRJ-HWY-ITEM-010,PRJ-HWY-ITEM-010-DELIVERY,DELIVERY,Q-DELIVERY,DELIVERY-SERVER-2,72.99594,72.99594,74.160352,0.0,1.164412,SEQUENTIAL_PIPELINE,SYNTHETIC_RESEARCH_FIXTURE,OG-SYNTH-0.3,A-0.3,build_opus_synthetic_programme_v0_3.py@0.3,20260812,True,c2e24d021fc80f331d1322a33b04c8bfe3166be7cb39e71a62d3674c23c47a29
PRJ-HWY,PRJ-HWY-ITEM-011,PRJ-HWY-ITEM-011-REVIEW,REVIEW,Q-REVIEW,REVIEW-SERVER-2,6.869034,23.178729,24.682309,16.309695,1.50358,SEQUENTIAL_PIPELINE,SYNTHETIC_RESEARCH_FIXTURE,OG-SYNTH-0.3,A-0.3,build_opus_synthetic_programme_v0_3.py@0.3,20260812,True,60cb12073ed9d35c85a231b22568677e2a3b09254d12204c76377008240a2198
PRJ-HWY,PRJ-HWY-ITEM-011,PRJ-HWY-ITEM-011-FABRICATION,FABRICATION,Q-FABRICATION,FABRICATION-SERVER-2,24.682309,51.424498,64.003422,26.74219,12.578924,SEQUENTIAL_PIPELINE,SYNTHETIC_RESEARCH_FIXTURE,OG-SYNTH-0.3,A-0.3,build_opus_synthetic_programme_v0_3.py@0.3,20260812,True,86cef1eac1a58ddafb25189f08e7cd0353013cfd79ed9f0ba783922a029d5dff
PRJ-HWY,PRJ-HWY-ITEM-011,PRJ-HWY-ITEM-011-SHIPPING,SHIPPING,Q-SHIPPING,SHIPPING-SERVER-2,64.003422,72.99594,80.156563,8.992518,7.160623,SEQUENTIAL_PIPELINE,SYNTHETIC_RESEARCH_FIXTURE,OG-SYNTH-0.3,A-0.3,build_opus_synthetic_programme_v0_3.py@0.3,20260812,True,dda07c9b9fbb5d1ba2c371faf17d2aeb691c6a1a0147355bd5ef7758a2677ec7
PRJ-HWY,PRJ-HWY-ITEM-011,PRJ-HWY-ITEM-011-DELIVERY,DELIVERY,Q-DELIVERY,DELIVERY-SERVER-3,80.156563,80.156563,82.097123,0.0,1.940559,SEQUENTIAL_PIPELINE,SYNTHETIC_RESEARCH_FIXTURE,OG-SYNTH-0.3,A-0.3,build_opus_synthetic_programme_v0_3.py@0.3,20260812,True,f2d6f587a84d8e46e29d753f699c20d8605709b42218229a69f33792081e76e2
PRJ-HWY,PRJ-HWY-ITEM-012,PRJ-HWY-ITEM-012-REVIEW,REVIEW,Q-REVIEW,REVIEW-SERVER-1,6.547141,24.527895,29.193454,17.980755,4.665559,SEQUENTIAL_PIPELINE,SYNTHETIC_RESEARCH_FIXTURE,OG-SYNTH-0.3,A-0.3,build_opus_synthetic_programme_v0_3.py@0.3,20260812,True,c10a31ef100cf12e53343851078ee3311998be902b874f2a9f18440e17e955f1
PRJ-HWY,PRJ-HWY-ITEM-012,PRJ-HWY-ITEM-012-FABRICATION,FABRICATION,Q-FABRICATION,FABRICATION-SERVER-2,29.193454,64.003422,77.911479,34.809968,13.908056,SEQUENTIAL_PIPELINE,SYNTHETIC_RESEARCH_FIXTURE,OG-SYNTH-0.3,A-0.3,build_opus_synthetic_programme_v0_3.py@0.3,20260812,True,405f49cf0343526203a3ce5537121a6028325226de300004216e1092ce6ad1fe
PRJ-HWY,PRJ-HWY-ITEM-012,PRJ-HWY-ITEM-012-SHIPPING,SHIPPING,Q-SHIPPING,SHIPPING-SERVER-1,77.911479,77.911479,80.555396,0.0,2.643917,SEQUENTIAL_PIPELINE,SYNTHETIC_RESEARCH_FIXTURE,OG-SYNTH-0.3,A-0.3,build_opus_synthetic_programme_v0_3.py@0.3,20260812,True,2d81df56777fc3afa7906584431fa4d209498e6347677f3654c64e9c7850c372
PRJ-HWY,PRJ-HWY-ITEM-012,PRJ-HWY-ITEM-012-DELIVERY,DELIVERY,Q-DELIVERY,DELIVERY-SERVER-4,80.555396,80.555396,82.093469,0.0,1.538073,SEQUENTIAL_PIPELINE,SYNTHETIC_RESEARCH_FIXTURE,OG-SYNTH-0.3,A-0.3,build_opus_synthetic_programme_v0_3.py@0.3,20260812,True,2274c3b930325c5630ad057ea7ce075002e4c8d581382260b1b3b2a9780b300d
PRJ-HWY,PRJ-HWY-ITEM-013,PRJ-HWY-ITEM-013-REVIEW,REVIEW,Q-REVIEW,REVIEW-SERVER-2,7.407905,24.682309,28.103454,17.274403,3.421146,SEQUENTIAL_PIPELINE,SYNTHETIC_RESEARCH_FIXTURE,OG-SYNTH-0.3,A-0.3,build_opus_synthetic_programme_v0_3.py@0.3,20260812,True,3903234f79d243454ebdba97efdbe80b9c667e17e32e1b73d0393f3ecd31f7bb
PRJ-HWY,PRJ-HWY-ITEM-013,PRJ-HWY-ITEM-013-FABRICATION,FABRICATION,Q-FABRICATION,FABRICATION-SERVER-1,28.103454,64.74795,77.180581,36.644495,12.432632,SEQUENTIAL_PIPELINE,SYNTHETIC_RESEARCH_FIXTURE,OG-SYNTH-0.3,A-0.3,build_opus_synthetic_programme_v0_3.py@0.3,20260812,True,a5e86a586c7d3860ff5c528c8c4ffbff85b59ff189901fa577a140b445116083
PRJ-HWY,PRJ-HWY-ITEM-013,PRJ-HWY-ITEM-013-SHIPPING,SHIPPING,Q-SHIPPING,SHIPPING-SERVER-2,77.180581,80.156563,85.720814,2.975982,5.56425,SEQUENTIAL_PIPELINE,SYNTHETIC_RESEARCH_FIXTURE,OG-SYNTH-0.3,A-0.3,build_opus_synthetic_programme_v0_3.py@0.3,20260812,True,bdfdd8c86c7169f0fb4020f54ce3caec4ae185a46a7bba28343614f34c4af074
PRJ-HWY,PRJ-HWY-ITEM-013,PRJ-HWY-ITEM-013-DELIVERY,DELIVERY,Q-DELIVERY,DELIVERY-SERVER-2,85.720814,85.720814,87.128338,0.0,1.407524,SEQUENTIAL_PIPELINE,SYNTHETIC_RESEARCH_FIXTURE,OG-SYNTH-0.3,A-0.3,build_opus_synthetic_programme_v0_3.py@0.3,20260812,True,622d7b84ea08f94e7f5dc373b76e05953b1bf3075d2588033ead58a3ee4d3dd5
PRJ-HWY,PRJ-HWY-ITEM-014,PRJ-HWY-ITEM-014-REVIEW,REVIEW,Q-REVIEW,REVIEW-SERVER-2,9.345468,28.103454,30.677733,18.757986,2.574279,SEQUENTIAL_PIPELINE,SYNTHETIC_RESEARCH_FIXTURE,OG-SYNTH-0.3,A-0.3,build_opus_synthetic_programme_v0_3.py@0.3,20260812,True,4c3b596f981b9728bb251168948381acf430510a5140aba5f52daf15ff81be36
PRJ-HWY,PRJ-HWY-ITEM-014,PRJ-HWY-ITEM-014-FABRICATION,FABRICATION,Q-FABRICATION,FABRICATION-SERVER-3,30.677733,69.165707,81.694712,38.487973,12.529006,SEQUENTIAL_PIPELINE,SYNTHETIC_RESEARCH_FIXTURE,OG-SYNTH-0.3,A-0.3,build_opus_synthetic_programme_v0_3.py@0.3,20260812,True,cebae3a4ec60dfb91f13f9312d2d84346dc8e686bf42f5ce1f35ec9ae03bb2fc
PRJ-HWY,PRJ-HWY-ITEM-014,PRJ-HWY-ITEM-014-SHIPPING,SHIPPING,Q-SHIPPING,SHIPPING-SERVER-1,81.694712,81.694712,88.426387,0.0,6.731675,SEQUENTIAL_PIPELINE,SYNTHETIC_RESEARCH_FIXTURE,OG-SYNTH-0.3,A-0.3,build_opus_synthetic_programme_v0_3.py@0.3,20260812,True,a3625af1795159233f58277984c3039ba916158035b926926778cdb6d54309f3
PRJ-HWY,PRJ-HWY-ITEM-014,PRJ-HWY-ITEM-014-DELIVERY,DELIVERY,Q-DELIVERY,DELIVERY-SERVER-1,88.426387,88.426387,89.53484,0.0,1.108453,SEQUENTIAL_PIPELINE,SYNTHETIC_RESEARCH_FIXTURE,OG-SYNTH-0.3,A-0.3,build_opus_synthetic_programme_v0_3.py@0.3,20260812,True,a174229b7ce304d29b3db7cc86ea8d446a508ae911804c01eddf6ee5b724fb97
PRJ-HWY,PRJ-HWY-ITEM-015,PRJ-HWY-ITEM-015-REVIEW,REVIEW,Q-REVIEW,REVIEW-SERVER-1,3.172545,29.193454,32.56817,26.020909,3.374716,SEQUENTIAL_PIPELINE,SYNTHETIC_RESEARCH_FIXTURE,OG-SYNTH-0.3,A-0.3,build_opus_synthetic_programme_v0_3.py@0.3,20260812,True,c26c193fe465768fc0d966032fa5ce2277a7b5bfb15c910edb695ab01a015be9
PRJ-HWY,PRJ-HWY-ITEM-015,PRJ-HWY-ITEM-015-FABRICATION,FABRICATION,Q-FABRICATION,FABRICATION-SERVER-1,32.56817,77.180581,90.554785,44.612412,13.374204,SEQUENTIAL_PIPELINE,SYNTHETIC_RESEARCH_FIXTURE,OG-SYNTH-0.3,A-0.3,build_opus_synthetic_programme_v0_3.py@0.3,20260812,True,e0736be7dbf701c377ebd22fe432953fff8304fe2a82c6da1d79f996e121b64e
PRJ-HWY,PRJ-HWY-ITEM-015,PRJ-HWY-ITEM-015-SHIPPING,SHIPPING,Q-SHIPPING,SHIPPING-SERVER-2,90.554785,90.554785,95.917423,0.0,5.362638,SEQUENTIAL_PIPELINE,SYNTHETIC_RESEARCH_FIXTURE,OG-SYNTH-0.3,A-0.3,build_opus_synthetic_programme_v0_3.py@0.3,20260812,True,74a54d78cbb0d324ed03baebc2c2e19f139809cbf49bbba71d841bcc08c4e795
PRJ-HWY,PRJ-HWY-ITEM-015,PRJ-HWY-ITEM-015-DELIVERY,DELIVERY,Q-DELIVERY,DELIVERY-SERVER-4,95.917423,95.917423,97.095345,0.0,1.177921,SEQUENTIAL_PIPELINE,SYNTHETIC_RESEARCH_FIXTURE,OG-SYNTH-0.3,A-0.3,build_opus_synthetic_programme_v0_3.py@0.3,20260812,True,81e0aeb2de13adb7a15c647b2d42e367c4e48a0bc678f6f68185e9b2c783505e
PRJ-HWY,PRJ-HWY-ITEM-016,PRJ-HWY-ITEM-016-REVIEW,REVIEW,Q-REVIEW,REVIEW-SERVER-2,7.247883,30.677733,33.241146,23.42985,2.563413,SEQUENTIAL_PIPELINE,SYNTHETIC_RESEARCH_FIXTURE,OG-SYNTH-0.3,A-0.3,build_opus_synthetic_programme_v0_3.py@0.3,20260812,True,e46f8b9d52e254eba819858605cbe945ca8ef1cbaff43507937e28917c364bd4
PRJ-HWY,PRJ-HWY-ITEM-016,PRJ-HWY-ITEM-016-FABRICATION,FABRICATION,Q-FABRICATION,FABRICATION-SERVER-2,33.241146,77.911479,90.433128,44.670333,12.521649,SEQUENTIAL_PIPELINE,SYNTHETIC_RESEARCH_FIXTURE,OG-SYNTH-0.3,A-0.3,build_opus_synthetic_programme_v0_3.py@0.3,20260812,True,2caf9fa0d88a39672c403e6dbf6abeb5baea4fd4052d218f480bac7a8dc069f7
PRJ-HWY,PRJ-HWY-ITEM-016,PRJ-HWY-ITEM-016-SHIPPING,SHIPPING,Q-SHIPPING,SHIPPING-SERVER-1,90.433128,90.433128,97.356071,0.0,6.922943,SEQUENTIAL_PIPELINE,SYNTHETIC_RESEARCH_FIXTURE,OG-SYNTH-0.3,A-0.3,build_opus_synthetic_programme_v0_3.py@0.3,20260812,True,4efcca692414541d06cf0f917168bd308e14fef34b520a67571c73ed65c844df
PRJ-HWY,PRJ-HWY-ITEM-016,PRJ-HWY-ITEM-016-DELIVERY,DELIVERY,Q-DELIVERY,DELIVERY-SERVER-3,97.356071,97.356071,99.892255,0.0,2.536185,SEQUENTIAL_PIPELINE,SYNTHETIC_RESEARCH_FIXTURE,OG-SYNTH-0.3,A-0.3,build_opus_synthetic_programme_v0_3.py@0.3,20260812,True,47a077f476ad81ab099ede97b29cc03b7761f2516568aa6faf4964f0a8430ae0
PRJ-HWY,PRJ-HWY-ITEM-017,PRJ-HWY-ITEM-017-REVIEW,REVIEW,Q-REVIEW,REVIEW-SERVER-1,4.025932,32.56817,35.080042,28.542237,2.511872,SEQUENTIAL_PIPELINE,SYNTHETIC_RESEARCH_FIXTURE,OG-SYNTH-0.3,A-0.3,build_opus_synthetic_programme_v0_3.py@0.3,20260812,True,79f88508b20894d82b96f552e61518975df2258c85990b1cad5197f674654cd2
PRJ-HWY,PRJ-HWY-ITEM-017,PRJ-HWY-ITEM-017-FABRICATION,FABRICATION,Q-FABRICATION,FABRICATION-SERVER-3,35.080042,81.694712,94.551217,46.61467,12.856505,SEQUENTIAL_PIPELINE,SYNTHETIC_RESEARCH_FIXTURE,OG-SYNTH-0.3,A-0.3,build_opus_synthetic_programme_v0_3.py@0.3,20260812,True,b2fa4088b71fd8ad89753749251e96b822434da9630d555a88d0145662a81056
PRJ-HWY,PRJ-HWY-ITEM-017,PRJ-HWY-ITEM-017-SHIPPING,SHIPPING,Q-SHIPPING,SHIPPING-SERVER-2,94.551217,95.917423,102.279378,1.366206,6.361955,SEQUENTIAL_PIPELINE,SYNTHETIC_RESEARCH_FIXTURE,OG-SYNTH-0.3,A-0.3,build_opus_synthetic_programme_v0_3.py@0.3,20260812,True,e26947ddff1560a62c91c9da2ea5c8c0fc2a16f37d4d8767c42152544a8d017b
PRJ-HWY,PRJ-HWY-ITEM-017,PRJ-HWY-ITEM-017-DELIVERY,DELIVERY,Q-DELIVERY,DELIVERY-SERVER-2,102.279378,102.279378,103.791641,0.0,1.512264,SEQUENTIAL_PIPELINE,SYNTHETIC_RESEARCH_FIXTURE,OG-SYNTH-0.3,A-0.3,build_opus_synthetic_programme_v0_3.py@0.3,20260812,True,2766d7c72373b07becdc0f660fce2a2192bbe2da4b48c0202fa9e1cec0e996d6
PRJ-HWY,PRJ-HWY-ITEM-018,PRJ-HWY-ITEM-018-REVIEW,REVIEW,Q-REVIEW,REVIEW-SERVER-2,12.670878,33.241146,36.226986,20.570269,2.98584,SEQUENTIAL_PIPELINE,SYNTHETIC_RESEARCH_FIXTURE,OG-SYNTH-0.3,A-0.3,build_opus_synthetic_programme_v0_3.py@0.3,20260812,True,e7e977738990e5615a4f7a92d23a33170a43487c98aaada50d3ff4e3461c8f49
PRJ-HWY,PRJ-HWY-ITEM-018,PRJ-HWY-ITEM-018-FABRICATION,FABRICATION,Q-FABRICATION,FABRICATION-SERVER-2,36.226986,90.433128,100.620646,54.206142,10.187518,SEQUENTIAL_PIPELINE,SYNTHETIC_RESEARCH_FIXTURE,OG-SYNTH-0.3,A-0.3,build_opus_synthetic_programme_v0_3.py@0.3,20260812,True,641c95118dc306660b3779e06c811b73ed107d33efd600201c11b6cbedd70f1b
PRJ-HWY,PRJ-HWY-ITEM-018,PRJ-HWY-ITEM-018-SHIPPING,SHIPPING,Q-SHIPPING,SHIPPING-SERVER-1,100.620646,100.620646,104.67564,0.0,4.054994,SEQUENTIAL_PIPELINE,SYNTHETIC_RESEARCH_FIXTURE,OG-SYNTH-0.3,A-0.3,build_opus_synthetic_programme_v0_3.py@0.3,20260812,True,14344ca39336d774f70f14aef1f2e9c7003a77e34cb5fafe99419badd8e14349
PRJ-HWY,PRJ-HWY-ITEM-018,PRJ-HWY-ITEM-018-DELIVERY,DELIVERY,Q-DELIVERY,DELIVERY-SERVER-1,104.67564,104.67564,106.207312,0.0,1.531673,SEQUENTIAL_PIPELINE,SYNTHETIC_RESEARCH_FIXTURE,OG-SYNTH-0.3,A-0.3,build_opus_synthetic_programme_v0_3.py@0.3,20260812,True,cdfd1e9473971b0a6b3e833b84648c5868f5812fb7c0ce44653d1157ef5228a7
PRJ-HWY,PRJ-HWY-ITEM-019,PRJ-HWY-ITEM-019-REVIEW,REVIEW,Q-REVIEW,REVIEW-SERVER-1,13.023719,35.080042,38.317753,22.056323,3.237711,SEQUENTIAL_PIPELINE,SYNTHETIC_RESEARCH_FIXTURE,OG-SYNTH-0.3,A-0.3,build_opus_synthetic_programme_v0_3.py@0.3,20260812,True,7a9c2be7487c29eb70456db593b01d564c8d931e3d8baa6e6857716fb389b8c5
PRJ-HWY,PRJ-HWY-ITEM-019,PRJ-HWY-ITEM-019-FABRICATION,FABRICATION,Q-FABRICATION,FABRICATION-SERVER-1,38.317753,90.554785,99.650343,52.237032,9.095558,SEQUENTIAL_PIPELINE,SYNTHETIC_RESEARCH_FIXTURE,OG-SYNTH-0.3,A-0.3,build_opus_synthetic_programme_v0_3.py@0.3,20260812,True,a33e2f00e7c7c37ed7452e76d40a52b2826ef78fd4f1decdab94eabb0ef49d58
PRJ-HWY,PRJ-HWY-ITEM-019,PRJ-HWY-ITEM-019-SHIPPING,SHIPPING,Q-SHIPPING,SHIPPING-SERVER-2,99.650343,102.279378,106.389934,2.629035,4.110556,SEQUENTIAL_PIPELINE,SYNTHETIC_RESEARCH_FIXTURE,OG-SYNTH-0.3,A-0.3,build_opus_synthetic_programme_v0_3.py@0.3,20260812,True,38c65ff4f45966c5f2fd05acd26bca5b9ffd9c4fa9f54e653538e2dc73c39b15
PRJ-HWY,PRJ-HWY-ITEM-019,PRJ-HWY-ITEM-019-DELIVERY,DELIVERY,Q-DELIVERY,DELIVERY-SERVER-4,106.389934,106.389934,107.844156,0.0,1.454222,SEQUENTIAL_PIPELINE,SYNTHETIC_RESEARCH_FIXTURE,OG-SYNTH-0.3,A-0.3,build_opus_synthetic_programme_v0_3.py@0.3,20260812,True,4120dfdf345b1fc7fdf68112f12fab437b8e8fd8d496f62d4a32194a5da825c9
PRJ-HWY,PRJ-HWY-ITEM-020,PRJ-HWY-ITEM-020-REVIEW,REVIEW,Q-REVIEW,REVIEW-SERVER-2,4.1624,36.226986,40.269428,32.064586,4.042442,SEQUENTIAL_PIPELINE,SYNTHETIC_RESEARCH_FIXTURE,OG-SYNTH-0.3,A-0.3,build_opus_synthetic_programme_v0_3.py@0.3,20260812,True,d2df84aaf96f3d9b2b1046b54610a7733dcc89619e511a87779ede1b62cc5bda
PRJ-HWY,PRJ-HWY-ITEM-020,PRJ-HWY-ITEM-020-FABRICATION,FABRICATION,Q-FABRICATION,FABRICATION-SERVER-3,40.269428,94.551217,104.51442,54.281789,9.963203,SEQUENTIAL_PIPELINE,SYNTHETIC_RESEARCH_FIXTURE,OG-SYNTH-0.3,A-0.3,build_opus_synthetic_programme_v0_3.py@0.3,20260812,True,a662dd1c9490a54ff8938ed38ece33fb16e7e503641c152c82ee96b64fb22b6f
PRJ-HWY,PRJ-HWY-ITEM-020,PRJ-HWY-ITEM-020-SHIPPING,SHIPPING,Q-SHIPPING,SHIPPING-SERVER-1,104.51442,104.67564,108.373748,0.161219,3.698109,SEQUENTIAL_PIPELINE,SYNTHETIC_RESEARCH_FIXTURE,OG-SYNTH-0.3,A-0.3,build_opus_synthetic_programme_v0_3.py@0.3,20260812,True,7137f0b8edf7450c0b6cb34342a802425775bf5da6cb0ad28026606e0db93262
PRJ-HWY,PRJ-HWY-ITEM-020,PRJ-HWY-ITEM-020-DELIVERY,DELIVERY,Q-DELIVERY,DELIVERY-SERVER-3,108.373748,108.373748,110.707974,0.0,2.334226,SEQUENTIAL_PIPELINE,SYNTHETIC_RESEARCH_FIXTURE,OG-SYNTH-0.3,A-0.3,build_opus_synthetic_programme_v0_3.py@0.3,20260812,True,5ca66f711bb82ac5f855ac34b4b7ff896adefe21120ddd5006d695f8bf183256
PRJ-HSP,PRJ-HSP-ITEM-001,PRJ-HSP-ITEM-001-REVIEW,REVIEW,Q-REVIEW,REVIEW-SERVER-1,8.192165,8.192165,10.552234,0.0,2.360068,SEQUENTIAL_PIPELINE,SYNTHETIC_RESEARCH_FIXTURE,OG-SYNTH-0.3,A-0.3,build_opus_synthetic_programme_v0_3.py@0.3,20260812,True,13a6387dad919bb463b257e21992e7a0f273962ec10ec3944aba0ad346a30984
PRJ-HSP,PRJ-HSP-ITEM-001,PRJ-HSP-ITEM-001-FABRICATION,FABRICATION,Q-FABRICATION,FABRICATION-SERVER-1,10.552234,10.552234,24.844234,0.0,14.292,SEQUENTIAL_PIPELINE,SYNTHETIC_RESEARCH_FIXTURE,OG-SYNTH-0.3,A-0.3,build_opus_synthetic_programme_v0_3.py@0.3,20260812,True,3d11e42b22cfe67a2b655a835654adea56f1b164ec0c743ae607c777cf909890
PRJ-HSP,PRJ-HSP-ITEM-001,PRJ-HSP-ITEM-001-SHIPPING,SHIPPING,Q-SHIPPING,SHIPPING-SERVER-1,24.844234,24.844234,29.380829,0.0,4.536595,SEQUENTIAL_PIPELINE,SYNTHETIC_RESEARCH_FIXTURE,OG-SYNTH-0.3,A-0.3,build_opus_synthetic_programme_v0_3.py@0.3,20260812,True,967eac1929a81792cf281f888561da229494168a44f7725a1ff5ad8b295f5064
PRJ-HSP,PRJ-HSP-ITEM-001,PRJ-HSP-ITEM-001-DELIVERY,DELIVERY,Q-DELIVERY,DELIVERY-SERVER-1,29.380829,29.380829,30.87429,0.0,1.493461,SEQUENTIAL_PIPELINE,SYNTHETIC_RESEARCH_FIXTURE,OG-SYNTH-0.3,A-0.3,build_opus_synthetic_programme_v0_3.py@0.3,20260812,True,8fc669d6bf64b5cd987a1de0701ae19c2b38947bb158f631a74e9982a03c2b3d
PRJ-HSP,PRJ-HSP-ITEM-002,PRJ-HSP-ITEM-002-REVIEW,REVIEW,Q-REVIEW,REVIEW-SERVER-2,11.897641,11.897641,14.952512,0.0,3.054871,SEQUENTIAL_PIPELINE,SYNTHETIC_RESEARCH_FIXTURE,OG-SYNTH-0.3,A-0.3,build_opus_synthetic_programme_v0_3.py@0.3,20260812,True,343276bf28aed4ba9261efeeb2ab556765c05ee16e6a130b52bb309abfedd03c
PRJ-HSP,PRJ-HSP-ITEM-002,PRJ-HSP-ITEM-002-FABRICATION,FABRICATION,Q-FABRICATION,FABRICATION-SERVER-2,14.952512,14.952512,30.902281,0.0,15.949769,SEQUENTIAL_PIPELINE,SYNTHETIC_RESEARCH_FIXTURE,OG-SYNTH-0.3,A-0.3,build_opus_synthetic_programme_v0_3.py@0.3,20260812,True,418b7f8947b89a74ef026b5a6abdde318265759ee7f8d7a5a01d699c01c2f735
PRJ-HSP,PRJ-HSP-ITEM-002,PRJ-HSP-ITEM-002-SHIPPING,SHIPPING,Q-SHIPPING,SHIPPING-SERVER-2,30.902281,30.902281,41.638915,0.0,10.736635,SEQUENTIAL_PIPELINE,SYNTHETIC_RESEARCH_FIXTURE,OG-SYNTH-0.3,A-0.3,build_opus_synthetic_programme_v0_3.py@0.3,20260812,True,5cc054597329736e014fe3e6d31b096396f72788199e28285908aac1f3fa415a
PRJ-HSP,PRJ-HSP-ITEM-002,PRJ-HSP-ITEM-002-DELIVERY,DELIVERY,Q-DELIVERY,DELIVERY-SERVER-2,41.638915,41.638915,43.420298,0.0,1.781383,SEQUENTIAL_PIPELINE,SYNTHETIC_RESEARCH_FIXTURE,OG-SYNTH-0.3,A-0.3,build_opus_synthetic_programme_v0_3.py@0.3,20260812,True,87882ba8896d485eea38b48b899d339efdb731fc7b2c478f3dd5245c8d710bd5
PRJ-HSP,PRJ-HSP-ITEM-003,PRJ-HSP-ITEM-003-REVIEW,REVIEW,Q-REVIEW,REVIEW-SERVER-1,1.787812,10.552234,12.868681,8.764422,2.316448,SEQUENTIAL_PIPELINE,SYNTHETIC_RESEARCH_FIXTURE,OG-SYNTH-0.3,A-0.3,build_opus_synthetic_programme_v0_3.py@0.3,20260812,True,6f22c137b0f44e1002bcd610d454bee1c376fa13183274bec22a59fcfb67eff2
PRJ-HSP,PRJ-HSP-ITEM-003,PRJ-HSP-ITEM-003-FABRICATION,FABRICATION,Q-FABRICATION,FABRICATION-SERVER-3,12.868681,12.868681,24.514271,0.0,11.64559,SEQUENTIAL_PIPELINE,SYNTHETIC_RESEARCH_FIXTURE,OG-SYNTH-0.3,A-0.3,build_opus_synthetic_programme_v0_3.py@0.3,20260812,True,786cc11eb31baa424e68d6fdc89bd5c72f2dcdb1c96a59b23801a410f81dbfbc
PRJ-HSP,PRJ-HSP-ITEM-003,PRJ-HSP-ITEM-003-SHIPPING,SHIPPING,Q-SHIPPING,SHIPPING-SERVER-1,24.514271,29.380829,36.501988,4.866558,7.121159,SEQUENTIAL_PIPELINE,SYNTHETIC_RESEARCH_FIXTURE,OG-SYNTH-0.3,A-0.3,build_opus_synthetic_programme_v0_3.py@0.3,20260812,True,a88340799dfaf0472f46f1e524dd0866b60ccd94ad94050696977253781a2134
PRJ-HSP,PRJ-HSP-ITEM-003,PRJ-HSP-ITEM-003-DELIVERY,DELIVERY,Q-DELIVERY,DELIVERY-SERVER-3,36.501988,36.501988,38.131392,0.0,1.629404,SEQUENTIAL_PIPELINE,SYNTHETIC_RESEARCH_FIXTURE,OG-SYNTH-0.3,A-0.3,build_opus_synthetic_programme_v0_3.py@0.3,20260812,True,2718a908516b6376a46d2a431d17ef19a8115d7571383eacad350ee5b411cf1a
PRJ-HSP,PRJ-HSP-ITEM-004,PRJ-HSP-ITEM-004-REVIEW,REVIEW,Q-REVIEW,REVIEW-SERVER-1,13.825065,13.825065,16.582209,0.0,2.757144,SEQUENTIAL_PIPELINE,SYNTHETIC_RESEARCH_FIXTURE,OG-SYNTH-0.3,A-0.3,build_opus_synthetic_programme_v0_3.py@0.3,20260812,True,78f0cf2efb0b9bf3b8d9ee1e1feca3e6cb18f92844c1e6d2907a6c2e4fd96efb
PRJ-HSP,PRJ-HSP-ITEM-004,PRJ-HSP-ITEM-004-FABRICATION,FABRICATION,Q-FABRICATION,FABRICATION-SERVER-3,16.582209,24.514271,39.598298,7.932062,15.084026,SEQUENTIAL_PIPELINE,SYNTHETIC_RESEARCH_FIXTURE,OG-SYNTH-0.3,A-0.3,build_opus_synthetic_programme_v0_3.py@0.3,20260812,True,311c4767e540f2622dc9873ee24699cc1361e58539a94d2dbf0dab190e8c963e
PRJ-HSP,PRJ-HSP-ITEM-004,PRJ-HSP-ITEM-004-SHIPPING,SHIPPING,Q-SHIPPING,SHIPPING-SERVER-1,39.598298,39.598298,47.041041,0.0,7.442744,SEQUENTIAL_PIPELINE,SYNTHETIC_RESEARCH_FIXTURE,OG-SYNTH-0.3,A-0.3,build_opus_synthetic_programme_v0_3.py@0.3,20260812,True,c63fe7487eeca4a94332d18139229fd764e9ae1b87b174fb3b4b0faa887451cd
PRJ-HSP,PRJ-HSP-ITEM-004,PRJ-HSP-ITEM-004-DELIVERY,DELIVERY,Q-DELIVERY,DELIVERY-SERVER-4,47.041041,47.041041,48.06417,0.0,1.023129,SEQUENTIAL_PIPELINE,SYNTHETIC_RESEARCH_FIXTURE,OG-SYNTH-0.3,A-0.3,build_opus_synthetic_programme_v0_3.py@0.3,20260812,True,39eea8f1aebf2b02c07ab8336fc40542c1ff6a1ed661eb1065d2b37943fff3bd
PRJ-HSP,PRJ-HSP-ITEM-005,PRJ-HSP-ITEM-005-REVIEW,REVIEW,Q-REVIEW,REVIEW-SERVER-2,10.399733,14.952512,17.819818,4.552779,2.867306,SEQUENTIAL_PIPELINE,SYNTHETIC_RESEARCH_FIXTURE,OG-SYNTH-0.3,A-0.3,build_opus_synthetic_programme_v0_3.py@0.3,20260812,True,8fff53db80c8bde15e8cbc9ebed34295ddd97d753f34d1424eb7ffe8585a125c
PRJ-HSP,PRJ-HSP-ITEM-005,PRJ-HSP-ITEM-005-FABRICATION,FABRICATION,Q-FABRICATION,FABRICATION-SERVER-1,17.819818,24.844234,35.193759,7.024416,10.349525,SEQUENTIAL_PIPELINE,SYNTHETIC_RESEARCH_FIXTURE,OG-SYNTH-0.3,A-0.3,build_opus_synthetic_programme_v0_3.py@0.3,20260812,True,099da5feeab3ee2b517d74a08a2e6ab8b7c7f45f1a78c6c0e6e59b5d4bab212c
PRJ-HSP,PRJ-HSP-ITEM-005,PRJ-HSP-ITEM-005-SHIPPING,SHIPPING,Q-SHIPPING,SHIPPING-SERVER-2,35.193759,41.638915,46.885113,6.445156,5.246198,SEQUENTIAL_PIPELINE,SYNTHETIC_RESEARCH_FIXTURE,OG-SYNTH-0.3,A-0.3,build_opus_synthetic_programme_v0_3.py@0.3,20260812,True,817e8acd646f24ab994d1f2ae9cc35d8203498697ee18f6f21328c4ce9247683
PRJ-HSP,PRJ-HSP-ITEM-005,PRJ-HSP-ITEM-005-DELIVERY,DELIVERY,Q-DELIVERY,DELIVERY-SERVER-1,46.885113,46.885113,48.112906,0.0,1.227793,SEQUENTIAL_PIPELINE,SYNTHETIC_RESEARCH_FIXTURE,OG-SYNTH-0.3,A-0.3,build_opus_synthetic_programme_v0_3.py@0.3,20260812,True,a7b32350d44723622cf71869af5bf92308dd6aea0b79a0743bd88daf0db05311
PRJ-HSP,PRJ-HSP-ITEM-006,PRJ-HSP-ITEM-006-REVIEW,REVIEW,Q-REVIEW,REVIEW-SERVER-1,7.749964,16.582209,20.94837,8.832245,4.366161,SEQUENTIAL_PIPELINE,SYNTHETIC_RESEARCH_FIXTURE,OG-SYNTH-0.3,A-0.3,build_opus_synthetic_programme_v0_3.py@0.3,20260812,True,f8808b7138c4678deb92affaf5d77a21dc0af6a925e2b524fe7864c72e527385
PRJ-HSP,PRJ-HSP-ITEM-006,PRJ-HSP-ITEM-006-FABRICATION,FABRICATION,Q-FABRICATION,FABRICATION-SERVER-2,20.94837,30.902281,41.460159,9.95391,10.557879,SEQUENTIAL_PIPELINE,SYNTHETIC_RESEARCH_FIXTURE,OG-SYNTH-0.3,A-0.3,build_opus_synthetic_programme_v0_3.py@0.3,20260812,True,bec5a557796500fb0be37d7ecf8717c9666490f7cd676831e8b10c3651078621
PRJ-HSP,PRJ-HSP-ITEM-006,PRJ-HSP-ITEM-006-SHIPPING,SHIPPING,Q-SHIPPING,SHIPPING-SERVER-2,41.460159,46.885113,51.742831,5.424954,4.857718,SEQUENTIAL_PIPELINE,SYNTHETIC_RESEARCH_FIXTURE,OG-SYNTH-0.3,A-0.3,build_opus_synthetic_programme_v0_3.py@0.3,20260812,True,3af769b9b38a1db3859a2a8cbfab4d04db7142cf279125e56db45774449b5c68
PRJ-HSP,PRJ-HSP-ITEM-006,PRJ-HSP-ITEM-006-DELIVERY,DELIVERY,Q-DELIVERY,DELIVERY-SERVER-3,51.742831,51.742831,52.718168,0.0,0.975337,SEQUENTIAL_PIPELINE,SYNTHETIC_RESEARCH_FIXTURE,OG-SYNTH-0.3,A-0.3,build_opus_synthetic_programme_v0_3.py@0.3,20260812,True,0d1fc27ec85e7c28889e935a5837558e673798b6604d4a3a1e455ef5af056f5a
PRJ-HSP,PRJ-HSP-ITEM-007,PRJ-HSP-ITEM-007-REVIEW,REVIEW,Q-REVIEW,REVIEW-SERVER-2,4.7088,17.819818,19.936891,13.111018,2.117073,SEQUENTIAL_PIPELINE,SYNTHETIC_RESEARCH_FIXTURE,OG-SYNTH-0.3,A-0.3,build_opus_synthetic_programme_v0_3.py@0.3,20260812,True,a2a60eec34699b09258504c23906bc42e3ad369bb23816e1cc9565817dd245f6
PRJ-HSP,PRJ-HSP-ITEM-007,PRJ-HSP-ITEM-007-FABRICATION,FABRICATION,Q-FABRICATION,FABRICATION-SERVER-1,19.936891,35.193759,42.774883,15.256868,7.581124,SEQUENTIAL_PIPELINE,SYNTHETIC_RESEARCH_FIXTURE,OG-SYNTH-0.3,A-0.3,build_opus_synthetic_programme_v0_3.py@0.3,20260812,True,7ab5b5539b73636b4d5e35b0f7b5ad27ce7f8de3cd27a3421a0022de9ca362ff
PRJ-HSP,PRJ-HSP-ITEM-007,PRJ-HSP-ITEM-007-SHIPPING,SHIPPING,Q-SHIPPING,SHIPPING-SERVER-1,42.774883,47.041041,51.394089,4.266159,4.353047,SEQUENTIAL_PIPELINE,SYNTHETIC_RESEARCH_FIXTURE,OG-SYNTH-0.3,A-0.3,build_opus_synthetic_programme_v0_3.py@0.3,20260812,True,9868fb37ddae8788d3315e989417b5f2e9e734a3eb5da1beed685951fe0feeff
PRJ-HSP,PRJ-HSP-ITEM-007,PRJ-HSP-ITEM-007-DELIVERY,DELIVERY,Q-DELIVERY,DELIVERY-SERVER-2,51.394089,51.394089,53.463624,0.0,2.069535,SEQUENTIAL_PIPELINE,SYNTHETIC_RESEARCH_FIXTURE,OG-SYNTH-0.3,A-0.3,build_opus_synthetic_programme_v0_3.py@0.3,20260812,True,81df49809af50854076be33f320cf3301f2865136ab95d8be25312879c412ff9
PRJ-HSP,PRJ-HSP-ITEM-008,PRJ-HSP-ITEM-008-REVIEW,REVIEW,Q-REVIEW,REVIEW-SERVER-2,11.032555,19.936891,22.689539,8.904336,2.752648,SEQUENTIAL_PIPELINE,SYNTHETIC_RESEARCH_FIXTURE,OG-SYNTH-0.3,A-0.3,build_opus_synthetic_programme_v0_3.py@0.3,20260812,True,c4df2ef5a9d8013926af49a5c2ec80db67acf13f3859e50b84baf18e9e70bc6a
PRJ-HSP,PRJ-HSP-ITEM-008,PRJ-HSP-ITEM-008-FABRICATION,FABRICATION,Q-FABRICATION,FABRICATION-SERVER-3,22.689539,39.598298,51.946842,16.908759,12.348544,SEQUENTIAL_PIPELINE,SYNTHETIC_RESEARCH_FIXTURE,OG-SYNTH-0.3,A-0.3,build_opus_synthetic_programme_v0_3.py@0.3,20260812,True,ab9ba287d9db176159786608310d66300a2c13e2d6efb22583341e47f07cc3b9
PRJ-HSP,PRJ-HSP-ITEM-008,PRJ-HSP-ITEM-008-SHIPPING,SHIPPING,Q-SHIPPING,SHIPPING-SERVER-1,51.946842,51.946842,56.738483,0.0,4.791641,SEQUENTIAL_PIPELINE,SYNTHETIC_RESEARCH_FIXTURE,OG-SYNTH-0.3,A-0.3,build_opus_synthetic_programme_v0_3.py@0.3,20260812,True,ed545740139ec45b4714c4704326cccf4960dd5c209ea85d8ace698bc1bce5b4
PRJ-HSP,PRJ-HSP-ITEM-008,PRJ-HSP-ITEM-008-DELIVERY,DELIVERY,Q-DELIVERY,DELIVERY-SERVER-4,56.738483,56.738483,58.030106,0.0,1.291623,SEQUENTIAL_PIPELINE,SYNTHETIC_RESEARCH_FIXTURE,OG-SYNTH-0.3,A-0.3,build_opus_synthetic_programme_v0_3.py@0.3,20260812,True,ae34127f978482a60c8cf0d6258f0e3229a8b1202fb5510aa90c78fb7649c6bd
PRJ-HSP,PRJ-HSP-ITEM-009,PRJ-HSP-ITEM-009-REVIEW,REVIEW,Q-REVIEW,REVIEW-SERVER-1,12.436568,20.94837,25.528747,8.511802,4.580376,SEQUENTIAL_PIPELINE,SYNTHETIC_RESEARCH_FIXTURE,OG-SYNTH-0.3,A-0.3,build_opus_synthetic_programme_v0_3.py@0.3,20260812,True,fd2ad26ae4a2bbaea37872a6d17d161c0cddb2b6ad75f05b3a0d8a2eb47ff7a1
PRJ-HSP,PRJ-HSP-ITEM-009,PRJ-HSP-ITEM-009-FABRICATION,FABRICATION,Q-FABRICATION,FABRICATION-SERVER-2,25.528747,41.460159,57.851529,15.931413,16.391369,SEQUENTIAL_PIPELINE,SYNTHETIC_RESEARCH_FIXTURE,OG-SYNTH-0.3,A-0.3,build_opus_synthetic_programme_v0_3.py@0.3,20260812,True,376966ce2dbe6f0428a6ac101253c7283cda373a9c7d8df53fde35c5c70c36e1
PRJ-HSP,PRJ-HSP-ITEM-009,PRJ-HSP-ITEM-009-SHIPPING,SHIPPING,Q-SHIPPING,SHIPPING-SERVER-2,57.851529,57.851529,62.90302,0.0,5.051491,SEQUENTIAL_PIPELINE,SYNTHETIC_RESEARCH_FIXTURE,OG-SYNTH-0.3,A-0.3,build_opus_synthetic_programme_v0_3.py@0.3,20260812,True,0f5a73f59007b50a901d7634b3040379074f28041158a133137e632ed9f1301c
PRJ-HSP,PRJ-HSP-ITEM-009,PRJ-HSP-ITEM-009-DELIVERY,DELIVERY,Q-DELIVERY,DELIVERY-SERVER-1,62.90302,62.90302,63.900969,0.0,0.997949,SEQUENTIAL_PIPELINE,SYNTHETIC_RESEARCH_FIXTURE,OG-SYNTH-0.3,A-0.3,build_opus_synthetic_programme_v0_3.py@0.3,20260812,True,b56ad51d82f6f304307d46b1b0214960988be6e773c2f8ed8fcdb546700cbf52
PRJ-HSP,PRJ-HSP-ITEM-010,PRJ-HSP-ITEM-010-REVIEW,REVIEW,Q-REVIEW,REVIEW-SERVER-2,12.400011,22.689539,25.925194,10.289528,3.235655,SEQUENTIAL_PIPELINE,SYNTHETIC_RESEARCH_FIXTURE,OG-SYNTH-0.3,A-0.3,build_opus_synthetic_programme_v0_3.py@0.3,20260812,True,378e84538ff454ef5369d0587750d6ec8020085db3106b263942ea379da5c8f8
PRJ-HSP,PRJ-HSP-ITEM-010,PRJ-HSP-ITEM-010-FABRICATION,FABRICATION,Q-FABRICATION,FABRICATION-SERVER-1,25.925194,42.774883,53.776819,16.849689,11.001936,SEQUENTIAL_PIPELINE,SYNTHETIC_RESEARCH_FIXTURE,OG-SYNTH-0.3,A-0.3,build_opus_synthetic_programme_v0_3.py@0.3,20260812,True,ae31e6a6fdf69b0e12951a41725c50436117a9e5a6e4a859bfe1c281895911e6
PRJ-HSP,PRJ-HSP-ITEM-010,PRJ-HSP-ITEM-010-SHIPPING,SHIPPING,Q-SHIPPING,SHIPPING-SERVER-1,53.776819,56.738483,60.52979,2.961663,3.791307,SEQUENTIAL_PIPELINE,SYNTHETIC_RESEARCH_FIXTURE,OG-SYNTH-0.3,A-0.3,build_opus_synthetic_programme_v0_3.py@0.3,20260812,True,003e0561204871ff5595836e94df02047685b2539189732226a6e646d91a9e7c
PRJ-HSP,PRJ-HSP-ITEM-010,PRJ-HSP-ITEM-010-DELIVERY,DELIVERY,Q-DELIVERY,DELIVERY-SERVER-3,60.52979,60.52979,62.421131,0.0,1.891341,SEQUENTIAL_PIPELINE,SYNTHETIC_RESEARCH_FIXTURE,OG-SYNTH-0.3,A-0.3,build_opus_synthetic_programme_v0_3.py@0.3,20260812,True,f22c48fccf5e810460123bf7787c2e315102c14e8408a09c0677357eb84a6852
PRJ-HSP,PRJ-HSP-ITEM-011,PRJ-HSP-ITEM-011-REVIEW,REVIEW,Q-REVIEW,REVIEW-SERVER-1,2.063513,25.528747,28.774927,23.465234,3.246181,SEQUENTIAL_PIPELINE,SYNTHETIC_RESEARCH_FIXTURE,OG-SYNTH-0.3,A-0.3,build_opus_synthetic_programme_v0_3.py@0.3,20260812,True,f3737f99ac6dcf296475b5efe4eba170f15a51a2ddec0036e29622b063e79eb3
PRJ-HSP,PRJ-HSP-ITEM-011,PRJ-HSP-ITEM-011-FABRICATION,FABRICATION,Q-FABRICATION,FABRICATION-SERVER-3,28.774927,51.946842,62.236606,23.171914,10.289764,SEQUENTIAL_PIPELINE,SYNTHETIC_RESEARCH_FIXTURE,OG-SYNTH-0.3,A-0.3,build_opus_synthetic_programme_v0_3.py@0.3,20260812,True,882d335481155793a8c353c89a27dbf0ab9b3181279cf426f4ad9ff9edd581a1
PRJ-HSP,PRJ-HSP-ITEM-011,PRJ-HSP-ITEM-011-SHIPPING,SHIPPING,Q-SHIPPING,SHIPPING-SERVER-1,62.236606,62.236606,68.922961,0.0,6.686355,SEQUENTIAL_PIPELINE,SYNTHETIC_RESEARCH_FIXTURE,OG-SYNTH-0.3,A-0.3,build_opus_synthetic_programme_v0_3.py@0.3,20260812,True,b7830236fcbcbacfc2ebbfe8ec63f423cf4bcfe2893f2d32bd384002cdd03fcc
PRJ-HSP,PRJ-HSP-ITEM-011,PRJ-HSP-ITEM-011-DELIVERY,DELIVERY,Q-DELIVERY,DELIVERY-SERVER-2,68.922961,68.922961,70.431261,0.0,1.5083,SEQUENTIAL_PIPELINE,SYNTHETIC_RESEARCH_FIXTURE,OG-SYNTH-0.3,A-0.3,build_opus_synthetic_programme_v0_3.py@0.3,20260812,True,6634eb4245a84fa1db28961f13ac1d2c4bfe5287b0316cf6edea47205d09f9f9
PRJ-HSP,PRJ-HSP-ITEM-012,PRJ-HSP-ITEM-012-REVIEW,REVIEW,Q-REVIEW,REVIEW-SERVER-2,1.31204,25.925194,28.612722,24.613154,2.687528,SEQUENTIAL_PIPELINE,SYNTHETIC_RESEARCH_FIXTURE,OG-SYNTH-0.3,A-0.3,build_opus_synthetic_programme_v0_3.py@0.3,20260812,True,f4fe5f424de685133fde851703892deaeb6dca96aec4d32ffbe05b2fb8e1816b
PRJ-HSP,PRJ-HSP-ITEM-012,PRJ-HSP-ITEM-012-FABRICATION,FABRICATION,Q-FABRICATION,FABRICATION-SERVER-1,28.612722,53.776819,67.145891,25.164097,13.369072,SEQUENTIAL_PIPELINE,SYNTHETIC_RESEARCH_FIXTURE,OG-SYNTH-0.3,A-0.3,build_opus_synthetic_programme_v0_3.py@0.3,20260812,True,e28cab4a7d19a6680050faf8b2027977099640d7fa71cf7cbb1b1ce91462eace
PRJ-HSP,PRJ-HSP-ITEM-012,PRJ-HSP-ITEM-012-SHIPPING,SHIPPING,Q-SHIPPING,SHIPPING-SERVER-2,67.145891,67.145891,73.450378,0.0,6.304487,SEQUENTIAL_PIPELINE,SYNTHETIC_RESEARCH_FIXTURE,OG-SYNTH-0.3,A-0.3,build_opus_synthetic_programme_v0_3.py@0.3,20260812,True,6bcc01a21ce11a8dce3744755a72fcf330374cdee0ad933a12f7565de1ab3578
PRJ-HSP,PRJ-HSP-ITEM-012,PRJ-HSP-ITEM-012-DELIVERY,DELIVERY,Q-DELIVERY,DELIVERY-SERVER-4,73.450378,73.450378,75.733175,0.0,2.282797,SEQUENTIAL_PIPELINE,SYNTHETIC_RESEARCH_FIXTURE,OG-SYNTH-0.3,A-0.3,build_opus_synthetic_programme_v0_3.py@0.3,20260812,True,a0e5d3f29e97923497305e95457717677ceee1bfda9cbad727fc5d5d8eee172a
PRJ-HSP,PRJ-HSP-ITEM-013,PRJ-HSP-ITEM-013-REVIEW,REVIEW,Q-REVIEW,REVIEW-SERVER-2,8.631662,28.612722,32.032167,19.98106,3.419445,SEQUENTIAL_PIPELINE,SYNTHETIC_RESEARCH_FIXTURE,OG-SYNTH-0.3,A-0.3,build_opus_synthetic_programme_v0_3.py@0.3,20260812,True,1e18a808d19f2b5b2110aa8a36521d8611999175ad134dabb0e9e8cf3353f998
PRJ-HSP,PRJ-HSP-ITEM-013,PRJ-HSP-ITEM-013-FABRICATION,FABRICATION,Q-FABRICATION,FABRICATION-SERVER-2,32.032167,57.851529,70.182043,25.819361,12.330515,SEQUENTIAL_PIPELINE,SYNTHETIC_RESEARCH_FIXTURE,OG-SYNTH-0.3,A-0.3,build_opus_synthetic_programme_v0_3.py@0.3,20260812,True,50a9b86258920b40b5f2ed0931b06eea4bf672719c5b967838b878673840fbbe
PRJ-HSP,PRJ-HSP-ITEM-013,PRJ-HSP-ITEM-013-SHIPPING,SHIPPING,Q-SHIPPING,SHIPPING-SERVER-1,70.182043,70.182043,74.542085,0.0,4.360042,SEQUENTIAL_PIPELINE,SYNTHETIC_RESEARCH_FIXTURE,OG-SYNTH-0.3,A-0.3,build_opus_synthetic_programme_v0_3.py@0.3,20260812,True,fc89e69cff0c0eba7d9f57c0563d785cfa3d8049590dab5d09535673cb24e94f
PRJ-HSP,PRJ-HSP-ITEM-013,PRJ-HSP-ITEM-013-DELIVERY,DELIVERY,Q-DELIVERY,DELIVERY-SERVER-3,74.542085,74.542085,76.286475,0.0,1.744389,SEQUENTIAL_PIPELINE,SYNTHETIC_RESEARCH_FIXTURE,OG-SYNTH-0.3,A-0.3,build_opus_synthetic_programme_v0_3.py@0.3,20260812,True,e64f23f83be7ab561f3efbe627f645ac52b38ce1c6fbfe6331dad10fb91ec2db
PRJ-HSP,PRJ-HSP-ITEM-014,PRJ-HSP-ITEM-014-REVIEW,REVIEW,Q-REVIEW,REVIEW-SERVER-1,13.316708,28.774927,31.279456,15.458219,2.504528,SEQUENTIAL_PIPELINE,SYNTHETIC_RESEARCH_FIXTURE,OG-SYNTH-0.3,A-0.3,build_opus_synthetic_programme_v0_3.py@0.3,20260812,True,fc362d2bae53e30ab10c03d678e7fe2a07930ce6f61bfb67a7f41f385c8cc38c
PRJ-HSP,PRJ-HSP-ITEM-014,PRJ-HSP-ITEM-014-FABRICATION,FABRICATION,Q-FABRICATION,FABRICATION-SERVER-3,31.279456,62.236606,81.674563,30.95715,19.437958,SEQUENTIAL_PIPELINE,SYNTHETIC_RESEARCH_FIXTURE,OG-SYNTH-0.3,A-0.3,build_opus_synthetic_programme_v0_3.py@0.3,20260812,True,640c0529175d530ddfb3e2b161f713fc7b7396da147853fe1501121f7dd61d53
PRJ-HSP,PRJ-HSP-ITEM-014,PRJ-HSP-ITEM-014-SHIPPING,SHIPPING,Q-SHIPPING,SHIPPING-SERVER-2,81.674563,81.674563,88.222362,0.0,6.547799,SEQUENTIAL_PIPELINE,SYNTHETIC_RESEARCH_FIXTURE,OG-SYNTH-0.3,A-0.3,build_opus_synthetic_programme_v0_3.py@0.3,20260812,True,583139bb1feb0643b49ac27aee524c2b83b05cc9bc233650ba2fa2e455f32183
PRJ-HSP,PRJ-HSP-ITEM-014,PRJ-HSP-ITEM-014-DELIVERY,DELIVERY,Q-DELIVERY,DELIVERY-SERVER-1,88.222362,88.222362,89.428165,0.0,1.205803,SEQUENTIAL_PIPELINE,SYNTHETIC_RESEARCH_FIXTURE,OG-SYNTH-0.3,A-0.3,build_opus_synthetic_programme_v0_3.py@0.3,20260812,True,554efdd0f99ff77b419a6d4a6e2be87ab42b95acb5b64166aacc9585bd5ca11d
PRJ-HSP,PRJ-HSP-ITEM-015,PRJ-HSP-ITEM-015-REVIEW,REVIEW,Q-REVIEW,REVIEW-SERVER-1,9.420104,31.279456,34.143607,21.859351,2.864151,SEQUENTIAL_PIPELINE,SYNTHETIC_RESEARCH_FIXTURE,OG-SYNTH-0.3,A-0.3,build_opus_synthetic_programme_v0_3.py@0.3,20260812,True,787d01cd15e94ce4d6f46daab22c7ed701963c3749c46531f4a3afafbdf5e331
PRJ-HSP,PRJ-HSP-ITEM-015,PRJ-HSP-ITEM-015-FABRICATION,FABRICATION,Q-FABRICATION,FABRICATION-SERVER-1,34.143607,67.145891,76.639204,33.002284,9.493313,SEQUENTIAL_PIPELINE,SYNTHETIC_RESEARCH_FIXTURE,OG-SYNTH-0.3,A-0.3,build_opus_synthetic_programme_v0_3.py@0.3,20260812,True,e7c23724fd1df6d04355622c5ae8d5e3ac3d993fcaa5f1ebff3d13ef09556041
PRJ-HSP,PRJ-HSP-ITEM-015,PRJ-HSP-ITEM-015-SHIPPING,SHIPPING,Q-SHIPPING,SHIPPING-SERVER-1,76.639204,76.639204,81.132214,0.0,4.493009,SEQUENTIAL_PIPELINE,SYNTHETIC_RESEARCH_FIXTURE,OG-SYNTH-0.3,A-0.3,build_opus_synthetic_programme_v0_3.py@0.3,20260812,True,4c2951f0b9a0b39b0ccdfe0754093b4af16cbba80c5c8defd2577d0e7b480d09
PRJ-HSP,PRJ-HSP-ITEM-015,PRJ-HSP-ITEM-015-DELIVERY,DELIVERY,Q-DELIVERY,DELIVERY-SERVER-2,81.132214,81.132214,83.810773,0.0,2.678559,SEQUENTIAL_PIPELINE,SYNTHETIC_RESEARCH_FIXTURE,OG-SYNTH-0.3,A-0.3,build_opus_synthetic_programme_v0_3.py@0.3,20260812,True,fffc47f00dab916d86fa289b5b3185fed8104044438d0c0125f914d80a4f8139
PRJ-HSP,PRJ-HSP-ITEM-016,PRJ-HSP-ITEM-016-REVIEW,REVIEW,Q-REVIEW,REVIEW-SERVER-2,12.736938,32.032167,35.423867,19.295229,3.391699,SEQUENTIAL_PIPELINE,SYNTHETIC_RESEARCH_FIXTURE,OG-SYNTH-0.3,A-0.3,build_opus_synthetic_programme_v0_3.py@0.3,20260812,True,7280a2b458a1758f001c4a7bdfcb53575927748558671a6200a99e7d99023c14
PRJ-HSP,PRJ-HSP-ITEM-016,PRJ-HSP-ITEM-016-FABRICATION,FABRICATION,Q-FABRICATION,FABRICATION-SERVER-2,35.423867,70.182043,81.076359,34.758177,10.894316,SEQUENTIAL_PIPELINE,SYNTHETIC_RESEARCH_FIXTURE,OG-SYNTH-0.3,A-0.3,build_opus_synthetic_programme_v0_3.py@0.3,20260812,True,2ae4a5f5a28af12793b7fa2de73e934c8f8f234d1f0ac208739b1af6c700554f
PRJ-HSP,PRJ-HSP-ITEM-016,PRJ-HSP-ITEM-016-SHIPPING,SHIPPING,Q-SHIPPING,SHIPPING-SERVER-1,81.076359,81.132214,89.069805,0.055855,7.937591,SEQUENTIAL_PIPELINE,SYNTHETIC_RESEARCH_FIXTURE,OG-SYNTH-0.3,A-0.3,build_opus_synthetic_programme_v0_3.py@0.3,20260812,True,3cc0888c5f1502799e166d3b27e7a599c5156d97d2d357fae37eeb79c6dd0e88
PRJ-HSP,PRJ-HSP-ITEM-016,PRJ-HSP-ITEM-016-DELIVERY,DELIVERY,Q-DELIVERY,DELIVERY-SERVER-4,89.069805,89.069805,90.178303,0.0,1.108499,SEQUENTIAL_PIPELINE,SYNTHETIC_RESEARCH_FIXTURE,OG-SYNTH-0.3,A-0.3,build_opus_synthetic_programme_v0_3.py@0.3,20260812,True,07f29614fb01fdfae06e3f9e6bebb914d0e0a74e88de9424074871473efac8ee
PRJ-HSP,PRJ-HSP-ITEM-017,PRJ-HSP-ITEM-017-REVIEW,REVIEW,Q-REVIEW,REVIEW-SERVER-1,1.488558,34.143607,36.519394,32.655048,2.375787,SEQUENTIAL_PIPELINE,SYNTHETIC_RESEARCH_FIXTURE,OG-SYNTH-0.3,A-0.3,build_opus_synthetic_programme_v0_3.py@0.3,20260812,True,44124b3c08e21953ab3adc8db4fc4cb8f5e798f5c587fc281a415d1e7670aa8b
PRJ-HSP,PRJ-HSP-ITEM-017,PRJ-HSP-ITEM-017-FABRICATION,FABRICATION,Q-FABRICATION,FABRICATION-SERVER-1,36.519394,76.639204,86.206026,40.119811,9.566822,SEQUENTIAL_PIPELINE,SYNTHETIC_RESEARCH_FIXTURE,OG-SYNTH-0.3,A-0.3,build_opus_synthetic_programme_v0_3.py@0.3,20260812,True,65ddb4a5c0e333af1766e2cc0268a2cab39c66bb6b3edc9c46804a24cca6ea72
PRJ-HSP,PRJ-HSP-ITEM-017,PRJ-HSP-ITEM-017-SHIPPING,SHIPPING,Q-SHIPPING,SHIPPING-SERVER-2,86.206026,88.222362,92.540078,2.016336,4.317716,SEQUENTIAL_PIPELINE,SYNTHETIC_RESEARCH_FIXTURE,OG-SYNTH-0.3,A-0.3,build_opus_synthetic_programme_v0_3.py@0.3,20260812,True,d72a33bd0bed1761191408dec40cf99fa91a7bd95d31b8068449c889f80f61d0
PRJ-HSP,PRJ-HSP-ITEM-017,PRJ-HSP-ITEM-017-DELIVERY,DELIVERY,Q-DELIVERY,DELIVERY-SERVER-3,92.540078,92.540078,94.262398,0.0,1.72232,SEQUENTIAL_PIPELINE,SYNTHETIC_RESEARCH_FIXTURE,OG-SYNTH-0.3,A-0.3,build_opus_synthetic_programme_v0_3.py@0.3,20260812,True,d160aef2862174554d875dfac68b66be0ebb13d111eaafa6160be8057217f5ac
PRJ-HSP,PRJ-HSP-ITEM-018,PRJ-HSP-ITEM-018-REVIEW,REVIEW,Q-REVIEW,REVIEW-SERVER-2,7.593262,35.423867,38.98899,27.830604,3.565123,SEQUENTIAL_PIPELINE,SYNTHETIC_RESEARCH_FIXTURE,OG-SYNTH-0.3,A-0.3,build_opus_synthetic_programme_v0_3.py@0.3,20260812,True,74308957c540710f74cacffde52a64be7ff07e857d29779c7a32cb0849667282
PRJ-HSP,PRJ-HSP-ITEM-018,PRJ-HSP-ITEM-018-FABRICATION,FABRICATION,Q-FABRICATION,FABRICATION-SERVER-2,38.98899,81.076359,88.996742,42.087369,7.920383,SEQUENTIAL_PIPELINE,SYNTHETIC_RESEARCH_FIXTURE,OG-SYNTH-0.3,A-0.3,build_opus_synthetic_programme_v0_3.py@0.3,20260812,True,49a48443d8b3651b1c52b892d18762bc086ef6cc5847726945a489c94b64fef9
PRJ-HSP,PRJ-HSP-ITEM-018,PRJ-HSP-ITEM-018-SHIPPING,SHIPPING,Q-SHIPPING,SHIPPING-SERVER-1,88.996742,89.069805,95.22017,0.073063,6.150365,SEQUENTIAL_PIPELINE,SYNTHETIC_RESEARCH_FIXTURE,OG-SYNTH-0.3,A-0.3,build_opus_synthetic_programme_v0_3.py@0.3,20260812,True,8ac4dbcd14ec750db3d170756651b2a3c14470f5272a401a63c695f245608c3e
PRJ-HSP,PRJ-HSP-ITEM-018,PRJ-HSP-ITEM-018-DELIVERY,DELIVERY,Q-DELIVERY,DELIVERY-SERVER-2,95.22017,95.22017,96.614308,0.0,1.394138,SEQUENTIAL_PIPELINE,SYNTHETIC_RESEARCH_FIXTURE,OG-SYNTH-0.3,A-0.3,build_opus_synthetic_programme_v0_3.py@0.3,20260812,True,7ac2be4ca9da7957cdde1ddee4c690c9e204291a696f88b818426738dddb0c6f
PRJ-HSP,PRJ-HSP-ITEM-019,PRJ-HSP-ITEM-019-REVIEW,REVIEW,Q-REVIEW,REVIEW-SERVER-1,5.668147,36.519394,38.639096,30.851247,2.119702,SEQUENTIAL_PIPELINE,SYNTHETIC_RESEARCH_FIXTURE,OG-SYNTH-0.3,A-0.3,build_opus_synthetic_programme_v0_3.py@0.3,20260812,True,1db09df9cdc1c87abbd992fb7123f5f42ef57d1a5a861b64a4d75d02f60f93db
PRJ-HSP,PRJ-HSP-ITEM-019,PRJ-HSP-ITEM-019-FABRICATION,FABRICATION,Q-FABRICATION,FABRICATION-SERVER-3,38.639096,81.674563,89.290401,43.035467,7.615838,SEQUENTIAL_PIPELINE,SYNTHETIC_RESEARCH_FIXTURE,OG-SYNTH-0.3,A-0.3,build_opus_synthetic_programme_v0_3.py@0.3,20260812,True,808ab2408d8bae19561d7f582bdda72591c4a169d74dd59371e47a451772ff4a
PRJ-HSP,PRJ-HSP-ITEM-019,PRJ-HSP-ITEM-019-SHIPPING,SHIPPING,Q-SHIPPING,SHIPPING-SERVER-2,89.290401,92.540078,97.878135,3.249677,5.338057,SEQUENTIAL_PIPELINE,SYNTHETIC_RESEARCH_FIXTURE,OG-SYNTH-0.3,A-0.3,build_opus_synthetic_programme_v0_3.py@0.3,20260812,True,a31d85d2f56d12ba51fd829122f426bfa0b004507f9f2a7fc0d0c5f0172d4d9b
PRJ-HSP,PRJ-HSP-ITEM-019,PRJ-HSP-ITEM-019-DELIVERY,DELIVERY,Q-DELIVERY,DELIVERY-SERVER-1,97.878135,97.878135,99.088175,0.0,1.21004,SEQUENTIAL_PIPELINE,SYNTHETIC_RESEARCH_FIXTURE,OG-SYNTH-0.3,A-0.3,build_opus_synthetic_programme_v0_3.py@0.3,20260812,True,f22c2f4fb24153d2edf3583c3a609687085ee486e96b363c78fef502991daaf4
PRJ-HSP,PRJ-HSP-ITEM-020,PRJ-HSP-ITEM-020-REVIEW,REVIEW,Q-REVIEW,REVIEW-SERVER-1,4.998607,38.639096,41.757951,33.640489,3.118855,SEQUENTIAL_PIPELINE,SYNTHETIC_RESEARCH_FIXTURE,OG-SYNTH-0.3,A-0.3,build_opus_synthetic_programme_v0_3.py@0.3,20260812,True,bb0f50086153e1bb842ffa24920c6f5bd12b243c206d023fdb93efbcba014dd3
PRJ-HSP,PRJ-HSP-ITEM-020,PRJ-HSP-ITEM-020-FABRICATION,FABRICATION,Q-FABRICATION,FABRICATION-SERVER-1,41.757951,86.206026,100.638618,44.448076,14.432592,SEQUENTIAL_PIPELINE,SYNTHETIC_RESEARCH_FIXTURE,OG-SYNTH-0.3,A-0.3,build_opus_synthetic_programme_v0_3.py@0.3,20260812,True,cda5bc447a63d7aa2648be43005f9a87ebcff290e87697789d65dba8a59b6fa4
PRJ-HSP,PRJ-HSP-ITEM-020,PRJ-HSP-ITEM-020-SHIPPING,SHIPPING,Q-SHIPPING,SHIPPING-SERVER-1,100.638618,100.638618,105.983529,0.0,5.344911,SEQUENTIAL_PIPELINE,SYNTHETIC_RESEARCH_FIXTURE,OG-SYNTH-0.3,A-0.3,build_opus_synthetic_programme_v0_3.py@0.3,20260812,True,a44d0e3ccb4d9d289da0b0ec0c30e221a69c13135e77f563556dd3a16761750b
PRJ-HSP,PRJ-HSP-ITEM-020,PRJ-HSP-ITEM-020-DELIVERY,DELIVERY,Q-DELIVERY,DELIVERY-SERVER-4,105.983529,105.983529,107.425876,0.0,1.442348,SEQUENTIAL_PIPELINE,SYNTHETIC_RESEARCH_FIXTURE,OG-SYNTH-0.3,A-0.3,build_opus_synthetic_programme_v0_3.py@0.3,20260812,True,dc67c137404bf80b1864599013960f357a51cbe95e1c8f918c608f63c06b8e68
PRJ-WTR,PRJ-WTR-ITEM-001,PRJ-WTR-ITEM-001-REVIEW,REVIEW,Q-REVIEW,REVIEW-SERVER-1,1.77592,1.77592,4.953151,0.0,3.177231,SEQUENTIAL_PIPELINE,SYNTHETIC_RESEARCH_FIXTURE,OG-SYNTH-0.3,A-0.3,build_opus_synthetic_programme_v0_3.py@0.3,20260812,True,0f0e60e5b17aca27a17bc056b3262e9c57e058be02198fb3a95bcac3635b090a
PRJ-WTR,PRJ-WTR-ITEM-001,PRJ-WTR-ITEM-001-FABRICATION,FABRICATION,Q-FABRICATION,FABRICATION-SERVER-1,4.953151,4.953151,17.340523,0.0,12.387371,SEQUENTIAL_PIPELINE,SYNTHETIC_RESEARCH_FIXTURE,OG-SYNTH-0.3,A-0.3,build_opus_synthetic_programme_v0_3.py@0.3,20260812,True,9558276fbe73e0112ff52c58e028cc93764e9959a60f57412f8f8c18a98cae61
PRJ-WTR,PRJ-WTR-ITEM-001,PRJ-WTR-ITEM-001-SHIPPING,SHIPPING,Q-SHIPPING,SHIPPING-SERVER-1,17.340523,17.340523,22.772727,0.0,5.432204,SEQUENTIAL_PIPELINE,SYNTHETIC_RESEARCH_FIXTURE,OG-SYNTH-0.3,A-0.3,build_opus_synthetic_programme_v0_3.py@0.3,20260812,True,3f547df51f6b5d1f78f65f8ab6735a82b677ae4b3e0fb028f4565232e358e529
PRJ-WTR,PRJ-WTR-ITEM-001,PRJ-WTR-ITEM-001-DELIVERY,DELIVERY,Q-DELIVERY,DELIVERY-SERVER-1,22.772727,22.772727,24.086561,0.0,1.313834,SEQUENTIAL_PIPELINE,SYNTHETIC_RESEARCH_FIXTURE,OG-SYNTH-0.3,A-0.3,build_opus_synthetic_programme_v0_3.py@0.3,20260812,True,220e89f1880cf82961a06bf23beee3a76aad95020eab31503e5fdc69e1fa197c
PRJ-WTR,PRJ-WTR-ITEM-002,PRJ-WTR-ITEM-002-REVIEW,REVIEW,Q-REVIEW,REVIEW-SERVER-2,10.510309,10.510309,13.386537,0.0,2.876228,SEQUENTIAL_PIPELINE,SYNTHETIC_RESEARCH_FIXTURE,OG-SYNTH-0.3,A-0.3,build_opus_synthetic_programme_v0_3.py@0.3,20260812,True,4c95e1045d5a63cfd8ca61bf619b6a29014157ffb79f193b50311cf186491680
PRJ-WTR,PRJ-WTR-ITEM-002,PRJ-WTR-ITEM-002-FABRICATION,FABRICATION,Q-FABRICATION,FABRICATION-SERVER-2,13.386537,13.386537,30.216913,0.0,16.830376,SEQUENTIAL_PIPELINE,SYNTHETIC_RESEARCH_FIXTURE,OG-SYNTH-0.3,A-0.3,build_opus_synthetic_programme_v0_3.py@0.3,20260812,True,9acb01f2a9e92ce985b3021a53232efe698027ff322e32e4b1ec0cf96fba2bcc
PRJ-WTR,PRJ-WTR-ITEM-002,PRJ-WTR-ITEM-002-SHIPPING,SHIPPING,Q-SHIPPING,SHIPPING-SERVER-2,30.216913,30.216913,38.082511,0.0,7.865598,SEQUENTIAL_PIPELINE,SYNTHETIC_RESEARCH_FIXTURE,OG-SYNTH-0.3,A-0.3,build_opus_synthetic_programme_v0_3.py@0.3,20260812,True,028fbbea86a9111d6e1c44bd50275a83dd0d7ce168ed1e02453709d32533da17
PRJ-WTR,PRJ-WTR-ITEM-002,PRJ-WTR-ITEM-002-DELIVERY,DELIVERY,Q-DELIVERY,DELIVERY-SERVER-2,38.082511,38.082511,39.438921,0.0,1.35641,SEQUENTIAL_PIPELINE,SYNTHETIC_RESEARCH_FIXTURE,OG-SYNTH-0.3,A-0.3,build_opus_synthetic_programme_v0_3.py@0.3,20260812,True,cb95e573173254832d32ce27db32de3d5268c21f4fdbd31d81fb66d3ab67f7a5
PRJ-WTR,PRJ-WTR-ITEM-003,PRJ-WTR-ITEM-003-REVIEW,REVIEW,Q-REVIEW,REVIEW-SERVER-1,11.98714,11.98714,14.615575,0.0,2.628435,SEQUENTIAL_PIPELINE,SYNTHETIC_RESEARCH_FIXTURE,OG-SYNTH-0.3,A-0.3,build_opus_synthetic_programme_v0_3.py@0.3,20260812,True,43a8d88ff2611ca92d585f5f01c7d1e4de27f8c5cd7a52cc02371214ed026089
PRJ-WTR,PRJ-WTR-ITEM-003,PRJ-WTR-ITEM-003-FABRICATION,FABRICATION,Q-FABRICATION,FABRICATION-SERVER-3,14.615575,14.615575,26.213609,0.0,11.598034,SEQUENTIAL_PIPELINE,SYNTHETIC_RESEARCH_FIXTURE,OG-SYNTH-0.3,A-0.3,build_opus_synthetic_programme_v0_3.py@0.3,20260812,True,ab90d373704e2995bf287c26bab8413ee57658a3865b4d52f68838bbb9344780
PRJ-WTR,PRJ-WTR-ITEM-003,PRJ-WTR-ITEM-003-SHIPPING,SHIPPING,Q-SHIPPING,SHIPPING-SERVER-1,26.213609,26.213609,34.946072,0.0,8.732463,SEQUENTIAL_PIPELINE,SYNTHETIC_RESEARCH_FIXTURE,OG-SYNTH-0.3,A-0.3,build_opus_synthetic_programme_v0_3.py@0.3,20260812,True,ca7ac2d2d51a61d1a075ed393d8f279ce1850079c2ee9eb0d58c429752f597b5
PRJ-WTR,PRJ-WTR-ITEM-003,PRJ-WTR-ITEM-003-DELIVERY,DELIVERY,Q-DELIVERY,DELIVERY-SERVER-3,34.946072,34.946072,37.10233,0.0,2.156257,SEQUENTIAL_PIPELINE,SYNTHETIC_RESEARCH_FIXTURE,OG-SYNTH-0.3,A-0.3,build_opus_synthetic_programme_v0_3.py@0.3,20260812,True,9c3df68f2b900f997aed732edd1c119a7ef1b8a73438a3d9fafe8d26a2d32b25
PRJ-WTR,PRJ-WTR-ITEM-004,PRJ-WTR-ITEM-004-REVIEW,REVIEW,Q-REVIEW,REVIEW-SERVER-2,13.534114,13.534114,17.374896,0.0,3.840782,SEQUENTIAL_PIPELINE,SYNTHETIC_RESEARCH_FIXTURE,OG-SYNTH-0.3,A-0.3,build_opus_synthetic_programme_v0_3.py@0.3,20260812,True,ad85b4c4317e34c79191136c6befff00ed6826c205583137102f331c98fc067f
PRJ-WTR,PRJ-WTR-ITEM-004,PRJ-WTR-ITEM-004-FABRICATION,FABRICATION,Q-FABRICATION,FABRICATION-SERVER-1,17.374896,17.374896,30.596915,0.0,13.222019,SEQUENTIAL_PIPELINE,SYNTHETIC_RESEARCH_FIXTURE,OG-SYNTH-0.3,A-0.3,build_opus_synthetic_programme_v0_3.py@0.3,20260812,True,de789434d81c188ebe7a877f715010e2d4481a59da028d75c2b9a6d565eb6a8d
PRJ-WTR,PRJ-WTR-ITEM-004,PRJ-WTR-ITEM-004-SHIPPING,SHIPPING,Q-SHIPPING,SHIPPING-SERVER-1,30.596915,34.946072,39.089601,4.349157,4.143529,SEQUENTIAL_PIPELINE,SYNTHETIC_RESEARCH_FIXTURE,OG-SYNTH-0.3,A-0.3,build_opus_synthetic_programme_v0_3.py@0.3,20260812,True,98ee383d61c5c28297dccb17e16073022c5bd63a7ab350a0e1775338358cd4c0
PRJ-WTR,PRJ-WTR-ITEM-004,PRJ-WTR-ITEM-004-DELIVERY,DELIVERY,Q-DELIVERY,DELIVERY-SERVER-4,39.089601,39.089601,40.503751,0.0,1.41415,SEQUENTIAL_PIPELINE,SYNTHETIC_RESEARCH_FIXTURE,OG-SYNTH-0.3,A-0.3,build_opus_synthetic_programme_v0_3.py@0.3,20260812,True,6d1ee86d25402102908788bd255cf5e0bffa05fd79f1ecb90429ab82e4e0bff4
PRJ-WTR,PRJ-WTR-ITEM-005,PRJ-WTR-ITEM-005-REVIEW,REVIEW,Q-REVIEW,REVIEW-SERVER-1,14.603442,14.615575,18.042781,0.012133,3.427205,SEQUENTIAL_PIPELINE,SYNTHETIC_RESEARCH_FIXTURE,OG-SYNTH-0.3,A-0.3,build_opus_synthetic_programme_v0_3.py@0.3,20260812,True,1e25419f40ab421b6ae6350e17c738ed0b2eef71ed75b854b58e4077bcaf053b
PRJ-WTR,PRJ-WTR-ITEM-005,PRJ-WTR-ITEM-005-FABRICATION,FABRICATION,Q-FABRICATION,FABRICATION-SERVER-3,18.042781,26.213609,42.674379,8.170828,16.46077,SEQUENTIAL_PIPELINE,SYNTHETIC_RESEARCH_FIXTURE,OG-SYNTH-0.3,A-0.3,build_opus_synthetic_programme_v0_3.py@0.3,20260812,True,90a57530d2c10fb23f0d6ab542a3731601fcc4c880d7e6c86387dc5c373a607c
PRJ-WTR,PRJ-WTR-ITEM-005,PRJ-WTR-ITEM-005-SHIPPING,SHIPPING,Q-SHIPPING,SHIPPING-SERVER-2,42.674379,42.674379,49.369267,0.0,6.694887,SEQUENTIAL_PIPELINE,SYNTHETIC_RESEARCH_FIXTURE,OG-SYNTH-0.3,A-0.3,build_opus_synthetic_programme_v0_3.py@0.3,20260812,True,8056c5a8a5ecad0353508a46d9bf8d0c79872ca8d33b5a380ddbe9eb50b21fa8
PRJ-WTR,PRJ-WTR-ITEM-005,PRJ-WTR-ITEM-005-DELIVERY,DELIVERY,Q-DELIVERY,DELIVERY-SERVER-1,49.369267,49.369267,52.101759,0.0,2.732492,SEQUENTIAL_PIPELINE,SYNTHETIC_RESEARCH_FIXTURE,OG-SYNTH-0.3,A-0.3,build_opus_synthetic_programme_v0_3.py@0.3,20260812,True,98fab7c3293f3d45a8d307f089e933fd6ef7f80db8226210d12dc4670f702b1d
PRJ-WTR,PRJ-WTR-ITEM-006,PRJ-WTR-ITEM-006-REVIEW,REVIEW,Q-REVIEW,REVIEW-SERVER-2,10.964678,17.374896,22.241333,6.410218,4.866438,SEQUENTIAL_PIPELINE,SYNTHETIC_RESEARCH_FIXTURE,OG-SYNTH-0.3,A-0.3,build_opus_synthetic_programme_v0_3.py@0.3,20260812,True,881946bc2bacc6b72e07a69e1e008c17b2bc9b4fc4616bad2d0230c643e67819
PRJ-WTR,PRJ-WTR-ITEM-006,PRJ-WTR-ITEM-006-FABRICATION,FABRICATION,Q-FABRICATION,FABRICATION-SERVER-2,22.241333,30.216913,38.984312,7.975579,8.767399,SEQUENTIAL_PIPELINE,SYNTHETIC_RESEARCH_FIXTURE,OG-SYNTH-0.3,A-0.3,build_opus_synthetic_programme_v0_3.py@0.3,20260812,True,edbb4e81635b92aa5372d95e9eb5ed0f2b38fd83b751b95feb71254c44788812
PRJ-WTR,PRJ-WTR-ITEM-006,PRJ-WTR-ITEM-006-SHIPPING,SHIPPING,Q-SHIPPING,SHIPPING-SERVER-1,38.984312,39.089601,46.316624,0.105289,7.227023,SEQUENTIAL_PIPELINE,SYNTHETIC_RESEARCH_FIXTURE,OG-SYNTH-0.3,A-0.3,build_opus_synthetic_programme_v0_3.py@0.3,20260812,True,ca7f2c3fe2e6bfe311a8c09f399ff70023857690c60617426e333693bc094dbd
PRJ-WTR,PRJ-WTR-ITEM-006,PRJ-WTR-ITEM-006-DELIVERY,DELIVERY,Q-DELIVERY,DELIVERY-SERVER-3,46.316624,46.316624,47.670844,0.0,1.35422,SEQUENTIAL_PIPELINE,SYNTHETIC_RESEARCH_FIXTURE,OG-SYNTH-0.3,A-0.3,build_opus_synthetic_programme_v0_3.py@0.3,20260812,True,99f4ab8c5afdd6372d3d9bfd4d725dcaeb7125e92526eebcab1e4a4cdab4d8e3
PRJ-WTR,PRJ-WTR-ITEM-007,PRJ-WTR-ITEM-007-REVIEW,REVIEW,Q-REVIEW,REVIEW-SERVER-1,5.887417,18.042781,21.357658,12.155364,3.314877,SEQUENTIAL_PIPELINE,SYNTHETIC_RESEARCH_FIXTURE,OG-SYNTH-0.3,A-0.3,build_opus_synthetic_programme_v0_3.py@0.3,20260812,True,5141162bda38709d04abba05944ecfff81df2767698aafd54f6b1bda5f9f10a6
PRJ-WTR,PRJ-WTR-ITEM-007,PRJ-WTR-ITEM-007-FABRICATION,FABRICATION,Q-FABRICATION,FABRICATION-SERVER-1,21.357658,30.596915,44.848693,9.239258,14.251778,SEQUENTIAL_PIPELINE,SYNTHETIC_RESEARCH_FIXTURE,OG-SYNTH-0.3,A-0.3,build_opus_synthetic_programme_v0_3.py@0.3,20260812,True,d598c624347fa6c17cbe5a4a4bebecf4a381df2d301c9f220dfed76ceffb3854
PRJ-WTR,PRJ-WTR-ITEM-007,PRJ-WTR-ITEM-007-SHIPPING,SHIPPING,Q-SHIPPING,SHIPPING-SERVER-1,44.848693,46.316624,55.738662,1.467931,9.422038,SEQUENTIAL_PIPELINE,SYNTHETIC_RESEARCH_FIXTURE,OG-SYNTH-0.3,A-0.3,build_opus_synthetic_programme_v0_3.py@0.3,20260812,True,9e544eff912cd574bc903f0872a16ad36f43762864dde1e28574ea44628274b9
PRJ-WTR,PRJ-WTR-ITEM-007,PRJ-WTR-ITEM-007-DELIVERY,DELIVERY,Q-DELIVERY,DELIVERY-SERVER-2,55.738662,55.738662,57.134742,0.0,1.396079,SEQUENTIAL_PIPELINE,SYNTHETIC_RESEARCH_FIXTURE,OG-SYNTH-0.3,A-0.3,build_opus_synthetic_programme_v0_3.py@0.3,20260812,True,a8e4cd6db17f052464d06ff18aee2e045c695263fba6c356b2f5ca1666b7fe90
PRJ-WTR,PRJ-WTR-ITEM-008,PRJ-WTR-ITEM-008-REVIEW,REVIEW,Q-REVIEW,REVIEW-SERVER-1,7.942567,21.357658,23.893603,13.41509,2.535946,SEQUENTIAL_PIPELINE,SYNTHETIC_RESEARCH_FIXTURE,OG-SYNTH-0.3,A-0.3,build_opus_synthetic_programme_v0_3.py@0.3,20260812,True,26ae4024ef06ac2ed3f0d98cb2b4e41050a5d81d736629ff67dd9417f8c5102d
PRJ-WTR,PRJ-WTR-ITEM-008,PRJ-WTR-ITEM-008-FABRICATION,FABRICATION,Q-FABRICATION,FABRICATION-SERVER-2,23.893603,38.984312,57.958447,15.090709,18.974135,SEQUENTIAL_PIPELINE,SYNTHETIC_RESEARCH_FIXTURE,OG-SYNTH-0.3,A-0.3,build_opus_synthetic_programme_v0_3.py@0.3,20260812,True,9088650f9865528b9b18d903bfedcf61c2899793d06fe1a11cbae865957e29d9
PRJ-WTR,PRJ-WTR-ITEM-008,PRJ-WTR-ITEM-008-SHIPPING,SHIPPING,Q-SHIPPING,SHIPPING-SERVER-2,57.958447,57.958447,63.256712,0.0,5.298265,SEQUENTIAL_PIPELINE,SYNTHETIC_RESEARCH_FIXTURE,OG-SYNTH-0.3,A-0.3,build_opus_synthetic_programme_v0_3.py@0.3,20260812,True,9854fbb9437bb158ed9ff0aac6f32c5b9142414d75d47bc009378312238754c2
PRJ-WTR,PRJ-WTR-ITEM-008,PRJ-WTR-ITEM-008-DELIVERY,DELIVERY,Q-DELIVERY,DELIVERY-SERVER-4,63.256712,63.256712,65.054482,0.0,1.79777,SEQUENTIAL_PIPELINE,SYNTHETIC_RESEARCH_FIXTURE,OG-SYNTH-0.3,A-0.3,build_opus_synthetic_programme_v0_3.py@0.3,20260812,True,63e1b3e3d3279c888b4c36d8206805d5674f1e12634a5e8e801b8e02729d0ae7
PRJ-WTR,PRJ-WTR-ITEM-009,PRJ-WTR-ITEM-009-REVIEW,REVIEW,Q-REVIEW,REVIEW-SERVER-2,10.011345,22.241333,24.716667,12.229988,2.475334,SEQUENTIAL_PIPELINE,SYNTHETIC_RESEARCH_FIXTURE,OG-SYNTH-0.3,A-0.3,build_opus_synthetic_programme_v0_3.py@0.3,20260812,True,9f4d0d31786e23b265c047142a9f945794bd8f03e15665407b89adde106b8af2
PRJ-WTR,PRJ-WTR-ITEM-009,PRJ-WTR-ITEM-009-FABRICATION,FABRICATION,Q-FABRICATION,FABRICATION-SERVER-3,24.716667,42.674379,52.885451,17.957712,10.211072,SEQUENTIAL_PIPELINE,SYNTHETIC_RESEARCH_FIXTURE,OG-SYNTH-0.3,A-0.3,build_opus_synthetic_programme_v0_3.py@0.3,20260812,True,d9d2ed97cd4111a1d0fd8953e9f22f8a2dd0b2439e260d494ca877663133f3f4
PRJ-WTR,PRJ-WTR-ITEM-009,PRJ-WTR-ITEM-009-SHIPPING,SHIPPING,Q-SHIPPING,SHIPPING-SERVER-1,52.885451,55.738662,63.75559,2.853211,8.016928,SEQUENTIAL_PIPELINE,SYNTHETIC_RESEARCH_FIXTURE,OG-SYNTH-0.3,A-0.3,build_opus_synthetic_programme_v0_3.py@0.3,20260812,True,4b18f575403cd17a0b9cd10a6d8fd2c0cf6db5cb210dfcb26aea57e4fd355e70
PRJ-WTR,PRJ-WTR-ITEM-009,PRJ-WTR-ITEM-009-DELIVERY,DELIVERY,Q-DELIVERY,DELIVERY-SERVER-3,63.75559,63.75559,64.979733,0.0,1.224143,SEQUENTIAL_PIPELINE,SYNTHETIC_RESEARCH_FIXTURE,OG-SYNTH-0.3,A-0.3,build_opus_synthetic_programme_v0_3.py@0.3,20260812,True,cb6b10d5848c0c2212ddb198878bac1250cfae0100913d26149c8ff6dc5c51ec
PRJ-WTR,PRJ-WTR-ITEM-010,PRJ-WTR-ITEM-010-REVIEW,REVIEW,Q-REVIEW,REVIEW-SERVER-1,9.102413,23.893603,26.456327,14.79119,2.562724,SEQUENTIAL_PIPELINE,SYNTHETIC_RESEARCH_FIXTURE,OG-SYNTH-0.3,A-0.3,build_opus_synthetic_programme_v0_3.py@0.3,20260812,True,7ff4a68fea43a973ee54d27d8cf4db7940d5adfd2aa0a10f020c6cce92ede54b
PRJ-WTR,PRJ-WTR-ITEM-010,PRJ-WTR-ITEM-010-FABRICATION,FABRICATION,Q-FABRICATION,FABRICATION-SERVER-1,26.456327,44.848693,56.820287,18.392366,11.971594,SEQUENTIAL_PIPELINE,SYNTHETIC_RESEARCH_FIXTURE,OG-SYNTH-0.3,A-0.3,build_opus_synthetic_programme_v0_3.py@0.3,20260812,True,e0bbc2909862a8344a4fdd59b8acca631ef4fb8d41ac228a2ff11c376981eb1a
PRJ-WTR,PRJ-WTR-ITEM-010,PRJ-WTR-ITEM-010-SHIPPING,SHIPPING,Q-SHIPPING,SHIPPING-SERVER-2,56.820287,63.256712,67.773547,6.436425,4.516835,SEQUENTIAL_PIPELINE,SYNTHETIC_RESEARCH_FIXTURE,OG-SYNTH-0.3,A-0.3,build_opus_synthetic_programme_v0_3.py@0.3,20260812,True,b3dff87f881fcfd28e3c3226ea727b3ab7c10f2e1cbeff16e9373969609151bd
PRJ-WTR,PRJ-WTR-ITEM-010,PRJ-WTR-ITEM-010-DELIVERY,DELIVERY,Q-DELIVERY,DELIVERY-SERVER-1,67.773547,67.773547,69.924303,0.0,2.150756,SEQUENTIAL_PIPELINE,SYNTHETIC_RESEARCH_FIXTURE,OG-SYNTH-0.3,A-0.3,build_opus_synthetic_programme_v0_3.py@0.3,20260812,True,0b423175f52d0cc602ed18a12796022205177dbe932bb6a0d735f50b38770608
PRJ-WTR,PRJ-WTR-ITEM-011,PRJ-WTR-ITEM-011-REVIEW,REVIEW,Q-REVIEW,REVIEW-SERVER-2,5.848523,24.716667,29.110006,18.868144,4.393339,SEQUENTIAL_PIPELINE,SYNTHETIC_RESEARCH_FIXTURE,OG-SYNTH-0.3,A-0.3,build_opus_synthetic_programme_v0_3.py@0.3,20260812,True,4c9c4e2aed9815340442977338213e2abb4f63fb30d9fca1db616aeebd01da99
PRJ-WTR,PRJ-WTR-ITEM-011,PRJ-WTR-ITEM-011-FABRICATION,FABRICATION,Q-FABRICATION,FABRICATION-SERVER-3,29.110006,52.885451,65.371721,23.775445,12.48627,SEQUENTIAL_PIPELINE,SYNTHETIC_RESEARCH_FIXTURE,OG-SYNTH-0.3,A-0.3,build_opus_synthetic_programme_v0_3.py@0.3,20260812,True,a97757fb0cd33a9e182e4bdf52d661ec66af0937d00fb595d831b58628222837
PRJ-WTR,PRJ-WTR-ITEM-011,PRJ-WTR-ITEM-011-SHIPPING,SHIPPING,Q-SHIPPING,SHIPPING-SERVER-1,65.371721,65.371721,70.308511,0.0,4.93679,SEQUENTIAL_PIPELINE,SYNTHETIC_RESEARCH_FIXTURE,OG-SYNTH-0.3,A-0.3,build_opus_synthetic_programme_v0_3.py@0.3,20260812,True,89dcba8b3aee93f11e4ea5fd9395c50466b8a02a7a1e8cf0272cf5ddcca2efae
PRJ-WTR,PRJ-WTR-ITEM-011,PRJ-WTR-ITEM-011-DELIVERY,DELIVERY,Q-DELIVERY,DELIVERY-SERVER-2,70.308511,70.308511,71.846693,0.0,1.538181,SEQUENTIAL_PIPELINE,SYNTHETIC_RESEARCH_FIXTURE,OG-SYNTH-0.3,A-0.3,build_opus_synthetic_programme_v0_3.py@0.3,20260812,True,5a9fd1e6bdec6d8f7884888f7704726a06995cfd474aff39ed63df0cdbcb97bb
PRJ-WTR,PRJ-WTR-ITEM-012,PRJ-WTR-ITEM-012-REVIEW,REVIEW,Q-REVIEW,REVIEW-SERVER-1,14.361228,26.456327,29.281112,12.0951,2.824785,SEQUENTIAL_PIPELINE,SYNTHETIC_RESEARCH_FIXTURE,OG-SYNTH-0.3,A-0.3,build_opus_synthetic_programme_v0_3.py@0.3,20260812,True,fe137a0a4bbbe30eec96d7afbcba18ca40ba75e110b06a4ad5695880fc5ac712
PRJ-WTR,PRJ-WTR-ITEM-012,PRJ-WTR-ITEM-012-FABRICATION,FABRICATION,Q-FABRICATION,FABRICATION-SERVER-1,29.281112,56.820287,65.516017,27.539175,8.69573,SEQUENTIAL_PIPELINE,SYNTHETIC_RESEARCH_FIXTURE,OG-SYNTH-0.3,A-0.3,build_opus_synthetic_programme_v0_3.py@0.3,20260812,True,ef53b1cbf84653cc7a6a1bc54b0217b43519b8530732ce097a67453dc1363675
PRJ-WTR,PRJ-WTR-ITEM-012,PRJ-WTR-ITEM-012-SHIPPING,SHIPPING,Q-SHIPPING,SHIPPING-SERVER-2,65.516017,67.773547,74.285227,2.257531,6.51168,SEQUENTIAL_PIPELINE,SYNTHETIC_RESEARCH_FIXTURE,OG-SYNTH-0.3,A-0.3,build_opus_synthetic_programme_v0_3.py@0.3,20260812,True,6cd161792a3b82bb79cd45a1d3ffce2474ece51f8a140ed27f776c5b82b72ddb
PRJ-WTR,PRJ-WTR-ITEM-012,PRJ-WTR-ITEM-012-DELIVERY,DELIVERY,Q-DELIVERY,DELIVERY-SERVER-3,74.285227,74.285227,75.176169,0.0,0.890942,SEQUENTIAL_PIPELINE,SYNTHETIC_RESEARCH_FIXTURE,OG-SYNTH-0.3,A-0.3,build_opus_synthetic_programme_v0_3.py@0.3,20260812,True,a11a168b8f4515387b6d449dfbdc389125aec1fe745fae5e22a3f1feb21089ec
PRJ-WTR,PRJ-WTR-ITEM-013,PRJ-WTR-ITEM-013-REVIEW,REVIEW,Q-REVIEW,REVIEW-SERVER-2,10.132083,29.110006,31.132832,18.977923,2.022826,SEQUENTIAL_PIPELINE,SYNTHETIC_RESEARCH_FIXTURE,OG-SYNTH-0.3,A-0.3,build_opus_synthetic_programme_v0_3.py@0.3,20260812,True,e5b8dc3f7651e8ef17da435f857686635fb9e89a4861c2b3b688c4d4960fec40
PRJ-WTR,PRJ-WTR-ITEM-013,PRJ-WTR-ITEM-013-FABRICATION,FABRICATION,Q-FABRICATION,FABRICATION-SERVER-2,31.132832,57.958447,70.242397,26.825614,12.283951,SEQUENTIAL_PIPELINE,SYNTHETIC_RESEARCH_FIXTURE,OG-SYNTH-0.3,A-0.3,build_opus_synthetic_programme_v0_3.py@0.3,20260812,True,0aaad8b60fe68a61709e27211576a1d301db80fd9097624eb89a82af98197b8b
PRJ-WTR,PRJ-WTR-ITEM-013,PRJ-WTR-ITEM-013-SHIPPING,SHIPPING,Q-SHIPPING,SHIPPING-SERVER-1,70.242397,70.308511,77.589368,0.066114,7.280856,SEQUENTIAL_PIPELINE,SYNTHETIC_RESEARCH_FIXTURE,OG-SYNTH-0.3,A-0.3,build_opus_synthetic_programme_v0_3.py@0.3,20260812,True,bc4ed994613789d792c713ca42e5669a24b65347760fb11677a27cf5e3cbeddf
PRJ-WTR,PRJ-WTR-ITEM-013,PRJ-WTR-ITEM-013-DELIVERY,DELIVERY,Q-DELIVERY,DELIVERY-SERVER-4,77.589368,77.589368,78.781101,0.0,1.191733,SEQUENTIAL_PIPELINE,SYNTHETIC_RESEARCH_FIXTURE,OG-SYNTH-0.3,A-0.3,build_opus_synthetic_programme_v0_3.py@0.3,20260812,True,92d799754c3b30426164135dd8617c2dbdcbd293588ed86e1275fed45e15aeba
PRJ-WTR,PRJ-WTR-ITEM-014,PRJ-WTR-ITEM-014-REVIEW,REVIEW,Q-REVIEW,REVIEW-SERVER-1,13.785856,29.281112,32.056326,15.495256,2.775213,SEQUENTIAL_PIPELINE,SYNTHETIC_RESEARCH_FIXTURE,OG-SYNTH-0.3,A-0.3,build_opus_synthetic_programme_v0_3.py@0.3,20260812,True,c2991a417e7b1b33ccd344a489d593e9882ff03881bbf71e9c866d09261380c7
PRJ-WTR,PRJ-WTR-ITEM-014,PRJ-WTR-ITEM-014-FABRICATION,FABRICATION,Q-FABRICATION,FABRICATION-SERVER-3,32.056326,65.371721,75.824176,33.315396,10.452454,SEQUENTIAL_PIPELINE,SYNTHETIC_RESEARCH_FIXTURE,OG-SYNTH-0.3,A-0.3,build_opus_synthetic_programme_v0_3.py@0.3,20260812,True,6fbbe1d1e5fea401b0bfd75119da0c4e10cdda82980f94d087bc149cce079b81
PRJ-WTR,PRJ-WTR-ITEM-014,PRJ-WTR-ITEM-014-SHIPPING,SHIPPING,Q-SHIPPING,SHIPPING-SERVER-2,75.824176,75.824176,81.13299,0.0,5.308815,SEQUENTIAL_PIPELINE,SYNTHETIC_RESEARCH_FIXTURE,OG-SYNTH-0.3,A-0.3,build_opus_synthetic_programme_v0_3.py@0.3,20260812,True,390c887a1b17fb838386f1cd82aad182c27258ced6a52d9859eff534a0fac60e
PRJ-WTR,PRJ-WTR-ITEM-014,PRJ-WTR-ITEM-014-DELIVERY,DELIVERY,Q-DELIVERY,DELIVERY-SERVER-1,81.13299,81.13299,82.079197,0.0,0.946207,SEQUENTIAL_PIPELINE,SYNTHETIC_RESEARCH_FIXTURE,OG-SYNTH-0.3,A-0.3,build_opus_synthetic_programme_v0_3.py@0.3,20260812,True,914d3cd05e34ce5c46a9b65aabc2d72fb1541359fc0afaec2fa22fb5cd09f653
PRJ-WTR,PRJ-WTR-ITEM-015,PRJ-WTR-ITEM-015-REVIEW,REVIEW,Q-REVIEW,REVIEW-SERVER-2,6.351391,31.132832,36.022662,24.781441,4.889829,SEQUENTIAL_PIPELINE,SYNTHETIC_RESEARCH_FIXTURE,OG-SYNTH-0.3,A-0.3,build_opus_synthetic_programme_v0_3.py@0.3,20260812,True,72df2ee0fa65d984a628a2a8fdd1ea1221e244d8f430ad9d19e634c17a9ce6f7
PRJ-WTR,PRJ-WTR-ITEM-015,PRJ-WTR-ITEM-015-FABRICATION,FABRICATION,Q-FABRICATION,FABRICATION-SERVER-1,36.022662,65.516017,73.733147,29.493355,8.21713,SEQUENTIAL_PIPELINE,SYNTHETIC_RESEARCH_FIXTURE,OG-SYNTH-0.3,A-0.3,build_opus_synthetic_programme_v0_3.py@0.3,20260812,True,2f8f8c7fb27ed7fa0b378b9150468a728146a71aa0dd15dab32f185dcda9e31a
PRJ-WTR,PRJ-WTR-ITEM-015,PRJ-WTR-ITEM-015-SHIPPING,SHIPPING,Q-SHIPPING,SHIPPING-SERVER-1,73.733147,77.589368,81.264486,3.856221,3.675118,SEQUENTIAL_PIPELINE,SYNTHETIC_RESEARCH_FIXTURE,OG-SYNTH-0.3,A-0.3,build_opus_synthetic_programme_v0_3.py@0.3,20260812,True,90d72533fe2264695b4a1392072d55a80aac13823ec7aea4b5328caf45c72ee0
PRJ-WTR,PRJ-WTR-ITEM-015,PRJ-WTR-ITEM-015-DELIVERY,DELIVERY,Q-DELIVERY,DELIVERY-SERVER-2,81.264486,81.264486,83.299001,0.0,2.034515,SEQUENTIAL_PIPELINE,SYNTHETIC_RESEARCH_FIXTURE,OG-SYNTH-0.3,A-0.3,build_opus_synthetic_programme_v0_3.py@0.3,20260812,True,11fc69ba08034858eab1e83bd47e7e5efe5199b83bf9eb1b3b8cedc952f70732
PRJ-WTR,PRJ-WTR-ITEM-016,PRJ-WTR-ITEM-016-REVIEW,REVIEW,Q-REVIEW,REVIEW-SERVER-1,5.229735,32.056326,34.334832,26.826591,2.278507,SEQUENTIAL_PIPELINE,SYNTHETIC_RESEARCH_FIXTURE,OG-SYNTH-0.3,A-0.3,build_opus_synthetic_programme_v0_3.py@0.3,20260812,True,49e7d649951cac3f8bda13c91b058d796e1023da41818e66cb80444b11cb34e5
PRJ-WTR,PRJ-WTR-ITEM-016,PRJ-WTR-ITEM-016-FABRICATION,FABRICATION,Q-FABRICATION,FABRICATION-SERVER-2,34.334832,70.242397,84.791812,35.907565,14.549414,SEQUENTIAL_PIPELINE,SYNTHETIC_RESEARCH_FIXTURE,OG-SYNTH-0.3,A-0.3,build_opus_synthetic_programme_v0_3.py@0.3,20260812,True,9b6461f2485494f06015ba45971c53ecb53e9c38cc0f39ba2c0760d77a1c22f3
PRJ-WTR,PRJ-WTR-ITEM-016,PRJ-WTR-ITEM-016-SHIPPING,SHIPPING,Q-SHIPPING,SHIPPING-SERVER-2,84.791812,84.791812,89.490999,0.0,4.699187,SEQUENTIAL_PIPELINE,SYNTHETIC_RESEARCH_FIXTURE,OG-SYNTH-0.3,A-0.3,build_opus_synthetic_programme_v0_3.py@0.3,20260812,True,1c8064e47484a6fc2b1d6e83ec9256185002520a6561ef3af50bfa10e900ffdb
PRJ-WTR,PRJ-WTR-ITEM-016,PRJ-WTR-ITEM-016-DELIVERY,DELIVERY,Q-DELIVERY,DELIVERY-SERVER-3,89.490999,89.490999,91.119136,0.0,1.628137,SEQUENTIAL_PIPELINE,SYNTHETIC_RESEARCH_FIXTURE,OG-SYNTH-0.3,A-0.3,build_opus_synthetic_programme_v0_3.py@0.3,20260812,True,758b391414f06d856f1ab1d2e117d56ae6d7e4c2fdde1c8fbb9972159a3057db
PRJ-WTR,PRJ-WTR-ITEM-017,PRJ-WTR-ITEM-017-REVIEW,REVIEW,Q-REVIEW,REVIEW-SERVER-1,14.901202,34.334832,37.253406,19.433631,2.918574,SEQUENTIAL_PIPELINE,SYNTHETIC_RESEARCH_FIXTURE,OG-SYNTH-0.3,A-0.3,build_opus_synthetic_programme_v0_3.py@0.3,20260812,True,094469c0871232d3a02939fc5009314cc33b829f16ef1192b79712b0cb1c0db9
PRJ-WTR,PRJ-WTR-ITEM-017,PRJ-WTR-ITEM-017-FABRICATION,FABRICATION,Q-FABRICATION,FABRICATION-SERVER-1,37.253406,73.733147,90.498069,36.47974,16.764922,SEQUENTIAL_PIPELINE,SYNTHETIC_RESEARCH_FIXTURE,OG-SYNTH-0.3,A-0.3,build_opus_synthetic_programme_v0_3.py@0.3,20260812,True,5d4f33b3c3a047fb0fc5aea2527b7483da97aaea08f89a289eb5d255bf224ec7
PRJ-WTR,PRJ-WTR-ITEM-017,PRJ-WTR-ITEM-017-SHIPPING,SHIPPING,Q-SHIPPING,SHIPPING-SERVER-1,90.498069,90.498069,97.918508,0.0,7.420439,SEQUENTIAL_PIPELINE,SYNTHETIC_RESEARCH_FIXTURE,OG-SYNTH-0.3,A-0.3,build_opus_synthetic_programme_v0_3.py@0.3,20260812,True,a58ca758ffd0e93c7e1995cf763a24d4901b9ca1ecea5c6a8fd74d7ed1c6b5ca
PRJ-WTR,PRJ-WTR-ITEM-017,PRJ-WTR-ITEM-017-DELIVERY,DELIVERY,Q-DELIVERY,DELIVERY-SERVER-4,97.918508,97.918508,99.561773,0.0,1.643265,SEQUENTIAL_PIPELINE,SYNTHETIC_RESEARCH_FIXTURE,OG-SYNTH-0.3,A-0.3,build_opus_synthetic_programme_v0_3.py@0.3,20260812,True,19369b3a87295a13ed044ae6aa0824f6e24f5625cfdb4e2e8bb0755b3581541d
PRJ-WTR,PRJ-WTR-ITEM-018,PRJ-WTR-ITEM-018-REVIEW,REVIEW,Q-REVIEW,REVIEW-SERVER-2,14.784707,36.022662,40.341932,21.237955,4.31927,SEQUENTIAL_PIPELINE,SYNTHETIC_RESEARCH_FIXTURE,OG-SYNTH-0.3,A-0.3,build_opus_synthetic_programme_v0_3.py@0.3,20260812,True,f1bbd735a37eeb5a5924b2321fdf14e9f1ba94cd79958ee455e29fa149933430
PRJ-WTR,PRJ-WTR-ITEM-018,PRJ-WTR-ITEM-018-FABRICATION,FABRICATION,Q-FABRICATION,FABRICATION-SERVER-3,40.341932,75.824176,88.772112,35.482244,12.947937,SEQUENTIAL_PIPELINE,SYNTHETIC_RESEARCH_FIXTURE,OG-SYNTH-0.3,A-0.3,build_opus_synthetic_programme_v0_3.py@0.3,20260812,True,4f49e2cd5da7e5726f4c18d30b153c1615e1a85afb8a79f2214056fc2b74bae1
PRJ-WTR,PRJ-WTR-ITEM-018,PRJ-WTR-ITEM-018-SHIPPING,SHIPPING,Q-SHIPPING,SHIPPING-SERVER-2,88.772112,89.490999,93.651851,0.718886,4.160852,SEQUENTIAL_PIPELINE,SYNTHETIC_RESEARCH_FIXTURE,OG-SYNTH-0.3,A-0.3,build_opus_synthetic_programme_v0_3.py@0.3,20260812,True,044f4ce528f6020eef0b0cd2610a04d4182464c04525565870448949f372e89b
PRJ-WTR,PRJ-WTR-ITEM-018,PRJ-WTR-ITEM-018-DELIVERY,DELIVERY,Q-DELIVERY,DELIVERY-SERVER-1,93.651851,93.651851,95.451998,0.0,1.800147,SEQUENTIAL_PIPELINE,SYNTHETIC_RESEARCH_FIXTURE,OG-SYNTH-0.3,A-0.3,build_opus_synthetic_programme_v0_3.py@0.3,20260812,True,982b0e31aa84f4d6ef3e839d750bfafac656021194a3c1a32caccd0d4aa34bca
PRJ-WTR,PRJ-WTR-ITEM-019,PRJ-WTR-ITEM-019-REVIEW,REVIEW,Q-REVIEW,REVIEW-SERVER-1,0.403558,37.253406,40.969226,36.849848,3.71582,SEQUENTIAL_PIPELINE,SYNTHETIC_RESEARCH_FIXTURE,OG-SYNTH-0.3,A-0.3,build_opus_synthetic_programme_v0_3.py@0.3,20260812,True,e9bd1e73bb73f8cc9f018085d2557badd3d72c48e130a675880a2aeea33fa17d
PRJ-WTR,PRJ-WTR-ITEM-019,PRJ-WTR-ITEM-019-FABRICATION,FABRICATION,Q-FABRICATION,FABRICATION-SERVER-2,40.969226,84.791812,103.25653,43.822585,18.464719,SEQUENTIAL_PIPELINE,SYNTHETIC_RESEARCH_FIXTURE,OG-SYNTH-0.3,A-0.3,build_opus_synthetic_programme_v0_3.py@0.3,20260812,True,3204903cd0bc07de16d489da72a5d7e41496b1a6f2b02bd318890fe64b00b447
PRJ-WTR,PRJ-WTR-ITEM-019,PRJ-WTR-ITEM-019-SHIPPING,SHIPPING,Q-SHIPPING,SHIPPING-SERVER-2,103.25653,103.25653,109.485912,0.0,6.229382,SEQUENTIAL_PIPELINE,SYNTHETIC_RESEARCH_FIXTURE,OG-SYNTH-0.3,A-0.3,build_opus_synthetic_programme_v0_3.py@0.3,20260812,True,4ce43b02daa2a71bf049c070276807729b62e4c378b1c7e400a5c2c99f09cd7c
PRJ-WTR,PRJ-WTR-ITEM-019,PRJ-WTR-ITEM-019-DELIVERY,DELIVERY,Q-DELIVERY,DELIVERY-SERVER-2,109.485912,109.485912,110.668351,0.0,1.182439,SEQUENTIAL_PIPELINE,SYNTHETIC_RESEARCH_FIXTURE,OG-SYNTH-0.3,A-0.3,build_opus_synthetic_programme_v0_3.py@0.3,20260812,True,f5d95ddd374433022f205c605bbde60435c35b345e6f272e75fe82ffe0d67d8d
PRJ-WTR,PRJ-WTR-ITEM-020,PRJ-WTR-ITEM-020-REVIEW,REVIEW,Q-REVIEW,REVIEW-SERVER-2,13.824408,40.341932,43.110186,26.517524,2.768254,SEQUENTIAL_PIPELINE,SYNTHETIC_RESEARCH_FIXTURE,OG-SYNTH-0.3,A-0.3,build_opus_synthetic_programme_v0_3.py@0.3,20260812,True,4322a6d98a5109ebb896c74cac99ee13719a0df5b73064e3fb67ccc059565696
PRJ-WTR,PRJ-WTR-ITEM-020,PRJ-WTR-ITEM-020-FABRICATION,FABRICATION,Q-FABRICATION,FABRICATION-SERVER-3,43.110186,88.772112,104.465531,45.661927,15.693418,SEQUENTIAL_PIPELINE,SYNTHETIC_RESEARCH_FIXTURE,OG-SYNTH-0.3,A-0.3,build_opus_synthetic_programme_v0_3.py@0.3,20260812,True,c267502211d5637640844c63211650c34bf69961d61c0c522df075655f8aa152
PRJ-WTR,PRJ-WTR-ITEM-020,PRJ-WTR-ITEM-020-SHIPPING,SHIPPING,Q-SHIPPING,SHIPPING-SERVER-1,104.465531,104.465531,111.373652,0.0,6.908121,SEQUENTIAL_PIPELINE,SYNTHETIC_RESEARCH_FIXTURE,OG-SYNTH-0.3,A-0.3,build_opus_synthetic_programme_v0_3.py@0.3,20260812,True,deece1c094f6a88487b3b1b91281120d762ecc5d8d82c06de1757d9a37c75364
PRJ-WTR,PRJ-WTR-ITEM-020,PRJ-WTR-ITEM-020-DELIVERY,DELIVERY,Q-DELIVERY,DELIVERY-SERVER-3,111.373652,111.373652,112.511477,0.0,1.137824,SEQUENTIAL_PIPELINE,SYNTHETIC_RESEARCH_FIXTURE,OG-SYNTH-0.3,A-0.3,build_opus_synthetic_programme_v0_3.py@0.3,20260812,True,5c780146982d635cb35973829e01e7b390983eadb38b85a3cbe2c54a56d99d75
PRJ-RAL,PRJ-RAL-ITEM-001,PRJ-RAL-ITEM-001-REVIEW,REVIEW,Q-REVIEW,REVIEW-SERVER-1,12.999875,12.999875,15.245781,0.0,2.245906,SEQUENTIAL_PIPELINE,SYNTHETIC_RESEARCH_FIXTURE,OG-SYNTH-0.3,A-0.3,build_opus_synthetic_programme_v0_3.py@0.3,20260812,True,67131c72289eb31658104ad75fd0734a51e1170646297834f54260862f914729
PRJ-RAL,PRJ-RAL-ITEM-001,PRJ-RAL-ITEM-001-FABRICATION,FABRICATION,Q-FABRICATION,FABRICATION-SERVER-1,15.245781,15.245781,28.879114,0.0,13.633333,SEQUENTIAL_PIPELINE,SYNTHETIC_RESEARCH_FIXTURE,OG-SYNTH-0.3,A-0.3,build_opus_synthetic_programme_v0_3.py@0.3,20260812,True,92f9ff9896bc77e096ede05a54fb471059bfaaed90bfbde048b3abc3d9ce1c25
PRJ-RAL,PRJ-RAL-ITEM-001,PRJ-RAL-ITEM-001-SHIPPING,SHIPPING,Q-SHIPPING,SHIPPING-SERVER-1,28.879114,28.879114,35.581258,0.0,6.702144,SEQUENTIAL_PIPELINE,SYNTHETIC_RESEARCH_FIXTURE,OG-SYNTH-0.3,A-0.3,build_opus_synthetic_programme_v0_3.py@0.3,20260812,True,269f0133e06d769a17e826335c757e2e7135f68c9e06be72ca1e62f75d8054c9
PRJ-RAL,PRJ-RAL-ITEM-001,PRJ-RAL-ITEM-001-DELIVERY,DELIVERY,Q-DELIVERY,DELIVERY-SERVER-1,35.581258,35.581258,36.931447,0.0,1.350189,SEQUENTIAL_PIPELINE,SYNTHETIC_RESEARCH_FIXTURE,OG-SYNTH-0.3,A-0.3,build_opus_synthetic_programme_v0_3.py@0.3,20260812,True,b15ffe046c94b37dc447d47b5e2f3239b85bdb3d20bb686b48f3932cd3ae36af
PRJ-RAL,PRJ-RAL-ITEM-002,PRJ-RAL-ITEM-002-REVIEW,REVIEW,Q-REVIEW,REVIEW-SERVER-2,6.28856,6.28856,8.984802,0.0,2.696242,SEQUENTIAL_PIPELINE,SYNTHETIC_RESEARCH_FIXTURE,OG-SYNTH-0.3,A-0.3,build_opus_synthetic_programme_v0_3.py@0.3,20260812,True,f919f3e6626648a19b97c419cc7f67b0f5f3e66d8668ec03cb42c6af7b3916ce
PRJ-RAL,PRJ-RAL-ITEM-002,PRJ-RAL-ITEM-002-FABRICATION,FABRICATION,Q-FABRICATION,FABRICATION-SERVER-2,8.984802,8.984802,23.500188,0.0,14.515386,SEQUENTIAL_PIPELINE,SYNTHETIC_RESEARCH_FIXTURE,OG-SYNTH-0.3,A-0.3,build_opus_synthetic_programme_v0_3.py@0.3,20260812,True,d6d378cf2647e4f3b30508eaa91c47ada3db4585f48a1f11736704e6018f04c0
PRJ-RAL,PRJ-RAL-ITEM-002,PRJ-RAL-ITEM-002-SHIPPING,SHIPPING,Q-SHIPPING,SHIPPING-SERVER-2,23.500188,23.500188,29.525447,0.0,6.025259,SEQUENTIAL_PIPELINE,SYNTHETIC_RESEARCH_FIXTURE,OG-SYNTH-0.3,A-0.3,build_opus_synthetic_programme_v0_3.py@0.3,20260812,True,dcb74e7800c36f12931860c30372918ed08b261b2794eb6c83181f3caf92ec79
PRJ-RAL,PRJ-RAL-ITEM-002,PRJ-RAL-ITEM-002-DELIVERY,DELIVERY,Q-DELIVERY,DELIVERY-SERVER-2,29.525447,29.525447,30.690174,0.0,1.164727,SEQUENTIAL_PIPELINE,SYNTHETIC_RESEARCH_FIXTURE,OG-SYNTH-0.3,A-0.3,build_opus_synthetic_programme_v0_3.py@0.3,20260812,True,2b9984b9af2428d9d5a0138ed483da6ab38f6740a8298d8d89d9574a7ba4aaf3
PRJ-RAL,PRJ-RAL-ITEM-003,PRJ-RAL-ITEM-003-REVIEW,REVIEW,Q-REVIEW,REVIEW-SERVER-2,3.947477,8.984802,12.298099,5.037325,3.313297,SEQUENTIAL_PIPELINE,SYNTHETIC_RESEARCH_FIXTURE,OG-SYNTH-0.3,A-0.3,build_opus_synthetic_programme_v0_3.py@0.3,20260812,True,c0fdc27e9b86d27f93ec554ebe5de34c979673c2f7521ce47cdd20c4957b8baa
PRJ-RAL,PRJ-RAL-ITEM-003,PRJ-RAL-ITEM-003-FABRICATION,FABRICATION,Q-FABRICATION,FABRICATION-SERVER-3,12.298099,12.298099,24.638487,0.0,12.340387,SEQUENTIAL_PIPELINE,SYNTHETIC_RESEARCH_FIXTURE,OG-SYNTH-0.3,A-0.3,build_opus_synthetic_programme_v0_3.py@0.3,20260812,True,54bebd8791a4e4fa3dd5d832e1cd448c0a5f1da0dd23c20fab3cb682a9f4d720
PRJ-RAL,PRJ-RAL-ITEM-003,PRJ-RAL-ITEM-003-SHIPPING,SHIPPING,Q-SHIPPING,SHIPPING-SERVER-2,24.638487,29.525447,34.476609,4.886961,4.951162,SEQUENTIAL_PIPELINE,SYNTHETIC_RESEARCH_FIXTURE,OG-SYNTH-0.3,A-0.3,build_opus_synthetic_programme_v0_3.py@0.3,20260812,True,f7eb332af8f29bb2409cef804142b0140fb400005a86c7eaaca4a3d83ce3482f
PRJ-RAL,PRJ-RAL-ITEM-003,PRJ-RAL-ITEM-003-DELIVERY,DELIVERY,Q-DELIVERY,DELIVERY-SERVER-3,34.476609,34.476609,36.563869,0.0,2.08726,SEQUENTIAL_PIPELINE,SYNTHETIC_RESEARCH_FIXTURE,OG-SYNTH-0.3,A-0.3,build_opus_synthetic_programme_v0_3.py@0.3,20260812,True,67e2fbf3c3f8cc2c78aa120bd50b0c7212f71435b4a8f2de5b6565c3697ce07f
PRJ-RAL,PRJ-RAL-ITEM-004,PRJ-RAL-ITEM-004-REVIEW,REVIEW,Q-REVIEW,REVIEW-SERVER-2,12.218833,12.298099,16.261664,0.079266,3.963564,SEQUENTIAL_PIPELINE,SYNTHETIC_RESEARCH_FIXTURE,OG-SYNTH-0.3,A-0.3,build_opus_synthetic_programme_v0_3.py@0.3,20260812,True,d69a83ceca9a6368284287aad9f380b01de498cd560fa4f5c22e3ceb0db59dac
PRJ-RAL,PRJ-RAL-ITEM-004,PRJ-RAL-ITEM-004-FABRICATION,FABRICATION,Q-FABRICATION,FABRICATION-SERVER-2,16.261664,23.500188,36.169629,7.238524,12.669441,SEQUENTIAL_PIPELINE,SYNTHETIC_RESEARCH_FIXTURE,OG-SYNTH-0.3,A-0.3,build_opus_synthetic_programme_v0_3.py@0.3,20260812,True,4d2d69c22e58e035421566d1837ef6dfc0f33cca5dfd23d98f1cdb9053dbcad3
PRJ-RAL,PRJ-RAL-ITEM-004,PRJ-RAL-ITEM-004-SHIPPING,SHIPPING,Q-SHIPPING,SHIPPING-SERVER-2,36.169629,36.169629,43.667086,0.0,7.497456,SEQUENTIAL_PIPELINE,SYNTHETIC_RESEARCH_FIXTURE,OG-SYNTH-0.3,A-0.3,build_opus_synthetic_programme_v0_3.py@0.3,20260812,True,34eb607653a8fc0d215ec21865d43cddc665269c463ffa01ffc89e4582181f39
PRJ-RAL,PRJ-RAL-ITEM-004,PRJ-RAL-ITEM-004-DELIVERY,DELIVERY,Q-DELIVERY,DELIVERY-SERVER-4,43.667086,43.667086,45.705703,0.0,2.038617,SEQUENTIAL_PIPELINE,SYNTHETIC_RESEARCH_FIXTURE,OG-SYNTH-0.3,A-0.3,build_opus_synthetic_programme_v0_3.py@0.3,20260812,True,cc07f8a85c439d443de671bfa088cfef61be76f555db0d9ab43447ff7007729e
PRJ-RAL,PRJ-RAL-ITEM-005,PRJ-RAL-ITEM-005-REVIEW,REVIEW,Q-REVIEW,REVIEW-SERVER-1,7.412502,15.245781,18.323166,7.833279,3.077385,SEQUENTIAL_PIPELINE,SYNTHETIC_RESEARCH_FIXTURE,OG-SYNTH-0.3,A-0.3,build_opus_synthetic_programme_v0_3.py@0.3,20260812,True,ea93df729ce110d9cad47d022083506db915e8e02b28202c4ab9e47e20ce432a
PRJ-RAL,PRJ-RAL-ITEM-005,PRJ-RAL-ITEM-005-FABRICATION,FABRICATION,Q-FABRICATION,FABRICATION-SERVER-3,18.323166,24.638487,34.221979,6.31532,9.583492,SEQUENTIAL_PIPELINE,SYNTHETIC_RESEARCH_FIXTURE,OG-SYNTH-0.3,A-0.3,build_opus_synthetic_programme_v0_3.py@0.3,20260812,True,142ee2983becb6f25a83d138a5b70aab68f0c9f3ce3afa4e6ca336a696965ff4
PRJ-RAL,PRJ-RAL-ITEM-005,PRJ-RAL-ITEM-005-SHIPPING,SHIPPING,Q-SHIPPING,SHIPPING-SERVER-1,34.221979,35.581258,42.990617,1.359279,7.409359,SEQUENTIAL_PIPELINE,SYNTHETIC_RESEARCH_FIXTURE,OG-SYNTH-0.3,A-0.3,build_opus_synthetic_programme_v0_3.py@0.3,20260812,True,6152e5beaea433524568d46daa22463e5aeae7de1762d47bcdcb01945057084c
PRJ-RAL,PRJ-RAL-ITEM-005,PRJ-RAL-ITEM-005-DELIVERY,DELIVERY,Q-DELIVERY,DELIVERY-SERVER-2,42.990617,42.990617,45.24076,0.0,2.250143,SEQUENTIAL_PIPELINE,SYNTHETIC_RESEARCH_FIXTURE,OG-SYNTH-0.3,A-0.3,build_opus_synthetic_programme_v0_3.py@0.3,20260812,True,6912d9425c9759c5abb0457429e4f9a8520e0752beb1958d6ba9e38c51cb3a26
PRJ-RAL,PRJ-RAL-ITEM-006,PRJ-RAL-ITEM-006-REVIEW,REVIEW,Q-REVIEW,REVIEW-SERVER-2,6.434993,16.261664,19.97201,9.826671,3.710347,SEQUENTIAL_PIPELINE,SYNTHETIC_RESEARCH_FIXTURE,OG-SYNTH-0.3,A-0.3,build_opus_synthetic_programme_v0_3.py@0.3,20260812,True,4638e1d8215ab06c9ea64ccb583b8ec42b870c79e56e797aa36811fbb9b8cf57
PRJ-RAL,PRJ-RAL-ITEM-006,PRJ-RAL-ITEM-006-FABRICATION,FABRICATION,Q-FABRICATION,FABRICATION-SERVER-1,19.97201,28.879114,38.766296,8.907104,9.887182,SEQUENTIAL_PIPELINE,SYNTHETIC_RESEARCH_FIXTURE,OG-SYNTH-0.3,A-0.3,build_opus_synthetic_programme_v0_3.py@0.3,20260812,True,1dc54570221f152eba837fd15b168f5495c44f3ea34297b2049b2c4853787ab5
PRJ-RAL,PRJ-RAL-ITEM-006,PRJ-RAL-ITEM-006-SHIPPING,SHIPPING,Q-SHIPPING,SHIPPING-SERVER-1,38.766296,42.990617,50.424783,4.224321,7.434166,SEQUENTIAL_PIPELINE,SYNTHETIC_RESEARCH_FIXTURE,OG-SYNTH-0.3,A-0.3,build_opus_synthetic_programme_v0_3.py@0.3,20260812,True,eb79410d2a88b2d0ae6651cc3947a09629b71a55b55c1785bed319db8bb061dd
PRJ-RAL,PRJ-RAL-ITEM-006,PRJ-RAL-ITEM-006-DELIVERY,DELIVERY,Q-DELIVERY,DELIVERY-SERVER-3,50.424783,50.424783,51.785187,0.0,1.360404,SEQUENTIAL_PIPELINE,SYNTHETIC_RESEARCH_FIXTURE,OG-SYNTH-0.3,A-0.3,build_opus_synthetic_programme_v0_3.py@0.3,20260812,True,8ff8480afdab604a8b1c92221d98ff739cc9bb89ff5bfb00a1aa97135b53039c
PRJ-RAL,PRJ-RAL-ITEM-007,PRJ-RAL-ITEM-007-REVIEW,REVIEW,Q-REVIEW,REVIEW-SERVER-1,14.754815,18.323166,21.77081,3.568351,3.447644,SEQUENTIAL_PIPELINE,SYNTHETIC_RESEARCH_FIXTURE,OG-SYNTH-0.3,A-0.3,build_opus_synthetic_programme_v0_3.py@0.3,20260812,True,bf05391b0afa974323cdb3f8f8b57c56a4a203d77f6955ad7ec911e5686fed9b
PRJ-RAL,PRJ-RAL-ITEM-007,PRJ-RAL-ITEM-007-FABRICATION,FABRICATION,Q-FABRICATION,FABRICATION-SERVER-3,21.77081,34.221979,40.70765,12.451168,6.485671,SEQUENTIAL_PIPELINE,SYNTHETIC_RESEARCH_FIXTURE,OG-SYNTH-0.3,A-0.3,build_opus_synthetic_programme_v0_3.py@0.3,20260812,True,004bbaeef77c238e64a169cde0a018a26724d9c10719c3f965588a457c1f0b17
PRJ-RAL,PRJ-RAL-ITEM-007,PRJ-RAL-ITEM-007-SHIPPING,SHIPPING,Q-SHIPPING,SHIPPING-SERVER-2,40.70765,43.667086,49.065119,2.959436,5.398033,SEQUENTIAL_PIPELINE,SYNTHETIC_RESEARCH_FIXTURE,OG-SYNTH-0.3,A-0.3,build_opus_synthetic_programme_v0_3.py@0.3,20260812,True,e6eabeedee5e88d7acdd3690ac65acf240489ca5c7f75740dd7626c2759034d4
PRJ-RAL,PRJ-RAL-ITEM-007,PRJ-RAL-ITEM-007-DELIVERY,DELIVERY,Q-DELIVERY,DELIVERY-SERVER-1,49.065119,49.065119,51.572263,0.0,2.507144,SEQUENTIAL_PIPELINE,SYNTHETIC_RESEARCH_FIXTURE,OG-SYNTH-0.3,A-0.3,build_opus_synthetic_programme_v0_3.py@0.3,20260812,True,cd83ddcfd3810caafa2c197c2f3acf911d6032b7e333d26a2d78d918aa34e64a
PRJ-RAL,PRJ-RAL-ITEM-008,PRJ-RAL-ITEM-008-REVIEW,REVIEW,Q-REVIEW,REVIEW-SERVER-2,11.099819,19.97201,22.793197,8.872191,2.821186,SEQUENTIAL_PIPELINE,SYNTHETIC_RESEARCH_FIXTURE,OG-SYNTH-0.3,A-0.3,build_opus_synthetic_programme_v0_3.py@0.3,20260812,True,4b1ab16afe0c303bdb17050a769c2ffeffe6a01530bdb733593596e1cb650e59
PRJ-RAL,PRJ-RAL-ITEM-008,PRJ-RAL-ITEM-008-FABRICATION,FABRICATION,Q-FABRICATION,FABRICATION-SERVER-2,22.793197,36.169629,50.04767,13.376433,13.878041,SEQUENTIAL_PIPELINE,SYNTHETIC_RESEARCH_FIXTURE,OG-SYNTH-0.3,A-0.3,build_opus_synthetic_programme_v0_3.py@0.3,20260812,True,4e9690e37a00901c849f3ad66f0c3468e6f6f8a9d8c680253d1d2e2da3eb23f9
PRJ-RAL,PRJ-RAL-ITEM-008,PRJ-RAL-ITEM-008-SHIPPING,SHIPPING,Q-SHIPPING,SHIPPING-SERVER-2,50.04767,50.04767,55.113332,0.0,5.065662,SEQUENTIAL_PIPELINE,SYNTHETIC_RESEARCH_FIXTURE,OG-SYNTH-0.3,A-0.3,build_opus_synthetic_programme_v0_3.py@0.3,20260812,True,7e3a55624db3f526c3e6472ef16d2e33aeaf8576fa002cb75d8690862f232af7
PRJ-RAL,PRJ-RAL-ITEM-008,PRJ-RAL-ITEM-008-DELIVERY,DELIVERY,Q-DELIVERY,DELIVERY-SERVER-2,55.113332,55.113332,56.366827,0.0,1.253495,SEQUENTIAL_PIPELINE,SYNTHETIC_RESEARCH_FIXTURE,OG-SYNTH-0.3,A-0.3,build_opus_synthetic_programme_v0_3.py@0.3,20260812,True,be6e51fadfc09ade879e4efe9a043f8cef75361c6154e5a5adde2468760db0af
PRJ-RAL,PRJ-RAL-ITEM-009,PRJ-RAL-ITEM-009-REVIEW,REVIEW,Q-REVIEW,REVIEW-SERVER-1,11.783611,21.77081,26.099832,9.987199,4.329021,SEQUENTIAL_PIPELINE,SYNTHETIC_RESEARCH_FIXTURE,OG-SYNTH-0.3,A-0.3,build_opus_synthetic_programme_v0_3.py@0.3,20260812,True,1e62bdaa37990f0336185a8603898499d33f9d0d52a017d4c5e1009cdb675450
PRJ-RAL,PRJ-RAL-ITEM-009,PRJ-RAL-ITEM-009-FABRICATION,FABRICATION,Q-FABRICATION,FABRICATION-SERVER-1,26.099832,38.766296,50.616021,12.666464,11.849725,SEQUENTIAL_PIPELINE,SYNTHETIC_RESEARCH_FIXTURE,OG-SYNTH-0.3,A-0.3,build_opus_synthetic_programme_v0_3.py@0.3,20260812,True,0accf1de1b06d098f1b09e158624e36596071b949724e0779b7bf4be0854e490
PRJ-RAL,PRJ-RAL-ITEM-009,PRJ-RAL-ITEM-009-SHIPPING,SHIPPING,Q-SHIPPING,SHIPPING-SERVER-1,50.616021,50.616021,55.633297,0.0,5.017276,SEQUENTIAL_PIPELINE,SYNTHETIC_RESEARCH_FIXTURE,OG-SYNTH-0.3,A-0.3,build_opus_synthetic_programme_v0_3.py@0.3,20260812,True,dfe44125d37ed00203ea322a788d459351213ef4852fa4163ace813b14412600
PRJ-RAL,PRJ-RAL-ITEM-009,PRJ-RAL-ITEM-009-DELIVERY,DELIVERY,Q-DELIVERY,DELIVERY-SERVER-4,55.633297,55.633297,57.029655,0.0,1.396359,SEQUENTIAL_PIPELINE,SYNTHETIC_RESEARCH_FIXTURE,OG-SYNTH-0.3,A-0.3,build_opus_synthetic_programme_v0_3.py@0.3,20260812,True,ae37a41eef2eef3b77f0eb856674f0a9b5705501389b3d7d9da2e63214788b96
PRJ-RAL,PRJ-RAL-ITEM-010,PRJ-RAL-ITEM-010-REVIEW,REVIEW,Q-REVIEW,REVIEW-SERVER-2,12.536996,22.793197,25.845931,10.2562,3.052735,SEQUENTIAL_PIPELINE,SYNTHETIC_RESEARCH_FIXTURE,OG-SYNTH-0.3,A-0.3,build_opus_synthetic_programme_v0_3.py@0.3,20260812,True,41f4adbc22917d22bc01788ccd77e0429e685528fc48562b251290e66d253297
PRJ-RAL,PRJ-RAL-ITEM-010,PRJ-RAL-ITEM-010-FABRICATION,FABRICATION,Q-FABRICATION,FABRICATION-SERVER-3,25.845931,40.70765,55.482311,14.861719,14.774661,SEQUENTIAL_PIPELINE,SYNTHETIC_RESEARCH_FIXTURE,OG-SYNTH-0.3,A-0.3,build_opus_synthetic_programme_v0_3.py@0.3,20260812,True,5ebb25b52b59d70e5c323fd85890d5a855eed6a4100c9381b6e136d43df7cb03
PRJ-RAL,PRJ-RAL-ITEM-010,PRJ-RAL-ITEM-010-SHIPPING,SHIPPING,Q-SHIPPING,SHIPPING-SERVER-2,55.482311,55.482311,59.66348,0.0,4.181169,SEQUENTIAL_PIPELINE,SYNTHETIC_RESEARCH_FIXTURE,OG-SYNTH-0.3,A-0.3,build_opus_synthetic_programme_v0_3.py@0.3,20260812,True,c21f8970e0e4675e0c2890884ed56dca5543b2885e5d132e53ab75cb6068b5c3
PRJ-RAL,PRJ-RAL-ITEM-010,PRJ-RAL-ITEM-010-DELIVERY,DELIVERY,Q-DELIVERY,DELIVERY-SERVER-1,59.66348,59.66348,61.505788,0.0,1.842308,SEQUENTIAL_PIPELINE,SYNTHETIC_RESEARCH_FIXTURE,OG-SYNTH-0.3,A-0.3,build_opus_synthetic_programme_v0_3.py@0.3,20260812,True,1e726c8812c8a4951e417601c0fe4bc6369962f86845a2f0d45c9461d373b3ac
PRJ-RAL,PRJ-RAL-ITEM-011,PRJ-RAL-ITEM-011-REVIEW,REVIEW,Q-REVIEW,REVIEW-SERVER-2,7.854873,25.845931,28.226035,17.991058,2.380104,SEQUENTIAL_PIPELINE,SYNTHETIC_RESEARCH_FIXTURE,OG-SYNTH-0.3,A-0.3,build_opus_synthetic_programme_v0_3.py@0.3,20260812,True,4a1fc76f69e42eb68550e705bc8aa910445b2f960a1938ca6a114aad9fca1934
PRJ-RAL,PRJ-RAL-ITEM-011,PRJ-RAL-ITEM-011-FABRICATION,FABRICATION,Q-FABRICATION,FABRICATION-SERVER-2,28.226035,50.04767,61.47088,21.821635,11.423209,SEQUENTIAL_PIPELINE,SYNTHETIC_RESEARCH_FIXTURE,OG-SYNTH-0.3,A-0.3,build_opus_synthetic_programme_v0_3.py@0.3,20260812,True,4b7a923dbe96e709ab05f09483b4b213ac529e37c162f299a096ddc8420bf8bb
PRJ-RAL,PRJ-RAL-ITEM-011,PRJ-RAL-ITEM-011-SHIPPING,SHIPPING,Q-SHIPPING,SHIPPING-SERVER-1,61.47088,61.47088,68.469551,0.0,6.998671,SEQUENTIAL_PIPELINE,SYNTHETIC_RESEARCH_FIXTURE,OG-SYNTH-0.3,A-0.3,build_opus_synthetic_programme_v0_3.py@0.3,20260812,True,1c0d87d447d9963a803eecc377c1e001b1bde05634c82a5afafbde2c068877af
PRJ-RAL,PRJ-RAL-ITEM-011,PRJ-RAL-ITEM-011-DELIVERY,DELIVERY,Q-DELIVERY,DELIVERY-SERVER-3,68.469551,68.469551,69.642773,0.0,1.173222,SEQUENTIAL_PIPELINE,SYNTHETIC_RESEARCH_FIXTURE,OG-SYNTH-0.3,A-0.3,build_opus_synthetic_programme_v0_3.py@0.3,20260812,True,7834a7a8231671b5f00d09ca39c6ecc0ff45f30fcb52d7ea26f92e885ba1a120
PRJ-RAL,PRJ-RAL-ITEM-012,PRJ-RAL-ITEM-012-REVIEW,REVIEW,Q-REVIEW,REVIEW-SERVER-1,14.328188,26.099832,30.214627,11.771643,4.114796,SEQUENTIAL_PIPELINE,SYNTHETIC_RESEARCH_FIXTURE,OG-SYNTH-0.3,A-0.3,build_opus_synthetic_programme_v0_3.py@0.3,20260812,True,d6256c087398d6df1ab04b267ad94b5c65938881547b840725c02b41fa0178d2
PRJ-RAL,PRJ-RAL-ITEM-012,PRJ-RAL-ITEM-012-FABRICATION,FABRICATION,Q-FABRICATION,FABRICATION-SERVER-1,30.214627,50.616021,64.404636,20.401393,13.788616,SEQUENTIAL_PIPELINE,SYNTHETIC_RESEARCH_FIXTURE,OG-SYNTH-0.3,A-0.3,build_opus_synthetic_programme_v0_3.py@0.3,20260812,True,6cb8dbf6813464ee746735b71de795e26fd4e6a2e28a117999b60fe8cf5e12bd
PRJ-RAL,PRJ-RAL-ITEM-012,PRJ-RAL-ITEM-012-SHIPPING,SHIPPING,Q-SHIPPING,SHIPPING-SERVER-2,64.404636,64.404636,73.578849,0.0,9.174212,SEQUENTIAL_PIPELINE,SYNTHETIC_RESEARCH_FIXTURE,OG-SYNTH-0.3,A-0.3,build_opus_synthetic_programme_v0_3.py@0.3,20260812,True,59badc2fb5df0b3f7e03666c2c5f3ea3551effaa4917e810935480cdae75889b
PRJ-RAL,PRJ-RAL-ITEM-012,PRJ-RAL-ITEM-012-DELIVERY,DELIVERY,Q-DELIVERY,DELIVERY-SERVER-2,73.578849,73.578849,75.945635,0.0,2.366786,SEQUENTIAL_PIPELINE,SYNTHETIC_RESEARCH_FIXTURE,OG-SYNTH-0.3,A-0.3,build_opus_synthetic_programme_v0_3.py@0.3,20260812,True,5b82f0332b71bc9c16e60dc47ae5d1b84bdbadfdee81c5d680ffb58eb3128510
PRJ-RAL,PRJ-RAL-ITEM-013,PRJ-RAL-ITEM-013-REVIEW,REVIEW,Q-REVIEW,REVIEW-SERVER-2,6.217037,28.226035,30.750106,22.008998,2.524071,SEQUENTIAL_PIPELINE,SYNTHETIC_RESEARCH_FIXTURE,OG-SYNTH-0.3,A-0.3,build_opus_synthetic_programme_v0_3.py@0.3,20260812,True,cc022077292d205007962fb2b7c2b1863d2fc9e767cf982db77ffb4bf2ae0bfc
PRJ-RAL,PRJ-RAL-ITEM-013,PRJ-RAL-ITEM-013-FABRICATION,FABRICATION,Q-FABRICATION,FABRICATION-SERVER-3,30.750106,55.482311,65.109449,24.732205,9.627138,SEQUENTIAL_PIPELINE,SYNTHETIC_RESEARCH_FIXTURE,OG-SYNTH-0.3,A-0.3,build_opus_synthetic_programme_v0_3.py@0.3,20260812,True,12c0ff7570c878a39206776e82fc175ffefe6f1d620d8bd2bea27886aa8c3943
PRJ-RAL,PRJ-RAL-ITEM-013,PRJ-RAL-ITEM-013-SHIPPING,SHIPPING,Q-SHIPPING,SHIPPING-SERVER-1,65.109449,68.469551,73.096626,3.360102,4.627075,SEQUENTIAL_PIPELINE,SYNTHETIC_RESEARCH_FIXTURE,OG-SYNTH-0.3,A-0.3,build_opus_synthetic_programme_v0_3.py@0.3,20260812,True,f43a9e30d09989623383c672f697615b7d3da67a3e0781e031046560b83cb5ca
PRJ-RAL,PRJ-RAL-ITEM-013,PRJ-RAL-ITEM-013-DELIVERY,DELIVERY,Q-DELIVERY,DELIVERY-SERVER-4,73.096626,73.096626,74.21656,0.0,1.119934,SEQUENTIAL_PIPELINE,SYNTHETIC_RESEARCH_FIXTURE,OG-SYNTH-0.3,A-0.3,build_opus_synthetic_programme_v0_3.py@0.3,20260812,True,057cbbd1a1351f4aadbcddab94b6a12bbb6c3f02f76539d40c8d443ac3b9a228
PRJ-RAL,PRJ-RAL-ITEM-014,PRJ-RAL-ITEM-014-REVIEW,REVIEW,Q-REVIEW,REVIEW-SERVER-1,6.850234,30.214627,33.434261,23.364393,3.219634,SEQUENTIAL_PIPELINE,SYNTHETIC_RESEARCH_FIXTURE,OG-SYNTH-0.3,A-0.3,build_opus_synthetic_programme_v0_3.py@0.3,20260812,True,b16e52ae75d2ad10a7e51d9ffc3d0a56aea4e0bd1870abd1bda0fd76f49e488f
PRJ-RAL,PRJ-RAL-ITEM-014,PRJ-RAL-ITEM-014-FABRICATION,FABRICATION,Q-FABRICATION,FABRICATION-SERVER-2,33.434261,61.47088,73.111566,28.036619,11.640686,SEQUENTIAL_PIPELINE,SYNTHETIC_RESEARCH_FIXTURE,OG-SYNTH-0.3,A-0.3,build_opus_synthetic_programme_v0_3.py@0.3,20260812,True,e0d199c878f31e99ce1c4bef6a149c0b3d2a83fff97b896515c60b23df685c18
PRJ-RAL,PRJ-RAL-ITEM-014,PRJ-RAL-ITEM-014-SHIPPING,SHIPPING,Q-SHIPPING,SHIPPING-SERVER-1,73.111566,73.111566,79.003024,0.0,5.891458,SEQUENTIAL_PIPELINE,SYNTHETIC_RESEARCH_FIXTURE,OG-SYNTH-0.3,A-0.3,build_opus_synthetic_programme_v0_3.py@0.3,20260812,True,12c5d171f4c8500b0b2623d706682ae106db53c1a7916abb8d947f2b0486ef83
PRJ-RAL,PRJ-RAL-ITEM-014,PRJ-RAL-ITEM-014-DELIVERY,DELIVERY,Q-DELIVERY,DELIVERY-SERVER-1,79.003024,79.003024,80.390631,0.0,1.387607,SEQUENTIAL_PIPELINE,SYNTHETIC_RESEARCH_FIXTURE,OG-SYNTH-0.3,A-0.3,build_opus_synthetic_programme_v0_3.py@0.3,20260812,True,d572b39e691649d2c281cd1d09bb123cb17b951aea64a9adc0c8b6127b488693
PRJ-RAL,PRJ-RAL-ITEM-015,PRJ-RAL-ITEM-015-REVIEW,REVIEW,Q-REVIEW,REVIEW-SERVER-2,8.600853,30.750106,34.003403,22.149253,3.253296,SEQUENTIAL_PIPELINE,SYNTHETIC_RESEARCH_FIXTURE,OG-SYNTH-0.3,A-0.3,build_opus_synthetic_programme_v0_3.py@0.3,20260812,True,1eeb2e29ca8fdc0e9de66b5e9c9131be4694f519880a5d21a53565f50bbd160e
PRJ-RAL,PRJ-RAL-ITEM-015,PRJ-RAL-ITEM-015-FABRICATION,FABRICATION,Q-FABRICATION,FABRICATION-SERVER-1,34.003403,64.404636,76.102086,30.401234,11.697449,SEQUENTIAL_PIPELINE,SYNTHETIC_RESEARCH_FIXTURE,OG-SYNTH-0.3,A-0.3,build_opus_synthetic_programme_v0_3.py@0.3,20260812,True,0f1c627f001106d8df95a269da026e3f1c87ad4e8b53a1dbf25fe30c6fe73d05
PRJ-RAL,PRJ-RAL-ITEM-015,PRJ-RAL-ITEM-015-SHIPPING,SHIPPING,Q-SHIPPING,SHIPPING-SERVER-2,76.102086,76.102086,82.809249,0.0,6.707164,SEQUENTIAL_PIPELINE,SYNTHETIC_RESEARCH_FIXTURE,OG-SYNTH-0.3,A-0.3,build_opus_synthetic_programme_v0_3.py@0.3,20260812,True,ac8dc2199d8348a33b14653ff240d67b382c26c42f51a28ab5b265ac77c71410
PRJ-RAL,PRJ-RAL-ITEM-015,PRJ-RAL-ITEM-015-DELIVERY,DELIVERY,Q-DELIVERY,DELIVERY-SERVER-3,82.809249,82.809249,83.86803,0.0,1.05878,SEQUENTIAL_PIPELINE,SYNTHETIC_RESEARCH_FIXTURE,OG-SYNTH-0.3,A-0.3,build_opus_synthetic_programme_v0_3.py@0.3,20260812,True,5de3bee22d3f41305f9927796b449d974eb7e1778f63751e1ba2e8ff284f1e47
PRJ-RAL,PRJ-RAL-ITEM-016,PRJ-RAL-ITEM-016-REVIEW,REVIEW,Q-REVIEW,REVIEW-SERVER-1,0.282864,33.434261,35.850879,33.151397,2.416618,SEQUENTIAL_PIPELINE,SYNTHETIC_RESEARCH_FIXTURE,OG-SYNTH-0.3,A-0.3,build_opus_synthetic_programme_v0_3.py@0.3,20260812,True,179ca596a9bd05da57b5bdc272be6e7771a459e0e2fc0b47d49931b5a31ff40c
PRJ-RAL,PRJ-RAL-ITEM-016,PRJ-RAL-ITEM-016-FABRICATION,FABRICATION,Q-FABRICATION,FABRICATION-SERVER-3,35.850879,65.109449,79.963175,29.25857,14.853726,SEQUENTIAL_PIPELINE,SYNTHETIC_RESEARCH_FIXTURE,OG-SYNTH-0.3,A-0.3,build_opus_synthetic_programme_v0_3.py@0.3,20260812,True,6274e5a1efeadb63be2f47380f20620b5d85cd1fb9584219494c5cae2fd4e986
PRJ-RAL,PRJ-RAL-ITEM-016,PRJ-RAL-ITEM-016-SHIPPING,SHIPPING,Q-SHIPPING,SHIPPING-SERVER-1,79.963175,79.963175,85.185549,0.0,5.222374,SEQUENTIAL_PIPELINE,SYNTHETIC_RESEARCH_FIXTURE,OG-SYNTH-0.3,A-0.3,build_opus_synthetic_programme_v0_3.py@0.3,20260812,True,f87158e8877cb2de82074ba3650786a7aa8b7bbaa7e7b1d4408f37e9da8f6046
PRJ-RAL,PRJ-RAL-ITEM-016,PRJ-RAL-ITEM-016-DELIVERY,DELIVERY,Q-DELIVERY,DELIVERY-SERVER-4,85.185549,85.185549,86.794511,0.0,1.608961,SEQUENTIAL_PIPELINE,SYNTHETIC_RESEARCH_FIXTURE,OG-SYNTH-0.3,A-0.3,build_opus_synthetic_programme_v0_3.py@0.3,20260812,True,0eb89ba1574ab2ea6d188f2f979749209dbdc1a404a7f5a1fbc844bd849ccf4d
PRJ-RAL,PRJ-RAL-ITEM-017,PRJ-RAL-ITEM-017-REVIEW,REVIEW,Q-REVIEW,REVIEW-SERVER-2,11.827526,34.003403,36.657392,22.175877,2.653989,SEQUENTIAL_PIPELINE,SYNTHETIC_RESEARCH_FIXTURE,OG-SYNTH-0.3,A-0.3,build_opus_synthetic_programme_v0_3.py@0.3,20260812,True,d3c8d29ca5607d3662875b0858f7372521b860bdba214f56d93f31b904ca811f
PRJ-RAL,PRJ-RAL-ITEM-017,PRJ-RAL-ITEM-017-FABRICATION,FABRICATION,Q-FABRICATION,FABRICATION-SERVER-2,36.657392,73.111566,83.981079,36.454174,10.869513,SEQUENTIAL_PIPELINE,SYNTHETIC_RESEARCH_FIXTURE,OG-SYNTH-0.3,A-0.3,build_opus_synthetic_programme_v0_3.py@0.3,20260812,True,d89a85ef489fad743a25aea1768486eb4399c17a18b6f19b999250af243fa897
PRJ-RAL,PRJ-RAL-ITEM-017,PRJ-RAL-ITEM-017-SHIPPING,SHIPPING,Q-SHIPPING,SHIPPING-SERVER-2,83.981079,83.981079,88.928678,0.0,4.947599,SEQUENTIAL_PIPELINE,SYNTHETIC_RESEARCH_FIXTURE,OG-SYNTH-0.3,A-0.3,build_opus_synthetic_programme_v0_3.py@0.3,20260812,True,7d0e613b0ffb30685fd3409cc4135563598fb7b9887b26d9e1a929bfa309e378
PRJ-RAL,PRJ-RAL-ITEM-017,PRJ-RAL-ITEM-017-DELIVERY,DELIVERY,Q-DELIVERY,DELIVERY-SERVER-2,88.928678,88.928678,90.914065,0.0,1.985387,SEQUENTIAL_PIPELINE,SYNTHETIC_RESEARCH_FIXTURE,OG-SYNTH-0.3,A-0.3,build_opus_synthetic_programme_v0_3.py@0.3,20260812,True,39548a6a78df70176dde85e3bcff9aab4f19f4b4967655a071f6d5f854718b5e
PRJ-RAL,PRJ-RAL-ITEM-018,PRJ-RAL-ITEM-018-REVIEW,REVIEW,Q-REVIEW,REVIEW-SERVER-1,8.120311,35.850879,38.845235,27.730568,2.994356,SEQUENTIAL_PIPELINE,SYNTHETIC_RESEARCH_FIXTURE,OG-SYNTH-0.3,A-0.3,build_opus_synthetic_programme_v0_3.py@0.3,20260812,True,37ee506c5d43d056cc05c703d1f81331ec9e8f9be678c104b9336af675fe5ae1
PRJ-RAL,PRJ-RAL-ITEM-018,PRJ-RAL-ITEM-018-FABRICATION,FABRICATION,Q-FABRICATION,FABRICATION-SERVER-1,38.845235,76.102086,97.158678,37.25685,21.056592,SEQUENTIAL_PIPELINE,SYNTHETIC_RESEARCH_FIXTURE,OG-SYNTH-0.3,A-0.3,build_opus_synthetic_programme_v0_3.py@0.3,20260812,True,27e9520450ff4183ef5c32eaf35f7477701e60cc9c79bffdde2adec03881acb1
PRJ-RAL,PRJ-RAL-ITEM-018,PRJ-RAL-ITEM-018-SHIPPING,SHIPPING,Q-SHIPPING,SHIPPING-SERVER-1,97.158678,97.158678,101.4121,0.0,4.253422,SEQUENTIAL_PIPELINE,SYNTHETIC_RESEARCH_FIXTURE,OG-SYNTH-0.3,A-0.3,build_opus_synthetic_programme_v0_3.py@0.3,20260812,True,43734a1d55def82e31b33433650c0f7277383f2f8e7d1954d92527faeaf3907d
PRJ-RAL,PRJ-RAL-ITEM-018,PRJ-RAL-ITEM-018-DELIVERY,DELIVERY,Q-DELIVERY,DELIVERY-SERVER-1,101.4121,101.4121,102.592103,0.0,1.180003,SEQUENTIAL_PIPELINE,SYNTHETIC_RESEARCH_FIXTURE,OG-SYNTH-0.3,A-0.3,build_opus_synthetic_programme_v0_3.py@0.3,20260812,True,29c80708287c58db60ad3a16529ef8481b9f806e9f988b0acb30158172abfbb8
PRJ-RAL,PRJ-RAL-ITEM-019,PRJ-RAL-ITEM-019-REVIEW,REVIEW,Q-REVIEW,REVIEW-SERVER-2,0.354586,36.657392,39.522934,36.302805,2.865542,SEQUENTIAL_PIPELINE,SYNTHETIC_RESEARCH_FIXTURE,OG-SYNTH-0.3,A-0.3,build_opus_synthetic_programme_v0_3.py@0.3,20260812,True,c34daf219bcf79ea1cde93439a44b7466207c585f0f669fe734fafb0774dcb1a
PRJ-RAL,PRJ-RAL-ITEM-019,PRJ-RAL-ITEM-019-FABRICATION,FABRICATION,Q-FABRICATION,FABRICATION-SERVER-3,39.522934,79.963175,89.052235,40.440241,9.08906,SEQUENTIAL_PIPELINE,SYNTHETIC_RESEARCH_FIXTURE,OG-SYNTH-0.3,A-0.3,build_opus_synthetic_programme_v0_3.py@0.3,20260812,True,a9cdf647dff6508c1ea6191d9e7956120398798cfea860578b3532a23b9b6a49
PRJ-RAL,PRJ-RAL-ITEM-019,PRJ-RAL-ITEM-019-SHIPPING,SHIPPING,Q-SHIPPING,SHIPPING-SERVER-2,89.052235,89.052235,96.706093,0.0,7.653858,SEQUENTIAL_PIPELINE,SYNTHETIC_RESEARCH_FIXTURE,OG-SYNTH-0.3,A-0.3,build_opus_synthetic_programme_v0_3.py@0.3,20260812,True,fe92876ab5fa882f4a689637268cadd6d71db8e9cd8890eb1945f669f6608526
PRJ-RAL,PRJ-RAL-ITEM-019,PRJ-RAL-ITEM-019-DELIVERY,DELIVERY,Q-DELIVERY,DELIVERY-SERVER-3,96.706093,96.706093,98.571307,0.0,1.865214,SEQUENTIAL_PIPELINE,SYNTHETIC_RESEARCH_FIXTURE,OG-SYNTH-0.3,A-0.3,build_opus_synthetic_programme_v0_3.py@0.3,20260812,True,51f55ac82263d5fc2f24c3a87e6e2b1a0a3dd4f50a88bf9c8f03fdc12cc45bdb
PRJ-RAL,PRJ-RAL-ITEM-020,PRJ-RAL-ITEM-020-REVIEW,REVIEW,Q-REVIEW,REVIEW-SERVER-1,6.797159,38.845235,40.883509,32.048076,2.038274,SEQUENTIAL_PIPELINE,SYNTHETIC_RESEARCH_FIXTURE,OG-SYNTH-0.3,A-0.3,build_opus_synthetic_programme_v0_3.py@0.3,20260812,True,29bd1cb285f56ccf57bfbcb1479d784f2680d4e3e3e4927ef980b01c77acbfb8
PRJ-RAL,PRJ-RAL-ITEM-020,PRJ-RAL-ITEM-020-FABRICATION,FABRICATION,Q-FABRICATION,FABRICATION-SERVER-2,40.883509,83.981079,92.26427,43.09757,8.283191,SEQUENTIAL_PIPELINE,SYNTHETIC_RESEARCH_FIXTURE,OG-SYNTH-0.3,A-0.3,build_opus_synthetic_programme_v0_3.py@0.3,20260812,True,1d6a409a20408f2c23caf5532ade3dbda41521b459c479e5770eaaf7d84d22ed
PRJ-RAL,PRJ-RAL-ITEM-020,PRJ-RAL-ITEM-020-SHIPPING,SHIPPING,Q-SHIPPING,SHIPPING-SERVER-2,92.26427,96.706093,102.701704,4.441823,5.995611,SEQUENTIAL_PIPELINE,SYNTHETIC_RESEARCH_FIXTURE,OG-SYNTH-0.3,A-0.3,build_opus_synthetic_programme_v0_3.py@0.3,20260812,True,28656e9143a6f1997f533bfc501acac8bb295a25e01fc597ca1540c970010561
PRJ-RAL,PRJ-RAL-ITEM-020,PRJ-RAL-ITEM-020-DELIVERY,DELIVERY,Q-DELIVERY,DELIVERY-SERVER-4,102.701704,102.701704,103.942294,0.0,1.24059,SEQUENTIAL_PIPELINE,SYNTHETIC_RESEARCH_FIXTURE,OG-SYNTH-0.3,A-0.3,build_opus_synthetic_programme_v0_3.py@0.3,20260812,True,f82d79f8960f3eb36a27143624ee916c04a4bf8e433d14a749334303c3d9859d
PRJ-DCT,PRJ-DCT-ITEM-001,PRJ-DCT-ITEM-001-REVIEW,REVIEW,Q-REVIEW,REVIEW-SERVER-1,3.489601,3.489601,6.868483,0.0,3.378882,SEQUENTIAL_PIPELINE,SYNTHETIC_RESEARCH_FIXTURE,OG-SYNTH-0.3,A-0.3,build_opus_synthetic_programme_v0_3.py@0.3,20260812,True,25ce2ea57d364ae06384c37c44e27c86c2e8ca02ca5b8486b0731cb045a56d6b
PRJ-DCT,PRJ-DCT-ITEM-001,PRJ-DCT-ITEM-001-FABRICATION,FABRICATION,Q-FABRICATION,FABRICATION-SERVER-1,6.868483,6.868483,18.872965,0.0,12.004482,SEQUENTIAL_PIPELINE,SYNTHETIC_RESEARCH_FIXTURE,OG-SYNTH-0.3,A-0.3,build_opus_synthetic_programme_v0_3.py@0.3,20260812,True,bdddac17954200bd37a20e019d57948cc8e3feb44b74276f8a0a07aacf35d134
PRJ-DCT,PRJ-DCT-ITEM-001,PRJ-DCT-ITEM-001-SHIPPING,SHIPPING,Q-SHIPPING,SHIPPING-SERVER-1,18.872965,18.872965,25.04052,0.0,6.167555,SEQUENTIAL_PIPELINE,SYNTHETIC_RESEARCH_FIXTURE,OG-SYNTH-0.3,A-0.3,build_opus_synthetic_programme_v0_3.py@0.3,20260812,True,cea3d96fb1f03c5babd2690df3affb7628292e833c4d4186c5d6bf9a0af10e5c
PRJ-DCT,PRJ-DCT-ITEM-001,PRJ-DCT-ITEM-001-DELIVERY,DELIVERY,Q-DELIVERY,DELIVERY-SERVER-1,25.04052,25.04052,26.799012,0.0,1.758492,SEQUENTIAL_PIPELINE,SYNTHETIC_RESEARCH_FIXTURE,OG-SYNTH-0.3,A-0.3,build_opus_synthetic_programme_v0_3.py@0.3,20260812,True,df9caf1b72174977270bf202cc0d5c8e90c6e13096fc44594ccbe722dea9aba5
PRJ-DCT,PRJ-DCT-ITEM-002,PRJ-DCT-ITEM-002-REVIEW,REVIEW,Q-REVIEW,REVIEW-SERVER-2,8.867269,8.867269,12.091504,0.0,3.224235,SEQUENTIAL_PIPELINE,SYNTHETIC_RESEARCH_FIXTURE,OG-SYNTH-0.3,A-0.3,build_opus_synthetic_programme_v0_3.py@0.3,20260812,True,a9fcb2ae30cbb40407f9c843a4455a8972d77a7ea4a8c1fdeac30ac7acba9550
PRJ-DCT,PRJ-DCT-ITEM-002,PRJ-DCT-ITEM-002-FABRICATION,FABRICATION,Q-FABRICATION,FABRICATION-SERVER-2,12.091504,12.091504,23.975693,0.0,11.884189,SEQUENTIAL_PIPELINE,SYNTHETIC_RESEARCH_FIXTURE,OG-SYNTH-0.3,A-0.3,build_opus_synthetic_programme_v0_3.py@0.3,20260812,True,5b5c20530ecec38e6aa643b07e502301cb435ddff9a6a18cfe1df9f1187a8c1f
PRJ-DCT,PRJ-DCT-ITEM-002,PRJ-DCT-ITEM-002-SHIPPING,SHIPPING,Q-SHIPPING,SHIPPING-SERVER-2,23.975693,23.975693,29.213754,0.0,5.238061,SEQUENTIAL_PIPELINE,SYNTHETIC_RESEARCH_FIXTURE,OG-SYNTH-0.3,A-0.3,build_opus_synthetic_programme_v0_3.py@0.3,20260812,True,e15046c93b25f3be62a388561af5e30731b626e9b5ed85ead0a589930de139e7
PRJ-DCT,PRJ-DCT-ITEM-002,PRJ-DCT-ITEM-002-DELIVERY,DELIVERY,Q-DELIVERY,DELIVERY-SERVER-2,29.213754,29.213754,30.198559,0.0,0.984805,SEQUENTIAL_PIPELINE,SYNTHETIC_RESEARCH_FIXTURE,OG-SYNTH-0.3,A-0.3,build_opus_synthetic_programme_v0_3.py@0.3,20260812,True,c2e580483830d53f9bcf07cdc4e164e1004ef0ef31a39537103c7db44cee9407
PRJ-DCT,PRJ-DCT-ITEM-003,PRJ-DCT-ITEM-003-REVIEW,REVIEW,Q-REVIEW,REVIEW-SERVER-1,8.429514,8.429514,12.945376,0.0,4.515862,SEQUENTIAL_PIPELINE,SYNTHETIC_RESEARCH_FIXTURE,OG-SYNTH-0.3,A-0.3,build_opus_synthetic_programme_v0_3.py@0.3,20260812,True,d23720f7a239459adcdcb5e1a422bf0dc6b97ce0fbbf8211c2f09022aa501a00
PRJ-DCT,PRJ-DCT-ITEM-003,PRJ-DCT-ITEM-003-FABRICATION,FABRICATION,Q-FABRICATION,FABRICATION-SERVER-3,12.945376,12.945376,24.235299,0.0,11.289923,SEQUENTIAL_PIPELINE,SYNTHETIC_RESEARCH_FIXTURE,OG-SYNTH-0.3,A-0.3,build_opus_synthetic_programme_v0_3.py@0.3,20260812,True,1ff0cf9181b3586acf5cec5530ccab517c2159987c384e976fdc56d0dc8f6119
PRJ-DCT,PRJ-DCT-ITEM-003,PRJ-DCT-ITEM-003-SHIPPING,SHIPPING,Q-SHIPPING,SHIPPING-SERVER-1,24.235299,25.04052,28.673878,0.805221,3.633357,SEQUENTIAL_PIPELINE,SYNTHETIC_RESEARCH_FIXTURE,OG-SYNTH-0.3,A-0.3,build_opus_synthetic_programme_v0_3.py@0.3,20260812,True,63301049dda3c802f274e36f7840783489724f8022904f578f4ccffc734fd7f5
PRJ-DCT,PRJ-DCT-ITEM-003,PRJ-DCT-ITEM-003-DELIVERY,DELIVERY,Q-DELIVERY,DELIVERY-SERVER-3,28.673878,28.673878,30.536618,0.0,1.86274,SEQUENTIAL_PIPELINE,SYNTHETIC_RESEARCH_FIXTURE,OG-SYNTH-0.3,A-0.3,build_opus_synthetic_programme_v0_3.py@0.3,20260812,True,75769d7adb190b95e3e12f503fe0e2f715fae49b1c23fd033fc2b2ec5bc19df5
PRJ-DCT,PRJ-DCT-ITEM-004,PRJ-DCT-ITEM-004-REVIEW,REVIEW,Q-REVIEW,REVIEW-SERVER-2,14.214619,14.214619,16.850624,0.0,2.636006,SEQUENTIAL_PIPELINE,SYNTHETIC_RESEARCH_FIXTURE,OG-SYNTH-0.3,A-0.3,build_opus_synthetic_programme_v0_3.py@0.3,20260812,True,5ad02fffd4416a3d894d4cfe0872b4aa42adaa11fffd553aa307ef3d2aa5e2f1
PRJ-DCT,PRJ-DCT-ITEM-004,PRJ-DCT-ITEM-004-FABRICATION,FABRICATION,Q-FABRICATION,FABRICATION-SERVER-1,16.850624,18.872965,29.393735,2.022341,10.52077,SEQUENTIAL_PIPELINE,SYNTHETIC_RESEARCH_FIXTURE,OG-SYNTH-0.3,A-0.3,build_opus_synthetic_programme_v0_3.py@0.3,20260812,True,6b05dd177aa3495bc8b9ad7d45b208487a2fdf88230ec818f42f5e594e7790f7
PRJ-DCT,PRJ-DCT-ITEM-004,PRJ-DCT-ITEM-004-SHIPPING,SHIPPING,Q-SHIPPING,SHIPPING-SERVER-1,29.393735,29.393735,35.763052,0.0,6.369316,SEQUENTIAL_PIPELINE,SYNTHETIC_RESEARCH_FIXTURE,OG-SYNTH-0.3,A-0.3,build_opus_synthetic_programme_v0_3.py@0.3,20260812,True,d96552bf9a8b99f1bcebf5e9d7a7fcf738bbd9abe73111f7178cbf568e4b60b9
PRJ-DCT,PRJ-DCT-ITEM-004,PRJ-DCT-ITEM-004-DELIVERY,DELIVERY,Q-DELIVERY,DELIVERY-SERVER-4,35.763052,35.763052,37.061231,0.0,1.298179,SEQUENTIAL_PIPELINE,SYNTHETIC_RESEARCH_FIXTURE,OG-SYNTH-0.3,A-0.3,build_opus_synthetic_programme_v0_3.py@0.3,20260812,True,5587103bd2b512e3a0692b791e6d1dda2f44dffa34d38bb01607610728e0d51d
PRJ-DCT,PRJ-DCT-ITEM-005,PRJ-DCT-ITEM-005-REVIEW,REVIEW,Q-REVIEW,REVIEW-SERVER-1,14.895137,14.895137,16.809372,0.0,1.914234,SEQUENTIAL_PIPELINE,SYNTHETIC_RESEARCH_FIXTURE,OG-SYNTH-0.3,A-0.3,build_opus_synthetic_programme_v0_3.py@0.3,20260812,True,053cc7710b357a4188053f0d72cab964e5fe26bdcb00236911127545d03ba72e
PRJ-DCT,PRJ-DCT-ITEM-005,PRJ-DCT-ITEM-005-FABRICATION,FABRICATION,Q-FABRICATION,FABRICATION-SERVER-2,16.809372,23.975693,36.873435,7.166321,12.897743,SEQUENTIAL_PIPELINE,SYNTHETIC_RESEARCH_FIXTURE,OG-SYNTH-0.3,A-0.3,build_opus_synthetic_programme_v0_3.py@0.3,20260812,True,7567df6cb11ab490bd2e0eeca0589f19a41c63dd51506113005769d2b3e68ca2
PRJ-DCT,PRJ-DCT-ITEM-005,PRJ-DCT-ITEM-005-SHIPPING,SHIPPING,Q-SHIPPING,SHIPPING-SERVER-2,36.873435,36.873435,43.754848,0.0,6.881412,SEQUENTIAL_PIPELINE,SYNTHETIC_RESEARCH_FIXTURE,OG-SYNTH-0.3,A-0.3,build_opus_synthetic_programme_v0_3.py@0.3,20260812,True,c9b5f0536721a5b6bdf5a24a54b6c3bfee1b84f5f422ee60f76c8686dbc8f93b
PRJ-DCT,PRJ-DCT-ITEM-005,PRJ-DCT-ITEM-005-DELIVERY,DELIVERY,Q-DELIVERY,DELIVERY-SERVER-1,43.754848,43.754848,46.326062,0.0,2.571215,SEQUENTIAL_PIPELINE,SYNTHETIC_RESEARCH_FIXTURE,OG-SYNTH-0.3,A-0.3,build_opus_synthetic_programme_v0_3.py@0.3,20260812,True,c2f92f26d525e6914ef78d36b5c2553a4091842a5015f978fe4bcc0f3c2765e6
PRJ-DCT,PRJ-DCT-ITEM-006,PRJ-DCT-ITEM-006-REVIEW,REVIEW,Q-REVIEW,REVIEW-SERVER-1,10.06422,16.809372,19.927818,6.745151,3.118446,SEQUENTIAL_PIPELINE,SYNTHETIC_RESEARCH_FIXTURE,OG-SYNTH-0.3,A-0.3,build_opus_synthetic_programme_v0_3.py@0.3,20260812,True,7d1cf0ac9314e81dbd96083ad83c84bfdb07650873ad34f784c22862042e2c6e
PRJ-DCT,PRJ-DCT-ITEM-006,PRJ-DCT-ITEM-006-FABRICATION,FABRICATION,Q-FABRICATION,FABRICATION-SERVER-3,19.927818,24.235299,33.544016,4.307481,9.308717,SEQUENTIAL_PIPELINE,SYNTHETIC_RESEARCH_FIXTURE,OG-SYNTH-0.3,A-0.3,build_opus_synthetic_programme_v0_3.py@0.3,20260812,True,571311bc35f2891d9c9fc3cc17a161366e19b3dbb2305b2bf24af5923a0c14dd
PRJ-DCT,PRJ-DCT-ITEM-006,PRJ-DCT-ITEM-006-SHIPPING,SHIPPING,Q-SHIPPING,SHIPPING-SERVER-1,33.544016,35.763052,42.966387,2.219036,7.203336,SEQUENTIAL_PIPELINE,SYNTHETIC_RESEARCH_FIXTURE,OG-SYNTH-0.3,A-0.3,build_opus_synthetic_programme_v0_3.py@0.3,20260812,True,d0ab885b80779883a65f764cf4eb6a871c140afaf8b216a0e3e65ead093f46fb
PRJ-DCT,PRJ-DCT-ITEM-006,PRJ-DCT-ITEM-006-DELIVERY,DELIVERY,Q-DELIVERY,DELIVERY-SERVER-2,42.966387,42.966387,44.58084,0.0,1.614452,SEQUENTIAL_PIPELINE,SYNTHETIC_RESEARCH_FIXTURE,OG-SYNTH-0.3,A-0.3,build_opus_synthetic_programme_v0_3.py@0.3,20260812,True,8670edbc624e97141daa996b0c37a5541d0db54d988cd91df4848120663e1c22
PRJ-DCT,PRJ-DCT-ITEM-007,PRJ-DCT-ITEM-007-REVIEW,REVIEW,Q-REVIEW,REVIEW-SERVER-2,13.43926,16.850624,19.561974,3.411365,2.711349,SEQUENTIAL_PIPELINE,SYNTHETIC_RESEARCH_FIXTURE,OG-SYNTH-0.3,A-0.3,build_opus_synthetic_programme_v0_3.py@0.3,20260812,True,36add184717e483cfd931cf9884012a2d6cd3d5fc220a9221c6ef342a673a1f3
PRJ-DCT,PRJ-DCT-ITEM-007,PRJ-DCT-ITEM-007-FABRICATION,FABRICATION,Q-FABRICATION,FABRICATION-SERVER-1,19.561974,29.393735,41.37073,9.831762,11.976994,SEQUENTIAL_PIPELINE,SYNTHETIC_RESEARCH_FIXTURE,OG-SYNTH-0.3,A-0.3,build_opus_synthetic_programme_v0_3.py@0.3,20260812,True,a0cb78127cc540f02cd9c7f1b993c21bf20b335a8c2f8ac2accefc2cb7e09714
PRJ-DCT,PRJ-DCT-ITEM-007,PRJ-DCT-ITEM-007-SHIPPING,SHIPPING,Q-SHIPPING,SHIPPING-SERVER-1,41.37073,42.966387,50.993763,1.595658,8.027375,SEQUENTIAL_PIPELINE,SYNTHETIC_RESEARCH_FIXTURE,OG-SYNTH-0.3,A-0.3,build_opus_synthetic_programme_v0_3.py@0.3,20260812,True,aa28705070a031979309ef1d03f18bced56cec6a567930e8f94756d56fc67396
PRJ-DCT,PRJ-DCT-ITEM-007,PRJ-DCT-ITEM-007-DELIVERY,DELIVERY,Q-DELIVERY,DELIVERY-SERVER-3,50.993763,50.993763,52.316959,0.0,1.323196,SEQUENTIAL_PIPELINE,SYNTHETIC_RESEARCH_FIXTURE,OG-SYNTH-0.3,A-0.3,build_opus_synthetic_programme_v0_3.py@0.3,20260812,True,611e467adc7378191d46872ceaa4a099d55a088f3960e30542d128ab10d53428
PRJ-DCT,PRJ-DCT-ITEM-008,PRJ-DCT-ITEM-008-REVIEW,REVIEW,Q-REVIEW,REVIEW-SERVER-2,14.422249,19.561974,23.322443,5.139725,3.760469,SEQUENTIAL_PIPELINE,SYNTHETIC_RESEARCH_FIXTURE,OG-SYNTH-0.3,A-0.3,build_opus_synthetic_programme_v0_3.py@0.3,20260812,True,75bd33ef89cc809e04aa37b7a1ba0a1f3f2a5d0ab86faf57029230f7e8df6ee2
PRJ-DCT,PRJ-DCT-ITEM-008,PRJ-DCT-ITEM-008-FABRICATION,FABRICATION,Q-FABRICATION,FABRICATION-SERVER-3,23.322443,33.544016,45.177782,10.221573,11.633766,SEQUENTIAL_PIPELINE,SYNTHETIC_RESEARCH_FIXTURE,OG-SYNTH-0.3,A-0.3,build_opus_synthetic_programme_v0_3.py@0.3,20260812,True,51e937051296f5320801432f6307d8eb8b4b1dc1e686745c0b7a9c64f8be04f7
PRJ-DCT,PRJ-DCT-ITEM-008,PRJ-DCT-ITEM-008-SHIPPING,SHIPPING,Q-SHIPPING,SHIPPING-SERVER-2,45.177782,45.177782,50.037865,0.0,4.860083,SEQUENTIAL_PIPELINE,SYNTHETIC_RESEARCH_FIXTURE,OG-SYNTH-0.3,A-0.3,build_opus_synthetic_programme_v0_3.py@0.3,20260812,True,e6edb863d75b570dcbf749946286f4d06fe3d7be304e69f962da969317bbc886
PRJ-DCT,PRJ-DCT-ITEM-008,PRJ-DCT-ITEM-008-DELIVERY,DELIVERY,Q-DELIVERY,DELIVERY-SERVER-4,50.037865,50.037865,51.588352,0.0,1.550487,SEQUENTIAL_PIPELINE,SYNTHETIC_RESEARCH_FIXTURE,OG-SYNTH-0.3,A-0.3,build_opus_synthetic_programme_v0_3.py@0.3,20260812,True,3147233d25fa7775fab1fef692f039a2ef6dd3ea3b024ffb670c4480305b0b0a
PRJ-DCT,PRJ-DCT-ITEM-009,PRJ-DCT-ITEM-009-REVIEW,REVIEW,Q-REVIEW,REVIEW-SERVER-1,14.83423,19.927818,23.614641,5.093588,3.686824,SEQUENTIAL_PIPELINE,SYNTHETIC_RESEARCH_FIXTURE,OG-SYNTH-0.3,A-0.3,build_opus_synthetic_programme_v0_3.py@0.3,20260812,True,3a93ffc3bb5d064b4ae5f47fb1cc2400276e05ee190853aa2d9b1218885fe6bb
PRJ-DCT,PRJ-DCT-ITEM-009,PRJ-DCT-ITEM-009-FABRICATION,FABRICATION,Q-FABRICATION,FABRICATION-SERVER-2,23.614641,36.873435,43.567713,13.258794,6.694277,SEQUENTIAL_PIPELINE,SYNTHETIC_RESEARCH_FIXTURE,OG-SYNTH-0.3,A-0.3,build_opus_synthetic_programme_v0_3.py@0.3,20260812,True,5bd5005b0db4f579d426c95f2b9e08e489cf3a8f7d71a459d95029d58481a27b
PRJ-DCT,PRJ-DCT-ITEM-009,PRJ-DCT-ITEM-009-SHIPPING,SHIPPING,Q-SHIPPING,SHIPPING-SERVER-2,43.567713,50.037865,55.57286,6.470153,5.534994,SEQUENTIAL_PIPELINE,SYNTHETIC_RESEARCH_FIXTURE,OG-SYNTH-0.3,A-0.3,build_opus_synthetic_programme_v0_3.py@0.3,20260812,True,590eb5ed4c202dd1a1d3810133d67d26496cd80ce273f3f9e8a960aeed0469f5
PRJ-DCT,PRJ-DCT-ITEM-009,PRJ-DCT-ITEM-009-DELIVERY,DELIVERY,Q-DELIVERY,DELIVERY-SERVER-2,55.57286,55.57286,58.021569,0.0,2.44871,SEQUENTIAL_PIPELINE,SYNTHETIC_RESEARCH_FIXTURE,OG-SYNTH-0.3,A-0.3,build_opus_synthetic_programme_v0_3.py@0.3,20260812,True,2abce323629389a9ea95ea6380e6fa5f18f14e33a26e09488980ef3630d7e00f
PRJ-DCT,PRJ-DCT-ITEM-010,PRJ-DCT-ITEM-010-REVIEW,REVIEW,Q-REVIEW,REVIEW-SERVER-2,4.863824,23.322443,28.081515,18.458619,4.759072,SEQUENTIAL_PIPELINE,SYNTHETIC_RESEARCH_FIXTURE,OG-SYNTH-0.3,A-0.3,build_opus_synthetic_programme_v0_3.py@0.3,20260812,True,1d153530e6eb53ab6e6189d8e002b8ad5dfe7c2ea819edfdebf0397e32cb9f89
PRJ-DCT,PRJ-DCT-ITEM-010,PRJ-DCT-ITEM-010-FABRICATION,FABRICATION,Q-FABRICATION,FABRICATION-SERVER-1,28.081515,41.37073,53.389237,13.289215,12.018508,SEQUENTIAL_PIPELINE,SYNTHETIC_RESEARCH_FIXTURE,OG-SYNTH-0.3,A-0.3,build_opus_synthetic_programme_v0_3.py@0.3,20260812,True,3d9504c8d57ff39c7e9c240b2a757f39a2c850296b8c0324e0f25348df6ec3b4
PRJ-DCT,PRJ-DCT-ITEM-010,PRJ-DCT-ITEM-010-SHIPPING,SHIPPING,Q-SHIPPING,SHIPPING-SERVER-1,53.389237,53.389237,57.58809,0.0,4.198852,SEQUENTIAL_PIPELINE,SYNTHETIC_RESEARCH_FIXTURE,OG-SYNTH-0.3,A-0.3,build_opus_synthetic_programme_v0_3.py@0.3,20260812,True,a346831fc51888f095fb130616415b98491e3ecd50b4cc8d2be1dc33bee4ee78
PRJ-DCT,PRJ-DCT-ITEM-010,PRJ-DCT-ITEM-010-DELIVERY,DELIVERY,Q-DELIVERY,DELIVERY-SERVER-1,57.58809,57.58809,59.360212,0.0,1.772123,SEQUENTIAL_PIPELINE,SYNTHETIC_RESEARCH_FIXTURE,OG-SYNTH-0.3,A-0.3,build_opus_synthetic_programme_v0_3.py@0.3,20260812,True,9624e0aae8681a070c6d92b2389d6faa68fe7b565acd85e066e0896d4f1aca6b
PRJ-DCT,PRJ-DCT-ITEM-011,PRJ-DCT-ITEM-011-REVIEW,REVIEW,Q-REVIEW,REVIEW-SERVER-1,8.357922,23.614641,26.114894,15.25672,2.500253,SEQUENTIAL_PIPELINE,SYNTHETIC_RESEARCH_FIXTURE,OG-SYNTH-0.3,A-0.3,build_opus_synthetic_programme_v0_3.py@0.3,20260812,True,960e4b35780190d6a9b9ff97dde5b376e77a92185ec1c39721470c8c0f24d30a
PRJ-DCT,PRJ-DCT-ITEM-011,PRJ-DCT-ITEM-011-FABRICATION,FABRICATION,Q-FABRICATION,FABRICATION-SERVER-2,26.114894,43.567713,53.038736,17.452818,9.471024,SEQUENTIAL_PIPELINE,SYNTHETIC_RESEARCH_FIXTURE,OG-SYNTH-0.3,A-0.3,build_opus_synthetic_programme_v0_3.py@0.3,20260812,True,c308ee01781f110450fe17e691255db3e6d2d6a2ff151193d85c2e91d7a48974
PRJ-DCT,PRJ-DCT-ITEM-011,PRJ-DCT-ITEM-011-SHIPPING,SHIPPING,Q-SHIPPING,SHIPPING-SERVER-2,53.038736,55.57286,61.602715,2.534123,6.029855,SEQUENTIAL_PIPELINE,SYNTHETIC_RESEARCH_FIXTURE,OG-SYNTH-0.3,A-0.3,build_opus_synthetic_programme_v0_3.py@0.3,20260812,True,66f35977b0266e4dee913f41d2d8ac5392609193e9bb6da910e214a6d6c288a2
PRJ-DCT,PRJ-DCT-ITEM-011,PRJ-DCT-ITEM-011-DELIVERY,DELIVERY,Q-DELIVERY,DELIVERY-SERVER-4,61.602715,61.602715,62.925933,0.0,1.323218,SEQUENTIAL_PIPELINE,SYNTHETIC_RESEARCH_FIXTURE,OG-SYNTH-0.3,A-0.3,build_opus_synthetic_programme_v0_3.py@0.3,20260812,True,a10f60fb46750b4f854a6e307241fe620c8be5e5094ee95044c5372d46f2eb8c
PRJ-DCT,PRJ-DCT-ITEM-012,PRJ-DCT-ITEM-012-REVIEW,REVIEW,Q-REVIEW,REVIEW-SERVER-1,0.271475,26.114894,27.555975,25.843419,1.441081,SEQUENTIAL_PIPELINE,SYNTHETIC_RESEARCH_FIXTURE,OG-SYNTH-0.3,A-0.3,build_opus_synthetic_programme_v0_3.py@0.3,20260812,True,e747eaa2a2d4ec5de2d21fb9cada67c2ab76d137ac667eb9fa881a18d5551298
PRJ-DCT,PRJ-DCT-ITEM-012,PRJ-DCT-ITEM-012-FABRICATION,FABRICATION,Q-FABRICATION,FABRICATION-SERVER-3,27.555975,45.177782,56.446033,17.621807,11.268251,SEQUENTIAL_PIPELINE,SYNTHETIC_RESEARCH_FIXTURE,OG-SYNTH-0.3,A-0.3,build_opus_synthetic_programme_v0_3.py@0.3,20260812,True,ab57e08d5439f609332cd1ac3d996846bba46e97fbabe865063da7f718f730ca
PRJ-DCT,PRJ-DCT-ITEM-012,PRJ-DCT-ITEM-012-SHIPPING,SHIPPING,Q-SHIPPING,SHIPPING-SERVER-1,56.446033,57.58809,64.655375,1.142057,7.067285,SEQUENTIAL_PIPELINE,SYNTHETIC_RESEARCH_FIXTURE,OG-SYNTH-0.3,A-0.3,build_opus_synthetic_programme_v0_3.py@0.3,20260812,True,3ef6baa617da21bfe060d6b68c8d35bb8913f7c3c95646fa020f89f00c485247
PRJ-DCT,PRJ-DCT-ITEM-012,PRJ-DCT-ITEM-012-DELIVERY,DELIVERY,Q-DELIVERY,DELIVERY-SERVER-3,64.655375,64.655375,66.100014,0.0,1.444639,SEQUENTIAL_PIPELINE,SYNTHETIC_RESEARCH_FIXTURE,OG-SYNTH-0.3,A-0.3,build_opus_synthetic_programme_v0_3.py@0.3,20260812,True,bb6118367c8fa7ecd1204acc83a15ead5913bc5574003dca2d3e243bb5b49f09
PRJ-DCT,PRJ-DCT-ITEM-013,PRJ-DCT-ITEM-013-REVIEW,REVIEW,Q-REVIEW,REVIEW-SERVER-1,4.99216,27.555975,29.017879,22.563815,1.461904,SEQUENTIAL_PIPELINE,SYNTHETIC_RESEARCH_FIXTURE,OG-SYNTH-0.3,A-0.3,build_opus_synthetic_programme_v0_3.py@0.3,20260812,True,983221b0f1f2e4070598fc35acb192280a5c9eede5473e1863c85d416626c51f
PRJ-DCT,PRJ-DCT-ITEM-013,PRJ-DCT-ITEM-013-FABRICATION,FABRICATION,Q-FABRICATION,FABRICATION-SERVER-2,29.017879,53.038736,60.609945,24.020857,7.571209,SEQUENTIAL_PIPELINE,SYNTHETIC_RESEARCH_FIXTURE,OG-SYNTH-0.3,A-0.3,build_opus_synthetic_programme_v0_3.py@0.3,20260812,True,1ac9b425624ce7bbed3b6e3407c438431db680a44efdcb1ed73ad1d32f3462dc
PRJ-DCT,PRJ-DCT-ITEM-013,PRJ-DCT-ITEM-013-SHIPPING,SHIPPING,Q-SHIPPING,SHIPPING-SERVER-2,60.609945,61.602715,66.980063,0.99277,5.377349,SEQUENTIAL_PIPELINE,SYNTHETIC_RESEARCH_FIXTURE,OG-SYNTH-0.3,A-0.3,build_opus_synthetic_programme_v0_3.py@0.3,20260812,True,5cef317531440263244f13b95356f3e60706d79619d5862809888dc3799a2efb
PRJ-DCT,PRJ-DCT-ITEM-013,PRJ-DCT-ITEM-013-DELIVERY,DELIVERY,Q-DELIVERY,DELIVERY-SERVER-2,66.980063,66.980063,68.325566,0.0,1.345503,SEQUENTIAL_PIPELINE,SYNTHETIC_RESEARCH_FIXTURE,OG-SYNTH-0.3,A-0.3,build_opus_synthetic_programme_v0_3.py@0.3,20260812,True,e207962e42a5f3668ba520ee6cca84e2079f0720d64c7a623ae9e5c8d15183a7
PRJ-DCT,PRJ-DCT-ITEM-014,PRJ-DCT-ITEM-014-REVIEW,REVIEW,Q-REVIEW,REVIEW-SERVER-2,3.792085,28.081515,30.591818,24.28943,2.510304,SEQUENTIAL_PIPELINE,SYNTHETIC_RESEARCH_FIXTURE,OG-SYNTH-0.3,A-0.3,build_opus_synthetic_programme_v0_3.py@0.3,20260812,True,480e6faa6afedb8b161f882af055af615b433a4893ce4ef86ee8098a85eb4c32
PRJ-DCT,PRJ-DCT-ITEM-014,PRJ-DCT-ITEM-014-FABRICATION,FABRICATION,Q-FABRICATION,FABRICATION-SERVER-1,30.591818,53.389237,64.693544,22.797419,11.304307,SEQUENTIAL_PIPELINE,SYNTHETIC_RESEARCH_FIXTURE,OG-SYNTH-0.3,A-0.3,build_opus_synthetic_programme_v0_3.py@0.3,20260812,True,c7c2a1a7057a1fd55b61ca6ef016c86a71dfb7e1f72edfef999b65abba62503f
PRJ-DCT,PRJ-DCT-ITEM-014,PRJ-DCT-ITEM-014-SHIPPING,SHIPPING,Q-SHIPPING,SHIPPING-SERVER-1,64.693544,64.693544,70.216343,0.0,5.5228,SEQUENTIAL_PIPELINE,SYNTHETIC_RESEARCH_FIXTURE,OG-SYNTH-0.3,A-0.3,build_opus_synthetic_programme_v0_3.py@0.3,20260812,True,149992aa4e452b11542398164ba96558d29ab376e931331f23b77ccc6d040d42
PRJ-DCT,PRJ-DCT-ITEM-014,PRJ-DCT-ITEM-014-DELIVERY,DELIVERY,Q-DELIVERY,DELIVERY-SERVER-1,70.216343,70.216343,71.924995,0.0,1.708652,SEQUENTIAL_PIPELINE,SYNTHETIC_RESEARCH_FIXTURE,OG-SYNTH-0.3,A-0.3,build_opus_synthetic_programme_v0_3.py@0.3,20260812,True,d46713f9452159c2922454bf0af9fdc413be2d274af24d71ef91e8d5e34ba8cc
PRJ-DCT,PRJ-DCT-ITEM-015,PRJ-DCT-ITEM-015-REVIEW,REVIEW,Q-REVIEW,REVIEW-SERVER-1,12.510327,29.017879,31.795008,16.507553,2.777129,SEQUENTIAL_PIPELINE,SYNTHETIC_RESEARCH_FIXTURE,OG-SYNTH-0.3,A-0.3,build_opus_synthetic_programme_v0_3.py@0.3,20260812,True,51c700bf9943df449c2c4a35859b0c0c24493d53f346bfc9ec44574db25fc22b
PRJ-DCT,PRJ-DCT-ITEM-015,PRJ-DCT-ITEM-015-FABRICATION,FABRICATION,Q-FABRICATION,FABRICATION-SERVER-3,31.795008,56.446033,66.244608,24.651024,9.798575,SEQUENTIAL_PIPELINE,SYNTHETIC_RESEARCH_FIXTURE,OG-SYNTH-0.3,A-0.3,build_opus_synthetic_programme_v0_3.py@0.3,20260812,True,6340ca0e7add36558c1cd9974010e5bc9a7e900cee8a435612de005ece1c9c19
PRJ-DCT,PRJ-DCT-ITEM-015,PRJ-DCT-ITEM-015-SHIPPING,SHIPPING,Q-SHIPPING,SHIPPING-SERVER-2,66.244608,66.980063,72.416398,0.735456,5.436335,SEQUENTIAL_PIPELINE,SYNTHETIC_RESEARCH_FIXTURE,OG-SYNTH-0.3,A-0.3,build_opus_synthetic_programme_v0_3.py@0.3,20260812,True,317d174d8f8a07b5329a28783c31695d4b5db5cc319069f76ad3ae06f5c462d7
PRJ-DCT,PRJ-DCT-ITEM-015,PRJ-DCT-ITEM-015-DELIVERY,DELIVERY,Q-DELIVERY,DELIVERY-SERVER-4,72.416398,72.416398,74.260469,0.0,1.844071,SEQUENTIAL_PIPELINE,SYNTHETIC_RESEARCH_FIXTURE,OG-SYNTH-0.3,A-0.3,build_opus_synthetic_programme_v0_3.py@0.3,20260812,True,5814f69725d8721475c169a1c06fa67ecd423f1fa7c924b81a2f5bec5072be52
PRJ-DCT,PRJ-DCT-ITEM-016,PRJ-DCT-ITEM-016-REVIEW,REVIEW,Q-REVIEW,REVIEW-SERVER-2,0.550171,30.591818,32.779565,30.041647,2.187746,SEQUENTIAL_PIPELINE,SYNTHETIC_RESEARCH_FIXTURE,OG-SYNTH-0.3,A-0.3,build_opus_synthetic_programme_v0_3.py@0.3,20260812,True,caa7c614562ae612c28995f37e65d0afe740e9d383ba694f954625d740ac58c7
PRJ-DCT,PRJ-DCT-ITEM-016,PRJ-DCT-ITEM-016-FABRICATION,FABRICATION,Q-FABRICATION,FABRICATION-SERVER-2,32.779565,60.609945,70.32705,27.830381,9.717105,SEQUENTIAL_PIPELINE,SYNTHETIC_RESEARCH_FIXTURE,OG-SYNTH-0.3,A-0.3,build_opus_synthetic_programme_v0_3.py@0.3,20260812,True,544a462af4c4689bf79acd7a5fc18c67378a8b6be2e4777059b307dc8bb887eb
PRJ-DCT,PRJ-DCT-ITEM-016,PRJ-DCT-ITEM-016-SHIPPING,SHIPPING,Q-SHIPPING,SHIPPING-SERVER-1,70.32705,70.32705,75.765954,0.0,5.438904,SEQUENTIAL_PIPELINE,SYNTHETIC_RESEARCH_FIXTURE,OG-SYNTH-0.3,A-0.3,build_opus_synthetic_programme_v0_3.py@0.3,20260812,True,3ae1dc99ac2cd1bc0cee208f1512d673a055367211db7a090fcf0aec452f4fd9
PRJ-DCT,PRJ-DCT-ITEM-016,PRJ-DCT-ITEM-016-DELIVERY,DELIVERY,Q-DELIVERY,DELIVERY-SERVER-3,75.765954,75.765954,77.152737,0.0,1.386783,SEQUENTIAL_PIPELINE,SYNTHETIC_RESEARCH_FIXTURE,OG-SYNTH-0.3,A-0.3,build_opus_synthetic_programme_v0_3.py@0.3,20260812,True,96292644938a4ddcfbd31162e5447a27dcaace86d1a03c561f2a65202dd4f188
PRJ-DCT,PRJ-DCT-ITEM-017,PRJ-DCT-ITEM-017-REVIEW,REVIEW,Q-REVIEW,REVIEW-SERVER-1,4.32009,31.795008,35.347103,27.474919,3.552094,SEQUENTIAL_PIPELINE,SYNTHETIC_RESEARCH_FIXTURE,OG-SYNTH-0.3,A-0.3,build_opus_synthetic_programme_v0_3.py@0.3,20260812,True,172d1faeba3e7f8e2cb969a268830734e371900bea264b317b28ff5dab91b194
PRJ-DCT,PRJ-DCT-ITEM-017,PRJ-DCT-ITEM-017-FABRICATION,FABRICATION,Q-FABRICATION,FABRICATION-SERVER-1,35.347103,64.693544,75.879544,29.346441,11.186,SEQUENTIAL_PIPELINE,SYNTHETIC_RESEARCH_FIXTURE,OG-SYNTH-0.3,A-0.3,build_opus_synthetic_programme_v0_3.py@0.3,20260812,True,704d63dd4bc50143165b1dac69da9c2a6115b1f497a9907336f54cd57565fe76
PRJ-DCT,PRJ-DCT-ITEM-017,PRJ-DCT-ITEM-017-SHIPPING,SHIPPING,Q-SHIPPING,SHIPPING-SERVER-2,75.879544,75.879544,81.775685,0.0,5.89614,SEQUENTIAL_PIPELINE,SYNTHETIC_RESEARCH_FIXTURE,OG-SYNTH-0.3,A-0.3,build_opus_synthetic_programme_v0_3.py@0.3,20260812,True,395f462c61f36e6831f279c14998984ffda5471425b9cca0664a03619e519cf8
PRJ-DCT,PRJ-DCT-ITEM-017,PRJ-DCT-ITEM-017-DELIVERY,DELIVERY,Q-DELIVERY,DELIVERY-SERVER-2,81.775685,81.775685,82.672463,0.0,0.896778,SEQUENTIAL_PIPELINE,SYNTHETIC_RESEARCH_FIXTURE,OG-SYNTH-0.3,A-0.3,build_opus_synthetic_programme_v0_3.py@0.3,20260812,True,505b7f0c564f4e1dce24ae91ebab62fe3d3063e436be2d9f6ea22298e9268baf
PRJ-DCT,PRJ-DCT-ITEM-018,PRJ-DCT-ITEM-018-REVIEW,REVIEW,Q-REVIEW,REVIEW-SERVER-2,9.425558,32.779565,35.537087,23.354007,2.757523,SEQUENTIAL_PIPELINE,SYNTHETIC_RESEARCH_FIXTURE,OG-SYNTH-0.3,A-0.3,build_opus_synthetic_programme_v0_3.py@0.3,20260812,True,5247a7f4d4f2dc0b0897b8e77e427ec39f7a54e01d33757ce26d3a9cb09571c2
PRJ-DCT,PRJ-DCT-ITEM-018,PRJ-DCT-ITEM-018-FABRICATION,FABRICATION,Q-FABRICATION,FABRICATION-SERVER-3,35.537087,66.244608,86.015934,30.707521,19.771326,SEQUENTIAL_PIPELINE,SYNTHETIC_RESEARCH_FIXTURE,OG-SYNTH-0.3,A-0.3,build_opus_synthetic_programme_v0_3.py@0.3,20260812,True,e1e47239030b0facbab853fb468878e81f31c86e638db1f5ef8146e0e0501889
PRJ-DCT,PRJ-DCT-ITEM-018,PRJ-DCT-ITEM-018-SHIPPING,SHIPPING,Q-SHIPPING,SHIPPING-SERVER-1,86.015934,86.015934,93.363603,0.0,7.347669,SEQUENTIAL_PIPELINE,SYNTHETIC_RESEARCH_FIXTURE,OG-SYNTH-0.3,A-0.3,build_opus_synthetic_programme_v0_3.py@0.3,20260812,True,08b21bda2a1d24f67411875f763f1f8a559d6595b753afcc7c944c2a8e435b26
PRJ-DCT,PRJ-DCT-ITEM-018,PRJ-DCT-ITEM-018-DELIVERY,DELIVERY,Q-DELIVERY,DELIVERY-SERVER-1,93.363603,93.363603,94.673941,0.0,1.310339,SEQUENTIAL_PIPELINE,SYNTHETIC_RESEARCH_FIXTURE,OG-SYNTH-0.3,A-0.3,build_opus_synthetic_programme_v0_3.py@0.3,20260812,True,9cfd089caf934e15a0fda67bee58b5331432146c0984213b6d19c511cb6e94f4
PRJ-DCT,PRJ-DCT-ITEM-019,PRJ-DCT-ITEM-019-REVIEW,REVIEW,Q-REVIEW,REVIEW-SERVER-1,7.929688,35.347103,38.237723,27.417415,2.89062,SEQUENTIAL_PIPELINE,SYNTHETIC_RESEARCH_FIXTURE,OG-SYNTH-0.3,A-0.3,build_opus_synthetic_programme_v0_3.py@0.3,20260812,True,44769f0417e700aa1794bd4638c05f163dc22dcdf28368cbb7cd7cc61a883940
PRJ-DCT,PRJ-DCT-ITEM-019,PRJ-DCT-ITEM-019-FABRICATION,FABRICATION,Q-FABRICATION,FABRICATION-SERVER-2,38.237723,70.32705,88.533143,32.089327,18.206093,SEQUENTIAL_PIPELINE,SYNTHETIC_RESEARCH_FIXTURE,OG-SYNTH-0.3,A-0.3,build_opus_synthetic_programme_v0_3.py@0.3,20260812,True,4705f7c9317bd64232c31d52adf301d7ff380cef6d04111b44fed0ef487ce167
PRJ-DCT,PRJ-DCT-ITEM-019,PRJ-DCT-ITEM-019-SHIPPING,SHIPPING,Q-SHIPPING,SHIPPING-SERVER-2,88.533143,88.533143,94.481704,0.0,5.948561,SEQUENTIAL_PIPELINE,SYNTHETIC_RESEARCH_FIXTURE,OG-SYNTH-0.3,A-0.3,build_opus_synthetic_programme_v0_3.py@0.3,20260812,True,a090d023885266169a92dafbfd8fcfbbf52213d87f1d47bd2c3166b3caf4df07
PRJ-DCT,PRJ-DCT-ITEM-019,PRJ-DCT-ITEM-019-DELIVERY,DELIVERY,Q-DELIVERY,DELIVERY-SERVER-4,94.481704,94.481704,95.797497,0.0,1.315793,SEQUENTIAL_PIPELINE,SYNTHETIC_RESEARCH_FIXTURE,OG-SYNTH-0.3,A-0.3,build_opus_synthetic_programme_v0_3.py@0.3,20260812,True,b01e074b1facf9f3f21d40adee42484c7b4832778b58ee7a547658cb443f0591
PRJ-DCT,PRJ-DCT-ITEM-020,PRJ-DCT-ITEM-020-REVIEW,REVIEW,Q-REVIEW,REVIEW-SERVER-2,11.734758,35.537087,38.049301,23.80233,2.512214,SEQUENTIAL_PIPELINE,SYNTHETIC_RESEARCH_FIXTURE,OG-SYNTH-0.3,A-0.3,build_opus_synthetic_programme_v0_3.py@0.3,20260812,True,5f8f9673ffe9615814c9b559dd6e6183673d9c80efc756be56e18772ac913fd3
PRJ-DCT,PRJ-DCT-ITEM-020,PRJ-DCT-ITEM-020-FABRICATION,FABRICATION,Q-FABRICATION,FABRICATION-SERVER-1,38.049301,75.879544,86.011302,37.830243,10.131757,SEQUENTIAL_PIPELINE,SYNTHETIC_RESEARCH_FIXTURE,OG-SYNTH-0.3,A-0.3,build_opus_synthetic_programme_v0_3.py@0.3,20260812,True,74a4752e90a2406d1e4a9d4fb5381b6e16842d92480836da7e23be6f29cd30fd
PRJ-DCT,PRJ-DCT-ITEM-020,PRJ-DCT-ITEM-020-SHIPPING,SHIPPING,Q-SHIPPING,SHIPPING-SERVER-1,86.011302,93.363603,100.674355,7.352301,7.310752,SEQUENTIAL_PIPELINE,SYNTHETIC_RESEARCH_FIXTURE,OG-SYNTH-0.3,A-0.3,build_opus_synthetic_programme_v0_3.py@0.3,20260812,True,0f445cba158d8eb86ecb10203609a1aac7a69ffb946a66ec6faaa58f82772616
PRJ-DCT,PRJ-DCT-ITEM-020,PRJ-DCT-ITEM-020-DELIVERY,DELIVERY,Q-DELIVERY,DELIVERY-SERVER-3,100.674355,100.674355,102.157087,0.0,1.482732,SEQUENTIAL_PIPELINE,SYNTHETIC_RESEARCH_FIXTURE,OG-SYNTH-0.3,A-0.3,build_opus_synthetic_programme_v0_3.py@0.3,20260812,True,afccb750bcaf7c3618364f3d5e8b9ab88c3c6bfe84f748279a2fdcf1fc17fced
