project_id,period_id,activity_id,progress_fraction,actual_start_day,actual_finish_day,current_remaining_duration_days,forecast_start_day,forecast_finish_day,current_total_float_days,current_critical_flag,schedule_version,data_origin,programme_version,package_version,generator_version,random_seed,not_for_empirical_validation,record_hash
PRJ-AIR,P01,PRJ-AIR-A01,1.0,0.0,5.4,0.0,50.0,50.0,-0.0,True,PRJ-AIR-P01-V1,SYNTHETIC_RESEARCH_FIXTURE,OG-SYNTH-0.3,A-0.3,build_opus_synthetic_programme_v0_3.py@0.3,20260812,True,0fd73d119981dc9d1d66d8d0432f942aefb68e670a6bc5413be9e83625641c6d
PRJ-AIR,P01,PRJ-AIR-A02,0.909974,5.4,,2.212946,50.0,52.212946,-0.0,True,PRJ-AIR-P01-V1,SYNTHETIC_RESEARCH_FIXTURE,OG-SYNTH-0.3,A-0.3,build_opus_synthetic_programme_v0_3.py@0.3,20260812,True,65666e0fb1685e9320e36a2775ea57a65b4c3573e0c8b4d586fccf4f5cd91b19
PRJ-AIR,P01,PRJ-AIR-A03,1.0,5.4,43.2,0.0,50.0,50.0,2.212946,False,PRJ-AIR-P01-V1,SYNTHETIC_RESEARCH_FIXTURE,OG-SYNTH-0.3,A-0.3,build_opus_synthetic_programme_v0_3.py@0.3,20260812,True,24142df9bc0b6a8ee6de552d763293be54153f3950534aa40a4f11060549e3b6
PRJ-AIR,P01,PRJ-AIR-A04,0.316293,43.2,,16.346927,52.212946,68.559874,-0.0,True,PRJ-AIR-P01-V1,SYNTHETIC_RESEARCH_FIXTURE,OG-SYNTH-0.3,A-0.3,build_opus_synthetic_programme_v0_3.py@0.3,20260812,True,c0cc0e498d2f2adc0ef2a681a0b7e1ea4a7849d445ace43d10a74fb31a8de39a
PRJ-AIR,P01,PRJ-AIR-A05,0.0,,,36.09625,68.559874,104.656124,-0.0,True,PRJ-AIR-P01-V1,SYNTHETIC_RESEARCH_FIXTURE,OG-SYNTH-0.3,A-0.3,build_opus_synthetic_programme_v0_3.py@0.3,20260812,True,98b550f24d4236fa250ab1bc625ce55e59ace2c2843e8127567463ba17a1e615
PRJ-AIR,P01,PRJ-AIR-A06,0.0,,,52.76775,104.656124,157.423874,-0.0,True,PRJ-AIR-P01-V1,SYNTHETIC_RESEARCH_FIXTURE,OG-SYNTH-0.3,A-0.3,build_opus_synthetic_programme_v0_3.py@0.3,20260812,True,626e206643864b670e344f52c9271613bfa444cabc5039706704f9d522a0c2e7
PRJ-AIR,P01,PRJ-AIR-A07,0.0,,,39.87,157.423874,197.293874,52.04125,False,PRJ-AIR-P01-V1,SYNTHETIC_RESEARCH_FIXTURE,OG-SYNTH-0.3,A-0.3,build_opus_synthetic_programme_v0_3.py@0.3,20260812,True,edb5573d9b39c85b4ba6639d692cbab17ac7ca597210a6df1b0e0e3503b5ed0d
PRJ-AIR,P01,PRJ-AIR-A08,0.0,,,53.76775,157.423874,211.191624,-0.0,True,PRJ-AIR-P01-V1,SYNTHETIC_RESEARCH_FIXTURE,OG-SYNTH-0.3,A-0.3,build_opus_synthetic_programme_v0_3.py@0.3,20260812,True,6f0627c6ab0f923c2a5b7ca7b9d5047379682641f64fb78338139c54e3995e20
PRJ-AIR,P01,PRJ-AIR-A09,0.0,,,38.1435,211.191624,249.335124,-0.0,True,PRJ-AIR-P01-V1,SYNTHETIC_RESEARCH_FIXTURE,OG-SYNTH-0.3,A-0.3,build_opus_synthetic_programme_v0_3.py@0.3,20260812,True,16596b33d0f7bea4f4d19a6db16042239ef716999d3f6bd270da319242173d95
PRJ-AIR,P01,PRJ-AIR-A10,0.046951,229.6,,46.125422,249.335124,295.460546,0.0,True,PRJ-AIR-P01-V1,SYNTHETIC_RESEARCH_FIXTURE,OG-SYNTH-0.3,A-0.3,build_opus_synthetic_programme_v0_3.py@0.3,20260812,True,033f06d18be752d165edae203e9f619f7e44a47acbda62f90a2072400177096f
PRJ-AIR,P01,PRJ-AIR-A11,0.0,,,33.55725,295.460546,329.017796,0.0,True,PRJ-AIR-P01-V1,SYNTHETIC_RESEARCH_FIXTURE,OG-SYNTH-0.3,A-0.3,build_opus_synthetic_programme_v0_3.py@0.3,20260812,True,fc487ca4cd8fd5bc32af82df069c54a2ca0ac02749743d203d05b884446d3276
PRJ-AIR,P01,PRJ-AIR-A12,0.00073,304.20000000000005,,15.479194,329.017796,344.49699,0.0,True,PRJ-AIR-P01-V1,SYNTHETIC_RESEARCH_FIXTURE,OG-SYNTH-0.3,A-0.3,build_opus_synthetic_programme_v0_3.py@0.3,20260812,True,5715ca2b96f09e17e8f107657fc9d825140790f3e2b487c06498e69f6ddb8347
PRJ-AIR,P02,PRJ-AIR-A01,0.945546,0.0,,0.31684,100.0,100.31684,0.0,True,PRJ-AIR-P02-V1,SYNTHETIC_RESEARCH_FIXTURE,OG-SYNTH-0.3,A-0.3,build_opus_synthetic_programme_v0_3.py@0.3,20260812,True,3f9aa67179e3aa1e78ac45b4003b5eb1e8fe6d4e46e74bb8b15903d2cd510994
PRJ-AIR,P02,PRJ-AIR-A02,0.949332,5.4,,1.245487,100.31684,101.562327,0.0,True,PRJ-AIR-P02-V1,SYNTHETIC_RESEARCH_FIXTURE,OG-SYNTH-0.3,A-0.3,build_opus_synthetic_programme_v0_3.py@0.3,20260812,True,aa1b5d0351b95b07e9c566190f00e05f2617d76901d6136de0bff8314f9d5514
PRJ-AIR,P02,PRJ-AIR-A03,1.0,5.4,43.2,0.0,100.31684,100.31684,1.245487,False,PRJ-AIR-P02-V1,SYNTHETIC_RESEARCH_FIXTURE,OG-SYNTH-0.3,A-0.3,build_opus_synthetic_programme_v0_3.py@0.3,20260812,True,c73161d906d51454b15db75f5dd6338d848d8de5aa993a9a650412e56a405108
PRJ-AIR,P02,PRJ-AIR-A04,0.990628,43.2,,0.224074,101.562327,101.7864,0.0,True,PRJ-AIR-P02-V1,SYNTHETIC_RESEARCH_FIXTURE,OG-SYNTH-0.3,A-0.3,build_opus_synthetic_programme_v0_3.py@0.3,20260812,True,75769737d395cd450c6ba43241091cfba2b308afc06a1394db07e1333ff10eab
PRJ-AIR,P02,PRJ-AIR-A05,0.922886,64.5,,2.783531,101.7864,104.569931,0.0,True,PRJ-AIR-P02-V1,SYNTHETIC_RESEARCH_FIXTURE,OG-SYNTH-0.3,A-0.3,build_opus_synthetic_programme_v0_3.py@0.3,20260812,True,12bbc844782040be392a7ec8256d9f5736d133b74bcf714afd61893b72894958
PRJ-AIR,P02,PRJ-AIR-A06,0.006259,98.0,,52.437485,104.569931,157.007416,0.0,True,PRJ-AIR-P02-V1,SYNTHETIC_RESEARCH_FIXTURE,OG-SYNTH-0.3,A-0.3,build_opus_synthetic_programme_v0_3.py@0.3,20260812,True,7559f9768b461140020d9888b5b51e01b42e58dc2bb886d080af922d696f5ea8
PRJ-AIR,P02,PRJ-AIR-A07,0.0,,,39.87,157.007416,196.877416,50.798463,False,PRJ-AIR-P02-V1,SYNTHETIC_RESEARCH_FIXTURE,OG-SYNTH-0.3,A-0.3,build_opus_synthetic_programme_v0_3.py@0.3,20260812,True,e5e0c6e354a1906f4fe922bad0098c6f90b0245c0f9536b227a3eed0c8083bc9
PRJ-AIR,P02,PRJ-AIR-A08,0.01412,146.3,,53.008542,157.007416,210.015957,0.0,True,PRJ-AIR-P02-V1,SYNTHETIC_RESEARCH_FIXTURE,OG-SYNTH-0.3,A-0.3,build_opus_synthetic_programme_v0_3.py@0.3,20260812,True,2568e1aa6d023c08c61f1ed6266bd93f43fb96bd7ac087000a19229b0b7a4510
PRJ-AIR,P02,PRJ-AIR-A09,0.012678,194.2,,37.659922,210.015957,247.675879,0.0,True,PRJ-AIR-P02-V1,SYNTHETIC_RESEARCH_FIXTURE,OG-SYNTH-0.3,A-0.3,build_opus_synthetic_programme_v0_3.py@0.3,20260812,True,7078d9eb7f1bc90f91ddd0ab4df0d159dd60a85b0f529f75e857b55f88c9c76a
PRJ-AIR,P02,PRJ-AIR-A10,0.002593,229.6,,48.272247,247.675879,295.948126,0.0,True,PRJ-AIR-P02-V1,SYNTHETIC_RESEARCH_FIXTURE,OG-SYNTH-0.3,A-0.3,build_opus_synthetic_programme_v0_3.py@0.3,20260812,True,2c8d79b23eb87b3dd1752a4d3b0e69c997afbdb3c0137e9a99994cd0e00bc6b0
PRJ-AIR,P02,PRJ-AIR-A11,0.007417,273.90000000000003,,33.308351,295.948126,329.256477,0.0,True,PRJ-AIR-P02-V1,SYNTHETIC_RESEARCH_FIXTURE,OG-SYNTH-0.3,A-0.3,build_opus_synthetic_programme_v0_3.py@0.3,20260812,True,927e2a08e2c64bd8a9331b4400919664a63ba1336843fbf5257396e87f1b793c
PRJ-AIR,P02,PRJ-AIR-A12,0.030001,304.20000000000005,,15.025768,329.256477,344.282245,0.0,True,PRJ-AIR-P02-V1,SYNTHETIC_RESEARCH_FIXTURE,OG-SYNTH-0.3,A-0.3,build_opus_synthetic_programme_v0_3.py@0.3,20260812,True,adf3753756d127c6a836775b7e93f9088b863a0dc09db958caa1ba714750edc0
PRJ-AIR,P03,PRJ-AIR-A01,0.984963,0.0,,0.087491,150.0,150.087491,-0.0,True,PRJ-AIR-P03-V1,SYNTHETIC_RESEARCH_FIXTURE,OG-SYNTH-0.3,A-0.3,build_opus_synthetic_programme_v0_3.py@0.3,20260812,True,4469ca7a243f9bac51f4544ccc2baa0010e175e6b8dc96703168d45480aaf5b9
PRJ-AIR,P03,PRJ-AIR-A02,0.953256,5.4,,1.149031,150.087491,151.236522,1.440952,False,PRJ-AIR-P03-V1,SYNTHETIC_RESEARCH_FIXTURE,OG-SYNTH-0.3,A-0.3,build_opus_synthetic_programme_v0_3.py@0.3,20260812,True,e2c74e9d2f01afdacd987ada4e74af1c0bea6a2106fa8e73aeaf76451714f1c5
PRJ-AIR,P03,PRJ-AIR-A03,0.938133,5.4,,2.589983,150.087491,152.677474,-0.0,True,PRJ-AIR-P03-V1,SYNTHETIC_RESEARCH_FIXTURE,OG-SYNTH-0.3,A-0.3,build_opus_synthetic_programme_v0_3.py@0.3,20260812,True,d1e02dc7243dd51afff34d8fa6dd0ce89c4adc407bbdbdcaaa396d3b98ce6a4d
PRJ-AIR,P03,PRJ-AIR-A04,0.957822,43.2,,1.008435,152.677474,153.685909,-0.0,True,PRJ-AIR-P03-V1,SYNTHETIC_RESEARCH_FIXTURE,OG-SYNTH-0.3,A-0.3,build_opus_synthetic_programme_v0_3.py@0.3,20260812,True,39a598b9200b8f6ed2f579602391d3bcfc1124e60be6891f114521e4883e4a1b
PRJ-AIR,P03,PRJ-AIR-A05,0.944413,64.5,,2.006471,153.685909,155.69238,-0.0,True,PRJ-AIR-P03-V1,SYNTHETIC_RESEARCH_FIXTURE,OG-SYNTH-0.3,A-0.3,build_opus_synthetic_programme_v0_3.py@0.3,20260812,True,a00d7e9d2dc51f5e1e1ebb6e886bcfafd91c72aa4d439c5d4a26bc7976c557f9
PRJ-AIR,P03,PRJ-AIR-A06,0.992378,98.0,,0.402218,155.69238,156.094598,-0.0,True,PRJ-AIR-P03-V1,SYNTHETIC_RESEARCH_FIXTURE,OG-SYNTH-0.3,A-0.3,build_opus_synthetic_programme_v0_3.py@0.3,20260812,True,a0a29d8d3320fac2d3079ddc6f9058e40665dcc726ad124b805ba000886135a6
PRJ-AIR,P03,PRJ-AIR-A07,0.09464,146.3,,36.096712,156.094598,192.19131,50.411439,False,PRJ-AIR-P03-V1,SYNTHETIC_RESEARCH_FIXTURE,OG-SYNTH-0.3,A-0.3,build_opus_synthetic_programme_v0_3.py@0.3,20260812,True,8884101730b1b6c325a8709c25de9dcf6aa3b994c1eb2ecfc4be66d3e1fa3cbe
PRJ-AIR,P03,PRJ-AIR-A08,0.10049,146.3,,48.364651,156.094598,204.459249,-0.0,True,PRJ-AIR-P03-V1,SYNTHETIC_RESEARCH_FIXTURE,OG-SYNTH-0.3,A-0.3,build_opus_synthetic_programme_v0_3.py@0.3,20260812,True,572733817ec9be9a4b0e592e5e361f016a7165e8347ab28b2564e913e289ecfc
PRJ-AIR,P03,PRJ-AIR-A09,0.0,,,38.1435,204.459249,242.602749,-0.0,True,PRJ-AIR-P03-V1,SYNTHETIC_RESEARCH_FIXTURE,OG-SYNTH-0.3,A-0.3,build_opus_synthetic_programme_v0_3.py@0.3,20260812,True,9a5d4f2430427951069bad6c6a33acd267ac14fc6aac4708d40a414af6f558b9
PRJ-AIR,P03,PRJ-AIR-A10,0.027775,229.6,,47.053479,242.602749,289.656227,-0.0,True,PRJ-AIR-P03-V1,SYNTHETIC_RESEARCH_FIXTURE,OG-SYNTH-0.3,A-0.3,build_opus_synthetic_programme_v0_3.py@0.3,20260812,True,41291d3e947ba993fa565292a2d18423db361309d03ce414a9cfce8cbeafbaf6
PRJ-AIR,P03,PRJ-AIR-A11,0.005345,273.90000000000003,,33.377878,289.656227,323.034106,-0.0,True,PRJ-AIR-P03-V1,SYNTHETIC_RESEARCH_FIXTURE,OG-SYNTH-0.3,A-0.3,build_opus_synthetic_programme_v0_3.py@0.3,20260812,True,30cc7ce5e80207cd9cbcc31e3e841463905342223d8d748ef8d6c8890483ebc6
PRJ-AIR,P03,PRJ-AIR-A12,0.0,,,15.4905,323.034106,338.524606,0.0,True,PRJ-AIR-P03-V1,SYNTHETIC_RESEARCH_FIXTURE,OG-SYNTH-0.3,A-0.3,build_opus_synthetic_programme_v0_3.py@0.3,20260812,True,c38d5508edac995d0ca4ddbe9120a92a7a0ce8d1ba66c4a44c771edad47a2eea
PRJ-AIR,P04,PRJ-AIR-A01,0.909435,0.0,,0.526955,201.0,201.526955,0.0,True,PRJ-AIR-P04-V1,SYNTHETIC_RESEARCH_FIXTURE,OG-SYNTH-0.3,A-0.3,build_opus_synthetic_programme_v0_3.py@0.3,20260812,True,31bff627cd76690e5334481751f3d4d159d00db84cf9a57bc6c5c4de61c5c6a3
PRJ-AIR,P04,PRJ-AIR-A02,0.980581,5.4,,0.477354,201.526955,202.004309,2.254203,False,PRJ-AIR-P04-V1,SYNTHETIC_RESEARCH_FIXTURE,OG-SYNTH-0.3,A-0.3,build_opus_synthetic_programme_v0_3.py@0.3,20260812,True,334be25d287318cefe5485433b0c4217eef6846c429392908ad7f50b6a9e6d04
PRJ-AIR,P04,PRJ-AIR-A03,0.934751,5.4,,2.731557,201.526955,204.258512,0.0,True,PRJ-AIR-P04-V1,SYNTHETIC_RESEARCH_FIXTURE,OG-SYNTH-0.3,A-0.3,build_opus_synthetic_programme_v0_3.py@0.3,20260812,True,33efe544c20a59d4b37cfe482cf4381a30b56d57682215fcd627da1a636bac78
PRJ-AIR,P04,PRJ-AIR-A04,0.969365,43.2,,0.732466,204.258512,204.990977,0.0,True,PRJ-AIR-P04-V1,SYNTHETIC_RESEARCH_FIXTURE,OG-SYNTH-0.3,A-0.3,build_opus_synthetic_programme_v0_3.py@0.3,20260812,True,f12ea8e55b74c6d9fcb91507f8192052514ff62d1cc61fa6ad74a73fa904ace9
PRJ-AIR,P04,PRJ-AIR-A05,0.916579,64.5,,3.011194,204.990977,208.002171,0.0,True,PRJ-AIR-P04-V1,SYNTHETIC_RESEARCH_FIXTURE,OG-SYNTH-0.3,A-0.3,build_opus_synthetic_programme_v0_3.py@0.3,20260812,True,e75e4e3df6ef71a721ef0631b3e7fdde0b246f72684ef993a025b7ae310a3237
PRJ-AIR,P04,PRJ-AIR-A06,0.936321,98.0,,3.360188,208.002171,211.362359,0.0,True,PRJ-AIR-P04-V1,SYNTHETIC_RESEARCH_FIXTURE,OG-SYNTH-0.3,A-0.3,build_opus_synthetic_programme_v0_3.py@0.3,20260812,True,d33bf1bca010cc223896580d107a9ea6eeaf3906b53cd388515071940303348f
PRJ-AIR,P04,PRJ-AIR-A07,0.912313,146.3,,3.496091,211.362359,214.85845,32.378057,False,PRJ-AIR-P04-V1,SYNTHETIC_RESEARCH_FIXTURE,OG-SYNTH-0.3,A-0.3,build_opus_synthetic_programme_v0_3.py@0.3,20260812,True,545ef5d9569c1a4336736e3e8428730277a52366c62eb7f427d8d8acfc2e86f5
PRJ-AIR,P04,PRJ-AIR-A08,0.923279,146.3,,4.125139,211.362359,215.487498,0.0,True,PRJ-AIR-P04-V1,SYNTHETIC_RESEARCH_FIXTURE,OG-SYNTH-0.3,A-0.3,build_opus_synthetic_programme_v0_3.py@0.3,20260812,True,cf577cfa0bcfaf90400e5c2b532499749a5afec88057823daa859cb833559600
PRJ-AIR,P04,PRJ-AIR-A09,0.167643,194.2,,31.749009,215.487498,247.236507,0.0,True,PRJ-AIR-P04-V1,SYNTHETIC_RESEARCH_FIXTURE,OG-SYNTH-0.3,A-0.3,build_opus_synthetic_programme_v0_3.py@0.3,20260812,True,dcf1b7e87600033325ee3553d6079b1c5cd1d297d1295faa77b3e6c46f79a6f2
PRJ-AIR,P04,PRJ-AIR-A10,0.0,,,48.39775,247.236507,295.634257,0.0,True,PRJ-AIR-P04-V1,SYNTHETIC_RESEARCH_FIXTURE,OG-SYNTH-0.3,A-0.3,build_opus_synthetic_programme_v0_3.py@0.3,20260812,True,635569c2913fe42e10928f6c012492707e755b4fc00483a0b3de62db14602657
PRJ-AIR,P04,PRJ-AIR-A11,0.0,,,33.55725,295.634257,329.191507,0.0,True,PRJ-AIR-P04-V1,SYNTHETIC_RESEARCH_FIXTURE,OG-SYNTH-0.3,A-0.3,build_opus_synthetic_programme_v0_3.py@0.3,20260812,True,d935262a85c9e8b1681367bbc3878289c36b25aed07f8204c2ece9d15ff81375
PRJ-AIR,P04,PRJ-AIR-A12,0.019199,304.20000000000005,,15.193099,329.191507,344.384606,0.0,True,PRJ-AIR-P04-V1,SYNTHETIC_RESEARCH_FIXTURE,OG-SYNTH-0.3,A-0.3,build_opus_synthetic_programme_v0_3.py@0.3,20260812,True,cca934b7d01e051b321e1d1722ea1fbd517424f8c6df677bc7fd46abc82c297f
PRJ-AIR,P05,PRJ-AIR-A01,0.910407,0.0,,0.521297,251.0,251.521297,-0.0,True,PRJ-AIR-P05-V1,SYNTHETIC_RESEARCH_FIXTURE,OG-SYNTH-0.3,A-0.3,build_opus_synthetic_programme_v0_3.py@0.3,20260812,True,1cae71bcdd5ec296d57576e204e27417c822474f948d0200cd097c2448d91d13
PRJ-AIR,P05,PRJ-AIR-A02,0.932881,5.4,,1.649858,251.521297,253.171156,2.298412,False,PRJ-AIR-P05-V1,SYNTHETIC_RESEARCH_FIXTURE,OG-SYNTH-0.3,A-0.3,build_opus_synthetic_programme_v0_3.py@0.3,20260812,True,3ee0468abf2df2ace10fe9a11b2e10532548d6f83d228bf6d8657232e183ee8c
PRJ-AIR,P05,PRJ-AIR-A03,0.905687,5.4,,3.94827,251.521297,255.469567,-0.0,True,PRJ-AIR-P05-V1,SYNTHETIC_RESEARCH_FIXTURE,OG-SYNTH-0.3,A-0.3,build_opus_synthetic_programme_v0_3.py@0.3,20260812,True,82220bd90224e79a7e694b863bfc25998d4489a4c76272dd3fcb9bad4abacb76
PRJ-AIR,P05,PRJ-AIR-A04,0.97041,43.2,,0.707475,255.469567,256.177042,-0.0,True,PRJ-AIR-P05-V1,SYNTHETIC_RESEARCH_FIXTURE,OG-SYNTH-0.3,A-0.3,build_opus_synthetic_programme_v0_3.py@0.3,20260812,True,0dfa5b0225e8b172b9abf9d94e366b7e3ea3b2848adda3dad315605fb39cf9b5
PRJ-AIR,P05,PRJ-AIR-A05,0.949533,64.5,,1.821671,256.177042,257.998713,-0.0,True,PRJ-AIR-P05-V1,SYNTHETIC_RESEARCH_FIXTURE,OG-SYNTH-0.3,A-0.3,build_opus_synthetic_programme_v0_3.py@0.3,20260812,True,b9176d15dec1c285a1ce5f27fa997706b87048661042fb5b99a5f6f41b21c6d6
PRJ-AIR,P05,PRJ-AIR-A06,0.954839,98.0,,2.383026,257.998713,260.381739,-0.0,True,PRJ-AIR-P05-V1,SYNTHETIC_RESEARCH_FIXTURE,OG-SYNTH-0.3,A-0.3,build_opus_synthetic_programme_v0_3.py@0.3,20260812,True,615802898484a89d1392dae875ec8a90bee92f2de7d59fede30b06e29e6380ce
PRJ-AIR,P05,PRJ-AIR-A07,0.977266,146.3,,0.906402,260.381739,261.288141,8.019228,False,PRJ-AIR-P05-V1,SYNTHETIC_RESEARCH_FIXTURE,OG-SYNTH-0.3,A-0.3,build_opus_synthetic_programme_v0_3.py@0.3,20260812,True,f1c5d37e17d95e2b8b3e710d6f2d797e700b3b9e4787945ae9230423c6af37b0
PRJ-AIR,P05,PRJ-AIR-A08,0.882564,146.3,,6.314287,260.381739,266.696026,-0.0,True,PRJ-AIR-P05-V1,SYNTHETIC_RESEARCH_FIXTURE,OG-SYNTH-0.3,A-0.3,build_opus_synthetic_programme_v0_3.py@0.3,20260812,True,326030335dbf07044901afbc7584da58cb3ca50e6a3ead0d2d159b81002af316
PRJ-AIR,P05,PRJ-AIR-A09,0.931539,194.2,,2.611343,266.696026,269.307369,0.0,True,PRJ-AIR-P05-V1,SYNTHETIC_RESEARCH_FIXTURE,OG-SYNTH-0.3,A-0.3,build_opus_synthetic_programme_v0_3.py@0.3,20260812,True,67d4828bff86459fe623713193c2aed7b32691feb2316f20d144c2c6c0e00ef2
PRJ-AIR,P05,PRJ-AIR-A10,0.489821,229.6,,24.691539,269.307369,293.998908,0.0,True,PRJ-AIR-P05-V1,SYNTHETIC_RESEARCH_FIXTURE,OG-SYNTH-0.3,A-0.3,build_opus_synthetic_programme_v0_3.py@0.3,20260812,True,a7551cdf09bc874553c6a2f2480c00c509a0c7f91e66dc86ff640e55e6098e2b
PRJ-AIR,P05,PRJ-AIR-A11,0.0,,,33.55725,293.998908,327.556158,0.0,True,PRJ-AIR-P05-V1,SYNTHETIC_RESEARCH_FIXTURE,OG-SYNTH-0.3,A-0.3,build_opus_synthetic_programme_v0_3.py@0.3,20260812,True,aa9590172c69d2dafc7ad8bd6a81656146b4e892cde8bcc2c386953913d98dc7
PRJ-AIR,P05,PRJ-AIR-A12,0.029982,304.20000000000005,,15.026071,327.556158,342.582228,0.0,True,PRJ-AIR-P05-V1,SYNTHETIC_RESEARCH_FIXTURE,OG-SYNTH-0.3,A-0.3,build_opus_synthetic_programme_v0_3.py@0.3,20260812,True,7422a0cc6a6207c0d91c310234fb1d2646985e7dc4f713a5111a2eb4387c9499
PRJ-AIR,P06,PRJ-AIR-A01,0.94426,0.0,,0.324321,301.0,301.324321,0.0,True,PRJ-AIR-P06-V1,SYNTHETIC_RESEARCH_FIXTURE,OG-SYNTH-0.3,A-0.3,build_opus_synthetic_programme_v0_3.py@0.3,20260812,True,ffa6e6e3bdd755e644b3e0faa120c9b96704b32c41c54643f4b5937553e6a656
PRJ-AIR,P06,PRJ-AIR-A02,0.915379,5.4,,2.080081,301.324321,303.404402,0.848808,False,PRJ-AIR-P06-V1,SYNTHETIC_RESEARCH_FIXTURE,OG-SYNTH-0.3,A-0.3,build_opus_synthetic_programme_v0_3.py@0.3,20260812,True,6a5fa56341a98b375025a92f285f3900674c4679661d1747642671c43d9b227e
PRJ-AIR,P06,PRJ-AIR-A03,0.930037,5.4,,2.928889,301.324321,304.25321,0.0,True,PRJ-AIR-P06-V1,SYNTHETIC_RESEARCH_FIXTURE,OG-SYNTH-0.3,A-0.3,build_opus_synthetic_programme_v0_3.py@0.3,20260812,True,49751ec0450ac90bae3f99232a3aed3ff619bf2fc141d04fa27f2d2cbf4ae07c
PRJ-AIR,P06,PRJ-AIR-A04,0.907325,43.2,,2.215798,304.25321,306.469008,0.0,True,PRJ-AIR-P06-V1,SYNTHETIC_RESEARCH_FIXTURE,OG-SYNTH-0.3,A-0.3,build_opus_synthetic_programme_v0_3.py@0.3,20260812,True,16c946bc751ce72af733af978e3c5cf86d623483d9bca89074a64dff4a7c311b
PRJ-AIR,P06,PRJ-AIR-A05,0.934064,64.5,,2.380045,306.469008,308.849054,0.0,True,PRJ-AIR-P06-V1,SYNTHETIC_RESEARCH_FIXTURE,OG-SYNTH-0.3,A-0.3,build_opus_synthetic_programme_v0_3.py@0.3,20260812,True,2ed1b131bc95f872382f3350b2986ec1c67961465933439373c88c6db6ce554d
PRJ-AIR,P06,PRJ-AIR-A06,0.864291,98.0,,7.161068,308.849054,316.010121,0.0,True,PRJ-AIR-P06-V1,SYNTHETIC_RESEARCH_FIXTURE,OG-SYNTH-0.3,A-0.3,build_opus_synthetic_programme_v0_3.py@0.3,20260812,True,94d2caae7216259ddb4fddda9ecb39bbf95f97f0d55d50569cd52555e5581e7c
PRJ-AIR,P06,PRJ-AIR-A07,0.88726,146.3,,4.494947,316.010121,320.505069,3.030669,False,PRJ-AIR-P06-V1,SYNTHETIC_RESEARCH_FIXTURE,OG-SYNTH-0.3,A-0.3,build_opus_synthetic_programme_v0_3.py@0.3,20260812,True,52588d1d75fe68a4c3fccaeb8585b399459ef1f1a83f8ee1f3fc7b8e8d2b7b59
PRJ-AIR,P06,PRJ-AIR-A08,0.892076,146.3,,5.802816,316.010121,321.812937,0.0,True,PRJ-AIR-P06-V1,SYNTHETIC_RESEARCH_FIXTURE,OG-SYNTH-0.3,A-0.3,build_opus_synthetic_programme_v0_3.py@0.3,20260812,True,33fabb3d7cfdbb2c189508b46bbbf61b51fa64f8038afcfe6ff3a5eb54261618
PRJ-AIR,P06,PRJ-AIR-A09,0.954834,194.2,,1.722801,321.812937,323.535738,0.0,True,PRJ-AIR-P06-V1,SYNTHETIC_RESEARCH_FIXTURE,OG-SYNTH-0.3,A-0.3,build_opus_synthetic_programme_v0_3.py@0.3,20260812,True,f1386b0a42d6ed22cd3ca00f0d99f1168b94c9aafffd43bf53d060bff32a6790
PRJ-AIR,P06,PRJ-AIR-A10,0.896061,229.6,,5.030393,323.535738,328.566131,0.0,True,PRJ-AIR-P06-V1,SYNTHETIC_RESEARCH_FIXTURE,OG-SYNTH-0.3,A-0.3,build_opus_synthetic_programme_v0_3.py@0.3,20260812,True,6c1175c626b361003748fa49c646525b061f77431ba9bae2877fff0db203bbd3
PRJ-AIR,P06,PRJ-AIR-A11,0.824948,273.90000000000003,,5.874254,328.566131,334.440385,0.0,True,PRJ-AIR-P06-V1,SYNTHETIC_RESEARCH_FIXTURE,OG-SYNTH-0.3,A-0.3,build_opus_synthetic_programme_v0_3.py@0.3,20260812,True,6c3b581f1a79f405bd1ecd2bffa31b4363595bbf8d9bb4e36a91e61f6abbbf8d
PRJ-AIR,P06,PRJ-AIR-A12,0.008442,304.20000000000005,,15.35973,334.440385,349.800115,0.0,True,PRJ-AIR-P06-V1,SYNTHETIC_RESEARCH_FIXTURE,OG-SYNTH-0.3,A-0.3,build_opus_synthetic_programme_v0_3.py@0.3,20260812,True,30ffc6dc28446b0de2211a534e362b3b0ff058a2a86739fe55b241ace679b89e
PRJ-HWY,P01,PRJ-HWY-A01,0.983194,0.0,,0.10602,44.0,44.10602,-0.0,True,PRJ-HWY-P01-V1,SYNTHETIC_RESEARCH_FIXTURE,OG-SYNTH-0.3,A-0.3,build_opus_synthetic_programme_v0_3.py@0.3,20260812,True,d5ae670413b545828f3ce35bbc19dc75b72eedf7948ed422b4dbd419cdbee50c
PRJ-HWY,P01,PRJ-HWY-A02,0.961122,6.2,,0.875093,44.10602,44.981113,-0.0,True,PRJ-HWY-P01-V1,SYNTHETIC_RESEARCH_FIXTURE,OG-SYNTH-0.3,A-0.3,build_opus_synthetic_programme_v0_3.py@0.3,20260812,True,36baba8a5bec489f36be7aca411ffb2dd51fec013ee10345fe6ca0481e103368
PRJ-HWY,P01,PRJ-HWY-A03,0.983038,6.2,,0.554336,44.10602,44.660356,0.320757,False,PRJ-HWY-P01-V1,SYNTHETIC_RESEARCH_FIXTURE,OG-SYNTH-0.3,A-0.3,build_opus_synthetic_programme_v0_3.py@0.3,20260812,True,09930a60e0097521f3563df7c215116edc5401baa0f7b6f68f06de95f0eb424e
PRJ-HWY,P01,PRJ-HWY-A04,0.314866,37.4,,15.65103,44.981113,60.632143,-0.0,True,PRJ-HWY-P01-V1,SYNTHETIC_RESEARCH_FIXTURE,OG-SYNTH-0.3,A-0.3,build_opus_synthetic_programme_v0_3.py@0.3,20260812,True,fa4268fac16eda427c2386900675c5f4ba98a3cdfe1d283ab59b530a2d03fa79
PRJ-HWY,P01,PRJ-HWY-A05,0.01751,58.9,,27.391332,60.632143,88.023475,-0.0,True,PRJ-HWY-P01-V1,SYNTHETIC_RESEARCH_FIXTURE,OG-SYNTH-0.3,A-0.3,build_opus_synthetic_programme_v0_3.py@0.3,20260812,True,8ce924590aec81702f4054d34032d850f3a72054f6c276d3aefc8ba63a095ef3
PRJ-HWY,P01,PRJ-HWY-A06,0.010211,86.3,,45.170503,88.023475,133.193979,-0.0,True,PRJ-HWY-P01-V1,SYNTHETIC_RESEARCH_FIXTURE,OG-SYNTH-0.3,A-0.3,build_opus_synthetic_programme_v0_3.py@0.3,20260812,True,6747d20a7cd2a3d1d273a92655624249bc45dcceb5bef88fd71ad6ace6ab74de
PRJ-HWY,P01,PRJ-HWY-A07,0.0,,,34.25325,133.193979,167.447229,46.33,False,PRJ-HWY-P01-V1,SYNTHETIC_RESEARCH_FIXTURE,OG-SYNTH-0.3,A-0.3,build_opus_synthetic_programme_v0_3.py@0.3,20260812,True,9eec587f766ee283ac3ab566fe217d9e98ac94896998ee2dec48eb80557141b1
PRJ-HWY,P01,PRJ-HWY-A08,0.0,,,45.58125,133.193979,178.775229,-0.0,True,PRJ-HWY-P01-V1,SYNTHETIC_RESEARCH_FIXTURE,OG-SYNTH-0.3,A-0.3,build_opus_synthetic_programme_v0_3.py@0.3,20260812,True,fd06a52e51371dc1cd9d9e52d00356217980ee2953d06fff46fc155453e38434
PRJ-HWY,P01,PRJ-HWY-A09,0.0,,,35.002,178.775229,213.777229,0.0,True,PRJ-HWY-P01-V1,SYNTHETIC_RESEARCH_FIXTURE,OG-SYNTH-0.3,A-0.3,build_opus_synthetic_programme_v0_3.py@0.3,20260812,True,7edae759e168b4054ac4e46ea552cd6154b3845955d62dc6040da2219e5eacbf
PRJ-HWY,P01,PRJ-HWY-A10,0.025559,207.8,,35.918155,213.777229,249.695384,0.0,True,PRJ-HWY-P01-V1,SYNTHETIC_RESEARCH_FIXTURE,OG-SYNTH-0.3,A-0.3,build_opus_synthetic_programme_v0_3.py@0.3,20260812,True,0ee626b138909b1fceb841ffd9ed2b8630c4f126e26697823c0d4fdd16fd855c
PRJ-HWY,P01,PRJ-HWY-A11,0.003067,243.5,,23.600887,249.695384,273.296272,0.0,True,PRJ-HWY-P01-V1,SYNTHETIC_RESEARCH_FIXTURE,OG-SYNTH-0.3,A-0.3,build_opus_synthetic_programme_v0_3.py@0.3,20260812,True,b9b749c9781355e4f6d39fd99a750b1d9a52783f99033aed93d5f010e293c237
PRJ-HWY,P01,PRJ-HWY-A12,0.006952,266.1,,13.188915,273.296272,286.485187,0.0,True,PRJ-HWY-P01-V1,SYNTHETIC_RESEARCH_FIXTURE,OG-SYNTH-0.3,A-0.3,build_opus_synthetic_programme_v0_3.py@0.3,20260812,True,e261c985a8617e0ad6b4c61a50ea37ab62d01c90e49e27600a88330a810070b6
PRJ-HWY,P02,PRJ-HWY-A01,1.0,0.0,6.2,0.0,88.0,88.0,0.0,True,PRJ-HWY-P02-V1,SYNTHETIC_RESEARCH_FIXTURE,OG-SYNTH-0.3,A-0.3,build_opus_synthetic_programme_v0_3.py@0.3,20260812,True,35ffbc50769b2cadb07d0b1c25458e52b393ca8f3f5b90140afc19e462cc9b46
PRJ-HWY,P02,PRJ-HWY-A02,1.0,6.2,28.0,0.0,88.0,88.0,1.47281,False,PRJ-HWY-P02-V1,SYNTHETIC_RESEARCH_FIXTURE,OG-SYNTH-0.3,A-0.3,build_opus_synthetic_programme_v0_3.py@0.3,20260812,True,bec255634e850a234c795e5727e6b4da607502802a017d14b9a35f9cb246474b
PRJ-HWY,P02,PRJ-HWY-A03,0.954935,6.2,,1.47281,88.0,89.47281,0.0,True,PRJ-HWY-P02-V1,SYNTHETIC_RESEARCH_FIXTURE,OG-SYNTH-0.3,A-0.3,build_opus_synthetic_programme_v0_3.py@0.3,20260812,True,d124bc98bfc9fc1eb5f6137f3749df19732b5788c3b7149250ef8038c23ac63d
PRJ-HWY,P02,PRJ-HWY-A04,1.0,37.4,58.9,0.0,89.47281,89.47281,0.0,True,PRJ-HWY-P02-V1,SYNTHETIC_RESEARCH_FIXTURE,OG-SYNTH-0.3,A-0.3,build_opus_synthetic_programme_v0_3.py@0.3,20260812,True,90e011909d68a7527d4e8ef16f55fd424ba655dfe060fc8e523852df62af13f7
PRJ-HWY,P02,PRJ-HWY-A05,0.945694,58.9,,1.514036,89.47281,90.986846,0.0,True,PRJ-HWY-P02-V1,SYNTHETIC_RESEARCH_FIXTURE,OG-SYNTH-0.3,A-0.3,build_opus_synthetic_programme_v0_3.py@0.3,20260812,True,56091d9221da0820da645bfdf7accdbca982bd98362a90478e8cfdfab4cb70b6
PRJ-HWY,P02,PRJ-HWY-A06,0.0,,,45.6365,90.986846,136.623346,0.0,True,PRJ-HWY-P02-V1,SYNTHETIC_RESEARCH_FIXTURE,OG-SYNTH-0.3,A-0.3,build_opus_synthetic_programme_v0_3.py@0.3,20260812,True,7d5e92c9ef52dd78b4a6e43c64ba70c6b0d541ab04c0c1e84cc5fb7e374aaf7a
PRJ-HWY,P02,PRJ-HWY-A07,0.0,,,34.25325,136.623346,170.876596,46.174295,False,PRJ-HWY-P02-V1,SYNTHETIC_RESEARCH_FIXTURE,OG-SYNTH-0.3,A-0.3,build_opus_synthetic_programme_v0_3.py@0.3,20260812,True,7a0eac7ae9eda9fbc75d795c593f20c7e418cfdeb216be83f9e2b40324bc6493
PRJ-HWY,P02,PRJ-HWY-A08,0.0,,,45.58125,136.623346,182.204596,0.0,True,PRJ-HWY-P02-V1,SYNTHETIC_RESEARCH_FIXTURE,OG-SYNTH-0.3,A-0.3,build_opus_synthetic_programme_v0_3.py@0.3,20260812,True,7ef27f381c6ed36804fee96d8a067af0c13f57c08e2b29fed88d364d78bb6c24
PRJ-HWY,P02,PRJ-HWY-A09,0.004448,173.4,,34.846295,182.204596,217.050892,0.0,True,PRJ-HWY-P02-V1,SYNTHETIC_RESEARCH_FIXTURE,OG-SYNTH-0.3,A-0.3,build_opus_synthetic_programme_v0_3.py@0.3,20260812,True,859b7deabfd3a9b750c4faced59e786d75d2cb6b93a9bcf76754ad80bac2d025
PRJ-HWY,P02,PRJ-HWY-A10,0.021414,207.8,,36.070942,217.050892,253.121834,0.0,True,PRJ-HWY-P02-V1,SYNTHETIC_RESEARCH_FIXTURE,OG-SYNTH-0.3,A-0.3,build_opus_synthetic_programme_v0_3.py@0.3,20260812,True,8517e6b1b08637cc343ee9c8c43da0e38bd86c86cf7a4510431dac105405f9c5
PRJ-HWY,P02,PRJ-HWY-A11,0.013226,243.5,,23.360401,253.121834,276.482235,0.0,True,PRJ-HWY-P02-V1,SYNTHETIC_RESEARCH_FIXTURE,OG-SYNTH-0.3,A-0.3,build_opus_synthetic_programme_v0_3.py@0.3,20260812,True,c9f999d50a0ef3673032ee8742dffef4502706419d01cc9ecce4fa24a605bdc6
PRJ-HWY,P02,PRJ-HWY-A12,0.03647,266.1,,12.796879,276.482235,289.279115,0.0,True,PRJ-HWY-P02-V1,SYNTHETIC_RESEARCH_FIXTURE,OG-SYNTH-0.3,A-0.3,build_opus_synthetic_programme_v0_3.py@0.3,20260812,True,a425a44990a015d0d5b91bcfe2e7306503f9452ae5cf3592396f6b9f7ef73faf
PRJ-HWY,P03,PRJ-HWY-A01,1.0,0.0,6.2,0.0,132.0,132.0,-0.0,True,PRJ-HWY-P03-V1,SYNTHETIC_RESEARCH_FIXTURE,OG-SYNTH-0.3,A-0.3,build_opus_synthetic_programme_v0_3.py@0.3,20260812,True,b3b444305c229d9ebf18b58f3fc795b9a37e544a8d7294e8027032f412db833b
PRJ-HWY,P03,PRJ-HWY-A02,1.0,6.2,28.0,0.0,132.0,132.0,0.793767,False,PRJ-HWY-P03-V1,SYNTHETIC_RESEARCH_FIXTURE,OG-SYNTH-0.3,A-0.3,build_opus_synthetic_programme_v0_3.py@0.3,20260812,True,4d56aa791507e2adef40fc93e8d7e8be157e3af7649b17bb96bba8b7a1d9cac1
PRJ-HWY,P03,PRJ-HWY-A03,0.975712,6.2,,0.793767,132.0,132.793767,-0.0,True,PRJ-HWY-P03-V1,SYNTHETIC_RESEARCH_FIXTURE,OG-SYNTH-0.3,A-0.3,build_opus_synthetic_programme_v0_3.py@0.3,20260812,True,9052704f87167503ead6db5b970920d676ce3da119e8930d8c2ce079b997c1ac
PRJ-HWY,P03,PRJ-HWY-A04,1.0,37.4,58.9,0.0,132.793767,132.793767,-0.0,True,PRJ-HWY-P03-V1,SYNTHETIC_RESEARCH_FIXTURE,OG-SYNTH-0.3,A-0.3,build_opus_synthetic_programme_v0_3.py@0.3,20260812,True,c0a1430d00ca6deab85763419dab53c9fc8d9237cdb1a20e1c59fbe65257b12a
PRJ-HWY,P03,PRJ-HWY-A05,0.977431,58.9,,0.629219,132.793767,133.422986,-0.0,True,PRJ-HWY-P03-V1,SYNTHETIC_RESEARCH_FIXTURE,OG-SYNTH-0.3,A-0.3,build_opus_synthetic_programme_v0_3.py@0.3,20260812,True,1ec13556a3e5510e98dc4e04c54f04aaae6034b15bbb7f64015ab707ad0f7a63
PRJ-HWY,P03,PRJ-HWY-A06,1.0,86.3,130.5,0.0,133.422986,133.422986,-0.0,True,PRJ-HWY-P03-V1,SYNTHETIC_RESEARCH_FIXTURE,OG-SYNTH-0.3,A-0.3,build_opus_synthetic_programme_v0_3.py@0.3,20260812,True,52bca67cc3d5c45f44c21c017711225959635cd5f9eb5d092ec2fc9f5162c7b2
PRJ-HWY,P03,PRJ-HWY-A07,0.056959,130.5,,32.302232,133.422986,165.725218,47.933556,False,PRJ-HWY-P03-V1,SYNTHETIC_RESEARCH_FIXTURE,OG-SYNTH-0.3,A-0.3,build_opus_synthetic_programme_v0_3.py@0.3,20260812,True,494743b8066a6269601991f2983e6845df6065d2c02001378138cb799446f8c1
PRJ-HWY,P03,PRJ-HWY-A08,0.005609,130.5,,45.325574,133.422986,178.74856,-0.0,True,PRJ-HWY-P03-V1,SYNTHETIC_RESEARCH_FIXTURE,OG-SYNTH-0.3,A-0.3,build_opus_synthetic_programme_v0_3.py@0.3,20260812,True,b2329d9606127297c79cb9e8ab02044857aca77dc415681d5d7a208bd1f385c4
PRJ-HWY,P03,PRJ-HWY-A09,0.002622,173.4,,34.910214,178.74856,213.658774,-0.0,True,PRJ-HWY-P03-V1,SYNTHETIC_RESEARCH_FIXTURE,OG-SYNTH-0.3,A-0.3,build_opus_synthetic_programme_v0_3.py@0.3,20260812,True,8091581757a638157447c93c20f3f109748fe97c0d0211c2c9a5b266679be2b6
PRJ-HWY,P03,PRJ-HWY-A10,0.0,,,36.86025,213.658774,250.519024,0.0,True,PRJ-HWY-P03-V1,SYNTHETIC_RESEARCH_FIXTURE,OG-SYNTH-0.3,A-0.3,build_opus_synthetic_programme_v0_3.py@0.3,20260812,True,708c2abf9cbd5135995ff47051a48356bf7e484c5a419d56cee433d795254f46
PRJ-HWY,P03,PRJ-HWY-A11,0.0,,,23.6735,250.519024,274.192524,-0.0,True,PRJ-HWY-P03-V1,SYNTHETIC_RESEARCH_FIXTURE,OG-SYNTH-0.3,A-0.3,build_opus_synthetic_programme_v0_3.py@0.3,20260812,True,8e32bd93aaa305992b37050b9a17e57cd13978de2b9716f633281f01864053c9
PRJ-HWY,P03,PRJ-HWY-A12,0.0,,,13.28125,274.192524,287.473774,0.0,True,PRJ-HWY-P03-V1,SYNTHETIC_RESEARCH_FIXTURE,OG-SYNTH-0.3,A-0.3,build_opus_synthetic_programme_v0_3.py@0.3,20260812,True,4dbcebf044551a89d1dc4ebcaf427465aa82862a930ddb4cdb1fa0a62972bcf8
PRJ-HWY,P04,PRJ-HWY-A01,0.952458,0.0,,0.299921,175.0,175.299921,0.0,True,PRJ-HWY-P04-V1,SYNTHETIC_RESEARCH_FIXTURE,OG-SYNTH-0.3,A-0.3,build_opus_synthetic_programme_v0_3.py@0.3,20260812,True,026013c4b738c347a74ab4484a463261de3259c0541363de5f8d36185ecaf729
PRJ-HWY,P04,PRJ-HWY-A02,0.955305,6.2,,1.006026,175.299921,176.305947,0.413688,False,PRJ-HWY-P04-V1,SYNTHETIC_RESEARCH_FIXTURE,OG-SYNTH-0.3,A-0.3,build_opus_synthetic_programme_v0_3.py@0.3,20260812,True,05d2f90fccb4d5c68582a12385a3b74fef6971546cb9248b7e6c417d01ad5187
PRJ-HWY,P04,PRJ-HWY-A03,0.95656,6.2,,1.419713,175.299921,176.719635,0.0,True,PRJ-HWY-P04-V1,SYNTHETIC_RESEARCH_FIXTURE,OG-SYNTH-0.3,A-0.3,build_opus_synthetic_programme_v0_3.py@0.3,20260812,True,bf51b43a685892c6bc6b61ca8b4e7bbc4bad181c41720784f0ddf951b67d032e
PRJ-HWY,P04,PRJ-HWY-A04,1.0,37.4,58.9,0.0,176.719635,176.719635,0.0,True,PRJ-HWY-P04-V1,SYNTHETIC_RESEARCH_FIXTURE,OG-SYNTH-0.3,A-0.3,build_opus_synthetic_programme_v0_3.py@0.3,20260812,True,9f492b2c9d060f285f887f3d045b91cfa5eb535b89642c56b03bf064922fff43
PRJ-HWY,P04,PRJ-HWY-A05,0.948803,58.9,,1.427342,176.719635,178.146977,0.0,True,PRJ-HWY-P04-V1,SYNTHETIC_RESEARCH_FIXTURE,OG-SYNTH-0.3,A-0.3,build_opus_synthetic_programme_v0_3.py@0.3,20260812,True,e3b806a3698114d50089419d9e70fd44847801364c24f16804dbb68493295aea
PRJ-HWY,P04,PRJ-HWY-A06,0.969707,86.3,,1.382469,178.146977,179.529446,0.0,True,PRJ-HWY-P04-V1,SYNTHETIC_RESEARCH_FIXTURE,OG-SYNTH-0.3,A-0.3,build_opus_synthetic_programme_v0_3.py@0.3,20260812,True,0656dd7ddfec739104083ee7b00017f3d97fa4ceeed7100edd754fe5ec7a39e8
PRJ-HWY,P04,PRJ-HWY-A07,1.0,130.5,163.2,0.0,179.529446,179.529446,35.848401,False,PRJ-HWY-P04-V1,SYNTHETIC_RESEARCH_FIXTURE,OG-SYNTH-0.3,A-0.3,build_opus_synthetic_programme_v0_3.py@0.3,20260812,True,63f6c4487f5c3336d5863f7953ed6cd4a673b89804ef893c0d1dc3109d4c0a56
PRJ-HWY,P04,PRJ-HWY-A08,0.981431,130.5,,0.846401,179.529446,180.375847,0.0,True,PRJ-HWY-P04-V1,SYNTHETIC_RESEARCH_FIXTURE,OG-SYNTH-0.3,A-0.3,build_opus_synthetic_programme_v0_3.py@0.3,20260812,True,8bfc130b18ad3257c31be69214bae50355338540888e89c3af0f886bc819a73a
PRJ-HWY,P04,PRJ-HWY-A09,0.0,,,35.002,180.375847,215.377847,0.0,True,PRJ-HWY-P04-V1,SYNTHETIC_RESEARCH_FIXTURE,OG-SYNTH-0.3,A-0.3,build_opus_synthetic_programme_v0_3.py@0.3,20260812,True,2a1a0532085da8ea451bd15bd4e9670b5dbf6fa55e39b544b89d874d642d9322
PRJ-HWY,P04,PRJ-HWY-A10,0.011087,207.8,,36.451572,215.377847,251.829419,0.0,True,PRJ-HWY-P04-V1,SYNTHETIC_RESEARCH_FIXTURE,OG-SYNTH-0.3,A-0.3,build_opus_synthetic_programme_v0_3.py@0.3,20260812,True,1d4939c43b70a24b16b7307ba8f5483bbb00e5f3d58fbdb99e159b97a4e8968b
PRJ-HWY,P04,PRJ-HWY-A11,0.012455,243.5,,23.378648,251.829419,275.208068,0.0,True,PRJ-HWY-P04-V1,SYNTHETIC_RESEARCH_FIXTURE,OG-SYNTH-0.3,A-0.3,build_opus_synthetic_programme_v0_3.py@0.3,20260812,True,4f9683743c943afae30dc150073f6eda75407412e383baeb42e5e08996105063
PRJ-HWY,P04,PRJ-HWY-A12,0.00882,266.1,,13.164114,275.208068,288.372182,0.0,True,PRJ-HWY-P04-V1,SYNTHETIC_RESEARCH_FIXTURE,OG-SYNTH-0.3,A-0.3,build_opus_synthetic_programme_v0_3.py@0.3,20260812,True,0ebfe955bdf8fa6ea7a81b6c09ab89469c5a1d0395cd65378ef05112a4039d66
PRJ-HWY,P05,PRJ-HWY-A01,0.956934,0.0,,0.271682,219.0,219.271682,-0.0,True,PRJ-HWY-P05-V1,SYNTHETIC_RESEARCH_FIXTURE,OG-SYNTH-0.3,A-0.3,build_opus_synthetic_programme_v0_3.py@0.3,20260812,True,82f4f2bf6a35ec69a9c1344f77f3e8aae9f0f9f0c94f325c4ee905e7e3abef1b
PRJ-HWY,P05,PRJ-HWY-A02,0.97175,6.2,,0.63587,219.271682,219.907552,0.317157,False,PRJ-HWY-P05-V1,SYNTHETIC_RESEARCH_FIXTURE,OG-SYNTH-0.3,A-0.3,build_opus_synthetic_programme_v0_3.py@0.3,20260812,True,07e18a9a6454d6764810c541a772f60f707225a449d87ff20a65c03cfbcb56d6
PRJ-HWY,P05,PRJ-HWY-A03,0.970839,6.2,,0.953027,219.271682,220.224709,-0.0,True,PRJ-HWY-P05-V1,SYNTHETIC_RESEARCH_FIXTURE,OG-SYNTH-0.3,A-0.3,build_opus_synthetic_programme_v0_3.py@0.3,20260812,True,430ee8d260f0e2ccd479aaf1ef7567070acd2357ed07cf56d2bbca2e1dccb90b
PRJ-HWY,P05,PRJ-HWY-A04,0.972283,37.4,,0.633158,220.224709,220.857867,-0.0,True,PRJ-HWY-P05-V1,SYNTHETIC_RESEARCH_FIXTURE,OG-SYNTH-0.3,A-0.3,build_opus_synthetic_programme_v0_3.py@0.3,20260812,True,226f630ee2ab683a8fc9fbdfa95f4dd85649ed11e2b33247a80809b172098660
PRJ-HWY,P05,PRJ-HWY-A05,0.967816,58.9,,0.897269,220.857867,221.755137,-0.0,True,PRJ-HWY-P05-V1,SYNTHETIC_RESEARCH_FIXTURE,OG-SYNTH-0.3,A-0.3,build_opus_synthetic_programme_v0_3.py@0.3,20260812,True,fd42d502e0fec0573343220b35ab29ad4cea1585ebafe9afdbc911433fa05351
PRJ-HWY,P05,PRJ-HWY-A06,0.965563,86.3,,1.571573,221.755137,223.32671,-0.0,True,PRJ-HWY-P05-V1,SYNTHETIC_RESEARCH_FIXTURE,OG-SYNTH-0.3,A-0.3,build_opus_synthetic_programme_v0_3.py@0.3,20260812,True,bf3281795b84bc92580b99c8d89169e5eaad881a71af44c596648bc812727ac2
PRJ-HWY,P05,PRJ-HWY-A07,0.95689,130.5,,1.476668,223.32671,224.803378,-0.0,True,PRJ-HWY-P05-V1,SYNTHETIC_RESEARCH_FIXTURE,OG-SYNTH-0.3,A-0.3,build_opus_synthetic_programme_v0_3.py@0.3,20260812,True,658f31895a82349da03bec8b9b9e4c2fe72d36b5682c4469c7a045b8e28f571d
PRJ-HWY,P05,PRJ-HWY-A08,0.993418,130.5,,0.300003,223.32671,223.626713,1.058053,False,PRJ-HWY-P05-V1,SYNTHETIC_RESEARCH_FIXTURE,OG-SYNTH-0.3,A-0.3,build_opus_synthetic_programme_v0_3.py@0.3,20260812,True,632300d2d17fbd96425f4f8517566abac365626a4f2a2f8f37e9def9c4bf5d26
PRJ-HWY,P05,PRJ-HWY-A09,0.996611,173.4,,0.118613,223.626713,223.745325,1.058053,False,PRJ-HWY-P05-V1,SYNTHETIC_RESEARCH_FIXTURE,OG-SYNTH-0.3,A-0.3,build_opus_synthetic_programme_v0_3.py@0.3,20260812,True,dd0eacfe5c2fb79c1887557520069372fa0c296b350374ff69e2052c09aa4d97
PRJ-HWY,P05,PRJ-HWY-A10,0.324579,207.8,,24.896177,224.803378,249.699555,-0.0,True,PRJ-HWY-P05-V1,SYNTHETIC_RESEARCH_FIXTURE,OG-SYNTH-0.3,A-0.3,build_opus_synthetic_programme_v0_3.py@0.3,20260812,True,de2edbc14b19f5cd703832d0aa6b3f452d59c0475c3ee69f828a952582099c8b
PRJ-HWY,P05,PRJ-HWY-A11,0.020545,243.5,,23.187125,249.699555,272.886679,-0.0,True,PRJ-HWY-P05-V1,SYNTHETIC_RESEARCH_FIXTURE,OG-SYNTH-0.3,A-0.3,build_opus_synthetic_programme_v0_3.py@0.3,20260812,True,c21f0fe7265661bcdb7e1c585a0e60276cbc64038087175ec57a50facae71a8f
PRJ-HWY,P05,PRJ-HWY-A12,0.0,,,13.28125,272.886679,286.167929,0.0,True,PRJ-HWY-P05-V1,SYNTHETIC_RESEARCH_FIXTURE,OG-SYNTH-0.3,A-0.3,build_opus_synthetic_programme_v0_3.py@0.3,20260812,True,c1514a04eeae28bfbc1b019fcce90f51c55540dedf3ab2504a07ada2198bff2d
PRJ-HWY,P06,PRJ-HWY-A01,0.957438,0.0,,0.268501,263.0,263.268501,-0.0,True,PRJ-HWY-P06-V1,SYNTHETIC_RESEARCH_FIXTURE,OG-SYNTH-0.3,A-0.3,build_opus_synthetic_programme_v0_3.py@0.3,20260812,True,21315294af403d5b166e73bc670a2361c844cb6769d81ad94ec73f96c02dafb1
PRJ-HWY,P06,PRJ-HWY-A02,0.950571,6.2,,1.112582,263.268501,264.381083,1.090285,False,PRJ-HWY-P06-V1,SYNTHETIC_RESEARCH_FIXTURE,OG-SYNTH-0.3,A-0.3,build_opus_synthetic_programme_v0_3.py@0.3,20260812,True,bb648d41c393f2999653fc291994db5b8edb3c59831c532d9f229a6c35d29ce9
PRJ-HWY,P06,PRJ-HWY-A03,0.932597,6.2,,2.202867,263.268501,265.471368,-0.0,True,PRJ-HWY-P06-V1,SYNTHETIC_RESEARCH_FIXTURE,OG-SYNTH-0.3,A-0.3,build_opus_synthetic_programme_v0_3.py@0.3,20260812,True,63876bcb5fa5b781d50420b47ae662a49cb1689b150b24ff413061be266d9aa1
PRJ-HWY,P06,PRJ-HWY-A04,0.947413,37.4,,1.201281,265.471368,266.672649,-0.0,True,PRJ-HWY-P06-V1,SYNTHETIC_RESEARCH_FIXTURE,OG-SYNTH-0.3,A-0.3,build_opus_synthetic_programme_v0_3.py@0.3,20260812,True,77022b1d44b57a1c17575a6056a5db53de81991a7977ec1b214bc94538b60a60
PRJ-HWY,P06,PRJ-HWY-A05,0.929198,58.9,,1.973912,266.672649,268.646561,-0.0,True,PRJ-HWY-P06-V1,SYNTHETIC_RESEARCH_FIXTURE,OG-SYNTH-0.3,A-0.3,build_opus_synthetic_programme_v0_3.py@0.3,20260812,True,09f893b65a722106ad971daba67209a10d1917c86653814ef150b898c2d49d87
PRJ-HWY,P06,PRJ-HWY-A06,0.930522,86.3,,3.170726,268.646561,271.817287,-0.0,True,PRJ-HWY-P06-V1,SYNTHETIC_RESEARCH_FIXTURE,OG-SYNTH-0.3,A-0.3,build_opus_synthetic_programme_v0_3.py@0.3,20260812,True,6da506dbc0791dd9934c36217dbb6a2ae34229fdb4f25bdd500f8f86b67b2485
PRJ-HWY,P06,PRJ-HWY-A07,0.968947,130.5,,1.06367,271.817287,272.880957,1.274403,False,PRJ-HWY-P06-V1,SYNTHETIC_RESEARCH_FIXTURE,OG-SYNTH-0.3,A-0.3,build_opus_synthetic_programme_v0_3.py@0.3,20260812,True,4dc30829e05c372c8614c92451bc4b57866fda971fdd8a5126ee33f6f71eb00f
PRJ-HWY,P06,PRJ-HWY-A08,0.971487,130.5,,1.299662,271.817287,273.116949,-0.0,True,PRJ-HWY-P06-V1,SYNTHETIC_RESEARCH_FIXTURE,OG-SYNTH-0.3,A-0.3,build_opus_synthetic_programme_v0_3.py@0.3,20260812,True,1a061d81648a3df998e8c2ffa706b0a3d7bc20868b124e2b79f7dcd3a46ca99e
PRJ-HWY,P06,PRJ-HWY-A09,0.970333,173.4,,1.038411,273.116949,274.15536,-0.0,True,PRJ-HWY-P06-V1,SYNTHETIC_RESEARCH_FIXTURE,OG-SYNTH-0.3,A-0.3,build_opus_synthetic_programme_v0_3.py@0.3,20260812,True,a0c9c903daefb1ff699ece896e4ff1b4850a8976d2fb4a5447b8bf1d03fd742a
PRJ-HWY,P06,PRJ-HWY-A10,0.980287,207.8,,0.726621,274.15536,274.88198,-0.0,True,PRJ-HWY-P06-V1,SYNTHETIC_RESEARCH_FIXTURE,OG-SYNTH-0.3,A-0.3,build_opus_synthetic_programme_v0_3.py@0.3,20260812,True,1fb88eb146b7d7e79a5922e0dfc22feef003b08c92db80701f5661327c3fbc47
PRJ-HWY,P06,PRJ-HWY-A11,0.822156,243.5,,4.210185,274.88198,279.092166,-0.0,True,PRJ-HWY-P06-V1,SYNTHETIC_RESEARCH_FIXTURE,OG-SYNTH-0.3,A-0.3,build_opus_synthetic_programme_v0_3.py@0.3,20260812,True,5e14da7a13ba955869a67d39abea1e57aa213e13bfc505112e5a70cda63bc00b
PRJ-HWY,P06,PRJ-HWY-A12,0.017265,266.1,,13.051955,279.092166,292.14412,-0.0,True,PRJ-HWY-P06-V1,SYNTHETIC_RESEARCH_FIXTURE,OG-SYNTH-0.3,A-0.3,build_opus_synthetic_programme_v0_3.py@0.3,20260812,True,7f6cc5b0381eca95206ecd60337e17af3cb8fbeffb36755e818f3a6b03a26f93
PRJ-HSP,P01,PRJ-HSP-A01,0.995582,0.0,,0.032784,49.0,49.032784,-0.0,True,PRJ-HSP-P01-V1,SYNTHETIC_RESEARCH_FIXTURE,OG-SYNTH-0.3,A-0.3,build_opus_synthetic_programme_v0_3.py@0.3,20260812,True,e7cada2e470ec9400e817e469b7db5b36579a497bcf33325fe0a16c937625e2b
PRJ-HSP,P01,PRJ-HSP-A02,0.990425,6.7,,0.208514,49.032784,49.241298,1.816748,False,PRJ-HSP-P01-V1,SYNTHETIC_RESEARCH_FIXTURE,OG-SYNTH-0.3,A-0.3,build_opus_synthetic_programme_v0_3.py@0.3,20260812,True,15944937903d86c855633ac2024847257fa1846d341a8cbab8b95d2c1c780ce1
PRJ-HSP,P01,PRJ-HSP-A03,0.953634,6.7,,2.025262,49.032784,51.058046,-0.0,True,PRJ-HSP-P01-V1,SYNTHETIC_RESEARCH_FIXTURE,OG-SYNTH-0.3,A-0.3,build_opus_synthetic_programme_v0_3.py@0.3,20260812,True,6b9280158877db2c478dc68f2b62bf74131f200121027c739a20f2cffd369b56
PRJ-HSP,P01,PRJ-HSP-A04,0.141354,45.1,,23.156397,51.058046,74.214444,-0.0,True,PRJ-HSP-P01-V1,SYNTHETIC_RESEARCH_FIXTURE,OG-SYNTH-0.3,A-0.3,build_opus_synthetic_programme_v0_3.py@0.3,20260812,True,a3a4842f804f1b61ee64cad8240bdb5541711013d5a574cd748efa293261bbd4
PRJ-HSP,P01,PRJ-HSP-A05,0.046178,68.5,,36.233088,74.214444,110.447532,-0.0,True,PRJ-HSP-P01-V1,SYNTHETIC_RESEARCH_FIXTURE,OG-SYNTH-0.3,A-0.3,build_opus_synthetic_programme_v0_3.py@0.3,20260812,True,c2a16a7fbb9663b6ffd3bb67e677cc86c0341e8601259838ec2a96545ccb5530
PRJ-HSP,P01,PRJ-HSP-A06,0.0,,,54.44125,110.447532,164.888782,-0.0,True,PRJ-HSP-P01-V1,SYNTHETIC_RESEARCH_FIXTURE,OG-SYNTH-0.3,A-0.3,build_opus_synthetic_programme_v0_3.py@0.3,20260812,True,ca0579cd9a1fda668a174d0b45c477349ba6b277e744b916eddccd9905f33610
PRJ-HSP,P01,PRJ-HSP-A07,0.017664,151.3,,37.321412,164.888782,202.210194,52.17455,False,PRJ-HSP-P01-V1,SYNTHETIC_RESEARCH_FIXTURE,OG-SYNTH-0.3,A-0.3,build_opus_synthetic_programme_v0_3.py@0.3,20260812,True,c4e07dfed6017ecd2ec3551a6be47139ba4af76c2d645ab196ae8e54013eaf19
PRJ-HSP,P01,PRJ-HSP-A08,0.046392,151.3,,52.533785,164.888782,217.422567,-0.0,True,PRJ-HSP-P01-V1,SYNTHETIC_RESEARCH_FIXTURE,OG-SYNTH-0.3,A-0.3,build_opus_synthetic_programme_v0_3.py@0.3,20260812,True,c90c72d70b84089e87b8803e9b9c6388fe92afe8bce4ea352933c7c6a795272c
PRJ-HSP,P01,PRJ-HSP-A09,0.029813,199.1,,36.962177,217.422567,254.384744,-0.0,True,PRJ-HSP-P01-V1,SYNTHETIC_RESEARCH_FIXTURE,OG-SYNTH-0.3,A-0.3,build_opus_synthetic_programme_v0_3.py@0.3,20260812,True,f80a157ae4738dcc420ed97c5f7f4566d4fe9c1ffc35df1381b93c88e69faec4
PRJ-HSP,P01,PRJ-HSP-A10,0.0,,,43.44075,254.384744,297.825494,-0.0,True,PRJ-HSP-P01-V1,SYNTHETIC_RESEARCH_FIXTURE,OG-SYNTH-0.3,A-0.3,build_opus_synthetic_programme_v0_3.py@0.3,20260812,True,7df50d987b23c440bd4c4b88d6d8c922db38deb47c90a7d18439c7c480f6eeba
PRJ-HSP,P01,PRJ-HSP-A11,0.070401,272.20000000000005,,27.915865,297.825494,325.741359,-0.0,True,PRJ-HSP-P01-V1,SYNTHETIC_RESEARCH_FIXTURE,OG-SYNTH-0.3,A-0.3,build_opus_synthetic_programme_v0_3.py@0.3,20260812,True,e6a4cdf00e49099034ecac6c5be663e1e35dba28761fd6e37fcd2536825e3fc3
PRJ-HSP,P01,PRJ-HSP-A12,0.0,,,14.86725,325.741359,340.608609,0.0,True,PRJ-HSP-P01-V1,SYNTHETIC_RESEARCH_FIXTURE,OG-SYNTH-0.3,A-0.3,build_opus_synthetic_programme_v0_3.py@0.3,20260812,True,a4174dd423aafe20eadcc9ddb4b2c235c1dfc9af93b013e027439f64056d7012
PRJ-HSP,P02,PRJ-HSP-A01,0.935606,0.0,,0.47782,98.0,98.47782,0.0,True,PRJ-HSP-P02-V1,SYNTHETIC_RESEARCH_FIXTURE,OG-SYNTH-0.3,A-0.3,build_opus_synthetic_programme_v0_3.py@0.3,20260812,True,3f94c2394ce8c5c04a2a93feb2609a5cc68976d7cc372100ff040675ce951d64
PRJ-HSP,P02,PRJ-HSP-A02,0.96206,6.7,,0.826205,98.47782,99.304025,1.757297,False,PRJ-HSP-P02-V1,SYNTHETIC_RESEARCH_FIXTURE,OG-SYNTH-0.3,A-0.3,build_opus_synthetic_programme_v0_3.py@0.3,20260812,True,ea46b120ca22fd5daae635d7118a7f1585cba2b2f612d0edc5c15d94692cb6c0
PRJ-HSP,P02,PRJ-HSP-A03,0.940854,6.7,,2.583502,98.47782,101.061322,0.0,True,PRJ-HSP-P02-V1,SYNTHETIC_RESEARCH_FIXTURE,OG-SYNTH-0.3,A-0.3,build_opus_synthetic_programme_v0_3.py@0.3,20260812,True,a73cb5368f99336eb8d36ac11b2d8281c21989480b7ae0836c7fc7671e07d053
PRJ-HSP,P02,PRJ-HSP-A04,0.979811,45.1,,0.544464,101.061322,101.605786,0.0,True,PRJ-HSP-P02-V1,SYNTHETIC_RESEARCH_FIXTURE,OG-SYNTH-0.3,A-0.3,build_opus_synthetic_programme_v0_3.py@0.3,20260812,True,138c487e88bead855c84debc9ccd4f3eb5d28491c20e69672994b740eb4976a9
PRJ-HSP,P02,PRJ-HSP-A05,0.818487,68.5,,6.895186,101.605786,108.500972,0.0,True,PRJ-HSP-P02-V1,SYNTHETIC_RESEARCH_FIXTURE,OG-SYNTH-0.3,A-0.3,build_opus_synthetic_programme_v0_3.py@0.3,20260812,True,6602e958136bf649a6a93c935f02a860fe3e1b4d6f377634b2c2b05eefbb593b
PRJ-HSP,P02,PRJ-HSP-A06,0.0,,,54.44125,108.500972,162.942222,0.0,True,PRJ-HSP-P02-V1,SYNTHETIC_RESEARCH_FIXTURE,OG-SYNTH-0.3,A-0.3,build_opus_synthetic_programme_v0_3.py@0.3,20260812,True,9e5b5760a7718eef58070a30ccee500c2bfdbb09ddac0f21b9a305d3836e06af
PRJ-HSP,P02,PRJ-HSP-A07,0.009386,151.3,,37.63591,162.942222,200.578132,53.85712,False,PRJ-HSP-P02-V1,SYNTHETIC_RESEARCH_FIXTURE,OG-SYNTH-0.3,A-0.3,build_opus_synthetic_programme_v0_3.py@0.3,20260812,True,781a7a0bc011c276f47951306f63bae6c71187b0a21d7ee5eff00c8130843e59
PRJ-HSP,P02,PRJ-HSP-A08,0.030759,151.3,,53.395029,162.942222,216.337252,0.0,True,PRJ-HSP-P02-V1,SYNTHETIC_RESEARCH_FIXTURE,OG-SYNTH-0.3,A-0.3,build_opus_synthetic_programme_v0_3.py@0.3,20260812,True,bdbba3c5b7f9f477ff7e17761a2dceba989cd259a7ac9dda61657b0ce0c0a729
PRJ-HSP,P02,PRJ-HSP-A09,0.0,,,38.098,216.337252,254.435252,0.0,True,PRJ-HSP-P02-V1,SYNTHETIC_RESEARCH_FIXTURE,OG-SYNTH-0.3,A-0.3,build_opus_synthetic_programme_v0_3.py@0.3,20260812,True,05994897944f52a52bac9bffda6e2e50489ab6e988c17a1d21ac1584ce4e2306
PRJ-HSP,P02,PRJ-HSP-A10,0.0,,,43.44075,254.435252,297.876002,0.0,True,PRJ-HSP-P02-V1,SYNTHETIC_RESEARCH_FIXTURE,OG-SYNTH-0.3,A-0.3,build_opus_synthetic_programme_v0_3.py@0.3,20260812,True,9cef4d4a125af81c31ede99366816ece015255ccda0d8fd5ea4b6e893b2e3168
PRJ-HSP,P02,PRJ-HSP-A11,0.0,,,30.03,297.876002,327.906002,0.0,True,PRJ-HSP-P02-V1,SYNTHETIC_RESEARCH_FIXTURE,OG-SYNTH-0.3,A-0.3,build_opus_synthetic_programme_v0_3.py@0.3,20260812,True,1e2af7aa37a19567c0862b78cb2696b0bf2cf436f783ffbbe7a619a688444813
PRJ-HSP,P02,PRJ-HSP-A12,0.025436,298.6,,14.489088,327.906002,342.39509,0.0,True,PRJ-HSP-P02-V1,SYNTHETIC_RESEARCH_FIXTURE,OG-SYNTH-0.3,A-0.3,build_opus_synthetic_programme_v0_3.py@0.3,20260812,True,16f74a8567916852116f8c418f72acd1110fdbda6a18d6f295badd284ba6054f
PRJ-HSP,P03,PRJ-HSP-A01,0.929414,0.0,,0.523769,147.0,147.523769,-0.0,True,PRJ-HSP-P03-V1,SYNTHETIC_RESEARCH_FIXTURE,OG-SYNTH-0.3,A-0.3,build_opus_synthetic_programme_v0_3.py@0.3,20260812,True,d029d838c04948f8a567a84357efcd28a8dddac406d9d5f1a7ec673ad36acf72
PRJ-HSP,P03,PRJ-HSP-A02,0.969447,6.7,,0.665331,147.523769,148.1891,1.503153,False,PRJ-HSP-P03-V1,SYNTHETIC_RESEARCH_FIXTURE,OG-SYNTH-0.3,A-0.3,build_opus_synthetic_programme_v0_3.py@0.3,20260812,True,b711277c4b1802cf5870b382d50e165dec6163c00e8c7f52778e71f35eb10bde
PRJ-HSP,P03,PRJ-HSP-A03,0.950355,6.7,,2.168484,147.523769,149.692253,-0.0,True,PRJ-HSP-P03-V1,SYNTHETIC_RESEARCH_FIXTURE,OG-SYNTH-0.3,A-0.3,build_opus_synthetic_programme_v0_3.py@0.3,20260812,True,08c6e9023abce19e7bf93bc171ee4468524e1609c727767c59d48fbda703a8ee
PRJ-HSP,P03,PRJ-HSP-A04,0.916292,45.1,,2.257466,149.692253,151.949719,-0.0,True,PRJ-HSP-P03-V1,SYNTHETIC_RESEARCH_FIXTURE,OG-SYNTH-0.3,A-0.3,build_opus_synthetic_programme_v0_3.py@0.3,20260812,True,909189b426c388eb266da4af4f135bbbc22f5f332ecf73c1a59d834965be179b
PRJ-HSP,P03,PRJ-HSP-A05,0.972381,68.5,,1.049186,151.949719,152.998905,-0.0,True,PRJ-HSP-P03-V1,SYNTHETIC_RESEARCH_FIXTURE,OG-SYNTH-0.3,A-0.3,build_opus_synthetic_programme_v0_3.py@0.3,20260812,True,a69a28b790682638126a25f5e928cce439391abba126f438c7edab8e84598417
PRJ-HSP,P03,PRJ-HSP-A06,0.859809,102.8,,7.632159,152.998905,160.631064,-0.0,True,PRJ-HSP-P03-V1,SYNTHETIC_RESEARCH_FIXTURE,OG-SYNTH-0.3,A-0.3,build_opus_synthetic_programme_v0_3.py@0.3,20260812,True,9cfa0d882b4f609c4cf78dde364fbf779dc549c7369991c347177d285ff652a2
PRJ-HSP,P03,PRJ-HSP-A07,0.008711,151.3,,37.661545,160.631064,198.292609,54.677999,False,PRJ-HSP-P03-V1,SYNTHETIC_RESEARCH_FIXTURE,OG-SYNTH-0.3,A-0.3,build_opus_synthetic_programme_v0_3.py@0.3,20260812,True,31c20bc99a58016e364e1fe16495f401f4eba92cdcf97aaaf32f7c5e2ffcab34
PRJ-HSP,P03,PRJ-HSP-A08,0.011321,151.3,,54.465818,160.631064,215.096882,-0.0,True,PRJ-HSP-P03-V1,SYNTHETIC_RESEARCH_FIXTURE,OG-SYNTH-0.3,A-0.3,build_opus_synthetic_programme_v0_3.py@0.3,20260812,True,a73b80c871c6c88e1701f92920d895edcd8a82ac2c3f7207003523cbd8e9c428
PRJ-HSP,P03,PRJ-HSP-A09,0.005887,199.1,,37.873726,215.096882,252.970608,-0.0,True,PRJ-HSP-P03-V1,SYNTHETIC_RESEARCH_FIXTURE,OG-SYNTH-0.3,A-0.3,build_opus_synthetic_programme_v0_3.py@0.3,20260812,True,dd6baa047308b117a2c53f242e525ece98a4404cb13f9c1ed2e4fb4e0f6a1746
PRJ-HSP,P03,PRJ-HSP-A10,0.0,,,43.44075,252.970608,296.411358,-0.0,True,PRJ-HSP-P03-V1,SYNTHETIC_RESEARCH_FIXTURE,OG-SYNTH-0.3,A-0.3,build_opus_synthetic_programme_v0_3.py@0.3,20260812,True,c02c767495f6d66918e5deb5f4fd1af6cd3ac827835b9636320f4892dca202f1
PRJ-HSP,P03,PRJ-HSP-A11,0.0,,,30.03,296.411358,326.441358,-0.0,True,PRJ-HSP-P03-V1,SYNTHETIC_RESEARCH_FIXTURE,OG-SYNTH-0.3,A-0.3,build_opus_synthetic_programme_v0_3.py@0.3,20260812,True,cb91bd5e196eb1ded0e1741fffb45b45dd0ee516ef5563ba0084d109e4a189a6
PRJ-HSP,P03,PRJ-HSP-A12,0.0,,,14.86725,326.441358,341.308608,-0.0,True,PRJ-HSP-P03-V1,SYNTHETIC_RESEARCH_FIXTURE,OG-SYNTH-0.3,A-0.3,build_opus_synthetic_programme_v0_3.py@0.3,20260812,True,ecd47c705074e7dd0381eec52b4577ce825ce6aa5e45d8847e962a0b92e69579
PRJ-HSP,P04,PRJ-HSP-A01,0.870763,0.0,,0.958972,196.0,196.958972,-0.0,True,PRJ-HSP-P04-V1,SYNTHETIC_RESEARCH_FIXTURE,OG-SYNTH-0.3,A-0.3,build_opus_synthetic_programme_v0_3.py@0.3,20260812,True,204f24e9797a9c12ce21e45cf80cdf914af495ed065b1d38b3ba1628c0290f5c
PRJ-HSP,P04,PRJ-HSP-A02,0.953596,6.7,,1.010527,196.958972,197.969499,1.283361,False,PRJ-HSP-P04-V1,SYNTHETIC_RESEARCH_FIXTURE,OG-SYNTH-0.3,A-0.3,build_opus_synthetic_programme_v0_3.py@0.3,20260812,True,75cb3aed16794310a29353ca50ea220b19b4177528528cbae3cf4a31afae8bf2
PRJ-HSP,P04,PRJ-HSP-A03,0.947484,6.7,,2.293888,196.958972,199.25286,-0.0,True,PRJ-HSP-P04-V1,SYNTHETIC_RESEARCH_FIXTURE,OG-SYNTH-0.3,A-0.3,build_opus_synthetic_programme_v0_3.py@0.3,20260812,True,683daf7cd1559f720fc528ac03b487d2db20b07cd73cc5945501fffba83eb740
PRJ-HSP,P04,PRJ-HSP-A04,0.901832,45.1,,2.647438,199.25286,201.900298,-0.0,True,PRJ-HSP-P04-V1,SYNTHETIC_RESEARCH_FIXTURE,OG-SYNTH-0.3,A-0.3,build_opus_synthetic_programme_v0_3.py@0.3,20260812,True,3a71d8e94133ab549f47e5835bc74ca88c3e2daef11d66b05e48fe66ae01babb
PRJ-HSP,P04,PRJ-HSP-A05,0.931798,68.5,,2.590798,201.900298,204.491096,-0.0,True,PRJ-HSP-P04-V1,SYNTHETIC_RESEARCH_FIXTURE,OG-SYNTH-0.3,A-0.3,build_opus_synthetic_programme_v0_3.py@0.3,20260812,True,6b221251e577cb386337464f5e2dcc97125c472d1c0fc81cd7aef13a2eec3e64
PRJ-HSP,P04,PRJ-HSP-A06,0.954982,102.8,,2.450847,204.491096,206.941942,-0.0,True,PRJ-HSP-P04-V1,SYNTHETIC_RESEARCH_FIXTURE,OG-SYNTH-0.3,A-0.3,build_opus_synthetic_programme_v0_3.py@0.3,20260812,True,ba890c3da1c19055927c3f5315c6de21af525c56d485db09cdd82fecd20c426c
PRJ-HSP,P04,PRJ-HSP-A07,0.905324,151.3,,3.596981,206.941942,210.538923,42.359585,False,PRJ-HSP-P04-V1,SYNTHETIC_RESEARCH_FIXTURE,OG-SYNTH-0.3,A-0.3,build_opus_synthetic_programme_v0_3.py@0.3,20260812,True,059275e5e001c9cc8789442a9a6624521de35e63dd3bdc72f406026d246c07dd
PRJ-HSP,P04,PRJ-HSP-A08,0.857349,151.3,,7.858566,206.941942,214.800509,-0.0,True,PRJ-HSP-P04-V1,SYNTHETIC_RESEARCH_FIXTURE,OG-SYNTH-0.3,A-0.3,build_opus_synthetic_programme_v0_3.py@0.3,20260812,True,30908ec514b8e3194be5717756c59856fadde164a7b9cc4289efe282e34e0ea6
PRJ-HSP,P04,PRJ-HSP-A09,0.0,,,38.098,214.800509,252.898509,0.0,True,PRJ-HSP-P04-V1,SYNTHETIC_RESEARCH_FIXTURE,OG-SYNTH-0.3,A-0.3,build_opus_synthetic_programme_v0_3.py@0.3,20260812,True,a8810626ebbc7009c4e3979cdab77ffccd5c139d8db155c2865a712d625de381
PRJ-HSP,P04,PRJ-HSP-A10,0.012796,233.50000000000003,,42.884895,252.898509,295.783403,0.0,True,PRJ-HSP-P04-V1,SYNTHETIC_RESEARCH_FIXTURE,OG-SYNTH-0.3,A-0.3,build_opus_synthetic_programme_v0_3.py@0.3,20260812,True,86c038e32ff72a189174497a9875f72dcafab1001cff0f0f519d189c900eec03
PRJ-HSP,P04,PRJ-HSP-A11,0.000111,272.20000000000005,,30.026679,295.783403,325.810082,0.0,True,PRJ-HSP-P04-V1,SYNTHETIC_RESEARCH_FIXTURE,OG-SYNTH-0.3,A-0.3,build_opus_synthetic_programme_v0_3.py@0.3,20260812,True,a03bf2597ce9bb0576992f2c05d77c66ab7cd3f47b3c8b4120c70f3f0fc0ec54
PRJ-HSP,P04,PRJ-HSP-A12,0.033492,298.6,,14.369315,325.810082,340.179397,0.0,True,PRJ-HSP-P04-V1,SYNTHETIC_RESEARCH_FIXTURE,OG-SYNTH-0.3,A-0.3,build_opus_synthetic_programme_v0_3.py@0.3,20260812,True,350030674026f666683e71b2331f4c09d96390ae81138c46daf0d2a33a1c6cdc
PRJ-HSP,P05,PRJ-HSP-A01,0.914332,0.0,,0.635676,245.0,245.635676,0.0,True,PRJ-HSP-P05-V1,SYNTHETIC_RESEARCH_FIXTURE,OG-SYNTH-0.3,A-0.3,build_opus_synthetic_programme_v0_3.py@0.3,20260812,True,e7ed3bd141f70997bff515d60c0f3a045ea0547bcbd1c1bc3809de6da6dafb72
PRJ-HSP,P05,PRJ-HSP-A02,0.903251,6.7,,2.106856,245.635676,247.742531,2.852266,False,PRJ-HSP-P05-V1,SYNTHETIC_RESEARCH_FIXTURE,OG-SYNTH-0.3,A-0.3,build_opus_synthetic_programme_v0_3.py@0.3,20260812,True,b22a7ce81dc825f6799cbc83157debc3002cf6f57c7426eacf469075f817aadc
PRJ-HSP,P05,PRJ-HSP-A03,0.886467,6.7,,4.959122,245.635676,250.594798,0.0,True,PRJ-HSP-P05-V1,SYNTHETIC_RESEARCH_FIXTURE,OG-SYNTH-0.3,A-0.3,build_opus_synthetic_programme_v0_3.py@0.3,20260812,True,e358e4d7795d7c76121e637a19f30c2555049844c32d5d842034117c725c4f14
PRJ-HSP,P05,PRJ-HSP-A04,0.905083,45.1,,2.559782,250.594798,253.154579,0.0,True,PRJ-HSP-P05-V1,SYNTHETIC_RESEARCH_FIXTURE,OG-SYNTH-0.3,A-0.3,build_opus_synthetic_programme_v0_3.py@0.3,20260812,True,b2466748f48b62f7003578e42183b0795aa3d1c557d9a73d39ea0a7494273d43
PRJ-HSP,P05,PRJ-HSP-A05,0.868332,68.5,,5.001723,253.154579,258.156302,0.0,True,PRJ-HSP-P05-V1,SYNTHETIC_RESEARCH_FIXTURE,OG-SYNTH-0.3,A-0.3,build_opus_synthetic_programme_v0_3.py@0.3,20260812,True,3bd85f7440e67db85acfb5985180d1ffa7d31af3ad64d661d0e224d7b67c7382
PRJ-HSP,P05,PRJ-HSP-A06,0.868478,102.8,,7.160226,258.156302,265.316528,0.0,True,PRJ-HSP-P05-V1,SYNTHETIC_RESEARCH_FIXTURE,OG-SYNTH-0.3,A-0.3,build_opus_synthetic_programme_v0_3.py@0.3,20260812,True,98e5aa83b36056de78b2ac9f102140c760ba5d55d58929093ab97b4a0010d0b6
PRJ-HSP,P05,PRJ-HSP-A07,0.89185,151.3,,4.1089,265.316528,269.425428,6.28325,False,PRJ-HSP-P05-V1,SYNTHETIC_RESEARCH_FIXTURE,OG-SYNTH-0.3,A-0.3,build_opus_synthetic_programme_v0_3.py@0.3,20260812,True,f510dc91a3639ad313d75f9cade88f8b67983e15d4d97ab0ee4374bc00b67546
PRJ-HSP,P05,PRJ-HSP-A08,0.874896,151.3,,6.891925,265.316528,272.208452,0.0,True,PRJ-HSP-P05-V1,SYNTHETIC_RESEARCH_FIXTURE,OG-SYNTH-0.3,A-0.3,build_opus_synthetic_programme_v0_3.py@0.3,20260812,True,d6759af2d9b1d4bfcce95534bd0b01e3d0110e4fae8dd3c27b9c4718a1ce67f7
PRJ-HSP,P05,PRJ-HSP-A09,0.908126,199.1,,3.500225,272.208452,275.708678,0.0,True,PRJ-HSP-P05-V1,SYNTHETIC_RESEARCH_FIXTURE,OG-SYNTH-0.3,A-0.3,build_opus_synthetic_programme_v0_3.py@0.3,20260812,True,a3cef36b377befd0e401a15bf6573e121641fa582e36794167186d509f9d4431
PRJ-HSP,P05,PRJ-HSP-A10,0.26704,233.50000000000003,,31.840348,275.708678,307.549025,0.0,True,PRJ-HSP-P05-V1,SYNTHETIC_RESEARCH_FIXTURE,OG-SYNTH-0.3,A-0.3,build_opus_synthetic_programme_v0_3.py@0.3,20260812,True,57b4e37d0855fc2d634c41f3746af6e0b92286847d22feecc95c73de8f3ed798
PRJ-HSP,P05,PRJ-HSP-A11,0.0,,,30.03,307.549025,337.579025,0.0,True,PRJ-HSP-P05-V1,SYNTHETIC_RESEARCH_FIXTURE,OG-SYNTH-0.3,A-0.3,build_opus_synthetic_programme_v0_3.py@0.3,20260812,True,e44d2557829df290fddf3ff5435f8e636a82f1496d47b0dcf14811918d78d84b
PRJ-HSP,P05,PRJ-HSP-A12,0.060034,298.6,,13.974716,337.579025,351.553741,0.0,True,PRJ-HSP-P05-V1,SYNTHETIC_RESEARCH_FIXTURE,OG-SYNTH-0.3,A-0.3,build_opus_synthetic_programme_v0_3.py@0.3,20260812,True,1c90881bb92166a78f4e8ae4cfed04d5ee0317d13fb152455de3d6c74e4aecbe
PRJ-HSP,P06,PRJ-HSP-A01,0.895299,0.0,,0.776904,294.0,294.776904,-0.0,True,PRJ-HSP-P06-V1,SYNTHETIC_RESEARCH_FIXTURE,OG-SYNTH-0.3,A-0.3,build_opus_synthetic_programme_v0_3.py@0.3,20260812,True,8d8e808d6b4df21457c5bccc4821ed5d6c6f8ef3155fb9e0fca8c0ca693ab71d
PRJ-HSP,P06,PRJ-HSP-A02,0.90292,6.7,,2.114071,294.776904,296.890975,2.916528,False,PRJ-HSP-P06-V1,SYNTHETIC_RESEARCH_FIXTURE,OG-SYNTH-0.3,A-0.3,build_opus_synthetic_programme_v0_3.py@0.3,20260812,True,0fbc12a2402ba36925f91d4ce26408c11a62b64a66eab62fd20fa63bf8389ef8
PRJ-HSP,P06,PRJ-HSP-A03,0.884831,6.7,,5.030599,294.776904,299.807503,-0.0,True,PRJ-HSP-P06-V1,SYNTHETIC_RESEARCH_FIXTURE,OG-SYNTH-0.3,A-0.3,build_opus_synthetic_programme_v0_3.py@0.3,20260812,True,155ee29c57c416f518ea53a4183990b8efb128bae6ee8c72cbd630a9977246ed
PRJ-HSP,P06,PRJ-HSP-A04,0.877581,45.1,,3.301459,299.807503,303.108962,-0.0,True,PRJ-HSP-P06-V1,SYNTHETIC_RESEARCH_FIXTURE,OG-SYNTH-0.3,A-0.3,build_opus_synthetic_programme_v0_3.py@0.3,20260812,True,04732a71d2243adf8e7fae1e932185eb8c7b6074e357f2847232d7fd58abad11
PRJ-HSP,P06,PRJ-HSP-A05,0.877478,68.5,,4.654266,303.108962,307.763229,-0.0,True,PRJ-HSP-P06-V1,SYNTHETIC_RESEARCH_FIXTURE,OG-SYNTH-0.3,A-0.3,build_opus_synthetic_programme_v0_3.py@0.3,20260812,True,cb4cef3c72817ac7dc69e313429e557f927a4f238ff179194e0343fcede24034
PRJ-HSP,P06,PRJ-HSP-A06,0.876921,102.8,,6.700554,307.763229,314.463783,-0.0,True,PRJ-HSP-P06-V1,SYNTHETIC_RESEARCH_FIXTURE,OG-SYNTH-0.3,A-0.3,build_opus_synthetic_programme_v0_3.py@0.3,20260812,True,7d97d8c947eceb527a96f44a33b6d3156d50bab6bc35937f485408305d6049c6
PRJ-HSP,P06,PRJ-HSP-A07,0.865267,151.3,,5.11885,314.463783,319.582633,4.378456,False,PRJ-HSP-P06-V1,SYNTHETIC_RESEARCH_FIXTURE,OG-SYNTH-0.3,A-0.3,build_opus_synthetic_programme_v0_3.py@0.3,20260812,True,7b115bef6846c542b85d350c3b9f45fdb2fef1cfe700fcc9b50464cd8603b859
PRJ-HSP,P06,PRJ-HSP-A08,0.894812,151.3,,5.79478,314.463783,320.258563,-0.0,True,PRJ-HSP-P06-V1,SYNTHETIC_RESEARCH_FIXTURE,OG-SYNTH-0.3,A-0.3,build_opus_synthetic_programme_v0_3.py@0.3,20260812,True,869f477d6df4c9c88070c3c46c942d90b069a75f3824baad94b2f3bdcec1e8f3
PRJ-HSP,P06,PRJ-HSP-A09,0.902816,199.1,,3.702526,320.258563,323.961089,-0.0,True,PRJ-HSP-P06-V1,SYNTHETIC_RESEARCH_FIXTURE,OG-SYNTH-0.3,A-0.3,build_opus_synthetic_programme_v0_3.py@0.3,20260812,True,2e621f9067e7ceae7f26e8d0e9cdca17e8c0815599c2f9abef702bf4a2a307e7
PRJ-HSP,P06,PRJ-HSP-A10,0.904902,233.50000000000003,,4.131119,323.961089,328.092208,-0.0,True,PRJ-HSP-P06-V1,SYNTHETIC_RESEARCH_FIXTURE,OG-SYNTH-0.3,A-0.3,build_opus_synthetic_programme_v0_3.py@0.3,20260812,True,23cfc283a49a54b1fc9bb51daea13e78213e1a49bda522655f9a15b029fed4cb
PRJ-HSP,P06,PRJ-HSP-A11,0.714608,272.20000000000005,,8.570313,328.092208,336.662521,0.0,True,PRJ-HSP-P06-V1,SYNTHETIC_RESEARCH_FIXTURE,OG-SYNTH-0.3,A-0.3,build_opus_synthetic_programme_v0_3.py@0.3,20260812,True,d833f8e39e046bc16a3924b7d57bf235da8e748847a13f444ecd7828241dd1d4
PRJ-HSP,P06,PRJ-HSP-A12,0.0,,,14.86725,336.662521,351.529771,0.0,True,PRJ-HSP-P06-V1,SYNTHETIC_RESEARCH_FIXTURE,OG-SYNTH-0.3,A-0.3,build_opus_synthetic_programme_v0_3.py@0.3,20260812,True,5555cc58efd1561aba6f0a51ad4935b239477208cb8fafc9ca3064f80d552681
PRJ-WTR,P01,PRJ-WTR-A01,0.98272,0.0,,0.056256,37.0,37.056256,-0.0,True,PRJ-WTR-P01-V1,SYNTHETIC_RESEARCH_FIXTURE,OG-SYNTH-0.3,A-0.3,build_opus_synthetic_programme_v0_3.py@0.3,20260812,True,b5ce98e8dc906be88b0ead04f0556e112c6bf882380e31dd6481226ccd6ced8c
PRJ-WTR,P01,PRJ-WTR-A02,1.0,3.4,20.8,0.0,37.056256,37.056256,-0.0,True,PRJ-WTR-P01-V1,SYNTHETIC_RESEARCH_FIXTURE,OG-SYNTH-0.3,A-0.3,build_opus_synthetic_programme_v0_3.py@0.3,20260812,True,b38d5dd92d3bc01c936536c3c17d8e4aad3162afa6fd023ebf1d1865385845d2
PRJ-WTR,P01,PRJ-WTR-A03,1.0,3.4,25.8,0.0,37.056256,37.056256,-0.0,True,PRJ-WTR-P01-V1,SYNTHETIC_RESEARCH_FIXTURE,OG-SYNTH-0.3,A-0.3,build_opus_synthetic_programme_v0_3.py@0.3,20260812,True,6551cd0ea5634b276d1969304cb51d5132873238ad0f6973afbc1b172d066852
PRJ-WTR,P01,PRJ-WTR-A04,0.677861,25.8,,5.683825,37.056256,42.740082,-0.0,True,PRJ-WTR-P01-V1,SYNTHETIC_RESEARCH_FIXTURE,OG-SYNTH-0.3,A-0.3,build_opus_synthetic_programme_v0_3.py@0.3,20260812,True,6d296aad0794d065677a0651cbdb12c68a3db1e5cc005c79149f7ab02feb49ed
PRJ-WTR,P01,PRJ-WTR-A05,0.020323,43.4,,22.794386,42.740082,65.534468,-0.0,True,PRJ-WTR-P01-V1,SYNTHETIC_RESEARCH_FIXTURE,OG-SYNTH-0.3,A-0.3,build_opus_synthetic_programme_v0_3.py@0.3,20260812,True,6d7010395dcd6ef0affce6346688d48f0e985bc24be1693a67c4af29c36a8844
PRJ-WTR,P01,PRJ-WTR-A06,0.0,,,39.678,65.534468,105.212468,-0.0,True,PRJ-WTR-P01-V1,SYNTHETIC_RESEARCH_FIXTURE,OG-SYNTH-0.3,A-0.3,build_opus_synthetic_programme_v0_3.py@0.3,20260812,True,d7d6e4e8bd3c707d60eadca58b1182e7ee4aca5bc9ef202c1449d0e7a3c3efdf
PRJ-WTR,P01,PRJ-WTR-A07,0.0,,,29.4275,105.212468,134.639968,34.393607,False,PRJ-WTR-P01-V1,SYNTHETIC_RESEARCH_FIXTURE,OG-SYNTH-0.3,A-0.3,build_opus_synthetic_programme_v0_3.py@0.3,20260812,True,221ff1e609775c6b300acf1e45d1eab80647d9c3dbda11afe7a2b9e0b6d4c3e3
PRJ-WTR,P01,PRJ-WTR-A08,0.031182,108.5,,37.489857,105.212468,142.702325,-0.0,True,PRJ-WTR-P01-V1,SYNTHETIC_RESEARCH_FIXTURE,OG-SYNTH-0.3,A-0.3,build_opus_synthetic_programme_v0_3.py@0.3,20260812,True,308908a6aef2a1fb7ce60f36a2faa69f756af61bdedd655b07d50de1d1d02d8b
PRJ-WTR,P01,PRJ-WTR-A09,0.0,,,26.33125,142.702325,169.033575,-0.0,True,PRJ-WTR-P01-V1,SYNTHETIC_RESEARCH_FIXTURE,OG-SYNTH-0.3,A-0.3,build_opus_synthetic_programme_v0_3.py@0.3,20260812,True,281f3c2d6e4566e0030b73b29fbeface2c39ff9c99fefc64c2fb51dbcea8be83
PRJ-WTR,P01,PRJ-WTR-A10,0.0,,,30.1475,169.033575,199.181075,-0.0,True,PRJ-WTR-P01-V1,SYNTHETIC_RESEARCH_FIXTURE,OG-SYNTH-0.3,A-0.3,build_opus_synthetic_programme_v0_3.py@0.3,20260812,True,a2afb43b342144f90020223e6a907f14a528ab36e41222fa4ea14a99a25637d7
PRJ-WTR,P01,PRJ-WTR-A11,0.016601,205.6,,19.033697,199.181075,218.214772,-0.0,True,PRJ-WTR-P01-V1,SYNTHETIC_RESEARCH_FIXTURE,OG-SYNTH-0.3,A-0.3,build_opus_synthetic_programme_v0_3.py@0.3,20260812,True,d760a27c4566cb88549a15ae2f463a91880dbf8569715c5e2f7583bd459b026a
PRJ-WTR,P01,PRJ-WTR-A12,0.035139,225.2,,9.576007,218.214772,227.790779,0.0,True,PRJ-WTR-P01-V1,SYNTHETIC_RESEARCH_FIXTURE,OG-SYNTH-0.3,A-0.3,build_opus_synthetic_programme_v0_3.py@0.3,20260812,True,332d5ddabe150c3ec49270dba5026eef83c39b50b7507de95dfb8b46cb0a238f
PRJ-WTR,P02,PRJ-WTR-A01,0.969511,0.0,,0.099257,74.0,74.099257,-0.0,True,PRJ-WTR-P02-V1,SYNTHETIC_RESEARCH_FIXTURE,OG-SYNTH-0.3,A-0.3,build_opus_synthetic_programme_v0_3.py@0.3,20260812,True,08f8a66ecbc1f027e56eb173c9216d552cca18d2739c7f4ee43e476565164f11
PRJ-WTR,P02,PRJ-WTR-A02,0.980517,3.4,,0.329685,74.099257,74.428941,-0.0,True,PRJ-WTR-P02-V1,SYNTHETIC_RESEARCH_FIXTURE,OG-SYNTH-0.3,A-0.3,build_opus_synthetic_programme_v0_3.py@0.3,20260812,True,86d931b2f69b4322189f84a50568d43c63d777b11b5fa3e1e82487c6ac06d599
PRJ-WTR,P02,PRJ-WTR-A03,1.0,3.4,25.8,0.0,74.099257,74.099257,0.329685,False,PRJ-WTR-P02-V1,SYNTHETIC_RESEARCH_FIXTURE,OG-SYNTH-0.3,A-0.3,build_opus_synthetic_programme_v0_3.py@0.3,20260812,True,30211aec25bec1a918a25b9ee83b080eb2366cd94fd0fd0de2eb4fa80f15f752
PRJ-WTR,P02,PRJ-WTR-A04,1.0,25.8,43.4,0.0,74.428941,74.428941,-0.0,True,PRJ-WTR-P02-V1,SYNTHETIC_RESEARCH_FIXTURE,OG-SYNTH-0.3,A-0.3,build_opus_synthetic_programme_v0_3.py@0.3,20260812,True,49df4f5cf134c3f3a50c22a6f941a7cb2e534758821699994631429f8352321c
PRJ-WTR,P02,PRJ-WTR-A05,1.0,43.4,67.7,0.0,74.428941,74.428941,-0.0,True,PRJ-WTR-P02-V1,SYNTHETIC_RESEARCH_FIXTURE,OG-SYNTH-0.3,A-0.3,build_opus_synthetic_programme_v0_3.py@0.3,20260812,True,621a6671c002d267e0200a1198a4282106ac13129a9d9853c58f290b0552c447
PRJ-WTR,P02,PRJ-WTR-A06,0.174689,67.7,,32.746677,74.428941,107.175618,-0.0,True,PRJ-WTR-P02-V1,SYNTHETIC_RESEARCH_FIXTURE,OG-SYNTH-0.3,A-0.3,build_opus_synthetic_programme_v0_3.py@0.3,20260812,True,dfcb1060fde12b9239b6f59993b5353a0cfe2e5503b053c3e0ea2f7382549a76
PRJ-WTR,P02,PRJ-WTR-A07,0.004461,108.5,,29.296229,107.175618,136.471848,35.731521,False,PRJ-WTR-P02-V1,SYNTHETIC_RESEARCH_FIXTURE,OG-SYNTH-0.3,A-0.3,build_opus_synthetic_programme_v0_3.py@0.3,20260812,True,5b0db6c2f2e76f7609143af20184d2cda0deb9a989e5022f0653c9a78ffaa22d
PRJ-WTR,P02,PRJ-WTR-A08,0.0,,,38.6965,107.175618,145.872118,0.0,True,PRJ-WTR-P02-V1,SYNTHETIC_RESEARCH_FIXTURE,OG-SYNTH-0.3,A-0.3,build_opus_synthetic_programme_v0_3.py@0.3,20260812,True,7de1ad384e2a61ae2e869d9b02216414297885795e4188214a5cd4beaf0b0db4
PRJ-WTR,P02,PRJ-WTR-A09,0.0,,,26.33125,145.872118,172.203368,0.0,True,PRJ-WTR-P02-V1,SYNTHETIC_RESEARCH_FIXTURE,OG-SYNTH-0.3,A-0.3,build_opus_synthetic_programme_v0_3.py@0.3,20260812,True,9c14a416d5a3ba625db4ad0d6ac5c1ff024c0b5a8c9bec4510d8a9248e18716a
PRJ-WTR,P02,PRJ-WTR-A10,0.005316,174.6,,29.987222,172.203368,202.19059,0.0,True,PRJ-WTR-P02-V1,SYNTHETIC_RESEARCH_FIXTURE,OG-SYNTH-0.3,A-0.3,build_opus_synthetic_programme_v0_3.py@0.3,20260812,True,c3d6cf9666e0099fa28f2013103911818931bc07b053bea623f3f4cae546c3cb
PRJ-WTR,P02,PRJ-WTR-A11,0.0,,,19.355,202.19059,221.54559,0.0,True,PRJ-WTR-P02-V1,SYNTHETIC_RESEARCH_FIXTURE,OG-SYNTH-0.3,A-0.3,build_opus_synthetic_programme_v0_3.py@0.3,20260812,True,0af4128cf2032a24be0012a7a22ee733d8012c050e1a3f3d0767cce4be91cfe7
PRJ-WTR,P02,PRJ-WTR-A12,0.0,,,9.92475,221.54559,231.47034,0.0,True,PRJ-WTR-P02-V1,SYNTHETIC_RESEARCH_FIXTURE,OG-SYNTH-0.3,A-0.3,build_opus_synthetic_programme_v0_3.py@0.3,20260812,True,b3e90ebc6b130f88b90e776cb918d094379430a92c8d8a6e1edc770c59bd04f8
PRJ-WTR,P03,PRJ-WTR-A01,1.0,0.0,3.4,0.0,111.0,111.0,0.0,True,PRJ-WTR-P03-V1,SYNTHETIC_RESEARCH_FIXTURE,OG-SYNTH-0.3,A-0.3,build_opus_synthetic_programme_v0_3.py@0.3,20260812,True,30d71e0faa3fa150ae4629ab3afd7b1b2c9dbffa79a190639bf35a6fbfda3a12
PRJ-WTR,P03,PRJ-WTR-A02,0.982317,3.4,,0.299224,111.0,111.299224,0.0,True,PRJ-WTR-P03-V1,SYNTHETIC_RESEARCH_FIXTURE,OG-SYNTH-0.3,A-0.3,build_opus_synthetic_programme_v0_3.py@0.3,20260812,True,68e4463b1da222b38ac95330cf1ea3f9ecaddec700582845700bdb8c7a1a6d1b
PRJ-WTR,P03,PRJ-WTR-A03,0.994033,3.4,,0.131992,111.0,111.131992,0.167232,False,PRJ-WTR-P03-V1,SYNTHETIC_RESEARCH_FIXTURE,OG-SYNTH-0.3,A-0.3,build_opus_synthetic_programme_v0_3.py@0.3,20260812,True,acddd7332372d53d8c10faa949268a1b3f891414c3f9c45fe1311da929cd065c
PRJ-WTR,P03,PRJ-WTR-A04,0.997821,25.8,,0.03844,111.299224,111.337664,0.0,True,PRJ-WTR-P03-V1,SYNTHETIC_RESEARCH_FIXTURE,OG-SYNTH-0.3,A-0.3,build_opus_synthetic_programme_v0_3.py@0.3,20260812,True,0c9abf214d58853cf04024ea6424bc6cf0542922c7bf959b44b1020137141f0d
PRJ-WTR,P03,PRJ-WTR-A05,1.0,43.4,67.7,0.0,111.337664,111.337664,0.0,True,PRJ-WTR-P03-V1,SYNTHETIC_RESEARCH_FIXTURE,OG-SYNTH-0.3,A-0.3,build_opus_synthetic_programme_v0_3.py@0.3,20260812,True,da01d8d631524f60f024a43d1b3a74ef466029d2e0e23b1a7d9c963b6c71c598
PRJ-WTR,P03,PRJ-WTR-A06,0.990996,67.7,,0.357249,111.337664,111.694913,0.0,True,PRJ-WTR-P03-V1,SYNTHETIC_RESEARCH_FIXTURE,OG-SYNTH-0.3,A-0.3,build_opus_synthetic_programme_v0_3.py@0.3,20260812,True,020cbbedfeb39252cdeb62287faa48782f4f63dfaa538a288aa5c27aae59d868
PRJ-WTR,P03,PRJ-WTR-A07,0.08405,108.5,,26.954106,111.694913,138.649018,35.40989,False,PRJ-WTR-P03-V1,SYNTHETIC_RESEARCH_FIXTURE,OG-SYNTH-0.3,A-0.3,build_opus_synthetic_programme_v0_3.py@0.3,20260812,True,07def82874a90d74e855ec5f0b7812958814daa159e270cd1cd0b8509885a532
PRJ-WTR,P03,PRJ-WTR-A08,0.047066,108.5,,36.875195,111.694913,148.570107,0.0,True,PRJ-WTR-P03-V1,SYNTHETIC_RESEARCH_FIXTURE,OG-SYNTH-0.3,A-0.3,build_opus_synthetic_programme_v0_3.py@0.3,20260812,True,ad82a3a0ec803bf01a8ecbe8fe7f6637de12eeb3057772ed72ab7491bcbbe720
PRJ-WTR,P03,PRJ-WTR-A09,0.031994,147.1,,25.488801,148.570107,174.058908,0.0,True,PRJ-WTR-P03-V1,SYNTHETIC_RESEARCH_FIXTURE,OG-SYNTH-0.3,A-0.3,build_opus_synthetic_programme_v0_3.py@0.3,20260812,True,2c184c62b09da87384f6eb52a2efe9770b004b02193153ea27c98ac29c0fcd78
PRJ-WTR,P03,PRJ-WTR-A10,0.019103,174.6,,29.571584,174.058908,203.630493,-0.0,True,PRJ-WTR-P03-V1,SYNTHETIC_RESEARCH_FIXTURE,OG-SYNTH-0.3,A-0.3,build_opus_synthetic_programme_v0_3.py@0.3,20260812,True,736e09ef0ba941ef62ad82256ebd4fd14b8294798033de1b22397ec8ae51b4b5
PRJ-WTR,P03,PRJ-WTR-A11,0.017597,205.6,,19.014405,203.630493,222.644898,0.0,True,PRJ-WTR-P03-V1,SYNTHETIC_RESEARCH_FIXTURE,OG-SYNTH-0.3,A-0.3,build_opus_synthetic_programme_v0_3.py@0.3,20260812,True,78e7e8b031c9ff61ba0edbb9579faa32739db60ed5306bd6b2aeb48673df1ea3
PRJ-WTR,P03,PRJ-WTR-A12,0.0,,,9.92475,222.644898,232.569648,0.0,True,PRJ-WTR-P03-V1,SYNTHETIC_RESEARCH_FIXTURE,OG-SYNTH-0.3,A-0.3,build_opus_synthetic_programme_v0_3.py@0.3,20260812,True,f01fed98cc97f71d5cba7bb0ca2977011762b74a316aab59ec9c56c7a0a4bfdf
PRJ-WTR,P04,PRJ-WTR-A01,1.0,0.0,3.4,0.0,149.0,149.0,-0.0,True,PRJ-WTR-P04-V1,SYNTHETIC_RESEARCH_FIXTURE,OG-SYNTH-0.3,A-0.3,build_opus_synthetic_programme_v0_3.py@0.3,20260812,True,0f1a2d32a6198c7bc8c03869df78b82b528e311b1094b51db44888a714abc445
PRJ-WTR,P04,PRJ-WTR-A02,1.0,3.4,20.8,0.0,149.0,149.0,0.681486,False,PRJ-WTR-P04-V1,SYNTHETIC_RESEARCH_FIXTURE,OG-SYNTH-0.3,A-0.3,build_opus_synthetic_programme_v0_3.py@0.3,20260812,True,9f6c04310804512f9855b2fee3111e17dee52efa6a281919e534b9bf5e4e2ef2
PRJ-WTR,P04,PRJ-WTR-A03,0.969191,3.4,,0.681486,149.0,149.681486,-0.0,True,PRJ-WTR-P04-V1,SYNTHETIC_RESEARCH_FIXTURE,OG-SYNTH-0.3,A-0.3,build_opus_synthetic_programme_v0_3.py@0.3,20260812,True,c47479698f8bd54a56d118ab4d789f78c3449f2a3cb0488453cdd1b6f2ffcc54
PRJ-WTR,P04,PRJ-WTR-A04,0.9749,25.8,,0.442866,149.681486,150.124352,-0.0,True,PRJ-WTR-P04-V1,SYNTHETIC_RESEARCH_FIXTURE,OG-SYNTH-0.3,A-0.3,build_opus_synthetic_programme_v0_3.py@0.3,20260812,True,e453f767557dadc72dc4fa41a841b25ee70934b4d5f321102c4d1bb24d85134c
PRJ-WTR,P04,PRJ-WTR-A05,0.999378,43.4,,0.014468,150.124352,150.138821,-0.0,True,PRJ-WTR-P04-V1,SYNTHETIC_RESEARCH_FIXTURE,OG-SYNTH-0.3,A-0.3,build_opus_synthetic_programme_v0_3.py@0.3,20260812,True,cd144927f8ad06e4bff148a7a1770d578d181096baf19e1b9a28061b6c78f8a5
PRJ-WTR,P04,PRJ-WTR-A06,1.0,67.7,108.5,0.0,150.138821,150.138821,-0.0,True,PRJ-WTR-P04-V1,SYNTHETIC_RESEARCH_FIXTURE,OG-SYNTH-0.3,A-0.3,build_opus_synthetic_programme_v0_3.py@0.3,20260812,True,5d35b90b753ad10a670978bec802de409fccc62cf30d5fca926489128c34065e
PRJ-WTR,P04,PRJ-WTR-A07,1.0,108.5,138.3,0.0,150.138821,150.138821,23.518809,False,PRJ-WTR-P04-V1,SYNTHETIC_RESEARCH_FIXTURE,OG-SYNTH-0.3,A-0.3,build_opus_synthetic_programme_v0_3.py@0.3,20260812,True,98bf3f2a42295a551bb965c78a3ae0b935ba9cc62336f5b0bf84841fe1f15c1a
PRJ-WTR,P04,PRJ-WTR-A08,1.0,108.5,147.1,0.0,150.138821,150.138821,-0.0,True,PRJ-WTR-P04-V1,SYNTHETIC_RESEARCH_FIXTURE,OG-SYNTH-0.3,A-0.3,build_opus_synthetic_programme_v0_3.py@0.3,20260812,True,cfef75bb90f240d01d780aaeee09e98cb123914e0f4dff9dce37052a8af3aea7
PRJ-WTR,P04,PRJ-WTR-A09,0.10681,147.1,,23.518809,150.138821,173.65763,-0.0,True,PRJ-WTR-P04-V1,SYNTHETIC_RESEARCH_FIXTURE,OG-SYNTH-0.3,A-0.3,build_opus_synthetic_programme_v0_3.py@0.3,20260812,True,6c35299f62f3e83f90ced1c96fdd4686cea9b137c3005f24fa26746722b9bf8e
PRJ-WTR,P04,PRJ-WTR-A10,0.05451,174.6,,28.504154,173.65763,202.161784,-0.0,True,PRJ-WTR-P04-V1,SYNTHETIC_RESEARCH_FIXTURE,OG-SYNTH-0.3,A-0.3,build_opus_synthetic_programme_v0_3.py@0.3,20260812,True,9046f99f2597a4a074b3768cf371dad6a4713d0399f42ab842b04c8f5977c1ae
PRJ-WTR,P04,PRJ-WTR-A11,0.0,,,19.355,202.161784,221.516784,0.0,True,PRJ-WTR-P04-V1,SYNTHETIC_RESEARCH_FIXTURE,OG-SYNTH-0.3,A-0.3,build_opus_synthetic_programme_v0_3.py@0.3,20260812,True,92892f8c9e5194740fd2e4f80e2be3fc4acd6a98b527917850f57ce892f85cf0
PRJ-WTR,P04,PRJ-WTR-A12,0.018188,225.2,,9.744234,221.516784,231.261018,0.0,True,PRJ-WTR-P04-V1,SYNTHETIC_RESEARCH_FIXTURE,OG-SYNTH-0.3,A-0.3,build_opus_synthetic_programme_v0_3.py@0.3,20260812,True,670440e634124e07dbb444c800bedc6823a545fb563056bc19d2db88a08251b0
PRJ-WTR,P05,PRJ-WTR-A01,0.995977,0.0,,0.013097,186.0,186.013097,-0.0,True,PRJ-WTR-P05-V1,SYNTHETIC_RESEARCH_FIXTURE,OG-SYNTH-0.3,A-0.3,build_opus_synthetic_programme_v0_3.py@0.3,20260812,True,1e1f7d45a24c8061751fa0e440cd556449aa253f9304d709d70ef7e109fa7b42
PRJ-WTR,P05,PRJ-WTR-A02,0.980486,3.4,,0.330201,186.013097,186.343298,-0.0,True,PRJ-WTR-P05-V1,SYNTHETIC_RESEARCH_FIXTURE,OG-SYNTH-0.3,A-0.3,build_opus_synthetic_programme_v0_3.py@0.3,20260812,True,e1fe80638ad2d62d919e5aed90b8c6c66bb9301e58aca5befe8686daf526c25c
PRJ-WTR,P05,PRJ-WTR-A03,1.0,3.4,25.8,0.0,186.013097,186.013097,0.330201,False,PRJ-WTR-P05-V1,SYNTHETIC_RESEARCH_FIXTURE,OG-SYNTH-0.3,A-0.3,build_opus_synthetic_programme_v0_3.py@0.3,20260812,True,6953faf965f8d7ab3e0230fa896b778abe4ed09dc2ca7fae6bcf1d1c953cb7ac
PRJ-WTR,P05,PRJ-WTR-A04,1.0,25.8,43.4,0.0,186.343298,186.343298,-0.0,True,PRJ-WTR-P05-V1,SYNTHETIC_RESEARCH_FIXTURE,OG-SYNTH-0.3,A-0.3,build_opus_synthetic_programme_v0_3.py@0.3,20260812,True,7ca6094dcca4e67ba265702c67fc5f11b4ecb7ace8df039f35e63985e47de7d2
PRJ-WTR,P05,PRJ-WTR-A05,1.0,43.4,67.7,0.0,186.343298,186.343298,-0.0,True,PRJ-WTR-P05-V1,SYNTHETIC_RESEARCH_FIXTURE,OG-SYNTH-0.3,A-0.3,build_opus_synthetic_programme_v0_3.py@0.3,20260812,True,f0213dcbadcbf7fedc60f86bcae45e96f98b9eefbd8138a5c69c706b681a1f68
PRJ-WTR,P05,PRJ-WTR-A06,0.984301,67.7,,0.622905,186.343298,186.966203,-0.0,True,PRJ-WTR-P05-V1,SYNTHETIC_RESEARCH_FIXTURE,OG-SYNTH-0.3,A-0.3,build_opus_synthetic_programme_v0_3.py@0.3,20260812,True,f9c5220254bc222d8c8de03b2450f882e83ce8bc1e4f2e1d364f17943d2d8d46
PRJ-WTR,P05,PRJ-WTR-A07,1.0,108.5,138.3,0.0,186.966203,186.966203,1.774878,False,PRJ-WTR-P05-V1,SYNTHETIC_RESEARCH_FIXTURE,OG-SYNTH-0.3,A-0.3,build_opus_synthetic_programme_v0_3.py@0.3,20260812,True,43f7831a4d9fb086b0ec962ed9e3ae464abd62aac2bb51f5c6238400d2adfcc9
PRJ-WTR,P05,PRJ-WTR-A08,0.954133,108.5,,1.774878,186.966203,188.741081,-0.0,True,PRJ-WTR-P05-V1,SYNTHETIC_RESEARCH_FIXTURE,OG-SYNTH-0.3,A-0.3,build_opus_synthetic_programme_v0_3.py@0.3,20260812,True,5f58ea439845d1fc93ee38e9d8beb1d2e1a75b2a4689995ee9034c998d2e4cbe
PRJ-WTR,P05,PRJ-WTR-A09,1.0,147.1,174.6,0.0,188.741081,188.741081,-0.0,True,PRJ-WTR-P05-V1,SYNTHETIC_RESEARCH_FIXTURE,OG-SYNTH-0.3,A-0.3,build_opus_synthetic_programme_v0_3.py@0.3,20260812,True,f56123770d38bc0bab7df226ea2131f9e325e79bfa7070a36743e859f24e41c8
PRJ-WTR,P05,PRJ-WTR-A10,0.334721,174.6,,20.056491,188.741081,208.797571,-0.0,True,PRJ-WTR-P05-V1,SYNTHETIC_RESEARCH_FIXTURE,OG-SYNTH-0.3,A-0.3,build_opus_synthetic_programme_v0_3.py@0.3,20260812,True,e64cb00f411be975d0e49ed0289ce1d6c6d099ec5c02537f1f2eb649738e0e2b
PRJ-WTR,P05,PRJ-WTR-A11,0.0,,,19.355,208.797571,228.152571,-0.0,True,PRJ-WTR-P05-V1,SYNTHETIC_RESEARCH_FIXTURE,OG-SYNTH-0.3,A-0.3,build_opus_synthetic_programme_v0_3.py@0.3,20260812,True,6d87541e6520eaec93571e7af53c3395df2bfdd0958d1a629273f7d561669246
PRJ-WTR,P05,PRJ-WTR-A12,0.00577,225.2,,9.867485,228.152571,238.020056,0.0,True,PRJ-WTR-P05-V1,SYNTHETIC_RESEARCH_FIXTURE,OG-SYNTH-0.3,A-0.3,build_opus_synthetic_programme_v0_3.py@0.3,20260812,True,a2b38e03ba93aa456f7e777b48228b6b57b11d4d9d5bf0e34c1173bcce2d49f3
PRJ-WTR,P06,PRJ-WTR-A01,0.993148,0.0,,0.022306,223.0,223.022306,-0.0,True,PRJ-WTR-P06-V1,SYNTHETIC_RESEARCH_FIXTURE,OG-SYNTH-0.3,A-0.3,build_opus_synthetic_programme_v0_3.py@0.3,20260812,True,26d07b4748d26dce0682a4f0000b1809f8c474e2a9f1afb2132ed75b58ebb043
PRJ-WTR,P06,PRJ-WTR-A02,1.0,3.4,20.8,0.0,223.022306,223.022306,-0.0,True,PRJ-WTR-P06-V1,SYNTHETIC_RESEARCH_FIXTURE,OG-SYNTH-0.3,A-0.3,build_opus_synthetic_programme_v0_3.py@0.3,20260812,True,3133ab35b3883071c742e01ba0a110410252f1b6ca40e9b250189f6cfb1a6be4
PRJ-WTR,P06,PRJ-WTR-A03,1.0,3.4,25.8,0.0,223.022306,223.022306,-0.0,True,PRJ-WTR-P06-V1,SYNTHETIC_RESEARCH_FIXTURE,OG-SYNTH-0.3,A-0.3,build_opus_synthetic_programme_v0_3.py@0.3,20260812,True,da143bae72646f502f3162dee2818b7884c60189c388a114296fda9f0eec33fa
PRJ-WTR,P06,PRJ-WTR-A04,1.0,25.8,43.4,0.0,223.022306,223.022306,-0.0,True,PRJ-WTR-P06-V1,SYNTHETIC_RESEARCH_FIXTURE,OG-SYNTH-0.3,A-0.3,build_opus_synthetic_programme_v0_3.py@0.3,20260812,True,95a8f82057fd2e201c1341d2eed697be21f7116538c10f757414c7fdb38d8f0d
PRJ-WTR,P06,PRJ-WTR-A05,1.0,43.4,67.7,0.0,223.022306,223.022306,-0.0,True,PRJ-WTR-P06-V1,SYNTHETIC_RESEARCH_FIXTURE,OG-SYNTH-0.3,A-0.3,build_opus_synthetic_programme_v0_3.py@0.3,20260812,True,cc4a00ffdc604e143dae896a286264e1922979b4404049eee6f99d3def1ae26a
PRJ-WTR,P06,PRJ-WTR-A06,1.0,67.7,108.5,0.0,223.022306,223.022306,-0.0,True,PRJ-WTR-P06-V1,SYNTHETIC_RESEARCH_FIXTURE,OG-SYNTH-0.3,A-0.3,build_opus_synthetic_programme_v0_3.py@0.3,20260812,True,af529be3739344c5ef90e18cf9bca118a80e5917420762b3d39d20b109cf6337
PRJ-WTR,P06,PRJ-WTR-A07,0.982884,108.5,,0.50367,223.022306,223.525977,1.032846,False,PRJ-WTR-P06-V1,SYNTHETIC_RESEARCH_FIXTURE,OG-SYNTH-0.3,A-0.3,build_opus_synthetic_programme_v0_3.py@0.3,20260812,True,056329e1fdec2d380d1130db31d53dc55c09bb3786d568952938cb4d7438b501
PRJ-WTR,P06,PRJ-WTR-A08,0.980319,108.5,,0.761582,223.022306,223.783888,-0.0,True,PRJ-WTR-P06-V1,SYNTHETIC_RESEARCH_FIXTURE,OG-SYNTH-0.3,A-0.3,build_opus_synthetic_programme_v0_3.py@0.3,20260812,True,76efc5ddccddbceb97dd4a022a6f2e3a44d13b24eba6142aef934fc4772370fe
PRJ-WTR,P06,PRJ-WTR-A09,0.97057,147.1,,0.774935,223.783888,224.558823,-0.0,True,PRJ-WTR-P06-V1,SYNTHETIC_RESEARCH_FIXTURE,OG-SYNTH-0.3,A-0.3,build_opus_synthetic_programme_v0_3.py@0.3,20260812,True,12867e1e3828bbec010025f23680e811842face9d7cc3ae3a04cbd87e8aff818
PRJ-WTR,P06,PRJ-WTR-A10,1.0,174.6,205.6,0.0,224.558823,224.558823,-0.0,True,PRJ-WTR-P06-V1,SYNTHETIC_RESEARCH_FIXTURE,OG-SYNTH-0.3,A-0.3,build_opus_synthetic_programme_v0_3.py@0.3,20260812,True,8a4187ad9d5e8533e3d1c06e14a86c4eee2800e014b6c4a6bfa3e119049c46a2
PRJ-WTR,P06,PRJ-WTR-A11,0.943696,205.6,,1.089768,224.558823,225.648591,-0.0,True,PRJ-WTR-P06-V1,SYNTHETIC_RESEARCH_FIXTURE,OG-SYNTH-0.3,A-0.3,build_opus_synthetic_programme_v0_3.py@0.3,20260812,True,80b07eeacffc8861c68f2b5b767ce26c21f638d5761b90de23cd7734fb5b7089
PRJ-WTR,P06,PRJ-WTR-A12,0.012078,225.2,,9.804878,225.648591,235.453469,-0.0,True,PRJ-WTR-P06-V1,SYNTHETIC_RESEARCH_FIXTURE,OG-SYNTH-0.3,A-0.3,build_opus_synthetic_programme_v0_3.py@0.3,20260812,True,505633d16c04469488820d401f92ab95c63e78052e26de2652536208fced43df
PRJ-RAL,P01,PRJ-RAL-A01,1.0,0.0,6.5,0.0,45.0,45.0,-0.0,True,PRJ-RAL-P01-V1,SYNTHETIC_RESEARCH_FIXTURE,OG-SYNTH-0.3,A-0.3,build_opus_synthetic_programme_v0_3.py@0.3,20260812,True,72e6496921bf0c9aadcc5198f5f1edc831c2a209c4b091d90558a8611d7fe6c3
PRJ-RAL,P01,PRJ-RAL-A02,0.951163,6.5,,1.084223,45.0,46.084223,-0.0,True,PRJ-RAL-P01-V1,SYNTHETIC_RESEARCH_FIXTURE,OG-SYNTH-0.3,A-0.3,build_opus_synthetic_programme_v0_3.py@0.3,20260812,True,822cc7888c703dd026baec6813afdd52c2176ad954d606e63cb7a0765dcf5d71
PRJ-RAL,P01,PRJ-RAL-A03,0.999455,6.5,,0.018559,45.0,45.018559,1.065663,False,PRJ-RAL-P01-V1,SYNTHETIC_RESEARCH_FIXTURE,OG-SYNTH-0.3,A-0.3,build_opus_synthetic_programme_v0_3.py@0.3,20260812,True,fcfa0a92d1fdfd096a1cb780c804a91801ad4d32a49049768be7d25bffeb01fc
PRJ-RAL,P01,PRJ-RAL-A04,0.296721,37.8,,18.686298,46.084223,64.77052,-0.0,True,PRJ-RAL-P01-V1,SYNTHETIC_RESEARCH_FIXTURE,OG-SYNTH-0.3,A-0.3,build_opus_synthetic_programme_v0_3.py@0.3,20260812,True,b0c388bf3d54cb2870e3cbcef1dc388749ea27ec728475390d0bdc99e46612ca
PRJ-RAL,P01,PRJ-RAL-A05,0.0,,,31.5135,64.77052,96.28402,-0.0,True,PRJ-RAL-P01-V1,SYNTHETIC_RESEARCH_FIXTURE,OG-SYNTH-0.3,A-0.3,build_opus_synthetic_programme_v0_3.py@0.3,20260812,True,a6babb1342f40905c02722fec0dbb14cc4769032ac0daa3a70b9398c3941e168
PRJ-RAL,P01,PRJ-RAL-A06,0.043894,91.7,,49.322862,96.28402,145.606882,-0.0,True,PRJ-RAL-P01-V1,SYNTHETIC_RESEARCH_FIXTURE,OG-SYNTH-0.3,A-0.3,build_opus_synthetic_programme_v0_3.py@0.3,20260812,True,1af4330f82d3fe29d561830bc209995b7a4f01cc17b14d16a0de6be10fb2c016
PRJ-RAL,P01,PRJ-RAL-A07,0.004954,139.8,,37.332868,145.606882,182.93975,40.794745,False,PRJ-RAL-P01-V1,SYNTHETIC_RESEARCH_FIXTURE,OG-SYNTH-0.3,A-0.3,build_opus_synthetic_programme_v0_3.py@0.3,20260812,True,e8017df5c5269b17f383547e0c04dbcd63e1b85bb59a354da69a3724d45da063
PRJ-RAL,P01,PRJ-RAL-A08,0.015499,139.8,,44.393363,145.606882,190.000245,0.0,True,PRJ-RAL-P01-V1,SYNTHETIC_RESEARCH_FIXTURE,OG-SYNTH-0.3,A-0.3,build_opus_synthetic_programme_v0_3.py@0.3,20260812,True,9c300aaa3bf12e43a9648aeb9091ee998182e872283bb6b97d566785d09e65fb
PRJ-RAL,P01,PRJ-RAL-A09,0.0,,,33.73425,190.000245,223.734495,0.0,True,PRJ-RAL-P01-V1,SYNTHETIC_RESEARCH_FIXTURE,OG-SYNTH-0.3,A-0.3,build_opus_synthetic_programme_v0_3.py@0.3,20260812,True,ec547f884d876189ca2dc46a0b782696017da266721c1152664c8e6c37ebfb9d
PRJ-RAL,P01,PRJ-RAL-A10,0.005707,212.6,,40.522393,223.734495,264.256888,0.0,True,PRJ-RAL-P01-V1,SYNTHETIC_RESEARCH_FIXTURE,OG-SYNTH-0.3,A-0.3,build_opus_synthetic_programme_v0_3.py@0.3,20260812,True,246592291cb90823b4c2fbb3373a303e65110c44b95ff22865c504491b08a7bb
PRJ-RAL,P01,PRJ-RAL-A11,0.012743,250.6,,23.405392,264.256888,287.662279,0.0,True,PRJ-RAL-P01-V1,SYNTHETIC_RESEARCH_FIXTURE,OG-SYNTH-0.3,A-0.3,build_opus_synthetic_programme_v0_3.py@0.3,20260812,True,0803504ffa17c4829181ac2a31ab81f5f0cf440461c98071e564ab9b0984bc31
PRJ-RAL,P01,PRJ-RAL-A12,0.0,,,13.4505,287.662279,301.112779,0.0,True,PRJ-RAL-P01-V1,SYNTHETIC_RESEARCH_FIXTURE,OG-SYNTH-0.3,A-0.3,build_opus_synthetic_programme_v0_3.py@0.3,20260812,True,35003583a7a0d9cf6eea15d974f97a780844c0d0c0fff6f645d90c6575f79fd5
PRJ-RAL,P02,PRJ-RAL-A01,0.947519,0.0,,0.36074,90.0,90.36074,0.0,True,PRJ-RAL-P02-V1,SYNTHETIC_RESEARCH_FIXTURE,OG-SYNTH-0.3,A-0.3,build_opus_synthetic_programme_v0_3.py@0.3,20260812,True,bf544662b8719cff3403b499453b8bbf0d844758758cd56e2f3d36696d33b921
PRJ-RAL,P02,PRJ-RAL-A02,0.982738,6.5,,0.383239,90.36074,90.743979,0.0,True,PRJ-RAL-P02-V1,SYNTHETIC_RESEARCH_FIXTURE,OG-SYNTH-0.3,A-0.3,build_opus_synthetic_programme_v0_3.py@0.3,20260812,True,50877a3cc03b2b8d8ab6106f9fda75918995517625b0f36bc0cdd309776a0e06
PRJ-RAL,P02,PRJ-RAL-A03,0.997929,6.5,,0.070494,90.36074,90.431234,0.312745,False,PRJ-RAL-P02-V1,SYNTHETIC_RESEARCH_FIXTURE,OG-SYNTH-0.3,A-0.3,build_opus_synthetic_programme_v0_3.py@0.3,20260812,True,7a6bde24ab9da087d5776e962511648e889f96ec2bd9c25149028aae98739a13
PRJ-RAL,P02,PRJ-RAL-A04,0.975511,37.8,,0.65068,90.743979,91.394658,0.0,True,PRJ-RAL-P02-V1,SYNTHETIC_RESEARCH_FIXTURE,OG-SYNTH-0.3,A-0.3,build_opus_synthetic_programme_v0_3.py@0.3,20260812,True,1453d9741b266e43a7dcc428d3e4503ba2caac67493d9454446f825e89ebecd3
PRJ-RAL,P02,PRJ-RAL-A05,0.907887,61.9,,2.902804,91.394658,94.297463,0.0,True,PRJ-RAL-P02-V1,SYNTHETIC_RESEARCH_FIXTURE,OG-SYNTH-0.3,A-0.3,build_opus_synthetic_programme_v0_3.py@0.3,20260812,True,ef6ce68a6c3c1a2b8fd0cb35b11997d90c6e7329ca25aef7ae5f48dc48165ca0
PRJ-RAL,P02,PRJ-RAL-A06,0.0,,,51.58725,94.297463,145.884713,0.0,True,PRJ-RAL-P02-V1,SYNTHETIC_RESEARCH_FIXTURE,OG-SYNTH-0.3,A-0.3,build_opus_synthetic_programme_v0_3.py@0.3,20260812,True,1344a4ce7a06d8ad63f2bc2ecbd7d08e99c778673b4dc31b67436b2d32f5beb9
PRJ-RAL,P02,PRJ-RAL-A07,0.0,,,37.51875,145.884713,183.403463,40.883285,False,PRJ-RAL-P02-V1,SYNTHETIC_RESEARCH_FIXTURE,OG-SYNTH-0.3,A-0.3,build_opus_synthetic_programme_v0_3.py@0.3,20260812,True,99043211adbeb6de44248d2d70f84f65d3151bcc07506747b3c56a05ea71f300
PRJ-RAL,P02,PRJ-RAL-A08,0.0,,,45.09225,145.884713,190.976963,0.0,True,PRJ-RAL-P02-V1,SYNTHETIC_RESEARCH_FIXTURE,OG-SYNTH-0.3,A-0.3,build_opus_synthetic_programme_v0_3.py@0.3,20260812,True,1182a1f9065baf6b08655c0e326c473e448b4d2f28129db4260ae00a4d250371
PRJ-RAL,P02,PRJ-RAL-A09,0.012583,180.7,,33.309785,190.976963,224.286748,0.0,True,PRJ-RAL-P02-V1,SYNTHETIC_RESEARCH_FIXTURE,OG-SYNTH-0.3,A-0.3,build_opus_synthetic_programme_v0_3.py@0.3,20260812,True,6aa743667cb7b2d8ee1b7b2f62acae8d5e5379caf9c8ce83c019c9d81a17b4af
PRJ-RAL,P02,PRJ-RAL-A10,0.016861,212.6,,40.06781,224.286748,264.354558,0.0,True,PRJ-RAL-P02-V1,SYNTHETIC_RESEARCH_FIXTURE,OG-SYNTH-0.3,A-0.3,build_opus_synthetic_programme_v0_3.py@0.3,20260812,True,e83bb21099e79aa1da640b43e1b9b760bf7fb11cf2cc18cd71d8cd3e7b923d06
PRJ-RAL,P02,PRJ-RAL-A11,0.006367,250.6,,23.556547,264.354558,287.911105,0.0,True,PRJ-RAL-P02-V1,SYNTHETIC_RESEARCH_FIXTURE,OG-SYNTH-0.3,A-0.3,build_opus_synthetic_programme_v0_3.py@0.3,20260812,True,9f83271c54c239a464be66f71f769f9dce990af353c1d3a0cddaa60346454630
PRJ-RAL,P02,PRJ-RAL-A12,0.012101,272.40000000000003,,13.287729,287.911105,301.198834,0.0,True,PRJ-RAL-P02-V1,SYNTHETIC_RESEARCH_FIXTURE,OG-SYNTH-0.3,A-0.3,build_opus_synthetic_programme_v0_3.py@0.3,20260812,True,8f8f2a75a448b56e977151c143e8875a1d6f350ab42a42f12183812103a48e71
PRJ-RAL,P03,PRJ-RAL-A01,0.958898,0.0,,0.282522,135.0,135.282522,0.0,True,PRJ-RAL-P03-V1,SYNTHETIC_RESEARCH_FIXTURE,OG-SYNTH-0.3,A-0.3,build_opus_synthetic_programme_v0_3.py@0.3,20260812,True,fabd79b99fdde8c83db2fd548afc75b7321516a2304005827007c43c6b7b29c3
PRJ-RAL,P03,PRJ-RAL-A02,0.973446,6.5,,0.589519,135.282522,135.872041,1.078769,False,PRJ-RAL-P03-V1,SYNTHETIC_RESEARCH_FIXTURE,OG-SYNTH-0.3,A-0.3,build_opus_synthetic_programme_v0_3.py@0.3,20260812,True,4390c182c851248edd274ecff7465039fb5aad8bcaa811b953303d765361c6f8
PRJ-RAL,P03,PRJ-RAL-A03,0.950989,6.5,,1.668288,135.282522,136.95081,0.0,True,PRJ-RAL-P03-V1,SYNTHETIC_RESEARCH_FIXTURE,OG-SYNTH-0.3,A-0.3,build_opus_synthetic_programme_v0_3.py@0.3,20260812,True,809437fec4694940aa5e7cff6c6db112fb371e23d7288539e4fbb4ccb0f32b20
PRJ-RAL,P03,PRJ-RAL-A04,0.990376,37.8,,0.255714,136.95081,137.206524,0.0,True,PRJ-RAL-P03-V1,SYNTHETIC_RESEARCH_FIXTURE,OG-SYNTH-0.3,A-0.3,build_opus_synthetic_programme_v0_3.py@0.3,20260812,True,6da23ee79058074faf69ccd5ca3cafd14692e9f4f7094c004dbbff50806e242a
PRJ-RAL,P03,PRJ-RAL-A05,0.99845,61.9,,0.048856,137.206524,137.25538,0.0,True,PRJ-RAL-P03-V1,SYNTHETIC_RESEARCH_FIXTURE,OG-SYNTH-0.3,A-0.3,build_opus_synthetic_programme_v0_3.py@0.3,20260812,True,5fb92d60d8b6f5c4fd82c0d862f11b5a0ba3765fa536a9d405c91f4bce4ed77f
PRJ-RAL,P03,PRJ-RAL-A06,0.872531,91.7,,6.575765,137.25538,143.831146,0.0,True,PRJ-RAL-P03-V1,SYNTHETIC_RESEARCH_FIXTURE,OG-SYNTH-0.3,A-0.3,build_opus_synthetic_programme_v0_3.py@0.3,20260812,True,d448a50276b8ab98c23ad7227a6e8836734014dbbde7a312d1848d5c6cc96989
PRJ-RAL,P03,PRJ-RAL-A07,0.020664,139.8,,36.743449,143.831146,180.574595,40.410262,False,PRJ-RAL-P03-V1,SYNTHETIC_RESEARCH_FIXTURE,OG-SYNTH-0.3,A-0.3,build_opus_synthetic_programme_v0_3.py@0.3,20260812,True,65d677060174812a227cc631837f9b861ead46389bfb8102d11168a1f3307222
PRJ-RAL,P03,PRJ-RAL-A08,0.0,,,45.09225,143.831146,188.923396,0.0,True,PRJ-RAL-P03-V1,SYNTHETIC_RESEARCH_FIXTURE,OG-SYNTH-0.3,A-0.3,build_opus_synthetic_programme_v0_3.py@0.3,20260812,True,93993febd480828265f2b60ace3257ee7a8ef1f03a8d17147c61160196ab270f
PRJ-RAL,P03,PRJ-RAL-A09,0.049587,180.7,,32.061461,188.923396,220.984857,0.0,True,PRJ-RAL-P03-V1,SYNTHETIC_RESEARCH_FIXTURE,OG-SYNTH-0.3,A-0.3,build_opus_synthetic_programme_v0_3.py@0.3,20260812,True,990a26751d1dc8378472d53dc6070469bb3e77eb95c37ba6d454c19faa25bf24
PRJ-RAL,P03,PRJ-RAL-A10,0.0,,,40.755,220.984857,261.739857,0.0,True,PRJ-RAL-P03-V1,SYNTHETIC_RESEARCH_FIXTURE,OG-SYNTH-0.3,A-0.3,build_opus_synthetic_programme_v0_3.py@0.3,20260812,True,f12de766a9d3c649cc15fe68b280b57b9077bc81117d59024ad0f1f5c5db3888
PRJ-RAL,P03,PRJ-RAL-A11,0.0,,,23.7075,261.739857,285.447357,0.0,True,PRJ-RAL-P03-V1,SYNTHETIC_RESEARCH_FIXTURE,OG-SYNTH-0.3,A-0.3,build_opus_synthetic_programme_v0_3.py@0.3,20260812,True,a9937ca961e01aa4eb25454a842321e9e88f549e8a3c1d1845640053ab3b986c
PRJ-RAL,P03,PRJ-RAL-A12,0.021812,272.40000000000003,,13.157114,285.447357,298.604471,0.0,True,PRJ-RAL-P03-V1,SYNTHETIC_RESEARCH_FIXTURE,OG-SYNTH-0.3,A-0.3,build_opus_synthetic_programme_v0_3.py@0.3,20260812,True,06275dc05ae0da758ec45624e6d3011709294a6e941ec47d7cd6f91b15312575
PRJ-RAL,P04,PRJ-RAL-A01,0.98591,0.0,,0.096849,179.0,179.096849,-0.0,True,PRJ-RAL-P04-V1,SYNTHETIC_RESEARCH_FIXTURE,OG-SYNTH-0.3,A-0.3,build_opus_synthetic_programme_v0_3.py@0.3,20260812,True,b2a7b33e8a8ee78f669d527c13f2b4c83e0fd0d5259e74036cc2f22d1e0d6b0e
PRJ-RAL,P04,PRJ-RAL-A02,0.918659,6.5,,1.805833,179.096849,180.902682,0.701578,False,PRJ-RAL-P04-V1,SYNTHETIC_RESEARCH_FIXTURE,OG-SYNTH-0.3,A-0.3,build_opus_synthetic_programme_v0_3.py@0.3,20260812,True,7e69fe68fb21cb03fb9f48b0727c5fad9be41a8afaa3ce683f8302340e087896
PRJ-RAL,P04,PRJ-RAL-A03,0.926337,6.5,,2.507411,179.096849,181.60426,-0.0,True,PRJ-RAL-P04-V1,SYNTHETIC_RESEARCH_FIXTURE,OG-SYNTH-0.3,A-0.3,build_opus_synthetic_programme_v0_3.py@0.3,20260812,True,bee304badeb181c8b329dc8d8f30829b83ae237d2c917c3ea5cc47a681e8de74
PRJ-RAL,P04,PRJ-RAL-A04,0.936826,37.8,,1.678557,181.60426,183.282817,-0.0,True,PRJ-RAL-P04-V1,SYNTHETIC_RESEARCH_FIXTURE,OG-SYNTH-0.3,A-0.3,build_opus_synthetic_programme_v0_3.py@0.3,20260812,True,e8578a93c22496ad3063f79a112f2c8cf86ffa6dbd81e1d1c28a22bf9e2b7ffe
PRJ-RAL,P04,PRJ-RAL-A05,1.0,61.9,91.7,0.0,183.282817,183.282817,-0.0,True,PRJ-RAL-P04-V1,SYNTHETIC_RESEARCH_FIXTURE,OG-SYNTH-0.3,A-0.3,build_opus_synthetic_programme_v0_3.py@0.3,20260812,True,be2b975111b2abdb2cdfc73b440a145962f956424983ae769edc1937915f1948
PRJ-RAL,P04,PRJ-RAL-A06,0.930709,91.7,,3.574509,183.282817,186.857326,-0.0,True,PRJ-RAL-P04-V1,SYNTHETIC_RESEARCH_FIXTURE,OG-SYNTH-0.3,A-0.3,build_opus_synthetic_programme_v0_3.py@0.3,20260812,True,8833daba3fb3f2f476b9c82b6ee5c4eb048d0bb014806cfbb95adb87b85887dd
PRJ-RAL,P04,PRJ-RAL-A07,0.952096,139.8,,1.79731,186.857326,188.654636,35.113014,False,PRJ-RAL-P04-V1,SYNTHETIC_RESEARCH_FIXTURE,OG-SYNTH-0.3,A-0.3,build_opus_synthetic_programme_v0_3.py@0.3,20260812,True,94906b0f9c5a31dd824a8033ce2b37ea3f208cc5b9df6fc20763816cfe50261c
PRJ-RAL,P04,PRJ-RAL-A08,0.929565,139.8,,3.176074,186.857326,190.0334,-0.0,True,PRJ-RAL-P04-V1,SYNTHETIC_RESEARCH_FIXTURE,OG-SYNTH-0.3,A-0.3,build_opus_synthetic_programme_v0_3.py@0.3,20260812,True,fec1e015bd534023571ccaa7752d51230b03d6d4391cc846ccb3f05d0f821d60
PRJ-RAL,P04,PRJ-RAL-A09,0.0,,,33.73425,190.0334,223.76765,-0.0,True,PRJ-RAL-P04-V1,SYNTHETIC_RESEARCH_FIXTURE,OG-SYNTH-0.3,A-0.3,build_opus_synthetic_programme_v0_3.py@0.3,20260812,True,473fb6e379c8ed16f09ad3e2941bd3f266cd380329d432ac70955494f0bf88cc
PRJ-RAL,P04,PRJ-RAL-A10,0.00645,212.6,,40.492131,223.76765,264.259781,-0.0,True,PRJ-RAL-P04-V1,SYNTHETIC_RESEARCH_FIXTURE,OG-SYNTH-0.3,A-0.3,build_opus_synthetic_programme_v0_3.py@0.3,20260812,True,d8aecd651b28a673fc93fe24482bf56f9f33f1757dab1b3b9dc23953266b2eec
PRJ-RAL,P04,PRJ-RAL-A11,0.0,,,23.7075,264.259781,287.967281,-0.0,True,PRJ-RAL-P04-V1,SYNTHETIC_RESEARCH_FIXTURE,OG-SYNTH-0.3,A-0.3,build_opus_synthetic_programme_v0_3.py@0.3,20260812,True,12230b284910728491147edf1a7e1660fe5d746858e23be692267d421cad2922
PRJ-RAL,P04,PRJ-RAL-A12,0.0,,,13.4505,287.967281,301.417781,0.0,True,PRJ-RAL-P04-V1,SYNTHETIC_RESEARCH_FIXTURE,OG-SYNTH-0.3,A-0.3,build_opus_synthetic_programme_v0_3.py@0.3,20260812,True,8e06bfc18d7b5115156fe511de01546451f54b7497781e25dd7826101c4be59b
PRJ-RAL,P05,PRJ-RAL-A01,0.95676,0.0,,0.297221,224.0,224.297221,-0.0,True,PRJ-RAL-P05-V1,SYNTHETIC_RESEARCH_FIXTURE,OG-SYNTH-0.3,A-0.3,build_opus_synthetic_programme_v0_3.py@0.3,20260812,True,97b55b0c6fbdf962ebca8bbaedac595811eaa9637dadd17dc3d4f2ea603be2e3
PRJ-RAL,P05,PRJ-RAL-A02,0.924551,6.5,,1.675035,224.297221,225.972256,0.068488,False,PRJ-RAL-P05-V1,SYNTHETIC_RESEARCH_FIXTURE,OG-SYNTH-0.3,A-0.3,build_opus_synthetic_programme_v0_3.py@0.3,20260812,True,86ec16930d8bd3c10ab0d22044bfdcb01b322f470e237aa382ced20c74de5265
PRJ-RAL,P05,PRJ-RAL-A03,0.948778,6.5,,1.743523,224.297221,226.040745,-0.0,True,PRJ-RAL-P05-V1,SYNTHETIC_RESEARCH_FIXTURE,OG-SYNTH-0.3,A-0.3,build_opus_synthetic_programme_v0_3.py@0.3,20260812,True,18df899ed45e3b0274084a25235d3d4da2ce9d373c3ac1c5efcf3a938242dbde
PRJ-RAL,P05,PRJ-RAL-A04,0.966654,37.8,,0.886009,226.040745,226.926753,-0.0,True,PRJ-RAL-P05-V1,SYNTHETIC_RESEARCH_FIXTURE,OG-SYNTH-0.3,A-0.3,build_opus_synthetic_programme_v0_3.py@0.3,20260812,True,4542c589229f9b6800d7cdc0fa91118476e93891b445806665e9d928ecdb9109
PRJ-RAL,P05,PRJ-RAL-A05,0.940905,61.9,,1.862296,226.926753,228.789049,-0.0,True,PRJ-RAL-P05-V1,SYNTHETIC_RESEARCH_FIXTURE,OG-SYNTH-0.3,A-0.3,build_opus_synthetic_programme_v0_3.py@0.3,20260812,True,7ac1444837b127522f9815852b07dc14a7e8c391f38ca5fc71c7006604724beb
PRJ-RAL,P05,PRJ-RAL-A06,0.927578,91.7,,3.73606,228.789049,232.525109,-0.0,True,PRJ-RAL-P05-V1,SYNTHETIC_RESEARCH_FIXTURE,OG-SYNTH-0.3,A-0.3,build_opus_synthetic_programme_v0_3.py@0.3,20260812,True,6ac7b0f2d43ad30074e813a29882b2c986525b51cb4c665d8790f7d79eb2d1ac
PRJ-RAL,P05,PRJ-RAL-A07,0.968644,139.8,,1.176437,232.525109,233.701546,1.541907,False,PRJ-RAL-P05-V1,SYNTHETIC_RESEARCH_FIXTURE,OG-SYNTH-0.3,A-0.3,build_opus_synthetic_programme_v0_3.py@0.3,20260812,True,7c862ac796d18e7e1fb42839f430f61463afe58288b7fb55f5ac51357cebb83c
PRJ-RAL,P05,PRJ-RAL-A08,0.989147,139.8,,0.489375,232.525109,233.014484,-0.0,True,PRJ-RAL-P05-V1,SYNTHETIC_RESEARCH_FIXTURE,OG-SYNTH-0.3,A-0.3,build_opus_synthetic_programme_v0_3.py@0.3,20260812,True,7696ea00dfa061eb58860e9c7fb02ddd7297c32a03fcbeca30571219ab2b8dc4
PRJ-RAL,P05,PRJ-RAL-A09,0.933926,180.7,,2.228969,233.014484,235.243453,-0.0,True,PRJ-RAL-P05-V1,SYNTHETIC_RESEARCH_FIXTURE,OG-SYNTH-0.3,A-0.3,build_opus_synthetic_programme_v0_3.py@0.3,20260812,True,93b8d3e54db43af574608073f86c5e5fdee56ed44777fc92fa6c577dace7c821
PRJ-RAL,P05,PRJ-RAL-A10,0.273226,212.6,,29.619658,235.243453,264.863111,-0.0,True,PRJ-RAL-P05-V1,SYNTHETIC_RESEARCH_FIXTURE,OG-SYNTH-0.3,A-0.3,build_opus_synthetic_programme_v0_3.py@0.3,20260812,True,ab37e700c5ec5c40a1a21be39f65a6d42bc78fff3d858947dcf1899d780e48b3
PRJ-RAL,P05,PRJ-RAL-A11,0.0,,,23.7075,264.863111,288.570611,-0.0,True,PRJ-RAL-P05-V1,SYNTHETIC_RESEARCH_FIXTURE,OG-SYNTH-0.3,A-0.3,build_opus_synthetic_programme_v0_3.py@0.3,20260812,True,fb4df4351f1bf145279e8ff5ea3fdf26e71d423d5a10836d5f5bca6d4d8598cc
PRJ-RAL,P05,PRJ-RAL-A12,0.0,,,13.4505,288.570611,302.021111,0.0,True,PRJ-RAL-P05-V1,SYNTHETIC_RESEARCH_FIXTURE,OG-SYNTH-0.3,A-0.3,build_opus_synthetic_programme_v0_3.py@0.3,20260812,True,147bfadc93f21051884d8f162a35a0538489b7ff0cce25714b870cabda9f3586
PRJ-RAL,P06,PRJ-RAL-A01,0.902282,0.0,,0.671692,269.0,269.671692,-0.0,True,PRJ-RAL-P06-V1,SYNTHETIC_RESEARCH_FIXTURE,OG-SYNTH-0.3,A-0.3,build_opus_synthetic_programme_v0_3.py@0.3,20260812,True,94446072d722a5accafa9a786cd0b3c8cf036e6be362cb1a3e7f22d9ac553d80
PRJ-RAL,P06,PRJ-RAL-A02,0.932674,6.5,,1.494686,269.671692,271.166378,1.095436,False,PRJ-RAL-P06-V1,SYNTHETIC_RESEARCH_FIXTURE,OG-SYNTH-0.3,A-0.3,build_opus_synthetic_programme_v0_3.py@0.3,20260812,True,136346751b31b20a68261ea7ea3b94f271191f828f3bac0c345308da26a48a3b
PRJ-RAL,P06,PRJ-RAL-A03,0.923907,6.5,,2.590122,269.671692,272.261814,-0.0,True,PRJ-RAL-P06-V1,SYNTHETIC_RESEARCH_FIXTURE,OG-SYNTH-0.3,A-0.3,build_opus_synthetic_programme_v0_3.py@0.3,20260812,True,0f57cb7851169dce7cec009b8c6a8cf4fd842fd900ca41f4dc6968db9247cbe2
PRJ-RAL,P06,PRJ-RAL-A04,0.95224,37.8,,1.268999,272.261814,273.530813,-0.0,True,PRJ-RAL-P06-V1,SYNTHETIC_RESEARCH_FIXTURE,OG-SYNTH-0.3,A-0.3,build_opus_synthetic_programme_v0_3.py@0.3,20260812,True,3c24d00fd2bf975838cf51b9041761ed50bb7bddad6c1509b23cd74df275f8fb
PRJ-RAL,P06,PRJ-RAL-A05,0.941696,61.9,,1.837371,273.530813,275.368185,-0.0,True,PRJ-RAL-P06-V1,SYNTHETIC_RESEARCH_FIXTURE,OG-SYNTH-0.3,A-0.3,build_opus_synthetic_programme_v0_3.py@0.3,20260812,True,a8f53d707203facd1e4ba3d732b9dcd26a8f94100dd68a17a2dbdcaf10e7d00b
PRJ-RAL,P06,PRJ-RAL-A06,0.91395,91.7,,4.439107,275.368185,279.807291,-0.0,True,PRJ-RAL-P06-V1,SYNTHETIC_RESEARCH_FIXTURE,OG-SYNTH-0.3,A-0.3,build_opus_synthetic_programme_v0_3.py@0.3,20260812,True,d2ecd538f355e1733ad78d3b604ddc1e2270542fa58d62e72aa47786ae25fd62
PRJ-RAL,P06,PRJ-RAL-A07,0.899341,139.8,,3.776586,279.807291,283.583877,3.419922,False,PRJ-RAL-P06-V1,SYNTHETIC_RESEARCH_FIXTURE,OG-SYNTH-0.3,A-0.3,build_opus_synthetic_programme_v0_3.py@0.3,20260812,True,a28fc8efe16d565f93be9bd0335dd0befbdb9b1ac2edddd6d3ea33c9f59a1603
PRJ-RAL,P06,PRJ-RAL-A08,0.909769,139.8,,4.068728,279.807291,283.876019,-0.0,True,PRJ-RAL-P06-V1,SYNTHETIC_RESEARCH_FIXTURE,OG-SYNTH-0.3,A-0.3,build_opus_synthetic_programme_v0_3.py@0.3,20260812,True,3ab3a4547a2038ef1a81eabba9547a07c42d5af52a1918da4018c74882937caa
PRJ-RAL,P06,PRJ-RAL-A09,0.907282,180.7,,3.12778,283.876019,287.003799,-0.0,True,PRJ-RAL-P06-V1,SYNTHETIC_RESEARCH_FIXTURE,OG-SYNTH-0.3,A-0.3,build_opus_synthetic_programme_v0_3.py@0.3,20260812,True,3044895dc95a1ff863123aa3c070fa0e994ef461ac568da451491afa767d11c7
PRJ-RAL,P06,PRJ-RAL-A10,0.912363,212.6,,3.571638,287.003799,290.575437,-0.0,True,PRJ-RAL-P06-V1,SYNTHETIC_RESEARCH_FIXTURE,OG-SYNTH-0.3,A-0.3,build_opus_synthetic_programme_v0_3.py@0.3,20260812,True,49b32c5b235e4c0b4ab171707f87930f1791b5affebe248f93e7327fc53ad861
PRJ-RAL,P06,PRJ-RAL-A11,0.81113,250.6,,4.477627,290.575437,295.053064,-0.0,True,PRJ-RAL-P06-V1,SYNTHETIC_RESEARCH_FIXTURE,OG-SYNTH-0.3,A-0.3,build_opus_synthetic_programme_v0_3.py@0.3,20260812,True,aad73d0ce461f39f8271964fb6ed8e78adfa172c9eea8edfcda57804e4585d5a
PRJ-RAL,P06,PRJ-RAL-A12,0.010694,272.40000000000003,,13.30666,295.053064,308.359724,-0.0,True,PRJ-RAL-P06-V1,SYNTHETIC_RESEARCH_FIXTURE,OG-SYNTH-0.3,A-0.3,build_opus_synthetic_programme_v0_3.py@0.3,20260812,True,e3a587e569853a13dd29d717d527a35795c5563d36b73e7f2e2f445d11c8f6fb
PRJ-DCT,P01,PRJ-DCT-A01,1.0,0.0,4.9,0.0,38.0,38.0,0.0,True,PRJ-DCT-P01-V1,SYNTHETIC_RESEARCH_FIXTURE,OG-SYNTH-0.3,A-0.3,build_opus_synthetic_programme_v0_3.py@0.3,20260812,True,a53f4071816a46ddc43118f20211c4f0f151e41059f664bff249ddf6447251ff
PRJ-DCT,P01,PRJ-DCT-A02,0.979855,4.9,,0.347357,38.0,38.347357,0.0,True,PRJ-DCT-P01-V1,SYNTHETIC_RESEARCH_FIXTURE,OG-SYNTH-0.3,A-0.3,build_opus_synthetic_programme_v0_3.py@0.3,20260812,True,de44576fc1a36c6cfeb9b92edeb4eab1091fa4638cfb6b23fe8e1bd83fccd0dd
PRJ-DCT,P01,PRJ-DCT-A03,0.996135,4.9,,0.120325,38.0,38.120325,0.227032,False,PRJ-DCT-P01-V1,SYNTHETIC_RESEARCH_FIXTURE,OG-SYNTH-0.3,A-0.3,build_opus_synthetic_programme_v0_3.py@0.3,20260812,True,ee162c166aac9bf605e2e17a5fb490702651c2578278cc212a3af83903226b6b
PRJ-DCT,P01,PRJ-DCT-A04,0.162655,35.5,,15.389146,38.347357,53.736504,0.0,True,PRJ-DCT-P01-V1,SYNTHETIC_RESEARCH_FIXTURE,OG-SYNTH-0.3,A-0.3,build_opus_synthetic_programme_v0_3.py@0.3,20260812,True,4016f81ca38ac30ca884f89057c2f3c50935ed282d6f121513d160616f82355f
PRJ-DCT,P01,PRJ-DCT-A05,0.031855,53.3,,21.510962,53.736504,75.247466,0.0,True,PRJ-DCT-P01-V1,SYNTHETIC_RESEARCH_FIXTURE,OG-SYNTH-0.3,A-0.3,build_opus_synthetic_programme_v0_3.py@0.3,20260812,True,0f179e3aa15c3360d3cf10d1f3fe652933dec726378fa099e726700695f2a408
PRJ-DCT,P01,PRJ-DCT-A06,0.006689,75.8,,37.14312,75.247466,112.390586,0.0,True,PRJ-DCT-P01-V1,SYNTHETIC_RESEARCH_FIXTURE,OG-SYNTH-0.3,A-0.3,build_opus_synthetic_programme_v0_3.py@0.3,20260812,True,919cf9619c859270328e822203ca532d3d341c97a9d48521e610c44fdd2a0d51
PRJ-DCT,P01,PRJ-DCT-A07,0.0,,,27.37075,112.390586,139.761336,35.293074,False,PRJ-DCT-P01-V1,SYNTHETIC_RESEARCH_FIXTURE,OG-SYNTH-0.3,A-0.3,build_opus_synthetic_programme_v0_3.py@0.3,20260812,True,bf25479c3ee1994d6729c5c20621223883b8ad8e41d85f55b4dd05c2193b3fc6
PRJ-DCT,P01,PRJ-DCT-A08,0.047501,113.1,,34.322574,112.390586,146.71316,0.0,True,PRJ-DCT-P01-V1,SYNTHETIC_RESEARCH_FIXTURE,OG-SYNTH-0.3,A-0.3,build_opus_synthetic_programme_v0_3.py@0.3,20260812,True,4e63d53fc42ebb25c83e0c84623a6cdebb79bc6824823eea37a86246b34e5b31
PRJ-DCT,P01,PRJ-DCT-A09,0.0,,,28.34125,146.71316,175.05441,0.0,True,PRJ-DCT-P01-V1,SYNTHETIC_RESEARCH_FIXTURE,OG-SYNTH-0.3,A-0.3,build_opus_synthetic_programme_v0_3.py@0.3,20260812,True,9751efc4aa09ad1efd23a12de1c40a54c024070f664b89a82eb97377e1f90273
PRJ-DCT,P01,PRJ-DCT-A10,0.0,,,33.8845,175.05441,208.93891,0.0,True,PRJ-DCT-P01-V1,SYNTHETIC_RESEARCH_FIXTURE,OG-SYNTH-0.3,A-0.3,build_opus_synthetic_programme_v0_3.py@0.3,20260812,True,036b6f780eb6f6542ed2f37738d08168ab5c320b70dfdbf0f589858eb8a88f44
PRJ-DCT,P01,PRJ-DCT-A11,0.021254,210.5,,18.523258,208.93891,227.462168,0.0,True,PRJ-DCT-P01-V1,SYNTHETIC_RESEARCH_FIXTURE,OG-SYNTH-0.3,A-0.3,build_opus_synthetic_programme_v0_3.py@0.3,20260812,True,055309cfd3d190a1192e117be8e855c12992e275d2711c6d3119eb38462ae58d
PRJ-DCT,P01,PRJ-DCT-A12,0.009699,229.1,,13.905809,227.462168,241.367978,0.0,True,PRJ-DCT-P01-V1,SYNTHETIC_RESEARCH_FIXTURE,OG-SYNTH-0.3,A-0.3,build_opus_synthetic_programme_v0_3.py@0.3,20260812,True,a93f537c36e7f748208b3e9dd454e05899cf8324149efa3b5a855d47fa672586
PRJ-DCT,P02,PRJ-DCT-A01,1.0,0.0,4.9,0.0,76.0,76.0,-0.0,True,PRJ-DCT-P02-V1,SYNTHETIC_RESEARCH_FIXTURE,OG-SYNTH-0.3,A-0.3,build_opus_synthetic_programme_v0_3.py@0.3,20260812,True,761e901f7a5be9b513b6dc8963291646a6e09dbf162bb57d9d18df7bb4d2cd9a
PRJ-DCT,P02,PRJ-DCT-A02,1.0,4.9,22.1,0.0,76.0,76.0,0.649778,False,PRJ-DCT-P02-V1,SYNTHETIC_RESEARCH_FIXTURE,OG-SYNTH-0.3,A-0.3,build_opus_synthetic_programme_v0_3.py@0.3,20260812,True,d1915e3dce8a5e7797f69e9535a4c3a999fc7c51c43b4c7df414dc802c141fbf
PRJ-DCT,P02,PRJ-DCT-A03,0.979131,4.9,,0.649778,76.0,76.649778,-0.0,True,PRJ-DCT-P02-V1,SYNTHETIC_RESEARCH_FIXTURE,OG-SYNTH-0.3,A-0.3,build_opus_synthetic_programme_v0_3.py@0.3,20260812,True,f4450e427cb27619ef2decbd4d00315539331889351de2ac1c0c12c284a694a9
PRJ-DCT,P02,PRJ-DCT-A04,0.99807,35.5,,0.035469,76.649778,76.685247,-0.0,True,PRJ-DCT-P02-V1,SYNTHETIC_RESEARCH_FIXTURE,OG-SYNTH-0.3,A-0.3,build_opus_synthetic_programme_v0_3.py@0.3,20260812,True,244c343e6624ad317e7ab9d113503b8ef01d525003f5bbfc0a573bf9344f9da1
PRJ-DCT,P02,PRJ-DCT-A05,0.971119,53.3,,0.641703,76.685247,77.326949,-0.0,True,PRJ-DCT-P02-V1,SYNTHETIC_RESEARCH_FIXTURE,OG-SYNTH-0.3,A-0.3,build_opus_synthetic_programme_v0_3.py@0.3,20260812,True,c55ced7266a47085368a0cb9ae0ad212ad14a99fd70a05812ffc679fc1033285
PRJ-DCT,P02,PRJ-DCT-A06,0.0,,,37.39325,77.326949,114.720199,-0.0,True,PRJ-DCT-P02-V1,SYNTHETIC_RESEARCH_FIXTURE,OG-SYNTH-0.3,A-0.3,build_opus_synthetic_programme_v0_3.py@0.3,20260812,True,743118b77e70c0bd0ae56d02212acc61d171bbc4b1b832425a86f660477db419
PRJ-DCT,P02,PRJ-DCT-A07,0.0,,,27.37075,114.720199,142.090949,36.312132,False,PRJ-DCT-P02-V1,SYNTHETIC_RESEARCH_FIXTURE,OG-SYNTH-0.3,A-0.3,build_opus_synthetic_programme_v0_3.py@0.3,20260812,True,e2a4f08c9de37a80d7712f692a49001c77faccbff54386dfaa747b00d1df2e4b
PRJ-DCT,P02,PRJ-DCT-A08,0.0,,,36.03425,114.720199,150.754449,-0.0,True,PRJ-DCT-P02-V1,SYNTHETIC_RESEARCH_FIXTURE,OG-SYNTH-0.3,A-0.3,build_opus_synthetic_programme_v0_3.py@0.3,20260812,True,9080cbdc7ea1ee5572ad002b80aa5f5f18767793026ce84954755c5808b48f5d
PRJ-DCT,P02,PRJ-DCT-A09,0.024438,148.0,,27.648632,150.754449,178.403081,0.0,True,PRJ-DCT-P02-V1,SYNTHETIC_RESEARCH_FIXTURE,OG-SYNTH-0.3,A-0.3,build_opus_synthetic_programme_v0_3.py@0.3,20260812,True,82fea11c6bde7eda23055836a03881fbdb9ed3e1881bb16a45948ae92ae12c8e
PRJ-DCT,P02,PRJ-DCT-A10,0.000644,176.7,,33.862665,178.403081,212.265746,0.0,True,PRJ-DCT-P02-V1,SYNTHETIC_RESEARCH_FIXTURE,OG-SYNTH-0.3,A-0.3,build_opus_synthetic_programme_v0_3.py@0.3,20260812,True,24ff3988819be49e34824314c55601863a3e95d09e81e0af6c5190e5149c31e4
PRJ-DCT,P02,PRJ-DCT-A11,0.035085,210.5,,18.261507,212.265746,230.527253,0.0,True,PRJ-DCT-P02-V1,SYNTHETIC_RESEARCH_FIXTURE,OG-SYNTH-0.3,A-0.3,build_opus_synthetic_programme_v0_3.py@0.3,20260812,True,8d0716ddf69a1fd262ed5a187f3f191c0906cc3c1e68b212f117bbb99e8a5ef4
PRJ-DCT,P02,PRJ-DCT-A12,0.012095,229.1,,13.872168,230.527253,244.399421,0.0,True,PRJ-DCT-P02-V1,SYNTHETIC_RESEARCH_FIXTURE,OG-SYNTH-0.3,A-0.3,build_opus_synthetic_programme_v0_3.py@0.3,20260812,True,b37740afdd66af0ab19a1d7c8b7aeb434fae3e65f7f42d8e066afb89472219e2
PRJ-DCT,P03,PRJ-DCT-A01,1.0,0.0,4.9,0.0,114.0,114.0,-0.0,True,PRJ-DCT-P03-V1,SYNTHETIC_RESEARCH_FIXTURE,OG-SYNTH-0.3,A-0.3,build_opus_synthetic_programme_v0_3.py@0.3,20260812,True,0c3d8a4dfac9e2b9671615019f633cf4b63f3a74833f472fc9c49abe632a8c19
PRJ-DCT,P03,PRJ-DCT-A02,0.996604,4.9,,0.058564,114.0,114.058564,0.408287,False,PRJ-DCT-P03-V1,SYNTHETIC_RESEARCH_FIXTURE,OG-SYNTH-0.3,A-0.3,build_opus_synthetic_programme_v0_3.py@0.3,20260812,True,2f232277f33a167b0fbb0a83a3e89eebc0fee86527b0a0c680f71114a9e7319e
PRJ-DCT,P03,PRJ-DCT-A03,0.985006,4.9,,0.46685,114.0,114.46685,-0.0,True,PRJ-DCT-P03-V1,SYNTHETIC_RESEARCH_FIXTURE,OG-SYNTH-0.3,A-0.3,build_opus_synthetic_programme_v0_3.py@0.3,20260812,True,cf6764b46f9e44b0490e030a1af3a45ad7d9af50d5e1497c2c3593a7b83ccec2
PRJ-DCT,P03,PRJ-DCT-A04,1.0,35.5,53.3,0.0,114.46685,114.46685,-0.0,True,PRJ-DCT-P03-V1,SYNTHETIC_RESEARCH_FIXTURE,OG-SYNTH-0.3,A-0.3,build_opus_synthetic_programme_v0_3.py@0.3,20260812,True,1d3c427c5b2179e6333495ecde0d0066b235ca0d617759ae321629e4b2bbaeaf
PRJ-DCT,P03,PRJ-DCT-A05,0.99361,53.3,,0.141976,114.46685,114.608827,-0.0,True,PRJ-DCT-P03-V1,SYNTHETIC_RESEARCH_FIXTURE,OG-SYNTH-0.3,A-0.3,build_opus_synthetic_programme_v0_3.py@0.3,20260812,True,3950866986ff57bd6b82cdcd6192f8beae5a8ea81170a6828f160e58e531ff92
PRJ-DCT,P03,PRJ-DCT-A06,0.991312,75.8,,0.324878,114.608827,114.933704,-0.0,True,PRJ-DCT-P03-V1,SYNTHETIC_RESEARCH_FIXTURE,OG-SYNTH-0.3,A-0.3,build_opus_synthetic_programme_v0_3.py@0.3,20260812,True,32dcbc9db1808ee75e9862a48f457c0f16eff84bf938437e66c58fb9e7af361c
PRJ-DCT,P03,PRJ-DCT-A07,0.042425,113.1,,26.209551,114.933704,141.143255,38.165949,False,PRJ-DCT-P03-V1,SYNTHETIC_RESEARCH_FIXTURE,OG-SYNTH-0.3,A-0.3,build_opus_synthetic_programme_v0_3.py@0.3,20260812,True,1805aa8fffec1b4b4562cfb50abf8016cd797a5d2f0bab15818fe6b1e79b4d71
PRJ-DCT,P03,PRJ-DCT-A08,0.0,,,36.03425,114.933704,150.967954,-0.0,True,PRJ-DCT-P03-V1,SYNTHETIC_RESEARCH_FIXTURE,OG-SYNTH-0.3,A-0.3,build_opus_synthetic_programme_v0_3.py@0.3,20260812,True,a932bdadc9a2c988c4e8ff40b7b29041bf2374650b938f7a1e3b84706fbfb6d8
PRJ-DCT,P03,PRJ-DCT-A09,0.0,,,28.34125,150.967954,179.309204,-0.0,True,PRJ-DCT-P03-V1,SYNTHETIC_RESEARCH_FIXTURE,OG-SYNTH-0.3,A-0.3,build_opus_synthetic_programme_v0_3.py@0.3,20260812,True,6480edf17e4ee458cfb5abbcda644cf058c5ae0ce185cc04f44d731268dc9429
PRJ-DCT,P03,PRJ-DCT-A10,0.010838,176.7,,33.517263,179.309204,212.826467,-0.0,True,PRJ-DCT-P03-V1,SYNTHETIC_RESEARCH_FIXTURE,OG-SYNTH-0.3,A-0.3,build_opus_synthetic_programme_v0_3.py@0.3,20260812,True,72f2792ebbf27a809bf9cd50c6c0b8cdf45dc5cab63bf1f4d82eab546955ca80
PRJ-DCT,P03,PRJ-DCT-A11,0.032224,210.5,,18.315639,212.826467,231.142106,-0.0,True,PRJ-DCT-P03-V1,SYNTHETIC_RESEARCH_FIXTURE,OG-SYNTH-0.3,A-0.3,build_opus_synthetic_programme_v0_3.py@0.3,20260812,True,867f3f21a98a65c146bae6b7c03b879ffdc3da4a88d338c0b58140511d3b4827
PRJ-DCT,P03,PRJ-DCT-A12,0.043372,229.1,,13.432963,231.142106,244.575069,-0.0,True,PRJ-DCT-P03-V1,SYNTHETIC_RESEARCH_FIXTURE,OG-SYNTH-0.3,A-0.3,build_opus_synthetic_programme_v0_3.py@0.3,20260812,True,f86615575268532b323ed06b7209f0c07b9119bc425fc846d7c2c6c10157dfe9
PRJ-DCT,P04,PRJ-DCT-A01,0.977557,0.0,,0.108597,153.0,153.108597,-0.0,True,PRJ-DCT-P04-V1,SYNTHETIC_RESEARCH_FIXTURE,OG-SYNTH-0.3,A-0.3,build_opus_synthetic_programme_v0_3.py@0.3,20260812,True,4b5d0c467182e90b4b7a9601e2a2d252461f2b4bedd55449069cd580e401dc14
PRJ-DCT,P04,PRJ-DCT-A02,0.993762,4.9,,0.107568,153.108597,153.216165,0.813942,False,PRJ-DCT-P04-V1,SYNTHETIC_RESEARCH_FIXTURE,OG-SYNTH-0.3,A-0.3,build_opus_synthetic_programme_v0_3.py@0.3,20260812,True,9f5046a42fa987875d044aac3670f6a2aa583a40e1e7fc74363d2339399b212d
PRJ-DCT,P04,PRJ-DCT-A03,0.970403,4.9,,0.92151,153.108597,154.030107,-0.0,True,PRJ-DCT-P04-V1,SYNTHETIC_RESEARCH_FIXTURE,OG-SYNTH-0.3,A-0.3,build_opus_synthetic_programme_v0_3.py@0.3,20260812,True,3cdbef57e3e611e27c75bbc3c2ecb7ee61359c7f5945d737481629b9d09f90aa
PRJ-DCT,P04,PRJ-DCT-A04,0.956419,35.5,,0.800953,154.030107,154.83106,-0.0,True,PRJ-DCT-P04-V1,SYNTHETIC_RESEARCH_FIXTURE,OG-SYNTH-0.3,A-0.3,build_opus_synthetic_programme_v0_3.py@0.3,20260812,True,705c4b64326c963c6e7e8a42ca433ee2bfde96412e84f0c772c9faed79ca0b79
PRJ-DCT,P04,PRJ-DCT-A05,1.0,53.3,75.8,0.0,154.83106,154.83106,-0.0,True,PRJ-DCT-P04-V1,SYNTHETIC_RESEARCH_FIXTURE,OG-SYNTH-0.3,A-0.3,build_opus_synthetic_programme_v0_3.py@0.3,20260812,True,b22d783c9c44c61d27880c338927c1621c62f049a186684b0a042c873e23fe31
PRJ-DCT,P04,PRJ-DCT-A06,0.981719,75.8,,0.683576,154.83106,155.514636,-0.0,True,PRJ-DCT-P04-V1,SYNTHETIC_RESEARCH_FIXTURE,OG-SYNTH-0.3,A-0.3,build_opus_synthetic_programme_v0_3.py@0.3,20260812,True,41185286fed9ff4429459a8fcf4164bd100eab837992503cf663bfef0f05353a
PRJ-DCT,P04,PRJ-DCT-A07,0.978282,113.1,,0.594439,155.514636,156.109075,25.409257,False,PRJ-DCT-P04-V1,SYNTHETIC_RESEARCH_FIXTURE,OG-SYNTH-0.3,A-0.3,build_opus_synthetic_programme_v0_3.py@0.3,20260812,True,2c7eb6ffdc6cf145421c1bb80da811e9655afedb42832649900ca97f0c0a5cdc
PRJ-DCT,P04,PRJ-DCT-A08,0.94542,113.1,,1.966735,155.514636,157.481371,-0.0,True,PRJ-DCT-P04-V1,SYNTHETIC_RESEARCH_FIXTURE,OG-SYNTH-0.3,A-0.3,build_opus_synthetic_programme_v0_3.py@0.3,20260812,True,93297003279f612259cb5df0aa929ab1fa2beb3475156cee6b1cf019d92a4878
PRJ-DCT,P04,PRJ-DCT-A09,0.151874,148.0,,24.036961,157.481371,181.518332,-0.0,True,PRJ-DCT-P04-V1,SYNTHETIC_RESEARCH_FIXTURE,OG-SYNTH-0.3,A-0.3,build_opus_synthetic_programme_v0_3.py@0.3,20260812,True,31925dbc3d17881a3dbaacd45cae00a336e7ed3176bae5d97a9acadc91df6890
PRJ-DCT,P04,PRJ-DCT-A10,0.0,,,33.8845,181.518332,215.402832,-0.0,True,PRJ-DCT-P04-V1,SYNTHETIC_RESEARCH_FIXTURE,OG-SYNTH-0.3,A-0.3,build_opus_synthetic_programme_v0_3.py@0.3,20260812,True,fe09994f0709f9afa459a20dd6f6fd4c4d513fcee61f2421d99070abdd27bc7f
PRJ-DCT,P04,PRJ-DCT-A11,0.051019,210.5,,17.959947,215.402832,233.362779,-0.0,True,PRJ-DCT-P04-V1,SYNTHETIC_RESEARCH_FIXTURE,OG-SYNTH-0.3,A-0.3,build_opus_synthetic_programme_v0_3.py@0.3,20260812,True,d4d2946ff8d2051bbcb79fdce2057deb85f696395f40dc5aa591dfe5981f9089
PRJ-DCT,P04,PRJ-DCT-A12,0.008069,229.1,,13.928702,233.362779,247.291481,0.0,True,PRJ-DCT-P04-V1,SYNTHETIC_RESEARCH_FIXTURE,OG-SYNTH-0.3,A-0.3,build_opus_synthetic_programme_v0_3.py@0.3,20260812,True,7e295a0d257025cd2552d6d5484ac7db10b0d7eee70260821f79da42fcf55142
PRJ-DCT,P05,PRJ-DCT-A01,0.991407,0.0,,0.041579,191.0,191.041579,0.0,True,PRJ-DCT-P05-V1,SYNTHETIC_RESEARCH_FIXTURE,OG-SYNTH-0.3,A-0.3,build_opus_synthetic_programme_v0_3.py@0.3,20260812,True,08c5f3eb71545c025043d4875a9ad977c4cb282ed11d35432c5c7368d0a8729a
PRJ-DCT,P05,PRJ-DCT-A02,1.0,4.9,22.1,0.0,191.041579,191.041579,0.236222,False,PRJ-DCT-P05-V1,SYNTHETIC_RESEARCH_FIXTURE,OG-SYNTH-0.3,A-0.3,build_opus_synthetic_programme_v0_3.py@0.3,20260812,True,b3fa365547efa9e013b6b4ca4365aba7229158036857b43a697853853bd7c7d0
PRJ-DCT,P05,PRJ-DCT-A03,0.992413,4.9,,0.236222,191.041579,191.277801,0.0,True,PRJ-DCT-P05-V1,SYNTHETIC_RESEARCH_FIXTURE,OG-SYNTH-0.3,A-0.3,build_opus_synthetic_programme_v0_3.py@0.3,20260812,True,c70ba2c8381a69c58c6cc886462a75478ac585ad91875a51fb093bfdf0762ab4
PRJ-DCT,P05,PRJ-DCT-A04,0.970847,35.5,,0.535788,191.277801,191.81359,0.0,True,PRJ-DCT-P05-V1,SYNTHETIC_RESEARCH_FIXTURE,OG-SYNTH-0.3,A-0.3,build_opus_synthetic_programme_v0_3.py@0.3,20260812,True,abb2f18edb71af29f45c25c13c3794e34e3fe17437677d86592c39767cca83ac
PRJ-DCT,P05,PRJ-DCT-A05,0.98344,53.3,,0.367939,191.81359,192.181529,0.0,True,PRJ-DCT-P05-V1,SYNTHETIC_RESEARCH_FIXTURE,OG-SYNTH-0.3,A-0.3,build_opus_synthetic_programme_v0_3.py@0.3,20260812,True,e0e91d86cb615e078e8fdadf8db993ec730b33f82b866f59106ac384d6798368
PRJ-DCT,P05,PRJ-DCT-A06,1.0,75.8,113.1,0.0,192.181529,192.181529,0.0,True,PRJ-DCT-P05-V1,SYNTHETIC_RESEARCH_FIXTURE,OG-SYNTH-0.3,A-0.3,build_opus_synthetic_programme_v0_3.py@0.3,20260812,True,48eb6cf4824f6768cf1a34299f7366c10a616753a6a4de3f0829fa5f70c36f25
PRJ-DCT,P05,PRJ-DCT-A07,0.946893,113.1,,1.453567,192.181529,193.635096,0.0,True,PRJ-DCT-P05-V1,SYNTHETIC_RESEARCH_FIXTURE,OG-SYNTH-0.3,A-0.3,build_opus_synthetic_programme_v0_3.py@0.3,20260812,True,3346aaab2b6ea111c57b8c490612183bb7dce313fd631f22310ad174bfee6e23
PRJ-DCT,P05,PRJ-DCT-A08,0.986244,113.1,,0.495692,192.181529,192.677221,0.447004,False,PRJ-DCT-P05-V1,SYNTHETIC_RESEARCH_FIXTURE,OG-SYNTH-0.3,A-0.3,build_opus_synthetic_programme_v0_3.py@0.3,20260812,True,0319ff58e38c15249c08ea35a9afec46881276e7e234f49a698e277995c2e0db
PRJ-DCT,P05,PRJ-DCT-A09,0.981974,148.0,,0.510871,192.677221,193.188092,0.447004,False,PRJ-DCT-P05-V1,SYNTHETIC_RESEARCH_FIXTURE,OG-SYNTH-0.3,A-0.3,build_opus_synthetic_programme_v0_3.py@0.3,20260812,True,38bb3ac66e9c1a289005450ad05b909afa5f6de7c4fa5e65b8c9aa44098cd575
PRJ-DCT,P05,PRJ-DCT-A10,0.388379,176.7,,20.724479,193.635096,214.359574,0.0,True,PRJ-DCT-P05-V1,SYNTHETIC_RESEARCH_FIXTURE,OG-SYNTH-0.3,A-0.3,build_opus_synthetic_programme_v0_3.py@0.3,20260812,True,e9396fe563223d9c935f4c21da4d03beee5ef8d7f2bcc47a3ce0886166feab0e
PRJ-DCT,P05,PRJ-DCT-A11,0.0,,,18.9255,214.359574,233.285074,0.0,True,PRJ-DCT-P05-V1,SYNTHETIC_RESEARCH_FIXTURE,OG-SYNTH-0.3,A-0.3,build_opus_synthetic_programme_v0_3.py@0.3,20260812,True,2732826dfdfcbef1eecd57ab13071a6d584658788a642b076fcd7b2f0f73145b
PRJ-DCT,P05,PRJ-DCT-A12,0.002228,229.1,,14.010711,233.285074,247.295785,0.0,True,PRJ-DCT-P05-V1,SYNTHETIC_RESEARCH_FIXTURE,OG-SYNTH-0.3,A-0.3,build_opus_synthetic_programme_v0_3.py@0.3,20260812,True,093a519399043a6b9224bfb58b98845a8ebb2b787c9c746bf2fc7e1cfdc026c4
PRJ-DCT,P06,PRJ-DCT-A01,0.98876,0.0,,0.054386,229.0,229.054386,0.0,True,PRJ-DCT-P06-V1,SYNTHETIC_RESEARCH_FIXTURE,OG-SYNTH-0.3,A-0.3,build_opus_synthetic_programme_v0_3.py@0.3,20260812,True,3278328bd300e2328adddff2b144ee4870d3c4b7d53235b1d52b14bc7820e80a
PRJ-DCT,P06,PRJ-DCT-A02,0.989169,4.9,,0.186765,229.054386,229.241151,0.0,True,PRJ-DCT-P06-V1,SYNTHETIC_RESEARCH_FIXTURE,OG-SYNTH-0.3,A-0.3,build_opus_synthetic_programme_v0_3.py@0.3,20260812,True,eef7c20e42891674c1875e60ce6bc7040b9c7a8759dda1c90db1cf1be04cee8b
PRJ-DCT,P06,PRJ-DCT-A03,1.0,4.9,35.5,0.0,229.054386,229.054386,0.186765,False,PRJ-DCT-P06-V1,SYNTHETIC_RESEARCH_FIXTURE,OG-SYNTH-0.3,A-0.3,build_opus_synthetic_programme_v0_3.py@0.3,20260812,True,23af8b533fea8fda4544f988c3c554cdf42b1fb53e2a797846d32b8593c99bf0
PRJ-DCT,P06,PRJ-DCT-A04,0.960142,35.5,,0.732522,229.241151,229.973673,0.0,True,PRJ-DCT-P06-V1,SYNTHETIC_RESEARCH_FIXTURE,OG-SYNTH-0.3,A-0.3,build_opus_synthetic_programme_v0_3.py@0.3,20260812,True,b9e2649864cc8c5ed51322014b17d165d774cfe2e0a33ed8360ba072f9e988b1
PRJ-DCT,P06,PRJ-DCT-A05,0.990513,53.3,,0.210781,229.973673,230.184454,0.0,True,PRJ-DCT-P06-V1,SYNTHETIC_RESEARCH_FIXTURE,OG-SYNTH-0.3,A-0.3,build_opus_synthetic_programme_v0_3.py@0.3,20260812,True,7904161be16798ca4b0b24df22cac2d407c11129725d1a2acc3b7e5ce323a209
PRJ-DCT,P06,PRJ-DCT-A06,1.0,75.8,113.1,0.0,230.184454,230.184454,0.0,True,PRJ-DCT-P06-V1,SYNTHETIC_RESEARCH_FIXTURE,OG-SYNTH-0.3,A-0.3,build_opus_synthetic_programme_v0_3.py@0.3,20260812,True,a5c2257c11f99b7980677867dc15f72ec969351f576c104b6805d15052404279
PRJ-DCT,P06,PRJ-DCT-A07,0.974275,113.1,,0.704107,230.184454,230.888561,0.0,True,PRJ-DCT-P06-V1,SYNTHETIC_RESEARCH_FIXTURE,OG-SYNTH-0.3,A-0.3,build_opus_synthetic_programme_v0_3.py@0.3,20260812,True,988ac270798639e16121b48d6fef84d85e815f0bbea5bea0d5af73321d9a2b37
PRJ-DCT,P06,PRJ-DCT-A08,1.0,113.1,148.0,0.0,230.184454,230.184454,0.482185,False,PRJ-DCT-P06-V1,SYNTHETIC_RESEARCH_FIXTURE,OG-SYNTH-0.3,A-0.3,build_opus_synthetic_programme_v0_3.py@0.3,20260812,True,d28a04875d8b0755722dd79513bd49bdd6461cf59203b6ac483912f4493729c3
PRJ-DCT,P06,PRJ-DCT-A09,0.99217,148.0,,0.221922,230.184454,230.406376,0.482185,False,PRJ-DCT-P06-V1,SYNTHETIC_RESEARCH_FIXTURE,OG-SYNTH-0.3,A-0.3,build_opus_synthetic_programme_v0_3.py@0.3,20260812,True,ff2684efa78e407758c172b4aeea7017ab3c0ff2303b066b4754e33570e8b9ec
PRJ-DCT,P06,PRJ-DCT-A10,0.975824,176.7,,0.81919,230.888561,231.707751,0.0,True,PRJ-DCT-P06-V1,SYNTHETIC_RESEARCH_FIXTURE,OG-SYNTH-0.3,A-0.3,build_opus_synthetic_programme_v0_3.py@0.3,20260812,True,a223e6e9136457e4321ab1624bf1d215f03edd976d22cc0bfdf736f14d2b16e9
PRJ-DCT,P06,PRJ-DCT-A11,1.0,210.5,229.1,0.0,231.707751,231.707751,0.0,True,PRJ-DCT-P06-V1,SYNTHETIC_RESEARCH_FIXTURE,OG-SYNTH-0.3,A-0.3,build_opus_synthetic_programme_v0_3.py@0.3,20260812,True,576f4bb5b0400c0a862242239d994542e59702dabdf533ce8468760e4ba498f3
PRJ-DCT,P06,PRJ-DCT-A12,0.011268,229.1,,13.883776,231.707751,245.591527,0.0,True,PRJ-DCT-P06-V1,SYNTHETIC_RESEARCH_FIXTURE,OG-SYNTH-0.3,A-0.3,build_opus_synthetic_programme_v0_3.py@0.3,20260812,True,d6b027e388c1b045617c60b733bf92d822981a4d185eb0fec33caa797c3bb56a
