module_id,module_name,prior_claim,evidence_available,corrected_claim,qualification,registry_derived,result,implementation_status,known_answer_verification_status,boundary_test_status,band_source_status,calibration_status,empirical_validation_status,canonical_structure_status,voting_status,permitted_claim
A1.1,Monte Carlo EAC,unqualified 'Validated by ...' in the handbook accreditation basis,known answer: none in the repository; boundary: domain and boundary enumeration recorded in a committed audit artefact; calibration: not calibrated; no calibration set exists in this repository; empirical: not empirically validated; no comparison against real project outcomes exists,Implemented as stated. No independent verification of its arithmetic is held in the repository.,Not validated and not calibrated. No empirical evidence of predictive performance is held for this module.,yes,QUALIFIED,implemented and computed by the server,none in the repository,domain and boundary enumeration recorded in a committed audit artefact,band boundaries sourced or definitional; see the module's band note,not calibrated; no calibration set exists in this repository,not empirically validated; no comparison against real project outcomes exists,not required by this module,does not vote,Implemented as stated. No independent verification of its arithmetic is held in the repository.
A1.2,CUSUM Anomaly Monitor,unqualified 'Validated by ...' in the handbook accreditation basis,known answer: known-answer case in the Run 6 suite; boundary: none in the repository; calibration: not calibrated; no calibration set exists in this repository; empirical: not empirically validated; no comparison against real project outcomes exists,Arithmetic independently verified for the stated formula.,"Not validated and not calibrated. No empirical evidence of predictive performance is held for this module. Stated proxy: hard-coded transformations of two-sided CUSUM on real SPI history; k, H, sigma floor and Amber band uncalibrated.",yes,CORRECTED,implemented and computed by the server,known-answer case in the Run 6 suite,none in the repository,stated proxy qualifier present,not calibrated; no calibration set exists in this repository,not empirically validated; no comparison against real project outcomes exists,not required by this module,does not vote,Arithmetic independently verified for the stated formula.
A1.3,Bayesian EAC,unqualified 'Validated by ...' in the handbook accreditation basis,known answer: known-answer case in the Run 6 suite; boundary: none in the repository; calibration: not calibrated; no calibration set exists in this repository; empirical: not empirically validated; no comparison against real project outcomes exists,Arithmetic independently verified for the stated formula.,"Not validated and not calibrated. No empirical evidence of predictive performance is held for this module. Stated proxy: Normal-normal updating with designed constant variances, not a governed Bayesian model.",yes,CORRECTED,implemented and computed by the server,known-answer case in the Run 6 suite,none in the repository,stated proxy qualifier present,not calibrated; no calibration set exists in this repository,not empirically validated; no comparison against real project outcomes exists,not required by this module,does not vote,Arithmetic independently verified for the stated formula.
A1.4,Kalman Filter SPI Smoother,unqualified 'Validated by ...' in the handbook accreditation basis,known answer: known-answer case in the Run 6 suite; boundary: none in the repository; calibration: not calibrated; no calibration set exists in this repository; empirical: not empirically validated; no comparison against real project outcomes exists,Arithmetic independently verified for the stated formula.,"Not validated and not calibrated. No empirical evidence of predictive performance is held for this module. Stated proxy: Scalar Kalman recursion with fixed Q and R, short history, no calibrated filtering claim.",yes,CORRECTED,implemented and computed by the server,known-answer case in the Run 6 suite,none in the repository,stated proxy qualifier present,not calibrated; no calibration set exists in this repository,not empirically validated; no comparison against real project outcomes exists,not required by this module,does not vote,Arithmetic independently verified for the stated formula.
A1.5,ARIMA CPI Forecast,unqualified 'Validated by ...' in the handbook accreditation basis,known answer: none in the repository; boundary: domain and boundary enumeration recorded in a committed audit artefact; calibration: not calibrated; no calibration set exists in this repository; empirical: not empirically validated; no comparison against real project outcomes exists,Implemented as stated. No independent verification of its arithmetic is held in the repository.,Not validated and not calibrated. No empirical evidence of predictive performance is held for this module.,yes,QUALIFIED,implemented and computed by the server,none in the repository,domain and boundary enumeration recorded in a committed audit artefact,band boundaries sourced or definitional; see the module's band note,not calibrated; no calibration set exists in this repository,not empirically validated; no comparison against real project outcomes exists,not required by this module,does not vote,Implemented as stated. No independent verification of its arithmetic is held in the repository.
A1.6,Earned Schedule,unqualified 'Validated by ...' in the handbook accreditation basis,known answer: none in the repository; boundary: domain and boundary enumeration recorded in a committed audit artefact; calibration: not calibrated; no calibration set exists in this repository; empirical: not empirically validated; no comparison against real project outcomes exists,Implemented as stated. No independent verification of its arithmetic is held in the repository.,Not validated and not calibrated. No empirical evidence of predictive performance is held for this module.,yes,QUALIFIED,implemented and computed by the server,none in the repository,domain and boundary enumeration recorded in a committed audit artefact,band boundaries sourced or definitional; see the module's band note,not calibrated; no calibration set exists in this repository,not empirically validated; no comparison against real project outcomes exists,not required by this module,does not vote,Implemented as stated. No independent verification of its arithmetic is held in the repository.
A1.7,TCPI,unqualified 'Validated by ...' in the handbook accreditation basis,known answer: known-answer case in the Run 4 validate-the-seven suite; boundary: domain and boundary enumeration recorded in a committed audit artefact; calibration: not calibrated; no calibration set exists in this repository; empirical: not empirically validated; no comparison against real project outcomes exists,Arithmetic independently verified for the stated formula.,Not validated and not calibrated. No empirical evidence of predictive performance is held for this module.,yes,CORRECTED,implemented and computed by the server,known-answer case in the Run 4 validate-the-seven suite,domain and boundary enumeration recorded in a committed audit artefact,band boundaries sourced or definitional; see the module's band note,not calibrated; no calibration set exists in this repository,not empirically validated; no comparison against real project outcomes exists,not required by this module,votes on the governed status,Arithmetic independently verified for the stated formula.
A1.8,Variance at Completion,unqualified 'Validated by ...' in the handbook accreditation basis,known answer: known-answer case in the Run 4 validate-the-seven suite; boundary: none in the repository; calibration: not calibrated; no calibration set exists in this repository; empirical: not empirically validated; no comparison against real project outcomes exists,Arithmetic independently verified for the stated formula.,Not validated and not calibrated. No empirical evidence of predictive performance is held for this module.,yes,CORRECTED,implemented and computed by the server,known-answer case in the Run 4 validate-the-seven suite,none in the repository,band boundaries sourced or definitional; see the module's band note,not calibrated; no calibration set exists in this repository,not empirically validated; no comparison against real project outcomes exists,not required by this module,votes on the governed status,Arithmetic independently verified for the stated formula.
A1.9,Budget Execution Rate,unqualified 'Validated by ...' in the handbook accreditation basis,known answer: known-answer case in the Run 6 suite; boundary: domain and boundary enumeration recorded in a committed audit artefact; calibration: not calibrated; no calibration set exists in this repository; empirical: not empirically validated; no comparison against real project outcomes exists,Arithmetic independently verified for the stated formula.,"Not validated and not calibrated. No empirical evidence of predictive performance is held for this module. Stated proxy: an expenditure-versus-progress control ratio, not a standardised statistical test.",yes,CORRECTED,implemented and computed by the server,known-answer case in the Run 6 suite,domain and boundary enumeration recorded in a committed audit artefact,stated proxy qualifier present,not calibrated; no calibration set exists in this repository,not empirically validated; no comparison against real project outcomes exists,not required by this module,does not vote,Arithmetic independently verified for the stated formula.
A1.10,Regression to Mean CPI,unqualified 'Validated by ...' in the handbook accreditation basis,known answer: known-answer case in the Run 6 suite; boundary: none in the repository; calibration: not calibrated; no calibration set exists in this repository; empirical: not empirically validated; no comparison against real project outcomes exists,Arithmetic independently verified for the stated formula.,Not validated and not calibrated. No empirical evidence of predictive performance is held for this module. Stated proxy: fixed 50 per cent shrinkage toward historical mean; coefficient not estimated.,yes,CORRECTED,implemented and computed by the server,known-answer case in the Run 6 suite,none in the repository,stated proxy qualifier present,not calibrated; no calibration set exists in this repository,not empirically validated; no comparison against real project outcomes exists,not required by this module,does not vote,Arithmetic independently verified for the stated formula.
A1.11,ICE Ratio,unqualified 'Validated by ...' in the handbook accreditation basis,known answer: none in the repository; boundary: domain and boundary enumeration recorded in a committed audit artefact; calibration: not calibrated; no calibration set exists in this repository; empirical: not empirically validated; no comparison against real project outcomes exists,Implemented as stated. No independent verification of its arithmetic is held in the repository.,Not validated and not calibrated. No empirical evidence of predictive performance is held for this module.,yes,QUALIFIED,implemented and computed by the server,none in the repository,domain and boundary enumeration recorded in a committed audit artefact,band boundaries sourced or definitional; see the module's band note,not calibrated; no calibration set exists in this repository,not empirically validated; no comparison against real project outcomes exists,not required by this module,does not vote,Implemented as stated. No independent verification of its arithmetic is held in the repository.
A2.1,PERT Network Criticality,unqualified 'Validated by ...' in the handbook accreditation basis,known answer: none in the repository; boundary: domain and boundary enumeration recorded in a committed audit artefact; calibration: not calibrated; no calibration set exists in this repository; empirical: not empirically validated; no comparison against real project outcomes exists,Implemented as stated. No independent verification of its arithmetic is held in the repository.,Not validated and not calibrated. No empirical evidence of predictive performance is held for this module.,yes,QUALIFIED,implemented and computed by the server,none in the repository,domain and boundary enumeration recorded in a committed audit artefact,band boundaries sourced or definitional; see the module's band note,not calibrated; no calibration set exists in this repository,not empirically validated; no comparison against real project outcomes exists,not required by this module,does not vote,Implemented as stated. No independent verification of its arithmetic is held in the repository.
A2.2,Line of Balance,unqualified 'Validated by ...' in the handbook accreditation basis,known answer: none in the repository; boundary: domain and boundary enumeration recorded in a committed audit artefact; calibration: not calibrated; no calibration set exists in this repository; empirical: not empirically validated; no comparison against real project outcomes exists,Implemented as stated. No independent verification of its arithmetic is held in the repository.,Not validated and not calibrated. No empirical evidence of predictive performance is held for this module.,yes,QUALIFIED,implemented and computed by the server,none in the repository,domain and boundary enumeration recorded in a committed audit artefact,band boundaries sourced or definitional; see the module's band note,not calibrated; no calibration set exists in this repository,not empirically validated; no comparison against real project outcomes exists,required and enforced by the canonical-structure layer,does not vote,Implemented as stated. No independent verification of its arithmetic is held in the repository.
A2.3,CCPM Buffer Health,unqualified 'Validated by ...' in the handbook accreditation basis,known answer: none in the repository; boundary: domain and boundary enumeration recorded in a committed audit artefact; calibration: not calibrated; no calibration set exists in this repository; empirical: not empirically validated; no comparison against real project outcomes exists,Implemented as stated. No independent verification of its arithmetic is held in the repository.,Not validated and not calibrated. No empirical evidence of predictive performance is held for this module.,yes,QUALIFIED,implemented and computed by the server,none in the repository,domain and boundary enumeration recorded in a committed audit artefact,band boundaries sourced or definitional; see the module's band note,not calibrated; no calibration set exists in this repository,not empirically validated; no comparison against real project outcomes exists,required and enforced by the canonical-structure layer,does not vote,Implemented as stated. No independent verification of its arithmetic is held in the repository.
A2.4,Schedule Compression Index,unqualified 'Validated by ...' in the handbook accreditation basis,known answer: known-answer case in the Run 6 suite; boundary: none in the repository; calibration: not calibrated; no calibration set exists in this repository; empirical: not empirically validated; no comparison against real project outcomes exists,Arithmetic independently verified for the stated formula.,Not validated and not calibrated. No empirical evidence of predictive performance is held for this module. Stated proxy: a custom compression ratio; no network-based crashing model or calibrated bands.,yes,CORRECTED,implemented and computed by the server,known-answer case in the Run 6 suite,none in the repository,stated proxy qualifier present,not calibrated; no calibration set exists in this repository,not empirically validated; no comparison against real project outcomes exists,not required by this module,does not vote,Arithmetic independently verified for the stated formula.
A2.5,Float Consumption Rate,unqualified 'Validated by ...' in the handbook accreditation basis,known answer: none in the repository; boundary: domain and boundary enumeration recorded in a committed audit artefact; calibration: not calibrated; no calibration set exists in this repository; empirical: not empirically validated; no comparison against real project outcomes exists,Implemented as stated. No independent verification of its arithmetic is held in the repository.,Not validated and not calibrated. No empirical evidence of predictive performance is held for this module.,yes,QUALIFIED,implemented and computed by the server,none in the repository,domain and boundary enumeration recorded in a committed audit artefact,band boundaries sourced or definitional; see the module's band note,not calibrated; no calibration set exists in this repository,not empirically validated; no comparison against real project outcomes exists,not required by this module,does not vote,Implemented as stated. No independent verification of its arithmetic is held in the repository.
A2.6,S-Curve Deviation,unqualified 'Validated by ...' in the handbook accreditation basis,known answer: known-answer case in the Run 6 suite; boundary: domain and boundary enumeration recorded in a committed audit artefact; calibration: not calibrated; no calibration set exists in this repository; empirical: not empirically validated; no comparison against real project outcomes exists,Arithmetic independently verified for the stated formula.,"Not validated and not calibrated. No empirical evidence of predictive performance is held for this module. Stated proxy: a single planned versus actual snapshot, not a longitudinal S-curve analysis.",yes,CORRECTED,implemented and computed by the server,known-answer case in the Run 6 suite,domain and boundary enumeration recorded in a committed audit artefact,stated proxy qualifier present,not calibrated; no calibration set exists in this repository,not empirically validated; no comparison against real project outcomes exists,not required by this module,does not vote,Arithmetic independently verified for the stated formula.
A2.7,Milestone Trend Analysis,unqualified 'Validated by ...' in the handbook accreditation basis,known answer: known-answer case in the Run 6 suite; boundary: none in the repository; calibration: not calibrated; no calibration set exists in this repository; empirical: not empirically validated; no comparison against real project outcomes exists,Arithmetic independently verified for the stated formula.,"Not validated and not calibrated. No empirical evidence of predictive performance is held for this module. Stated proxy: a simplified shift summary on real milestone history, bands uncalibrated.",yes,CORRECTED,implemented and computed by the server,known-answer case in the Run 6 suite,none in the repository,stated proxy qualifier present,not calibrated; no calibration set exists in this repository,not empirically validated; no comparison against real project outcomes exists,not required by this module,does not vote,Arithmetic independently verified for the stated formula.
A2.8,Look-Ahead Schedule Health,unqualified 'Validated by ...' in the handbook accreditation basis,known answer: known-answer case in the Run 6 suite; boundary: none in the repository; calibration: not calibrated; no calibration set exists in this repository; empirical: not empirically validated; no comparison against real project outcomes exists,Arithmetic independently verified for the stated formula.,Not validated and not calibrated. No empirical evidence of predictive performance is held for this module.,yes,CORRECTED,implemented and computed by the server,known-answer case in the Run 6 suite,none in the repository,band boundaries sourced or definitional; see the module's band note,not calibrated; no calibration set exists in this repository,not empirically validated; no comparison against real project outcomes exists,not required by this module,does not vote,Arithmetic independently verified for the stated formula.
A2.9,Resource Loading Index,unqualified 'Validated by ...' in the handbook accreditation basis,known answer: none in the repository; boundary: domain and boundary enumeration recorded in a committed audit artefact; calibration: not calibrated; no calibration set exists in this repository; empirical: not empirically validated; no comparison against real project outcomes exists,Implemented as stated. No independent verification of its arithmetic is held in the repository.,Not validated and not calibrated. No empirical evidence of predictive performance is held for this module.,yes,QUALIFIED,implemented and computed by the server,none in the repository,domain and boundary enumeration recorded in a committed audit artefact,band boundaries sourced or definitional; see the module's band note,not calibrated; no calibration set exists in this repository,not empirically validated; no comparison against real project outcomes exists,not required by this module,does not vote,Implemented as stated. No independent verification of its arithmetic is held in the repository.
A2.10,Schedule Risk Analysis P80,unqualified 'Validated by ...' in the handbook accreditation basis,known answer: none in the repository; boundary: domain and boundary enumeration recorded in a committed audit artefact; calibration: not calibrated; no calibration set exists in this repository; empirical: not empirically validated; no comparison against real project outcomes exists,Implemented as stated. No independent verification of its arithmetic is held in the repository.,Not validated and not calibrated. No empirical evidence of predictive performance is held for this module.,yes,QUALIFIED,implemented and computed by the server,none in the repository,domain and boundary enumeration recorded in a committed audit artefact,band boundaries sourced or definitional; see the module's band note,not calibrated; no calibration set exists in this repository,not empirically validated; no comparison against real project outcomes exists,not required by this module,does not vote,Implemented as stated. No independent verification of its arithmetic is held in the repository.
A2.11,Critical Path Index,unqualified 'Validated by ...' in the handbook accreditation basis,known answer: none in the repository; boundary: domain and boundary enumeration recorded in a committed audit artefact; calibration: not calibrated; no calibration set exists in this repository; empirical: not empirically validated; no comparison against real project outcomes exists,Implemented as stated. No independent verification of its arithmetic is held in the repository.,Not validated and not calibrated. No empirical evidence of predictive performance is held for this module.,yes,QUALIFIED,implemented and computed by the server,none in the repository,domain and boundary enumeration recorded in a committed audit artefact,band boundaries sourced or definitional; see the module's band note,not calibrated; no calibration set exists in this repository,not empirically validated; no comparison against real project outcomes exists,not required by this module,does not vote,Implemented as stated. No independent verification of its arithmetic is held in the repository.
A3.1,Reference Class Forecasting,unqualified 'Validated by ...' in the handbook accreditation basis,known answer: none in the repository; boundary: domain and boundary enumeration recorded in a committed audit artefact; calibration: not calibrated; no calibration set exists in this repository; empirical: not empirically validated; no comparison against real project outcomes exists,Implemented as stated. No independent verification of its arithmetic is held in the repository.,Not validated and not calibrated. No empirical evidence of predictive performance is held for this module.,yes,QUALIFIED,implemented and computed by the server,none in the repository,domain and boundary enumeration recorded in a committed audit artefact,band boundaries sourced or definitional; see the module's band note,not calibrated; no calibration set exists in this repository,not empirically validated; no comparison against real project outcomes exists,not required by this module,does not vote,Implemented as stated. No independent verification of its arithmetic is held in the repository.
A3.2,Contingency Burn Rate,unqualified 'Validated by ...' in the handbook accreditation basis,known answer: known-answer case in the Run 6 suite; boundary: none in the repository; calibration: not calibrated; no calibration set exists in this repository; empirical: not empirically validated; no comparison against real project outcomes exists,Arithmetic independently verified for the stated formula.,Not validated and not calibrated. No empirical evidence of predictive performance is held for this module.,yes,CORRECTED,implemented and computed by the server,known-answer case in the Run 6 suite,none in the repository,band boundaries sourced or definitional; see the module's band note,not calibrated; no calibration set exists in this repository,not empirically validated; no comparison against real project outcomes exists,not required by this module,does not vote,Arithmetic independently verified for the stated formula.
A3.3,Labor Productivity Index,unqualified 'Validated by ...' in the handbook accreditation basis,known answer: known-answer case in the Run 6 suite; boundary: none in the repository; calibration: not calibrated; no calibration set exists in this repository; empirical: not empirically validated; no comparison against real project outcomes exists,Arithmetic independently verified for the stated formula.,"Not validated and not calibrated. No empirical evidence of predictive performance is held for this module. Stated proxy: a labour-hours ratio, not an earned-output productivity model.",yes,CORRECTED,implemented and computed by the server,known-answer case in the Run 6 suite,none in the repository,stated proxy qualifier present,not calibrated; no calibration set exists in this repository,not empirically validated; no comparison against real project outcomes exists,not required by this module,does not vote,Arithmetic independently verified for the stated formula.
A3.4,Material Cost Variance,unqualified 'Validated by ...' in the handbook accreditation basis,known answer: known-answer case in the Run 6 suite; boundary: none in the repository; calibration: not calibrated; no calibration set exists in this repository; empirical: not empirically validated; no comparison against real project outcomes exists,Arithmetic independently verified for the stated formula.,Not validated and not calibrated. No empirical evidence of predictive performance is held for this module.,yes,CORRECTED,implemented and computed by the server,known-answer case in the Run 6 suite,none in the repository,band boundaries sourced or definitional; see the module's band note,not calibrated; no calibration set exists in this repository,not empirically validated; no comparison against real project outcomes exists,not required by this module,does not vote,Arithmetic independently verified for the stated formula.
A3.5,Overhead Absorption Rate,unqualified 'Validated by ...' in the handbook accreditation basis,known answer: known-answer case in the Run 6 suite; boundary: none in the repository; calibration: not calibrated; no calibration set exists in this repository; empirical: not empirically validated; no comparison against real project outcomes exists,Arithmetic independently verified for the stated formula.,Not validated and not calibrated. No empirical evidence of predictive performance is held for this module. Stated proxy: a transparent ratio; validity depends on whether the indirect plan is total or period-to-date.,yes,CORRECTED,implemented and computed by the server,known-answer case in the Run 6 suite,none in the repository,stated proxy qualifier present,not calibrated; no calibration set exists in this repository,not empirically validated; no comparison against real project outcomes exists,not required by this module,does not vote,Arithmetic independently verified for the stated formula.
A3.6,Cost Risk Analysis P80,unqualified 'Validated by ...' in the handbook accreditation basis,known answer: none in the repository; boundary: domain and boundary enumeration recorded in a committed audit artefact; calibration: not calibrated; no calibration set exists in this repository; empirical: not empirically validated; no comparison against real project outcomes exists,Implemented as stated. No independent verification of its arithmetic is held in the repository.,Not validated and not calibrated. No empirical evidence of predictive performance is held for this module.,yes,QUALIFIED,implemented and computed by the server,none in the repository,domain and boundary enumeration recorded in a committed audit artefact,band boundaries sourced or definitional; see the module's band note,not calibrated; no calibration set exists in this repository,not empirically validated; no comparison against real project outcomes exists,not required by this module,does not vote,Implemented as stated. No independent verification of its arithmetic is held in the repository.
A3.7,Analogous Estimating Ratio,unqualified 'Validated by ...' in the handbook accreditation basis,known answer: known-answer case in the Run 6 suite; boundary: none in the repository; calibration: not calibrated; no calibration set exists in this repository; empirical: not empirically validated; no comparison against real project outcomes exists,Arithmetic independently verified for the stated formula.,"Not validated and not calibrated. No empirical evidence of predictive performance is held for this module. Stated proxy: an analogous-cost ratio; project selection, normalisation and adaptation ungoverned.",yes,CORRECTED,implemented and computed by the server,known-answer case in the Run 6 suite,none in the repository,stated proxy qualifier present,not calibrated; no calibration set exists in this repository,not empirically validated; no comparison against real project outcomes exists,not required by this module,does not vote,Arithmetic independently verified for the stated formula.
A3.8,Parametric Cost Index,no per-module claim (disabled),known answer: none in the repository; boundary: none in the repository; calibration: not calibrated; no calibration set exists in this repository; empirical: not empirically validated; no comparison against real project outcomes exists,No claim. The module is disabled and does not compute.,Not validated and not calibrated. No empirical evidence of predictive performance is held for this module.,yes,NO CLAIM,"disabled: concept only, refused before its formula is reached",none in the repository,none in the repository,band boundaries sourced or definitional; see the module's band note,not calibrated; no calibration set exists in this repository,not empirically validated; no comparison against real project outcomes exists,not required by this module,does not vote,No claim. The module is disabled and does not compute.
A3.9,Inflation Adjustment Index,unqualified 'Validated by ...' in the handbook accreditation basis,known answer: known-answer case in the Run 6 suite; boundary: domain and boundary enumeration recorded in a committed audit artefact; calibration: not calibrated; no calibration set exists in this repository; empirical: not empirically validated; no comparison against real project outcomes exists,Arithmetic independently verified for the stated formula.,"Not validated and not calibrated. No empirical evidence of predictive performance is held for this module. Stated proxy: a material-escalation ratio with no external price index, time base or geography.",yes,CORRECTED,implemented and computed by the server,known-answer case in the Run 6 suite,domain and boundary enumeration recorded in a committed audit artefact,stated proxy qualifier present,not calibrated; no calibration set exists in this repository,not empirically validated; no comparison against real project outcomes exists,not required by this module,does not vote,Arithmetic independently verified for the stated formula.
A4.1,Document Risk Score,unqualified 'Validated by ...' in the handbook accreditation basis,known answer: none in the repository; boundary: none in the repository; calibration: not calibrated; no calibration set exists in this repository; empirical: not empirically validated; no comparison against real project outcomes exists,Implemented as stated. No independent verification of its arithmetic is held in the repository.,Not validated and not calibrated. No empirical evidence of predictive performance is held for this module.,yes,QUALIFIED,implemented and computed by the server,none in the repository,none in the repository,band boundaries sourced or definitional; see the module's band note,not calibrated; no calibration set exists in this repository,not empirically validated; no comparison against real project outcomes exists,not required by this module,does not vote,Implemented as stated. No independent verification of its arithmetic is held in the repository.
A4.2,RFI Velocity,unqualified 'Validated by ...' in the handbook accreditation basis,known answer: known-answer case in the Run 6 suite; boundary: none in the repository; calibration: not calibrated; no calibration set exists in this repository; empirical: not empirically validated; no comparison against real project outcomes exists,Arithmetic independently verified for the stated formula.,Not validated and not calibrated. No empirical evidence of predictive performance is held for this module.,yes,CORRECTED,implemented and computed by the server,known-answer case in the Run 6 suite,none in the repository,band boundaries sourced or definitional; see the module's band note,not calibrated; no calibration set exists in this repository,not empirically validated; no comparison against real project outcomes exists,not required by this module,does not vote,Arithmetic independently verified for the stated formula.
A4.3,Submittal Rejection Rate,unqualified 'Validated by ...' in the handbook accreditation basis,known answer: known-answer case in the Run 6 suite; boundary: none in the repository; calibration: not calibrated; no calibration set exists in this repository; empirical: not empirically validated; no comparison against real project outcomes exists,Arithmetic independently verified for the stated formula.,Not validated and not calibrated. No empirical evidence of predictive performance is held for this module.,yes,CORRECTED,implemented and computed by the server,known-answer case in the Run 6 suite,none in the repository,band boundaries sourced or definitional; see the module's band note,not calibrated; no calibration set exists in this repository,not empirically validated; no comparison against real project outcomes exists,not required by this module,does not vote,Arithmetic independently verified for the stated formula.
A4.4,NCR Rate,unqualified 'Validated by ...' in the handbook accreditation basis,known answer: none in the repository; boundary: domain and boundary enumeration recorded in a committed audit artefact; calibration: not calibrated; no calibration set exists in this repository; empirical: not empirically validated; no comparison against real project outcomes exists,Implemented as stated. No independent verification of its arithmetic is held in the repository.,Not validated and not calibrated. No empirical evidence of predictive performance is held for this module.,yes,QUALIFIED,implemented and computed by the server,none in the repository,domain and boundary enumeration recorded in a committed audit artefact,band boundaries sourced or definitional; see the module's band note,not calibrated; no calibration set exists in this repository,not empirically validated; no comparison against real project outcomes exists,required and enforced by the canonical-structure layer,does not vote,Implemented as stated. No independent verification of its arithmetic is held in the repository.
A4.5,Weather Day Impact,unqualified 'Validated by ...' in the handbook accreditation basis,known answer: known-answer case in the Run 6 suite; boundary: none in the repository; calibration: not calibrated; no calibration set exists in this repository; empirical: not empirically validated; no comparison against real project outcomes exists,Arithmetic independently verified for the stated formula.,"Not validated and not calibrated. No empirical evidence of predictive performance is held for this module. Stated proxy: a lost-days over available-float ratio with ungoverned bands, computed only from verified lost days and a reported float figure.",yes,CORRECTED,implemented and computed by the server,known-answer case in the Run 6 suite,none in the repository,stated proxy qualifier present,not calibrated; no calibration set exists in this repository,not empirically validated; no comparison against real project outcomes exists,not required by this module,does not vote,Arithmetic independently verified for the stated formula.
A4.6,Change Order Frequency,unqualified 'Validated by ...' in the handbook accreditation basis,known answer: known-answer case in the Run 6 suite; boundary: none in the repository; calibration: not calibrated; no calibration set exists in this repository; empirical: not empirically validated; no comparison against real project outcomes exists,Arithmetic independently verified for the stated formula.,Not validated and not calibrated. No empirical evidence of predictive performance is held for this module. Stated proxy: contract growth plus a raw count; no time or exposure denominator.,yes,CORRECTED,implemented and computed by the server,known-answer case in the Run 6 suite,none in the repository,stated proxy qualifier present,not calibrated; no calibration set exists in this repository,not empirically validated; no comparison against real project outcomes exists,not required by this module,does not vote,Arithmetic independently verified for the stated formula.
A4.7,Dispute Escalation Index,unqualified 'Validated by ...' in the handbook accreditation basis,known answer: known-answer case in the Run 6 suite; boundary: none in the repository; calibration: not calibrated; no calibration set exists in this repository; empirical: not empirically validated; no comparison against real project outcomes exists,Arithmetic independently verified for the stated formula.,Not validated and not calibrated. No empirical evidence of predictive performance is held for this module. Stated proxy: an ad hoc 0.3 / 0.3 / 0.4 weighted sum; weights and dependence uncalibrated.,yes,CORRECTED,implemented and computed by the server,known-answer case in the Run 6 suite,none in the repository,stated proxy qualifier present,not calibrated; no calibration set exists in this repository,not empirically validated; no comparison against real project outcomes exists,not required by this module,does not vote,Arithmetic independently verified for the stated formula.
A4.8,Subcontractor Performance,unqualified 'Validated by ...' in the handbook accreditation basis,known answer: known-answer case in the Run 6 suite; boundary: none in the repository; calibration: not calibrated; no calibration set exists in this repository; empirical: not empirically validated; no comparison against real project outcomes exists,Arithmetic independently verified for the stated formula.,Not validated and not calibrated. No empirical evidence of predictive performance is held for this module. Stated proxy: a precomputed compliance score; provenance and construction unvalidated.,yes,CORRECTED,implemented and computed by the server,known-answer case in the Run 6 suite,none in the repository,stated proxy qualifier present,not calibrated; no calibration set exists in this repository,not empirically validated; no comparison against real project outcomes exists,not required by this module,does not vote,Arithmetic independently verified for the stated formula.
A4.9,Procurement Lead Time Monitor,unqualified 'Validated by ...' in the handbook accreditation basis,known answer: known-answer case in the Run 6 suite; boundary: none in the repository; calibration: not calibrated; no calibration set exists in this repository; empirical: not empirically validated; no comparison against real project outcomes exists,Arithmetic independently verified for the stated formula.,Not validated and not calibrated. No empirical evidence of predictive performance is held for this module.,yes,CORRECTED,implemented and computed by the server,known-answer case in the Run 6 suite,none in the repository,band boundaries sourced or definitional; see the module's band note,not calibrated; no calibration set exists in this repository,not empirically validated; no comparison against real project outcomes exists,not required by this module,does not vote,Arithmetic independently verified for the stated formula.
A4.10,Specification Conflict Density,unqualified 'Validated by ...' in the handbook accreditation basis,known answer: none in the repository; boundary: domain and boundary enumeration recorded in a committed audit artefact; calibration: not calibrated; no calibration set exists in this repository; empirical: not empirically validated; no comparison against real project outcomes exists,Implemented as stated. No independent verification of its arithmetic is held in the repository.,Not validated and not calibrated. No empirical evidence of predictive performance is held for this module.,yes,QUALIFIED,implemented and computed by the server,none in the repository,domain and boundary enumeration recorded in a committed audit artefact,band boundaries sourced or definitional; see the module's band note,not calibrated; no calibration set exists in this repository,not empirically validated; no comparison against real project outcomes exists,not required by this module,does not vote,Implemented as stated. No independent verification of its arithmetic is held in the repository.
A5.1,DSM Rework Propagation,unqualified 'Validated by ...' in the handbook accreditation basis,known answer: none in the repository; boundary: domain and boundary enumeration recorded in a committed audit artefact; calibration: not calibrated; no calibration set exists in this repository; empirical: not empirically validated; no comparison against real project outcomes exists,Implemented as stated. No independent verification of its arithmetic is held in the repository.,Not validated and not calibrated. No empirical evidence of predictive performance is held for this module.,yes,QUALIFIED,implemented and computed by the server,none in the repository,domain and boundary enumeration recorded in a committed audit artefact,band boundaries sourced or definitional; see the module's band note,not calibrated; no calibration set exists in this repository,not empirically validated; no comparison against real project outcomes exists,not required by this module,does not vote,Implemented as stated. No independent verification of its arithmetic is held in the repository.
A5.2,Sensitivity Analysis,unqualified 'Validated by ...' in the handbook accreditation basis,known answer: known-answer case in the Run 6 suite; boundary: domain and boundary enumeration recorded in a committed audit artefact; calibration: not calibrated; no calibration set exists in this repository; empirical: not empirically validated; no comparison against real project outcomes exists,Arithmetic independently verified for the stated formula.,"Not validated and not calibrated. No empirical evidence of predictive performance is held for this module. Stated proxy: local CPI perturbation plus deviations, not calibrated multivariate sensitivity.",yes,CORRECTED,implemented and computed by the server,known-answer case in the Run 6 suite,domain and boundary enumeration recorded in a committed audit artefact,stated proxy qualifier present,not calibrated; no calibration set exists in this repository,not empirically validated; no comparison against real project outcomes exists,not required by this module,does not vote,Arithmetic independently verified for the stated formula.
A5.3,Tornado Risk Ranking,unqualified 'Validated by ...' in the handbook accreditation basis,known answer: known-answer case in the Run 6 suite; boundary: domain and boundary enumeration recorded in a committed audit artefact; calibration: not calibrated; no calibration set exists in this repository; empirical: not empirically validated; no comparison against real project outcomes exists,Arithmetic independently verified for the stated formula.,Not validated and not calibrated. No empirical evidence of predictive performance is held for this module. Stated proxy: a ranking of four present-state deviations; no outcome-response ranges estimated.,yes,CORRECTED,implemented and computed by the server,known-answer case in the Run 6 suite,domain and boundary enumeration recorded in a committed audit artefact,stated proxy qualifier present,not calibrated; no calibration set exists in this repository,not empirically validated; no comparison against real project outcomes exists,not required by this module,does not vote,Arithmetic independently verified for the stated formula.
A5.4,Scenario Modeling,unqualified 'Validated by ...' in the handbook accreditation basis,known answer: none in the repository; boundary: domain and boundary enumeration recorded in a committed audit artefact; calibration: not calibrated; no calibration set exists in this repository; empirical: not empirically validated; no comparison against real project outcomes exists,Implemented as stated. No independent verification of its arithmetic is held in the repository.,Not validated and not calibrated. No empirical evidence of predictive performance is held for this module.,yes,QUALIFIED,implemented and computed by the server,none in the repository,domain and boundary enumeration recorded in a committed audit artefact,band boundaries sourced or definitional; see the module's band note,not calibrated; no calibration set exists in this repository,not empirically validated; no comparison against real project outcomes exists,required and enforced by the canonical-structure layer,does not vote,Implemented as stated. No independent verification of its arithmetic is held in the repository.
A5.5,Rework Feedback Loop,unqualified 'Validated by ...' in the handbook accreditation basis,known answer: none in the repository; boundary: domain and boundary enumeration recorded in a committed audit artefact; calibration: not calibrated; no calibration set exists in this repository; empirical: not empirically validated; no comparison against real project outcomes exists,Implemented as stated. No independent verification of its arithmetic is held in the repository.,Not validated and not calibrated. No empirical evidence of predictive performance is held for this module.,yes,QUALIFIED,implemented and computed by the server,none in the repository,domain and boundary enumeration recorded in a committed audit artefact,band boundaries sourced or definitional; see the module's band note,not calibrated; no calibration set exists in this repository,not empirically validated; no comparison against real project outcomes exists,not required by this module,does not vote,Implemented as stated. No independent verification of its arithmetic is held in the repository.
A5.6,Queueing Theory Bottleneck,unqualified 'Validated by ...' in the handbook accreditation basis,known answer: none in the repository; boundary: domain and boundary enumeration recorded in a committed audit artefact; calibration: not calibrated; no calibration set exists in this repository; empirical: not empirically validated; no comparison against real project outcomes exists,Implemented as stated. No independent verification of its arithmetic is held in the repository.,Not validated and not calibrated. No empirical evidence of predictive performance is held for this module.,yes,QUALIFIED,implemented and computed by the server,none in the repository,domain and boundary enumeration recorded in a committed audit artefact,band boundaries sourced or definitional; see the module's band note,not calibrated; no calibration set exists in this repository,not empirically validated; no comparison against real project outcomes exists,required and enforced by the canonical-structure layer,does not vote,Implemented as stated. No independent verification of its arithmetic is held in the repository.
A5.7,Agent-Based Supply Chain,unqualified 'Validated by ...' in the handbook accreditation basis,known answer: none in the repository; boundary: domain and boundary enumeration recorded in a committed audit artefact; calibration: not calibrated; no calibration set exists in this repository; empirical: not empirically validated; no comparison against real project outcomes exists,Implemented as stated. No independent verification of its arithmetic is held in the repository.,Not validated and not calibrated. No empirical evidence of predictive performance is held for this module.,yes,QUALIFIED,implemented and computed by the server,none in the repository,domain and boundary enumeration recorded in a committed audit artefact,band boundaries sourced or definitional; see the module's band note,not calibrated; no calibration set exists in this repository,not empirically validated; no comparison against real project outcomes exists,required and enforced by the canonical-structure layer,does not vote,Implemented as stated. No independent verification of its arithmetic is held in the repository.
A5.8,Discrete Event Simulation,unqualified 'Validated by ...' in the handbook accreditation basis,known answer: none in the repository; boundary: domain and boundary enumeration recorded in a committed audit artefact; calibration: not calibrated; no calibration set exists in this repository; empirical: not empirically validated; no comparison against real project outcomes exists,Implemented as stated. No independent verification of its arithmetic is held in the repository.,Not validated and not calibrated. No empirical evidence of predictive performance is held for this module.,yes,QUALIFIED,implemented and computed by the server,none in the repository,domain and boundary enumeration recorded in a committed audit artefact,band boundaries sourced or definitional; see the module's band note,not calibrated; no calibration set exists in this repository,not empirically validated; no comparison against real project outcomes exists,not required by this module,does not vote,Implemented as stated. No independent verification of its arithmetic is held in the repository.
A6.1,Quality Compliance Index,unqualified 'Validated by ...' in the handbook accreditation basis,known answer: none in the repository; boundary: domain and boundary enumeration recorded in a committed audit artefact; calibration: not calibrated; no calibration set exists in this repository; empirical: not empirically validated; no comparison against real project outcomes exists,Implemented as stated. No independent verification of its arithmetic is held in the repository.,Not validated and not calibrated. No empirical evidence of predictive performance is held for this module.,yes,QUALIFIED,implemented and computed by the server,none in the repository,domain and boundary enumeration recorded in a committed audit artefact,band boundaries sourced or definitional; see the module's band note,not calibrated; no calibration set exists in this repository,not empirically validated; no comparison against real project outcomes exists,not required by this module,does not vote,Implemented as stated. No independent verification of its arithmetic is held in the repository.
A6.2,Safety Performance Index,unqualified 'Validated by ...' in the handbook accreditation basis,known answer: none in the repository; boundary: domain and boundary enumeration recorded in a committed audit artefact; calibration: not calibrated; no calibration set exists in this repository; empirical: not empirically validated; no comparison against real project outcomes exists,Implemented as stated. No independent verification of its arithmetic is held in the repository.,Not validated and not calibrated. No empirical evidence of predictive performance is held for this module.,yes,QUALIFIED,implemented and computed by the server,none in the repository,domain and boundary enumeration recorded in a committed audit artefact,band boundaries sourced or definitional; see the module's band note,not calibrated; no calibration set exists in this repository,not empirically validated; no comparison against real project outcomes exists,not required by this module,does not vote,Implemented as stated. No independent verification of its arithmetic is held in the repository.
A6.3,Environmental Compliance Rate,unqualified 'Validated by ...' in the handbook accreditation basis,known answer: none in the repository; boundary: domain and boundary enumeration recorded in a committed audit artefact; calibration: not calibrated; no calibration set exists in this repository; empirical: not empirically validated; no comparison against real project outcomes exists,Implemented as stated. No independent verification of its arithmetic is held in the repository.,Not validated and not calibrated. No empirical evidence of predictive performance is held for this module.,yes,QUALIFIED,implemented and computed by the server,none in the repository,domain and boundary enumeration recorded in a committed audit artefact,band boundaries sourced or definitional; see the module's band note,not calibrated; no calibration set exists in this repository,not empirically validated; no comparison against real project outcomes exists,required and enforced by the canonical-structure layer,does not vote,Implemented as stated. No independent verification of its arithmetic is held in the repository.
A6.4,Contractor Performance Score,unqualified 'Validated by ...' in the handbook accreditation basis,known answer: none in the repository; boundary: domain and boundary enumeration recorded in a committed audit artefact; calibration: not calibrated; no calibration set exists in this repository; empirical: not empirically validated; no comparison against real project outcomes exists,Implemented as stated. No independent verification of its arithmetic is held in the repository.,Not validated and not calibrated. No empirical evidence of predictive performance is held for this module.,yes,QUALIFIED,implemented and computed by the server,none in the repository,domain and boundary enumeration recorded in a committed audit artefact,band boundaries sourced or definitional; see the module's band note,not calibrated; no calibration set exists in this repository,not empirically validated; no comparison against real project outcomes exists,not required by this module,does not vote,Implemented as stated. No independent verification of its arithmetic is held in the repository.
B1.1,Conservative Dominance,unqualified 'Validated by ...' in the handbook accreditation basis,known answer: known-answer case in the Run 6 suite; boundary: none in the repository; calibration: not calibrated; no calibration set exists in this repository; empirical: not empirically validated; no comparison against real project outcomes exists,Arithmetic independently verified for the stated formula.,Not validated and not calibrated. No empirical evidence of predictive performance is held for this module.,yes,CORRECTED,implemented and computed by the server,known-answer case in the Run 6 suite,none in the repository,band boundaries sourced or definitional; see the module's band note,not calibrated; no calibration set exists in this repository,not empirically validated; no comparison against real project outcomes exists,not required by this module,does not vote,Arithmetic independently verified for the stated formula.
B1.2,Weighted Voting,unqualified 'Validated by ...' in the handbook accreditation basis,known answer: known-answer case in the Run 6 suite; boundary: none in the repository; calibration: not calibrated; no calibration set exists in this repository; empirical: not empirically validated; no comparison against real project outcomes exists,Arithmetic independently verified for the stated formula.,Not validated and not calibrated. No empirical evidence of predictive performance is held for this module.,yes,CORRECTED,implemented and computed by the server,known-answer case in the Run 6 suite,none in the repository,band boundaries sourced or definitional; see the module's band note,not calibrated; no calibration set exists in this repository,not empirically validated; no comparison against real project outcomes exists,not required by this module,does not vote,Arithmetic independently verified for the stated formula.
B1.3,Majority Rules,unqualified 'Validated by ...' in the handbook accreditation basis,known answer: known-answer case in the Run 6 suite; boundary: none in the repository; calibration: not calibrated; no calibration set exists in this repository; empirical: not empirically validated; no comparison against real project outcomes exists,Arithmetic independently verified for the stated formula.,Not validated and not calibrated. No empirical evidence of predictive performance is held for this module.,yes,CORRECTED,implemented and computed by the server,known-answer case in the Run 6 suite,none in the repository,band boundaries sourced or definitional; see the module's band note,not calibrated; no calibration set exists in this repository,not empirically validated; no comparison against real project outcomes exists,not required by this module,does not vote,Arithmetic independently verified for the stated formula.
B1.4,Worst-N-of-M,unqualified 'Validated by ...' in the handbook accreditation basis,known answer: known-answer case in the Run 6 suite; boundary: none in the repository; calibration: not calibrated; no calibration set exists in this repository; empirical: not empirically validated; no comparison against real project outcomes exists,Arithmetic independently verified for the stated formula.,Not validated and not calibrated. No empirical evidence of predictive performance is held for this module.,yes,CORRECTED,implemented and computed by the server,known-answer case in the Run 6 suite,none in the repository,band boundaries sourced or definitional; see the module's band note,not calibrated; no calibration set exists in this repository,not empirically validated; no comparison against real project outcomes exists,not required by this module,does not vote,Arithmetic independently verified for the stated formula.
B2.1,Dempster-Shafer,unqualified 'Validated by ...' in the handbook accreditation basis,known answer: known-answer case in the Run 6 suite; boundary: none in the repository; calibration: not calibrated; no calibration set exists in this repository; empirical: not empirically validated; no comparison against real project outcomes exists,Arithmetic independently verified for the stated formula.,Not validated and not calibrated. No empirical evidence of predictive performance is held for this module.,yes,CORRECTED,implemented and computed by the server,known-answer case in the Run 6 suite,none in the repository,band boundaries sourced or definitional; see the module's band note,not calibrated; no calibration set exists in this repository,not empirically validated; no comparison against real project outcomes exists,not required by this module,does not vote,Arithmetic independently verified for the stated formula.
B2.2,Rough Sets,unqualified 'Validated by ...' in the handbook accreditation basis,known answer: known-answer case in the Run 6 suite; boundary: none in the repository; calibration: not calibrated; no calibration set exists in this repository; empirical: not empirically validated; no comparison against real project outcomes exists,Arithmetic independently verified for the stated formula.,Not validated and not calibrated. No empirical evidence of predictive performance is held for this module.,yes,CORRECTED,implemented and computed by the server,known-answer case in the Run 6 suite,none in the repository,band boundaries sourced or definitional; see the module's band note,not calibrated; no calibration set exists in this repository,not empirically validated; no comparison against real project outcomes exists,not required by this module,does not vote,Arithmetic independently verified for the stated formula.
B2.3,Neutrosophic Logic,unqualified 'Validated by ...' in the handbook accreditation basis,known answer: known-answer case in the Run 6 suite; boundary: none in the repository; calibration: not calibrated; no calibration set exists in this repository; empirical: not empirically validated; no comparison against real project outcomes exists,Arithmetic independently verified for the stated formula.,Not validated and not calibrated. No empirical evidence of predictive performance is held for this module.,yes,CORRECTED,implemented and computed by the server,known-answer case in the Run 6 suite,none in the repository,band boundaries sourced or definitional; see the module's band note,not calibrated; no calibration set exists in this repository,not empirically validated; no comparison against real project outcomes exists,not required by this module,does not vote,Arithmetic independently verified for the stated formula.
B2.4,Interval Fuzzy Sets,unqualified 'Validated by ...' in the handbook accreditation basis,known answer: known-answer case in the Run 6 suite; boundary: none in the repository; calibration: not calibrated; no calibration set exists in this repository; empirical: not empirically validated; no comparison against real project outcomes exists,Arithmetic independently verified for the stated formula.,Not validated and not calibrated. No empirical evidence of predictive performance is held for this module.,yes,CORRECTED,implemented and computed by the server,known-answer case in the Run 6 suite,none in the repository,band boundaries sourced or definitional; see the module's band note,not calibrated; no calibration set exists in this repository,not empirically validated; no comparison against real project outcomes exists,not required by this module,does not vote,Arithmetic independently verified for the stated formula.
B2.5,Z-numbers,unqualified 'Validated by ...' in the handbook accreditation basis,known answer: known-answer case in the Run 6 suite; boundary: none in the repository; calibration: not calibrated; no calibration set exists in this repository; empirical: not empirically validated; no comparison against real project outcomes exists,Arithmetic independently verified for the stated formula.,Not validated and not calibrated. No empirical evidence of predictive performance is held for this module.,yes,CORRECTED,implemented and computed by the server,known-answer case in the Run 6 suite,none in the repository,band boundaries sourced or definitional; see the module's band note,not calibrated; no calibration set exists in this repository,not empirically validated; no comparison against real project outcomes exists,not required by this module,does not vote,Arithmetic independently verified for the stated formula.
B2.6,PLTS,unqualified 'Validated by ...' in the handbook accreditation basis,known answer: known-answer case in the Run 6 suite; boundary: none in the repository; calibration: not calibrated; no calibration set exists in this repository; empirical: not empirically validated; no comparison against real project outcomes exists,Arithmetic independently verified for the stated formula.,Not validated and not calibrated. No empirical evidence of predictive performance is held for this module.,yes,CORRECTED,implemented and computed by the server,known-answer case in the Run 6 suite,none in the repository,band boundaries sourced or definitional; see the module's band note,not calibrated; no calibration set exists in this repository,not empirically validated; no comparison against real project outcomes exists,not required by this module,does not vote,Arithmetic independently verified for the stated formula.
B2.7,Plithogenic Sets,no per-module claim (disabled),known answer: none in the repository; boundary: none in the repository; calibration: not calibrated; no calibration set exists in this repository; empirical: not empirically validated; no comparison against real project outcomes exists,No claim. The module is disabled and does not compute.,Not validated and not calibrated. No empirical evidence of predictive performance is held for this module.,yes,NO CLAIM,"disabled: concept only, refused before its formula is reached",none in the repository,none in the repository,band boundaries sourced or definitional; see the module's band note,not calibrated; no calibration set exists in this repository,not empirically validated; no comparison against real project outcomes exists,not required by this module,does not vote,No claim. The module is disabled and does not compute.
B2.8,Belief Rule Base,unqualified 'Validated by ...' in the handbook accreditation basis,known answer: known-answer case in the Run 6 suite; boundary: none in the repository; calibration: not calibrated; no calibration set exists in this repository; empirical: not empirically validated; no comparison against real project outcomes exists,Arithmetic independently verified for the stated formula.,Not validated and not calibrated. No empirical evidence of predictive performance is held for this module.,yes,CORRECTED,implemented and computed by the server,known-answer case in the Run 6 suite,none in the repository,band boundaries sourced or definitional; see the module's band note,not calibrated; no calibration set exists in this repository,not empirically validated; no comparison against real project outcomes exists,not required by this module,does not vote,Arithmetic independently verified for the stated formula.
B2.9,Quantum Probability,no per-module claim (disabled),known answer: none in the repository; boundary: none in the repository; calibration: not calibrated; no calibration set exists in this repository; empirical: not empirically validated; no comparison against real project outcomes exists,No claim. The module is disabled and does not compute.,Not validated and not calibrated. No empirical evidence of predictive performance is held for this module.,yes,NO CLAIM,"disabled: concept only, refused before its formula is reached",none in the repository,none in the repository,band boundaries sourced or definitional; see the module's band note,not calibrated; no calibration set exists in this repository,not empirically validated; no comparison against real project outcomes exists,not required by this module,does not vote,No claim. The module is disabled and does not compute.
B2.10,Pythagorean Fuzzy Sets,unqualified 'Validated by ...' in the handbook accreditation basis,known answer: known-answer case in the Run 6 suite; boundary: none in the repository; calibration: not calibrated; no calibration set exists in this repository; empirical: not empirically validated; no comparison against real project outcomes exists,Arithmetic independently verified for the stated formula.,"Not validated and not calibrated. No empirical evidence of predictive performance is held for this module. Stated proxy: hard-coded transformations of raw CPI, SPI and document risk.",yes,CORRECTED,implemented and computed by the server,known-answer case in the Run 6 suite,none in the repository,stated proxy qualifier present,not calibrated; no calibration set exists in this repository,not empirically validated; no comparison against real project outcomes exists,not required by this module,does not vote,Arithmetic independently verified for the stated formula.
B2.11,Picture Fuzzy Sets,unqualified 'Validated by ...' in the handbook accreditation basis,known answer: known-answer case in the Run 6 suite; boundary: none in the repository; calibration: not calibrated; no calibration set exists in this repository; empirical: not empirically validated; no comparison against real project outcomes exists,Arithmetic independently verified for the stated formula.,Not validated and not calibrated. No empirical evidence of predictive performance is held for this module. Stated proxy: hard-coded memberships consuming raw metrics; no calibration evidenced.,yes,CORRECTED,implemented and computed by the server,known-answer case in the Run 6 suite,none in the repository,stated proxy qualifier present,not calibrated; no calibration set exists in this repository,not empirically validated; no comparison against real project outcomes exists,not required by this module,does not vote,Arithmetic independently verified for the stated formula.
B2.12,Hesitant Fuzzy Sets,unqualified 'Validated by ...' in the handbook accreditation basis,known answer: known-answer case in the Run 6 suite; boundary: none in the repository; calibration: not calibrated; no calibration set exists in this repository; empirical: not empirically validated; no comparison against real project outcomes exists,Arithmetic independently verified for the stated formula.,"Not validated and not calibrated. No empirical evidence of predictive performance is held for this module. Stated proxy: designed perturbations, not elicited or observed hesitant assessments.",yes,CORRECTED,implemented and computed by the server,known-answer case in the Run 6 suite,none in the repository,stated proxy qualifier present,not calibrated; no calibration set exists in this repository,not empirically validated; no comparison against real project outcomes exists,not required by this module,does not vote,Arithmetic independently verified for the stated formula.
B2.13,Type-2 Fuzzy Sets,unqualified 'Validated by ...' in the handbook accreditation basis,known answer: known-answer case in the Run 6 suite; boundary: none in the repository; calibration: not calibrated; no calibration set exists in this repository; empirical: not empirically validated; no comparison against real project outcomes exists,Arithmetic independently verified for the stated formula.,Not validated and not calibrated. No empirical evidence of predictive performance is held for this module. Stated proxy: membership intervals that are designed constants.,yes,CORRECTED,implemented and computed by the server,known-answer case in the Run 6 suite,none in the repository,stated proxy qualifier present,not calibrated; no calibration set exists in this repository,not empirically validated; no comparison against real project outcomes exists,not required by this module,does not vote,Arithmetic independently verified for the stated formula.
B2.14,Maximum Entropy,unqualified 'Validated by ...' in the handbook accreditation basis,known answer: known-answer case in the Run 6 suite; boundary: none in the repository; calibration: not calibrated; no calibration set exists in this repository; empirical: not empirically validated; no comparison against real project outcomes exists,Arithmetic independently verified for the stated formula.,"Not validated and not calibrated. No empirical evidence of predictive performance is held for this module. Stated proxy: entropy over designed state probabilities; measures the lookup, not the project.",yes,CORRECTED,implemented and computed by the server,known-answer case in the Run 6 suite,none in the repository,stated proxy qualifier present,not calibrated; no calibration set exists in this repository,not empirically validated; no comparison against real project outcomes exists,not required by this module,does not vote,Arithmetic independently verified for the stated formula.
B2.15,Possibility Theory,unqualified 'Validated by ...' in the handbook accreditation basis,known answer: known-answer case in the Run 6 suite; boundary: none in the repository; calibration: not calibrated; no calibration set exists in this repository; empirical: not empirically validated; no comparison against real project outcomes exists,Arithmetic independently verified for the stated formula.,Not validated and not calibrated. No empirical evidence of predictive performance is held for this module. Stated proxy: fixed mappings from raw metrics; no governed possibility distribution.,yes,CORRECTED,implemented and computed by the server,known-answer case in the Run 6 suite,none in the repository,stated proxy qualifier present,not calibrated; no calibration set exists in this repository,not empirically validated; no comparison against real project outcomes exists,not required by this module,does not vote,Arithmetic independently verified for the stated formula.
B2.16,Spherical Fuzzy Sets,unqualified 'Validated by ...' in the handbook accreditation basis,known answer: known-answer case in the Run 6 suite; boundary: none in the repository; calibration: not calibrated; no calibration set exists in this repository; empirical: not empirically validated; no comparison against real project outcomes exists,Arithmetic independently verified for the stated formula.,Not validated and not calibrated. No empirical evidence of predictive performance is held for this module. Stated proxy: algebraically bounded but fixed memberships on raw unqualified inputs.,yes,CORRECTED,implemented and computed by the server,known-answer case in the Run 6 suite,none in the repository,stated proxy qualifier present,not calibrated; no calibration set exists in this repository,not empirically validated; no comparison against real project outcomes exists,not required by this module,does not vote,Arithmetic independently verified for the stated formula.
B2.17,Fermatean Fuzzy Sets,unqualified 'Validated by ...' in the handbook accreditation basis,known answer: known-answer case in the Run 6 suite; boundary: none in the repository; calibration: not calibrated; no calibration set exists in this repository; empirical: not empirically validated; no comparison against real project outcomes exists,Arithmetic independently verified for the stated formula.,"Not validated and not calibrated. No empirical evidence of predictive performance is held for this module. Stated proxy: formula-shaped with designed memberships, no empirical or elicitation basis.",yes,CORRECTED,implemented and computed by the server,known-answer case in the Run 6 suite,none in the repository,stated proxy qualifier present,not calibrated; no calibration set exists in this repository,not empirically validated; no comparison against real project outcomes exists,not required by this module,does not vote,Arithmetic independently verified for the stated formula.
B2.18,MARCOS Ranking,unqualified 'Validated by ...' in the handbook accreditation basis,known answer: none in the repository; boundary: domain and boundary enumeration recorded in a committed audit artefact; calibration: not calibrated; no calibration set exists in this repository; empirical: not empirically validated; no comparison against real project outcomes exists,Implemented as stated. No independent verification of its arithmetic is held in the repository.,Not validated and not calibrated. No empirical evidence of predictive performance is held for this module.,yes,QUALIFIED,implemented and computed by the server,none in the repository,domain and boundary enumeration recorded in a committed audit artefact,band boundaries sourced or definitional; see the module's band note,not calibrated; no calibration set exists in this repository,not empirically validated; no comparison against real project outcomes exists,not required by this module,does not vote,Implemented as stated. No independent verification of its arithmetic is held in the repository.
B2.19,CRITIC-TOPSIS,unqualified 'Validated by ...' in the handbook accreditation basis,known answer: none in the repository; boundary: domain and boundary enumeration recorded in a committed audit artefact; calibration: not calibrated; no calibration set exists in this repository; empirical: not empirically validated; no comparison against real project outcomes exists,Implemented as stated. No independent verification of its arithmetic is held in the repository.,Not validated and not calibrated. No empirical evidence of predictive performance is held for this module.,yes,QUALIFIED,implemented and computed by the server,none in the repository,domain and boundary enumeration recorded in a committed audit artefact,band boundaries sourced or definitional; see the module's band note,not calibrated; no calibration set exists in this repository,not empirically validated; no comparison against real project outcomes exists,required and enforced by the canonical-structure layer,does not vote,Implemented as stated. No independent verification of its arithmetic is held in the repository.
B2.20,Hypersoft Sets,no per-module claim (disabled),known answer: none in the repository; boundary: none in the repository; calibration: not calibrated; no calibration set exists in this repository; empirical: not empirically validated; no comparison against real project outcomes exists,No claim. The module is disabled and does not compute.,Not validated and not calibrated. No empirical evidence of predictive performance is held for this module.,yes,NO CLAIM,"disabled: concept only, refused before its formula is reached",none in the repository,none in the repository,band boundaries sourced or definitional; see the module's band note,not calibrated; no calibration set exists in this repository,not empirically validated; no comparison against real project outcomes exists,not required by this module,does not vote,No claim. The module is disabled and does not compute.
B3.1,ABM Governance Layer,unqualified 'Validated by ...' in the handbook accreditation basis,known answer: known-answer case in the Run 6 suite; boundary: none in the repository; calibration: not calibrated; no calibration set exists in this repository; empirical: not empirically validated; no comparison against real project outcomes exists,Arithmetic independently verified for the stated formula.,Not validated and not calibrated. No empirical evidence of predictive performance is held for this module.,yes,CORRECTED,implemented and computed by the server,known-answer case in the Run 6 suite,none in the repository,band boundaries sourced or definitional; see the module's band note,not calibrated; no calibration set exists in this repository,not empirically validated; no comparison against real project outcomes exists,not required by this module,does not vote,Arithmetic independently verified for the stated formula.
B3.2,FAR Threshold Monitor,unqualified 'Validated by ...' in the handbook accreditation basis,known answer: known-answer case in the Run 6 suite; boundary: domain and boundary enumeration recorded in a committed audit artefact; calibration: not calibrated; no calibration set exists in this repository; empirical: not empirically validated; no comparison against real project outcomes exists,Arithmetic independently verified for the stated formula.,Not validated and not calibrated. No empirical evidence of predictive performance is held for this module.,yes,CORRECTED,implemented and computed by the server,known-answer case in the Run 6 suite,domain and boundary enumeration recorded in a committed audit artefact,band boundaries sourced or definitional; see the module's band note,not calibrated; no calibration set exists in this repository,not empirically validated; no comparison against real project outcomes exists,not required by this module,does not vote,Arithmetic independently verified for the stated formula.
B3.3,OMB A-11 Check,unqualified 'Validated by ...' in the handbook accreditation basis,known answer: known-answer case in the Run 6 suite; boundary: none in the repository; calibration: not calibrated; no calibration set exists in this repository; empirical: not empirically validated; no comparison against real project outcomes exists,Arithmetic independently verified for the stated formula.,Not validated and not calibrated. No empirical evidence of predictive performance is held for this module.,yes,CORRECTED,implemented and computed by the server,known-answer case in the Run 6 suite,none in the repository,band boundaries sourced or definitional; see the module's band note,not calibrated; no calibration set exists in this repository,not empirically validated; no comparison against real project outcomes exists,not required by this module,does not vote,Arithmetic independently verified for the stated formula.
B3.4,EVM Reporting Threshold,unqualified 'Validated by ...' in the handbook accreditation basis,known answer: known-answer case in the Run 6 suite; boundary: none in the repository; calibration: not calibrated; no calibration set exists in this repository; empirical: not empirically validated; no comparison against real project outcomes exists,Arithmetic independently verified for the stated formula.,Not validated and not calibrated. No empirical evidence of predictive performance is held for this module.,yes,CORRECTED,implemented and computed by the server,known-answer case in the Run 6 suite,none in the repository,band boundaries sourced or definitional; see the module's band note,not calibrated; no calibration set exists in this repository,not empirically validated; no comparison against real project outcomes exists,not required by this module,does not vote,Arithmetic independently verified for the stated formula.
B3.5,Contract Modification Frequency,unqualified 'Validated by ...' in the handbook accreditation basis,known answer: known-answer case in the Run 6 suite; boundary: none in the repository; calibration: not calibrated; no calibration set exists in this repository; empirical: not empirically validated; no comparison against real project outcomes exists,Arithmetic independently verified for the stated formula.,Not validated and not calibrated. No empirical evidence of predictive performance is held for this module. Stated proxy: a raw modification count; not a frequency without a denominator.,yes,CORRECTED,implemented and computed by the server,known-answer case in the Run 6 suite,none in the repository,stated proxy qualifier present,not calibrated; no calibration set exists in this repository,not empirically validated; no comparison against real project outcomes exists,not required by this module,does not vote,Arithmetic independently verified for the stated formula.
B4.1,Multi-Objective Optimization,no per-module claim (disabled),known answer: none in the repository; boundary: none in the repository; calibration: not calibrated; no calibration set exists in this repository; empirical: not empirically validated; no comparison against real project outcomes exists,No claim. The module is disabled and does not compute.,Not validated and not calibrated. No empirical evidence of predictive performance is held for this module.,yes,NO CLAIM,"disabled: concept only, refused before its formula is reached",none in the repository,none in the repository,band boundaries sourced or definitional; see the module's band note,not calibrated; no calibration set exists in this repository,not empirically validated; no comparison against real project outcomes exists,not required by this module,does not vote,No claim. The module is disabled and does not compute.
B4.2,Linear Programming,no per-module claim (disabled),known answer: none in the repository; boundary: none in the repository; calibration: not calibrated; no calibration set exists in this repository; empirical: not empirically validated; no comparison against real project outcomes exists,No claim. The module is disabled and does not compute.,Not validated and not calibrated. No empirical evidence of predictive performance is held for this module.,yes,NO CLAIM,"disabled: concept only, refused before its formula is reached",none in the repository,none in the repository,band boundaries sourced or definitional; see the module's band note,not calibrated; no calibration set exists in this repository,not empirically validated; no comparison against real project outcomes exists,not required by this module,does not vote,No claim. The module is disabled and does not compute.
B4.3,Constraint Satisfaction Analysis,unqualified 'Validated by ...' in the handbook accreditation basis,known answer: known-answer case in the Run 6 suite; boundary: none in the repository; calibration: not calibrated; no calibration set exists in this repository; empirical: not empirically validated; no comparison against real project outcomes exists,Arithmetic independently verified for the stated formula.,"Not validated and not calibrated. No empirical evidence of predictive performance is held for this module. Stated proxy: an explainable four-rule checklist, not a constraint-satisfaction solver.",yes,CORRECTED,implemented and computed by the server,known-answer case in the Run 6 suite,none in the repository,stated proxy qualifier present,not calibrated; no calibration set exists in this repository,not empirically validated; no comparison against real project outcomes exists,not required by this module,does not vote,Arithmetic independently verified for the stated formula.
B4.4,What-If Scenario Matrix,unqualified 'Validated by ...' in the handbook accreditation basis,known answer: known-answer case in the Run 6 suite; boundary: none in the repository; calibration: not calibrated; no calibration set exists in this repository; empirical: not empirically validated; no comparison against real project outcomes exists,Arithmetic independently verified for the stated formula.,Not validated and not calibrated. No empirical evidence of predictive performance is held for this module. Stated proxy: four deterministic EAC variants; not an action-by-scenario matrix or optimiser.,yes,CORRECTED,implemented and computed by the server,known-answer case in the Run 6 suite,none in the repository,stated proxy qualifier present,not calibrated; no calibration set exists in this repository,not empirically validated; no comparison against real project outcomes exists,not required by this module,does not vote,Arithmetic independently verified for the stated formula.
B4.5,Decision Sensitivity Matrix,no per-module claim (disabled),known answer: none in the repository; boundary: none in the repository; calibration: not calibrated; no calibration set exists in this repository; empirical: not empirically validated; no comparison against real project outcomes exists,No claim. The module is disabled and does not compute.,Not validated and not calibrated. No empirical evidence of predictive performance is held for this module.,yes,NO CLAIM,"disabled: concept only, refused before its formula is reached",none in the repository,none in the repository,band boundaries sourced or definitional; see the module's band note,not calibrated; no calibration set exists in this repository,not empirically validated; no comparison against real project outcomes exists,not required by this module,does not vote,No claim. The module is disabled and does not compute.
B4.6,Pareto Frontier Analysis,no per-module claim (disabled),known answer: none in the repository; boundary: none in the repository; calibration: not calibrated; no calibration set exists in this repository; empirical: not empirically validated; no comparison against real project outcomes exists,No claim. The module is disabled and does not compute.,Not validated and not calibrated. No empirical evidence of predictive performance is held for this module.,yes,NO CLAIM,"disabled: concept only, refused before its formula is reached",none in the repository,none in the repository,band boundaries sourced or definitional; see the module's band note,not calibrated; no calibration set exists in this repository,not empirically validated; no comparison against real project outcomes exists,not required by this module,does not vote,No claim. The module is disabled and does not compute.
B4.7,Regret Minimization Index,unqualified 'Validated by ...' in the handbook accreditation basis,known answer: known-answer case in the Run 6 suite; boundary: none in the repository; calibration: not calibrated; no calibration set exists in this repository; empirical: not empirically validated; no comparison against real project outcomes exists,Arithmetic independently verified for the stated formula.,Not validated and not calibrated. No empirical evidence of predictive performance is held for this module.,yes,CORRECTED,implemented and computed by the server,known-answer case in the Run 6 suite,none in the repository,band boundaries sourced or definitional; see the module's band note,not calibrated; no calibration set exists in this repository,not empirically validated; no comparison against real project outcomes exists,not required by this module,does not vote,Arithmetic independently verified for the stated formula.
C1.1,Missing Data Index,unqualified 'Validated by ...' in the handbook accreditation basis,known answer: known-answer case in the Run 6 suite; boundary: none in the repository; calibration: not calibrated; no calibration set exists in this repository; empirical: not empirically validated; no comparison against real project outcomes exists,Arithmetic independently verified for the stated formula.,Not validated and not calibrated. No empirical evidence of predictive performance is held for this module.,yes,CORRECTED,implemented and computed by the server,known-answer case in the Run 6 suite,none in the repository,band boundaries sourced or definitional; see the module's band note,not calibrated; no calibration set exists in this repository,not empirically validated; no comparison against real project outcomes exists,not required by this module,does not vote,Arithmetic independently verified for the stated formula.
C1.2,Data Timeliness Score,unqualified 'Validated by ...' in the handbook accreditation basis,known answer: known-answer case in the Run 6 suite; boundary: none in the repository; calibration: not calibrated; no calibration set exists in this repository; empirical: not empirically validated; no comparison against real project outcomes exists,Arithmetic independently verified for the stated formula.,Not validated and not calibrated. No empirical evidence of predictive performance is held for this module.,yes,CORRECTED,implemented and computed by the server,known-answer case in the Run 6 suite,none in the repository,band boundaries sourced or definitional; see the module's band note,not calibrated; no calibration set exists in this repository,not empirically validated; no comparison against real project outcomes exists,not required by this module,does not vote,Arithmetic independently verified for the stated formula.
C1.3,Source Reliability Weighting,unqualified 'Validated by ...' in the handbook accreditation basis,known answer: known-answer case in the Run 6 suite; boundary: none in the repository; calibration: not calibrated; no calibration set exists in this repository; empirical: not empirically validated; no comparison against real project outcomes exists,Arithmetic independently verified for the stated formula.,Not validated and not calibrated. No empirical evidence of predictive performance is held for this module.,yes,CORRECTED,implemented and computed by the server,known-answer case in the Run 6 suite,none in the repository,band boundaries sourced or definitional; see the module's band note,not calibrated; no calibration set exists in this repository,not empirically validated; no comparison against real project outcomes exists,not required by this module,does not vote,Arithmetic independently verified for the stated formula.
C1.4,Audit Trail Completeness,unqualified 'Validated by ...' in the handbook accreditation basis,known answer: known-answer case in the Run 6 suite; boundary: none in the repository; calibration: not calibrated; no calibration set exists in this repository; empirical: not empirically validated; no comparison against real project outcomes exists,Arithmetic independently verified for the stated formula.,Not validated and not calibrated. No empirical evidence of predictive performance is held for this module.,yes,CORRECTED,implemented and computed by the server,known-answer case in the Run 6 suite,none in the repository,band boundaries sourced or definitional; see the module's band note,not calibrated; no calibration set exists in this repository,not empirically validated; no comparison against real project outcomes exists,not required by this module,does not vote,Arithmetic independently verified for the stated formula.
C1.5,Information Completeness Ratio,unqualified 'Validated by ...' in the handbook accreditation basis,known answer: known-answer case in the Run 6 suite; boundary: none in the repository; calibration: not calibrated; no calibration set exists in this repository; empirical: not empirically validated; no comparison against real project outcomes exists,Arithmetic independently verified for the stated formula.,Not validated and not calibrated. No empirical evidence of predictive performance is held for this module.,yes,CORRECTED,implemented and computed by the server,known-answer case in the Run 6 suite,none in the repository,band boundaries sourced or definitional; see the module's band note,not calibrated; no calibration set exists in this repository,not empirically validated; no comparison against real project outcomes exists,not required by this module,does not vote,Arithmetic independently verified for the stated formula.
C1.6,Cross-document Consistency Score,unqualified 'Validated by ...' in the handbook accreditation basis,known answer: known-answer case in the Run 6 suite; boundary: none in the repository; calibration: not calibrated; no calibration set exists in this repository; empirical: not empirically validated; no comparison against real project outcomes exists,Arithmetic independently verified for the stated formula.,Not validated and not calibrated. No empirical evidence of predictive performance is held for this module.,yes,CORRECTED,implemented and computed by the server,known-answer case in the Run 6 suite,none in the repository,band boundaries sourced or definitional; see the module's band note,not calibrated; no calibration set exists in this repository,not empirically validated; no comparison against real project outcomes exists,not required by this module,does not vote,Arithmetic independently verified for the stated formula.
C1.7,Reporting Frequency Index,unqualified 'Validated by ...' in the handbook accreditation basis,known answer: known-answer case in the Run 6 suite; boundary: none in the repository; calibration: not calibrated; no calibration set exists in this repository; empirical: not empirically validated; no comparison against real project outcomes exists,Arithmetic independently verified for the stated formula.,Not validated and not calibrated. No empirical evidence of predictive performance is held for this module.,yes,CORRECTED,implemented and computed by the server,known-answer case in the Run 6 suite,none in the repository,band boundaries sourced or definitional; see the module's band note,not calibrated; no calibration set exists in this repository,not empirically validated; no comparison against real project outcomes exists,not required by this module,does not vote,Arithmetic independently verified for the stated formula.
D1.1,Isolation Forest,unqualified 'Validated by ...' in the handbook accreditation basis,known answer: known-answer case in the Run 6 suite; boundary: none in the repository; calibration: not calibrated; no calibration set exists in this repository; empirical: not empirically validated; no comparison against real project outcomes exists,Arithmetic independently verified for the stated formula.,Not validated and not calibrated. No empirical evidence of predictive performance is held for this module.,yes,CORRECTED,implemented and computed by the server,known-answer case in the Run 6 suite,none in the repository,band boundaries sourced or definitional; see the module's band note,not calibrated; no calibration set exists in this repository,not empirically validated; no comparison against real project outcomes exists,not required by this module,does not vote,Arithmetic independently verified for the stated formula.
D1.2,Portfolio Outlier Detection,unqualified 'Validated by ...' in the handbook accreditation basis,known answer: known-answer case in the Run 6 suite; boundary: none in the repository; calibration: not calibrated; no calibration set exists in this repository; empirical: not empirically validated; no comparison against real project outcomes exists,Arithmetic independently verified for the stated formula.,Not validated and not calibrated. No empirical evidence of predictive performance is held for this module. Stated proxy: an empirical CPI and SPI percentile rank; small-n behaviour and bands unvalidated.,yes,CORRECTED,implemented and computed by the server,known-answer case in the Run 6 suite,none in the repository,stated proxy qualifier present,not calibrated; no calibration set exists in this repository,not empirically validated; no comparison against real project outcomes exists,not required by this module,does not vote,Arithmetic independently verified for the stated formula.
D1.3,Signal Trajectory Classifier,unqualified 'Validated by ...' in the handbook accreditation basis,known answer: known-answer case in the Run 6 suite; boundary: none in the repository; calibration: not calibrated; no calibration set exists in this repository; empirical: not empirically validated; no comparison against real project outcomes exists,Arithmetic independently verified for the stated formula.,Not validated and not calibrated. No empirical evidence of predictive performance is held for this module.,yes,CORRECTED,implemented and computed by the server,known-answer case in the Run 6 suite,none in the repository,band boundaries sourced or definitional; see the module's band note,not calibrated; no calibration set exists in this repository,not empirically validated; no comparison against real project outcomes exists,not required by this module,does not vote,Arithmetic independently verified for the stated formula.
D1.4,Cross-project Pattern Detector,unqualified 'Validated by ...' in the handbook accreditation basis,known answer: known-answer case in the Run 6 suite; boundary: none in the repository; calibration: not calibrated; no calibration set exists in this repository; empirical: not empirically validated; no comparison against real project outcomes exists,Arithmetic independently verified for the stated formula.,Not validated and not calibrated. No empirical evidence of predictive performance is held for this module.,yes,CORRECTED,implemented and computed by the server,known-answer case in the Run 6 suite,none in the repository,band boundaries sourced or definitional; see the module's band note,not calibrated; no calibration set exists in this repository,not empirically validated; no comparison against real project outcomes exists,not required by this module,does not vote,Arithmetic independently verified for the stated formula.
D1.5,Anomaly Score,unqualified 'Validated by ...' in the handbook accreditation basis,known answer: known-answer case in the Run 6 suite; boundary: none in the repository; calibration: not calibrated; no calibration set exists in this repository; empirical: not empirically validated; no comparison against real project outcomes exists,Arithmetic independently verified for the stated formula.,Not validated and not calibrated. No empirical evidence of predictive performance is held for this module.,yes,CORRECTED,implemented and computed by the server,known-answer case in the Run 6 suite,none in the repository,band boundaries sourced or definitional; see the module's band note,not calibrated; no calibration set exists in this repository,not empirically validated; no comparison against real project outcomes exists,not required by this module,does not vote,Arithmetic independently verified for the stated formula.
