module_id,canonical_name,layer,category,enabled,disabled,voting,implementation_path,expected_method_from_registry,actual_method_implemented,required_inputs,canonical_structure_required,canonical_structure_used,test_cases_executed,nominal_result,expected_nominal_result,boundary_result,domain_result,missingness_result,malformed_input_result,canonical_structure_result,property_test_result,real_execution_path_result,mutation_proof_result,browser_parity_if_applicable,portfolio_behavior_if_applicable,observed_discrepancies,defect_class_if_observed,severity_if_observed,oracle_source,oracle_confidence,verification_limitations,production_change_required_to_match_current_contract,factual_result
A1.1,Monte Carlo EAC,PROJECT,A1,YES,NO,NO,server/app/simulation/models.py::run_monte_carlo_module,Monte Carlo EAC,models.run_monte_carlo_module,,,,4,"computed, band Red",value fixed by a committed hand-derived known-answer case,"0 numeric inputs driven to zero, impossible, extreme and near-zero, and to negative where the field contract permits a negative",every reachable out-of-domain value contained,0 single-input removals exercised; no removal improved the reading,6 malformed values x 0 inputs; a null value is contained,NOT_APPLICABLE: no defining structure declared,deterministic on an identical input; band is inside the governed four-band vocabulary; abstention carries a reader sentence,computed on compute_project,"PROVEN: comparison operators reversed, in the helper it delegates to (3 sites, isolated copy)",recorded by the Gate 10 pass,,,,,"contract oracle: registry, canonical and abstention contracts (independent of production arithmetic); numeric oracle: hand-derived literals in test_run2_fifteen_defects.py, test_run8_retest_classify_27.py",MEDIUM,stochastic: exercised on the fixed seeded generator,,MATCH
A1.2,CUSUM Anomaly Monitor,PROJECT,A1,YES,NO,NO,server/app/simulation/models.py::run_cusum_module,CUSUM Anomaly Monitor,"models.run_cusum_module (proxy: hard-coded transformations of two-sided CUSUM on real SPI history; k, H, sigma f)",,,,4,ABSTAINED: Awaiting history (2 periods needed),NOT INDEPENDENTLY ESTABLISHED: no committed hand-derived expected value and no governed reference value for this module,"0 numeric inputs driven to zero, impossible, extreme and near-zero, and to negative where the field contract permits a negative",every reachable out-of-domain value contained,0 single-input removals exercised; no removal improved the reading,6 malformed values x 0 inputs; a null value is contained,NOT_APPLICABLE: no defining structure declared,deterministic on an identical input; abstention carries a reader sentence,"abstained on compute_project, reason recorded","PROVEN: every branch guard inverted, in the helper it delegates to (2 sites, isolated copy)",recorded by the Gate 10 pass,,,,,"contract oracle: registry, canonical and abstention contracts (independent of production arithmetic); NO independent numeric oracle",LOW,"stochastic: exercised on the fixed seeded generator; contract dimensions all conform, but no independent numeric oracle exists for the nominal value, so the reading itself is unverified",,NOT_TESTABLE
A1.3,Bayesian EAC,PROJECT,A1,YES,NO,NO,server/app/simulation/models_evm.py::run_bayesian_eac,Bayesian EAC,"models_evm.run_bayesian_eac (proxy: Normal-normal updating with designed constant variances, not a governed Bayesian)","bac, cpi",,,26,"computed, band Yellow",value fixed by a committed hand-derived known-answer case,"2 numeric inputs driven to zero, impossible, extreme and near-zero, and to negative where the field contract permits a negative","every reachable out-of-domain value contained; no upper bound on an unbounded quantity, a very large value bands better: cpi",2 single-input removals exercised; no removal improved the reading,6 malformed values x 2 inputs; a null value is contained; not contained in the analytical layer but refused upstream by the numeric contract: bac='not-a-number':TypeError; bac=nan:ValueError; bac=inf:ZeroDivisionError,NOT_APPLICABLE: no defining structure declared,deterministic on an identical input; band is inside the governed four-band vocabulary; abstention carries a reader sentence,computed on compute_project,"PROVEN: comparison operators reversed (4 sites, isolated copy)",recorded by the Gate 10 pass,,,,,"contract oracle: registry, canonical and abstention contracts (independent of production arithmetic); numeric oracle: hand-derived literals in test_run6_known_answer.py",MEDIUM,,,MATCH
A1.4,Kalman Filter SPI Smoother,PROJECT,A1,YES,NO,NO,server/app/simulation/models_evm.py::run_kalman_filter,Kalman Filter SPI Smoother,"models_evm.run_kalman_filter (proxy: Scalar Kalman recursion with fixed Q and R, short history, no calibrated filteri)",,,,4,ABSTAINED: Awaiting history (2 periods needed),value fixed by a committed hand-derived known-answer case,"0 numeric inputs driven to zero, impossible, extreme and near-zero, and to negative where the field contract permits a negative",every reachable out-of-domain value contained,0 single-input removals exercised; no removal improved the reading,6 malformed values x 0 inputs; a null value is contained,NOT_APPLICABLE: no defining structure declared,deterministic on an identical input; abstention carries a reader sentence,"abstained on compute_project, reason recorded","PROVEN: comparison operators reversed (6 sites, isolated copy)",recorded by the Gate 10 pass,,,,,"contract oracle: registry, canonical and abstention contracts (independent of production arithmetic); numeric oracle: hand-derived literals in test_run6_known_answer.py",MEDIUM,,,MATCH
A1.5,ARIMA CPI Forecast,PROJECT,A1,YES,NO,NO,server/app/simulation/models_evm.py::run_arima_forecast,ARIMA CPI Forecast,models_evm.run_arima_forecast,,,,4,ABSTAINED: Awaiting history (3 periods needed),value fixed by a committed hand-derived known-answer case,"0 numeric inputs driven to zero, impossible, extreme and near-zero, and to negative where the field contract permits a negative",every reachable out-of-domain value contained,0 single-input removals exercised; no removal improved the reading,6 malformed values x 0 inputs; a null value is contained,NOT_APPLICABLE: no defining structure declared,deterministic on an identical input; abstention carries a reader sentence,"abstained on compute_project, reason recorded","PROVEN: comparison operators reversed (7 sites, isolated copy)",recorded by the Gate 10 pass,,,,,"contract oracle: registry, canonical and abstention contracts (independent of production arithmetic); numeric oracle: hand-derived literals in test_run10_bucket2_corrections.py, test_run8_retest_classify_27.py",MEDIUM,,,MATCH
A1.6,Earned Schedule,PROJECT,A1,YES,NO,NO,server/app/simulation/models_evm.py::run_earned_schedule,Earned Schedule,models_evm.run_earned_schedule,"actualPctComplete, baselineEnd, baselineStart, plannedPctComplete",,,40,"computed, band Amber",value fixed by a committed hand-derived known-answer case,"2 numeric inputs driven to zero, impossible, extreme and near-zero, and to negative where the field contract permits a negative",every reachable out-of-domain value contained,4 single-input removals exercised; no removal improved the reading,6 malformed values x 4 inputs; a null value is contained,NOT_APPLICABLE: no defining structure declared,deterministic on an identical input; band is inside the governed four-band vocabulary; abstention carries a reader sentence,computed on compute_project,"PROVEN: comparison operators reversed (6 sites, isolated copy)",recorded by the Gate 10 pass,,,,,"contract oracle: registry, canonical and abstention contracts (independent of production arithmetic); numeric oracle: hand-derived literals in test_run10_bucket2_corrections.py, test_run8_retest_classify_27.py",MEDIUM,,,MATCH
A1.7,TCPI,PROJECT,A1,YES,NO,YES,server/app/simulation/models_evm.py::run_tcpi,TCPI,models_evm.run_tcpi,"ac, bac, ev",,,37,"computed, band Amber",value fixed by a committed hand-derived known-answer case,"3 numeric inputs driven to zero, impossible, extreme and near-zero, and to negative where the field contract permits a negative","every reachable out-of-domain value contained; no upper bound on an unbounded quantity, a very large value bands better: ac",3 single-input removals exercised; no removal improved the reading,6 malformed values x 3 inputs; a null value is contained,NOT_APPLICABLE: no defining structure declared,deterministic on an identical input; band is inside the governed four-band vocabulary; abstention carries a reader sentence,computed on compute_project,"PROVEN: comparison operators reversed (9 sites, isolated copy)",recorded by the Gate 10 pass,,,,,"contract oracle: registry, canonical and abstention contracts (independent of production arithmetic); numeric oracle: hand-derived literals in test_run13_module_evidence.py (hand-derived in this run)",MEDIUM,,,MATCH
A1.8,Variance at Completion,PROJECT,A1,YES,NO,YES,server/app/simulation/models_evm.py::run_vac,Variance at Completion,models_evm.run_vac,"bac, cpi",,,26,"computed, band Amber",value fixed by a committed hand-derived known-answer case,"2 numeric inputs driven to zero, impossible, extreme and near-zero, and to negative where the field contract permits a negative","every reachable out-of-domain value contained; no upper bound on an unbounded quantity, a very large value bands better: cpi",2 single-input removals exercised; no removal improved the reading,6 malformed values x 2 inputs; a null value is contained; not contained in the analytical layer but refused upstream by the numeric contract: bac='not-a-number':TypeError; bac=[]:TypeError; bac={}:TypeError,NOT_APPLICABLE: no defining structure declared,deterministic on an identical input; band is inside the governed four-band vocabulary; abstention carries a reader sentence,computed on compute_project,"PROVEN: comparison operators reversed (4 sites, isolated copy)",recorded by the Gate 10 pass,,,,,"contract oracle: registry, canonical and abstention contracts (independent of production arithmetic); numeric oracle: hand-derived literals in test_run13_module_evidence.py (hand-derived in this run)",MEDIUM,,,MATCH
A1.9,Budget Execution Rate,PROJECT,A1,YES,NO,NO,server/app/simulation/models_evm.py::run_budget_execution,Budget Execution Rate,"models_evm.run_budget_execution (proxy: an expenditure-versus-progress control ratio, not a standardised statistical tes)","ac, actualPctComplete, bac",,,37,"computed, band Green",value fixed by a committed hand-derived known-answer case,"3 numeric inputs driven to zero, impossible, extreme and near-zero, and to negative where the field contract permits a negative",every reachable out-of-domain value contained,3 single-input removals exercised; no removal improved the reading,6 malformed values x 3 inputs; a null value is contained,NOT_APPLICABLE: no defining structure declared,deterministic on an identical input; band is inside the governed four-band vocabulary; abstention carries a reader sentence,computed on compute_project,"PROVEN: comparison operators reversed (9 sites, isolated copy)",recorded by the Gate 10 pass,,,,,"contract oracle: registry, canonical and abstention contracts (independent of production arithmetic); numeric oracle: hand-derived literals in test_run6_known_answer.py",MEDIUM,,,MATCH
A1.10,Regression to Mean CPI,PROJECT,A1,YES,NO,NO,server/app/simulation/models_evm.py::run_regression_to_mean,Regression to Mean CPI,models_evm.run_regression_to_mean (proxy: fixed 50 per cent shrinkage toward historical mean; coefficient not estimated),,,,4,ABSTAINED: Awaiting history (2 periods needed),value fixed by a committed hand-derived known-answer case,"0 numeric inputs driven to zero, impossible, extreme and near-zero, and to negative where the field contract permits a negative",every reachable out-of-domain value contained,0 single-input removals exercised; no removal improved the reading,6 malformed values x 0 inputs; a null value is contained,NOT_APPLICABLE: no defining structure declared,deterministic on an identical input; abstention carries a reader sentence,"abstained on compute_project, reason recorded","PROVEN: comparison operators reversed (4 sites, isolated copy)",recorded by the Gate 10 pass,,,,,"contract oracle: registry, canonical and abstention contracts (independent of production arithmetic); numeric oracle: hand-derived literals in test_run6_known_answer.py",MEDIUM,,,MATCH
A1.11,ICE Ratio,PROJECT,A1,YES,NO,NO,server/app/simulation/models_evm.py::run_ice_ratio,ICE Ratio,models_evm.run_ice_ratio,"ac, bac, cpi, ev",,,48,"computed, band Yellow",value fixed by a committed hand-derived known-answer case,"4 numeric inputs driven to zero, impossible, extreme and near-zero, and to negative where the field contract permits a negative",every reachable out-of-domain value contained,4 single-input removals exercised; no removal improved the reading,6 malformed values x 4 inputs; a null value is contained; not contained in the analytical layer but refused upstream by the numeric contract: ac='not-a-number':TypeError; ac=[]:TypeError; ac={}:TypeError,NOT_APPLICABLE: no defining structure declared,deterministic on an identical input; band is inside the governed four-band vocabulary; abstention carries a reader sentence,computed on compute_project,"PROVEN: comparison operators reversed (5 sites, isolated copy)",recorded by the Gate 10 pass,,,,,"contract oracle: registry, canonical and abstention contracts (independent of production arithmetic); numeric oracle: hand-derived literals in test_run10_bucket2_corrections.py, test_run8_retest_classify_27.py",MEDIUM,,,MATCH
A2.1,PERT Network Criticality,PROJECT,A2,YES,NO,NO,server/app/simulation/models.py::run_pert,PERT Network Criticality,models.run_pert,,,,4,"ABSTAINED: This method needs the project's activity network: the activities, the logic between them and a three-point duration for each. No such network has been recorded ",value fixed by a committed hand-derived known-answer case,"0 numeric inputs driven to zero, impossible, extreme and near-zero, and to negative where the field contract permits a negative",every reachable out-of-domain value contained,0 single-input removals exercised; no removal improved the reading,6 malformed values x 0 inputs; a null value is contained,NOT_APPLICABLE: no defining structure declared,deterministic on an identical input; abstention carries a reader sentence,"abstained on compute_project, reason recorded",UNCONDITIONAL_ABSTENTION_NO_FAULT_POSSIBLE: no fault site exists,recorded by the Gate 10 pass,,,,,"contract oracle: registry, canonical and abstention contracts (independent of production arithmetic); numeric oracle: hand-derived literals in test_run10_bucket2_corrections.py, test_run7_fix_now_defects.py, test_run8_retest_classify_27.py",MEDIUM,stochastic: exercised on the fixed seeded generator,,MATCH
A2.2,Line of Balance,PROJECT,A2,YES,NO,NO,server/app/simulation/models.py::run_lob,Line of Balance,models.run_lob,,lobStructure,lobStructure,9,"computed, band Green",value fixed by a committed hand-derived known-answer case,"0 numeric inputs driven to zero, impossible, extreme and near-zero, and to negative where the field contract permits a negative",every reachable out-of-domain value contained,0 single-input removals exercised; no removal improved the reading,6 malformed values x 0 inputs; a null value is contained,abstains without the structure and computes with it,deterministic on an identical input; band is inside the governed four-band vocabulary; abstention carries a reader sentence,computed on compute_project,"PROVEN: comparison operators reversed (2 sites, isolated copy)",recorded by the Gate 10 pass,,,,,"contract oracle: registry, canonical and abstention contracts (independent of production arithmetic); numeric oracle: hand-derived literals in test_run10b_canonical_integration.py, test_run7_fix_now_defects.py, test_run8_retest_classify_27.py",MEDIUM,,,MATCH
A2.3,CCPM Buffer Health,PROJECT,A2,YES,NO,NO,server/app/simulation/models.py::run_ccpm,CCPM Buffer Health,models.run_ccpm,,ccpmStructure,ccpmStructure,9,"computed, band Amber",value fixed by a committed hand-derived known-answer case,"0 numeric inputs driven to zero, impossible, extreme and near-zero, and to negative where the field contract permits a negative",every reachable out-of-domain value contained,0 single-input removals exercised; no removal improved the reading,6 malformed values x 0 inputs; a null value is contained,abstains without the structure and computes with it,deterministic on an identical input; band is inside the governed four-band vocabulary; abstention carries a reader sentence,computed on compute_project,"PROVEN: comparison operators reversed (2 sites, isolated copy)",recorded by the Gate 10 pass,,,,,"contract oracle: registry, canonical and abstention contracts (independent of production arithmetic); numeric oracle: hand-derived literals in test_run10b_canonical_integration.py, test_run7_fix_now_defects.py, test_run8_retest_classify_27.py",MEDIUM,,,MATCH
A2.4,Schedule Compression Index,PROJECT,A2,YES,NO,NO,server/app/simulation/models_ext.py::run_schedule_compression,Schedule Compression Index,models_ext.run_schedule_compression (proxy: a custom compression ratio; no network-based crashing model or calibrated bands),"actualPctComplete, baselineEnd, baselineStart, spi",,,40,"computed, band Yellow",value fixed by a committed hand-derived known-answer case,"2 numeric inputs driven to zero, impossible, extreme and near-zero, and to negative where the field contract permits a negative","every reachable out-of-domain value contained; no upper bound on an unbounded quantity, a very large value bands better: spi",4 single-input removals exercised; no removal improved the reading,6 malformed values x 4 inputs; a null value is contained; not contained in the analytical layer but refused upstream by the numeric contract: actualPctComplete='not-a-number':TypeError; actualPctComplete=nan:ValueError; actualPctComplete=[]:TypeError,NOT_APPLICABLE: no defining structure declared,deterministic on an identical input; band is inside the governed four-band vocabulary; abstention carries a reader sentence,computed on compute_project,"PROVEN: comparison operators reversed (5 sites, isolated copy)",recorded by the Gate 10 pass,,,,,"contract oracle: registry, canonical and abstention contracts (independent of production arithmetic); numeric oracle: hand-derived literals in test_run6_known_answer.py, test_run7_fix_now_defects.py",MEDIUM,,,MATCH
A2.5,Float Consumption Rate,PROJECT,A2,YES,NO,NO,server/app/simulation/models_ext.py::run_float_consumption,Float Consumption Rate,models_ext.run_float_consumption,"actualPctComplete, consumedFloat, totalFloat",,,39,"computed, band Green",value fixed by a committed hand-derived known-answer case,"3 numeric inputs driven to zero, impossible, extreme and near-zero, and to negative where the field contract permits a negative",every reachable out-of-domain value contained,3 single-input removals exercised; no removal improved the reading,6 malformed values x 3 inputs; a null value is contained; not contained in the analytical layer but refused upstream by the numeric contract: totalFloat='not-a-number':TypeError; totalFloat=inf:OverflowError; totalFloat=[]:TypeError,NOT_APPLICABLE: no defining structure declared,deterministic on an identical input; band is inside the governed four-band vocabulary; abstention carries a reader sentence,computed on compute_project,"PROVEN: comparison operators reversed (6 sites, isolated copy)",recorded by the Gate 10 pass,,,,,"contract oracle: registry, canonical and abstention contracts (independent of production arithmetic); numeric oracle: hand-derived literals in test_run10_bucket2_corrections.py, test_run2_fifteen_defects.py, test_run8_retest_classify_27.py",MEDIUM,,,MATCH
A2.6,S-Curve Deviation,PROJECT,A2,YES,NO,NO,server/app/simulation/models_ext.py::run_scurve_deviation,S-Curve Deviation,"models_ext.run_scurve_deviation (proxy: a single planned versus actual snapshot, not a longitudinal S-curve analysis)","actualPctComplete, ev, plannedPctComplete, pv",,,48,"computed, band Amber",value fixed by a committed hand-derived known-answer case,"4 numeric inputs driven to zero, impossible, extreme and near-zero, and to negative where the field contract permits a negative","every reachable out-of-domain value contained; no upper bound on an unbounded quantity, a very large value bands better: pv",4 single-input removals exercised; no removal improved the reading,6 malformed values x 4 inputs; a null value is contained,NOT_APPLICABLE: no defining structure declared,deterministic on an identical input; band is inside the governed four-band vocabulary; abstention carries a reader sentence,computed on compute_project,"PROVEN: comparison operators reversed (10 sites, isolated copy)",recorded by the Gate 10 pass,,,,,"contract oracle: registry, canonical and abstention contracts (independent of production arithmetic); numeric oracle: hand-derived literals in test_run6_known_answer.py",MEDIUM,,,MATCH
A2.7,Milestone Trend Analysis,PROJECT,A2,YES,NO,NO,server/app/simulation/models_ext.py::run_milestone_trend,Milestone Trend Analysis,"models_ext.run_milestone_trend (proxy: a simplified shift summary on real milestone history, bands uncalibrated)",milestoneHistory,,,11,ABSTAINED: Milestone names not comparable across periods,value fixed by a committed hand-derived known-answer case,"0 numeric inputs driven to zero, impossible, extreme and near-zero, and to negative where the field contract permits a negative",every reachable out-of-domain value contained,1 single-input removals exercised; no removal improved the reading,6 malformed values x 1 inputs; a null value is contained,NOT_APPLICABLE: no defining structure declared,deterministic on an identical input; abstention carries a reader sentence,"abstained on compute_project, reason recorded","PROVEN: comparison operators reversed (7 sites, isolated copy)",recorded by the Gate 10 pass,,,,,"contract oracle: registry, canonical and abstention contracts (independent of production arithmetic); numeric oracle: hand-derived literals in test_run6_known_answer.py",MEDIUM,,,MATCH
A2.8,Look-Ahead Schedule Health,PROJECT,A2,YES,NO,NO,server/app/simulation/models_ext.py::run_lookahead_health,Look-Ahead Schedule Health,models_ext.run_lookahead_health,"activitiesConstrained, activitiesPlanned",,,26,"computed, band Yellow",value fixed by a committed hand-derived known-answer case,"2 numeric inputs driven to zero, impossible, extreme and near-zero, and to negative where the field contract permits a negative","every reachable out-of-domain value contained; no upper bound on an unbounded quantity, a very large value bands better: activitiesPlanned",2 single-input removals exercised; no removal improved the reading,6 malformed values x 2 inputs; a null value is contained; not contained in the analytical layer but refused upstream by the numeric contract: activitiesConstrained='not-a-number':TypeError; activitiesConstrained=nan:ValueError; activitiesConstrained=[]:TypeError,NOT_APPLICABLE: no defining structure declared,deterministic on an identical input; band is inside the governed four-band vocabulary; abstention carries a reader sentence,computed on compute_project,"PROVEN: comparison operators reversed (6 sites, isolated copy)",recorded by the Gate 10 pass,,,,,"contract oracle: registry, canonical and abstention contracts (independent of production arithmetic); numeric oracle: hand-derived literals in test_run6_known_answer.py, test_run7_fix_now_defects.py",MEDIUM,,,MATCH
A2.9,Resource Loading Index,PROJECT,A2,YES,NO,NO,server/app/simulation/models_ext.py::run_resource_loading,Resource Loading Index,models_ext.run_resource_loading,"actualLaborHours, plannedLaborHours",,,26,"computed, band Green",value fixed by a committed hand-derived known-answer case,"2 numeric inputs driven to zero, impossible, extreme and near-zero, and to negative where the field contract permits a negative",every reachable out-of-domain value contained,2 single-input removals exercised; no removal improved the reading,6 malformed values x 2 inputs; a null value is contained,NOT_APPLICABLE: no defining structure declared,deterministic on an identical input; band is inside the governed four-band vocabulary; abstention carries a reader sentence,computed on compute_project,"PROVEN: comparison operators reversed (12 sites, isolated copy)",recorded by the Gate 10 pass,,,,,"contract oracle: registry, canonical and abstention contracts (independent of production arithmetic); numeric oracle: hand-derived literals in test_run10_bucket2_corrections.py, test_run8_retest_classify_27.py",MEDIUM,,,MATCH
A2.10,Schedule Risk Analysis P80,PROJECT,A2,YES,NO,NO,server/app/simulation/models_ext.py::run_schedule_risk,Schedule Risk Analysis P80,models_ext.run_schedule_risk,"actualPctComplete, baselineEnd, baselineStart, spi",,,40,"computed, band Red",value fixed by a committed hand-derived known-answer case,"2 numeric inputs driven to zero, impossible, extreme and near-zero, and to negative where the field contract permits a negative","every reachable out-of-domain value contained; no upper bound on an unbounded quantity, a very large value bands better: spi",4 single-input removals exercised; no removal improved the reading,6 malformed values x 4 inputs; a null value is contained; not contained in the analytical layer but refused upstream by the numeric contract: spi='not-a-number':TypeError; spi=[]:TypeError; spi={}:TypeError,NOT_APPLICABLE: no defining structure declared,deterministic on an identical input; band is inside the governed four-band vocabulary; abstention carries a reader sentence,computed on compute_project,"PROVEN: comparison operators reversed (7 sites, isolated copy)",recorded by the Gate 10 pass,,,,,"contract oracle: registry, canonical and abstention contracts (independent of production arithmetic); numeric oracle: hand-derived literals in test_run10_bucket2_corrections.py, test_run8_retest_classify_27.py",MEDIUM,,,MATCH
A2.11,Critical Path Index,PROJECT,A2,YES,NO,NO,server/app/simulation/models_ext.py::run_critical_path_index,Critical Path Index,models_ext.run_critical_path_index,"actualPctComplete, plannedPctComplete, spi",,,37,"computed, band Amber",value fixed by a committed hand-derived known-answer case,"3 numeric inputs driven to zero, impossible, extreme and near-zero, and to negative where the field contract permits a negative","every reachable out-of-domain value contained; out-of-domain favourable banding: actualPctComplete=impossible-large; no upper bound on an unbounded quantity, a very large value bands better: spi",3 single-input removals exercised; no removal improved the reading,6 malformed values x 3 inputs; a null value is contained; not contained in the analytical layer but refused upstream by the numeric contract: actualPctComplete='not-a-number':TypeError; actualPctComplete=nan:non-finite output; actualPctComplete=inf:non-finite output,NOT_APPLICABLE: no defining structure declared,deterministic on an identical input; band is inside the governed four-band vocabulary; abstention carries a reader sentence,computed on compute_project,"PROVEN: comparison operators reversed (4 sites, isolated copy)",recorded by the Gate 10 pass,,out-of-domain input read as Green: actualPctComplete=impossible-large,out-of-domain input read as Green: actualPctComplete=impossible-large,ADVISORY ONLY,"contract oracle: registry, canonical and abstention contracts (independent of production arithmetic); numeric oracle: hand-derived literals in test_run10_bucket2_corrections.py, test_run8_retest_classify_27.py",MEDIUM,,,MISMATCH
A3.1,Reference Class Forecasting,PROJECT,A3,YES,NO,NO,server/app/simulation/models.py::run_rcf,Reference Class Forecasting,models.run_rcf,,,,4,"ABSTAINED: Insufficient data: no reference class of comparable completed projects is held, so there is no distribution of realised overruns to place this project against. ",value fixed by a committed hand-derived known-answer case,"0 numeric inputs driven to zero, impossible, extreme and near-zero, and to negative where the field contract permits a negative",every reachable out-of-domain value contained,0 single-input removals exercised; no removal improved the reading,6 malformed values x 0 inputs; a null value is contained,NOT_APPLICABLE: no defining structure declared,deterministic on an identical input; abstention carries a reader sentence,"abstained on compute_project, reason recorded",UNCONDITIONAL_ABSTENTION_NO_FAULT_POSSIBLE: no fault site exists,recorded by the Gate 10 pass,,,,,"contract oracle: registry, canonical and abstention contracts (independent of production arithmetic); numeric oracle: hand-derived literals in test_run7_fix_now_defects.py, test_run8_retest_classify_27.py",MEDIUM,,,MATCH
A3.2,Contingency Burn Rate,PROJECT,A3,YES,NO,NO,server/app/simulation/models_ext.py::run_contingency_burn,Contingency Burn Rate,models_ext.run_contingency_burn,"actualPctComplete, originalContingency, remainingContingency",,,37,"computed, band Yellow",value fixed by a committed hand-derived known-answer case,"3 numeric inputs driven to zero, impossible, extreme and near-zero, and to negative where the field contract permits a negative",every reachable out-of-domain value contained; out-of-domain favourable banding: actualPctComplete=impossible-large,3 single-input removals exercised; no removal improved the reading,6 malformed values x 3 inputs; a null value is contained; not contained in the analytical layer but refused upstream by the numeric contract: actualPctComplete='not-a-number':TypeError; actualPctComplete=inf:OverflowError; actualPctComplete=[]:TypeError,NOT_APPLICABLE: no defining structure declared,deterministic on an identical input; band is inside the governed four-band vocabulary; abstention carries a reader sentence,computed on compute_project,"PROVEN: comparison operators reversed (7 sites, isolated copy)",recorded by the Gate 10 pass,,out-of-domain input read as Green: actualPctComplete=impossible-large,out-of-domain input read as Green: actualPctComplete=impossible-large,ADVISORY ONLY,"contract oracle: registry, canonical and abstention contracts (independent of production arithmetic); numeric oracle: hand-derived literals in test_run6_known_answer.py",MEDIUM,,,MISMATCH
A3.3,Labor Productivity Index,PROJECT,A3,YES,NO,NO,server/app/simulation/models_ext.py::run_labor_productivity,Labor Productivity Index,"models_ext.run_labor_productivity (proxy: a labour-hours ratio, not an earned-output productivity model)","actualLaborHours, actualPctComplete, plannedLaborHours",,,37,"computed, band Red",value fixed by a committed hand-derived known-answer case,"3 numeric inputs driven to zero, impossible, extreme and near-zero, and to negative where the field contract permits a negative","every reachable out-of-domain value contained; out-of-domain favourable banding: actualPctComplete=impossible-large; no upper bound on an unbounded quantity, a very large value bands better: actualLaborHours",3 single-input removals exercised; no removal improved the reading,6 malformed values x 3 inputs; a null value is contained,NOT_APPLICABLE: no defining structure declared,deterministic on an identical input; band is inside the governed four-band vocabulary; abstention carries a reader sentence,computed on compute_project,"PROVEN: comparison operators reversed (4 sites, isolated copy)",recorded by the Gate 10 pass,,out-of-domain input read as Green: actualPctComplete=impossible-large,out-of-domain input read as Green: actualPctComplete=impossible-large,ADVISORY ONLY,"contract oracle: registry, canonical and abstention contracts (independent of production arithmetic); numeric oracle: hand-derived literals in test_run6_known_answer.py",MEDIUM,,,MISMATCH
A3.4,Material Cost Variance,PROJECT,A3,YES,NO,NO,server/app/simulation/models_ext.py::run_material_cost_variance,Material Cost Variance,models_ext.run_material_cost_variance,"actualPctComplete, materialCostBaseline, materialCostCurrent",,,37,"computed, band Red",value fixed by a committed hand-derived known-answer case,"3 numeric inputs driven to zero, impossible, extreme and near-zero, and to negative where the field contract permits a negative",every reachable out-of-domain value contained,3 single-input removals exercised; no removal improved the reading,6 malformed values x 3 inputs; a null value is contained; not contained in the analytical layer but refused upstream by the numeric contract: actualPctComplete='not-a-number':TypeError; actualPctComplete=inf:ValueError; actualPctComplete=[]:TypeError,NOT_APPLICABLE: no defining structure declared,deterministic on an identical input; band is inside the governed four-band vocabulary; abstention carries a reader sentence,computed on compute_project,"PROVEN: comparison operators reversed (5 sites, isolated copy)",recorded by the Gate 10 pass,,,,,"contract oracle: registry, canonical and abstention contracts (independent of production arithmetic); numeric oracle: hand-derived literals in test_run6_known_answer.py",MEDIUM,,,MATCH
A3.5,Overhead Absorption Rate,PROJECT,A3,YES,NO,NO,server/app/simulation/models_ext.py::run_overhead_absorption,Overhead Absorption Rate,models_ext.run_overhead_absorption (proxy: a transparent ratio; validity depends on whether the indirect plan is total or p),"actualPctComplete, indirectCostActual, indirectCostPlan",,,37,"computed, band Red",value fixed by a committed hand-derived known-answer case,"3 numeric inputs driven to zero, impossible, extreme and near-zero, and to negative where the field contract permits a negative","every reachable out-of-domain value contained; out-of-domain favourable banding: actualPctComplete=impossible-large; no upper bound on an unbounded quantity, a very large value bands better: indirectCostActual",3 single-input removals exercised; removal improved the reading: actualPctComplete->Yellow,6 malformed values x 3 inputs; a null value is contained; not contained in the analytical layer but refused upstream by the numeric contract: actualPctComplete='not-a-number':TypeError; actualPctComplete=[]:TypeError; actualPctComplete={}:TypeError,NOT_APPLICABLE: no defining structure declared,deterministic on an identical input; band is inside the governed four-band vocabulary; abstention carries a reader sentence,computed on compute_project,"PROVEN: comparison operators reversed (4 sites, isolated copy)",recorded by the Gate 10 pass,,removing evidence improved the reading: actualPctComplete->Yellow; out-of-domain input read as Green: actualPctComplete=impossible-large,removing evidence improved the reading: actualPctComplete->Yellow; out-of-domain input read as Green: actualPctComplete=,ADVISORY ONLY,"contract oracle: registry, canonical and abstention contracts (independent of production arithmetic); numeric oracle: hand-derived literals in test_run6_known_answer.py",MEDIUM,,,MISMATCH
A3.6,Cost Risk Analysis P80,PROJECT,A3,YES,NO,NO,server/app/simulation/models_ext.py::run_cost_risk,Cost Risk Analysis P80,models_ext.run_cost_risk,"bac, cpi",,,26,"computed, band Amber",value fixed by a committed hand-derived known-answer case,"2 numeric inputs driven to zero, impossible, extreme and near-zero, and to negative where the field contract permits a negative","every reachable out-of-domain value contained; no upper bound on an unbounded quantity, a very large value bands better: cpi",2 single-input removals exercised; no removal improved the reading,6 malformed values x 2 inputs; a null value is contained; not contained in the analytical layer but refused upstream by the numeric contract: bac='not-a-number':TypeError; bac=nan:ValueError; bac=inf:OverflowError,NOT_APPLICABLE: no defining structure declared,deterministic on an identical input; band is inside the governed four-band vocabulary; abstention carries a reader sentence,computed on compute_project,"PROVEN: comparison operators reversed (6 sites, isolated copy)",recorded by the Gate 10 pass,,,,,"contract oracle: registry, canonical and abstention contracts (independent of production arithmetic); numeric oracle: hand-derived literals in test_run10_bucket2_corrections.py, test_run2_fifteen_defects.py, test_run8_retest_classify_27.py",MEDIUM,,,MATCH
A3.7,Analogous Estimating Ratio,PROJECT,A3,YES,NO,NO,server/app/simulation/models_ext.py::run_analogous_estimating,Analogous Estimating Ratio,"models_ext.run_analogous_estimating (proxy: an analogous-cost ratio; project selection, normalisation and adaptation ungover)","analogousOverrunPct, bac",,,27,"computed, band Amber",value fixed by a committed hand-derived known-answer case,"2 numeric inputs driven to zero, impossible, extreme and near-zero, and to negative where the field contract permits a negative",every reachable out-of-domain value contained,2 single-input removals exercised; no removal improved the reading,6 malformed values x 2 inputs; a null value is contained,NOT_APPLICABLE: no defining structure declared,deterministic on an identical input; band is inside the governed four-band vocabulary; abstention carries a reader sentence,computed on compute_project,"PROVEN: comparison operators reversed (3 sites, isolated copy)",recorded by the Gate 10 pass,,,,,"contract oracle: registry, canonical and abstention contracts (independent of production arithmetic); numeric oracle: hand-derived literals in test_run6_known_answer.py",MEDIUM,,,MATCH
A3.8,Parametric Cost Index,PROJECT,A3,NO,YES,NO,server/app/simulation/models_ext.py::run_parametric_cost,Parametric Cost Index,not executed: short-circuited in registry.run_module,,,,1,refused before the formula: Parametric Cost Index is disabled: it is a concept-only module with no production implementation of the analytical struc,"refusal, no arithmetic reached, no vote, no rollup",,,,,,,,,,,,,,registry.DISABLED_CONCEPT_ONLY and the Run 1 remediation record,HIGH,,,DISABLED_AS_DESIGNED
A3.9,Inflation Adjustment Index,PROJECT,A3,YES,NO,NO,server/app/simulation/models_ext.py::run_inflation_adjustment,Inflation Adjustment Index,"models_ext.run_inflation_adjustment (proxy: a material-escalation ratio with no external price index, time base or geography)","actualPctComplete, materialCostBaseline, materialCostCurrent",,,37,"computed, band Red",value fixed by a committed hand-derived known-answer case,"3 numeric inputs driven to zero, impossible, extreme and near-zero, and to negative where the field contract permits a negative","every reachable out-of-domain value contained; no upper bound on an unbounded quantity, a very large value bands better: materialCostCurrent",3 single-input removals exercised; no removal improved the reading,6 malformed values x 3 inputs; a null value is contained,NOT_APPLICABLE: no defining structure declared,deterministic on an identical input; band is inside the governed four-band vocabulary; abstention carries a reader sentence,computed on compute_project,"PROVEN: comparison operators reversed (8 sites, isolated copy)",recorded by the Gate 10 pass,,,,,"contract oracle: registry, canonical and abstention contracts (independent of production arithmetic); numeric oracle: hand-derived literals in test_run6_known_answer.py",MEDIUM,,,MATCH
A4.1,Document Risk Score,PROJECT,A4,NO,NO,NO,,Document Risk Score,no implementation in this server,,,,1,MissingModuleError: A4.1 (Document Risk Score) has not been ported and validated against the JavaScript implementation; this server refuses to compute it,registry refuses loudly rather than approximating,,,,,,,,,,,,,,registry.py refusal contract,HIGH,"registered but not ported, so no arithmetic exists to test",,MATCH
A4.2,RFI Velocity,PROJECT,A4,YES,NO,NO,server/app/simulation/models_doc.py::run_rfi_velocity,RFI Velocity,models_doc.run_rfi_velocity,"rfiAvgResponseDays, rfiCount, rfiNumber, rfiOldestOpenDays, rfiOpen, rfiOverdue, rfiPeriodDays, rfiResponseTimeDays",,,92,"computed, band Red",value fixed by a committed hand-derived known-answer case,"8 numeric inputs driven to zero, impossible, extreme and near-zero, and to negative where the field contract permits a negative","every reachable out-of-domain value contained; no upper bound on an unbounded quantity, a very large value bands better: rfiPeriodDays",8 single-input removals exercised; no removal improved the reading,6 malformed values x 8 inputs; a null value is contained; not contained in the analytical layer but refused upstream by the numeric contract: rfiAvgResponseDays='not-a-number':TypeError; rfiAvgResponseDays=nan:non-finite output; rfiAvgResponseDays=inf:non-finite output,NOT_APPLICABLE: no defining structure declared,deterministic on an identical input; band is inside the governed four-band vocabulary; abstention carries a reader sentence,computed on compute_project,"PROVEN: comparison operators reversed (13 sites, isolated copy)",recorded by the Gate 10 pass,,,,,"contract oracle: registry, canonical and abstention contracts (independent of production arithmetic); numeric oracle: hand-derived literals in test_run6_known_answer.py",MEDIUM,,,MATCH
A4.3,Submittal Rejection Rate,PROJECT,A4,YES,NO,NO,server/app/simulation/models_doc.py::run_submittal_rejection,Submittal Rejection Rate,models_doc.run_submittal_rejection,"rfaAvgReviewDays, rfaOpen, rfaRejected, rfaResubmit, rfaTotal, submittalsRejected, submittalsTotal",,,81,"computed, band Yellow",value fixed by a committed hand-derived known-answer case,"7 numeric inputs driven to zero, impossible, extreme and near-zero, and to negative where the field contract permits a negative","every reachable out-of-domain value contained; no upper bound on an unbounded quantity, a very large value bands better: rfaTotal",7 single-input removals exercised; no removal improved the reading,6 malformed values x 7 inputs; a null value is contained; not contained in the analytical layer but refused upstream by the numeric contract: rfaRejected='not-a-number':TypeError; rfaRejected=nan:ValueError; rfaRejected=[]:TypeError,NOT_APPLICABLE: no defining structure declared,deterministic on an identical input; band is inside the governed four-band vocabulary; abstention carries a reader sentence,computed on compute_project,"PROVEN: comparison operators reversed (7 sites, isolated copy)",recorded by the Gate 10 pass,,,,,"contract oracle: registry, canonical and abstention contracts (independent of production arithmetic); numeric oracle: hand-derived literals in test_run6_known_answer.py",MEDIUM,,,MATCH
A4.4,NCR Rate,PROJECT,A4,YES,NO,NO,server/app/simulation/models_doc.py::run_ncr_rate,NCR Rate,models_doc.run_ncr_rate,"auditedNonconformanceCohort, ncrIssued, ncrOpen, totalFindings",auditedNonconformanceCohort,auditedNonconformanceCohort,49,"computed, band Yellow",value fixed by a committed hand-derived known-answer case,"3 numeric inputs driven to zero, impossible, extreme and near-zero, and to negative where the field contract permits a negative",every reachable out-of-domain value contained,4 single-input removals exercised; no removal improved the reading,6 malformed values x 4 inputs; a null value is contained,abstains without the structure and computes with it,deterministic on an identical input; band is inside the governed four-band vocabulary; abstention carries a reader sentence,computed on compute_project,"PROVEN: comparison operators reversed (6 sites, isolated copy)",recorded by the Gate 10 pass,,,,,"contract oracle: registry, canonical and abstention contracts (independent of production arithmetic); numeric oracle: hand-derived literals in test_run10b_canonical_integration.py, test_run2_fifteen_defects.py, test_run8_retest_classify_27.py",MEDIUM,,,MATCH
A4.5,Weather Day Impact,PROJECT,A4,YES,NO,NO,server/app/simulation/models_doc.py::run_weather_impact,Weather Day Impact,"models_doc.run_weather_impact (proxy: a lost-days over available-float ratio with ungoverned bands, computed only from)","consumedFloat, floatRemaining, totalFloat, weatherDaysLost",,,51,"computed, band Amber",value fixed by a committed hand-derived known-answer case,"4 numeric inputs driven to zero, impossible, extreme and near-zero, and to negative where the field contract permits a negative","every reachable out-of-domain value contained; no upper bound on an unbounded quantity, a very large value bands better: floatRemaining",4 single-input removals exercised; no removal improved the reading,6 malformed values x 4 inputs; a null value is contained; not contained in the analytical layer but refused upstream by the numeric contract: floatRemaining='not-a-number':TypeError; floatRemaining=inf:non-finite output; floatRemaining=[]:TypeError,NOT_APPLICABLE: no defining structure declared,deterministic on an identical input; band is inside the governed four-band vocabulary; abstention carries a reader sentence,computed on compute_project,"PROVEN: comparison operators reversed (4 sites, isolated copy)",recorded by the Gate 10 pass,,,,,"contract oracle: registry, canonical and abstention contracts (independent of production arithmetic); numeric oracle: hand-derived literals in test_run2_fifteen_defects.py, test_run6_known_answer.py",MEDIUM,,,MATCH
A4.6,Change Order Frequency,PROJECT,A4,YES,NO,NO,server/app/simulation/models_doc.py::run_co_frequency,Change Order Frequency,models_doc.run_co_frequency (proxy: contract growth plus a raw count; no time or exposure denominator),"baselineContractSum, changeOrderCount, revisedContractSum",,,37,"computed, band Amber",value fixed by a committed hand-derived known-answer case,"3 numeric inputs driven to zero, impossible, extreme and near-zero, and to negative where the field contract permits a negative",every reachable out-of-domain value contained,3 single-input removals exercised; no removal improved the reading,6 malformed values x 3 inputs; a null value is contained; not contained in the analytical layer but refused upstream by the numeric contract: baselineContractSum='not-a-number':TypeError; baselineContractSum=inf:non-finite output; baselineContractSum=[]:TypeError,NOT_APPLICABLE: no defining structure declared,deterministic on an identical input; band is inside the governed four-band vocabulary; abstention carries a reader sentence,computed on compute_project,"PROVEN: comparison operators reversed (7 sites, isolated copy)",recorded by the Gate 10 pass,,,,,"contract oracle: registry, canonical and abstention contracts (independent of production arithmetic); numeric oracle: hand-derived literals in test_run6_known_answer.py",MEDIUM,,,MATCH
A4.7,Dispute Escalation Index,PROJECT,A4,YES,NO,NO,server/app/simulation/models_doc.py::run_dispute_escalation,Dispute Escalation Index,models_doc.run_dispute_escalation (proxy: an ad hoc 0.3 / 0.3 / 0.4 weighted sum; weights and dependence uncalibrated),"changeOrderCount, docRiskScore, rfiCount",,,37,"computed, band Amber",value fixed by a committed hand-derived known-answer case,"3 numeric inputs driven to zero, impossible, extreme and near-zero, and to negative where the field contract permits a negative",every reachable out-of-domain value contained,3 single-input removals exercised; no removal improved the reading,6 malformed values x 3 inputs; a null value is contained,NOT_APPLICABLE: no defining structure declared,deterministic on an identical input; band is inside the governed four-band vocabulary; abstention carries a reader sentence,computed on compute_project,"PROVEN: comparison operators reversed (4 sites, isolated copy)",recorded by the Gate 10 pass,,,,,"contract oracle: registry, canonical and abstention contracts (independent of production arithmetic); numeric oracle: hand-derived literals in test_run6_known_answer.py, test_run7_fix_now_defects.py",MEDIUM,,,MATCH
A4.8,Subcontractor Performance,PROJECT,A4,YES,NO,NO,server/app/simulation/models_doc.py::run_subcontractor_performance,Subcontractor Performance,models_doc.run_subcontractor_performance (proxy: a precomputed compliance score; provenance and construction unvalidated),"docRiskScore, ncrOpen, outstandingActionItems, subcontractorComplianceScore, subcontractorIssuesDiscussed",,,59,"computed, band Green",value fixed by a committed hand-derived known-answer case,"5 numeric inputs driven to zero, impossible, extreme and near-zero, and to negative where the field contract permits a negative",every reachable out-of-domain value contained,5 single-input removals exercised; no removal improved the reading,6 malformed values x 5 inputs; a null value is contained; not contained in the analytical layer but refused upstream by the numeric contract: docRiskScore='not-a-number':TypeError; docRiskScore=inf:OverflowError; ncrOpen='not-a-number':TypeError,NOT_APPLICABLE: no defining structure declared,deterministic on an identical input; band is inside the governed four-band vocabulary; abstention carries a reader sentence,computed on compute_project,"PROVEN: comparison operators reversed (7 sites, isolated copy)",recorded by the Gate 10 pass,,,,,"contract oracle: registry, canonical and abstention contracts (independent of production arithmetic); numeric oracle: hand-derived literals in test_run6_known_answer.py",MEDIUM,,,MATCH
A4.9,Procurement Lead Time Monitor,PROJECT,A4,YES,NO,NO,server/app/simulation/models_doc.py::run_procurement_lead_time,Procurement Lead Time Monitor,models_doc.run_procurement_lead_time,"longLeadAtRisk, longLeadDelayed, longLeadItemsTotal",,,37,"ABSTAINED: More long-lead items are recorded delayed (3) than at risk (2), and a delayed item is an at-risk item that has slipped",value fixed by a committed hand-derived known-answer case,"3 numeric inputs driven to zero, impossible, extreme and near-zero, and to negative where the field contract permits a negative",every reachable out-of-domain value contained,3 single-input removals exercised; no removal improved the reading,6 malformed values x 3 inputs; a null value is contained,NOT_APPLICABLE: no defining structure declared,deterministic on an identical input; abstention carries a reader sentence,"abstained on compute_project, reason recorded","PROVEN: comparison operators reversed (8 sites, isolated copy)",recorded by the Gate 10 pass,,,,,"contract oracle: registry, canonical and abstention contracts (independent of production arithmetic); numeric oracle: hand-derived literals in test_run2_fifteen_defects.py, test_run6_known_answer.py",MEDIUM,,,MATCH
A4.10,Specification Conflict Density,PROJECT,A4,YES,NO,NO,server/app/simulation/models_doc.py::run_spec_conflict_density,Specification Conflict Density,models_doc.run_spec_conflict_density,"docRiskScore, rfiCount",,,26,"computed, band Red",value fixed by a committed hand-derived known-answer case,"2 numeric inputs driven to zero, impossible, extreme and near-zero, and to negative where the field contract permits a negative",every reachable out-of-domain value contained,2 single-input removals exercised; no removal improved the reading,6 malformed values x 2 inputs; a null value is contained,NOT_APPLICABLE: no defining structure declared,deterministic on an identical input; band is inside the governed four-band vocabulary; abstention carries a reader sentence,computed on compute_project,"PROVEN: comparison operators reversed (6 sites, isolated copy)",recorded by the Gate 10 pass,,,,,"contract oracle: registry, canonical and abstention contracts (independent of production arithmetic); numeric oracle: hand-derived literals in test_run10_bucket2_corrections.py, test_run8_retest_classify_27.py",MEDIUM,,,MATCH
A5.1,DSM Rework Propagation,PROJECT,A5,YES,NO,NO,server/app/simulation/models.py::run_dsm,DSM Rework Propagation,models.run_dsm,,,,4,"ABSTAINED: Insufficient data: no dependency matrix has been established for this project, so there is no record of which parts of the design depend on which others and a r",value fixed by a committed hand-derived known-answer case,"0 numeric inputs driven to zero, impossible, extreme and near-zero, and to negative where the field contract permits a negative",every reachable out-of-domain value contained,0 single-input removals exercised; no removal improved the reading,6 malformed values x 0 inputs; a null value is contained,NOT_APPLICABLE: no defining structure declared,deterministic on an identical input; abstention carries a reader sentence,"abstained on compute_project, reason recorded",UNCONDITIONAL_ABSTENTION_NO_FAULT_POSSIBLE: no fault site exists,recorded by the Gate 10 pass,,,,,"contract oracle: registry, canonical and abstention contracts (independent of production arithmetic); numeric oracle: hand-derived literals in test_run7_fix_now_defects.py, test_run8_retest_classify_27.py",MEDIUM,,,MATCH
A5.2,Sensitivity Analysis,PROJECT,A5,YES,NO,NO,server/app/simulation/models_doc.py::run_sensitivity_analysis,Sensitivity Analysis,"models_doc.run_sensitivity_analysis (proxy: local CPI perturbation plus deviations, not calibrated multivariate sensitivity)","bac, cpi, docRiskScore, spi",,,48,"computed, band Amber",value fixed by a committed hand-derived known-answer case,"4 numeric inputs driven to zero, impossible, extreme and near-zero, and to negative where the field contract permits a negative",every reachable out-of-domain value contained,4 single-input removals exercised; no removal improved the reading,6 malformed values x 4 inputs; a null value is contained; not contained in the analytical layer but refused upstream by the numeric contract: bac='not-a-number':TypeError; bac=nan:ValueError; bac=inf:ValueError,NOT_APPLICABLE: no defining structure declared,deterministic on an identical input; band is inside the governed four-band vocabulary; abstention carries a reader sentence,computed on compute_project,"PROVEN: comparison operators reversed (5 sites, isolated copy)",recorded by the Gate 10 pass,,,,,"contract oracle: registry, canonical and abstention contracts (independent of production arithmetic); numeric oracle: hand-derived literals in test_run6_known_answer.py",MEDIUM,,,MATCH
A5.3,Tornado Risk Ranking,PROJECT,A5,YES,NO,NO,server/app/simulation/models_doc.py::run_tornado_diagram,Tornado Risk Ranking,models_doc.run_tornado_diagram (proxy: a ranking of four present-state deviations; no outcome-response ranges estimated),"actualPctComplete, cpi, docRiskScore, plannedPctComplete, spi",,,59,"computed, band Amber",value fixed by a committed hand-derived known-answer case,"5 numeric inputs driven to zero, impossible, extreme and near-zero, and to negative where the field contract permits a negative",every reachable out-of-domain value contained,5 single-input removals exercised; no removal improved the reading,6 malformed values x 5 inputs; a null value is contained,NOT_APPLICABLE: no defining structure declared,deterministic on an identical input; band is inside the governed four-band vocabulary; abstention carries a reader sentence,computed on compute_project,"PROVEN: comparison operators reversed (11 sites, isolated copy)",recorded by the Gate 10 pass,,,,,"contract oracle: registry, canonical and abstention contracts (independent of production arithmetic); numeric oracle: hand-derived literals in test_run6_known_answer.py",MEDIUM,,,MATCH
A5.4,Scenario Modeling,PROJECT,A5,YES,NO,NO,server/app/simulation/models_doc.py::run_scenario_modeling,Scenario Modeling,models_doc.run_scenario_modeling,"ac, bac, cpi, ev, scenarioDecisionStructure, spi",scenarioDecisionStructure,scenarioDecisionStructure,71,"ABSTAINED: The decision information provided does not say which version of the reference material it came from, so a reading taken from it could not be interpreted later a",value fixed by a committed hand-derived known-answer case,"5 numeric inputs driven to zero, impossible, extreme and near-zero, and to negative where the field contract permits a negative",every reachable out-of-domain value contained,6 single-input removals exercised; no removal improved the reading,6 malformed values x 6 inputs; a null value is contained,DOES NOT ABSTAIN without the structure,deterministic on an identical input; abstention carries a reader sentence,"abstained on compute_project, reason recorded","PROVEN: comparison operators reversed (13 sites, isolated copy)",recorded by the Gate 10 pass,,does not abstain when its defining structure is absent,does not abstain when its defining structure is absent,ADVISORY ONLY,"contract oracle: registry, canonical and abstention contracts (independent of production arithmetic); numeric oracle: hand-derived literals in test_run10b_canonical_integration.py, test_run2_fifteen_defects.py, test_run8_retest_classify_27.py",MEDIUM,,,MISMATCH
A5.5,Rework Feedback Loop,PROJECT,A5,YES,NO,NO,server/app/simulation/models_doc.py::run_rework_feedback,Rework Feedback Loop,models_doc.run_rework_feedback,"changeOrderCount, cpi, rfiCount",,,37,"computed, band Red",value fixed by a committed hand-derived known-answer case,"3 numeric inputs driven to zero, impossible, extreme and near-zero, and to negative where the field contract permits a negative","every reachable out-of-domain value contained; no upper bound on an unbounded quantity, a very large value bands better: cpi",3 single-input removals exercised; no removal improved the reading,6 malformed values x 3 inputs; a null value is contained; not contained in the analytical layer but refused upstream by the numeric contract: cpi='not-a-number':TypeError; cpi=[]:TypeError; cpi={}:TypeError,NOT_APPLICABLE: no defining structure declared,deterministic on an identical input; band is inside the governed four-band vocabulary; abstention carries a reader sentence,computed on compute_project,"PROVEN: comparison operators reversed (4 sites, isolated copy)",recorded by the Gate 10 pass,,,,,"contract oracle: registry, canonical and abstention contracts (independent of production arithmetic); numeric oracle: hand-derived literals in test_run10_bucket2_corrections.py, test_run8_retest_classify_27.py",MEDIUM,,,MATCH
A5.6,Queueing Theory Bottleneck,PROJECT,A5,YES,NO,NO,server/app/simulation/models_doc.py::run_queueing_bottleneck,Queueing Theory Bottleneck,models_doc.run_queueing_bottleneck,,queueStructure,queueStructure,9,"computed, band Green",value fixed by a committed hand-derived known-answer case,"0 numeric inputs driven to zero, impossible, extreme and near-zero, and to negative where the field contract permits a negative",every reachable out-of-domain value contained,0 single-input removals exercised; no removal improved the reading,6 malformed values x 0 inputs; a null value is contained,abstains without the structure and computes with it,deterministic on an identical input; band is inside the governed four-band vocabulary; abstention carries a reader sentence,computed on compute_project,"PROVEN: comparison operators reversed (1 sites, isolated copy)",recorded by the Gate 10 pass,,,,,"contract oracle: registry, canonical and abstention contracts (independent of production arithmetic); numeric oracle: hand-derived literals in test_run10b_canonical_integration.py, test_run7_fix_now_defects.py, test_run8_retest_classify_27.py",MEDIUM,,,MATCH
A5.7,Agent-Based Supply Chain,PROJECT,A5,YES,NO,NO,server/app/simulation/models_doc.py::run_agent_supply_chain,Agent-Based Supply Chain,models_doc.run_agent_supply_chain,,abmStructure,abmStructure,9,"computed, band Yellow",value fixed by a committed hand-derived known-answer case,"0 numeric inputs driven to zero, impossible, extreme and near-zero, and to negative where the field contract permits a negative",every reachable out-of-domain value contained,0 single-input removals exercised; no removal improved the reading,6 malformed values x 0 inputs; a null value is contained,abstains without the structure and computes with it,deterministic on an identical input; band is inside the governed four-band vocabulary; abstention carries a reader sentence,computed on compute_project,"PROVEN: comparison operators reversed (3 sites, isolated copy)",recorded by the Gate 10 pass,,,,,"contract oracle: registry, canonical and abstention contracts (independent of production arithmetic); numeric oracle: hand-derived literals in test_run10b_canonical_integration.py, test_run8_retest_classify_27.py",MEDIUM,,,MATCH
A5.8,Discrete Event Simulation,PROJECT,A5,YES,NO,NO,server/app/simulation/models_doc.py::run_discrete_event_sim,Discrete Event Simulation,models_doc.run_discrete_event_sim,"actualPctComplete, plannedPctComplete, spi",,,37,"computed, band Yellow",value fixed by a committed hand-derived known-answer case,"3 numeric inputs driven to zero, impossible, extreme and near-zero, and to negative where the field contract permits a negative",every reachable out-of-domain value contained; out-of-domain favourable banding: actualPctComplete=impossible-large,3 single-input removals exercised; no removal improved the reading,6 malformed values x 3 inputs; a null value is contained; not contained in the analytical layer but refused upstream by the numeric contract: actualPctComplete='not-a-number':TypeError; actualPctComplete=[]:TypeError; actualPctComplete={}:TypeError,NOT_APPLICABLE: no defining structure declared,deterministic on an identical input; band is inside the governed four-band vocabulary; abstention carries a reader sentence,computed on compute_project,"PROVEN: comparison operators reversed (4 sites, isolated copy)",recorded by the Gate 10 pass,,out-of-domain input read as Green: actualPctComplete=impossible-large,out-of-domain input read as Green: actualPctComplete=impossible-large,ADVISORY ONLY,"contract oracle: registry, canonical and abstention contracts (independent of production arithmetic); numeric oracle: hand-derived literals in test_run10_bucket2_corrections.py, test_run8_retest_classify_27.py",MEDIUM,,,MISMATCH
A6.1,Quality Compliance Index,PROJECT,A6,YES,NO,NO,server/app/simulation/models_doc.py::run_quality_compliance,Quality Compliance Index,models_doc.run_quality_compliance,"itemsFailed, itemsInspected, qualityAuditScore, qualityDeficienciesNoted",,,48,"computed, band Green",value fixed by a committed hand-derived known-answer case,"4 numeric inputs driven to zero, impossible, extreme and near-zero, and to negative where the field contract permits a negative",every reachable out-of-domain value contained,4 single-input removals exercised; no removal improved the reading,6 malformed values x 4 inputs; a null value is contained; not contained in the analytical layer but refused upstream by the numeric contract: itemsFailed='not-a-number':TypeError; itemsFailed=nan:ValueError; itemsFailed=[]:TypeError,NOT_APPLICABLE: no defining structure declared,deterministic on an identical input; band is inside the governed four-band vocabulary; abstention carries a reader sentence,computed on compute_project,"PROVEN: comparison operators reversed (8 sites, isolated copy)",recorded by the Gate 10 pass,,,,,"contract oracle: registry, canonical and abstention contracts (independent of production arithmetic); numeric oracle: hand-derived literals in test_run10_bucket2_corrections.py, test_run2_fifteen_defects.py, test_run8_retest_classify_27.py",MEDIUM,,,MATCH
A6.2,Safety Performance Index,PROJECT,A6,YES,NO,NO,server/app/simulation/models_doc.py::run_safety_performance,Safety Performance Index,models_doc.run_safety_performance,"oshaIncidentRate, safetyIncidentsDiscussed",,,26,"computed, band Green",value fixed by a committed hand-derived known-answer case,"2 numeric inputs driven to zero, impossible, extreme and near-zero, and to negative where the field contract permits a negative",every reachable out-of-domain value contained,2 single-input removals exercised; no removal improved the reading,6 malformed values x 2 inputs; a null value is contained; not contained in the analytical layer but refused upstream by the numeric contract: safetyIncidentsDiscussed=nan:non-finite output; safetyIncidentsDiscussed=inf:non-finite output,NOT_APPLICABLE: no defining structure declared,deterministic on an identical input; band is inside the governed four-band vocabulary; abstention carries a reader sentence,computed on compute_project,"PROVEN: comparison operators reversed (6 sites, isolated copy)",recorded by the Gate 10 pass,,,,,"contract oracle: registry, canonical and abstention contracts (independent of production arithmetic); numeric oracle: hand-derived literals in test_run10_bucket2_corrections.py, test_run6_known_answer.py, test_run7_fix_now_defects.py, test_run8_retest_classify_27.py",MEDIUM,,,MATCH
A6.3,Environmental Compliance Rate,PROJECT,A6,YES,NO,NO,server/app/simulation/models_doc.py::run_environmental_compliance,Environmental Compliance Rate,models_doc.run_environmental_compliance,"auditedPermitCompliance, environmentalComplianceRate, environmentalIssuesDiscussed, environmentalViolations",auditedPermitCompliance,auditedPermitCompliance,50,"computed, band Amber",value fixed by a committed hand-derived known-answer case,"3 numeric inputs driven to zero, impossible, extreme and near-zero, and to negative where the field contract permits a negative",every reachable out-of-domain value contained,4 single-input removals exercised; no removal improved the reading,6 malformed values x 4 inputs; a null value is contained; not contained in the analytical layer but refused upstream by the numeric contract: environmentalIssuesDiscussed=nan:non-finite output; environmentalIssuesDiscussed=inf:non-finite output; environmentalViolations=nan:non-finite output,"the structure is an alternative form of the same governed quantity: with the extracted rate present it computes, and with neither form present it abstains",deterministic on an identical input; band is inside the governed four-band vocabulary; abstention carries a reader sentence,computed on compute_project,"PROVEN: comparison operators reversed (5 sites, isolated copy)",recorded by the Gate 10 pass,,,,,"contract oracle: registry, canonical and abstention contracts (independent of production arithmetic); numeric oracle: hand-derived literals in test_run10b_canonical_integration.py, test_run2_fifteen_defects.py, test_run8_retest_classify_27.py",MEDIUM,,,MATCH
A6.4,Contractor Performance Score,PROJECT,A6,YES,NO,NO,server/app/simulation/models_doc.py::run_contractor_performance,Contractor Performance Score,models_doc.run_contractor_performance,"costRating, overallRating, qualityRating, scheduleRating",,,32,"computed, band Red",value fixed by a committed hand-derived known-answer case,"0 numeric inputs driven to zero, impossible, extreme and near-zero, and to negative where the field contract permits a negative",every reachable out-of-domain value contained,4 single-input removals exercised; no removal improved the reading,6 malformed values x 4 inputs; a null value is contained,NOT_APPLICABLE: no defining structure declared,deterministic on an identical input; band is inside the governed four-band vocabulary; abstention carries a reader sentence,computed on compute_project,"PROVEN: comparison operators reversed (5 sites, isolated copy)",recorded by the Gate 10 pass,,,,,"contract oracle: registry, canonical and abstention contracts (independent of production arithmetic); numeric oracle: hand-derived literals in test_run10_bucket2_corrections.py, test_run2_fifteen_defects.py, test_run8_retest_classify_27.py",MEDIUM,,,MATCH
B1.1,Conservative Dominance,PROJECT,B1,YES,NO,NO,server/app/simulation/models_decision.py::run_conservative_dominance,Conservative Dominance,models_decision.run_conservative_dominance,,,,4,ABSTAINED: Insufficient data: upload required documents,value fixed by a committed hand-derived known-answer case,"0 numeric inputs driven to zero, impossible, extreme and near-zero, and to negative where the field contract permits a negative",every reachable out-of-domain value contained,0 single-input removals exercised; no removal improved the reading,6 malformed values x 0 inputs; a null value is contained,NOT_APPLICABLE: no defining structure declared,deterministic on an identical input; abstention carries a reader sentence,"abstained on compute_project, reason recorded","PROVEN: every branch guard inverted (1 sites, isolated copy)",recorded by the Gate 10 pass,,,,,"contract oracle: registry, canonical and abstention contracts (independent of production arithmetic); numeric oracle: hand-derived literals in test_run2_fifteen_defects.py, test_run6_known_answer.py",MEDIUM,"nested-input module: reachable only through the signal adapter, marked newly wired and unvalidated in production",,MATCH
B1.2,Weighted Voting,PROJECT,B1,YES,NO,NO,server/app/simulation/models_gov.py::run_weighted_voting,Weighted Voting,models_gov.run_weighted_voting,,,,4,ABSTAINED: Insufficient data: upload required documents,value fixed by a committed hand-derived known-answer case,"0 numeric inputs driven to zero, impossible, extreme and near-zero, and to negative where the field contract permits a negative",every reachable out-of-domain value contained,0 single-input removals exercised; no removal improved the reading,6 malformed values x 0 inputs; a null value is contained,NOT_APPLICABLE: no defining structure declared,deterministic on an identical input; abstention carries a reader sentence,computed on compute_project,"PROVEN: every branch guard inverted (6 sites, isolated copy)",recorded by the Gate 10 pass,,,,,"contract oracle: registry, canonical and abstention contracts (independent of production arithmetic); numeric oracle: hand-derived literals in test_run2_fifteen_defects.py, test_run6_known_answer.py",MEDIUM,"nested-input module: reachable only through the signal adapter, marked newly wired and unvalidated in production",,MATCH
B1.3,Majority Rules,PROJECT,B1,YES,NO,NO,server/app/simulation/models_gov.py::run_majority_rules,Majority Rules,models_gov.run_majority_rules,,,,4,ABSTAINED: Insufficient data: upload required documents,value fixed by a committed hand-derived known-answer case,"0 numeric inputs driven to zero, impossible, extreme and near-zero, and to negative where the field contract permits a negative",every reachable out-of-domain value contained,0 single-input removals exercised; no removal improved the reading,6 malformed values x 0 inputs; a null value is contained,NOT_APPLICABLE: no defining structure declared,deterministic on an identical input; abstention carries a reader sentence,computed on compute_project,"PROVEN: every branch guard inverted (5 sites, isolated copy)",recorded by the Gate 10 pass,,,,,"contract oracle: registry, canonical and abstention contracts (independent of production arithmetic); numeric oracle: hand-derived literals in test_run6_known_answer.py",MEDIUM,"nested-input module: reachable only through the signal adapter, marked newly wired and unvalidated in production",,MATCH
B1.4,Worst-N-of-M,PROJECT,B1,YES,NO,NO,server/app/simulation/models_gov.py::run_worst_n_of_m,Worst-N-of-M,models_gov.run_worst_n_of_m,,,,4,ABSTAINED: Insufficient data: upload required documents,value fixed by a committed hand-derived known-answer case,"0 numeric inputs driven to zero, impossible, extreme and near-zero, and to negative where the field contract permits a negative",every reachable out-of-domain value contained,0 single-input removals exercised; no removal improved the reading,6 malformed values x 0 inputs; a null value is contained,NOT_APPLICABLE: no defining structure declared,deterministic on an identical input; abstention carries a reader sentence,computed on compute_project,"PROVEN: every branch guard inverted (8 sites, isolated copy)",recorded by the Gate 10 pass,,,,,"contract oracle: registry, canonical and abstention contracts (independent of production arithmetic); numeric oracle: hand-derived literals in test_run6_known_answer.py",MEDIUM,"nested-input module: reachable only through the signal adapter, marked newly wired and unvalidated in production",,MATCH
B2.1,Dempster-Shafer,PROJECT,B2,YES,NO,NO,server/app/simulation/models_gov.py::run_dst,Dempster-Shafer,models_gov.run_dst,state,,,4,ABSTAINED: Insufficient data: upload required documents,value fixed by a committed hand-derived known-answer case,"0 numeric inputs driven to zero, impossible, extreme and near-zero, and to negative where the field contract permits a negative",every reachable out-of-domain value contained,0 single-input removals exercised; no removal improved the reading,6 malformed values x 0 inputs; a null value is contained,NOT_APPLICABLE: no defining structure declared,deterministic on an identical input; abstention carries a reader sentence,computed on compute_project,"PROVEN: every branch guard inverted (11 sites, isolated copy)",recorded by the Gate 10 pass,,,,,"contract oracle: registry, canonical and abstention contracts (independent of production arithmetic); numeric oracle: hand-derived literals in test_run2_fifteen_defects.py, test_run6_known_answer.py",MEDIUM,"nested-input module: reachable only through the signal adapter, marked newly wired and unvalidated in production",,MATCH
B2.2,Rough Sets,PROJECT,B2,YES,NO,NO,server/app/simulation/models_evc.py::run_rough_sets,Rough Sets,models_evc.run_rough_sets,"cusum, doc, mc",,,4,ABSTAINED: Insufficient data: upload required documents,value fixed by a committed hand-derived known-answer case,"0 numeric inputs driven to zero, impossible, extreme and near-zero, and to negative where the field contract permits a negative",every reachable out-of-domain value contained,0 single-input removals exercised; no removal improved the reading,6 malformed values x 0 inputs; a null value is contained,NOT_APPLICABLE: no defining structure declared,deterministic on an identical input; abstention carries a reader sentence,computed on compute_project,"PROVEN: every branch guard inverted (7 sites, isolated copy)",recorded by the Gate 10 pass,,,,,"contract oracle: registry, canonical and abstention contracts (independent of production arithmetic); numeric oracle: hand-derived literals in test_run6_known_answer.py",MEDIUM,"nested-input module: reachable only through the signal adapter, marked newly wired and unvalidated in production",,MATCH
B2.3,Neutrosophic Logic,PROJECT,B2,YES,NO,NO,server/app/simulation/models_evc.py::run_neutrosophic,Neutrosophic Logic,models_evc.run_neutrosophic,"cusum, doc, mc",,,4,ABSTAINED: Insufficient data: upload required documents,value fixed by a committed hand-derived known-answer case,"0 numeric inputs driven to zero, impossible, extreme and near-zero, and to negative where the field contract permits a negative",every reachable out-of-domain value contained,0 single-input removals exercised; no removal improved the reading,6 malformed values x 0 inputs; a null value is contained,NOT_APPLICABLE: no defining structure declared,deterministic on an identical input; abstention carries a reader sentence,computed on compute_project,"PROVEN: every branch guard inverted (13 sites, isolated copy)",recorded by the Gate 10 pass,,,,,"contract oracle: registry, canonical and abstention contracts (independent of production arithmetic); numeric oracle: hand-derived literals in test_run6_known_answer.py",MEDIUM,"nested-input module: reachable only through the signal adapter, marked newly wired and unvalidated in production",,MATCH
B2.4,Interval Fuzzy Sets,PROJECT,B2,YES,NO,NO,server/app/simulation/models_evc.py::run_interval_fuzzy,Interval Fuzzy Sets,models_evc.run_interval_fuzzy,,,,4,ABSTAINED: Insufficient data: upload required documents,value fixed by a committed hand-derived known-answer case,"0 numeric inputs driven to zero, impossible, extreme and near-zero, and to negative where the field contract permits a negative",every reachable out-of-domain value contained,0 single-input removals exercised; no removal improved the reading,6 malformed values x 0 inputs; a null value is contained,NOT_APPLICABLE: no defining structure declared,deterministic on an identical input; abstention carries a reader sentence,computed on compute_project,"PROVEN: every branch guard inverted (3 sites, isolated copy)",recorded by the Gate 10 pass,,,,,"contract oracle: registry, canonical and abstention contracts (independent of production arithmetic); numeric oracle: hand-derived literals in test_run6_known_answer.py",MEDIUM,"nested-input module: reachable only through the signal adapter, marked newly wired and unvalidated in production",,MATCH
B2.5,Z-numbers,PROJECT,B2,YES,NO,NO,server/app/simulation/models_evc.py::run_z_numbers,Z-numbers,models_evc.run_z_numbers,"cusum, doc, mc",,,4,ABSTAINED: Insufficient data: upload required documents,value fixed by a committed hand-derived known-answer case,"0 numeric inputs driven to zero, impossible, extreme and near-zero, and to negative where the field contract permits a negative",every reachable out-of-domain value contained,0 single-input removals exercised; no removal improved the reading,6 malformed values x 0 inputs; a null value is contained,NOT_APPLICABLE: no defining structure declared,deterministic on an identical input; abstention carries a reader sentence,computed on compute_project,"PROVEN: every branch guard inverted (5 sites, isolated copy)",recorded by the Gate 10 pass,,,,,"contract oracle: registry, canonical and abstention contracts (independent of production arithmetic); numeric oracle: hand-derived literals in test_run6_known_answer.py",MEDIUM,"nested-input module: reachable only through the signal adapter, marked newly wired and unvalidated in production",,MATCH
B2.6,PLTS,PROJECT,B2,YES,NO,NO,server/app/simulation/models_evc.py::run_plts,PLTS,models_evc.run_plts,"cusum, doc, mc",,,4,ABSTAINED: Insufficient data: upload required documents,value fixed by a committed hand-derived known-answer case,"0 numeric inputs driven to zero, impossible, extreme and near-zero, and to negative where the field contract permits a negative",every reachable out-of-domain value contained,0 single-input removals exercised; no removal improved the reading,6 malformed values x 0 inputs; a null value is contained,NOT_APPLICABLE: no defining structure declared,deterministic on an identical input; abstention carries a reader sentence,computed on compute_project,"PROVEN: every branch guard inverted (15 sites, isolated copy)",recorded by the Gate 10 pass,,,,,"contract oracle: registry, canonical and abstention contracts (independent of production arithmetic); numeric oracle: hand-derived literals in test_run6_known_answer.py",MEDIUM,"nested-input module: reachable only through the signal adapter, marked newly wired and unvalidated in production",,MATCH
B2.7,Plithogenic Sets,PROJECT,B2,NO,YES,NO,server/app/simulation/models_evc.py::run_plithogenic,Plithogenic Sets,not executed: short-circuited in registry.run_module,,,,1,refused before the formula: Plithogenic Sets is disabled: it is a concept-only module with no production implementation of the analytical structure ,"refusal, no arithmetic reached, no vote, no rollup",,,,,,,,,,,,,,registry.DISABLED_CONCEPT_ONLY and the Run 1 remediation record,HIGH,,,DISABLED_AS_DESIGNED
B2.8,Belief Rule Base,PROJECT,B2,YES,NO,NO,server/app/simulation/models_evc.py::run_brb,Belief Rule Base,models_evc.run_brb,"cusum, doc, mc",,,4,ABSTAINED: Insufficient data: upload required documents,value fixed by a committed hand-derived known-answer case,"0 numeric inputs driven to zero, impossible, extreme and near-zero, and to negative where the field contract permits a negative",every reachable out-of-domain value contained,0 single-input removals exercised; no removal improved the reading,6 malformed values x 0 inputs; a null value is contained,NOT_APPLICABLE: no defining structure declared,deterministic on an identical input; abstention carries a reader sentence,computed on compute_project,"PROVEN: every branch guard inverted (1 sites, isolated copy)",recorded by the Gate 10 pass,,,,,"contract oracle: registry, canonical and abstention contracts (independent of production arithmetic); numeric oracle: hand-derived literals in test_run6_known_answer.py",MEDIUM,"nested-input module: reachable only through the signal adapter, marked newly wired and unvalidated in production",,MATCH
B2.9,Quantum Probability,PROJECT,B2,NO,YES,NO,server/app/simulation/models_evc.py::run_quantum_probability,Quantum Probability,not executed: short-circuited in registry.run_module,,,,1,refused before the formula: Quantum Probability is disabled: it is a concept-only module with no production implementation of the analytical structu,"refusal, no arithmetic reached, no vote, no rollup",,,,,,,,,,,,,,registry.DISABLED_CONCEPT_ONLY and the Run 1 remediation record,HIGH,,,DISABLED_AS_DESIGNED
B2.10,Pythagorean Fuzzy Sets,PROJECT,B2,YES,NO,NO,server/app/simulation/models_fuzzy.py::run_pythagorean_fuzzy,Pythagorean Fuzzy Sets,"models_fuzzy.run_pythagorean_fuzzy (proxy: hard-coded transformations of raw CPI, SPI and document risk)","cpi, docRiskScore, spi",,,37,"computed, band Amber",value fixed by a committed hand-derived known-answer case,"3 numeric inputs driven to zero, impossible, extreme and near-zero, and to negative where the field contract permits a negative",every reachable out-of-domain value contained,3 single-input removals exercised; no removal improved the reading,6 malformed values x 3 inputs; a null value is contained; not contained in the analytical layer but refused upstream by the numeric contract: cpi='not-a-number':TypeError; cpi=[]:TypeError; cpi={}:TypeError,NOT_APPLICABLE: no defining structure declared,deterministic on an identical input; band is inside the governed four-band vocabulary; abstention carries a reader sentence,computed on compute_project,"PROVEN: comparison operators reversed (4 sites, isolated copy)",recorded by the Gate 10 pass,,,,,"contract oracle: registry, canonical and abstention contracts (independent of production arithmetic); numeric oracle: hand-derived literals in test_run6_known_answer.py",MEDIUM,,,MATCH
B2.11,Picture Fuzzy Sets,PROJECT,B2,YES,NO,NO,server/app/simulation/models_fuzzy.py::run_picture_fuzzy,Picture Fuzzy Sets,models_fuzzy.run_picture_fuzzy (proxy: hard-coded memberships consuming raw metrics; no calibration evidenced),"cpi, docRiskScore, spi",,,37,"computed, band Amber",value fixed by a committed hand-derived known-answer case,"3 numeric inputs driven to zero, impossible, extreme and near-zero, and to negative where the field contract permits a negative","every reachable out-of-domain value contained; no upper bound on an unbounded quantity, a very large value bands better: spi",3 single-input removals exercised; no removal improved the reading,6 malformed values x 3 inputs; a null value is contained; not contained in the analytical layer but refused upstream by the numeric contract: cpi='not-a-number':TypeError; cpi=[]:TypeError; cpi={}:TypeError,NOT_APPLICABLE: no defining structure declared,deterministic on an identical input; band is inside the governed four-band vocabulary; abstention carries a reader sentence,computed on compute_project,"PROVEN: comparison operators reversed (3 sites, isolated copy)",recorded by the Gate 10 pass,,,,,"contract oracle: registry, canonical and abstention contracts (independent of production arithmetic); numeric oracle: hand-derived literals in test_run6_known_answer.py",MEDIUM,,,MATCH
B2.12,Hesitant Fuzzy Sets,PROJECT,B2,YES,NO,NO,server/app/simulation/models_fuzzy.py::run_hesitant_fuzzy,Hesitant Fuzzy Sets,"models_fuzzy.run_hesitant_fuzzy (proxy: designed perturbations, not elicited or observed hesitant assessments)","cpi, spi",,,26,"computed, band Amber",value fixed by a committed hand-derived known-answer case,"2 numeric inputs driven to zero, impossible, extreme and near-zero, and to negative where the field contract permits a negative","every reachable out-of-domain value contained; no upper bound on an unbounded quantity, a very large value bands better: cpi, spi",2 single-input removals exercised; no removal improved the reading,6 malformed values x 2 inputs; a null value is contained; not contained in the analytical layer but refused upstream by the numeric contract: cpi='not-a-number':TypeError; cpi=[]:TypeError; cpi={}:TypeError,NOT_APPLICABLE: no defining structure declared,deterministic on an identical input; band is inside the governed four-band vocabulary; abstention carries a reader sentence,computed on compute_project,"PROVEN: comparison operators reversed (3 sites, isolated copy)",recorded by the Gate 10 pass,,,,,"contract oracle: registry, canonical and abstention contracts (independent of production arithmetic); numeric oracle: hand-derived literals in test_run6_known_answer.py",MEDIUM,,,MATCH
B2.13,Type-2 Fuzzy Sets,PROJECT,B2,YES,NO,NO,server/app/simulation/models_fuzzy.py::run_type2_fuzzy,Type-2 Fuzzy Sets,models_fuzzy.run_type2_fuzzy (proxy: membership intervals that are designed constants),"cpi, spi",,,26,"computed, band Red",value fixed by a committed hand-derived known-answer case,"2 numeric inputs driven to zero, impossible, extreme and near-zero, and to negative where the field contract permits a negative","every reachable out-of-domain value contained; no upper bound on an unbounded quantity, a very large value bands better: cpi, spi",2 single-input removals exercised; no removal improved the reading,6 malformed values x 2 inputs; a null value is contained; not contained in the analytical layer but refused upstream by the numeric contract: cpi='not-a-number':TypeError; cpi=[]:TypeError; cpi={}:TypeError,NOT_APPLICABLE: no defining structure declared,deterministic on an identical input; band is inside the governed four-band vocabulary; abstention carries a reader sentence,computed on compute_project,"PROVEN: comparison operators reversed (4 sites, isolated copy)",recorded by the Gate 10 pass,,,,,"contract oracle: registry, canonical and abstention contracts (independent of production arithmetic); numeric oracle: hand-derived literals in test_run6_known_answer.py",MEDIUM,,,MATCH
B2.14,Maximum Entropy,PROJECT,B2,YES,NO,NO,server/app/simulation/models_fuzzy.py::run_maximum_entropy,Maximum Entropy,"models_fuzzy.run_maximum_entropy (proxy: entropy over designed state probabilities; measures the lookup, not the project)","cpi, docRiskScore, spi",,,37,"computed, band Amber",value fixed by a committed hand-derived known-answer case,"3 numeric inputs driven to zero, impossible, extreme and near-zero, and to negative where the field contract permits a negative","every reachable out-of-domain value contained; no upper bound on an unbounded quantity, a very large value bands better: spi",3 single-input removals exercised; no removal improved the reading,6 malformed values x 3 inputs; a null value is contained; not contained in the analytical layer but refused upstream by the numeric contract: cpi='not-a-number':TypeError; cpi=[]:TypeError; cpi={}:TypeError,NOT_APPLICABLE: no defining structure declared,deterministic on an identical input; band is inside the governed four-band vocabulary; abstention carries a reader sentence,computed on compute_project,"PROVEN: comparison operators reversed (9 sites, isolated copy)",recorded by the Gate 10 pass,,,,,"contract oracle: registry, canonical and abstention contracts (independent of production arithmetic); numeric oracle: hand-derived literals in test_run6_known_answer.py",MEDIUM,,,MATCH
B2.15,Possibility Theory,PROJECT,B2,YES,NO,NO,server/app/simulation/models_fuzzy.py::run_possibility_theory,Possibility Theory,models_fuzzy.run_possibility_theory (proxy: fixed mappings from raw metrics; no governed possibility distribution),"cpi, docRiskScore, spi",,,37,"computed, band Amber",value fixed by a committed hand-derived known-answer case,"3 numeric inputs driven to zero, impossible, extreme and near-zero, and to negative where the field contract permits a negative",every reachable out-of-domain value contained,3 single-input removals exercised; no removal improved the reading,6 malformed values x 3 inputs; a null value is contained; not contained in the analytical layer but refused upstream by the numeric contract: cpi='not-a-number':TypeError; cpi=[]:TypeError; cpi={}:TypeError,NOT_APPLICABLE: no defining structure declared,deterministic on an identical input; band is inside the governed four-band vocabulary; abstention carries a reader sentence,computed on compute_project,"PROVEN: comparison operators reversed (1 sites, isolated copy)",recorded by the Gate 10 pass,,,,,"contract oracle: registry, canonical and abstention contracts (independent of production arithmetic); numeric oracle: hand-derived literals in test_run6_known_answer.py",MEDIUM,,,MATCH
B2.16,Spherical Fuzzy Sets,PROJECT,B2,YES,NO,NO,server/app/simulation/models_fuzzy.py::run_spherical_fuzzy,Spherical Fuzzy Sets,models_fuzzy.run_spherical_fuzzy (proxy: algebraically bounded but fixed memberships on raw unqualified inputs),"cpi, docRiskScore, spi",,,37,"computed, band Red",value fixed by a committed hand-derived known-answer case,"3 numeric inputs driven to zero, impossible, extreme and near-zero, and to negative where the field contract permits a negative","every reachable out-of-domain value contained; no upper bound on an unbounded quantity, a very large value bands better: spi",3 single-input removals exercised; no removal improved the reading,6 malformed values x 3 inputs; a null value is contained; not contained in the analytical layer but refused upstream by the numeric contract: cpi='not-a-number':TypeError; cpi=[]:TypeError; cpi={}:TypeError,NOT_APPLICABLE: no defining structure declared,deterministic on an identical input; band is inside the governed four-band vocabulary; abstention carries a reader sentence,computed on compute_project,"PROVEN: comparison operators reversed (4 sites, isolated copy)",recorded by the Gate 10 pass,,,,,"contract oracle: registry, canonical and abstention contracts (independent of production arithmetic); numeric oracle: hand-derived literals in test_run6_known_answer.py",MEDIUM,,,MATCH
B2.17,Fermatean Fuzzy Sets,PROJECT,B2,YES,NO,NO,server/app/simulation/models_fuzzy.py::run_fermatean_fuzzy,Fermatean Fuzzy Sets,"models_fuzzy.run_fermatean_fuzzy (proxy: formula-shaped with designed memberships, no empirical or elicitation basis)","cpi, spi",,,26,"computed, band Amber",value fixed by a committed hand-derived known-answer case,"2 numeric inputs driven to zero, impossible, extreme and near-zero, and to negative where the field contract permits a negative","every reachable out-of-domain value contained; no upper bound on an unbounded quantity, a very large value bands better: spi",2 single-input removals exercised; no removal improved the reading,6 malformed values x 2 inputs; a null value is contained; not contained in the analytical layer but refused upstream by the numeric contract: cpi='not-a-number':TypeError; cpi=[]:TypeError; cpi={}:TypeError,NOT_APPLICABLE: no defining structure declared,deterministic on an identical input; band is inside the governed four-band vocabulary; abstention carries a reader sentence,computed on compute_project,"PROVEN: comparison operators reversed (4 sites, isolated copy)",recorded by the Gate 10 pass,,,,,"contract oracle: registry, canonical and abstention contracts (independent of production arithmetic); numeric oracle: hand-derived literals in test_run6_known_answer.py",MEDIUM,,,MATCH
B2.18,MARCOS Ranking,PROJECT,B2,YES,NO,NO,server/app/simulation/models_fuzzy.py::run_marcos,MARCOS Ranking,models_fuzzy.run_marcos,"cpi, docRiskScore, spi",,,37,"computed, band Yellow",value fixed by a committed hand-derived known-answer case,"3 numeric inputs driven to zero, impossible, extreme and near-zero, and to negative where the field contract permits a negative","every reachable out-of-domain value contained; no upper bound on an unbounded quantity, a very large value bands better: cpi, spi",3 single-input removals exercised; no removal improved the reading,6 malformed values x 3 inputs; a null value is contained; not contained in the analytical layer but refused upstream by the numeric contract: cpi='not-a-number':TypeError; cpi=[]:TypeError; cpi={}:TypeError,NOT_APPLICABLE: no defining structure declared,deterministic on an identical input; band is inside the governed four-band vocabulary; abstention carries a reader sentence,computed on compute_project,"PROVEN: comparison operators reversed (7 sites, isolated copy)",recorded by the Gate 10 pass,,,,,"contract oracle: registry, canonical and abstention contracts (independent of production arithmetic); numeric oracle: hand-derived literals in test_run10_bucket2_corrections.py, test_run8_retest_classify_27.py",MEDIUM,,,MATCH
B2.19,CRITIC-TOPSIS,PROJECT,B2,YES,NO,NO,server/app/simulation/models_fuzzy.py::run_critic_topsis,CRITIC-TOPSIS,models_fuzzy.run_critic_topsis,"cpi, decisionMatrix, docRiskScore, spi",decisionMatrix,decisionMatrix,49,"ABSTAINED: The decision information provided does not say which version of the reference material it came from, so a reading taken from it could not be interpreted later a",value fixed by a committed hand-derived known-answer case,"3 numeric inputs driven to zero, impossible, extreme and near-zero, and to negative where the field contract permits a negative",every reachable out-of-domain value contained,4 single-input removals exercised; no removal improved the reading,6 malformed values x 4 inputs; a null value is contained,DOES NOT ABSTAIN without the structure,deterministic on an identical input; abstention carries a reader sentence,"abstained on compute_project, reason recorded","PROVEN: every branch guard inverted (2 sites, isolated copy)",recorded by the Gate 10 pass,,does not abstain when its defining structure is absent,does not abstain when its defining structure is absent,ADVISORY ONLY,"contract oracle: registry, canonical and abstention contracts (independent of production arithmetic); numeric oracle: hand-derived literals in test_run10b_canonical_integration.py, test_run8_retest_classify_27.py",MEDIUM,,,MISMATCH
B2.20,Hypersoft Sets,PROJECT,B2,NO,YES,NO,server/app/simulation/models_fuzzy.py::run_hypersoft_sets,Hypersoft Sets,not executed: short-circuited in registry.run_module,,,,1,refused before the formula: Hypersoft Sets is disabled: it is a concept-only module with no production implementation of the analytical structure it,"refusal, no arithmetic reached, no vote, no rollup",,,,,,,,,,,,,,registry.DISABLED_CONCEPT_ONLY and the Run 1 remediation record,HIGH,,,DISABLED_AS_DESIGNED
B3.1,ABM Governance Layer,PROJECT,B3,YES,NO,NO,server/app/simulation/models_decision.py::run_abm_governance,ABM Governance Layer,models_decision.run_abm_governance,,,,4,ABSTAINED: Insufficient data: upload required documents,value fixed by a committed hand-derived known-answer case,"0 numeric inputs driven to zero, impossible, extreme and near-zero, and to negative where the field contract permits a negative",every reachable out-of-domain value contained,0 single-input removals exercised; no removal improved the reading,6 malformed values x 0 inputs; a null value is contained,NOT_APPLICABLE: no defining structure declared,deterministic on an identical input; abstention carries a reader sentence,"abstained on compute_project, reason recorded","PROVEN: every branch guard inverted (1 sites, isolated copy)",recorded by the Gate 10 pass,,,,,"contract oracle: registry, canonical and abstention contracts (independent of production arithmetic); numeric oracle: hand-derived literals in test_run6_known_answer.py",MEDIUM,"nested-input module: reachable only through the signal adapter, marked newly wired and unvalidated in production",,MATCH
B3.2,FAR Threshold Monitor,PROJECT,B3,YES,NO,NO,server/app/simulation/models_gov.py::run_far_threshold,FAR Threshold Monitor,models_gov.run_far_threshold,"bac, cpi",,,26,"computed, band Yellow",value fixed by a committed hand-derived known-answer case,"2 numeric inputs driven to zero, impossible, extreme and near-zero, and to negative where the field contract permits a negative","every reachable out-of-domain value contained; no upper bound on an unbounded quantity, a very large value bands better: cpi",2 single-input removals exercised; no removal improved the reading,6 malformed values x 2 inputs; a null value is contained; not contained in the analytical layer but refused upstream by the numeric contract: bac='not-a-number':TypeError; bac=nan:non-finite output; bac=inf:non-finite output,NOT_APPLICABLE: no defining structure declared,deterministic on an identical input; band is inside the governed four-band vocabulary; abstention carries a reader sentence,computed on compute_project,"PROVEN: comparison operators reversed (7 sites, isolated copy)",recorded by the Gate 10 pass,,,,,"contract oracle: registry, canonical and abstention contracts (independent of production arithmetic); numeric oracle: hand-derived literals in test_run6_known_answer.py",MEDIUM,,,MATCH
B3.3,OMB A-11 Check,PROJECT,B3,YES,NO,NO,server/app/simulation/models_gov.py::run_omb_a11_check,OMB A-11 Check,models_gov.run_omb_a11_check,"bac, cpi",,,26,"computed, band Green",value fixed by a committed hand-derived known-answer case,"2 numeric inputs driven to zero, impossible, extreme and near-zero, and to negative where the field contract permits a negative",every reachable out-of-domain value contained,2 single-input removals exercised; no removal improved the reading,6 malformed values x 2 inputs; a null value is contained; not contained in the analytical layer but refused upstream by the numeric contract: bac='not-a-number':TypeError; bac=nan:ValueError; bac=inf:ValueError,NOT_APPLICABLE: no defining structure declared,deterministic on an identical input; band is inside the governed four-band vocabulary; abstention carries a reader sentence,computed on compute_project,"PROVEN: comparison operators reversed (4 sites, isolated copy)",recorded by the Gate 10 pass,,,,,"contract oracle: registry, canonical and abstention contracts (independent of production arithmetic); numeric oracle: hand-derived literals in test_run6_known_answer.py",MEDIUM,,,MATCH
B3.4,EVM Reporting Threshold,PROJECT,B3,YES,NO,NO,server/app/simulation/models_gov.py::run_evm_reporting_threshold,EVM Reporting Threshold,models_gov.run_evm_reporting_threshold,"bac, cpi, spi",,,37,"computed, band Yellow",value fixed by a committed hand-derived known-answer case,"3 numeric inputs driven to zero, impossible, extreme and near-zero, and to negative where the field contract permits a negative","every reachable out-of-domain value contained; no upper bound on an unbounded quantity, a very large value bands better: spi",3 single-input removals exercised; no removal improved the reading,6 malformed values x 3 inputs; a null value is contained; not contained in the analytical layer but refused upstream by the numeric contract: bac='not-a-number':TypeError; bac=nan:non-finite output; bac=inf:non-finite output,NOT_APPLICABLE: no defining structure declared,deterministic on an identical input; band is inside the governed four-band vocabulary; abstention carries a reader sentence,computed on compute_project,"PROVEN: comparison operators reversed (3 sites, isolated copy)",recorded by the Gate 10 pass,,,,,"contract oracle: registry, canonical and abstention contracts (independent of production arithmetic); numeric oracle: hand-derived literals in test_run6_known_answer.py",MEDIUM,,,MATCH
B3.5,Contract Modification Frequency,PROJECT,B3,YES,NO,NO,server/app/simulation/models_gov.py::run_contract_mod_frequency,Contract Modification Frequency,models_gov.run_contract_mod_frequency (proxy: a raw modification count; not a frequency without a denominator),"baselineContractSum, changeOrderCount, revisedContractSum",,,37,"computed, band Amber",value fixed by a committed hand-derived known-answer case,"3 numeric inputs driven to zero, impossible, extreme and near-zero, and to negative where the field contract permits a negative",every reachable out-of-domain value contained,3 single-input removals exercised; no removal improved the reading,6 malformed values x 3 inputs; a null value is contained; not contained in the analytical layer but refused upstream by the numeric contract: baselineContractSum='not-a-number':TypeError; baselineContractSum=inf:non-finite output; baselineContractSum=[]:TypeError,NOT_APPLICABLE: no defining structure declared,deterministic on an identical input; band is inside the governed four-band vocabulary; abstention carries a reader sentence,computed on compute_project,"PROVEN: comparison operators reversed (7 sites, isolated copy)",recorded by the Gate 10 pass,,,,,"contract oracle: registry, canonical and abstention contracts (independent of production arithmetic); numeric oracle: hand-derived literals in test_run6_known_answer.py",MEDIUM,,,MATCH
B4.1,Multi-Objective Optimization,PROJECT,B4,NO,YES,NO,server/app/simulation/models_gov.py::run_multi_objective,Multi-Objective Optimization,not executed: short-circuited in registry.run_module,,,,1,refused before the formula: Multi-Objective Optimization is disabled: it is a concept-only module with no production implementation of the analytica,"refusal, no arithmetic reached, no vote, no rollup",,,,,,,,,,,,,,registry.DISABLED_CONCEPT_ONLY and the Run 1 remediation record,HIGH,,,DISABLED_AS_DESIGNED
B4.2,Linear Programming,PROJECT,B4,NO,YES,NO,server/app/simulation/models_gov.py::run_linear_programming,Linear Programming,not executed: short-circuited in registry.run_module,,,,1,refused before the formula: Linear Programming is disabled: it is a concept-only module with no production implementation of the analytical structur,"refusal, no arithmetic reached, no vote, no rollup",,,,,,,,,,,,,,registry.DISABLED_CONCEPT_ONLY and the Run 1 remediation record,HIGH,,,DISABLED_AS_DESIGNED
B4.3,Constraint Satisfaction Analysis,PROJECT,B4,YES,NO,NO,server/app/simulation/models_gov.py::run_constraint_satisfaction,Constraint Satisfaction Analysis,"models_gov.run_constraint_satisfaction (proxy: an explainable four-rule checklist, not a constraint-satisfaction solver)","cpi, docRiskScore, spi",,,37,"computed, band Yellow",value fixed by a committed hand-derived known-answer case,"3 numeric inputs driven to zero, impossible, extreme and near-zero, and to negative where the field contract permits a negative","every reachable out-of-domain value contained; no upper bound on an unbounded quantity, a very large value bands better: spi",3 single-input removals exercised; no removal improved the reading,6 malformed values x 3 inputs; a null value is contained; not contained in the analytical layer but refused upstream by the numeric contract: cpi='not-a-number':TypeError; cpi=[]:TypeError; cpi={}:TypeError,NOT_APPLICABLE: no defining structure declared,deterministic on an identical input; band is inside the governed four-band vocabulary; abstention carries a reader sentence,computed on compute_project,"PROVEN: comparison operators reversed (7 sites, isolated copy)",recorded by the Gate 10 pass,,,,,"contract oracle: registry, canonical and abstention contracts (independent of production arithmetic); numeric oracle: hand-derived literals in test_run6_known_answer.py",MEDIUM,,,MATCH
B4.4,What-If Scenario Matrix,PROJECT,B4,YES,NO,NO,server/app/simulation/models_gov.py::run_whatif_matrix,What-If Scenario Matrix,models_gov.run_whatif_matrix (proxy: four deterministic EAC variants; not an action-by-scenario matrix or optimiser),"ac, bac, cpi, ev, spi",,,59,"computed, band Amber",value fixed by a committed hand-derived known-answer case,"5 numeric inputs driven to zero, impossible, extreme and near-zero, and to negative where the field contract permits a negative","every reachable out-of-domain value contained; no upper bound on an unbounded quantity, a very large value bands better: cpi, ev",5 single-input removals exercised; no removal improved the reading,6 malformed values x 5 inputs; a null value is contained; not contained in the analytical layer but refused upstream by the numeric contract: ac='not-a-number':TypeError; ac=nan:ValueError; ac=inf:OverflowError,NOT_APPLICABLE: no defining structure declared,deterministic on an identical input; band is inside the governed four-band vocabulary; abstention carries a reader sentence,computed on compute_project,"PROVEN: comparison operators reversed (9 sites, isolated copy)",recorded by the Gate 10 pass,,,,,"contract oracle: registry, canonical and abstention contracts (independent of production arithmetic); numeric oracle: hand-derived literals in test_run6_known_answer.py",MEDIUM,,,MATCH
B4.5,Decision Sensitivity Matrix,PROJECT,B4,NO,YES,NO,server/app/simulation/models_gov.py::run_decision_sensitivity,Decision Sensitivity Matrix,not executed: short-circuited in registry.run_module,,,,1,refused before the formula: Decision Sensitivity Matrix is disabled: it is a concept-only module with no production implementation of the analytical,"refusal, no arithmetic reached, no vote, no rollup",,,,,,,,,,,,,,registry.DISABLED_CONCEPT_ONLY and the Run 1 remediation record,HIGH,,,DISABLED_AS_DESIGNED
B4.6,Pareto Frontier Analysis,PROJECT,B4,NO,YES,NO,server/app/simulation/models_gov.py::run_pareto_frontier,Pareto Frontier Analysis,not executed: short-circuited in registry.run_module,,,,1,refused before the formula: Pareto Frontier Analysis is disabled: it is a concept-only module with no production implementation of the analytical st,"refusal, no arithmetic reached, no vote, no rollup",,,,,,,,,,,,,,registry.DISABLED_CONCEPT_ONLY and the Run 1 remediation record,HIGH,,,DISABLED_AS_DESIGNED
B4.7,Regret Minimization Index,PROJECT,B4,YES,NO,NO,server/app/simulation/models_gov.py::run_regret_minimization,Regret Minimization Index,models_gov.run_regret_minimization,,,,4,"ABSTAINED: Insufficient data: no set of courses of action scored against defined future states is held for this project, so there is no worst case per course to compare an",value fixed by a committed hand-derived known-answer case,"0 numeric inputs driven to zero, impossible, extreme and near-zero, and to negative where the field contract permits a negative",every reachable out-of-domain value contained,0 single-input removals exercised; no removal improved the reading,6 malformed values x 0 inputs; a null value is contained,NOT_APPLICABLE: no defining structure declared,deterministic on an identical input; abstention carries a reader sentence,"abstained on compute_project, reason recorded",UNCONDITIONAL_ABSTENTION_NO_FAULT_POSSIBLE: no fault site exists,recorded by the Gate 10 pass,,,,,"contract oracle: registry, canonical and abstention contracts (independent of production arithmetic); numeric oracle: hand-derived literals in test_run6_known_answer.py, test_run7_fix_now_defects.py",MEDIUM,,,MATCH
C1.1,Missing Data Index,PROJECT,C1,YES,NO,NO,server/app/simulation/models_dq.py::run_missing_data_index,Missing Data Index,models_dq.run_missing_data_index,,,,4,"computed, band Green",value fixed by a committed hand-derived known-answer case,"0 numeric inputs driven to zero, impossible, extreme and near-zero, and to negative where the field contract permits a negative",every reachable out-of-domain value contained,0 single-input removals exercised; no removal improved the reading,6 malformed values x 0 inputs; a null value is contained,NOT_APPLICABLE: no defining structure declared,deterministic on an identical input; band is inside the governed four-band vocabulary; abstention carries a reader sentence,computed on compute_project,"PROVEN: comparison operators reversed (3 sites, isolated copy)",recorded by the Gate 10 pass,,,,,"contract oracle: registry, canonical and abstention contracts (independent of production arithmetic); numeric oracle: hand-derived literals in test_run6_known_answer.py",MEDIUM,,,MATCH
C1.2,Data Timeliness Score,PROJECT,C1,YES,NO,NO,server/app/simulation/models_dq.py::run_data_timeliness,Data Timeliness Score,models_dq.run_data_timeliness,docDate,,,11,"computed, band Green",value fixed by a committed hand-derived known-answer case,"0 numeric inputs driven to zero, impossible, extreme and near-zero, and to negative where the field contract permits a negative",every reachable out-of-domain value contained,1 single-input removals exercised; no removal improved the reading,6 malformed values x 1 inputs; a null value is contained,NOT_APPLICABLE: no defining structure declared,deterministic on an identical input; band is inside the governed four-band vocabulary; abstention carries a reader sentence,computed on compute_project,"PROVEN: comparison operators reversed (4 sites, isolated copy)",recorded by the Gate 10 pass,,,,,"contract oracle: registry, canonical and abstention contracts (independent of production arithmetic); numeric oracle: hand-derived literals in test_run6_known_answer.py",MEDIUM,,,MATCH
C1.3,Source Reliability Weighting,PROJECT,C1,YES,NO,NO,server/app/simulation/models_dq.py::run_source_reliability,Source Reliability Weighting,models_dq.run_source_reliability,sources,,,4,ABSTAINED: Insufficient data: upload required documents,value fixed by a committed hand-derived known-answer case,"0 numeric inputs driven to zero, impossible, extreme and near-zero, and to negative where the field contract permits a negative",every reachable out-of-domain value contained,0 single-input removals exercised; no removal improved the reading,6 malformed values x 0 inputs; a null value is contained,NOT_APPLICABLE: no defining structure declared,deterministic on an identical input; abstention carries a reader sentence,"abstained on compute_project, reason recorded","PROVEN: every branch guard inverted (3 sites, isolated copy)",recorded by the Gate 10 pass,,,,,"contract oracle: registry, canonical and abstention contracts (independent of production arithmetic); numeric oracle: hand-derived literals in test_run6_known_answer.py",MEDIUM,,,MATCH
C1.4,Audit Trail Completeness,PROJECT,C1,YES,NO,NO,server/app/simulation/models_dq.py::run_audit_trail,Audit Trail Completeness,models_dq.run_audit_trail,events,,,4,ABSTAINED: Insufficient data: upload required documents,value fixed by a committed hand-derived known-answer case,"0 numeric inputs driven to zero, impossible, extreme and near-zero, and to negative where the field contract permits a negative",every reachable out-of-domain value contained,0 single-input removals exercised; no removal improved the reading,6 malformed values x 0 inputs; a null value is contained,NOT_APPLICABLE: no defining structure declared,deterministic on an identical input; abstention carries a reader sentence,"abstained on compute_project, reason recorded","PROVEN: every branch guard inverted (3 sites, isolated copy)",recorded by the Gate 10 pass,,,,,"contract oracle: registry, canonical and abstention contracts (independent of production arithmetic); numeric oracle: hand-derived literals in test_run6_known_answer.py",MEDIUM,,,MATCH
C1.5,Information Completeness Ratio,PROJECT,C1,YES,NO,NO,server/app/simulation/models_dq.py::run_info_completeness,Information Completeness Ratio,models_dq.run_info_completeness,sources,,,4,"computed, band Green",value fixed by a committed hand-derived known-answer case,"0 numeric inputs driven to zero, impossible, extreme and near-zero, and to negative where the field contract permits a negative",every reachable out-of-domain value contained,0 single-input removals exercised; no removal improved the reading,6 malformed values x 0 inputs; a null value is contained,NOT_APPLICABLE: no defining structure declared,deterministic on an identical input; band is inside the governed four-band vocabulary; abstention carries a reader sentence,computed on compute_project,"PROVEN: comparison operators reversed (3 sites, isolated copy)",recorded by the Gate 10 pass,,,,,"contract oracle: registry, canonical and abstention contracts (independent of production arithmetic); numeric oracle: hand-derived literals in test_run6_known_answer.py",MEDIUM,,,MATCH
C1.6,Cross-document Consistency Score,PROJECT,C1,YES,NO,NO,server/app/simulation/models_dq.py::run_cross_doc_consistency,Cross-document Consistency Score,models_dq.run_cross_doc_consistency,"ac, actualPctComplete, bac, cpi, ev, pv, spi",,,81,"computed, band Amber",value fixed by a committed hand-derived known-answer case,"7 numeric inputs driven to zero, impossible, extreme and near-zero, and to negative where the field contract permits a negative",every reachable out-of-domain value contained,"7 single-input removals exercised; removal improved the reading: actualPctComplete->Green, bac->Green",6 malformed values x 7 inputs; a null value is contained; not contained in the analytical layer but refused upstream by the numeric contract: ac='not-a-number':TypeError; ac=[]:TypeError; ac={}:TypeError,NOT_APPLICABLE: no defining structure declared,deterministic on an identical input; band is inside the governed four-band vocabulary; abstention carries a reader sentence,computed on compute_project,"PROVEN: comparison operators reversed (7 sites, isolated copy)",recorded by the Gate 10 pass,,"removing evidence improved the reading: actualPctComplete->Green, bac->Green","removing evidence improved the reading: actualPctComplete->Green, bac->Green",ADVISORY ONLY,"contract oracle: registry, canonical and abstention contracts (independent of production arithmetic); numeric oracle: hand-derived literals in test_run6_known_answer.py",MEDIUM,,,MISMATCH
C1.7,Reporting Frequency Index,PROJECT,C1,YES,NO,NO,server/app/simulation/models_dq.py::run_reporting_frequency,Reporting Frequency Index,models_dq.run_reporting_frequency,events,,,4,ABSTAINED: Insufficient data: upload required documents,value fixed by a committed hand-derived known-answer case,"0 numeric inputs driven to zero, impossible, extreme and near-zero, and to negative where the field contract permits a negative",every reachable out-of-domain value contained,0 single-input removals exercised; no removal improved the reading,6 malformed values x 0 inputs; a null value is contained,NOT_APPLICABLE: no defining structure declared,deterministic on an identical input; abstention carries a reader sentence,"abstained on compute_project, reason recorded","PROVEN: every branch guard inverted (3 sites, isolated copy)",recorded by the Gate 10 pass,,,,,"contract oracle: registry, canonical and abstention contracts (independent of production arithmetic); numeric oracle: hand-derived literals in test_run6_known_answer.py",MEDIUM,,,MATCH
D1.1,Isolation Forest,PORTFOLIO,D1,YES,NO,NO,server/app/simulation/portfolio.py,Isolation Forest,portfolio.compute_portfolio: Mahalanobis distance of this project from the portfolio centroid against a threshold of the mean distance plus 1.5 times the summed deviations,"a list of projects each carrying cpi, spi, docRiskScore and actualPctComplete, the current project id, and the period history",a portfolio of three or more projects,the project list itself,20,,"NOT INDEPENDENTLY ESTABLISHED: the 1.5 multiplier and the 0.7 and 0.4 band fractions have no cited source, and there is no reference population against which an anomaly threshold could be derived","zero, one, two, four and identical-project portfolios exercised",exercised through the Gate 5 pass,a project without both indices leaves the population; a reported zero index stays in it as a measurement,a null portfolio abstains; a portfolio with no current project id is refused outright,"the guard as written admits two projects while its message says three; reproduced from the validated source and recorded, not corrected",deterministic on identical input; stable result ordering; no project counted twice; no feedback into project status,computed only by portfolio.compute_portfolio; registry.run_module refuses the id on the single-project path,Gate 5 checks are hand-derived and were confirmed able to fail: the D1.4 self-count and the D1.3 interval divisor each turn red on a changed expectation,no participant surface renders a portfolio module,"denominator is the count of projects carrying both indices, each counted once; zero and one-project portfolios abstain; a project without signal data leaves the population rather than entering it as neutral; deterministic on identical input; no feedback into project status or the voting set",,,,"contract oracle only: aggregation, denominator and abstention semantics",LOW,"the anomaly threshold constants are unsourced, so the distance can be reproduced but the band cannot be judged",,NOT_TESTABLE
D1.2,Portfolio Outlier Detection,PORTFOLIO,D1,YES,NO,NO,server/app/simulation/portfolio.py,Portfolio Outlier Detection,"portfolio.compute_portfolio: empirical percentile rank of this project's cost and schedule indices within the portfolio, and their mean","a list of projects each carrying cpi, spi, docRiskScore and actualPctComplete, the current project id, and the period history",a portfolio of three or more projects,the project list itself,20,,"50 per cent on both indices for the designed portfolio, counted by hand","zero, one, two, four and identical-project portfolios exercised",exercised through the Gate 5 pass,a project without both indices leaves the population; a reported zero index stays in it as a measurement,a null portfolio abstains; a portfolio with no current project id is refused outright,"the guard as written admits two projects while its message says three; reproduced from the validated source and recorded, not corrected",deterministic on identical input; stable result ordering; no project counted twice; no feedback into project status,computed only by portfolio.compute_portfolio; registry.run_module refuses the id on the single-project path,Gate 5 checks are hand-derived and were confirmed able to fail: the D1.4 self-count and the D1.3 interval divisor each turn red on a changed expectation,no participant surface renders a portfolio module,"percentiles counted by hand on a four-project portfolio and matched exactly; denominator is the population size, not the number of better performers",,,,independent hand count of the rank definition,HIGH,"small-n behaviour of a percentile over four projects is arithmetically exact but analytically weak, as the module's own proxy qualifier states",,MATCH
D1.3,Signal Trajectory Classifier,PORTFOLIO,D1,YES,NO,NO,server/app/simulation/portfolio.py,Signal Trajectory Classifier,portfolio.compute_portfolio: change in cost performance per interval across the last three periods,"a list of projects each carrying cpi, spi, docRiskScore and actualPctComplete, the current project id, and the period history",a portfolio of three or more projects,the project list itself,20,,"0.1 per period for 0.9, 1.0, 1.1, derived by hand","zero, one, two, four and identical-project portfolios exercised",exercised through the Gate 5 pass,a project without both indices leaves the population; a reported zero index stays in it as a measurement,a null portfolio abstains; a portfolio with no current project id is refused outright,"the guard as written admits two projects while its message says three; reproduced from the validated source and recorded, not corrected",deterministic on identical input; stable result ordering; no project counted twice; no feedback into project status,computed only by portfolio.compute_portfolio; registry.run_module refuses the id on the single-project path,Gate 5 checks are hand-derived and were confirmed able to fail: the D1.4 self-count and the D1.3 interval divisor each turn red on a changed expectation,no participant surface renders a portfolio module,"abstains BY ABSENCE with no usable history rather than appearing with a colour; a flat history is exactly zero; the slope divides by intervals, not observations",,,,independent derivation of a slope over intervals,HIGH,band boundaries at 0.01 and minus 0.03 have no cited source,,MATCH
D1.4,Cross-project Pattern Detector,PORTFOLIO,D1,YES,NO,NO,server/app/simulation/portfolio.py,Cross-project Pattern Detector,"portfolio.compute_portfolio: count of other projects within a fixed radius, banded by their mean cost index","a list of projects each carrying cpi, spi, docRiskScore and actualPctComplete, the current project id, and the period history",a portfolio of three or more projects,the project list itself,20,,"three for four identical projects, derived by hand","zero, one, two, four and identical-project portfolios exercised",exercised through the Gate 5 pass,a project without both indices leaves the population; a reported zero index stays in it as a measurement,a null portfolio abstains; a portfolio with no current project id is refused outright,"the guard as written admits two projects while its message says three; reproduced from the validated source and recorded, not corrected",deterministic on identical input; stable result ordering; no project counted twice; no feedback into project status,computed only by portfolio.compute_portfolio; registry.run_module refuses the id on the single-project path,Gate 5 checks are hand-derived and were confirmed able to fail: the D1.4 self-count and the D1.3 interval divisor each turn red on a changed expectation,no participant surface renders a portfolio module,"this project is never counted as similar to itself, proved on four identical projects giving three; adding one project inside the radius raises the count by exactly one; at a hand-computed distance of exactly the radius, binary rounding decides membership",,,,independent derivation of the count definition,MEDIUM,"the 0.15 radius is unsourced and the comparison is exact, so a project at exactly the radius is decided by floating point rather than by the definition",,MATCH
D1.5,Anomaly Score,PORTFOLIO,D1,YES,NO,NO,server/app/simulation/portfolio.py,Anomaly Score,"portfolio.compute_portfolio: mean of the terms actually measured, being the anomaly score and one minus the composite percentile, plus the trend term only when a history exists","a list of projects each carrying cpi, spi, docRiskScore and actualPctComplete, the current project id, and the period history",a portfolio of three or more projects,the project list itself,20,,"the mean of the two measured terms, recomputed independently from the two reported components","zero, one, two, four and identical-project portfolios exercised",exercised through the Gate 5 pass,a project without both indices leaves the population; a reported zero index stays in it as a measurement,a null portfolio abstains; a portfolio with no current project id is refused outright,"the guard as written admits two projects while its message says three; reproduced from the validated source and recorded, not corrected",deterministic on identical input; stable result ordering; no project counted twice; no feedback into project status,computed only by portfolio.compute_portfolio; registry.run_module refuses the id on the single-project path,Gate 5 checks are hand-derived and were confirmed able to fail: the D1.4 self-count and the D1.3 interval divisor each turn red on a changed expectation,no participant surface renders a portfolio module,with no history the mean is over exactly two measured terms and no placeholder third term enters it,,,,independent recomputation of the mean from its published components,MEDIUM,"the band boundaries at 0.70, 0.50 and 0.30 have no cited source",,MATCH
