module_id,module_name,category,Run19_disposition,Run19_root_cause,scientific_authority,required_structure,current_structure,implementation_defect,parameter_gap,threshold_gap,calibration_gap,Category9_gap,lineage_gap,regulatory_gap,label_gap,empirical_validation_gap,owner_decision_needed,remediation_authorized,priority,cycle_number,status,fix_commit,post_fix_disposition,tests,mutation_proof,neighbour_sweep,notes
7.20,Hypersoft Sets,7,FUTURE_RESEARCH_ONLY,FUTURE_RESEARCH_ONLY,Specification 16 section 7.20,yes,no,yes,yes,yes,yes,yes,yes,no,no,yes,no,no,FUTURE,,OPEN,,,"remains disabled as concept-only and is short-circuited before its formula function is reached, on a complete input; known-answer: a two by two attribute-value product has exactly four tuples, and the specification asks all four be enumerated; known-answer: a complete mapping over those tuples is complete; known-answer: deleting one tuple is reported as explicit incompleteness rather than the missing tuple receiving a default; every tuple of the Cartesian product of the attribute-value subspaces is explicit, and a missing tuple produces explicit incompleteness rather than a default value; the module remains operationally disabled and non-voting",,,BLOCKED_APPLICABILITY_NOT_ESTABLISHED
7.7,Plithogenic Sets,7,FUTURE_RESEARCH_ONLY,FUTURE_RESEARCH_ONLY,Specification 16 section 7.7,yes,no,yes,yes,yes,yes,yes,yes,no,no,yes,no,no,FUTURE,,OPEN,,,"remains disabled as concept-only and is short-circuited before its formula function is reached, on a complete input; known-answer: at zero contradiction the published operator is the t-norm; known-answer: at full contradiction it is the t-conorm; invariant: the operator interpolates monotonically between its two contradiction-degree endpoints, which specification 7.7 asks be tested; boundary: a contradiction degree outside nought to one is refused; the module applies an explicitly selected published plithogenic aggregation operator whose limiting cases at the contradiction-degree endpoints can be checked; the module remains operationally disabled and non-voting whatever this laboratory finding says",,,BLOCKED_APPLICABILITY_NOT_ESTABLISHED
7.9,Quantum Probability,7,FUTURE_RESEARCH_ONLY,FUTURE_RESEARCH_ONLY,Specification 16 section 7.9,yes,no,yes,yes,yes,yes,yes,yes,no,no,yes,no,no,FUTURE,,OPEN,,,"remains disabled as concept-only and is short-circuited before its formula function is reached, on a complete input; known-answer: the Born rule on the specification's equal superposition gives one half; known-answer: and one half on the other outcome; boundary: a basis state gives certainty; boundary: an unnormalised state is not a state and is refused; known-answer: two noncommuting projectors give an order-dependent probability, which is what a context or order effect IS; the module carries a Hilbert-space event structure: a state, projectors for the events, and the Born rule applied to them; the module remains operationally disabled and non-voting",,,BLOCKED_APPLICABILITY_NOT_ESTABLISHED
1.7,TCPI,1,SCIENTIFIC_PASS,,S5 PMI PMBOK 6e 7.4.2.2 and PMI EVM Practice Standard,yes,yes,no,yes,no,yes,yes,yes,no,no,yes,no,yes,NONE,,CLOSED_RUN19,,SCIENTIFIC_PASS,1.7 known-answer/structure/boundary x3/missingness/metamorphic/threshold x2,,,No Run-19 finding open.
1.8,Variance at Completion,1,SCIENTIFIC_PASS,,S5 PMI PMBOK 6e 7.4.2.2,yes,yes,no,yes,no,yes,yes,yes,no,no,yes,no,yes,NONE,,CLOSED_RUN19,,SCIENTIFIC_PASS,1.8 known-answer/structure/boundary x2/missingness/invariant/metamorphic,,,No Run-19 finding open.
10.7,Regret Minimization Index,10,CORRECT_ABSTENTION,,Specification 19 section 10.7; Savage minimax regret,yes,no,no,yes,no,yes,yes,yes,no,no,yes,no,yes,NONE,,CLOSED_RUN19,,CORRECT_ABSTENTION,"known-answer: the specification's scenario maxima are ten and ten; known-answer: the specification's maximum regrets are eight, four and eight; known-answer: the minimax-regret choice is the hedging action; invariant: an action that is best under every scenario has no regret at all; invariant: every regret is non-negative, since it is measured against the best available payoff in its own scenario; metamorphic: adding a constant to every payoff in one scenario leaves the regrets in that scenario unchanged, since both the maximum and each payoff shift together; with no set of courses of action scored against defined future states the module abstains, which specification 10.7 states is the correct result; missingness: the abstention names the missing structure as courses of action scored against future states, without inventing one; invariant: no project input can move the result while the payoff matrix is absent, so no fixed project-independent choice is being published; the module does not vote and is excluded from the recommendation text and the courses of action a participant chooses among",,,No Run-19 finding open.
2.1,PERT Network Criticality,2,CORRECT_ABSTENTION,,Specification 11 section 2.1; Dodin and Elmaghraby (1985) criticality indices,yes,no,no,no,no,no,yes,yes,no,no,yes,no,yes,NONE,,CLOSED_RUN19,,CORRECT_ABSTENTION,"known-answer: the classical PERT activity mean; known-answer: the classical PERT activity variance; known-answer: the specification's network makes A and C critical and not B; boundary: abstains on empty input; boundary: abstains on a full EVM vector but no network; boundary: abstains on a schedule index alone; criticality is not reported from durations that are this file's literals rather than the project's network; missingness: the abstention says the activity network is what is missing; invariant: no project-level input changes the outcome while the structure is absent, so nothing about the project can move a band that has no basis",,,No Run-19 finding open.
3.1,Reference Class Forecasting,3,CORRECT_ABSTENTION,,Specification 12 section 3.1; reference class forecasting literature,yes,no,no,no,no,no,yes,yes,no,no,yes,no,yes,NONE,,CLOSED_RUN19,,CORRECT_ABSTENTION,"known-answer: the specification's reference class has a median uplift of .20; known-answer: the adjusted forecast at that uplift; invariant: the uplift is monotone in the quantile chosen; invariant: the quantile is invariant to the order the reference class is presented in; boundary: an empty reference class is refused, since the method is defined by its reference class; with no governed population of comparable completed projects the module abstains, rather than publishing a fixed multiplier as though it were an outside view; missingness: the abstention names the reference class as what is absent; invariant: no project input can move the result while the reference class is absent, so no fixed multiplier is being published under this name",,,No Run-19 finding open.
4.4,NCR Rate,4,CORRECT_ABSTENTION,,Specification 13 section 4.4,yes,partial,no,yes,yes,yes,yes,yes,no,no,yes,no,yes,NONE,,CLOSED_RUN19,,CORRECT_ABSTENTION,"known-answer: the specification's four nonconformances over a hundred inspections; boundary: no exposure means no rate; a backlog stock over one period's intake flow is not a rate: the two counts are different sets and the ratio is unbounded above; known-answer: fifteen open against an audited cohort of a hundred; structure: the audited cohort the backlog is a share of is reported; invariant: the open share rises monotonically with the backlog; the backlog is measured against an audited cohort rather than against one period's intake, which is a different set and unbounded above; a project that issued nothing this period but carries an unresolved backlog does not read as the best band, since issuing nothing new is not evidence of quality; invalid input: more open than the audited cohort contains is refused; boundary: an audited record with no completed audit abstains; missingness: with no cohort in either form the module abstains; the module can express a nonconformance RATE over a governed exposure such as inspected units, work hours, inspections or value, which is what specification 4.4 defines",,,No Run-19 finding open.
5.1,DSM Rework Propagation,5,CORRECT_ABSTENTION,,Specification 14 section 5.1; Zhao et al. (2010); Tuholski and Tommelein (2010),yes,no,no,yes,no,yes,yes,yes,no,no,yes,no,yes,NONE,,CLOSED_RUN19,,CORRECT_ABSTENTION,"known-answer: the specification's single-edge matrix propagates a half wave to the first element; known-answer: the wave dies at the second step; boundary: a zero matrix propagates nothing; boundary: a disconnected graph leaves each element with only its own seed; invariant: propagation is linear in the seed, so a doubled initiating wave doubles what arrives; invariant: edge strength is monotone, so a stronger dependency carries more; boundary: a cycle propagates around and back, which is why a stopping policy must be declared; with no dependency matrix for the project the module abstains, rather than propagating a wave through coefficients that are this file's literals; missingness: the abstention names the dependency matrix as what is absent; invariant: no project input can move the result while the matrix is absent",,,No Run-19 finding open.
7.19,CRITIC-TOPSIS,7,CORRECT_ABSTENTION,,Specification 16 section 7.19,yes,conditional,no,yes,yes,yes,yes,yes,no,no,yes,no,yes,NONE,,CLOSED_RUN19,,CORRECT_ABSTENTION,"known-answer: the CRITIC weights sum to one; boundary: CRITIC derives criterion contrast ACROSS alternatives, so a single row supplies none and is refused; known-answer: the TOPSIS ranking on a dominance-ordered matrix; known-answer: the alternative that IS the ideal has closeness one; invariant: every closeness coefficient lies in nought to one; with no decision matrix the module abstains, rather than falling back to the spread of one project's own three criteria where a criterion equal to their mean carries a weight of exactly zero and drops out of its own decision; missingness: the abstention says a single project is not a set of alternatives; invariant: no project input can move the result while no decision matrix is provided; structure: the decision-matrix path requires a shape this suite could not construct from the specification alone, so only the abstention path is exercised against production and the method itself is verified against the independent oracle",,,No Run-19 finding open.
3.7,Analogous Estimating Ratio,3,IMPLEMENTATION_DEFECT,METHOD_IMPLEMENTATION_DEFECT,Specification 12 section 3.7,yes,no,yes,yes,yes,yes,yes,yes,no,no,yes,no,yes,P0B,1 P0B,CLOSED_RUN20,see code_audit/run20_defect_class_cycles.csv,CORRECT_PROXY_ONLY,"known-answer: the specification's analog adapted by size and location; invariant: adaptation factors commute, so the order they are applied in cannot change the estimate; invariant: an analog needing no adaptation estimates itself; structure: the declared exposure is the budget times the overrun percent; invariant: exposure is monotone in the overrun percent; missingness: both figures are required; the module identifies the analogous projects it drew from, with comparability criteria, normalisation and adaptation factors, as specification 3.7 requires; a budget outside the domain it can occupy is refused rather than producing a banded result, and no result reports a negative quantity of money at risk",,,"P0B. Close the domain on both inputs so an invalid budget or a negative overrun cannot reach a band. Then P3, either carry identified analogs with adaptation factors or rename the module."
8.7,Safety Performance Index,8,IMPLEMENTATION_DEFECT,METHOD_IMPLEMENTATION_DEFECT,Specification 17 section 8.7; OSHA incidence-rate formula and leading-indicator guidance at the committed snapshot,yes,no,yes,yes,yes,yes,yes,yes,no,no,yes,no,yes,P0B,1 P0B,CLOSED_RUN20,see code_audit/run20_defect_class_cycles.csv,MISSING_CANONICAL_DATA_STRUCTURE,"known-answer: the specification's three recordable cases over 200,000 hours; invariant: the rate halves when the exposure doubles, which is what makes it a rate; boundary: zero hours worked is no exposure and has no incidence rate, so the specification requires abstention rather than a number; known-answer: zero recorded injuries alone does not support a strong-safety-system conclusion, which the specification states in terms; known-answer: lagging outcomes together with leading preventive evidence may support it; the sentence shown to a reader makes no legal-compliance certification, which is the rule governing the whole category; structure: a reported incidence rate is carried through unchanged; invariant: the band worsens monotonically as the reported rate rises; meeting records that never mention safety abstain, since silence in a meeting is not a record of no incidents; invalid input: a negative rate is refused rather than banding Green because a negative number is below the benchmark; missingness: with no safety field at all the module abstains; incidents mentioned in meeting minutes are never used as a substitute for the OSHA incidence rate, which specification 8.7 forbids in terms; the module can compute the OSHA incidence rate from its identity, recordable cases times two hundred thousand over employee hours worked; the safety package distinguishes lagging outcomes from leading preventive evidence such as hazard reporting, inspections, training and corrective-action closure, which OSHA guidance explicitly supports",,,"P0B. Stop deriving an incident rate from meeting mentions in the non-zero case, as the zero case already does. Then P2, carry employee hours worked so the identity can be computed, and carry leading indicators separately."
9.2,Data Timeliness Score,9,IMPLEMENTATION_DEFECT,METHOD_IMPLEMENTATION_DEFECT,Specification 18 section 9.2,yes,no,yes,yes,yes,yes,yes,yes,no,no,yes,no,yes,P0B,1 P0B,CLOSED_RUN20,see code_audit/run20_defect_class_cycles.csv,MISSING_CANONICAL_DATA_STRUCTURE,"known-answer: an age of twenty against an allowance of thirty is timely; known-answer: an age of forty against the same allowance is stale; known-answer: a future-dated record is invalid, not fresh; known-answer: age is the period cutoff less the effective date; known-answer: production measures the same age from the period cutoff; the reference date is the period cutoff rather than the wall clock, so the same documents give the same answer on any day; invariant: age rises monotonically as the document recedes; missingness: no document date abstains; invalid input: a document date that is not a date abstains; a document dated after the period cutoff receives explicit invalid or review handling; the freshness allowance is a governed property of the source class rather than one universal age applied to every document type",,,"P0B. Guard the lower bound so a future-dated document is invalid or referred for review rather than maximally fresh. Then P3, carry per-source-class freshness requirements."
9.7,Reporting Frequency Index,9,IMPLEMENTATION_DEFECT,METHOD_IMPLEMENTATION_DEFECT,Specification 18 section 9.7,yes,no,yes,yes,yes,yes,yes,yes,no,no,yes,no,yes,P0B,1 P0B,CLOSED_RUN20,see code_audit/run20_defect_class_cycles.csv,MISSING_CANONICAL_DATA_STRUCTURE,"known-answer: a perfect monthly cadence has a mean interval of thirty; known-answer: a perfect cadence has missed nothing and has not ceased; known-answer: a project that reported twice and then stopped still shows a short mean interval, so the mean alone cannot detect cessation; known-answer: a duplicate report is detected; boundary: one report establishes no interval; known-answer: three monthly uploads give a mean interval near thirty days; structure: the upload count is reported alongside the interval; invariant: the mean interval is invariant to the order the events arrive in; invariant: a longer gap between uploads gives a longer mean interval; a single upload abstains, since one point establishes no interval; missingness: an absent event log abstains; invalid input: an event timestamp that is not a date abstains; a project whose last report is long before the period cutoff is reported as having ceased reporting, rather than by the mean interval of the reports it once made; actual intervals are compared to a GOVERNED EXPECTED CADENCE, so a missed report, a duplicate, a late report, an approved extension and a changed cadence are each visible",,,"P0B. Compare the last report to the period cutoff so cessation is visible. Then P2, carry a governed expected cadence per report class."
10.3,Constraint Satisfaction Analysis,10,CORRECT_PROXY_ONLY,METHOD_LABEL_MISMATCH,Specification 19 section 10.3; Lorterapong and Ussavadilokrit (2013),yes,no,no,yes,yes,yes,yes,yes,no,yes,yes,no,yes,P0C,2 P0C,CLOSED_RUN20,see code_audit/run20_defect_class_cycles.csv,CORRECT_PROXY_ONLY,"known-answer: the specification's tiny problem has three feasible assignments; known-answer: the one assignment the constraint forbids is infeasible; boundary: a constraint set with no satisfying assignment returns none rather than the closest near miss; invariant: removing a constraint cannot remove a solution; structure: the module reports which of its rules were violated by name; known-answer: a project meeting every rule satisfies four of four; known-answer: a project failing every rule satisfies none; invariant: the satisfaction rate is monotone as rules begin to fail; boundary: exactly at a rule boundary the rule is satisfied, since the declared comparison is inclusive; missingness: the cost index, schedule index and budget are required; the module accepts variables, domains and constraints and searches for assignments satisfying all of them, which is what a constraint satisfaction problem is; no rule carries a regulatory authority's name unless that authority actually states the threshold the rule applies; the four rule thresholds have no cited source and the module does not vote",M10,see code_audit/run20_neighbour_sweep_results.csv cycle 2,"P0C on the FAR label: rename the rule for the performance threshold it is, or cite the provision. Then P3 on the module name."
8.2,FAR Threshold Monitor,8,REGULATORY_VERSION_BLOCKED,REGULATORY_VERSION_GAP,Specification 17 section 8.2; FAR 34.201 and FAR 52.234-4 at the committed snapshot,yes,no,yes,yes,yes,yes,yes,yes,no,no,yes,no,yes,P0C,2 P0C,CLOSED_RUN20,see code_audit/run20_defect_class_cycles.csv,MISSING_CANONICAL_DATA_STRUCTURE,"known-answer: all four applicability states specification 8.2 requires are reachable from the deciding evidence; known-answer: a project about which the deciding facts are unknown is Insufficient Evidence and specifically NOT Not Applicable; the snapshot records that FAR 34.201 establishes applicability through the acquisition designation and agency procedure, and does not establish any numeric overrun threshold; the sentence shown to a reader makes no legal-compliance certification, which is the rule governing the whole category; structure: the declared overrun is the forecast at completion against budget; invariant: the overrun rises monotonically as cost performance falls; a cost index at or below zero is refused rather than producing a negative forecast, a negative overrun, the calmest band and a printed headroom the project does not have; boundary: a non-positive budget is refused, since the overrun is a share of it; missingness: the four earned-value figures are required; the module determines whether earned value management APPLIES, from the acquisition designation, agency, agency procedure, contract clauses, award date and rule version, and reports one of the four applicability states; the twenty-five per cent threshold presented to the reader as a FAR Part 34 threshold is stated by FAR 34.201 or by another cited provision",M7,see code_audit/run20_neighbour_sweep_results.csv cycle 2,"P0C. Remove or cite the FAR label on the twenty-five per cent threshold and stop asserting a reporting obligation. Then P2, carry the applicability evidence and report the four states."
8.3,OMB A-11 Check,8,REGULATORY_VERSION_BLOCKED,REGULATORY_VERSION_GAP,Specification 17 section 8.3; OMB Circular A-11 edition 2025-08-29 at the committed snapshot,yes,no,yes,yes,yes,yes,yes,yes,no,no,yes,no,yes,P0C,2 P0C,CLOSED_RUN20,see code_audit/run20_defect_class_cycles.csv,MISSING_CANONICAL_DATA_STRUCTURE,"known-answer: the four rule results, and no fifth; known-answer: absent required evidence is Insufficient Evidence and never Satisfied, so no evidence can never read as compliant; the snapshot edition of the circular is the one the specification carries; the sentence shown to a reader makes no legal-compliance certification, which is the rule governing the whole category; structure: the module reports whether it considers reporting triggered; invariant: the trigger requires both of its two conditions, so either alone does not fire it; boundary: a cost index of exactly zero is refused rather than producing an infinite forecast; missingness: the budget, cost index and progress are required; each configured A-11 requirement is represented separately with a rule identifier, the section or appendix it comes from, its applicability, the evidence it requires, its result and its reviewer; the edition of the circular the check was evaluated against is recorded on the result, so the reading can be tied to a version",M8,see code_audit/run20_neighbour_sweep_results.csv cycle 2,"P0C. Stop asserting mandatory reporting. Then P2, represent configured requirements with sections, applicability, required evidence and the circular edition. RUN 20 CYCLE 2 SWEEP FINDING, CARRIED FORWARD AS P1: the Yellow arm of the band requires a cost index simultaneously below 0.90 and at or above 0.92 and is unreachable, so a four-value scheme bands on three."
8.4,EVM Reporting Threshold,8,REGULATORY_VERSION_BLOCKED,REGULATORY_VERSION_GAP,Specification 17 section 8.4; FAR 34.201(c) and FAR 52.234-4 at the committed snapshot,yes,no,yes,yes,yes,yes,yes,yes,no,no,yes,no,yes,P0C,2 P0C,CLOSED_RUN20,see code_audit/run20_defect_class_cycles.csv,MISSING_CANONICAL_DATA_STRUCTURE,"known-answer: a report received before its due date satisfies the check; known-answer: a late report does not satisfy it; known-answer: with no contract clause the result is Insufficient Evidence; known-answer: an inapplicable contract is Not Applicable rather than compliant; the snapshot records that the clause establishes a reporting obligation and establishes no cost or schedule performance band; the sentence shown to a reader makes no legal-compliance certification, which is the rule governing the whole category; structure: the two breach flags are reported separately as well as together; invariant: the combined flag is the conjunction of the two; boundary: a cost index or budget of exactly zero is refused; missingness: the budget and both indices are required; the module reads whether earned value management applies, the contract clause, the required reporting cadence or data item, the due date and the received date, which is what reporting compliance is made of",M9,see code_audit/run20_neighbour_sweep_results.csv cycle 2,"P0C. The module measures performance and is named for reporting compliance; one or the other must change. Then P2, carry cadence, due date and received date."
ARCH.1,Category 9 qualification gate,ARCH,MISSING_CANONICAL_DATA_STRUCTURE,CATEGORY9_QUALIFICATION_GAP,Specification 22,yes,no,,,,,yes,no,,,,,yes,P0D,3,CLOSED_RUN20,eb9b0e5 commit C,REMEDIATED,"server/tools/test_run20_category9_gate.py 61 checks, every condition tested twice, once on the verdict and once on the execution","M18 the band property stops honouring the verdict; M19 DEGRADED admitted to the voting set; M20 the raw-bypass guard removed; M21 the anti-feedback rejection removed from qualify. Each byte-confirmed, each caught by named checks, each restored green","the nine conditions the supervisory clarification names, each with its ALLOWED, DEGRADED, ABSTAINED or REJECTED outcome, plus the three non-evidential classes","BUILT. server/app/simulation/qualification_gate.py stands between project evidence and the categories that consume it: preflight, then module, then signal qualification, then combination. Enforcement is structural: a qualified signal is an object whose band and value are behind properties returning None unless the verdict permits use, and the converter into the combination refuses anything that did not come through the gate, with an exception rather than a silent drop. DEGRADED carries a real consequence, which is that the signal is shown and may not vote; there is no discount factor because no source establishes one. STATED LIMIT: what a package does not declare is not assessed and is certainly not assumed clean. On the packages this platform produces today only the required-evidence condition is live, because those packages declare no as-of dates, no document identities, no audit record and no domains. Degrading every field for a provenance the repository has never recorded would assert a capability rather than enforce a contract."
ARCH.2,Evidence lineage in the combination rule,ARCH,MISSING_CANONICAL_DATA_STRUCTURE,LINEAGE_DEPENDENCE_GAP,Specification 22,yes,no,,,,,no,yes,,,,,yes,P0D,3,CLOSED_RUN20,"0a2786d commit A, bd7f290 commit B, eb9b0e5 commit C",REMEDIATED,server/tools/test_run20_lineage_model.py 120 checks; server/tools/test_run20_voting_lineage.py 100 checks; server/tools/test_run20_lineage_reproduction.py 32 checks,"M13 declared-lineage-group rule erased; M14 the two voters relabelled INDEPENDENT; M15 QUALITY_METADATA removed from the anti-feedback set; M16 the within-body reading inverted to the most favourable; M17 the live path stops supplying lineage. Each byte-confirmed, each caught by named checks, each restored green","the complete sixteen-combination sweep of the two voters, plus every band at two, three and five copies; no sampling","BUILT. server/app/simulation/lineage.py carries the nine evidence relationships, the seven-field record including the derivation chain, and the partition: two signals are one body when they share a declared group, when one names the other, or when their source facts intersect, closed transitively. fusion.fuse_signals partitions before combining; within a body the most adverse reading is taken, which is idempotent; across bodies Dempster is unchanged and its independence assumption is now true by construction. MEASURED: single Amber 0.7000, duplicated same-lineage 0.9273 before and 0.7000 after; Green 0.8000, 0.9722 before, 0.8000 after; Red 0.8340, 0.9787 before, 0.8340 after; the conflict a body reported against its own copy, 0.4414, is no longer estimated. Two genuinely independent bodies still corroborate to 0.9273, which is the positive control."
ARCH.4,Lineage declarations that named the wrong module,ARCH,"NOT_A_RUN19_TARGET (a defect in Run 20 cycle 3's own product, found by the cycle 5 audit of the declared table)",LINEAGE_DECLARATION_NAMES_THE_WRONG_METHOD,Specification 22 points 4 and 5,yes,yes,yes,,,,,no,,,,,yes,P0D,5,CLOSED_RUN20,cycle 5,REMEDIATED,"server/tools/test_run20_lineage_declaration_truth.py 156 checks, including a whole-table guard that every declared id proves itself against the method class the module reports at runtime and against its own abstention reason","M30 overhead absorption put back inside the earned-value body; M31 the progress figure dropped; M32 and M32b the sampling step removed from the Monte Carlo chain, the first attempt not qualifying and the check hardened; M33 a lineage declared for a module that emits no signal. Each byte-confirmed, each a named red, each restored green","every declared id against the method it really carries, three wrong of thirteen; and the complete suite run, which found cycle 3's own lineage-model suite crashing with a KeyError rather than failing","RUN 20 CYCLE 5. Three of cycle 3's worked-example declarations named methods those module ids do not carry: A1.1 the cost performance index when it is Monte Carlo EAC, A2.1 earned schedule when it is PERT Network Criticality, A3.5 a tornado sensitivity sweep over the earned-value body when it is Overhead Absorption Rate over the indirect cost ledger. THE THIRD DID REAL HARM: an independent second body of evidence had been declared inside the first, so an Amber to-complete index and an Amber overhead absorption fused to 0.7000 in ONE body where they are two bodies and 0.9273. This is the direction the programme instruction names, that a fix which also suppresses real corroboration is not a fix, and cycle 3's positive control could not see it because it was built from a SYNTHETIC independent body written inside the test rather than from the declared table. Corrected, with the A2.1 entry REMOVED rather than rewritten because a module that abstains on an absent canonical structure on every project emits no signal whose evidence there is anything to declare. NO BAND, BOUNDARY OR ARITHMETIC RESULT CHANGED."
B2.1,DST Evidence Combination,B,NOT_A_RUN19_TARGET (advisory identifier outside the hundred scientific targets; found by the Run 20 cycle 3 neighbour sweep),LINEAGE_DEPENDENCE_GAP,"Specification 22, evidence lineage and the independence precondition of Dempster rule",yes,no,,,,,,yes,,,,,yes,P0D,,CLOSED_RUN20,,,,,"recorded in code_audit/run20_neighbour_sweep_results.csv cycle 3, the sweep of every dst_fuse and dst_combine call site in production","RUN 20 CYCLE 3 NEIGHBOUR-SWEEP DISCOVERY, NOT REMEDIATED. server/app/simulation/models_gov.py run_dst combines four arms through dst_combine with no lineage carried: an arm banding on the minimum of the cost and schedule performance indices, a Monte Carlo cost arm banding on the eightieth-percentile cost delta, a CUSUM arm over the schedule index history, and a document arm. THREE OF THE FOUR ARE TRANSFORMS OR EXTRAPOLATIONS OF ONE EARNED-VALUE BODY; only the document arm is an independent body. Dempster rule normalises by a conflict coefficient defined only for independent bodies, so the module carries the same uncontrolled same-lineage reinforcement the voting path carried before cycle 3, and its conflict coefficient between arms of one body is not estimable. The module is NON-VOTING and ADVISORY and reaches no governed status, so this cannot move Cost Recovery Status or any participant-visible governed label. The framework to express and correct it now exists in server/app/simulation/lineage.py and fusion.fuse_signals. NOT DONE IN CYCLE 3 AND DELIBERATELY NOT DONE IN THE CYCLE 3 MERGE: rebanding an advisory module requires its own reproduction of the current behaviour, its own mutation proof and its own neighbour sweep, and no cycle may reband a module on the strength of another module's evidence. RUN 20 CYCLE 7, REMEDIATED AND CLOSED. What each of the four arms actually reads, what it does to it and which source facts materially influence it were established by EXECUTION, one fact moved at a time, and never from field names or schema. The index arm rests on the earned value, the actual cost and the planned value; the forecast arm on those three AND the document risk score, which genuinely widens its sampling spread; the trend arm on the schedule index history, whose last point IS this period's index, so it shares this period's earned value and planned value with the index arm; the document arm on the document risk score alone. THE INDEX ARM AND THE DOCUMENT ARM SHARE NOTHING AND ARE TWO BODIES; THE FORECAST ARM IS THE BRIDGE. B2.1 is therefore the A={X}, B={X,Y}, C={Y} case in shipped production code and not in a thought experiment. Pinned before the fix: three adverse readings of the one earned-value body drove Red belief 0.3974 -> 0.9526 -> 0.9646 as the second and third readings were added, and the known-answer case reached Red 1.00 with conflict 0.21. After: two bodies, Red 0.9307 and conflict 0.3150 on that same case, and adding the second and third readings of one body now changes nothing at all. Twelve mutations, zero survivors after two survivors were closed with named checks. NO BAND, BOUNDARY, THRESHOLD OR ARM MASS CHANGED."
1.11,ICE Ratio,1,METHOD_LABEL_MISMATCH,METHOD_LABEL_MISMATCH,S1 supervisory specification 1.11,yes,no,no,yes,yes,yes,yes,yes,no,yes,yes,no,yes,P1,,OPEN,,,1.11 known-answer/independence x2/boundary x2/missingness/invariant,,,"P3: rename to an internal EAC-formula divergence index, or ingest a genuinely independent estimate."
1.5,ARIMA CPI Forecast,1,METHOD_LABEL_MISMATCH,METHOD_LABEL_MISMATCH,"S1 supervisory specification 1.5, Box-Jenkins framework",yes,no,no,yes,yes,yes,yes,yes,no,yes,yes,no,yes,P1,,OPEN,,,1.5 positive/structure x7/boundary x2/invariant,,,"P3: either add a proxy qualifier naming what it computes, or build the identification, diagnostics and interval the registered name implies."
1.6,Earned Schedule,1,METHOD_LABEL_MISMATCH,METHOD_LABEL_MISMATCH,"S4 Lipke (2003, 2009) via S1",yes,no,no,yes,yes,yes,yes,yes,no,yes,yes,no,yes,P1,,OPEN,,,1.6 positive/known-answer/structural-discriminator x2/boundary/missingness,,,"P3 now, P1 if the module is ever brought into voting: either rename to a progress ratio or ingest a planned-value curve."
10.1,Multi-Objective Optimization,10,METHOD_LABEL_MISMATCH,METHOD_LABEL_MISMATCH,Specification 19 section 10.1; El-Rayes and Kandil (2005); Kandil and El-Rayes (2006),yes,no,yes,yes,yes,yes,yes,yes,no,yes,yes,no,yes,P1,,OPEN,,,"known-answer: the specification's discrete feasible set has A, B and C nondominated and D dominated; known-answer: A dominates D; invariant: two mutually nondominated points dominate each other in neither direction, which is what a genuine trade-off is; invariant: the frontier does not depend on the order the alternatives are presented in; the module carries decision variables and candidate interventions to optimise over, with constraints and a feasible region, as specification 10.1 requires; the output exposes nondominated trade-offs rather than collapsing several objectives into one number, which specification 10.1 says should normally be the case; the module remains operationally disabled and non-voting whatever this laboratory finding says",,,"Remains disabled and non-voting. A laboratory result is not permission to activate. P3 on the naming; a real implementation is a new build, not a rename."
10.4,What-If Scenario Matrix,10,METHOD_LABEL_MISMATCH,METHOD_LABEL_MISMATCH,Specification 19 section 10.4; Collier et al. (2018),yes,no,yes,yes,yes,yes,yes,yes,no,yes,yes,no,yes,P1,,OPEN,,,"known-answer: the specification's decision matrix has three actions and two scenarios, and each cell is one action's outcome under one scenario; invariant: no action in the specification's matrix dominates every other under every scenario, which is what makes the decision non-trivial; structure: four named scenarios are reported with a forecast for each; known-answer: the base scenario is budget over the cost index; invariant: the optimistic scenario forecasts no more than the pessimistic; invariant: the reported range widens as cost performance falls; a zero or negative index, a non-positive budget, negative earned value or actual cost, and earned value exceeding the budget are each refused rather than forecast from; missingness: all five earned-value figures are required; the rows of the matrix are CANDIDATE ACTIONS with identity, and the columns are scenarios, so each cell is the outcome of taking one action under one future state",,,"P1. Carry candidate actions with identity as the rows and scenarios as the columns, or rename the module for the earned-value range analysis it performs and move it to Category 5."
10.5,Decision Sensitivity Matrix,10,METHOD_LABEL_MISMATCH,METHOD_LABEL_MISMATCH,Specification 19 section 10.5,yes,no,yes,yes,yes,yes,yes,yes,no,yes,yes,no,yes,P1,,OPEN,,,"known-answer: two alternatives whose ranking flips at a weight of one half; known-answer: the ranking really does differ on the two sides of the crossover, so the decision changes rather than only the scores; boundary: two alternatives whose ranking never flips report no crossover; a decision model with base parameter values is perturbed over declared ranges and the action ranking recomputed, so the output shows whether the DECISION changes; the module remains operationally disabled and non-voting",,,Remains disabled and non-voting. The reported sentence should not survive a rebuild in its present form even if the module stays disabled.
10.6,Pareto Frontier Analysis,10,METHOD_LABEL_MISMATCH,METHOD_LABEL_MISMATCH,Specification 19 section 10.6; Pareto nondominance,yes,no,yes,yes,yes,yes,yes,yes,no,yes,yes,no,yes,P1,,OPEN,,,"known-answer: the specification's frontier is A, B and C, with D dominated; invariant: permutation invariance, the frontier does not depend on input order; invariant: duplicate points do not dominate each other and both remain on the frontier; boundary: a single point is trivially nondominated; invariant: a point strictly worse in every objective than another is always dominated; the module compares two or more alternatives and computes which are dominated, which is the entire content of Pareto analysis; the module remains operationally disabled and non-voting",,,Remains disabled and non-voting. The Pareto vocabulary should not be applied to a single project even while the module is disabled.
2.10,Schedule Risk Analysis P80,2,METHOD_LABEL_MISMATCH,METHOD_LABEL_MISMATCH,Specification 11 section 2.10; Monte Carlo schedule risk analysis,yes,no,yes,yes,yes,yes,yes,yes,no,yes,yes,no,yes,P1,,OPEN,,,"known-answer: Uniform(0,10) has an analytic eightieth percentile of 8; known-answer: a seeded simulation converges to the analytic P80 within the tolerance frozen before the run; reproducibility: the same seed gives the identical sample; structure: the module reports a P50 and a P80 delay; invariant: the P80 delay is not below the P50 delay; invariant: the projected delay grows as schedule performance falls; boundary: a schedule index of zero is refused rather than raising and losing the whole project's result to an exception; boundary: a negative schedule index is refused rather than reporting a delay of fewer than zero days and banding Green; invalid input: completion outside nought to one hundred is refused; invalid input: a baseline finish before its start is refused; missingness: the baseline dates are required; the eightieth percentile is read off an empirical simulated completion distribution produced from an activity network with duration distributions",,,P1. Either build the schedule simulation over a real network or rename the module for the deterministic uplift it performs. The 1.28 constant should be corrected or documented whichever route is taken.
2.11,Critical Path Index,2,METHOD_LABEL_MISMATCH,METHOD_LABEL_MISMATCH,Specification 11 section 2.11; critical path method,yes,no,yes,no,yes,yes,yes,yes,no,yes,yes,no,yes,P1,,OPEN,,,known-answer: the specification's network finishes at day 6; known-answer: A carries one day of total float; known-answer: B carries no total float; known-answer: C carries no total float; known-answer: B and C are critical and A is not; invariant: a pure chain finishes at the sum of its durations; invariant: every activity on a pure chain is critical; structure: the declared index is the mean of progress ratio and the schedule index; invariant: the index rises with progress against plan; boundary: no planned progress leaves the ratio no denominator and is refused rather than averaging the schedule index with itself; boundary: a schedule index of zero or below is refused; invalid input: a reported progress of ten thousand per cent is refused; missingness: all three figures are required; the module performs forward and backward passes over an activity network to establish the critical path and the total float of each activity,,,"P1. Compute the critical path from a network, or rename the module for the composite schedule index it publishes and disclose that its two terms share one lineage."
2.7,Milestone Trend Analysis,2,METHOD_LABEL_MISMATCH,METHOD_LABEL_MISMATCH,Specification 11 section 2.7,yes,partial,yes,no,yes,yes,yes,yes,no,yes,yes,no,yes,P1,,OPEN,,,"known-answer: the specification's baseline day 100 with forecasts 104, 108 and 111 gives slips of 4, 8 and 11 days; invariant: the specification's series is deteriorating, so its slip trend has a positive slope; known-answer: a seven day movement between two consecutive forecasts; structure: the milestone is matched by a stable identity across periods; invariant: a milestone that did not move reports no movement; invariant: a milestone pulled earlier reports a negative movement; invariant: one badly slipping milestone is not hidden inside the average; missingness: a single snapshot supports no trend claim and abstains; missingness: no milestone history at all abstains; boundary: milestones whose names do not correspond across periods are not matched, and no movement is invented for them; invalid input: a forecast that is not a date is not counted as a movement; slip is measured against the milestone's baseline date, as specification 2.7 defines it, rather than against the immediately preceding forecast",,,"P1. Carry the baseline milestone date and measure slip against it, retaining the drift measure separately if it is wanted. Require three or more snapshots for a trend claim."
3.6,Cost Risk Analysis P80,3,METHOD_LABEL_MISMATCH,METHOD_LABEL_MISMATCH,Specification 12 section 3.6,yes,no,yes,yes,yes,yes,yes,yes,no,yes,yes,no,yes,P1,,OPEN,,,"known-answer: the specification's two-point cost distribution has a P80 of 120 under the frozen right-continuous convention; known-answer: a seeded simulation of the specification's cost-risk model converges to the analytic mean of 110; known-answer: its simulated P80 is the upper atom; reproducibility: the same seed gives the identical sample; stochastic diagnostic: a different seed moves the sample but not the quantile, which is the convergence the method relies on; structure: the module reports a P80 forecast and its deviation from budget; invariant: the P80 forecast is above budget when cost performance is below one; invariant: the P80 forecast is not below the point forecast it uplifts; invariant: the ordering holds across the range of cost performance; invariant: the forecast rises monotonically as cost performance falls; a cost performance index of exactly zero abstains rather than raising and losing the whole project's result to an exception; boundary: a negative cost performance index is refused; boundary: no positive budget leaves nothing to measure an overrun against; missingness: the four earned-value figures are required; the sign of the reported deviation follows the figure rather than a hard-coded plus, so the sentence cannot say the opposite of the number; the eightieth percentile is the empirical quantile of a simulated total-cost distribution built from base cost components and risk events with explicit distributions",,,P1. Either build the cost simulation over a risk register or rename the module for the deterministic uplift it performs. Correct or document the 1.28 constant either way.
3.8,Parametric Cost Index,3,METHOD_LABEL_MISMATCH,METHOD_LABEL_MISMATCH,Specification 12 section 3.8,yes,no,yes,yes,yes,yes,yes,yes,no,yes,yes,no,yes,P1,,OPEN,,,"remains disabled as concept-only and is short-circuited before its formula; non-voting; known-answer: the specification's parametric model 10 + 2*4 + 3*5; invariant: the intercept is the prediction when every driver is zero; invariant: the model is linear in each driver, so doubling a driver's contribution is doubling its coefficient; boundary: a design matrix that does not conform with the coefficient vector is refused rather than predicted from; the module carries measurable cost drivers and fitted coefficients, which is what makes a model parametric; the module remains operationally disabled and non-voting whatever this laboratory finding says, since a laboratory result is not permission to activate",,,"Remains disabled and non-voting. A laboratory result is not permission to activate. If the module is ever wanted, it must be rebuilt around measurable drivers and calibrated coefficients, not renamed."
4.10,Specification Conflict Density,4,METHOD_LABEL_MISMATCH,METHOD_LABEL_MISMATCH,Specification 13 section 4.10,yes,no,yes,yes,yes,yes,yes,yes,no,yes,yes,no,yes,P1,,OPEN,,,"known-answer: the specification's five verified conflicts over two hundred and fifty requirements; known-answer: expressed per thousand requirements; invariant: density halves when the exposure doubles, which is what makes it a density; boundary: no exposure unit means no density; structure: the declared quantity is the document risk weighted by the square root of the request count; invariant: the quantity RISES with the request count, which is the opposite direction from a density, since a density falls as exposure rises; with no requests recorded the module abstains on absent exposure rather than reporting the unweighted document risk score under a different name; invalid input: a document risk score outside nought to one is refused rather than multiplied through into the band ladder; invalid input: a negative request count is refused; missingness: both inputs are required; boundary: the reported figure is capped at one, so the band ladder is not fed a quantity outside the range it reads; the numerator is a count of VERIFIED conflict candidates, each retaining the two or more conflicting evidence locations, which specification 4.10 requires; the denominator is an explicit governed exposure unit such as requirements, clauses, sections, pages or cross-reference pairs",,,"P1. Either identify verified conflicts against a governed exposure unit and retain their evidence locations, or rename the module for the risk-weighted request-volume index it computes."
4.6,Change Order Frequency,4,METHOD_LABEL_MISMATCH,METHOD_LABEL_MISMATCH,Specification 13 section 4.6,yes,no,yes,yes,yes,yes,yes,no,no,yes,yes,no,yes,P1,4,OPEN,,,"known-answer: the specification's six changes in a hundred and eighty days, per day; known-answer: the same, one per standardised thirty-day month; known-answer: magnitude is a separate quantity, change value over baseline; boundary: no exposure time means no frequency; structure: the reported scope growth is revised against baseline; structure: the change count is reported as the count it is; invariant: the band worsens as either the count or the growth rises; boundary: a baseline contract sum of zero yields no growth percentage rather than dividing by it; missingness: the count and both contract sums are required; the module divides the change count by a governed exposure, a time span or another declared opportunity basis, which is what makes a count a frequency; frequency and magnitude are reported as two named quantities rather than banded together as one composite without naming it as one; server/tools/test_run20_advisory_lineage_disclosure.py for the lineage disclosure","M22 the declaration removed; M24 the source facts renamed so they no longer intersect the partner's; M26 the declared body removed, leaving the partition standing on the facts alone; M27 both defences removed, restoring the defect exactly. Each byte-confirmed, each a named red, each restored green","cycle 4, mechanical grouping of every module by the exact field set its own preflight requires; six clusters share an identical required-input set and five of them remain undeclared, carried forward as ARCH.3","P1. Carry an exposure window so the count becomes a frequency. Name the composite or band the two quantities separately. P0D on the duplication with the Category 8 module. RUN 20 CYCLE 3: the framework to express this then existed (server/app/simulation/lineage.py) and the anti-feedback rule is enforced at both the gate and the combination, but THIS MODULE'S OWN LINEAGE RECORD IS NOT YET DECLARED. Both modules are non-voting and advisory, so the duplication cannot reach a governed status. Remains OPEN. RUN 20 CYCLE 4: THE LINEAGE DISCLOSURE IS CLOSED. The module now declares a whole lineage record and the duplication is expressed, proved and mutation-tested (server/tools/test_run20_advisory_lineage_disclosure.py, 201 checks; M22 to M29). Duplicating the pair no longer strengthens evidence in any of the four bands and no conflict is estimated between two readings of one body, while a genuinely independent body still corroborates to 0.9273. NO BAND, BOUNDARY OR ARITHMETIC RESULT CHANGED. THE P0D COMPONENT IS DISCHARGED AND THE PRIORITY DROPS TO P1; what remains on this row is the METHOD_LABEL_MISMATCH, which is untouched."
4.7,Dispute Escalation Index,4,METHOD_LABEL_MISMATCH,METHOD_LABEL_MISMATCH,Specification 13 section 4.7,yes,no,yes,yes,yes,yes,yes,yes,no,yes,yes,no,yes,P1,,OPEN,,,"known-answer: with no dispute evidence there is no stage, and specifically not a calm one; known-answer: a submitted claim sits at the second stage of the example ladder; invariant: a later governed stage is more escalated than an earlier one; the stage ladder is versioned and is labelled an example rather than a universal set, since the contract defines the governed stages; structure: the declared index is the weighted sum of three capped terms; all three sources are required, so withholding a request log or a change order log cannot improve the reading by having an absent term score zero; a reported count of zero is evidence and is treated as one, rather than being indistinguishable from a log that was never read; invalid input: a negative count or score is refused; structure: the sources the reading rests on are listed on the output, so which evidence is behind the number is visible rather than inferred; invariant: the index rises monotonically with each of its three terms; the module reads actual claim or dispute state evidence and places the project on a governed ordinal escalation process, so a later stage cannot look less escalated and generic activity cannot establish a stage",,,"P3. Rename to the project-stress proxy the specification permits, or carry actual claim and dispute state evidence on a versioned governed stage ladder."
5.2,Sensitivity Analysis,5,IMPLEMENTATION_DEFECT,METHOD_IMPLEMENTATION_DEFECT,Specification 14 section 5.2; Kermanshachi and Pamidimukkala (2023),yes,partial,yes,yes,yes,yes,yes,yes,no,no,yes,no,yes,P1,,OPEN,,,"known-answer: the specification's Y = x1 squared plus x2 at (2,1), perturbed ten per cent on x1, has a normalised sensitivity of 1.68; invariant: an input the output does not depend on has no sensitivity, which is what makes the elasticity a meaningful ranking key; invariant: the normalised sensitivity is dimensionless, so rescaling the unit of an input leaves it unchanged, which is what makes two different inputs comparable; structure: three drivers are ranked and the top one is named; an absent document risk score is required rather than read as a sensitivity of exactly zero, which would be the strongest possible claim that the driver does not move the estimate and would demote it to the bottom of the ranking; invalid input: a document risk score outside nought to one is refused; boundary: the cost index values at which the perturbed division would be undefined are refused; boundary: a budget of zero leaves no base estimate to normalise against; missingness: all seven inputs are required; every driver ranked is perturbed and the estimate recomputed, which is what specification 5.2 requires before a quantity may be called a sensitivity; the three driver figures are on a common scale, so ranking them and taking the largest means something",,,"P1. Perturb all three inputs and recompute, or report only the driver that is perturbed. Until then the top driver and the band are not sensitivity results."
5.3,Tornado Risk Ranking,5,METHOD_LABEL_MISMATCH,METHOD_LABEL_MISMATCH,Specification 14 section 5.3,yes,no,yes,yes,yes,yes,yes,no,no,yes,yes,no,yes,P1,4,OPEN,,,"known-answer: the specification's impact for A; known-answer: the specification's impact for B; known-answer: the specification's impact for C; known-answer: A and C tie above B, and the tie policy is explicit and stable; invariant: an input whose low and high give the same output has no impact; structure: four risks are ranked and the top one is named; a document risk score outside nought to one is refused rather than dragging the composite down without limit into the one-sided calm end of the band; invalid input: a cost or schedule index at or below zero is refused; invalid input: progress outside nought to one hundred is refused; missingness: all five inputs are required; invariant: the ranking is by absolute impact descending, as the method requires; each input's impact is the difference between the OUTPUT evaluated at that input's high value and at its low value, which is what a tornado impact is; the module presents the sensitivity results of the sensitivity module rather than creating a second, differently computed ranking from the same evidence; server/tools/test_run20_advisory_lineage_disclosure.py for the lineage disclosure","M23 the module relabelled INDEPENDENT; M25 the two index definitions removed from the derivation chain; M28 the within-body reading inverted to the most favourable. Each byte-confirmed, each a named red, each restored green","cycle 4, as for 4.6","P1 with the sensitivity module. Declare input ranges, evaluate the response at each low and high, and present the sensitivity module's results rather than recomputing. P0D on the lineage disclosure. RUN 20 CYCLE 3: the framework to express this then existed (server/app/simulation/lineage.py) and the anti-feedback rule is enforced at both the gate and the combination, but THIS MODULE'S OWN LINEAGE RECORD IS NOT YET DECLARED. Both modules are non-voting and advisory, so the duplication cannot reach a governed status. Remains OPEN. RUN 20 CYCLE 4: THE LINEAGE DISCLOSURE IS CLOSED. The module now declares a whole lineage record and the duplication is expressed, proved and mutation-tested (server/tools/test_run20_advisory_lineage_disclosure.py, 201 checks; M22 to M29). Duplicating the pair no longer strengthens evidence in any of the four bands and no conflict is estimated between two readings of one body, while a genuinely independent body still corroborates to 0.9273. NO BAND, BOUNDARY OR ARITHMETIC RESULT CHANGED. THE P0D COMPONENT IS DISCHARGED AND THE PRIORITY DROPS TO P1; what remains on this row is the METHOD_LABEL_MISMATCH, which is untouched."
5.5,Rework Feedback Loop,5,METHOD_LABEL_MISMATCH,METHOD_LABEL_MISMATCH,Specification 14 section 5.5; Love et al. (2011); Li and Taylor (2014),yes,no,yes,yes,yes,yes,yes,yes,no,yes,yes,no,yes,P1,,OPEN,,,"known-answer: the specification's rework generated; known-answer: the specification's next backlog; boundary: a zero error rate generates no rework; boundary: with no work completed nothing is completed and nothing reworked; invariant: at new work six, completion eight and an error rate of a quarter the backlog is in equilibrium and does not move; invariant: a higher error rate amplifies the backlog, which is the feedback the method exists to model; invariant: the accounting conserves, so the change in backlog is exactly new work plus rework less completion; structure: the declared index is the weighted sum of three capped terms; invariant: the index rises monotonically with requests for information; boundary: the request and change terms are capped, so the index stops rising once each cap is reached; an absent count of requests or change orders is required rather than contributing exactly zero, which is the same contribution a perfect term makes and would mean missing evidence buying a better reading; invalid input: a negative count is refused; the module carries time-dependent stocks and flows with feedback, so a backlog, a rate of rework generation and a completion rate exist and evolve over time",,,P1. Either build the stock and flow accounting or rename the module for the composite rework-pressure index it computes. Source the weights and caps either way.
5.8,Discrete Event Simulation,5,METHOD_LABEL_MISMATCH,METHOD_LABEL_MISMATCH,Specification 14 section 5.8; Martinez (2010); Martinez and Ioannou (1999),yes,no,yes,yes,yes,yes,yes,yes,no,yes,yes,no,yes,P1,,OPEN,,,"known-answer: the specification's job A starts at nought; known-answer: job A ends at two; known-answer: job A waits nothing; known-answer: job B starts at two, when the server is released; known-answer: job B ends at four; known-answer: job B waits one; known-answer: the mean wait is one half; boundary: the simultaneous-event policy is explicit and deterministic; boundary: a job arriving after the server is released waits nothing, which proves the resource is released rather than held; structure: a throughput index and an interruption rate are reported; invariant: throughput falls as the schedule index falls; invariant: the index lies in nought to one, since it is one over one plus a non-negative interruption; with no planned progress the progress ratio is not substituted as exactly one, the value of a project running precisely to plan; invalid input: a reported progress of ten thousand per cent is refused; boundary: a schedule index at or below zero is refused; missingness: all four inputs are required; the module carries entities, events, a simulation clock, resources, queues and service durations, and advances a clock through an ordered event schedule",,,P1. Either build the event schedule or rename the module for the throughput index it computes from the two indices.
6.1,Conservative Dominance,6,IMPLEMENTATION_DEFECT,METHOD_IMPLEMENTATION_DEFECT,S1 supervisory specification 6.1,yes,yes,no,yes,no,yes,yes,yes,no,no,yes,no,yes,P1,,OPEN,,,6.1 positive x2/known-answer x2/invariant x2/missingness x2/boundary,,,P0B in the Run-18 queue. A lone Red currently selects routine early warning rather than escalation.
6.2,Weighted Voting,6,METHOD_LABEL_MISMATCH,METHOD_LABEL_MISMATCH,S1 supervisory specification 6.2,yes,no,no,yes,no,yes,yes,yes,no,yes,yes,no,yes,P1,,OPEN,,,6.2 positive/structure/known-answer/provenance/lineage/missingness/boundary,,,"P2 for weight provenance, P3 for the label. Category 6 must synthesise already qualified signal states and must not vote on raw cost, schedule or document-risk values. All four ensembles read the assembled primary signals directly, so the Qualified Evidence boundary is not enforced."
6.4,Worst-N-of-M,6,IMPLEMENTATION_DEFECT,METHOD_IMPLEMENTATION_DEFECT,S1 supervisory specification 6.4,yes,no,no,yes,no,yes,yes,yes,no,no,yes,no,yes,P1,,OPEN,,,6.4 positive/structure/invariant x2/known-answer/missingness/boundary,,,"P0B in the Run-18 queue: adverse evidence is diluted by the arrival of unrelated benign evidence. Category 6 must synthesise already qualified signal states and must not vote on raw cost, schedule or document-risk values. All four ensembles read the assembled primary signals directly, so the Qualified Evidence boundary is not enforced."
7.10,Pythagorean Fuzzy Sets,7,IMPLEMENTATION_DEFECT,METHOD_IMPLEMENTATION_DEFECT,Specification 16 section 7.10,yes,yes,yes,yes,yes,yes,yes,yes,no,no,yes,no,yes,P1,,OPEN,,,"known-answer: the specification's boundary pair is admissible; known-answer: its hesitancy is exactly nought; known-answer: the specification's inadmissible pair sums to 1.28 and is rejected; invariant: hesitancy is greatest when both degrees are nought; admissibility: the reported membership and non-membership satisfy the Pythagorean constraint; admissibility: the constraint holds across the input range; invariant: membership falls and non-membership rises as document risk rises; missingness: all three inputs are required; the Pythagorean renormalisation branch is unreachable: sweeping the index minimum from nought to three, the constraint is never exceeded, so admissibility holds by construction of the map and not by the guard; the reported hesitancy is the hesitancy OF the reported membership and non-membership, so that the identity mu squared plus nu squared plus pi squared equals one holds for the triple a reader is shown",,,"P1. Compute the hesitancy from the adjusted pair that is actually reported, as the spherical module does. Then source the piecewise map."
7.14,Maximum Entropy,7,METHOD_LABEL_MISMATCH,METHOD_LABEL_MISMATCH,Specification 16 section 7.14,yes,no,yes,yes,yes,yes,yes,yes,no,yes,yes,no,yes,P1,,OPEN,,,"known-answer: under normalisation alone the maximum entropy distribution over two outcomes is uniform; known-answer: its entropy is the natural logarithm of two; invariant: the uniform distribution has the greatest entropy of any distribution on the same outcomes; boundary: a point mass has zero entropy; admissibility: the reported probabilities are non-negative and sum to a hundred; known-answer: the reported entropy is the Shannon entropy of the reported distribution, normalised by the entropy of the uniform one; invariant: entropy lies in nought to one after normalisation; invariant: the reported status is the most probable outcome; missingness: all three inputs are required; the module MAXIMISES entropy subject to explicit evidence or moment constraints, which is what maximum entropy inference is",,,"P1. Either express the evidence as moment constraints and maximise entropy subject to them, or rename the module for the entropy measurement it performs."
7.15,Possibility Theory,7,IMPLEMENTATION_DEFECT,METHOD_IMPLEMENTATION_DEFECT,Specification 16 section 7.15,yes,partial,yes,yes,yes,yes,yes,yes,no,no,yes,no,yes,P1,,OPEN,,,"known-answer: the specification's possibility of the second outcome; known-answer: its necessity of the first; known-answer: maxitivity holds; invariant: necessity never exceeds possibility; admissibility: every possibility degree lies in nought to one; invariant: necessity never exceeds possibility on any state; invariant: maxitivity holds over the reported degrees, so the possibility of the union is the greatest of the parts; invariant: the reported status is the most possible state; invariant: the Red possibility rises with document risk; missingness: all three inputs are required; the possibility distribution is NORMALISED, so the supremum of the degrees is one, which specification 7.15 names as the property to test",,,"P1. Normalise the possibility distribution so its supremum is one, and compute necessity as one less the possibility of the complement."
7.2,Rough Sets,7,METHOD_LABEL_MISMATCH,METHOD_LABEL_MISMATCH,Specification 16 section 7.2,yes,no,yes,yes,yes,yes,yes,yes,no,yes,yes,no,yes,P1,,OPEN,,,"known-answer: the specification's lower approximation; known-answer: its upper approximation; known-answer: its boundary region; invariant: a set that is a union of equivalence classes has an empty boundary, which is what exactness means; invariant: the lower approximation is always contained in the upper; structure: a lower approximation, an upper approximation and a boundary region are reported; with no evidence at all the module abstains, rather than every ratio being nought over an invented denominator of one and producing an indeterminate reading from nothing; invariant: the lower approximation is contained in the upper in production too; invariant: the boundary is exactly the upper less the lower; known-answer: four unanimous Red signals give a definite classification with an empty boundary; the module carries an information or decision table with objects, condition attributes, a decision attribute and an indiscernibility relation, which is what rough set theory is defined over",,,"P3. Rename for the supermajority classification it performs, or build an information table with real objects and attributes."
8.1,ABM Governance Layer,8,METHOD_LABEL_MISMATCH,METHOD_LABEL_MISMATCH,Specification 17 section 8.1,yes,yes,no,yes,no,yes,yes,yes,no,yes,yes,no,yes,P1,,OPEN,,,"a green signal package produces an action and a named authority; the sentence shown to a reader makes no legal-compliance certification, which is the rule governing the whole category; a amber signal package produces an action and a named authority; the sentence shown to a reader makes no legal-compliance certification, which is the rule governing the whole category; a red signal package produces an action and a named authority; the sentence shown to a reader makes no legal-compliance certification, which is the rule governing the whole category; a high-impact action, the recovery-plan review and management escalation, never carries the routine project-level authority: it is escalated to the programme level; the routine action carries the routine authority, so the two paths are genuinely distinct rather than one label; invariant: the same signal package always produces the same action and authority, so the governance mapping is deterministic rather than sampled; with no qualified signal package the module abstains rather than recommending an action; the fairness gate is reported as a state rather than silently absent, and its removal is visible on the output; the fairness gate is always false, because the field that would set it is not a signal input and no branch of extraction writes it, so only one escalation path exists and a reader is not shown two; the module registered as an agent-based governance layer contains agents: entities with state, behaviour rules and interaction rules",,,P3. Rename to the action boundary and authority matrix the specification prefers. The logic needs no change. Consider whether the fairness gate should be built or removed.
9.6,Cross-document Consistency Score,9,METHOD_LABEL_MISMATCH,METHOD_LABEL_MISMATCH,Specification 18 section 9.6,yes,no,yes,yes,yes,yes,yes,yes,no,yes,yes,no,yes,P1,,OPEN,,,"known-answer: two sources reporting the same budget agree; known-answer: 100 against 110 within a two per cent tolerance is a material conflict; conflicting sources are never averaged into agreement, which specification 9.6 forbids; known-answer: a fully self-consistent input scores one hundred; known-answer: a reported cost index that disagrees with earned over actual cost is detected; removing the figure that carries a disagreement does not renormalise the score over the survivors and make the documents agree; structure: the checks that could not be run are reported separately; invariant: the consistent, inconsistent and not-performed counts sum to the declared check count; missingness: earned value and actual cost are required; boundary: an actual cost of zero leaves the cost-index check unrunnable rather than dividing by it; the same governed fact is compared ACROSS REAL SOURCE RECORDS, carrying field identity, unit, effective period, revision status, source authority and an explicit tolerance",,,"P2. Carry per-field source records so the same fact can be compared across documents, and rename the present check for the record self-consistency it performs."
ARCH.3,Undeclared shared-evidence clusters among the advisory modules,ARCH,NOT_A_RUN19_TARGET (found by the Run 20 cycle 4 neighbour sweep),LINEAGE_DEPENDENCE_GAP,Specification 22 points 4 and 5,yes,no,,,,,,yes,,,,,yes,P1,8,CLOSED_RUN20,,LINEAGE_DECLARED_FROM_EXECUTION,server/tools/test_run20_cycle8_arch3_clusters.py (115 checks); extended test_run20_primitive_lineage.py and test_run20_lineage_declaration_truth.py,"5 mutations, 1 re-aimed after changing bytes without changing the verdict, 0 survivors","code_audit/run20_cycle8_material_influence.csv, all 24 modules of all six clusters probed","RUN 20 CYCLE 4 NEIGHBOUR-SWEEP DISCOVERY, NOT REMEDIATED. Grouping every module mechanically by the exact set of fields its own preflight requires, rather than by inspection or sampling, finds SIX clusters of modules resting on an identical required-input set. Only the pair cycle 4 declares is declared. The others: A1.11, A1.3, A3.6, B3.2 and B4.2 on the budget, earned value, actual cost and cost index, of which only A1.3 declares anything; B3.4 and B4.3 on the budget and the two indices; TEN modules, B2.10, B2.11, B2.14, B2.15, B2.16, B2.18, B2.20, B4.1, B4.5 and B4.6, on the cost index, the schedule index and the document risk score; B2.12, B2.13 and B2.17 on the two indices; and A3.4 with A3.9 on the two material cost figures. An identical required-input set is not by itself proof of one body of evidence, but it is the signature both confirmed findings carry. BOUNDED EXPOSURE: every one of these modules is non-voting and advisory, several are disabled outright, and the combination rule does not assume independence for an undeclared signal, so none of this can reach a governed status. NOT DONE IN CYCLE 4: each declaration needs its own derivation chain and its own execution oracle, which is a cycle of its own and not a rider on this one. P1 rather than P0D because no governed status is reachable and no amplification is uncontrolled: the fusion refuses to assume independence where nothing is declared. RUN 20 CYCLE 6: one of these clusters is now known to have been declared FALSELY. A1.3 was declared on the reporting history and the planned value and reads neither; it belongs with the budget-earned-value-actual-cost-index cluster this row names, and its correction is made in cycle 6. THE WARNING THIS CARRIES FOR THE REST OF ARCH.3, in the owner decision own words: do NOT declare a cluster dependent merely because required-input FIELD NAMES match. For each cluster the actual primitive facts, the actual derivation, whether a field is raw or derived or an alias, whether the temporal windows differ, and whether distinct independent evidence sits behind similarly named fields must be determined before anything is declared. A1.3 is the proof that the field set alone misled: its preflight requires four fields and its arithmetic uses two of them.  RUN 20 CYCLE 8, CLOSED. Every one of the twenty-four modules was probed by EXECUTION: each primitive fact moved through the real production derivation, four multipliers, the WHOLE emitted result compared. THE FIELD SET AND THE EVIDENCE DISAGREE ON THREE SHIPPED MODULES: B3.2, B3.4 and B4.3 all demand the budget and none reads it, because each reports a percentage OF the budget and the ratio is scale-invariant in it; and B2.14 demands the cost index and does not read it at all. A field-set reading would have declared four false dependences. SIXTEEN DECLARATIONS WERE WRITTEN and SIX MODULES GOT NONE because they are disabled and emit no signal on any project (B4.2, B2.20, B4.1, B4.5, B4.6, A3.4), which dissolves the material-cost cluster entirely: its only other member is disabled, so A3.9 is a body of one. THE SCHEDULE INDEX HAS TWO ANCESTRIES AND WHICH ONE APPLIES IS A PROPERTY OF THE PROJECT, not of the module: with a planned value B2.14 rests on the earned value, without one it rests on the two progress figures and does not touch the earned value at all. A static record keyed by module id is wrong in one regime whichever ancestry it names, so the declaration carries the union and lineage.resolve_for_evidence narrows it against the evidence actually present. AMPLIFICATION MEASURED: three cluster modules, all Amber, all on one earned-value body, fused as THREE bodies and drove Amber belief 0.7000 to 0.9861; declared, one body and 0.7000. The band never changed. False reinforcement 0, false suppression 0."
PH.5,Anomaly Score,PH,IMPLEMENTATION_DEFECT,METHOD_IMPLEMENTATION_DEFECT,S1 supervisory specification PH.5,yes,no,no,yes,yes,yes,yes,yes,no,no,yes,no,yes,P1,,OPEN,,,PH.5 positive/invariant x3/lineage/missingness/boundary,,,"P0B in the Run-18 queue: govern the weights so they do not move with data availability, and resolve the recycled retired proxy."
1.10,Regression to Mean CPI,1,MISSING_CANONICAL_DATA_STRUCTURE,CANONICAL_STRUCTURE_MISSING,S1 supervisory specification 1.10,yes,no,no,yes,yes,yes,yes,yes,no,no,yes,no,yes,P2,,OPEN,,,1.10 known-answer/structure x2/boundary/missingness/invariant x2/parameter,,,"P2: either supply a governed reference population and estimate w, or rename to self-shrinkage of the project's own history."
10.2,Linear Programming,10,MISSING_CANONICAL_DATA_STRUCTURE,CANONICAL_STRUCTURE_MISSING,Specification 19 section 10.2; classical linear programming,yes,no,yes,yes,yes,yes,yes,yes,no,no,yes,no,yes,P2,,OPEN,,,"known-answer: the Wyndor Glass problem is feasible; known-answer: the optimal first variable is 2; known-answer: the optimal second variable is 6; known-answer: the optimal objective value is 36; known-answer: the second and third constraints are binding at the optimum; boundary: nonnegativity is enforced, so a constraint requiring a negative value of a nonnegative variable is infeasible and is rejected; invariant: an infeasible candidate is rejected rather than returned as an optimum with a violated constraint; invariant: scaling the objective scales the optimal value and leaves the optimal point unchanged, since the feasible region did not move; the module can represent a linear programme: decision variables, an objective function, linear constraints and a feasible region, such that the Wyndor problem could be posed to it; the module remains operationally disabled and non-voting",,,Remains disabled and non-voting. If linear programming is ever wanted it needs a decision-variable and constraint structure that does not exist anywhere in the corpus.
3.9,Inflation Adjustment Index,3,MISSING_CANONICAL_DATA_STRUCTURE,CANONICAL_STRUCTURE_MISSING,Specification 12 section 3.9,yes,no,yes,yes,yes,yes,yes,yes,no,no,yes,no,yes,P2,,OPEN,,,"known-answer: the specification's index 200 to 220 is a factor of 1.10; known-answer: a base cost of 100 adjusts to 110; invariant: an unchanged index leaves the cost unchanged; invariant: a falling index deflates rather than flooring at zero, which is a property of the canonical factor; structure: the declared escalation is the excess above a progress-scaled material baseline; invariant: escalation rises monotonically with current material cost; withholding the progress figure does not enlarge the denominator and buy a calmer band; invalid input: a negative material cost is refused rather than being floored to exactly nought escalation, which is the reading of a project with none; invalid input: a negative baseline is refused; invalid input: progress outside nought to one hundred is refused; boundary: a baseline scaled to zero by zero progress is refused; missingness: both cost figures are required; escalation is computed from an external governed price index carrying a series, a geography, a commodity scope, a base period, a current period and a vintage; a current cost below the progress-scaled baseline is reported as the deflation it is, rather than floored to zero",,,"P2. Source a governed external price index with geography, base period and vintage, or rename the module for the material cost ratio it computes. Decide whether deflation should be visible rather than floored."
4.1,Document Risk Score,4,MISSING_CANONICAL_DATA_STRUCTURE,CANONICAL_STRUCTURE_MISSING,"Specification 13 section 4.1; Moon, Lee and Chi (2022)",yes,no,no,yes,yes,yes,yes,yes,no,no,yes,no,yes,P2,,OPEN,,,"known-answer: a labelled positive and negative set gives confusion counts; known-answer: precision from those counts; known-answer: recall from those counts; boundary: a perfect extractor has precision one; boundary: an extractor that predicts nothing has no precision to report rather than a precision of zero, since it made no positive claim; invalid input: predictions that do not correspond one to one with the reference labels are refused; the module is registered and carries the document risk score name; structure: the server refuses to compute it rather than producing a score, because it has not been ported and validated; the score nevertheless enters the instrument as an INPUT to other modules, so its accuracy is a property of the extraction pipeline rather than of any module in this category; a labelled reference corpus of risk passages exists against which extraction precision and recall can be measured, which specification 4.1 requires as the minimum test",,,"P2. Build a labelled reference corpus and report precision, recall and error analysis. Until then no claim about document risk accuracy is supportable anywhere in the instrument."
7.18,MARCOS Ranking,7,MISSING_CANONICAL_DATA_STRUCTURE,CANONICAL_STRUCTURE_MISSING,Specification 16 section 7.18,yes,no,no,yes,yes,yes,yes,yes,no,no,yes,no,yes,P2,,OPEN,,,"known-answer: a dominating alternative ranks first and a dominated one last; invariant: identical alternatives score identically; invariant: reversing a criterion from benefit to cost reverses the ranking; boundary: one alternative is not a ranking and is refused; the two utility degrees are the weighted sum measured against the ideal and against the anti-ideal SEPARATELY, rather than a number and its complement, which collapsed the score and made the top two bands unreachable from any input; invariant: the score rises monotonically as the criteria improve; invariant: a worse document risk lowers the score, so the third criterion is actually read; missingness: all three criteria are required; the module ranks two or more real ALTERNATIVES against the criteria, which is what a multi-criteria ranking method does",,,"P2. Supply a real alternative set, as the CRITIC-TOPSIS module now requires. OWNER DECISION on moving the module to Category 10 while keeping its identifier stable."
8.8,Environmental Compliance Rate,8,REGULATORY_VERSION_BLOCKED,REGULATORY_VERSION_GAP,Specification 17 section 8.8; EPA NPDES construction stormwater and the applicable permit at the committed snapshot,yes,partial,no,yes,yes,yes,yes,yes,yes,no,yes,no,yes,P2,,OPEN,,,"known-answer: with no permit authority or version the result is Insufficient Evidence rather than a percentage; known-answer: one of two applicable assessed conditions satisfied is a rate of one half; known-answer: a critical permit violation remains separately counted rather than absorbed into the rate; the snapshot records that environmental topics mentioned in documents do not establish a compliance percentage; the sentence shown to a reader makes no legal-compliance certification, which is the rule governing the whole category; known-answer: three of four assessed permit conditions compliant is seventy five per cent; structure: recorded violations are reported separately from the rate; invariant: the rate rises monotonically as conditions are met; how often the environment was raised in a meeting is never converted into a compliance percentage, which is what the removed formula did; invalid input: a rate outside nought to a hundred is refused rather than clipped, since clipping hides that the figure was wrong; boundary: an audited record carrying no assessed condition abstains; missingness: with neither an audited record nor a reported rate the module abstains; the module identifies whether the national permit or a state, tribal or local authority applies, and records the permit version the conditions were assessed against",,,"P2. Carry the permit authority, jurisdiction and version. Make critical permit violations noncompensatory. Source the bands."
8.9,Contractor Performance Score,8,MISSING_CANONICAL_DATA_STRUCTURE,CANONICAL_STRUCTURE_MISSING,Specification 17 section 8.9; FAR Subpart 42.15 and CPARS at the committed snapshot,yes,no,no,yes,yes,yes,yes,yes,no,no,yes,no,yes,P2,,OPEN,,,"known-answer: the worst dimension is preserved rather than averaged away; the snapshot records CPARS as the official source for federal past performance information and that no unofficial substitute establishes it; the sentence shown to a reader makes no legal-compliance certification, which is the rule governing the whole category; the quality rating enters on the same footing as the other three, so a contractor rated badly on quality alone is not reported on the strength of the three the assessor was less worried about; invariant: the score is the worst dimension, which is noncompensatory, so raising the other three cannot improve it; structure: an evaluation that did not rate quality is scored on what it did rate, and the count of ratings read is reported; invalid input: a rating outside the five-point scale is refused rather than driving the band on a figure that is not a rating; missingness: the overall, schedule and cost ratings are required; the ratings carry an official source identifier, an assessment period, an assessment status and a review or comment state, so the reading is traceable to the governed record it came from",,,"P2. Carry the official source identifier, assessment period, status and review state, or state plainly that the figures are project-document estimates and not past performance information."
9.4,Audit Trail Completeness,9,MISSING_CANONICAL_DATA_STRUCTURE,CANONICAL_STRUCTURE_MISSING,Specification 18 section 9.4,yes,no,yes,yes,yes,yes,yes,yes,no,no,yes,no,yes,P2,,OPEN,,,"known-answer: a complete record satisfies its critical fields; known-answer: twenty present optional fields do not repair one missing critical field, which is what noncompensatory means; known-answer: an event sequence running backwards is detected; known-answer: both required events present is full completeness; structure: the decision record is reported separately rather than folded into the score; invariant: removing a required event lowers completeness; an absent event log abstains, because a caller that supplied none has said nothing, while an empty log is evidence and is reported as such; boundary: an empty log reports the worst band rather than a comfortable one; invariant: an event the module does not recognise does not satisfy a required one; the mandatory critical fields examined are the audit fields specification 9.4 names, the method version, evidence identity, judgment identity and required timestamps of the signal, judgment and audit objects; an event sequence in which extraction precedes creation is detected as a chronology violation, which specification 9.4 requires be tested",,,"P2. Assess the audit fields of the real signal, judgment and audit objects, treat the critical ones as noncompensatory, and check event chronology and linkage."
1.1,Monte Carlo EAC,1,METHOD_PASS_CALIBRATION_PENDING,THRESHOLD_CALIBRATION_GAP,S1 supervisory specification 1.1; Beta-PERT adaptation frozen by the Run-10 Monte Carlo fixture,yes,yes,no,yes,yes,yes,yes,yes,no,no,yes,no,no,P3,,OPEN,,,1.1 positive/structure/invariant/boundary/reproducibility/stochastic,,,BLOCKED_NO_EMPIRICAL_DATA
1.2,CUSUM Anomaly Monitor,1,METHOD_PASS_CALIBRATION_PENDING,THRESHOLD_CALIBRATION_GAP,S2 Page (1954) via S1,yes,yes,no,yes,no,yes,yes,yes,no,no,yes,no,no,P3,,OPEN,,,1.2 frozen-record/known-answer/spike/boundary/invariant,,,BLOCKED_NO_EMPIRICAL_DATA
1.3,Bayesian EAC,1,METHOD_PASS_CALIBRATION_PENDING,THRESHOLD_CALIBRATION_GAP,"S1 supervisory specification 1.3, normal-normal conjugate update",yes,yes,no,yes,yes,yes,yes,yes,no,no,yes,no,no,P3,,OPEN,,,1.3 known-answer/structure/boundary/missingness/invariant,,,BLOCKED_NO_EMPIRICAL_DATA
1.4,Kalman Filter SPI Smoother,1,METHOD_PASS_CALIBRATION_PENDING,THRESHOLD_CALIBRATION_GAP,S3 Kalman (1960) via S1,yes,yes,no,yes,yes,yes,yes,yes,no,no,yes,no,no,P3,,OPEN,,,1.4 known-answer/spec-step/boundary/missingness/invariant/metamorphic,,,BLOCKED_NO_EMPIRICAL_DATA
1.9,Budget Execution Rate,1,CORRECT_PROXY_ONLY,METHOD_LABEL_MISMATCH,S1 supervisory specification 1.9 (no universal canonical method),yes,n/a,no,yes,yes,yes,yes,yes,no,yes,yes,no,yes,P3,,OPEN,,,1.9 known-answer/structure/boundary x2/missingness/metamorphic/label,,,"P2: the bands 1.05, 1.10 and 1.20 are unsourced and should be declared owner policy or calibrated."
2.2,Line of Balance,2,THRESHOLD_CALIBRATION_BLOCKED,THRESHOLD_CALIBRATION_GAP,"Specification 11 section 2.2; Arditi, Tokdemir and Suh (2001, 2002)",yes,conditional,no,no,yes,yes,yes,yes,no,no,yes,no,no,P3,,OPEN,,,"known-answer: the specification's planned production slope; known-answer: the specification's actual production slope, deteriorated; invariant: the actual line is slower than the planned line, which is the direction of deterioration the specification requires be provable; known-answer: the minimum crew separation, from the two production lines; known-answer: the interference is located at the last location; the production rates reported are the structure's own rates, not literals of the module; metamorphic: slowing the following line widens the minimum separation; boundary: a production rate of zero is refused, since a line of work cannot advance at it; boundary: a negative production rate is refused; with no repetitive location and production-line structure the module abstains, which specification 2.2 states is the correct result; missingness: the leading and following lines must both be named",,,BLOCKED_NO_CALIBRATION_DATA
2.3,CCPM Buffer Health,2,METHOD_PASS_CALIBRATION_PENDING,THRESHOLD_CALIBRATION_GAP,Specification 11 section 2.3; critical chain buffer management,yes,conditional,no,no,no,yes,yes,yes,no,no,yes,no,no,P3,,OPEN,,,"known-answer: the specification's ten day buffer with six remaining; known-answer: production reports the same forty per cent penetration; known-answer: chain completion is the chain's own progress; buffer consumption is read off a sized project buffer rather than inferred from the schedule index or percent complete, which specification 2.3 forbids; invariant: an untouched buffer is nought per cent penetrated; invariant: a fully consumed buffer is one hundred per cent penetrated; invariant: penetration is strictly decreasing in the buffer that remains; boundary: a buffer sized at zero days has no share to be consumed; invalid input: more days remaining than the buffer was sized for is refused; invalid input: chain progress outside nought to one is refused; missingness: a chain with no sized project buffer is refused; threshold: the fever chart zones move with chain completion rather than being fixed constants, so they are a management convention and not a mathematical property of the method",,,BLOCKED_NO_EMPIRICAL_DATA
2.4,Schedule Compression Index,2,OWNER_DECISION_REQUIRED,OWNER_POLICY_GAP,"Specification 11 section 2.4, which declines to define the metric",no,n/a,no,yes,yes,yes,yes,yes,no,no,yes,yes,no,P3,,OPEN,,,"structure: the declared ratio is required over available duration; invariant: the ratio is invariant under scaling the baseline duration; invariant: the ratio increases as schedule performance falls; boundary: a project exactly on plan needs no compression; boundary: a schedule index of zero gives no rate for remaining work and is refused rather than raising; boundary: a negative schedule index is refused; boundary: a finished project has no remaining duration to compress and is not applicable rather than comfortable; invalid input: a baseline finish before its start is refused; missingness: the baseline dates are required, not defaulted; the module measures compression against a governed required completion date rather than against the rate implied by past performance; the compression ratio carries information the schedule performance index does not",,,BLOCKED_OWNER_DECISION
2.5,Float Consumption Rate,2,THRESHOLD_CALIBRATION_BLOCKED,THRESHOLD_CALIBRATION_GAP,Specification 11 section 2.5; Al-Gahtani (2009) float allocation,yes,conditional,no,no,yes,yes,yes,yes,no,no,yes,no,no,P3,,OPEN,,,"known-answer: the specification's five day baseline float, two remaining; known-answer: total float from the network passes, TF = LS - ES; known-answer: production reports the same sixty per cent consumed; invariant: consumption rises monotonically with float consumed; boundary: no float consumed is nought per cent; invalid input: float consumed below zero is not a quantity of float that can have been consumed and is refused rather than handing float back; boundary: no positive total float leaves no denominator; float consumption is not compared against a completion figure nobody reported; float is taken from a schedule update rather than fabricated from percent complete, which specification 2.5 forbids; structure: the banded quantity is the consumption fraction normalised by progress, a separate derived measure from the canonical fraction",,,BLOCKED_NO_CALIBRATION_DATA
2.6,S-Curve Deviation,2,CORRECT_PROXY_ONLY,METHOD_LABEL_MISMATCH,"Specification 11 section 2.6; Barraza, Back and Mata (2000)",yes,partial,no,no,yes,yes,yes,yes,no,yes,yes,no,yes,P3,,OPEN,,,"known-answer: the specification's planned .60 against actual .50; known-answer: production reports the same minus ten percentage points of progress deviation; known-answer: the value deviation against planned value; invariant: a project exactly on the planned curve deviates by nothing; invariant: deviation increases monotonically with progress; invalid input: a planned progress below zero is refused rather than inflating the deviation upward into the calm end of the band; invalid input: progress above one hundred per cent is refused; invalid input: earned value below zero is refused; boundary: planned value of zero leaves no denominator; missingness: all four inputs are required, none defaulted; the quantity the band reads is the specification's point deviation D(t) = Actual - Planned, rather than a composite of it with a second, differently defined deviation",,,"Name the composite for what it is, or band the point deviation alone. Source the boundaries either way."
2.8,Look-Ahead Schedule Health,2,THRESHOLD_CALIBRATION_BLOCKED,THRESHOLD_CALIBRATION_GAP,Specification 11 section 2.8; look-ahead and make-ready planning literature,no,n/a,no,no,yes,yes,yes,yes,no,no,yes,no,no,P3,,OPEN,,,"known-answer: ten planned with three constrained is seven tenths ready; known-answer: production reports the complementary constraint rate of thirty per cent, which is one minus the specification's ready fraction; invariant: the two orientations are complementary at every point tested; boundary: nothing constrained is a rate of nought; boundary: everything constrained is a rate of one hundred; a look-ahead window with nothing planned in it does not read as nothing constrained; invalid input: more constrained than planned is refused; invalid input: a negative constrained count is refused; missingness: both counts are required; threshold: the module carries four bands on the constraint rate, and specification 2.8 supplies none, so their provenance is the finding",,,BLOCKED_NO_CALIBRATION_DATA
2.9,Resource Loading Index,2,CORRECT_PROXY_ONLY,METHOD_LABEL_MISMATCH,Specification 11 section 2.9,yes,no,no,no,yes,yes,yes,yes,no,yes,yes,no,yes,P3,,OPEN,,,"known-answer: demand 120 against capacity 100 loads at 1.20; known-answer: the time-phased vector the specification requires carries one ratio per period; known-answer: production's project-total ratio at the same two figures; invariant: the ratio is scale invariant in the unit of labour hours; invariant: the ratio rises monotonically with hours actually worked; boundary: no planned hours leaves no denominator; invalid input: negative hours worked are not a quantity of work and are refused rather than banding Red for the wrong reason; missingness: both figures are required; the module models demand against available capacity per time period, as canonical resource loading is defined",,,"P3. Either carry time-phased demand and capacity, or rename the module for the labour-hours performance ratio it actually computes."
3.2,Contingency Burn Rate,3,THRESHOLD_CALIBRATION_BLOCKED,THRESHOLD_CALIBRATION_GAP,Specification 12 section 3.2,no,n/a,no,no,yes,yes,yes,yes,no,no,yes,no,no,P3,,OPEN,,,"known-answer: the specification's consumed fraction; known-answer: the specification's normalised burn at half complete; known-answer: production reports the same forty per cent consumed; known-answer: production reports the same normalised burn of .80; invariant: the consumed share and the remaining share sum to one hundred; invariant: the burn rises monotonically as contingency is drawn down; metamorphic: at fixed consumption, greater progress lowers the normalised burn, which is the direction the normalisation is for; boundary: an original contingency of zero leaves no denominator; invalid input: a remaining contingency above the original is refused; invalid input: a negative remaining contingency is refused; at nothing complete the module does not substitute the raw consumed share for the progress-normalised burn, which is a different quantity under the same name; invalid input: an impossible progress figure is refused rather than making the normalised burn small and landing in the calm end of the band; missingness: all three figures are required",,,BLOCKED_NO_CALIBRATION_DATA
3.3,Labor Productivity Index,3,CORRECT_PROXY_ONLY,METHOD_LABEL_MISMATCH,Specification 12 section 3.3,yes,no,no,no,yes,yes,yes,yes,no,yes,yes,no,yes,P3,,OPEN,,,"known-answer: the specification's planned productivity of ten units per hour; known-answer: the specification's productivity index of .80; invariant: the index is invariant under a common rescaling of the output unit, since it is a ratio of two productivities; structure: the declared earned-hours rate is progress times planned hours over actual hours; invariant: the rate falls as hours are spent for the same progress; boundary: no actual hours leaves no denominator; invalid input: an impossible progress figure is refused rather than reading as the best possible productivity; missingness: all three figures are required; productivity is computed from EARNED OUTPUT per labour hour, as specification 3.3 defines it, rather than from hours against hours",,,"P3. Either carry measured output quantities and compute output per hour, or rename the module for the earned-hours rate it already discloses."
3.5,Overhead Absorption Rate,3,CORRECT_PROXY_ONLY,METHOD_LABEL_MISMATCH,Specification 12 section 3.5,yes,no,no,no,yes,yes,yes,yes,no,yes,yes,no,yes,P3,,OPEN,,,"known-answer: the specification's planned absorption rate; known-answer: the specification's actual absorption rate; known-answer: the specification's rate variance; known-answer: the specification's relative variance of twenty per cent; invariant: an unchanged rate on a changed base is no rate variance, which is the property that distinguishes a rate from an amount; structure: the declared ratio is actual indirect cost over a progress-scaled plan; invariant: the ratio rises monotonically with indirect cost incurred; withholding the progress figure does not enlarge the denominator and improve the band; boundary: a plan scaled to zero by zero progress leaves nothing to absorb against and is refused rather than substituting a ratio of exactly one; boundary: an indirect plan of zero is refused; invalid input: an impossible progress figure is refused; missingness: both cost figures are required; absorption is computed as overhead per unit of an explicit allocation base, and the planned and actual rates are formed on a comparable basis",,,"P3. Carry an allocation base and compare planned against actual rates, or rename the module for the indirect-cost variance it computes."
4.2,RFI Velocity,4,THRESHOLD_CALIBRATION_BLOCKED,THRESHOLD_CALIBRATION_GAP,Specification 13 section 4.2,no,n/a,no,yes,yes,yes,yes,yes,no,no,yes,no,no,P3,,OPEN,,,"known-answer: the specification's twelve requests over thirty days, per day; known-answer: the same, per a standardised thirty-day period; invariant: velocity halves when the exposure doubles, which is what makes it a rate rather than a count; known-answer: the overdue ratio over its own population; known-answer: production reports the same twelve per thirty days; known-answer: and the same rate expressed per week; invariant: the reported rate falls as the exposure window lengthens; an absent log period is required rather than replaced by thirty days, with the finding then stating a span the document never said; boundary: a log period of zero or below leaves no denominator; invalid input: a negative request count is refused; invalid input: an overdue count larger than the total is refused; missingness: with no request count at all the module abstains; the overdue ratio is computed and reported as its own quantity rather than folded into the velocity; the reported band is the worse of the velocity band and the overdue band, so a bad overdue share is not absorbed by a calm velocity; threshold: the two ladders have no cited source and the module's own comment records that a count per project or a response time is not a per-week rate threshold",,,BLOCKED_NO_CALIBRATION_DATA
4.3,Submittal Rejection Rate,4,THRESHOLD_CALIBRATION_BLOCKED,THRESHOLD_CALIBRATION_GAP,Specification 13 section 4.3,no,n/a,no,yes,yes,yes,yes,yes,no,no,yes,no,no,P3,,OPEN,,,"known-answer: the specification's three rejected of twenty; boundary: a negative rejected count is refused; boundary: more rejected than assessed is refused; boundary: an empty assessed population is refused; known-answer: production reports the same fifteen per cent; invariant: the rate rises monotonically with rejections; a rejected count outside the total is refused rather than producing a rate above one, which every band above the top boundary silently absorbs into the worst band; boundary: a register with no entries has no denominator; invalid input: a negative rejected count is refused; missingness: both figures are required; the module records which register the population came from, so a rate over requests for approval and one over submittals are distinguishable rather than silently mixed; structure: the revise-and-resubmit and open counts are reported separately rather than folded into the rejected count, which the specification asks be clarified",,,BLOCKED_NO_CALIBRATION_DATA
4.5,Weather Day Impact,4,CORRECT_PROXY_ONLY,METHOD_LABEL_MISMATCH,Specification 13 section 4.5,yes,no,no,yes,yes,yes,yes,yes,no,yes,yes,no,yes,P3,,OPEN,,,"known-answer: two days lost on a zero-float critical activity has a direct modelled path effect of two days; known-answer: the raw lost-day count is carried as its own quantity, which is weather disruption days rather than impact; invariant: available float absorbs the loss where it exists; invariant: the path effect is monotone in the days lost; known-answer: three days lost against fifteen days of float is a fifth of it; structure: the float the loss is measured against is reported; with no float figure the module abstains rather than setting the ratio to one, which asserts the worst case as a measurement and makes one day lost on a project with a year of float identical to one with none; lost days inferred by the pipeline rather than counted in a field report are refused, since a qualifier in a display string is not a substitute for refusing; boundary: no positive float remaining leaves no proportion to measure; invalid input: a negative count of lost days is refused; structure: float may be given directly or derived from total less consumed, and both routes agree; the module carries the affected activity, the governing weather allowance and the causal linkage evidence, so a full schedule impact rather than a disruption count is reported",,,"P3. Either carry the activity linkage and the governing allowance, or name the module for the disruption-days-against-float measure it computes."
4.8,Subcontractor Performance,4,PARAMETER_PROVENANCE_BLOCKED,PARAMETER_PROVENANCE_GAP,Specification 13 section 4.8,yes,no,no,yes,yes,yes,yes,yes,no,no,yes,no,no,P3,,OPEN,,,"known-answer: the specification's ratings .80, .90 and .70 under equal weights; boundary: weights that do not sum to one are refused; known-answer: a critical criterion below its floor remains visible, since critical violations may be noncompensatory by policy; known-answer: the supplied score is reported as a percentage unchanged; invariant: the band worsens monotonically as the score falls; the browser's derived safety net is not ported, so with no supplied compliance score the module abstains rather than manufacturing one; missingness: with none of the three fields present the module abstains; structure: the contributing signals are listed beside the score rather than folded into it; the score is built from traceable criteria such as quality, schedule, safety, cost behaviour, responsiveness and administration, with their governed ratings and versioned weights",,,BLOCKED_NO_DEFENSIBLE_PROVENANCE
4.9,Procurement Lead Time Monitor,4,CORRECT_PROXY_ONLY,METHOD_LABEL_MISMATCH,Specification 13 section 4.9,yes,no,no,yes,yes,yes,yes,yes,no,yes,yes,no,yes,P3,,OPEN,,,"known-answer: the specification's required day 100 against a forecast delivery on day 110 is minus ten days of slack; invariant: slack is positive when delivery beats the need date; boundary: more delayed than at risk is refused, since the two categories nest rather than being disjoint; known-answer: the audit's own figures give a weighted disruption of .65 rather than the 1.8 the double-counted form produced; the reported ratio is a genuine proportion of the long-lead set and cannot exceed one, because a delayed item is treated as the at-risk item it already is rather than counted twice; invariant: with every item delayed the proportion is exactly one; invariant: with nothing at risk the proportion is exactly nought; invariant: a delayed item weighs more than a merely at-risk one; an empty procurement log abstains rather than having a denominator of one invented for it, which made a single delayed item out of no items score two; invalid input: more at risk than exist, or more delayed than at risk, is refused and says which pair disagreed; missingness: all three counts are required; the module computes item-level procurement slack, the required on-site date less the forecast delivery date, and considers item criticality, the schedule need date, float and procurement status",,,P2. Carry item-level required and forecast dates so slack can be computed. Source the 0.5 at-risk weight and the four bands.
5.4,Scenario Modeling,5,OWNER_DECISION_REQUIRED,OWNER_POLICY_GAP,Specification 14 section 5.4; Collier et al. (2018),yes,yes,no,yes,no,yes,yes,yes,no,no,yes,yes,no,P3,,OPEN,,,"known-answer: the probability weighted expectation of holding; known-answer: the probability weighted expectation of acting; known-answer: the action with the lower expected cost is chosen; boundary: probabilities that do not sum to one do not describe one distribution and are refused; known-answer: production chooses the same action as the independent expectation; known-answer: production's expected forecast is the budget plus the chosen action's expectation; known-answer: and its pessimistic forecast is that action's worst scenario; structure: the count of actions and scenarios considered is reported; with no decision problem the module abstains rather than reporting a three-divisor earned-value forecast under this method's name; scenario probabilities that do not sum to one are refused; an action with no outcome under every scenario described cannot have an expectation formed and is refused; a decision object from the locked holdout is refused outright, since the point of locking it is that nothing consults it; a decision object whose reference population contains the project being assessed is refused, since the comparison would be of the project with itself; a decision object with no asset version is refused, since a reading taken from it could not be interpreted later; invalid input: a scenario probability outside nought to one is refused; boundary: no positive budget leaves nothing to place the outcomes against; invariant: the chosen action is unchanged when every outcome is shifted by a constant, since the expectation shifts with it; the module models what happens to the SYSTEM under stated conditions, which is what specification 5.4 places in this category, rather than comparing which ACTION to take, which the same specification places in Category 10",,,BLOCKED_OWNER_DECISION
5.6,Queueing Theory Bottleneck,5,CORRECT_PROXY_ONLY,METHOD_LABEL_MISMATCH,Specification 14 section 5.6; Carmichael (1986); Farid and Koning (1994),yes,partial,no,yes,no,yes,yes,yes,no,yes,yes,no,yes,P3,,OPEN,,,"known-answer: the specification's M/M/1 utilisation; known-answer: the number in the system; known-answer: the time in the system; known-answer: the number in the queue; known-answer: the time in the queue; invariant: Little's Law holds, both for the system and for the queue; boundary: at an arrival rate equal to the service rate there is no steady state and no reassuring solution is returned, which is the defect specification 5.6 names; boundary: an arrival rate above the service rate likewise has no solution; invariant: waiting grows without bound as utilisation approaches one; known-answer: utilisation is server time used over server time available; known-answer: the arrival rate is entities over the observation window; known-answer: the mean observed wait; a queue at or above full utilisation does not emit a reassuring reading; invariant: utilisation rises as the same service is done by fewer servers; with no queue structure the module abstains and does not fall back to a share of constrained activities in a look-ahead window; boundary: no servers or no observation window is refused; invalid input: a queue that does not carry a waiting time for each entity that arrived is incomplete and is refused; only one boundary is applied and it is the definitional stability condition, so no uncited warning level is invented: the module reports two levels; the module carries an arrival process and a service process with their rates, a queue discipline and the waiting measures the theory defines, so the number and time in system and in queue can be derived",,,"P3. Either carry arrival and service rates so the theory's measures can be derived, or name the module for the queue utilisation measurement it performs."
5.7,Agent-Based Supply Chain,5,CORRECT_PROXY_ONLY,METHOD_LABEL_MISMATCH,Specification 14 section 5.7; Min and Bjornsson (2008),yes,partial,no,yes,yes,yes,yes,yes,no,yes,yes,no,yes,P3,,OPEN,,,"known-answer: the project starts backordered; known-answer: at the first step the supplier has shipped and the carrier is carrying, which is the supplier rule firing; known-answer: at the second step the declared travel delay has elapsed and the project has received the unit; reproducibility: replaying the rules gives the identical state history; boundary: with no stock the supplier rule cannot fire, so the state history produced by the rules is different, which is what makes them rules; known-answer: one disrupted agent of four at the last step is a quarter; structure: the agent count and the number of time steps are reported; an agent with no decision rule is refused, since agents without rules do not make a model of behaviour; an agent belonging to no interaction group is refused, since agents that do not interact are not an agent-based model; a state history covering a single point in time is refused, since a model with one step is not a model over time; boundary: a history that does not cover every agent at the last time step is refused rather than forming a share from a partial cohort; with no agent structure the module abstains and does not fall back to a share of a procurement log; the state history is PRODUCED by executing the agents' behaviour and interaction rules over the simulation's time steps, which is what makes a model agent-based",,,"P2. Execute the behaviour and interaction rules to produce the state history, or name the module for the agent-state share it reads."
6.3,Majority Rules,6,METHOD_PASS_CALIBRATION_PENDING,THRESHOLD_CALIBRATION_GAP,S1 supervisory specification 6.3,yes,yes,no,yes,no,yes,yes,yes,no,no,yes,no,no,P3,,OPEN,,,6.3 known-answer/boundary x2/missingness x2/quorum/lineage,,,BLOCKED_NO_EMPIRICAL_DATA
7.1,Dempster-Shafer,7,METHOD_PASS_CALIBRATION_PENDING,THRESHOLD_CALIBRATION_GAP,S7 Shafer via S1,yes,yes,no,yes,yes,yes,yes,yes,no,no,yes,no,no,P3,,OPEN,,,7.1 known-answer x5/implementation x3/invariant x4/boundary x2/lineage/missingness,,,BLOCKED_NO_EMPIRICAL_DATA
7.11,Picture Fuzzy Sets,7,PARAMETER_PROVENANCE_BLOCKED,PARAMETER_PROVENANCE_GAP,Specification 16 section 7.11,yes,yes,no,yes,yes,yes,yes,yes,no,no,yes,no,no,P3,,OPEN,,,"known-answer: the specification's admissible triple; known-answer: its refusal degree; boundary: a sum above one is inadmissible; boundary: a negative component is inadmissible; admissibility: the reported positive, neutral and negative degrees are non-negative and sum to at most one; admissibility: the constraint holds across the input range; known-answer: the reported refusal degree is one less the other three, as the formalism defines it; invariant: the negative degree rises with document risk; missingness: all three inputs are required; the positive, neutral and negative degrees are derived by a declared and provenanced procedure, and the selected aggregation operator is named",,,BLOCKED_NO_DEFENSIBLE_PROVENANCE
7.12,Hesitant Fuzzy Sets,7,PARAMETER_PROVENANCE_BLOCKED,PARAMETER_PROVENANCE_GAP,Specification 16 section 7.12,yes,partial,no,yes,yes,yes,yes,yes,no,no,yes,no,no,P3,,OPEN,,,"known-answer: the mean score of the specification's hesitant element; boundary: a single value scores itself; invariant: the mean is permutation invariant; boundary: an empty hesitant fuzzy element has no score; structure: a finite set of possible membership values is reported; admissibility: every member lies in nought to one; known-answer: the reported average is the mean of the reported members; known-answer: the reported hesitancy degree is the spread of the members; boundary: when the two indices agree the element degenerates to one repeated value and the hesitancy is nought; missingness: both indices are required; the scoring function is DECLARED as a versioned choice, since specification 7.12 states the arithmetic mean is not the only canonical option",,,BLOCKED_NO_DEFENSIBLE_PROVENANCE
7.13,Type-2 Fuzzy Sets,7,CORRECT_PROXY_ONLY,METHOD_LABEL_MISMATCH,Specification 16 section 7.13,yes,partial,no,yes,yes,yes,yes,yes,no,yes,yes,no,yes,P3,,OPEN,,,"known-answer: the lower membership function may not exceed the upper; boundary: a degenerate footprint is admissible and represents no type-2 uncertainty; admissibility: the reported footprint has its lower membership at or below its upper, both inside nought to one; admissibility: the constraint holds across the input range; known-answer: the reported footprint width is the upper less the lower; invariant: the footprint widens as the two indices disagree more, which is the declared source of the uncertainty; boundary: two identical indices give a degenerate footprint of nought; missingness: both indices are required; the module implements a complete type-2 fuzzy inference system: fuzzification, a rule base, inference, type reduction and defuzzification",,,"P3. Name the module for the interval uncertainty proxy it is, or build the inference system with a real type-reduction step."
7.16,Spherical Fuzzy Sets,7,PARAMETER_PROVENANCE_BLOCKED,PARAMETER_PROVENANCE_GAP,Specification 16 section 7.16,yes,yes,no,yes,yes,yes,yes,yes,no,no,yes,no,no,P3,,OPEN,,,"known-answer: the specification's admissible triple sums to .97; known-answer: its inadmissible triple sums to 1.29 and is rejected; admissibility: the reported triple satisfies the spherical constraint; admissibility: the constraint holds across the input range, with the renormalisation the module performs; known-answer: unlike the Pythagorean module, the reported hesitancy IS the hesitancy of the reported pair, so the identity holds for the triple a reader is shown; invariant: the non-membership rises with document risk; known-answer: the reported score is membership less non-membership; missingness: all three inputs are required; the spherical renormalisation branch is likewise unreachable given the module's own map, so admissibility holds by construction; the membership and non-membership degrees carry provenance, so the constraint is applied to evidence rather than to a piecewise map of literals",,,BLOCKED_NO_DEFENSIBLE_PROVENANCE
7.17,Fermatean Fuzzy Sets,7,PARAMETER_PROVENANCE_BLOCKED,PARAMETER_PROVENANCE_GAP,Specification 16 section 7.17,yes,yes,no,yes,yes,yes,yes,yes,no,no,yes,no,no,P3,,OPEN,,,"known-answer: the specification's admissible pair cubes to .855; known-answer: its inadmissible pair cubes to 1.458 and is rejected; boundary: the pair (1,0) sits exactly on the constraint; admissibility: the reported pair satisfies the Fermatean constraint; admissibility: the constraint holds across the input range, enforced by the module's own shrinking loop; known-answer: the reported hesitancy is the cube root of one less the two cubes, as the formalism defines it; invariant: membership rises and non-membership falls as performance improves; missingness: both indices are required; the Fermatean shrinking loop is unreachable given the module's own map: the cubic constraint peaks below one, so it never runs and admissibility holds by construction; the membership and non-membership degrees carry provenance, and the score and accuracy operators are declared exactly",,,BLOCKED_NO_DEFENSIBLE_PROVENANCE
7.3,Neutrosophic Logic,7,PARAMETER_PROVENANCE_BLOCKED,PARAMETER_PROVENANCE_GAP,Specification 16 section 7.3,yes,partial,no,yes,yes,yes,yes,yes,no,no,yes,no,no,P3,,OPEN,,,"known-answer: T, I and F need not sum to one, which is the defining difference from ordinary probability; boundary: a component outside nought to one is inadmissible; boundary: the extreme cases are admissible; structure: a truth, indeterminacy and falsity reading is reported; with no evidence the module abstains rather than assembling components from defaults; every triple the module can emit satisfies the domain each component must lie in; invariant: worse evidence moves the reading in the adverse direction; the truth, indeterminacy and falsity degrees are derived by a declared and provenanced procedure, and the interpretation of the indeterminacy component is stated",,,BLOCKED_NO_DEFENSIBLE_PROVENANCE
7.4,Interval Fuzzy Sets,7,PARAMETER_PROVENANCE_BLOCKED,PARAMETER_PROVENANCE_GAP,Specification 16 section 7.4,yes,yes,no,yes,yes,yes,yes,yes,no,no,yes,no,no,P3,,OPEN,,,"known-answer: the specification's interval intersection; known-answer: the specification's interval union; boundary: the lower bound may not exceed the upper; invariant: the intersection is contained in the union; invariant: the operators are idempotent on a single interval; admissibility: the reported green interval has its lower bound at or below its upper and both inside nought to one; admissibility: the reported amber interval has its lower bound at or below its upper and both inside nought to one; admissibility: the reported red interval has its lower bound at or below its upper and both inside nought to one; with no cost or schedule index the module abstains rather than aggregating an empty set of intervals; invariant: the reported uncertainty width is the sum of the two interval widths it declares and is never negative; metamorphic: widening the input disagreement does not narrow the reported uncertainty; the interval widths carry provenance or calibration, as specification 7.4 requires of membership widths",,,BLOCKED_NO_DEFENSIBLE_PROVENANCE
7.5,Z-numbers,7,PARAMETER_PROVENANCE_BLOCKED,PARAMETER_PROVENANCE_GAP,Specification 16 section 7.5,yes,partial,no,yes,yes,yes,yes,yes,no,no,yes,no,no,P3,,OPEN,,,"known-answer: a missing reliability component does not silently become one; known-answer: maximum reliability approaches the value-only limiting case; invariant: lowering the reliability with the restriction fixed moves the qualified result in the declared direction; structure: both components survive the contract, so each signal carries a restriction and its reliability; known-answer: the reliability-weighted totals are the sums of the reliabilities of the signals carrying each restriction; with no signals at all the module abstains; invariant: the average reliability lies inside the range of the individual reliabilities; metamorphic: changing a signal's restriction while its reliability is fixed moves that reliability between the weighted totals; the reliability component of each Z-number is sourced, so the second half of the pair is evidence rather than an assumption",,,BLOCKED_NO_DEFENSIBLE_PROVENANCE
7.6,PLTS,7,PARAMETER_PROVENANCE_BLOCKED,PARAMETER_PROVENANCE_GAP,Specification 16 section 7.6,yes,partial,no,yes,yes,yes,yes,yes,no,no,yes,no,no,P3,,OPEN,,,"known-answer: a set whose probabilities sum below one is admissible; boundary: probabilities summing above one are inadmissible; boundary: a negative probability is inadmissible; known-answer: a degenerate one-term set scores that term's index; invariant: the representation is permutation invariant; structure: linguistic terms with associated probabilities are reported; with no evidence the module abstains; every probability triple the module carries is a proper distribution over its ordered term set; invariant: worse evidence moves the reading adversely; the linguistic probabilities come from an elicitation or calibration procedure, as specification 7.6 requires before they may be relied on",,,BLOCKED_NO_DEFENSIBLE_PROVENANCE
7.8,Belief Rule Base,7,PARAMETER_PROVENANCE_BLOCKED,PARAMETER_PROVENANCE_GAP,Specification 16 section 7.8,yes,partial,no,yes,yes,yes,yes,yes,no,no,yes,no,no,P3,,OPEN,,,"known-answer: one fully activated rule with no others reproduces its consequent distribution exactly, on Green; known-answer: and on Amber; known-answer: and on Red; boundary: a rule base with no activated rule has concluded nothing; admissibility: belief degrees are non-negative and sum to at most one; known-answer: two equally weighted and equally activated opposing rules aggregate to an even split; structure: the rules that matched are reported by identity, so which rule produced the reading is visible; with exactly one rule matched the reported beliefs equal that rule's consequent distribution, which is specification 7.8's own oracle; a rule base in which no rule activates abstains, rather than a fallback rule supplying a near-uniform belief mass and a colour drawn from it; admissibility: the reported belief degrees are non-negative and sum to a hundred, so they remain a distribution; invariant: the eight rules are mutually exclusive on their antecedents, so exactly one can match any complete input; the antecedent reference values, rule weights, attribute weights and belief distributions are sourced and versioned, which is what makes a belief rule base an evidential model rather than a lookup table",,,BLOCKED_NO_DEFENSIBLE_PROVENANCE
8.5,Contract Modification Frequency,8,CORRECT_PROXY_ONLY,METHOD_LABEL_MISMATCH,Specification 17 section 8.5; FAR Part 43 and FAR 43.102 at the committed snapshot,yes,no,no,yes,yes,yes,yes,yes,no,yes,yes,no,yes,P3,,OPEN,,,"known-answer: a modification with no contracting officer does not satisfy the governance check, whatever else is present; known-answer: an authorised written bilateral modification with approvals satisfies it; known-answer: an authorised modification with no written instrument is Insufficient Evidence rather than satisfied; the snapshot records that FAR 43.102 establishes authority and instrument and establishes no threshold count of modifications; the sentence shown to a reader makes no legal-compliance certification, which is the rule governing the whole category; structure: the declared scope growth is the revised sum against the baseline; invariant: with scope growth held at nothing, the reported risk worsens monotonically as modifications accumulate; invariant: the two triggers are independent, so scope growth alone can raise the reading with no additional modifications; boundary: a baseline contract sum of zero yields no growth percentage rather than dividing by it; missingness: the count and both contract sums are required; the module reads the authorised contracting officer, the modification type, the written instrument, the effective date and the required approvals, which is what FAR Part 43 governs",,,"P3. Note the duplication with the Category 4 module explicitly so the two are not read as independent evidence. If governance is wanted, carry the authority evidence."
8.6,Quality Compliance Index,8,CORRECT_PROXY_ONLY,METHOD_LABEL_MISMATCH,Specification 17 section 8.6; FAR Subpart 46.2 at the committed snapshot,yes,partial,no,yes,yes,yes,yes,yes,no,yes,yes,no,yes,P3,,OPEN,,,"known-answer: the specification's 92 satisfied of 100 assessed applicable requirements; boundary: more satisfied than assessed is refused as not a rate; known-answer: one critical exception must remain separately visible and is not absorbed by a high aggregate rate; the snapshot records that FAR Subpart 46.2 supports acquisition-specific quality requirements and establishes no universal score band; the sentence shown to a reader makes no legal-compliance certification, which is the rule governing the whole category; known-answer: production reports the same ninety-two per cent pass rate; invariant: the pass rate falls monotonically as failures accumulate; the inspected count is not defaulted, so a project that uploaded no inspection report does not receive a fabricated denominator; the deficiency count is not substituted for the failed count, since a deficiency noted in a field report is not an inspection lot that failed; invalid input: more failures than inspections is refused rather than producing a pass rate outside the domain a percentage can occupy; invalid input: an audited score outside nought to a hundred is refused; boundary: nothing inspected leaves no denominator; structure: with no inspected pair the pass rate is reported as absent rather than as a substituted figure; the module counts APPLICABLE, ASSESSED and SATISFIED REQUIREMENTS and carries critical exceptions as a separate noncompensatory quantity",,,P2. Carry requirement identity and make critical exceptions noncompensatory. Source the bands or convert them to owner policy.
9.1,Missing Data Index,9,CORRECT_PROXY_ONLY,METHOD_LABEL_MISMATCH,"Specification 18 section 9.1; Wang and Strong (1996); Pipino, Lee and Wang (2002)",yes,partial,no,no,yes,yes,yes,yes,no,yes,yes,no,yes,P3,,OPEN,,,"known-answer: the specification's ten applicable fields with two missing; known-answer: a complete core set is one hundred per cent complete; known-answer: two fields removed leaves nine of eleven present; a field holding zero is counted as present, since zero is a value and null is not; invariant: completeness falls monotonically as fields are removed; boundary: an entirely empty input is nought per cent complete and is reported as evidence rather than abstained on; invariant: the missing count and the present count sum to the field total; the required fields are determined from the ACTIVE MODULE CONTRACT for this project, so a field not applicable to it is not counted missing",,,P2. Derive the required-field set from the modules actually active on the project so an inapplicable field is not scored as missing. Source the four bands.
9.3,Source Reliability Weighting,9,PARAMETER_PROVENANCE_BLOCKED,PARAMETER_PROVENANCE_GAP,Specification 18 section 9.3; Wang and Strong (1996),yes,partial,no,yes,yes,yes,yes,yes,no,no,yes,no,no,P3,,OPEN,,,"known-answer: the weighted reliability model; invariant: improving source verification with everything else held constant does not lower reliability, which specification 9.3 requires be tested; boundary: weights that do not sum to one are refused; known-answer: the mean of the two declared source weights; invariant: reliability rises when a derived field is replaced by a measured one, which is the monotonicity the specification names; structure: derived fields are counted and reported separately; missingness: no sources at all abstains; boundary: sources carrying no document type abstain rather than being assigned a weight; invariant: the reliability of a project's evidence does not depend on the size of its budget, which specification 9.3 calls out as nonsensical; each source-class weight is versioned and carries a provenance record, as specification 9.3 requires of every component weight; a source of an unrecognised type is not scored more reliable than a source the instrument knows to be derived",,,BLOCKED_NO_DEFENSIBLE_PROVENANCE
9.5,Information Completeness Ratio,9,CORRECT_PROXY_ONLY,METHOD_LABEL_MISMATCH,Specification 18 section 9.5,yes,partial,no,no,yes,yes,yes,yes,no,yes,yes,no,yes,P3,,OPEN,,,"known-answer: the specification's six of eight applicable components; boundary: no applicable components leaves no coverage defined; structure: measured, estimated and missing are reported separately rather than collapsed into one number; invariant: measured, estimated and missing sum to the field total; a field whose source is recorded as derived is counted as estimated rather than as measured, so an estimate cannot pass for a document; invariant: coverage falls as fields are removed; boundary: an empty input covers nothing; this module asks a genuinely different question from the missing data index, over evidence-package components rather than over a longer list of the same fields",,,P3. OWNER DECISION on whether package coverage should be measured over evidence components rather than fields. Disclose the shared lineage with the missing data index either way.
PH.1,Isolation Forest,PH,METHOD_PASS_CALIBRATION_PENDING,THRESHOLD_CALIBRATION_GAP,"S8 Liu, Ting and Zhou (2008)",yes,yes,no,yes,no,yes,yes,yes,no,no,yes,no,no,P3,,OPEN,,,PH.1 positive/structure x2/known-answer x5/invariant x2/reproducibility/stochastic/boundary x2/threshold,,,BLOCKED_NO_EMPIRICAL_DATA
PH.2,Portfolio Outlier Detection,PH,CORRECT_PROXY_ONLY,METHOD_LABEL_MISMATCH,S1 supervisory specification PH.2,yes,yes,no,yes,yes,yes,yes,yes,no,yes,yes,no,yes,P3,,OPEN,,,PH.2 positive/known-answer x2/invariant x2/metamorphic/boundary/label,,,"P2: calibrate or declare as owner policy the 0.15, 0.30 and 0.45 bands."
PH.3,Signal Trajectory Classifier,PH,CORRECT_PROXY_ONLY,METHOD_LABEL_MISMATCH,S1 supervisory specification PH.3,yes,yes,no,yes,yes,yes,yes,yes,no,yes,yes,no,yes,P3,,OPEN,,,PH.3 positive/known-answer x2/invariant/metamorphic/missingness/boundary,,,P2: source or declare as owner policy the 0.01 and 0.03 band edges.
PH.4,Cross-project Pattern Detector,PH,OWNER_DECISION_REQUIRED,OWNER_POLICY_GAP,S1 supervisory specification PH.4,yes,partial,no,yes,yes,yes,yes,yes,no,no,yes,yes,no,P3,,OPEN,,,PH.4 positive/known-answer x2/metamorphic/structure/invariant/parameter,,,BLOCKED_OWNER_DECISION
ARCH.4,Transitive-closure treatment of evidential dependence,ARCH,NOT_A_RUN19_TARGET (owner decision following the Run 20 cycle 5 finding),LINEAGE_DEPENDENCE_GAP,Owner decision superseding the cycle 3 to 5 partition treatment; Specification 22 evidence lineage and the independence precondition of Dempster rule,yes,yes,,,,,,no,,,,,yes,P0D,6,CLOSED_RUN20,,METHOD_PASS,"server/tools/test_run20_primitive_lineage.py 104 checks; the five bridging-signal oracle claims proved on hand-written records and independently on the shipped production trio A1.7, A5.3 and A3.5, in all six orderings; ten acceptance controls plus two rule-level duplicates with false reinforcement 0 and false suppression 0; the declaration sweep kept executable against a hand-transcribed reading of each module arithmetic; server/tools/test_run20_lineage_model.py 128, test_run20_lineage_declaration_truth.py 170, test_run20_advisory_lineage_disclosure.py 201, test_run20_lineage_reproduction.py 32, test_run20_voting_lineage.py 100","server/tools/run20_cycle6_mutation_battery.py, twenty mutations, each byte-confirmed applied and restored, ZERO SURVIVORS. M1 restore transitive closure; M2 merge two bodies a bridge touches; M3 count the bridge as its own body; M4 strip primitive_source_ids; M5 strip parent_signal_ids; M6 promote derived evidence to a primitive source; M7 revert the A1.3 declaration; M8 revert the A1.5 declaration; M9 revert the synthesis to the unreachable audit id; M10 revert A3.5 into the earned-value body; M11 admit quality metadata as evidence; M12 admit decision output as evidence; M13 and M13b replace the exact selection with a greedy pass in each direction; M14 absorb a bridge into every body it touches; M15 ignore declared lineage groups; M16 give an undeclared primitive set the empty set; M17 apply Dempster within a body; M18 stop reporting whether the selection was exact; M19 return the connected components themselves as the bodies, which is the closure by another name. A first M13 changed bytes without changing behaviour and was re-aimed rather than counted.","the whole shipped lineage table swept declaration by declaration against the actual module computation, recorded in code_audit/run20_cycle6_primitive_lineage_sweep.csv: thirteen declarations, three wrong","RUN 20 CYCLE 6. THE PARTITION TREATMENT CYCLES 3 TO 5 BUILT IS REPLACED, NOT EXTENDED. It took the connected components of the dependence relation, which is a transitive closure and asserts an equivalence dependence does not have. Measured on the shipped declarations: the to-complete performance index and the overhead absorption rate share no fact and are two bodies worth 0.9273 with conflict 0.4414; adding the tornado risk ranking, which reads the earned-value indices AND the progress figure, collapsed all three into one body worth 0.7000 with no estimable conflict. A bridging signal destroyed real corroboration purely by existing, which is the harm cycle 5 found in a wrong declaration arriving this time through the framework. REPLACED BY a primitive-source model: records carry primitive_source_ids and parent_signal_ids beside the existing fields; resolve_primitive_sources applies the synthesis rule so a derived, synthesized, quality, governance or decision output inherits its parents primitives and creates none of its own; dependent asks the question pairwise and is never closed; evidence_bodies selects a MAXIMUM SET OF PAIRWISE-INDEPENDENT signals and absorbs every other signal into exactly one body it depends on. Dempster is applied only across bodies with disjoint primitive sets and the within-body idempotent treatment is unchanged. NO CORRELATION WEIGHT, CALIBRATION CONSTANT OR NEW PARAMETER WAS INTRODUCED; the one numeric added is a node cap on an exact search, and no band, threshold or belief depends on its value. The selection is exact rather than greedy because a greedy pass presented with the bridge first selects it and rejects both bodies it bridges. Ties break on lexicographic module id and deliberately not on which separation gives the more or less adverse answer. NO BAND, BOUNDARY, THRESHOLD OR ARITHMETIC RESULT OF ANY MODULE CHANGED. THREE OF THIRTEEN SHIPPED DECLARATIONS WERE ALSO WRONG AND ARE CORRECTED FIRST: A1.3 claimed a reporting history and a planned value it reads neither of, which made it falsely dependent on the trend and filter modules and falsely dependent on every schedule reader; A1.5 claimed a planned value where the series it extrapolates is the COST index; and the synthesis entry was keyed PH.5, an AUDIT target id and not a registry module id, so no consumer could ever look it up, and it named the two voting modules as constituents where the real signal is D1.5 whose constituents are the portfolio outlier distance and rank. The existence check that should have caught the third one is what excused it: it skipped any id beginning PH. and now checks the registry. Three earlier suites were REPAIRED IN PLACE rather than deleted, with two checks reversed to the exact negation of what they asserted, because a deleted check is a check nobody can see was wrong. Cycle 5 open methodological question on the transitive bridge is CLOSED by the owner decision and marked closed where it was raised."
ARCH.5,Sibling evidence-combination modules aggregate the same four arms with no lineage,ARCH,NOT_A_RUN19_TARGET (found by the Run 20 cycle 7 neighbour sweep),LINEAGE_DEPENDENCE_GAP,Specification 22 points 4 and 5,yes,no,,,,,,yes,,,,,yes,P1,9,CLOSED_RUN20,,CORRECT_AFTER_LINEAGE_DEDUPLICATION,"server/tools/test_run20_cycle9_arch5_siblings.py, 108 checks; the six known-answer derivations reworked by hand in test_run6_known_answer.py","8 mutations, 0 survivors","code_audit/run20_cycle9_arch5_determination.csv, all eight modules that read the four arms","RUN 20 CYCLE 9 CLOSED. Six advisory siblings remediated (B2.2, B2.3, B2.4, B2.5, B2.6, B2.8); B2.7 and B2.9 read the same arms and are DISABLED_UNSAFE, emit no signal and are left undeclared on the A2.1 precedent. DUPLICATED INFLUENCE FOUND IN ALL SIX. Three of the four arms are readings of ONE earned-value measurement, re-established here by execution in BOTH schedule-index regimes using cycle 8's resolver, so equal weight per arm gave that measurement three quarters of every vote. B2.4's duplication is inside a single arm: the cost and schedule indices are two readings of one measurement and its per-band maximum assembled a profile neither index asserts. B2.8's is inside the rule antecedents: R1, R3 and R6 conjoin the index state with a cumulative sum computed over that same index. SILENT REWEIGHTING FOUND IN ALL SIX: every aggregator divides by the arms it happens to have. The division is kept, because a fabricated neutral for an absent arm is worse, but the counts are now reported on every result and B2.3's ABSOLUTE count of two is expressed as the share it always was, one half, because left absolute it would have demanded unanimity over two bodies and read a Red earned-value body as GREEN. NO ORDERING EFFECT FOUND: measured over all 24 orderings of the arms and both directions of module execution, and no module mutates the package. NO WEIGHT, correlation coefficient, reliability discount or tuned multiplier was introduced. NO BAND MOVED ON THE RUN 6 FIXTURE for any of the six."
B2.1.a,The Monte Carlo forecast function accepts trend inputs its only caller never supplies,ARCH,NOT_A_RUN19_TARGET (found by the Run 20 cycle 7 neighbour sweep),LINEAGE_DEPENDENCE_GAP,Specification 22 points 4 and 5,yes,no,,,,,,yes,,,,,yes,P3,,OPEN,,,,,"server/tools/test_run20_b21_dst_lineage.py section 8, the executed negative control","RUN 20 CYCLE 7 NEIGHBOUR-SWEEP DISCOVERY, RECORDED AND DELIBERATELY NOT CHANGED. monte_carlo_eac accepts cusumBreached, cusumDrift and cusumThreshold and genuinely widens its spread when they are supplied. run_monte_carlo, the only caller in production, NEVER SUPPLIES ANY OF THE THREE. Anything reading the function signature would declare the cost forecast DERIVED from the trend module's output, which is false, and cycle 7 built that as an executed negative control rather than asserting it. THE SIGNATURE IS THEREFORE UNREACHABLE SURFACE, NOT A DEFECT IN ANY RESULT: no band, boundary or figure depends on it. Removing it would change a validated function's contract for tidiness and is not this programme's business; whether the trend evidence SHOULD reach the forecast is a method question for the owner and not a repair. RECORDED SO IT CANNOT BE MISTAKEN FOR EVIDENCE LATER."
LINEAGE.1,A bridging signal was absorbed by module-id order rather than by shared evidence,ARCH,NOT_A_RUN19_TARGET (found by the Run 20 cycle 7 neighbour sweep),LINEAGE_DEPENDENCE_GAP,Specification 22 points 4 and 5,yes,no,,,,,,yes,,,,,yes,P0D,,CLOSED_RUN20,,,,,"server/app/simulation/lineage.py evidence_bodies, and server/tools/run20_cycle7_mutation_battery.py mutation M2","RUN 20 CYCLE 7, FOUND AND REMEDIATED WITHIN THE SAME CYCLE. Cycle 6 separated signals correctly and then absorbed each non-selected signal into the FIRST selected body it depended on, in module-id order. That is arbitrary, and B2.1 is where it did harm: the cost forecast arm rests overwhelmingly on the earned-value measurement and touches the document evidence only through its sampling spread, yet with the index arm absent it was absorbed by name order into the DOCUMENT body, whose band then became its adverse earned-value reading. A document body read Red on no document evidence, and combining that against the earned-value body drove Red belief from 0.3974 to 0.9526. THAT IS FALSE REINFORCEMENT ARRIVING THROUGH THE ABSORPTION STEP RATHER THAN THE SEPARATION STEP, and the first-in-order rule could not have been right except by luck. A bridge is now absorbed into the body it shares the MOST PRIMITIVE EVIDENCE with, a set comparison over the identifiers the separation already uses and not a weight, a threshold or a correlation estimate; ties fall back to the declared body order. Every cycle 6 figure was remeasured afterwards and NONE moved: suppression 0.7000, 0.8000 and 0.8340, the independent pair 0.9273 with conflict 0.4414, both acceptance counters zero, and the non-transitive oracle in all six orderings. CLOSED BY THIS CYCLE."
FUSION.1,"An undeclared lineage is treated as independent, in fact",Architecture,NOT_PREVIOUSLY_RECORDED,RUN 20 CYCLE 8 DISCOVERY,Specification 18 and the Run 20 lineage owner decision,,,YES,,,,,YES,,,,,YES,P1,9,CLOSED_RUN20,,CORRECT_EXPLICIT_UNRESOLVED,"server/tools/test_run20_cycle9_fusion_undeclared.py, 53 checks","7 mutations, 0 survivors",every fuse_signals and dst_fuse caller in the repository,"RUN 20 CYCLE 9 CLOSED. An undeclared signal received lineage_record(mid), whose primitive set is EMPTY, and an empty set intersects nothing, so silence was read as a positive assertion of independence and the signal became its own body of evidence. THE SAFE DEFAULT CHOSEN IS EXPLICIT UNRESOLVED. Refusal was rejected because it discards a largely declared fusion and the adverse evidence in it; abstention was rejected because an undeclared RED signal would then make the fusion read GREENER than the evidence in hand, which is the false suppression cycle 5 exists to prevent. The undeclared signals form ONE unresolved body, folded in with the IDEMPOTENT worst-band operator and never combined by Dempster's rule, so the adverse reading is kept and no certainty is added. Reported by name in unresolved_module_ids. Independence must now be ASSERTED: fuse_signals(assume_independent=True), which dst_fuse passes and only dst_fuse passes. Measured: three undeclared Amber signals were 0.9861 and are 0.7000; two were 0.9273 and are 0.7000; the declared voting pair is unchanged at 0.7000 and real corroboration is unchanged."
