canonical_id,current_registered_name,category,category_name,group,scope,current_operational_status,voting_status,current_scientific_disposition,actual_computation_currently_implemented,canonical_method_required,primary_remediation_type,secondary_remediation_types,exact_missing_evidence,exact_missing_data_structure,existing_source_document_availability,existing_structured_fields_available,new_document_or_form_needed,new_structured_form_needed,new_database_or_data_contract_structure_needed,historical_series_needed,external_or_reference_dataset_needed,regulatory_authority_needed,calibration_needed,empirical_validation_needed,lineage_or_qualification_requirement,canonical_implementation_work,truthful_rename_candidate,redundancy_candidate,research_only_candidate,owner_decision_required,proposed_operational_destination,supply_mechanism,proposed_artifact,corpus_status,parsimony_class,work_package,priority,recommended_future_run,secondary_future_runs,authority_source,notes
A1.1,Monte Carlo EAC,A1,Cost & EVM Performance,A,project,ADVISORY_ONLY,non-voting,METHOD_PASS_CALIBRATION_PENDING,As registered; no proxy qualifier and no truthful-method relabel is carried.,"Monte Carlo simulation of cost at completion over declared input distributions, reporting a distribution and stated percentiles of it",DATA,LINEAGE CAL VALIDATE,cost-driver input distributions with a declared family and parameters (the module samples designed distributions rather than elicited or fitted ones); the elicitation or fitting record behind each distribution; the dependence structure between drivers; and a convergence criterion tied to the reported percentile,"Cost Driver Distribution Set (driver id, distribution family, parameters, source of the parameters, correlation matrix between drivers)","5 supported document type(s) currently reach this module: change_order, contract_value, monthly_report, pay_application, schedule_of_values",bac,Cost Driver Distribution Set,Cost Driver Distribution Set,"Cost Driver Distribution Set (driver id, distribution family, parameters, source of the parameters, correlation matrix between drivers)",,,no,"a four band ladder over the quantity the module reports [UNSUPPORTED]. No calibration set exists in this repository: no labelled corpus of project outcomes and no expert reference standard, so no boundary can be fitted or tested.","NOT_EMPIRICALLY_VALIDATED. No labelled holdout corpus and no expert reference standard exist for this platform, so how often this module's banding is right is unknown.",lineage declared as CORRELATED; the platform-wide Category-9 qualification gate is unimplemented and production discloses it: signal_package.py records SIGNAL_QUALIFICATION = 'unqualified' and CATEGORY_9_DEVIATION.,"The shipped arithmetic performs what its name says; the work is the evidence supply above plus the band calibration, not a re-implementation.",,no,no,no,"advisory, non-voting, on the signal ledger with its published claim limit",NEW_STRUCTURED_FORM,Cost Driver Distribution Set,ABSENT,KEEP_AND_SUPPLY,PKG-CAL-BANDS,P2,Run 33,Run 28,p0-baseline/module_renumbering_map.csv; code_audit/run20_cycle12_100_reaudit.csv; server/app/simulation/method_labels.py; server/app/simulation/parameters.py; server/app/simulation/registry.py; code_audit/signal_flow_authoritative_edges.csv; research/methodology/PCEIF_100_MODULE_SUPERVISORY_METHOD_SPECIFICATION_v1.md,The simulation itself is real and is performed as named. What is unsourced is the band ladder over its output and the provenance of the sampled spread.
A1.2,CUSUM Anomaly Monitor,A1,Cost & EVM Performance,A,project,ADVISORY_ONLY,non-voting,CORRECT_PROXY_ONLY,"Published proxy qualifier: hard-coded transformations of two-sided CUSUM on real SPI history; k, H, sigma floor and Amber band uncalibrated",two-sided cumulative sum control chart with a reference value k and a decision interval H derived from the in-control process standard deviation and a stated shift to detect,DATA,METHOD LINEAGE CAL VALIDATE,"an in-control reference period declared as such; an estimate of the process standard deviation from that period rather than a floored constant; the shift size the chart is designed to detect; and the average-run-length target the pair (k, H) is chosen to meet","Control Chart Design Record (series id, in-control window, sigma estimate and its n, target shift, k, H, resulting in-control and out-of-control ARL)",0 supported document type(s) currently reach this module: none,none on the authoritative edge list,,,"Control Chart Design Record (series id, in-control window, sigma estimate and its n, target shift, k, H, resulting in-control and out-of-control ARL)",,,no,"the reference shift, the decision interval and the floor under the standard deviation of a two-sided cumulative sum [UNSUPPORTED]. No calibration set exists in this repository: no labelled corpus of project outcomes and no expert reference standard, so no boundary can be fitted or tested.","NOT_EMPIRICALLY_VALIDATED. No labelled holdout corpus and no expert reference standard exist for this platform, so how often this module's banding is right is unknown.",lineage declared as CORRELATED; the platform-wide Category-9 qualification gate is unimplemented and production discloses it: signal_package.py records SIGNAL_QUALIFICATION = 'unqualified' and CATEGORY_9_DEVIATION.,"The shipped arithmetic performs what its name says; the work is the evidence supply above plus the band calibration, not a re-implementation.",,no,no,no,"advisory, non-voting, on the signal ledger with its published claim limit",DERIVED_FROM_EXISTING_QUALIFIED_DATA,Control Chart Design Record,PARTIALLY_PRESENT,KEEP_AND_SUPPLY,PKG-HISTORY,P1,Run 28,Run 33,p0-baseline/module_renumbering_map.csv; code_audit/run20_cycle12_100_reaudit.csv; server/app/simulation/method_labels.py; server/app/simulation/parameters.py; server/app/simulation/registry.py; code_audit/signal_flow_authoritative_edges.csv; research/methodology/PCEIF_100_MODULE_SUPERVISORY_METHOD_SPECIFICATION_v1.md,"The cumulative sums run on real reported cost-index history, so the series exists; the design constants around it do not."
A1.3,Bayesian EAC,A1,Cost & EVM Performance,A,project,ADVISORY_ONLY,non-voting,CORRECT_PROXY_ONLY,"Published proxy qualifier: Normal-normal updating with designed constant variances, not a governed Bayesian model","Bayesian updating of a completion-cost posterior from a stated prior and a stated likelihood, reporting a posterior with a credible interval",DATA,METHOD LINEAGE CAL VALIDATE,a prior distribution with its source (currently a designed constant variance); a likelihood whose variance is estimated from observed reporting error rather than designed; and the observation series the update runs over,"Bayesian Model Record (prior family and parameters with source, likelihood variance and the residual series it was estimated from, posterior summary and credible interval)","5 supported document type(s) currently reach this module: change_order, contract_value, monthly_report, pay_application, schedule_of_values","ac, bac, ev",,,"Bayesian Model Record (prior family and parameters with source, likelihood variance and the residual series it was estimated from, posterior summary and credible interval)",,,no,"the prior and observation variances of a normal-normal update [UNSUPPORTED]. No calibration set exists in this repository: no labelled corpus of project outcomes and no expert reference standard, so no boundary can be fitted or tested.","NOT_EMPIRICALLY_VALIDATED. No labelled holdout corpus and no expert reference standard exist for this platform, so how often this module's banding is right is unknown.",lineage declared as SAME_SOURCE_TRANSFORM; the platform-wide Category-9 qualification gate is unimplemented and production discloses it: signal_package.py records SIGNAL_QUALIFICATION = 'unqualified' and CATEGORY_9_DEVIATION.,"The shipped arithmetic performs what its name says; the work is the evidence supply above plus the band calibration, not a re-implementation.",,no,no,no,"advisory, non-voting, on the signal ledger with its published claim limit",DERIVED_FROM_EXISTING_QUALIFIED_DATA,Bayesian Model Record,PARTIALLY_PRESENT,KEEP_AND_SUPPLY,PKG-HISTORY,P1,Run 28,Run 33,p0-baseline/module_renumbering_map.csv; code_audit/run20_cycle12_100_reaudit.csv; server/app/simulation/method_labels.py; server/app/simulation/parameters.py; server/app/simulation/registry.py; code_audit/signal_flow_authoritative_edges.csv; research/methodology/PCEIF_100_MODULE_SUPERVISORY_METHOD_SPECIFICATION_v1.md,Normal-normal updating with designed constant variances is a governed model once the two variances have an estimation basis; the reporting history is the basis available.
A1.4,Kalman Filter SPI Smoother,A1,Cost & EVM Performance,A,project,ADVISORY_ONLY,non-voting,CORRECT_PROXY_ONLY,"Published proxy qualifier: Scalar Kalman recursion with fixed Q and R, short history, no calibrated filtering claim","Kalman filtering of the schedule performance index with process noise Q and measurement noise R estimated from data, reporting a filtered state and its variance",DATA,METHOD LINEAGE CAL VALIDATE,an estimate of measurement noise R from repeated readings of the same period (the disagreement between documents reporting one period); an estimate of process noise Q from the period-to-period movement of the index; and a history long enough for both,"Filter Noise Estimation Record (series id, R estimate with the repeated-reading pairs it came from, Q estimate with the differenced series, filtered state and variance)",0 supported document type(s) currently reach this module: none,none on the authoritative edge list,,,"Filter Noise Estimation Record (series id, R estimate with the repeated-reading pairs it came from, Q estimate with the differenced series, filtered state and variance)",,,no,"the process and observation noise of a scalar Kalman recursion, and a band ladder [UNSUPPORTED]. No calibration set exists in this repository: no labelled corpus of project outcomes and no expert reference standard, so no boundary can be fitted or tested.","NOT_EMPIRICALLY_VALIDATED. No labelled holdout corpus and no expert reference standard exist for this platform, so how often this module's banding is right is unknown.",lineage declared as CORRELATED; the platform-wide Category-9 qualification gate is unimplemented and production discloses it: signal_package.py records SIGNAL_QUALIFICATION = 'unqualified' and CATEGORY_9_DEVIATION.,"The shipped arithmetic performs what its name says; the work is the evidence supply above plus the band calibration, not a re-implementation.",,no,no,no,"advisory, non-voting, on the signal ledger with its published claim limit",DERIVED_FROM_EXISTING_QUALIFIED_DATA,Filter Noise Estimation Record,PARTIALLY_PRESENT,KEEP_AND_SUPPLY,PKG-HISTORY,P1,Run 28,Run 33,p0-baseline/module_renumbering_map.csv; code_audit/run20_cycle12_100_reaudit.csv; server/app/simulation/method_labels.py; server/app/simulation/parameters.py; server/app/simulation/registry.py; code_audit/signal_flow_authoritative_edges.csv; research/methodology/PCEIF_100_MODULE_SUPERVISORY_METHOD_SPECIFICATION_v1.md,"Repeated readings of one period do occur in this corpus when two document types report the same period, which is exactly what an R estimate needs."
A1.5,ARIMA CPI Forecast,A1,Cost & EVM Performance,A,project,ADVISORY_ONLY,non-voting,CORRECT_PROXY_ONLY,"Fixed-order one-step cost index projection: fits a single autoregressive coefficient to the first differences of the reported cost performance history by the lag-one ratio, and projects one period ahead from the last reading","an identified ARIMA model: order selection, stationarity testing, residual diagnostics and a prediction interval on the forecast",DATA,METHOD LINEAGE CAL VALIDATE PARSIMONY,a reported cost-index series long enough to identify an order (the platform currently fits one autoregressive coefficient at a fixed lag with no order search); the stationarity test result; residual autocorrelation diagnostics; and the residual variance the prediction interval is built from,"Reporting History Series (per period: period id, data date, cpi, spi, ev, ac, pv, bac, percent complete, source document version)",0 supported document type(s) currently reach this module: none,none on the authoritative edge list,,,"Reporting History Series (per period: period id, data date, cpi, spi, ev, ac, pv, bac, percent complete, source document version)",,,no,"the clamp on the autoregressive coefficient, and a band ladder [UNSUPPORTED]. No calibration set exists in this repository: no labelled corpus of project outcomes and no expert reference standard, so no boundary can be fitted or tested.","NOT_EMPIRICALLY_VALIDATED. No labelled holdout corpus and no expert reference standard exist for this platform, so how often this module's banding is right is unknown.",lineage declared as CORRELATED; the platform-wide Category-9 qualification gate is unimplemented and production discloses it: signal_package.py records SIGNAL_QUALIFICATION = 'unqualified' and CATEGORY_9_DEVIATION.,"Implement the canonical structure once the evidence exists: an identified model order, residual diagnostics, a stationarity test and a prediction interval, none of which the computation performs or reports. Until then the truthful method label is what the interface, export and methods documentation publish.",Fixed-order one-step cost index projection,no,no,yes: whether the truthful name replaces the registered name on the participant surface is an instrument decision.,"advisory, non-voting, on the signal ledger with its published claim limit",DERIVED_FROM_EXISTING_QUALIFIED_DATA,Reporting History Series,PARTIALLY_PRESENT,KEEP_AND_SUPPLY,PKG-HISTORY,P1,Run 28,Run 33,p0-baseline/module_renumbering_map.csv; code_audit/run20_cycle12_100_reaudit.csv; server/app/simulation/method_labels.py; server/app/simulation/parameters.py; server/app/simulation/registry.py; code_audit/signal_flow_authoritative_edges.csv; research/methodology/PCEIF_100_MODULE_SUPERVISORY_METHOD_SPECIFICATION_v1.md,"History exists but its length per project is not governed; an order search needs a stated minimum series length, which is itself a decision to record."
A1.6,Earned Schedule,A1,Cost & EVM Performance,A,project,ADVISORY_ONLY,non-voting,CORRECT_PROXY_ONLY,"Reported against planned progress ratio: divides the reported percent complete by the planned percent complete and bands the ratio, then converts it to a day count using the baseline duration where both baseline dates are reported","earned schedule: the time at which the earned value now reported would have been planned, read off a time-phased planned value curve",DATA,METHOD LINEAGE CAL VALIDATE PARSIMONY,a time-phased planned value curve: period start and end; the planned value planned to be earned in that period; the cumulative planned value at each period end; the budget at completion the curve integrates to; the baseline id and baseline approval date the curve belongs to; the units and currency,Time-Phased Baseline Curve,"7 supported document type(s) currently reach this module: change_order, contract_value, monthly_report, pay_application, schedule_of_values, schedule_update, time_phased_schedule","actualPctComplete, bac, ev, plannedPctComplete, pv",Time-Phased Schedule / Baseline S-Curve (a document type is already declared for this and emits nothing the module reads),,Time-Phased Baseline Curve,,,no,"a four band ladder over the quantity the module reports [UNSUPPORTED]. No calibration set exists in this repository: no labelled corpus of project outcomes and no expert reference standard, so no boundary can be fitted or tested.","NOT_EMPIRICALLY_VALIDATED. No labelled holdout corpus and no expert reference standard exist for this platform, so how often this module's banding is right is unknown.",no lineage declaration is carried; the platform-wide Category-9 qualification gate is unimplemented and production discloses it: signal_package.py records SIGNAL_QUALIFICATION = 'unqualified' and CATEGORY_9_DEVIATION.,"Implement the canonical structure once the evidence exists: a time-phased planned value curve, which is what earned schedule is measured against: the method locates the time at which the earned value would have been planned, and no such curve exists in the corpus. Until then the truthful method label is what the interface, export and methods documentation publish.",Reported against planned progress ratio,no,no,yes: whether the truthful name replaces the registered name on the participant surface is an instrument decision.,"advisory, non-voting, on the signal ledger with its published claim limit",NEW_DOCUMENT_TYPE,Time-Phased Schedule / Baseline S-Curve (a document type is already declared for this and emits nothing the module reads),PARTIALLY_PRESENT,KEEP_AND_SUPPLY,PKG-TIMEPHASED,P1,Run 28,Run 33,p0-baseline/module_renumbering_map.csv; code_audit/run20_cycle12_100_reaudit.csv; server/app/simulation/method_labels.py; server/app/simulation/parameters.py; server/app/simulation/registry.py; code_audit/signal_flow_authoritative_edges.csv; research/methodology/PCEIF_100_MODULE_SUPERVISORY_METHOD_SPECIFICATION_v1.md,"time_phased_schedule is already a declared document type in extraction_fields.py, so the supply path is an extraction contract rather than a new document class."
A1.9,Budget Execution Rate,A1,Cost & EVM Performance,A,project,ADVISORY_ONLY,non-voting,CORRECT_PROXY_ONLY,"Published proxy qualifier: an expenditure-versus-progress control ratio, not a standardised statistical test","a standardised statistical test of expenditure against progress, with a stated null and a reference distribution",DATA,METHOD LINEAGE CAL VALIDATE PARSIMONY,"the reference distribution the ratio would be tested against, which requires a population of expenditure-versus-progress observations across projects and periods",Portfolio Reporting History (the Reporting History Series pooled across projects),"5 supported document type(s) currently reach this module: change_order, contract_value, monthly_report, pay_application, schedule_of_values","ac, actualPctComplete, bac",,,,Portfolio Reporting History,Portfolio Reporting History,no,"a four band ladder over the quantity the module reports [UNSUPPORTED]. No calibration set exists in this repository: no labelled corpus of project outcomes and no expert reference standard, so no boundary can be fitted or tested.","NOT_EMPIRICALLY_VALIDATED. No labelled holdout corpus and no expert reference standard exist for this platform, so how often this module's banding is right is unknown.",no lineage declaration is carried; the platform-wide Category-9 qualification gate is unimplemented and production discloses it: signal_package.py records SIGNAL_QUALIFICATION = 'unqualified' and CATEGORY_9_DEVIATION.,"The shipped arithmetic performs what its name says; the work is the evidence supply above plus the band calibration, not a re-implementation.",Expenditure against progress control ratio,no,no,yes: whether the truthful name replaces the registered name on the participant surface is an instrument decision.,"advisory, non-voting, on the signal ledger with its published claim limit",PORTFOLIO_REFERENCE_DATASET,Portfolio Reporting History,ABSENT,KEEP_AS_TRUTHFUL_PROXY,PKG-PORTFOLIO-HISTORY,P2,Run 28,Run 33,p0-baseline/module_renumbering_map.csv; code_audit/run20_cycle12_100_reaudit.csv; server/app/simulation/method_labels.py; server/app/simulation/parameters.py; server/app/simulation/registry.py; code_audit/signal_flow_authoritative_edges.csv; research/methodology/PCEIF_100_MODULE_SUPERVISORY_METHOD_SPECIFICATION_v1.md,As a transparent ratio it is defensible now; only the word 'test' would require the reference distribution.
A1.10,Regression to Mean CPI,A1,Cost & EVM Performance,A,project,ADVISORY_ONLY,non-voting,CORRECT_PROXY_ONLY,Fixed shrinkage toward the project's own history: shrinks the current cost index halfway toward the mean of that same project's reported history,regression to the mean: shrinkage of a project reading toward a REFERENCE POPULATION mean with a shrinkage weight estimated from the variance components,DATA,METHOD LINEAGE CAL VALIDATE PARSIMONY,a governed reference population of projects with their cost indices; the within-project and between-project variance components estimated from it; and the resulting shrinkage weight (the platform uses a fixed one half toward the project's own history),"Portfolio Reference Cohort (project id, cohort membership criteria, per-period cost index, cohort mean and variance components, vintage)",0 supported document type(s) currently reach this module: none,none on the authoritative edge list,,,,Portfolio Reference Cohort,Portfolio Reference Cohort,no,"a four band ladder over the quantity the module reports [UNSUPPORTED]. No calibration set exists in this repository: no labelled corpus of project outcomes and no expert reference standard, so no boundary can be fitted or tested.","NOT_EMPIRICALLY_VALIDATED. No labelled holdout corpus and no expert reference standard exist for this platform, so how often this module's banding is right is unknown.",no lineage declaration is carried; the platform-wide Category-9 qualification gate is unimplemented and production discloses it: signal_package.py records SIGNAL_QUALIFICATION = 'unqualified' and CATEGORY_9_DEVIATION.,"Implement the canonical structure once the evidence exists: a governed reference population and an estimated shrinkage coefficient. Regression to the mean is defined against a population mean, and the shrinkage weight is estimated from the variance components; here the target is the project's own history and the weight is a fixed one half. Until then the truthful method label is what the interface, export and methods documentation publish.",Fixed shrinkage toward the project's own history,no,no,yes: whether the truthful name replaces the registered name on the participant surface is an instrument decision.,"advisory, non-voting, on the signal ledger with its published claim limit",PORTFOLIO_REFERENCE_DATASET,Portfolio Reference Cohort,ABSENT,KEEP_AND_SUPPLY,PKG-PORTFOLIO-HISTORY,P1,Run 28,Run 33,p0-baseline/module_renumbering_map.csv; code_audit/run20_cycle12_100_reaudit.csv; server/app/simulation/method_labels.py; server/app/simulation/parameters.py; server/app/simulation/registry.py; code_audit/signal_flow_authoritative_edges.csv; research/methodology/PCEIF_100_MODULE_SUPERVISORY_METHOD_SPECIFICATION_v1.md,"Shrinking toward a project's own history is a different estimator from the one the name names, and no amount of calibration converts one into the other without the population."
A1.11,ICE Ratio,A1,Cost & EVM Performance,A,project,ADVISORY_ONLY,non-voting,CORRECT_PROXY_ONLY,"Internal completion forecast divergence index: divides the budget-over-index completion forecast by the actual-cost-plus-remaining-work completion forecast, both computed here from the same reported figures, and bands the distance of the ratio from one","an independent cost estimate: an estimate prepared separately, by a different party or a different method, against the same scope, compared with the current forecast",DATA,METHOD LINEAGE CAL VALIDATE PARSIMONY,an independently prepared estimate carrying: estimator identity and independence attestation; estimate date; the scope baseline version estimated; the estimating method used; the estimate value with its confidence basis; and the WBS level of detail,Independent Cost Estimate Record,"5 supported document type(s) currently reach this module: change_order, contract_value, monthly_report, pay_application, schedule_of_values","ac, bac, ev",Independent Cost Estimate,,Independent Cost Estimate Record,,,no,"a four band ladder over the quantity the module reports [UNSUPPORTED]. No calibration set exists in this repository: no labelled corpus of project outcomes and no expert reference standard, so no boundary can be fitted or tested.","NOT_EMPIRICALLY_VALIDATED. No labelled holdout corpus and no expert reference standard exist for this platform, so how often this module's banding is right is unknown.",lineage declared as SAME_SOURCE_TRANSFORM; the platform-wide Category-9 qualification gate is unimplemented and production discloses it: signal_package.py records SIGNAL_QUALIFICATION = 'unqualified' and CATEGORY_9_DEVIATION.,"Implement the canonical structure once the evidence exists: an independent cost estimate: an estimate prepared separately, by a different party or method, against the same scope. Both forecasts compared here are this platform's own arithmetic on one set of numbers. Until then the truthful method label is what the interface, export and methods documentation publish.",Internal completion forecast divergence index,no,no,yes: whether the truthful name replaces the registered name on the participant surface is an instrument decision.,"advisory, non-voting, on the signal ledger with its published claim limit",NEW_DOCUMENT_TYPE,Independent Cost Estimate,ABSENT,KEEP_AND_SUPPLY,PKG-CONTRACT,P1,Run 28,Run 33,p0-baseline/module_renumbering_map.csv; code_audit/run20_cycle12_100_reaudit.csv; server/app/simulation/method_labels.py; server/app/simulation/parameters.py; server/app/simulation/registry.py; code_audit/signal_flow_authoritative_edges.csv; research/methodology/PCEIF_100_MODULE_SUPERVISORY_METHOD_SPECIFICATION_v1.md,"Both forecasts compared today are this platform's own arithmetic on one set of numbers, so the comparison cannot be independent by construction, not by calibration."
A2.1,PERT Network Criticality,A2,Schedule Performance,A,project,ADVISORY_ONLY,non-voting,CORRECT_ABSTENTION,As registered; no proxy qualifier and no truthful-method relabel is carried.,"PERT: a network with three-point activity duration estimates, from which path criticality is computed",DATA,LINEAGE VALIDATE,"activity id; activity name; deterministic duration; predecessor and successor relationships with relationship type and lag; calendar id and working-day definition; data date / status date; baseline start and finish per activity; actual start and finish per activity; remaining duration; total float and free float per activity; constraint type and date where one is imposed; WBS parent; plus, for a sampling run: a duration distribution family and its parameters per activity (or three-point optimistic / most likely / pessimistic), the correlation or dependence structure between activity durations, and the risk-event-to-activity mapping with probability and impact",Schedule Network Data,"5 supported document type(s) currently reach this module: change_order, contract_value, monthly_report, pay_application, schedule_of_values",bac,"Schedule Network Export (activity table plus relationship table, from the scheduling tool)",,Schedule Network Data,,,no,"no tunable value: the module carries no threshold, weight or boundary of its own. Calibration status: NOT_APPLICABLE.","NOT_EMPIRICALLY_VALIDATED. No labelled holdout corpus and no expert reference standard exist for this platform, so how often this module's banding is right is unknown.",no lineage declaration is carried; the platform-wide Category-9 qualification gate is unimplemented and production discloses it: signal_package.py records SIGNAL_QUALIFICATION = 'unqualified' and CATEGORY_9_DEVIATION.,"The shipped arithmetic performs what its name says; the work is the evidence supply above plus the band calibration, not a re-implementation.",,no,no,no,"advisory, non-voting, on the signal ledger with its published claim limit",NEW_DOCUMENT_TYPE,"Schedule Network Export (activity table plus relationship table, from the scheduling tool)",ABSENT,KEEP_AND_SUPPLY,PKG-SCHEDNET,P1,Run 28,Run 33,p0-baseline/module_renumbering_map.csv; code_audit/run20_cycle12_100_reaudit.csv; server/app/simulation/method_labels.py; server/app/simulation/parameters.py; server/app/simulation/registry.py; code_audit/signal_flow_authoritative_edges.csv; research/methodology/PCEIF_100_MODULE_SUPERVISORY_METHOD_SPECIFICATION_v1.md,"The module currently abstains, which is the correct behaviour in the absence of the network; abstention is not the defect, the missing structure is."
A2.2,Line of Balance,A2,Schedule Performance,A,project,ADVISORY_ONLY,non-voting,CORRECT_ABSTENTION,As registered; no proxy qualifier and no truthful-method relabel is carried.,"line of balance: planned and actual production rates per repetitive activity across units, with the buffer between them",DATA,METHOD LINEAGE CAL VALIDATE,"repetitive unit ids and their sequence; per activity and per unit, planned start and finish and actual start and finish; the planned production rate per activity; the target buffer between successive activities; and the status date",Repetitive Work Production Table,"4 supported document type(s) currently reach this module: monthly_report, pay_application, schedule_update, time_phased_schedule","actualPctComplete, plannedPctComplete",Line of Balance Production Schedule,Line of Balance Production Schedule,Repetitive Work Production Table,,,no,"a four band ladder over the quantity the module reports [UNSUPPORTED]. No calibration set exists in this repository: no labelled corpus of project outcomes and no expert reference standard, so no boundary can be fitted or tested.","NOT_EMPIRICALLY_VALIDATED. No labelled holdout corpus and no expert reference standard exist for this platform, so how often this module's banding is right is unknown.",Category-9 qualification FAIL recorded by the re-audit; no lineage declaration is carried; the platform-wide Category-9 qualification gate is unimplemented and production discloses it: signal_package.py records SIGNAL_QUALIFICATION = 'unqualified' and CATEGORY_9_DEVIATION.,"The shipped arithmetic performs what its name says; the work is the evidence supply above plus the band calibration, not a re-implementation.",,no,no,yes: applicability to this platform's projects is a scoping decision.,"advisory, non-voting, on the signal ledger with its published claim limit",NEW_STRUCTURED_FORM,Line of Balance Production Schedule,ABSENT,KEEP_CONDITIONAL,PKG-SCHEDNET,P1,Run 28,Run 33,p0-baseline/module_renumbering_map.csv; code_audit/run20_cycle12_100_reaudit.csv; server/app/simulation/method_labels.py; server/app/simulation/parameters.py; server/app/simulation/registry.py; code_audit/signal_flow_authoritative_edges.csv; research/methodology/PCEIF_100_MODULE_SUPERVISORY_METHOD_SPECIFICATION_v1.md,"Line of balance is only meaningful on repetitive work. Whether this platform's projects are repetitive is an owner scoping decision, not a data question."
A2.3,CCPM Buffer Health,A2,Schedule Performance,A,project,ADVISORY_ONLY,non-voting,CORRECT_ABSTENTION,As registered; no proxy qualifier and no truthful-method relabel is carried.,"critical chain buffer health: buffer consumption against chain completion, on a buffered network",DATA,METHOD LINEAGE CAL VALIDATE,the identified critical chain; the project buffer size and its origin; feeding buffers with their sizes and the chains they protect; buffer consumed to date; and the percentage of the protected chain complete,Critical Chain Buffer Register,"4 supported document type(s) currently reach this module: monthly_report, pay_application, schedule_update, time_phased_schedule","actualPctComplete, plannedPctComplete",CCPM Buffer Register,CCPM Buffer Register,Critical Chain Buffer Register,,,no,"a four band ladder over the quantity the module reports [UNSUPPORTED]. No calibration set exists in this repository: no labelled corpus of project outcomes and no expert reference standard, so no boundary can be fitted or tested.","NOT_EMPIRICALLY_VALIDATED. No labelled holdout corpus and no expert reference standard exist for this platform, so how often this module's banding is right is unknown.",Category-9 qualification FAIL recorded by the re-audit; no lineage declaration is carried; the platform-wide Category-9 qualification gate is unimplemented and production discloses it: signal_package.py records SIGNAL_QUALIFICATION = 'unqualified' and CATEGORY_9_DEVIATION.,"The shipped arithmetic performs what its name says; the work is the evidence supply above plus the band calibration, not a re-implementation.",,no,no,yes: applicability to this platform's projects is a scoping decision.,"advisory, non-voting, on the signal ledger with its published claim limit",NEW_STRUCTURED_FORM,CCPM Buffer Register,ABSENT,KEEP_CONDITIONAL,PKG-SCHEDNET,P1,Run 28,Run 33,p0-baseline/module_renumbering_map.csv; code_audit/run20_cycle12_100_reaudit.csv; server/app/simulation/method_labels.py; server/app/simulation/parameters.py; server/app/simulation/registry.py; code_audit/signal_flow_authoritative_edges.csv; research/methodology/PCEIF_100_MODULE_SUPERVISORY_METHOD_SPECIFICATION_v1.md,"A buffered schedule is a scheduling-method choice the project must have made; if it has not, the module is not applicable rather than under-supplied."
A2.4,Schedule Compression Index,A2,Schedule Performance,A,project,ADVISORY_ONLY,non-voting,CORRECT_PROXY_ONLY,Published proxy qualifier: a custom compression ratio; no network-based crashing model or calibrated bands,"schedule compression / crashing: a network-based model of which activities can be shortened, at what cost slope, and the resulting duration-cost trade-off",DATA,METHOD LINEAGE CAL VALIDATE PARSIMONY,activity id; activity name; deterministic duration; predecessor and successor relationships with relationship type and lag; calendar id and working-day definition; data date / status date; baseline start and finish per activity; actual start and finish per activity; remaining duration; total float and free float per activity; constraint type and date where one is imposed; WBS parent; plus a crash duration and a cost slope per crashable activity,Schedule Network Data with Crash Cost Table,"3 supported document type(s) currently reach this module: contract_value, monthly_report, pay_application","actualPctComplete, baselineEnd, baselineStart",Schedule Network Export plus Crash Cost Table,,Schedule Network Data with Crash Cost Table,,,no,"a four band ladder over the quantity the module reports [UNSUPPORTED]. No calibration set exists in this repository: no labelled corpus of project outcomes and no expert reference standard, so no boundary can be fitted or tested.","NOT_EMPIRICALLY_VALIDATED. No labelled holdout corpus and no expert reference standard exist for this platform, so how often this module's banding is right is unknown.",no lineage declaration is carried; the platform-wide Category-9 qualification gate is unimplemented and production discloses it: signal_package.py records SIGNAL_QUALIFICATION = 'unqualified' and CATEGORY_9_DEVIATION.,"The shipped arithmetic performs what its name says; the work is the evidence supply above plus the band calibration, not a re-implementation.",Reported duration compression ratio,no,no,yes: whether the truthful name replaces the registered name on the participant surface is an instrument decision.,"advisory, non-voting, on the signal ledger with its published claim limit",NEW_DOCUMENT_TYPE,Schedule Network Export plus Crash Cost Table,ABSENT,KEEP_AS_TRUTHFUL_PROXY,PKG-SCHEDNET,P1,Run 28,Run 33,p0-baseline/module_renumbering_map.csv; code_audit/run20_cycle12_100_reaudit.csv; server/app/simulation/method_labels.py; server/app/simulation/parameters.py; server/app/simulation/registry.py; code_audit/signal_flow_authoritative_edges.csv; research/methodology/PCEIF_100_MODULE_SUPERVISORY_METHOD_SPECIFICATION_v1.md,The ratio it computes today is interpretable on its own terms; it is the crashing model the name implies that is absent.
A2.5,Float Consumption Rate,A2,Schedule Performance,A,project,ADVISORY_ONLY,non-voting,METHOD_PASS_CALIBRATION_PENDING,As registered; no proxy qualifier and no truthful-method relabel is carried.,float consumption rate: total float consumed per unit of elapsed time on identified activities,LINEAGE,CAL VALIDATE,,,"2 supported document type(s) currently reach this module: schedule_update, time_phased_schedule","consumedFloat, totalFloat",,,,,,no,"a four band ladder over the quantity the module reports [UNSUPPORTED]. No calibration set exists in this repository: no labelled corpus of project outcomes and no expert reference standard, so no boundary can be fitted or tested.","NOT_EMPIRICALLY_VALIDATED. No labelled holdout corpus and no expert reference standard exist for this platform, so how often this module's banding is right is unknown.",no lineage declaration is carried; the platform-wide Category-9 qualification gate is unimplemented and production discloses it: signal_package.py records SIGNAL_QUALIFICATION = 'unqualified' and CATEGORY_9_DEVIATION.,No re-implementation required. The remaining work is calibration and empirical validation of the band boundaries.,,no,no,no,"advisory, non-voting, on the signal ledger with its published claim limit",,,PRESENT,KEEP_AND_SUPPLY,PKG-CAL-BANDS,P2,Run 33,Run 28,p0-baseline/module_renumbering_map.csv; code_audit/run20_cycle12_100_reaudit.csv; server/app/simulation/method_labels.py; server/app/simulation/parameters.py; server/app/simulation/registry.py; code_audit/signal_flow_authoritative_edges.csv; research/methodology/PCEIF_100_MODULE_SUPERVISORY_METHOD_SPECIFICATION_v1.md,"consumedFloat and totalFloat are extracted and the arithmetic is what the name says. What is missing is a calibrated band, not evidence."
A2.6,S-Curve Deviation,A2,Schedule Performance,A,project,ADVISORY_ONLY,non-voting,CORRECT_PROXY_ONLY,"Published proxy qualifier: a single planned versus actual snapshot, not a longitudinal S-curve analysis",S-curve deviation: the divergence between the planned and actual cumulative progress CURVES over time,DATA,METHOD LINEAGE CAL VALIDATE PARSIMONY,a time-phased planned curve and the matching actual series: period start and end; the planned value planned to be earned in that period; the cumulative planned value at each period end; the budget at completion the curve integrates to; the baseline id and baseline approval date the curve belongs to; the units and currency; plus the actual cumulative earned value at each of the same period ends,Time-Phased Baseline Curve plus Reporting History Series,"5 supported document type(s) currently reach this module: monthly_report, pay_application, schedule_of_values, schedule_update, time_phased_schedule","actualPctComplete, ev, plannedPctComplete, pv",Time-Phased Schedule / Baseline S-Curve,,Time-Phased Baseline Curve plus Reporting History Series,,,no,"a four band ladder over the quantity the module reports [UNSUPPORTED]. No calibration set exists in this repository: no labelled corpus of project outcomes and no expert reference standard, so no boundary can be fitted or tested.","NOT_EMPIRICALLY_VALIDATED. No labelled holdout corpus and no expert reference standard exist for this platform, so how often this module's banding is right is unknown.",no lineage declaration is carried; the platform-wide Category-9 qualification gate is unimplemented and production discloses it: signal_package.py records SIGNAL_QUALIFICATION = 'unqualified' and CATEGORY_9_DEVIATION.,"The shipped arithmetic performs what its name says; the work is the evidence supply above plus the band calibration, not a re-implementation.",Planned versus actual progress snapshot,no,no,yes: whether the truthful name replaces the registered name on the participant surface is an instrument decision.,"advisory, non-voting, on the signal ledger with its published claim limit",NEW_DOCUMENT_TYPE,Time-Phased Schedule / Baseline S-Curve,PARTIALLY_PRESENT,KEEP_AND_SUPPLY,PKG-TIMEPHASED,P1,Run 28,Run 33,p0-baseline/module_renumbering_map.csv; code_audit/run20_cycle12_100_reaudit.csv; server/app/simulation/method_labels.py; server/app/simulation/parameters.py; server/app/simulation/registry.py; code_audit/signal_flow_authoritative_edges.csv; research/methodology/PCEIF_100_MODULE_SUPERVISORY_METHOD_SPECIFICATION_v1.md,"One snapshot is a point, not a curve; the module compares two points and is named for a comparison of two curves."
A2.7,Milestone Trend Analysis,A2,Schedule Performance,A,project,ADVISORY_ONLY,non-voting,CORRECT_PROXY_ONLY,Period-on-period milestone forecast drift: matches milestones by name across the last two schedule snapshots and reports the mean and the worst movement of their forecast dates,"milestone trend analysis: forecast milestone dates plotted against successive reporting dates, read as a trend against the BASELINE milestone date",DATA,METHOD LINEAGE CAL VALIDATE PARSIMONY,"the baseline date for each milestone, and at least three dated snapshots of the forecast date for the same milestone with a stable milestone identifier rather than a name match","Milestone Forecast History (milestone id, milestone name, baseline date, per snapshot: report date and forecast date, status)",0 supported document type(s) currently reach this module: none,none on the authoritative edge list,,,"Milestone Forecast History (milestone id, milestone name, baseline date, per snapshot: report date and forecast date, status)",,,no,"a four band ladder over the quantity the module reports [UNSUPPORTED]. No calibration set exists in this repository: no labelled corpus of project outcomes and no expert reference standard, so no boundary can be fitted or tested.","NOT_EMPIRICALLY_VALIDATED. No labelled holdout corpus and no expert reference standard exist for this platform, so how often this module's banding is right is unknown.",no lineage declaration is carried; the platform-wide Category-9 qualification gate is unimplemented and production discloses it: signal_package.py records SIGNAL_QUALIFICATION = 'unqualified' and CATEGORY_9_DEVIATION.,"Implement the canonical structure once the evidence exists: the baseline milestone date to measure slip against, and the three or more snapshots a trend claim requires. Two snapshots give one movement, and one movement is a difference rather than a trend. Until then the truthful method label is what the interface, export and methods documentation publish.",Period-on-period milestone forecast drift,no,no,yes: whether the truthful name replaces the registered name on the participant surface is an instrument decision.,"advisory, non-voting, on the signal ledger with its published claim limit",DERIVED_FROM_EXISTING_QUALIFIED_DATA,Milestone Forecast History,PARTIALLY_PRESENT,KEEP_AND_SUPPLY,PKG-HISTORY,P1,Run 28,Run 33,p0-baseline/module_renumbering_map.csv; code_audit/run20_cycle12_100_reaudit.csv; server/app/simulation/method_labels.py; server/app/simulation/parameters.py; server/app/simulation/registry.py; code_audit/signal_flow_authoritative_edges.csv; research/methodology/PCEIF_100_MODULE_SUPERVISORY_METHOD_SPECIFICATION_v1.md,"Snapshots exist and are matched by NAME, which breaks silently on a renamed milestone; a stable id is part of the missing structure, not a refinement of it."
A2.8,Look-Ahead Schedule Health,A2,Schedule Performance,A,project,ADVISORY_ONLY,non-voting,CORRECT_ABSTENTION,As registered; no proxy qualifier and no truthful-method relabel is carried.,look-ahead schedule health: constraint and commitment reliability over a rolling look-ahead window,LINEAGE,CAL VALIDATE,,,"2 supported document type(s) currently reach this module: lookahead_schedule, schedule_update","activitiesConstrained, activitiesPlanned",,,,,,no,"a four band ladder over the quantity the module reports [UNSUPPORTED]. No calibration set exists in this repository: no labelled corpus of project outcomes and no expert reference standard, so no boundary can be fitted or tested.","NOT_EMPIRICALLY_VALIDATED. No labelled holdout corpus and no expert reference standard exist for this platform, so how often this module's banding is right is unknown.",no lineage declaration is carried; the platform-wide Category-9 qualification gate is unimplemented and production discloses it: signal_package.py records SIGNAL_QUALIFICATION = 'unqualified' and CATEGORY_9_DEVIATION.,No re-implementation required. The remaining work is calibration and empirical validation of the band boundaries.,,no,no,no,"advisory, non-voting, on the signal ledger with its published claim limit",,,PRESENT,KEEP_AND_SUPPLY,PKG-CAL-BANDS,P2,Run 33,Run 28,p0-baseline/module_renumbering_map.csv; code_audit/run20_cycle12_100_reaudit.csv; server/app/simulation/method_labels.py; server/app/simulation/parameters.py; server/app/simulation/registry.py; code_audit/signal_flow_authoritative_edges.csv; research/methodology/PCEIF_100_MODULE_SUPERVISORY_METHOD_SPECIFICATION_v1.md,"activitiesPlanned and activitiesConstrained are extracted. registry.py records that no source specifies a constraint-rate threshold, which is a calibration gap, not an evidence gap."
A2.9,Resource Loading Index,A2,Schedule Performance,A,project,ADVISORY_ONLY,non-voting,METHOD_PASS_CALIBRATION_PENDING,As registered; no proxy qualifier and no truthful-method relabel is carried.,resource loading: planned against actual resource units by period against resource availability,LINEAGE,CAL VALIDATE,,,1 supported document type(s) currently reach this module: resource_report,"actualLaborHours, plannedLaborHours",,,,,,no,"a four band ladder over the quantity the module reports [UNSUPPORTED]. No calibration set exists in this repository: no labelled corpus of project outcomes and no expert reference standard, so no boundary can be fitted or tested.","NOT_EMPIRICALLY_VALIDATED. No labelled holdout corpus and no expert reference standard exist for this platform, so how often this module's banding is right is unknown.",no lineage declaration is carried; the platform-wide Category-9 qualification gate is unimplemented and production discloses it: signal_package.py records SIGNAL_QUALIFICATION = 'unqualified' and CATEGORY_9_DEVIATION.,No re-implementation required. The remaining work is calibration and empirical validation of the band boundaries.,,no,no,no,"advisory, non-voting, on the signal ledger with its published claim limit",,,PRESENT,KEEP_AND_SUPPLY,PKG-CAL-BANDS,P2,Run 33,Run 28,p0-baseline/module_renumbering_map.csv; code_audit/run20_cycle12_100_reaudit.csv; server/app/simulation/method_labels.py; server/app/simulation/parameters.py; server/app/simulation/registry.py; code_audit/signal_flow_authoritative_edges.csv; research/methodology/PCEIF_100_MODULE_SUPERVISORY_METHOD_SPECIFICATION_v1.md,planned and actual labour hours are extracted; the band ladder over their ratio is unsourced.
A2.10,Schedule Risk Analysis P80,A2,Schedule Performance,A,project,ADVISORY_ONLY,non-voting,CORRECT_PROXY_ONLY,Deterministic schedule uplift on the remaining duration: divides the remaining baseline duration by the schedule index and multiplies by a fixed uplift derived from the shortfall of that same index,"schedule risk analysis: a sampling run over a schedule network with activity duration distributions, reporting the eightieth percentile of the completion date distribution",DATA,METHOD LINEAGE CAL VALIDATE PARSIMONY,"activity id; activity name; deterministic duration; predecessor and successor relationships with relationship type and lag; calendar id and working-day definition; data date / status date; baseline start and finish per activity; actual start and finish per activity; remaining duration; total float and free float per activity; constraint type and date where one is imposed; WBS parent; plus, for a sampling run: a duration distribution family and its parameters per activity (or three-point optimistic / most likely / pessimistic), the correlation or dependence structure between activity durations, and the risk-event-to-activity mapping with probability and impact",Schedule Network Data with duration distributions,"3 supported document type(s) currently reach this module: contract_value, monthly_report, pay_application","actualPctComplete, baselineEnd, baselineStart",Schedule Network Export plus Activity Duration Distribution Set,,Schedule Network Data with duration distributions,,,no,"an uplift multiplier, a floor under the index shortfall, and a band ladder [UNSUPPORTED]. No calibration set exists in this repository: no labelled corpus of project outcomes and no expert reference standard, so no boundary can be fitted or tested.","NOT_EMPIRICALLY_VALIDATED. No labelled holdout corpus and no expert reference standard exist for this platform, so how often this module's banding is right is unknown.",no lineage declaration is carried; the platform-wide Category-9 qualification gate is unimplemented and production discloses it: signal_package.py records SIGNAL_QUALIFICATION = 'unqualified' and CATEGORY_9_DEVIATION.,"Implement the canonical structure once the evidence exists: a schedule network with activity duration distributions and a sampling run. Nothing is sampled, no distribution is formed, and the reported figure is not a percentile of anything. Until then the truthful method label is what the interface, export and methods documentation publish.",Deterministic schedule uplift on the remaining duration,no,no,yes: whether the truthful name replaces the registered name on the participant surface is an instrument decision.,"advisory, non-voting, on the signal ledger with its published claim limit",NEW_DOCUMENT_TYPE,Schedule Network Export plus Activity Duration Distribution Set,ABSENT,KEEP_AND_SUPPLY,PKG-SCHEDNET,P0,Run 28,Run 33,p0-baseline/module_renumbering_map.csv; code_audit/run20_cycle12_100_reaudit.csv; server/app/simulation/method_labels.py; server/app/simulation/parameters.py; server/app/simulation/registry.py; code_audit/signal_flow_authoritative_edges.csv; research/methodology/PCEIF_100_MODULE_SUPERVISORY_METHOD_SPECIFICATION_v1.md,"Nothing is sampled and the reported figure is not a percentile of anything, so the registered name asserts a quantity that does not exist. P0 because the output is presented as a percentile."
A2.11,Critical Path Index,A2,Schedule Performance,A,project,ADVISORY_ONLY,non-voting,CORRECT_PROXY_ONLY,Mean of the progress ratio and the schedule index: averages the reported-over-planned progress ratio with the schedule performance index,critical path index: the share of simulation runs in which an activity lies on the critical path,DATA,METHOD LINEAGE CAL VALIDATE PARSIMONY,"activity id; activity name; deterministic duration; predecessor and successor relationships with relationship type and lag; calendar id and working-day definition; data date / status date; baseline start and finish per activity; actual start and finish per activity; remaining duration; total float and free float per activity; constraint type and date where one is imposed; WBS parent; plus, for a sampling run: a duration distribution family and its parameters per activity (or three-point optimistic / most likely / pessimistic), the correlation or dependence structure between activity durations, and the risk-event-to-activity mapping with probability and impact",Schedule Network Data with duration distributions,"4 supported document type(s) currently reach this module: monthly_report, pay_application, schedule_update, time_phased_schedule","actualPctComplete, plannedPctComplete",Schedule Network Export plus Activity Duration Distribution Set,,Schedule Network Data with duration distributions,,,no,"a four band ladder over the quantity the module reports [UNSUPPORTED]. No calibration set exists in this repository: no labelled corpus of project outcomes and no expert reference standard, so no boundary can be fitted or tested.","NOT_EMPIRICALLY_VALIDATED. No labelled holdout corpus and no expert reference standard exist for this platform, so how often this module's banding is right is unknown.",no lineage declaration is carried; the platform-wide Category-9 qualification gate is unimplemented and production discloses it: signal_package.py records SIGNAL_QUALIFICATION = 'unqualified' and CATEGORY_9_DEVIATION.,"Implement the canonical structure once the evidence exists: a schedule network from which a critical path can be computed. The critical path index of the literature is the share of simulation runs in which an activity lies on the critical path, and neither a network nor a run exists here. Until then the truthful method label is what the interface, export and methods documentation publish.",Mean of the progress ratio and the schedule index,no,no,yes: whether the truthful name replaces the registered name on the participant surface is an instrument decision.,"advisory, non-voting, on the signal ledger with its published claim limit",NEW_DOCUMENT_TYPE,Schedule Network Export plus Activity Duration Distribution Set,ABSENT,KEEP_AND_SUPPLY,PKG-SCHEDNET,P0,Run 28,Run 33,p0-baseline/module_renumbering_map.csv; code_audit/run20_cycle12_100_reaudit.csv; server/app/simulation/method_labels.py; server/app/simulation/parameters.py; server/app/simulation/registry.py; code_audit/signal_flow_authoritative_edges.csv; research/methodology/PCEIF_100_MODULE_SUPERVISORY_METHOD_SPECIFICATION_v1.md,"Neither a network nor a simulation run exists, so no activity is identified as critical at all. P0 for the same reason as A2.10."
A3.1,Reference Class Forecasting,A3,Cost Risk,A,project,ADVISORY_ONLY,non-voting,CORRECT_ABSTENTION,As registered; no proxy qualifier and no truthful-method relabel is carried.,reference class forecasting: an outside-view forecast from an empirical distribution of outcomes in a comparable class of completed projects,DATA,LINEAGE VALIDATE,"a population of completed projects with, per project: project id; project type / asset class; delivery method; region; currency and price base year; approved baseline cost and baseline duration at the decision point the class is anchored to; realised final cost and realised final duration; scope-change indicator; inclusion and exclusion criteria applied; the normalisation and adaptation variables (size, complexity, escalation base) used to make the class comparable; and the data vintage of each record",Reference-Class Dataset,"5 supported document type(s) currently reach this module: change_order, contract_value, monthly_report, pay_application, schedule_of_values",bac,,,,Reference-Class Dataset,Reference-Class Dataset,no,"no tunable value: the module carries no threshold, weight or boundary of its own. Calibration status: NOT_APPLICABLE.","NOT_EMPIRICALLY_VALIDATED. No labelled holdout corpus and no expert reference standard exist for this platform, so how often this module's banding is right is unknown.",no lineage declaration is carried; the platform-wide Category-9 qualification gate is unimplemented and production discloses it: signal_package.py records SIGNAL_QUALIFICATION = 'unqualified' and CATEGORY_9_DEVIATION.,"The shipped arithmetic performs what its name says; the work is the evidence supply above plus the band calibration, not a re-implementation.",,no,no,no,"advisory, non-voting, on the signal ledger with its published claim limit",HISTORICAL_DATASET,Reference-Class Dataset,ABSENT,KEEP_AND_SUPPLY,PKG-REFCLASS,P1,Run 28,Run 33,p0-baseline/module_renumbering_map.csv; code_audit/run20_cycle12_100_reaudit.csv; server/app/simulation/method_labels.py; server/app/simulation/parameters.py; server/app/simulation/registry.py; code_audit/signal_flow_authoritative_edges.csv; research/methodology/PCEIF_100_MODULE_SUPERVISORY_METHOD_SPECIFICATION_v1.md,"The module abstains today, correctly. similar_project_bac and similar_project_final_cost are extracted from a historical_data document type, which is two fields, not a reference class: no inclusion criteria, no project type, no normalisation, no vintage."
A3.2,Contingency Burn Rate,A3,Cost Risk,A,project,ADVISORY_ONLY,non-voting,CORRECT_ABSTENTION,As registered; no proxy qualifier and no truthful-method relabel is carried.,contingency burn rate: contingency drawdown against risk retirement,DATA,LINEAGE CAL VALIDATE,"the risk register with, per risk: risk id, the contingency allocated to it, its status (open, realised, retired) and the date of the status change; so that drawdown can be read against risk retirement rather than against percent complete","Contingency Drawdown Ledger (risk id, allocation, drawdown transactions with date and amount, risk status history)","2 supported document type(s) currently reach this module: monthly_report, pay_application","actualPctComplete, originalContingency, remainingContingency",Contingency Drawdown Ledger,Contingency Drawdown Ledger,"Contingency Drawdown Ledger (risk id, allocation, drawdown transactions with date and amount, risk status history)",,,no,"a four band ladder over the quantity the module reports [UNSUPPORTED]. No calibration set exists in this repository: no labelled corpus of project outcomes and no expert reference standard, so no boundary can be fitted or tested.","NOT_EMPIRICALLY_VALIDATED. No labelled holdout corpus and no expert reference standard exist for this platform, so how often this module's banding is right is unknown.",no lineage declaration is carried; the platform-wide Category-9 qualification gate is unimplemented and production discloses it: signal_package.py records SIGNAL_QUALIFICATION = 'unqualified' and CATEGORY_9_DEVIATION.,"The shipped arithmetic performs what its name says; the work is the evidence supply above plus the band calibration, not a re-implementation.",,no,no,no,"advisory, non-voting, on the signal ledger with its published claim limit",NEW_STRUCTURED_FORM,Contingency Drawdown Ledger,PARTIALLY_PRESENT,KEEP_AND_SUPPLY,PKG-CONTRACT,P1,Run 28,Run 33,p0-baseline/module_renumbering_map.csv; code_audit/run20_cycle12_100_reaudit.csv; server/app/simulation/method_labels.py; server/app/simulation/parameters.py; server/app/simulation/registry.py; code_audit/signal_flow_authoritative_edges.csv; research/methodology/PCEIF_100_MODULE_SUPERVISORY_METHOD_SPECIFICATION_v1.md,"registry.py records that the proportional-drawdown premise the band rests on is not what the contingency literature describes, so this is a method gap as well as an evidence gap. A risk_register document type is declared but supplies no allocation or drawdown fields."
A3.3,Labor Productivity Index,A3,Cost Risk,A,project,ADVISORY_ONLY,non-voting,CORRECT_PROXY_ONLY,"Published proxy qualifier: a labour-hours ratio, not an earned-output productivity model",labour productivity: earned output per labour hour against a productivity baseline,DATA,METHOD LINEAGE CAL VALIDATE PARSIMONY,"an output measure to earn against: quantity installed per work item with its unit of measure, and the budgeted hours per unit of that quantity. Labour hours alone give a ratio of hours to percent complete, not productivity","Quantity and Unit Rate Table (work item id, unit of measure, budgeted quantity, quantity installed to date, budgeted hours per unit, actual hours charged)","3 supported document type(s) currently reach this module: monthly_report, pay_application, resource_report","actualLaborHours, actualPctComplete, plannedLaborHours",Quantity Installed and Unit Rate Table,Quantity Installed and Unit Rate Table,"Quantity and Unit Rate Table (work item id, unit of measure, budgeted quantity, quantity installed to date, budgeted hours per unit, actual hours charged)",,,no,"a four band ladder over the quantity the module reports [UNSUPPORTED]. No calibration set exists in this repository: no labelled corpus of project outcomes and no expert reference standard, so no boundary can be fitted or tested.","NOT_EMPIRICALLY_VALIDATED. No labelled holdout corpus and no expert reference standard exist for this platform, so how often this module's banding is right is unknown.",no lineage declaration is carried; the platform-wide Category-9 qualification gate is unimplemented and production discloses it: signal_package.py records SIGNAL_QUALIFICATION = 'unqualified' and CATEGORY_9_DEVIATION.,"The shipped arithmetic performs what its name says; the work is the evidence supply above plus the band calibration, not a re-implementation.",Labour hours against reported progress ratio,no,no,yes: whether the truthful name replaces the registered name on the participant surface is an instrument decision.,"advisory, non-voting, on the signal ledger with its published claim limit",NEW_STRUCTURED_FORM,Quantity Installed and Unit Rate Table,ABSENT,KEEP_AS_TRUTHFUL_PROXY,PKG-CONTRACT,P1,Run 28,Run 33,p0-baseline/module_renumbering_map.csv; code_audit/run20_cycle12_100_reaudit.csv; server/app/simulation/method_labels.py; server/app/simulation/parameters.py; server/app/simulation/registry.py; code_audit/signal_flow_authoritative_edges.csv; research/methodology/PCEIF_100_MODULE_SUPERVISORY_METHOD_SPECIFICATION_v1.md,The registered name asserts productivity; the computation reads hours against a self-reported percentage.
A3.5,Overhead Absorption Rate,A3,Cost Risk,A,project,ADVISORY_ONLY,non-voting,CORRECT_PROXY_ONLY,Published proxy qualifier: a transparent ratio; validity depends on whether the indirect plan is total or period-to-date,overhead absorption: indirect cost absorbed against an absorption base,DATA,METHOD CAL VALIDATE,"the definition of the indirect plan figure: whether indirect_cost_plan is a total-at-completion or a period-to-date figure, and the absorption base (direct labour hours, direct cost or machine hours) the rate is struck on","Indirect Cost Basis Declaration (plan basis flag, absorption base, base period, rate)",1 supported document type(s) currently reach this module: cost_report,"indirectCostActual, indirectCostPlan",,,"Indirect Cost Basis Declaration (plan basis flag, absorption base, base period, rate)",,,no,"a four band ladder over the quantity the module reports [UNSUPPORTED]. No calibration set exists in this repository: no labelled corpus of project outcomes and no expert reference standard, so no boundary can be fitted or tested.","NOT_EMPIRICALLY_VALIDATED. No labelled holdout corpus and no expert reference standard exist for this platform, so how often this module's banding is right is unknown.",lineage declared as INDEPENDENT; the platform-wide Category-9 qualification gate is unimplemented and production discloses it: signal_package.py records SIGNAL_QUALIFICATION = 'unqualified' and CATEGORY_9_DEVIATION.,"The shipped arithmetic performs what its name says; the work is the evidence supply above plus the band calibration, not a re-implementation.",,no,no,no,"advisory, non-voting, on the signal ledger with its published claim limit",EXISTING_DOCUMENT_EXTRACTION,Indirect Cost Basis Declaration on the cost report,PRESENT_NOT_EXTRACTED,KEEP_AS_TRUTHFUL_PROXY,PKG-CONTRACT,P1,Run 28,Run 33,p0-baseline/module_renumbering_map.csv; code_audit/run20_cycle12_100_reaudit.csv; server/app/simulation/method_labels.py; server/app/simulation/parameters.py; server/app/simulation/registry.py; code_audit/signal_flow_authoritative_edges.csv; research/methodology/PCEIF_100_MODULE_SUPERVISORY_METHOD_SPECIFICATION_v1.md,"The two figures are already extracted. Their MEANING is not carried, and registry.py records that the ratio's validity depends entirely on which of the two the plan figure is. One boolean field settles it."
A3.6,Cost Risk Analysis P80,A3,Cost Risk,A,project,ADVISORY_ONLY,non-voting,CORRECT_PROXY_ONLY,"Deterministic cost uplift on the index-based forecast: scales the budget-over-index completion forecast by a fixed uplift derived from the shortfall of that same index, and bands the result as a share of budget","cost risk analysis: a sampling run over a risk register with cost impact distributions, reporting the eightieth percentile of the cost outcome distribution",DATA,METHOD LINEAGE CAL VALIDATE PARSIMONY,per risk: risk id; probability of occurrence; cost impact distribution family and parameters (or three-point low / likely / high); the correlation between risks; whether the risk is already realised; and the mapping of each risk to the cost account it hits,Quantified Risk Register,"5 supported document type(s) currently reach this module: change_order, contract_value, monthly_report, pay_application, schedule_of_values","ac, bac, ev",Quantified Risk Register,Quantified Risk Register,Quantified Risk Register,,,no,"an uplift multiplier, a floor under the index shortfall, and a band ladder [UNSUPPORTED]. No calibration set exists in this repository: no labelled corpus of project outcomes and no expert reference standard, so no boundary can be fitted or tested.","NOT_EMPIRICALLY_VALIDATED. No labelled holdout corpus and no expert reference standard exist for this platform, so how often this module's banding is right is unknown.",lineage declared as SAME_SOURCE_TRANSFORM; the platform-wide Category-9 qualification gate is unimplemented and production discloses it: signal_package.py records SIGNAL_QUALIFICATION = 'unqualified' and CATEGORY_9_DEVIATION.,"Implement the canonical structure once the evidence exists: a risk register with cost impact distributions and a sampling run. Nothing is sampled and the reported figure is not a percentile. Until then the truthful method label is what the interface, export and methods documentation publish.",Deterministic cost uplift on the index-based forecast,no,no,yes: whether the truthful name replaces the registered name on the participant surface is an instrument decision.,"advisory, non-voting, on the signal ledger with its published claim limit",NEW_STRUCTURED_FORM,Quantified Risk Register,ABSENT,KEEP_AND_SUPPLY,PKG-RISKQUANT,P0,Run 28,Run 33,p0-baseline/module_renumbering_map.csv; code_audit/run20_cycle12_100_reaudit.csv; server/app/simulation/method_labels.py; server/app/simulation/parameters.py; server/app/simulation/registry.py; code_audit/signal_flow_authoritative_edges.csv; research/methodology/PCEIF_100_MODULE_SUPERVISORY_METHOD_SPECIFICATION_v1.md,"A risk_register document type is declared but emits no probability and no impact distribution, so a list of risks is not a quantified register. P0 because a percentile is reported where nothing is sampled."
A3.7,Analogous Estimating Ratio,A3,Cost Risk,A,project,ADVISORY_ONLY,non-voting,CORRECT_PROXY_ONLY,"Published proxy qualifier: an analogous-cost ratio; project selection, normalisation and adaptation ungoverned",analogous estimating: a governed selection of analogous completed projects with a documented normalisation and adaptation to the subject project,DATA,METHOD LINEAGE CAL VALIDATE,"the analogue selection rule; per analogue: project id, scope description, final cost, completion year, size and complexity descriptors, region and price base; and the normalisation and adaptation factors applied with their justification",Analogue Project Set (a governed subset of the Reference-Class Dataset),"6 supported document type(s) currently reach this module: change_order, contract_value, historical_data, monthly_report, pay_application, schedule_of_values","analogousOverrunPct, bac",,,,Reference-Class Dataset,Reference-Class Dataset,no,"a four band ladder over the quantity the module reports [UNSUPPORTED]. No calibration set exists in this repository: no labelled corpus of project outcomes and no expert reference standard, so no boundary can be fitted or tested.","NOT_EMPIRICALLY_VALIDATED. No labelled holdout corpus and no expert reference standard exist for this platform, so how often this module's banding is right is unknown.",no lineage declaration is carried; the platform-wide Category-9 qualification gate is unimplemented and production discloses it: signal_package.py records SIGNAL_QUALIFICATION = 'unqualified' and CATEGORY_9_DEVIATION.,"The shipped arithmetic performs what its name says; the work is the evidence supply above plus the band calibration, not a re-implementation.",,no,no,no,"advisory, non-voting, on the signal ledger with its published claim limit",HISTORICAL_DATASET,Reference-Class Dataset,PARTIALLY_PRESENT,KEEP_AND_SUPPLY,PKG-REFCLASS,P1,Run 28,Run 33,p0-baseline/module_renumbering_map.csv; code_audit/run20_cycle12_100_reaudit.csv; server/app/simulation/method_labels.py; server/app/simulation/parameters.py; server/app/simulation/registry.py; code_audit/signal_flow_authoritative_edges.csv; research/methodology/PCEIF_100_MODULE_SUPERVISORY_METHOD_SPECIFICATION_v1.md,"analogous_overrun_pct is extracted as a single number with no record of which project it came from or how it was adapted, which is the whole of the method."
A3.8,Parametric Cost Index,A3,Cost Risk,A,project,DISABLED_UNSAFE,non-voting,FUTURE_RESEARCH_ONLY,Disabled: no parametric estimating relationship is implemented: nothing. The module is disabled and its formula function is never called,"parametric cost estimating: an estimating relationship fitted to measurable cost drivers, with calibrated coefficients and their standard errors",DATA,METHOD LINEAGE CAL RESEARCH PARSIMONY,"measurable cost drivers for the asset class (quantities, capacities, areas, complexity descriptors); a population of completed projects carrying those drivers and their realised costs; the fitted relationship with its functional form; the estimated coefficients with standard errors; and the fit and validation statistics","Parametric Estimating Relationship (driver set, project population, functional form, coefficients, standard errors, fit statistics, applicability range)","5 supported document type(s) currently reach this module: change_order, contract_value, monthly_report, pay_application, schedule_of_values","ac, actualPctComplete, bac, ev",,,,Reference-Class Dataset extended with cost drivers,Reference-Class Dataset extended with cost drivers,no,"a four band ladder over the quantity the module reports [UNSUPPORTED]. No calibration set exists in this repository: no labelled corpus of project outcomes and no expert reference standard, so no boundary can be fitted or tested.","NOT_EMPIRICALLY_VALIDATED. No labelled holdout corpus and no expert reference standard exist for this platform, so how often this module's banding is right is unknown.",no lineage declaration is carried; the platform-wide Category-9 qualification gate is unimplemented and production discloses it: signal_package.py records SIGNAL_QUALIFICATION = 'unqualified' and CATEGORY_9_DEVIATION.,"Build from nothing: the formula function is never called and the module is DISABLED_UNSAFE. A real implementation is a new build, not a rename. NOT AUTHORISED IN RUN 27 and no activation is proposed.",Disabled: no parametric estimating relationship is implemented,no,yes,yes: whether the truthful name replaces the registered name on the participant surface is an instrument decision.,remains disabled; no activation is proposed by this run,HISTORICAL_DATASET,Reference-Class Dataset extended with cost drivers,ABSENT,KEEP_RESEARCH_ONLY,PKG-REFCLASS,P3,Run 28,Run 33,p0-baseline/module_renumbering_map.csv; code_audit/run20_cycle12_100_reaudit.csv; server/app/simulation/method_labels.py; server/app/simulation/parameters.py; server/app/simulation/registry.py; code_audit/signal_flow_authoritative_edges.csv; research/methodology/PCEIF_100_MODULE_SUPERVISORY_METHOD_SPECIFICATION_v1.md,"DISABLED_UNSAFE today and its formula function is never called. A parametric estimate IS the relationship; without it there is no method to name. It shares the Reference-Class Dataset with A3.1 and A3.7, so the package that unblocks those is the one that would unblock this."
A3.9,Inflation Adjustment Index,A3,Cost Risk,A,project,ADVISORY_ONLY,non-voting,CORRECT_PROXY_ONLY,Material cost ratio without an external price index: compares reported material cost against its reported baseline and bands the ratio,inflation adjustment against a published price index,DATA,METHOD REG CAL VALIDATE PARSIMONY,a governed external price index: publisher; index name and series id; geography; commodity or trade coverage; base period; the index value at the baseline date and at the current date; and the vintage or revision of the series used,External Price Index Record,1 supported document type(s) currently reach this module: cost_report,"materialCostBaseline, materialCostCurrent",,,,,Price Index Reference (for example a published construction cost or producer price series),yes: Price Index Reference (for example a published construction cost or producer price series),"a four band ladder over the quantity the module reports [UNSUPPORTED]. No calibration set exists in this repository: no labelled corpus of project outcomes and no expert reference standard, so no boundary can be fitted or tested.","NOT_EMPIRICALLY_VALIDATED. No labelled holdout corpus and no expert reference standard exist for this platform, so how often this module's banding is right is unknown.",lineage declared as INDEPENDENT; the platform-wide Category-9 qualification gate is unimplemented and production discloses it: signal_package.py records SIGNAL_QUALIFICATION = 'unqualified' and CATEGORY_9_DEVIATION.,"Implement the canonical structure once the evidence exists: a governed external price index with a named publisher, a geography, a base period and a vintage. An inflation adjustment is made against a published index, and no index is read here. Until then the truthful method label is what the interface, export and methods documentation publish.",Material cost ratio without an external price index,no,no,yes: whether the truthful name replaces the registered name on the participant surface is an instrument decision.,"advisory, non-voting, on the signal ledger with its published claim limit",EXTERNAL_OFFICIAL_DATA,Price Index Reference (for example a published construction cost or producer price series),ABSENT,KEEP_AND_SUPPLY,PKG-EXTERNAL,P1,Run 28,Run 33,p0-baseline/module_renumbering_map.csv; code_audit/run20_cycle12_100_reaudit.csv; server/app/simulation/method_labels.py; server/app/simulation/parameters.py; server/app/simulation/registry.py; code_audit/signal_flow_authoritative_edges.csv; research/methodology/PCEIF_100_MODULE_SUPERVISORY_METHOD_SPECIFICATION_v1.md,The module compares a project's own reported material cost against its own baseline and calls the ratio an inflation adjustment. No index is read.
A4.1,Document Risk Score,A4,Document-Derived Condition Signals,A,project,ADVISORY_ONLY,non-voting,EMPIRICAL_VALIDATION_BLOCKED,As registered; no proxy qualifier and no truthful-method relabel is carried.,a document risk score with measured precision and recall against a reference standard,DATA,LINEAGE,"a labelled reference corpus: a labelled reference corpus: document id; document type; the ground-truth condition assigned by a qualified reviewer; the reviewer id; the adjudication rule for disagreements; and a frozen train / calibration / holdout split; plus the score's own construction: which document features enter it, with what weights and from what source",Labelled Document Corpus plus Score Construction Record,"7 supported document type(s) currently reach this module: commissioning_report, correspondence_notice, field_report, inspection_report, oac_minutes, risk_register, submittal_register",docRiskScore,Labelled Document Corpus,,Labelled Document Corpus plus Score Construction Record,,,no,"no tunable value: the module carries no threshold, weight or boundary of its own. Calibration status: NOT_APPLICABLE.","BLOCKED_NO_REFERENCE_CORPUS. No labelled reference corpus of documents exists in this repository, so the precision and recall of this score are unmeasured and no accuracy claim about it is supportable on any surface.",no lineage declaration is carried; the platform-wide Category-9 qualification gate is unimplemented and production discloses it: signal_package.py records SIGNAL_QUALIFICATION = 'unqualified' and CATEGORY_9_DEVIATION.,"The shipped arithmetic performs what its name says; the work is the evidence supply above plus the band calibration, not a re-implementation.",,no,no,yes: applicability to this platform's projects is a scoping decision.,"advisory, non-voting, on the signal ledger with its published claim limit",NEW_PROJECT_DATA_OBJECT,Labelled Document Corpus,ABSENT,KEEP_CONDITIONAL,PKG-DOCLABEL,P0,Run 29,Run 33,p0-baseline/module_renumbering_map.csv; code_audit/run20_cycle12_100_reaudit.csv; server/app/simulation/method_labels.py; server/app/simulation/parameters.py; server/app/simulation/registry.py; code_audit/signal_flow_authoritative_edges.csv; research/methodology/PCEIF_100_MODULE_SUPERVISORY_METHOD_SPECIFICATION_v1.md,"Supplied by the extraction model rather than computed by the analytical server, and it is the single most widely consumed input in the system: it reaches at least twenty-eight registered modules on the authoritative edge list. An unvalidated score with that fan-out is a P0."
A4.2,RFI Velocity,A4,Document-Derived Condition Signals,A,project,ADVISORY_ONLY,non-voting,METHOD_PASS_CALIBRATION_PENDING,As registered; no proxy qualifier and no truthful-method relabel is carried.,"requests for information per unit of exposure time, with an overdue share",LINEAGE,CAL VALIDATE,,,1 supported document type(s) currently reach this module: rfi_log,"rfiCount, rfiPeriodDays",,,,,,no,"a per week request rate, an overdue share ladder and two count caps [UNSUPPORTED]. No calibration set exists in this repository: no labelled corpus of project outcomes and no expert reference standard, so no boundary can be fitted or tested.","NOT_EMPIRICALLY_VALIDATED. No labelled holdout corpus and no expert reference standard exist for this platform, so how often this module's banding is right is unknown.",no lineage declaration is carried; the platform-wide Category-9 qualification gate is unimplemented and production discloses it: signal_package.py records SIGNAL_QUALIFICATION = 'unqualified' and CATEGORY_9_DEVIATION.,No re-implementation required. The remaining work is calibration and empirical validation of the band boundaries.,,no,no,no,"advisory, non-voting, on the signal ledger with its published claim limit",,,PRESENT,KEEP_AND_SUPPLY,PKG-CAL-BANDS,P2,Run 33,Run 29,p0-baseline/module_renumbering_map.csv; code_audit/run20_cycle12_100_reaudit.csv; server/app/simulation/method_labels.py; server/app/simulation/parameters.py; server/app/simulation/registry.py; code_audit/signal_flow_authoritative_edges.csv; research/methodology/PCEIF_100_MODULE_SUPERVISORY_METHOD_SPECIFICATION_v1.md,"rfiCount and rfiPeriodDays are both extracted, so the rate is a real rate. registry.py records that no source specifies a per-week rate or overdue-share threshold."
A4.3,Submittal Rejection Rate,A4,Document-Derived Condition Signals,A,project,ADVISORY_ONLY,non-voting,METHOD_PASS_CALIBRATION_PENDING,As registered; no proxy qualifier and no truthful-method relabel is carried.,submittal rejection share against total submittals reviewed,LINEAGE,CAL VALIDATE,,,"2 supported document type(s) currently reach this module: rfa_log, submittal_register","submittalsRejected, submittalsTotal",,,,,,no,"a four band ladder over the quantity the module reports [UNSUPPORTED]. No calibration set exists in this repository: no labelled corpus of project outcomes and no expert reference standard, so no boundary can be fitted or tested.","NOT_EMPIRICALLY_VALIDATED. No labelled holdout corpus and no expert reference standard exist for this platform, so how often this module's banding is right is unknown.",no lineage declaration is carried; the platform-wide Category-9 qualification gate is unimplemented and production discloses it: signal_package.py records SIGNAL_QUALIFICATION = 'unqualified' and CATEGORY_9_DEVIATION.,No re-implementation required. The remaining work is calibration and empirical validation of the band boundaries.,,no,no,no,"advisory, non-voting, on the signal ledger with its published claim limit",,,PRESENT,KEEP_AND_SUPPLY,PKG-CAL-BANDS,P2,Run 33,Run 29,p0-baseline/module_renumbering_map.csv; code_audit/run20_cycle12_100_reaudit.csv; server/app/simulation/method_labels.py; server/app/simulation/parameters.py; server/app/simulation/registry.py; code_audit/signal_flow_authoritative_edges.csv; research/methodology/PCEIF_100_MODULE_SUPERVISORY_METHOD_SPECIFICATION_v1.md,Both numerator and denominator are extracted; only the threshold is unsourced.
A4.4,NCR Rate,A4,Document-Derived Condition Signals,A,project,ADVISORY_ONLY,non-voting,CORRECT_ABSTENTION,As registered; no proxy qualifier and no truthful-method relabel is carried.,nonconformance rate: nonconformances per unit of exposure,DATA,METHOD LINEAGE CAL VALIDATE,"an exposure denominator: inspections performed, work quantity placed, or labour hours in the period, so that a count becomes a rate. Only counts (ncr_issued, ncr_open, ncr_closed) are extracted","Document Event Denominator (period id, event type, count, exposure unit, exposure quantity)",1 supported document type(s) currently reach this module: ncr_log,"ncrClosed, ncrIssued, ncrOpen",,,"Document Event Denominator (period id, event type, count, exposure unit, exposure quantity)",,,no,"a four band ladder over the quantity the module reports [UNSUPPORTED]. No calibration set exists in this repository: no labelled corpus of project outcomes and no expert reference standard, so no boundary can be fitted or tested.","NOT_EMPIRICALLY_VALIDATED. No labelled holdout corpus and no expert reference standard exist for this platform, so how often this module's banding is right is unknown.",Category-9 qualification FAIL recorded by the re-audit; no lineage declaration is carried; the platform-wide Category-9 qualification gate is unimplemented and production discloses it: signal_package.py records SIGNAL_QUALIFICATION = 'unqualified' and CATEGORY_9_DEVIATION.,"The shipped arithmetic performs what its name says; the work is the evidence supply above plus the band calibration, not a re-implementation.",,no,no,no,"advisory, non-voting, on the signal ledger with its published claim limit",EXISTING_DOCUMENT_EXTRACTION,Document Event Denominator Set,PARTIALLY_PRESENT,KEEP_AND_SUPPLY,PKG-DENOM,P1,Run 29,Run 33,p0-baseline/module_renumbering_map.csv; code_audit/run20_cycle12_100_reaudit.csv; server/app/simulation/method_labels.py; server/app/simulation/parameters.py; server/app/simulation/registry.py; code_audit/signal_flow_authoritative_edges.csv; research/methodology/PCEIF_100_MODULE_SUPERVISORY_METHOD_SPECIFICATION_v1.md,items_inspected is already an extracted field on the inspection report and is a candidate denominator; nothing currently connects it to the nonconformance counts.
A4.5,Weather Day Impact,A4,Document-Derived Condition Signals,A,project,ADVISORY_ONLY,non-voting,CORRECT_PROXY_ONLY,"Published proxy qualifier: a lost-days over available-float ratio with ungoverned bands, computed only from verified lost days and a reported float figure",weather impact: lost days against the float available to absorb them,METHOD,LINEAGE CAL VALIDATE PARSIMONY,,,1 supported document type(s) currently reach this module: field_report,weatherDaysLost,,,,,,no,"a lost days over available float ladder [UNSUPPORTED]. No calibration set exists in this repository: no labelled corpus of project outcomes and no expert reference standard, so no boundary can be fitted or tested.","NOT_EMPIRICALLY_VALIDATED. No labelled holdout corpus and no expert reference standard exist for this platform, so how often this module's banding is right is unknown.",no lineage declaration is carried; the platform-wide Category-9 qualification gate is unimplemented and production discloses it: signal_package.py records SIGNAL_QUALIFICATION = 'unqualified' and CATEGORY_9_DEVIATION.,No re-implementation required. The remaining work is calibration and empirical validation of the band boundaries.,Lost days against available float,no,no,yes: whether the truthful name replaces the registered name on the participant surface is an instrument decision.,"advisory, non-voting, on the signal ledger with its published claim limit",,,PRESENT,KEEP_AS_TRUTHFUL_PROXY,PKG-CAL-BANDS,P2,Run 33,Run 29,p0-baseline/module_renumbering_map.csv; code_audit/run20_cycle12_100_reaudit.csv; server/app/simulation/method_labels.py; server/app/simulation/parameters.py; server/app/simulation/registry.py; code_audit/signal_flow_authoritative_edges.csv; research/methodology/PCEIF_100_MODULE_SUPERVISORY_METHOD_SPECIFICATION_v1.md,Requires verified lost days and a positive float figure and refuses without either. The band ladder is ungoverned.
A4.6,Change Order Frequency,A4,Document-Derived Condition Signals,A,project,ADVISORY_ONLY,non-voting,CORRECT_PROXY_ONLY,Change order count with contract growth: bands a raw count of change orders jointly with the percentage growth from the baseline to the revised contract sum,change order frequency: change orders per unit of exposure time or exposure value,DATA,METHOD LINEAGE CAL VALIDATE PARSIMONY,"an exposure window: the period over which the counted change orders arose, or the contract value at risk they are counted against. A count with no denominator is not a frequency","Document Event Denominator (period start, period end, count in window, contract value exposed)","2 supported document type(s) currently reach this module: change_order, contract_value","baselineContractSum, changeOrderCount",,,"Document Event Denominator (period start, period end, count in window, contract value exposed)",,,no,"a joint ladder over a raw count and a contract growth percentage [UNSUPPORTED]. No calibration set exists in this repository: no labelled corpus of project outcomes and no expert reference standard, so no boundary can be fitted or tested.","NOT_EMPIRICALLY_VALIDATED. No labelled holdout corpus and no expert reference standard exist for this platform, so how often this module's banding is right is unknown.",lineage declared as SAME_SOURCE_TRANSFORM; the platform-wide Category-9 qualification gate is unimplemented and production discloses it: signal_package.py records SIGNAL_QUALIFICATION = 'unqualified' and CATEGORY_9_DEVIATION.,"Implement the canonical structure once the evidence exists: an exposure window. A frequency is a count over a period or over an exposure unit, and no denominator of either kind is carried, so the count is a count. Until then the truthful method label is what the interface, export and methods documentation publish.",Change order count with contract growth,no,no,yes: whether the truthful name replaces the registered name on the participant surface is an instrument decision.,"advisory, non-voting, on the signal ledger with its published claim limit",EXISTING_DOCUMENT_EXTRACTION,Document Event Denominator Set,PRESENT_NOT_EXTRACTED,KEEP_AND_SUPPLY,PKG-DENOM,P1,Run 29,Run 33,p0-baseline/module_renumbering_map.csv; code_audit/run20_cycle12_100_reaudit.csv; server/app/simulation/method_labels.py; server/app/simulation/parameters.py; server/app/simulation/registry.py; code_audit/signal_flow_authoritative_edges.csv; research/methodology/PCEIF_100_MODULE_SUPERVISORY_METHOD_SPECIFICATION_v1.md,"report_period and work_period_from / work_period_to are already extracted fields on other document types, so the window exists in the corpus and is simply not joined to the count."
A4.7,Dispute Escalation Index,A4,Document-Derived Condition Signals,A,project,ADVISORY_ONLY,non-voting,CORRECT_PROXY_ONLY,"Weighted project stress composite: forms a fixed weighted sum of a capped request count, a capped change order count and the document risk score, and requires all three",dispute escalation: the state of claims and disputes on a governed escalation ladder,DATA,METHOD LINEAGE CAL VALIDATE PARSIMONY,"per claim or notice: identifier; date raised; the contractual clause invoked; the amount claimed; the current rung of the escalation ladder (notice, claim, negotiation, mediation, arbitration, litigation); the date of the last state change; and the outcome where resolved",Claim and Dispute Register,"9 supported document type(s) currently reach this module: change_order, commissioning_report, correspondence_notice, field_report, inspection_report, oac_minutes, rfi_log, risk_register, submittal_register","changeOrderCount, docRiskScore, rfiCount",Claim and Notice Register,,Claim and Dispute Register,,,no,"three weights on a capped request count, a capped change order count and the document risk score, plus two caps and a band ladder [UNSUPPORTED]. No calibration set exists in this repository: no labelled corpus of project outcomes and no expert reference standard, so no boundary can be fitted or tested.","NOT_EMPIRICALLY_VALIDATED. No labelled holdout corpus and no expert reference standard exist for this platform, so how often this module's banding is right is unknown.",no lineage declaration is carried; the platform-wide Category-9 qualification gate is unimplemented and production discloses it: signal_package.py records SIGNAL_QUALIFICATION = 'unqualified' and CATEGORY_9_DEVIATION.,"Implement the canonical structure once the evidence exists: claim and dispute state evidence on a governed escalation ladder. No notice, claim, mediation or arbitration state is read, and no dispute is inferred. Until then the truthful method label is what the interface, export and methods documentation publish.",Weighted project stress composite,no,no,yes: whether the truthful name replaces the registered name on the participant surface is an instrument decision.,"advisory, non-voting, on the signal ledger with its published claim limit",NEW_DOCUMENT_TYPE,Claim and Notice Register,ABSENT,KEEP_AS_TRUTHFUL_PROXY,PKG-DOCEVENT,P1,Run 29,Run 33,p0-baseline/module_renumbering_map.csv; code_audit/run20_cycle12_100_reaudit.csv; server/app/simulation/method_labels.py; server/app/simulation/parameters.py; server/app/simulation/registry.py; code_audit/signal_flow_authoritative_edges.csv; research/methodology/PCEIF_100_MODULE_SUPERVISORY_METHOD_SPECIFICATION_v1.md,"A correspondence_notice document type is declared, which is the natural carrier, but no claim-state field is emitted. Also carries a LINEAGE defect: the composite sums a request count, a change order count and the document risk score, and the document risk score is itself partly built from document events."
A4.8,Subcontractor Performance,A4,Document-Derived Condition Signals,A,project,ADVISORY_ONLY,non-voting,CORRECT_PROXY_ONLY,Published proxy qualifier: a precomputed compliance score; provenance and construction unvalidated,subcontractor performance assessment against declared criteria,DATA,METHOD LINEAGE CAL VALIDATE,"the construction of the compliance score: which criteria it aggregates, with what weights, assessed by whom, on what date, and against which subcontract scope. The platform reads a precomputed number with no construction record","Subcontractor Assessment Record (subcontract id, criterion, score, weight, assessor, assessment date, period covered)",1 supported document type(s) currently reach this module: subcontractor_report,subcontractorComplianceScore,,,"Subcontractor Assessment Record (subcontract id, criterion, score, weight, assessor, assessment date, period covered)",,,no,"a weight on a precomputed score, with a band ladder [UNSUPPORTED]. No calibration set exists in this repository: no labelled corpus of project outcomes and no expert reference standard, so no boundary can be fitted or tested.","NOT_EMPIRICALLY_VALIDATED. No labelled holdout corpus and no expert reference standard exist for this platform, so how often this module's banding is right is unknown.",no lineage declaration is carried; the platform-wide Category-9 qualification gate is unimplemented and production discloses it: signal_package.py records SIGNAL_QUALIFICATION = 'unqualified' and CATEGORY_9_DEVIATION.,"The shipped arithmetic performs what its name says; the work is the evidence supply above plus the band calibration, not a re-implementation.",,no,no,no,"advisory, non-voting, on the signal ledger with its published claim limit",EXISTING_DOCUMENT_EXTRACTION,Subcontractor Assessment Record,PARTIALLY_PRESENT,KEEP_AND_SUPPLY,PKG-DOCEVENT,P1,Run 29,Run 33,p0-baseline/module_renumbering_map.csv; code_audit/run20_cycle12_100_reaudit.csv; server/app/simulation/method_labels.py; server/app/simulation/parameters.py; server/app/simulation/registry.py; code_audit/signal_flow_authoritative_edges.csv; research/methodology/PCEIF_100_MODULE_SUPERVISORY_METHOD_SPECIFICATION_v1.md,The subcontractor_report document type exists and supplies the aggregate; the components it aggregates are what is missing.
A4.9,Procurement Lead Time Monitor,A4,Document-Derived Condition Signals,A,project,ADVISORY_ONLY,non-voting,METHOD_PASS_CALIBRATION_PENDING,As registered; no proxy qualifier and no truthful-method relabel is carried.,procurement lead time monitoring: required-on-site dates against forecast delivery dates for long-lead items,LINEAGE,CAL VALIDATE,,,1 supported document type(s) currently reach this module: procurement_log,"longLeadAtRisk, longLeadDelayed, longLeadItemsTotal",,,,,,no,"a four band ladder over the quantity the module reports [UNSUPPORTED]. No calibration set exists in this repository: no labelled corpus of project outcomes and no expert reference standard, so no boundary can be fitted or tested.","NOT_EMPIRICALLY_VALIDATED. No labelled holdout corpus and no expert reference standard exist for this platform, so how often this module's banding is right is unknown.",no lineage declaration is carried; the platform-wide Category-9 qualification gate is unimplemented and production discloses it: signal_package.py records SIGNAL_QUALIFICATION = 'unqualified' and CATEGORY_9_DEVIATION.,No re-implementation required. The remaining work is calibration and empirical validation of the band boundaries.,,no,no,no,"advisory, non-voting, on the signal ledger with its published claim limit",,,PRESENT,KEEP_AND_SUPPLY,PKG-CAL-BANDS,P2,Run 33,Run 29,p0-baseline/module_renumbering_map.csv; code_audit/run20_cycle12_100_reaudit.csv; server/app/simulation/method_labels.py; server/app/simulation/parameters.py; server/app/simulation/registry.py; code_audit/signal_flow_authoritative_edges.csv; research/methodology/PCEIF_100_MODULE_SUPERVISORY_METHOD_SPECIFICATION_v1.md,"long_lead_items_total, at_risk and delayed are extracted from the procurement log. Dates per item would strengthen it, but the module as named runs on what it has; the bands are unsourced."
A4.10,Specification Conflict Density,A4,Document-Derived Condition Signals,A,project,ADVISORY_ONLY,non-voting,CORRECT_PROXY_ONLY,Document risk weighted by request volume: multiplies the document risk score by the square root of the count of requests for information and caps the result at one,specification conflict density: identified conflicts between specification sections per unit of specification exposure,DATA,METHOD LINEAGE CAL VALIDATE PARSIMONY,"identified conflicts: conflict id; the two specification references in conflict, each with document id, section and page or clause; who identified it and when; and the exposure unit (specification sections issued, or drawings issued) the density is measured over",Specification Conflict Register with evidence locations,"8 supported document type(s) currently reach this module: commissioning_report, correspondence_notice, field_report, inspection_report, oac_minutes, rfi_log, risk_register, submittal_register","docRiskScore, rfiCount",Specification Conflict Register,Specification Conflict Register,Specification Conflict Register with evidence locations,,,no,"a four band ladder over the quantity the module reports [UNSUPPORTED]. No calibration set exists in this repository: no labelled corpus of project outcomes and no expert reference standard, so no boundary can be fitted or tested.","NOT_EMPIRICALLY_VALIDATED. No labelled holdout corpus and no expert reference standard exist for this platform, so how often this module's banding is right is unknown.",no lineage declaration is carried; the platform-wide Category-9 qualification gate is unimplemented and production discloses it: signal_package.py records SIGNAL_QUALIFICATION = 'unqualified' and CATEGORY_9_DEVIATION.,"Implement the canonical structure once the evidence exists: identified specification conflicts and a governed exposure unit to measure them over. No conflict is located in any document and no evidence location is retained, so nothing is counted as a conflict. Until then the truthful method label is what the interface, export and methods documentation publish.",Document risk weighted by request volume,yes,no,yes: consolidation or removal is a RECOMMENDATION only. Run 27 removes nothing and consolidates nothing.,"advisory, non-voting, on the signal ledger with its published claim limit",NEW_STRUCTURED_FORM,Specification Conflict Register,ABSENT,CONSOLIDATE_CANDIDATE,PKG-DOCEVENT,P1,Run 29,Run 33,p0-baseline/module_renumbering_map.csv; code_audit/run20_cycle12_100_reaudit.csv; server/app/simulation/method_labels.py; server/app/simulation/parameters.py; server/app/simulation/registry.py; code_audit/signal_flow_authoritative_edges.csv; research/methodology/PCEIF_100_MODULE_SUPERVISORY_METHOD_SPECIFICATION_v1.md,"No conflict is located in any document, so nothing is counted as a conflict. The computation is a strict function of the document risk score and the request count, both of which are already registered inputs elsewhere, so it adds no evidence of its own."
A5.1,DSM Rework Propagation,A5,System Dynamics & Complexity,A,project,ADVISORY_ONLY,non-voting,CORRECT_ABSTENTION,As registered; no proxy qualifier and no truthful-method relabel is carried.,design structure matrix rework propagation: rework probability and impact propagated over a dependency matrix,DATA,LINEAGE VALIDATE,"an explicit element set (components, work packages or design tasks) with stable ids; a directed dependency matrix over those elements; a rework probability and a rework impact per dependency edge; a work-transformation or learning coefficient per element; and the iteration or period step over which propagation is evaluated",DSM Dependency Matrix,0 supported document type(s) currently reach this module: none,none on the authoritative edge list,DSM Dependency Matrix,DSM Dependency Matrix,DSM Dependency Matrix,,,no,"no tunable value: the module carries no threshold, weight or boundary of its own. Calibration status: NOT_APPLICABLE.","NOT_EMPIRICALLY_VALIDATED. No labelled holdout corpus and no expert reference standard exist for this platform, so how often this module's banding is right is unknown.",no lineage declaration is carried; the platform-wide Category-9 qualification gate is unimplemented and production discloses it: signal_package.py records SIGNAL_QUALIFICATION = 'unqualified' and CATEGORY_9_DEVIATION.,"The shipped arithmetic performs what its name says; the work is the evidence supply above plus the band calibration, not a re-implementation.",,no,no,no,"advisory, non-voting, on the signal ledger with its published claim limit",NEW_STRUCTURED_FORM,DSM Dependency Matrix,ABSENT,KEEP_AND_SUPPLY,PKG-DSM,P1,Run 29,Run 33,p0-baseline/module_renumbering_map.csv; code_audit/run20_cycle12_100_reaudit.csv; server/app/simulation/method_labels.py; server/app/simulation/parameters.py; server/app/simulation/registry.py; code_audit/signal_flow_authoritative_edges.csv; research/methodology/PCEIF_100_MODULE_SUPERVISORY_METHOD_SPECIFICATION_v1.md,"A list of risks is not a dependency matrix. The module abstains today, correctly."
A5.2,Sensitivity Analysis,A5,System Dynamics & Complexity,A,project,ADVISORY_ONLY,non-voting,CORRECT_PROXY_ONLY,"Published proxy qualifier: local CPI perturbation plus deviations, not calibrated multivariate sensitivity",sensitivity analysis: a response re-evaluated as each input is moved across a declared range,DATA,METHOD LINEAGE CAL VALIDATE PARSIMONY,"declared input ranges: for each input, the low and high value with the basis for each, and the response function the ranges are propagated through","Input Range Declaration (input id, low, high, basis, distribution if used)","7 supported document type(s) currently reach this module: change_order, contract_value, monthly_report, pay_application, schedule_of_values, schedule_update, time_phased_schedule","ac, bac, ev, pv",Scenario Assumption Set,Scenario Assumption Set,"Input Range Declaration (input id, low, high, basis, distribution if used)",,,no,"a four band ladder over the quantity the module reports [UNSUPPORTED]. No calibration set exists in this repository: no labelled corpus of project outcomes and no expert reference standard, so no boundary can be fitted or tested.","NOT_EMPIRICALLY_VALIDATED. No labelled holdout corpus and no expert reference standard exist for this platform, so how often this module's banding is right is unknown.",lineage declared as SAME_SOURCE_TRANSFORM; the platform-wide Category-9 qualification gate is unimplemented and production discloses it: signal_package.py records SIGNAL_QUALIFICATION = 'unqualified' and CATEGORY_9_DEVIATION.,"The shipped arithmetic performs what its name says; the work is the evidence supply above plus the band calibration, not a re-implementation.",Local cost index perturbation with present-state deviations,no,no,yes: whether the truthful name replaces the registered name on the participant surface is an instrument decision.,"advisory, non-voting, on the signal ledger with its published claim limit",NEW_STRUCTURED_FORM,Scenario Assumption Set,ABSENT,KEEP_AS_TRUTHFUL_PROXY,PKG-SCENARIO,P1,Run 29,Run 33,p0-baseline/module_renumbering_map.csv; code_audit/run20_cycle12_100_reaudit.csv; server/app/simulation/method_labels.py; server/app/simulation/parameters.py; server/app/simulation/registry.py; code_audit/signal_flow_authoritative_edges.csv; research/methodology/PCEIF_100_MODULE_SUPERVISORY_METHOD_SPECIFICATION_v1.md,The module perturbs one index by a designed amount and reports present-state deviations beside it; no input range is declared anywhere.
A5.3,Tornado Risk Ranking,A5,System Dynamics & Complexity,A,project,ADVISORY_ONLY,non-voting,CORRECT_PROXY_ONLY,Ranked present-state deviations: ranks four present-state deviations by magnitude and bands their mean,"tornado analysis: the swing in an output when each input is moved across its declared range, ranked by swing",DATA,METHOD LINEAGE CAL VALIDATE PARSIMONY,"declared input ranges as for A5.2, plus the output the swing is measured on and its re-evaluation at each low and high",Input Range Declaration plus a named response output,"11 supported document type(s) currently reach this module: commissioning_report, correspondence_notice, field_report, inspection_report, monthly_report, oac_minutes, pay_application, risk_register, schedule_update, submittal_register, time_phased_schedule","actualPctComplete, docRiskScore, plannedPctComplete",Scenario Assumption Set,Scenario Assumption Set,Input Range Declaration plus a named response output,,,no,"the scale applied to the document risk score before the deviations are ranked [UNSUPPORTED]. No calibration set exists in this repository: no labelled corpus of project outcomes and no expert reference standard, so no boundary can be fitted or tested.","NOT_EMPIRICALLY_VALIDATED. No labelled holdout corpus and no expert reference standard exist for this platform, so how often this module's banding is right is unknown.",lineage declared as CORRELATED; the platform-wide Category-9 qualification gate is unimplemented and production discloses it: signal_package.py records SIGNAL_QUALIFICATION = 'unqualified' and CATEGORY_9_DEVIATION.,"Implement the canonical structure once the evidence exists: declared input ranges and a response evaluated at each low and high. A tornado diagram ranks the swing in an output when each input is moved across its range; no range is declared and no output is re-evaluated. Until then the truthful method label is what the interface, export and methods documentation publish.",Ranked present-state deviations,yes,no,yes: consolidation or removal is a RECOMMENDATION only. Run 27 removes nothing and consolidates nothing.,"advisory, non-voting, on the signal ledger with its published claim limit",NEW_STRUCTURED_FORM,Scenario Assumption Set,ABSENT,CONSOLIDATE_CANDIDATE,PKG-SCENARIO,P1,Run 29,Run 33,p0-baseline/module_renumbering_map.csv; code_audit/run20_cycle12_100_reaudit.csv; server/app/simulation/method_labels.py; server/app/simulation/parameters.py; server/app/simulation/registry.py; code_audit/signal_flow_authoritative_edges.csv; research/methodology/PCEIF_100_MODULE_SUPERVISORY_METHOD_SPECIFICATION_v1.md,"Ranks four present-state deviations by magnitude. Once input ranges exist, A5.2 and A5.3 are two presentations of one computation and consolidation should be considered."
A5.4,Scenario Modeling,A5,System Dynamics & Complexity,A,project,ADVISORY_ONLY,non-voting,CORRECT_ABSTENTION,As registered; no proxy qualifier and no truthful-method relabel is carried.,"scenario modelling: named scenarios with declared assumption sets, evaluated through the same model",DATA,LINEAGE CAL VALIDATE,per scenario: scenario id and name; the assumption set (each assumption with the input it sets and the value it sets it to); the probability or weight assigned to the scenario if any; and the author and date of the assumption set,Scenario Assumption Set,"5 supported document type(s) currently reach this module: change_order, contract_value, monthly_report, pay_application, schedule_of_values","ac, bac, ev",Scenario Assumption Set,Scenario Assumption Set,Scenario Assumption Set,,,no,"a four band ladder over the quantity the module reports [UNSUPPORTED]. No calibration set exists in this repository: no labelled corpus of project outcomes and no expert reference standard, so no boundary can be fitted or tested.","NOT_EMPIRICALLY_VALIDATED. No labelled holdout corpus and no expert reference standard exist for this platform, so how often this module's banding is right is unknown.",no lineage declaration is carried; the platform-wide Category-9 qualification gate is unimplemented and production discloses it: signal_package.py records SIGNAL_QUALIFICATION = 'unqualified' and CATEGORY_9_DEVIATION.,"The shipped arithmetic performs what its name says; the work is the evidence supply above plus the band calibration, not a re-implementation.",,no,no,no,"advisory, non-voting, on the signal ledger with its published claim limit",NEW_STRUCTURED_FORM,Scenario Assumption Set,ABSENT,KEEP_AND_SUPPLY,PKG-SCENARIO,P1,Run 29,Run 33,p0-baseline/module_renumbering_map.csv; code_audit/run20_cycle12_100_reaudit.csv; server/app/simulation/method_labels.py; server/app/simulation/parameters.py; server/app/simulation/registry.py; code_audit/signal_flow_authoritative_edges.csv; research/methodology/PCEIF_100_MODULE_SUPERVISORY_METHOD_SPECIFICATION_v1.md,Abstains today. The scenario structure is the whole method.
A5.5,Rework Feedback Loop,A5,System Dynamics & Complexity,A,project,ADVISORY_ONLY,non-voting,CORRECT_PROXY_ONLY,"Weighted rework pressure composite: forms a fixed weighted sum of a capped request count, a capped change order count and the shortfall of the cost index","a system dynamics rework feedback loop: stocks of work done, work discovered defective and work returned, with the rates between them over time",DATA,METHOD LINEAGE CAL VALIDATE PARSIMONY,"stock and flow definitions: work in each stock at each period; the discovery rate; the rework rate; the delay between execution and discovery; and the loop gain, each estimated from observed period data rather than assumed",Rework Stock and Flow Series,"2 supported document type(s) currently reach this module: change_order, rfi_log","changeOrderCount, rfiCount",Rework Stock and Flow Series,Rework Stock and Flow Series,Rework Stock and Flow Series,,,no,"three weights on the same two capped counts and the cost index shortfall, plus two caps and a band ladder [UNSUPPORTED]. No calibration set exists in this repository: no labelled corpus of project outcomes and no expert reference standard, so no boundary can be fitted or tested.","NOT_EMPIRICALLY_VALIDATED. No labelled holdout corpus and no expert reference standard exist for this platform, so how often this module's banding is right is unknown.",no lineage declaration is carried; the platform-wide Category-9 qualification gate is unimplemented and production discloses it: signal_package.py records SIGNAL_QUALIFICATION = 'unqualified' and CATEGORY_9_DEVIATION.,"Implement the canonical structure once the evidence exists: stocks and flows with a feedback structure: work done, work discovered defective, work returned and the rates between them over time. Nothing accumulates and nothing feeds back. Until then the truthful method label is what the interface, export and methods documentation publish.",Weighted rework pressure composite,no,no,yes: whether the truthful name replaces the registered name on the participant surface is an instrument decision.,"advisory, non-voting, on the signal ledger with its published claim limit",NEW_STRUCTURED_FORM,Rework Stock and Flow Series,ABSENT,KEEP_AS_TRUTHFUL_PROXY,PKG-DSM,P1,Run 29,Run 33,p0-baseline/module_renumbering_map.csv; code_audit/run20_cycle12_100_reaudit.csv; server/app/simulation/method_labels.py; server/app/simulation/parameters.py; server/app/simulation/registry.py; code_audit/signal_flow_authoritative_edges.csv; research/methodology/PCEIF_100_MODULE_SUPERVISORY_METHOD_SPECIFICATION_v1.md,Nothing accumulates and nothing feeds back; the computation is a fixed weighted sum of three present-state figures.
A5.6,Queueing Theory Bottleneck,A5,System Dynamics & Complexity,A,project,ADVISORY_ONLY,non-voting,CORRECT_ABSTENTION,As registered; no proxy qualifier and no truthful-method relabel is carried.,"queueing analysis: arrival and service processes, server count and discipline, from which utilisation, queue length and waiting time follow",DATA,METHOD LINEAGE CAL VALIDATE,"arrival timestamps (or a fitted arrival process with its parameters); service start and service end timestamps, or observed service-time durations; the number of servers or resource units available per period; the queue discipline; the routing between stations; and the observation window with its start and end",Queue Observation Log,"2 supported document type(s) currently reach this module: lookahead_schedule, schedule_update","activitiesConstrained, activitiesPlanned",Queue Observation Log,Queue Observation Log,Queue Observation Log,,,no,"a four band ladder over the quantity the module reports [UNSUPPORTED]. No calibration set exists in this repository: no labelled corpus of project outcomes and no expert reference standard, so no boundary can be fitted or tested.","NOT_EMPIRICALLY_VALIDATED. No labelled holdout corpus and no expert reference standard exist for this platform, so how often this module's banding is right is unknown.",Category-9 qualification FAIL recorded by the re-audit; no lineage declaration is carried; the platform-wide Category-9 qualification gate is unimplemented and production discloses it: signal_package.py records SIGNAL_QUALIFICATION = 'unqualified' and CATEGORY_9_DEVIATION.,"The shipped arithmetic performs what its name says; the work is the evidence supply above plus the band calibration, not a re-implementation.",,no,no,no,"advisory, non-voting, on the signal ledger with its published claim limit",NEW_STRUCTURED_FORM,Queue Observation Log,ABSENT,KEEP_AND_SUPPLY,PKG-QUEUE,P1,Run 29,Run 33,p0-baseline/module_renumbering_map.csv; code_audit/run20_cycle12_100_reaudit.csv; server/app/simulation/method_labels.py; server/app/simulation/parameters.py; server/app/simulation/registry.py; code_audit/signal_flow_authoritative_edges.csv; research/methodology/PCEIF_100_MODULE_SUPERVISORY_METHOD_SPECIFICATION_v1.md,"Counts of constrained and planned activities are not arrival and service observations. The module abstains today, correctly."
A5.7,Agent-Based Supply Chain,A5,System Dynamics & Complexity,A,project,ADVISORY_ONLY,non-voting,CORRECT_ABSTENTION,As registered; no proxy qualifier and no truthful-method relabel is carried.,agent-based supply chain simulation: agents with decision rules interacting over time,DATA,METHOD LINEAGE CAL VALIDATE RESEARCH,"agent types with attributes; a decision rule per agent type; an interaction or network structure between agents; an environment state the agents read and write; a time-step definition; and initialisation and replication policy; plus, for a supply chain: supplier agents with lead-time distributions, order policies, and the disruption events they respond to",Agent / Resource Definition,1 supported document type(s) currently reach this module: procurement_log,"longLeadAtRisk, longLeadItemsTotal",Agent and Resource Definition Set,Agent and Resource Definition Set,Agent / Resource Definition,,,no,"a four band ladder over the quantity the module reports [UNSUPPORTED]. No calibration set exists in this repository: no labelled corpus of project outcomes and no expert reference standard, so no boundary can be fitted or tested.","NOT_EMPIRICALLY_VALIDATED. No labelled holdout corpus and no expert reference standard exist for this platform, so how often this module's banding is right is unknown.",Category-9 qualification FAIL recorded by the re-audit; no lineage declaration is carried; the platform-wide Category-9 qualification gate is unimplemented and production discloses it: signal_package.py records SIGNAL_QUALIFICATION = 'unqualified' and CATEGORY_9_DEVIATION.,"The shipped arithmetic performs what its name says; the work is the evidence supply above plus the band calibration, not a re-implementation.",,no,yes,no,research surface only; not an operational signal,NEW_STRUCTURED_FORM,Agent and Resource Definition Set,ABSENT,KEEP_RESEARCH_ONLY,PKG-QUEUE,P3,Run 29,Run 33,p0-baseline/module_renumbering_map.csv; code_audit/run20_cycle12_100_reaudit.csv; server/app/simulation/method_labels.py; server/app/simulation/parameters.py; server/app/simulation/registry.py; code_audit/signal_flow_authoritative_edges.csv; research/methodology/PCEIF_100_MODULE_SUPERVISORY_METHOD_SPECIFICATION_v1.md,Two extracted long-lead fields are the whole of its evidence today. Whether an agent-based supply chain model earns its evidence burden for this platform is an open owner question.
A5.8,Discrete Event Simulation,A5,System Dynamics & Complexity,A,project,ADVISORY_ONLY,non-voting,CORRECT_PROXY_ONLY,Throughput index from the schedule index and progress ratio: forms an interruption term from the progress shortfall and the schedule index shortfall and reports its reciprocal as a throughput index,"discrete event simulation: entities, resources, queues, an event list and a simulation clock",DATA,METHOD LINEAGE CAL VALIDATE RESEARCH PARSIMONY,"entity types and their generation process; resource definitions with capacity and calendar; an event definition set (event type, trigger condition, state change, duration distribution); queue definitions and disciplines; a run length, warm-up period and replication count; and the random seed policy",DES Event Definition,"4 supported document type(s) currently reach this module: monthly_report, pay_application, schedule_update, time_phased_schedule","actualPctComplete, plannedPctComplete",DES Event Definition Set,DES Event Definition Set,DES Event Definition,,,no,"a four band ladder over the quantity the module reports [UNSUPPORTED]. No calibration set exists in this repository: no labelled corpus of project outcomes and no expert reference standard, so no boundary can be fitted or tested.","NOT_EMPIRICALLY_VALIDATED. No labelled holdout corpus and no expert reference standard exist for this platform, so how often this module's banding is right is unknown.",no lineage declaration is carried; the platform-wide Category-9 qualification gate is unimplemented and production discloses it: signal_package.py records SIGNAL_QUALIFICATION = 'unqualified' and CATEGORY_9_DEVIATION.,"Implement the canonical structure once the evidence exists: an event schedule: entities, resources, queues, an event list and a simulation clock. No event is scheduled and no clock advances. Until then the truthful method label is what the interface, export and methods documentation publish.",Throughput index from the schedule index and progress ratio,no,yes,yes: whether the truthful name replaces the registered name on the participant surface is an instrument decision.,research surface only; not an operational signal,NEW_STRUCTURED_FORM,DES Event Definition Set,ABSENT,KEEP_RESEARCH_ONLY,PKG-QUEUE,P1,Run 29,Run 33,p0-baseline/module_renumbering_map.csv; code_audit/run20_cycle12_100_reaudit.csv; server/app/simulation/method_labels.py; server/app/simulation/parameters.py; server/app/simulation/registry.py; code_audit/signal_flow_authoritative_edges.csv; research/methodology/PCEIF_100_MODULE_SUPERVISORY_METHOD_SPECIFICATION_v1.md,"No event is scheduled and no clock advances. P1 rather than P3 because the registered name asserts a simulation that does not exist, which is a truthfulness problem now."
A6.1,Quality Compliance Index,A6,Delivery Quality Performance,A,project,ADVISORY_ONLY,non-voting,CORRECT_ABSTENTION,As registered; no proxy qualifier and no truthful-method relabel is carried.,quality compliance: conformance against declared quality criteria,DATA,LINEAGE CAL VALIDATE,"the quality audit findings themselves: audit_score, total_findings, critical_findings and items_inspected / items_failed are ALL extracted from the quality_audit_report and inspection_report document types and NONE of them reaches this module, which reads the meeting-minute proxy qualityDeficienciesNoted instead",Quality Evidence Wiring (join the quality_audit_report and inspection_report fields to the module's input contract),"2 supported document type(s) currently reach this module: field_report, inspection_report",qualityDeficienciesNoted,,,Quality Evidence Wiring (join the quality_audit_report and inspection_report fields to the module's input contract),,,no,"a four band ladder over the quantity the module reports [UNSUPPORTED]. No calibration set exists in this repository: no labelled corpus of project outcomes and no expert reference standard, so no boundary can be fitted or tested.","NOT_EMPIRICALLY_VALIDATED. No labelled holdout corpus and no expert reference standard exist for this platform, so how often this module's banding is right is unknown.",no lineage declaration is carried; the platform-wide Category-9 qualification gate is unimplemented and production discloses it: signal_package.py records SIGNAL_QUALIFICATION = 'unqualified' and CATEGORY_9_DEVIATION.,"The shipped arithmetic performs what its name says; the work is the evidence supply above plus the band calibration, not a re-implementation.",,no,no,no,"advisory, non-voting, on the signal ledger with its published claim limit",EXISTING_DOCUMENT_EXTRACTION,Quality Audit Report (already a supported document type),PRESENT_NOT_EXTRACTED,KEEP_AND_SUPPLY,PKG-ORPHANFIELDS,P0,Run 31,Run 33,p0-baseline/module_renumbering_map.csv; code_audit/run20_cycle12_100_reaudit.csv; server/app/simulation/method_labels.py; server/app/simulation/parameters.py; server/app/simulation/registry.py; code_audit/signal_flow_authoritative_edges.csv; research/methodology/PCEIF_100_MODULE_SUPERVISORY_METHOD_SPECIFICATION_v1.md,"This is the orphan-field finding: the evidence exists in the corpus, is extracted, and is not consumed. P0 because the module reads a weaker proxy while the real evidence sits unused."
A6.2,Safety Performance Index,A6,Delivery Quality Performance,A,project,ADVISORY_ONLY,non-voting,CORRECT_ABSTENTION,As registered; no proxy qualifier and no truthful-method relabel is carried.,safety performance: recordable incidents against exposure hours on the standard basis,DATA,LINEAGE CAL VALIDATE,"osha_recordable_incidents, incident_rate and total_manhours are ALL extracted from the safety_report document type and NONE reaches this module, which reads the meeting-minute proxy safetyIncidentsDiscussed instead. The standard rate requires recordable incident count and total manhours together with the two-hundred-thousand-hour convention",Safety Evidence Wiring (join the safety_report fields to the module's input contract),1 supported document type(s) currently reach this module: oac_minutes,safetyIncidentsDiscussed,,,Safety Evidence Wiring (join the safety_report fields to the module's input contract),,,no,"a four band ladder over the quantity the module reports [UNSUPPORTED]. No calibration set exists in this repository: no labelled corpus of project outcomes and no expert reference standard, so no boundary can be fitted or tested.","NOT_EMPIRICALLY_VALIDATED. No labelled holdout corpus and no expert reference standard exist for this platform, so how often this module's banding is right is unknown.",no lineage declaration is carried; the platform-wide Category-9 qualification gate is unimplemented and production discloses it: signal_package.py records SIGNAL_QUALIFICATION = 'unqualified' and CATEGORY_9_DEVIATION.,"The shipped arithmetic performs what its name says; the work is the evidence supply above plus the band calibration, not a re-implementation.",,no,no,no,"advisory, non-voting, on the signal ledger with its published claim limit",EXISTING_DOCUMENT_EXTRACTION,Safety Report (already a supported document type),PRESENT_NOT_EXTRACTED,KEEP_AND_SUPPLY,PKG-ORPHANFIELDS,P0,Run 31,Run 33,p0-baseline/module_renumbering_map.csv; code_audit/run20_cycle12_100_reaudit.csv; server/app/simulation/method_labels.py; server/app/simulation/parameters.py; server/app/simulation/registry.py; code_audit/signal_flow_authoritative_edges.csv; research/methodology/PCEIF_100_MODULE_SUPERVISORY_METHOD_SPECIFICATION_v1.md,"Same orphan-field finding as A6.1. A safety rate computed from a count of mentions in minutes, while the recordable count and manhours sit extracted and unread, is the clearest case in the population."
A6.3,Environmental Compliance Rate,A6,Delivery Quality Performance,A,project,ADVISORY_ONLY,non-voting,REGULATORY_VERSION_BLOCKED,As registered; no proxy qualifier and no truthful-method relabel is carried.,"environmental compliance against a named authority's conditions, at a stated version",DATA,METHOD LINEAGE REG CAL VALIDATE,"environmentalComplianceRate and violations are extracted from the environmental_report and do not reach this module, which reads environmentalIssuesDiscussed from meeting minutes. Separately the regulatory object is absent: the issuing authority; the instrument identifier and its clause or section; the version and its effective date; the jurisdiction; an applicability predicate stating which projects the rule binds; the numeric level the instrument itself states (rather than one chosen here); and an evidence object recording which document proved the condition and where in it",Regulatory Applicability Record plus Environmental Evidence Wiring,1 supported document type(s) currently reach this module: oac_minutes,environmentalIssuesDiscussed,,,Regulatory Applicability Record plus Environmental Evidence Wiring,,,yes: Environmental Report (already supported) plus Regulatory Applicability Record,"a three level ladder over a share of reported permit conditions met [UNSUPPORTED]. No calibration set exists in this repository: no labelled corpus of project outcomes and no expert reference standard, so no boundary can be fitted or tested.","NOT_EMPIRICALLY_VALIDATED. The permit authority, the jurisdiction and the version of the conditions being assessed are not carried, and no committed authority in this repository supplies them. The reading is a count of reported conditions met and is not a compliance determination under any named instrument.",Category-9 qualification FAIL recorded by the re-audit; no lineage declaration is carried; the platform-wide Category-9 qualification gate is unimplemented and production discloses it: signal_package.py records SIGNAL_QUALIFICATION = 'unqualified' and CATEGORY_9_DEVIATION.,"The shipped arithmetic performs what its name says; the work is the evidence supply above plus the band calibration, not a re-implementation.",,no,no,no,"advisory, non-voting, on the signal ledger with its published claim limit",EXISTING_DOCUMENT_EXTRACTION,Environmental Report (already supported) plus Regulatory Applicability Record,PRESENT_NOT_EXTRACTED,KEEP_AND_SUPPLY,PKG-ORPHANFIELDS,P0,Run 31,Run 33,p0-baseline/module_renumbering_map.csv; code_audit/run20_cycle12_100_reaudit.csv; server/app/simulation/method_labels.py; server/app/simulation/parameters.py; server/app/simulation/registry.py; code_audit/signal_flow_authoritative_edges.csv; research/methodology/PCEIF_100_MODULE_SUPERVISORY_METHOD_SPECIFICATION_v1.md,"Carries BOTH open findings at once: an orphan extracted field and a REGULATORY_VERSION_BLOCKED disposition. The permit authority, jurisdiction and version of the conditions assessed are not carried."
A6.4,Contractor Performance Score,A6,Delivery Quality Performance,A,project,ADVISORY_ONLY,non-voting,CORRECT_PROXY_ONLY,Project-document contractor estimate: scores contractor performance from figures carried on this project's own documents,contractor past performance assessment drawn from official past performance information,DATA,METHOD LINEAGE REG CAL VALIDATE PARSIMONY,a past performance record with: the source system identifier; the assessing agency; the assessment period; the contract it relates to; the rating on each declared factor; the record status; and its review state,Past Performance Information Record,1 supported document type(s) currently reach this module: past_performance_report,"costRating, overallRating, scheduleRating",,,,,Official Past Performance Information,yes: Official Past Performance Information,"a four band ladder over the quantity the module reports [UNSUPPORTED]. No calibration set exists in this repository: no labelled corpus of project outcomes and no expert reference standard, so no boundary can be fitted or tested.","NOT_EMPIRICALLY_VALIDATED. No labelled holdout corpus and no expert reference standard exist for this platform, so how often this module's banding is right is unknown.",no lineage declaration is carried; the platform-wide Category-9 qualification gate is unimplemented and production discloses it: signal_package.py records SIGNAL_QUALIFICATION = 'unqualified' and CATEGORY_9_DEVIATION.,"Implement the canonical structure once the evidence exists: official past performance information: a source system identifier, the assessment period, the record status and its review state. Nothing here is past performance information and it must not be read as such. Until then the truthful method label is what the interface, export and methods documentation publish.",Project-document contractor estimate,no,no,yes: whether the truthful name replaces the registered name on the participant surface is an instrument decision.,"advisory, non-voting, on the signal ledger with its published claim limit",EXTERNAL_OFFICIAL_DATA,Official Past Performance Information,ABSENT,KEEP_AS_TRUTHFUL_PROXY,PKG-EXTERNAL,P1,Run 31,Run 33,p0-baseline/module_renumbering_map.csv; code_audit/run20_cycle12_100_reaudit.csv; server/app/simulation/method_labels.py; server/app/simulation/parameters.py; server/app/simulation/registry.py; code_audit/signal_flow_authoritative_edges.csv; research/methodology/PCEIF_100_MODULE_SUPERVISORY_METHOD_SPECIFICATION_v1.md,"A past_performance_report document type is declared and supplies overall, cost and schedule ratings from this project's own documents. Nothing here is past performance information and must not be read as such."
B1.2,Weighted Voting,B1,Signal Synthesis,B,project,ADVISORY_ONLY,non-voting,CORRECT_PROXY_ONLY,Fixed-weight signal band tally: tallies the bands of the assembled signals under four fixed weights and reports the heaviest band and its share,weighted voting over qualified signal states with sourced weights,DATA,METHOD LINEAGE CAL VALIDATE PARSIMONY,"the qualified-evidence boundary: a signal qualification state per input, which the Category-9 gate would supply and which production itself records as unimplemented (SIGNAL_QUALIFICATION = 'unqualified', CATEGORY_9_DEVIATION)","Qualified Signal State (per signal: qualification verdict, the dimensions assessed, the reason where unqualified)","7 supported document type(s) currently reach this module: commissioning_report, correspondence_notice, field_report, inspection_report, oac_minutes, risk_register, submittal_register",docRiskScore,,,"Qualified Signal State (per signal: qualification verdict, the dimensions assessed, the reason where unqualified)",,,no,"four weights on the assembled signal bands [UNSUPPORTED]. No calibration set exists in this repository: no labelled corpus of project outcomes and no expert reference standard, so no boundary can be fitted or tested.","NOT_EMPIRICALLY_VALIDATED. No labelled holdout corpus and no expert reference standard exist for this platform, so how often this module's banding is right is unknown.",no lineage declaration is carried; the platform-wide Category-9 qualification gate is unimplemented and production discloses it: signal_package.py records SIGNAL_QUALIFICATION = 'unqualified' and CATEGORY_9_DEVIATION.,"Implement the canonical structure once the evidence exists: provenance for the four weights, which are design constants with no source, and the qualified-evidence boundary: the tally reads assembled primary signals directly rather than already qualified signal states. Until then the truthful method label is what the interface, export and methods documentation publish.",Fixed-weight signal band tally,no,no,yes: whether the truthful name replaces the registered name on the participant surface is an instrument decision.,"advisory, non-voting, on the signal ledger with its published claim limit",DERIVED_FROM_EXISTING_QUALIFIED_DATA,Category-9 Qualification Verdict,ABSENT,KEEP_AND_SUPPLY,PKG-CAT9,P0,Run 30,Run 33,p0-baseline/module_renumbering_map.csv; code_audit/run20_cycle12_100_reaudit.csv; server/app/simulation/method_labels.py; server/app/simulation/parameters.py; server/app/simulation/registry.py; code_audit/signal_flow_authoritative_edges.csv; research/methodology/PCEIF_100_MODULE_SUPERVISORY_METHOD_SPECIFICATION_v1.md,"Four design-constant weights with no source, applied to signals that are not qualified. P0: it is a synthesis feeding presentation."
B1.3,Majority Rules,B1,Signal Synthesis,B,project,ADVISORY_ONLY,non-voting,METHOD_PASS_CALIBRATION_PENDING,As registered; no proxy qualifier and no truthful-method relabel is carried.,majority rule over qualified signal states,DATA,LINEAGE CAL VALIDATE,"the same qualified-evidence boundary as B1.2, plus dependence control: the signals tallied are not independent, and several are readings of one earned-value measurement",Qualified Signal State plus a declared dependence structure over signals,"7 supported document type(s) currently reach this module: commissioning_report, correspondence_notice, field_report, inspection_report, oac_minutes, risk_register, submittal_register",docRiskScore,,,Qualified Signal State plus a declared dependence structure over signals,,,no,"a four band ladder over the quantity the module reports [UNSUPPORTED]. No calibration set exists in this repository: no labelled corpus of project outcomes and no expert reference standard, so no boundary can be fitted or tested.","NOT_EMPIRICALLY_VALIDATED. No labelled holdout corpus and no expert reference standard exist for this platform, so how often this module's banding is right is unknown.",no lineage declaration is carried; the platform-wide Category-9 qualification gate is unimplemented and production discloses it: signal_package.py records SIGNAL_QUALIFICATION = 'unqualified' and CATEGORY_9_DEVIATION.,"The shipped arithmetic performs what its name says; the work is the evidence supply above plus the band calibration, not a re-implementation.",,no,no,no,"advisory, non-voting, on the signal ledger with its published claim limit",DERIVED_FROM_EXISTING_QUALIFIED_DATA,Category-9 Qualification Verdict,ABSENT,KEEP_AND_SUPPLY,PKG-CAT9,P0,Run 30,Run 33,p0-baseline/module_renumbering_map.csv; code_audit/run20_cycle12_100_reaudit.csv; server/app/simulation/method_labels.py; server/app/simulation/parameters.py; server/app/simulation/registry.py; code_audit/signal_flow_authoritative_edges.csv; research/methodology/PCEIF_100_MODULE_SUPERVISORY_METHOD_SPECIFICATION_v1.md,A counting rule over correlated readings counts one measurement more than once. Run 20 Cycle 9 established exactly this for B1.1 and fixed B1.1 only.
B1.4,Worst-N-of-M,B1,Signal Synthesis,B,project,ADVISORY_ONLY,non-voting,PARAMETER_PROVENANCE_BLOCKED,As registered; no proxy qualifier and no truthful-method relabel is carried.,"worst-N-of-M: escalate when N of M signals are adverse, with N and M chosen against a stated error target",DATA,LINEAGE CAL VALIDATE,"the basis for the two proportional thresholds (three tenths of the banded signals for Red, four tenths for Amber), which are design constants; and the qualified-evidence boundary as for B1.2","Threshold Design Record (rule, threshold, the error target it meets, the evidence it was chosen against) plus Qualified Signal State","7 supported document type(s) currently reach this module: commissioning_report, correspondence_notice, field_report, inspection_report, oac_minutes, risk_register, submittal_register",docRiskScore,,,"Threshold Design Record (rule, threshold, the error target it meets, the evidence it was chosen against) plus Qualified Signal State",,,no,"the FRACTION of the total signal count that sets the trigger of a worst N of M rule [UNSUPPORTED]. No calibration set exists in this repository: no labelled corpus of project outcomes and no expert reference standard, so no boundary can be fitted or tested.","NOT_EMPIRICALLY_VALIDATED. No labelled holdout corpus and no expert reference standard exist for this platform, so how often this module's banding is right is unknown.",no lineage declaration is carried; the platform-wide Category-9 qualification gate is unimplemented and production discloses it: signal_package.py records SIGNAL_QUALIFICATION = 'unqualified' and CATEGORY_9_DEVIATION.,"The shipped arithmetic performs what its name says; the work is the evidence supply above plus the band calibration, not a re-implementation.",,no,no,no,"advisory, non-voting, on the signal ledger with its published claim limit",DERIVED_FROM_EXISTING_QUALIFIED_DATA,Category-9 Qualification Verdict,ABSENT,KEEP_AND_SUPPLY,PKG-CAT9,P0,Run 30,Run 33,p0-baseline/module_renumbering_map.csv; code_audit/run20_cycle12_100_reaudit.csv; server/app/simulation/method_labels.py; server/app/simulation/parameters.py; server/app/simulation/registry.py; code_audit/signal_flow_authoritative_edges.csv; research/methodology/PCEIF_100_MODULE_SUPERVISORY_METHOD_SPECIFICATION_v1.md,"Its denominator is the whole simulation signal array, so the fraction of adverse signals shrinks as more modules are registered. That is a structural defect of a proportional rule over a growing module set and is independent of calibration."
B2.1,Dempster-Shafer,B2,Evidence Combination,B,project,ADVISORY_ONLY,non-voting,METHOD_PASS_CALIBRATION_PENDING,As registered; no proxy qualifier and no truthful-method relabel is carried.,"Dempster-Shafer combination over independently derived bodies of evidence, with a declared frame of discernment and a stated conflict treatment",DATA,LINEAGE CAL VALIDATE,"elicited or observed assessments to build the memberships from: an elicited assessment set: expert id; the object assessed; the linguistic or interval assessment given; the elicitation protocol and date; the aggregation rule agreed in advance; and the consistency or agreement statistic across experts; plus the qualified-evidence boundary, because the memberships currently consume raw unqualified cost and schedule indices and the document risk score directly",Elicited Assessment Set plus Qualified Signal State,"7 supported document type(s) currently reach this module: commissioning_report, correspondence_notice, field_report, inspection_report, oac_minutes, risk_register, submittal_register",docRiskScore,Expert Elicitation Form plus Category-9 Qualification Verdict,Expert Elicitation Form plus Category-9 Qualification Verdict,Elicited Assessment Set plus Qualified Signal State,,,no,"designed memberships, masses or hesitancies with a band ladder [UNSUPPORTED]. No calibration set exists in this repository: no labelled corpus of project outcomes and no expert reference standard, so no boundary can be fitted or tested.","NOT_EMPIRICALLY_VALIDATED. No labelled holdout corpus and no expert reference standard exist for this platform, so how often this module's banding is right is unknown.",no lineage declaration is carried; the platform-wide Category-9 qualification gate is unimplemented and production discloses it: signal_package.py records SIGNAL_QUALIFICATION = 'unqualified' and CATEGORY_9_DEVIATION.,"The shipped arithmetic performs what its name says; the work is the evidence supply above plus the band calibration, not a re-implementation.",,no,no,no,"advisory, non-voting, on the signal ledger with its published claim limit",NEW_STRUCTURED_FORM,Expert Elicitation Form plus Category-9 Qualification Verdict,ABSENT,KEEP_AND_SUPPLY,PKG-ELICIT,P1,Run 30,Run 33,p0-baseline/module_renumbering_map.csv; code_audit/run20_cycle12_100_reaudit.csv; server/app/simulation/method_labels.py; server/app/simulation/parameters.py; server/app/simulation/registry.py; code_audit/signal_flow_authoritative_edges.csv; research/methodology/PCEIF_100_MODULE_SUPERVISORY_METHOD_SPECIFICATION_v1.md,The combination rule is implemented. What is absent is the independence its arithmetic assumes: the bodies combined are readings of the same underlying figures.
B2.2,Rough Sets,B2,Evidence Combination,B,project,ADVISORY_ONLY,non-voting,CORRECT_PROXY_ONLY,"Supermajority band classification over bodies of evidence: assigns each body of evidence a band, and calls a band definite when it holds more than three quarters of the bodies, borderline otherwise",rough set approximation over an information table of objects described by attributes,DATA,METHOD LINEAGE CAL VALIDATE PARSIMONY,"elicited or observed assessments to build the memberships from: an elicited assessment set: expert id; the object assessed; the linguistic or interval assessment given; the elicitation protocol and date; the aggregation rule agreed in advance; and the consistency or agreement statistic across experts; plus the qualified-evidence boundary, because the memberships currently consume raw unqualified cost and schedule indices and the document risk score directly",Elicited Assessment Set plus Qualified Signal State,"7 supported document type(s) currently reach this module: commissioning_report, correspondence_notice, field_report, inspection_report, oac_minutes, risk_register, submittal_register",docRiskScore,Expert Elicitation Form plus Category-9 Qualification Verdict,Expert Elicitation Form plus Category-9 Qualification Verdict,Elicited Assessment Set plus Qualified Signal State,,,no,"designed memberships, masses or hesitancies with a band ladder [UNSUPPORTED]. No calibration set exists in this repository: no labelled corpus of project outcomes and no expert reference standard, so no boundary can be fitted or tested.","NOT_EMPIRICALLY_VALIDATED. No labelled holdout corpus and no expert reference standard exist for this platform, so how often this module's banding is right is unknown.",no lineage declaration is carried; the platform-wide Category-9 qualification gate is unimplemented and production discloses it: signal_package.py records SIGNAL_QUALIFICATION = 'unqualified' and CATEGORY_9_DEVIATION.,"Implement the canonical structure once the evidence exists: an information table: real objects described by real attributes, from which indiscernibility classes and then the lower and upper approximations are derived. There are no objects here, only this project's own signals. Until then the truthful method label is what the interface, export and methods documentation publish.",Supermajority band classification over bodies of evidence,no,no,yes: whether the truthful name replaces the registered name on the participant surface is an instrument decision.,"advisory, non-voting, on the signal ledger with its published claim limit",NEW_STRUCTURED_FORM,Expert Elicitation Form plus Category-9 Qualification Verdict,ABSENT,KEEP_AS_TRUTHFUL_PROXY,PKG-ELICIT,P1,Run 30,Run 33,p0-baseline/module_renumbering_map.csv; code_audit/run20_cycle12_100_reaudit.csv; server/app/simulation/method_labels.py; server/app/simulation/parameters.py; server/app/simulation/registry.py; code_audit/signal_flow_authoritative_edges.csv; research/methodology/PCEIF_100_MODULE_SUPERVISORY_METHOD_SPECIFICATION_v1.md,"There are no objects here, only this project's own signals, so no indiscernibility class and no lower or upper approximation can be formed."
B2.3,Neutrosophic Logic,B2,Evidence Combination,B,project,ADVISORY_ONLY,non-voting,METHOD_PASS_CALIBRATION_PENDING,As registered; no proxy qualifier and no truthful-method relabel is carried.,"neutrosophic logic over independently assessed truth, indeterminacy and falsity degrees",DATA,LINEAGE CAL VALIDATE PARSIMONY,"elicited or observed assessments to build the memberships from: an elicited assessment set: expert id; the object assessed; the linguistic or interval assessment given; the elicitation protocol and date; the aggregation rule agreed in advance; and the consistency or agreement statistic across experts; plus the qualified-evidence boundary, because the memberships currently consume raw unqualified cost and schedule indices and the document risk score directly",Elicited Assessment Set plus Qualified Signal State,"7 supported document type(s) currently reach this module: commissioning_report, correspondence_notice, field_report, inspection_report, oac_minutes, risk_register, submittal_register",docRiskScore,Expert Elicitation Form plus Category-9 Qualification Verdict,Expert Elicitation Form plus Category-9 Qualification Verdict,Elicited Assessment Set plus Qualified Signal State,,,no,"designed memberships, masses or hesitancies with a band ladder [UNSUPPORTED]. No calibration set exists in this repository: no labelled corpus of project outcomes and no expert reference standard, so no boundary can be fitted or tested.","NOT_EMPIRICALLY_VALIDATED. No labelled holdout corpus and no expert reference standard exist for this platform, so how often this module's banding is right is unknown.",no lineage declaration is carried; the platform-wide Category-9 qualification gate is unimplemented and production discloses it: signal_package.py records SIGNAL_QUALIFICATION = 'unqualified' and CATEGORY_9_DEVIATION.,"The shipped arithmetic performs what its name says; the work is the evidence supply above plus the band calibration, not a re-implementation.",,yes,no,yes: consolidation or removal is a RECOMMENDATION only. Run 27 removes nothing and consolidates nothing.,"advisory, non-voting, on the signal ledger with its published claim limit",NEW_STRUCTURED_FORM,Expert Elicitation Form plus Category-9 Qualification Verdict,ABSENT,CONSOLIDATE_CANDIDATE,PKG-ELICIT,P1,Run 30,Run 33,p0-baseline/module_renumbering_map.csv; code_audit/run20_cycle12_100_reaudit.csv; server/app/simulation/method_labels.py; server/app/simulation/parameters.py; server/app/simulation/registry.py; code_audit/signal_flow_authoritative_edges.csv; research/methodology/PCEIF_100_MODULE_SUPERVISORY_METHOD_SPECIFICATION_v1.md,Reads the same two indices and the document risk score as the rest of the B2 family.
B2.4,Interval Fuzzy Sets,B2,Evidence Combination,B,project,ADVISORY_ONLY,non-voting,METHOD_PASS_CALIBRATION_PENDING,As registered; no proxy qualifier and no truthful-method relabel is carried.,interval-valued fuzzy sets whose interval widths come from assessment uncertainty,DATA,LINEAGE CAL VALIDATE PARSIMONY,"elicited or observed assessments to build the memberships from: an elicited assessment set: expert id; the object assessed; the linguistic or interval assessment given; the elicitation protocol and date; the aggregation rule agreed in advance; and the consistency or agreement statistic across experts; plus the qualified-evidence boundary, because the memberships currently consume raw unqualified cost and schedule indices and the document risk score directly",Elicited Assessment Set plus Qualified Signal State,0 supported document type(s) currently reach this module: none,none on the authoritative edge list,Expert Elicitation Form plus Category-9 Qualification Verdict,Expert Elicitation Form plus Category-9 Qualification Verdict,Elicited Assessment Set plus Qualified Signal State,,,no,"designed memberships, masses or hesitancies with a band ladder [UNSUPPORTED]. No calibration set exists in this repository: no labelled corpus of project outcomes and no expert reference standard, so no boundary can be fitted or tested.","NOT_EMPIRICALLY_VALIDATED. No labelled holdout corpus and no expert reference standard exist for this platform, so how often this module's banding is right is unknown.",no lineage declaration is carried; the platform-wide Category-9 qualification gate is unimplemented and production discloses it: signal_package.py records SIGNAL_QUALIFICATION = 'unqualified' and CATEGORY_9_DEVIATION.,"The shipped arithmetic performs what its name says; the work is the evidence supply above plus the band calibration, not a re-implementation.",,yes,no,yes: consolidation or removal is a RECOMMENDATION only. Run 27 removes nothing and consolidates nothing.,"advisory, non-voting, on the signal ledger with its published claim limit",NEW_STRUCTURED_FORM,Expert Elicitation Form plus Category-9 Qualification Verdict,ABSENT,CONSOLIDATE_CANDIDATE,PKG-ELICIT,P1,Run 30,Run 33,p0-baseline/module_renumbering_map.csv; code_audit/run20_cycle12_100_reaudit.csv; server/app/simulation/method_labels.py; server/app/simulation/parameters.py; server/app/simulation/registry.py; code_audit/signal_flow_authoritative_edges.csv; research/methodology/PCEIF_100_MODULE_SUPERVISORY_METHOD_SPECIFICATION_v1.md,"Interval widths are design constants, so the interval measures the design, not the uncertainty."
B2.5,Z-numbers,B2,Evidence Combination,B,project,ADVISORY_ONLY,non-voting,METHOD_PASS_CALIBRATION_PENDING,As registered; no proxy qualifier and no truthful-method relabel is carried.,Z-numbers: a restriction paired with a reliability measure of that restriction,DATA,LINEAGE CAL VALIDATE PARSIMONY,"elicited or observed assessments to build the memberships from: an elicited assessment set: expert id; the object assessed; the linguistic or interval assessment given; the elicitation protocol and date; the aggregation rule agreed in advance; and the consistency or agreement statistic across experts; plus the qualified-evidence boundary, because the memberships currently consume raw unqualified cost and schedule indices and the document risk score directly",Elicited Assessment Set plus Qualified Signal State,"7 supported document type(s) currently reach this module: commissioning_report, correspondence_notice, field_report, inspection_report, oac_minutes, risk_register, submittal_register",docRiskScore,Expert Elicitation Form plus Category-9 Qualification Verdict,Expert Elicitation Form plus Category-9 Qualification Verdict,Elicited Assessment Set plus Qualified Signal State,,,no,"designed memberships, masses or hesitancies with a band ladder [UNSUPPORTED]. No calibration set exists in this repository: no labelled corpus of project outcomes and no expert reference standard, so no boundary can be fitted or tested.","NOT_EMPIRICALLY_VALIDATED. No labelled holdout corpus and no expert reference standard exist for this platform, so how often this module's banding is right is unknown.",no lineage declaration is carried; the platform-wide Category-9 qualification gate is unimplemented and production discloses it: signal_package.py records SIGNAL_QUALIFICATION = 'unqualified' and CATEGORY_9_DEVIATION.,"The shipped arithmetic performs what its name says; the work is the evidence supply above plus the band calibration, not a re-implementation.",,yes,no,yes: consolidation or removal is a RECOMMENDATION only. Run 27 removes nothing and consolidates nothing.,"advisory, non-voting, on the signal ledger with its published claim limit",NEW_STRUCTURED_FORM,Expert Elicitation Form plus Category-9 Qualification Verdict,ABSENT,CONSOLIDATE_CANDIDATE,PKG-ELICIT,P1,Run 30,Run 33,p0-baseline/module_renumbering_map.csv; code_audit/run20_cycle12_100_reaudit.csv; server/app/simulation/method_labels.py; server/app/simulation/parameters.py; server/app/simulation/registry.py; code_audit/signal_flow_authoritative_edges.csv; research/methodology/PCEIF_100_MODULE_SUPERVISORY_METHOD_SPECIFICATION_v1.md,The reliability component needs an assessed reliability; none is elicited.
B2.6,PLTS,B2,Evidence Combination,B,project,ADVISORY_ONLY,non-voting,METHOD_PASS_CALIBRATION_PENDING,As registered; no proxy qualifier and no truthful-method relabel is carried.,probabilistic linguistic term sets over elicited linguistic assessments with their probabilities,DATA,LINEAGE CAL VALIDATE PARSIMONY,"elicited or observed assessments to build the memberships from: an elicited assessment set: expert id; the object assessed; the linguistic or interval assessment given; the elicitation protocol and date; the aggregation rule agreed in advance; and the consistency or agreement statistic across experts; plus the qualified-evidence boundary, because the memberships currently consume raw unqualified cost and schedule indices and the document risk score directly",Elicited Assessment Set plus Qualified Signal State,"7 supported document type(s) currently reach this module: commissioning_report, correspondence_notice, field_report, inspection_report, oac_minutes, risk_register, submittal_register",docRiskScore,Expert Elicitation Form plus Category-9 Qualification Verdict,Expert Elicitation Form plus Category-9 Qualification Verdict,Elicited Assessment Set plus Qualified Signal State,,,no,"designed memberships, masses or hesitancies with a band ladder [UNSUPPORTED]. No calibration set exists in this repository: no labelled corpus of project outcomes and no expert reference standard, so no boundary can be fitted or tested.","NOT_EMPIRICALLY_VALIDATED. No labelled holdout corpus and no expert reference standard exist for this platform, so how often this module's banding is right is unknown.",no lineage declaration is carried; the platform-wide Category-9 qualification gate is unimplemented and production discloses it: signal_package.py records SIGNAL_QUALIFICATION = 'unqualified' and CATEGORY_9_DEVIATION.,"The shipped arithmetic performs what its name says; the work is the evidence supply above plus the band calibration, not a re-implementation.",,yes,no,yes: consolidation or removal is a RECOMMENDATION only. Run 27 removes nothing and consolidates nothing.,"advisory, non-voting, on the signal ledger with its published claim limit",NEW_STRUCTURED_FORM,Expert Elicitation Form plus Category-9 Qualification Verdict,ABSENT,CONSOLIDATE_CANDIDATE,PKG-ELICIT,P1,Run 30,Run 33,p0-baseline/module_renumbering_map.csv; code_audit/run20_cycle12_100_reaudit.csv; server/app/simulation/method_labels.py; server/app/simulation/parameters.py; server/app/simulation/registry.py; code_audit/signal_flow_authoritative_edges.csv; research/methodology/PCEIF_100_MODULE_SUPERVISORY_METHOD_SPECIFICATION_v1.md,Requires linguistic assessments from people; none are collected.
B2.7,Plithogenic Sets,B2,Evidence Combination,B,project,DISABLED_UNSAFE,non-voting,FUTURE_RESEARCH_ONLY,As registered; no proxy qualifier and no truthful-method relabel is carried.,plithogenic set operations over attributes with degrees of appurtenance and a contradiction degree between attribute values,DATA,METHOD LINEAGE CAL RESEARCH PARSIMONY,"the attribute set with, per attribute: its value range; the dominant value; the degree of appurtenance of each object to each value; and the contradiction degree between each value and the dominant one",Plithogenic Attribute Set,"7 supported document type(s) currently reach this module: commissioning_report, correspondence_notice, field_report, inspection_report, oac_minutes, risk_register, submittal_register",docRiskScore,Expert Elicitation Form,Expert Elicitation Form,Plithogenic Attribute Set,,,no,"designed memberships, masses or hesitancies with a band ladder [UNSUPPORTED]. No calibration set exists in this repository: no labelled corpus of project outcomes and no expert reference standard, so no boundary can be fitted or tested.","NOT_EMPIRICALLY_VALIDATED. No labelled holdout corpus and no expert reference standard exist for this platform, so how often this module's banding is right is unknown.",no lineage declaration is carried; the platform-wide Category-9 qualification gate is unimplemented and production discloses it: signal_package.py records SIGNAL_QUALIFICATION = 'unqualified' and CATEGORY_9_DEVIATION.,"Build from nothing: the formula function is never called and the module is DISABLED_UNSAFE. A real implementation is a new build, not a rename. NOT AUTHORISED IN RUN 27 and no activation is proposed.",Disabled: no plithogenic structure is implemented,no,yes,yes: whether the truthful name replaces the registered name on the participant surface is an instrument decision.,remains disabled; no activation is proposed by this run,NEW_STRUCTURED_FORM,Expert Elicitation Form,ABSENT,KEEP_RESEARCH_ONLY,PKG-ELICIT,P3,Run 30,Run 33,p0-baseline/module_renumbering_map.csv; code_audit/run20_cycle12_100_reaudit.csv; server/app/simulation/method_labels.py; server/app/simulation/parameters.py; server/app/simulation/registry.py; code_audit/signal_flow_authoritative_edges.csv; research/methodology/PCEIF_100_MODULE_SUPERVISORY_METHOD_SPECIFICATION_v1.md,"DISABLED_UNSAFE today and its formula function is never called. Assessed as requested: the structure is suppliable in principle through elicitation, but no operational question in this platform is currently expressed in plithogenic terms, and no scientific or operational value has been demonstrated. Recommendation: leave disabled, research-only."
B2.8,Belief Rule Base,B2,Evidence Combination,B,project,ADVISORY_ONLY,non-voting,METHOD_PASS_CALIBRATION_PENDING,As registered; no proxy qualifier and no truthful-method relabel is carried.,belief rule base inference with rule weights and attribute weights learned or elicited,DATA,LINEAGE CAL VALIDATE,"elicited or observed assessments to build the memberships from: an elicited assessment set: expert id; the object assessed; the linguistic or interval assessment given; the elicitation protocol and date; the aggregation rule agreed in advance; and the consistency or agreement statistic across experts; plus the qualified-evidence boundary, because the memberships currently consume raw unqualified cost and schedule indices and the document risk score directly",Elicited Assessment Set plus Qualified Signal State,"7 supported document type(s) currently reach this module: commissioning_report, correspondence_notice, field_report, inspection_report, oac_minutes, risk_register, submittal_register",docRiskScore,Expert Elicitation Form plus Category-9 Qualification Verdict,Expert Elicitation Form plus Category-9 Qualification Verdict,Elicited Assessment Set plus Qualified Signal State,,,no,"designed memberships, masses or hesitancies with a band ladder [UNSUPPORTED]. No calibration set exists in this repository: no labelled corpus of project outcomes and no expert reference standard, so no boundary can be fitted or tested.","NOT_EMPIRICALLY_VALIDATED. No labelled holdout corpus and no expert reference standard exist for this platform, so how often this module's banding is right is unknown.",no lineage declaration is carried; the platform-wide Category-9 qualification gate is unimplemented and production discloses it: signal_package.py records SIGNAL_QUALIFICATION = 'unqualified' and CATEGORY_9_DEVIATION.,"The shipped arithmetic performs what its name says; the work is the evidence supply above plus the band calibration, not a re-implementation.",,no,no,no,"advisory, non-voting, on the signal ledger with its published claim limit",NEW_STRUCTURED_FORM,Expert Elicitation Form plus Category-9 Qualification Verdict,ABSENT,KEEP_AND_SUPPLY,PKG-ELICIT,P1,Run 30,Run 33,p0-baseline/module_renumbering_map.csv; code_audit/run20_cycle12_100_reaudit.csv; server/app/simulation/method_labels.py; server/app/simulation/parameters.py; server/app/simulation/registry.py; code_audit/signal_flow_authoritative_edges.csv; research/methodology/PCEIF_100_MODULE_SUPERVISORY_METHOD_SPECIFICATION_v1.md,The rule base is designed rather than learned or elicited.
B2.9,Quantum Probability,B2,Evidence Combination,B,project,DISABLED_UNSAFE,non-voting,FUTURE_RESEARCH_ONLY,As registered; no proxy qualifier and no truthful-method relabel is carried.,"quantum probability: a state vector in a Hilbert space with projective measurement operators, from which order and interference effects follow",DATA,METHOD LINEAGE CAL RESEARCH PARSIMONY,"the declared Hilbert space and its basis; the projection operators corresponding to each assessment; the state preparation; and an empirical reason to believe the judgments being modelled violate classical additivity, which is the only thing that motivates the formalism",Quantum Judgment Model Specification,"7 supported document type(s) currently reach this module: commissioning_report, correspondence_notice, field_report, inspection_report, oac_minutes, risk_register, submittal_register",docRiskScore,,,,,,no,"designed memberships, masses or hesitancies with a band ladder [UNSUPPORTED]. No calibration set exists in this repository: no labelled corpus of project outcomes and no expert reference standard, so no boundary can be fitted or tested.","NOT_EMPIRICALLY_VALIDATED. No labelled holdout corpus and no expert reference standard exist for this platform, so how often this module's banding is right is unknown.",no lineage declaration is carried; the platform-wide Category-9 qualification gate is unimplemented and production discloses it: signal_package.py records SIGNAL_QUALIFICATION = 'unqualified' and CATEGORY_9_DEVIATION.,"Build from nothing: the formula function is never called and the module is DISABLED_UNSAFE. A real implementation is a new build, not a rename. NOT AUTHORISED IN RUN 27 and no activation is proposed.",Disabled: no quantum probability model is implemented,no,yes,yes: whether the truthful name replaces the registered name on the participant surface is an instrument decision.,remains disabled; no activation is proposed by this run,NOT_REASONABLY_SUPPLIABLE,none proposed: the motivating empirical phenomenon would itself have to be demonstrated first,ABSENT,KEEP_RESEARCH_ONLY,PKG-ELICIT,P3,Run 30,Run 33,p0-baseline/module_renumbering_map.csv; code_audit/run20_cycle12_100_reaudit.csv; server/app/simulation/method_labels.py; server/app/simulation/parameters.py; server/app/simulation/registry.py; code_audit/signal_flow_authoritative_edges.csv; research/methodology/PCEIF_100_MODULE_SUPERVISORY_METHOD_SPECIFICATION_v1.md,"DISABLED_UNSAFE today. Assessed as requested: unlike the fuzzy family this one is NOT simply an elicitation gap. Quantum probability is warranted only where classical probability fails on the data, and no such failure has been observed here. Recommendation: leave disabled; strongest REMOVE_CANDIDATE in the population on parsimony grounds, subject to the owner."
B2.10,Pythagorean Fuzzy Sets,B2,Evidence Combination,B,project,ADVISORY_ONLY,non-voting,CORRECT_PROXY_ONLY,"Published proxy qualifier: hard-coded transformations of raw CPI, SPI and document risk",Pythagorean fuzzy sets over assessed membership and non-membership,DATA,METHOD LINEAGE CAL VALIDATE PARSIMONY,"elicited or observed assessments to build the memberships from: an elicited assessment set: expert id; the object assessed; the linguistic or interval assessment given; the elicitation protocol and date; the aggregation rule agreed in advance; and the consistency or agreement statistic across experts; plus the qualified-evidence boundary, because the memberships currently consume raw unqualified cost and schedule indices and the document risk score directly",Elicited Assessment Set plus Qualified Signal State,"7 supported document type(s) currently reach this module: commissioning_report, correspondence_notice, field_report, inspection_report, oac_minutes, risk_register, submittal_register",docRiskScore,Expert Elicitation Form plus Category-9 Qualification Verdict,Expert Elicitation Form plus Category-9 Qualification Verdict,Elicited Assessment Set plus Qualified Signal State,,,no,"designed memberships, masses or hesitancies with a band ladder [UNSUPPORTED]. No calibration set exists in this repository: no labelled corpus of project outcomes and no expert reference standard, so no boundary can be fitted or tested.","NOT_EMPIRICALLY_VALIDATED. No labelled holdout corpus and no expert reference standard exist for this platform, so how often this module's banding is right is unknown.",lineage declared as CORRELATED; the platform-wide Category-9 qualification gate is unimplemented and production discloses it: signal_package.py records SIGNAL_QUALIFICATION = 'unqualified' and CATEGORY_9_DEVIATION.,"The shipped arithmetic performs what its name says; the work is the evidence supply above plus the band calibration, not a re-implementation.",,yes,no,yes: consolidation or removal is a RECOMMENDATION only. Run 27 removes nothing and consolidates nothing.,"advisory, non-voting, on the signal ledger with its published claim limit",NEW_STRUCTURED_FORM,Expert Elicitation Form plus Category-9 Qualification Verdict,ABSENT,CONSOLIDATE_CANDIDATE,PKG-ELICIT,P1,Run 30,Run 33,p0-baseline/module_renumbering_map.csv; code_audit/run20_cycle12_100_reaudit.csv; server/app/simulation/method_labels.py; server/app/simulation/parameters.py; server/app/simulation/registry.py; code_audit/signal_flow_authoritative_edges.csv; research/methodology/PCEIF_100_MODULE_SUPERVISORY_METHOD_SPECIFICATION_v1.md,"Hard-coded transformations of raw cost index, schedule index and document risk."
B2.11,Picture Fuzzy Sets,B2,Evidence Combination,B,project,ADVISORY_ONLY,non-voting,CORRECT_PROXY_ONLY,Published proxy qualifier: hard-coded memberships consuming raw metrics; no calibration evidenced,"picture fuzzy sets over assessed positive, neutral, negative and refusal degrees",DATA,METHOD LINEAGE CAL VALIDATE PARSIMONY,"elicited or observed assessments to build the memberships from: an elicited assessment set: expert id; the object assessed; the linguistic or interval assessment given; the elicitation protocol and date; the aggregation rule agreed in advance; and the consistency or agreement statistic across experts; plus the qualified-evidence boundary, because the memberships currently consume raw unqualified cost and schedule indices and the document risk score directly",Elicited Assessment Set plus Qualified Signal State,"7 supported document type(s) currently reach this module: commissioning_report, correspondence_notice, field_report, inspection_report, oac_minutes, risk_register, submittal_register",docRiskScore,Expert Elicitation Form plus Category-9 Qualification Verdict,Expert Elicitation Form plus Category-9 Qualification Verdict,Elicited Assessment Set plus Qualified Signal State,,,no,"designed memberships, masses or hesitancies with a band ladder [UNSUPPORTED]. No calibration set exists in this repository: no labelled corpus of project outcomes and no expert reference standard, so no boundary can be fitted or tested.","NOT_EMPIRICALLY_VALIDATED. No labelled holdout corpus and no expert reference standard exist for this platform, so how often this module's banding is right is unknown.",lineage declared as CORRELATED; the platform-wide Category-9 qualification gate is unimplemented and production discloses it: signal_package.py records SIGNAL_QUALIFICATION = 'unqualified' and CATEGORY_9_DEVIATION.,"The shipped arithmetic performs what its name says; the work is the evidence supply above plus the band calibration, not a re-implementation.",,yes,no,yes: consolidation or removal is a RECOMMENDATION only. Run 27 removes nothing and consolidates nothing.,"advisory, non-voting, on the signal ledger with its published claim limit",NEW_STRUCTURED_FORM,Expert Elicitation Form plus Category-9 Qualification Verdict,ABSENT,CONSOLIDATE_CANDIDATE,PKG-ELICIT,P1,Run 30,Run 33,p0-baseline/module_renumbering_map.csv; code_audit/run20_cycle12_100_reaudit.csv; server/app/simulation/method_labels.py; server/app/simulation/parameters.py; server/app/simulation/registry.py; code_audit/signal_flow_authoritative_edges.csv; research/methodology/PCEIF_100_MODULE_SUPERVISORY_METHOD_SPECIFICATION_v1.md,Hard-coded memberships consuming raw metrics.
B2.12,Hesitant Fuzzy Sets,B2,Evidence Combination,B,project,ADVISORY_ONLY,non-voting,CORRECT_PROXY_ONLY,"Published proxy qualifier: designed perturbations, not elicited or observed hesitant assessments",hesitant fuzzy sets over MULTIPLE assessments of the same object by different assessors,DATA,METHOD LINEAGE CAL VALIDATE PARSIMONY,"elicited or observed assessments to build the memberships from: an elicited assessment set: expert id; the object assessed; the linguistic or interval assessment given; the elicitation protocol and date; the aggregation rule agreed in advance; and the consistency or agreement statistic across experts; plus the qualified-evidence boundary, because the memberships currently consume raw unqualified cost and schedule indices and the document risk score directly",Elicited Assessment Set plus Qualified Signal State,0 supported document type(s) currently reach this module: none,none on the authoritative edge list,Expert Elicitation Form plus Category-9 Qualification Verdict,Expert Elicitation Form plus Category-9 Qualification Verdict,Elicited Assessment Set plus Qualified Signal State,,,no,"designed memberships, masses or hesitancies with a band ladder [UNSUPPORTED]. No calibration set exists in this repository: no labelled corpus of project outcomes and no expert reference standard, so no boundary can be fitted or tested.","NOT_EMPIRICALLY_VALIDATED. No labelled holdout corpus and no expert reference standard exist for this platform, so how often this module's banding is right is unknown.",lineage declared as CORRELATED; the platform-wide Category-9 qualification gate is unimplemented and production discloses it: signal_package.py records SIGNAL_QUALIFICATION = 'unqualified' and CATEGORY_9_DEVIATION.,"The shipped arithmetic performs what its name says; the work is the evidence supply above plus the band calibration, not a re-implementation.",,yes,no,yes: consolidation or removal is a RECOMMENDATION only. Run 27 removes nothing and consolidates nothing.,"advisory, non-voting, on the signal ledger with its published claim limit",NEW_STRUCTURED_FORM,Expert Elicitation Form plus Category-9 Qualification Verdict,ABSENT,CONSOLIDATE_CANDIDATE,PKG-ELICIT,P1,Run 30,Run 33,p0-baseline/module_renumbering_map.csv; code_audit/run20_cycle12_100_reaudit.csv; server/app/simulation/method_labels.py; server/app/simulation/parameters.py; server/app/simulation/registry.py; code_audit/signal_flow_authoritative_edges.csv; research/methodology/PCEIF_100_MODULE_SUPERVISORY_METHOD_SPECIFICATION_v1.md,Designed perturbations stand in for hesitant assessments; hesitancy that is manufactured measures the manufacturing rule.
B2.13,Type-2 Fuzzy Sets,B2,Evidence Combination,B,project,ADVISORY_ONLY,non-voting,CORRECT_PROXY_ONLY,Published proxy qualifier: membership intervals that are designed constants,type-2 fuzzy sets whose footprint of uncertainty comes from disagreement between assessors,DATA,METHOD LINEAGE CAL VALIDATE PARSIMONY,"elicited or observed assessments to build the memberships from: an elicited assessment set: expert id; the object assessed; the linguistic or interval assessment given; the elicitation protocol and date; the aggregation rule agreed in advance; and the consistency or agreement statistic across experts; plus the qualified-evidence boundary, because the memberships currently consume raw unqualified cost and schedule indices and the document risk score directly",Elicited Assessment Set plus Qualified Signal State,0 supported document type(s) currently reach this module: none,none on the authoritative edge list,Expert Elicitation Form plus Category-9 Qualification Verdict,Expert Elicitation Form plus Category-9 Qualification Verdict,Elicited Assessment Set plus Qualified Signal State,,,no,"designed memberships, masses or hesitancies with a band ladder [UNSUPPORTED]. No calibration set exists in this repository: no labelled corpus of project outcomes and no expert reference standard, so no boundary can be fitted or tested.","NOT_EMPIRICALLY_VALIDATED. No labelled holdout corpus and no expert reference standard exist for this platform, so how often this module's banding is right is unknown.",lineage declared as CORRELATED; the platform-wide Category-9 qualification gate is unimplemented and production discloses it: signal_package.py records SIGNAL_QUALIFICATION = 'unqualified' and CATEGORY_9_DEVIATION.,"The shipped arithmetic performs what its name says; the work is the evidence supply above plus the band calibration, not a re-implementation.",,yes,no,yes: consolidation or removal is a RECOMMENDATION only. Run 27 removes nothing and consolidates nothing.,"advisory, non-voting, on the signal ledger with its published claim limit",NEW_STRUCTURED_FORM,Expert Elicitation Form plus Category-9 Qualification Verdict,ABSENT,CONSOLIDATE_CANDIDATE,PKG-ELICIT,P1,Run 30,Run 33,p0-baseline/module_renumbering_map.csv; code_audit/run20_cycle12_100_reaudit.csv; server/app/simulation/method_labels.py; server/app/simulation/parameters.py; server/app/simulation/registry.py; code_audit/signal_flow_authoritative_edges.csv; research/methodology/PCEIF_100_MODULE_SUPERVISORY_METHOD_SPECIFICATION_v1.md,Membership intervals are designed constants.
B2.14,Maximum Entropy,B2,Evidence Combination,B,project,ADVISORY_ONLY,non-voting,CORRECT_PROXY_ONLY,"Entropy of a designed band lookup: reads a fixed four-way probability vector from the worse of the two performance indices, adjusts two of its entries by the document risk score, renormalises and reports the normalised Shannon entropy",maximum entropy: the distribution of greatest entropy subject to stated moment constraints,DATA,METHOD LINEAGE CAL VALIDATE PARSIMONY,"elicited or observed assessments to build the memberships from: an elicited assessment set: expert id; the object assessed; the linguistic or interval assessment given; the elicitation protocol and date; the aggregation rule agreed in advance; and the consistency or agreement statistic across experts; plus the qualified-evidence boundary, because the memberships currently consume raw unqualified cost and schedule indices and the document risk score directly",Elicited Assessment Set plus Qualified Signal State,"7 supported document type(s) currently reach this module: commissioning_report, correspondence_notice, field_report, inspection_report, oac_minutes, risk_register, submittal_register",docRiskScore,Expert Elicitation Form plus Category-9 Qualification Verdict,Expert Elicitation Form plus Category-9 Qualification Verdict,Elicited Assessment Set plus Qualified Signal State,,,no,"designed memberships, masses or hesitancies with a band ladder [UNSUPPORTED]. No calibration set exists in this repository: no labelled corpus of project outcomes and no expert reference standard, so no boundary can be fitted or tested.","NOT_EMPIRICALLY_VALIDATED. No labelled holdout corpus and no expert reference standard exist for this platform, so how often this module's banding is right is unknown.",lineage declared as CORRELATED; the platform-wide Category-9 qualification gate is unimplemented and production discloses it: signal_package.py records SIGNAL_QUALIFICATION = 'unqualified' and CATEGORY_9_DEVIATION.,"Implement the canonical structure once the evidence exists: moment constraints and a maximisation subject to them. Nothing is maximised: the distribution is looked up, so the entropy measures the lookup table. Until then the truthful method label is what the interface, export and methods documentation publish.",Entropy of a designed band lookup,no,no,yes: whether the truthful name replaces the registered name on the participant surface is an instrument decision.,"advisory, non-voting, on the signal ledger with its published claim limit",NEW_STRUCTURED_FORM,Expert Elicitation Form plus Category-9 Qualification Verdict,ABSENT,KEEP_AS_TRUTHFUL_PROXY,PKG-ELICIT,P1,Run 30,Run 33,p0-baseline/module_renumbering_map.csv; code_audit/run20_cycle12_100_reaudit.csv; server/app/simulation/method_labels.py; server/app/simulation/parameters.py; server/app/simulation/registry.py; code_audit/signal_flow_authoritative_edges.csv; research/methodology/PCEIF_100_MODULE_SUPERVISORY_METHOD_SPECIFICATION_v1.md,"Nothing is maximised. The distribution is looked up from a fixed table, so the entropy measures the lookup table."
B2.15,Possibility Theory,B2,Evidence Combination,B,project,ADVISORY_ONLY,non-voting,CORRECT_PROXY_ONLY,Published proxy qualifier: fixed mappings from raw metrics; no governed possibility distribution,possibility theory with a governed possibility distribution,DATA,METHOD LINEAGE CAL VALIDATE PARSIMONY,"elicited or observed assessments to build the memberships from: an elicited assessment set: expert id; the object assessed; the linguistic or interval assessment given; the elicitation protocol and date; the aggregation rule agreed in advance; and the consistency or agreement statistic across experts; plus the qualified-evidence boundary, because the memberships currently consume raw unqualified cost and schedule indices and the document risk score directly",Elicited Assessment Set plus Qualified Signal State,"7 supported document type(s) currently reach this module: commissioning_report, correspondence_notice, field_report, inspection_report, oac_minutes, risk_register, submittal_register",docRiskScore,Expert Elicitation Form plus Category-9 Qualification Verdict,Expert Elicitation Form plus Category-9 Qualification Verdict,Elicited Assessment Set plus Qualified Signal State,,,no,"designed memberships, masses or hesitancies with a band ladder [UNSUPPORTED]. No calibration set exists in this repository: no labelled corpus of project outcomes and no expert reference standard, so no boundary can be fitted or tested.","NOT_EMPIRICALLY_VALIDATED. No labelled holdout corpus and no expert reference standard exist for this platform, so how often this module's banding is right is unknown.",lineage declared as CORRELATED; the platform-wide Category-9 qualification gate is unimplemented and production discloses it: signal_package.py records SIGNAL_QUALIFICATION = 'unqualified' and CATEGORY_9_DEVIATION.,"The shipped arithmetic performs what its name says; the work is the evidence supply above plus the band calibration, not a re-implementation.",,yes,no,yes: consolidation or removal is a RECOMMENDATION only. Run 27 removes nothing and consolidates nothing.,"advisory, non-voting, on the signal ledger with its published claim limit",NEW_STRUCTURED_FORM,Expert Elicitation Form plus Category-9 Qualification Verdict,ABSENT,CONSOLIDATE_CANDIDATE,PKG-ELICIT,P1,Run 30,Run 33,p0-baseline/module_renumbering_map.csv; code_audit/run20_cycle12_100_reaudit.csv; server/app/simulation/method_labels.py; server/app/simulation/parameters.py; server/app/simulation/registry.py; code_audit/signal_flow_authoritative_edges.csv; research/methodology/PCEIF_100_MODULE_SUPERVISORY_METHOD_SPECIFICATION_v1.md,Fixed mappings from raw metrics; no governed distribution.
B2.16,Spherical Fuzzy Sets,B2,Evidence Combination,B,project,ADVISORY_ONLY,non-voting,CORRECT_PROXY_ONLY,Published proxy qualifier: algebraically bounded but fixed memberships on raw unqualified inputs,"spherical fuzzy sets over assessed membership, non-membership and hesitancy",DATA,METHOD LINEAGE CAL VALIDATE PARSIMONY,"elicited or observed assessments to build the memberships from: an elicited assessment set: expert id; the object assessed; the linguistic or interval assessment given; the elicitation protocol and date; the aggregation rule agreed in advance; and the consistency or agreement statistic across experts; plus the qualified-evidence boundary, because the memberships currently consume raw unqualified cost and schedule indices and the document risk score directly",Elicited Assessment Set plus Qualified Signal State,"7 supported document type(s) currently reach this module: commissioning_report, correspondence_notice, field_report, inspection_report, oac_minutes, risk_register, submittal_register",docRiskScore,Expert Elicitation Form plus Category-9 Qualification Verdict,Expert Elicitation Form plus Category-9 Qualification Verdict,Elicited Assessment Set plus Qualified Signal State,,,no,"designed memberships, masses or hesitancies with a band ladder [UNSUPPORTED]. No calibration set exists in this repository: no labelled corpus of project outcomes and no expert reference standard, so no boundary can be fitted or tested.","NOT_EMPIRICALLY_VALIDATED. No labelled holdout corpus and no expert reference standard exist for this platform, so how often this module's banding is right is unknown.",lineage declared as CORRELATED; the platform-wide Category-9 qualification gate is unimplemented and production discloses it: signal_package.py records SIGNAL_QUALIFICATION = 'unqualified' and CATEGORY_9_DEVIATION.,"The shipped arithmetic performs what its name says; the work is the evidence supply above plus the band calibration, not a re-implementation.",,yes,no,yes: consolidation or removal is a RECOMMENDATION only. Run 27 removes nothing and consolidates nothing.,"advisory, non-voting, on the signal ledger with its published claim limit",NEW_STRUCTURED_FORM,Expert Elicitation Form plus Category-9 Qualification Verdict,ABSENT,CONSOLIDATE_CANDIDATE,PKG-ELICIT,P1,Run 30,Run 33,p0-baseline/module_renumbering_map.csv; code_audit/run20_cycle12_100_reaudit.csv; server/app/simulation/method_labels.py; server/app/simulation/parameters.py; server/app/simulation/registry.py; code_audit/signal_flow_authoritative_edges.csv; research/methodology/PCEIF_100_MODULE_SUPERVISORY_METHOD_SPECIFICATION_v1.md,Algebraically bounded but fixed memberships on raw unqualified inputs.
B2.17,Fermatean Fuzzy Sets,B2,Evidence Combination,B,project,ADVISORY_ONLY,non-voting,CORRECT_PROXY_ONLY,"Published proxy qualifier: formula-shaped with designed memberships, no empirical or elicitation basis",Fermatean fuzzy sets over assessed membership and non-membership,DATA,METHOD LINEAGE CAL VALIDATE PARSIMONY,"elicited or observed assessments to build the memberships from: an elicited assessment set: expert id; the object assessed; the linguistic or interval assessment given; the elicitation protocol and date; the aggregation rule agreed in advance; and the consistency or agreement statistic across experts; plus the qualified-evidence boundary, because the memberships currently consume raw unqualified cost and schedule indices and the document risk score directly",Elicited Assessment Set plus Qualified Signal State,0 supported document type(s) currently reach this module: none,none on the authoritative edge list,Expert Elicitation Form plus Category-9 Qualification Verdict,Expert Elicitation Form plus Category-9 Qualification Verdict,Elicited Assessment Set plus Qualified Signal State,,,no,"designed memberships, masses or hesitancies with a band ladder [UNSUPPORTED]. No calibration set exists in this repository: no labelled corpus of project outcomes and no expert reference standard, so no boundary can be fitted or tested.","NOT_EMPIRICALLY_VALIDATED. No labelled holdout corpus and no expert reference standard exist for this platform, so how often this module's banding is right is unknown.",lineage declared as CORRELATED; the platform-wide Category-9 qualification gate is unimplemented and production discloses it: signal_package.py records SIGNAL_QUALIFICATION = 'unqualified' and CATEGORY_9_DEVIATION.,"The shipped arithmetic performs what its name says; the work is the evidence supply above plus the band calibration, not a re-implementation.",,yes,no,yes: consolidation or removal is a RECOMMENDATION only. Run 27 removes nothing and consolidates nothing.,"advisory, non-voting, on the signal ledger with its published claim limit",NEW_STRUCTURED_FORM,Expert Elicitation Form plus Category-9 Qualification Verdict,ABSENT,CONSOLIDATE_CANDIDATE,PKG-ELICIT,P1,Run 30,Run 33,p0-baseline/module_renumbering_map.csv; code_audit/run20_cycle12_100_reaudit.csv; server/app/simulation/method_labels.py; server/app/simulation/parameters.py; server/app/simulation/registry.py; code_audit/signal_flow_authoritative_edges.csv; research/methodology/PCEIF_100_MODULE_SUPERVISORY_METHOD_SPECIFICATION_v1.md,"Property testing over a 5,166-point grid shows its band is a function of min(cpi, spi) ALONE, so it carries strictly less information than its three-input siblings."
B2.18,MARCOS Ranking,B2,Evidence Combination,B,project,ADVISORY_ONLY,non-voting,OWNER_DECISION_REQUIRED,Single-project criterion scoring against designed reference points: scores this one project against designed ideal and anti-ideal reference points,MARCOS: ranking of a SET of alternatives against ideal and anti-ideal reference points derived from that set,DATA,METHOD LINEAGE CAL VALIDATE PARSIMONY,"a real alternative set to rank: a set of candidate actions with stable ids and a description of each; the decision variables each action moves, with type, unit and bounds; the objective functions with coefficients and sense (minimise or maximise); the constraint set with coefficient matrix, relation and right-hand side; and the units of every quantity so the model is dimensionally coherent. The reference points must be derived from the alternative set, which is what makes them ideal and anti-ideal",Decision Alternatives Table,"7 supported document type(s) currently reach this module: commissioning_report, correspondence_notice, field_report, inspection_report, oac_minutes, risk_register, submittal_register",docRiskScore,Decision Alternatives Table,Decision Alternatives Table,Decision Alternatives Table,,,no,"designed memberships, masses or hesitancies with a band ladder [UNSUPPORTED]. No calibration set exists in this repository: no labelled corpus of project outcomes and no expert reference standard, so no boundary can be fitted or tested.","NOT_EMPIRICALLY_VALIDATED. No labelled holdout corpus and no expert reference standard exist for this platform, so how often this module's banding is right is unknown.",lineage declared as CORRELATED; the platform-wide Category-9 qualification gate is unimplemented and production discloses it: signal_package.py records SIGNAL_QUALIFICATION = 'unqualified' and CATEGORY_9_DEVIATION.,"Implement the canonical structure once the evidence exists: a real set of alternatives to rank. A ranking method over one alternative returns that alternative, and the reference points are designed rather than derived from the alternative set as the method requires. Until then the truthful method label is what the interface, export and methods documentation publish.",Single-project criterion scoring against designed reference points,no,no,yes: A ranking method over one alternative returns that alternative. Either a real alternative set is supplied or the module is not a ranking method; the owner decides which.,"advisory, non-voting, on the signal ledger with its published claim limit",NEW_STRUCTURED_FORM,Decision Alternatives Table,ABSENT,OWNER_DECISION_REQUIRED,PKG-ALTERNATIVES,P1,Run 30,Run 33,p0-baseline/module_renumbering_map.csv; code_audit/run20_cycle12_100_reaudit.csv; server/app/simulation/method_labels.py; server/app/simulation/parameters.py; server/app/simulation/registry.py; code_audit/signal_flow_authoritative_edges.csv; research/methodology/PCEIF_100_MODULE_SUPERVISORY_METHOD_SPECIFICATION_v1.md,A ranking method over one alternative returns that alternative. Either a real alternative set is supplied or the module is not a ranking method; the owner decides which.
B2.19,CRITIC-TOPSIS,B2,Evidence Combination,B,project,ADVISORY_ONLY,non-voting,CORRECT_ABSTENTION,As registered; no proxy qualifier and no truthful-method relabel is carried.,CRITIC weighting followed by TOPSIS ranking over a decision matrix of alternatives by criteria,DATA,LINEAGE CAL VALIDATE,"a decision matrix: a set of candidate actions with stable ids and a description of each; the decision variables each action moves, with type, unit and bounds; the objective functions with coefficients and sense (minimise or maximise); the constraint set with coefficient matrix, relation and right-hand side; and the units of every quantity so the model is dimensionally coherent. CRITIC weights are derived from the contrast and conflict WITHIN the alternative set, so a single alternative supplies no weights at all",Decision Alternatives Table,"7 supported document type(s) currently reach this module: commissioning_report, correspondence_notice, field_report, inspection_report, oac_minutes, risk_register, submittal_register",docRiskScore,Decision Alternatives Table,Decision Alternatives Table,Decision Alternatives Table,,,no,"designed memberships, masses or hesitancies with a band ladder [UNSUPPORTED]. No calibration set exists in this repository: no labelled corpus of project outcomes and no expert reference standard, so no boundary can be fitted or tested.","NOT_EMPIRICALLY_VALIDATED. No labelled holdout corpus and no expert reference standard exist for this platform, so how often this module's banding is right is unknown.",no lineage declaration is carried; the platform-wide Category-9 qualification gate is unimplemented and production discloses it: signal_package.py records SIGNAL_QUALIFICATION = 'unqualified' and CATEGORY_9_DEVIATION.,"The shipped arithmetic performs what its name says; the work is the evidence supply above plus the band calibration, not a re-implementation.",,no,no,no,"advisory, non-voting, on the signal ledger with its published claim limit",NEW_STRUCTURED_FORM,Decision Alternatives Table,ABSENT,KEEP_AND_SUPPLY,PKG-ALTERNATIVES,P1,Run 30,Run 33,p0-baseline/module_renumbering_map.csv; code_audit/run20_cycle12_100_reaudit.csv; server/app/simulation/method_labels.py; server/app/simulation/parameters.py; server/app/simulation/registry.py; code_audit/signal_flow_authoritative_edges.csv; research/methodology/PCEIF_100_MODULE_SUPERVISORY_METHOD_SPECIFICATION_v1.md,"Abstains today, correctly."
B2.20,Hypersoft Sets,B2,Evidence Combination,B,project,DISABLED_UNSAFE,non-voting,FUTURE_RESEARCH_ONLY,As registered; no proxy qualifier and no truthful-method relabel is carried.,"hypersoft sets: a soft set over a Cartesian product of attribute-value sets, with a mapping from each attribute tuple to a subset of the universe",DATA,METHOD LINEAGE CAL RESEARCH PARSIMONY,the universe of objects; the attribute set with the value set of each attribute; and the mapping from each tuple of attribute values to its subset of the universe,Hypersoft Attribute Mapping,"7 supported document type(s) currently reach this module: commissioning_report, correspondence_notice, field_report, inspection_report, oac_minutes, risk_register, submittal_register",docRiskScore,Expert Elicitation Form,Expert Elicitation Form,Hypersoft Attribute Mapping,,,no,"designed memberships, masses or hesitancies with a band ladder [UNSUPPORTED]. No calibration set exists in this repository: no labelled corpus of project outcomes and no expert reference standard, so no boundary can be fitted or tested.","NOT_EMPIRICALLY_VALIDATED. No labelled holdout corpus and no expert reference standard exist for this platform, so how often this module's banding is right is unknown.",no lineage declaration is carried; the platform-wide Category-9 qualification gate is unimplemented and production discloses it: signal_package.py records SIGNAL_QUALIFICATION = 'unqualified' and CATEGORY_9_DEVIATION.,"Build from nothing: the formula function is never called and the module is DISABLED_UNSAFE. A real implementation is a new build, not a rename. NOT AUTHORISED IN RUN 27 and no activation is proposed.",Disabled: no hypersoft structure is implemented,no,yes,yes: whether the truthful name replaces the registered name on the participant surface is an instrument decision.,remains disabled; no activation is proposed by this run,NEW_STRUCTURED_FORM,Expert Elicitation Form,ABSENT,KEEP_RESEARCH_ONLY,PKG-ELICIT,P3,Run 30,Run 33,p0-baseline/module_renumbering_map.csv; code_audit/run20_cycle12_100_reaudit.csv; server/app/simulation/method_labels.py; server/app/simulation/parameters.py; server/app/simulation/registry.py; code_audit/signal_flow_authoritative_edges.csv; research/methodology/PCEIF_100_MODULE_SUPERVISORY_METHOD_SPECIFICATION_v1.md,"DISABLED_UNSAFE today. Assessed as requested: a hypersoft set needs a universe of objects, and a single project is not a universe. Suppliable only if the platform ever ranks a real alternative or project set. Recommendation: leave disabled, research-only."
B3.1,ABM Governance Layer,B3,Regulatory & Authority Thresholds,B,project,ADVISORY_ONLY,non-voting,CORRECT_PROXY_ONLY,Action boundary and authority matrix: maps the decision layer state to the action to take and the authority that may take it,"agent-based modelling: agents with decision rules, an interaction structure and time steps",DATA,METHOD LINEAGE VALIDATE PARSIMONY,agent types with attributes; a decision rule per agent type; an interaction or network structure between agents; an environment state the agents read and write; a time-step definition; and initialisation and replication policy,Agent / Resource Definition,"7 supported document type(s) currently reach this module: commissioning_report, correspondence_notice, field_report, inspection_report, oac_minutes, risk_register, submittal_register",docRiskScore,Agent and Resource Definition Set,Agent and Resource Definition Set,Agent / Resource Definition,,,no,"no tunable value: the module carries no threshold, weight or boundary of its own. Calibration status: NOT_APPLICABLE.","NOT_EMPIRICALLY_VALIDATED. No labelled holdout corpus and no expert reference standard exist for this platform, so how often this module's banding is right is unknown.",no lineage declaration is carried; the platform-wide Category-9 qualification gate is unimplemented and production discloses it: signal_package.py records SIGNAL_QUALIFICATION = 'unqualified' and CATEGORY_9_DEVIATION.,"Implement the canonical structure once the evidence exists: agents with decision rules, an interaction structure and time steps. The mapping itself is sound and is not changed; what is absent is everything that would make it agent based. Until then the truthful method label is what the interface, export and methods documentation publish.",Action boundary and authority matrix,no,no,"yes: the served participant surface is frozen and checksummed and the study is mid-sequence, so a rename on the participant surface is an instrument decision for the owner, not a remediation.","advisory, non-voting, on the signal ledger with its published claim limit",NEW_STRUCTURED_FORM,Agent and Resource Definition Set,ABSENT,RENAME,PKG-CAT9,P0,Run 31,Run 33,p0-baseline/module_renumbering_map.csv; code_audit/run20_cycle12_100_reaudit.csv; server/app/simulation/method_labels.py; server/app/simulation/parameters.py; server/app/simulation/registry.py; code_audit/signal_flow_authoritative_edges.csv; research/methodology/PCEIF_100_MODULE_SUPERVISORY_METHOD_SPECIFICATION_v1.md,"The mapping from decision-layer state to action and authority is sound and is what the platform actually needs; nothing about it is agent based. It ALSO declares raw cpi, spi and docRiskScore as required inputs, which specification section 18 forbids in those words, and that is the P0 rather than the naming."
B3.2,FAR Threshold Monitor,B3,Regulatory & Authority Thresholds,B,project,ADVISORY_ONLY,non-voting,METHOD_PASS_CALIBRATION_PENDING,As registered; no proxy qualifier and no truthful-method relabel is carried.,"a Federal Acquisition Regulation threshold determination at a stated part, version and applicability",DATA,LINEAGE REG CAL VALIDATE,the issuing authority; the instrument identifier and its clause or section; the version and its effective date; the jurisdiction; an applicability predicate stating which projects the rule binds; the numeric level the instrument itself states (rather than one chosen here); and an evidence object recording which document proved the condition and where in it,Regulatory Applicability Record,"5 supported document type(s) currently reach this module: change_order, contract_value, monthly_report, pay_application, schedule_of_values","ac, bac, ev",Regulatory Applicability Record,,Regulatory Applicability Record,,,yes: Regulatory Applicability Record,"internal review levels and a band ladder [UNSUPPORTED]. No calibration set exists in this repository: no labelled corpus of project outcomes and no expert reference standard, so no boundary can be fitted or tested.","NOT_EMPIRICALLY_VALIDATED. No labelled holdout corpus and no expert reference standard exist for this platform, so how often this module's banding is right is unknown.",lineage declared as SAME_SOURCE_TRANSFORM; the platform-wide Category-9 qualification gate is unimplemented and production discloses it: signal_package.py records SIGNAL_QUALIFICATION = 'unqualified' and CATEGORY_9_DEVIATION.,"The shipped arithmetic performs what its name says; the work is the evidence supply above plus the band calibration, not a re-implementation.",,no,no,no,"advisory, non-voting, on the signal ledger with its published claim limit",NEW_PROJECT_DATA_OBJECT,Regulatory Applicability Record,ABSENT,KEEP_AND_SUPPLY,PKG-REG,P1,Run 31,Run 33,p0-baseline/module_renumbering_map.csv; code_audit/run20_cycle12_100_reaudit.csv; server/app/simulation/method_labels.py; server/app/simulation/parameters.py; server/app/simulation/registry.py; code_audit/signal_flow_authoritative_edges.csv; research/methodology/PCEIF_100_MODULE_SUPERVISORY_METHOD_SPECIFICATION_v1.md,Run 20 Cycle 2 already removed one false attribution of a FAR part to an internally chosen level in B4.3. The same exposure exists wherever a regulation is named beside a number the regulation does not state.
B3.3,OMB A-11 Check,B3,Regulatory & Authority Thresholds,B,project,ADVISORY_ONLY,non-voting,METHOD_PASS_CALIBRATION_PENDING,As registered; no proxy qualifier and no truthful-method relabel is carried.,an OMB Circular A-11 reporting determination at a stated version and applicability,DATA,LINEAGE REG CAL VALIDATE,the issuing authority; the instrument identifier and its clause or section; the version and its effective date; the jurisdiction; an applicability predicate stating which projects the rule binds; the numeric level the instrument itself states (rather than one chosen here); and an evidence object recording which document proved the condition and where in it,Regulatory Applicability Record,"5 supported document type(s) currently reach this module: change_order, contract_value, monthly_report, pay_application, schedule_of_values","actualPctComplete, bac",Regulatory Applicability Record,,Regulatory Applicability Record,,,yes: Regulatory Applicability Record,"internal review levels and a band ladder [UNSUPPORTED]. No calibration set exists in this repository: no labelled corpus of project outcomes and no expert reference standard, so no boundary can be fitted or tested.","NOT_EMPIRICALLY_VALIDATED. No labelled holdout corpus and no expert reference standard exist for this platform, so how often this module's banding is right is unknown.",no lineage declaration is carried; the platform-wide Category-9 qualification gate is unimplemented and production discloses it: signal_package.py records SIGNAL_QUALIFICATION = 'unqualified' and CATEGORY_9_DEVIATION.,"The shipped arithmetic performs what its name says; the work is the evidence supply above plus the band calibration, not a re-implementation.",,no,no,no,"advisory, non-voting, on the signal ledger with its published claim limit",NEW_PROJECT_DATA_OBJECT,Regulatory Applicability Record,ABSENT,KEEP_AND_SUPPLY,PKG-REG,P1,Run 31,Run 33,p0-baseline/module_renumbering_map.csv; code_audit/run20_cycle12_100_reaudit.csv; server/app/simulation/method_labels.py; server/app/simulation/parameters.py; server/app/simulation/registry.py; code_audit/signal_flow_authoritative_edges.csv; research/methodology/PCEIF_100_MODULE_SUPERVISORY_METHOD_SPECIFICATION_v1.md,A-11 binds federal agencies; whether it binds a given project in this platform is exactly the applicability predicate that is missing.
B3.4,EVM Reporting Threshold,B3,Regulatory & Authority Thresholds,B,project,ADVISORY_ONLY,non-voting,METHOD_PASS_CALIBRATION_PENDING,As registered; no proxy qualifier and no truthful-method relabel is carried.,an earned value management reporting-threshold determination at a stated authority and version,DATA,LINEAGE REG CAL VALIDATE,the issuing authority; the instrument identifier and its clause or section; the version and its effective date; the jurisdiction; an applicability predicate stating which projects the rule binds; the numeric level the instrument itself states (rather than one chosen here); and an evidence object recording which document proved the condition and where in it,Regulatory Applicability Record,"5 supported document type(s) currently reach this module: change_order, contract_value, monthly_report, pay_application, schedule_of_values",bac,Regulatory Applicability Record,,Regulatory Applicability Record,,,yes: Regulatory Applicability Record,"internal review levels and a band ladder [UNSUPPORTED]. No calibration set exists in this repository: no labelled corpus of project outcomes and no expert reference standard, so no boundary can be fitted or tested.","NOT_EMPIRICALLY_VALIDATED. No labelled holdout corpus and no expert reference standard exist for this platform, so how often this module's banding is right is unknown.",lineage declared as CORRELATED; the platform-wide Category-9 qualification gate is unimplemented and production discloses it: signal_package.py records SIGNAL_QUALIFICATION = 'unqualified' and CATEGORY_9_DEVIATION.,"The shipped arithmetic performs what its name says; the work is the evidence supply above plus the band calibration, not a re-implementation.",,no,no,no,"advisory, non-voting, on the signal ledger with its published claim limit",NEW_PROJECT_DATA_OBJECT,Regulatory Applicability Record,ABSENT,KEEP_AND_SUPPLY,PKG-REG,P1,Run 31,Run 33,p0-baseline/module_renumbering_map.csv; code_audit/run20_cycle12_100_reaudit.csv; server/app/simulation/method_labels.py; server/app/simulation/parameters.py; server/app/simulation/registry.py; code_audit/signal_flow_authoritative_edges.csv; research/methodology/PCEIF_100_MODULE_SUPERVISORY_METHOD_SPECIFICATION_v1.md,
B3.5,Contract Modification Frequency,B3,Regulatory & Authority Thresholds,B,project,ADVISORY_ONLY,non-voting,CORRECT_PROXY_ONLY,Published proxy qualifier: a raw modification count; not a frequency without a denominator,contract modification frequency: modifications per unit of exposure time or contract value,DATA,METHOD LINEAGE CAL VALIDATE PARSIMONY,"an exposure window or exposure value, as for A4.6: the period the counted modifications arose in, or the contract value they are counted against",Document Event Denominator,"2 supported document type(s) currently reach this module: change_order, contract_value","baselineContractSum, changeOrderCount",,,Document Event Denominator,,,no,"a joint ladder over a raw modification count and a growth percentage [UNSUPPORTED]. No calibration set exists in this repository: no labelled corpus of project outcomes and no expert reference standard, so no boundary can be fitted or tested.","NOT_EMPIRICALLY_VALIDATED. No labelled holdout corpus and no expert reference standard exist for this platform, so how often this module's banding is right is unknown.",lineage declared as SAME_SOURCE_TRANSFORM; the platform-wide Category-9 qualification gate is unimplemented and production discloses it: signal_package.py records SIGNAL_QUALIFICATION = 'unqualified' and CATEGORY_9_DEVIATION.,"The shipped arithmetic performs what its name says; the work is the evidence supply above plus the band calibration, not a re-implementation.",Contract modification count,yes,no,yes: consolidation or removal is a RECOMMENDATION only. Run 27 removes nothing and consolidates nothing.,"advisory, non-voting, on the signal ledger with its published claim limit",EXISTING_DOCUMENT_EXTRACTION,Document Event Denominator Set,PRESENT_NOT_EXTRACTED,CONSOLIDATE_CANDIDATE,PKG-DENOM,P1,Run 31,Run 33,p0-baseline/module_renumbering_map.csv; code_audit/run20_cycle12_100_reaudit.csv; server/app/simulation/method_labels.py; server/app/simulation/parameters.py; server/app/simulation/registry.py; code_audit/signal_flow_authoritative_edges.csv; research/methodology/PCEIF_100_MODULE_SUPERVISORY_METHOD_SPECIFICATION_v1.md,"Reads exactly the same two extracted fields as A4.6 Change Order Frequency (baselineContractSum, changeOrderCount) per the authoritative edge list. Two registered modules over one pair of inputs."
B4.1,Multi-Objective Optimization,B4,Decision Optimization,B,project,DISABLED_UNSAFE,non-voting,FUTURE_RESEARCH_ONLY,"Disabled: no objectives, decision variables or feasible set are implemented: nothing. The module is disabled and its formula function is never called","multi-objective optimization over declared objectives, decision variables and a feasible set",DATA,METHOD LINEAGE CAL RESEARCH PARSIMONY,"a set of candidate actions with stable ids and a description of each; the decision variables each action moves, with type, unit and bounds; the objective functions with coefficients and sense (minimise or maximise); the constraint set with coefficient matrix, relation and right-hand side; and the units of every quantity so the model is dimensionally coherent",Objective and Constraint Set,"7 supported document type(s) currently reach this module: commissioning_report, correspondence_notice, field_report, inspection_report, oac_minutes, risk_register, submittal_register",docRiskScore,Decision Alternatives Table plus Objective and Constraint Set,Decision Alternatives Table plus Objective and Constraint Set,Objective and Constraint Set,,,no,"a four band ladder over the quantity the module reports [UNSUPPORTED]. No calibration set exists in this repository: no labelled corpus of project outcomes and no expert reference standard, so no boundary can be fitted or tested.","NOT_EMPIRICALLY_VALIDATED. No labelled holdout corpus and no expert reference standard exist for this platform, so how often this module's banding is right is unknown.",no lineage declaration is carried; the platform-wide Category-9 qualification gate is unimplemented and production discloses it: signal_package.py records SIGNAL_QUALIFICATION = 'unqualified' and CATEGORY_9_DEVIATION.,"Build from nothing: the formula function is never called and the module is DISABLED_UNSAFE. A real implementation is a new build, not a rename. NOT AUTHORISED IN RUN 27 and no activation is proposed.","Disabled: no objectives, decision variables or feasible set are implemented",no,yes,yes: whether the truthful name replaces the registered name on the participant surface is an instrument decision.,remains disabled; no activation is proposed by this run,NEW_STRUCTURED_FORM,Decision Alternatives Table plus Objective and Constraint Set,ABSENT,KEEP_RESEARCH_ONLY,PKG-ALTERNATIVES,P3,Run 32,Run 33,p0-baseline/module_renumbering_map.csv; code_audit/run20_cycle12_100_reaudit.csv; server/app/simulation/method_labels.py; server/app/simulation/parameters.py; server/app/simulation/registry.py; code_audit/signal_flow_authoritative_edges.csv; research/methodology/PCEIF_100_MODULE_SUPERVISORY_METHOD_SPECIFICATION_v1.md,DISABLED_UNSAFE. A real implementation is a new build and not a rename.
B4.2,Linear Programming,B4,Decision Optimization,B,project,DISABLED_UNSAFE,non-voting,FUTURE_RESEARCH_ONLY,"Disabled: no decision variables, objective or constraints are implemented: nothing. The module is disabled and its formula function is never called","linear programming: decision variables, a linear objective, a constraint matrix with right-hand sides and bounds",DATA,METHOD LINEAGE CAL RESEARCH PARSIMONY,"a set of candidate actions with stable ids and a description of each; the decision variables each action moves, with type, unit and bounds; the objective functions with coefficients and sense (minimise or maximise); the constraint set with coefficient matrix, relation and right-hand side; and the units of every quantity so the model is dimensionally coherent",Objective and Constraint Set,"5 supported document type(s) currently reach this module: change_order, contract_value, monthly_report, pay_application, schedule_of_values","ac, bac, ev",Objective and Constraint Set,Objective and Constraint Set,Objective and Constraint Set,,,no,"a four band ladder over the quantity the module reports [UNSUPPORTED]. No calibration set exists in this repository: no labelled corpus of project outcomes and no expert reference standard, so no boundary can be fitted or tested.","NOT_EMPIRICALLY_VALIDATED. No labelled holdout corpus and no expert reference standard exist for this platform, so how often this module's banding is right is unknown.",no lineage declaration is carried; the platform-wide Category-9 qualification gate is unimplemented and production discloses it: signal_package.py records SIGNAL_QUALIFICATION = 'unqualified' and CATEGORY_9_DEVIATION.,"Build from nothing: the formula function is never called and the module is DISABLED_UNSAFE. A real implementation is a new build, not a rename. NOT AUTHORISED IN RUN 27 and no activation is proposed.","Disabled: no decision variables, objective or constraints are implemented",no,yes,yes: whether the truthful name replaces the registered name on the participant surface is an instrument decision.,remains disabled; no activation is proposed by this run,NEW_STRUCTURED_FORM,Objective and Constraint Set,ABSENT,KEEP_RESEARCH_ONLY,PKG-ALTERNATIVES,P3,Run 32,Run 33,p0-baseline/module_renumbering_map.csv; code_audit/run20_cycle12_100_reaudit.csv; server/app/simulation/method_labels.py; server/app/simulation/parameters.py; server/app/simulation/registry.py; code_audit/signal_flow_authoritative_edges.csv; research/methodology/PCEIF_100_MODULE_SUPERVISORY_METHOD_SPECIFICATION_v1.md,DISABLED_UNSAFE. Nothing in the corpus is a decision variable.
B4.3,Constraint Satisfaction Analysis,B4,Decision Optimization,B,project,ADVISORY_ONLY,non-voting,CORRECT_PROXY_ONLY,"Published proxy qualifier: an explainable four-rule checklist, not a constraint-satisfaction solver","constraint satisfaction: a constraint network over declared variables and domains, solved for a satisfying assignment",DATA,METHOD LINEAGE CAL VALIDATE PARSIMONY,"declared decision variables with domains, and constraints over them that are not simply threshold tests on already-computed indices",Objective and Constraint Set,"5 supported document type(s) currently reach this module: change_order, contract_value, monthly_report, pay_application, schedule_of_values",bac,Objective and Constraint Set,Objective and Constraint Set,Objective and Constraint Set,,,no,"internal review levels and a band ladder [UNSUPPORTED]. No calibration set exists in this repository: no labelled corpus of project outcomes and no expert reference standard, so no boundary can be fitted or tested.","NOT_EMPIRICALLY_VALIDATED. No labelled holdout corpus and no expert reference standard exist for this platform, so how often this module's banding is right is unknown.",lineage declared as CORRELATED; the platform-wide Category-9 qualification gate is unimplemented and production discloses it: signal_package.py records SIGNAL_QUALIFICATION = 'unqualified' and CATEGORY_9_DEVIATION.,"The shipped arithmetic performs what its name says; the work is the evidence supply above plus the band calibration, not a re-implementation.",Four-rule project condition check,no,no,"yes: the served participant surface is frozen and checksummed and the study is mid-sequence, so a rename on the participant surface is an instrument decision for the owner, not a remediation.","advisory, non-voting, on the signal ledger with its published claim limit",NEW_STRUCTURED_FORM,Objective and Constraint Set,ABSENT,RENAME,PKG-ALTERNATIVES,P1,Run 32,Run 33,p0-baseline/module_renumbering_map.csv; code_audit/run20_cycle12_100_reaudit.csv; server/app/simulation/method_labels.py; server/app/simulation/parameters.py; server/app/simulation/registry.py; code_audit/signal_flow_authoritative_edges.csv; research/methodology/PCEIF_100_MODULE_SUPERVISORY_METHOD_SPECIFICATION_v1.md,"Answered explicitly for section 8: the truthful checklist reading is the right one, and the rename is the remediation. It also carries a provable arithmetic defect. Of its four rules, 'CPI >= 0.90' logically IMPLIES 'CPI > 0.80', so two of the four items are one cost test, and the satisfaction rate gives cost half the weight while schedule and document risk get a quarter each. That weighting is a consequence of the redundancy rather than a decision."
B4.4,What-If Scenario Matrix,B4,Decision Optimization,B,project,ADVISORY_ONLY,non-voting,CORRECT_PROXY_ONLY,Earned value completion forecast range: computes four completion forecasts by perturbing the cost index and reports the spread between the widest two as a share of budget,"a what-if matrix: candidate actions as rows, scenarios as columns, an outcome in each cell",DATA,METHOD LINEAGE CAL VALIDATE PARSIMONY,"candidate actions with identity (none is carried) and scenario definitions: a set of candidate actions with stable ids and a description of each; the decision variables each action moves, with type, unit and bounds; the objective functions with coefficients and sense (minimise or maximise); the constraint set with coefficient matrix, relation and right-hand side; and the units of every quantity so the model is dimensionally coherent",Decision Alternatives Table plus Scenario Assumption Set,"5 supported document type(s) currently reach this module: change_order, contract_value, monthly_report, pay_application, schedule_of_values","ac, bac, ev",Decision Alternatives Table,Decision Alternatives Table,Decision Alternatives Table plus Scenario Assumption Set,,,no,"a four band ladder over the quantity the module reports [UNSUPPORTED]. No calibration set exists in this repository: no labelled corpus of project outcomes and no expert reference standard, so no boundary can be fitted or tested.","NOT_EMPIRICALLY_VALIDATED. No labelled holdout corpus and no expert reference standard exist for this platform, so how often this module's banding is right is unknown.",no lineage declaration is carried; the platform-wide Category-9 qualification gate is unimplemented and production discloses it: signal_package.py records SIGNAL_QUALIFICATION = 'unqualified' and CATEGORY_9_DEVIATION.,"Implement the canonical structure once the evidence exists: candidate actions with identity as the rows and scenarios as the columns. There is one dimension here, not a matrix, and no action is carried. Until then the truthful method label is what the interface, export and methods documentation publish.",Earned value completion forecast range,no,no,yes: whether the truthful name replaces the registered name on the participant surface is an instrument decision.,"advisory, non-voting, on the signal ledger with its published claim limit",NEW_STRUCTURED_FORM,Decision Alternatives Table,ABSENT,KEEP_AS_TRUTHFUL_PROXY,PKG-ALTERNATIVES,P1,Run 32,Run 33,p0-baseline/module_renumbering_map.csv; code_audit/run20_cycle12_100_reaudit.csv; server/app/simulation/method_labels.py; server/app/simulation/parameters.py; server/app/simulation/registry.py; code_audit/signal_flow_authoritative_edges.csv; research/methodology/PCEIF_100_MODULE_SUPERVISORY_METHOD_SPECIFICATION_v1.md,"There is one dimension here, not a matrix, and no action is carried."
B4.5,Decision Sensitivity Matrix,B4,Decision Optimization,B,project,DISABLED_UNSAFE,non-voting,FUTURE_RESEARCH_ONLY,Disabled: no decisions and no sensitivities are implemented: nothing. The module is disabled and its formula function is never called,a decision sensitivity matrix: a decision set with declared input ranges and a response evaluated over them,DATA,METHOD LINEAGE CAL RESEARCH PARSIMONY,"a decision set and declared input ranges: a set of candidate actions with stable ids and a description of each; the decision variables each action moves, with type, unit and bounds; the objective functions with coefficients and sense (minimise or maximise); the constraint set with coefficient matrix, relation and right-hand side; and the units of every quantity so the model is dimensionally coherent",Decision Alternatives Table plus Input Range Declaration,"7 supported document type(s) currently reach this module: commissioning_report, correspondence_notice, field_report, inspection_report, oac_minutes, risk_register, submittal_register",docRiskScore,Decision Alternatives Table plus Scenario Assumption Set,Decision Alternatives Table plus Scenario Assumption Set,Decision Alternatives Table plus Input Range Declaration,,,no,"a four band ladder over the quantity the module reports [UNSUPPORTED]. No calibration set exists in this repository: no labelled corpus of project outcomes and no expert reference standard, so no boundary can be fitted or tested.","NOT_EMPIRICALLY_VALIDATED. No labelled holdout corpus and no expert reference standard exist for this platform, so how often this module's banding is right is unknown.",no lineage declaration is carried; the platform-wide Category-9 qualification gate is unimplemented and production discloses it: signal_package.py records SIGNAL_QUALIFICATION = 'unqualified' and CATEGORY_9_DEVIATION.,"Build from nothing: the formula function is never called and the module is DISABLED_UNSAFE. A real implementation is a new build, not a rename. NOT AUTHORISED IN RUN 27 and no activation is proposed.",Disabled: no decisions and no sensitivities are implemented,no,yes,yes: whether the truthful name replaces the registered name on the participant surface is an instrument decision.,remains disabled; no activation is proposed by this run,NEW_STRUCTURED_FORM,Decision Alternatives Table plus Scenario Assumption Set,ABSENT,KEEP_RESEARCH_ONLY,PKG-ALTERNATIVES,P3,Run 32,Run 33,p0-baseline/module_renumbering_map.csv; code_audit/run20_cycle12_100_reaudit.csv; server/app/simulation/method_labels.py; server/app/simulation/parameters.py; server/app/simulation/registry.py; code_audit/signal_flow_authoritative_edges.csv; research/methodology/PCEIF_100_MODULE_SUPERVISORY_METHOD_SPECIFICATION_v1.md,DISABLED_UNSAFE.
B4.6,Pareto Frontier Analysis,B4,Decision Optimization,B,project,DISABLED_UNSAFE,non-voting,FUTURE_RESEARCH_ONLY,Disabled: no alternative set and no dominance relation are implemented: nothing. The module is disabled and its formula function is never called,"Pareto frontier: a set of alternatives evaluated on two or more objectives, over which dominance is assessed",DATA,METHOD LINEAGE CAL RESEARCH PARSIMONY,"a set of at least two alternatives with their objective values: a set of candidate actions with stable ids and a description of each; the decision variables each action moves, with type, unit and bounds; the objective functions with coefficients and sense (minimise or maximise); the constraint set with coefficient matrix, relation and right-hand side; and the units of every quantity so the model is dimensionally coherent",Decision Alternatives Table,"7 supported document type(s) currently reach this module: commissioning_report, correspondence_notice, field_report, inspection_report, oac_minutes, risk_register, submittal_register",docRiskScore,Decision Alternatives Table,Decision Alternatives Table,Decision Alternatives Table,,,no,"a four band ladder over the quantity the module reports [UNSUPPORTED]. No calibration set exists in this repository: no labelled corpus of project outcomes and no expert reference standard, so no boundary can be fitted or tested.","NOT_EMPIRICALLY_VALIDATED. No labelled holdout corpus and no expert reference standard exist for this platform, so how often this module's banding is right is unknown.",no lineage declaration is carried; the platform-wide Category-9 qualification gate is unimplemented and production discloses it: signal_package.py records SIGNAL_QUALIFICATION = 'unqualified' and CATEGORY_9_DEVIATION.,"Build from nothing: the formula function is never called and the module is DISABLED_UNSAFE. A real implementation is a new build, not a rename. NOT AUTHORISED IN RUN 27 and no activation is proposed.",Disabled: no alternative set and no dominance relation are implemented,no,yes,yes: whether the truthful name replaces the registered name on the participant surface is an instrument decision.,remains disabled; no activation is proposed by this run,NEW_STRUCTURED_FORM,Decision Alternatives Table,ABSENT,KEEP_RESEARCH_ONLY,PKG-ALTERNATIVES,P3,Run 32,Run 33,p0-baseline/module_renumbering_map.csv; code_audit/run20_cycle12_100_reaudit.csv; server/app/simulation/method_labels.py; server/app/simulation/parameters.py; server/app/simulation/registry.py; code_audit/signal_flow_authoritative_edges.csv; research/methodology/PCEIF_100_MODULE_SUPERVISORY_METHOD_SPECIFICATION_v1.md,DISABLED_UNSAFE. A frontier over a single project is not defined.
B4.7,Regret Minimization Index,B4,Decision Optimization,B,project,ADVISORY_ONLY,non-voting,CORRECT_ABSTENTION,As registered; no proxy qualifier and no truthful-method relabel is carried.,"regret minimization: maximum regret across states of nature for each candidate action, minimised",DATA,LINEAGE VALIDATE,"candidate actions and states of nature with a payoff for each action-state pair: a set of candidate actions with stable ids and a description of each; the decision variables each action moves, with type, unit and bounds; the objective functions with coefficients and sense (minimise or maximise); the constraint set with coefficient matrix, relation and right-hand side; and the units of every quantity so the model is dimensionally coherent; plus the state set with its definition",Decision Alternatives Table plus Scenario Assumption Set,"5 supported document type(s) currently reach this module: change_order, contract_value, monthly_report, pay_application, schedule_of_values",bac,Decision Alternatives Table,Decision Alternatives Table,Decision Alternatives Table plus Scenario Assumption Set,,,no,"no tunable value: the module carries no threshold, weight or boundary of its own. Calibration status: NOT_APPLICABLE.","NOT_EMPIRICALLY_VALIDATED. No labelled holdout corpus and no expert reference standard exist for this platform, so how often this module's banding is right is unknown.",no lineage declaration is carried; the platform-wide Category-9 qualification gate is unimplemented and production discloses it: signal_package.py records SIGNAL_QUALIFICATION = 'unqualified' and CATEGORY_9_DEVIATION.,"The shipped arithmetic performs what its name says; the work is the evidence supply above plus the band calibration, not a re-implementation.",,no,no,no,"advisory, non-voting, on the signal ledger with its published claim limit",NEW_STRUCTURED_FORM,Decision Alternatives Table,ABSENT,KEEP_AND_SUPPLY,PKG-ALTERNATIVES,P1,Run 32,Run 33,p0-baseline/module_renumbering_map.csv; code_audit/run20_cycle12_100_reaudit.csv; server/app/simulation/method_labels.py; server/app/simulation/parameters.py; server/app/simulation/registry.py; code_audit/signal_flow_authoritative_edges.csv; research/methodology/PCEIF_100_MODULE_SUPERVISORY_METHOD_SPECIFICATION_v1.md,"Abstains today, correctly. Regret is defined over a payoff matrix; there is no action set."
C1.1,Missing Data Index,C1,Data Integrity,C,project,ADVISORY_ONLY,non-voting,METHOD_PASS_CALIBRATION_PENDING,As registered; no proxy qualifier and no truthful-method relabel is carried.,"missing data index: the share of required inputs absent, against a declared required set",LINEAGE,CAL VALIDATE,,,"5 supported document type(s) currently reach this module: change_order, contract_value, monthly_report, pay_application, schedule_of_values",bac,,,,,,no,"a four band ladder over the quantity the module reports [UNSUPPORTED]. No calibration set exists in this repository: no labelled corpus of project outcomes and no expert reference standard, so no boundary can be fitted or tested.","NOT_EMPIRICALLY_VALIDATED. No labelled holdout corpus and no expert reference standard exist for this platform, so how often this module's banding is right is unknown.",no lineage declaration is carried; the platform-wide Category-9 qualification gate is unimplemented and production discloses it: signal_package.py records SIGNAL_QUALIFICATION = 'unqualified' and CATEGORY_9_DEVIATION.,No re-implementation required. The remaining work is calibration and empirical validation of the band boundaries.,,no,no,no,"advisory, non-voting, on the signal ledger with its published claim limit",,,PRESENT,KEEP_AND_SUPPLY,PKG-CAL-BANDS,P2,Run 33,Run 31,p0-baseline/module_renumbering_map.csv; code_audit/run20_cycle12_100_reaudit.csv; server/app/simulation/method_labels.py; server/app/simulation/parameters.py; server/app/simulation/registry.py; code_audit/signal_flow_authoritative_edges.csv; research/methodology/PCEIF_100_MODULE_SUPERVISORY_METHOD_SPECIFICATION_v1.md,"Measures completeness and therefore has no abstention of its own, correctly. The band ladder is unsourced."
C1.2,Data Timeliness Score,C1,Data Integrity,C,project,ADVISORY_ONLY,non-voting,METHOD_PASS_CALIBRATION_PENDING,As registered; no proxy qualifier and no truthful-method relabel is carried.,data timeliness: the age of each reported figure against a declared freshness requirement,DATA,LINEAGE CAL VALIDATE,"a declared freshness requirement per field: the maximum acceptable age of each figure and the authority for it, so that lateness is measured against a standard rather than a chosen number","Freshness Requirement Declaration (field, maximum age, unit, authority)",0 supported document type(s) currently reach this module: none,none on the authoritative edge list,Reporting Cadence and Freshness Declaration,,"Freshness Requirement Declaration (field, maximum age, unit, authority)",,,no,"a four band ladder over the quantity the module reports [UNSUPPORTED]. No calibration set exists in this repository: no labelled corpus of project outcomes and no expert reference standard, so no boundary can be fitted or tested.","NOT_EMPIRICALLY_VALIDATED. No labelled holdout corpus and no expert reference standard exist for this platform, so how often this module's banding is right is unknown.",no lineage declaration is carried; the platform-wide Category-9 qualification gate is unimplemented and production discloses it: signal_package.py records SIGNAL_QUALIFICATION = 'unqualified' and CATEGORY_9_DEVIATION.,"The shipped arithmetic performs what its name says; the work is the evidence supply above plus the band calibration, not a re-implementation.",,no,no,no,"advisory, non-voting, on the signal ledger with its published claim limit",NEW_PROJECT_DATA_OBJECT,Reporting Cadence and Freshness Declaration,ABSENT,KEEP_AND_SUPPLY,PKG-CAT9,P1,Run 31,Run 33,p0-baseline/module_renumbering_map.csv; code_audit/run20_cycle12_100_reaudit.csv; server/app/simulation/method_labels.py; server/app/simulation/parameters.py; server/app/simulation/registry.py; code_audit/signal_flow_authoritative_edges.csv; research/methodology/PCEIF_100_MODULE_SUPERVISORY_METHOD_SPECIFICATION_v1.md,"Document dates are extracted, so age is computable; the standard to compare it against is not."
C1.3,Source Reliability Weighting,C1,Data Integrity,C,project,ADVISORY_ONLY,non-voting,METHOD_PASS_CALIBRATION_PENDING,As registered; no proxy qualifier and no truthful-method relabel is carried.,source reliability weighting: weights on sources derived from their observed reliability,DATA,LINEAGE CAL VALIDATE,"an observed reliability record per source type: how often figures from that source were later corrected, by how much, over how many observations","Source Reliability Record (source type, observations, correction rate, mean correction magnitude, window)","5 supported document type(s) currently reach this module: change_order, contract_value, monthly_report, pay_application, schedule_of_values",bac,,,"Source Reliability Record (source type, observations, correction rate, mean correction magnitude, window)",,,no,"reliability weights applied to sources [UNSUPPORTED]. No calibration set exists in this repository: no labelled corpus of project outcomes and no expert reference standard, so no boundary can be fitted or tested.","NOT_EMPIRICALLY_VALIDATED. No labelled holdout corpus and no expert reference standard exist for this platform, so how often this module's banding is right is unknown.",no lineage declaration is carried; the platform-wide Category-9 qualification gate is unimplemented and production discloses it: signal_package.py records SIGNAL_QUALIFICATION = 'unqualified' and CATEGORY_9_DEVIATION.,"The shipped arithmetic performs what its name says; the work is the evidence supply above plus the band calibration, not a re-implementation.",,no,no,no,"advisory, non-voting, on the signal ledger with its published claim limit",DERIVED_FROM_EXISTING_QUALIFIED_DATA,Source Reliability Record,PARTIALLY_PRESENT,KEEP_AND_SUPPLY,PKG-CAT9,P1,Run 31,Run 33,p0-baseline/module_renumbering_map.csv; code_audit/run20_cycle12_100_reaudit.csv; server/app/simulation/method_labels.py; server/app/simulation/parameters.py; server/app/simulation/registry.py; code_audit/signal_flow_authoritative_edges.csv; research/methodology/PCEIF_100_MODULE_SUPERVISORY_METHOD_SPECIFICATION_v1.md,"Document versioning already exists in this platform, so revisions of the same figure are observable; nothing currently accumulates them into a reliability estimate."
C1.4,Audit Trail Completeness,C1,Data Integrity,C,project,ADVISORY_ONLY,non-voting,OWNER_DECISION_REQUIRED,Declared audit field presence check: counts the presence of the declared audit fields,"audit trail completeness: assessment of the real signal, judgment and audit objects, their event chronology and the linkage between them, with noncompensatory treatment of critical fields",DATA,METHOD LINEAGE CAL VALIDATE PARSIMONY,"the audit object graph itself: signal record ids, judgment record ids, audit event ids, their timestamps, and the declared linkage between them; plus the designation of which fields are critical and therefore may not be compensated for by others",Audit Object Graph plus Critical Field Designation,"5 supported document type(s) currently reach this module: change_order, contract_value, monthly_report, pay_application, schedule_of_values",bac,,,Audit Object Graph plus Critical Field Designation,,,no,"a four band ladder over the quantity the module reports [UNSUPPORTED]. No calibration set exists in this repository: no labelled corpus of project outcomes and no expert reference standard, so no boundary can be fitted or tested.","NOT_EMPIRICALLY_VALIDATED. No labelled holdout corpus and no expert reference standard exist for this platform, so how often this module's banding is right is unknown.",no lineage declaration is carried; the platform-wide Category-9 qualification gate is unimplemented and production discloses it: signal_package.py records SIGNAL_QUALIFICATION = 'unqualified' and CATEGORY_9_DEVIATION.,"Implement the canonical structure once the evidence exists: assessment of the real signal, judgment and audit objects, event chronology and linkage between them, and a noncompensatory treatment of the critical fields. Until then the truthful method label is what the interface, export and methods documentation publish.",Declared audit field presence check,no,no,yes: The objects exist in this platform's own database; the module counts declared field presence instead of assessing them. This is the rare row where the missing structure is already inside the application rather than outside it.,"advisory, non-voting, on the signal ledger with its published claim limit",DERIVED_FROM_EXISTING_QUALIFIED_DATA,Audit Object Graph,PRESENT_NOT_EXTRACTED,OWNER_DECISION_REQUIRED,PKG-CAT9,P1,Run 31,Run 33,p0-baseline/module_renumbering_map.csv; code_audit/run20_cycle12_100_reaudit.csv; server/app/simulation/method_labels.py; server/app/simulation/parameters.py; server/app/simulation/registry.py; code_audit/signal_flow_authoritative_edges.csv; research/methodology/PCEIF_100_MODULE_SUPERVISORY_METHOD_SPECIFICATION_v1.md,The objects exist in this platform's own database; the module counts declared field presence instead of assessing them. This is the rare row where the missing structure is already inside the application rather than outside it.
C1.5,Information Completeness Ratio,C1,Data Integrity,C,project,ADVISORY_ONLY,non-voting,METHOD_PASS_CALIBRATION_PENDING,As registered; no proxy qualifier and no truthful-method relabel is carried.,information completeness: the share of the declared information set that is present,LINEAGE,CAL VALIDATE PARSIMONY,,,"5 supported document type(s) currently reach this module: change_order, contract_value, monthly_report, pay_application, schedule_of_values",bac,,,,,,no,"a four band ladder over the quantity the module reports [UNSUPPORTED]. No calibration set exists in this repository: no labelled corpus of project outcomes and no expert reference standard, so no boundary can be fitted or tested.","NOT_EMPIRICALLY_VALIDATED. No labelled holdout corpus and no expert reference standard exist for this platform, so how often this module's banding is right is unknown.",no lineage declaration is carried; the platform-wide Category-9 qualification gate is unimplemented and production discloses it: signal_package.py records SIGNAL_QUALIFICATION = 'unqualified' and CATEGORY_9_DEVIATION.,No re-implementation required. The remaining work is calibration and empirical validation of the band boundaries.,,yes,no,yes: consolidation or removal is a RECOMMENDATION only. Run 27 removes nothing and consolidates nothing.,"advisory, non-voting, on the signal ledger with its published claim limit",,,PRESENT,CONSOLIDATE_CANDIDATE,PKG-CAL-BANDS,P2,Run 33,Run 31,p0-baseline/module_renumbering_map.csv; code_audit/run20_cycle12_100_reaudit.csv; server/app/simulation/method_labels.py; server/app/simulation/parameters.py; server/app/simulation/registry.py; code_audit/signal_flow_authoritative_edges.csv; research/methodology/PCEIF_100_MODULE_SUPERVISORY_METHOD_SPECIFICATION_v1.md,"Measures completeness against a declared set, as C1.1 does. Whether two registered modules are needed for completeness is a parsimony question for the owner."
C1.6,Cross-document Consistency Score,C1,Data Integrity,C,project,ADVISORY_ONLY,non-voting,CORRECT_PROXY_ONLY,Reported index self-consistency check: recomputes the two performance indices and the reported progress from the earned value figures in one reported set and counts the disagreements against the three checks the method is defined over,cross-document consistency: the same fact compared across two or more identified documents,DATA,METHOD LINEAGE CAL VALIDATE PARSIMONY,"per-field source records: for each extracted figure, the document id, document version, page or location, and extraction timestamp it came from, so that two documents reporting one fact can be compared and the disagreeing document named","Field Provenance Record (field, value, document id, document version, location, extracted at)","3 supported document type(s) currently reach this module: monthly_report, pay_application, schedule_of_values","ac, ev",,,"Field Provenance Record (field, value, document id, document version, location, extracted at)",,,no,"a four band ladder over the quantity the module reports [UNSUPPORTED]. No calibration set exists in this repository: no labelled corpus of project outcomes and no expert reference standard, so no boundary can be fitted or tested.","NOT_EMPIRICALLY_VALIDATED. No labelled holdout corpus and no expert reference standard exist for this platform, so how often this module's banding is right is unknown.",no lineage declaration is carried; the platform-wide Category-9 qualification gate is unimplemented and production discloses it: signal_package.py records SIGNAL_QUALIFICATION = 'unqualified' and CATEGORY_9_DEVIATION.,"Implement the canonical structure once the evidence exists: per-field source records. Every figure compared comes from the same assembled set, so no fact is compared across two documents and no document is identified as the source of any disagreement. Until then the truthful method label is what the interface, export and methods documentation publish.",Reported index self-consistency check,no,no,yes: whether the truthful name replaces the registered name on the participant surface is an instrument decision.,"advisory, non-voting, on the signal ledger with its published claim limit",EXISTING_DOCUMENT_EXTRACTION,Field-Level Provenance,PRESENT_NOT_EXTRACTED,KEEP_AND_SUPPLY,PKG-CAT9,P0,Run 31,Run 33,p0-baseline/module_renumbering_map.csv; code_audit/run20_cycle12_100_reaudit.csv; server/app/simulation/method_labels.py; server/app/simulation/parameters.py; server/app/simulation/registry.py; code_audit/signal_flow_authoritative_edges.csv; research/methodology/PCEIF_100_MODULE_SUPERVISORY_METHOD_SPECIFICATION_v1.md,"Every figure compared today comes from the same assembled set, so no fact is compared across two documents and no document is identified as the source of any disagreement. The merge layer knows which document won each field; that knowledge is discarded before the module sees it. P0 because the module's name asserts a cross-document check that never happens."
C1.7,Reporting Frequency Index,C1,Data Integrity,C,project,ADVISORY_ONLY,non-voting,CORRECT_ABSTENTION,As registered; no proxy qualifier and no truthful-method relabel is carried.,reporting frequency: reports received against a declared reporting cadence,DATA,LINEAGE CAL VALIDATE,"the declared reporting cadence: required reporting interval, the document types required each interval, and the contractual or policy basis for the requirement",Reporting Cadence Declaration,0 supported document type(s) currently reach this module: none,none on the authoritative edge list,Reporting Cadence and Freshness Declaration,,Reporting Cadence Declaration,,,no,"a four band ladder over the quantity the module reports [UNSUPPORTED]. No calibration set exists in this repository: no labelled corpus of project outcomes and no expert reference standard, so no boundary can be fitted or tested.","NOT_EMPIRICALLY_VALIDATED. No labelled holdout corpus and no expert reference standard exist for this platform, so how often this module's banding is right is unknown.",no lineage declaration is carried; the platform-wide Category-9 qualification gate is unimplemented and production discloses it: signal_package.py records SIGNAL_QUALIFICATION = 'unqualified' and CATEGORY_9_DEVIATION.,"The shipped arithmetic performs what its name says; the work is the evidence supply above plus the band calibration, not a re-implementation.",,no,no,no,"advisory, non-voting, on the signal ledger with its published claim limit",NEW_PROJECT_DATA_OBJECT,Reporting Cadence and Freshness Declaration,ABSENT,KEEP_AND_SUPPLY,PKG-CAT9,P1,Run 31,Run 33,p0-baseline/module_renumbering_map.csv; code_audit/run20_cycle12_100_reaudit.csv; server/app/simulation/method_labels.py; server/app/simulation/parameters.py; server/app/simulation/registry.py; code_audit/signal_flow_authoritative_edges.csv; research/methodology/PCEIF_100_MODULE_SUPERVISORY_METHOD_SPECIFICATION_v1.md,"Abstains today. Without a required cadence, a count of reports is not a frequency against anything."
D1.1,Isolation Forest,D1,Portfolio Health,D,portfolio,ADVISORY_ONLY,non-voting,METHOD_PASS_CALIBRATION_PENDING,As registered; no proxy qualifier and no truthful-method relabel is carried.,isolation forest anomaly detection with an anomaly-score threshold chosen against a stated error target,DATA,LINEAGE CAL VALIDATE,"a portfolio large enough for the ensemble to mean anything, with a declared cohort definition: which projects are comparable and why",Portfolio Cohort Definition plus Portfolio Reporting History,0 supported document type(s) currently reach this module: none,none on the authoritative edge list,,,,Portfolio Cohort Definition,Portfolio Cohort Definition,no,"a four band ladder over the quantity the module reports [UNSUPPORTED]; the tree count, the subsample size and the average path length normaliser of an isolation forest [PUBLISHED_METHOD_PARAMETER]; the Euler-Mascheroni constant inside the harmonic approximation [THEORETICAL_CONSTANT]. No calibration set exists in this repository: no labelled corpus of project outcomes and no expert reference standard, so no boundary can be fitted or tested.","NOT_EMPIRICALLY_VALIDATED. No labelled holdout corpus and no expert reference standard exist for this platform, so how often this module's banding is right is unknown.",no lineage declaration is carried; the platform-wide Category-9 qualification gate is unimplemented and production discloses it: signal_package.py records SIGNAL_QUALIFICATION = 'unqualified' and CATEGORY_9_DEVIATION.,"The shipped arithmetic performs what its name says; the work is the evidence supply above plus the band calibration, not a re-implementation.",,no,no,no,"advisory, non-voting, on the signal ledger with its published claim limit",PORTFOLIO_REFERENCE_DATASET,Portfolio Cohort Definition,PARTIALLY_PRESENT,KEEP_AND_SUPPLY,PKG-PORTFOLIO-HISTORY,P2,Run 32,Run 33,p0-baseline/module_renumbering_map.csv; code_audit/run20_cycle12_100_reaudit.csv; server/app/simulation/method_labels.py; server/app/simulation/parameters.py; server/app/simulation/registry.py; code_audit/signal_flow_authoritative_edges.csv; research/methodology/PCEIF_100_MODULE_SUPERVISORY_METHOD_SPECIFICATION_v1.md,"Run 15 made this a real isolation forest per Liu, Ting and Zhou. Its published defaults are sourced; the band ladder over its score is not, and the cohort it runs on is whatever projects happen to be in the portfolio."
D1.2,Portfolio Outlier Detection,D1,Portfolio Health,D,portfolio,ADVISORY_ONLY,non-voting,CORRECT_PROXY_ONLY,Published proxy qualifier: an empirical CPI and SPI percentile rank; small-n behaviour and bands unvalidated,portfolio outlier detection: a percentile rank of this project within a defined cohort,DATA,METHOD LINEAGE CAL VALIDATE,"a declared cohort: inclusion criteria, minimum cohort size for a percentile to be meaningful, and the vintage of the cohort's readings",Portfolio Cohort Definition,0 supported document type(s) currently reach this module: none,none on the authoritative edge list,,,,Portfolio Cohort Definition,Portfolio Cohort Definition,no,"a four band ladder over the quantity the module reports [UNSUPPORTED]. No calibration set exists in this repository: no labelled corpus of project outcomes and no expert reference standard, so no boundary can be fitted or tested.","NOT_EMPIRICALLY_VALIDATED. No labelled holdout corpus and no expert reference standard exist for this platform, so how often this module's banding is right is unknown.",no lineage declaration is carried; the platform-wide Category-9 qualification gate is unimplemented and production discloses it: signal_package.py records SIGNAL_QUALIFICATION = 'unqualified' and CATEGORY_9_DEVIATION.,"The shipped arithmetic performs what its name says; the work is the evidence supply above plus the band calibration, not a re-implementation.",,no,no,no,"advisory, non-voting, on the signal ledger with its published claim limit",PORTFOLIO_REFERENCE_DATASET,Portfolio Cohort Definition,PARTIALLY_PRESENT,KEEP_AND_SUPPLY,PKG-PORTFOLIO-HISTORY,P1,Run 32,Run 33,p0-baseline/module_renumbering_map.csv; code_audit/run20_cycle12_100_reaudit.csv; server/app/simulation/method_labels.py; server/app/simulation/parameters.py; server/app/simulation/registry.py; code_audit/signal_flow_authoritative_edges.csv; research/methodology/PCEIF_100_MODULE_SUPERVISORY_METHOD_SPECIFICATION_v1.md,An empirical percentile over an undeclared and possibly tiny cohort. registry.py records that small-n behaviour is unvalidated.
D1.3,Signal Trajectory Classifier,D1,Portfolio Health,D,portfolio,ADVISORY_ONLY,non-voting,METHOD_PASS_CALIBRATION_PENDING,As registered; no proxy qualifier and no truthful-method relabel is carried.,trajectory classification: a classified trend over a project's history against defined classes,DATA,LINEAGE CAL VALIDATE,a governed minimum history length and a class definition with boundaries derived from observed trend distributions rather than chosen,Portfolio Reporting History plus Trend Class Definition,0 supported document type(s) currently reach this module: none,none on the authoritative edge list,,,,Portfolio Reporting History,Portfolio Reporting History,no,"a four band ladder over the quantity the module reports [UNSUPPORTED]. No calibration set exists in this repository: no labelled corpus of project outcomes and no expert reference standard, so no boundary can be fitted or tested.","NOT_EMPIRICALLY_VALIDATED. No labelled holdout corpus and no expert reference standard exist for this platform, so how often this module's banding is right is unknown.",no lineage declaration is carried; the platform-wide Category-9 qualification gate is unimplemented and production discloses it: signal_package.py records SIGNAL_QUALIFICATION = 'unqualified' and CATEGORY_9_DEVIATION.,"The shipped arithmetic performs what its name says; the work is the evidence supply above plus the band calibration, not a re-implementation.",,no,no,no,"advisory, non-voting, on the signal ledger with its published claim limit",PORTFOLIO_REFERENCE_DATASET,Portfolio Reporting History,PARTIALLY_PRESENT,KEEP_AND_SUPPLY,PKG-PORTFOLIO-HISTORY,P2,Run 32,Run 33,p0-baseline/module_renumbering_map.csv; code_audit/run20_cycle12_100_reaudit.csv; server/app/simulation/method_labels.py; server/app/simulation/parameters.py; server/app/simulation/registry.py; code_audit/signal_flow_authoritative_edges.csv; research/methodology/PCEIF_100_MODULE_SUPERVISORY_METHOD_SPECIFICATION_v1.md,"Runs on as few as two readings, which is one interval; abstains correctly below that."
D1.4,Cross-project Pattern Detector,D1,Portfolio Health,D,portfolio,ADVISORY_ONLY,non-voting,METHOD_PASS_CALIBRATION_PENDING,As registered; no proxy qualifier and no truthful-method relabel is carried.,cross-project pattern detection: recurring signal patterns identified across a portfolio,DATA,LINEAGE CAL VALIDATE,"a declared similarity metric with its threshold justified, and a cohort large enough for a pattern to be distinguishable from coincidence",Portfolio Cohort Definition plus Similarity Metric Declaration,0 supported document type(s) currently reach this module: none,none on the authoritative edge list,,,,Portfolio Cohort Definition,Portfolio Cohort Definition,no,"a four band ladder over the quantity the module reports [UNSUPPORTED]. No calibration set exists in this repository: no labelled corpus of project outcomes and no expert reference standard, so no boundary can be fitted or tested.","NOT_EMPIRICALLY_VALIDATED. No labelled holdout corpus and no expert reference standard exist for this platform, so how often this module's banding is right is unknown.",no lineage declaration is carried; the platform-wide Category-9 qualification gate is unimplemented and production discloses it: signal_package.py records SIGNAL_QUALIFICATION = 'unqualified' and CATEGORY_9_DEVIATION.,"The shipped arithmetic performs what its name says; the work is the evidence supply above plus the band calibration, not a re-implementation.",,no,no,no,"advisory, non-voting, on the signal ledger with its published claim limit",PORTFOLIO_REFERENCE_DATASET,Portfolio Cohort Definition,PARTIALLY_PRESENT,KEEP_AND_SUPPLY,PKG-PORTFOLIO-HISTORY,P2,Run 32,Run 33,p0-baseline/module_renumbering_map.csv; code_audit/run20_cycle12_100_reaudit.csv; server/app/simulation/method_labels.py; server/app/simulation/parameters.py; server/app/simulation/registry.py; code_audit/signal_flow_authoritative_edges.csv; research/methodology/PCEIF_100_MODULE_SUPERVISORY_METHOD_SPECIFICATION_v1.md,The similarity radius of 0.15 in a four-dimensional standardised space is a chosen constant.
D1.5,Anomaly Score,D1,Portfolio Health,D,portfolio,ADVISORY_ONLY,non-voting,THRESHOLD_CALIBRATION_BLOCKED,As registered; no proxy qualifier and no truthful-method relabel is carried.,a composite anomaly score over independent anomaly evidence,DATA,LINEAGE CAL VALIDATE PARSIMONY,"independent anomaly evidence to compose. Read from portfolio.py, this score is the mean of (a) a standardised Mahalanobis distance, (b) one minus D1.2's own composite percentile rank, and (c) a term in D1.3's own trend. Two of its at most three terms are other registered modules' outputs","Declared composition with a dependence structure, or removal of the duplicated terms",0 supported document type(s) currently reach this module: none,none on the authoritative edge list,,,"Declared composition with a dependence structure, or removal of the duplicated terms",,,no,"the weights over the anomaly components, which move with data availability [UNSUPPORTED]. No calibration set exists in this repository: no labelled corpus of project outcomes and no expert reference standard, so no boundary can be fitted or tested.","NOT_EMPIRICALLY_VALIDATED. No labelled holdout corpus and no expert reference standard exist for this platform, so how often this module's banding is right is unknown.",lineage declared as SYNTHESIZED; the platform-wide Category-9 qualification gate is unimplemented and production discloses it: signal_package.py records SIGNAL_QUALIFICATION = 'unqualified' and CATEGORY_9_DEVIATION.,"The shipped arithmetic performs what its name says; the work is the evidence supply above plus the band calibration, not a re-implementation.",,yes,no,yes: consolidation or removal is a RECOMMENDATION only. Run 27 removes nothing and consolidates nothing.,"advisory, non-voting, on the signal ledger with its published claim limit",DERIVED_FROM_EXISTING_QUALIFIED_DATA,Portfolio Cohort Definition,PARTIALLY_PRESENT,CONSOLIDATE_CANDIDATE,PKG-PORTFOLIO-HISTORY,P0,Run 32,Run 33,p0-baseline/module_renumbering_map.csv; code_audit/run20_cycle12_100_reaudit.csv; server/app/simulation/method_labels.py; server/app/simulation/parameters.py; server/app/simulation/registry.py; code_audit/signal_flow_authoritative_edges.csv; research/methodology/PCEIF_100_MODULE_SUPERVISORY_METHOD_SPECIFICATION_v1.md,"This is the portfolio double-counting finding, provable from the source rather than asserted: D1.5 is a strict function of D1.2's and D1.3's internals plus a distance quantity that portfolio.py itself records as the one formerly mislabelled the isolation forest score. It does not read D1.1. P0 on lineage grounds."
