corpus,project,period,row_kind,id,status,value
carry_forward,PRJ-C45-CARRY,1,abstained,A1.10,ABSTAINED,"{""abstention_reason_code"": ""canonical_structure_absent"", ""activation_state"": ""ADVISORY_ONLY"", ""reason"": ""Awaiting a governed reference population of comparable projects with the cost performance they achieved, and the weight to place on this project's own reading. This measure is named for a method that cannot be carried out without it, so no reading is reported and no other figure is used in its place.""}"
carry_forward,PRJ-C45-CARRY,1,abstained,A1.11,ABSTAINED,"{""abstention_reason_code"": ""canonical_structure_absent"", ""activation_state"": ""ADVISORY_ONLY"", ""reason"": ""Awaiting two separately prepared forecasts of the cost at completion, one from the project management team and one prepared independently of it. This measure is named for a method that cannot be carried out without it, so no reading is reported and no other figure is used in its place.""}"
carry_forward,PRJ-C45-CARRY,1,abstained,A1.2,ABSTAINED,"{""activation_state"": ""ADVISORY_ONLY"", ""reason"": ""Insufficient data: upload required documents""}"
carry_forward,PRJ-C45-CARRY,1,abstained,A1.3,ABSTAINED,"{""abstention_reason_code"": ""canonical_structure_absent"", ""activation_state"": ""ADVISORY_ONLY"", ""reason"": ""Awaiting a stated prior for the cost at completion, with its source, and a stated observation model with the uncertainty of the observation. This measure is named for a method that cannot be carried out without it, so no reading is reported and no other figure is used in its place.""}"
carry_forward,PRJ-C45-CARRY,1,abstained,A1.4,ABSTAINED,"{""abstention_reason_code"": ""canonical_structure_absent"", ""activation_state"": ""ADVISORY_ONLY"", ""reason"": ""Awaiting a state space model for the schedule index: a starting estimate, its uncertainty, the process and measurement variances, and the readings taken. This measure is named for a method that cannot be carried out without it, so no reading is reported and no other figure is used in its place.""}"
carry_forward,PRJ-C45-CARRY,1,abstained,A1.5,ABSTAINED,"{""abstention_reason_code"": ""insufficient_history"", ""activation_state"": ""ADVISORY_ONLY"", ""reason"": ""The cost performance history is too short for a time series model to be identified from it, so no forecast is reported and no shorter substitute is used.""}"
carry_forward,PRJ-C45-CARRY,1,abstained,A1.6,ABSTAINED,"{""abstention_reason_code"": ""canonical_structure_absent"", ""activation_state"": ""ADVISORY_ONLY"", ""reason"": ""Awaiting a time phased baseline: the cumulative value of work planned to be complete at the end of each period. This measure is named for a method that cannot be carried out without it, so no reading is reported and no other figure is used in its place.""}"
carry_forward,PRJ-C45-CARRY,1,abstained,A1.9,ABSTAINED,"{""abstention_reason_code"": ""canonical_structure_absent"", ""activation_state"": ""ADVISORY_ONLY"", ""reason"": ""Awaiting an approved time phased expenditure baseline: the amount planned to be spent by the end of each period. This measure is named for a method that cannot be carried out without it, so no reading is reported and no other figure is used in its place.""}"
carry_forward,PRJ-C45-CARRY,1,abstained,A2.1,ABSTAINED,"{""abstention_reason_code"": ""canonical_structure_absent"", ""activation_state"": ""ADVISORY_ONLY"", ""reason"": ""Awaiting the project's activity network: the activities, the logic between them, and a duration for each. This measure is named for a method that cannot be carried out without it, so no reading is reported and no other figure is used in its place.""}"
carry_forward,PRJ-C45-CARRY,1,abstained,A2.2,ABSTAINED,"{""abstention_reason_code"": ""canonical_structure_absent"", ""activation_state"": ""ADVISORY_ONLY"", ""reason"": ""Awaiting a line of balance: locations in sequence, the crews working them, and a production rate and start for each line of work. This measure is named for a method that cannot be carried out without it, so no reading is reported and no other figure is used in its place.""}"
carry_forward,PRJ-C45-CARRY,1,abstained,A2.3,ABSTAINED,"{""abstention_reason_code"": ""canonical_structure_absent"", ""activation_state"": ""ADVISORY_ONLY"", ""reason"": ""Awaiting a critical chain with its activities and a sized project buffer. This measure is named for a method that cannot be carried out without it, so no reading is reported and no other figure is used in its place.""}"
carry_forward,PRJ-C45-CARRY,1,abstained,A2.7,ABSTAINED,"{""abstention_reason_code"": ""canonical_structure_absent"", ""activation_state"": ""ADVISORY_ONLY"", ""reason"": ""Awaiting a milestone forecast history: each milestone's committed date and the date it was forecast for in each reporting period since. This measure is named for a method that cannot be carried out without it, so no reading is reported and no other figure is used in its place.""}"
carry_forward,PRJ-C45-CARRY,1,abstained,A2.8,ABSTAINED,"{""abstention_reason_code"": ""canonical_structure_absent"", ""activation_state"": ""ADVISORY_ONLY"", ""reason"": ""Awaiting a look ahead schedule: the window it covers, the activities planned in it, and whether each one still carries an open constraint. This measure is named for a method that cannot be carried out without it, so no reading is reported and no other figure is used in its place.""}"
carry_forward,PRJ-C45-CARRY,1,abstained,A2.9,ABSTAINED,"{""abstention_reason_code"": ""canonical_structure_absent"", ""activation_state"": ""ADVISORY_ONLY"", ""reason"": ""Awaiting a time phased resource profile: for each period and each kind of resource, the amount of work demanded and the amount available. This measure is named for a method that cannot be carried out without it, so no reading is reported and no other figure is used in its place.""}"
carry_forward,PRJ-C45-CARRY,1,abstained,A3.1,ABSTAINED,"{""abstention_reason_code"": ""canonical_structure_absent"", ""activation_state"": ""ADVISORY_ONLY"", ""reason"": ""Awaiting a reference class of completed comparable projects, with the criteria that put them in it and the overrun each of them finished with. This measure is named for a method that cannot be carried out without it, so no reading is reported and no other figure is used in its place.""}"
carry_forward,PRJ-C45-CARRY,1,abstained,A3.3,ABSTAINED,"{""abstention_reason_code"": ""canonical_structure_absent"", ""activation_state"": ""ADVISORY_ONLY"", ""reason"": ""Awaiting a record of production: the quantity of work installed, the quantity planned, and the labour hours each of those took. This measure is named for a method that cannot be carried out without it, so no reading is reported and no other figure is used in its place.""}"
carry_forward,PRJ-C45-CARRY,1,abstained,A3.5,ABSTAINED,"{""abstention_reason_code"": ""canonical_structure_absent"", ""activation_state"": ""ADVISORY_ONLY"", ""reason"": ""Awaiting an overhead allocation base: the planned and actual overhead and the planned and actual amount of the base it is absorbed over. This measure is named for a method that cannot be carried out without it, so no reading is reported and no other figure is used in its place.""}"
carry_forward,PRJ-C45-CARRY,1,abstained,A3.6,ABSTAINED,"{""abstention_reason_code"": ""canonical_structure_absent"", ""activation_state"": ""ADVISORY_ONLY"", ""reason"": ""Awaiting a cost risk model: the base cost components, the risk events that could occur, how likely each is and what it would cost. This measure is named for a method that cannot be carried out without it, so no reading is reported and no other figure is used in its place.""}"
carry_forward,PRJ-C45-CARRY,1,abstained,A3.7,ABSTAINED,"{""abstention_reason_code"": ""canonical_structure_absent"", ""activation_state"": ""ADVISORY_ONLY"", ""reason"": ""Awaiting an identified analogous project with its cost, why it is comparable, and the factors that adapt it to this project. This measure is named for a method that cannot be carried out without it, so no reading is reported and no other figure is used in its place.""}"
carry_forward,PRJ-C45-CARRY,1,abstained,A3.9,ABSTAINED,"{""abstention_reason_code"": ""canonical_structure_absent"", ""activation_state"": ""ADVISORY_ONLY"", ""reason"": ""Awaiting a named external price index with its authority, geography, base period and the period being adjusted to. This measure is named for a method that cannot be carried out without it, so no reading is reported and no other figure is used in its place.""}"
carry_forward,PRJ-C45-CARRY,1,abstained,A4.10,ABSTAINED,"{""abstention_reason_code"": ""canonical_structure_absent"", ""activation_state"": ""ADVISORY_ONLY"", ""reason"": ""Awaiting a specification conflict register: each identified conflict, the two places in the specification that disagree, whether it has been confirmed, and the exposure the conflicts are counted over. This measure is named for a method that cannot be carried out without it, so no reading is reported and no other figure is used in its place.""}"
carry_forward,PRJ-C45-CARRY,1,abstained,A4.2,ABSTAINED,"{""activation_state"": ""ADVISORY_ONLY"", ""reason"": ""Insufficient data: upload required documents""}"
carry_forward,PRJ-C45-CARRY,1,abstained,A4.3,ABSTAINED,"{""activation_state"": ""ADVISORY_ONLY"", ""reason"": ""Insufficient data: upload required documents""}"
carry_forward,PRJ-C45-CARRY,1,abstained,A4.4,ABSTAINED,"{""abstention_reason_code"": ""canonical_structure_absent"", ""activation_state"": ""ADVISORY_ONLY"", ""reason"": ""Awaiting a nonconformance record with the exposure it is measured against: the nonconformances raised, and the inspections, hours or value they arose from. This measure is named for a method that cannot be carried out without it, so no reading is reported and no other figure is used in its place.""}"
carry_forward,PRJ-C45-CARRY,1,abstained,A4.5,ABSTAINED,"{""abstention_reason_code"": ""canonical_structure_absent"", ""activation_state"": ""ADVISORY_ONLY"", ""reason"": ""Awaiting a weather impact record: the weather events, the activities they stopped, the time actually lost, the allowance in the contract calendar, and the float on the path. This measure is named for a method that cannot be carried out without it, so no reading is reported and no other figure is used in its place.""}"
carry_forward,PRJ-C45-CARRY,1,abstained,A4.6,ABSTAINED,"{""abstention_reason_code"": ""canonical_structure_absent"", ""activation_state"": ""ADVISORY_ONLY"", ""reason"": ""Awaiting a change event register with the exposure it is measured over: each change, its type, cause and value, and the span of time or contract value it arose against. This measure is named for a method that cannot be carried out without it, so no reading is reported and no other figure is used in its place.""}"
carry_forward,PRJ-C45-CARRY,1,abstained,A4.7,ABSTAINED,"{""abstention_reason_code"": ""canonical_structure_absent"", ""activation_state"": ""ADVISORY_ONLY"", ""reason"": ""Awaiting a claim and dispute register: the project's own governed escalation process and the stage each issue has reached on it, with the dates it reached them. This measure is named for a method that cannot be carried out without it, so no reading is reported and no other figure is used in its place.""}"
carry_forward,PRJ-C45-CARRY,1,abstained,A4.8,ABSTAINED,"{""abstention_reason_code"": ""canonical_structure_absent"", ""activation_state"": ""ADVISORY_ONLY"", ""reason"": ""Awaiting a subcontractor performance assessment: each firm, the criteria it was rated against, the rating on each, who assessed it and the weights that were applied. This measure is named for a method that cannot be carried out without it, so no reading is reported and no other figure is used in its place.""}"
carry_forward,PRJ-C45-CARRY,1,abstained,A4.9,ABSTAINED,"{""abstention_reason_code"": ""canonical_structure_absent"", ""activation_state"": ""ADVISORY_ONLY"", ""reason"": ""Awaiting an item level procurement register: for each item, the date it is required on site, the date it is forecast to arrive, and the activity it feeds. This measure is named for a method that cannot be carried out without it, so no reading is reported and no other figure is used in its place.""}"
carry_forward,PRJ-C45-CARRY,1,abstained,A5.1,ABSTAINED,"{""abstention_reason_code"": ""canonical_structure_absent"", ""activation_state"": ""ADVISORY_ONLY"", ""reason"": ""Awaiting a dependency matrix for the design: the parts of the design, which of them depend on which others and how strongly, and the rework the propagation starts from. This measure is named for a method that cannot be carried out without it, so no reading is reported and no other figure is used in its place.""}"
carry_forward,PRJ-C45-CARRY,1,abstained,A5.2,ABSTAINED,"{""abstention_reason_code"": ""canonical_structure_absent"", ""activation_state"": ""ADVISORY_ONLY"", ""reason"": ""Awaiting a sensitivity model: a named response function, the state it is evaluated at, and the inputs to be moved with the range each is moved across. This measure is named for a method that cannot be carried out without it, so no reading is reported and no other figure is used in its place.""}"
carry_forward,PRJ-C45-CARRY,1,abstained,A5.4,ABSTAINED,"{""abstention_reason_code"": ""canonical_structure_absent"", ""activation_state"": ""ADVISORY_ONLY"", ""reason"": ""Awaiting a scenario set: named scenarios, each stating every input it changes together, the reasoning behind it, and the response model they are all evaluated through. This measure is named for a method that cannot be carried out without it, so no reading is reported and no other figure is used in its place.""}"
carry_forward,PRJ-C45-CARRY,1,abstained,A5.5,ABSTAINED,"{""abstention_reason_code"": ""canonical_structure_absent"", ""activation_state"": ""ADVISORY_ONLY"", ""reason"": ""Awaiting a system dynamics rework model: the stock of work in the backlog, the work arriving and completed each step, and the share of completed work that returns as rework. This measure is named for a method that cannot be carried out without it, so no reading is reported and no other figure is used in its place.""}"
carry_forward,PRJ-C45-CARRY,1,abstained,A5.6,ABSTAINED,"{""abstention_reason_code"": ""canonical_structure_absent"", ""activation_state"": ""ADVISORY_ONLY"", ""reason"": ""Awaiting a queue model: the rate work arrives at, the rate it is served at, how many servers there are and the order they take work in. This measure is named for a method that cannot be carried out without it, so no reading is reported and no other figure is used in its place.""}"
carry_forward,PRJ-C45-CARRY,1,abstained,A5.7,ABSTAINED,"{""abstention_reason_code"": ""canonical_structure_absent"", ""activation_state"": ""ADVISORY_ONLY"", ""reason"": ""Awaiting an agent based supply chain model: the agents, the state each starts in, the rule each follows, who they are connected to, and the steps the model runs over. This measure is named for a method that cannot be carried out without it, so no reading is reported and no other figure is used in its place.""}"
carry_forward,PRJ-C45-CARRY,1,abstained,A5.8,ABSTAINED,"{""abstention_reason_code"": ""canonical_structure_absent"", ""activation_state"": ""ADVISORY_ONLY"", ""reason"": ""Awaiting a discrete event model: the entities and when they arrive, the resources that serve them, how long service takes, and the order simultaneous events are taken in. This measure is named for a method that cannot be carried out without it, so no reading is reported and no other figure is used in its place.""}"
carry_forward,PRJ-C45-CARRY,1,abstained,A6.1,ABSTAINED,"{""abstention_reason_code"": ""CATEGORY9_ASSESSMENT_MISSING"", ""activation_state"": ""ADVISORY_ONLY"", ""lineage"": {""evidence_body"": null, ""independence_established"": false, ""lineage_status"": ""LINEAGE_UNRESOLVED""}, ""reason"": ""The evidence offered to this measure carries no Category-9 assessment, so it is unassessed and not eligible for this use. No reading is produced and no figure is used in its place."", ""result_source"": ""QUALIFICATION_BOUNDARY_V18""}"
carry_forward,PRJ-C45-CARRY,1,abstained,A6.2,ABSTAINED,"{""abstention_reason_code"": ""CATEGORY9_ASSESSMENT_MISSING"", ""activation_state"": ""ADVISORY_ONLY"", ""lineage"": {""evidence_body"": null, ""independence_established"": false, ""lineage_status"": ""LINEAGE_UNRESOLVED""}, ""reason"": ""The evidence offered to this measure carries no Category-9 assessment, so it is unassessed and not eligible for this use. No reading is produced and no figure is used in its place."", ""result_source"": ""QUALIFICATION_BOUNDARY_V18""}"
carry_forward,PRJ-C45-CARRY,1,abstained,A6.3,ABSTAINED,"{""abstention_reason_code"": ""CATEGORY9_ASSESSMENT_MISSING"", ""activation_state"": ""ADVISORY_ONLY"", ""claim_limit"": ""The permit authority, the jurisdiction and the version of the conditions being assessed are not carried, and no committed authority in this repository supplies them. The reading is a count of reported conditions met and is not a compliance determination under any named instrument."", ""claim_limit_disposition"": ""REGULATORY_VERSION_BLOCKED"", ""lineage"": {""evidence_body"": null, ""independence_established"": false, ""lineage_status"": ""LINEAGE_UNRESOLVED""}, ""reason"": ""The evidence offered to this measure carries no Category-9 assessment, so it is unassessed and not eligible for this use. No reading is produced and no figure is used in its place."", ""result_source"": ""QUALIFICATION_BOUNDARY_V18""}"
carry_forward,PRJ-C45-CARRY,1,abstained,A6.4,ABSTAINED,"{""abstention_reason_code"": ""CATEGORY9_ASSESSMENT_MISSING"", ""activation_state"": ""ADVISORY_ONLY"", ""lineage"": {""evidence_body"": null, ""independence_established"": false, ""lineage_status"": ""LINEAGE_UNRESOLVED""}, ""reason"": ""The evidence offered to this measure carries no Category-9 assessment, so it is unassessed and not eligible for this use. No reading is produced and no figure is used in its place."", ""result_source"": ""QUALIFICATION_BOUNDARY_V18""}"
carry_forward,PRJ-C45-CARRY,1,abstained,B1.1,ABSTAINED,"{""abstention_reason_code"": ""CATEGORY9_ASSESSMENT_MISSING"", ""activation_state"": ""ADVISORY_ONLY"", ""lineage"": {""evidence_body"": null, ""independence_established"": false, ""lineage_status"": ""LINEAGE_UNRESOLVED""}, ""newly_wired_unvalidated"": true, ""reason"": ""The evidence offered to this measure carries no Category-9 assessment, so it is unassessed and not eligible for this use. No reading is produced and no figure is used in its place. This computation reads an assembled signal package. It was supplied no signals. Not available this period: the cost and schedule indices, because this period's evidence carries no cost index and schedule index pair (the schedule index absent); the cost forecast, because the cost forecast computation abstained this period; the performance trend, because the performance trend computation abstained this period; the document risk score, because this period's evidence carries no document risk score."", ""result_source"": ""QUALIFICATION_BOUNDARY_V18"", ""signal_qualification"": ""unqualified"", ""wiring_note"": ""Newly wired and unvalidated: this module could not execute on the normal computation path before the flat-to-nested signal adapter, so its output has never been validated against real project evidence. Advisory, non-voting.""}"
carry_forward,PRJ-C45-CARRY,1,abstained,B1.2,ABSTAINED,"{""abstention_reason_code"": ""CATEGORY9_ASSESSMENT_MISSING"", ""activation_state"": ""ADVISORY_ONLY"", ""lineage"": {""evidence_body"": null, ""independence_established"": false, ""lineage_status"": ""LINEAGE_UNRESOLVED""}, ""newly_wired_unvalidated"": true, ""reason"": ""The evidence offered to this measure carries no Category-9 assessment, so it is unassessed and not eligible for this use. No reading is produced and no figure is used in its place. This computation reads an assembled signal package. It was supplied no signals. Not available this period: the cost and schedule indices, because this period's evidence carries no cost index and schedule index pair (the schedule index absent); the cost forecast, because the cost forecast computation abstained this period; the performance trend, because the performance trend computation abstained this period; the document risk score, because this period's evidence carries no document risk score."", ""result_source"": ""QUALIFICATION_BOUNDARY_V18"", ""signal_qualification"": ""unqualified"", ""wiring_note"": ""Newly wired and unvalidated: this module could not execute on the normal computation path before the flat-to-nested signal adapter, so its output has never been validated against real project evidence. Advisory, non-voting.""}"
carry_forward,PRJ-C45-CARRY,1,abstained,B1.3,ABSTAINED,"{""abstention_reason_code"": ""CATEGORY9_ASSESSMENT_MISSING"", ""activation_state"": ""ADVISORY_ONLY"", ""lineage"": {""evidence_body"": null, ""independence_established"": false, ""lineage_status"": ""LINEAGE_UNRESOLVED""}, ""newly_wired_unvalidated"": true, ""reason"": ""The evidence offered to this measure carries no Category-9 assessment, so it is unassessed and not eligible for this use. No reading is produced and no figure is used in its place. This computation reads an assembled signal package. It was supplied no signals. Not available this period: the cost and schedule indices, because this period's evidence carries no cost index and schedule index pair (the schedule index absent); the cost forecast, because the cost forecast computation abstained this period; the performance trend, because the performance trend computation abstained this period; the document risk score, because this period's evidence carries no document risk score."", ""result_source"": ""QUALIFICATION_BOUNDARY_V18"", ""signal_qualification"": ""unqualified"", ""wiring_note"": ""Newly wired and unvalidated: this module could not execute on the normal computation path before the flat-to-nested signal adapter, so its output has never been validated against real project evidence. Advisory, non-voting.""}"
carry_forward,PRJ-C45-CARRY,1,abstained,B1.4,ABSTAINED,"{""abstention_reason_code"": ""CATEGORY9_ASSESSMENT_MISSING"", ""activation_state"": ""ADVISORY_ONLY"", ""lineage"": {""evidence_body"": null, ""independence_established"": false, ""lineage_status"": ""LINEAGE_UNRESOLVED""}, ""newly_wired_unvalidated"": true, ""reason"": ""The evidence offered to this measure carries no Category-9 assessment, so it is unassessed and not eligible for this use. No reading is produced and no figure is used in its place. This computation reads an assembled signal package. It was supplied no signals. Not available this period: the cost and schedule indices, because this period's evidence carries no cost index and schedule index pair (the schedule index absent); the cost forecast, because the cost forecast computation abstained this period; the performance trend, because the performance trend computation abstained this period; the document risk score, because this period's evidence carries no document risk score."", ""result_source"": ""QUALIFICATION_BOUNDARY_V18"", ""signal_qualification"": ""unqualified"", ""wiring_note"": ""Newly wired and unvalidated: this module could not execute on the normal computation path before the flat-to-nested signal adapter, so its output has never been validated against real project evidence. Advisory, non-voting.""}"
carry_forward,PRJ-C45-CARRY,1,abstained,B2.18,ABSTAINED,"{""abstention_reason_code"": ""CATEGORY9_ASSESSMENT_MISSING"", ""activation_state"": ""ADVISORY_ONLY"", ""lineage"": {""evidence_body"": null, ""independence_established"": false, ""lineage_status"": ""LINEAGE_UNRESOLVED""}, ""reason"": ""The evidence offered to this measure carries no Category-9 assessment, so it is unassessed and not eligible for this use. No reading is produced and no figure is used in its place."", ""result_source"": ""QUALIFICATION_BOUNDARY_V18""}"
carry_forward,PRJ-C45-CARRY,1,abstained,B3.1,ABSTAINED,"{""abstention_reason_code"": ""CATEGORY9_ASSESSMENT_MISSING"", ""activation_state"": ""ADVISORY_ONLY"", ""lineage"": {""evidence_body"": null, ""independence_established"": false, ""lineage_status"": ""LINEAGE_UNRESOLVED""}, ""newly_wired_unvalidated"": true, ""reason"": ""The evidence offered to this measure carries no Category-9 assessment, so it is unassessed and not eligible for this use. No reading is produced and no figure is used in its place. This computation reads an assembled signal package. It was supplied no signals. Not available this period: the cost and schedule indices, because this period's evidence carries no cost index and schedule index pair (the schedule index absent); the cost forecast, because the cost forecast computation abstained this period; the performance trend, because the performance trend computation abstained this period; the document risk score, because this period's evidence carries no document risk score."", ""result_source"": ""QUALIFICATION_BOUNDARY_V18"", ""signal_qualification"": ""unqualified"", ""wiring_note"": ""Newly wired and unvalidated: this module could not execute on the normal computation path before the flat-to-nested signal adapter, so its output has never been validated against real project evidence. Advisory, non-voting.""}"
carry_forward,PRJ-C45-CARRY,1,abstained,B3.2,ABSTAINED,"{""abstention_reason_code"": ""CATEGORY9_ASSESSMENT_MISSING"", ""activation_state"": ""ADVISORY_ONLY"", ""lineage"": {""evidence_body"": null, ""independence_established"": false, ""lineage_status"": ""LINEAGE_UNRESOLVED""}, ""reason"": ""The evidence offered to this measure carries no Category-9 assessment, so it is unassessed and not eligible for this use. No reading is produced and no figure is used in its place."", ""result_source"": ""QUALIFICATION_BOUNDARY_V18""}"
carry_forward,PRJ-C45-CARRY,1,abstained,B3.3,ABSTAINED,"{""abstention_reason_code"": ""CATEGORY9_ASSESSMENT_MISSING"", ""activation_state"": ""ADVISORY_ONLY"", ""lineage"": {""evidence_body"": null, ""independence_established"": false, ""lineage_status"": ""LINEAGE_UNRESOLVED""}, ""reason"": ""The evidence offered to this measure carries no Category-9 assessment, so it is unassessed and not eligible for this use. No reading is produced and no figure is used in its place."", ""result_source"": ""QUALIFICATION_BOUNDARY_V18""}"
carry_forward,PRJ-C45-CARRY,1,abstained,B3.4,ABSTAINED,"{""abstention_reason_code"": ""CATEGORY9_ASSESSMENT_MISSING"", ""activation_state"": ""ADVISORY_ONLY"", ""lineage"": {""evidence_body"": null, ""independence_established"": false, ""lineage_status"": ""LINEAGE_UNRESOLVED""}, ""reason"": ""The evidence offered to this measure carries no Category-9 assessment, so it is unassessed and not eligible for this use. No reading is produced and no figure is used in its place."", ""result_source"": ""QUALIFICATION_BOUNDARY_V18""}"
carry_forward,PRJ-C45-CARRY,1,abstained,B3.5,ABSTAINED,"{""abstention_reason_code"": ""CATEGORY9_ASSESSMENT_MISSING"", ""activation_state"": ""ADVISORY_ONLY"", ""lineage"": {""evidence_body"": null, ""independence_established"": false, ""lineage_status"": ""LINEAGE_UNRESOLVED""}, ""reason"": ""The evidence offered to this measure carries no Category-9 assessment, so it is unassessed and not eligible for this use. No reading is produced and no figure is used in its place."", ""result_source"": ""QUALIFICATION_BOUNDARY_V18""}"
carry_forward,PRJ-C45-CARRY,1,abstained,B4.3,ABSTAINED,"{""abstention_reason_code"": ""CATEGORY9_ASSESSMENT_MISSING"", ""activation_state"": ""ADVISORY_ONLY"", ""lineage"": {""evidence_body"": null, ""independence_established"": false, ""lineage_status"": ""LINEAGE_UNRESOLVED""}, ""reason"": ""The evidence offered to this measure carries no Category-9 assessment, so it is unassessed and not eligible for this use. No reading is produced and no figure is used in its place."", ""result_source"": ""QUALIFICATION_BOUNDARY_V18""}"
carry_forward,PRJ-C45-CARRY,1,abstained,B4.4,ABSTAINED,"{""abstention_reason_code"": ""CATEGORY9_ASSESSMENT_MISSING"", ""activation_state"": ""ADVISORY_ONLY"", ""lineage"": {""evidence_body"": null, ""independence_established"": false, ""lineage_status"": ""LINEAGE_UNRESOLVED""}, ""reason"": ""The evidence offered to this measure carries no Category-9 assessment, so it is unassessed and not eligible for this use. No reading is produced and no figure is used in its place."", ""result_source"": ""QUALIFICATION_BOUNDARY_V18""}"
carry_forward,PRJ-C45-CARRY,1,abstained,C1.1,ABSTAINED,"{""abstention_reason_code"": ""canonical_structure_absent"", ""activation_state"": ""ADVISORY_ONLY"", ""canonical_disposition"": ""NOT_ESTIMABLE_STRUCTURE_ABSENT"", ""canonical_structure"": ""requiredInputContract"", ""reason"": ""Awaiting the required-input contract for the module or use being assessed. This measure is named for a method that cannot be carried out without it, so no reading is reported and no other figure is used in its place."", ""result_source"": ""CANONICAL_V6_LAYER""}"
carry_forward,PRJ-C45-CARRY,1,abstained,C1.2,ABSTAINED,"{""abstention_reason_code"": ""canonical_structure_absent"", ""activation_state"": ""ADVISORY_ONLY"", ""canonical_disposition"": ""NOT_ESTIMABLE_STRUCTURE_ABSENT"", ""canonical_structure"": ""evidenceTimelinessRecord"", ""reason"": ""Awaiting a governed evidence date and freshness rule. This measure is named for a method that cannot be carried out without it, so no reading is reported and no other figure is used in its place."", ""result_source"": ""CANONICAL_V6_LAYER""}"
carry_forward,PRJ-C45-CARRY,1,abstained,C1.3,ABSTAINED,"{""abstention_reason_code"": ""canonical_structure_absent"", ""activation_state"": ""ADVISORY_ONLY"", ""canonical_disposition"": ""NOT_ESTIMABLE_STRUCTURE_ABSENT"", ""canonical_structure"": ""sourceProvenanceRecord"", ""reason"": ""Awaiting a governed source provenance record. This measure is named for a method that cannot be carried out without it, so no reading is reported and no other figure is used in its place."", ""result_source"": ""CANONICAL_V6_LAYER""}"
carry_forward,PRJ-C45-CARRY,1,abstained,C1.4,ABSTAINED,"{""abstention_reason_code"": ""canonical_structure_absent"", ""activation_state"": ""ADVISORY_ONLY"", ""canonical_disposition"": ""NOT_ESTIMABLE_STRUCTURE_ABSENT"", ""canonical_structure"": ""auditChainRecord"", ""reason"": ""Awaiting a governed audit chain record. This measure is named for a method that cannot be carried out without it, so no reading is reported and no other figure is used in its place."", ""result_source"": ""CANONICAL_V6_LAYER""}"
carry_forward,PRJ-C45-CARRY,1,abstained,C1.5,ABSTAINED,"{""abstention_reason_code"": ""canonical_structure_absent"", ""activation_state"": ""ADVISORY_ONLY"", ""canonical_disposition"": ""NOT_ESTIMABLE_STRUCTURE_ABSENT"", ""canonical_structure"": ""informationPackageRecord"", ""reason"": ""Awaiting a governed information package definition. This measure is named for a method that cannot be carried out without it, so no reading is reported and no other figure is used in its place."", ""result_source"": ""CANONICAL_V6_LAYER""}"
carry_forward,PRJ-C45-CARRY,1,abstained,C1.6,ABSTAINED,"{""abstention_reason_code"": ""canonical_structure_absent"", ""activation_state"": ""ADVISORY_ONLY"", ""canonical_disposition"": ""NOT_ESTIMABLE_STRUCTURE_ABSENT"", ""canonical_structure"": ""crossDocumentFactSet"", ""reason"": ""Awaiting a governed cross-document fact set. This measure is named for a method that cannot be carried out without it, so no reading is reported and no other figure is used in its place."", ""result_source"": ""CANONICAL_V6_LAYER""}"
carry_forward,PRJ-C45-CARRY,1,abstained,C1.7,ABSTAINED,"{""abstention_reason_code"": ""canonical_structure_absent"", ""activation_state"": ""ADVISORY_ONLY"", ""canonical_disposition"": ""NOT_ESTIMABLE_STRUCTURE_ABSENT"", ""canonical_structure"": ""reportingCadenceRecord"", ""reason"": ""Awaiting a governed reporting cadence record and report history. This measure is named for a method that cannot be carried out without it, so no reading is reported and no other figure is used in its place."", ""result_source"": ""CANONICAL_V6_LAYER""}"
carry_forward,PRJ-C45-CARRY,1,module,A1.7,,"{""activation_state"": ""ENABLED_QUALIFIED"", ""band_source"": ""Green at or below 1.00, Amber at or below 1.10, Red above. 1.00 is definitional: Project Management Institute, A Guide to the Project Management Body of Knowledge, 6th edition, 2017, section 7.4.2.2, and PMI Practice Standard for Earned Value Management, 2nd edition, 2011, define this index as the cost efficiency the remaining work must achieve, so at or below 1.00 the remaining budget suffices at the efficiency already planned. 1.10 applies a sourced number by stated inference: Christensen and Heise, Cost Performance Index Stability, National Contract Management Journal 25(1), 1993, pages 7 to 15, found the cumulative cost performance index does not move by more than 0.10 after the twenty per cent completion point, so a demand for more than that improvement is beyond what the remaining work is observed to deliver."", ""band_source_limit"": ""Band boundaries are sourced to published literature. False-positive and false-negative performance is not measured: no labelled holdout corpus and no expert reference standard exist for this platform, so how often a band is right is unknown."", ""category"": ""A1"", ""evidence_metric"": ""TCPI: 0.951, the cost efficiency the remaining work must achieve to finish within budget, within the efficiency already planned"", ""group"": ""A"", ""method_class"": ""TCPI"", ""status_color"": ""Green"", ""tcpi"": 0.9509156682095509, ""tcpi_display"": 0.951, ""votes"": true}"
carry_forward,PRJ-C45-CARRY,1,module,A1.8,,"{""activation_state"": ""ENABLED_QUALIFIED"", ""band_source"": ""Green at or above zero per cent, Amber at or above minus 11.11 per cent, Red below. Zero is definitional: the Project Management Institute (A Guide to the Project Management Body of Knowledge, 6th edition, 2017, section 7.4.2.2; Practice Standard for Earned Value Management, 2nd edition, 2011) defines variance at completion as budget minus forecast, so a negative variance is a forecast overrun. Minus 11.11 per cent is the exact restatement of a cost performance index of 0.90, because this forecast is the index-based one, and 0.90 applies the 0.10 stability finding of Christensen and Heise (National Contract Management Journal 25(1), 1993, pages 7 to 15) by stated inference. The stated limit of that citation: the stability finding is conditional on the project being past twenty per cent complete and this measure does not read percent complete, so the condition is not enforced."", ""band_source_limit"": ""Band boundaries are sourced to published literature. False-positive and false-negative performance is not measured: no labelled holdout corpus and no expert reference standard exist for this platform, so how often a band is right is unknown."", ""category"": ""A1"", ""evidence_metric"": ""VAC: $586,933 under budget (10%)"", ""group"": ""A"", ""method_class"": ""VAC"", ""status_color"": ""Green"", ""vac"": 586933.2313231323, ""vac_display"": 586933, ""vac_pct"": 9.99099909990999, ""vac_pct_display"": 10.0, ""votes"": true}"
carry_forward,PRJ-C45-CARRY,1,module,A3.2,,"{""activation_state"": ""ADVISORY_ONLY"", ""band_asserted"": false, ""band_source"": null, ""burn_rate_pct"": 17, ""calibration_note"": ""The method this measure is named for has been carried out and the figure is reported. No status colour is offered with it, because no boundary for this quantity has been established from evidence, and a colour drawn from an unestablished boundary would read as a judgement nobody has made."", ""calibration_pending"": true, ""category"": ""A3"", ""consumed_fraction"": 0.17, ""evidence_metric"": ""Contingency is 17 per cent consumed at 34 per cent complete, a burn against progress of 0.49"", ""group"": ""A"", ""held_non_voting_reason"": ""Contingency Burn Rate: no source specifies a burn-against-progress threshold, and the proportional-drawdown premise the band rests on is not what the contingency literature describes"", ""method_class"": ""Contingency_Burn_Rate"", ""normalized_burn"": 0.49, ""original_contingency"": 300000.0, ""remaining_contingency"": 250000.0, ""remaining_pct"": 83, ""status_color"": null, ""votes"": false}"
carry_forward,PRJ-C45-CARRY,1,signal_input,ac,,1800000
carry_forward,PRJ-C45-CARRY,1,signal_input,activitiesConstrained,,null
carry_forward,PRJ-C45-CARRY,1,signal_input,activitiesPlanned,,null
carry_forward,PRJ-C45-CARRY,1,signal_input,actualLaborHours,,null
carry_forward,PRJ-C45-CARRY,1,signal_input,actualPctComplete,,34.0
carry_forward,PRJ-C45-CARRY,1,signal_input,analogousBac,,null
carry_forward,PRJ-C45-CARRY,1,signal_input,analogousFinalCost,,null
carry_forward,PRJ-C45-CARRY,1,signal_input,analogousOverrunPct,,null
carry_forward,PRJ-C45-CARRY,1,signal_input,bac,,5874620
carry_forward,PRJ-C45-CARRY,1,signal_input,baselineContractSum,,5874620
carry_forward,PRJ-C45-CARRY,1,signal_input,baselineEnd,,"""2027-06-30"""
carry_forward,PRJ-C45-CARRY,1,signal_input,baselineStart,,"""2026-01-01"""
carry_forward,PRJ-C45-CARRY,1,signal_input,changeOrderCount,,null
carry_forward,PRJ-C45-CARRY,1,signal_input,consumedFloat,,null
carry_forward,PRJ-C45-CARRY,1,signal_input,costRating,,null
carry_forward,PRJ-C45-CARRY,1,signal_input,cpi,,1.111
carry_forward,PRJ-C45-CARRY,1,signal_input,criticalDeficiencyCount,,null
carry_forward,PRJ-C45-CARRY,1,signal_input,criticalFindings,,null
carry_forward,PRJ-C45-CARRY,1,signal_input,docDate,,"""2026-03-31"""
carry_forward,PRJ-C45-CARRY,1,signal_input,docRiskScore,,null
carry_forward,PRJ-C45-CARRY,1,signal_input,environmentalComplianceRate,,null
carry_forward,PRJ-C45-CARRY,1,signal_input,environmentalIssuesDiscussed,,null
carry_forward,PRJ-C45-CARRY,1,signal_input,environmentalViolations,,null
carry_forward,PRJ-C45-CARRY,1,signal_input,ev,,2000000
carry_forward,PRJ-C45-CARRY,1,signal_input,floatRemaining,,null
carry_forward,PRJ-C45-CARRY,1,signal_input,indirectCostActual,,null
carry_forward,PRJ-C45-CARRY,1,signal_input,indirectCostPlan,,null
carry_forward,PRJ-C45-CARRY,1,signal_input,itemsFailed,,null
carry_forward,PRJ-C45-CARRY,1,signal_input,itemsInspected,,null
carry_forward,PRJ-C45-CARRY,1,signal_input,longLeadAtRisk,,null
carry_forward,PRJ-C45-CARRY,1,signal_input,longLeadDelayed,,null
carry_forward,PRJ-C45-CARRY,1,signal_input,longLeadItemsTotal,,null
carry_forward,PRJ-C45-CARRY,1,signal_input,lookaheadWeeks,,null
carry_forward,PRJ-C45-CARRY,1,signal_input,materialCostBaseline,,null
carry_forward,PRJ-C45-CARRY,1,signal_input,materialCostCurrent,,null
carry_forward,PRJ-C45-CARRY,1,signal_input,ncrClosed,,null
carry_forward,PRJ-C45-CARRY,1,signal_input,ncrIssued,,null
carry_forward,PRJ-C45-CARRY,1,signal_input,ncrOpen,,null
carry_forward,PRJ-C45-CARRY,1,signal_input,originalContingency,,300000
carry_forward,PRJ-C45-CARRY,1,signal_input,oshaIncidentRate,,null
carry_forward,PRJ-C45-CARRY,1,signal_input,outstandingActionItems,,null
carry_forward,PRJ-C45-CARRY,1,signal_input,overallRating,,null
carry_forward,PRJ-C45-CARRY,1,signal_input,plannedLaborHours,,null
carry_forward,PRJ-C45-CARRY,1,signal_input,plannedPctComplete,,null
carry_forward,PRJ-C45-CARRY,1,signal_input,pv,,null
carry_forward,PRJ-C45-CARRY,1,signal_input,qualityAuditScore,,null
carry_forward,PRJ-C45-CARRY,1,signal_input,qualityDeficienciesNoted,,null
carry_forward,PRJ-C45-CARRY,1,signal_input,qualityIssuesDiscussed,,null
carry_forward,PRJ-C45-CARRY,1,signal_input,qualityRating,,null
carry_forward,PRJ-C45-CARRY,1,signal_input,remainingContingency,,250000
carry_forward,PRJ-C45-CARRY,1,signal_input,revisedContractSum,,null
carry_forward,PRJ-C45-CARRY,1,signal_input,rfaApproved,,null
carry_forward,PRJ-C45-CARRY,1,signal_input,rfaAvgReviewDays,,null
carry_forward,PRJ-C45-CARRY,1,signal_input,rfaOpen,,null
carry_forward,PRJ-C45-CARRY,1,signal_input,rfaRejected,,null
carry_forward,PRJ-C45-CARRY,1,signal_input,rfaResubmit,,null
carry_forward,PRJ-C45-CARRY,1,signal_input,rfaTotal,,null
carry_forward,PRJ-C45-CARRY,1,signal_input,rfiAvgResponseDays,,null
carry_forward,PRJ-C45-CARRY,1,signal_input,rfiCount,,null
carry_forward,PRJ-C45-CARRY,1,signal_input,rfiNumber,,null
carry_forward,PRJ-C45-CARRY,1,signal_input,rfiOldestOpenDays,,null
carry_forward,PRJ-C45-CARRY,1,signal_input,rfiOpen,,null
carry_forward,PRJ-C45-CARRY,1,signal_input,rfiOverdue,,null
carry_forward,PRJ-C45-CARRY,1,signal_input,rfiPeriodDays,,null
carry_forward,PRJ-C45-CARRY,1,signal_input,rfiResponseTimeDays,,null
carry_forward,PRJ-C45-CARRY,1,signal_input,safetyActionsOpen,,null
carry_forward,PRJ-C45-CARRY,1,signal_input,safetyIncidentsDiscussed,,null
carry_forward,PRJ-C45-CARRY,1,signal_input,scheduleRating,,null
carry_forward,PRJ-C45-CARRY,1,signal_input,spi,,null
carry_forward,PRJ-C45-CARRY,1,signal_input,subcontractorComplianceScore,,null
carry_forward,PRJ-C45-CARRY,1,signal_input,subcontractorDisputes,,null
carry_forward,PRJ-C45-CARRY,1,signal_input,subcontractorIssuesDiscussed,,null
carry_forward,PRJ-C45-CARRY,1,signal_input,submittalsRejected,,null
carry_forward,PRJ-C45-CARRY,1,signal_input,submittalsTotal,,null
carry_forward,PRJ-C45-CARRY,1,signal_input,totalFindings,,null
carry_forward,PRJ-C45-CARRY,1,signal_input,totalFloat,,null
carry_forward,PRJ-C45-CARRY,1,signal_input,totalManhours,,null
carry_forward,PRJ-C45-CARRY,1,signal_input,weatherDaysDiscussed,,null
carry_forward,PRJ-C45-CARRY,1,signal_input,weatherDaysLost,,null
carry_forward,PRJ-C45-CARRY,1,signal_input,workPeriodFrom,,null
carry_forward,PRJ-C45-CARRY,1,signal_input,workPeriodTo,,null
carry_forward,PRJ-C45-CARRY,2,abstained,A1.10,ABSTAINED,"{""abstention_reason_code"": ""canonical_structure_absent"", ""activation_state"": ""ADVISORY_ONLY"", ""reason"": ""Awaiting a governed reference population of comparable projects with the cost performance they achieved, and the weight to place on this project's own reading. This measure is named for a method that cannot be carried out without it, so no reading is reported and no other figure is used in its place.""}"
carry_forward,PRJ-C45-CARRY,2,abstained,A1.11,ABSTAINED,"{""abstention_reason_code"": ""canonical_structure_absent"", ""activation_state"": ""ADVISORY_ONLY"", ""reason"": ""Awaiting two separately prepared forecasts of the cost at completion, one from the project management team and one prepared independently of it. This measure is named for a method that cannot be carried out without it, so no reading is reported and no other figure is used in its place.""}"
carry_forward,PRJ-C45-CARRY,2,abstained,A1.2,ABSTAINED,"{""activation_state"": ""ADVISORY_ONLY"", ""reason"": ""Insufficient data: upload required documents""}"
carry_forward,PRJ-C45-CARRY,2,abstained,A1.3,ABSTAINED,"{""abstention_reason_code"": ""canonical_structure_absent"", ""activation_state"": ""ADVISORY_ONLY"", ""reason"": ""Awaiting a stated prior for the cost at completion, with its source, and a stated observation model with the uncertainty of the observation. This measure is named for a method that cannot be carried out without it, so no reading is reported and no other figure is used in its place.""}"
carry_forward,PRJ-C45-CARRY,2,abstained,A1.4,ABSTAINED,"{""abstention_reason_code"": ""canonical_structure_absent"", ""activation_state"": ""ADVISORY_ONLY"", ""reason"": ""Awaiting a state space model for the schedule index: a starting estimate, its uncertainty, the process and measurement variances, and the readings taken. This measure is named for a method that cannot be carried out without it, so no reading is reported and no other figure is used in its place.""}"
carry_forward,PRJ-C45-CARRY,2,abstained,A1.5,ABSTAINED,"{""abstention_reason_code"": ""insufficient_history"", ""activation_state"": ""ADVISORY_ONLY"", ""reason"": ""Awaiting a cost performance history""}"
carry_forward,PRJ-C45-CARRY,2,abstained,A1.6,ABSTAINED,"{""abstention_reason_code"": ""canonical_structure_absent"", ""activation_state"": ""ADVISORY_ONLY"", ""reason"": ""Awaiting a time phased baseline: the cumulative value of work planned to be complete at the end of each period. This measure is named for a method that cannot be carried out without it, so no reading is reported and no other figure is used in its place.""}"
carry_forward,PRJ-C45-CARRY,2,abstained,A1.7,ABSTAINED,"{""activation_state"": ""ENABLED_QUALIFIED"", ""reason"": ""Insufficient data: upload required documents""}"
carry_forward,PRJ-C45-CARRY,2,abstained,A1.8,ABSTAINED,"{""activation_state"": ""ENABLED_QUALIFIED"", ""reason"": ""Insufficient data: upload required documents""}"
carry_forward,PRJ-C45-CARRY,2,abstained,A1.9,ABSTAINED,"{""abstention_reason_code"": ""missing_required_input"", ""activation_state"": ""ADVISORY_ONLY"", ""reason"": ""Insufficient data: the actual cost has not been reported for this period.""}"
carry_forward,PRJ-C45-CARRY,2,abstained,A2.1,ABSTAINED,"{""abstention_reason_code"": ""canonical_structure_absent"", ""activation_state"": ""ADVISORY_ONLY"", ""reason"": ""Awaiting the project's activity network: the activities, the logic between them, and a duration for each. This measure is named for a method that cannot be carried out without it, so no reading is reported and no other figure is used in its place.""}"
carry_forward,PRJ-C45-CARRY,2,abstained,A2.2,ABSTAINED,"{""abstention_reason_code"": ""canonical_structure_absent"", ""activation_state"": ""ADVISORY_ONLY"", ""reason"": ""Awaiting a line of balance: locations in sequence, the crews working them, and a production rate and start for each line of work. This measure is named for a method that cannot be carried out without it, so no reading is reported and no other figure is used in its place.""}"
carry_forward,PRJ-C45-CARRY,2,abstained,A2.3,ABSTAINED,"{""abstention_reason_code"": ""canonical_structure_absent"", ""activation_state"": ""ADVISORY_ONLY"", ""reason"": ""Awaiting a critical chain with its activities and a sized project buffer. This measure is named for a method that cannot be carried out without it, so no reading is reported and no other figure is used in its place.""}"
carry_forward,PRJ-C45-CARRY,2,abstained,A2.7,ABSTAINED,"{""abstention_reason_code"": ""canonical_structure_absent"", ""activation_state"": ""ADVISORY_ONLY"", ""reason"": ""Awaiting a milestone forecast history: each milestone's committed date and the date it was forecast for in each reporting period since. This measure is named for a method that cannot be carried out without it, so no reading is reported and no other figure is used in its place.""}"
carry_forward,PRJ-C45-CARRY,2,abstained,A2.8,ABSTAINED,"{""abstention_reason_code"": ""canonical_structure_absent"", ""activation_state"": ""ADVISORY_ONLY"", ""reason"": ""Awaiting a look ahead schedule: the window it covers, the activities planned in it, and whether each one still carries an open constraint. This measure is named for a method that cannot be carried out without it, so no reading is reported and no other figure is used in its place.""}"
carry_forward,PRJ-C45-CARRY,2,abstained,A2.9,ABSTAINED,"{""abstention_reason_code"": ""canonical_structure_absent"", ""activation_state"": ""ADVISORY_ONLY"", ""reason"": ""Awaiting a time phased resource profile: for each period and each kind of resource, the amount of work demanded and the amount available. This measure is named for a method that cannot be carried out without it, so no reading is reported and no other figure is used in its place.""}"
carry_forward,PRJ-C45-CARRY,2,abstained,A3.1,ABSTAINED,"{""abstention_reason_code"": ""canonical_structure_absent"", ""activation_state"": ""ADVISORY_ONLY"", ""reason"": ""Awaiting a reference class of completed comparable projects, with the criteria that put them in it and the overrun each of them finished with. This measure is named for a method that cannot be carried out without it, so no reading is reported and no other figure is used in its place.""}"
carry_forward,PRJ-C45-CARRY,2,abstained,A3.2,ABSTAINED,"{""abstention_reason_code"": ""missing_required_input"", ""activation_state"": ""ADVISORY_ONLY"", ""reason"": ""Insufficient data: the original and remaining contingency amounts are needed, and at least one of them has not been reported for this period.""}"
carry_forward,PRJ-C45-CARRY,2,abstained,A3.3,ABSTAINED,"{""abstention_reason_code"": ""canonical_structure_absent"", ""activation_state"": ""ADVISORY_ONLY"", ""reason"": ""Awaiting a record of production: the quantity of work installed, the quantity planned, and the labour hours each of those took. This measure is named for a method that cannot be carried out without it, so no reading is reported and no other figure is used in its place.""}"
carry_forward,PRJ-C45-CARRY,2,abstained,A3.5,ABSTAINED,"{""abstention_reason_code"": ""canonical_structure_absent"", ""activation_state"": ""ADVISORY_ONLY"", ""reason"": ""Awaiting an overhead allocation base: the planned and actual overhead and the planned and actual amount of the base it is absorbed over. This measure is named for a method that cannot be carried out without it, so no reading is reported and no other figure is used in its place.""}"
carry_forward,PRJ-C45-CARRY,2,abstained,A3.6,ABSTAINED,"{""abstention_reason_code"": ""canonical_structure_absent"", ""activation_state"": ""ADVISORY_ONLY"", ""reason"": ""Awaiting a cost risk model: the base cost components, the risk events that could occur, how likely each is and what it would cost. This measure is named for a method that cannot be carried out without it, so no reading is reported and no other figure is used in its place.""}"
carry_forward,PRJ-C45-CARRY,2,abstained,A3.7,ABSTAINED,"{""abstention_reason_code"": ""canonical_structure_absent"", ""activation_state"": ""ADVISORY_ONLY"", ""reason"": ""Awaiting an identified analogous project with its cost, why it is comparable, and the factors that adapt it to this project. This measure is named for a method that cannot be carried out without it, so no reading is reported and no other figure is used in its place.""}"
carry_forward,PRJ-C45-CARRY,2,abstained,A3.9,ABSTAINED,"{""abstention_reason_code"": ""canonical_structure_absent"", ""activation_state"": ""ADVISORY_ONLY"", ""reason"": ""Awaiting a named external price index with its authority, geography, base period and the period being adjusted to. This measure is named for a method that cannot be carried out without it, so no reading is reported and no other figure is used in its place.""}"
carry_forward,PRJ-C45-CARRY,2,abstained,A4.10,ABSTAINED,"{""abstention_reason_code"": ""canonical_structure_absent"", ""activation_state"": ""ADVISORY_ONLY"", ""reason"": ""Awaiting a specification conflict register: each identified conflict, the two places in the specification that disagree, whether it has been confirmed, and the exposure the conflicts are counted over. This measure is named for a method that cannot be carried out without it, so no reading is reported and no other figure is used in its place.""}"
carry_forward,PRJ-C45-CARRY,2,abstained,A4.2,ABSTAINED,"{""activation_state"": ""ADVISORY_ONLY"", ""reason"": ""Insufficient data: upload required documents""}"
carry_forward,PRJ-C45-CARRY,2,abstained,A4.3,ABSTAINED,"{""activation_state"": ""ADVISORY_ONLY"", ""reason"": ""Insufficient data: upload required documents""}"
carry_forward,PRJ-C45-CARRY,2,abstained,A4.4,ABSTAINED,"{""abstention_reason_code"": ""canonical_structure_absent"", ""activation_state"": ""ADVISORY_ONLY"", ""reason"": ""Awaiting a nonconformance record with the exposure it is measured against: the nonconformances raised, and the inspections, hours or value they arose from. This measure is named for a method that cannot be carried out without it, so no reading is reported and no other figure is used in its place.""}"
carry_forward,PRJ-C45-CARRY,2,abstained,A4.5,ABSTAINED,"{""abstention_reason_code"": ""canonical_structure_absent"", ""activation_state"": ""ADVISORY_ONLY"", ""reason"": ""Awaiting a weather impact record: the weather events, the activities they stopped, the time actually lost, the allowance in the contract calendar, and the float on the path. This measure is named for a method that cannot be carried out without it, so no reading is reported and no other figure is used in its place.""}"
carry_forward,PRJ-C45-CARRY,2,abstained,A4.6,ABSTAINED,"{""abstention_reason_code"": ""canonical_structure_absent"", ""activation_state"": ""ADVISORY_ONLY"", ""reason"": ""Awaiting a change event register with the exposure it is measured over: each change, its type, cause and value, and the span of time or contract value it arose against. This measure is named for a method that cannot be carried out without it, so no reading is reported and no other figure is used in its place.""}"
carry_forward,PRJ-C45-CARRY,2,abstained,A4.7,ABSTAINED,"{""abstention_reason_code"": ""canonical_structure_absent"", ""activation_state"": ""ADVISORY_ONLY"", ""reason"": ""Awaiting a claim and dispute register: the project's own governed escalation process and the stage each issue has reached on it, with the dates it reached them. This measure is named for a method that cannot be carried out without it, so no reading is reported and no other figure is used in its place.""}"
carry_forward,PRJ-C45-CARRY,2,abstained,A4.8,ABSTAINED,"{""abstention_reason_code"": ""canonical_structure_absent"", ""activation_state"": ""ADVISORY_ONLY"", ""reason"": ""Awaiting a subcontractor performance assessment: each firm, the criteria it was rated against, the rating on each, who assessed it and the weights that were applied. This measure is named for a method that cannot be carried out without it, so no reading is reported and no other figure is used in its place.""}"
carry_forward,PRJ-C45-CARRY,2,abstained,A4.9,ABSTAINED,"{""abstention_reason_code"": ""canonical_structure_absent"", ""activation_state"": ""ADVISORY_ONLY"", ""reason"": ""Awaiting an item level procurement register: for each item, the date it is required on site, the date it is forecast to arrive, and the activity it feeds. This measure is named for a method that cannot be carried out without it, so no reading is reported and no other figure is used in its place.""}"
carry_forward,PRJ-C45-CARRY,2,abstained,A5.1,ABSTAINED,"{""abstention_reason_code"": ""canonical_structure_absent"", ""activation_state"": ""ADVISORY_ONLY"", ""reason"": ""Awaiting a dependency matrix for the design: the parts of the design, which of them depend on which others and how strongly, and the rework the propagation starts from. This measure is named for a method that cannot be carried out without it, so no reading is reported and no other figure is used in its place.""}"
carry_forward,PRJ-C45-CARRY,2,abstained,A5.2,ABSTAINED,"{""abstention_reason_code"": ""canonical_structure_absent"", ""activation_state"": ""ADVISORY_ONLY"", ""reason"": ""Awaiting a sensitivity model: a named response function, the state it is evaluated at, and the inputs to be moved with the range each is moved across. This measure is named for a method that cannot be carried out without it, so no reading is reported and no other figure is used in its place.""}"
carry_forward,PRJ-C45-CARRY,2,abstained,A5.4,ABSTAINED,"{""abstention_reason_code"": ""canonical_structure_absent"", ""activation_state"": ""ADVISORY_ONLY"", ""reason"": ""Awaiting a scenario set: named scenarios, each stating every input it changes together, the reasoning behind it, and the response model they are all evaluated through. This measure is named for a method that cannot be carried out without it, so no reading is reported and no other figure is used in its place.""}"
carry_forward,PRJ-C45-CARRY,2,abstained,A5.5,ABSTAINED,"{""abstention_reason_code"": ""canonical_structure_absent"", ""activation_state"": ""ADVISORY_ONLY"", ""reason"": ""Awaiting a system dynamics rework model: the stock of work in the backlog, the work arriving and completed each step, and the share of completed work that returns as rework. This measure is named for a method that cannot be carried out without it, so no reading is reported and no other figure is used in its place.""}"
carry_forward,PRJ-C45-CARRY,2,abstained,A5.6,ABSTAINED,"{""abstention_reason_code"": ""canonical_structure_absent"", ""activation_state"": ""ADVISORY_ONLY"", ""reason"": ""Awaiting a queue model: the rate work arrives at, the rate it is served at, how many servers there are and the order they take work in. This measure is named for a method that cannot be carried out without it, so no reading is reported and no other figure is used in its place.""}"
carry_forward,PRJ-C45-CARRY,2,abstained,A5.7,ABSTAINED,"{""abstention_reason_code"": ""canonical_structure_absent"", ""activation_state"": ""ADVISORY_ONLY"", ""reason"": ""Awaiting an agent based supply chain model: the agents, the state each starts in, the rule each follows, who they are connected to, and the steps the model runs over. This measure is named for a method that cannot be carried out without it, so no reading is reported and no other figure is used in its place.""}"
carry_forward,PRJ-C45-CARRY,2,abstained,A5.8,ABSTAINED,"{""abstention_reason_code"": ""canonical_structure_absent"", ""activation_state"": ""ADVISORY_ONLY"", ""reason"": ""Awaiting a discrete event model: the entities and when they arrive, the resources that serve them, how long service takes, and the order simultaneous events are taken in. This measure is named for a method that cannot be carried out without it, so no reading is reported and no other figure is used in its place.""}"
carry_forward,PRJ-C45-CARRY,2,abstained,A6.1,ABSTAINED,"{""abstention_reason_code"": ""CATEGORY9_ASSESSMENT_MISSING"", ""activation_state"": ""ADVISORY_ONLY"", ""lineage"": {""evidence_body"": null, ""independence_established"": false, ""lineage_status"": ""LINEAGE_UNRESOLVED""}, ""reason"": ""The evidence offered to this measure carries no Category-9 assessment, so it is unassessed and not eligible for this use. No reading is produced and no figure is used in its place."", ""result_source"": ""QUALIFICATION_BOUNDARY_V18""}"
carry_forward,PRJ-C45-CARRY,2,abstained,A6.2,ABSTAINED,"{""abstention_reason_code"": ""CATEGORY9_ASSESSMENT_MISSING"", ""activation_state"": ""ADVISORY_ONLY"", ""lineage"": {""evidence_body"": null, ""independence_established"": false, ""lineage_status"": ""LINEAGE_UNRESOLVED""}, ""reason"": ""The evidence offered to this measure carries no Category-9 assessment, so it is unassessed and not eligible for this use. No reading is produced and no figure is used in its place."", ""result_source"": ""QUALIFICATION_BOUNDARY_V18""}"
carry_forward,PRJ-C45-CARRY,2,abstained,A6.3,ABSTAINED,"{""abstention_reason_code"": ""CATEGORY9_ASSESSMENT_MISSING"", ""activation_state"": ""ADVISORY_ONLY"", ""claim_limit"": ""The permit authority, the jurisdiction and the version of the conditions being assessed are not carried, and no committed authority in this repository supplies them. The reading is a count of reported conditions met and is not a compliance determination under any named instrument."", ""claim_limit_disposition"": ""REGULATORY_VERSION_BLOCKED"", ""lineage"": {""evidence_body"": null, ""independence_established"": false, ""lineage_status"": ""LINEAGE_UNRESOLVED""}, ""reason"": ""The evidence offered to this measure carries no Category-9 assessment, so it is unassessed and not eligible for this use. No reading is produced and no figure is used in its place."", ""result_source"": ""QUALIFICATION_BOUNDARY_V18""}"
carry_forward,PRJ-C45-CARRY,2,abstained,A6.4,ABSTAINED,"{""abstention_reason_code"": ""CATEGORY9_ASSESSMENT_MISSING"", ""activation_state"": ""ADVISORY_ONLY"", ""lineage"": {""evidence_body"": null, ""independence_established"": false, ""lineage_status"": ""LINEAGE_UNRESOLVED""}, ""reason"": ""The evidence offered to this measure carries no Category-9 assessment, so it is unassessed and not eligible for this use. No reading is produced and no figure is used in its place."", ""result_source"": ""QUALIFICATION_BOUNDARY_V18""}"
carry_forward,PRJ-C45-CARRY,2,abstained,B1.1,ABSTAINED,"{""abstention_reason_code"": ""CATEGORY9_ASSESSMENT_MISSING"", ""activation_state"": ""ADVISORY_ONLY"", ""lineage"": {""evidence_body"": null, ""independence_established"": false, ""lineage_status"": ""LINEAGE_UNRESOLVED""}, ""newly_wired_unvalidated"": true, ""reason"": ""The evidence offered to this measure carries no Category-9 assessment, so it is unassessed and not eligible for this use. No reading is produced and no figure is used in its place. This computation reads an assembled signal package. It was supplied no signals. Not available this period: the cost and schedule indices, because this period's evidence carries no cost index and schedule index pair (the cost index and the schedule index absent); the cost forecast, because the cost forecast computation abstained this period; the performance trend, because the performance trend computation abstained this period; the document risk score, because this period's evidence carries no document risk score."", ""result_source"": ""QUALIFICATION_BOUNDARY_V18"", ""signal_qualification"": ""unqualified"", ""wiring_note"": ""Newly wired and unvalidated: this module could not execute on the normal computation path before the flat-to-nested signal adapter, so its output has never been validated against real project evidence. Advisory, non-voting.""}"
carry_forward,PRJ-C45-CARRY,2,abstained,B1.2,ABSTAINED,"{""abstention_reason_code"": ""CATEGORY9_ASSESSMENT_MISSING"", ""activation_state"": ""ADVISORY_ONLY"", ""lineage"": {""evidence_body"": null, ""independence_established"": false, ""lineage_status"": ""LINEAGE_UNRESOLVED""}, ""newly_wired_unvalidated"": true, ""reason"": ""The evidence offered to this measure carries no Category-9 assessment, so it is unassessed and not eligible for this use. No reading is produced and no figure is used in its place. This computation reads an assembled signal package. It was supplied no signals. Not available this period: the cost and schedule indices, because this period's evidence carries no cost index and schedule index pair (the cost index and the schedule index absent); the cost forecast, because the cost forecast computation abstained this period; the performance trend, because the performance trend computation abstained this period; the document risk score, because this period's evidence carries no document risk score."", ""result_source"": ""QUALIFICATION_BOUNDARY_V18"", ""signal_qualification"": ""unqualified"", ""wiring_note"": ""Newly wired and unvalidated: this module could not execute on the normal computation path before the flat-to-nested signal adapter, so its output has never been validated against real project evidence. Advisory, non-voting.""}"
carry_forward,PRJ-C45-CARRY,2,abstained,B1.3,ABSTAINED,"{""abstention_reason_code"": ""CATEGORY9_ASSESSMENT_MISSING"", ""activation_state"": ""ADVISORY_ONLY"", ""lineage"": {""evidence_body"": null, ""independence_established"": false, ""lineage_status"": ""LINEAGE_UNRESOLVED""}, ""newly_wired_unvalidated"": true, ""reason"": ""The evidence offered to this measure carries no Category-9 assessment, so it is unassessed and not eligible for this use. No reading is produced and no figure is used in its place. This computation reads an assembled signal package. It was supplied no signals. Not available this period: the cost and schedule indices, because this period's evidence carries no cost index and schedule index pair (the cost index and the schedule index absent); the cost forecast, because the cost forecast computation abstained this period; the performance trend, because the performance trend computation abstained this period; the document risk score, because this period's evidence carries no document risk score."", ""result_source"": ""QUALIFICATION_BOUNDARY_V18"", ""signal_qualification"": ""unqualified"", ""wiring_note"": ""Newly wired and unvalidated: this module could not execute on the normal computation path before the flat-to-nested signal adapter, so its output has never been validated against real project evidence. Advisory, non-voting.""}"
carry_forward,PRJ-C45-CARRY,2,abstained,B1.4,ABSTAINED,"{""abstention_reason_code"": ""CATEGORY9_ASSESSMENT_MISSING"", ""activation_state"": ""ADVISORY_ONLY"", ""lineage"": {""evidence_body"": null, ""independence_established"": false, ""lineage_status"": ""LINEAGE_UNRESOLVED""}, ""newly_wired_unvalidated"": true, ""reason"": ""The evidence offered to this measure carries no Category-9 assessment, so it is unassessed and not eligible for this use. No reading is produced and no figure is used in its place. This computation reads an assembled signal package. It was supplied no signals. Not available this period: the cost and schedule indices, because this period's evidence carries no cost index and schedule index pair (the cost index and the schedule index absent); the cost forecast, because the cost forecast computation abstained this period; the performance trend, because the performance trend computation abstained this period; the document risk score, because this period's evidence carries no document risk score."", ""result_source"": ""QUALIFICATION_BOUNDARY_V18"", ""signal_qualification"": ""unqualified"", ""wiring_note"": ""Newly wired and unvalidated: this module could not execute on the normal computation path before the flat-to-nested signal adapter, so its output has never been validated against real project evidence. Advisory, non-voting.""}"
carry_forward,PRJ-C45-CARRY,2,abstained,B2.18,ABSTAINED,"{""abstention_reason_code"": ""CATEGORY9_ASSESSMENT_MISSING"", ""activation_state"": ""ADVISORY_ONLY"", ""lineage"": {""evidence_body"": null, ""independence_established"": false, ""lineage_status"": ""LINEAGE_UNRESOLVED""}, ""reason"": ""The evidence offered to this measure carries no Category-9 assessment, so it is unassessed and not eligible for this use. No reading is produced and no figure is used in its place."", ""result_source"": ""QUALIFICATION_BOUNDARY_V18""}"
carry_forward,PRJ-C45-CARRY,2,abstained,B3.1,ABSTAINED,"{""abstention_reason_code"": ""CATEGORY9_ASSESSMENT_MISSING"", ""activation_state"": ""ADVISORY_ONLY"", ""lineage"": {""evidence_body"": null, ""independence_established"": false, ""lineage_status"": ""LINEAGE_UNRESOLVED""}, ""newly_wired_unvalidated"": true, ""reason"": ""The evidence offered to this measure carries no Category-9 assessment, so it is unassessed and not eligible for this use. No reading is produced and no figure is used in its place. This computation reads an assembled signal package. It was supplied no signals. Not available this period: the cost and schedule indices, because this period's evidence carries no cost index and schedule index pair (the cost index and the schedule index absent); the cost forecast, because the cost forecast computation abstained this period; the performance trend, because the performance trend computation abstained this period; the document risk score, because this period's evidence carries no document risk score."", ""result_source"": ""QUALIFICATION_BOUNDARY_V18"", ""signal_qualification"": ""unqualified"", ""wiring_note"": ""Newly wired and unvalidated: this module could not execute on the normal computation path before the flat-to-nested signal adapter, so its output has never been validated against real project evidence. Advisory, non-voting.""}"
carry_forward,PRJ-C45-CARRY,2,abstained,B3.2,ABSTAINED,"{""abstention_reason_code"": ""CATEGORY9_ASSESSMENT_MISSING"", ""activation_state"": ""ADVISORY_ONLY"", ""lineage"": {""evidence_body"": null, ""independence_established"": false, ""lineage_status"": ""LINEAGE_UNRESOLVED""}, ""reason"": ""The evidence offered to this measure carries no Category-9 assessment, so it is unassessed and not eligible for this use. No reading is produced and no figure is used in its place."", ""result_source"": ""QUALIFICATION_BOUNDARY_V18""}"
carry_forward,PRJ-C45-CARRY,2,abstained,B3.3,ABSTAINED,"{""abstention_reason_code"": ""CATEGORY9_ASSESSMENT_MISSING"", ""activation_state"": ""ADVISORY_ONLY"", ""lineage"": {""evidence_body"": null, ""independence_established"": false, ""lineage_status"": ""LINEAGE_UNRESOLVED""}, ""reason"": ""The evidence offered to this measure carries no Category-9 assessment, so it is unassessed and not eligible for this use. No reading is produced and no figure is used in its place."", ""result_source"": ""QUALIFICATION_BOUNDARY_V18""}"
carry_forward,PRJ-C45-CARRY,2,abstained,B3.4,ABSTAINED,"{""abstention_reason_code"": ""CATEGORY9_ASSESSMENT_MISSING"", ""activation_state"": ""ADVISORY_ONLY"", ""lineage"": {""evidence_body"": null, ""independence_established"": false, ""lineage_status"": ""LINEAGE_UNRESOLVED""}, ""reason"": ""The evidence offered to this measure carries no Category-9 assessment, so it is unassessed and not eligible for this use. No reading is produced and no figure is used in its place."", ""result_source"": ""QUALIFICATION_BOUNDARY_V18""}"
carry_forward,PRJ-C45-CARRY,2,abstained,B3.5,ABSTAINED,"{""abstention_reason_code"": ""CATEGORY9_ASSESSMENT_MISSING"", ""activation_state"": ""ADVISORY_ONLY"", ""lineage"": {""evidence_body"": null, ""independence_established"": false, ""lineage_status"": ""LINEAGE_UNRESOLVED""}, ""reason"": ""The evidence offered to this measure carries no Category-9 assessment, so it is unassessed and not eligible for this use. No reading is produced and no figure is used in its place."", ""result_source"": ""QUALIFICATION_BOUNDARY_V18""}"
carry_forward,PRJ-C45-CARRY,2,abstained,B4.3,ABSTAINED,"{""abstention_reason_code"": ""CATEGORY9_ASSESSMENT_MISSING"", ""activation_state"": ""ADVISORY_ONLY"", ""lineage"": {""evidence_body"": null, ""independence_established"": false, ""lineage_status"": ""LINEAGE_UNRESOLVED""}, ""reason"": ""The evidence offered to this measure carries no Category-9 assessment, so it is unassessed and not eligible for this use. No reading is produced and no figure is used in its place."", ""result_source"": ""QUALIFICATION_BOUNDARY_V18""}"
carry_forward,PRJ-C45-CARRY,2,abstained,B4.4,ABSTAINED,"{""abstention_reason_code"": ""CATEGORY9_ASSESSMENT_MISSING"", ""activation_state"": ""ADVISORY_ONLY"", ""lineage"": {""evidence_body"": null, ""independence_established"": false, ""lineage_status"": ""LINEAGE_UNRESOLVED""}, ""reason"": ""The evidence offered to this measure carries no Category-9 assessment, so it is unassessed and not eligible for this use. No reading is produced and no figure is used in its place."", ""result_source"": ""QUALIFICATION_BOUNDARY_V18""}"
carry_forward,PRJ-C45-CARRY,2,abstained,C1.1,ABSTAINED,"{""abstention_reason_code"": ""canonical_structure_absent"", ""activation_state"": ""ADVISORY_ONLY"", ""canonical_disposition"": ""NOT_ESTIMABLE_STRUCTURE_ABSENT"", ""canonical_structure"": ""requiredInputContract"", ""reason"": ""Awaiting the required-input contract for the module or use being assessed. This measure is named for a method that cannot be carried out without it, so no reading is reported and no other figure is used in its place."", ""result_source"": ""CANONICAL_V6_LAYER""}"
carry_forward,PRJ-C45-CARRY,2,abstained,C1.2,ABSTAINED,"{""abstention_reason_code"": ""canonical_structure_absent"", ""activation_state"": ""ADVISORY_ONLY"", ""canonical_disposition"": ""NOT_ESTIMABLE_STRUCTURE_ABSENT"", ""canonical_structure"": ""evidenceTimelinessRecord"", ""reason"": ""Awaiting a governed evidence date and freshness rule. This measure is named for a method that cannot be carried out without it, so no reading is reported and no other figure is used in its place."", ""result_source"": ""CANONICAL_V6_LAYER""}"
carry_forward,PRJ-C45-CARRY,2,abstained,C1.3,ABSTAINED,"{""abstention_reason_code"": ""canonical_structure_absent"", ""activation_state"": ""ADVISORY_ONLY"", ""canonical_disposition"": ""NOT_ESTIMABLE_STRUCTURE_ABSENT"", ""canonical_structure"": ""sourceProvenanceRecord"", ""reason"": ""Awaiting a governed source provenance record. This measure is named for a method that cannot be carried out without it, so no reading is reported and no other figure is used in its place."", ""result_source"": ""CANONICAL_V6_LAYER""}"
carry_forward,PRJ-C45-CARRY,2,abstained,C1.4,ABSTAINED,"{""abstention_reason_code"": ""canonical_structure_absent"", ""activation_state"": ""ADVISORY_ONLY"", ""canonical_disposition"": ""NOT_ESTIMABLE_STRUCTURE_ABSENT"", ""canonical_structure"": ""auditChainRecord"", ""reason"": ""Awaiting a governed audit chain record. This measure is named for a method that cannot be carried out without it, so no reading is reported and no other figure is used in its place."", ""result_source"": ""CANONICAL_V6_LAYER""}"
carry_forward,PRJ-C45-CARRY,2,abstained,C1.5,ABSTAINED,"{""abstention_reason_code"": ""canonical_structure_absent"", ""activation_state"": ""ADVISORY_ONLY"", ""canonical_disposition"": ""NOT_ESTIMABLE_STRUCTURE_ABSENT"", ""canonical_structure"": ""informationPackageRecord"", ""reason"": ""Awaiting a governed information package definition. This measure is named for a method that cannot be carried out without it, so no reading is reported and no other figure is used in its place."", ""result_source"": ""CANONICAL_V6_LAYER""}"
carry_forward,PRJ-C45-CARRY,2,abstained,C1.6,ABSTAINED,"{""abstention_reason_code"": ""canonical_structure_absent"", ""activation_state"": ""ADVISORY_ONLY"", ""canonical_disposition"": ""NOT_ESTIMABLE_STRUCTURE_ABSENT"", ""canonical_structure"": ""crossDocumentFactSet"", ""reason"": ""Awaiting a governed cross-document fact set. This measure is named for a method that cannot be carried out without it, so no reading is reported and no other figure is used in its place."", ""result_source"": ""CANONICAL_V6_LAYER""}"
carry_forward,PRJ-C45-CARRY,2,abstained,C1.7,ABSTAINED,"{""abstention_reason_code"": ""canonical_structure_absent"", ""activation_state"": ""ADVISORY_ONLY"", ""canonical_disposition"": ""NOT_ESTIMABLE_STRUCTURE_ABSENT"", ""canonical_structure"": ""reportingCadenceRecord"", ""reason"": ""Awaiting a governed reporting cadence record and report history. This measure is named for a method that cannot be carried out without it, so no reading is reported and no other figure is used in its place."", ""result_source"": ""CANONICAL_V6_LAYER""}"
carry_forward,PRJ-C45-CARRY,2,signal_input,ac,,null
carry_forward,PRJ-C45-CARRY,2,signal_input,activitiesConstrained,,null
carry_forward,PRJ-C45-CARRY,2,signal_input,activitiesPlanned,,null
carry_forward,PRJ-C45-CARRY,2,signal_input,actualLaborHours,,null
carry_forward,PRJ-C45-CARRY,2,signal_input,actualPctComplete,,null
carry_forward,PRJ-C45-CARRY,2,signal_input,analogousBac,,null
carry_forward,PRJ-C45-CARRY,2,signal_input,analogousFinalCost,,null
carry_forward,PRJ-C45-CARRY,2,signal_input,analogousOverrunPct,,null
carry_forward,PRJ-C45-CARRY,2,signal_input,bac,,6100000
carry_forward,PRJ-C45-CARRY,2,signal_input,baselineContractSum,,6100000
carry_forward,PRJ-C45-CARRY,2,signal_input,baselineEnd,,"""2027-09-30"""
carry_forward,PRJ-C45-CARRY,2,signal_input,baselineStart,,null
carry_forward,PRJ-C45-CARRY,2,signal_input,changeOrderCount,,1
carry_forward,PRJ-C45-CARRY,2,signal_input,consumedFloat,,null
carry_forward,PRJ-C45-CARRY,2,signal_input,costRating,,null
carry_forward,PRJ-C45-CARRY,2,signal_input,cpi,,null
carry_forward,PRJ-C45-CARRY,2,signal_input,criticalDeficiencyCount,,null
carry_forward,PRJ-C45-CARRY,2,signal_input,criticalFindings,,null
carry_forward,PRJ-C45-CARRY,2,signal_input,docDate,,"""2026-04-30"""
carry_forward,PRJ-C45-CARRY,2,signal_input,docRiskScore,,null
carry_forward,PRJ-C45-CARRY,2,signal_input,environmentalComplianceRate,,null
carry_forward,PRJ-C45-CARRY,2,signal_input,environmentalIssuesDiscussed,,null
carry_forward,PRJ-C45-CARRY,2,signal_input,environmentalViolations,,null
carry_forward,PRJ-C45-CARRY,2,signal_input,ev,,null
carry_forward,PRJ-C45-CARRY,2,signal_input,floatRemaining,,null
carry_forward,PRJ-C45-CARRY,2,signal_input,indirectCostActual,,null
carry_forward,PRJ-C45-CARRY,2,signal_input,indirectCostPlan,,null
carry_forward,PRJ-C45-CARRY,2,signal_input,itemsFailed,,null
carry_forward,PRJ-C45-CARRY,2,signal_input,itemsInspected,,null
carry_forward,PRJ-C45-CARRY,2,signal_input,longLeadAtRisk,,null
carry_forward,PRJ-C45-CARRY,2,signal_input,longLeadDelayed,,null
carry_forward,PRJ-C45-CARRY,2,signal_input,longLeadItemsTotal,,null
carry_forward,PRJ-C45-CARRY,2,signal_input,lookaheadWeeks,,null
carry_forward,PRJ-C45-CARRY,2,signal_input,materialCostBaseline,,null
carry_forward,PRJ-C45-CARRY,2,signal_input,materialCostCurrent,,null
carry_forward,PRJ-C45-CARRY,2,signal_input,ncrClosed,,null
carry_forward,PRJ-C45-CARRY,2,signal_input,ncrIssued,,null
carry_forward,PRJ-C45-CARRY,2,signal_input,ncrOpen,,null
carry_forward,PRJ-C45-CARRY,2,signal_input,originalContingency,,null
carry_forward,PRJ-C45-CARRY,2,signal_input,oshaIncidentRate,,null
carry_forward,PRJ-C45-CARRY,2,signal_input,outstandingActionItems,,null
carry_forward,PRJ-C45-CARRY,2,signal_input,overallRating,,null
carry_forward,PRJ-C45-CARRY,2,signal_input,plannedLaborHours,,null
carry_forward,PRJ-C45-CARRY,2,signal_input,plannedPctComplete,,null
carry_forward,PRJ-C45-CARRY,2,signal_input,pv,,null
carry_forward,PRJ-C45-CARRY,2,signal_input,qualityAuditScore,,null
carry_forward,PRJ-C45-CARRY,2,signal_input,qualityDeficienciesNoted,,null
carry_forward,PRJ-C45-CARRY,2,signal_input,qualityIssuesDiscussed,,null
carry_forward,PRJ-C45-CARRY,2,signal_input,qualityRating,,null
carry_forward,PRJ-C45-CARRY,2,signal_input,remainingContingency,,null
carry_forward,PRJ-C45-CARRY,2,signal_input,revisedContractSum,,6100000
carry_forward,PRJ-C45-CARRY,2,signal_input,rfaApproved,,null
carry_forward,PRJ-C45-CARRY,2,signal_input,rfaAvgReviewDays,,null
carry_forward,PRJ-C45-CARRY,2,signal_input,rfaOpen,,null
carry_forward,PRJ-C45-CARRY,2,signal_input,rfaRejected,,null
carry_forward,PRJ-C45-CARRY,2,signal_input,rfaResubmit,,null
carry_forward,PRJ-C45-CARRY,2,signal_input,rfaTotal,,null
carry_forward,PRJ-C45-CARRY,2,signal_input,rfiAvgResponseDays,,null
carry_forward,PRJ-C45-CARRY,2,signal_input,rfiCount,,null
carry_forward,PRJ-C45-CARRY,2,signal_input,rfiNumber,,null
carry_forward,PRJ-C45-CARRY,2,signal_input,rfiOldestOpenDays,,null
carry_forward,PRJ-C45-CARRY,2,signal_input,rfiOpen,,null
carry_forward,PRJ-C45-CARRY,2,signal_input,rfiOverdue,,null
carry_forward,PRJ-C45-CARRY,2,signal_input,rfiPeriodDays,,null
carry_forward,PRJ-C45-CARRY,2,signal_input,rfiResponseTimeDays,,null
carry_forward,PRJ-C45-CARRY,2,signal_input,safetyActionsOpen,,null
carry_forward,PRJ-C45-CARRY,2,signal_input,safetyIncidentsDiscussed,,null
carry_forward,PRJ-C45-CARRY,2,signal_input,scheduleRating,,null
carry_forward,PRJ-C45-CARRY,2,signal_input,spi,,null
carry_forward,PRJ-C45-CARRY,2,signal_input,subcontractorComplianceScore,,null
carry_forward,PRJ-C45-CARRY,2,signal_input,subcontractorDisputes,,null
carry_forward,PRJ-C45-CARRY,2,signal_input,subcontractorIssuesDiscussed,,null
carry_forward,PRJ-C45-CARRY,2,signal_input,submittalsRejected,,null
carry_forward,PRJ-C45-CARRY,2,signal_input,submittalsTotal,,null
carry_forward,PRJ-C45-CARRY,2,signal_input,totalFindings,,null
carry_forward,PRJ-C45-CARRY,2,signal_input,totalFloat,,null
carry_forward,PRJ-C45-CARRY,2,signal_input,totalManhours,,null
carry_forward,PRJ-C45-CARRY,2,signal_input,weatherDaysDiscussed,,null
carry_forward,PRJ-C45-CARRY,2,signal_input,weatherDaysLost,,null
carry_forward,PRJ-C45-CARRY,2,signal_input,workPeriodFrom,,null
carry_forward,PRJ-C45-CARRY,2,signal_input,workPeriodTo,,null
carry_forward,PRJ-C45-CARRY,3,abstained,A1.10,ABSTAINED,"{""abstention_reason_code"": ""canonical_structure_absent"", ""activation_state"": ""ADVISORY_ONLY"", ""reason"": ""Awaiting a governed reference population of comparable projects with the cost performance they achieved, and the weight to place on this project's own reading. This measure is named for a method that cannot be carried out without it, so no reading is reported and no other figure is used in its place.""}"
carry_forward,PRJ-C45-CARRY,3,abstained,A1.11,ABSTAINED,"{""abstention_reason_code"": ""canonical_structure_absent"", ""activation_state"": ""ADVISORY_ONLY"", ""reason"": ""Awaiting two separately prepared forecasts of the cost at completion, one from the project management team and one prepared independently of it. This measure is named for a method that cannot be carried out without it, so no reading is reported and no other figure is used in its place.""}"
carry_forward,PRJ-C45-CARRY,3,abstained,A1.2,ABSTAINED,"{""activation_state"": ""ADVISORY_ONLY"", ""reason"": ""Insufficient data: upload required documents""}"
carry_forward,PRJ-C45-CARRY,3,abstained,A1.3,ABSTAINED,"{""abstention_reason_code"": ""canonical_structure_absent"", ""activation_state"": ""ADVISORY_ONLY"", ""reason"": ""Awaiting a stated prior for the cost at completion, with its source, and a stated observation model with the uncertainty of the observation. This measure is named for a method that cannot be carried out without it, so no reading is reported and no other figure is used in its place.""}"
carry_forward,PRJ-C45-CARRY,3,abstained,A1.4,ABSTAINED,"{""abstention_reason_code"": ""canonical_structure_absent"", ""activation_state"": ""ADVISORY_ONLY"", ""reason"": ""Awaiting a state space model for the schedule index: a starting estimate, its uncertainty, the process and measurement variances, and the readings taken. This measure is named for a method that cannot be carried out without it, so no reading is reported and no other figure is used in its place.""}"
carry_forward,PRJ-C45-CARRY,3,abstained,A1.5,ABSTAINED,"{""abstention_reason_code"": ""insufficient_history"", ""activation_state"": ""ADVISORY_ONLY"", ""reason"": ""The cost performance history is too short for a time series model to be identified from it, so no forecast is reported and no shorter substitute is used.""}"
carry_forward,PRJ-C45-CARRY,3,abstained,A1.6,ABSTAINED,"{""abstention_reason_code"": ""canonical_structure_absent"", ""activation_state"": ""ADVISORY_ONLY"", ""reason"": ""Awaiting a time phased baseline: the cumulative value of work planned to be complete at the end of each period. This measure is named for a method that cannot be carried out without it, so no reading is reported and no other figure is used in its place.""}"
carry_forward,PRJ-C45-CARRY,3,abstained,A1.9,ABSTAINED,"{""abstention_reason_code"": ""canonical_structure_absent"", ""activation_state"": ""ADVISORY_ONLY"", ""reason"": ""Awaiting an approved time phased expenditure baseline: the amount planned to be spent by the end of each period. This measure is named for a method that cannot be carried out without it, so no reading is reported and no other figure is used in its place.""}"
carry_forward,PRJ-C45-CARRY,3,abstained,A2.1,ABSTAINED,"{""abstention_reason_code"": ""canonical_structure_absent"", ""activation_state"": ""ADVISORY_ONLY"", ""reason"": ""Awaiting the project's activity network: the activities, the logic between them, and a duration for each. This measure is named for a method that cannot be carried out without it, so no reading is reported and no other figure is used in its place.""}"
carry_forward,PRJ-C45-CARRY,3,abstained,A2.2,ABSTAINED,"{""abstention_reason_code"": ""canonical_structure_absent"", ""activation_state"": ""ADVISORY_ONLY"", ""reason"": ""Awaiting a line of balance: locations in sequence, the crews working them, and a production rate and start for each line of work. This measure is named for a method that cannot be carried out without it, so no reading is reported and no other figure is used in its place.""}"
carry_forward,PRJ-C45-CARRY,3,abstained,A2.3,ABSTAINED,"{""abstention_reason_code"": ""canonical_structure_absent"", ""activation_state"": ""ADVISORY_ONLY"", ""reason"": ""Awaiting a critical chain with its activities and a sized project buffer. This measure is named for a method that cannot be carried out without it, so no reading is reported and no other figure is used in its place.""}"
carry_forward,PRJ-C45-CARRY,3,abstained,A2.7,ABSTAINED,"{""abstention_reason_code"": ""canonical_structure_absent"", ""activation_state"": ""ADVISORY_ONLY"", ""reason"": ""Awaiting a milestone forecast history: each milestone's committed date and the date it was forecast for in each reporting period since. This measure is named for a method that cannot be carried out without it, so no reading is reported and no other figure is used in its place.""}"
carry_forward,PRJ-C45-CARRY,3,abstained,A2.8,ABSTAINED,"{""abstention_reason_code"": ""canonical_structure_absent"", ""activation_state"": ""ADVISORY_ONLY"", ""reason"": ""Awaiting a look ahead schedule: the window it covers, the activities planned in it, and whether each one still carries an open constraint. This measure is named for a method that cannot be carried out without it, so no reading is reported and no other figure is used in its place.""}"
carry_forward,PRJ-C45-CARRY,3,abstained,A2.9,ABSTAINED,"{""abstention_reason_code"": ""canonical_structure_absent"", ""activation_state"": ""ADVISORY_ONLY"", ""reason"": ""Awaiting a time phased resource profile: for each period and each kind of resource, the amount of work demanded and the amount available. This measure is named for a method that cannot be carried out without it, so no reading is reported and no other figure is used in its place.""}"
carry_forward,PRJ-C45-CARRY,3,abstained,A3.1,ABSTAINED,"{""abstention_reason_code"": ""canonical_structure_absent"", ""activation_state"": ""ADVISORY_ONLY"", ""reason"": ""Awaiting a reference class of completed comparable projects, with the criteria that put them in it and the overrun each of them finished with. This measure is named for a method that cannot be carried out without it, so no reading is reported and no other figure is used in its place.""}"
carry_forward,PRJ-C45-CARRY,3,abstained,A3.2,ABSTAINED,"{""abstention_reason_code"": ""missing_required_input"", ""activation_state"": ""ADVISORY_ONLY"", ""reason"": ""Insufficient data: the original and remaining contingency amounts are needed, and at least one of them has not been reported for this period.""}"
carry_forward,PRJ-C45-CARRY,3,abstained,A3.3,ABSTAINED,"{""abstention_reason_code"": ""canonical_structure_absent"", ""activation_state"": ""ADVISORY_ONLY"", ""reason"": ""Awaiting a record of production: the quantity of work installed, the quantity planned, and the labour hours each of those took. This measure is named for a method that cannot be carried out without it, so no reading is reported and no other figure is used in its place.""}"
carry_forward,PRJ-C45-CARRY,3,abstained,A3.5,ABSTAINED,"{""abstention_reason_code"": ""canonical_structure_absent"", ""activation_state"": ""ADVISORY_ONLY"", ""reason"": ""Awaiting an overhead allocation base: the planned and actual overhead and the planned and actual amount of the base it is absorbed over. This measure is named for a method that cannot be carried out without it, so no reading is reported and no other figure is used in its place.""}"
carry_forward,PRJ-C45-CARRY,3,abstained,A3.6,ABSTAINED,"{""abstention_reason_code"": ""canonical_structure_absent"", ""activation_state"": ""ADVISORY_ONLY"", ""reason"": ""Awaiting a cost risk model: the base cost components, the risk events that could occur, how likely each is and what it would cost. This measure is named for a method that cannot be carried out without it, so no reading is reported and no other figure is used in its place.""}"
carry_forward,PRJ-C45-CARRY,3,abstained,A3.7,ABSTAINED,"{""abstention_reason_code"": ""canonical_structure_absent"", ""activation_state"": ""ADVISORY_ONLY"", ""reason"": ""Awaiting an identified analogous project with its cost, why it is comparable, and the factors that adapt it to this project. This measure is named for a method that cannot be carried out without it, so no reading is reported and no other figure is used in its place.""}"
carry_forward,PRJ-C45-CARRY,3,abstained,A3.9,ABSTAINED,"{""abstention_reason_code"": ""canonical_structure_absent"", ""activation_state"": ""ADVISORY_ONLY"", ""reason"": ""Awaiting a named external price index with its authority, geography, base period and the period being adjusted to. This measure is named for a method that cannot be carried out without it, so no reading is reported and no other figure is used in its place.""}"
carry_forward,PRJ-C45-CARRY,3,abstained,A4.10,ABSTAINED,"{""abstention_reason_code"": ""canonical_structure_absent"", ""activation_state"": ""ADVISORY_ONLY"", ""reason"": ""Awaiting a specification conflict register: each identified conflict, the two places in the specification that disagree, whether it has been confirmed, and the exposure the conflicts are counted over. This measure is named for a method that cannot be carried out without it, so no reading is reported and no other figure is used in its place.""}"
carry_forward,PRJ-C45-CARRY,3,abstained,A4.2,ABSTAINED,"{""activation_state"": ""ADVISORY_ONLY"", ""reason"": ""Insufficient data: upload required documents""}"
carry_forward,PRJ-C45-CARRY,3,abstained,A4.3,ABSTAINED,"{""activation_state"": ""ADVISORY_ONLY"", ""reason"": ""Insufficient data: upload required documents""}"
carry_forward,PRJ-C45-CARRY,3,abstained,A4.4,ABSTAINED,"{""abstention_reason_code"": ""canonical_structure_absent"", ""activation_state"": ""ADVISORY_ONLY"", ""reason"": ""Awaiting a nonconformance record with the exposure it is measured against: the nonconformances raised, and the inspections, hours or value they arose from. This measure is named for a method that cannot be carried out without it, so no reading is reported and no other figure is used in its place.""}"
carry_forward,PRJ-C45-CARRY,3,abstained,A4.5,ABSTAINED,"{""abstention_reason_code"": ""canonical_structure_absent"", ""activation_state"": ""ADVISORY_ONLY"", ""reason"": ""Awaiting a weather impact record: the weather events, the activities they stopped, the time actually lost, the allowance in the contract calendar, and the float on the path. This measure is named for a method that cannot be carried out without it, so no reading is reported and no other figure is used in its place.""}"
carry_forward,PRJ-C45-CARRY,3,abstained,A4.6,ABSTAINED,"{""abstention_reason_code"": ""canonical_structure_absent"", ""activation_state"": ""ADVISORY_ONLY"", ""reason"": ""Awaiting a change event register with the exposure it is measured over: each change, its type, cause and value, and the span of time or contract value it arose against. This measure is named for a method that cannot be carried out without it, so no reading is reported and no other figure is used in its place.""}"
carry_forward,PRJ-C45-CARRY,3,abstained,A4.7,ABSTAINED,"{""abstention_reason_code"": ""canonical_structure_absent"", ""activation_state"": ""ADVISORY_ONLY"", ""reason"": ""Awaiting a claim and dispute register: the project's own governed escalation process and the stage each issue has reached on it, with the dates it reached them. This measure is named for a method that cannot be carried out without it, so no reading is reported and no other figure is used in its place.""}"
carry_forward,PRJ-C45-CARRY,3,abstained,A4.8,ABSTAINED,"{""abstention_reason_code"": ""canonical_structure_absent"", ""activation_state"": ""ADVISORY_ONLY"", ""reason"": ""Awaiting a subcontractor performance assessment: each firm, the criteria it was rated against, the rating on each, who assessed it and the weights that were applied. This measure is named for a method that cannot be carried out without it, so no reading is reported and no other figure is used in its place.""}"
carry_forward,PRJ-C45-CARRY,3,abstained,A4.9,ABSTAINED,"{""abstention_reason_code"": ""canonical_structure_absent"", ""activation_state"": ""ADVISORY_ONLY"", ""reason"": ""Awaiting an item level procurement register: for each item, the date it is required on site, the date it is forecast to arrive, and the activity it feeds. This measure is named for a method that cannot be carried out without it, so no reading is reported and no other figure is used in its place.""}"
carry_forward,PRJ-C45-CARRY,3,abstained,A5.1,ABSTAINED,"{""abstention_reason_code"": ""canonical_structure_absent"", ""activation_state"": ""ADVISORY_ONLY"", ""reason"": ""Awaiting a dependency matrix for the design: the parts of the design, which of them depend on which others and how strongly, and the rework the propagation starts from. This measure is named for a method that cannot be carried out without it, so no reading is reported and no other figure is used in its place.""}"
carry_forward,PRJ-C45-CARRY,3,abstained,A5.2,ABSTAINED,"{""abstention_reason_code"": ""canonical_structure_absent"", ""activation_state"": ""ADVISORY_ONLY"", ""reason"": ""Awaiting a sensitivity model: a named response function, the state it is evaluated at, and the inputs to be moved with the range each is moved across. This measure is named for a method that cannot be carried out without it, so no reading is reported and no other figure is used in its place.""}"
carry_forward,PRJ-C45-CARRY,3,abstained,A5.4,ABSTAINED,"{""abstention_reason_code"": ""canonical_structure_absent"", ""activation_state"": ""ADVISORY_ONLY"", ""reason"": ""Awaiting a scenario set: named scenarios, each stating every input it changes together, the reasoning behind it, and the response model they are all evaluated through. This measure is named for a method that cannot be carried out without it, so no reading is reported and no other figure is used in its place.""}"
carry_forward,PRJ-C45-CARRY,3,abstained,A5.5,ABSTAINED,"{""abstention_reason_code"": ""canonical_structure_absent"", ""activation_state"": ""ADVISORY_ONLY"", ""reason"": ""Awaiting a system dynamics rework model: the stock of work in the backlog, the work arriving and completed each step, and the share of completed work that returns as rework. This measure is named for a method that cannot be carried out without it, so no reading is reported and no other figure is used in its place.""}"
carry_forward,PRJ-C45-CARRY,3,abstained,A5.6,ABSTAINED,"{""abstention_reason_code"": ""canonical_structure_absent"", ""activation_state"": ""ADVISORY_ONLY"", ""reason"": ""Awaiting a queue model: the rate work arrives at, the rate it is served at, how many servers there are and the order they take work in. This measure is named for a method that cannot be carried out without it, so no reading is reported and no other figure is used in its place.""}"
carry_forward,PRJ-C45-CARRY,3,abstained,A5.7,ABSTAINED,"{""abstention_reason_code"": ""canonical_structure_absent"", ""activation_state"": ""ADVISORY_ONLY"", ""reason"": ""Awaiting an agent based supply chain model: the agents, the state each starts in, the rule each follows, who they are connected to, and the steps the model runs over. This measure is named for a method that cannot be carried out without it, so no reading is reported and no other figure is used in its place.""}"
carry_forward,PRJ-C45-CARRY,3,abstained,A5.8,ABSTAINED,"{""abstention_reason_code"": ""canonical_structure_absent"", ""activation_state"": ""ADVISORY_ONLY"", ""reason"": ""Awaiting a discrete event model: the entities and when they arrive, the resources that serve them, how long service takes, and the order simultaneous events are taken in. This measure is named for a method that cannot be carried out without it, so no reading is reported and no other figure is used in its place.""}"
carry_forward,PRJ-C45-CARRY,3,abstained,A6.1,ABSTAINED,"{""abstention_reason_code"": ""CATEGORY9_ASSESSMENT_MISSING"", ""activation_state"": ""ADVISORY_ONLY"", ""lineage"": {""evidence_body"": null, ""independence_established"": false, ""lineage_status"": ""LINEAGE_UNRESOLVED""}, ""reason"": ""The evidence offered to this measure carries no Category-9 assessment, so it is unassessed and not eligible for this use. No reading is produced and no figure is used in its place."", ""result_source"": ""QUALIFICATION_BOUNDARY_V18""}"
carry_forward,PRJ-C45-CARRY,3,abstained,A6.2,ABSTAINED,"{""abstention_reason_code"": ""CATEGORY9_ASSESSMENT_MISSING"", ""activation_state"": ""ADVISORY_ONLY"", ""lineage"": {""evidence_body"": null, ""independence_established"": false, ""lineage_status"": ""LINEAGE_UNRESOLVED""}, ""reason"": ""The evidence offered to this measure carries no Category-9 assessment, so it is unassessed and not eligible for this use. No reading is produced and no figure is used in its place."", ""result_source"": ""QUALIFICATION_BOUNDARY_V18""}"
carry_forward,PRJ-C45-CARRY,3,abstained,A6.3,ABSTAINED,"{""abstention_reason_code"": ""CATEGORY9_ASSESSMENT_MISSING"", ""activation_state"": ""ADVISORY_ONLY"", ""claim_limit"": ""The permit authority, the jurisdiction and the version of the conditions being assessed are not carried, and no committed authority in this repository supplies them. The reading is a count of reported conditions met and is not a compliance determination under any named instrument."", ""claim_limit_disposition"": ""REGULATORY_VERSION_BLOCKED"", ""lineage"": {""evidence_body"": null, ""independence_established"": false, ""lineage_status"": ""LINEAGE_UNRESOLVED""}, ""reason"": ""The evidence offered to this measure carries no Category-9 assessment, so it is unassessed and not eligible for this use. No reading is produced and no figure is used in its place."", ""result_source"": ""QUALIFICATION_BOUNDARY_V18""}"
carry_forward,PRJ-C45-CARRY,3,abstained,A6.4,ABSTAINED,"{""abstention_reason_code"": ""CATEGORY9_ASSESSMENT_MISSING"", ""activation_state"": ""ADVISORY_ONLY"", ""lineage"": {""evidence_body"": null, ""independence_established"": false, ""lineage_status"": ""LINEAGE_UNRESOLVED""}, ""reason"": ""The evidence offered to this measure carries no Category-9 assessment, so it is unassessed and not eligible for this use. No reading is produced and no figure is used in its place."", ""result_source"": ""QUALIFICATION_BOUNDARY_V18""}"
carry_forward,PRJ-C45-CARRY,3,abstained,B1.1,ABSTAINED,"{""abstention_reason_code"": ""CATEGORY9_ASSESSMENT_MISSING"", ""activation_state"": ""ADVISORY_ONLY"", ""lineage"": {""evidence_body"": null, ""independence_established"": false, ""lineage_status"": ""LINEAGE_UNRESOLVED""}, ""newly_wired_unvalidated"": true, ""reason"": ""The evidence offered to this measure carries no Category-9 assessment, so it is unassessed and not eligible for this use. No reading is produced and no figure is used in its place. This computation reads an assembled signal package. It was supplied no signals. Not available this period: the cost and schedule indices, because this period's evidence carries no cost index and schedule index pair (the schedule index absent); the cost forecast, because the cost forecast computation abstained this period; the performance trend, because the performance trend computation abstained this period; the document risk score, because this period's evidence carries no document risk score."", ""result_source"": ""QUALIFICATION_BOUNDARY_V18"", ""signal_qualification"": ""unqualified"", ""wiring_note"": ""Newly wired and unvalidated: this module could not execute on the normal computation path before the flat-to-nested signal adapter, so its output has never been validated against real project evidence. Advisory, non-voting.""}"
carry_forward,PRJ-C45-CARRY,3,abstained,B1.2,ABSTAINED,"{""abstention_reason_code"": ""CATEGORY9_ASSESSMENT_MISSING"", ""activation_state"": ""ADVISORY_ONLY"", ""lineage"": {""evidence_body"": null, ""independence_established"": false, ""lineage_status"": ""LINEAGE_UNRESOLVED""}, ""newly_wired_unvalidated"": true, ""reason"": ""The evidence offered to this measure carries no Category-9 assessment, so it is unassessed and not eligible for this use. No reading is produced and no figure is used in its place. This computation reads an assembled signal package. It was supplied no signals. Not available this period: the cost and schedule indices, because this period's evidence carries no cost index and schedule index pair (the schedule index absent); the cost forecast, because the cost forecast computation abstained this period; the performance trend, because the performance trend computation abstained this period; the document risk score, because this period's evidence carries no document risk score."", ""result_source"": ""QUALIFICATION_BOUNDARY_V18"", ""signal_qualification"": ""unqualified"", ""wiring_note"": ""Newly wired and unvalidated: this module could not execute on the normal computation path before the flat-to-nested signal adapter, so its output has never been validated against real project evidence. Advisory, non-voting.""}"
carry_forward,PRJ-C45-CARRY,3,abstained,B1.3,ABSTAINED,"{""abstention_reason_code"": ""CATEGORY9_ASSESSMENT_MISSING"", ""activation_state"": ""ADVISORY_ONLY"", ""lineage"": {""evidence_body"": null, ""independence_established"": false, ""lineage_status"": ""LINEAGE_UNRESOLVED""}, ""newly_wired_unvalidated"": true, ""reason"": ""The evidence offered to this measure carries no Category-9 assessment, so it is unassessed and not eligible for this use. No reading is produced and no figure is used in its place. This computation reads an assembled signal package. It was supplied no signals. Not available this period: the cost and schedule indices, because this period's evidence carries no cost index and schedule index pair (the schedule index absent); the cost forecast, because the cost forecast computation abstained this period; the performance trend, because the performance trend computation abstained this period; the document risk score, because this period's evidence carries no document risk score."", ""result_source"": ""QUALIFICATION_BOUNDARY_V18"", ""signal_qualification"": ""unqualified"", ""wiring_note"": ""Newly wired and unvalidated: this module could not execute on the normal computation path before the flat-to-nested signal adapter, so its output has never been validated against real project evidence. Advisory, non-voting.""}"
carry_forward,PRJ-C45-CARRY,3,abstained,B1.4,ABSTAINED,"{""abstention_reason_code"": ""CATEGORY9_ASSESSMENT_MISSING"", ""activation_state"": ""ADVISORY_ONLY"", ""lineage"": {""evidence_body"": null, ""independence_established"": false, ""lineage_status"": ""LINEAGE_UNRESOLVED""}, ""newly_wired_unvalidated"": true, ""reason"": ""The evidence offered to this measure carries no Category-9 assessment, so it is unassessed and not eligible for this use. No reading is produced and no figure is used in its place. This computation reads an assembled signal package. It was supplied no signals. Not available this period: the cost and schedule indices, because this period's evidence carries no cost index and schedule index pair (the schedule index absent); the cost forecast, because the cost forecast computation abstained this period; the performance trend, because the performance trend computation abstained this period; the document risk score, because this period's evidence carries no document risk score."", ""result_source"": ""QUALIFICATION_BOUNDARY_V18"", ""signal_qualification"": ""unqualified"", ""wiring_note"": ""Newly wired and unvalidated: this module could not execute on the normal computation path before the flat-to-nested signal adapter, so its output has never been validated against real project evidence. Advisory, non-voting.""}"
carry_forward,PRJ-C45-CARRY,3,abstained,B2.18,ABSTAINED,"{""abstention_reason_code"": ""CATEGORY9_ASSESSMENT_MISSING"", ""activation_state"": ""ADVISORY_ONLY"", ""lineage"": {""evidence_body"": null, ""independence_established"": false, ""lineage_status"": ""LINEAGE_UNRESOLVED""}, ""reason"": ""The evidence offered to this measure carries no Category-9 assessment, so it is unassessed and not eligible for this use. No reading is produced and no figure is used in its place."", ""result_source"": ""QUALIFICATION_BOUNDARY_V18""}"
carry_forward,PRJ-C45-CARRY,3,abstained,B3.1,ABSTAINED,"{""abstention_reason_code"": ""CATEGORY9_ASSESSMENT_MISSING"", ""activation_state"": ""ADVISORY_ONLY"", ""lineage"": {""evidence_body"": null, ""independence_established"": false, ""lineage_status"": ""LINEAGE_UNRESOLVED""}, ""newly_wired_unvalidated"": true, ""reason"": ""The evidence offered to this measure carries no Category-9 assessment, so it is unassessed and not eligible for this use. No reading is produced and no figure is used in its place. This computation reads an assembled signal package. It was supplied no signals. Not available this period: the cost and schedule indices, because this period's evidence carries no cost index and schedule index pair (the schedule index absent); the cost forecast, because the cost forecast computation abstained this period; the performance trend, because the performance trend computation abstained this period; the document risk score, because this period's evidence carries no document risk score."", ""result_source"": ""QUALIFICATION_BOUNDARY_V18"", ""signal_qualification"": ""unqualified"", ""wiring_note"": ""Newly wired and unvalidated: this module could not execute on the normal computation path before the flat-to-nested signal adapter, so its output has never been validated against real project evidence. Advisory, non-voting.""}"
carry_forward,PRJ-C45-CARRY,3,abstained,B3.2,ABSTAINED,"{""abstention_reason_code"": ""CATEGORY9_ASSESSMENT_MISSING"", ""activation_state"": ""ADVISORY_ONLY"", ""lineage"": {""evidence_body"": null, ""independence_established"": false, ""lineage_status"": ""LINEAGE_UNRESOLVED""}, ""reason"": ""The evidence offered to this measure carries no Category-9 assessment, so it is unassessed and not eligible for this use. No reading is produced and no figure is used in its place."", ""result_source"": ""QUALIFICATION_BOUNDARY_V18""}"
carry_forward,PRJ-C45-CARRY,3,abstained,B3.3,ABSTAINED,"{""abstention_reason_code"": ""CATEGORY9_ASSESSMENT_MISSING"", ""activation_state"": ""ADVISORY_ONLY"", ""lineage"": {""evidence_body"": null, ""independence_established"": false, ""lineage_status"": ""LINEAGE_UNRESOLVED""}, ""reason"": ""The evidence offered to this measure carries no Category-9 assessment, so it is unassessed and not eligible for this use. No reading is produced and no figure is used in its place."", ""result_source"": ""QUALIFICATION_BOUNDARY_V18""}"
carry_forward,PRJ-C45-CARRY,3,abstained,B3.4,ABSTAINED,"{""abstention_reason_code"": ""CATEGORY9_ASSESSMENT_MISSING"", ""activation_state"": ""ADVISORY_ONLY"", ""lineage"": {""evidence_body"": null, ""independence_established"": false, ""lineage_status"": ""LINEAGE_UNRESOLVED""}, ""reason"": ""The evidence offered to this measure carries no Category-9 assessment, so it is unassessed and not eligible for this use. No reading is produced and no figure is used in its place."", ""result_source"": ""QUALIFICATION_BOUNDARY_V18""}"
carry_forward,PRJ-C45-CARRY,3,abstained,B3.5,ABSTAINED,"{""abstention_reason_code"": ""CATEGORY9_ASSESSMENT_MISSING"", ""activation_state"": ""ADVISORY_ONLY"", ""lineage"": {""evidence_body"": null, ""independence_established"": false, ""lineage_status"": ""LINEAGE_UNRESOLVED""}, ""reason"": ""The evidence offered to this measure carries no Category-9 assessment, so it is unassessed and not eligible for this use. No reading is produced and no figure is used in its place."", ""result_source"": ""QUALIFICATION_BOUNDARY_V18""}"
carry_forward,PRJ-C45-CARRY,3,abstained,B4.3,ABSTAINED,"{""abstention_reason_code"": ""CATEGORY9_ASSESSMENT_MISSING"", ""activation_state"": ""ADVISORY_ONLY"", ""lineage"": {""evidence_body"": null, ""independence_established"": false, ""lineage_status"": ""LINEAGE_UNRESOLVED""}, ""reason"": ""The evidence offered to this measure carries no Category-9 assessment, so it is unassessed and not eligible for this use. No reading is produced and no figure is used in its place."", ""result_source"": ""QUALIFICATION_BOUNDARY_V18""}"
carry_forward,PRJ-C45-CARRY,3,abstained,B4.4,ABSTAINED,"{""abstention_reason_code"": ""CATEGORY9_ASSESSMENT_MISSING"", ""activation_state"": ""ADVISORY_ONLY"", ""lineage"": {""evidence_body"": null, ""independence_established"": false, ""lineage_status"": ""LINEAGE_UNRESOLVED""}, ""reason"": ""The evidence offered to this measure carries no Category-9 assessment, so it is unassessed and not eligible for this use. No reading is produced and no figure is used in its place."", ""result_source"": ""QUALIFICATION_BOUNDARY_V18""}"
carry_forward,PRJ-C45-CARRY,3,abstained,C1.1,ABSTAINED,"{""abstention_reason_code"": ""canonical_structure_absent"", ""activation_state"": ""ADVISORY_ONLY"", ""canonical_disposition"": ""NOT_ESTIMABLE_STRUCTURE_ABSENT"", ""canonical_structure"": ""requiredInputContract"", ""reason"": ""Awaiting the required-input contract for the module or use being assessed. This measure is named for a method that cannot be carried out without it, so no reading is reported and no other figure is used in its place."", ""result_source"": ""CANONICAL_V6_LAYER""}"
carry_forward,PRJ-C45-CARRY,3,abstained,C1.2,ABSTAINED,"{""abstention_reason_code"": ""canonical_structure_absent"", ""activation_state"": ""ADVISORY_ONLY"", ""canonical_disposition"": ""NOT_ESTIMABLE_STRUCTURE_ABSENT"", ""canonical_structure"": ""evidenceTimelinessRecord"", ""reason"": ""Awaiting a governed evidence date and freshness rule. This measure is named for a method that cannot be carried out without it, so no reading is reported and no other figure is used in its place."", ""result_source"": ""CANONICAL_V6_LAYER""}"
carry_forward,PRJ-C45-CARRY,3,abstained,C1.3,ABSTAINED,"{""abstention_reason_code"": ""canonical_structure_absent"", ""activation_state"": ""ADVISORY_ONLY"", ""canonical_disposition"": ""NOT_ESTIMABLE_STRUCTURE_ABSENT"", ""canonical_structure"": ""sourceProvenanceRecord"", ""reason"": ""Awaiting a governed source provenance record. This measure is named for a method that cannot be carried out without it, so no reading is reported and no other figure is used in its place."", ""result_source"": ""CANONICAL_V6_LAYER""}"
carry_forward,PRJ-C45-CARRY,3,abstained,C1.4,ABSTAINED,"{""abstention_reason_code"": ""canonical_structure_absent"", ""activation_state"": ""ADVISORY_ONLY"", ""canonical_disposition"": ""NOT_ESTIMABLE_STRUCTURE_ABSENT"", ""canonical_structure"": ""auditChainRecord"", ""reason"": ""Awaiting a governed audit chain record. This measure is named for a method that cannot be carried out without it, so no reading is reported and no other figure is used in its place."", ""result_source"": ""CANONICAL_V6_LAYER""}"
carry_forward,PRJ-C45-CARRY,3,abstained,C1.5,ABSTAINED,"{""abstention_reason_code"": ""canonical_structure_absent"", ""activation_state"": ""ADVISORY_ONLY"", ""canonical_disposition"": ""NOT_ESTIMABLE_STRUCTURE_ABSENT"", ""canonical_structure"": ""informationPackageRecord"", ""reason"": ""Awaiting a governed information package definition. This measure is named for a method that cannot be carried out without it, so no reading is reported and no other figure is used in its place."", ""result_source"": ""CANONICAL_V6_LAYER""}"
carry_forward,PRJ-C45-CARRY,3,abstained,C1.6,ABSTAINED,"{""abstention_reason_code"": ""canonical_structure_absent"", ""activation_state"": ""ADVISORY_ONLY"", ""canonical_disposition"": ""NOT_ESTIMABLE_STRUCTURE_ABSENT"", ""canonical_structure"": ""crossDocumentFactSet"", ""reason"": ""Awaiting a governed cross-document fact set. This measure is named for a method that cannot be carried out without it, so no reading is reported and no other figure is used in its place."", ""result_source"": ""CANONICAL_V6_LAYER""}"
carry_forward,PRJ-C45-CARRY,3,abstained,C1.7,ABSTAINED,"{""abstention_reason_code"": ""canonical_structure_absent"", ""activation_state"": ""ADVISORY_ONLY"", ""canonical_disposition"": ""NOT_ESTIMABLE_STRUCTURE_ABSENT"", ""canonical_structure"": ""reportingCadenceRecord"", ""reason"": ""Awaiting a governed reporting cadence record and report history. This measure is named for a method that cannot be carried out without it, so no reading is reported and no other figure is used in its place."", ""result_source"": ""CANONICAL_V6_LAYER""}"
carry_forward,PRJ-C45-CARRY,3,module,A1.7,,"{""activation_state"": ""ENABLED_QUALIFIED"", ""band_source"": ""Green at or below 1.00, Amber at or below 1.10, Red above. 1.00 is definitional: Project Management Institute, A Guide to the Project Management Body of Knowledge, 6th edition, 2017, section 7.4.2.2, and PMI Practice Standard for Earned Value Management, 2nd edition, 2011, define this index as the cost efficiency the remaining work must achieve, so at or below 1.00 the remaining budget suffices at the efficiency already planned. 1.10 applies a sourced number by stated inference: Christensen and Heise, Cost Performance Index Stability, National Contract Management Journal 25(1), 1993, pages 7 to 15, found the cumulative cost performance index does not move by more than 0.10 after the twenty per cent completion point, so a demand for more than that improvement is beyond what the remaining work is observed to deliver."", ""band_source_limit"": ""Band boundaries are sourced to published literature. False-positive and false-negative performance is not measured: no labelled holdout corpus and no expert reference standard exist for this platform, so how often a band is right is unknown."", ""category"": ""A1"", ""evidence_metric"": ""TCPI: 0.949, the cost efficiency the remaining work must achieve to finish within budget, within the efficiency already planned"", ""group"": ""A"", ""method_class"": ""TCPI"", ""status_color"": ""Green"", ""tcpi"": 0.9490650897218444, ""tcpi_display"": 0.949, ""votes"": true}"
carry_forward,PRJ-C45-CARRY,3,module,A1.8,,"{""activation_state"": ""ENABLED_QUALIFIED"", ""band_source"": ""Green at or above zero per cent, Amber at or above minus 11.11 per cent, Red below. Zero is definitional: the Project Management Institute (A Guide to the Project Management Body of Knowledge, 6th edition, 2017, section 7.4.2.2; Practice Standard for Earned Value Management, 2nd edition, 2011) defines variance at completion as budget minus forecast, so a negative variance is a forecast overrun. Minus 11.11 per cent is the exact restatement of a cost performance index of 0.90, because this forecast is the index-based one, and 0.90 applies the 0.10 stability finding of Christensen and Heise (National Contract Management Journal 25(1), 1993, pages 7 to 15) by stated inference. The stated limit of that citation: the stability finding is conditional on the project being past twenty per cent complete and this measure does not read percent complete, so the condition is not enforced."", ""band_source_limit"": ""Band boundaries are sourced to published literature. False-positive and false-negative performance is not measured: no labelled holdout corpus and no expert reference standard exist for this platform, so how often a band is right is unknown."", ""category"": ""A1"", ""evidence_metric"": ""VAC: $171,665 under budget (3.8%)"", ""group"": ""A"", ""method_class"": ""VAC"", ""status_color"": ""Green"", ""vac"": 171665.0, ""vac_display"": 171665, ""vac_pct"": 3.8461538461538463, ""vac_pct_display"": 3.8, ""votes"": true}"
carry_forward,PRJ-C45-CARRY,3,signal_input,ac,,2500000
carry_forward,PRJ-C45-CARRY,3,signal_input,activitiesConstrained,,null
carry_forward,PRJ-C45-CARRY,3,signal_input,activitiesPlanned,,null
carry_forward,PRJ-C45-CARRY,3,signal_input,actualLaborHours,,null
carry_forward,PRJ-C45-CARRY,3,signal_input,actualPctComplete,,44.0
carry_forward,PRJ-C45-CARRY,3,signal_input,analogousBac,,null
carry_forward,PRJ-C45-CARRY,3,signal_input,analogousFinalCost,,null
carry_forward,PRJ-C45-CARRY,3,signal_input,analogousOverrunPct,,null
carry_forward,PRJ-C45-CARRY,3,signal_input,bac,,4463290
carry_forward,PRJ-C45-CARRY,3,signal_input,baselineContractSum,,null
carry_forward,PRJ-C45-CARRY,3,signal_input,baselineEnd,,null
carry_forward,PRJ-C45-CARRY,3,signal_input,baselineStart,,null
carry_forward,PRJ-C45-CARRY,3,signal_input,changeOrderCount,,null
carry_forward,PRJ-C45-CARRY,3,signal_input,consumedFloat,,null
carry_forward,PRJ-C45-CARRY,3,signal_input,costRating,,null
carry_forward,PRJ-C45-CARRY,3,signal_input,cpi,,1.04
carry_forward,PRJ-C45-CARRY,3,signal_input,cpiHistory,,"[1.111, 1.04]"
carry_forward,PRJ-C45-CARRY,3,signal_input,criticalDeficiencyCount,,null
carry_forward,PRJ-C45-CARRY,3,signal_input,criticalFindings,,null
carry_forward,PRJ-C45-CARRY,3,signal_input,docDate,,"""2026-05-31"""
carry_forward,PRJ-C45-CARRY,3,signal_input,docRiskScore,,null
carry_forward,PRJ-C45-CARRY,3,signal_input,environmentalComplianceRate,,null
carry_forward,PRJ-C45-CARRY,3,signal_input,environmentalIssuesDiscussed,,null
carry_forward,PRJ-C45-CARRY,3,signal_input,environmentalViolations,,null
carry_forward,PRJ-C45-CARRY,3,signal_input,ev,,2600000
carry_forward,PRJ-C45-CARRY,3,signal_input,floatRemaining,,null
carry_forward,PRJ-C45-CARRY,3,signal_input,indirectCostActual,,null
carry_forward,PRJ-C45-CARRY,3,signal_input,indirectCostPlan,,null
carry_forward,PRJ-C45-CARRY,3,signal_input,itemsFailed,,null
carry_forward,PRJ-C45-CARRY,3,signal_input,itemsInspected,,null
carry_forward,PRJ-C45-CARRY,3,signal_input,longLeadAtRisk,,null
carry_forward,PRJ-C45-CARRY,3,signal_input,longLeadDelayed,,null
carry_forward,PRJ-C45-CARRY,3,signal_input,longLeadItemsTotal,,null
carry_forward,PRJ-C45-CARRY,3,signal_input,lookaheadWeeks,,null
carry_forward,PRJ-C45-CARRY,3,signal_input,materialCostBaseline,,null
carry_forward,PRJ-C45-CARRY,3,signal_input,materialCostCurrent,,null
carry_forward,PRJ-C45-CARRY,3,signal_input,ncrClosed,,null
carry_forward,PRJ-C45-CARRY,3,signal_input,ncrIssued,,null
carry_forward,PRJ-C45-CARRY,3,signal_input,ncrOpen,,null
carry_forward,PRJ-C45-CARRY,3,signal_input,originalContingency,,null
carry_forward,PRJ-C45-CARRY,3,signal_input,oshaIncidentRate,,null
carry_forward,PRJ-C45-CARRY,3,signal_input,outstandingActionItems,,null
carry_forward,PRJ-C45-CARRY,3,signal_input,overallRating,,null
carry_forward,PRJ-C45-CARRY,3,signal_input,plannedLaborHours,,null
carry_forward,PRJ-C45-CARRY,3,signal_input,plannedPctComplete,,null
carry_forward,PRJ-C45-CARRY,3,signal_input,pv,,null
carry_forward,PRJ-C45-CARRY,3,signal_input,qualityAuditScore,,null
carry_forward,PRJ-C45-CARRY,3,signal_input,qualityDeficienciesNoted,,null
carry_forward,PRJ-C45-CARRY,3,signal_input,qualityIssuesDiscussed,,null
carry_forward,PRJ-C45-CARRY,3,signal_input,qualityRating,,null
carry_forward,PRJ-C45-CARRY,3,signal_input,remainingContingency,,150000
carry_forward,PRJ-C45-CARRY,3,signal_input,revisedContractSum,,null
carry_forward,PRJ-C45-CARRY,3,signal_input,rfaApproved,,null
carry_forward,PRJ-C45-CARRY,3,signal_input,rfaAvgReviewDays,,null
carry_forward,PRJ-C45-CARRY,3,signal_input,rfaOpen,,null
carry_forward,PRJ-C45-CARRY,3,signal_input,rfaRejected,,null
carry_forward,PRJ-C45-CARRY,3,signal_input,rfaResubmit,,null
carry_forward,PRJ-C45-CARRY,3,signal_input,rfaTotal,,null
carry_forward,PRJ-C45-CARRY,3,signal_input,rfiAvgResponseDays,,null
carry_forward,PRJ-C45-CARRY,3,signal_input,rfiCount,,null
carry_forward,PRJ-C45-CARRY,3,signal_input,rfiNumber,,null
carry_forward,PRJ-C45-CARRY,3,signal_input,rfiOldestOpenDays,,null
carry_forward,PRJ-C45-CARRY,3,signal_input,rfiOpen,,null
carry_forward,PRJ-C45-CARRY,3,signal_input,rfiOverdue,,null
carry_forward,PRJ-C45-CARRY,3,signal_input,rfiPeriodDays,,null
carry_forward,PRJ-C45-CARRY,3,signal_input,rfiResponseTimeDays,,null
carry_forward,PRJ-C45-CARRY,3,signal_input,safetyActionsOpen,,null
carry_forward,PRJ-C45-CARRY,3,signal_input,safetyIncidentsDiscussed,,null
carry_forward,PRJ-C45-CARRY,3,signal_input,scheduleRating,,null
carry_forward,PRJ-C45-CARRY,3,signal_input,spi,,null
carry_forward,PRJ-C45-CARRY,3,signal_input,subcontractorComplianceScore,,null
carry_forward,PRJ-C45-CARRY,3,signal_input,subcontractorDisputes,,null
carry_forward,PRJ-C45-CARRY,3,signal_input,subcontractorIssuesDiscussed,,null
carry_forward,PRJ-C45-CARRY,3,signal_input,submittalsRejected,,null
carry_forward,PRJ-C45-CARRY,3,signal_input,submittalsTotal,,null
carry_forward,PRJ-C45-CARRY,3,signal_input,totalFindings,,null
carry_forward,PRJ-C45-CARRY,3,signal_input,totalFloat,,null
carry_forward,PRJ-C45-CARRY,3,signal_input,totalManhours,,null
carry_forward,PRJ-C45-CARRY,3,signal_input,weatherDaysDiscussed,,null
carry_forward,PRJ-C45-CARRY,3,signal_input,weatherDaysLost,,null
carry_forward,PRJ-C45-CARRY,3,signal_input,workPeriodFrom,,null
carry_forward,PRJ-C45-CARRY,3,signal_input,workPeriodTo,,null
carry_forward,PRJ-C45-CARRY,4,abstained,A1.10,ABSTAINED,"{""abstention_reason_code"": ""canonical_structure_absent"", ""activation_state"": ""ADVISORY_ONLY"", ""reason"": ""Awaiting a governed reference population of comparable projects with the cost performance they achieved, and the weight to place on this project's own reading. This measure is named for a method that cannot be carried out without it, so no reading is reported and no other figure is used in its place.""}"
carry_forward,PRJ-C45-CARRY,4,abstained,A1.11,ABSTAINED,"{""abstention_reason_code"": ""canonical_structure_absent"", ""activation_state"": ""ADVISORY_ONLY"", ""reason"": ""Awaiting two separately prepared forecasts of the cost at completion, one from the project management team and one prepared independently of it. This measure is named for a method that cannot be carried out without it, so no reading is reported and no other figure is used in its place.""}"
carry_forward,PRJ-C45-CARRY,4,abstained,A1.2,ABSTAINED,"{""activation_state"": ""ADVISORY_ONLY"", ""reason"": ""Insufficient data: upload required documents""}"
carry_forward,PRJ-C45-CARRY,4,abstained,A1.3,ABSTAINED,"{""abstention_reason_code"": ""canonical_structure_absent"", ""activation_state"": ""ADVISORY_ONLY"", ""reason"": ""Awaiting a stated prior for the cost at completion, with its source, and a stated observation model with the uncertainty of the observation. This measure is named for a method that cannot be carried out without it, so no reading is reported and no other figure is used in its place.""}"
carry_forward,PRJ-C45-CARRY,4,abstained,A1.4,ABSTAINED,"{""abstention_reason_code"": ""canonical_structure_absent"", ""activation_state"": ""ADVISORY_ONLY"", ""reason"": ""Awaiting a state space model for the schedule index: a starting estimate, its uncertainty, the process and measurement variances, and the readings taken. This measure is named for a method that cannot be carried out without it, so no reading is reported and no other figure is used in its place.""}"
carry_forward,PRJ-C45-CARRY,4,abstained,A1.5,ABSTAINED,"{""abstention_reason_code"": ""insufficient_history"", ""activation_state"": ""ADVISORY_ONLY"", ""reason"": ""The cost performance history is too short for a time series model to be identified from it, so no forecast is reported and no shorter substitute is used.""}"
carry_forward,PRJ-C45-CARRY,4,abstained,A1.6,ABSTAINED,"{""abstention_reason_code"": ""canonical_structure_absent"", ""activation_state"": ""ADVISORY_ONLY"", ""reason"": ""Awaiting a time phased baseline: the cumulative value of work planned to be complete at the end of each period. This measure is named for a method that cannot be carried out without it, so no reading is reported and no other figure is used in its place.""}"
carry_forward,PRJ-C45-CARRY,4,abstained,A1.9,ABSTAINED,"{""abstention_reason_code"": ""canonical_structure_absent"", ""activation_state"": ""ADVISORY_ONLY"", ""reason"": ""Awaiting an approved time phased expenditure baseline: the amount planned to be spent by the end of each period. This measure is named for a method that cannot be carried out without it, so no reading is reported and no other figure is used in its place.""}"
carry_forward,PRJ-C45-CARRY,4,abstained,A2.1,ABSTAINED,"{""abstention_reason_code"": ""canonical_structure_absent"", ""activation_state"": ""ADVISORY_ONLY"", ""reason"": ""Awaiting the project's activity network: the activities, the logic between them, and a duration for each. This measure is named for a method that cannot be carried out without it, so no reading is reported and no other figure is used in its place.""}"
carry_forward,PRJ-C45-CARRY,4,abstained,A2.2,ABSTAINED,"{""abstention_reason_code"": ""canonical_structure_absent"", ""activation_state"": ""ADVISORY_ONLY"", ""reason"": ""Awaiting a line of balance: locations in sequence, the crews working them, and a production rate and start for each line of work. This measure is named for a method that cannot be carried out without it, so no reading is reported and no other figure is used in its place.""}"
carry_forward,PRJ-C45-CARRY,4,abstained,A2.3,ABSTAINED,"{""abstention_reason_code"": ""canonical_structure_absent"", ""activation_state"": ""ADVISORY_ONLY"", ""reason"": ""Awaiting a critical chain with its activities and a sized project buffer. This measure is named for a method that cannot be carried out without it, so no reading is reported and no other figure is used in its place.""}"
carry_forward,PRJ-C45-CARRY,4,abstained,A2.7,ABSTAINED,"{""abstention_reason_code"": ""canonical_structure_absent"", ""activation_state"": ""ADVISORY_ONLY"", ""reason"": ""Awaiting a milestone forecast history: each milestone's committed date and the date it was forecast for in each reporting period since. This measure is named for a method that cannot be carried out without it, so no reading is reported and no other figure is used in its place.""}"
carry_forward,PRJ-C45-CARRY,4,abstained,A2.8,ABSTAINED,"{""abstention_reason_code"": ""canonical_structure_absent"", ""activation_state"": ""ADVISORY_ONLY"", ""reason"": ""Awaiting a look ahead schedule: the window it covers, the activities planned in it, and whether each one still carries an open constraint. This measure is named for a method that cannot be carried out without it, so no reading is reported and no other figure is used in its place.""}"
carry_forward,PRJ-C45-CARRY,4,abstained,A2.9,ABSTAINED,"{""abstention_reason_code"": ""canonical_structure_absent"", ""activation_state"": ""ADVISORY_ONLY"", ""reason"": ""Awaiting a time phased resource profile: for each period and each kind of resource, the amount of work demanded and the amount available. This measure is named for a method that cannot be carried out without it, so no reading is reported and no other figure is used in its place.""}"
carry_forward,PRJ-C45-CARRY,4,abstained,A3.1,ABSTAINED,"{""abstention_reason_code"": ""canonical_structure_absent"", ""activation_state"": ""ADVISORY_ONLY"", ""reason"": ""Awaiting a reference class of completed comparable projects, with the criteria that put them in it and the overrun each of them finished with. This measure is named for a method that cannot be carried out without it, so no reading is reported and no other figure is used in its place.""}"
carry_forward,PRJ-C45-CARRY,4,abstained,A3.2,ABSTAINED,"{""abstention_reason_code"": ""missing_required_input"", ""activation_state"": ""ADVISORY_ONLY"", ""reason"": ""Insufficient data: the original and remaining contingency amounts are needed, and at least one of them has not been reported for this period.""}"
carry_forward,PRJ-C45-CARRY,4,abstained,A3.3,ABSTAINED,"{""abstention_reason_code"": ""canonical_structure_absent"", ""activation_state"": ""ADVISORY_ONLY"", ""reason"": ""Awaiting a record of production: the quantity of work installed, the quantity planned, and the labour hours each of those took. This measure is named for a method that cannot be carried out without it, so no reading is reported and no other figure is used in its place.""}"
carry_forward,PRJ-C45-CARRY,4,abstained,A3.5,ABSTAINED,"{""abstention_reason_code"": ""canonical_structure_absent"", ""activation_state"": ""ADVISORY_ONLY"", ""reason"": ""Awaiting an overhead allocation base: the planned and actual overhead and the planned and actual amount of the base it is absorbed over. This measure is named for a method that cannot be carried out without it, so no reading is reported and no other figure is used in its place.""}"
carry_forward,PRJ-C45-CARRY,4,abstained,A3.6,ABSTAINED,"{""abstention_reason_code"": ""canonical_structure_absent"", ""activation_state"": ""ADVISORY_ONLY"", ""reason"": ""Awaiting a cost risk model: the base cost components, the risk events that could occur, how likely each is and what it would cost. This measure is named for a method that cannot be carried out without it, so no reading is reported and no other figure is used in its place.""}"
carry_forward,PRJ-C45-CARRY,4,abstained,A3.7,ABSTAINED,"{""abstention_reason_code"": ""canonical_structure_absent"", ""activation_state"": ""ADVISORY_ONLY"", ""reason"": ""Awaiting an identified analogous project with its cost, why it is comparable, and the factors that adapt it to this project. This measure is named for a method that cannot be carried out without it, so no reading is reported and no other figure is used in its place.""}"
carry_forward,PRJ-C45-CARRY,4,abstained,A3.9,ABSTAINED,"{""abstention_reason_code"": ""canonical_structure_absent"", ""activation_state"": ""ADVISORY_ONLY"", ""reason"": ""Awaiting a named external price index with its authority, geography, base period and the period being adjusted to. This measure is named for a method that cannot be carried out without it, so no reading is reported and no other figure is used in its place.""}"
carry_forward,PRJ-C45-CARRY,4,abstained,A4.10,ABSTAINED,"{""abstention_reason_code"": ""canonical_structure_absent"", ""activation_state"": ""ADVISORY_ONLY"", ""reason"": ""Awaiting a specification conflict register: each identified conflict, the two places in the specification that disagree, whether it has been confirmed, and the exposure the conflicts are counted over. This measure is named for a method that cannot be carried out without it, so no reading is reported and no other figure is used in its place.""}"
carry_forward,PRJ-C45-CARRY,4,abstained,A4.2,ABSTAINED,"{""activation_state"": ""ADVISORY_ONLY"", ""reason"": ""Insufficient data: upload required documents""}"
carry_forward,PRJ-C45-CARRY,4,abstained,A4.3,ABSTAINED,"{""activation_state"": ""ADVISORY_ONLY"", ""reason"": ""Insufficient data: upload required documents""}"
carry_forward,PRJ-C45-CARRY,4,abstained,A4.4,ABSTAINED,"{""abstention_reason_code"": ""canonical_structure_absent"", ""activation_state"": ""ADVISORY_ONLY"", ""reason"": ""Awaiting a nonconformance record with the exposure it is measured against: the nonconformances raised, and the inspections, hours or value they arose from. This measure is named for a method that cannot be carried out without it, so no reading is reported and no other figure is used in its place.""}"
carry_forward,PRJ-C45-CARRY,4,abstained,A4.5,ABSTAINED,"{""abstention_reason_code"": ""canonical_structure_absent"", ""activation_state"": ""ADVISORY_ONLY"", ""reason"": ""Awaiting a weather impact record: the weather events, the activities they stopped, the time actually lost, the allowance in the contract calendar, and the float on the path. This measure is named for a method that cannot be carried out without it, so no reading is reported and no other figure is used in its place.""}"
carry_forward,PRJ-C45-CARRY,4,abstained,A4.6,ABSTAINED,"{""abstention_reason_code"": ""canonical_structure_absent"", ""activation_state"": ""ADVISORY_ONLY"", ""reason"": ""Awaiting a change event register with the exposure it is measured over: each change, its type, cause and value, and the span of time or contract value it arose against. This measure is named for a method that cannot be carried out without it, so no reading is reported and no other figure is used in its place.""}"
carry_forward,PRJ-C45-CARRY,4,abstained,A4.7,ABSTAINED,"{""abstention_reason_code"": ""canonical_structure_absent"", ""activation_state"": ""ADVISORY_ONLY"", ""reason"": ""Awaiting a claim and dispute register: the project's own governed escalation process and the stage each issue has reached on it, with the dates it reached them. This measure is named for a method that cannot be carried out without it, so no reading is reported and no other figure is used in its place.""}"
carry_forward,PRJ-C45-CARRY,4,abstained,A4.8,ABSTAINED,"{""abstention_reason_code"": ""canonical_structure_absent"", ""activation_state"": ""ADVISORY_ONLY"", ""reason"": ""Awaiting a subcontractor performance assessment: each firm, the criteria it was rated against, the rating on each, who assessed it and the weights that were applied. This measure is named for a method that cannot be carried out without it, so no reading is reported and no other figure is used in its place.""}"
carry_forward,PRJ-C45-CARRY,4,abstained,A4.9,ABSTAINED,"{""abstention_reason_code"": ""canonical_structure_absent"", ""activation_state"": ""ADVISORY_ONLY"", ""reason"": ""Awaiting an item level procurement register: for each item, the date it is required on site, the date it is forecast to arrive, and the activity it feeds. This measure is named for a method that cannot be carried out without it, so no reading is reported and no other figure is used in its place.""}"
carry_forward,PRJ-C45-CARRY,4,abstained,A5.1,ABSTAINED,"{""abstention_reason_code"": ""canonical_structure_absent"", ""activation_state"": ""ADVISORY_ONLY"", ""reason"": ""Awaiting a dependency matrix for the design: the parts of the design, which of them depend on which others and how strongly, and the rework the propagation starts from. This measure is named for a method that cannot be carried out without it, so no reading is reported and no other figure is used in its place.""}"
carry_forward,PRJ-C45-CARRY,4,abstained,A5.2,ABSTAINED,"{""abstention_reason_code"": ""canonical_structure_absent"", ""activation_state"": ""ADVISORY_ONLY"", ""reason"": ""Awaiting a sensitivity model: a named response function, the state it is evaluated at, and the inputs to be moved with the range each is moved across. This measure is named for a method that cannot be carried out without it, so no reading is reported and no other figure is used in its place.""}"
carry_forward,PRJ-C45-CARRY,4,abstained,A5.4,ABSTAINED,"{""abstention_reason_code"": ""canonical_structure_absent"", ""activation_state"": ""ADVISORY_ONLY"", ""reason"": ""Awaiting a scenario set: named scenarios, each stating every input it changes together, the reasoning behind it, and the response model they are all evaluated through. This measure is named for a method that cannot be carried out without it, so no reading is reported and no other figure is used in its place.""}"
carry_forward,PRJ-C45-CARRY,4,abstained,A5.5,ABSTAINED,"{""abstention_reason_code"": ""canonical_structure_absent"", ""activation_state"": ""ADVISORY_ONLY"", ""reason"": ""Awaiting a system dynamics rework model: the stock of work in the backlog, the work arriving and completed each step, and the share of completed work that returns as rework. This measure is named for a method that cannot be carried out without it, so no reading is reported and no other figure is used in its place.""}"
carry_forward,PRJ-C45-CARRY,4,abstained,A5.6,ABSTAINED,"{""abstention_reason_code"": ""canonical_structure_absent"", ""activation_state"": ""ADVISORY_ONLY"", ""reason"": ""Awaiting a queue model: the rate work arrives at, the rate it is served at, how many servers there are and the order they take work in. This measure is named for a method that cannot be carried out without it, so no reading is reported and no other figure is used in its place.""}"
carry_forward,PRJ-C45-CARRY,4,abstained,A5.7,ABSTAINED,"{""abstention_reason_code"": ""canonical_structure_absent"", ""activation_state"": ""ADVISORY_ONLY"", ""reason"": ""Awaiting an agent based supply chain model: the agents, the state each starts in, the rule each follows, who they are connected to, and the steps the model runs over. This measure is named for a method that cannot be carried out without it, so no reading is reported and no other figure is used in its place.""}"
carry_forward,PRJ-C45-CARRY,4,abstained,A5.8,ABSTAINED,"{""abstention_reason_code"": ""canonical_structure_absent"", ""activation_state"": ""ADVISORY_ONLY"", ""reason"": ""Awaiting a discrete event model: the entities and when they arrive, the resources that serve them, how long service takes, and the order simultaneous events are taken in. This measure is named for a method that cannot be carried out without it, so no reading is reported and no other figure is used in its place.""}"
carry_forward,PRJ-C45-CARRY,4,abstained,A6.1,ABSTAINED,"{""abstention_reason_code"": ""CATEGORY9_ASSESSMENT_MISSING"", ""activation_state"": ""ADVISORY_ONLY"", ""lineage"": {""evidence_body"": null, ""independence_established"": false, ""lineage_status"": ""LINEAGE_UNRESOLVED""}, ""reason"": ""The evidence offered to this measure carries no Category-9 assessment, so it is unassessed and not eligible for this use. No reading is produced and no figure is used in its place."", ""result_source"": ""QUALIFICATION_BOUNDARY_V18""}"
carry_forward,PRJ-C45-CARRY,4,abstained,A6.2,ABSTAINED,"{""abstention_reason_code"": ""CATEGORY9_ASSESSMENT_MISSING"", ""activation_state"": ""ADVISORY_ONLY"", ""lineage"": {""evidence_body"": null, ""independence_established"": false, ""lineage_status"": ""LINEAGE_UNRESOLVED""}, ""reason"": ""The evidence offered to this measure carries no Category-9 assessment, so it is unassessed and not eligible for this use. No reading is produced and no figure is used in its place."", ""result_source"": ""QUALIFICATION_BOUNDARY_V18""}"
carry_forward,PRJ-C45-CARRY,4,abstained,A6.3,ABSTAINED,"{""abstention_reason_code"": ""CATEGORY9_ASSESSMENT_MISSING"", ""activation_state"": ""ADVISORY_ONLY"", ""claim_limit"": ""The permit authority, the jurisdiction and the version of the conditions being assessed are not carried, and no committed authority in this repository supplies them. The reading is a count of reported conditions met and is not a compliance determination under any named instrument."", ""claim_limit_disposition"": ""REGULATORY_VERSION_BLOCKED"", ""lineage"": {""evidence_body"": null, ""independence_established"": false, ""lineage_status"": ""LINEAGE_UNRESOLVED""}, ""reason"": ""The evidence offered to this measure carries no Category-9 assessment, so it is unassessed and not eligible for this use. No reading is produced and no figure is used in its place."", ""result_source"": ""QUALIFICATION_BOUNDARY_V18""}"
carry_forward,PRJ-C45-CARRY,4,abstained,A6.4,ABSTAINED,"{""abstention_reason_code"": ""CATEGORY9_ASSESSMENT_MISSING"", ""activation_state"": ""ADVISORY_ONLY"", ""lineage"": {""evidence_body"": null, ""independence_established"": false, ""lineage_status"": ""LINEAGE_UNRESOLVED""}, ""reason"": ""The evidence offered to this measure carries no Category-9 assessment, so it is unassessed and not eligible for this use. No reading is produced and no figure is used in its place."", ""result_source"": ""QUALIFICATION_BOUNDARY_V18""}"
carry_forward,PRJ-C45-CARRY,4,abstained,B1.1,ABSTAINED,"{""abstention_reason_code"": ""CATEGORY9_ASSESSMENT_MISSING"", ""activation_state"": ""ADVISORY_ONLY"", ""lineage"": {""evidence_body"": null, ""independence_established"": false, ""lineage_status"": ""LINEAGE_UNRESOLVED""}, ""newly_wired_unvalidated"": true, ""reason"": ""The evidence offered to this measure carries no Category-9 assessment, so it is unassessed and not eligible for this use. No reading is produced and no figure is used in its place. This computation reads an assembled signal package. It was supplied no signals. Not available this period: the cost and schedule indices, because this period's evidence carries no cost index and schedule index pair (the schedule index absent); the cost forecast, because the cost forecast computation abstained this period; the performance trend, because the performance trend computation abstained this period; the document risk score, because this period's evidence carries no document risk score."", ""result_source"": ""QUALIFICATION_BOUNDARY_V18"", ""signal_qualification"": ""unqualified"", ""wiring_note"": ""Newly wired and unvalidated: this module could not execute on the normal computation path before the flat-to-nested signal adapter, so its output has never been validated against real project evidence. Advisory, non-voting.""}"
carry_forward,PRJ-C45-CARRY,4,abstained,B1.2,ABSTAINED,"{""abstention_reason_code"": ""CATEGORY9_ASSESSMENT_MISSING"", ""activation_state"": ""ADVISORY_ONLY"", ""lineage"": {""evidence_body"": null, ""independence_established"": false, ""lineage_status"": ""LINEAGE_UNRESOLVED""}, ""newly_wired_unvalidated"": true, ""reason"": ""The evidence offered to this measure carries no Category-9 assessment, so it is unassessed and not eligible for this use. No reading is produced and no figure is used in its place. This computation reads an assembled signal package. It was supplied no signals. Not available this period: the cost and schedule indices, because this period's evidence carries no cost index and schedule index pair (the schedule index absent); the cost forecast, because the cost forecast computation abstained this period; the performance trend, because the performance trend computation abstained this period; the document risk score, because this period's evidence carries no document risk score."", ""result_source"": ""QUALIFICATION_BOUNDARY_V18"", ""signal_qualification"": ""unqualified"", ""wiring_note"": ""Newly wired and unvalidated: this module could not execute on the normal computation path before the flat-to-nested signal adapter, so its output has never been validated against real project evidence. Advisory, non-voting.""}"
carry_forward,PRJ-C45-CARRY,4,abstained,B1.3,ABSTAINED,"{""abstention_reason_code"": ""CATEGORY9_ASSESSMENT_MISSING"", ""activation_state"": ""ADVISORY_ONLY"", ""lineage"": {""evidence_body"": null, ""independence_established"": false, ""lineage_status"": ""LINEAGE_UNRESOLVED""}, ""newly_wired_unvalidated"": true, ""reason"": ""The evidence offered to this measure carries no Category-9 assessment, so it is unassessed and not eligible for this use. No reading is produced and no figure is used in its place. This computation reads an assembled signal package. It was supplied no signals. Not available this period: the cost and schedule indices, because this period's evidence carries no cost index and schedule index pair (the schedule index absent); the cost forecast, because the cost forecast computation abstained this period; the performance trend, because the performance trend computation abstained this period; the document risk score, because this period's evidence carries no document risk score."", ""result_source"": ""QUALIFICATION_BOUNDARY_V18"", ""signal_qualification"": ""unqualified"", ""wiring_note"": ""Newly wired and unvalidated: this module could not execute on the normal computation path before the flat-to-nested signal adapter, so its output has never been validated against real project evidence. Advisory, non-voting.""}"
carry_forward,PRJ-C45-CARRY,4,abstained,B1.4,ABSTAINED,"{""abstention_reason_code"": ""CATEGORY9_ASSESSMENT_MISSING"", ""activation_state"": ""ADVISORY_ONLY"", ""lineage"": {""evidence_body"": null, ""independence_established"": false, ""lineage_status"": ""LINEAGE_UNRESOLVED""}, ""newly_wired_unvalidated"": true, ""reason"": ""The evidence offered to this measure carries no Category-9 assessment, so it is unassessed and not eligible for this use. No reading is produced and no figure is used in its place. This computation reads an assembled signal package. It was supplied no signals. Not available this period: the cost and schedule indices, because this period's evidence carries no cost index and schedule index pair (the schedule index absent); the cost forecast, because the cost forecast computation abstained this period; the performance trend, because the performance trend computation abstained this period; the document risk score, because this period's evidence carries no document risk score."", ""result_source"": ""QUALIFICATION_BOUNDARY_V18"", ""signal_qualification"": ""unqualified"", ""wiring_note"": ""Newly wired and unvalidated: this module could not execute on the normal computation path before the flat-to-nested signal adapter, so its output has never been validated against real project evidence. Advisory, non-voting.""}"
carry_forward,PRJ-C45-CARRY,4,abstained,B2.18,ABSTAINED,"{""abstention_reason_code"": ""CATEGORY9_ASSESSMENT_MISSING"", ""activation_state"": ""ADVISORY_ONLY"", ""lineage"": {""evidence_body"": null, ""independence_established"": false, ""lineage_status"": ""LINEAGE_UNRESOLVED""}, ""reason"": ""The evidence offered to this measure carries no Category-9 assessment, so it is unassessed and not eligible for this use. No reading is produced and no figure is used in its place."", ""result_source"": ""QUALIFICATION_BOUNDARY_V18""}"
carry_forward,PRJ-C45-CARRY,4,abstained,B3.1,ABSTAINED,"{""abstention_reason_code"": ""CATEGORY9_ASSESSMENT_MISSING"", ""activation_state"": ""ADVISORY_ONLY"", ""lineage"": {""evidence_body"": null, ""independence_established"": false, ""lineage_status"": ""LINEAGE_UNRESOLVED""}, ""newly_wired_unvalidated"": true, ""reason"": ""The evidence offered to this measure carries no Category-9 assessment, so it is unassessed and not eligible for this use. No reading is produced and no figure is used in its place. This computation reads an assembled signal package. It was supplied no signals. Not available this period: the cost and schedule indices, because this period's evidence carries no cost index and schedule index pair (the schedule index absent); the cost forecast, because the cost forecast computation abstained this period; the performance trend, because the performance trend computation abstained this period; the document risk score, because this period's evidence carries no document risk score."", ""result_source"": ""QUALIFICATION_BOUNDARY_V18"", ""signal_qualification"": ""unqualified"", ""wiring_note"": ""Newly wired and unvalidated: this module could not execute on the normal computation path before the flat-to-nested signal adapter, so its output has never been validated against real project evidence. Advisory, non-voting.""}"
carry_forward,PRJ-C45-CARRY,4,abstained,B3.2,ABSTAINED,"{""abstention_reason_code"": ""CATEGORY9_ASSESSMENT_MISSING"", ""activation_state"": ""ADVISORY_ONLY"", ""lineage"": {""evidence_body"": null, ""independence_established"": false, ""lineage_status"": ""LINEAGE_UNRESOLVED""}, ""reason"": ""The evidence offered to this measure carries no Category-9 assessment, so it is unassessed and not eligible for this use. No reading is produced and no figure is used in its place."", ""result_source"": ""QUALIFICATION_BOUNDARY_V18""}"
carry_forward,PRJ-C45-CARRY,4,abstained,B3.3,ABSTAINED,"{""abstention_reason_code"": ""CATEGORY9_ASSESSMENT_MISSING"", ""activation_state"": ""ADVISORY_ONLY"", ""lineage"": {""evidence_body"": null, ""independence_established"": false, ""lineage_status"": ""LINEAGE_UNRESOLVED""}, ""reason"": ""The evidence offered to this measure carries no Category-9 assessment, so it is unassessed and not eligible for this use. No reading is produced and no figure is used in its place."", ""result_source"": ""QUALIFICATION_BOUNDARY_V18""}"
carry_forward,PRJ-C45-CARRY,4,abstained,B3.4,ABSTAINED,"{""abstention_reason_code"": ""CATEGORY9_ASSESSMENT_MISSING"", ""activation_state"": ""ADVISORY_ONLY"", ""lineage"": {""evidence_body"": null, ""independence_established"": false, ""lineage_status"": ""LINEAGE_UNRESOLVED""}, ""reason"": ""The evidence offered to this measure carries no Category-9 assessment, so it is unassessed and not eligible for this use. No reading is produced and no figure is used in its place."", ""result_source"": ""QUALIFICATION_BOUNDARY_V18""}"
carry_forward,PRJ-C45-CARRY,4,abstained,B3.5,ABSTAINED,"{""abstention_reason_code"": ""CATEGORY9_ASSESSMENT_MISSING"", ""activation_state"": ""ADVISORY_ONLY"", ""lineage"": {""evidence_body"": null, ""independence_established"": false, ""lineage_status"": ""LINEAGE_UNRESOLVED""}, ""reason"": ""The evidence offered to this measure carries no Category-9 assessment, so it is unassessed and not eligible for this use. No reading is produced and no figure is used in its place."", ""result_source"": ""QUALIFICATION_BOUNDARY_V18""}"
carry_forward,PRJ-C45-CARRY,4,abstained,B4.3,ABSTAINED,"{""abstention_reason_code"": ""CATEGORY9_ASSESSMENT_MISSING"", ""activation_state"": ""ADVISORY_ONLY"", ""lineage"": {""evidence_body"": null, ""independence_established"": false, ""lineage_status"": ""LINEAGE_UNRESOLVED""}, ""reason"": ""The evidence offered to this measure carries no Category-9 assessment, so it is unassessed and not eligible for this use. No reading is produced and no figure is used in its place."", ""result_source"": ""QUALIFICATION_BOUNDARY_V18""}"
carry_forward,PRJ-C45-CARRY,4,abstained,B4.4,ABSTAINED,"{""abstention_reason_code"": ""CATEGORY9_ASSESSMENT_MISSING"", ""activation_state"": ""ADVISORY_ONLY"", ""lineage"": {""evidence_body"": null, ""independence_established"": false, ""lineage_status"": ""LINEAGE_UNRESOLVED""}, ""reason"": ""The evidence offered to this measure carries no Category-9 assessment, so it is unassessed and not eligible for this use. No reading is produced and no figure is used in its place."", ""result_source"": ""QUALIFICATION_BOUNDARY_V18""}"
carry_forward,PRJ-C45-CARRY,4,abstained,C1.1,ABSTAINED,"{""abstention_reason_code"": ""canonical_structure_absent"", ""activation_state"": ""ADVISORY_ONLY"", ""canonical_disposition"": ""NOT_ESTIMABLE_STRUCTURE_ABSENT"", ""canonical_structure"": ""requiredInputContract"", ""reason"": ""Awaiting the required-input contract for the module or use being assessed. This measure is named for a method that cannot be carried out without it, so no reading is reported and no other figure is used in its place."", ""result_source"": ""CANONICAL_V6_LAYER""}"
carry_forward,PRJ-C45-CARRY,4,abstained,C1.2,ABSTAINED,"{""abstention_reason_code"": ""canonical_structure_absent"", ""activation_state"": ""ADVISORY_ONLY"", ""canonical_disposition"": ""NOT_ESTIMABLE_STRUCTURE_ABSENT"", ""canonical_structure"": ""evidenceTimelinessRecord"", ""reason"": ""Awaiting a governed evidence date and freshness rule. This measure is named for a method that cannot be carried out without it, so no reading is reported and no other figure is used in its place."", ""result_source"": ""CANONICAL_V6_LAYER""}"
carry_forward,PRJ-C45-CARRY,4,abstained,C1.3,ABSTAINED,"{""abstention_reason_code"": ""canonical_structure_absent"", ""activation_state"": ""ADVISORY_ONLY"", ""canonical_disposition"": ""NOT_ESTIMABLE_STRUCTURE_ABSENT"", ""canonical_structure"": ""sourceProvenanceRecord"", ""reason"": ""Awaiting a governed source provenance record. This measure is named for a method that cannot be carried out without it, so no reading is reported and no other figure is used in its place."", ""result_source"": ""CANONICAL_V6_LAYER""}"
carry_forward,PRJ-C45-CARRY,4,abstained,C1.4,ABSTAINED,"{""abstention_reason_code"": ""canonical_structure_absent"", ""activation_state"": ""ADVISORY_ONLY"", ""canonical_disposition"": ""NOT_ESTIMABLE_STRUCTURE_ABSENT"", ""canonical_structure"": ""auditChainRecord"", ""reason"": ""Awaiting a governed audit chain record. This measure is named for a method that cannot be carried out without it, so no reading is reported and no other figure is used in its place."", ""result_source"": ""CANONICAL_V6_LAYER""}"
carry_forward,PRJ-C45-CARRY,4,abstained,C1.5,ABSTAINED,"{""abstention_reason_code"": ""canonical_structure_absent"", ""activation_state"": ""ADVISORY_ONLY"", ""canonical_disposition"": ""NOT_ESTIMABLE_STRUCTURE_ABSENT"", ""canonical_structure"": ""informationPackageRecord"", ""reason"": ""Awaiting a governed information package definition. This measure is named for a method that cannot be carried out without it, so no reading is reported and no other figure is used in its place."", ""result_source"": ""CANONICAL_V6_LAYER""}"
carry_forward,PRJ-C45-CARRY,4,abstained,C1.6,ABSTAINED,"{""abstention_reason_code"": ""canonical_structure_absent"", ""activation_state"": ""ADVISORY_ONLY"", ""canonical_disposition"": ""NOT_ESTIMABLE_STRUCTURE_ABSENT"", ""canonical_structure"": ""crossDocumentFactSet"", ""reason"": ""Awaiting a governed cross-document fact set. This measure is named for a method that cannot be carried out without it, so no reading is reported and no other figure is used in its place."", ""result_source"": ""CANONICAL_V6_LAYER""}"
carry_forward,PRJ-C45-CARRY,4,abstained,C1.7,ABSTAINED,"{""abstention_reason_code"": ""canonical_structure_absent"", ""activation_state"": ""ADVISORY_ONLY"", ""canonical_disposition"": ""NOT_ESTIMABLE_STRUCTURE_ABSENT"", ""canonical_structure"": ""reportingCadenceRecord"", ""reason"": ""Awaiting a governed reporting cadence record and report history. This measure is named for a method that cannot be carried out without it, so no reading is reported and no other figure is used in its place."", ""result_source"": ""CANONICAL_V6_LAYER""}"
carry_forward,PRJ-C45-CARRY,4,module,A1.7,,"{""activation_state"": ""ENABLED_QUALIFIED"", ""band_source"": ""Green at or below 1.00, Amber at or below 1.10, Red above. 1.00 is definitional: Project Management Institute, A Guide to the Project Management Body of Knowledge, 6th edition, 2017, section 7.4.2.2, and PMI Practice Standard for Earned Value Management, 2nd edition, 2011, define this index as the cost efficiency the remaining work must achieve, so at or below 1.00 the remaining budget suffices at the efficiency already planned. 1.10 applies a sourced number by stated inference: Christensen and Heise, Cost Performance Index Stability, National Contract Management Journal 25(1), 1993, pages 7 to 15, found the cumulative cost performance index does not move by more than 0.10 after the twenty per cent completion point, so a demand for more than that improvement is beyond what the remaining work is observed to deliver."", ""band_source_limit"": ""Band boundaries are sourced to published literature. False-positive and false-negative performance is not measured: no labelled holdout corpus and no expert reference standard exist for this platform, so how often a band is right is unknown."", ""category"": ""A1"", ""evidence_metric"": ""TCPI: 0.936, the cost efficiency the remaining work must achieve to finish within budget, within the efficiency already planned"", ""group"": ""A"", ""method_class"": ""TCPI"", ""status_color"": ""Green"", ""tcpi"": 0.9360323420478606, ""tcpi_display"": 0.936, ""votes"": true}"
carry_forward,PRJ-C45-CARRY,4,module,A1.8,,"{""activation_state"": ""ENABLED_QUALIFIED"", ""band_source"": ""Green at or above zero per cent, Amber at or above minus 11.11 per cent, Red below. Zero is definitional: the Project Management Institute (A Guide to the Project Management Body of Knowledge, 6th edition, 2017, section 7.4.2.2; Practice Standard for Earned Value Management, 2nd edition, 2011) defines variance at completion as budget minus forecast, so a negative variance is a forecast overrun. Minus 11.11 per cent is the exact restatement of a cost performance index of 0.90, because this forecast is the index-based one, and 0.90 applies the 0.10 stability finding of Christensen and Heise (National Contract Management Journal 25(1), 1993, pages 7 to 15) by stated inference. The stated limit of that citation: the stability finding is conditional on the project being past twenty per cent complete and this measure does not read percent complete, so the condition is not enforced."", ""band_source_limit"": ""Band boundaries are sourced to published literature. False-positive and false-negative performance is not measured: no labelled holdout corpus and no expert reference standard exist for this platform, so how often a band is right is unknown."", ""category"": ""A1"", ""evidence_metric"": ""VAC: $146,762 under budget (3.3%)"", ""group"": ""A"", ""method_class"": ""VAC"", ""status_color"": ""Green"", ""vac"": 146761.9535783371, ""vac_display"": 146762, ""vac_pct"": 3.2882011605415986, ""vac_pct_display"": 3.3, ""votes"": true}"
carry_forward,PRJ-C45-CARRY,4,signal_input,ac,,2900000
carry_forward,PRJ-C45-CARRY,4,signal_input,activitiesConstrained,,null
carry_forward,PRJ-C45-CARRY,4,signal_input,activitiesPlanned,,null
carry_forward,PRJ-C45-CARRY,4,signal_input,actualLaborHours,,null
carry_forward,PRJ-C45-CARRY,4,signal_input,actualPctComplete,,51.0
carry_forward,PRJ-C45-CARRY,4,signal_input,analogousBac,,null
carry_forward,PRJ-C45-CARRY,4,signal_input,analogousFinalCost,,null
carry_forward,PRJ-C45-CARRY,4,signal_input,analogousOverrunPct,,null
carry_forward,PRJ-C45-CARRY,4,signal_input,bac,,4463290
carry_forward,PRJ-C45-CARRY,4,signal_input,baselineContractSum,,null
carry_forward,PRJ-C45-CARRY,4,signal_input,baselineEnd,,null
carry_forward,PRJ-C45-CARRY,4,signal_input,baselineStart,,null
carry_forward,PRJ-C45-CARRY,4,signal_input,changeOrderCount,,null
carry_forward,PRJ-C45-CARRY,4,signal_input,consumedFloat,,null
carry_forward,PRJ-C45-CARRY,4,signal_input,costRating,,null
carry_forward,PRJ-C45-CARRY,4,signal_input,cpi,,1.034
carry_forward,PRJ-C45-CARRY,4,signal_input,cpiHistory,,"[1.111, 1.04, 1.034]"
carry_forward,PRJ-C45-CARRY,4,signal_input,criticalDeficiencyCount,,null
carry_forward,PRJ-C45-CARRY,4,signal_input,criticalFindings,,null
carry_forward,PRJ-C45-CARRY,4,signal_input,docDate,,"""2026-06-30"""
carry_forward,PRJ-C45-CARRY,4,signal_input,docRiskScore,,null
carry_forward,PRJ-C45-CARRY,4,signal_input,environmentalComplianceRate,,null
carry_forward,PRJ-C45-CARRY,4,signal_input,environmentalIssuesDiscussed,,null
carry_forward,PRJ-C45-CARRY,4,signal_input,environmentalViolations,,null
carry_forward,PRJ-C45-CARRY,4,signal_input,ev,,3000000
carry_forward,PRJ-C45-CARRY,4,signal_input,floatRemaining,,null
carry_forward,PRJ-C45-CARRY,4,signal_input,indirectCostActual,,null
carry_forward,PRJ-C45-CARRY,4,signal_input,indirectCostPlan,,null
carry_forward,PRJ-C45-CARRY,4,signal_input,itemsFailed,,null
carry_forward,PRJ-C45-CARRY,4,signal_input,itemsInspected,,null
carry_forward,PRJ-C45-CARRY,4,signal_input,longLeadAtRisk,,null
carry_forward,PRJ-C45-CARRY,4,signal_input,longLeadDelayed,,null
carry_forward,PRJ-C45-CARRY,4,signal_input,longLeadItemsTotal,,null
carry_forward,PRJ-C45-CARRY,4,signal_input,lookaheadWeeks,,null
carry_forward,PRJ-C45-CARRY,4,signal_input,materialCostBaseline,,null
carry_forward,PRJ-C45-CARRY,4,signal_input,materialCostCurrent,,null
carry_forward,PRJ-C45-CARRY,4,signal_input,ncrClosed,,null
carry_forward,PRJ-C45-CARRY,4,signal_input,ncrIssued,,null
carry_forward,PRJ-C45-CARRY,4,signal_input,ncrOpen,,null
carry_forward,PRJ-C45-CARRY,4,signal_input,originalContingency,,null
carry_forward,PRJ-C45-CARRY,4,signal_input,oshaIncidentRate,,null
carry_forward,PRJ-C45-CARRY,4,signal_input,outstandingActionItems,,null
carry_forward,PRJ-C45-CARRY,4,signal_input,overallRating,,null
carry_forward,PRJ-C45-CARRY,4,signal_input,plannedLaborHours,,null
carry_forward,PRJ-C45-CARRY,4,signal_input,plannedPctComplete,,null
carry_forward,PRJ-C45-CARRY,4,signal_input,pv,,null
carry_forward,PRJ-C45-CARRY,4,signal_input,qualityAuditScore,,null
carry_forward,PRJ-C45-CARRY,4,signal_input,qualityDeficienciesNoted,,null
carry_forward,PRJ-C45-CARRY,4,signal_input,qualityIssuesDiscussed,,null
carry_forward,PRJ-C45-CARRY,4,signal_input,qualityRating,,null
carry_forward,PRJ-C45-CARRY,4,signal_input,remainingContingency,,100000
carry_forward,PRJ-C45-CARRY,4,signal_input,revisedContractSum,,null
carry_forward,PRJ-C45-CARRY,4,signal_input,rfaApproved,,null
carry_forward,PRJ-C45-CARRY,4,signal_input,rfaAvgReviewDays,,null
carry_forward,PRJ-C45-CARRY,4,signal_input,rfaOpen,,null
carry_forward,PRJ-C45-CARRY,4,signal_input,rfaRejected,,null
carry_forward,PRJ-C45-CARRY,4,signal_input,rfaResubmit,,null
carry_forward,PRJ-C45-CARRY,4,signal_input,rfaTotal,,null
carry_forward,PRJ-C45-CARRY,4,signal_input,rfiAvgResponseDays,,null
carry_forward,PRJ-C45-CARRY,4,signal_input,rfiCount,,null
carry_forward,PRJ-C45-CARRY,4,signal_input,rfiNumber,,null
carry_forward,PRJ-C45-CARRY,4,signal_input,rfiOldestOpenDays,,null
carry_forward,PRJ-C45-CARRY,4,signal_input,rfiOpen,,null
carry_forward,PRJ-C45-CARRY,4,signal_input,rfiOverdue,,null
carry_forward,PRJ-C45-CARRY,4,signal_input,rfiPeriodDays,,null
carry_forward,PRJ-C45-CARRY,4,signal_input,rfiResponseTimeDays,,null
carry_forward,PRJ-C45-CARRY,4,signal_input,safetyActionsOpen,,null
carry_forward,PRJ-C45-CARRY,4,signal_input,safetyIncidentsDiscussed,,null
carry_forward,PRJ-C45-CARRY,4,signal_input,scheduleRating,,null
carry_forward,PRJ-C45-CARRY,4,signal_input,spi,,null
carry_forward,PRJ-C45-CARRY,4,signal_input,subcontractorComplianceScore,,null
carry_forward,PRJ-C45-CARRY,4,signal_input,subcontractorDisputes,,null
carry_forward,PRJ-C45-CARRY,4,signal_input,subcontractorIssuesDiscussed,,null
carry_forward,PRJ-C45-CARRY,4,signal_input,submittalsRejected,,null
carry_forward,PRJ-C45-CARRY,4,signal_input,submittalsTotal,,null
carry_forward,PRJ-C45-CARRY,4,signal_input,totalFindings,,null
carry_forward,PRJ-C45-CARRY,4,signal_input,totalFloat,,null
carry_forward,PRJ-C45-CARRY,4,signal_input,totalManhours,,null
carry_forward,PRJ-C45-CARRY,4,signal_input,weatherDaysDiscussed,,null
carry_forward,PRJ-C45-CARRY,4,signal_input,weatherDaysLost,,null
carry_forward,PRJ-C45-CARRY,4,signal_input,workPeriodFrom,,null
carry_forward,PRJ-C45-CARRY,4,signal_input,workPeriodTo,,null
dev_fixtures,PRJ-C45-DEV-DISTRE,1,abstained,A1.10,ABSTAINED,"{""abstention_reason_code"": ""canonical_structure_absent"", ""activation_state"": ""ADVISORY_ONLY"", ""reason"": ""Awaiting a governed reference population of comparable projects with the cost performance they achieved, and the weight to place on this project's own reading. This measure is named for a method that cannot be carried out without it, so no reading is reported and no other figure is used in its place.""}"
dev_fixtures,PRJ-C45-DEV-DISTRE,1,abstained,A1.11,ABSTAINED,"{""abstention_reason_code"": ""canonical_structure_absent"", ""activation_state"": ""ADVISORY_ONLY"", ""reason"": ""Awaiting two separately prepared forecasts of the cost at completion, one from the project management team and one prepared independently of it. This measure is named for a method that cannot be carried out without it, so no reading is reported and no other figure is used in its place.""}"
dev_fixtures,PRJ-C45-DEV-DISTRE,1,abstained,A1.2,ABSTAINED,"{""activation_state"": ""ADVISORY_ONLY"", ""reason"": ""Awaiting history (2 periods needed)""}"
dev_fixtures,PRJ-C45-DEV-DISTRE,1,abstained,A1.3,ABSTAINED,"{""abstention_reason_code"": ""canonical_structure_absent"", ""activation_state"": ""ADVISORY_ONLY"", ""reason"": ""Awaiting a stated prior for the cost at completion, with its source, and a stated observation model with the uncertainty of the observation. This measure is named for a method that cannot be carried out without it, so no reading is reported and no other figure is used in its place.""}"
dev_fixtures,PRJ-C45-DEV-DISTRE,1,abstained,A1.4,ABSTAINED,"{""abstention_reason_code"": ""canonical_structure_absent"", ""activation_state"": ""ADVISORY_ONLY"", ""reason"": ""Awaiting a state space model for the schedule index: a starting estimate, its uncertainty, the process and measurement variances, and the readings taken. This measure is named for a method that cannot be carried out without it, so no reading is reported and no other figure is used in its place.""}"
dev_fixtures,PRJ-C45-DEV-DISTRE,1,abstained,A1.5,ABSTAINED,"{""abstention_reason_code"": ""insufficient_history"", ""activation_state"": ""ADVISORY_ONLY"", ""reason"": ""The cost performance history is too short for a time series model to be identified from it, so no forecast is reported and no shorter substitute is used.""}"
dev_fixtures,PRJ-C45-DEV-DISTRE,1,abstained,A1.6,ABSTAINED,"{""abstention_reason_code"": ""canonical_structure_absent"", ""activation_state"": ""ADVISORY_ONLY"", ""reason"": ""Awaiting a time phased baseline: the cumulative value of work planned to be complete at the end of each period. This measure is named for a method that cannot be carried out without it, so no reading is reported and no other figure is used in its place.""}"
dev_fixtures,PRJ-C45-DEV-DISTRE,1,abstained,A1.9,ABSTAINED,"{""abstention_reason_code"": ""canonical_structure_absent"", ""activation_state"": ""ADVISORY_ONLY"", ""reason"": ""Awaiting an approved time phased expenditure baseline: the amount planned to be spent by the end of each period. This measure is named for a method that cannot be carried out without it, so no reading is reported and no other figure is used in its place.""}"
dev_fixtures,PRJ-C45-DEV-DISTRE,1,abstained,A2.1,ABSTAINED,"{""abstention_reason_code"": ""canonical_structure_absent"", ""activation_state"": ""ADVISORY_ONLY"", ""reason"": ""Awaiting the project's activity network: the activities, the logic between them, and a duration for each. This measure is named for a method that cannot be carried out without it, so no reading is reported and no other figure is used in its place.""}"
dev_fixtures,PRJ-C45-DEV-DISTRE,1,abstained,A2.2,ABSTAINED,"{""abstention_reason_code"": ""canonical_structure_absent"", ""activation_state"": ""ADVISORY_ONLY"", ""reason"": ""Awaiting a line of balance: locations in sequence, the crews working them, and a production rate and start for each line of work. This measure is named for a method that cannot be carried out without it, so no reading is reported and no other figure is used in its place.""}"
dev_fixtures,PRJ-C45-DEV-DISTRE,1,abstained,A2.3,ABSTAINED,"{""abstention_reason_code"": ""canonical_structure_absent"", ""activation_state"": ""ADVISORY_ONLY"", ""reason"": ""Awaiting a critical chain with its activities and a sized project buffer. This measure is named for a method that cannot be carried out without it, so no reading is reported and no other figure is used in its place.""}"
dev_fixtures,PRJ-C45-DEV-DISTRE,1,abstained,A2.7,ABSTAINED,"{""abstention_reason_code"": ""canonical_structure_absent"", ""activation_state"": ""ADVISORY_ONLY"", ""reason"": ""Awaiting a milestone forecast history: each milestone's committed date and the date it was forecast for in each reporting period since. This measure is named for a method that cannot be carried out without it, so no reading is reported and no other figure is used in its place.""}"
dev_fixtures,PRJ-C45-DEV-DISTRE,1,abstained,A2.8,ABSTAINED,"{""abstention_reason_code"": ""canonical_structure_absent"", ""activation_state"": ""ADVISORY_ONLY"", ""reason"": ""Awaiting a look ahead schedule: the window it covers, the activities planned in it, and whether each one still carries an open constraint. This measure is named for a method that cannot be carried out without it, so no reading is reported and no other figure is used in its place.""}"
dev_fixtures,PRJ-C45-DEV-DISTRE,1,abstained,A2.9,ABSTAINED,"{""abstention_reason_code"": ""canonical_structure_absent"", ""activation_state"": ""ADVISORY_ONLY"", ""reason"": ""Awaiting a time phased resource profile: for each period and each kind of resource, the amount of work demanded and the amount available. This measure is named for a method that cannot be carried out without it, so no reading is reported and no other figure is used in its place.""}"
dev_fixtures,PRJ-C45-DEV-DISTRE,1,abstained,A3.1,ABSTAINED,"{""abstention_reason_code"": ""canonical_structure_absent"", ""activation_state"": ""ADVISORY_ONLY"", ""reason"": ""Awaiting a reference class of completed comparable projects, with the criteria that put them in it and the overrun each of them finished with. This measure is named for a method that cannot be carried out without it, so no reading is reported and no other figure is used in its place.""}"
dev_fixtures,PRJ-C45-DEV-DISTRE,1,abstained,A3.2,ABSTAINED,"{""abstention_reason_code"": ""missing_required_input"", ""activation_state"": ""ADVISORY_ONLY"", ""reason"": ""Insufficient data: the original and remaining contingency amounts are needed, and at least one of them has not been reported for this period.""}"
dev_fixtures,PRJ-C45-DEV-DISTRE,1,abstained,A3.3,ABSTAINED,"{""abstention_reason_code"": ""canonical_structure_absent"", ""activation_state"": ""ADVISORY_ONLY"", ""reason"": ""Awaiting a record of production: the quantity of work installed, the quantity planned, and the labour hours each of those took. This measure is named for a method that cannot be carried out without it, so no reading is reported and no other figure is used in its place.""}"
dev_fixtures,PRJ-C45-DEV-DISTRE,1,abstained,A3.5,ABSTAINED,"{""abstention_reason_code"": ""canonical_structure_absent"", ""activation_state"": ""ADVISORY_ONLY"", ""reason"": ""Awaiting an overhead allocation base: the planned and actual overhead and the planned and actual amount of the base it is absorbed over. This measure is named for a method that cannot be carried out without it, so no reading is reported and no other figure is used in its place.""}"
dev_fixtures,PRJ-C45-DEV-DISTRE,1,abstained,A3.6,ABSTAINED,"{""abstention_reason_code"": ""canonical_structure_absent"", ""activation_state"": ""ADVISORY_ONLY"", ""reason"": ""Awaiting a cost risk model: the base cost components, the risk events that could occur, how likely each is and what it would cost. This measure is named for a method that cannot be carried out without it, so no reading is reported and no other figure is used in its place.""}"
dev_fixtures,PRJ-C45-DEV-DISTRE,1,abstained,A3.7,ABSTAINED,"{""abstention_reason_code"": ""canonical_structure_absent"", ""activation_state"": ""ADVISORY_ONLY"", ""reason"": ""Awaiting an identified analogous project with its cost, why it is comparable, and the factors that adapt it to this project. This measure is named for a method that cannot be carried out without it, so no reading is reported and no other figure is used in its place.""}"
dev_fixtures,PRJ-C45-DEV-DISTRE,1,abstained,A3.9,ABSTAINED,"{""abstention_reason_code"": ""canonical_structure_absent"", ""activation_state"": ""ADVISORY_ONLY"", ""reason"": ""Awaiting a named external price index with its authority, geography, base period and the period being adjusted to. This measure is named for a method that cannot be carried out without it, so no reading is reported and no other figure is used in its place.""}"
dev_fixtures,PRJ-C45-DEV-DISTRE,1,abstained,A4.10,ABSTAINED,"{""abstention_reason_code"": ""canonical_structure_absent"", ""activation_state"": ""ADVISORY_ONLY"", ""reason"": ""Awaiting a specification conflict register: each identified conflict, the two places in the specification that disagree, whether it has been confirmed, and the exposure the conflicts are counted over. This measure is named for a method that cannot be carried out without it, so no reading is reported and no other figure is used in its place.""}"
dev_fixtures,PRJ-C45-DEV-DISTRE,1,abstained,A4.2,ABSTAINED,"{""activation_state"": ""ADVISORY_ONLY"", ""reason"": ""Insufficient data: upload required documents""}"
dev_fixtures,PRJ-C45-DEV-DISTRE,1,abstained,A4.3,ABSTAINED,"{""activation_state"": ""ADVISORY_ONLY"", ""reason"": ""Insufficient data: upload required documents""}"
dev_fixtures,PRJ-C45-DEV-DISTRE,1,abstained,A4.4,ABSTAINED,"{""abstention_reason_code"": ""canonical_structure_absent"", ""activation_state"": ""ADVISORY_ONLY"", ""reason"": ""Awaiting a nonconformance record with the exposure it is measured against: the nonconformances raised, and the inspections, hours or value they arose from. This measure is named for a method that cannot be carried out without it, so no reading is reported and no other figure is used in its place.""}"
dev_fixtures,PRJ-C45-DEV-DISTRE,1,abstained,A4.5,ABSTAINED,"{""abstention_reason_code"": ""canonical_structure_absent"", ""activation_state"": ""ADVISORY_ONLY"", ""reason"": ""Awaiting a weather impact record: the weather events, the activities they stopped, the time actually lost, the allowance in the contract calendar, and the float on the path. This measure is named for a method that cannot be carried out without it, so no reading is reported and no other figure is used in its place.""}"
dev_fixtures,PRJ-C45-DEV-DISTRE,1,abstained,A4.6,ABSTAINED,"{""abstention_reason_code"": ""canonical_structure_absent"", ""activation_state"": ""ADVISORY_ONLY"", ""reason"": ""Awaiting a change event register with the exposure it is measured over: each change, its type, cause and value, and the span of time or contract value it arose against. This measure is named for a method that cannot be carried out without it, so no reading is reported and no other figure is used in its place.""}"
dev_fixtures,PRJ-C45-DEV-DISTRE,1,abstained,A4.7,ABSTAINED,"{""abstention_reason_code"": ""canonical_structure_absent"", ""activation_state"": ""ADVISORY_ONLY"", ""reason"": ""Awaiting a claim and dispute register: the project's own governed escalation process and the stage each issue has reached on it, with the dates it reached them. This measure is named for a method that cannot be carried out without it, so no reading is reported and no other figure is used in its place.""}"
dev_fixtures,PRJ-C45-DEV-DISTRE,1,abstained,A4.8,ABSTAINED,"{""abstention_reason_code"": ""canonical_structure_absent"", ""activation_state"": ""ADVISORY_ONLY"", ""reason"": ""Awaiting a subcontractor performance assessment: each firm, the criteria it was rated against, the rating on each, who assessed it and the weights that were applied. This measure is named for a method that cannot be carried out without it, so no reading is reported and no other figure is used in its place.""}"
dev_fixtures,PRJ-C45-DEV-DISTRE,1,abstained,A4.9,ABSTAINED,"{""abstention_reason_code"": ""canonical_structure_absent"", ""activation_state"": ""ADVISORY_ONLY"", ""reason"": ""Awaiting an item level procurement register: for each item, the date it is required on site, the date it is forecast to arrive, and the activity it feeds. This measure is named for a method that cannot be carried out without it, so no reading is reported and no other figure is used in its place.""}"
dev_fixtures,PRJ-C45-DEV-DISTRE,1,abstained,A5.1,ABSTAINED,"{""abstention_reason_code"": ""canonical_structure_absent"", ""activation_state"": ""ADVISORY_ONLY"", ""reason"": ""Awaiting a dependency matrix for the design: the parts of the design, which of them depend on which others and how strongly, and the rework the propagation starts from. This measure is named for a method that cannot be carried out without it, so no reading is reported and no other figure is used in its place.""}"
dev_fixtures,PRJ-C45-DEV-DISTRE,1,abstained,A5.2,ABSTAINED,"{""abstention_reason_code"": ""canonical_structure_absent"", ""activation_state"": ""ADVISORY_ONLY"", ""reason"": ""Awaiting a sensitivity model: a named response function, the state it is evaluated at, and the inputs to be moved with the range each is moved across. This measure is named for a method that cannot be carried out without it, so no reading is reported and no other figure is used in its place.""}"
dev_fixtures,PRJ-C45-DEV-DISTRE,1,abstained,A5.4,ABSTAINED,"{""abstention_reason_code"": ""canonical_structure_absent"", ""activation_state"": ""ADVISORY_ONLY"", ""reason"": ""Awaiting a scenario set: named scenarios, each stating every input it changes together, the reasoning behind it, and the response model they are all evaluated through. This measure is named for a method that cannot be carried out without it, so no reading is reported and no other figure is used in its place.""}"
dev_fixtures,PRJ-C45-DEV-DISTRE,1,abstained,A5.5,ABSTAINED,"{""abstention_reason_code"": ""canonical_structure_absent"", ""activation_state"": ""ADVISORY_ONLY"", ""reason"": ""Awaiting a system dynamics rework model: the stock of work in the backlog, the work arriving and completed each step, and the share of completed work that returns as rework. This measure is named for a method that cannot be carried out without it, so no reading is reported and no other figure is used in its place.""}"
dev_fixtures,PRJ-C45-DEV-DISTRE,1,abstained,A5.6,ABSTAINED,"{""abstention_reason_code"": ""canonical_structure_absent"", ""activation_state"": ""ADVISORY_ONLY"", ""reason"": ""Awaiting a queue model: the rate work arrives at, the rate it is served at, how many servers there are and the order they take work in. This measure is named for a method that cannot be carried out without it, so no reading is reported and no other figure is used in its place.""}"
dev_fixtures,PRJ-C45-DEV-DISTRE,1,abstained,A5.7,ABSTAINED,"{""abstention_reason_code"": ""canonical_structure_absent"", ""activation_state"": ""ADVISORY_ONLY"", ""reason"": ""Awaiting an agent based supply chain model: the agents, the state each starts in, the rule each follows, who they are connected to, and the steps the model runs over. This measure is named for a method that cannot be carried out without it, so no reading is reported and no other figure is used in its place.""}"
dev_fixtures,PRJ-C45-DEV-DISTRE,1,abstained,A5.8,ABSTAINED,"{""abstention_reason_code"": ""canonical_structure_absent"", ""activation_state"": ""ADVISORY_ONLY"", ""reason"": ""Awaiting a discrete event model: the entities and when they arrive, the resources that serve them, how long service takes, and the order simultaneous events are taken in. This measure is named for a method that cannot be carried out without it, so no reading is reported and no other figure is used in its place.""}"
dev_fixtures,PRJ-C45-DEV-DISTRE,1,abstained,A6.1,ABSTAINED,"{""abstention_reason_code"": ""CATEGORY9_ASSESSMENT_MISSING"", ""activation_state"": ""ADVISORY_ONLY"", ""lineage"": {""evidence_body"": null, ""independence_established"": false, ""lineage_status"": ""LINEAGE_UNRESOLVED""}, ""reason"": ""The evidence offered to this measure carries no Category-9 assessment, so it is unassessed and not eligible for this use. No reading is produced and no figure is used in its place."", ""result_source"": ""QUALIFICATION_BOUNDARY_V18""}"
dev_fixtures,PRJ-C45-DEV-DISTRE,1,abstained,A6.2,ABSTAINED,"{""abstention_reason_code"": ""CATEGORY9_ASSESSMENT_MISSING"", ""activation_state"": ""ADVISORY_ONLY"", ""lineage"": {""evidence_body"": null, ""independence_established"": false, ""lineage_status"": ""LINEAGE_UNRESOLVED""}, ""reason"": ""The evidence offered to this measure carries no Category-9 assessment, so it is unassessed and not eligible for this use. No reading is produced and no figure is used in its place."", ""result_source"": ""QUALIFICATION_BOUNDARY_V18""}"
dev_fixtures,PRJ-C45-DEV-DISTRE,1,abstained,A6.3,ABSTAINED,"{""abstention_reason_code"": ""CATEGORY9_ASSESSMENT_MISSING"", ""activation_state"": ""ADVISORY_ONLY"", ""claim_limit"": ""The permit authority, the jurisdiction and the version of the conditions being assessed are not carried, and no committed authority in this repository supplies them. The reading is a count of reported conditions met and is not a compliance determination under any named instrument."", ""claim_limit_disposition"": ""REGULATORY_VERSION_BLOCKED"", ""lineage"": {""evidence_body"": null, ""independence_established"": false, ""lineage_status"": ""LINEAGE_UNRESOLVED""}, ""reason"": ""The evidence offered to this measure carries no Category-9 assessment, so it is unassessed and not eligible for this use. No reading is produced and no figure is used in its place."", ""result_source"": ""QUALIFICATION_BOUNDARY_V18""}"
dev_fixtures,PRJ-C45-DEV-DISTRE,1,abstained,A6.4,ABSTAINED,"{""abstention_reason_code"": ""CATEGORY9_ASSESSMENT_MISSING"", ""activation_state"": ""ADVISORY_ONLY"", ""lineage"": {""evidence_body"": null, ""independence_established"": false, ""lineage_status"": ""LINEAGE_UNRESOLVED""}, ""reason"": ""The evidence offered to this measure carries no Category-9 assessment, so it is unassessed and not eligible for this use. No reading is produced and no figure is used in its place."", ""result_source"": ""QUALIFICATION_BOUNDARY_V18""}"
dev_fixtures,PRJ-C45-DEV-DISTRE,1,abstained,B1.1,ABSTAINED,"{""abstention_reason_code"": ""CATEGORY9_ASSESSMENT_MISSING"", ""activation_state"": ""ADVISORY_ONLY"", ""lineage"": {""evidence_body"": null, ""independence_established"": false, ""lineage_status"": ""LINEAGE_UNRESOLVED""}, ""newly_wired_unvalidated"": true, ""reason"": ""The evidence offered to this measure carries no Category-9 assessment, so it is unassessed and not eligible for this use. No reading is produced and no figure is used in its place. This computation reads an assembled signal package. It was supplied the cost and schedule indices. Not available this period: the cost forecast, because the cost forecast computation abstained this period; the performance trend, because the performance trend computation abstained this period; the document risk score, because this period's evidence carries no document risk score."", ""result_source"": ""QUALIFICATION_BOUNDARY_V18"", ""signal_qualification"": ""unqualified"", ""wiring_note"": ""Newly wired and unvalidated: this module could not execute on the normal computation path before the flat-to-nested signal adapter, so its output has never been validated against real project evidence. Advisory, non-voting.""}"
dev_fixtures,PRJ-C45-DEV-DISTRE,1,abstained,B1.2,ABSTAINED,"{""abstention_reason_code"": ""CATEGORY9_ASSESSMENT_MISSING"", ""activation_state"": ""ADVISORY_ONLY"", ""lineage"": {""evidence_body"": null, ""independence_established"": false, ""lineage_status"": ""LINEAGE_UNRESOLVED""}, ""newly_wired_unvalidated"": true, ""reason"": ""The evidence offered to this measure carries no Category-9 assessment, so it is unassessed and not eligible for this use. No reading is produced and no figure is used in its place. This computation reads an assembled signal package. It was supplied the cost and schedule indices. Not available this period: the cost forecast, because the cost forecast computation abstained this period; the performance trend, because the performance trend computation abstained this period; the document risk score, because this period's evidence carries no document risk score."", ""result_source"": ""QUALIFICATION_BOUNDARY_V18"", ""signal_qualification"": ""unqualified"", ""wiring_note"": ""Newly wired and unvalidated: this module could not execute on the normal computation path before the flat-to-nested signal adapter, so its output has never been validated against real project evidence. Advisory, non-voting.""}"
dev_fixtures,PRJ-C45-DEV-DISTRE,1,abstained,B1.3,ABSTAINED,"{""abstention_reason_code"": ""CATEGORY9_ASSESSMENT_MISSING"", ""activation_state"": ""ADVISORY_ONLY"", ""lineage"": {""evidence_body"": null, ""independence_established"": false, ""lineage_status"": ""LINEAGE_UNRESOLVED""}, ""newly_wired_unvalidated"": true, ""reason"": ""The evidence offered to this measure carries no Category-9 assessment, so it is unassessed and not eligible for this use. No reading is produced and no figure is used in its place. This computation reads an assembled signal package. It was supplied the cost and schedule indices. Not available this period: the cost forecast, because the cost forecast computation abstained this period; the performance trend, because the performance trend computation abstained this period; the document risk score, because this period's evidence carries no document risk score."", ""result_source"": ""QUALIFICATION_BOUNDARY_V18"", ""signal_qualification"": ""unqualified"", ""wiring_note"": ""Newly wired and unvalidated: this module could not execute on the normal computation path before the flat-to-nested signal adapter, so its output has never been validated against real project evidence. Advisory, non-voting.""}"
dev_fixtures,PRJ-C45-DEV-DISTRE,1,abstained,B1.4,ABSTAINED,"{""abstention_reason_code"": ""CATEGORY9_ASSESSMENT_MISSING"", ""activation_state"": ""ADVISORY_ONLY"", ""lineage"": {""evidence_body"": null, ""independence_established"": false, ""lineage_status"": ""LINEAGE_UNRESOLVED""}, ""newly_wired_unvalidated"": true, ""reason"": ""The evidence offered to this measure carries no Category-9 assessment, so it is unassessed and not eligible for this use. No reading is produced and no figure is used in its place. This computation reads an assembled signal package. It was supplied the cost and schedule indices. Not available this period: the cost forecast, because the cost forecast computation abstained this period; the performance trend, because the performance trend computation abstained this period; the document risk score, because this period's evidence carries no document risk score."", ""result_source"": ""QUALIFICATION_BOUNDARY_V18"", ""signal_qualification"": ""unqualified"", ""wiring_note"": ""Newly wired and unvalidated: this module could not execute on the normal computation path before the flat-to-nested signal adapter, so its output has never been validated against real project evidence. Advisory, non-voting.""}"
dev_fixtures,PRJ-C45-DEV-DISTRE,1,abstained,B2.18,ABSTAINED,"{""abstention_reason_code"": ""CATEGORY9_ASSESSMENT_MISSING"", ""activation_state"": ""ADVISORY_ONLY"", ""lineage"": {""evidence_body"": null, ""independence_established"": false, ""lineage_status"": ""LINEAGE_UNRESOLVED""}, ""reason"": ""The evidence offered to this measure carries no Category-9 assessment, so it is unassessed and not eligible for this use. No reading is produced and no figure is used in its place."", ""result_source"": ""QUALIFICATION_BOUNDARY_V18""}"
dev_fixtures,PRJ-C45-DEV-DISTRE,1,abstained,B3.1,ABSTAINED,"{""abstention_reason_code"": ""CATEGORY9_ASSESSMENT_MISSING"", ""activation_state"": ""ADVISORY_ONLY"", ""lineage"": {""evidence_body"": null, ""independence_established"": false, ""lineage_status"": ""LINEAGE_UNRESOLVED""}, ""newly_wired_unvalidated"": true, ""reason"": ""The evidence offered to this measure carries no Category-9 assessment, so it is unassessed and not eligible for this use. No reading is produced and no figure is used in its place. This computation reads an assembled signal package. It was supplied the cost and schedule indices. Not available this period: the cost forecast, because the cost forecast computation abstained this period; the performance trend, because the performance trend computation abstained this period; the document risk score, because this period's evidence carries no document risk score."", ""result_source"": ""QUALIFICATION_BOUNDARY_V18"", ""signal_qualification"": ""unqualified"", ""wiring_note"": ""Newly wired and unvalidated: this module could not execute on the normal computation path before the flat-to-nested signal adapter, so its output has never been validated against real project evidence. Advisory, non-voting.""}"
dev_fixtures,PRJ-C45-DEV-DISTRE,1,abstained,B3.2,ABSTAINED,"{""abstention_reason_code"": ""CATEGORY9_ASSESSMENT_MISSING"", ""activation_state"": ""ADVISORY_ONLY"", ""lineage"": {""evidence_body"": null, ""independence_established"": false, ""lineage_status"": ""LINEAGE_UNRESOLVED""}, ""reason"": ""The evidence offered to this measure carries no Category-9 assessment, so it is unassessed and not eligible for this use. No reading is produced and no figure is used in its place."", ""result_source"": ""QUALIFICATION_BOUNDARY_V18""}"
dev_fixtures,PRJ-C45-DEV-DISTRE,1,abstained,B3.3,ABSTAINED,"{""abstention_reason_code"": ""CATEGORY9_ASSESSMENT_MISSING"", ""activation_state"": ""ADVISORY_ONLY"", ""lineage"": {""evidence_body"": null, ""independence_established"": false, ""lineage_status"": ""LINEAGE_UNRESOLVED""}, ""reason"": ""The evidence offered to this measure carries no Category-9 assessment, so it is unassessed and not eligible for this use. No reading is produced and no figure is used in its place."", ""result_source"": ""QUALIFICATION_BOUNDARY_V18""}"
dev_fixtures,PRJ-C45-DEV-DISTRE,1,abstained,B3.4,ABSTAINED,"{""abstention_reason_code"": ""CATEGORY9_ASSESSMENT_MISSING"", ""activation_state"": ""ADVISORY_ONLY"", ""lineage"": {""evidence_body"": null, ""independence_established"": false, ""lineage_status"": ""LINEAGE_UNRESOLVED""}, ""reason"": ""The evidence offered to this measure carries no Category-9 assessment, so it is unassessed and not eligible for this use. No reading is produced and no figure is used in its place."", ""result_source"": ""QUALIFICATION_BOUNDARY_V18""}"
dev_fixtures,PRJ-C45-DEV-DISTRE,1,abstained,B3.5,ABSTAINED,"{""abstention_reason_code"": ""CATEGORY9_ASSESSMENT_MISSING"", ""activation_state"": ""ADVISORY_ONLY"", ""lineage"": {""evidence_body"": null, ""independence_established"": false, ""lineage_status"": ""LINEAGE_UNRESOLVED""}, ""reason"": ""The evidence offered to this measure carries no Category-9 assessment, so it is unassessed and not eligible for this use. No reading is produced and no figure is used in its place."", ""result_source"": ""QUALIFICATION_BOUNDARY_V18""}"
dev_fixtures,PRJ-C45-DEV-DISTRE,1,abstained,B4.3,ABSTAINED,"{""abstention_reason_code"": ""CATEGORY9_ASSESSMENT_MISSING"", ""activation_state"": ""ADVISORY_ONLY"", ""lineage"": {""evidence_body"": null, ""independence_established"": false, ""lineage_status"": ""LINEAGE_UNRESOLVED""}, ""reason"": ""The evidence offered to this measure carries no Category-9 assessment, so it is unassessed and not eligible for this use. No reading is produced and no figure is used in its place."", ""result_source"": ""QUALIFICATION_BOUNDARY_V18""}"
dev_fixtures,PRJ-C45-DEV-DISTRE,1,abstained,B4.4,ABSTAINED,"{""abstention_reason_code"": ""CATEGORY9_ASSESSMENT_MISSING"", ""activation_state"": ""ADVISORY_ONLY"", ""lineage"": {""evidence_body"": null, ""independence_established"": false, ""lineage_status"": ""LINEAGE_UNRESOLVED""}, ""reason"": ""The evidence offered to this measure carries no Category-9 assessment, so it is unassessed and not eligible for this use. No reading is produced and no figure is used in its place."", ""result_source"": ""QUALIFICATION_BOUNDARY_V18""}"
dev_fixtures,PRJ-C45-DEV-DISTRE,1,abstained,C1.1,ABSTAINED,"{""abstention_reason_code"": ""canonical_structure_absent"", ""activation_state"": ""ADVISORY_ONLY"", ""canonical_disposition"": ""NOT_ESTIMABLE_STRUCTURE_ABSENT"", ""canonical_structure"": ""requiredInputContract"", ""reason"": ""Awaiting the required-input contract for the module or use being assessed. This measure is named for a method that cannot be carried out without it, so no reading is reported and no other figure is used in its place."", ""result_source"": ""CANONICAL_V6_LAYER""}"
dev_fixtures,PRJ-C45-DEV-DISTRE,1,abstained,C1.2,ABSTAINED,"{""abstention_reason_code"": ""canonical_structure_absent"", ""activation_state"": ""ADVISORY_ONLY"", ""canonical_disposition"": ""NOT_ESTIMABLE_STRUCTURE_ABSENT"", ""canonical_structure"": ""evidenceTimelinessRecord"", ""reason"": ""Awaiting a governed evidence date and freshness rule. This measure is named for a method that cannot be carried out without it, so no reading is reported and no other figure is used in its place."", ""result_source"": ""CANONICAL_V6_LAYER""}"
dev_fixtures,PRJ-C45-DEV-DISTRE,1,abstained,C1.3,ABSTAINED,"{""abstention_reason_code"": ""canonical_structure_absent"", ""activation_state"": ""ADVISORY_ONLY"", ""canonical_disposition"": ""NOT_ESTIMABLE_STRUCTURE_ABSENT"", ""canonical_structure"": ""sourceProvenanceRecord"", ""reason"": ""Awaiting a governed source provenance record. This measure is named for a method that cannot be carried out without it, so no reading is reported and no other figure is used in its place."", ""result_source"": ""CANONICAL_V6_LAYER""}"
dev_fixtures,PRJ-C45-DEV-DISTRE,1,abstained,C1.4,ABSTAINED,"{""abstention_reason_code"": ""canonical_structure_absent"", ""activation_state"": ""ADVISORY_ONLY"", ""canonical_disposition"": ""NOT_ESTIMABLE_STRUCTURE_ABSENT"", ""canonical_structure"": ""auditChainRecord"", ""reason"": ""Awaiting a governed audit chain record. This measure is named for a method that cannot be carried out without it, so no reading is reported and no other figure is used in its place."", ""result_source"": ""CANONICAL_V6_LAYER""}"
dev_fixtures,PRJ-C45-DEV-DISTRE,1,abstained,C1.5,ABSTAINED,"{""abstention_reason_code"": ""canonical_structure_absent"", ""activation_state"": ""ADVISORY_ONLY"", ""canonical_disposition"": ""NOT_ESTIMABLE_STRUCTURE_ABSENT"", ""canonical_structure"": ""informationPackageRecord"", ""reason"": ""Awaiting a governed information package definition. This measure is named for a method that cannot be carried out without it, so no reading is reported and no other figure is used in its place."", ""result_source"": ""CANONICAL_V6_LAYER""}"
dev_fixtures,PRJ-C45-DEV-DISTRE,1,abstained,C1.6,ABSTAINED,"{""abstention_reason_code"": ""canonical_structure_absent"", ""activation_state"": ""ADVISORY_ONLY"", ""canonical_disposition"": ""NOT_ESTIMABLE_STRUCTURE_ABSENT"", ""canonical_structure"": ""crossDocumentFactSet"", ""reason"": ""Awaiting a governed cross-document fact set. This measure is named for a method that cannot be carried out without it, so no reading is reported and no other figure is used in its place."", ""result_source"": ""CANONICAL_V6_LAYER""}"
dev_fixtures,PRJ-C45-DEV-DISTRE,1,abstained,C1.7,ABSTAINED,"{""abstention_reason_code"": ""canonical_structure_absent"", ""activation_state"": ""ADVISORY_ONLY"", ""canonical_disposition"": ""NOT_ESTIMABLE_STRUCTURE_ABSENT"", ""canonical_structure"": ""reportingCadenceRecord"", ""reason"": ""Awaiting a governed reporting cadence record and report history. This measure is named for a method that cannot be carried out without it, so no reading is reported and no other figure is used in its place."", ""result_source"": ""CANONICAL_V6_LAYER""}"
dev_fixtures,PRJ-C45-DEV-DISTRE,1,module,A1.7,,"{""activation_state"": ""ENABLED_QUALIFIED"", ""band_source"": ""Green at or below 1.00, Amber at or below 1.10, Red above. 1.00 is definitional: Project Management Institute, A Guide to the Project Management Body of Knowledge, 6th edition, 2017, section 7.4.2.2, and PMI Practice Standard for Earned Value Management, 2nd edition, 2011, define this index as the cost efficiency the remaining work must achieve, so at or below 1.00 the remaining budget suffices at the efficiency already planned. 1.10 applies a sourced number by stated inference: Christensen and Heise, Cost Performance Index Stability, National Contract Management Journal 25(1), 1993, pages 7 to 15, found the cumulative cost performance index does not move by more than 0.10 after the twenty per cent completion point, so a demand for more than that improvement is beyond what the remaining work is observed to deliver."", ""band_source_limit"": ""Band boundaries are sourced to published literature. False-positive and false-negative performance is not measured: no labelled holdout corpus and no expert reference standard exist for this platform, so how often a band is right is unknown."", ""category"": ""A1"", ""evidence_metric"": ""TCPI: 1.154, the cost efficiency the remaining work must achieve to finish within budget, beyond the improvement a cumulative cost index is observed to make"", ""group"": ""A"", ""method_class"": ""TCPI"", ""status_color"": ""Red"", ""tcpi"": 1.1538461538461537, ""tcpi_display"": 1.154, ""votes"": true}"
dev_fixtures,PRJ-C45-DEV-DISTRE,1,module,A1.8,,"{""activation_state"": ""ENABLED_QUALIFIED"", ""band_source"": ""Green at or above zero per cent, Amber at or above minus 11.11 per cent, Red below. Zero is definitional: the Project Management Institute (A Guide to the Project Management Body of Knowledge, 6th edition, 2017, section 7.4.2.2; Practice Standard for Earned Value Management, 2nd edition, 2011) defines variance at completion as budget minus forecast, so a negative variance is a forecast overrun. Minus 11.11 per cent is the exact restatement of a cost performance index of 0.90, because this forecast is the index-based one, and 0.90 applies the 0.10 stability finding of Christensen and Heise (National Contract Management Journal 25(1), 1993, pages 7 to 15) by stated inference. The stated limit of that citation: the stability finding is conditional on the project being past twenty per cent complete and this measure does not read percent complete, so the condition is not enforced."", ""band_source_limit"": ""Band boundaries are sourced to published literature. False-positive and false-negative performance is not measured: no labelled holdout corpus and no expert reference standard exist for this platform, so how often a band is right is unknown."", ""category"": ""A1"", ""evidence_metric"": ""VAC: $2,004,802 over budget (20%)"", ""group"": ""A"", ""method_class"": ""VAC"", ""status_color"": ""Red"", ""vac"": -2004801.9207683075, ""vac_display"": -2004802, ""vac_pct"": -20.048019207683076, ""vac_pct_display"": -20.0, ""votes"": true}"
dev_fixtures,PRJ-C45-DEV-DISTRE,1,signal_input,ac,,4800000
dev_fixtures,PRJ-C45-DEV-DISTRE,1,signal_input,activitiesConstrained,,null
dev_fixtures,PRJ-C45-DEV-DISTRE,1,signal_input,activitiesPlanned,,null
dev_fixtures,PRJ-C45-DEV-DISTRE,1,signal_input,actualLaborHours,,null
dev_fixtures,PRJ-C45-DEV-DISTRE,1,signal_input,actualPctComplete,,null
dev_fixtures,PRJ-C45-DEV-DISTRE,1,signal_input,analogousBac,,null
dev_fixtures,PRJ-C45-DEV-DISTRE,1,signal_input,analogousFinalCost,,null
dev_fixtures,PRJ-C45-DEV-DISTRE,1,signal_input,analogousOverrunPct,,null
dev_fixtures,PRJ-C45-DEV-DISTRE,1,signal_input,bac,,10000000
dev_fixtures,PRJ-C45-DEV-DISTRE,1,signal_input,baselineContractSum,,null
dev_fixtures,PRJ-C45-DEV-DISTRE,1,signal_input,baselineEnd,,null
dev_fixtures,PRJ-C45-DEV-DISTRE,1,signal_input,baselineStart,,null
dev_fixtures,PRJ-C45-DEV-DISTRE,1,signal_input,changeOrderCount,,null
dev_fixtures,PRJ-C45-DEV-DISTRE,1,signal_input,consumedFloat,,null
dev_fixtures,PRJ-C45-DEV-DISTRE,1,signal_input,costRating,,null
dev_fixtures,PRJ-C45-DEV-DISTRE,1,signal_input,cpi,,0.833
dev_fixtures,PRJ-C45-DEV-DISTRE,1,signal_input,criticalDeficiencyCount,,null
dev_fixtures,PRJ-C45-DEV-DISTRE,1,signal_input,criticalFindings,,null
dev_fixtures,PRJ-C45-DEV-DISTRE,1,signal_input,docDate,,"""2026-03-31"""
dev_fixtures,PRJ-C45-DEV-DISTRE,1,signal_input,docRiskScore,,null
dev_fixtures,PRJ-C45-DEV-DISTRE,1,signal_input,environmentalComplianceRate,,null
dev_fixtures,PRJ-C45-DEV-DISTRE,1,signal_input,environmentalIssuesDiscussed,,null
dev_fixtures,PRJ-C45-DEV-DISTRE,1,signal_input,environmentalViolations,,null
dev_fixtures,PRJ-C45-DEV-DISTRE,1,signal_input,ev,,4000000
dev_fixtures,PRJ-C45-DEV-DISTRE,1,signal_input,floatRemaining,,null
dev_fixtures,PRJ-C45-DEV-DISTRE,1,signal_input,indirectCostActual,,null
dev_fixtures,PRJ-C45-DEV-DISTRE,1,signal_input,indirectCostPlan,,null
dev_fixtures,PRJ-C45-DEV-DISTRE,1,signal_input,itemsFailed,,null
dev_fixtures,PRJ-C45-DEV-DISTRE,1,signal_input,itemsInspected,,null
dev_fixtures,PRJ-C45-DEV-DISTRE,1,signal_input,longLeadAtRisk,,null
dev_fixtures,PRJ-C45-DEV-DISTRE,1,signal_input,longLeadDelayed,,null
dev_fixtures,PRJ-C45-DEV-DISTRE,1,signal_input,longLeadItemsTotal,,null
dev_fixtures,PRJ-C45-DEV-DISTRE,1,signal_input,lookaheadWeeks,,null
dev_fixtures,PRJ-C45-DEV-DISTRE,1,signal_input,materialCostBaseline,,null
dev_fixtures,PRJ-C45-DEV-DISTRE,1,signal_input,materialCostCurrent,,null
dev_fixtures,PRJ-C45-DEV-DISTRE,1,signal_input,ncrClosed,,null
dev_fixtures,PRJ-C45-DEV-DISTRE,1,signal_input,ncrIssued,,null
dev_fixtures,PRJ-C45-DEV-DISTRE,1,signal_input,ncrOpen,,null
dev_fixtures,PRJ-C45-DEV-DISTRE,1,signal_input,originalContingency,,null
dev_fixtures,PRJ-C45-DEV-DISTRE,1,signal_input,oshaIncidentRate,,null
dev_fixtures,PRJ-C45-DEV-DISTRE,1,signal_input,outstandingActionItems,,null
dev_fixtures,PRJ-C45-DEV-DISTRE,1,signal_input,overallRating,,null
dev_fixtures,PRJ-C45-DEV-DISTRE,1,signal_input,plannedLaborHours,,null
dev_fixtures,PRJ-C45-DEV-DISTRE,1,signal_input,plannedPctComplete,,null
dev_fixtures,PRJ-C45-DEV-DISTRE,1,signal_input,pv,,5000000
dev_fixtures,PRJ-C45-DEV-DISTRE,1,signal_input,qualityAuditScore,,null
dev_fixtures,PRJ-C45-DEV-DISTRE,1,signal_input,qualityDeficienciesNoted,,null
dev_fixtures,PRJ-C45-DEV-DISTRE,1,signal_input,qualityIssuesDiscussed,,null
dev_fixtures,PRJ-C45-DEV-DISTRE,1,signal_input,qualityRating,,null
dev_fixtures,PRJ-C45-DEV-DISTRE,1,signal_input,remainingContingency,,null
dev_fixtures,PRJ-C45-DEV-DISTRE,1,signal_input,revisedContractSum,,null
dev_fixtures,PRJ-C45-DEV-DISTRE,1,signal_input,rfaApproved,,null
dev_fixtures,PRJ-C45-DEV-DISTRE,1,signal_input,rfaAvgReviewDays,,null
dev_fixtures,PRJ-C45-DEV-DISTRE,1,signal_input,rfaOpen,,null
dev_fixtures,PRJ-C45-DEV-DISTRE,1,signal_input,rfaRejected,,null
dev_fixtures,PRJ-C45-DEV-DISTRE,1,signal_input,rfaResubmit,,null
dev_fixtures,PRJ-C45-DEV-DISTRE,1,signal_input,rfaTotal,,null
dev_fixtures,PRJ-C45-DEV-DISTRE,1,signal_input,rfiAvgResponseDays,,null
dev_fixtures,PRJ-C45-DEV-DISTRE,1,signal_input,rfiCount,,null
dev_fixtures,PRJ-C45-DEV-DISTRE,1,signal_input,rfiNumber,,null
dev_fixtures,PRJ-C45-DEV-DISTRE,1,signal_input,rfiOldestOpenDays,,null
dev_fixtures,PRJ-C45-DEV-DISTRE,1,signal_input,rfiOpen,,null
dev_fixtures,PRJ-C45-DEV-DISTRE,1,signal_input,rfiOverdue,,null
dev_fixtures,PRJ-C45-DEV-DISTRE,1,signal_input,rfiPeriodDays,,null
dev_fixtures,PRJ-C45-DEV-DISTRE,1,signal_input,rfiResponseTimeDays,,null
dev_fixtures,PRJ-C45-DEV-DISTRE,1,signal_input,safetyActionsOpen,,null
dev_fixtures,PRJ-C45-DEV-DISTRE,1,signal_input,safetyIncidentsDiscussed,,null
dev_fixtures,PRJ-C45-DEV-DISTRE,1,signal_input,scheduleRating,,null
dev_fixtures,PRJ-C45-DEV-DISTRE,1,signal_input,spi,,0.8
dev_fixtures,PRJ-C45-DEV-DISTRE,1,signal_input,subcontractorComplianceScore,,null
dev_fixtures,PRJ-C45-DEV-DISTRE,1,signal_input,subcontractorDisputes,,null
dev_fixtures,PRJ-C45-DEV-DISTRE,1,signal_input,subcontractorIssuesDiscussed,,null
dev_fixtures,PRJ-C45-DEV-DISTRE,1,signal_input,submittalsRejected,,null
dev_fixtures,PRJ-C45-DEV-DISTRE,1,signal_input,submittalsTotal,,null
dev_fixtures,PRJ-C45-DEV-DISTRE,1,signal_input,totalFindings,,null
dev_fixtures,PRJ-C45-DEV-DISTRE,1,signal_input,totalFloat,,null
dev_fixtures,PRJ-C45-DEV-DISTRE,1,signal_input,totalManhours,,null
dev_fixtures,PRJ-C45-DEV-DISTRE,1,signal_input,weatherDaysDiscussed,,null
dev_fixtures,PRJ-C45-DEV-DISTRE,1,signal_input,weatherDaysLost,,null
dev_fixtures,PRJ-C45-DEV-DISTRE,1,signal_input,workPeriodFrom,,null
dev_fixtures,PRJ-C45-DEV-DISTRE,1,signal_input,workPeriodTo,,null
dev_fixtures,PRJ-C45-DEV-HEALTH,1,abstained,A1.10,ABSTAINED,"{""abstention_reason_code"": ""canonical_structure_absent"", ""activation_state"": ""ADVISORY_ONLY"", ""reason"": ""Awaiting a governed reference population of comparable projects with the cost performance they achieved, and the weight to place on this project's own reading. This measure is named for a method that cannot be carried out without it, so no reading is reported and no other figure is used in its place.""}"
dev_fixtures,PRJ-C45-DEV-HEALTH,1,abstained,A1.11,ABSTAINED,"{""abstention_reason_code"": ""canonical_structure_absent"", ""activation_state"": ""ADVISORY_ONLY"", ""reason"": ""Awaiting two separately prepared forecasts of the cost at completion, one from the project management team and one prepared independently of it. This measure is named for a method that cannot be carried out without it, so no reading is reported and no other figure is used in its place.""}"
dev_fixtures,PRJ-C45-DEV-HEALTH,1,abstained,A1.2,ABSTAINED,"{""activation_state"": ""ADVISORY_ONLY"", ""reason"": ""Awaiting history (2 periods needed)""}"
dev_fixtures,PRJ-C45-DEV-HEALTH,1,abstained,A1.3,ABSTAINED,"{""abstention_reason_code"": ""canonical_structure_absent"", ""activation_state"": ""ADVISORY_ONLY"", ""reason"": ""Awaiting a stated prior for the cost at completion, with its source, and a stated observation model with the uncertainty of the observation. This measure is named for a method that cannot be carried out without it, so no reading is reported and no other figure is used in its place.""}"
dev_fixtures,PRJ-C45-DEV-HEALTH,1,abstained,A1.4,ABSTAINED,"{""abstention_reason_code"": ""canonical_structure_absent"", ""activation_state"": ""ADVISORY_ONLY"", ""reason"": ""Awaiting a state space model for the schedule index: a starting estimate, its uncertainty, the process and measurement variances, and the readings taken. This measure is named for a method that cannot be carried out without it, so no reading is reported and no other figure is used in its place.""}"
dev_fixtures,PRJ-C45-DEV-HEALTH,1,abstained,A1.5,ABSTAINED,"{""abstention_reason_code"": ""insufficient_history"", ""activation_state"": ""ADVISORY_ONLY"", ""reason"": ""The cost performance history is too short for a time series model to be identified from it, so no forecast is reported and no shorter substitute is used.""}"
dev_fixtures,PRJ-C45-DEV-HEALTH,1,abstained,A1.6,ABSTAINED,"{""abstention_reason_code"": ""canonical_structure_absent"", ""activation_state"": ""ADVISORY_ONLY"", ""reason"": ""Awaiting a time phased baseline: the cumulative value of work planned to be complete at the end of each period. This measure is named for a method that cannot be carried out without it, so no reading is reported and no other figure is used in its place.""}"
dev_fixtures,PRJ-C45-DEV-HEALTH,1,abstained,A1.9,ABSTAINED,"{""abstention_reason_code"": ""canonical_structure_absent"", ""activation_state"": ""ADVISORY_ONLY"", ""reason"": ""Awaiting an approved time phased expenditure baseline: the amount planned to be spent by the end of each period. This measure is named for a method that cannot be carried out without it, so no reading is reported and no other figure is used in its place.""}"
dev_fixtures,PRJ-C45-DEV-HEALTH,1,abstained,A2.1,ABSTAINED,"{""abstention_reason_code"": ""canonical_structure_absent"", ""activation_state"": ""ADVISORY_ONLY"", ""reason"": ""Awaiting the project's activity network: the activities, the logic between them, and a duration for each. This measure is named for a method that cannot be carried out without it, so no reading is reported and no other figure is used in its place.""}"
dev_fixtures,PRJ-C45-DEV-HEALTH,1,abstained,A2.2,ABSTAINED,"{""abstention_reason_code"": ""canonical_structure_absent"", ""activation_state"": ""ADVISORY_ONLY"", ""reason"": ""Awaiting a line of balance: locations in sequence, the crews working them, and a production rate and start for each line of work. This measure is named for a method that cannot be carried out without it, so no reading is reported and no other figure is used in its place.""}"
dev_fixtures,PRJ-C45-DEV-HEALTH,1,abstained,A2.3,ABSTAINED,"{""abstention_reason_code"": ""canonical_structure_absent"", ""activation_state"": ""ADVISORY_ONLY"", ""reason"": ""Awaiting a critical chain with its activities and a sized project buffer. This measure is named for a method that cannot be carried out without it, so no reading is reported and no other figure is used in its place.""}"
dev_fixtures,PRJ-C45-DEV-HEALTH,1,abstained,A2.7,ABSTAINED,"{""abstention_reason_code"": ""canonical_structure_absent"", ""activation_state"": ""ADVISORY_ONLY"", ""reason"": ""Awaiting a milestone forecast history: each milestone's committed date and the date it was forecast for in each reporting period since. This measure is named for a method that cannot be carried out without it, so no reading is reported and no other figure is used in its place.""}"
dev_fixtures,PRJ-C45-DEV-HEALTH,1,abstained,A2.8,ABSTAINED,"{""abstention_reason_code"": ""canonical_structure_absent"", ""activation_state"": ""ADVISORY_ONLY"", ""reason"": ""Awaiting a look ahead schedule: the window it covers, the activities planned in it, and whether each one still carries an open constraint. This measure is named for a method that cannot be carried out without it, so no reading is reported and no other figure is used in its place.""}"
dev_fixtures,PRJ-C45-DEV-HEALTH,1,abstained,A2.9,ABSTAINED,"{""abstention_reason_code"": ""canonical_structure_absent"", ""activation_state"": ""ADVISORY_ONLY"", ""reason"": ""Awaiting a time phased resource profile: for each period and each kind of resource, the amount of work demanded and the amount available. This measure is named for a method that cannot be carried out without it, so no reading is reported and no other figure is used in its place.""}"
dev_fixtures,PRJ-C45-DEV-HEALTH,1,abstained,A3.1,ABSTAINED,"{""abstention_reason_code"": ""canonical_structure_absent"", ""activation_state"": ""ADVISORY_ONLY"", ""reason"": ""Awaiting a reference class of completed comparable projects, with the criteria that put them in it and the overrun each of them finished with. This measure is named for a method that cannot be carried out without it, so no reading is reported and no other figure is used in its place.""}"
dev_fixtures,PRJ-C45-DEV-HEALTH,1,abstained,A3.2,ABSTAINED,"{""abstention_reason_code"": ""missing_required_input"", ""activation_state"": ""ADVISORY_ONLY"", ""reason"": ""Insufficient data: the original and remaining contingency amounts are needed, and at least one of them has not been reported for this period.""}"
dev_fixtures,PRJ-C45-DEV-HEALTH,1,abstained,A3.3,ABSTAINED,"{""abstention_reason_code"": ""canonical_structure_absent"", ""activation_state"": ""ADVISORY_ONLY"", ""reason"": ""Awaiting a record of production: the quantity of work installed, the quantity planned, and the labour hours each of those took. This measure is named for a method that cannot be carried out without it, so no reading is reported and no other figure is used in its place.""}"
dev_fixtures,PRJ-C45-DEV-HEALTH,1,abstained,A3.5,ABSTAINED,"{""abstention_reason_code"": ""canonical_structure_absent"", ""activation_state"": ""ADVISORY_ONLY"", ""reason"": ""Awaiting an overhead allocation base: the planned and actual overhead and the planned and actual amount of the base it is absorbed over. This measure is named for a method that cannot be carried out without it, so no reading is reported and no other figure is used in its place.""}"
dev_fixtures,PRJ-C45-DEV-HEALTH,1,abstained,A3.6,ABSTAINED,"{""abstention_reason_code"": ""canonical_structure_absent"", ""activation_state"": ""ADVISORY_ONLY"", ""reason"": ""Awaiting a cost risk model: the base cost components, the risk events that could occur, how likely each is and what it would cost. This measure is named for a method that cannot be carried out without it, so no reading is reported and no other figure is used in its place.""}"
dev_fixtures,PRJ-C45-DEV-HEALTH,1,abstained,A3.7,ABSTAINED,"{""abstention_reason_code"": ""canonical_structure_absent"", ""activation_state"": ""ADVISORY_ONLY"", ""reason"": ""Awaiting an identified analogous project with its cost, why it is comparable, and the factors that adapt it to this project. This measure is named for a method that cannot be carried out without it, so no reading is reported and no other figure is used in its place.""}"
dev_fixtures,PRJ-C45-DEV-HEALTH,1,abstained,A3.9,ABSTAINED,"{""abstention_reason_code"": ""canonical_structure_absent"", ""activation_state"": ""ADVISORY_ONLY"", ""reason"": ""Awaiting a named external price index with its authority, geography, base period and the period being adjusted to. This measure is named for a method that cannot be carried out without it, so no reading is reported and no other figure is used in its place.""}"
dev_fixtures,PRJ-C45-DEV-HEALTH,1,abstained,A4.10,ABSTAINED,"{""abstention_reason_code"": ""canonical_structure_absent"", ""activation_state"": ""ADVISORY_ONLY"", ""reason"": ""Awaiting a specification conflict register: each identified conflict, the two places in the specification that disagree, whether it has been confirmed, and the exposure the conflicts are counted over. This measure is named for a method that cannot be carried out without it, so no reading is reported and no other figure is used in its place.""}"
dev_fixtures,PRJ-C45-DEV-HEALTH,1,abstained,A4.2,ABSTAINED,"{""activation_state"": ""ADVISORY_ONLY"", ""reason"": ""Insufficient data: upload required documents""}"
dev_fixtures,PRJ-C45-DEV-HEALTH,1,abstained,A4.3,ABSTAINED,"{""activation_state"": ""ADVISORY_ONLY"", ""reason"": ""Insufficient data: upload required documents""}"
dev_fixtures,PRJ-C45-DEV-HEALTH,1,abstained,A4.4,ABSTAINED,"{""abstention_reason_code"": ""canonical_structure_absent"", ""activation_state"": ""ADVISORY_ONLY"", ""reason"": ""Awaiting a nonconformance record with the exposure it is measured against: the nonconformances raised, and the inspections, hours or value they arose from. This measure is named for a method that cannot be carried out without it, so no reading is reported and no other figure is used in its place.""}"
dev_fixtures,PRJ-C45-DEV-HEALTH,1,abstained,A4.5,ABSTAINED,"{""abstention_reason_code"": ""canonical_structure_absent"", ""activation_state"": ""ADVISORY_ONLY"", ""reason"": ""Awaiting a weather impact record: the weather events, the activities they stopped, the time actually lost, the allowance in the contract calendar, and the float on the path. This measure is named for a method that cannot be carried out without it, so no reading is reported and no other figure is used in its place.""}"
dev_fixtures,PRJ-C45-DEV-HEALTH,1,abstained,A4.6,ABSTAINED,"{""abstention_reason_code"": ""canonical_structure_absent"", ""activation_state"": ""ADVISORY_ONLY"", ""reason"": ""Awaiting a change event register with the exposure it is measured over: each change, its type, cause and value, and the span of time or contract value it arose against. This measure is named for a method that cannot be carried out without it, so no reading is reported and no other figure is used in its place.""}"
dev_fixtures,PRJ-C45-DEV-HEALTH,1,abstained,A4.7,ABSTAINED,"{""abstention_reason_code"": ""canonical_structure_absent"", ""activation_state"": ""ADVISORY_ONLY"", ""reason"": ""Awaiting a claim and dispute register: the project's own governed escalation process and the stage each issue has reached on it, with the dates it reached them. This measure is named for a method that cannot be carried out without it, so no reading is reported and no other figure is used in its place.""}"
dev_fixtures,PRJ-C45-DEV-HEALTH,1,abstained,A4.8,ABSTAINED,"{""abstention_reason_code"": ""canonical_structure_absent"", ""activation_state"": ""ADVISORY_ONLY"", ""reason"": ""Awaiting a subcontractor performance assessment: each firm, the criteria it was rated against, the rating on each, who assessed it and the weights that were applied. This measure is named for a method that cannot be carried out without it, so no reading is reported and no other figure is used in its place.""}"
dev_fixtures,PRJ-C45-DEV-HEALTH,1,abstained,A4.9,ABSTAINED,"{""abstention_reason_code"": ""canonical_structure_absent"", ""activation_state"": ""ADVISORY_ONLY"", ""reason"": ""Awaiting an item level procurement register: for each item, the date it is required on site, the date it is forecast to arrive, and the activity it feeds. This measure is named for a method that cannot be carried out without it, so no reading is reported and no other figure is used in its place.""}"
dev_fixtures,PRJ-C45-DEV-HEALTH,1,abstained,A5.1,ABSTAINED,"{""abstention_reason_code"": ""canonical_structure_absent"", ""activation_state"": ""ADVISORY_ONLY"", ""reason"": ""Awaiting a dependency matrix for the design: the parts of the design, which of them depend on which others and how strongly, and the rework the propagation starts from. This measure is named for a method that cannot be carried out without it, so no reading is reported and no other figure is used in its place.""}"
dev_fixtures,PRJ-C45-DEV-HEALTH,1,abstained,A5.2,ABSTAINED,"{""abstention_reason_code"": ""canonical_structure_absent"", ""activation_state"": ""ADVISORY_ONLY"", ""reason"": ""Awaiting a sensitivity model: a named response function, the state it is evaluated at, and the inputs to be moved with the range each is moved across. This measure is named for a method that cannot be carried out without it, so no reading is reported and no other figure is used in its place.""}"
dev_fixtures,PRJ-C45-DEV-HEALTH,1,abstained,A5.4,ABSTAINED,"{""abstention_reason_code"": ""canonical_structure_absent"", ""activation_state"": ""ADVISORY_ONLY"", ""reason"": ""Awaiting a scenario set: named scenarios, each stating every input it changes together, the reasoning behind it, and the response model they are all evaluated through. This measure is named for a method that cannot be carried out without it, so no reading is reported and no other figure is used in its place.""}"
dev_fixtures,PRJ-C45-DEV-HEALTH,1,abstained,A5.5,ABSTAINED,"{""abstention_reason_code"": ""canonical_structure_absent"", ""activation_state"": ""ADVISORY_ONLY"", ""reason"": ""Awaiting a system dynamics rework model: the stock of work in the backlog, the work arriving and completed each step, and the share of completed work that returns as rework. This measure is named for a method that cannot be carried out without it, so no reading is reported and no other figure is used in its place.""}"
dev_fixtures,PRJ-C45-DEV-HEALTH,1,abstained,A5.6,ABSTAINED,"{""abstention_reason_code"": ""canonical_structure_absent"", ""activation_state"": ""ADVISORY_ONLY"", ""reason"": ""Awaiting a queue model: the rate work arrives at, the rate it is served at, how many servers there are and the order they take work in. This measure is named for a method that cannot be carried out without it, so no reading is reported and no other figure is used in its place.""}"
dev_fixtures,PRJ-C45-DEV-HEALTH,1,abstained,A5.7,ABSTAINED,"{""abstention_reason_code"": ""canonical_structure_absent"", ""activation_state"": ""ADVISORY_ONLY"", ""reason"": ""Awaiting an agent based supply chain model: the agents, the state each starts in, the rule each follows, who they are connected to, and the steps the model runs over. This measure is named for a method that cannot be carried out without it, so no reading is reported and no other figure is used in its place.""}"
dev_fixtures,PRJ-C45-DEV-HEALTH,1,abstained,A5.8,ABSTAINED,"{""abstention_reason_code"": ""canonical_structure_absent"", ""activation_state"": ""ADVISORY_ONLY"", ""reason"": ""Awaiting a discrete event model: the entities and when they arrive, the resources that serve them, how long service takes, and the order simultaneous events are taken in. This measure is named for a method that cannot be carried out without it, so no reading is reported and no other figure is used in its place.""}"
dev_fixtures,PRJ-C45-DEV-HEALTH,1,abstained,A6.1,ABSTAINED,"{""abstention_reason_code"": ""CATEGORY9_ASSESSMENT_MISSING"", ""activation_state"": ""ADVISORY_ONLY"", ""lineage"": {""evidence_body"": null, ""independence_established"": false, ""lineage_status"": ""LINEAGE_UNRESOLVED""}, ""reason"": ""The evidence offered to this measure carries no Category-9 assessment, so it is unassessed and not eligible for this use. No reading is produced and no figure is used in its place."", ""result_source"": ""QUALIFICATION_BOUNDARY_V18""}"
dev_fixtures,PRJ-C45-DEV-HEALTH,1,abstained,A6.2,ABSTAINED,"{""abstention_reason_code"": ""CATEGORY9_ASSESSMENT_MISSING"", ""activation_state"": ""ADVISORY_ONLY"", ""lineage"": {""evidence_body"": null, ""independence_established"": false, ""lineage_status"": ""LINEAGE_UNRESOLVED""}, ""reason"": ""The evidence offered to this measure carries no Category-9 assessment, so it is unassessed and not eligible for this use. No reading is produced and no figure is used in its place."", ""result_source"": ""QUALIFICATION_BOUNDARY_V18""}"
dev_fixtures,PRJ-C45-DEV-HEALTH,1,abstained,A6.3,ABSTAINED,"{""abstention_reason_code"": ""CATEGORY9_ASSESSMENT_MISSING"", ""activation_state"": ""ADVISORY_ONLY"", ""claim_limit"": ""The permit authority, the jurisdiction and the version of the conditions being assessed are not carried, and no committed authority in this repository supplies them. The reading is a count of reported conditions met and is not a compliance determination under any named instrument."", ""claim_limit_disposition"": ""REGULATORY_VERSION_BLOCKED"", ""lineage"": {""evidence_body"": null, ""independence_established"": false, ""lineage_status"": ""LINEAGE_UNRESOLVED""}, ""reason"": ""The evidence offered to this measure carries no Category-9 assessment, so it is unassessed and not eligible for this use. No reading is produced and no figure is used in its place."", ""result_source"": ""QUALIFICATION_BOUNDARY_V18""}"
dev_fixtures,PRJ-C45-DEV-HEALTH,1,abstained,A6.4,ABSTAINED,"{""abstention_reason_code"": ""CATEGORY9_ASSESSMENT_MISSING"", ""activation_state"": ""ADVISORY_ONLY"", ""lineage"": {""evidence_body"": null, ""independence_established"": false, ""lineage_status"": ""LINEAGE_UNRESOLVED""}, ""reason"": ""The evidence offered to this measure carries no Category-9 assessment, so it is unassessed and not eligible for this use. No reading is produced and no figure is used in its place."", ""result_source"": ""QUALIFICATION_BOUNDARY_V18""}"
dev_fixtures,PRJ-C45-DEV-HEALTH,1,abstained,B1.1,ABSTAINED,"{""abstention_reason_code"": ""CATEGORY9_ASSESSMENT_MISSING"", ""activation_state"": ""ADVISORY_ONLY"", ""lineage"": {""evidence_body"": null, ""independence_established"": false, ""lineage_status"": ""LINEAGE_UNRESOLVED""}, ""newly_wired_unvalidated"": true, ""reason"": ""The evidence offered to this measure carries no Category-9 assessment, so it is unassessed and not eligible for this use. No reading is produced and no figure is used in its place. This computation reads an assembled signal package. It was supplied the cost and schedule indices. Not available this period: the cost forecast, because the cost forecast computation abstained this period; the performance trend, because the performance trend computation abstained this period; the document risk score, because this period's evidence carries no document risk score."", ""result_source"": ""QUALIFICATION_BOUNDARY_V18"", ""signal_qualification"": ""unqualified"", ""wiring_note"": ""Newly wired and unvalidated: this module could not execute on the normal computation path before the flat-to-nested signal adapter, so its output has never been validated against real project evidence. Advisory, non-voting.""}"
dev_fixtures,PRJ-C45-DEV-HEALTH,1,abstained,B1.2,ABSTAINED,"{""abstention_reason_code"": ""CATEGORY9_ASSESSMENT_MISSING"", ""activation_state"": ""ADVISORY_ONLY"", ""lineage"": {""evidence_body"": null, ""independence_established"": false, ""lineage_status"": ""LINEAGE_UNRESOLVED""}, ""newly_wired_unvalidated"": true, ""reason"": ""The evidence offered to this measure carries no Category-9 assessment, so it is unassessed and not eligible for this use. No reading is produced and no figure is used in its place. This computation reads an assembled signal package. It was supplied the cost and schedule indices. Not available this period: the cost forecast, because the cost forecast computation abstained this period; the performance trend, because the performance trend computation abstained this period; the document risk score, because this period's evidence carries no document risk score."", ""result_source"": ""QUALIFICATION_BOUNDARY_V18"", ""signal_qualification"": ""unqualified"", ""wiring_note"": ""Newly wired and unvalidated: this module could not execute on the normal computation path before the flat-to-nested signal adapter, so its output has never been validated against real project evidence. Advisory, non-voting.""}"
dev_fixtures,PRJ-C45-DEV-HEALTH,1,abstained,B1.3,ABSTAINED,"{""abstention_reason_code"": ""CATEGORY9_ASSESSMENT_MISSING"", ""activation_state"": ""ADVISORY_ONLY"", ""lineage"": {""evidence_body"": null, ""independence_established"": false, ""lineage_status"": ""LINEAGE_UNRESOLVED""}, ""newly_wired_unvalidated"": true, ""reason"": ""The evidence offered to this measure carries no Category-9 assessment, so it is unassessed and not eligible for this use. No reading is produced and no figure is used in its place. This computation reads an assembled signal package. It was supplied the cost and schedule indices. Not available this period: the cost forecast, because the cost forecast computation abstained this period; the performance trend, because the performance trend computation abstained this period; the document risk score, because this period's evidence carries no document risk score."", ""result_source"": ""QUALIFICATION_BOUNDARY_V18"", ""signal_qualification"": ""unqualified"", ""wiring_note"": ""Newly wired and unvalidated: this module could not execute on the normal computation path before the flat-to-nested signal adapter, so its output has never been validated against real project evidence. Advisory, non-voting.""}"
dev_fixtures,PRJ-C45-DEV-HEALTH,1,abstained,B1.4,ABSTAINED,"{""abstention_reason_code"": ""CATEGORY9_ASSESSMENT_MISSING"", ""activation_state"": ""ADVISORY_ONLY"", ""lineage"": {""evidence_body"": null, ""independence_established"": false, ""lineage_status"": ""LINEAGE_UNRESOLVED""}, ""newly_wired_unvalidated"": true, ""reason"": ""The evidence offered to this measure carries no Category-9 assessment, so it is unassessed and not eligible for this use. No reading is produced and no figure is used in its place. This computation reads an assembled signal package. It was supplied the cost and schedule indices. Not available this period: the cost forecast, because the cost forecast computation abstained this period; the performance trend, because the performance trend computation abstained this period; the document risk score, because this period's evidence carries no document risk score."", ""result_source"": ""QUALIFICATION_BOUNDARY_V18"", ""signal_qualification"": ""unqualified"", ""wiring_note"": ""Newly wired and unvalidated: this module could not execute on the normal computation path before the flat-to-nested signal adapter, so its output has never been validated against real project evidence. Advisory, non-voting.""}"
dev_fixtures,PRJ-C45-DEV-HEALTH,1,abstained,B2.18,ABSTAINED,"{""abstention_reason_code"": ""CATEGORY9_ASSESSMENT_MISSING"", ""activation_state"": ""ADVISORY_ONLY"", ""lineage"": {""evidence_body"": null, ""independence_established"": false, ""lineage_status"": ""LINEAGE_UNRESOLVED""}, ""reason"": ""The evidence offered to this measure carries no Category-9 assessment, so it is unassessed and not eligible for this use. No reading is produced and no figure is used in its place."", ""result_source"": ""QUALIFICATION_BOUNDARY_V18""}"
dev_fixtures,PRJ-C45-DEV-HEALTH,1,abstained,B3.1,ABSTAINED,"{""abstention_reason_code"": ""CATEGORY9_ASSESSMENT_MISSING"", ""activation_state"": ""ADVISORY_ONLY"", ""lineage"": {""evidence_body"": null, ""independence_established"": false, ""lineage_status"": ""LINEAGE_UNRESOLVED""}, ""newly_wired_unvalidated"": true, ""reason"": ""The evidence offered to this measure carries no Category-9 assessment, so it is unassessed and not eligible for this use. No reading is produced and no figure is used in its place. This computation reads an assembled signal package. It was supplied the cost and schedule indices. Not available this period: the cost forecast, because the cost forecast computation abstained this period; the performance trend, because the performance trend computation abstained this period; the document risk score, because this period's evidence carries no document risk score."", ""result_source"": ""QUALIFICATION_BOUNDARY_V18"", ""signal_qualification"": ""unqualified"", ""wiring_note"": ""Newly wired and unvalidated: this module could not execute on the normal computation path before the flat-to-nested signal adapter, so its output has never been validated against real project evidence. Advisory, non-voting.""}"
dev_fixtures,PRJ-C45-DEV-HEALTH,1,abstained,B3.2,ABSTAINED,"{""abstention_reason_code"": ""CATEGORY9_ASSESSMENT_MISSING"", ""activation_state"": ""ADVISORY_ONLY"", ""lineage"": {""evidence_body"": null, ""independence_established"": false, ""lineage_status"": ""LINEAGE_UNRESOLVED""}, ""reason"": ""The evidence offered to this measure carries no Category-9 assessment, so it is unassessed and not eligible for this use. No reading is produced and no figure is used in its place."", ""result_source"": ""QUALIFICATION_BOUNDARY_V18""}"
dev_fixtures,PRJ-C45-DEV-HEALTH,1,abstained,B3.3,ABSTAINED,"{""abstention_reason_code"": ""CATEGORY9_ASSESSMENT_MISSING"", ""activation_state"": ""ADVISORY_ONLY"", ""lineage"": {""evidence_body"": null, ""independence_established"": false, ""lineage_status"": ""LINEAGE_UNRESOLVED""}, ""reason"": ""The evidence offered to this measure carries no Category-9 assessment, so it is unassessed and not eligible for this use. No reading is produced and no figure is used in its place."", ""result_source"": ""QUALIFICATION_BOUNDARY_V18""}"
dev_fixtures,PRJ-C45-DEV-HEALTH,1,abstained,B3.4,ABSTAINED,"{""abstention_reason_code"": ""CATEGORY9_ASSESSMENT_MISSING"", ""activation_state"": ""ADVISORY_ONLY"", ""lineage"": {""evidence_body"": null, ""independence_established"": false, ""lineage_status"": ""LINEAGE_UNRESOLVED""}, ""reason"": ""The evidence offered to this measure carries no Category-9 assessment, so it is unassessed and not eligible for this use. No reading is produced and no figure is used in its place."", ""result_source"": ""QUALIFICATION_BOUNDARY_V18""}"
dev_fixtures,PRJ-C45-DEV-HEALTH,1,abstained,B3.5,ABSTAINED,"{""abstention_reason_code"": ""CATEGORY9_ASSESSMENT_MISSING"", ""activation_state"": ""ADVISORY_ONLY"", ""lineage"": {""evidence_body"": null, ""independence_established"": false, ""lineage_status"": ""LINEAGE_UNRESOLVED""}, ""reason"": ""The evidence offered to this measure carries no Category-9 assessment, so it is unassessed and not eligible for this use. No reading is produced and no figure is used in its place."", ""result_source"": ""QUALIFICATION_BOUNDARY_V18""}"
dev_fixtures,PRJ-C45-DEV-HEALTH,1,abstained,B4.3,ABSTAINED,"{""abstention_reason_code"": ""CATEGORY9_ASSESSMENT_MISSING"", ""activation_state"": ""ADVISORY_ONLY"", ""lineage"": {""evidence_body"": null, ""independence_established"": false, ""lineage_status"": ""LINEAGE_UNRESOLVED""}, ""reason"": ""The evidence offered to this measure carries no Category-9 assessment, so it is unassessed and not eligible for this use. No reading is produced and no figure is used in its place."", ""result_source"": ""QUALIFICATION_BOUNDARY_V18""}"
dev_fixtures,PRJ-C45-DEV-HEALTH,1,abstained,B4.4,ABSTAINED,"{""abstention_reason_code"": ""CATEGORY9_ASSESSMENT_MISSING"", ""activation_state"": ""ADVISORY_ONLY"", ""lineage"": {""evidence_body"": null, ""independence_established"": false, ""lineage_status"": ""LINEAGE_UNRESOLVED""}, ""reason"": ""The evidence offered to this measure carries no Category-9 assessment, so it is unassessed and not eligible for this use. No reading is produced and no figure is used in its place."", ""result_source"": ""QUALIFICATION_BOUNDARY_V18""}"
dev_fixtures,PRJ-C45-DEV-HEALTH,1,abstained,C1.1,ABSTAINED,"{""abstention_reason_code"": ""canonical_structure_absent"", ""activation_state"": ""ADVISORY_ONLY"", ""canonical_disposition"": ""NOT_ESTIMABLE_STRUCTURE_ABSENT"", ""canonical_structure"": ""requiredInputContract"", ""reason"": ""Awaiting the required-input contract for the module or use being assessed. This measure is named for a method that cannot be carried out without it, so no reading is reported and no other figure is used in its place."", ""result_source"": ""CANONICAL_V6_LAYER""}"
dev_fixtures,PRJ-C45-DEV-HEALTH,1,abstained,C1.2,ABSTAINED,"{""abstention_reason_code"": ""canonical_structure_absent"", ""activation_state"": ""ADVISORY_ONLY"", ""canonical_disposition"": ""NOT_ESTIMABLE_STRUCTURE_ABSENT"", ""canonical_structure"": ""evidenceTimelinessRecord"", ""reason"": ""Awaiting a governed evidence date and freshness rule. This measure is named for a method that cannot be carried out without it, so no reading is reported and no other figure is used in its place."", ""result_source"": ""CANONICAL_V6_LAYER""}"
dev_fixtures,PRJ-C45-DEV-HEALTH,1,abstained,C1.3,ABSTAINED,"{""abstention_reason_code"": ""canonical_structure_absent"", ""activation_state"": ""ADVISORY_ONLY"", ""canonical_disposition"": ""NOT_ESTIMABLE_STRUCTURE_ABSENT"", ""canonical_structure"": ""sourceProvenanceRecord"", ""reason"": ""Awaiting a governed source provenance record. This measure is named for a method that cannot be carried out without it, so no reading is reported and no other figure is used in its place."", ""result_source"": ""CANONICAL_V6_LAYER""}"
dev_fixtures,PRJ-C45-DEV-HEALTH,1,abstained,C1.4,ABSTAINED,"{""abstention_reason_code"": ""canonical_structure_absent"", ""activation_state"": ""ADVISORY_ONLY"", ""canonical_disposition"": ""NOT_ESTIMABLE_STRUCTURE_ABSENT"", ""canonical_structure"": ""auditChainRecord"", ""reason"": ""Awaiting a governed audit chain record. This measure is named for a method that cannot be carried out without it, so no reading is reported and no other figure is used in its place."", ""result_source"": ""CANONICAL_V6_LAYER""}"
dev_fixtures,PRJ-C45-DEV-HEALTH,1,abstained,C1.5,ABSTAINED,"{""abstention_reason_code"": ""canonical_structure_absent"", ""activation_state"": ""ADVISORY_ONLY"", ""canonical_disposition"": ""NOT_ESTIMABLE_STRUCTURE_ABSENT"", ""canonical_structure"": ""informationPackageRecord"", ""reason"": ""Awaiting a governed information package definition. This measure is named for a method that cannot be carried out without it, so no reading is reported and no other figure is used in its place."", ""result_source"": ""CANONICAL_V6_LAYER""}"
dev_fixtures,PRJ-C45-DEV-HEALTH,1,abstained,C1.6,ABSTAINED,"{""abstention_reason_code"": ""canonical_structure_absent"", ""activation_state"": ""ADVISORY_ONLY"", ""canonical_disposition"": ""NOT_ESTIMABLE_STRUCTURE_ABSENT"", ""canonical_structure"": ""crossDocumentFactSet"", ""reason"": ""Awaiting a governed cross-document fact set. This measure is named for a method that cannot be carried out without it, so no reading is reported and no other figure is used in its place."", ""result_source"": ""CANONICAL_V6_LAYER""}"
dev_fixtures,PRJ-C45-DEV-HEALTH,1,abstained,C1.7,ABSTAINED,"{""abstention_reason_code"": ""canonical_structure_absent"", ""activation_state"": ""ADVISORY_ONLY"", ""canonical_disposition"": ""NOT_ESTIMABLE_STRUCTURE_ABSENT"", ""canonical_structure"": ""reportingCadenceRecord"", ""reason"": ""Awaiting a governed reporting cadence record and report history. This measure is named for a method that cannot be carried out without it, so no reading is reported and no other figure is used in its place."", ""result_source"": ""CANONICAL_V6_LAYER""}"
dev_fixtures,PRJ-C45-DEV-HEALTH,1,module,A1.7,,"{""activation_state"": ""ENABLED_QUALIFIED"", ""band_source"": ""Green at or below 1.00, Amber at or below 1.10, Red above. 1.00 is definitional: Project Management Institute, A Guide to the Project Management Body of Knowledge, 6th edition, 2017, section 7.4.2.2, and PMI Practice Standard for Earned Value Management, 2nd edition, 2011, define this index as the cost efficiency the remaining work must achieve, so at or below 1.00 the remaining budget suffices at the efficiency already planned. 1.10 applies a sourced number by stated inference: Christensen and Heise, Cost Performance Index Stability, National Contract Management Journal 25(1), 1993, pages 7 to 15, found the cumulative cost performance index does not move by more than 0.10 after the twenty per cent completion point, so a demand for more than that improvement is beyond what the remaining work is observed to deliver."", ""band_source_limit"": ""Band boundaries are sourced to published literature. False-positive and false-negative performance is not measured: no labelled holdout corpus and no expert reference standard exist for this platform, so how often a band is right is unknown."", ""category"": ""A1"", ""evidence_metric"": ""TCPI: 0.95, the cost efficiency the remaining work must achieve to finish within budget, within the efficiency already planned"", ""group"": ""A"", ""method_class"": ""TCPI"", ""status_color"": ""Green"", ""tcpi"": 0.95, ""tcpi_display"": 0.95, ""votes"": true}"
dev_fixtures,PRJ-C45-DEV-HEALTH,1,module,A1.8,,"{""activation_state"": ""ENABLED_QUALIFIED"", ""band_source"": ""Green at or above zero per cent, Amber at or above minus 11.11 per cent, Red below. Zero is definitional: the Project Management Institute (A Guide to the Project Management Body of Knowledge, 6th edition, 2017, section 7.4.2.2; Practice Standard for Earned Value Management, 2nd edition, 2011) defines variance at completion as budget minus forecast, so a negative variance is a forecast overrun. Minus 11.11 per cent is the exact restatement of a cost performance index of 0.90, because this forecast is the index-based one, and 0.90 applies the 0.10 stability finding of Christensen and Heise (National Contract Management Journal 25(1), 1993, pages 7 to 15) by stated inference. The stated limit of that citation: the stability finding is conditional on the project being past twenty per cent complete and this measure does not read percent complete, so the condition is not enforced."", ""band_source_limit"": ""Band boundaries are sourced to published literature. False-positive and false-negative performance is not measured: no labelled holdout corpus and no expert reference standard exist for this platform, so how often a band is right is unknown."", ""category"": ""A1"", ""evidence_metric"": ""VAC: $476,190 under budget (4.8%)"", ""group"": ""A"", ""method_class"": ""VAC"", ""status_color"": ""Green"", ""vac"": 476190.47619047575, ""vac_display"": 476190, ""vac_pct"": 4.761904761904757, ""vac_pct_display"": 4.8, ""votes"": true}"
dev_fixtures,PRJ-C45-DEV-HEALTH,1,signal_input,ac,,5000000
dev_fixtures,PRJ-C45-DEV-HEALTH,1,signal_input,activitiesConstrained,,null
dev_fixtures,PRJ-C45-DEV-HEALTH,1,signal_input,activitiesPlanned,,null
dev_fixtures,PRJ-C45-DEV-HEALTH,1,signal_input,actualLaborHours,,null
dev_fixtures,PRJ-C45-DEV-HEALTH,1,signal_input,actualPctComplete,,null
dev_fixtures,PRJ-C45-DEV-HEALTH,1,signal_input,analogousBac,,null
dev_fixtures,PRJ-C45-DEV-HEALTH,1,signal_input,analogousFinalCost,,null
dev_fixtures,PRJ-C45-DEV-HEALTH,1,signal_input,analogousOverrunPct,,null
dev_fixtures,PRJ-C45-DEV-HEALTH,1,signal_input,bac,,10000000
dev_fixtures,PRJ-C45-DEV-HEALTH,1,signal_input,baselineContractSum,,null
dev_fixtures,PRJ-C45-DEV-HEALTH,1,signal_input,baselineEnd,,null
dev_fixtures,PRJ-C45-DEV-HEALTH,1,signal_input,baselineStart,,null
dev_fixtures,PRJ-C45-DEV-HEALTH,1,signal_input,changeOrderCount,,null
dev_fixtures,PRJ-C45-DEV-HEALTH,1,signal_input,consumedFloat,,null
dev_fixtures,PRJ-C45-DEV-HEALTH,1,signal_input,costRating,,null
dev_fixtures,PRJ-C45-DEV-HEALTH,1,signal_input,cpi,,1.05
dev_fixtures,PRJ-C45-DEV-HEALTH,1,signal_input,criticalDeficiencyCount,,null
dev_fixtures,PRJ-C45-DEV-HEALTH,1,signal_input,criticalFindings,,null
dev_fixtures,PRJ-C45-DEV-HEALTH,1,signal_input,docDate,,"""2026-03-31"""
dev_fixtures,PRJ-C45-DEV-HEALTH,1,signal_input,docRiskScore,,null
dev_fixtures,PRJ-C45-DEV-HEALTH,1,signal_input,environmentalComplianceRate,,null
dev_fixtures,PRJ-C45-DEV-HEALTH,1,signal_input,environmentalIssuesDiscussed,,null
dev_fixtures,PRJ-C45-DEV-HEALTH,1,signal_input,environmentalViolations,,null
dev_fixtures,PRJ-C45-DEV-HEALTH,1,signal_input,ev,,5250000
dev_fixtures,PRJ-C45-DEV-HEALTH,1,signal_input,floatRemaining,,null
dev_fixtures,PRJ-C45-DEV-HEALTH,1,signal_input,indirectCostActual,,null
dev_fixtures,PRJ-C45-DEV-HEALTH,1,signal_input,indirectCostPlan,,null
dev_fixtures,PRJ-C45-DEV-HEALTH,1,signal_input,itemsFailed,,null
dev_fixtures,PRJ-C45-DEV-HEALTH,1,signal_input,itemsInspected,,null
dev_fixtures,PRJ-C45-DEV-HEALTH,1,signal_input,longLeadAtRisk,,null
dev_fixtures,PRJ-C45-DEV-HEALTH,1,signal_input,longLeadDelayed,,null
dev_fixtures,PRJ-C45-DEV-HEALTH,1,signal_input,longLeadItemsTotal,,null
dev_fixtures,PRJ-C45-DEV-HEALTH,1,signal_input,lookaheadWeeks,,null
dev_fixtures,PRJ-C45-DEV-HEALTH,1,signal_input,materialCostBaseline,,null
dev_fixtures,PRJ-C45-DEV-HEALTH,1,signal_input,materialCostCurrent,,null
dev_fixtures,PRJ-C45-DEV-HEALTH,1,signal_input,ncrClosed,,null
dev_fixtures,PRJ-C45-DEV-HEALTH,1,signal_input,ncrIssued,,null
dev_fixtures,PRJ-C45-DEV-HEALTH,1,signal_input,ncrOpen,,null
dev_fixtures,PRJ-C45-DEV-HEALTH,1,signal_input,originalContingency,,null
dev_fixtures,PRJ-C45-DEV-HEALTH,1,signal_input,oshaIncidentRate,,null
dev_fixtures,PRJ-C45-DEV-HEALTH,1,signal_input,outstandingActionItems,,null
dev_fixtures,PRJ-C45-DEV-HEALTH,1,signal_input,overallRating,,null
dev_fixtures,PRJ-C45-DEV-HEALTH,1,signal_input,plannedLaborHours,,null
dev_fixtures,PRJ-C45-DEV-HEALTH,1,signal_input,plannedPctComplete,,null
dev_fixtures,PRJ-C45-DEV-HEALTH,1,signal_input,pv,,5000000
dev_fixtures,PRJ-C45-DEV-HEALTH,1,signal_input,qualityAuditScore,,null
dev_fixtures,PRJ-C45-DEV-HEALTH,1,signal_input,qualityDeficienciesNoted,,null
dev_fixtures,PRJ-C45-DEV-HEALTH,1,signal_input,qualityIssuesDiscussed,,null
dev_fixtures,PRJ-C45-DEV-HEALTH,1,signal_input,qualityRating,,null
dev_fixtures,PRJ-C45-DEV-HEALTH,1,signal_input,remainingContingency,,null
dev_fixtures,PRJ-C45-DEV-HEALTH,1,signal_input,revisedContractSum,,null
dev_fixtures,PRJ-C45-DEV-HEALTH,1,signal_input,rfaApproved,,null
dev_fixtures,PRJ-C45-DEV-HEALTH,1,signal_input,rfaAvgReviewDays,,null
dev_fixtures,PRJ-C45-DEV-HEALTH,1,signal_input,rfaOpen,,null
dev_fixtures,PRJ-C45-DEV-HEALTH,1,signal_input,rfaRejected,,null
dev_fixtures,PRJ-C45-DEV-HEALTH,1,signal_input,rfaResubmit,,null
dev_fixtures,PRJ-C45-DEV-HEALTH,1,signal_input,rfaTotal,,null
dev_fixtures,PRJ-C45-DEV-HEALTH,1,signal_input,rfiAvgResponseDays,,null
dev_fixtures,PRJ-C45-DEV-HEALTH,1,signal_input,rfiCount,,null
dev_fixtures,PRJ-C45-DEV-HEALTH,1,signal_input,rfiNumber,,null
dev_fixtures,PRJ-C45-DEV-HEALTH,1,signal_input,rfiOldestOpenDays,,null
dev_fixtures,PRJ-C45-DEV-HEALTH,1,signal_input,rfiOpen,,null
dev_fixtures,PRJ-C45-DEV-HEALTH,1,signal_input,rfiOverdue,,null
dev_fixtures,PRJ-C45-DEV-HEALTH,1,signal_input,rfiPeriodDays,,null
dev_fixtures,PRJ-C45-DEV-HEALTH,1,signal_input,rfiResponseTimeDays,,null
dev_fixtures,PRJ-C45-DEV-HEALTH,1,signal_input,safetyActionsOpen,,null
dev_fixtures,PRJ-C45-DEV-HEALTH,1,signal_input,safetyIncidentsDiscussed,,null
dev_fixtures,PRJ-C45-DEV-HEALTH,1,signal_input,scheduleRating,,null
dev_fixtures,PRJ-C45-DEV-HEALTH,1,signal_input,spi,,1.05
dev_fixtures,PRJ-C45-DEV-HEALTH,1,signal_input,subcontractorComplianceScore,,null
dev_fixtures,PRJ-C45-DEV-HEALTH,1,signal_input,subcontractorDisputes,,null
dev_fixtures,PRJ-C45-DEV-HEALTH,1,signal_input,subcontractorIssuesDiscussed,,null
dev_fixtures,PRJ-C45-DEV-HEALTH,1,signal_input,submittalsRejected,,null
dev_fixtures,PRJ-C45-DEV-HEALTH,1,signal_input,submittalsTotal,,null
dev_fixtures,PRJ-C45-DEV-HEALTH,1,signal_input,totalFindings,,null
dev_fixtures,PRJ-C45-DEV-HEALTH,1,signal_input,totalFloat,,null
dev_fixtures,PRJ-C45-DEV-HEALTH,1,signal_input,totalManhours,,null
dev_fixtures,PRJ-C45-DEV-HEALTH,1,signal_input,weatherDaysDiscussed,,null
dev_fixtures,PRJ-C45-DEV-HEALTH,1,signal_input,weatherDaysLost,,null
dev_fixtures,PRJ-C45-DEV-HEALTH,1,signal_input,workPeriodFrom,,null
dev_fixtures,PRJ-C45-DEV-HEALTH,1,signal_input,workPeriodTo,,null
dev_fixtures,PRJ-C45-DEV-ON-BUD,1,abstained,A1.10,ABSTAINED,"{""abstention_reason_code"": ""canonical_structure_absent"", ""activation_state"": ""ADVISORY_ONLY"", ""reason"": ""Awaiting a governed reference population of comparable projects with the cost performance they achieved, and the weight to place on this project's own reading. This measure is named for a method that cannot be carried out without it, so no reading is reported and no other figure is used in its place.""}"
dev_fixtures,PRJ-C45-DEV-ON-BUD,1,abstained,A1.11,ABSTAINED,"{""abstention_reason_code"": ""canonical_structure_absent"", ""activation_state"": ""ADVISORY_ONLY"", ""reason"": ""Awaiting two separately prepared forecasts of the cost at completion, one from the project management team and one prepared independently of it. This measure is named for a method that cannot be carried out without it, so no reading is reported and no other figure is used in its place.""}"
dev_fixtures,PRJ-C45-DEV-ON-BUD,1,abstained,A1.2,ABSTAINED,"{""activation_state"": ""ADVISORY_ONLY"", ""reason"": ""Awaiting history (2 periods needed)""}"
dev_fixtures,PRJ-C45-DEV-ON-BUD,1,abstained,A1.3,ABSTAINED,"{""abstention_reason_code"": ""canonical_structure_absent"", ""activation_state"": ""ADVISORY_ONLY"", ""reason"": ""Awaiting a stated prior for the cost at completion, with its source, and a stated observation model with the uncertainty of the observation. This measure is named for a method that cannot be carried out without it, so no reading is reported and no other figure is used in its place.""}"
dev_fixtures,PRJ-C45-DEV-ON-BUD,1,abstained,A1.4,ABSTAINED,"{""abstention_reason_code"": ""canonical_structure_absent"", ""activation_state"": ""ADVISORY_ONLY"", ""reason"": ""Awaiting a state space model for the schedule index: a starting estimate, its uncertainty, the process and measurement variances, and the readings taken. This measure is named for a method that cannot be carried out without it, so no reading is reported and no other figure is used in its place.""}"
dev_fixtures,PRJ-C45-DEV-ON-BUD,1,abstained,A1.5,ABSTAINED,"{""abstention_reason_code"": ""insufficient_history"", ""activation_state"": ""ADVISORY_ONLY"", ""reason"": ""The cost performance history is too short for a time series model to be identified from it, so no forecast is reported and no shorter substitute is used.""}"
dev_fixtures,PRJ-C45-DEV-ON-BUD,1,abstained,A1.6,ABSTAINED,"{""abstention_reason_code"": ""canonical_structure_absent"", ""activation_state"": ""ADVISORY_ONLY"", ""reason"": ""Awaiting a time phased baseline: the cumulative value of work planned to be complete at the end of each period. This measure is named for a method that cannot be carried out without it, so no reading is reported and no other figure is used in its place.""}"
dev_fixtures,PRJ-C45-DEV-ON-BUD,1,abstained,A1.9,ABSTAINED,"{""abstention_reason_code"": ""canonical_structure_absent"", ""activation_state"": ""ADVISORY_ONLY"", ""reason"": ""Awaiting an approved time phased expenditure baseline: the amount planned to be spent by the end of each period. This measure is named for a method that cannot be carried out without it, so no reading is reported and no other figure is used in its place.""}"
dev_fixtures,PRJ-C45-DEV-ON-BUD,1,abstained,A2.1,ABSTAINED,"{""abstention_reason_code"": ""canonical_structure_absent"", ""activation_state"": ""ADVISORY_ONLY"", ""reason"": ""Awaiting the project's activity network: the activities, the logic between them, and a duration for each. This measure is named for a method that cannot be carried out without it, so no reading is reported and no other figure is used in its place.""}"
dev_fixtures,PRJ-C45-DEV-ON-BUD,1,abstained,A2.2,ABSTAINED,"{""abstention_reason_code"": ""canonical_structure_absent"", ""activation_state"": ""ADVISORY_ONLY"", ""reason"": ""Awaiting a line of balance: locations in sequence, the crews working them, and a production rate and start for each line of work. This measure is named for a method that cannot be carried out without it, so no reading is reported and no other figure is used in its place.""}"
dev_fixtures,PRJ-C45-DEV-ON-BUD,1,abstained,A2.3,ABSTAINED,"{""abstention_reason_code"": ""canonical_structure_absent"", ""activation_state"": ""ADVISORY_ONLY"", ""reason"": ""Awaiting a critical chain with its activities and a sized project buffer. This measure is named for a method that cannot be carried out without it, so no reading is reported and no other figure is used in its place.""}"
dev_fixtures,PRJ-C45-DEV-ON-BUD,1,abstained,A2.7,ABSTAINED,"{""abstention_reason_code"": ""canonical_structure_absent"", ""activation_state"": ""ADVISORY_ONLY"", ""reason"": ""Awaiting a milestone forecast history: each milestone's committed date and the date it was forecast for in each reporting period since. This measure is named for a method that cannot be carried out without it, so no reading is reported and no other figure is used in its place.""}"
dev_fixtures,PRJ-C45-DEV-ON-BUD,1,abstained,A2.8,ABSTAINED,"{""abstention_reason_code"": ""canonical_structure_absent"", ""activation_state"": ""ADVISORY_ONLY"", ""reason"": ""Awaiting a look ahead schedule: the window it covers, the activities planned in it, and whether each one still carries an open constraint. This measure is named for a method that cannot be carried out without it, so no reading is reported and no other figure is used in its place.""}"
dev_fixtures,PRJ-C45-DEV-ON-BUD,1,abstained,A2.9,ABSTAINED,"{""abstention_reason_code"": ""canonical_structure_absent"", ""activation_state"": ""ADVISORY_ONLY"", ""reason"": ""Awaiting a time phased resource profile: for each period and each kind of resource, the amount of work demanded and the amount available. This measure is named for a method that cannot be carried out without it, so no reading is reported and no other figure is used in its place.""}"
dev_fixtures,PRJ-C45-DEV-ON-BUD,1,abstained,A3.1,ABSTAINED,"{""abstention_reason_code"": ""canonical_structure_absent"", ""activation_state"": ""ADVISORY_ONLY"", ""reason"": ""Awaiting a reference class of completed comparable projects, with the criteria that put them in it and the overrun each of them finished with. This measure is named for a method that cannot be carried out without it, so no reading is reported and no other figure is used in its place.""}"
dev_fixtures,PRJ-C45-DEV-ON-BUD,1,abstained,A3.2,ABSTAINED,"{""abstention_reason_code"": ""missing_required_input"", ""activation_state"": ""ADVISORY_ONLY"", ""reason"": ""Insufficient data: the original and remaining contingency amounts are needed, and at least one of them has not been reported for this period.""}"
dev_fixtures,PRJ-C45-DEV-ON-BUD,1,abstained,A3.3,ABSTAINED,"{""abstention_reason_code"": ""canonical_structure_absent"", ""activation_state"": ""ADVISORY_ONLY"", ""reason"": ""Awaiting a record of production: the quantity of work installed, the quantity planned, and the labour hours each of those took. This measure is named for a method that cannot be carried out without it, so no reading is reported and no other figure is used in its place.""}"
dev_fixtures,PRJ-C45-DEV-ON-BUD,1,abstained,A3.5,ABSTAINED,"{""abstention_reason_code"": ""canonical_structure_absent"", ""activation_state"": ""ADVISORY_ONLY"", ""reason"": ""Awaiting an overhead allocation base: the planned and actual overhead and the planned and actual amount of the base it is absorbed over. This measure is named for a method that cannot be carried out without it, so no reading is reported and no other figure is used in its place.""}"
dev_fixtures,PRJ-C45-DEV-ON-BUD,1,abstained,A3.6,ABSTAINED,"{""abstention_reason_code"": ""canonical_structure_absent"", ""activation_state"": ""ADVISORY_ONLY"", ""reason"": ""Awaiting a cost risk model: the base cost components, the risk events that could occur, how likely each is and what it would cost. This measure is named for a method that cannot be carried out without it, so no reading is reported and no other figure is used in its place.""}"
dev_fixtures,PRJ-C45-DEV-ON-BUD,1,abstained,A3.7,ABSTAINED,"{""abstention_reason_code"": ""canonical_structure_absent"", ""activation_state"": ""ADVISORY_ONLY"", ""reason"": ""Awaiting an identified analogous project with its cost, why it is comparable, and the factors that adapt it to this project. This measure is named for a method that cannot be carried out without it, so no reading is reported and no other figure is used in its place.""}"
dev_fixtures,PRJ-C45-DEV-ON-BUD,1,abstained,A3.9,ABSTAINED,"{""abstention_reason_code"": ""canonical_structure_absent"", ""activation_state"": ""ADVISORY_ONLY"", ""reason"": ""Awaiting a named external price index with its authority, geography, base period and the period being adjusted to. This measure is named for a method that cannot be carried out without it, so no reading is reported and no other figure is used in its place.""}"
dev_fixtures,PRJ-C45-DEV-ON-BUD,1,abstained,A4.10,ABSTAINED,"{""abstention_reason_code"": ""canonical_structure_absent"", ""activation_state"": ""ADVISORY_ONLY"", ""reason"": ""Awaiting a specification conflict register: each identified conflict, the two places in the specification that disagree, whether it has been confirmed, and the exposure the conflicts are counted over. This measure is named for a method that cannot be carried out without it, so no reading is reported and no other figure is used in its place.""}"
dev_fixtures,PRJ-C45-DEV-ON-BUD,1,abstained,A4.2,ABSTAINED,"{""activation_state"": ""ADVISORY_ONLY"", ""reason"": ""Insufficient data: upload required documents""}"
dev_fixtures,PRJ-C45-DEV-ON-BUD,1,abstained,A4.3,ABSTAINED,"{""activation_state"": ""ADVISORY_ONLY"", ""reason"": ""Insufficient data: upload required documents""}"
dev_fixtures,PRJ-C45-DEV-ON-BUD,1,abstained,A4.4,ABSTAINED,"{""abstention_reason_code"": ""canonical_structure_absent"", ""activation_state"": ""ADVISORY_ONLY"", ""reason"": ""Awaiting a nonconformance record with the exposure it is measured against: the nonconformances raised, and the inspections, hours or value they arose from. This measure is named for a method that cannot be carried out without it, so no reading is reported and no other figure is used in its place.""}"
dev_fixtures,PRJ-C45-DEV-ON-BUD,1,abstained,A4.5,ABSTAINED,"{""abstention_reason_code"": ""canonical_structure_absent"", ""activation_state"": ""ADVISORY_ONLY"", ""reason"": ""Awaiting a weather impact record: the weather events, the activities they stopped, the time actually lost, the allowance in the contract calendar, and the float on the path. This measure is named for a method that cannot be carried out without it, so no reading is reported and no other figure is used in its place.""}"
dev_fixtures,PRJ-C45-DEV-ON-BUD,1,abstained,A4.6,ABSTAINED,"{""abstention_reason_code"": ""canonical_structure_absent"", ""activation_state"": ""ADVISORY_ONLY"", ""reason"": ""Awaiting a change event register with the exposure it is measured over: each change, its type, cause and value, and the span of time or contract value it arose against. This measure is named for a method that cannot be carried out without it, so no reading is reported and no other figure is used in its place.""}"
dev_fixtures,PRJ-C45-DEV-ON-BUD,1,abstained,A4.7,ABSTAINED,"{""abstention_reason_code"": ""canonical_structure_absent"", ""activation_state"": ""ADVISORY_ONLY"", ""reason"": ""Awaiting a claim and dispute register: the project's own governed escalation process and the stage each issue has reached on it, with the dates it reached them. This measure is named for a method that cannot be carried out without it, so no reading is reported and no other figure is used in its place.""}"
dev_fixtures,PRJ-C45-DEV-ON-BUD,1,abstained,A4.8,ABSTAINED,"{""abstention_reason_code"": ""canonical_structure_absent"", ""activation_state"": ""ADVISORY_ONLY"", ""reason"": ""Awaiting a subcontractor performance assessment: each firm, the criteria it was rated against, the rating on each, who assessed it and the weights that were applied. This measure is named for a method that cannot be carried out without it, so no reading is reported and no other figure is used in its place.""}"
dev_fixtures,PRJ-C45-DEV-ON-BUD,1,abstained,A4.9,ABSTAINED,"{""abstention_reason_code"": ""canonical_structure_absent"", ""activation_state"": ""ADVISORY_ONLY"", ""reason"": ""Awaiting an item level procurement register: for each item, the date it is required on site, the date it is forecast to arrive, and the activity it feeds. This measure is named for a method that cannot be carried out without it, so no reading is reported and no other figure is used in its place.""}"
dev_fixtures,PRJ-C45-DEV-ON-BUD,1,abstained,A5.1,ABSTAINED,"{""abstention_reason_code"": ""canonical_structure_absent"", ""activation_state"": ""ADVISORY_ONLY"", ""reason"": ""Awaiting a dependency matrix for the design: the parts of the design, which of them depend on which others and how strongly, and the rework the propagation starts from. This measure is named for a method that cannot be carried out without it, so no reading is reported and no other figure is used in its place.""}"
dev_fixtures,PRJ-C45-DEV-ON-BUD,1,abstained,A5.2,ABSTAINED,"{""abstention_reason_code"": ""canonical_structure_absent"", ""activation_state"": ""ADVISORY_ONLY"", ""reason"": ""Awaiting a sensitivity model: a named response function, the state it is evaluated at, and the inputs to be moved with the range each is moved across. This measure is named for a method that cannot be carried out without it, so no reading is reported and no other figure is used in its place.""}"
dev_fixtures,PRJ-C45-DEV-ON-BUD,1,abstained,A5.4,ABSTAINED,"{""abstention_reason_code"": ""canonical_structure_absent"", ""activation_state"": ""ADVISORY_ONLY"", ""reason"": ""Awaiting a scenario set: named scenarios, each stating every input it changes together, the reasoning behind it, and the response model they are all evaluated through. This measure is named for a method that cannot be carried out without it, so no reading is reported and no other figure is used in its place.""}"
dev_fixtures,PRJ-C45-DEV-ON-BUD,1,abstained,A5.5,ABSTAINED,"{""abstention_reason_code"": ""canonical_structure_absent"", ""activation_state"": ""ADVISORY_ONLY"", ""reason"": ""Awaiting a system dynamics rework model: the stock of work in the backlog, the work arriving and completed each step, and the share of completed work that returns as rework. This measure is named for a method that cannot be carried out without it, so no reading is reported and no other figure is used in its place.""}"
dev_fixtures,PRJ-C45-DEV-ON-BUD,1,abstained,A5.6,ABSTAINED,"{""abstention_reason_code"": ""canonical_structure_absent"", ""activation_state"": ""ADVISORY_ONLY"", ""reason"": ""Awaiting a queue model: the rate work arrives at, the rate it is served at, how many servers there are and the order they take work in. This measure is named for a method that cannot be carried out without it, so no reading is reported and no other figure is used in its place.""}"
dev_fixtures,PRJ-C45-DEV-ON-BUD,1,abstained,A5.7,ABSTAINED,"{""abstention_reason_code"": ""canonical_structure_absent"", ""activation_state"": ""ADVISORY_ONLY"", ""reason"": ""Awaiting an agent based supply chain model: the agents, the state each starts in, the rule each follows, who they are connected to, and the steps the model runs over. This measure is named for a method that cannot be carried out without it, so no reading is reported and no other figure is used in its place.""}"
dev_fixtures,PRJ-C45-DEV-ON-BUD,1,abstained,A5.8,ABSTAINED,"{""abstention_reason_code"": ""canonical_structure_absent"", ""activation_state"": ""ADVISORY_ONLY"", ""reason"": ""Awaiting a discrete event model: the entities and when they arrive, the resources that serve them, how long service takes, and the order simultaneous events are taken in. This measure is named for a method that cannot be carried out without it, so no reading is reported and no other figure is used in its place.""}"
dev_fixtures,PRJ-C45-DEV-ON-BUD,1,abstained,A6.1,ABSTAINED,"{""abstention_reason_code"": ""CATEGORY9_ASSESSMENT_MISSING"", ""activation_state"": ""ADVISORY_ONLY"", ""lineage"": {""evidence_body"": null, ""independence_established"": false, ""lineage_status"": ""LINEAGE_UNRESOLVED""}, ""reason"": ""The evidence offered to this measure carries no Category-9 assessment, so it is unassessed and not eligible for this use. No reading is produced and no figure is used in its place."", ""result_source"": ""QUALIFICATION_BOUNDARY_V18""}"
dev_fixtures,PRJ-C45-DEV-ON-BUD,1,abstained,A6.2,ABSTAINED,"{""abstention_reason_code"": ""CATEGORY9_ASSESSMENT_MISSING"", ""activation_state"": ""ADVISORY_ONLY"", ""lineage"": {""evidence_body"": null, ""independence_established"": false, ""lineage_status"": ""LINEAGE_UNRESOLVED""}, ""reason"": ""The evidence offered to this measure carries no Category-9 assessment, so it is unassessed and not eligible for this use. No reading is produced and no figure is used in its place."", ""result_source"": ""QUALIFICATION_BOUNDARY_V18""}"
dev_fixtures,PRJ-C45-DEV-ON-BUD,1,abstained,A6.3,ABSTAINED,"{""abstention_reason_code"": ""CATEGORY9_ASSESSMENT_MISSING"", ""activation_state"": ""ADVISORY_ONLY"", ""claim_limit"": ""The permit authority, the jurisdiction and the version of the conditions being assessed are not carried, and no committed authority in this repository supplies them. The reading is a count of reported conditions met and is not a compliance determination under any named instrument."", ""claim_limit_disposition"": ""REGULATORY_VERSION_BLOCKED"", ""lineage"": {""evidence_body"": null, ""independence_established"": false, ""lineage_status"": ""LINEAGE_UNRESOLVED""}, ""reason"": ""The evidence offered to this measure carries no Category-9 assessment, so it is unassessed and not eligible for this use. No reading is produced and no figure is used in its place."", ""result_source"": ""QUALIFICATION_BOUNDARY_V18""}"
dev_fixtures,PRJ-C45-DEV-ON-BUD,1,abstained,A6.4,ABSTAINED,"{""abstention_reason_code"": ""CATEGORY9_ASSESSMENT_MISSING"", ""activation_state"": ""ADVISORY_ONLY"", ""lineage"": {""evidence_body"": null, ""independence_established"": false, ""lineage_status"": ""LINEAGE_UNRESOLVED""}, ""reason"": ""The evidence offered to this measure carries no Category-9 assessment, so it is unassessed and not eligible for this use. No reading is produced and no figure is used in its place."", ""result_source"": ""QUALIFICATION_BOUNDARY_V18""}"
dev_fixtures,PRJ-C45-DEV-ON-BUD,1,abstained,B1.1,ABSTAINED,"{""abstention_reason_code"": ""CATEGORY9_ASSESSMENT_MISSING"", ""activation_state"": ""ADVISORY_ONLY"", ""lineage"": {""evidence_body"": null, ""independence_established"": false, ""lineage_status"": ""LINEAGE_UNRESOLVED""}, ""newly_wired_unvalidated"": true, ""reason"": ""The evidence offered to this measure carries no Category-9 assessment, so it is unassessed and not eligible for this use. No reading is produced and no figure is used in its place. This computation reads an assembled signal package. It was supplied the cost and schedule indices. Not available this period: the cost forecast, because the cost forecast computation abstained this period; the performance trend, because the performance trend computation abstained this period; the document risk score, because this period's evidence carries no document risk score."", ""result_source"": ""QUALIFICATION_BOUNDARY_V18"", ""signal_qualification"": ""unqualified"", ""wiring_note"": ""Newly wired and unvalidated: this module could not execute on the normal computation path before the flat-to-nested signal adapter, so its output has never been validated against real project evidence. Advisory, non-voting.""}"
dev_fixtures,PRJ-C45-DEV-ON-BUD,1,abstained,B1.2,ABSTAINED,"{""abstention_reason_code"": ""CATEGORY9_ASSESSMENT_MISSING"", ""activation_state"": ""ADVISORY_ONLY"", ""lineage"": {""evidence_body"": null, ""independence_established"": false, ""lineage_status"": ""LINEAGE_UNRESOLVED""}, ""newly_wired_unvalidated"": true, ""reason"": ""The evidence offered to this measure carries no Category-9 assessment, so it is unassessed and not eligible for this use. No reading is produced and no figure is used in its place. This computation reads an assembled signal package. It was supplied the cost and schedule indices. Not available this period: the cost forecast, because the cost forecast computation abstained this period; the performance trend, because the performance trend computation abstained this period; the document risk score, because this period's evidence carries no document risk score."", ""result_source"": ""QUALIFICATION_BOUNDARY_V18"", ""signal_qualification"": ""unqualified"", ""wiring_note"": ""Newly wired and unvalidated: this module could not execute on the normal computation path before the flat-to-nested signal adapter, so its output has never been validated against real project evidence. Advisory, non-voting.""}"
dev_fixtures,PRJ-C45-DEV-ON-BUD,1,abstained,B1.3,ABSTAINED,"{""abstention_reason_code"": ""CATEGORY9_ASSESSMENT_MISSING"", ""activation_state"": ""ADVISORY_ONLY"", ""lineage"": {""evidence_body"": null, ""independence_established"": false, ""lineage_status"": ""LINEAGE_UNRESOLVED""}, ""newly_wired_unvalidated"": true, ""reason"": ""The evidence offered to this measure carries no Category-9 assessment, so it is unassessed and not eligible for this use. No reading is produced and no figure is used in its place. This computation reads an assembled signal package. It was supplied the cost and schedule indices. Not available this period: the cost forecast, because the cost forecast computation abstained this period; the performance trend, because the performance trend computation abstained this period; the document risk score, because this period's evidence carries no document risk score."", ""result_source"": ""QUALIFICATION_BOUNDARY_V18"", ""signal_qualification"": ""unqualified"", ""wiring_note"": ""Newly wired and unvalidated: this module could not execute on the normal computation path before the flat-to-nested signal adapter, so its output has never been validated against real project evidence. Advisory, non-voting.""}"
dev_fixtures,PRJ-C45-DEV-ON-BUD,1,abstained,B1.4,ABSTAINED,"{""abstention_reason_code"": ""CATEGORY9_ASSESSMENT_MISSING"", ""activation_state"": ""ADVISORY_ONLY"", ""lineage"": {""evidence_body"": null, ""independence_established"": false, ""lineage_status"": ""LINEAGE_UNRESOLVED""}, ""newly_wired_unvalidated"": true, ""reason"": ""The evidence offered to this measure carries no Category-9 assessment, so it is unassessed and not eligible for this use. No reading is produced and no figure is used in its place. This computation reads an assembled signal package. It was supplied the cost and schedule indices. Not available this period: the cost forecast, because the cost forecast computation abstained this period; the performance trend, because the performance trend computation abstained this period; the document risk score, because this period's evidence carries no document risk score."", ""result_source"": ""QUALIFICATION_BOUNDARY_V18"", ""signal_qualification"": ""unqualified"", ""wiring_note"": ""Newly wired and unvalidated: this module could not execute on the normal computation path before the flat-to-nested signal adapter, so its output has never been validated against real project evidence. Advisory, non-voting.""}"
dev_fixtures,PRJ-C45-DEV-ON-BUD,1,abstained,B2.18,ABSTAINED,"{""abstention_reason_code"": ""CATEGORY9_ASSESSMENT_MISSING"", ""activation_state"": ""ADVISORY_ONLY"", ""lineage"": {""evidence_body"": null, ""independence_established"": false, ""lineage_status"": ""LINEAGE_UNRESOLVED""}, ""reason"": ""The evidence offered to this measure carries no Category-9 assessment, so it is unassessed and not eligible for this use. No reading is produced and no figure is used in its place."", ""result_source"": ""QUALIFICATION_BOUNDARY_V18""}"
dev_fixtures,PRJ-C45-DEV-ON-BUD,1,abstained,B3.1,ABSTAINED,"{""abstention_reason_code"": ""CATEGORY9_ASSESSMENT_MISSING"", ""activation_state"": ""ADVISORY_ONLY"", ""lineage"": {""evidence_body"": null, ""independence_established"": false, ""lineage_status"": ""LINEAGE_UNRESOLVED""}, ""newly_wired_unvalidated"": true, ""reason"": ""The evidence offered to this measure carries no Category-9 assessment, so it is unassessed and not eligible for this use. No reading is produced and no figure is used in its place. This computation reads an assembled signal package. It was supplied the cost and schedule indices. Not available this period: the cost forecast, because the cost forecast computation abstained this period; the performance trend, because the performance trend computation abstained this period; the document risk score, because this period's evidence carries no document risk score."", ""result_source"": ""QUALIFICATION_BOUNDARY_V18"", ""signal_qualification"": ""unqualified"", ""wiring_note"": ""Newly wired and unvalidated: this module could not execute on the normal computation path before the flat-to-nested signal adapter, so its output has never been validated against real project evidence. Advisory, non-voting.""}"
dev_fixtures,PRJ-C45-DEV-ON-BUD,1,abstained,B3.2,ABSTAINED,"{""abstention_reason_code"": ""CATEGORY9_ASSESSMENT_MISSING"", ""activation_state"": ""ADVISORY_ONLY"", ""lineage"": {""evidence_body"": null, ""independence_established"": false, ""lineage_status"": ""LINEAGE_UNRESOLVED""}, ""reason"": ""The evidence offered to this measure carries no Category-9 assessment, so it is unassessed and not eligible for this use. No reading is produced and no figure is used in its place."", ""result_source"": ""QUALIFICATION_BOUNDARY_V18""}"
dev_fixtures,PRJ-C45-DEV-ON-BUD,1,abstained,B3.3,ABSTAINED,"{""abstention_reason_code"": ""CATEGORY9_ASSESSMENT_MISSING"", ""activation_state"": ""ADVISORY_ONLY"", ""lineage"": {""evidence_body"": null, ""independence_established"": false, ""lineage_status"": ""LINEAGE_UNRESOLVED""}, ""reason"": ""The evidence offered to this measure carries no Category-9 assessment, so it is unassessed and not eligible for this use. No reading is produced and no figure is used in its place."", ""result_source"": ""QUALIFICATION_BOUNDARY_V18""}"
dev_fixtures,PRJ-C45-DEV-ON-BUD,1,abstained,B3.4,ABSTAINED,"{""abstention_reason_code"": ""CATEGORY9_ASSESSMENT_MISSING"", ""activation_state"": ""ADVISORY_ONLY"", ""lineage"": {""evidence_body"": null, ""independence_established"": false, ""lineage_status"": ""LINEAGE_UNRESOLVED""}, ""reason"": ""The evidence offered to this measure carries no Category-9 assessment, so it is unassessed and not eligible for this use. No reading is produced and no figure is used in its place."", ""result_source"": ""QUALIFICATION_BOUNDARY_V18""}"
dev_fixtures,PRJ-C45-DEV-ON-BUD,1,abstained,B3.5,ABSTAINED,"{""abstention_reason_code"": ""CATEGORY9_ASSESSMENT_MISSING"", ""activation_state"": ""ADVISORY_ONLY"", ""lineage"": {""evidence_body"": null, ""independence_established"": false, ""lineage_status"": ""LINEAGE_UNRESOLVED""}, ""reason"": ""The evidence offered to this measure carries no Category-9 assessment, so it is unassessed and not eligible for this use. No reading is produced and no figure is used in its place."", ""result_source"": ""QUALIFICATION_BOUNDARY_V18""}"
dev_fixtures,PRJ-C45-DEV-ON-BUD,1,abstained,B4.3,ABSTAINED,"{""abstention_reason_code"": ""CATEGORY9_ASSESSMENT_MISSING"", ""activation_state"": ""ADVISORY_ONLY"", ""lineage"": {""evidence_body"": null, ""independence_established"": false, ""lineage_status"": ""LINEAGE_UNRESOLVED""}, ""reason"": ""The evidence offered to this measure carries no Category-9 assessment, so it is unassessed and not eligible for this use. No reading is produced and no figure is used in its place."", ""result_source"": ""QUALIFICATION_BOUNDARY_V18""}"
dev_fixtures,PRJ-C45-DEV-ON-BUD,1,abstained,B4.4,ABSTAINED,"{""abstention_reason_code"": ""CATEGORY9_ASSESSMENT_MISSING"", ""activation_state"": ""ADVISORY_ONLY"", ""lineage"": {""evidence_body"": null, ""independence_established"": false, ""lineage_status"": ""LINEAGE_UNRESOLVED""}, ""reason"": ""The evidence offered to this measure carries no Category-9 assessment, so it is unassessed and not eligible for this use. No reading is produced and no figure is used in its place."", ""result_source"": ""QUALIFICATION_BOUNDARY_V18""}"
dev_fixtures,PRJ-C45-DEV-ON-BUD,1,abstained,C1.1,ABSTAINED,"{""abstention_reason_code"": ""canonical_structure_absent"", ""activation_state"": ""ADVISORY_ONLY"", ""canonical_disposition"": ""NOT_ESTIMABLE_STRUCTURE_ABSENT"", ""canonical_structure"": ""requiredInputContract"", ""reason"": ""Awaiting the required-input contract for the module or use being assessed. This measure is named for a method that cannot be carried out without it, so no reading is reported and no other figure is used in its place."", ""result_source"": ""CANONICAL_V6_LAYER""}"
dev_fixtures,PRJ-C45-DEV-ON-BUD,1,abstained,C1.2,ABSTAINED,"{""abstention_reason_code"": ""canonical_structure_absent"", ""activation_state"": ""ADVISORY_ONLY"", ""canonical_disposition"": ""NOT_ESTIMABLE_STRUCTURE_ABSENT"", ""canonical_structure"": ""evidenceTimelinessRecord"", ""reason"": ""Awaiting a governed evidence date and freshness rule. This measure is named for a method that cannot be carried out without it, so no reading is reported and no other figure is used in its place."", ""result_source"": ""CANONICAL_V6_LAYER""}"
dev_fixtures,PRJ-C45-DEV-ON-BUD,1,abstained,C1.3,ABSTAINED,"{""abstention_reason_code"": ""canonical_structure_absent"", ""activation_state"": ""ADVISORY_ONLY"", ""canonical_disposition"": ""NOT_ESTIMABLE_STRUCTURE_ABSENT"", ""canonical_structure"": ""sourceProvenanceRecord"", ""reason"": ""Awaiting a governed source provenance record. This measure is named for a method that cannot be carried out without it, so no reading is reported and no other figure is used in its place."", ""result_source"": ""CANONICAL_V6_LAYER""}"
dev_fixtures,PRJ-C45-DEV-ON-BUD,1,abstained,C1.4,ABSTAINED,"{""abstention_reason_code"": ""canonical_structure_absent"", ""activation_state"": ""ADVISORY_ONLY"", ""canonical_disposition"": ""NOT_ESTIMABLE_STRUCTURE_ABSENT"", ""canonical_structure"": ""auditChainRecord"", ""reason"": ""Awaiting a governed audit chain record. This measure is named for a method that cannot be carried out without it, so no reading is reported and no other figure is used in its place."", ""result_source"": ""CANONICAL_V6_LAYER""}"
dev_fixtures,PRJ-C45-DEV-ON-BUD,1,abstained,C1.5,ABSTAINED,"{""abstention_reason_code"": ""canonical_structure_absent"", ""activation_state"": ""ADVISORY_ONLY"", ""canonical_disposition"": ""NOT_ESTIMABLE_STRUCTURE_ABSENT"", ""canonical_structure"": ""informationPackageRecord"", ""reason"": ""Awaiting a governed information package definition. This measure is named for a method that cannot be carried out without it, so no reading is reported and no other figure is used in its place."", ""result_source"": ""CANONICAL_V6_LAYER""}"
dev_fixtures,PRJ-C45-DEV-ON-BUD,1,abstained,C1.6,ABSTAINED,"{""abstention_reason_code"": ""canonical_structure_absent"", ""activation_state"": ""ADVISORY_ONLY"", ""canonical_disposition"": ""NOT_ESTIMABLE_STRUCTURE_ABSENT"", ""canonical_structure"": ""crossDocumentFactSet"", ""reason"": ""Awaiting a governed cross-document fact set. This measure is named for a method that cannot be carried out without it, so no reading is reported and no other figure is used in its place."", ""result_source"": ""CANONICAL_V6_LAYER""}"
dev_fixtures,PRJ-C45-DEV-ON-BUD,1,abstained,C1.7,ABSTAINED,"{""abstention_reason_code"": ""canonical_structure_absent"", ""activation_state"": ""ADVISORY_ONLY"", ""canonical_disposition"": ""NOT_ESTIMABLE_STRUCTURE_ABSENT"", ""canonical_structure"": ""reportingCadenceRecord"", ""reason"": ""Awaiting a governed reporting cadence record and report history. This measure is named for a method that cannot be carried out without it, so no reading is reported and no other figure is used in its place."", ""result_source"": ""CANONICAL_V6_LAYER""}"
dev_fixtures,PRJ-C45-DEV-ON-BUD,1,module,A1.7,,"{""activation_state"": ""ENABLED_QUALIFIED"", ""band_source"": ""Green at or below 1.00, Amber at or below 1.10, Red above. 1.00 is definitional: Project Management Institute, A Guide to the Project Management Body of Knowledge, 6th edition, 2017, section 7.4.2.2, and PMI Practice Standard for Earned Value Management, 2nd edition, 2011, define this index as the cost efficiency the remaining work must achieve, so at or below 1.00 the remaining budget suffices at the efficiency already planned. 1.10 applies a sourced number by stated inference: Christensen and Heise, Cost Performance Index Stability, National Contract Management Journal 25(1), 1993, pages 7 to 15, found the cumulative cost performance index does not move by more than 0.10 after the twenty per cent completion point, so a demand for more than that improvement is beyond what the remaining work is observed to deliver."", ""band_source_limit"": ""Band boundaries are sourced to published literature. False-positive and false-negative performance is not measured: no labelled holdout corpus and no expert reference standard exist for this platform, so how often a band is right is unknown."", ""category"": ""A1"", ""evidence_metric"": ""TCPI: 1, the cost efficiency the remaining work must achieve to finish within budget, within the efficiency already planned"", ""group"": ""A"", ""method_class"": ""TCPI"", ""status_color"": ""Green"", ""tcpi"": 1.0, ""tcpi_display"": 1.0, ""votes"": true}"
dev_fixtures,PRJ-C45-DEV-ON-BUD,1,module,A1.8,,"{""activation_state"": ""ENABLED_QUALIFIED"", ""band_source"": ""Green at or above zero per cent, Amber at or above minus 11.11 per cent, Red below. Zero is definitional: the Project Management Institute (A Guide to the Project Management Body of Knowledge, 6th edition, 2017, section 7.4.2.2; Practice Standard for Earned Value Management, 2nd edition, 2011) defines variance at completion as budget minus forecast, so a negative variance is a forecast overrun. Minus 11.11 per cent is the exact restatement of a cost performance index of 0.90, because this forecast is the index-based one, and 0.90 applies the 0.10 stability finding of Christensen and Heise (National Contract Management Journal 25(1), 1993, pages 7 to 15) by stated inference. The stated limit of that citation: the stability finding is conditional on the project being past twenty per cent complete and this measure does not read percent complete, so the condition is not enforced."", ""band_source_limit"": ""Band boundaries are sourced to published literature. False-positive and false-negative performance is not measured: no labelled holdout corpus and no expert reference standard exist for this platform, so how often a band is right is unknown."", ""category"": ""A1"", ""evidence_metric"": ""VAC: $0 under budget (0%)"", ""group"": ""A"", ""method_class"": ""VAC"", ""status_color"": ""Green"", ""vac"": 0.0, ""vac_display"": 0, ""vac_pct"": 0.0, ""vac_pct_display"": 0.0, ""votes"": true}"
dev_fixtures,PRJ-C45-DEV-ON-BUD,1,signal_input,ac,,4000000
dev_fixtures,PRJ-C45-DEV-ON-BUD,1,signal_input,activitiesConstrained,,null
dev_fixtures,PRJ-C45-DEV-ON-BUD,1,signal_input,activitiesPlanned,,null
dev_fixtures,PRJ-C45-DEV-ON-BUD,1,signal_input,actualLaborHours,,null
dev_fixtures,PRJ-C45-DEV-ON-BUD,1,signal_input,actualPctComplete,,null
dev_fixtures,PRJ-C45-DEV-ON-BUD,1,signal_input,analogousBac,,null
dev_fixtures,PRJ-C45-DEV-ON-BUD,1,signal_input,analogousFinalCost,,null
dev_fixtures,PRJ-C45-DEV-ON-BUD,1,signal_input,analogousOverrunPct,,null
dev_fixtures,PRJ-C45-DEV-ON-BUD,1,signal_input,bac,,10000000
dev_fixtures,PRJ-C45-DEV-ON-BUD,1,signal_input,baselineContractSum,,null
dev_fixtures,PRJ-C45-DEV-ON-BUD,1,signal_input,baselineEnd,,null
dev_fixtures,PRJ-C45-DEV-ON-BUD,1,signal_input,baselineStart,,null
dev_fixtures,PRJ-C45-DEV-ON-BUD,1,signal_input,changeOrderCount,,null
dev_fixtures,PRJ-C45-DEV-ON-BUD,1,signal_input,consumedFloat,,null
dev_fixtures,PRJ-C45-DEV-ON-BUD,1,signal_input,costRating,,null
dev_fixtures,PRJ-C45-DEV-ON-BUD,1,signal_input,cpi,,1.0
dev_fixtures,PRJ-C45-DEV-ON-BUD,1,signal_input,criticalDeficiencyCount,,null
dev_fixtures,PRJ-C45-DEV-ON-BUD,1,signal_input,criticalFindings,,null
dev_fixtures,PRJ-C45-DEV-ON-BUD,1,signal_input,docDate,,"""2026-03-31"""
dev_fixtures,PRJ-C45-DEV-ON-BUD,1,signal_input,docRiskScore,,null
dev_fixtures,PRJ-C45-DEV-ON-BUD,1,signal_input,environmentalComplianceRate,,null
dev_fixtures,PRJ-C45-DEV-ON-BUD,1,signal_input,environmentalIssuesDiscussed,,null
dev_fixtures,PRJ-C45-DEV-ON-BUD,1,signal_input,environmentalViolations,,null
dev_fixtures,PRJ-C45-DEV-ON-BUD,1,signal_input,ev,,4000000
dev_fixtures,PRJ-C45-DEV-ON-BUD,1,signal_input,floatRemaining,,null
dev_fixtures,PRJ-C45-DEV-ON-BUD,1,signal_input,indirectCostActual,,null
dev_fixtures,PRJ-C45-DEV-ON-BUD,1,signal_input,indirectCostPlan,,null
dev_fixtures,PRJ-C45-DEV-ON-BUD,1,signal_input,itemsFailed,,null
dev_fixtures,PRJ-C45-DEV-ON-BUD,1,signal_input,itemsInspected,,null
dev_fixtures,PRJ-C45-DEV-ON-BUD,1,signal_input,longLeadAtRisk,,null
dev_fixtures,PRJ-C45-DEV-ON-BUD,1,signal_input,longLeadDelayed,,null
dev_fixtures,PRJ-C45-DEV-ON-BUD,1,signal_input,longLeadItemsTotal,,null
dev_fixtures,PRJ-C45-DEV-ON-BUD,1,signal_input,lookaheadWeeks,,null
dev_fixtures,PRJ-C45-DEV-ON-BUD,1,signal_input,materialCostBaseline,,null
dev_fixtures,PRJ-C45-DEV-ON-BUD,1,signal_input,materialCostCurrent,,null
dev_fixtures,PRJ-C45-DEV-ON-BUD,1,signal_input,ncrClosed,,null
dev_fixtures,PRJ-C45-DEV-ON-BUD,1,signal_input,ncrIssued,,null
dev_fixtures,PRJ-C45-DEV-ON-BUD,1,signal_input,ncrOpen,,null
dev_fixtures,PRJ-C45-DEV-ON-BUD,1,signal_input,originalContingency,,null
dev_fixtures,PRJ-C45-DEV-ON-BUD,1,signal_input,oshaIncidentRate,,null
dev_fixtures,PRJ-C45-DEV-ON-BUD,1,signal_input,outstandingActionItems,,null
dev_fixtures,PRJ-C45-DEV-ON-BUD,1,signal_input,overallRating,,null
dev_fixtures,PRJ-C45-DEV-ON-BUD,1,signal_input,plannedLaborHours,,null
dev_fixtures,PRJ-C45-DEV-ON-BUD,1,signal_input,plannedPctComplete,,null
dev_fixtures,PRJ-C45-DEV-ON-BUD,1,signal_input,pv,,4000000
dev_fixtures,PRJ-C45-DEV-ON-BUD,1,signal_input,qualityAuditScore,,null
dev_fixtures,PRJ-C45-DEV-ON-BUD,1,signal_input,qualityDeficienciesNoted,,null
dev_fixtures,PRJ-C45-DEV-ON-BUD,1,signal_input,qualityIssuesDiscussed,,null
dev_fixtures,PRJ-C45-DEV-ON-BUD,1,signal_input,qualityRating,,null
dev_fixtures,PRJ-C45-DEV-ON-BUD,1,signal_input,remainingContingency,,null
dev_fixtures,PRJ-C45-DEV-ON-BUD,1,signal_input,revisedContractSum,,null
dev_fixtures,PRJ-C45-DEV-ON-BUD,1,signal_input,rfaApproved,,null
dev_fixtures,PRJ-C45-DEV-ON-BUD,1,signal_input,rfaAvgReviewDays,,null
dev_fixtures,PRJ-C45-DEV-ON-BUD,1,signal_input,rfaOpen,,null
dev_fixtures,PRJ-C45-DEV-ON-BUD,1,signal_input,rfaRejected,,null
dev_fixtures,PRJ-C45-DEV-ON-BUD,1,signal_input,rfaResubmit,,null
dev_fixtures,PRJ-C45-DEV-ON-BUD,1,signal_input,rfaTotal,,null
dev_fixtures,PRJ-C45-DEV-ON-BUD,1,signal_input,rfiAvgResponseDays,,null
dev_fixtures,PRJ-C45-DEV-ON-BUD,1,signal_input,rfiCount,,null
dev_fixtures,PRJ-C45-DEV-ON-BUD,1,signal_input,rfiNumber,,null
dev_fixtures,PRJ-C45-DEV-ON-BUD,1,signal_input,rfiOldestOpenDays,,null
dev_fixtures,PRJ-C45-DEV-ON-BUD,1,signal_input,rfiOpen,,null
dev_fixtures,PRJ-C45-DEV-ON-BUD,1,signal_input,rfiOverdue,,null
dev_fixtures,PRJ-C45-DEV-ON-BUD,1,signal_input,rfiPeriodDays,,null
dev_fixtures,PRJ-C45-DEV-ON-BUD,1,signal_input,rfiResponseTimeDays,,null
dev_fixtures,PRJ-C45-DEV-ON-BUD,1,signal_input,safetyActionsOpen,,null
dev_fixtures,PRJ-C45-DEV-ON-BUD,1,signal_input,safetyIncidentsDiscussed,,null
dev_fixtures,PRJ-C45-DEV-ON-BUD,1,signal_input,scheduleRating,,null
dev_fixtures,PRJ-C45-DEV-ON-BUD,1,signal_input,spi,,1.0
dev_fixtures,PRJ-C45-DEV-ON-BUD,1,signal_input,subcontractorComplianceScore,,null
dev_fixtures,PRJ-C45-DEV-ON-BUD,1,signal_input,subcontractorDisputes,,null
dev_fixtures,PRJ-C45-DEV-ON-BUD,1,signal_input,subcontractorIssuesDiscussed,,null
dev_fixtures,PRJ-C45-DEV-ON-BUD,1,signal_input,submittalsRejected,,null
dev_fixtures,PRJ-C45-DEV-ON-BUD,1,signal_input,submittalsTotal,,null
dev_fixtures,PRJ-C45-DEV-ON-BUD,1,signal_input,totalFindings,,null
dev_fixtures,PRJ-C45-DEV-ON-BUD,1,signal_input,totalFloat,,null
dev_fixtures,PRJ-C45-DEV-ON-BUD,1,signal_input,totalManhours,,null
dev_fixtures,PRJ-C45-DEV-ON-BUD,1,signal_input,weatherDaysDiscussed,,null
dev_fixtures,PRJ-C45-DEV-ON-BUD,1,signal_input,weatherDaysLost,,null
dev_fixtures,PRJ-C45-DEV-ON-BUD,1,signal_input,workPeriodFrom,,null
dev_fixtures,PRJ-C45-DEV-ON-BUD,1,signal_input,workPeriodTo,,null
four_period,PRJ-C45-FOUR,1,abstained,A1.10,ABSTAINED,"{""abstention_reason_code"": ""canonical_structure_absent"", ""activation_state"": ""ADVISORY_ONLY"", ""reason"": ""Awaiting a governed reference population of comparable projects with the cost performance they achieved, and the weight to place on this project's own reading. This measure is named for a method that cannot be carried out without it, so no reading is reported and no other figure is used in its place.""}"
four_period,PRJ-C45-FOUR,1,abstained,A1.11,ABSTAINED,"{""abstention_reason_code"": ""canonical_structure_absent"", ""activation_state"": ""ADVISORY_ONLY"", ""reason"": ""Awaiting two separately prepared forecasts of the cost at completion, one from the project management team and one prepared independently of it. This measure is named for a method that cannot be carried out without it, so no reading is reported and no other figure is used in its place.""}"
four_period,PRJ-C45-FOUR,1,abstained,A1.2,ABSTAINED,"{""activation_state"": ""ADVISORY_ONLY"", ""reason"": ""Awaiting history (2 periods needed)""}"
four_period,PRJ-C45-FOUR,1,abstained,A1.3,ABSTAINED,"{""abstention_reason_code"": ""canonical_structure_absent"", ""activation_state"": ""ADVISORY_ONLY"", ""reason"": ""Awaiting a stated prior for the cost at completion, with its source, and a stated observation model with the uncertainty of the observation. This measure is named for a method that cannot be carried out without it, so no reading is reported and no other figure is used in its place.""}"
four_period,PRJ-C45-FOUR,1,abstained,A1.4,ABSTAINED,"{""abstention_reason_code"": ""canonical_structure_absent"", ""activation_state"": ""ADVISORY_ONLY"", ""reason"": ""Awaiting a state space model for the schedule index: a starting estimate, its uncertainty, the process and measurement variances, and the readings taken. This measure is named for a method that cannot be carried out without it, so no reading is reported and no other figure is used in its place.""}"
four_period,PRJ-C45-FOUR,1,abstained,A1.5,ABSTAINED,"{""abstention_reason_code"": ""insufficient_history"", ""activation_state"": ""ADVISORY_ONLY"", ""reason"": ""The cost performance history is too short for a time series model to be identified from it, so no forecast is reported and no shorter substitute is used.""}"
four_period,PRJ-C45-FOUR,1,abstained,A1.6,ABSTAINED,"{""abstention_reason_code"": ""canonical_structure_absent"", ""activation_state"": ""ADVISORY_ONLY"", ""reason"": ""Awaiting a time phased baseline: the cumulative value of work planned to be complete at the end of each period. This measure is named for a method that cannot be carried out without it, so no reading is reported and no other figure is used in its place.""}"
four_period,PRJ-C45-FOUR,1,abstained,A1.9,ABSTAINED,"{""abstention_reason_code"": ""canonical_structure_absent"", ""activation_state"": ""ADVISORY_ONLY"", ""reason"": ""Awaiting an approved time phased expenditure baseline: the amount planned to be spent by the end of each period. This measure is named for a method that cannot be carried out without it, so no reading is reported and no other figure is used in its place.""}"
four_period,PRJ-C45-FOUR,1,abstained,A2.1,ABSTAINED,"{""abstention_reason_code"": ""canonical_structure_absent"", ""activation_state"": ""ADVISORY_ONLY"", ""reason"": ""Awaiting the project's activity network: the activities, the logic between them, and a duration for each. This measure is named for a method that cannot be carried out without it, so no reading is reported and no other figure is used in its place.""}"
four_period,PRJ-C45-FOUR,1,abstained,A2.2,ABSTAINED,"{""abstention_reason_code"": ""canonical_structure_absent"", ""activation_state"": ""ADVISORY_ONLY"", ""reason"": ""Awaiting a line of balance: locations in sequence, the crews working them, and a production rate and start for each line of work. This measure is named for a method that cannot be carried out without it, so no reading is reported and no other figure is used in its place.""}"
four_period,PRJ-C45-FOUR,1,abstained,A2.3,ABSTAINED,"{""abstention_reason_code"": ""canonical_structure_absent"", ""activation_state"": ""ADVISORY_ONLY"", ""reason"": ""Awaiting a critical chain with its activities and a sized project buffer. This measure is named for a method that cannot be carried out without it, so no reading is reported and no other figure is used in its place.""}"
four_period,PRJ-C45-FOUR,1,abstained,A2.7,ABSTAINED,"{""abstention_reason_code"": ""canonical_structure_absent"", ""activation_state"": ""ADVISORY_ONLY"", ""reason"": ""Awaiting a milestone forecast history: each milestone's committed date and the date it was forecast for in each reporting period since. This measure is named for a method that cannot be carried out without it, so no reading is reported and no other figure is used in its place.""}"
four_period,PRJ-C45-FOUR,1,abstained,A2.8,ABSTAINED,"{""abstention_reason_code"": ""canonical_structure_absent"", ""activation_state"": ""ADVISORY_ONLY"", ""reason"": ""Awaiting a look ahead schedule: the window it covers, the activities planned in it, and whether each one still carries an open constraint. This measure is named for a method that cannot be carried out without it, so no reading is reported and no other figure is used in its place.""}"
four_period,PRJ-C45-FOUR,1,abstained,A2.9,ABSTAINED,"{""abstention_reason_code"": ""canonical_structure_absent"", ""activation_state"": ""ADVISORY_ONLY"", ""reason"": ""Awaiting a time phased resource profile: for each period and each kind of resource, the amount of work demanded and the amount available. This measure is named for a method that cannot be carried out without it, so no reading is reported and no other figure is used in its place.""}"
four_period,PRJ-C45-FOUR,1,abstained,A3.1,ABSTAINED,"{""abstention_reason_code"": ""canonical_structure_absent"", ""activation_state"": ""ADVISORY_ONLY"", ""reason"": ""Awaiting a reference class of completed comparable projects, with the criteria that put them in it and the overrun each of them finished with. This measure is named for a method that cannot be carried out without it, so no reading is reported and no other figure is used in its place.""}"
four_period,PRJ-C45-FOUR,1,abstained,A3.2,ABSTAINED,"{""abstention_reason_code"": ""missing_required_input"", ""activation_state"": ""ADVISORY_ONLY"", ""reason"": ""Insufficient data: the original and remaining contingency amounts are needed, and at least one of them has not been reported for this period.""}"
four_period,PRJ-C45-FOUR,1,abstained,A3.3,ABSTAINED,"{""abstention_reason_code"": ""canonical_structure_absent"", ""activation_state"": ""ADVISORY_ONLY"", ""reason"": ""Awaiting a record of production: the quantity of work installed, the quantity planned, and the labour hours each of those took. This measure is named for a method that cannot be carried out without it, so no reading is reported and no other figure is used in its place.""}"
four_period,PRJ-C45-FOUR,1,abstained,A3.5,ABSTAINED,"{""abstention_reason_code"": ""canonical_structure_absent"", ""activation_state"": ""ADVISORY_ONLY"", ""reason"": ""Awaiting an overhead allocation base: the planned and actual overhead and the planned and actual amount of the base it is absorbed over. This measure is named for a method that cannot be carried out without it, so no reading is reported and no other figure is used in its place.""}"
four_period,PRJ-C45-FOUR,1,abstained,A3.6,ABSTAINED,"{""abstention_reason_code"": ""canonical_structure_absent"", ""activation_state"": ""ADVISORY_ONLY"", ""reason"": ""Awaiting a cost risk model: the base cost components, the risk events that could occur, how likely each is and what it would cost. This measure is named for a method that cannot be carried out without it, so no reading is reported and no other figure is used in its place.""}"
four_period,PRJ-C45-FOUR,1,abstained,A3.7,ABSTAINED,"{""abstention_reason_code"": ""canonical_structure_absent"", ""activation_state"": ""ADVISORY_ONLY"", ""reason"": ""Awaiting an identified analogous project with its cost, why it is comparable, and the factors that adapt it to this project. This measure is named for a method that cannot be carried out without it, so no reading is reported and no other figure is used in its place.""}"
four_period,PRJ-C45-FOUR,1,abstained,A3.9,ABSTAINED,"{""abstention_reason_code"": ""canonical_structure_absent"", ""activation_state"": ""ADVISORY_ONLY"", ""reason"": ""Awaiting a named external price index with its authority, geography, base period and the period being adjusted to. This measure is named for a method that cannot be carried out without it, so no reading is reported and no other figure is used in its place.""}"
four_period,PRJ-C45-FOUR,1,abstained,A4.10,ABSTAINED,"{""abstention_reason_code"": ""canonical_structure_absent"", ""activation_state"": ""ADVISORY_ONLY"", ""reason"": ""Awaiting a specification conflict register: each identified conflict, the two places in the specification that disagree, whether it has been confirmed, and the exposure the conflicts are counted over. This measure is named for a method that cannot be carried out without it, so no reading is reported and no other figure is used in its place.""}"
four_period,PRJ-C45-FOUR,1,abstained,A4.2,ABSTAINED,"{""activation_state"": ""ADVISORY_ONLY"", ""reason"": ""Insufficient data: upload required documents""}"
four_period,PRJ-C45-FOUR,1,abstained,A4.3,ABSTAINED,"{""activation_state"": ""ADVISORY_ONLY"", ""reason"": ""Insufficient data: upload required documents""}"
four_period,PRJ-C45-FOUR,1,abstained,A4.4,ABSTAINED,"{""abstention_reason_code"": ""canonical_structure_absent"", ""activation_state"": ""ADVISORY_ONLY"", ""reason"": ""Awaiting a nonconformance record with the exposure it is measured against: the nonconformances raised, and the inspections, hours or value they arose from. This measure is named for a method that cannot be carried out without it, so no reading is reported and no other figure is used in its place.""}"
four_period,PRJ-C45-FOUR,1,abstained,A4.5,ABSTAINED,"{""abstention_reason_code"": ""canonical_structure_absent"", ""activation_state"": ""ADVISORY_ONLY"", ""reason"": ""Awaiting a weather impact record: the weather events, the activities they stopped, the time actually lost, the allowance in the contract calendar, and the float on the path. This measure is named for a method that cannot be carried out without it, so no reading is reported and no other figure is used in its place.""}"
four_period,PRJ-C45-FOUR,1,abstained,A4.6,ABSTAINED,"{""abstention_reason_code"": ""canonical_structure_absent"", ""activation_state"": ""ADVISORY_ONLY"", ""reason"": ""Awaiting a change event register with the exposure it is measured over: each change, its type, cause and value, and the span of time or contract value it arose against. This measure is named for a method that cannot be carried out without it, so no reading is reported and no other figure is used in its place.""}"
four_period,PRJ-C45-FOUR,1,abstained,A4.7,ABSTAINED,"{""abstention_reason_code"": ""canonical_structure_absent"", ""activation_state"": ""ADVISORY_ONLY"", ""reason"": ""Awaiting a claim and dispute register: the project's own governed escalation process and the stage each issue has reached on it, with the dates it reached them. This measure is named for a method that cannot be carried out without it, so no reading is reported and no other figure is used in its place.""}"
four_period,PRJ-C45-FOUR,1,abstained,A4.8,ABSTAINED,"{""abstention_reason_code"": ""canonical_structure_absent"", ""activation_state"": ""ADVISORY_ONLY"", ""reason"": ""Awaiting a subcontractor performance assessment: each firm, the criteria it was rated against, the rating on each, who assessed it and the weights that were applied. This measure is named for a method that cannot be carried out without it, so no reading is reported and no other figure is used in its place.""}"
four_period,PRJ-C45-FOUR,1,abstained,A4.9,ABSTAINED,"{""abstention_reason_code"": ""canonical_structure_absent"", ""activation_state"": ""ADVISORY_ONLY"", ""reason"": ""Awaiting an item level procurement register: for each item, the date it is required on site, the date it is forecast to arrive, and the activity it feeds. This measure is named for a method that cannot be carried out without it, so no reading is reported and no other figure is used in its place.""}"
four_period,PRJ-C45-FOUR,1,abstained,A5.1,ABSTAINED,"{""abstention_reason_code"": ""canonical_structure_absent"", ""activation_state"": ""ADVISORY_ONLY"", ""reason"": ""Awaiting a dependency matrix for the design: the parts of the design, which of them depend on which others and how strongly, and the rework the propagation starts from. This measure is named for a method that cannot be carried out without it, so no reading is reported and no other figure is used in its place.""}"
four_period,PRJ-C45-FOUR,1,abstained,A5.2,ABSTAINED,"{""abstention_reason_code"": ""canonical_structure_absent"", ""activation_state"": ""ADVISORY_ONLY"", ""reason"": ""Awaiting a sensitivity model: a named response function, the state it is evaluated at, and the inputs to be moved with the range each is moved across. This measure is named for a method that cannot be carried out without it, so no reading is reported and no other figure is used in its place.""}"
four_period,PRJ-C45-FOUR,1,abstained,A5.4,ABSTAINED,"{""abstention_reason_code"": ""canonical_structure_absent"", ""activation_state"": ""ADVISORY_ONLY"", ""reason"": ""Awaiting a scenario set: named scenarios, each stating every input it changes together, the reasoning behind it, and the response model they are all evaluated through. This measure is named for a method that cannot be carried out without it, so no reading is reported and no other figure is used in its place.""}"
four_period,PRJ-C45-FOUR,1,abstained,A5.5,ABSTAINED,"{""abstention_reason_code"": ""canonical_structure_absent"", ""activation_state"": ""ADVISORY_ONLY"", ""reason"": ""Awaiting a system dynamics rework model: the stock of work in the backlog, the work arriving and completed each step, and the share of completed work that returns as rework. This measure is named for a method that cannot be carried out without it, so no reading is reported and no other figure is used in its place.""}"
four_period,PRJ-C45-FOUR,1,abstained,A5.6,ABSTAINED,"{""abstention_reason_code"": ""canonical_structure_absent"", ""activation_state"": ""ADVISORY_ONLY"", ""reason"": ""Awaiting a queue model: the rate work arrives at, the rate it is served at, how many servers there are and the order they take work in. This measure is named for a method that cannot be carried out without it, so no reading is reported and no other figure is used in its place.""}"
four_period,PRJ-C45-FOUR,1,abstained,A5.7,ABSTAINED,"{""abstention_reason_code"": ""canonical_structure_absent"", ""activation_state"": ""ADVISORY_ONLY"", ""reason"": ""Awaiting an agent based supply chain model: the agents, the state each starts in, the rule each follows, who they are connected to, and the steps the model runs over. This measure is named for a method that cannot be carried out without it, so no reading is reported and no other figure is used in its place.""}"
four_period,PRJ-C45-FOUR,1,abstained,A5.8,ABSTAINED,"{""abstention_reason_code"": ""canonical_structure_absent"", ""activation_state"": ""ADVISORY_ONLY"", ""reason"": ""Awaiting a discrete event model: the entities and when they arrive, the resources that serve them, how long service takes, and the order simultaneous events are taken in. This measure is named for a method that cannot be carried out without it, so no reading is reported and no other figure is used in its place.""}"
four_period,PRJ-C45-FOUR,1,abstained,A6.1,ABSTAINED,"{""abstention_reason_code"": ""CATEGORY9_ASSESSMENT_MISSING"", ""activation_state"": ""ADVISORY_ONLY"", ""lineage"": {""evidence_body"": null, ""independence_established"": false, ""lineage_status"": ""LINEAGE_UNRESOLVED""}, ""reason"": ""The evidence offered to this measure carries no Category-9 assessment, so it is unassessed and not eligible for this use. No reading is produced and no figure is used in its place."", ""result_source"": ""QUALIFICATION_BOUNDARY_V18""}"
four_period,PRJ-C45-FOUR,1,abstained,A6.2,ABSTAINED,"{""abstention_reason_code"": ""CATEGORY9_ASSESSMENT_MISSING"", ""activation_state"": ""ADVISORY_ONLY"", ""lineage"": {""evidence_body"": null, ""independence_established"": false, ""lineage_status"": ""LINEAGE_UNRESOLVED""}, ""reason"": ""The evidence offered to this measure carries no Category-9 assessment, so it is unassessed and not eligible for this use. No reading is produced and no figure is used in its place."", ""result_source"": ""QUALIFICATION_BOUNDARY_V18""}"
four_period,PRJ-C45-FOUR,1,abstained,A6.3,ABSTAINED,"{""abstention_reason_code"": ""CATEGORY9_ASSESSMENT_MISSING"", ""activation_state"": ""ADVISORY_ONLY"", ""claim_limit"": ""The permit authority, the jurisdiction and the version of the conditions being assessed are not carried, and no committed authority in this repository supplies them. The reading is a count of reported conditions met and is not a compliance determination under any named instrument."", ""claim_limit_disposition"": ""REGULATORY_VERSION_BLOCKED"", ""lineage"": {""evidence_body"": null, ""independence_established"": false, ""lineage_status"": ""LINEAGE_UNRESOLVED""}, ""reason"": ""The evidence offered to this measure carries no Category-9 assessment, so it is unassessed and not eligible for this use. No reading is produced and no figure is used in its place."", ""result_source"": ""QUALIFICATION_BOUNDARY_V18""}"
four_period,PRJ-C45-FOUR,1,abstained,A6.4,ABSTAINED,"{""abstention_reason_code"": ""CATEGORY9_ASSESSMENT_MISSING"", ""activation_state"": ""ADVISORY_ONLY"", ""lineage"": {""evidence_body"": null, ""independence_established"": false, ""lineage_status"": ""LINEAGE_UNRESOLVED""}, ""reason"": ""The evidence offered to this measure carries no Category-9 assessment, so it is unassessed and not eligible for this use. No reading is produced and no figure is used in its place."", ""result_source"": ""QUALIFICATION_BOUNDARY_V18""}"
four_period,PRJ-C45-FOUR,1,abstained,B1.1,ABSTAINED,"{""abstention_reason_code"": ""CATEGORY9_ASSESSMENT_MISSING"", ""activation_state"": ""ADVISORY_ONLY"", ""lineage"": {""evidence_body"": null, ""independence_established"": false, ""lineage_status"": ""LINEAGE_UNRESOLVED""}, ""newly_wired_unvalidated"": true, ""reason"": ""The evidence offered to this measure carries no Category-9 assessment, so it is unassessed and not eligible for this use. No reading is produced and no figure is used in its place. This computation reads an assembled signal package. It was supplied the cost and schedule indices. Not available this period: the cost forecast, because the cost forecast computation abstained this period; the performance trend, because the performance trend computation abstained this period; the document risk score, because this period's evidence carries no document risk score."", ""result_source"": ""QUALIFICATION_BOUNDARY_V18"", ""signal_qualification"": ""unqualified"", ""wiring_note"": ""Newly wired and unvalidated: this module could not execute on the normal computation path before the flat-to-nested signal adapter, so its output has never been validated against real project evidence. Advisory, non-voting.""}"
four_period,PRJ-C45-FOUR,1,abstained,B1.2,ABSTAINED,"{""abstention_reason_code"": ""CATEGORY9_ASSESSMENT_MISSING"", ""activation_state"": ""ADVISORY_ONLY"", ""lineage"": {""evidence_body"": null, ""independence_established"": false, ""lineage_status"": ""LINEAGE_UNRESOLVED""}, ""newly_wired_unvalidated"": true, ""reason"": ""The evidence offered to this measure carries no Category-9 assessment, so it is unassessed and not eligible for this use. No reading is produced and no figure is used in its place. This computation reads an assembled signal package. It was supplied the cost and schedule indices. Not available this period: the cost forecast, because the cost forecast computation abstained this period; the performance trend, because the performance trend computation abstained this period; the document risk score, because this period's evidence carries no document risk score."", ""result_source"": ""QUALIFICATION_BOUNDARY_V18"", ""signal_qualification"": ""unqualified"", ""wiring_note"": ""Newly wired and unvalidated: this module could not execute on the normal computation path before the flat-to-nested signal adapter, so its output has never been validated against real project evidence. Advisory, non-voting.""}"
four_period,PRJ-C45-FOUR,1,abstained,B1.3,ABSTAINED,"{""abstention_reason_code"": ""CATEGORY9_ASSESSMENT_MISSING"", ""activation_state"": ""ADVISORY_ONLY"", ""lineage"": {""evidence_body"": null, ""independence_established"": false, ""lineage_status"": ""LINEAGE_UNRESOLVED""}, ""newly_wired_unvalidated"": true, ""reason"": ""The evidence offered to this measure carries no Category-9 assessment, so it is unassessed and not eligible for this use. No reading is produced and no figure is used in its place. This computation reads an assembled signal package. It was supplied the cost and schedule indices. Not available this period: the cost forecast, because the cost forecast computation abstained this period; the performance trend, because the performance trend computation abstained this period; the document risk score, because this period's evidence carries no document risk score."", ""result_source"": ""QUALIFICATION_BOUNDARY_V18"", ""signal_qualification"": ""unqualified"", ""wiring_note"": ""Newly wired and unvalidated: this module could not execute on the normal computation path before the flat-to-nested signal adapter, so its output has never been validated against real project evidence. Advisory, non-voting.""}"
four_period,PRJ-C45-FOUR,1,abstained,B1.4,ABSTAINED,"{""abstention_reason_code"": ""CATEGORY9_ASSESSMENT_MISSING"", ""activation_state"": ""ADVISORY_ONLY"", ""lineage"": {""evidence_body"": null, ""independence_established"": false, ""lineage_status"": ""LINEAGE_UNRESOLVED""}, ""newly_wired_unvalidated"": true, ""reason"": ""The evidence offered to this measure carries no Category-9 assessment, so it is unassessed and not eligible for this use. No reading is produced and no figure is used in its place. This computation reads an assembled signal package. It was supplied the cost and schedule indices. Not available this period: the cost forecast, because the cost forecast computation abstained this period; the performance trend, because the performance trend computation abstained this period; the document risk score, because this period's evidence carries no document risk score."", ""result_source"": ""QUALIFICATION_BOUNDARY_V18"", ""signal_qualification"": ""unqualified"", ""wiring_note"": ""Newly wired and unvalidated: this module could not execute on the normal computation path before the flat-to-nested signal adapter, so its output has never been validated against real project evidence. Advisory, non-voting.""}"
four_period,PRJ-C45-FOUR,1,abstained,B2.18,ABSTAINED,"{""abstention_reason_code"": ""CATEGORY9_ASSESSMENT_MISSING"", ""activation_state"": ""ADVISORY_ONLY"", ""lineage"": {""evidence_body"": null, ""independence_established"": false, ""lineage_status"": ""LINEAGE_UNRESOLVED""}, ""reason"": ""The evidence offered to this measure carries no Category-9 assessment, so it is unassessed and not eligible for this use. No reading is produced and no figure is used in its place."", ""result_source"": ""QUALIFICATION_BOUNDARY_V18""}"
four_period,PRJ-C45-FOUR,1,abstained,B3.1,ABSTAINED,"{""abstention_reason_code"": ""CATEGORY9_ASSESSMENT_MISSING"", ""activation_state"": ""ADVISORY_ONLY"", ""lineage"": {""evidence_body"": null, ""independence_established"": false, ""lineage_status"": ""LINEAGE_UNRESOLVED""}, ""newly_wired_unvalidated"": true, ""reason"": ""The evidence offered to this measure carries no Category-9 assessment, so it is unassessed and not eligible for this use. No reading is produced and no figure is used in its place. This computation reads an assembled signal package. It was supplied the cost and schedule indices. Not available this period: the cost forecast, because the cost forecast computation abstained this period; the performance trend, because the performance trend computation abstained this period; the document risk score, because this period's evidence carries no document risk score."", ""result_source"": ""QUALIFICATION_BOUNDARY_V18"", ""signal_qualification"": ""unqualified"", ""wiring_note"": ""Newly wired and unvalidated: this module could not execute on the normal computation path before the flat-to-nested signal adapter, so its output has never been validated against real project evidence. Advisory, non-voting.""}"
four_period,PRJ-C45-FOUR,1,abstained,B3.2,ABSTAINED,"{""abstention_reason_code"": ""CATEGORY9_ASSESSMENT_MISSING"", ""activation_state"": ""ADVISORY_ONLY"", ""lineage"": {""evidence_body"": null, ""independence_established"": false, ""lineage_status"": ""LINEAGE_UNRESOLVED""}, ""reason"": ""The evidence offered to this measure carries no Category-9 assessment, so it is unassessed and not eligible for this use. No reading is produced and no figure is used in its place."", ""result_source"": ""QUALIFICATION_BOUNDARY_V18""}"
four_period,PRJ-C45-FOUR,1,abstained,B3.3,ABSTAINED,"{""abstention_reason_code"": ""CATEGORY9_ASSESSMENT_MISSING"", ""activation_state"": ""ADVISORY_ONLY"", ""lineage"": {""evidence_body"": null, ""independence_established"": false, ""lineage_status"": ""LINEAGE_UNRESOLVED""}, ""reason"": ""The evidence offered to this measure carries no Category-9 assessment, so it is unassessed and not eligible for this use. No reading is produced and no figure is used in its place."", ""result_source"": ""QUALIFICATION_BOUNDARY_V18""}"
four_period,PRJ-C45-FOUR,1,abstained,B3.4,ABSTAINED,"{""abstention_reason_code"": ""CATEGORY9_ASSESSMENT_MISSING"", ""activation_state"": ""ADVISORY_ONLY"", ""lineage"": {""evidence_body"": null, ""independence_established"": false, ""lineage_status"": ""LINEAGE_UNRESOLVED""}, ""reason"": ""The evidence offered to this measure carries no Category-9 assessment, so it is unassessed and not eligible for this use. No reading is produced and no figure is used in its place."", ""result_source"": ""QUALIFICATION_BOUNDARY_V18""}"
four_period,PRJ-C45-FOUR,1,abstained,B3.5,ABSTAINED,"{""abstention_reason_code"": ""CATEGORY9_ASSESSMENT_MISSING"", ""activation_state"": ""ADVISORY_ONLY"", ""lineage"": {""evidence_body"": null, ""independence_established"": false, ""lineage_status"": ""LINEAGE_UNRESOLVED""}, ""reason"": ""The evidence offered to this measure carries no Category-9 assessment, so it is unassessed and not eligible for this use. No reading is produced and no figure is used in its place."", ""result_source"": ""QUALIFICATION_BOUNDARY_V18""}"
four_period,PRJ-C45-FOUR,1,abstained,B4.3,ABSTAINED,"{""abstention_reason_code"": ""CATEGORY9_ASSESSMENT_MISSING"", ""activation_state"": ""ADVISORY_ONLY"", ""lineage"": {""evidence_body"": null, ""independence_established"": false, ""lineage_status"": ""LINEAGE_UNRESOLVED""}, ""reason"": ""The evidence offered to this measure carries no Category-9 assessment, so it is unassessed and not eligible for this use. No reading is produced and no figure is used in its place."", ""result_source"": ""QUALIFICATION_BOUNDARY_V18""}"
four_period,PRJ-C45-FOUR,1,abstained,B4.4,ABSTAINED,"{""abstention_reason_code"": ""CATEGORY9_ASSESSMENT_MISSING"", ""activation_state"": ""ADVISORY_ONLY"", ""lineage"": {""evidence_body"": null, ""independence_established"": false, ""lineage_status"": ""LINEAGE_UNRESOLVED""}, ""reason"": ""The evidence offered to this measure carries no Category-9 assessment, so it is unassessed and not eligible for this use. No reading is produced and no figure is used in its place."", ""result_source"": ""QUALIFICATION_BOUNDARY_V18""}"
four_period,PRJ-C45-FOUR,1,abstained,C1.1,ABSTAINED,"{""abstention_reason_code"": ""canonical_structure_absent"", ""activation_state"": ""ADVISORY_ONLY"", ""canonical_disposition"": ""NOT_ESTIMABLE_STRUCTURE_ABSENT"", ""canonical_structure"": ""requiredInputContract"", ""reason"": ""Awaiting the required-input contract for the module or use being assessed. This measure is named for a method that cannot be carried out without it, so no reading is reported and no other figure is used in its place."", ""result_source"": ""CANONICAL_V6_LAYER""}"
four_period,PRJ-C45-FOUR,1,abstained,C1.2,ABSTAINED,"{""abstention_reason_code"": ""canonical_structure_absent"", ""activation_state"": ""ADVISORY_ONLY"", ""canonical_disposition"": ""NOT_ESTIMABLE_STRUCTURE_ABSENT"", ""canonical_structure"": ""evidenceTimelinessRecord"", ""reason"": ""Awaiting a governed evidence date and freshness rule. This measure is named for a method that cannot be carried out without it, so no reading is reported and no other figure is used in its place."", ""result_source"": ""CANONICAL_V6_LAYER""}"
four_period,PRJ-C45-FOUR,1,abstained,C1.3,ABSTAINED,"{""abstention_reason_code"": ""canonical_structure_absent"", ""activation_state"": ""ADVISORY_ONLY"", ""canonical_disposition"": ""NOT_ESTIMABLE_STRUCTURE_ABSENT"", ""canonical_structure"": ""sourceProvenanceRecord"", ""reason"": ""Awaiting a governed source provenance record. This measure is named for a method that cannot be carried out without it, so no reading is reported and no other figure is used in its place."", ""result_source"": ""CANONICAL_V6_LAYER""}"
four_period,PRJ-C45-FOUR,1,abstained,C1.4,ABSTAINED,"{""abstention_reason_code"": ""canonical_structure_absent"", ""activation_state"": ""ADVISORY_ONLY"", ""canonical_disposition"": ""NOT_ESTIMABLE_STRUCTURE_ABSENT"", ""canonical_structure"": ""auditChainRecord"", ""reason"": ""Awaiting a governed audit chain record. This measure is named for a method that cannot be carried out without it, so no reading is reported and no other figure is used in its place."", ""result_source"": ""CANONICAL_V6_LAYER""}"
four_period,PRJ-C45-FOUR,1,abstained,C1.5,ABSTAINED,"{""abstention_reason_code"": ""canonical_structure_absent"", ""activation_state"": ""ADVISORY_ONLY"", ""canonical_disposition"": ""NOT_ESTIMABLE_STRUCTURE_ABSENT"", ""canonical_structure"": ""informationPackageRecord"", ""reason"": ""Awaiting a governed information package definition. This measure is named for a method that cannot be carried out without it, so no reading is reported and no other figure is used in its place."", ""result_source"": ""CANONICAL_V6_LAYER""}"
four_period,PRJ-C45-FOUR,1,abstained,C1.6,ABSTAINED,"{""abstention_reason_code"": ""canonical_structure_absent"", ""activation_state"": ""ADVISORY_ONLY"", ""canonical_disposition"": ""NOT_ESTIMABLE_STRUCTURE_ABSENT"", ""canonical_structure"": ""crossDocumentFactSet"", ""reason"": ""Awaiting a governed cross-document fact set. This measure is named for a method that cannot be carried out without it, so no reading is reported and no other figure is used in its place."", ""result_source"": ""CANONICAL_V6_LAYER""}"
four_period,PRJ-C45-FOUR,1,abstained,C1.7,ABSTAINED,"{""abstention_reason_code"": ""canonical_structure_absent"", ""activation_state"": ""ADVISORY_ONLY"", ""canonical_disposition"": ""NOT_ESTIMABLE_STRUCTURE_ABSENT"", ""canonical_structure"": ""reportingCadenceRecord"", ""reason"": ""Awaiting a governed reporting cadence record and report history. This measure is named for a method that cannot be carried out without it, so no reading is reported and no other figure is used in its place."", ""result_source"": ""CANONICAL_V6_LAYER""}"
four_period,PRJ-C45-FOUR,1,module,A1.7,,"{""activation_state"": ""ENABLED_QUALIFIED"", ""band_source"": ""Green at or below 1.00, Amber at or below 1.10, Red above. 1.00 is definitional: Project Management Institute, A Guide to the Project Management Body of Knowledge, 6th edition, 2017, section 7.4.2.2, and PMI Practice Standard for Earned Value Management, 2nd edition, 2011, define this index as the cost efficiency the remaining work must achieve, so at or below 1.00 the remaining budget suffices at the efficiency already planned. 1.10 applies a sourced number by stated inference: Christensen and Heise, Cost Performance Index Stability, National Contract Management Journal 25(1), 1993, pages 7 to 15, found the cumulative cost performance index does not move by more than 0.10 after the twenty per cent completion point, so a demand for more than that improvement is beyond what the remaining work is observed to deliver."", ""band_source_limit"": ""Band boundaries are sourced to published literature. False-positive and false-negative performance is not measured: no labelled holdout corpus and no expert reference standard exist for this platform, so how often a band is right is unknown."", ""category"": ""A1"", ""evidence_metric"": ""TCPI: 1.006, the cost efficiency the remaining work must achieve to finish within budget, above the efficiency planned"", ""group"": ""A"", ""method_class"": ""TCPI"", ""status_color"": ""Amber"", ""tcpi"": 1.0056497175141244, ""tcpi_display"": 1.006, ""votes"": true}"
four_period,PRJ-C45-FOUR,1,module,A1.8,,"{""activation_state"": ""ENABLED_QUALIFIED"", ""band_source"": ""Green at or above zero per cent, Amber at or above minus 11.11 per cent, Red below. Zero is definitional: the Project Management Institute (A Guide to the Project Management Body of Knowledge, 6th edition, 2017, section 7.4.2.2; Practice Standard for Earned Value Management, 2nd edition, 2011) defines variance at completion as budget minus forecast, so a negative variance is a forecast overrun. Minus 11.11 per cent is the exact restatement of a cost performance index of 0.90, because this forecast is the index-based one, and 0.90 applies the 0.10 stability finding of Christensen and Heise (National Contract Management Journal 25(1), 1993, pages 7 to 15) by stated inference. The stated limit of that citation: the stability finding is conditional on the project being past twenty per cent complete and this measure does not read percent complete, so the condition is not enforced."", ""band_source_limit"": ""Band boundaries are sourced to published literature. False-positive and false-negative performance is not measured: no labelled holdout corpus and no expert reference standard exist for this platform, so how often a band is right is unknown."", ""category"": ""A1"", ""evidence_metric"": ""VAC: $449,321 over budget (4.5%)"", ""group"": ""A"", ""method_class"": ""VAC"", ""status_color"": ""Amber"", ""vac"": -449320.79414837994, ""vac_display"": -449321, ""vac_pct"": -4.493207941483799, ""vac_pct_display"": -4.5, ""votes"": true}"
four_period,PRJ-C45-FOUR,1,signal_input,ac,,1150000
four_period,PRJ-C45-FOUR,1,signal_input,activitiesConstrained,,null
four_period,PRJ-C45-FOUR,1,signal_input,activitiesPlanned,,null
four_period,PRJ-C45-FOUR,1,signal_input,actualLaborHours,,null
four_period,PRJ-C45-FOUR,1,signal_input,actualPctComplete,,41.0
four_period,PRJ-C45-FOUR,1,signal_input,analogousBac,,null
four_period,PRJ-C45-FOUR,1,signal_input,analogousFinalCost,,null
four_period,PRJ-C45-FOUR,1,signal_input,analogousOverrunPct,,null
four_period,PRJ-C45-FOUR,1,signal_input,bac,,10000000
four_period,PRJ-C45-FOUR,1,signal_input,baselineContractSum,,null
four_period,PRJ-C45-FOUR,1,signal_input,baselineEnd,,null
four_period,PRJ-C45-FOUR,1,signal_input,baselineStart,,null
four_period,PRJ-C45-FOUR,1,signal_input,changeOrderCount,,null
four_period,PRJ-C45-FOUR,1,signal_input,consumedFloat,,null
four_period,PRJ-C45-FOUR,1,signal_input,costRating,,null
four_period,PRJ-C45-FOUR,1,signal_input,cpi,,0.957
four_period,PRJ-C45-FOUR,1,signal_input,criticalDeficiencyCount,,null
four_period,PRJ-C45-FOUR,1,signal_input,criticalFindings,,null
four_period,PRJ-C45-FOUR,1,signal_input,docDate,,"""2026-03-31"""
four_period,PRJ-C45-FOUR,1,signal_input,docRiskScore,,null
four_period,PRJ-C45-FOUR,1,signal_input,environmentalComplianceRate,,null
four_period,PRJ-C45-FOUR,1,signal_input,environmentalIssuesDiscussed,,null
four_period,PRJ-C45-FOUR,1,signal_input,environmentalViolations,,null
four_period,PRJ-C45-FOUR,1,signal_input,ev,,1100000
four_period,PRJ-C45-FOUR,1,signal_input,floatRemaining,,null
four_period,PRJ-C45-FOUR,1,signal_input,indirectCostActual,,null
four_period,PRJ-C45-FOUR,1,signal_input,indirectCostPlan,,null
four_period,PRJ-C45-FOUR,1,signal_input,itemsFailed,,null
four_period,PRJ-C45-FOUR,1,signal_input,itemsInspected,,null
four_period,PRJ-C45-FOUR,1,signal_input,longLeadAtRisk,,null
four_period,PRJ-C45-FOUR,1,signal_input,longLeadDelayed,,null
four_period,PRJ-C45-FOUR,1,signal_input,longLeadItemsTotal,,null
four_period,PRJ-C45-FOUR,1,signal_input,lookaheadWeeks,,null
four_period,PRJ-C45-FOUR,1,signal_input,materialCostBaseline,,null
four_period,PRJ-C45-FOUR,1,signal_input,materialCostCurrent,,null
four_period,PRJ-C45-FOUR,1,signal_input,ncrClosed,,null
four_period,PRJ-C45-FOUR,1,signal_input,ncrIssued,,null
four_period,PRJ-C45-FOUR,1,signal_input,ncrOpen,,null
four_period,PRJ-C45-FOUR,1,signal_input,originalContingency,,null
four_period,PRJ-C45-FOUR,1,signal_input,oshaIncidentRate,,null
four_period,PRJ-C45-FOUR,1,signal_input,outstandingActionItems,,null
four_period,PRJ-C45-FOUR,1,signal_input,overallRating,,null
four_period,PRJ-C45-FOUR,1,signal_input,plannedLaborHours,,null
four_period,PRJ-C45-FOUR,1,signal_input,plannedPctComplete,,42.0
four_period,PRJ-C45-FOUR,1,signal_input,pv,,1110000
four_period,PRJ-C45-FOUR,1,signal_input,qualityAuditScore,,null
four_period,PRJ-C45-FOUR,1,signal_input,qualityDeficienciesNoted,,null
four_period,PRJ-C45-FOUR,1,signal_input,qualityIssuesDiscussed,,null
four_period,PRJ-C45-FOUR,1,signal_input,qualityRating,,null
four_period,PRJ-C45-FOUR,1,signal_input,remainingContingency,,null
four_period,PRJ-C45-FOUR,1,signal_input,revisedContractSum,,null
four_period,PRJ-C45-FOUR,1,signal_input,rfaApproved,,null
four_period,PRJ-C45-FOUR,1,signal_input,rfaAvgReviewDays,,null
four_period,PRJ-C45-FOUR,1,signal_input,rfaOpen,,null
four_period,PRJ-C45-FOUR,1,signal_input,rfaRejected,,null
four_period,PRJ-C45-FOUR,1,signal_input,rfaResubmit,,null
four_period,PRJ-C45-FOUR,1,signal_input,rfaTotal,,null
four_period,PRJ-C45-FOUR,1,signal_input,rfiAvgResponseDays,,null
four_period,PRJ-C45-FOUR,1,signal_input,rfiCount,,null
four_period,PRJ-C45-FOUR,1,signal_input,rfiNumber,,null
four_period,PRJ-C45-FOUR,1,signal_input,rfiOldestOpenDays,,null
four_period,PRJ-C45-FOUR,1,signal_input,rfiOpen,,null
four_period,PRJ-C45-FOUR,1,signal_input,rfiOverdue,,null
four_period,PRJ-C45-FOUR,1,signal_input,rfiPeriodDays,,null
four_period,PRJ-C45-FOUR,1,signal_input,rfiResponseTimeDays,,null
four_period,PRJ-C45-FOUR,1,signal_input,safetyActionsOpen,,null
four_period,PRJ-C45-FOUR,1,signal_input,safetyIncidentsDiscussed,,null
four_period,PRJ-C45-FOUR,1,signal_input,scheduleRating,,null
four_period,PRJ-C45-FOUR,1,signal_input,spi,,0.991
four_period,PRJ-C45-FOUR,1,signal_input,subcontractorComplianceScore,,null
four_period,PRJ-C45-FOUR,1,signal_input,subcontractorDisputes,,null
four_period,PRJ-C45-FOUR,1,signal_input,subcontractorIssuesDiscussed,,null
four_period,PRJ-C45-FOUR,1,signal_input,submittalsRejected,,null
four_period,PRJ-C45-FOUR,1,signal_input,submittalsTotal,,null
four_period,PRJ-C45-FOUR,1,signal_input,totalFindings,,null
four_period,PRJ-C45-FOUR,1,signal_input,totalFloat,,null
four_period,PRJ-C45-FOUR,1,signal_input,totalManhours,,null
four_period,PRJ-C45-FOUR,1,signal_input,weatherDaysDiscussed,,null
four_period,PRJ-C45-FOUR,1,signal_input,weatherDaysLost,,null
four_period,PRJ-C45-FOUR,1,signal_input,workPeriodFrom,,null
four_period,PRJ-C45-FOUR,1,signal_input,workPeriodTo,,null
four_period,PRJ-C45-FOUR,2,abstained,A1.10,ABSTAINED,"{""abstention_reason_code"": ""canonical_structure_absent"", ""activation_state"": ""ADVISORY_ONLY"", ""reason"": ""Awaiting a governed reference population of comparable projects with the cost performance they achieved, and the weight to place on this project's own reading. This measure is named for a method that cannot be carried out without it, so no reading is reported and no other figure is used in its place.""}"
four_period,PRJ-C45-FOUR,2,abstained,A1.11,ABSTAINED,"{""abstention_reason_code"": ""canonical_structure_absent"", ""activation_state"": ""ADVISORY_ONLY"", ""reason"": ""Awaiting two separately prepared forecasts of the cost at completion, one from the project management team and one prepared independently of it. This measure is named for a method that cannot be carried out without it, so no reading is reported and no other figure is used in its place.""}"
four_period,PRJ-C45-FOUR,2,abstained,A1.3,ABSTAINED,"{""abstention_reason_code"": ""canonical_structure_absent"", ""activation_state"": ""ADVISORY_ONLY"", ""reason"": ""Awaiting a stated prior for the cost at completion, with its source, and a stated observation model with the uncertainty of the observation. This measure is named for a method that cannot be carried out without it, so no reading is reported and no other figure is used in its place.""}"
four_period,PRJ-C45-FOUR,2,abstained,A1.4,ABSTAINED,"{""abstention_reason_code"": ""canonical_structure_absent"", ""activation_state"": ""ADVISORY_ONLY"", ""reason"": ""Awaiting a state space model for the schedule index: a starting estimate, its uncertainty, the process and measurement variances, and the readings taken. This measure is named for a method that cannot be carried out without it, so no reading is reported and no other figure is used in its place.""}"
four_period,PRJ-C45-FOUR,2,abstained,A1.5,ABSTAINED,"{""abstention_reason_code"": ""insufficient_history"", ""activation_state"": ""ADVISORY_ONLY"", ""reason"": ""The cost performance history is too short for a time series model to be identified from it, so no forecast is reported and no shorter substitute is used.""}"
four_period,PRJ-C45-FOUR,2,abstained,A1.6,ABSTAINED,"{""abstention_reason_code"": ""canonical_structure_absent"", ""activation_state"": ""ADVISORY_ONLY"", ""reason"": ""Awaiting a time phased baseline: the cumulative value of work planned to be complete at the end of each period. This measure is named for a method that cannot be carried out without it, so no reading is reported and no other figure is used in its place.""}"
four_period,PRJ-C45-FOUR,2,abstained,A1.9,ABSTAINED,"{""abstention_reason_code"": ""canonical_structure_absent"", ""activation_state"": ""ADVISORY_ONLY"", ""reason"": ""Awaiting an approved time phased expenditure baseline: the amount planned to be spent by the end of each period. This measure is named for a method that cannot be carried out without it, so no reading is reported and no other figure is used in its place.""}"
four_period,PRJ-C45-FOUR,2,abstained,A2.1,ABSTAINED,"{""abstention_reason_code"": ""canonical_structure_absent"", ""activation_state"": ""ADVISORY_ONLY"", ""reason"": ""Awaiting the project's activity network: the activities, the logic between them, and a duration for each. This measure is named for a method that cannot be carried out without it, so no reading is reported and no other figure is used in its place.""}"
four_period,PRJ-C45-FOUR,2,abstained,A2.2,ABSTAINED,"{""abstention_reason_code"": ""canonical_structure_absent"", ""activation_state"": ""ADVISORY_ONLY"", ""reason"": ""Awaiting a line of balance: locations in sequence, the crews working them, and a production rate and start for each line of work. This measure is named for a method that cannot be carried out without it, so no reading is reported and no other figure is used in its place.""}"
four_period,PRJ-C45-FOUR,2,abstained,A2.3,ABSTAINED,"{""abstention_reason_code"": ""canonical_structure_absent"", ""activation_state"": ""ADVISORY_ONLY"", ""reason"": ""Awaiting a critical chain with its activities and a sized project buffer. This measure is named for a method that cannot be carried out without it, so no reading is reported and no other figure is used in its place.""}"
four_period,PRJ-C45-FOUR,2,abstained,A2.7,ABSTAINED,"{""abstention_reason_code"": ""canonical_structure_absent"", ""activation_state"": ""ADVISORY_ONLY"", ""reason"": ""Awaiting a milestone forecast history: each milestone's committed date and the date it was forecast for in each reporting period since. This measure is named for a method that cannot be carried out without it, so no reading is reported and no other figure is used in its place.""}"
four_period,PRJ-C45-FOUR,2,abstained,A2.8,ABSTAINED,"{""abstention_reason_code"": ""canonical_structure_absent"", ""activation_state"": ""ADVISORY_ONLY"", ""reason"": ""Awaiting a look ahead schedule: the window it covers, the activities planned in it, and whether each one still carries an open constraint. This measure is named for a method that cannot be carried out without it, so no reading is reported and no other figure is used in its place.""}"
four_period,PRJ-C45-FOUR,2,abstained,A2.9,ABSTAINED,"{""abstention_reason_code"": ""canonical_structure_absent"", ""activation_state"": ""ADVISORY_ONLY"", ""reason"": ""Awaiting a time phased resource profile: for each period and each kind of resource, the amount of work demanded and the amount available. This measure is named for a method that cannot be carried out without it, so no reading is reported and no other figure is used in its place.""}"
four_period,PRJ-C45-FOUR,2,abstained,A3.1,ABSTAINED,"{""abstention_reason_code"": ""canonical_structure_absent"", ""activation_state"": ""ADVISORY_ONLY"", ""reason"": ""Awaiting a reference class of completed comparable projects, with the criteria that put them in it and the overrun each of them finished with. This measure is named for a method that cannot be carried out without it, so no reading is reported and no other figure is used in its place.""}"
four_period,PRJ-C45-FOUR,2,abstained,A3.2,ABSTAINED,"{""abstention_reason_code"": ""missing_required_input"", ""activation_state"": ""ADVISORY_ONLY"", ""reason"": ""Insufficient data: the original and remaining contingency amounts are needed, and at least one of them has not been reported for this period.""}"
four_period,PRJ-C45-FOUR,2,abstained,A3.3,ABSTAINED,"{""abstention_reason_code"": ""canonical_structure_absent"", ""activation_state"": ""ADVISORY_ONLY"", ""reason"": ""Awaiting a record of production: the quantity of work installed, the quantity planned, and the labour hours each of those took. This measure is named for a method that cannot be carried out without it, so no reading is reported and no other figure is used in its place.""}"
four_period,PRJ-C45-FOUR,2,abstained,A3.5,ABSTAINED,"{""abstention_reason_code"": ""canonical_structure_absent"", ""activation_state"": ""ADVISORY_ONLY"", ""reason"": ""Awaiting an overhead allocation base: the planned and actual overhead and the planned and actual amount of the base it is absorbed over. This measure is named for a method that cannot be carried out without it, so no reading is reported and no other figure is used in its place.""}"
four_period,PRJ-C45-FOUR,2,abstained,A3.6,ABSTAINED,"{""abstention_reason_code"": ""canonical_structure_absent"", ""activation_state"": ""ADVISORY_ONLY"", ""reason"": ""Awaiting a cost risk model: the base cost components, the risk events that could occur, how likely each is and what it would cost. This measure is named for a method that cannot be carried out without it, so no reading is reported and no other figure is used in its place.""}"
four_period,PRJ-C45-FOUR,2,abstained,A3.7,ABSTAINED,"{""abstention_reason_code"": ""canonical_structure_absent"", ""activation_state"": ""ADVISORY_ONLY"", ""reason"": ""Awaiting an identified analogous project with its cost, why it is comparable, and the factors that adapt it to this project. This measure is named for a method that cannot be carried out without it, so no reading is reported and no other figure is used in its place.""}"
four_period,PRJ-C45-FOUR,2,abstained,A3.9,ABSTAINED,"{""abstention_reason_code"": ""canonical_structure_absent"", ""activation_state"": ""ADVISORY_ONLY"", ""reason"": ""Awaiting a named external price index with its authority, geography, base period and the period being adjusted to. This measure is named for a method that cannot be carried out without it, so no reading is reported and no other figure is used in its place.""}"
four_period,PRJ-C45-FOUR,2,abstained,A4.10,ABSTAINED,"{""abstention_reason_code"": ""canonical_structure_absent"", ""activation_state"": ""ADVISORY_ONLY"", ""reason"": ""Awaiting a specification conflict register: each identified conflict, the two places in the specification that disagree, whether it has been confirmed, and the exposure the conflicts are counted over. This measure is named for a method that cannot be carried out without it, so no reading is reported and no other figure is used in its place.""}"
four_period,PRJ-C45-FOUR,2,abstained,A4.2,ABSTAINED,"{""activation_state"": ""ADVISORY_ONLY"", ""reason"": ""Insufficient data: upload required documents""}"
four_period,PRJ-C45-FOUR,2,abstained,A4.3,ABSTAINED,"{""activation_state"": ""ADVISORY_ONLY"", ""reason"": ""Insufficient data: upload required documents""}"
four_period,PRJ-C45-FOUR,2,abstained,A4.4,ABSTAINED,"{""abstention_reason_code"": ""canonical_structure_absent"", ""activation_state"": ""ADVISORY_ONLY"", ""reason"": ""Awaiting a nonconformance record with the exposure it is measured against: the nonconformances raised, and the inspections, hours or value they arose from. This measure is named for a method that cannot be carried out without it, so no reading is reported and no other figure is used in its place.""}"
four_period,PRJ-C45-FOUR,2,abstained,A4.5,ABSTAINED,"{""abstention_reason_code"": ""canonical_structure_absent"", ""activation_state"": ""ADVISORY_ONLY"", ""reason"": ""Awaiting a weather impact record: the weather events, the activities they stopped, the time actually lost, the allowance in the contract calendar, and the float on the path. This measure is named for a method that cannot be carried out without it, so no reading is reported and no other figure is used in its place.""}"
four_period,PRJ-C45-FOUR,2,abstained,A4.6,ABSTAINED,"{""abstention_reason_code"": ""canonical_structure_absent"", ""activation_state"": ""ADVISORY_ONLY"", ""reason"": ""Awaiting a change event register with the exposure it is measured over: each change, its type, cause and value, and the span of time or contract value it arose against. This measure is named for a method that cannot be carried out without it, so no reading is reported and no other figure is used in its place.""}"
four_period,PRJ-C45-FOUR,2,abstained,A4.7,ABSTAINED,"{""abstention_reason_code"": ""canonical_structure_absent"", ""activation_state"": ""ADVISORY_ONLY"", ""reason"": ""Awaiting a claim and dispute register: the project's own governed escalation process and the stage each issue has reached on it, with the dates it reached them. This measure is named for a method that cannot be carried out without it, so no reading is reported and no other figure is used in its place.""}"
four_period,PRJ-C45-FOUR,2,abstained,A4.8,ABSTAINED,"{""abstention_reason_code"": ""canonical_structure_absent"", ""activation_state"": ""ADVISORY_ONLY"", ""reason"": ""Awaiting a subcontractor performance assessment: each firm, the criteria it was rated against, the rating on each, who assessed it and the weights that were applied. This measure is named for a method that cannot be carried out without it, so no reading is reported and no other figure is used in its place.""}"
four_period,PRJ-C45-FOUR,2,abstained,A4.9,ABSTAINED,"{""abstention_reason_code"": ""canonical_structure_absent"", ""activation_state"": ""ADVISORY_ONLY"", ""reason"": ""Awaiting an item level procurement register: for each item, the date it is required on site, the date it is forecast to arrive, and the activity it feeds. This measure is named for a method that cannot be carried out without it, so no reading is reported and no other figure is used in its place.""}"
four_period,PRJ-C45-FOUR,2,abstained,A5.1,ABSTAINED,"{""abstention_reason_code"": ""canonical_structure_absent"", ""activation_state"": ""ADVISORY_ONLY"", ""reason"": ""Awaiting a dependency matrix for the design: the parts of the design, which of them depend on which others and how strongly, and the rework the propagation starts from. This measure is named for a method that cannot be carried out without it, so no reading is reported and no other figure is used in its place.""}"
four_period,PRJ-C45-FOUR,2,abstained,A5.2,ABSTAINED,"{""abstention_reason_code"": ""canonical_structure_absent"", ""activation_state"": ""ADVISORY_ONLY"", ""reason"": ""Awaiting a sensitivity model: a named response function, the state it is evaluated at, and the inputs to be moved with the range each is moved across. This measure is named for a method that cannot be carried out without it, so no reading is reported and no other figure is used in its place.""}"
four_period,PRJ-C45-FOUR,2,abstained,A5.4,ABSTAINED,"{""abstention_reason_code"": ""canonical_structure_absent"", ""activation_state"": ""ADVISORY_ONLY"", ""reason"": ""Awaiting a scenario set: named scenarios, each stating every input it changes together, the reasoning behind it, and the response model they are all evaluated through. This measure is named for a method that cannot be carried out without it, so no reading is reported and no other figure is used in its place.""}"
four_period,PRJ-C45-FOUR,2,abstained,A5.5,ABSTAINED,"{""abstention_reason_code"": ""canonical_structure_absent"", ""activation_state"": ""ADVISORY_ONLY"", ""reason"": ""Awaiting a system dynamics rework model: the stock of work in the backlog, the work arriving and completed each step, and the share of completed work that returns as rework. This measure is named for a method that cannot be carried out without it, so no reading is reported and no other figure is used in its place.""}"
four_period,PRJ-C45-FOUR,2,abstained,A5.6,ABSTAINED,"{""abstention_reason_code"": ""canonical_structure_absent"", ""activation_state"": ""ADVISORY_ONLY"", ""reason"": ""Awaiting a queue model: the rate work arrives at, the rate it is served at, how many servers there are and the order they take work in. This measure is named for a method that cannot be carried out without it, so no reading is reported and no other figure is used in its place.""}"
four_period,PRJ-C45-FOUR,2,abstained,A5.7,ABSTAINED,"{""abstention_reason_code"": ""canonical_structure_absent"", ""activation_state"": ""ADVISORY_ONLY"", ""reason"": ""Awaiting an agent based supply chain model: the agents, the state each starts in, the rule each follows, who they are connected to, and the steps the model runs over. This measure is named for a method that cannot be carried out without it, so no reading is reported and no other figure is used in its place.""}"
four_period,PRJ-C45-FOUR,2,abstained,A5.8,ABSTAINED,"{""abstention_reason_code"": ""canonical_structure_absent"", ""activation_state"": ""ADVISORY_ONLY"", ""reason"": ""Awaiting a discrete event model: the entities and when they arrive, the resources that serve them, how long service takes, and the order simultaneous events are taken in. This measure is named for a method that cannot be carried out without it, so no reading is reported and no other figure is used in its place.""}"
four_period,PRJ-C45-FOUR,2,abstained,A6.1,ABSTAINED,"{""abstention_reason_code"": ""CATEGORY9_ASSESSMENT_MISSING"", ""activation_state"": ""ADVISORY_ONLY"", ""lineage"": {""evidence_body"": null, ""independence_established"": false, ""lineage_status"": ""LINEAGE_UNRESOLVED""}, ""reason"": ""The evidence offered to this measure carries no Category-9 assessment, so it is unassessed and not eligible for this use. No reading is produced and no figure is used in its place."", ""result_source"": ""QUALIFICATION_BOUNDARY_V18""}"
four_period,PRJ-C45-FOUR,2,abstained,A6.2,ABSTAINED,"{""abstention_reason_code"": ""CATEGORY9_ASSESSMENT_MISSING"", ""activation_state"": ""ADVISORY_ONLY"", ""lineage"": {""evidence_body"": null, ""independence_established"": false, ""lineage_status"": ""LINEAGE_UNRESOLVED""}, ""reason"": ""The evidence offered to this measure carries no Category-9 assessment, so it is unassessed and not eligible for this use. No reading is produced and no figure is used in its place."", ""result_source"": ""QUALIFICATION_BOUNDARY_V18""}"
four_period,PRJ-C45-FOUR,2,abstained,A6.3,ABSTAINED,"{""abstention_reason_code"": ""CATEGORY9_ASSESSMENT_MISSING"", ""activation_state"": ""ADVISORY_ONLY"", ""claim_limit"": ""The permit authority, the jurisdiction and the version of the conditions being assessed are not carried, and no committed authority in this repository supplies them. The reading is a count of reported conditions met and is not a compliance determination under any named instrument."", ""claim_limit_disposition"": ""REGULATORY_VERSION_BLOCKED"", ""lineage"": {""evidence_body"": null, ""independence_established"": false, ""lineage_status"": ""LINEAGE_UNRESOLVED""}, ""reason"": ""The evidence offered to this measure carries no Category-9 assessment, so it is unassessed and not eligible for this use. No reading is produced and no figure is used in its place."", ""result_source"": ""QUALIFICATION_BOUNDARY_V18""}"
four_period,PRJ-C45-FOUR,2,abstained,A6.4,ABSTAINED,"{""abstention_reason_code"": ""CATEGORY9_ASSESSMENT_MISSING"", ""activation_state"": ""ADVISORY_ONLY"", ""lineage"": {""evidence_body"": null, ""independence_established"": false, ""lineage_status"": ""LINEAGE_UNRESOLVED""}, ""reason"": ""The evidence offered to this measure carries no Category-9 assessment, so it is unassessed and not eligible for this use. No reading is produced and no figure is used in its place."", ""result_source"": ""QUALIFICATION_BOUNDARY_V18""}"
four_period,PRJ-C45-FOUR,2,abstained,B1.1,ABSTAINED,"{""abstention_reason_code"": ""CATEGORY9_ASSESSMENT_MISSING"", ""activation_state"": ""ADVISORY_ONLY"", ""lineage"": {""evidence_body"": null, ""independence_established"": false, ""lineage_status"": ""LINEAGE_UNRESOLVED""}, ""newly_wired_unvalidated"": true, ""reason"": ""The evidence offered to this measure carries no Category-9 assessment, so it is unassessed and not eligible for this use. No reading is produced and no figure is used in its place. This computation reads an assembled signal package. It was supplied the cost and schedule indices, the performance trend. Not available this period: the cost forecast, because the cost forecast computation abstained this period; the document risk score, because this period's evidence carries no document risk score."", ""result_source"": ""QUALIFICATION_BOUNDARY_V18"", ""signal_qualification"": ""unqualified"", ""wiring_note"": ""Newly wired and unvalidated: this module could not execute on the normal computation path before the flat-to-nested signal adapter, so its output has never been validated against real project evidence. Advisory, non-voting.""}"
four_period,PRJ-C45-FOUR,2,abstained,B1.2,ABSTAINED,"{""abstention_reason_code"": ""CATEGORY9_ASSESSMENT_MISSING"", ""activation_state"": ""ADVISORY_ONLY"", ""lineage"": {""evidence_body"": null, ""independence_established"": false, ""lineage_status"": ""LINEAGE_UNRESOLVED""}, ""newly_wired_unvalidated"": true, ""reason"": ""The evidence offered to this measure carries no Category-9 assessment, so it is unassessed and not eligible for this use. No reading is produced and no figure is used in its place. This computation reads an assembled signal package. It was supplied the cost and schedule indices, the performance trend. Not available this period: the cost forecast, because the cost forecast computation abstained this period; the document risk score, because this period's evidence carries no document risk score."", ""result_source"": ""QUALIFICATION_BOUNDARY_V18"", ""signal_qualification"": ""unqualified"", ""wiring_note"": ""Newly wired and unvalidated: this module could not execute on the normal computation path before the flat-to-nested signal adapter, so its output has never been validated against real project evidence. Advisory, non-voting.""}"
four_period,PRJ-C45-FOUR,2,abstained,B1.3,ABSTAINED,"{""abstention_reason_code"": ""CATEGORY9_ASSESSMENT_MISSING"", ""activation_state"": ""ADVISORY_ONLY"", ""lineage"": {""evidence_body"": null, ""independence_established"": false, ""lineage_status"": ""LINEAGE_UNRESOLVED""}, ""newly_wired_unvalidated"": true, ""reason"": ""The evidence offered to this measure carries no Category-9 assessment, so it is unassessed and not eligible for this use. No reading is produced and no figure is used in its place. This computation reads an assembled signal package. It was supplied the cost and schedule indices, the performance trend. Not available this period: the cost forecast, because the cost forecast computation abstained this period; the document risk score, because this period's evidence carries no document risk score."", ""result_source"": ""QUALIFICATION_BOUNDARY_V18"", ""signal_qualification"": ""unqualified"", ""wiring_note"": ""Newly wired and unvalidated: this module could not execute on the normal computation path before the flat-to-nested signal adapter, so its output has never been validated against real project evidence. Advisory, non-voting.""}"
four_period,PRJ-C45-FOUR,2,abstained,B1.4,ABSTAINED,"{""abstention_reason_code"": ""CATEGORY9_ASSESSMENT_MISSING"", ""activation_state"": ""ADVISORY_ONLY"", ""lineage"": {""evidence_body"": null, ""independence_established"": false, ""lineage_status"": ""LINEAGE_UNRESOLVED""}, ""newly_wired_unvalidated"": true, ""reason"": ""The evidence offered to this measure carries no Category-9 assessment, so it is unassessed and not eligible for this use. No reading is produced and no figure is used in its place. This computation reads an assembled signal package. It was supplied the cost and schedule indices, the performance trend. Not available this period: the cost forecast, because the cost forecast computation abstained this period; the document risk score, because this period's evidence carries no document risk score."", ""result_source"": ""QUALIFICATION_BOUNDARY_V18"", ""signal_qualification"": ""unqualified"", ""wiring_note"": ""Newly wired and unvalidated: this module could not execute on the normal computation path before the flat-to-nested signal adapter, so its output has never been validated against real project evidence. Advisory, non-voting.""}"
four_period,PRJ-C45-FOUR,2,abstained,B2.18,ABSTAINED,"{""abstention_reason_code"": ""CATEGORY9_ASSESSMENT_MISSING"", ""activation_state"": ""ADVISORY_ONLY"", ""lineage"": {""evidence_body"": null, ""independence_established"": false, ""lineage_status"": ""LINEAGE_UNRESOLVED""}, ""reason"": ""The evidence offered to this measure carries no Category-9 assessment, so it is unassessed and not eligible for this use. No reading is produced and no figure is used in its place."", ""result_source"": ""QUALIFICATION_BOUNDARY_V18""}"
four_period,PRJ-C45-FOUR,2,abstained,B3.1,ABSTAINED,"{""abstention_reason_code"": ""CATEGORY9_ASSESSMENT_MISSING"", ""activation_state"": ""ADVISORY_ONLY"", ""lineage"": {""evidence_body"": null, ""independence_established"": false, ""lineage_status"": ""LINEAGE_UNRESOLVED""}, ""newly_wired_unvalidated"": true, ""reason"": ""The evidence offered to this measure carries no Category-9 assessment, so it is unassessed and not eligible for this use. No reading is produced and no figure is used in its place. This computation reads an assembled signal package. It was supplied the cost and schedule indices, the performance trend. Not available this period: the cost forecast, because the cost forecast computation abstained this period; the document risk score, because this period's evidence carries no document risk score."", ""result_source"": ""QUALIFICATION_BOUNDARY_V18"", ""signal_qualification"": ""unqualified"", ""wiring_note"": ""Newly wired and unvalidated: this module could not execute on the normal computation path before the flat-to-nested signal adapter, so its output has never been validated against real project evidence. Advisory, non-voting.""}"
four_period,PRJ-C45-FOUR,2,abstained,B3.2,ABSTAINED,"{""abstention_reason_code"": ""CATEGORY9_ASSESSMENT_MISSING"", ""activation_state"": ""ADVISORY_ONLY"", ""lineage"": {""evidence_body"": null, ""independence_established"": false, ""lineage_status"": ""LINEAGE_UNRESOLVED""}, ""reason"": ""The evidence offered to this measure carries no Category-9 assessment, so it is unassessed and not eligible for this use. No reading is produced and no figure is used in its place."", ""result_source"": ""QUALIFICATION_BOUNDARY_V18""}"
four_period,PRJ-C45-FOUR,2,abstained,B3.3,ABSTAINED,"{""abstention_reason_code"": ""CATEGORY9_ASSESSMENT_MISSING"", ""activation_state"": ""ADVISORY_ONLY"", ""lineage"": {""evidence_body"": null, ""independence_established"": false, ""lineage_status"": ""LINEAGE_UNRESOLVED""}, ""reason"": ""The evidence offered to this measure carries no Category-9 assessment, so it is unassessed and not eligible for this use. No reading is produced and no figure is used in its place."", ""result_source"": ""QUALIFICATION_BOUNDARY_V18""}"
four_period,PRJ-C45-FOUR,2,abstained,B3.4,ABSTAINED,"{""abstention_reason_code"": ""CATEGORY9_ASSESSMENT_MISSING"", ""activation_state"": ""ADVISORY_ONLY"", ""lineage"": {""evidence_body"": null, ""independence_established"": false, ""lineage_status"": ""LINEAGE_UNRESOLVED""}, ""reason"": ""The evidence offered to this measure carries no Category-9 assessment, so it is unassessed and not eligible for this use. No reading is produced and no figure is used in its place."", ""result_source"": ""QUALIFICATION_BOUNDARY_V18""}"
four_period,PRJ-C45-FOUR,2,abstained,B3.5,ABSTAINED,"{""abstention_reason_code"": ""CATEGORY9_ASSESSMENT_MISSING"", ""activation_state"": ""ADVISORY_ONLY"", ""lineage"": {""evidence_body"": null, ""independence_established"": false, ""lineage_status"": ""LINEAGE_UNRESOLVED""}, ""reason"": ""The evidence offered to this measure carries no Category-9 assessment, so it is unassessed and not eligible for this use. No reading is produced and no figure is used in its place."", ""result_source"": ""QUALIFICATION_BOUNDARY_V18""}"
four_period,PRJ-C45-FOUR,2,abstained,B4.3,ABSTAINED,"{""abstention_reason_code"": ""CATEGORY9_ASSESSMENT_MISSING"", ""activation_state"": ""ADVISORY_ONLY"", ""lineage"": {""evidence_body"": null, ""independence_established"": false, ""lineage_status"": ""LINEAGE_UNRESOLVED""}, ""reason"": ""The evidence offered to this measure carries no Category-9 assessment, so it is unassessed and not eligible for this use. No reading is produced and no figure is used in its place."", ""result_source"": ""QUALIFICATION_BOUNDARY_V18""}"
four_period,PRJ-C45-FOUR,2,abstained,B4.4,ABSTAINED,"{""abstention_reason_code"": ""CATEGORY9_ASSESSMENT_MISSING"", ""activation_state"": ""ADVISORY_ONLY"", ""lineage"": {""evidence_body"": null, ""independence_established"": false, ""lineage_status"": ""LINEAGE_UNRESOLVED""}, ""reason"": ""The evidence offered to this measure carries no Category-9 assessment, so it is unassessed and not eligible for this use. No reading is produced and no figure is used in its place."", ""result_source"": ""QUALIFICATION_BOUNDARY_V18""}"
four_period,PRJ-C45-FOUR,2,abstained,C1.1,ABSTAINED,"{""abstention_reason_code"": ""canonical_structure_absent"", ""activation_state"": ""ADVISORY_ONLY"", ""canonical_disposition"": ""NOT_ESTIMABLE_STRUCTURE_ABSENT"", ""canonical_structure"": ""requiredInputContract"", ""reason"": ""Awaiting the required-input contract for the module or use being assessed. This measure is named for a method that cannot be carried out without it, so no reading is reported and no other figure is used in its place."", ""result_source"": ""CANONICAL_V6_LAYER""}"
four_period,PRJ-C45-FOUR,2,abstained,C1.2,ABSTAINED,"{""abstention_reason_code"": ""canonical_structure_absent"", ""activation_state"": ""ADVISORY_ONLY"", ""canonical_disposition"": ""NOT_ESTIMABLE_STRUCTURE_ABSENT"", ""canonical_structure"": ""evidenceTimelinessRecord"", ""reason"": ""Awaiting a governed evidence date and freshness rule. This measure is named for a method that cannot be carried out without it, so no reading is reported and no other figure is used in its place."", ""result_source"": ""CANONICAL_V6_LAYER""}"
four_period,PRJ-C45-FOUR,2,abstained,C1.3,ABSTAINED,"{""abstention_reason_code"": ""canonical_structure_absent"", ""activation_state"": ""ADVISORY_ONLY"", ""canonical_disposition"": ""NOT_ESTIMABLE_STRUCTURE_ABSENT"", ""canonical_structure"": ""sourceProvenanceRecord"", ""reason"": ""Awaiting a governed source provenance record. This measure is named for a method that cannot be carried out without it, so no reading is reported and no other figure is used in its place."", ""result_source"": ""CANONICAL_V6_LAYER""}"
four_period,PRJ-C45-FOUR,2,abstained,C1.4,ABSTAINED,"{""abstention_reason_code"": ""canonical_structure_absent"", ""activation_state"": ""ADVISORY_ONLY"", ""canonical_disposition"": ""NOT_ESTIMABLE_STRUCTURE_ABSENT"", ""canonical_structure"": ""auditChainRecord"", ""reason"": ""Awaiting a governed audit chain record. This measure is named for a method that cannot be carried out without it, so no reading is reported and no other figure is used in its place."", ""result_source"": ""CANONICAL_V6_LAYER""}"
four_period,PRJ-C45-FOUR,2,abstained,C1.5,ABSTAINED,"{""abstention_reason_code"": ""canonical_structure_absent"", ""activation_state"": ""ADVISORY_ONLY"", ""canonical_disposition"": ""NOT_ESTIMABLE_STRUCTURE_ABSENT"", ""canonical_structure"": ""informationPackageRecord"", ""reason"": ""Awaiting a governed information package definition. This measure is named for a method that cannot be carried out without it, so no reading is reported and no other figure is used in its place."", ""result_source"": ""CANONICAL_V6_LAYER""}"
four_period,PRJ-C45-FOUR,2,abstained,C1.6,ABSTAINED,"{""abstention_reason_code"": ""canonical_structure_absent"", ""activation_state"": ""ADVISORY_ONLY"", ""canonical_disposition"": ""NOT_ESTIMABLE_STRUCTURE_ABSENT"", ""canonical_structure"": ""crossDocumentFactSet"", ""reason"": ""Awaiting a governed cross-document fact set. This measure is named for a method that cannot be carried out without it, so no reading is reported and no other figure is used in its place."", ""result_source"": ""CANONICAL_V6_LAYER""}"
four_period,PRJ-C45-FOUR,2,abstained,C1.7,ABSTAINED,"{""abstention_reason_code"": ""canonical_structure_absent"", ""activation_state"": ""ADVISORY_ONLY"", ""canonical_disposition"": ""NOT_ESTIMABLE_STRUCTURE_ABSENT"", ""canonical_structure"": ""reportingCadenceRecord"", ""reason"": ""Awaiting a governed reporting cadence record and report history. This measure is named for a method that cannot be carried out without it, so no reading is reported and no other figure is used in its place."", ""result_source"": ""CANONICAL_V6_LAYER""}"
four_period,PRJ-C45-FOUR,2,module,A1.2,,"{""H"": 0.0035355339059327407, ""activation_state"": ""ADVISORY_ONLY"", ""breach_index"": 0, ""breached"": true, ""category"": ""A1"", ""evidence_metric"": ""CUSUM max 0.016 against H 0.004 over 2 periods; breached"", ""group"": ""A"", ""k"": 0.0003535533905932741, ""max_stat"": 0.01629289321881347, ""method_class"": ""CUSUM"", ""periods"": 2, ""proxy_label"": ""CUSUM Anomaly Monitor (proxy: hard-coded transformations of two-sided CUSUM on real SPI history; k, H, sigma floor and Amber band uncalibrated. Advisory, non-voting.)"", ""proxy_qualifier"": ""hard-coded transformations of two-sided CUSUM on real SPI history; k, H, sigma floor and Amber band uncalibrated"", ""seed"": 2007466457, ""sigma"": 0.0007071067811865482, ""status_color"": ""red"", ""votes"": false}"
four_period,PRJ-C45-FOUR,2,module,A1.7,,"{""activation_state"": ""ENABLED_QUALIFIED"", ""band_source"": ""Green at or below 1.00, Amber at or below 1.10, Red above. 1.00 is definitional: Project Management Institute, A Guide to the Project Management Body of Knowledge, 6th edition, 2017, section 7.4.2.2, and PMI Practice Standard for Earned Value Management, 2nd edition, 2011, define this index as the cost efficiency the remaining work must achieve, so at or below 1.00 the remaining budget suffices at the efficiency already planned. 1.10 applies a sourced number by stated inference: Christensen and Heise, Cost Performance Index Stability, National Contract Management Journal 25(1), 1993, pages 7 to 15, found the cumulative cost performance index does not move by more than 0.10 after the twenty per cent completion point, so a demand for more than that improvement is beyond what the remaining work is observed to deliver."", ""band_source_limit"": ""Band boundaries are sourced to published literature. False-positive and false-negative performance is not measured: no labelled holdout corpus and no expert reference standard exist for this platform, so how often a band is right is unknown."", ""category"": ""A1"", ""evidence_metric"": ""TCPI: 1.006, the cost efficiency the remaining work must achieve to finish within budget, above the efficiency planned"", ""group"": ""A"", ""method_class"": ""TCPI"", ""status_color"": ""Amber"", ""tcpi"": 1.0057142857142858, ""tcpi_display"": 1.006, ""votes"": true}"
four_period,PRJ-C45-FOUR,2,module,A1.8,,"{""activation_state"": ""ENABLED_QUALIFIED"", ""band_source"": ""Green at or above zero per cent, Amber at or above minus 11.11 per cent, Red below. Zero is definitional: the Project Management Institute (A Guide to the Project Management Body of Knowledge, 6th edition, 2017, section 7.4.2.2; Practice Standard for Earned Value Management, 2nd edition, 2011) defines variance at completion as budget minus forecast, so a negative variance is a forecast overrun. Minus 11.11 per cent is the exact restatement of a cost performance index of 0.90, because this forecast is the index-based one, and 0.90 applies the 0.10 stability finding of Christensen and Heise (National Contract Management Journal 25(1), 1993, pages 7 to 15) by stated inference. The stated limit of that citation: the stability finding is conditional on the project being past twenty per cent complete and this measure does not read percent complete, so the condition is not enforced."", ""band_source_limit"": ""Band boundaries are sourced to published literature. False-positive and false-negative performance is not measured: no labelled holdout corpus and no expert reference standard exist for this platform, so how often a band is right is unknown."", ""category"": ""A1"", ""evidence_metric"": ""VAC: $416,667 over budget (4.2%)"", ""group"": ""A"", ""method_class"": ""VAC"", ""status_color"": ""Amber"", ""vac"": -416666.6666666679, ""vac_display"": -416667, ""vac_pct"": -4.1666666666666785, ""vac_pct_display"": -4.2, ""votes"": true}"
four_period,PRJ-C45-FOUR,2,signal_input,ac,,1250000
four_period,PRJ-C45-FOUR,2,signal_input,activitiesConstrained,,null
four_period,PRJ-C45-FOUR,2,signal_input,activitiesPlanned,,null
four_period,PRJ-C45-FOUR,2,signal_input,actualLaborHours,,null
four_period,PRJ-C45-FOUR,2,signal_input,actualPctComplete,,42.0
four_period,PRJ-C45-FOUR,2,signal_input,analogousBac,,null
four_period,PRJ-C45-FOUR,2,signal_input,analogousFinalCost,,null
four_period,PRJ-C45-FOUR,2,signal_input,analogousOverrunPct,,null
four_period,PRJ-C45-FOUR,2,signal_input,bac,,10000000
four_period,PRJ-C45-FOUR,2,signal_input,baselineContractSum,,null
four_period,PRJ-C45-FOUR,2,signal_input,baselineEnd,,null
four_period,PRJ-C45-FOUR,2,signal_input,baselineStart,,null
four_period,PRJ-C45-FOUR,2,signal_input,changeOrderCount,,null
four_period,PRJ-C45-FOUR,2,signal_input,consumedFloat,,null
four_period,PRJ-C45-FOUR,2,signal_input,costRating,,null
four_period,PRJ-C45-FOUR,2,signal_input,cpi,,0.96
four_period,PRJ-C45-FOUR,2,signal_input,cpiHistory,,"[0.957, 0.96]"
four_period,PRJ-C45-FOUR,2,signal_input,criticalDeficiencyCount,,null
four_period,PRJ-C45-FOUR,2,signal_input,criticalFindings,,null
four_period,PRJ-C45-FOUR,2,signal_input,docDate,,"""2026-04-30"""
four_period,PRJ-C45-FOUR,2,signal_input,docRiskScore,,null
four_period,PRJ-C45-FOUR,2,signal_input,environmentalComplianceRate,,null
four_period,PRJ-C45-FOUR,2,signal_input,environmentalIssuesDiscussed,,null
four_period,PRJ-C45-FOUR,2,signal_input,environmentalViolations,,null
four_period,PRJ-C45-FOUR,2,signal_input,ev,,1200000
four_period,PRJ-C45-FOUR,2,signal_input,floatRemaining,,null
four_period,PRJ-C45-FOUR,2,signal_input,indirectCostActual,,null
four_period,PRJ-C45-FOUR,2,signal_input,indirectCostPlan,,null
four_period,PRJ-C45-FOUR,2,signal_input,itemsFailed,,null
four_period,PRJ-C45-FOUR,2,signal_input,itemsInspected,,null
four_period,PRJ-C45-FOUR,2,signal_input,longLeadAtRisk,,null
four_period,PRJ-C45-FOUR,2,signal_input,longLeadDelayed,,null
four_period,PRJ-C45-FOUR,2,signal_input,longLeadItemsTotal,,null
four_period,PRJ-C45-FOUR,2,signal_input,lookaheadWeeks,,null
four_period,PRJ-C45-FOUR,2,signal_input,materialCostBaseline,,null
four_period,PRJ-C45-FOUR,2,signal_input,materialCostCurrent,,null
four_period,PRJ-C45-FOUR,2,signal_input,ncrClosed,,null
four_period,PRJ-C45-FOUR,2,signal_input,ncrIssued,,null
four_period,PRJ-C45-FOUR,2,signal_input,ncrOpen,,null
four_period,PRJ-C45-FOUR,2,signal_input,originalContingency,,null
four_period,PRJ-C45-FOUR,2,signal_input,oshaIncidentRate,,null
four_period,PRJ-C45-FOUR,2,signal_input,outstandingActionItems,,null
four_period,PRJ-C45-FOUR,2,signal_input,overallRating,,null
four_period,PRJ-C45-FOUR,2,signal_input,plannedLaborHours,,null
four_period,PRJ-C45-FOUR,2,signal_input,plannedPctComplete,,43.0
four_period,PRJ-C45-FOUR,2,signal_input,pv,,1210000
four_period,PRJ-C45-FOUR,2,signal_input,qualityAuditScore,,null
four_period,PRJ-C45-FOUR,2,signal_input,qualityDeficienciesNoted,,null
four_period,PRJ-C45-FOUR,2,signal_input,qualityIssuesDiscussed,,null
four_period,PRJ-C45-FOUR,2,signal_input,qualityRating,,null
four_period,PRJ-C45-FOUR,2,signal_input,remainingContingency,,null
four_period,PRJ-C45-FOUR,2,signal_input,revisedContractSum,,null
four_period,PRJ-C45-FOUR,2,signal_input,rfaApproved,,null
four_period,PRJ-C45-FOUR,2,signal_input,rfaAvgReviewDays,,null
four_period,PRJ-C45-FOUR,2,signal_input,rfaOpen,,null
four_period,PRJ-C45-FOUR,2,signal_input,rfaRejected,,null
four_period,PRJ-C45-FOUR,2,signal_input,rfaResubmit,,null
four_period,PRJ-C45-FOUR,2,signal_input,rfaTotal,,null
four_period,PRJ-C45-FOUR,2,signal_input,rfiAvgResponseDays,,null
four_period,PRJ-C45-FOUR,2,signal_input,rfiCount,,null
four_period,PRJ-C45-FOUR,2,signal_input,rfiNumber,,null
four_period,PRJ-C45-FOUR,2,signal_input,rfiOldestOpenDays,,null
four_period,PRJ-C45-FOUR,2,signal_input,rfiOpen,,null
four_period,PRJ-C45-FOUR,2,signal_input,rfiOverdue,,null
four_period,PRJ-C45-FOUR,2,signal_input,rfiPeriodDays,,null
four_period,PRJ-C45-FOUR,2,signal_input,rfiResponseTimeDays,,null
four_period,PRJ-C45-FOUR,2,signal_input,safetyActionsOpen,,null
four_period,PRJ-C45-FOUR,2,signal_input,safetyIncidentsDiscussed,,null
four_period,PRJ-C45-FOUR,2,signal_input,scheduleRating,,null
four_period,PRJ-C45-FOUR,2,signal_input,spi,,0.992
four_period,PRJ-C45-FOUR,2,signal_input,spiHistory,,"[0.991, 0.992]"
four_period,PRJ-C45-FOUR,2,signal_input,subcontractorComplianceScore,,null
four_period,PRJ-C45-FOUR,2,signal_input,subcontractorDisputes,,null
four_period,PRJ-C45-FOUR,2,signal_input,subcontractorIssuesDiscussed,,null
four_period,PRJ-C45-FOUR,2,signal_input,submittalsRejected,,null
four_period,PRJ-C45-FOUR,2,signal_input,submittalsTotal,,null
four_period,PRJ-C45-FOUR,2,signal_input,totalFindings,,null
four_period,PRJ-C45-FOUR,2,signal_input,totalFloat,,null
four_period,PRJ-C45-FOUR,2,signal_input,totalManhours,,null
four_period,PRJ-C45-FOUR,2,signal_input,weatherDaysDiscussed,,null
four_period,PRJ-C45-FOUR,2,signal_input,weatherDaysLost,,null
four_period,PRJ-C45-FOUR,2,signal_input,workPeriodFrom,,null
four_period,PRJ-C45-FOUR,2,signal_input,workPeriodTo,,null
four_period,PRJ-C45-FOUR,3,abstained,A1.10,ABSTAINED,"{""abstention_reason_code"": ""canonical_structure_absent"", ""activation_state"": ""ADVISORY_ONLY"", ""reason"": ""Awaiting a governed reference population of comparable projects with the cost performance they achieved, and the weight to place on this project's own reading. This measure is named for a method that cannot be carried out without it, so no reading is reported and no other figure is used in its place.""}"
four_period,PRJ-C45-FOUR,3,abstained,A1.11,ABSTAINED,"{""abstention_reason_code"": ""canonical_structure_absent"", ""activation_state"": ""ADVISORY_ONLY"", ""reason"": ""Awaiting two separately prepared forecasts of the cost at completion, one from the project management team and one prepared independently of it. This measure is named for a method that cannot be carried out without it, so no reading is reported and no other figure is used in its place.""}"
four_period,PRJ-C45-FOUR,3,abstained,A1.3,ABSTAINED,"{""abstention_reason_code"": ""canonical_structure_absent"", ""activation_state"": ""ADVISORY_ONLY"", ""reason"": ""Awaiting a stated prior for the cost at completion, with its source, and a stated observation model with the uncertainty of the observation. This measure is named for a method that cannot be carried out without it, so no reading is reported and no other figure is used in its place.""}"
four_period,PRJ-C45-FOUR,3,abstained,A1.4,ABSTAINED,"{""abstention_reason_code"": ""canonical_structure_absent"", ""activation_state"": ""ADVISORY_ONLY"", ""reason"": ""Awaiting a state space model for the schedule index: a starting estimate, its uncertainty, the process and measurement variances, and the readings taken. This measure is named for a method that cannot be carried out without it, so no reading is reported and no other figure is used in its place.""}"
four_period,PRJ-C45-FOUR,3,abstained,A1.5,ABSTAINED,"{""abstention_reason_code"": ""insufficient_history"", ""activation_state"": ""ADVISORY_ONLY"", ""reason"": ""The cost performance history is too short for a time series model to be identified from it, so no forecast is reported and no shorter substitute is used.""}"
four_period,PRJ-C45-FOUR,3,abstained,A1.6,ABSTAINED,"{""abstention_reason_code"": ""canonical_structure_absent"", ""activation_state"": ""ADVISORY_ONLY"", ""reason"": ""Awaiting a time phased baseline: the cumulative value of work planned to be complete at the end of each period. This measure is named for a method that cannot be carried out without it, so no reading is reported and no other figure is used in its place.""}"
four_period,PRJ-C45-FOUR,3,abstained,A1.9,ABSTAINED,"{""abstention_reason_code"": ""canonical_structure_absent"", ""activation_state"": ""ADVISORY_ONLY"", ""reason"": ""Awaiting an approved time phased expenditure baseline: the amount planned to be spent by the end of each period. This measure is named for a method that cannot be carried out without it, so no reading is reported and no other figure is used in its place.""}"
four_period,PRJ-C45-FOUR,3,abstained,A2.1,ABSTAINED,"{""abstention_reason_code"": ""canonical_structure_absent"", ""activation_state"": ""ADVISORY_ONLY"", ""reason"": ""Awaiting the project's activity network: the activities, the logic between them, and a duration for each. This measure is named for a method that cannot be carried out without it, so no reading is reported and no other figure is used in its place.""}"
four_period,PRJ-C45-FOUR,3,abstained,A2.2,ABSTAINED,"{""abstention_reason_code"": ""canonical_structure_absent"", ""activation_state"": ""ADVISORY_ONLY"", ""reason"": ""Awaiting a line of balance: locations in sequence, the crews working them, and a production rate and start for each line of work. This measure is named for a method that cannot be carried out without it, so no reading is reported and no other figure is used in its place.""}"
four_period,PRJ-C45-FOUR,3,abstained,A2.3,ABSTAINED,"{""abstention_reason_code"": ""canonical_structure_absent"", ""activation_state"": ""ADVISORY_ONLY"", ""reason"": ""Awaiting a critical chain with its activities and a sized project buffer. This measure is named for a method that cannot be carried out without it, so no reading is reported and no other figure is used in its place.""}"
four_period,PRJ-C45-FOUR,3,abstained,A2.7,ABSTAINED,"{""abstention_reason_code"": ""canonical_structure_absent"", ""activation_state"": ""ADVISORY_ONLY"", ""reason"": ""Awaiting a milestone forecast history: each milestone's committed date and the date it was forecast for in each reporting period since. This measure is named for a method that cannot be carried out without it, so no reading is reported and no other figure is used in its place.""}"
four_period,PRJ-C45-FOUR,3,abstained,A2.8,ABSTAINED,"{""abstention_reason_code"": ""canonical_structure_absent"", ""activation_state"": ""ADVISORY_ONLY"", ""reason"": ""Awaiting a look ahead schedule: the window it covers, the activities planned in it, and whether each one still carries an open constraint. This measure is named for a method that cannot be carried out without it, so no reading is reported and no other figure is used in its place.""}"
four_period,PRJ-C45-FOUR,3,abstained,A2.9,ABSTAINED,"{""abstention_reason_code"": ""canonical_structure_absent"", ""activation_state"": ""ADVISORY_ONLY"", ""reason"": ""Awaiting a time phased resource profile: for each period and each kind of resource, the amount of work demanded and the amount available. This measure is named for a method that cannot be carried out without it, so no reading is reported and no other figure is used in its place.""}"
four_period,PRJ-C45-FOUR,3,abstained,A3.1,ABSTAINED,"{""abstention_reason_code"": ""canonical_structure_absent"", ""activation_state"": ""ADVISORY_ONLY"", ""reason"": ""Awaiting a reference class of completed comparable projects, with the criteria that put them in it and the overrun each of them finished with. This measure is named for a method that cannot be carried out without it, so no reading is reported and no other figure is used in its place.""}"
four_period,PRJ-C45-FOUR,3,abstained,A3.2,ABSTAINED,"{""abstention_reason_code"": ""missing_required_input"", ""activation_state"": ""ADVISORY_ONLY"", ""reason"": ""Insufficient data: the original and remaining contingency amounts are needed, and at least one of them has not been reported for this period.""}"
four_period,PRJ-C45-FOUR,3,abstained,A3.3,ABSTAINED,"{""abstention_reason_code"": ""canonical_structure_absent"", ""activation_state"": ""ADVISORY_ONLY"", ""reason"": ""Awaiting a record of production: the quantity of work installed, the quantity planned, and the labour hours each of those took. This measure is named for a method that cannot be carried out without it, so no reading is reported and no other figure is used in its place.""}"
four_period,PRJ-C45-FOUR,3,abstained,A3.5,ABSTAINED,"{""abstention_reason_code"": ""canonical_structure_absent"", ""activation_state"": ""ADVISORY_ONLY"", ""reason"": ""Awaiting an overhead allocation base: the planned and actual overhead and the planned and actual amount of the base it is absorbed over. This measure is named for a method that cannot be carried out without it, so no reading is reported and no other figure is used in its place.""}"
four_period,PRJ-C45-FOUR,3,abstained,A3.6,ABSTAINED,"{""abstention_reason_code"": ""canonical_structure_absent"", ""activation_state"": ""ADVISORY_ONLY"", ""reason"": ""Awaiting a cost risk model: the base cost components, the risk events that could occur, how likely each is and what it would cost. This measure is named for a method that cannot be carried out without it, so no reading is reported and no other figure is used in its place.""}"
four_period,PRJ-C45-FOUR,3,abstained,A3.7,ABSTAINED,"{""abstention_reason_code"": ""canonical_structure_absent"", ""activation_state"": ""ADVISORY_ONLY"", ""reason"": ""Awaiting an identified analogous project with its cost, why it is comparable, and the factors that adapt it to this project. This measure is named for a method that cannot be carried out without it, so no reading is reported and no other figure is used in its place.""}"
four_period,PRJ-C45-FOUR,3,abstained,A3.9,ABSTAINED,"{""abstention_reason_code"": ""canonical_structure_absent"", ""activation_state"": ""ADVISORY_ONLY"", ""reason"": ""Awaiting a named external price index with its authority, geography, base period and the period being adjusted to. This measure is named for a method that cannot be carried out without it, so no reading is reported and no other figure is used in its place.""}"
four_period,PRJ-C45-FOUR,3,abstained,A4.10,ABSTAINED,"{""abstention_reason_code"": ""canonical_structure_absent"", ""activation_state"": ""ADVISORY_ONLY"", ""reason"": ""Awaiting a specification conflict register: each identified conflict, the two places in the specification that disagree, whether it has been confirmed, and the exposure the conflicts are counted over. This measure is named for a method that cannot be carried out without it, so no reading is reported and no other figure is used in its place.""}"
four_period,PRJ-C45-FOUR,3,abstained,A4.2,ABSTAINED,"{""activation_state"": ""ADVISORY_ONLY"", ""reason"": ""Insufficient data: upload required documents""}"
four_period,PRJ-C45-FOUR,3,abstained,A4.3,ABSTAINED,"{""activation_state"": ""ADVISORY_ONLY"", ""reason"": ""Insufficient data: upload required documents""}"
four_period,PRJ-C45-FOUR,3,abstained,A4.4,ABSTAINED,"{""abstention_reason_code"": ""canonical_structure_absent"", ""activation_state"": ""ADVISORY_ONLY"", ""reason"": ""Awaiting a nonconformance record with the exposure it is measured against: the nonconformances raised, and the inspections, hours or value they arose from. This measure is named for a method that cannot be carried out without it, so no reading is reported and no other figure is used in its place.""}"
four_period,PRJ-C45-FOUR,3,abstained,A4.5,ABSTAINED,"{""abstention_reason_code"": ""canonical_structure_absent"", ""activation_state"": ""ADVISORY_ONLY"", ""reason"": ""Awaiting a weather impact record: the weather events, the activities they stopped, the time actually lost, the allowance in the contract calendar, and the float on the path. This measure is named for a method that cannot be carried out without it, so no reading is reported and no other figure is used in its place.""}"
four_period,PRJ-C45-FOUR,3,abstained,A4.6,ABSTAINED,"{""abstention_reason_code"": ""canonical_structure_absent"", ""activation_state"": ""ADVISORY_ONLY"", ""reason"": ""Awaiting a change event register with the exposure it is measured over: each change, its type, cause and value, and the span of time or contract value it arose against. This measure is named for a method that cannot be carried out without it, so no reading is reported and no other figure is used in its place.""}"
four_period,PRJ-C45-FOUR,3,abstained,A4.7,ABSTAINED,"{""abstention_reason_code"": ""canonical_structure_absent"", ""activation_state"": ""ADVISORY_ONLY"", ""reason"": ""Awaiting a claim and dispute register: the project's own governed escalation process and the stage each issue has reached on it, with the dates it reached them. This measure is named for a method that cannot be carried out without it, so no reading is reported and no other figure is used in its place.""}"
four_period,PRJ-C45-FOUR,3,abstained,A4.8,ABSTAINED,"{""abstention_reason_code"": ""canonical_structure_absent"", ""activation_state"": ""ADVISORY_ONLY"", ""reason"": ""Awaiting a subcontractor performance assessment: each firm, the criteria it was rated against, the rating on each, who assessed it and the weights that were applied. This measure is named for a method that cannot be carried out without it, so no reading is reported and no other figure is used in its place.""}"
four_period,PRJ-C45-FOUR,3,abstained,A4.9,ABSTAINED,"{""abstention_reason_code"": ""canonical_structure_absent"", ""activation_state"": ""ADVISORY_ONLY"", ""reason"": ""Awaiting an item level procurement register: for each item, the date it is required on site, the date it is forecast to arrive, and the activity it feeds. This measure is named for a method that cannot be carried out without it, so no reading is reported and no other figure is used in its place.""}"
four_period,PRJ-C45-FOUR,3,abstained,A5.1,ABSTAINED,"{""abstention_reason_code"": ""canonical_structure_absent"", ""activation_state"": ""ADVISORY_ONLY"", ""reason"": ""Awaiting a dependency matrix for the design: the parts of the design, which of them depend on which others and how strongly, and the rework the propagation starts from. This measure is named for a method that cannot be carried out without it, so no reading is reported and no other figure is used in its place.""}"
four_period,PRJ-C45-FOUR,3,abstained,A5.2,ABSTAINED,"{""abstention_reason_code"": ""canonical_structure_absent"", ""activation_state"": ""ADVISORY_ONLY"", ""reason"": ""Awaiting a sensitivity model: a named response function, the state it is evaluated at, and the inputs to be moved with the range each is moved across. This measure is named for a method that cannot be carried out without it, so no reading is reported and no other figure is used in its place.""}"
four_period,PRJ-C45-FOUR,3,abstained,A5.4,ABSTAINED,"{""abstention_reason_code"": ""canonical_structure_absent"", ""activation_state"": ""ADVISORY_ONLY"", ""reason"": ""Awaiting a scenario set: named scenarios, each stating every input it changes together, the reasoning behind it, and the response model they are all evaluated through. This measure is named for a method that cannot be carried out without it, so no reading is reported and no other figure is used in its place.""}"
four_period,PRJ-C45-FOUR,3,abstained,A5.5,ABSTAINED,"{""abstention_reason_code"": ""canonical_structure_absent"", ""activation_state"": ""ADVISORY_ONLY"", ""reason"": ""Awaiting a system dynamics rework model: the stock of work in the backlog, the work arriving and completed each step, and the share of completed work that returns as rework. This measure is named for a method that cannot be carried out without it, so no reading is reported and no other figure is used in its place.""}"
four_period,PRJ-C45-FOUR,3,abstained,A5.6,ABSTAINED,"{""abstention_reason_code"": ""canonical_structure_absent"", ""activation_state"": ""ADVISORY_ONLY"", ""reason"": ""Awaiting a queue model: the rate work arrives at, the rate it is served at, how many servers there are and the order they take work in. This measure is named for a method that cannot be carried out without it, so no reading is reported and no other figure is used in its place.""}"
four_period,PRJ-C45-FOUR,3,abstained,A5.7,ABSTAINED,"{""abstention_reason_code"": ""canonical_structure_absent"", ""activation_state"": ""ADVISORY_ONLY"", ""reason"": ""Awaiting an agent based supply chain model: the agents, the state each starts in, the rule each follows, who they are connected to, and the steps the model runs over. This measure is named for a method that cannot be carried out without it, so no reading is reported and no other figure is used in its place.""}"
four_period,PRJ-C45-FOUR,3,abstained,A5.8,ABSTAINED,"{""abstention_reason_code"": ""canonical_structure_absent"", ""activation_state"": ""ADVISORY_ONLY"", ""reason"": ""Awaiting a discrete event model: the entities and when they arrive, the resources that serve them, how long service takes, and the order simultaneous events are taken in. This measure is named for a method that cannot be carried out without it, so no reading is reported and no other figure is used in its place.""}"
four_period,PRJ-C45-FOUR,3,abstained,A6.1,ABSTAINED,"{""abstention_reason_code"": ""CATEGORY9_ASSESSMENT_MISSING"", ""activation_state"": ""ADVISORY_ONLY"", ""lineage"": {""evidence_body"": null, ""independence_established"": false, ""lineage_status"": ""LINEAGE_UNRESOLVED""}, ""reason"": ""The evidence offered to this measure carries no Category-9 assessment, so it is unassessed and not eligible for this use. No reading is produced and no figure is used in its place."", ""result_source"": ""QUALIFICATION_BOUNDARY_V18""}"
four_period,PRJ-C45-FOUR,3,abstained,A6.2,ABSTAINED,"{""abstention_reason_code"": ""CATEGORY9_ASSESSMENT_MISSING"", ""activation_state"": ""ADVISORY_ONLY"", ""lineage"": {""evidence_body"": null, ""independence_established"": false, ""lineage_status"": ""LINEAGE_UNRESOLVED""}, ""reason"": ""The evidence offered to this measure carries no Category-9 assessment, so it is unassessed and not eligible for this use. No reading is produced and no figure is used in its place."", ""result_source"": ""QUALIFICATION_BOUNDARY_V18""}"
four_period,PRJ-C45-FOUR,3,abstained,A6.3,ABSTAINED,"{""abstention_reason_code"": ""CATEGORY9_ASSESSMENT_MISSING"", ""activation_state"": ""ADVISORY_ONLY"", ""claim_limit"": ""The permit authority, the jurisdiction and the version of the conditions being assessed are not carried, and no committed authority in this repository supplies them. The reading is a count of reported conditions met and is not a compliance determination under any named instrument."", ""claim_limit_disposition"": ""REGULATORY_VERSION_BLOCKED"", ""lineage"": {""evidence_body"": null, ""independence_established"": false, ""lineage_status"": ""LINEAGE_UNRESOLVED""}, ""reason"": ""The evidence offered to this measure carries no Category-9 assessment, so it is unassessed and not eligible for this use. No reading is produced and no figure is used in its place."", ""result_source"": ""QUALIFICATION_BOUNDARY_V18""}"
four_period,PRJ-C45-FOUR,3,abstained,A6.4,ABSTAINED,"{""abstention_reason_code"": ""CATEGORY9_ASSESSMENT_MISSING"", ""activation_state"": ""ADVISORY_ONLY"", ""lineage"": {""evidence_body"": null, ""independence_established"": false, ""lineage_status"": ""LINEAGE_UNRESOLVED""}, ""reason"": ""The evidence offered to this measure carries no Category-9 assessment, so it is unassessed and not eligible for this use. No reading is produced and no figure is used in its place."", ""result_source"": ""QUALIFICATION_BOUNDARY_V18""}"
four_period,PRJ-C45-FOUR,3,abstained,B1.1,ABSTAINED,"{""abstention_reason_code"": ""CATEGORY9_ASSESSMENT_MISSING"", ""activation_state"": ""ADVISORY_ONLY"", ""lineage"": {""evidence_body"": null, ""independence_established"": false, ""lineage_status"": ""LINEAGE_UNRESOLVED""}, ""newly_wired_unvalidated"": true, ""reason"": ""The evidence offered to this measure carries no Category-9 assessment, so it is unassessed and not eligible for this use. No reading is produced and no figure is used in its place. This computation reads an assembled signal package. It was supplied the cost and schedule indices, the performance trend. Not available this period: the cost forecast, because the cost forecast computation abstained this period; the document risk score, because this period's evidence carries no document risk score."", ""result_source"": ""QUALIFICATION_BOUNDARY_V18"", ""signal_qualification"": ""unqualified"", ""wiring_note"": ""Newly wired and unvalidated: this module could not execute on the normal computation path before the flat-to-nested signal adapter, so its output has never been validated against real project evidence. Advisory, non-voting.""}"
four_period,PRJ-C45-FOUR,3,abstained,B1.2,ABSTAINED,"{""abstention_reason_code"": ""CATEGORY9_ASSESSMENT_MISSING"", ""activation_state"": ""ADVISORY_ONLY"", ""lineage"": {""evidence_body"": null, ""independence_established"": false, ""lineage_status"": ""LINEAGE_UNRESOLVED""}, ""newly_wired_unvalidated"": true, ""reason"": ""The evidence offered to this measure carries no Category-9 assessment, so it is unassessed and not eligible for this use. No reading is produced and no figure is used in its place. This computation reads an assembled signal package. It was supplied the cost and schedule indices, the performance trend. Not available this period: the cost forecast, because the cost forecast computation abstained this period; the document risk score, because this period's evidence carries no document risk score."", ""result_source"": ""QUALIFICATION_BOUNDARY_V18"", ""signal_qualification"": ""unqualified"", ""wiring_note"": ""Newly wired and unvalidated: this module could not execute on the normal computation path before the flat-to-nested signal adapter, so its output has never been validated against real project evidence. Advisory, non-voting.""}"
four_period,PRJ-C45-FOUR,3,abstained,B1.3,ABSTAINED,"{""abstention_reason_code"": ""CATEGORY9_ASSESSMENT_MISSING"", ""activation_state"": ""ADVISORY_ONLY"", ""lineage"": {""evidence_body"": null, ""independence_established"": false, ""lineage_status"": ""LINEAGE_UNRESOLVED""}, ""newly_wired_unvalidated"": true, ""reason"": ""The evidence offered to this measure carries no Category-9 assessment, so it is unassessed and not eligible for this use. No reading is produced and no figure is used in its place. This computation reads an assembled signal package. It was supplied the cost and schedule indices, the performance trend. Not available this period: the cost forecast, because the cost forecast computation abstained this period; the document risk score, because this period's evidence carries no document risk score."", ""result_source"": ""QUALIFICATION_BOUNDARY_V18"", ""signal_qualification"": ""unqualified"", ""wiring_note"": ""Newly wired and unvalidated: this module could not execute on the normal computation path before the flat-to-nested signal adapter, so its output has never been validated against real project evidence. Advisory, non-voting.""}"
four_period,PRJ-C45-FOUR,3,abstained,B1.4,ABSTAINED,"{""abstention_reason_code"": ""CATEGORY9_ASSESSMENT_MISSING"", ""activation_state"": ""ADVISORY_ONLY"", ""lineage"": {""evidence_body"": null, ""independence_established"": false, ""lineage_status"": ""LINEAGE_UNRESOLVED""}, ""newly_wired_unvalidated"": true, ""reason"": ""The evidence offered to this measure carries no Category-9 assessment, so it is unassessed and not eligible for this use. No reading is produced and no figure is used in its place. This computation reads an assembled signal package. It was supplied the cost and schedule indices, the performance trend. Not available this period: the cost forecast, because the cost forecast computation abstained this period; the document risk score, because this period's evidence carries no document risk score."", ""result_source"": ""QUALIFICATION_BOUNDARY_V18"", ""signal_qualification"": ""unqualified"", ""wiring_note"": ""Newly wired and unvalidated: this module could not execute on the normal computation path before the flat-to-nested signal adapter, so its output has never been validated against real project evidence. Advisory, non-voting.""}"
four_period,PRJ-C45-FOUR,3,abstained,B2.18,ABSTAINED,"{""abstention_reason_code"": ""CATEGORY9_ASSESSMENT_MISSING"", ""activation_state"": ""ADVISORY_ONLY"", ""lineage"": {""evidence_body"": null, ""independence_established"": false, ""lineage_status"": ""LINEAGE_UNRESOLVED""}, ""reason"": ""The evidence offered to this measure carries no Category-9 assessment, so it is unassessed and not eligible for this use. No reading is produced and no figure is used in its place."", ""result_source"": ""QUALIFICATION_BOUNDARY_V18""}"
four_period,PRJ-C45-FOUR,3,abstained,B3.1,ABSTAINED,"{""abstention_reason_code"": ""CATEGORY9_ASSESSMENT_MISSING"", ""activation_state"": ""ADVISORY_ONLY"", ""lineage"": {""evidence_body"": null, ""independence_established"": false, ""lineage_status"": ""LINEAGE_UNRESOLVED""}, ""newly_wired_unvalidated"": true, ""reason"": ""The evidence offered to this measure carries no Category-9 assessment, so it is unassessed and not eligible for this use. No reading is produced and no figure is used in its place. This computation reads an assembled signal package. It was supplied the cost and schedule indices, the performance trend. Not available this period: the cost forecast, because the cost forecast computation abstained this period; the document risk score, because this period's evidence carries no document risk score."", ""result_source"": ""QUALIFICATION_BOUNDARY_V18"", ""signal_qualification"": ""unqualified"", ""wiring_note"": ""Newly wired and unvalidated: this module could not execute on the normal computation path before the flat-to-nested signal adapter, so its output has never been validated against real project evidence. Advisory, non-voting.""}"
four_period,PRJ-C45-FOUR,3,abstained,B3.2,ABSTAINED,"{""abstention_reason_code"": ""CATEGORY9_ASSESSMENT_MISSING"", ""activation_state"": ""ADVISORY_ONLY"", ""lineage"": {""evidence_body"": null, ""independence_established"": false, ""lineage_status"": ""LINEAGE_UNRESOLVED""}, ""reason"": ""The evidence offered to this measure carries no Category-9 assessment, so it is unassessed and not eligible for this use. No reading is produced and no figure is used in its place."", ""result_source"": ""QUALIFICATION_BOUNDARY_V18""}"
four_period,PRJ-C45-FOUR,3,abstained,B3.3,ABSTAINED,"{""abstention_reason_code"": ""CATEGORY9_ASSESSMENT_MISSING"", ""activation_state"": ""ADVISORY_ONLY"", ""lineage"": {""evidence_body"": null, ""independence_established"": false, ""lineage_status"": ""LINEAGE_UNRESOLVED""}, ""reason"": ""The evidence offered to this measure carries no Category-9 assessment, so it is unassessed and not eligible for this use. No reading is produced and no figure is used in its place."", ""result_source"": ""QUALIFICATION_BOUNDARY_V18""}"
four_period,PRJ-C45-FOUR,3,abstained,B3.4,ABSTAINED,"{""abstention_reason_code"": ""CATEGORY9_ASSESSMENT_MISSING"", ""activation_state"": ""ADVISORY_ONLY"", ""lineage"": {""evidence_body"": null, ""independence_established"": false, ""lineage_status"": ""LINEAGE_UNRESOLVED""}, ""reason"": ""The evidence offered to this measure carries no Category-9 assessment, so it is unassessed and not eligible for this use. No reading is produced and no figure is used in its place."", ""result_source"": ""QUALIFICATION_BOUNDARY_V18""}"
four_period,PRJ-C45-FOUR,3,abstained,B3.5,ABSTAINED,"{""abstention_reason_code"": ""CATEGORY9_ASSESSMENT_MISSING"", ""activation_state"": ""ADVISORY_ONLY"", ""lineage"": {""evidence_body"": null, ""independence_established"": false, ""lineage_status"": ""LINEAGE_UNRESOLVED""}, ""reason"": ""The evidence offered to this measure carries no Category-9 assessment, so it is unassessed and not eligible for this use. No reading is produced and no figure is used in its place."", ""result_source"": ""QUALIFICATION_BOUNDARY_V18""}"
four_period,PRJ-C45-FOUR,3,abstained,B4.3,ABSTAINED,"{""abstention_reason_code"": ""CATEGORY9_ASSESSMENT_MISSING"", ""activation_state"": ""ADVISORY_ONLY"", ""lineage"": {""evidence_body"": null, ""independence_established"": false, ""lineage_status"": ""LINEAGE_UNRESOLVED""}, ""reason"": ""The evidence offered to this measure carries no Category-9 assessment, so it is unassessed and not eligible for this use. No reading is produced and no figure is used in its place."", ""result_source"": ""QUALIFICATION_BOUNDARY_V18""}"
four_period,PRJ-C45-FOUR,3,abstained,B4.4,ABSTAINED,"{""abstention_reason_code"": ""CATEGORY9_ASSESSMENT_MISSING"", ""activation_state"": ""ADVISORY_ONLY"", ""lineage"": {""evidence_body"": null, ""independence_established"": false, ""lineage_status"": ""LINEAGE_UNRESOLVED""}, ""reason"": ""The evidence offered to this measure carries no Category-9 assessment, so it is unassessed and not eligible for this use. No reading is produced and no figure is used in its place."", ""result_source"": ""QUALIFICATION_BOUNDARY_V18""}"
four_period,PRJ-C45-FOUR,3,abstained,C1.1,ABSTAINED,"{""abstention_reason_code"": ""canonical_structure_absent"", ""activation_state"": ""ADVISORY_ONLY"", ""canonical_disposition"": ""NOT_ESTIMABLE_STRUCTURE_ABSENT"", ""canonical_structure"": ""requiredInputContract"", ""reason"": ""Awaiting the required-input contract for the module or use being assessed. This measure is named for a method that cannot be carried out without it, so no reading is reported and no other figure is used in its place."", ""result_source"": ""CANONICAL_V6_LAYER""}"
four_period,PRJ-C45-FOUR,3,abstained,C1.2,ABSTAINED,"{""abstention_reason_code"": ""canonical_structure_absent"", ""activation_state"": ""ADVISORY_ONLY"", ""canonical_disposition"": ""NOT_ESTIMABLE_STRUCTURE_ABSENT"", ""canonical_structure"": ""evidenceTimelinessRecord"", ""reason"": ""Awaiting a governed evidence date and freshness rule. This measure is named for a method that cannot be carried out without it, so no reading is reported and no other figure is used in its place."", ""result_source"": ""CANONICAL_V6_LAYER""}"
four_period,PRJ-C45-FOUR,3,abstained,C1.3,ABSTAINED,"{""abstention_reason_code"": ""canonical_structure_absent"", ""activation_state"": ""ADVISORY_ONLY"", ""canonical_disposition"": ""NOT_ESTIMABLE_STRUCTURE_ABSENT"", ""canonical_structure"": ""sourceProvenanceRecord"", ""reason"": ""Awaiting a governed source provenance record. This measure is named for a method that cannot be carried out without it, so no reading is reported and no other figure is used in its place."", ""result_source"": ""CANONICAL_V6_LAYER""}"
four_period,PRJ-C45-FOUR,3,abstained,C1.4,ABSTAINED,"{""abstention_reason_code"": ""canonical_structure_absent"", ""activation_state"": ""ADVISORY_ONLY"", ""canonical_disposition"": ""NOT_ESTIMABLE_STRUCTURE_ABSENT"", ""canonical_structure"": ""auditChainRecord"", ""reason"": ""Awaiting a governed audit chain record. This measure is named for a method that cannot be carried out without it, so no reading is reported and no other figure is used in its place."", ""result_source"": ""CANONICAL_V6_LAYER""}"
four_period,PRJ-C45-FOUR,3,abstained,C1.5,ABSTAINED,"{""abstention_reason_code"": ""canonical_structure_absent"", ""activation_state"": ""ADVISORY_ONLY"", ""canonical_disposition"": ""NOT_ESTIMABLE_STRUCTURE_ABSENT"", ""canonical_structure"": ""informationPackageRecord"", ""reason"": ""Awaiting a governed information package definition. This measure is named for a method that cannot be carried out without it, so no reading is reported and no other figure is used in its place."", ""result_source"": ""CANONICAL_V6_LAYER""}"
four_period,PRJ-C45-FOUR,3,abstained,C1.6,ABSTAINED,"{""abstention_reason_code"": ""canonical_structure_absent"", ""activation_state"": ""ADVISORY_ONLY"", ""canonical_disposition"": ""NOT_ESTIMABLE_STRUCTURE_ABSENT"", ""canonical_structure"": ""crossDocumentFactSet"", ""reason"": ""Awaiting a governed cross-document fact set. This measure is named for a method that cannot be carried out without it, so no reading is reported and no other figure is used in its place."", ""result_source"": ""CANONICAL_V6_LAYER""}"
four_period,PRJ-C45-FOUR,3,abstained,C1.7,ABSTAINED,"{""abstention_reason_code"": ""canonical_structure_absent"", ""activation_state"": ""ADVISORY_ONLY"", ""canonical_disposition"": ""NOT_ESTIMABLE_STRUCTURE_ABSENT"", ""canonical_structure"": ""reportingCadenceRecord"", ""reason"": ""Awaiting a governed reporting cadence record and report history. This measure is named for a method that cannot be carried out without it, so no reading is reported and no other figure is used in its place."", ""result_source"": ""CANONICAL_V6_LAYER""}"
four_period,PRJ-C45-FOUR,3,module,A1.2,,"{""H"": 0.0028867513459481316, ""activation_state"": ""ADVISORY_ONLY"", ""breach_index"": 0, ""breached"": true, ""category"": ""A1"", ""evidence_metric"": ""CUSUM max 0.024 against H 0.003 over 3 periods; breached"", ""group"": ""A"", ""k"": 0.00028867513459481317, ""max_stat"": 0.024133974596215583, ""method_class"": ""CUSUM"", ""periods"": 3, ""proxy_label"": ""CUSUM Anomaly Monitor (proxy: hard-coded transformations of two-sided CUSUM on real SPI history; k, H, sigma floor and Amber band uncalibrated. Advisory, non-voting.)"", ""proxy_qualifier"": ""hard-coded transformations of two-sided CUSUM on real SPI history; k, H, sigma floor and Amber band uncalibrated"", ""seed"": 1459597760, ""sigma"": 0.0005773502691896263, ""status_color"": ""red"", ""votes"": false}"
four_period,PRJ-C45-FOUR,3,module,A1.7,,"{""activation_state"": ""ENABLED_QUALIFIED"", ""band_source"": ""Green at or below 1.00, Amber at or below 1.10, Red above. 1.00 is definitional: Project Management Institute, A Guide to the Project Management Body of Knowledge, 6th edition, 2017, section 7.4.2.2, and PMI Practice Standard for Earned Value Management, 2nd edition, 2011, define this index as the cost efficiency the remaining work must achieve, so at or below 1.00 the remaining budget suffices at the efficiency already planned. 1.10 applies a sourced number by stated inference: Christensen and Heise, Cost Performance Index Stability, National Contract Management Journal 25(1), 1993, pages 7 to 15, found the cumulative cost performance index does not move by more than 0.10 after the twenty per cent completion point, so a demand for more than that improvement is beyond what the remaining work is observed to deliver."", ""band_source_limit"": ""Band boundaries are sourced to published literature. False-positive and false-negative performance is not measured: no labelled holdout corpus and no expert reference standard exist for this platform, so how often a band is right is unknown."", ""category"": ""A1"", ""evidence_metric"": ""TCPI: 1.006, the cost efficiency the remaining work must achieve to finish within budget, above the efficiency planned"", ""group"": ""A"", ""method_class"": ""TCPI"", ""status_color"": ""Amber"", ""tcpi"": 1.0057803468208093, ""tcpi_display"": 1.006, ""votes"": true}"
four_period,PRJ-C45-FOUR,3,module,A1.8,,"{""activation_state"": ""ENABLED_QUALIFIED"", ""band_source"": ""Green at or above zero per cent, Amber at or above minus 11.11 per cent, Red below. Zero is definitional: the Project Management Institute (A Guide to the Project Management Body of Knowledge, 6th edition, 2017, section 7.4.2.2; Practice Standard for Earned Value Management, 2nd edition, 2011) defines variance at completion as budget minus forecast, so a negative variance is a forecast overrun. Minus 11.11 per cent is the exact restatement of a cost performance index of 0.90, because this forecast is the index-based one, and 0.90 applies the 0.10 stability finding of Christensen and Heise (National Contract Management Journal 25(1), 1993, pages 7 to 15) by stated inference. The stated limit of that citation: the stability finding is conditional on the project being past twenty per cent complete and this measure does not read percent complete, so the condition is not enforced."", ""band_source_limit"": ""Band boundaries are sourced to published literature. False-positive and false-negative performance is not measured: no labelled holdout corpus and no expert reference standard exist for this platform, so how often a band is right is unknown."", ""category"": ""A1"", ""evidence_metric"": ""VAC: $384,216 over budget (3.8%)"", ""group"": ""A"", ""method_class"": ""VAC"", ""status_color"": ""Amber"", ""vac"": -384215.99169262685, ""vac_display"": -384216, ""vac_pct"": -3.842159916926269, ""vac_pct_display"": -3.8, ""votes"": true}"
four_period,PRJ-C45-FOUR,3,signal_input,ac,,1350000
four_period,PRJ-C45-FOUR,3,signal_input,activitiesConstrained,,null
four_period,PRJ-C45-FOUR,3,signal_input,activitiesPlanned,,null
four_period,PRJ-C45-FOUR,3,signal_input,actualLaborHours,,null
four_period,PRJ-C45-FOUR,3,signal_input,actualPctComplete,,43.0
four_period,PRJ-C45-FOUR,3,signal_input,analogousBac,,null
four_period,PRJ-C45-FOUR,3,signal_input,analogousFinalCost,,null
four_period,PRJ-C45-FOUR,3,signal_input,analogousOverrunPct,,null
four_period,PRJ-C45-FOUR,3,signal_input,bac,,10000000
four_period,PRJ-C45-FOUR,3,signal_input,baselineContractSum,,null
four_period,PRJ-C45-FOUR,3,signal_input,baselineEnd,,null
four_period,PRJ-C45-FOUR,3,signal_input,baselineStart,,null
four_period,PRJ-C45-FOUR,3,signal_input,changeOrderCount,,null
four_period,PRJ-C45-FOUR,3,signal_input,consumedFloat,,null
four_period,PRJ-C45-FOUR,3,signal_input,costRating,,null
four_period,PRJ-C45-FOUR,3,signal_input,cpi,,0.963
four_period,PRJ-C45-FOUR,3,signal_input,cpiHistory,,"[0.957, 0.96, 0.963]"
four_period,PRJ-C45-FOUR,3,signal_input,criticalDeficiencyCount,,null
four_period,PRJ-C45-FOUR,3,signal_input,criticalFindings,,null
four_period,PRJ-C45-FOUR,3,signal_input,docDate,,"""2026-05-31"""
four_period,PRJ-C45-FOUR,3,signal_input,docRiskScore,,null
four_period,PRJ-C45-FOUR,3,signal_input,environmentalComplianceRate,,null
four_period,PRJ-C45-FOUR,3,signal_input,environmentalIssuesDiscussed,,null
four_period,PRJ-C45-FOUR,3,signal_input,environmentalViolations,,null
four_period,PRJ-C45-FOUR,3,signal_input,ev,,1300000
four_period,PRJ-C45-FOUR,3,signal_input,floatRemaining,,null
four_period,PRJ-C45-FOUR,3,signal_input,indirectCostActual,,null
four_period,PRJ-C45-FOUR,3,signal_input,indirectCostPlan,,null
four_period,PRJ-C45-FOUR,3,signal_input,itemsFailed,,null
four_period,PRJ-C45-FOUR,3,signal_input,itemsInspected,,null
four_period,PRJ-C45-FOUR,3,signal_input,longLeadAtRisk,,null
four_period,PRJ-C45-FOUR,3,signal_input,longLeadDelayed,,null
four_period,PRJ-C45-FOUR,3,signal_input,longLeadItemsTotal,,null
four_period,PRJ-C45-FOUR,3,signal_input,lookaheadWeeks,,null
four_period,PRJ-C45-FOUR,3,signal_input,materialCostBaseline,,null
four_period,PRJ-C45-FOUR,3,signal_input,materialCostCurrent,,null
four_period,PRJ-C45-FOUR,3,signal_input,ncrClosed,,null
four_period,PRJ-C45-FOUR,3,signal_input,ncrIssued,,null
four_period,PRJ-C45-FOUR,3,signal_input,ncrOpen,,null
four_period,PRJ-C45-FOUR,3,signal_input,originalContingency,,null
four_period,PRJ-C45-FOUR,3,signal_input,oshaIncidentRate,,null
four_period,PRJ-C45-FOUR,3,signal_input,outstandingActionItems,,null
four_period,PRJ-C45-FOUR,3,signal_input,overallRating,,null
four_period,PRJ-C45-FOUR,3,signal_input,plannedLaborHours,,null
four_period,PRJ-C45-FOUR,3,signal_input,plannedPctComplete,,44.0
four_period,PRJ-C45-FOUR,3,signal_input,pv,,1310000
four_period,PRJ-C45-FOUR,3,signal_input,qualityAuditScore,,null
four_period,PRJ-C45-FOUR,3,signal_input,qualityDeficienciesNoted,,null
four_period,PRJ-C45-FOUR,3,signal_input,qualityIssuesDiscussed,,null
four_period,PRJ-C45-FOUR,3,signal_input,qualityRating,,null
four_period,PRJ-C45-FOUR,3,signal_input,remainingContingency,,null
four_period,PRJ-C45-FOUR,3,signal_input,revisedContractSum,,null
four_period,PRJ-C45-FOUR,3,signal_input,rfaApproved,,null
four_period,PRJ-C45-FOUR,3,signal_input,rfaAvgReviewDays,,null
four_period,PRJ-C45-FOUR,3,signal_input,rfaOpen,,null
four_period,PRJ-C45-FOUR,3,signal_input,rfaRejected,,null
four_period,PRJ-C45-FOUR,3,signal_input,rfaResubmit,,null
four_period,PRJ-C45-FOUR,3,signal_input,rfaTotal,,null
four_period,PRJ-C45-FOUR,3,signal_input,rfiAvgResponseDays,,null
four_period,PRJ-C45-FOUR,3,signal_input,rfiCount,,null
four_period,PRJ-C45-FOUR,3,signal_input,rfiNumber,,null
four_period,PRJ-C45-FOUR,3,signal_input,rfiOldestOpenDays,,null
four_period,PRJ-C45-FOUR,3,signal_input,rfiOpen,,null
four_period,PRJ-C45-FOUR,3,signal_input,rfiOverdue,,null
four_period,PRJ-C45-FOUR,3,signal_input,rfiPeriodDays,,null
four_period,PRJ-C45-FOUR,3,signal_input,rfiResponseTimeDays,,null
four_period,PRJ-C45-FOUR,3,signal_input,safetyActionsOpen,,null
four_period,PRJ-C45-FOUR,3,signal_input,safetyIncidentsDiscussed,,null
four_period,PRJ-C45-FOUR,3,signal_input,scheduleRating,,null
four_period,PRJ-C45-FOUR,3,signal_input,spi,,0.992
four_period,PRJ-C45-FOUR,3,signal_input,spiHistory,,"[0.991, 0.992, 0.992]"
four_period,PRJ-C45-FOUR,3,signal_input,subcontractorComplianceScore,,null
four_period,PRJ-C45-FOUR,3,signal_input,subcontractorDisputes,,null
four_period,PRJ-C45-FOUR,3,signal_input,subcontractorIssuesDiscussed,,null
four_period,PRJ-C45-FOUR,3,signal_input,submittalsRejected,,null
four_period,PRJ-C45-FOUR,3,signal_input,submittalsTotal,,null
four_period,PRJ-C45-FOUR,3,signal_input,totalFindings,,null
four_period,PRJ-C45-FOUR,3,signal_input,totalFloat,,null
four_period,PRJ-C45-FOUR,3,signal_input,totalManhours,,null
four_period,PRJ-C45-FOUR,3,signal_input,weatherDaysDiscussed,,null
four_period,PRJ-C45-FOUR,3,signal_input,weatherDaysLost,,null
four_period,PRJ-C45-FOUR,3,signal_input,workPeriodFrom,,null
four_period,PRJ-C45-FOUR,3,signal_input,workPeriodTo,,null
four_period,PRJ-C45-FOUR,4,abstained,A1.10,ABSTAINED,"{""abstention_reason_code"": ""canonical_structure_absent"", ""activation_state"": ""ADVISORY_ONLY"", ""reason"": ""Awaiting a governed reference population of comparable projects with the cost performance they achieved, and the weight to place on this project's own reading. This measure is named for a method that cannot be carried out without it, so no reading is reported and no other figure is used in its place.""}"
four_period,PRJ-C45-FOUR,4,abstained,A1.11,ABSTAINED,"{""abstention_reason_code"": ""canonical_structure_absent"", ""activation_state"": ""ADVISORY_ONLY"", ""reason"": ""Awaiting two separately prepared forecasts of the cost at completion, one from the project management team and one prepared independently of it. This measure is named for a method that cannot be carried out without it, so no reading is reported and no other figure is used in its place.""}"
four_period,PRJ-C45-FOUR,4,abstained,A1.3,ABSTAINED,"{""abstention_reason_code"": ""canonical_structure_absent"", ""activation_state"": ""ADVISORY_ONLY"", ""reason"": ""Awaiting a stated prior for the cost at completion, with its source, and a stated observation model with the uncertainty of the observation. This measure is named for a method that cannot be carried out without it, so no reading is reported and no other figure is used in its place.""}"
four_period,PRJ-C45-FOUR,4,abstained,A1.4,ABSTAINED,"{""abstention_reason_code"": ""canonical_structure_absent"", ""activation_state"": ""ADVISORY_ONLY"", ""reason"": ""Awaiting a state space model for the schedule index: a starting estimate, its uncertainty, the process and measurement variances, and the readings taken. This measure is named for a method that cannot be carried out without it, so no reading is reported and no other figure is used in its place.""}"
four_period,PRJ-C45-FOUR,4,abstained,A1.5,ABSTAINED,"{""abstention_reason_code"": ""insufficient_history"", ""activation_state"": ""ADVISORY_ONLY"", ""reason"": ""The cost performance history is too short for a time series model to be identified from it, so no forecast is reported and no shorter substitute is used.""}"
four_period,PRJ-C45-FOUR,4,abstained,A1.6,ABSTAINED,"{""abstention_reason_code"": ""canonical_structure_absent"", ""activation_state"": ""ADVISORY_ONLY"", ""reason"": ""Awaiting a time phased baseline: the cumulative value of work planned to be complete at the end of each period. This measure is named for a method that cannot be carried out without it, so no reading is reported and no other figure is used in its place.""}"
four_period,PRJ-C45-FOUR,4,abstained,A1.9,ABSTAINED,"{""abstention_reason_code"": ""canonical_structure_absent"", ""activation_state"": ""ADVISORY_ONLY"", ""reason"": ""Awaiting an approved time phased expenditure baseline: the amount planned to be spent by the end of each period. This measure is named for a method that cannot be carried out without it, so no reading is reported and no other figure is used in its place.""}"
four_period,PRJ-C45-FOUR,4,abstained,A2.1,ABSTAINED,"{""abstention_reason_code"": ""canonical_structure_absent"", ""activation_state"": ""ADVISORY_ONLY"", ""reason"": ""Awaiting the project's activity network: the activities, the logic between them, and a duration for each. This measure is named for a method that cannot be carried out without it, so no reading is reported and no other figure is used in its place.""}"
four_period,PRJ-C45-FOUR,4,abstained,A2.2,ABSTAINED,"{""abstention_reason_code"": ""canonical_structure_absent"", ""activation_state"": ""ADVISORY_ONLY"", ""reason"": ""Awaiting a line of balance: locations in sequence, the crews working them, and a production rate and start for each line of work. This measure is named for a method that cannot be carried out without it, so no reading is reported and no other figure is used in its place.""}"
four_period,PRJ-C45-FOUR,4,abstained,A2.3,ABSTAINED,"{""abstention_reason_code"": ""canonical_structure_absent"", ""activation_state"": ""ADVISORY_ONLY"", ""reason"": ""Awaiting a critical chain with its activities and a sized project buffer. This measure is named for a method that cannot be carried out without it, so no reading is reported and no other figure is used in its place.""}"
four_period,PRJ-C45-FOUR,4,abstained,A2.7,ABSTAINED,"{""abstention_reason_code"": ""canonical_structure_absent"", ""activation_state"": ""ADVISORY_ONLY"", ""reason"": ""Awaiting a milestone forecast history: each milestone's committed date and the date it was forecast for in each reporting period since. This measure is named for a method that cannot be carried out without it, so no reading is reported and no other figure is used in its place.""}"
four_period,PRJ-C45-FOUR,4,abstained,A2.8,ABSTAINED,"{""abstention_reason_code"": ""canonical_structure_absent"", ""activation_state"": ""ADVISORY_ONLY"", ""reason"": ""Awaiting a look ahead schedule: the window it covers, the activities planned in it, and whether each one still carries an open constraint. This measure is named for a method that cannot be carried out without it, so no reading is reported and no other figure is used in its place.""}"
four_period,PRJ-C45-FOUR,4,abstained,A2.9,ABSTAINED,"{""abstention_reason_code"": ""canonical_structure_absent"", ""activation_state"": ""ADVISORY_ONLY"", ""reason"": ""Awaiting a time phased resource profile: for each period and each kind of resource, the amount of work demanded and the amount available. This measure is named for a method that cannot be carried out without it, so no reading is reported and no other figure is used in its place.""}"
four_period,PRJ-C45-FOUR,4,abstained,A3.1,ABSTAINED,"{""abstention_reason_code"": ""canonical_structure_absent"", ""activation_state"": ""ADVISORY_ONLY"", ""reason"": ""Awaiting a reference class of completed comparable projects, with the criteria that put them in it and the overrun each of them finished with. This measure is named for a method that cannot be carried out without it, so no reading is reported and no other figure is used in its place.""}"
four_period,PRJ-C45-FOUR,4,abstained,A3.2,ABSTAINED,"{""abstention_reason_code"": ""missing_required_input"", ""activation_state"": ""ADVISORY_ONLY"", ""reason"": ""Insufficient data: the original and remaining contingency amounts are needed, and at least one of them has not been reported for this period.""}"
four_period,PRJ-C45-FOUR,4,abstained,A3.3,ABSTAINED,"{""abstention_reason_code"": ""canonical_structure_absent"", ""activation_state"": ""ADVISORY_ONLY"", ""reason"": ""Awaiting a record of production: the quantity of work installed, the quantity planned, and the labour hours each of those took. This measure is named for a method that cannot be carried out without it, so no reading is reported and no other figure is used in its place.""}"
four_period,PRJ-C45-FOUR,4,abstained,A3.5,ABSTAINED,"{""abstention_reason_code"": ""canonical_structure_absent"", ""activation_state"": ""ADVISORY_ONLY"", ""reason"": ""Awaiting an overhead allocation base: the planned and actual overhead and the planned and actual amount of the base it is absorbed over. This measure is named for a method that cannot be carried out without it, so no reading is reported and no other figure is used in its place.""}"
four_period,PRJ-C45-FOUR,4,abstained,A3.6,ABSTAINED,"{""abstention_reason_code"": ""canonical_structure_absent"", ""activation_state"": ""ADVISORY_ONLY"", ""reason"": ""Awaiting a cost risk model: the base cost components, the risk events that could occur, how likely each is and what it would cost. This measure is named for a method that cannot be carried out without it, so no reading is reported and no other figure is used in its place.""}"
four_period,PRJ-C45-FOUR,4,abstained,A3.7,ABSTAINED,"{""abstention_reason_code"": ""canonical_structure_absent"", ""activation_state"": ""ADVISORY_ONLY"", ""reason"": ""Awaiting an identified analogous project with its cost, why it is comparable, and the factors that adapt it to this project. This measure is named for a method that cannot be carried out without it, so no reading is reported and no other figure is used in its place.""}"
four_period,PRJ-C45-FOUR,4,abstained,A3.9,ABSTAINED,"{""abstention_reason_code"": ""canonical_structure_absent"", ""activation_state"": ""ADVISORY_ONLY"", ""reason"": ""Awaiting a named external price index with its authority, geography, base period and the period being adjusted to. This measure is named for a method that cannot be carried out without it, so no reading is reported and no other figure is used in its place.""}"
four_period,PRJ-C45-FOUR,4,abstained,A4.10,ABSTAINED,"{""abstention_reason_code"": ""canonical_structure_absent"", ""activation_state"": ""ADVISORY_ONLY"", ""reason"": ""Awaiting a specification conflict register: each identified conflict, the two places in the specification that disagree, whether it has been confirmed, and the exposure the conflicts are counted over. This measure is named for a method that cannot be carried out without it, so no reading is reported and no other figure is used in its place.""}"
four_period,PRJ-C45-FOUR,4,abstained,A4.2,ABSTAINED,"{""activation_state"": ""ADVISORY_ONLY"", ""reason"": ""Insufficient data: upload required documents""}"
four_period,PRJ-C45-FOUR,4,abstained,A4.3,ABSTAINED,"{""activation_state"": ""ADVISORY_ONLY"", ""reason"": ""Insufficient data: upload required documents""}"
four_period,PRJ-C45-FOUR,4,abstained,A4.4,ABSTAINED,"{""abstention_reason_code"": ""canonical_structure_absent"", ""activation_state"": ""ADVISORY_ONLY"", ""reason"": ""Awaiting a nonconformance record with the exposure it is measured against: the nonconformances raised, and the inspections, hours or value they arose from. This measure is named for a method that cannot be carried out without it, so no reading is reported and no other figure is used in its place.""}"
four_period,PRJ-C45-FOUR,4,abstained,A4.5,ABSTAINED,"{""abstention_reason_code"": ""canonical_structure_absent"", ""activation_state"": ""ADVISORY_ONLY"", ""reason"": ""Awaiting a weather impact record: the weather events, the activities they stopped, the time actually lost, the allowance in the contract calendar, and the float on the path. This measure is named for a method that cannot be carried out without it, so no reading is reported and no other figure is used in its place.""}"
four_period,PRJ-C45-FOUR,4,abstained,A4.6,ABSTAINED,"{""abstention_reason_code"": ""canonical_structure_absent"", ""activation_state"": ""ADVISORY_ONLY"", ""reason"": ""Awaiting a change event register with the exposure it is measured over: each change, its type, cause and value, and the span of time or contract value it arose against. This measure is named for a method that cannot be carried out without it, so no reading is reported and no other figure is used in its place.""}"
four_period,PRJ-C45-FOUR,4,abstained,A4.7,ABSTAINED,"{""abstention_reason_code"": ""canonical_structure_absent"", ""activation_state"": ""ADVISORY_ONLY"", ""reason"": ""Awaiting a claim and dispute register: the project's own governed escalation process and the stage each issue has reached on it, with the dates it reached them. This measure is named for a method that cannot be carried out without it, so no reading is reported and no other figure is used in its place.""}"
four_period,PRJ-C45-FOUR,4,abstained,A4.8,ABSTAINED,"{""abstention_reason_code"": ""canonical_structure_absent"", ""activation_state"": ""ADVISORY_ONLY"", ""reason"": ""Awaiting a subcontractor performance assessment: each firm, the criteria it was rated against, the rating on each, who assessed it and the weights that were applied. This measure is named for a method that cannot be carried out without it, so no reading is reported and no other figure is used in its place.""}"
four_period,PRJ-C45-FOUR,4,abstained,A4.9,ABSTAINED,"{""abstention_reason_code"": ""canonical_structure_absent"", ""activation_state"": ""ADVISORY_ONLY"", ""reason"": ""Awaiting an item level procurement register: for each item, the date it is required on site, the date it is forecast to arrive, and the activity it feeds. This measure is named for a method that cannot be carried out without it, so no reading is reported and no other figure is used in its place.""}"
four_period,PRJ-C45-FOUR,4,abstained,A5.1,ABSTAINED,"{""abstention_reason_code"": ""canonical_structure_absent"", ""activation_state"": ""ADVISORY_ONLY"", ""reason"": ""Awaiting a dependency matrix for the design: the parts of the design, which of them depend on which others and how strongly, and the rework the propagation starts from. This measure is named for a method that cannot be carried out without it, so no reading is reported and no other figure is used in its place.""}"
four_period,PRJ-C45-FOUR,4,abstained,A5.2,ABSTAINED,"{""abstention_reason_code"": ""canonical_structure_absent"", ""activation_state"": ""ADVISORY_ONLY"", ""reason"": ""Awaiting a sensitivity model: a named response function, the state it is evaluated at, and the inputs to be moved with the range each is moved across. This measure is named for a method that cannot be carried out without it, so no reading is reported and no other figure is used in its place.""}"
four_period,PRJ-C45-FOUR,4,abstained,A5.4,ABSTAINED,"{""abstention_reason_code"": ""canonical_structure_absent"", ""activation_state"": ""ADVISORY_ONLY"", ""reason"": ""Awaiting a scenario set: named scenarios, each stating every input it changes together, the reasoning behind it, and the response model they are all evaluated through. This measure is named for a method that cannot be carried out without it, so no reading is reported and no other figure is used in its place.""}"
four_period,PRJ-C45-FOUR,4,abstained,A5.5,ABSTAINED,"{""abstention_reason_code"": ""canonical_structure_absent"", ""activation_state"": ""ADVISORY_ONLY"", ""reason"": ""Awaiting a system dynamics rework model: the stock of work in the backlog, the work arriving and completed each step, and the share of completed work that returns as rework. This measure is named for a method that cannot be carried out without it, so no reading is reported and no other figure is used in its place.""}"
four_period,PRJ-C45-FOUR,4,abstained,A5.6,ABSTAINED,"{""abstention_reason_code"": ""canonical_structure_absent"", ""activation_state"": ""ADVISORY_ONLY"", ""reason"": ""Awaiting a queue model: the rate work arrives at, the rate it is served at, how many servers there are and the order they take work in. This measure is named for a method that cannot be carried out without it, so no reading is reported and no other figure is used in its place.""}"
four_period,PRJ-C45-FOUR,4,abstained,A5.7,ABSTAINED,"{""abstention_reason_code"": ""canonical_structure_absent"", ""activation_state"": ""ADVISORY_ONLY"", ""reason"": ""Awaiting an agent based supply chain model: the agents, the state each starts in, the rule each follows, who they are connected to, and the steps the model runs over. This measure is named for a method that cannot be carried out without it, so no reading is reported and no other figure is used in its place.""}"
four_period,PRJ-C45-FOUR,4,abstained,A5.8,ABSTAINED,"{""abstention_reason_code"": ""canonical_structure_absent"", ""activation_state"": ""ADVISORY_ONLY"", ""reason"": ""Awaiting a discrete event model: the entities and when they arrive, the resources that serve them, how long service takes, and the order simultaneous events are taken in. This measure is named for a method that cannot be carried out without it, so no reading is reported and no other figure is used in its place.""}"
four_period,PRJ-C45-FOUR,4,abstained,A6.1,ABSTAINED,"{""abstention_reason_code"": ""CATEGORY9_ASSESSMENT_MISSING"", ""activation_state"": ""ADVISORY_ONLY"", ""lineage"": {""evidence_body"": null, ""independence_established"": false, ""lineage_status"": ""LINEAGE_UNRESOLVED""}, ""reason"": ""The evidence offered to this measure carries no Category-9 assessment, so it is unassessed and not eligible for this use. No reading is produced and no figure is used in its place."", ""result_source"": ""QUALIFICATION_BOUNDARY_V18""}"
four_period,PRJ-C45-FOUR,4,abstained,A6.2,ABSTAINED,"{""abstention_reason_code"": ""CATEGORY9_ASSESSMENT_MISSING"", ""activation_state"": ""ADVISORY_ONLY"", ""lineage"": {""evidence_body"": null, ""independence_established"": false, ""lineage_status"": ""LINEAGE_UNRESOLVED""}, ""reason"": ""The evidence offered to this measure carries no Category-9 assessment, so it is unassessed and not eligible for this use. No reading is produced and no figure is used in its place."", ""result_source"": ""QUALIFICATION_BOUNDARY_V18""}"
four_period,PRJ-C45-FOUR,4,abstained,A6.3,ABSTAINED,"{""abstention_reason_code"": ""CATEGORY9_ASSESSMENT_MISSING"", ""activation_state"": ""ADVISORY_ONLY"", ""claim_limit"": ""The permit authority, the jurisdiction and the version of the conditions being assessed are not carried, and no committed authority in this repository supplies them. The reading is a count of reported conditions met and is not a compliance determination under any named instrument."", ""claim_limit_disposition"": ""REGULATORY_VERSION_BLOCKED"", ""lineage"": {""evidence_body"": null, ""independence_established"": false, ""lineage_status"": ""LINEAGE_UNRESOLVED""}, ""reason"": ""The evidence offered to this measure carries no Category-9 assessment, so it is unassessed and not eligible for this use. No reading is produced and no figure is used in its place."", ""result_source"": ""QUALIFICATION_BOUNDARY_V18""}"
four_period,PRJ-C45-FOUR,4,abstained,A6.4,ABSTAINED,"{""abstention_reason_code"": ""CATEGORY9_ASSESSMENT_MISSING"", ""activation_state"": ""ADVISORY_ONLY"", ""lineage"": {""evidence_body"": null, ""independence_established"": false, ""lineage_status"": ""LINEAGE_UNRESOLVED""}, ""reason"": ""The evidence offered to this measure carries no Category-9 assessment, so it is unassessed and not eligible for this use. No reading is produced and no figure is used in its place."", ""result_source"": ""QUALIFICATION_BOUNDARY_V18""}"
four_period,PRJ-C45-FOUR,4,abstained,B1.1,ABSTAINED,"{""abstention_reason_code"": ""CATEGORY9_ASSESSMENT_MISSING"", ""activation_state"": ""ADVISORY_ONLY"", ""lineage"": {""evidence_body"": null, ""independence_established"": false, ""lineage_status"": ""LINEAGE_UNRESOLVED""}, ""newly_wired_unvalidated"": true, ""reason"": ""The evidence offered to this measure carries no Category-9 assessment, so it is unassessed and not eligible for this use. No reading is produced and no figure is used in its place. This computation reads an assembled signal package. It was supplied the cost and schedule indices, the performance trend. Not available this period: the cost forecast, because the cost forecast computation abstained this period; the document risk score, because this period's evidence carries no document risk score."", ""result_source"": ""QUALIFICATION_BOUNDARY_V18"", ""signal_qualification"": ""unqualified"", ""wiring_note"": ""Newly wired and unvalidated: this module could not execute on the normal computation path before the flat-to-nested signal adapter, so its output has never been validated against real project evidence. Advisory, non-voting.""}"
four_period,PRJ-C45-FOUR,4,abstained,B1.2,ABSTAINED,"{""abstention_reason_code"": ""CATEGORY9_ASSESSMENT_MISSING"", ""activation_state"": ""ADVISORY_ONLY"", ""lineage"": {""evidence_body"": null, ""independence_established"": false, ""lineage_status"": ""LINEAGE_UNRESOLVED""}, ""newly_wired_unvalidated"": true, ""reason"": ""The evidence offered to this measure carries no Category-9 assessment, so it is unassessed and not eligible for this use. No reading is produced and no figure is used in its place. This computation reads an assembled signal package. It was supplied the cost and schedule indices, the performance trend. Not available this period: the cost forecast, because the cost forecast computation abstained this period; the document risk score, because this period's evidence carries no document risk score."", ""result_source"": ""QUALIFICATION_BOUNDARY_V18"", ""signal_qualification"": ""unqualified"", ""wiring_note"": ""Newly wired and unvalidated: this module could not execute on the normal computation path before the flat-to-nested signal adapter, so its output has never been validated against real project evidence. Advisory, non-voting.""}"
four_period,PRJ-C45-FOUR,4,abstained,B1.3,ABSTAINED,"{""abstention_reason_code"": ""CATEGORY9_ASSESSMENT_MISSING"", ""activation_state"": ""ADVISORY_ONLY"", ""lineage"": {""evidence_body"": null, ""independence_established"": false, ""lineage_status"": ""LINEAGE_UNRESOLVED""}, ""newly_wired_unvalidated"": true, ""reason"": ""The evidence offered to this measure carries no Category-9 assessment, so it is unassessed and not eligible for this use. No reading is produced and no figure is used in its place. This computation reads an assembled signal package. It was supplied the cost and schedule indices, the performance trend. Not available this period: the cost forecast, because the cost forecast computation abstained this period; the document risk score, because this period's evidence carries no document risk score."", ""result_source"": ""QUALIFICATION_BOUNDARY_V18"", ""signal_qualification"": ""unqualified"", ""wiring_note"": ""Newly wired and unvalidated: this module could not execute on the normal computation path before the flat-to-nested signal adapter, so its output has never been validated against real project evidence. Advisory, non-voting.""}"
four_period,PRJ-C45-FOUR,4,abstained,B1.4,ABSTAINED,"{""abstention_reason_code"": ""CATEGORY9_ASSESSMENT_MISSING"", ""activation_state"": ""ADVISORY_ONLY"", ""lineage"": {""evidence_body"": null, ""independence_established"": false, ""lineage_status"": ""LINEAGE_UNRESOLVED""}, ""newly_wired_unvalidated"": true, ""reason"": ""The evidence offered to this measure carries no Category-9 assessment, so it is unassessed and not eligible for this use. No reading is produced and no figure is used in its place. This computation reads an assembled signal package. It was supplied the cost and schedule indices, the performance trend. Not available this period: the cost forecast, because the cost forecast computation abstained this period; the document risk score, because this period's evidence carries no document risk score."", ""result_source"": ""QUALIFICATION_BOUNDARY_V18"", ""signal_qualification"": ""unqualified"", ""wiring_note"": ""Newly wired and unvalidated: this module could not execute on the normal computation path before the flat-to-nested signal adapter, so its output has never been validated against real project evidence. Advisory, non-voting.""}"
four_period,PRJ-C45-FOUR,4,abstained,B2.18,ABSTAINED,"{""abstention_reason_code"": ""CATEGORY9_ASSESSMENT_MISSING"", ""activation_state"": ""ADVISORY_ONLY"", ""lineage"": {""evidence_body"": null, ""independence_established"": false, ""lineage_status"": ""LINEAGE_UNRESOLVED""}, ""reason"": ""The evidence offered to this measure carries no Category-9 assessment, so it is unassessed and not eligible for this use. No reading is produced and no figure is used in its place."", ""result_source"": ""QUALIFICATION_BOUNDARY_V18""}"
four_period,PRJ-C45-FOUR,4,abstained,B3.1,ABSTAINED,"{""abstention_reason_code"": ""CATEGORY9_ASSESSMENT_MISSING"", ""activation_state"": ""ADVISORY_ONLY"", ""lineage"": {""evidence_body"": null, ""independence_established"": false, ""lineage_status"": ""LINEAGE_UNRESOLVED""}, ""newly_wired_unvalidated"": true, ""reason"": ""The evidence offered to this measure carries no Category-9 assessment, so it is unassessed and not eligible for this use. No reading is produced and no figure is used in its place. This computation reads an assembled signal package. It was supplied the cost and schedule indices, the performance trend. Not available this period: the cost forecast, because the cost forecast computation abstained this period; the document risk score, because this period's evidence carries no document risk score."", ""result_source"": ""QUALIFICATION_BOUNDARY_V18"", ""signal_qualification"": ""unqualified"", ""wiring_note"": ""Newly wired and unvalidated: this module could not execute on the normal computation path before the flat-to-nested signal adapter, so its output has never been validated against real project evidence. Advisory, non-voting.""}"
four_period,PRJ-C45-FOUR,4,abstained,B3.2,ABSTAINED,"{""abstention_reason_code"": ""CATEGORY9_ASSESSMENT_MISSING"", ""activation_state"": ""ADVISORY_ONLY"", ""lineage"": {""evidence_body"": null, ""independence_established"": false, ""lineage_status"": ""LINEAGE_UNRESOLVED""}, ""reason"": ""The evidence offered to this measure carries no Category-9 assessment, so it is unassessed and not eligible for this use. No reading is produced and no figure is used in its place."", ""result_source"": ""QUALIFICATION_BOUNDARY_V18""}"
four_period,PRJ-C45-FOUR,4,abstained,B3.3,ABSTAINED,"{""abstention_reason_code"": ""CATEGORY9_ASSESSMENT_MISSING"", ""activation_state"": ""ADVISORY_ONLY"", ""lineage"": {""evidence_body"": null, ""independence_established"": false, ""lineage_status"": ""LINEAGE_UNRESOLVED""}, ""reason"": ""The evidence offered to this measure carries no Category-9 assessment, so it is unassessed and not eligible for this use. No reading is produced and no figure is used in its place."", ""result_source"": ""QUALIFICATION_BOUNDARY_V18""}"
four_period,PRJ-C45-FOUR,4,abstained,B3.4,ABSTAINED,"{""abstention_reason_code"": ""CATEGORY9_ASSESSMENT_MISSING"", ""activation_state"": ""ADVISORY_ONLY"", ""lineage"": {""evidence_body"": null, ""independence_established"": false, ""lineage_status"": ""LINEAGE_UNRESOLVED""}, ""reason"": ""The evidence offered to this measure carries no Category-9 assessment, so it is unassessed and not eligible for this use. No reading is produced and no figure is used in its place."", ""result_source"": ""QUALIFICATION_BOUNDARY_V18""}"
four_period,PRJ-C45-FOUR,4,abstained,B3.5,ABSTAINED,"{""abstention_reason_code"": ""CATEGORY9_ASSESSMENT_MISSING"", ""activation_state"": ""ADVISORY_ONLY"", ""lineage"": {""evidence_body"": null, ""independence_established"": false, ""lineage_status"": ""LINEAGE_UNRESOLVED""}, ""reason"": ""The evidence offered to this measure carries no Category-9 assessment, so it is unassessed and not eligible for this use. No reading is produced and no figure is used in its place."", ""result_source"": ""QUALIFICATION_BOUNDARY_V18""}"
four_period,PRJ-C45-FOUR,4,abstained,B4.3,ABSTAINED,"{""abstention_reason_code"": ""CATEGORY9_ASSESSMENT_MISSING"", ""activation_state"": ""ADVISORY_ONLY"", ""lineage"": {""evidence_body"": null, ""independence_established"": false, ""lineage_status"": ""LINEAGE_UNRESOLVED""}, ""reason"": ""The evidence offered to this measure carries no Category-9 assessment, so it is unassessed and not eligible for this use. No reading is produced and no figure is used in its place."", ""result_source"": ""QUALIFICATION_BOUNDARY_V18""}"
four_period,PRJ-C45-FOUR,4,abstained,B4.4,ABSTAINED,"{""abstention_reason_code"": ""CATEGORY9_ASSESSMENT_MISSING"", ""activation_state"": ""ADVISORY_ONLY"", ""lineage"": {""evidence_body"": null, ""independence_established"": false, ""lineage_status"": ""LINEAGE_UNRESOLVED""}, ""reason"": ""The evidence offered to this measure carries no Category-9 assessment, so it is unassessed and not eligible for this use. No reading is produced and no figure is used in its place."", ""result_source"": ""QUALIFICATION_BOUNDARY_V18""}"
four_period,PRJ-C45-FOUR,4,abstained,C1.1,ABSTAINED,"{""abstention_reason_code"": ""canonical_structure_absent"", ""activation_state"": ""ADVISORY_ONLY"", ""canonical_disposition"": ""NOT_ESTIMABLE_STRUCTURE_ABSENT"", ""canonical_structure"": ""requiredInputContract"", ""reason"": ""Awaiting the required-input contract for the module or use being assessed. This measure is named for a method that cannot be carried out without it, so no reading is reported and no other figure is used in its place."", ""result_source"": ""CANONICAL_V6_LAYER""}"
four_period,PRJ-C45-FOUR,4,abstained,C1.2,ABSTAINED,"{""abstention_reason_code"": ""canonical_structure_absent"", ""activation_state"": ""ADVISORY_ONLY"", ""canonical_disposition"": ""NOT_ESTIMABLE_STRUCTURE_ABSENT"", ""canonical_structure"": ""evidenceTimelinessRecord"", ""reason"": ""Awaiting a governed evidence date and freshness rule. This measure is named for a method that cannot be carried out without it, so no reading is reported and no other figure is used in its place."", ""result_source"": ""CANONICAL_V6_LAYER""}"
four_period,PRJ-C45-FOUR,4,abstained,C1.3,ABSTAINED,"{""abstention_reason_code"": ""canonical_structure_absent"", ""activation_state"": ""ADVISORY_ONLY"", ""canonical_disposition"": ""NOT_ESTIMABLE_STRUCTURE_ABSENT"", ""canonical_structure"": ""sourceProvenanceRecord"", ""reason"": ""Awaiting a governed source provenance record. This measure is named for a method that cannot be carried out without it, so no reading is reported and no other figure is used in its place."", ""result_source"": ""CANONICAL_V6_LAYER""}"
four_period,PRJ-C45-FOUR,4,abstained,C1.4,ABSTAINED,"{""abstention_reason_code"": ""canonical_structure_absent"", ""activation_state"": ""ADVISORY_ONLY"", ""canonical_disposition"": ""NOT_ESTIMABLE_STRUCTURE_ABSENT"", ""canonical_structure"": ""auditChainRecord"", ""reason"": ""Awaiting a governed audit chain record. This measure is named for a method that cannot be carried out without it, so no reading is reported and no other figure is used in its place."", ""result_source"": ""CANONICAL_V6_LAYER""}"
four_period,PRJ-C45-FOUR,4,abstained,C1.5,ABSTAINED,"{""abstention_reason_code"": ""canonical_structure_absent"", ""activation_state"": ""ADVISORY_ONLY"", ""canonical_disposition"": ""NOT_ESTIMABLE_STRUCTURE_ABSENT"", ""canonical_structure"": ""informationPackageRecord"", ""reason"": ""Awaiting a governed information package definition. This measure is named for a method that cannot be carried out without it, so no reading is reported and no other figure is used in its place."", ""result_source"": ""CANONICAL_V6_LAYER""}"
four_period,PRJ-C45-FOUR,4,abstained,C1.6,ABSTAINED,"{""abstention_reason_code"": ""canonical_structure_absent"", ""activation_state"": ""ADVISORY_ONLY"", ""canonical_disposition"": ""NOT_ESTIMABLE_STRUCTURE_ABSENT"", ""canonical_structure"": ""crossDocumentFactSet"", ""reason"": ""Awaiting a governed cross-document fact set. This measure is named for a method that cannot be carried out without it, so no reading is reported and no other figure is used in its place."", ""result_source"": ""CANONICAL_V6_LAYER""}"
four_period,PRJ-C45-FOUR,4,abstained,C1.7,ABSTAINED,"{""abstention_reason_code"": ""canonical_structure_absent"", ""activation_state"": ""ADVISORY_ONLY"", ""canonical_disposition"": ""NOT_ESTIMABLE_STRUCTURE_ABSENT"", ""canonical_structure"": ""reportingCadenceRecord"", ""reason"": ""Awaiting a governed reporting cadence record and report history. This measure is named for a method that cannot be carried out without it, so no reading is reported and no other figure is used in its place."", ""result_source"": ""CANONICAL_V6_LAYER""}"
four_period,PRJ-C45-FOUR,4,module,A1.2,,"{""H"": 0.004082482904638634, ""activation_state"": ""ADVISORY_ONLY"", ""breach_index"": 0, ""breached"": true, ""category"": ""A1"", ""evidence_metric"": ""CUSUM max 0.030 against H 0.004 over 4 periods; breached"", ""group"": ""A"", ""k"": 0.0004082482904638634, ""max_stat"": 0.030367006838144573, ""method_class"": ""CUSUM"", ""periods"": 4, ""proxy_label"": ""CUSUM Anomaly Monitor (proxy: hard-coded transformations of two-sided CUSUM on real SPI history; k, H, sigma floor and Amber band uncalibrated. Advisory, non-voting.)"", ""proxy_qualifier"": ""hard-coded transformations of two-sided CUSUM on real SPI history; k, H, sigma floor and Amber band uncalibrated"", ""seed"": 3815079897, ""sigma"": 0.0008164965809277268, ""status_color"": ""red"", ""votes"": false}"
four_period,PRJ-C45-FOUR,4,module,A1.7,,"{""activation_state"": ""ENABLED_QUALIFIED"", ""band_source"": ""Green at or below 1.00, Amber at or below 1.10, Red above. 1.00 is definitional: Project Management Institute, A Guide to the Project Management Body of Knowledge, 6th edition, 2017, section 7.4.2.2, and PMI Practice Standard for Earned Value Management, 2nd edition, 2011, define this index as the cost efficiency the remaining work must achieve, so at or below 1.00 the remaining budget suffices at the efficiency already planned. 1.10 applies a sourced number by stated inference: Christensen and Heise, Cost Performance Index Stability, National Contract Management Journal 25(1), 1993, pages 7 to 15, found the cumulative cost performance index does not move by more than 0.10 after the twenty per cent completion point, so a demand for more than that improvement is beyond what the remaining work is observed to deliver."", ""band_source_limit"": ""Band boundaries are sourced to published literature. False-positive and false-negative performance is not measured: no labelled holdout corpus and no expert reference standard exist for this platform, so how often a band is right is unknown."", ""category"": ""A1"", ""evidence_metric"": ""TCPI: 1.006, the cost efficiency the remaining work must achieve to finish within budget, above the efficiency planned"", ""group"": ""A"", ""method_class"": ""TCPI"", ""status_color"": ""Amber"", ""tcpi"": 1.0058479532163742, ""tcpi_display"": 1.006, ""votes"": true}"
four_period,PRJ-C45-FOUR,4,module,A1.8,,"{""activation_state"": ""ENABLED_QUALIFIED"", ""band_source"": ""Green at or above zero per cent, Amber at or above minus 11.11 per cent, Red below. Zero is definitional: the Project Management Institute (A Guide to the Project Management Body of Knowledge, 6th edition, 2017, section 7.4.2.2; Practice Standard for Earned Value Management, 2nd edition, 2011) defines variance at completion as budget minus forecast, so a negative variance is a forecast overrun. Minus 11.11 per cent is the exact restatement of a cost performance index of 0.90, because this forecast is the index-based one, and 0.90 applies the 0.10 stability finding of Christensen and Heise (National Contract Management Journal 25(1), 1993, pages 7 to 15) by stated inference. The stated limit of that citation: the stability finding is conditional on the project being past twenty per cent complete and this measure does not read percent complete, so the condition is not enforced."", ""band_source_limit"": ""Band boundaries are sourced to published literature. False-positive and false-negative performance is not measured: no labelled holdout corpus and no expert reference standard exist for this platform, so how often a band is right is unknown."", ""category"": ""A1"", ""evidence_metric"": ""VAC: $351,967 over budget (3.5%)"", ""group"": ""A"", ""method_class"": ""VAC"", ""status_color"": ""Amber"", ""vac"": -351966.87370600365, ""vac_display"": -351967, ""vac_pct"": -3.519668737060037, ""vac_pct_display"": -3.5, ""votes"": true}"
four_period,PRJ-C45-FOUR,4,signal_input,ac,,1450000
four_period,PRJ-C45-FOUR,4,signal_input,activitiesConstrained,,null
four_period,PRJ-C45-FOUR,4,signal_input,activitiesPlanned,,null
four_period,PRJ-C45-FOUR,4,signal_input,actualLaborHours,,null
four_period,PRJ-C45-FOUR,4,signal_input,actualPctComplete,,44.0
four_period,PRJ-C45-FOUR,4,signal_input,analogousBac,,null
four_period,PRJ-C45-FOUR,4,signal_input,analogousFinalCost,,null
four_period,PRJ-C45-FOUR,4,signal_input,analogousOverrunPct,,null
four_period,PRJ-C45-FOUR,4,signal_input,bac,,10000000
four_period,PRJ-C45-FOUR,4,signal_input,baselineContractSum,,null
four_period,PRJ-C45-FOUR,4,signal_input,baselineEnd,,null
four_period,PRJ-C45-FOUR,4,signal_input,baselineStart,,null
four_period,PRJ-C45-FOUR,4,signal_input,changeOrderCount,,null
four_period,PRJ-C45-FOUR,4,signal_input,consumedFloat,,null
four_period,PRJ-C45-FOUR,4,signal_input,costRating,,null
four_period,PRJ-C45-FOUR,4,signal_input,cpi,,0.966
four_period,PRJ-C45-FOUR,4,signal_input,cpiHistory,,"[0.957, 0.96, 0.963, 0.966]"
four_period,PRJ-C45-FOUR,4,signal_input,criticalDeficiencyCount,,null
four_period,PRJ-C45-FOUR,4,signal_input,criticalFindings,,null
four_period,PRJ-C45-FOUR,4,signal_input,docDate,,"""2026-06-30"""
four_period,PRJ-C45-FOUR,4,signal_input,docRiskScore,,null
four_period,PRJ-C45-FOUR,4,signal_input,environmentalComplianceRate,,null
four_period,PRJ-C45-FOUR,4,signal_input,environmentalIssuesDiscussed,,null
four_period,PRJ-C45-FOUR,4,signal_input,environmentalViolations,,null
four_period,PRJ-C45-FOUR,4,signal_input,ev,,1400000
four_period,PRJ-C45-FOUR,4,signal_input,floatRemaining,,null
four_period,PRJ-C45-FOUR,4,signal_input,indirectCostActual,,null
four_period,PRJ-C45-FOUR,4,signal_input,indirectCostPlan,,null
four_period,PRJ-C45-FOUR,4,signal_input,itemsFailed,,null
four_period,PRJ-C45-FOUR,4,signal_input,itemsInspected,,null
four_period,PRJ-C45-FOUR,4,signal_input,longLeadAtRisk,,null
four_period,PRJ-C45-FOUR,4,signal_input,longLeadDelayed,,null
four_period,PRJ-C45-FOUR,4,signal_input,longLeadItemsTotal,,null
four_period,PRJ-C45-FOUR,4,signal_input,lookaheadWeeks,,null
four_period,PRJ-C45-FOUR,4,signal_input,materialCostBaseline,,null
four_period,PRJ-C45-FOUR,4,signal_input,materialCostCurrent,,null
four_period,PRJ-C45-FOUR,4,signal_input,ncrClosed,,null
four_period,PRJ-C45-FOUR,4,signal_input,ncrIssued,,null
four_period,PRJ-C45-FOUR,4,signal_input,ncrOpen,,null
four_period,PRJ-C45-FOUR,4,signal_input,originalContingency,,null
four_period,PRJ-C45-FOUR,4,signal_input,oshaIncidentRate,,null
four_period,PRJ-C45-FOUR,4,signal_input,outstandingActionItems,,null
four_period,PRJ-C45-FOUR,4,signal_input,overallRating,,null
four_period,PRJ-C45-FOUR,4,signal_input,plannedLaborHours,,null
four_period,PRJ-C45-FOUR,4,signal_input,plannedPctComplete,,45.0
four_period,PRJ-C45-FOUR,4,signal_input,pv,,1410000
four_period,PRJ-C45-FOUR,4,signal_input,qualityAuditScore,,null
four_period,PRJ-C45-FOUR,4,signal_input,qualityDeficienciesNoted,,null
four_period,PRJ-C45-FOUR,4,signal_input,qualityIssuesDiscussed,,null
four_period,PRJ-C45-FOUR,4,signal_input,qualityRating,,null
four_period,PRJ-C45-FOUR,4,signal_input,remainingContingency,,null
four_period,PRJ-C45-FOUR,4,signal_input,revisedContractSum,,null
four_period,PRJ-C45-FOUR,4,signal_input,rfaApproved,,null
four_period,PRJ-C45-FOUR,4,signal_input,rfaAvgReviewDays,,null
four_period,PRJ-C45-FOUR,4,signal_input,rfaOpen,,null
four_period,PRJ-C45-FOUR,4,signal_input,rfaRejected,,null
four_period,PRJ-C45-FOUR,4,signal_input,rfaResubmit,,null
four_period,PRJ-C45-FOUR,4,signal_input,rfaTotal,,null
four_period,PRJ-C45-FOUR,4,signal_input,rfiAvgResponseDays,,null
four_period,PRJ-C45-FOUR,4,signal_input,rfiCount,,null
four_period,PRJ-C45-FOUR,4,signal_input,rfiNumber,,null
four_period,PRJ-C45-FOUR,4,signal_input,rfiOldestOpenDays,,null
four_period,PRJ-C45-FOUR,4,signal_input,rfiOpen,,null
four_period,PRJ-C45-FOUR,4,signal_input,rfiOverdue,,null
four_period,PRJ-C45-FOUR,4,signal_input,rfiPeriodDays,,null
four_period,PRJ-C45-FOUR,4,signal_input,rfiResponseTimeDays,,null
four_period,PRJ-C45-FOUR,4,signal_input,safetyActionsOpen,,null
four_period,PRJ-C45-FOUR,4,signal_input,safetyIncidentsDiscussed,,null
four_period,PRJ-C45-FOUR,4,signal_input,scheduleRating,,null
four_period,PRJ-C45-FOUR,4,signal_input,spi,,0.993
four_period,PRJ-C45-FOUR,4,signal_input,spiHistory,,"[0.991, 0.992, 0.992, 0.993]"
four_period,PRJ-C45-FOUR,4,signal_input,subcontractorComplianceScore,,null
four_period,PRJ-C45-FOUR,4,signal_input,subcontractorDisputes,,null
four_period,PRJ-C45-FOUR,4,signal_input,subcontractorIssuesDiscussed,,null
four_period,PRJ-C45-FOUR,4,signal_input,submittalsRejected,,null
four_period,PRJ-C45-FOUR,4,signal_input,submittalsTotal,,null
four_period,PRJ-C45-FOUR,4,signal_input,totalFindings,,null
four_period,PRJ-C45-FOUR,4,signal_input,totalFloat,,null
four_period,PRJ-C45-FOUR,4,signal_input,totalManhours,,null
four_period,PRJ-C45-FOUR,4,signal_input,weatherDaysDiscussed,,null
four_period,PRJ-C45-FOUR,4,signal_input,weatherDaysLost,,null
four_period,PRJ-C45-FOUR,4,signal_input,workPeriodFrom,,null
four_period,PRJ-C45-FOUR,4,signal_input,workPeriodTo,,null
