upstream_type,upstream_name,downstream_type,downstream_name,edge_type,authority_source,authority_section_or_location,authority_status,notes
DOCUMENT,change_order,MODULE,Monte Carlo EAC Forecast,DOCUMENT -> MODULE,server/app/extraction_fields.py + server/app/extraction_merge.py; p0-baseline/module_renumbering_map.csv (via server/app/simulation/registry.py),_NUMERIC_EMISSIONS/_DATESTR_EMISSIONS for change_order; required inputs for A1.1,ESTABLISHED,"The document type emits bac, which this module declares as a required input."
DOCUMENT,change_order,MODULE,ICE Ratio,DOCUMENT -> MODULE,server/app/extraction_fields.py + server/app/extraction_merge.py; p0-baseline/module_renumbering_map.csv (via server/app/simulation/registry.py),_NUMERIC_EMISSIONS/_DATESTR_EMISSIONS for change_order; required inputs for A1.11,ESTABLISHED,"The document type emits bac, which this module declares as a required input."
DOCUMENT,change_order,MODULE,Bayesian EAC,DOCUMENT -> MODULE,server/app/extraction_fields.py + server/app/extraction_merge.py; p0-baseline/module_renumbering_map.csv (via server/app/simulation/registry.py),_NUMERIC_EMISSIONS/_DATESTR_EMISSIONS for change_order; required inputs for A1.3,ESTABLISHED,"The document type emits bac, which this module declares as a required input."
DOCUMENT,change_order,MODULE,Earned Schedule,DOCUMENT -> MODULE,server/app/extraction_fields.py + server/app/extraction_merge.py; p0-baseline/module_renumbering_map.csv (via server/app/simulation/registry.py),_NUMERIC_EMISSIONS/_DATESTR_EMISSIONS for change_order; required inputs for A1.6,ESTABLISHED,"The document type emits bac, which this module declares as a required input."
DOCUMENT,change_order,MODULE,TCPI,DOCUMENT -> MODULE,server/app/extraction_fields.py + server/app/extraction_merge.py; p0-baseline/module_renumbering_map.csv (via server/app/simulation/registry.py),_NUMERIC_EMISSIONS/_DATESTR_EMISSIONS for change_order; required inputs for A1.7,ESTABLISHED,"The document type emits bac, which this module declares as a required input."
DOCUMENT,change_order,MODULE,Variance at Completion,DOCUMENT -> MODULE,server/app/extraction_fields.py + server/app/extraction_merge.py; p0-baseline/module_renumbering_map.csv (via server/app/simulation/registry.py),_NUMERIC_EMISSIONS/_DATESTR_EMISSIONS for change_order; required inputs for A1.8,ESTABLISHED,"The document type emits bac, which this module declares as a required input."
DOCUMENT,change_order,MODULE,Budget Execution Rate,DOCUMENT -> MODULE,server/app/extraction_fields.py + server/app/extraction_merge.py; p0-baseline/module_renumbering_map.csv (via server/app/simulation/registry.py),_NUMERIC_EMISSIONS/_DATESTR_EMISSIONS for change_order; required inputs for A1.9,ESTABLISHED,"The document type emits bac, which this module declares as a required input."
DOCUMENT,change_order,MODULE,PERT Network Criticality,DOCUMENT -> MODULE,server/app/extraction_fields.py + server/app/extraction_merge.py; p0-baseline/module_renumbering_map.csv (via server/app/simulation/registry.py),_NUMERIC_EMISSIONS/_DATESTR_EMISSIONS for change_order; required inputs for A2.1,ESTABLISHED,"The document type emits bac, which this module declares as a required input."
DOCUMENT,change_order,MODULE,Reference Class Forecasting,DOCUMENT -> MODULE,server/app/extraction_fields.py + server/app/extraction_merge.py; p0-baseline/module_renumbering_map.csv (via server/app/simulation/registry.py),_NUMERIC_EMISSIONS/_DATESTR_EMISSIONS for change_order; required inputs for A3.1,ESTABLISHED,"The document type emits bac, which this module declares as a required input."
DOCUMENT,change_order,MODULE,Cost Risk Analysis P80,DOCUMENT -> MODULE,server/app/extraction_fields.py + server/app/extraction_merge.py; p0-baseline/module_renumbering_map.csv (via server/app/simulation/registry.py),_NUMERIC_EMISSIONS/_DATESTR_EMISSIONS for change_order; required inputs for A3.6,ESTABLISHED,"The document type emits bac, which this module declares as a required input."
DOCUMENT,change_order,MODULE,Analogous Estimating Ratio,DOCUMENT -> MODULE,server/app/extraction_fields.py + server/app/extraction_merge.py; p0-baseline/module_renumbering_map.csv (via server/app/simulation/registry.py),_NUMERIC_EMISSIONS/_DATESTR_EMISSIONS for change_order; required inputs for A3.7,ESTABLISHED,"The document type emits bac, which this module declares as a required input."
DOCUMENT,change_order,MODULE,Parametric Cost Index,DOCUMENT -> MODULE,server/app/extraction_fields.py + server/app/extraction_merge.py; p0-baseline/module_renumbering_map.csv (via server/app/simulation/registry.py),_NUMERIC_EMISSIONS/_DATESTR_EMISSIONS for change_order; required inputs for A3.8,ESTABLISHED,"The document type emits bac, which this module declares as a required input."
DOCUMENT,change_order,MODULE,Change Order Frequency,DOCUMENT -> MODULE,server/app/extraction_fields.py + server/app/extraction_merge.py; p0-baseline/module_renumbering_map.csv (via server/app/simulation/registry.py),_NUMERIC_EMISSIONS/_DATESTR_EMISSIONS for change_order; required inputs for A4.6,ESTABLISHED,"The document type emits baselineContractSum, changeOrderCount, which this module declares as a required input."
DOCUMENT,change_order,MODULE,Dispute Escalation Index,DOCUMENT -> MODULE,server/app/extraction_fields.py + server/app/extraction_merge.py; p0-baseline/module_renumbering_map.csv (via server/app/simulation/registry.py),_NUMERIC_EMISSIONS/_DATESTR_EMISSIONS for change_order; required inputs for A4.7,ESTABLISHED,"The document type emits changeOrderCount, which this module declares as a required input."
DOCUMENT,change_order,MODULE,Sensitivity Analysis,DOCUMENT -> MODULE,server/app/extraction_fields.py + server/app/extraction_merge.py; p0-baseline/module_renumbering_map.csv (via server/app/simulation/registry.py),_NUMERIC_EMISSIONS/_DATESTR_EMISSIONS for change_order; required inputs for A5.2,ESTABLISHED,"The document type emits bac, which this module declares as a required input."
DOCUMENT,change_order,MODULE,Scenario Modeling,DOCUMENT -> MODULE,server/app/extraction_fields.py + server/app/extraction_merge.py; p0-baseline/module_renumbering_map.csv (via server/app/simulation/registry.py),_NUMERIC_EMISSIONS/_DATESTR_EMISSIONS for change_order; required inputs for A5.4,ESTABLISHED,"The document type emits bac, which this module declares as a required input."
DOCUMENT,change_order,MODULE,Rework Feedback Loop,DOCUMENT -> MODULE,server/app/extraction_fields.py + server/app/extraction_merge.py; p0-baseline/module_renumbering_map.csv (via server/app/simulation/registry.py),_NUMERIC_EMISSIONS/_DATESTR_EMISSIONS for change_order; required inputs for A5.5,ESTABLISHED,"The document type emits changeOrderCount, which this module declares as a required input."
DOCUMENT,change_order,MODULE,FAR Threshold Monitor,DOCUMENT -> MODULE,server/app/extraction_fields.py + server/app/extraction_merge.py; p0-baseline/module_renumbering_map.csv (via server/app/simulation/registry.py),_NUMERIC_EMISSIONS/_DATESTR_EMISSIONS for change_order; required inputs for B3.2,ESTABLISHED,"The document type emits bac, which this module declares as a required input."
DOCUMENT,change_order,MODULE,OMB A-11 Check,DOCUMENT -> MODULE,server/app/extraction_fields.py + server/app/extraction_merge.py; p0-baseline/module_renumbering_map.csv (via server/app/simulation/registry.py),_NUMERIC_EMISSIONS/_DATESTR_EMISSIONS for change_order; required inputs for B3.3,ESTABLISHED,"The document type emits bac, which this module declares as a required input."
DOCUMENT,change_order,MODULE,EVM Reporting Threshold,DOCUMENT -> MODULE,server/app/extraction_fields.py + server/app/extraction_merge.py; p0-baseline/module_renumbering_map.csv (via server/app/simulation/registry.py),_NUMERIC_EMISSIONS/_DATESTR_EMISSIONS for change_order; required inputs for B3.4,ESTABLISHED,"The document type emits bac, which this module declares as a required input."
DOCUMENT,change_order,MODULE,Contract Modification Frequency,DOCUMENT -> MODULE,server/app/extraction_fields.py + server/app/extraction_merge.py; p0-baseline/module_renumbering_map.csv (via server/app/simulation/registry.py),_NUMERIC_EMISSIONS/_DATESTR_EMISSIONS for change_order; required inputs for B3.5,ESTABLISHED,"The document type emits baselineContractSum, changeOrderCount, which this module declares as a required input."
DOCUMENT,change_order,MODULE,Linear Programming,DOCUMENT -> MODULE,server/app/extraction_fields.py + server/app/extraction_merge.py; p0-baseline/module_renumbering_map.csv (via server/app/simulation/registry.py),_NUMERIC_EMISSIONS/_DATESTR_EMISSIONS for change_order; required inputs for B4.2,ESTABLISHED,"The document type emits bac, which this module declares as a required input."
DOCUMENT,change_order,MODULE,Constraint Satisfaction Analysis,DOCUMENT -> MODULE,server/app/extraction_fields.py + server/app/extraction_merge.py; p0-baseline/module_renumbering_map.csv (via server/app/simulation/registry.py),_NUMERIC_EMISSIONS/_DATESTR_EMISSIONS for change_order; required inputs for B4.3,ESTABLISHED,"The document type emits bac, which this module declares as a required input."
DOCUMENT,change_order,MODULE,What-If Scenario Matrix,DOCUMENT -> MODULE,server/app/extraction_fields.py + server/app/extraction_merge.py; p0-baseline/module_renumbering_map.csv (via server/app/simulation/registry.py),_NUMERIC_EMISSIONS/_DATESTR_EMISSIONS for change_order; required inputs for B4.4,ESTABLISHED,"The document type emits bac, which this module declares as a required input."
DOCUMENT,change_order,MODULE,Regret Minimization Index,DOCUMENT -> MODULE,server/app/extraction_fields.py + server/app/extraction_merge.py; p0-baseline/module_renumbering_map.csv (via server/app/simulation/registry.py),_NUMERIC_EMISSIONS/_DATESTR_EMISSIONS for change_order; required inputs for B4.7,ESTABLISHED,"The document type emits bac, which this module declares as a required input."
DOCUMENT,change_order,MODULE,Missing Data Index,DOCUMENT -> MODULE,server/app/extraction_fields.py + server/app/extraction_merge.py; p0-baseline/module_renumbering_map.csv (via server/app/simulation/registry.py),_NUMERIC_EMISSIONS/_DATESTR_EMISSIONS for change_order; required inputs for C1.1,ESTABLISHED,"The document type emits bac, which this module declares as a required input."
DOCUMENT,change_order,MODULE,Source Reliability Weighting,DOCUMENT -> MODULE,server/app/extraction_fields.py + server/app/extraction_merge.py; p0-baseline/module_renumbering_map.csv (via server/app/simulation/registry.py),_NUMERIC_EMISSIONS/_DATESTR_EMISSIONS for change_order; required inputs for C1.3,ESTABLISHED,"The document type emits bac, which this module declares as a required input."
DOCUMENT,change_order,MODULE,Audit Trail Completeness,DOCUMENT -> MODULE,server/app/extraction_fields.py + server/app/extraction_merge.py; p0-baseline/module_renumbering_map.csv (via server/app/simulation/registry.py),_NUMERIC_EMISSIONS/_DATESTR_EMISSIONS for change_order; required inputs for C1.4,ESTABLISHED,"The document type emits bac, which this module declares as a required input."
DOCUMENT,change_order,MODULE,Information Completeness Ratio,DOCUMENT -> MODULE,server/app/extraction_fields.py + server/app/extraction_merge.py; p0-baseline/module_renumbering_map.csv (via server/app/simulation/registry.py),_NUMERIC_EMISSIONS/_DATESTR_EMISSIONS for change_order; required inputs for C1.5,ESTABLISHED,"The document type emits bac, which this module declares as a required input."
DOCUMENT,commissioning_report,MODULE,Document Risk Score,DOCUMENT -> MODULE,server/app/extraction_fields.py + server/app/extraction_merge.py; p0-baseline/module_renumbering_map.csv (via server/app/simulation/registry.py),_NUMERIC_EMISSIONS/_DATESTR_EMISSIONS for commissioning_report; required inputs for A4.1,ESTABLISHED,"The document type emits docRiskScore, which this module declares as a required input."
DOCUMENT,commissioning_report,MODULE,Specification Conflict Density,DOCUMENT -> MODULE,server/app/extraction_fields.py + server/app/extraction_merge.py; p0-baseline/module_renumbering_map.csv (via server/app/simulation/registry.py),_NUMERIC_EMISSIONS/_DATESTR_EMISSIONS for commissioning_report; required inputs for A4.10,ESTABLISHED,"The document type emits docRiskScore, which this module declares as a required input."
DOCUMENT,commissioning_report,MODULE,Dispute Escalation Index,DOCUMENT -> MODULE,server/app/extraction_fields.py + server/app/extraction_merge.py; p0-baseline/module_renumbering_map.csv (via server/app/simulation/registry.py),_NUMERIC_EMISSIONS/_DATESTR_EMISSIONS for commissioning_report; required inputs for A4.7,ESTABLISHED,"The document type emits docRiskScore, which this module declares as a required input."
DOCUMENT,commissioning_report,MODULE,Tornado Risk Ranking,DOCUMENT -> MODULE,server/app/extraction_fields.py + server/app/extraction_merge.py; p0-baseline/module_renumbering_map.csv (via server/app/simulation/registry.py),_NUMERIC_EMISSIONS/_DATESTR_EMISSIONS for commissioning_report; required inputs for A5.3,ESTABLISHED,"The document type emits docRiskScore, which this module declares as a required input."
DOCUMENT,commissioning_report,MODULE,Conservative Dominance,DOCUMENT -> MODULE,server/app/extraction_fields.py + server/app/extraction_merge.py; p0-baseline/module_renumbering_map.csv (via server/app/simulation/registry.py),_NUMERIC_EMISSIONS/_DATESTR_EMISSIONS for commissioning_report; required inputs for B1.1,ESTABLISHED,"The document type emits docRiskScore, which this module declares as a required input."
DOCUMENT,commissioning_report,MODULE,Weighted Voting,DOCUMENT -> MODULE,server/app/extraction_fields.py + server/app/extraction_merge.py; p0-baseline/module_renumbering_map.csv (via server/app/simulation/registry.py),_NUMERIC_EMISSIONS/_DATESTR_EMISSIONS for commissioning_report; required inputs for B1.2,ESTABLISHED,"The document type emits docRiskScore, which this module declares as a required input."
DOCUMENT,commissioning_report,MODULE,Majority Rules,DOCUMENT -> MODULE,server/app/extraction_fields.py + server/app/extraction_merge.py; p0-baseline/module_renumbering_map.csv (via server/app/simulation/registry.py),_NUMERIC_EMISSIONS/_DATESTR_EMISSIONS for commissioning_report; required inputs for B1.3,ESTABLISHED,"The document type emits docRiskScore, which this module declares as a required input."
DOCUMENT,commissioning_report,MODULE,Worst-N-of-M,DOCUMENT -> MODULE,server/app/extraction_fields.py + server/app/extraction_merge.py; p0-baseline/module_renumbering_map.csv (via server/app/simulation/registry.py),_NUMERIC_EMISSIONS/_DATESTR_EMISSIONS for commissioning_report; required inputs for B1.4,ESTABLISHED,"The document type emits docRiskScore, which this module declares as a required input."
DOCUMENT,commissioning_report,MODULE,Dempster-Shafer,DOCUMENT -> MODULE,server/app/extraction_fields.py + server/app/extraction_merge.py; p0-baseline/module_renumbering_map.csv (via server/app/simulation/registry.py),_NUMERIC_EMISSIONS/_DATESTR_EMISSIONS for commissioning_report; required inputs for B2.1,ESTABLISHED,"The document type emits docRiskScore, which this module declares as a required input."
DOCUMENT,commissioning_report,MODULE,Pythagorean Fuzzy Sets,DOCUMENT -> MODULE,server/app/extraction_fields.py + server/app/extraction_merge.py; p0-baseline/module_renumbering_map.csv (via server/app/simulation/registry.py),_NUMERIC_EMISSIONS/_DATESTR_EMISSIONS for commissioning_report; required inputs for B2.10,ESTABLISHED,"The document type emits docRiskScore, which this module declares as a required input."
DOCUMENT,commissioning_report,MODULE,Picture Fuzzy Sets,DOCUMENT -> MODULE,server/app/extraction_fields.py + server/app/extraction_merge.py; p0-baseline/module_renumbering_map.csv (via server/app/simulation/registry.py),_NUMERIC_EMISSIONS/_DATESTR_EMISSIONS for commissioning_report; required inputs for B2.11,ESTABLISHED,"The document type emits docRiskScore, which this module declares as a required input."
DOCUMENT,commissioning_report,MODULE,Maximum Entropy,DOCUMENT -> MODULE,server/app/extraction_fields.py + server/app/extraction_merge.py; p0-baseline/module_renumbering_map.csv (via server/app/simulation/registry.py),_NUMERIC_EMISSIONS/_DATESTR_EMISSIONS for commissioning_report; required inputs for B2.14,ESTABLISHED,"The document type emits docRiskScore, which this module declares as a required input."
DOCUMENT,commissioning_report,MODULE,Possibility Theory,DOCUMENT -> MODULE,server/app/extraction_fields.py + server/app/extraction_merge.py; p0-baseline/module_renumbering_map.csv (via server/app/simulation/registry.py),_NUMERIC_EMISSIONS/_DATESTR_EMISSIONS for commissioning_report; required inputs for B2.15,ESTABLISHED,"The document type emits docRiskScore, which this module declares as a required input."
DOCUMENT,commissioning_report,MODULE,Spherical Fuzzy Sets,DOCUMENT -> MODULE,server/app/extraction_fields.py + server/app/extraction_merge.py; p0-baseline/module_renumbering_map.csv (via server/app/simulation/registry.py),_NUMERIC_EMISSIONS/_DATESTR_EMISSIONS for commissioning_report; required inputs for B2.16,ESTABLISHED,"The document type emits docRiskScore, which this module declares as a required input."
DOCUMENT,commissioning_report,MODULE,MARCOS Ranking,DOCUMENT -> MODULE,server/app/extraction_fields.py + server/app/extraction_merge.py; p0-baseline/module_renumbering_map.csv (via server/app/simulation/registry.py),_NUMERIC_EMISSIONS/_DATESTR_EMISSIONS for commissioning_report; required inputs for B2.18,ESTABLISHED,"The document type emits docRiskScore, which this module declares as a required input."
DOCUMENT,commissioning_report,MODULE,CRITIC-TOPSIS,DOCUMENT -> MODULE,server/app/extraction_fields.py + server/app/extraction_merge.py; p0-baseline/module_renumbering_map.csv (via server/app/simulation/registry.py),_NUMERIC_EMISSIONS/_DATESTR_EMISSIONS for commissioning_report; required inputs for B2.19,ESTABLISHED,"The document type emits docRiskScore, which this module declares as a required input."
DOCUMENT,commissioning_report,MODULE,Rough Sets,DOCUMENT -> MODULE,server/app/extraction_fields.py + server/app/extraction_merge.py; p0-baseline/module_renumbering_map.csv (via server/app/simulation/registry.py),_NUMERIC_EMISSIONS/_DATESTR_EMISSIONS for commissioning_report; required inputs for B2.2,ESTABLISHED,"The document type emits docRiskScore, which this module declares as a required input."
DOCUMENT,commissioning_report,MODULE,Hypersoft Sets,DOCUMENT -> MODULE,server/app/extraction_fields.py + server/app/extraction_merge.py; p0-baseline/module_renumbering_map.csv (via server/app/simulation/registry.py),_NUMERIC_EMISSIONS/_DATESTR_EMISSIONS for commissioning_report; required inputs for B2.20,ESTABLISHED,"The document type emits docRiskScore, which this module declares as a required input."
DOCUMENT,commissioning_report,MODULE,Neutrosophic Logic,DOCUMENT -> MODULE,server/app/extraction_fields.py + server/app/extraction_merge.py; p0-baseline/module_renumbering_map.csv (via server/app/simulation/registry.py),_NUMERIC_EMISSIONS/_DATESTR_EMISSIONS for commissioning_report; required inputs for B2.3,ESTABLISHED,"The document type emits docRiskScore, which this module declares as a required input."
DOCUMENT,commissioning_report,MODULE,Z-numbers,DOCUMENT -> MODULE,server/app/extraction_fields.py + server/app/extraction_merge.py; p0-baseline/module_renumbering_map.csv (via server/app/simulation/registry.py),_NUMERIC_EMISSIONS/_DATESTR_EMISSIONS for commissioning_report; required inputs for B2.5,ESTABLISHED,"The document type emits docRiskScore, which this module declares as a required input."
DOCUMENT,commissioning_report,MODULE,PLTS,DOCUMENT -> MODULE,server/app/extraction_fields.py + server/app/extraction_merge.py; p0-baseline/module_renumbering_map.csv (via server/app/simulation/registry.py),_NUMERIC_EMISSIONS/_DATESTR_EMISSIONS for commissioning_report; required inputs for B2.6,ESTABLISHED,"The document type emits docRiskScore, which this module declares as a required input."
DOCUMENT,commissioning_report,MODULE,Plithogenic Sets,DOCUMENT -> MODULE,server/app/extraction_fields.py + server/app/extraction_merge.py; p0-baseline/module_renumbering_map.csv (via server/app/simulation/registry.py),_NUMERIC_EMISSIONS/_DATESTR_EMISSIONS for commissioning_report; required inputs for B2.7,ESTABLISHED,"The document type emits docRiskScore, which this module declares as a required input."
DOCUMENT,commissioning_report,MODULE,Belief Rule Base,DOCUMENT -> MODULE,server/app/extraction_fields.py + server/app/extraction_merge.py; p0-baseline/module_renumbering_map.csv (via server/app/simulation/registry.py),_NUMERIC_EMISSIONS/_DATESTR_EMISSIONS for commissioning_report; required inputs for B2.8,ESTABLISHED,"The document type emits docRiskScore, which this module declares as a required input."
DOCUMENT,commissioning_report,MODULE,Quantum Probability,DOCUMENT -> MODULE,server/app/extraction_fields.py + server/app/extraction_merge.py; p0-baseline/module_renumbering_map.csv (via server/app/simulation/registry.py),_NUMERIC_EMISSIONS/_DATESTR_EMISSIONS for commissioning_report; required inputs for B2.9,ESTABLISHED,"The document type emits docRiskScore, which this module declares as a required input."
DOCUMENT,commissioning_report,MODULE,ABM Governance Layer,DOCUMENT -> MODULE,server/app/extraction_fields.py + server/app/extraction_merge.py; p0-baseline/module_renumbering_map.csv (via server/app/simulation/registry.py),_NUMERIC_EMISSIONS/_DATESTR_EMISSIONS for commissioning_report; required inputs for B3.1,ESTABLISHED,"The document type emits docRiskScore, which this module declares as a required input."
DOCUMENT,commissioning_report,MODULE,Multi-Objective Optimization,DOCUMENT -> MODULE,server/app/extraction_fields.py + server/app/extraction_merge.py; p0-baseline/module_renumbering_map.csv (via server/app/simulation/registry.py),_NUMERIC_EMISSIONS/_DATESTR_EMISSIONS for commissioning_report; required inputs for B4.1,ESTABLISHED,"The document type emits docRiskScore, which this module declares as a required input."
DOCUMENT,commissioning_report,MODULE,Decision Sensitivity Matrix,DOCUMENT -> MODULE,server/app/extraction_fields.py + server/app/extraction_merge.py; p0-baseline/module_renumbering_map.csv (via server/app/simulation/registry.py),_NUMERIC_EMISSIONS/_DATESTR_EMISSIONS for commissioning_report; required inputs for B4.5,ESTABLISHED,"The document type emits docRiskScore, which this module declares as a required input."
DOCUMENT,commissioning_report,MODULE,Pareto Frontier Analysis,DOCUMENT -> MODULE,server/app/extraction_fields.py + server/app/extraction_merge.py; p0-baseline/module_renumbering_map.csv (via server/app/simulation/registry.py),_NUMERIC_EMISSIONS/_DATESTR_EMISSIONS for commissioning_report; required inputs for B4.6,ESTABLISHED,"The document type emits docRiskScore, which this module declares as a required input."
DOCUMENT,contract_value,MODULE,Monte Carlo EAC Forecast,DOCUMENT -> MODULE,server/app/extraction_fields.py + server/app/extraction_merge.py; p0-baseline/module_renumbering_map.csv (via server/app/simulation/registry.py),_NUMERIC_EMISSIONS/_DATESTR_EMISSIONS for contract_value; required inputs for A1.1,ESTABLISHED,"The document type emits bac, which this module declares as a required input."
DOCUMENT,contract_value,MODULE,ICE Ratio,DOCUMENT -> MODULE,server/app/extraction_fields.py + server/app/extraction_merge.py; p0-baseline/module_renumbering_map.csv (via server/app/simulation/registry.py),_NUMERIC_EMISSIONS/_DATESTR_EMISSIONS for contract_value; required inputs for A1.11,ESTABLISHED,"The document type emits bac, which this module declares as a required input."
DOCUMENT,contract_value,MODULE,Bayesian EAC,DOCUMENT -> MODULE,server/app/extraction_fields.py + server/app/extraction_merge.py; p0-baseline/module_renumbering_map.csv (via server/app/simulation/registry.py),_NUMERIC_EMISSIONS/_DATESTR_EMISSIONS for contract_value; required inputs for A1.3,ESTABLISHED,"The document type emits bac, which this module declares as a required input."
DOCUMENT,contract_value,MODULE,Earned Schedule,DOCUMENT -> MODULE,server/app/extraction_fields.py + server/app/extraction_merge.py; p0-baseline/module_renumbering_map.csv (via server/app/simulation/registry.py),_NUMERIC_EMISSIONS/_DATESTR_EMISSIONS for contract_value; required inputs for A1.6,ESTABLISHED,"The document type emits bac, which this module declares as a required input."
DOCUMENT,contract_value,MODULE,TCPI,DOCUMENT -> MODULE,server/app/extraction_fields.py + server/app/extraction_merge.py; p0-baseline/module_renumbering_map.csv (via server/app/simulation/registry.py),_NUMERIC_EMISSIONS/_DATESTR_EMISSIONS for contract_value; required inputs for A1.7,ESTABLISHED,"The document type emits bac, which this module declares as a required input."
DOCUMENT,contract_value,MODULE,Variance at Completion,DOCUMENT -> MODULE,server/app/extraction_fields.py + server/app/extraction_merge.py; p0-baseline/module_renumbering_map.csv (via server/app/simulation/registry.py),_NUMERIC_EMISSIONS/_DATESTR_EMISSIONS for contract_value; required inputs for A1.8,ESTABLISHED,"The document type emits bac, which this module declares as a required input."
DOCUMENT,contract_value,MODULE,Budget Execution Rate,DOCUMENT -> MODULE,server/app/extraction_fields.py + server/app/extraction_merge.py; p0-baseline/module_renumbering_map.csv (via server/app/simulation/registry.py),_NUMERIC_EMISSIONS/_DATESTR_EMISSIONS for contract_value; required inputs for A1.9,ESTABLISHED,"The document type emits bac, which this module declares as a required input."
DOCUMENT,contract_value,MODULE,PERT Network Criticality,DOCUMENT -> MODULE,server/app/extraction_fields.py + server/app/extraction_merge.py; p0-baseline/module_renumbering_map.csv (via server/app/simulation/registry.py),_NUMERIC_EMISSIONS/_DATESTR_EMISSIONS for contract_value; required inputs for A2.1,ESTABLISHED,"The document type emits bac, which this module declares as a required input."
DOCUMENT,contract_value,MODULE,Schedule Risk Analysis P80,DOCUMENT -> MODULE,server/app/extraction_fields.py + server/app/extraction_merge.py; p0-baseline/module_renumbering_map.csv (via server/app/simulation/registry.py),_NUMERIC_EMISSIONS/_DATESTR_EMISSIONS for contract_value; required inputs for A2.10,ESTABLISHED,"The document type emits baselineEnd, baselineStart, which this module declares as a required input."
DOCUMENT,contract_value,MODULE,Schedule Compression Index,DOCUMENT -> MODULE,server/app/extraction_fields.py + server/app/extraction_merge.py; p0-baseline/module_renumbering_map.csv (via server/app/simulation/registry.py),_NUMERIC_EMISSIONS/_DATESTR_EMISSIONS for contract_value; required inputs for A2.4,ESTABLISHED,"The document type emits baselineEnd, baselineStart, which this module declares as a required input."
DOCUMENT,contract_value,MODULE,Reference Class Forecasting,DOCUMENT -> MODULE,server/app/extraction_fields.py + server/app/extraction_merge.py; p0-baseline/module_renumbering_map.csv (via server/app/simulation/registry.py),_NUMERIC_EMISSIONS/_DATESTR_EMISSIONS for contract_value; required inputs for A3.1,ESTABLISHED,"The document type emits bac, which this module declares as a required input."
DOCUMENT,contract_value,MODULE,Cost Risk Analysis P80,DOCUMENT -> MODULE,server/app/extraction_fields.py + server/app/extraction_merge.py; p0-baseline/module_renumbering_map.csv (via server/app/simulation/registry.py),_NUMERIC_EMISSIONS/_DATESTR_EMISSIONS for contract_value; required inputs for A3.6,ESTABLISHED,"The document type emits bac, which this module declares as a required input."
DOCUMENT,contract_value,MODULE,Analogous Estimating Ratio,DOCUMENT -> MODULE,server/app/extraction_fields.py + server/app/extraction_merge.py; p0-baseline/module_renumbering_map.csv (via server/app/simulation/registry.py),_NUMERIC_EMISSIONS/_DATESTR_EMISSIONS for contract_value; required inputs for A3.7,ESTABLISHED,"The document type emits bac, which this module declares as a required input."
DOCUMENT,contract_value,MODULE,Parametric Cost Index,DOCUMENT -> MODULE,server/app/extraction_fields.py + server/app/extraction_merge.py; p0-baseline/module_renumbering_map.csv (via server/app/simulation/registry.py),_NUMERIC_EMISSIONS/_DATESTR_EMISSIONS for contract_value; required inputs for A3.8,ESTABLISHED,"The document type emits bac, which this module declares as a required input."
DOCUMENT,contract_value,MODULE,Change Order Frequency,DOCUMENT -> MODULE,server/app/extraction_fields.py + server/app/extraction_merge.py; p0-baseline/module_renumbering_map.csv (via server/app/simulation/registry.py),_NUMERIC_EMISSIONS/_DATESTR_EMISSIONS for contract_value; required inputs for A4.6,ESTABLISHED,"The document type emits baselineContractSum, which this module declares as a required input."
DOCUMENT,contract_value,MODULE,Sensitivity Analysis,DOCUMENT -> MODULE,server/app/extraction_fields.py + server/app/extraction_merge.py; p0-baseline/module_renumbering_map.csv (via server/app/simulation/registry.py),_NUMERIC_EMISSIONS/_DATESTR_EMISSIONS for contract_value; required inputs for A5.2,ESTABLISHED,"The document type emits bac, which this module declares as a required input."
DOCUMENT,contract_value,MODULE,Scenario Modeling,DOCUMENT -> MODULE,server/app/extraction_fields.py + server/app/extraction_merge.py; p0-baseline/module_renumbering_map.csv (via server/app/simulation/registry.py),_NUMERIC_EMISSIONS/_DATESTR_EMISSIONS for contract_value; required inputs for A5.4,ESTABLISHED,"The document type emits bac, which this module declares as a required input."
DOCUMENT,contract_value,MODULE,FAR Threshold Monitor,DOCUMENT -> MODULE,server/app/extraction_fields.py + server/app/extraction_merge.py; p0-baseline/module_renumbering_map.csv (via server/app/simulation/registry.py),_NUMERIC_EMISSIONS/_DATESTR_EMISSIONS for contract_value; required inputs for B3.2,ESTABLISHED,"The document type emits bac, which this module declares as a required input."
DOCUMENT,contract_value,MODULE,OMB A-11 Check,DOCUMENT -> MODULE,server/app/extraction_fields.py + server/app/extraction_merge.py; p0-baseline/module_renumbering_map.csv (via server/app/simulation/registry.py),_NUMERIC_EMISSIONS/_DATESTR_EMISSIONS for contract_value; required inputs for B3.3,ESTABLISHED,"The document type emits bac, which this module declares as a required input."
DOCUMENT,contract_value,MODULE,EVM Reporting Threshold,DOCUMENT -> MODULE,server/app/extraction_fields.py + server/app/extraction_merge.py; p0-baseline/module_renumbering_map.csv (via server/app/simulation/registry.py),_NUMERIC_EMISSIONS/_DATESTR_EMISSIONS for contract_value; required inputs for B3.4,ESTABLISHED,"The document type emits bac, which this module declares as a required input."
DOCUMENT,contract_value,MODULE,Contract Modification Frequency,DOCUMENT -> MODULE,server/app/extraction_fields.py + server/app/extraction_merge.py; p0-baseline/module_renumbering_map.csv (via server/app/simulation/registry.py),_NUMERIC_EMISSIONS/_DATESTR_EMISSIONS for contract_value; required inputs for B3.5,ESTABLISHED,"The document type emits baselineContractSum, which this module declares as a required input."
DOCUMENT,contract_value,MODULE,Linear Programming,DOCUMENT -> MODULE,server/app/extraction_fields.py + server/app/extraction_merge.py; p0-baseline/module_renumbering_map.csv (via server/app/simulation/registry.py),_NUMERIC_EMISSIONS/_DATESTR_EMISSIONS for contract_value; required inputs for B4.2,ESTABLISHED,"The document type emits bac, which this module declares as a required input."
DOCUMENT,contract_value,MODULE,Constraint Satisfaction Analysis,DOCUMENT -> MODULE,server/app/extraction_fields.py + server/app/extraction_merge.py; p0-baseline/module_renumbering_map.csv (via server/app/simulation/registry.py),_NUMERIC_EMISSIONS/_DATESTR_EMISSIONS for contract_value; required inputs for B4.3,ESTABLISHED,"The document type emits bac, which this module declares as a required input."
DOCUMENT,contract_value,MODULE,What-If Scenario Matrix,DOCUMENT -> MODULE,server/app/extraction_fields.py + server/app/extraction_merge.py; p0-baseline/module_renumbering_map.csv (via server/app/simulation/registry.py),_NUMERIC_EMISSIONS/_DATESTR_EMISSIONS for contract_value; required inputs for B4.4,ESTABLISHED,"The document type emits bac, which this module declares as a required input."
DOCUMENT,contract_value,MODULE,Regret Minimization Index,DOCUMENT -> MODULE,server/app/extraction_fields.py + server/app/extraction_merge.py; p0-baseline/module_renumbering_map.csv (via server/app/simulation/registry.py),_NUMERIC_EMISSIONS/_DATESTR_EMISSIONS for contract_value; required inputs for B4.7,ESTABLISHED,"The document type emits bac, which this module declares as a required input."
DOCUMENT,contract_value,MODULE,Missing Data Index,DOCUMENT -> MODULE,server/app/extraction_fields.py + server/app/extraction_merge.py; p0-baseline/module_renumbering_map.csv (via server/app/simulation/registry.py),_NUMERIC_EMISSIONS/_DATESTR_EMISSIONS for contract_value; required inputs for C1.1,ESTABLISHED,"The document type emits bac, which this module declares as a required input."
DOCUMENT,contract_value,MODULE,Source Reliability Weighting,DOCUMENT -> MODULE,server/app/extraction_fields.py + server/app/extraction_merge.py; p0-baseline/module_renumbering_map.csv (via server/app/simulation/registry.py),_NUMERIC_EMISSIONS/_DATESTR_EMISSIONS for contract_value; required inputs for C1.3,ESTABLISHED,"The document type emits bac, which this module declares as a required input."
DOCUMENT,contract_value,MODULE,Audit Trail Completeness,DOCUMENT -> MODULE,server/app/extraction_fields.py + server/app/extraction_merge.py; p0-baseline/module_renumbering_map.csv (via server/app/simulation/registry.py),_NUMERIC_EMISSIONS/_DATESTR_EMISSIONS for contract_value; required inputs for C1.4,ESTABLISHED,"The document type emits bac, which this module declares as a required input."
DOCUMENT,contract_value,MODULE,Information Completeness Ratio,DOCUMENT -> MODULE,server/app/extraction_fields.py + server/app/extraction_merge.py; p0-baseline/module_renumbering_map.csv (via server/app/simulation/registry.py),_NUMERIC_EMISSIONS/_DATESTR_EMISSIONS for contract_value; required inputs for C1.5,ESTABLISHED,"The document type emits bac, which this module declares as a required input."
DOCUMENT,correspondence_notice,MODULE,Document Risk Score,DOCUMENT -> MODULE,server/app/extraction_fields.py + server/app/extraction_merge.py; p0-baseline/module_renumbering_map.csv (via server/app/simulation/registry.py),_NUMERIC_EMISSIONS/_DATESTR_EMISSIONS for correspondence_notice; required inputs for A4.1,ESTABLISHED,"The document type emits docRiskScore, which this module declares as a required input."
DOCUMENT,correspondence_notice,MODULE,Specification Conflict Density,DOCUMENT -> MODULE,server/app/extraction_fields.py + server/app/extraction_merge.py; p0-baseline/module_renumbering_map.csv (via server/app/simulation/registry.py),_NUMERIC_EMISSIONS/_DATESTR_EMISSIONS for correspondence_notice; required inputs for A4.10,ESTABLISHED,"The document type emits docRiskScore, which this module declares as a required input."
DOCUMENT,correspondence_notice,MODULE,Dispute Escalation Index,DOCUMENT -> MODULE,server/app/extraction_fields.py + server/app/extraction_merge.py; p0-baseline/module_renumbering_map.csv (via server/app/simulation/registry.py),_NUMERIC_EMISSIONS/_DATESTR_EMISSIONS for correspondence_notice; required inputs for A4.7,ESTABLISHED,"The document type emits docRiskScore, which this module declares as a required input."
DOCUMENT,correspondence_notice,MODULE,Tornado Risk Ranking,DOCUMENT -> MODULE,server/app/extraction_fields.py + server/app/extraction_merge.py; p0-baseline/module_renumbering_map.csv (via server/app/simulation/registry.py),_NUMERIC_EMISSIONS/_DATESTR_EMISSIONS for correspondence_notice; required inputs for A5.3,ESTABLISHED,"The document type emits docRiskScore, which this module declares as a required input."
DOCUMENT,correspondence_notice,MODULE,Conservative Dominance,DOCUMENT -> MODULE,server/app/extraction_fields.py + server/app/extraction_merge.py; p0-baseline/module_renumbering_map.csv (via server/app/simulation/registry.py),_NUMERIC_EMISSIONS/_DATESTR_EMISSIONS for correspondence_notice; required inputs for B1.1,ESTABLISHED,"The document type emits docRiskScore, which this module declares as a required input."
DOCUMENT,correspondence_notice,MODULE,Weighted Voting,DOCUMENT -> MODULE,server/app/extraction_fields.py + server/app/extraction_merge.py; p0-baseline/module_renumbering_map.csv (via server/app/simulation/registry.py),_NUMERIC_EMISSIONS/_DATESTR_EMISSIONS for correspondence_notice; required inputs for B1.2,ESTABLISHED,"The document type emits docRiskScore, which this module declares as a required input."
DOCUMENT,correspondence_notice,MODULE,Majority Rules,DOCUMENT -> MODULE,server/app/extraction_fields.py + server/app/extraction_merge.py; p0-baseline/module_renumbering_map.csv (via server/app/simulation/registry.py),_NUMERIC_EMISSIONS/_DATESTR_EMISSIONS for correspondence_notice; required inputs for B1.3,ESTABLISHED,"The document type emits docRiskScore, which this module declares as a required input."
DOCUMENT,correspondence_notice,MODULE,Worst-N-of-M,DOCUMENT -> MODULE,server/app/extraction_fields.py + server/app/extraction_merge.py; p0-baseline/module_renumbering_map.csv (via server/app/simulation/registry.py),_NUMERIC_EMISSIONS/_DATESTR_EMISSIONS for correspondence_notice; required inputs for B1.4,ESTABLISHED,"The document type emits docRiskScore, which this module declares as a required input."
DOCUMENT,correspondence_notice,MODULE,Dempster-Shafer,DOCUMENT -> MODULE,server/app/extraction_fields.py + server/app/extraction_merge.py; p0-baseline/module_renumbering_map.csv (via server/app/simulation/registry.py),_NUMERIC_EMISSIONS/_DATESTR_EMISSIONS for correspondence_notice; required inputs for B2.1,ESTABLISHED,"The document type emits docRiskScore, which this module declares as a required input."
DOCUMENT,correspondence_notice,MODULE,Pythagorean Fuzzy Sets,DOCUMENT -> MODULE,server/app/extraction_fields.py + server/app/extraction_merge.py; p0-baseline/module_renumbering_map.csv (via server/app/simulation/registry.py),_NUMERIC_EMISSIONS/_DATESTR_EMISSIONS for correspondence_notice; required inputs for B2.10,ESTABLISHED,"The document type emits docRiskScore, which this module declares as a required input."
DOCUMENT,correspondence_notice,MODULE,Picture Fuzzy Sets,DOCUMENT -> MODULE,server/app/extraction_fields.py + server/app/extraction_merge.py; p0-baseline/module_renumbering_map.csv (via server/app/simulation/registry.py),_NUMERIC_EMISSIONS/_DATESTR_EMISSIONS for correspondence_notice; required inputs for B2.11,ESTABLISHED,"The document type emits docRiskScore, which this module declares as a required input."
DOCUMENT,correspondence_notice,MODULE,Maximum Entropy,DOCUMENT -> MODULE,server/app/extraction_fields.py + server/app/extraction_merge.py; p0-baseline/module_renumbering_map.csv (via server/app/simulation/registry.py),_NUMERIC_EMISSIONS/_DATESTR_EMISSIONS for correspondence_notice; required inputs for B2.14,ESTABLISHED,"The document type emits docRiskScore, which this module declares as a required input."
DOCUMENT,correspondence_notice,MODULE,Possibility Theory,DOCUMENT -> MODULE,server/app/extraction_fields.py + server/app/extraction_merge.py; p0-baseline/module_renumbering_map.csv (via server/app/simulation/registry.py),_NUMERIC_EMISSIONS/_DATESTR_EMISSIONS for correspondence_notice; required inputs for B2.15,ESTABLISHED,"The document type emits docRiskScore, which this module declares as a required input."
DOCUMENT,correspondence_notice,MODULE,Spherical Fuzzy Sets,DOCUMENT -> MODULE,server/app/extraction_fields.py + server/app/extraction_merge.py; p0-baseline/module_renumbering_map.csv (via server/app/simulation/registry.py),_NUMERIC_EMISSIONS/_DATESTR_EMISSIONS for correspondence_notice; required inputs for B2.16,ESTABLISHED,"The document type emits docRiskScore, which this module declares as a required input."
DOCUMENT,correspondence_notice,MODULE,MARCOS Ranking,DOCUMENT -> MODULE,server/app/extraction_fields.py + server/app/extraction_merge.py; p0-baseline/module_renumbering_map.csv (via server/app/simulation/registry.py),_NUMERIC_EMISSIONS/_DATESTR_EMISSIONS for correspondence_notice; required inputs for B2.18,ESTABLISHED,"The document type emits docRiskScore, which this module declares as a required input."
DOCUMENT,correspondence_notice,MODULE,CRITIC-TOPSIS,DOCUMENT -> MODULE,server/app/extraction_fields.py + server/app/extraction_merge.py; p0-baseline/module_renumbering_map.csv (via server/app/simulation/registry.py),_NUMERIC_EMISSIONS/_DATESTR_EMISSIONS for correspondence_notice; required inputs for B2.19,ESTABLISHED,"The document type emits docRiskScore, which this module declares as a required input."
DOCUMENT,correspondence_notice,MODULE,Rough Sets,DOCUMENT -> MODULE,server/app/extraction_fields.py + server/app/extraction_merge.py; p0-baseline/module_renumbering_map.csv (via server/app/simulation/registry.py),_NUMERIC_EMISSIONS/_DATESTR_EMISSIONS for correspondence_notice; required inputs for B2.2,ESTABLISHED,"The document type emits docRiskScore, which this module declares as a required input."
DOCUMENT,correspondence_notice,MODULE,Hypersoft Sets,DOCUMENT -> MODULE,server/app/extraction_fields.py + server/app/extraction_merge.py; p0-baseline/module_renumbering_map.csv (via server/app/simulation/registry.py),_NUMERIC_EMISSIONS/_DATESTR_EMISSIONS for correspondence_notice; required inputs for B2.20,ESTABLISHED,"The document type emits docRiskScore, which this module declares as a required input."
DOCUMENT,correspondence_notice,MODULE,Neutrosophic Logic,DOCUMENT -> MODULE,server/app/extraction_fields.py + server/app/extraction_merge.py; p0-baseline/module_renumbering_map.csv (via server/app/simulation/registry.py),_NUMERIC_EMISSIONS/_DATESTR_EMISSIONS for correspondence_notice; required inputs for B2.3,ESTABLISHED,"The document type emits docRiskScore, which this module declares as a required input."
DOCUMENT,correspondence_notice,MODULE,Z-numbers,DOCUMENT -> MODULE,server/app/extraction_fields.py + server/app/extraction_merge.py; p0-baseline/module_renumbering_map.csv (via server/app/simulation/registry.py),_NUMERIC_EMISSIONS/_DATESTR_EMISSIONS for correspondence_notice; required inputs for B2.5,ESTABLISHED,"The document type emits docRiskScore, which this module declares as a required input."
DOCUMENT,correspondence_notice,MODULE,PLTS,DOCUMENT -> MODULE,server/app/extraction_fields.py + server/app/extraction_merge.py; p0-baseline/module_renumbering_map.csv (via server/app/simulation/registry.py),_NUMERIC_EMISSIONS/_DATESTR_EMISSIONS for correspondence_notice; required inputs for B2.6,ESTABLISHED,"The document type emits docRiskScore, which this module declares as a required input."
DOCUMENT,correspondence_notice,MODULE,Plithogenic Sets,DOCUMENT -> MODULE,server/app/extraction_fields.py + server/app/extraction_merge.py; p0-baseline/module_renumbering_map.csv (via server/app/simulation/registry.py),_NUMERIC_EMISSIONS/_DATESTR_EMISSIONS for correspondence_notice; required inputs for B2.7,ESTABLISHED,"The document type emits docRiskScore, which this module declares as a required input."
DOCUMENT,correspondence_notice,MODULE,Belief Rule Base,DOCUMENT -> MODULE,server/app/extraction_fields.py + server/app/extraction_merge.py; p0-baseline/module_renumbering_map.csv (via server/app/simulation/registry.py),_NUMERIC_EMISSIONS/_DATESTR_EMISSIONS for correspondence_notice; required inputs for B2.8,ESTABLISHED,"The document type emits docRiskScore, which this module declares as a required input."
DOCUMENT,correspondence_notice,MODULE,Quantum Probability,DOCUMENT -> MODULE,server/app/extraction_fields.py + server/app/extraction_merge.py; p0-baseline/module_renumbering_map.csv (via server/app/simulation/registry.py),_NUMERIC_EMISSIONS/_DATESTR_EMISSIONS for correspondence_notice; required inputs for B2.9,ESTABLISHED,"The document type emits docRiskScore, which this module declares as a required input."
DOCUMENT,correspondence_notice,MODULE,ABM Governance Layer,DOCUMENT -> MODULE,server/app/extraction_fields.py + server/app/extraction_merge.py; p0-baseline/module_renumbering_map.csv (via server/app/simulation/registry.py),_NUMERIC_EMISSIONS/_DATESTR_EMISSIONS for correspondence_notice; required inputs for B3.1,ESTABLISHED,"The document type emits docRiskScore, which this module declares as a required input."
DOCUMENT,correspondence_notice,MODULE,Multi-Objective Optimization,DOCUMENT -> MODULE,server/app/extraction_fields.py + server/app/extraction_merge.py; p0-baseline/module_renumbering_map.csv (via server/app/simulation/registry.py),_NUMERIC_EMISSIONS/_DATESTR_EMISSIONS for correspondence_notice; required inputs for B4.1,ESTABLISHED,"The document type emits docRiskScore, which this module declares as a required input."
DOCUMENT,correspondence_notice,MODULE,Decision Sensitivity Matrix,DOCUMENT -> MODULE,server/app/extraction_fields.py + server/app/extraction_merge.py; p0-baseline/module_renumbering_map.csv (via server/app/simulation/registry.py),_NUMERIC_EMISSIONS/_DATESTR_EMISSIONS for correspondence_notice; required inputs for B4.5,ESTABLISHED,"The document type emits docRiskScore, which this module declares as a required input."
DOCUMENT,correspondence_notice,MODULE,Pareto Frontier Analysis,DOCUMENT -> MODULE,server/app/extraction_fields.py + server/app/extraction_merge.py; p0-baseline/module_renumbering_map.csv (via server/app/simulation/registry.py),_NUMERIC_EMISSIONS/_DATESTR_EMISSIONS for correspondence_notice; required inputs for B4.6,ESTABLISHED,"The document type emits docRiskScore, which this module declares as a required input."
DOCUMENT,cost_report,MODULE,Material Cost Variance,DOCUMENT -> MODULE,server/app/extraction_fields.py + server/app/extraction_merge.py; p0-baseline/module_renumbering_map.csv (via server/app/simulation/registry.py),_NUMERIC_EMISSIONS/_DATESTR_EMISSIONS for cost_report; required inputs for A3.4,ESTABLISHED,"The document type emits materialCostBaseline, materialCostCurrent, which this module declares as a required input."
DOCUMENT,cost_report,MODULE,Overhead Absorption Rate,DOCUMENT -> MODULE,server/app/extraction_fields.py + server/app/extraction_merge.py; p0-baseline/module_renumbering_map.csv (via server/app/simulation/registry.py),_NUMERIC_EMISSIONS/_DATESTR_EMISSIONS for cost_report; required inputs for A3.5,ESTABLISHED,"The document type emits indirectCostActual, indirectCostPlan, which this module declares as a required input."
DOCUMENT,cost_report,MODULE,Inflation Adjustment Index,DOCUMENT -> MODULE,server/app/extraction_fields.py + server/app/extraction_merge.py; p0-baseline/module_renumbering_map.csv (via server/app/simulation/registry.py),_NUMERIC_EMISSIONS/_DATESTR_EMISSIONS for cost_report; required inputs for A3.9,ESTABLISHED,"The document type emits materialCostBaseline, materialCostCurrent, which this module declares as a required input."
DOCUMENT,field_report,MODULE,Document Risk Score,DOCUMENT -> MODULE,server/app/extraction_fields.py + server/app/extraction_merge.py; p0-baseline/module_renumbering_map.csv (via server/app/simulation/registry.py),_NUMERIC_EMISSIONS/_DATESTR_EMISSIONS for field_report; required inputs for A4.1,ESTABLISHED,"The document type emits docRiskScore, which this module declares as a required input."
DOCUMENT,field_report,MODULE,Specification Conflict Density,DOCUMENT -> MODULE,server/app/extraction_fields.py + server/app/extraction_merge.py; p0-baseline/module_renumbering_map.csv (via server/app/simulation/registry.py),_NUMERIC_EMISSIONS/_DATESTR_EMISSIONS for field_report; required inputs for A4.10,ESTABLISHED,"The document type emits docRiskScore, which this module declares as a required input."
DOCUMENT,field_report,MODULE,Weather Day Impact,DOCUMENT -> MODULE,server/app/extraction_fields.py + server/app/extraction_merge.py; p0-baseline/module_renumbering_map.csv (via server/app/simulation/registry.py),_NUMERIC_EMISSIONS/_DATESTR_EMISSIONS for field_report; required inputs for A4.5,ESTABLISHED,"The document type emits weatherDaysLost, which this module declares as a required input."
DOCUMENT,field_report,MODULE,Dispute Escalation Index,DOCUMENT -> MODULE,server/app/extraction_fields.py + server/app/extraction_merge.py; p0-baseline/module_renumbering_map.csv (via server/app/simulation/registry.py),_NUMERIC_EMISSIONS/_DATESTR_EMISSIONS for field_report; required inputs for A4.7,ESTABLISHED,"The document type emits docRiskScore, which this module declares as a required input."
DOCUMENT,field_report,MODULE,Tornado Risk Ranking,DOCUMENT -> MODULE,server/app/extraction_fields.py + server/app/extraction_merge.py; p0-baseline/module_renumbering_map.csv (via server/app/simulation/registry.py),_NUMERIC_EMISSIONS/_DATESTR_EMISSIONS for field_report; required inputs for A5.3,ESTABLISHED,"The document type emits docRiskScore, which this module declares as a required input."
DOCUMENT,field_report,MODULE,Quality Compliance Index,DOCUMENT -> MODULE,server/app/extraction_fields.py + server/app/extraction_merge.py; p0-baseline/module_renumbering_map.csv (via server/app/simulation/registry.py),_NUMERIC_EMISSIONS/_DATESTR_EMISSIONS for field_report; required inputs for A6.1,ESTABLISHED,"The document type emits qualityDeficienciesNoted, which this module declares as a required input."
DOCUMENT,field_report,MODULE,Conservative Dominance,DOCUMENT -> MODULE,server/app/extraction_fields.py + server/app/extraction_merge.py; p0-baseline/module_renumbering_map.csv (via server/app/simulation/registry.py),_NUMERIC_EMISSIONS/_DATESTR_EMISSIONS for field_report; required inputs for B1.1,ESTABLISHED,"The document type emits docRiskScore, which this module declares as a required input."
DOCUMENT,field_report,MODULE,Weighted Voting,DOCUMENT -> MODULE,server/app/extraction_fields.py + server/app/extraction_merge.py; p0-baseline/module_renumbering_map.csv (via server/app/simulation/registry.py),_NUMERIC_EMISSIONS/_DATESTR_EMISSIONS for field_report; required inputs for B1.2,ESTABLISHED,"The document type emits docRiskScore, which this module declares as a required input."
DOCUMENT,field_report,MODULE,Majority Rules,DOCUMENT -> MODULE,server/app/extraction_fields.py + server/app/extraction_merge.py; p0-baseline/module_renumbering_map.csv (via server/app/simulation/registry.py),_NUMERIC_EMISSIONS/_DATESTR_EMISSIONS for field_report; required inputs for B1.3,ESTABLISHED,"The document type emits docRiskScore, which this module declares as a required input."
DOCUMENT,field_report,MODULE,Worst-N-of-M,DOCUMENT -> MODULE,server/app/extraction_fields.py + server/app/extraction_merge.py; p0-baseline/module_renumbering_map.csv (via server/app/simulation/registry.py),_NUMERIC_EMISSIONS/_DATESTR_EMISSIONS for field_report; required inputs for B1.4,ESTABLISHED,"The document type emits docRiskScore, which this module declares as a required input."
DOCUMENT,field_report,MODULE,Dempster-Shafer,DOCUMENT -> MODULE,server/app/extraction_fields.py + server/app/extraction_merge.py; p0-baseline/module_renumbering_map.csv (via server/app/simulation/registry.py),_NUMERIC_EMISSIONS/_DATESTR_EMISSIONS for field_report; required inputs for B2.1,ESTABLISHED,"The document type emits docRiskScore, which this module declares as a required input."
DOCUMENT,field_report,MODULE,Pythagorean Fuzzy Sets,DOCUMENT -> MODULE,server/app/extraction_fields.py + server/app/extraction_merge.py; p0-baseline/module_renumbering_map.csv (via server/app/simulation/registry.py),_NUMERIC_EMISSIONS/_DATESTR_EMISSIONS for field_report; required inputs for B2.10,ESTABLISHED,"The document type emits docRiskScore, which this module declares as a required input."
DOCUMENT,field_report,MODULE,Picture Fuzzy Sets,DOCUMENT -> MODULE,server/app/extraction_fields.py + server/app/extraction_merge.py; p0-baseline/module_renumbering_map.csv (via server/app/simulation/registry.py),_NUMERIC_EMISSIONS/_DATESTR_EMISSIONS for field_report; required inputs for B2.11,ESTABLISHED,"The document type emits docRiskScore, which this module declares as a required input."
DOCUMENT,field_report,MODULE,Maximum Entropy,DOCUMENT -> MODULE,server/app/extraction_fields.py + server/app/extraction_merge.py; p0-baseline/module_renumbering_map.csv (via server/app/simulation/registry.py),_NUMERIC_EMISSIONS/_DATESTR_EMISSIONS for field_report; required inputs for B2.14,ESTABLISHED,"The document type emits docRiskScore, which this module declares as a required input."
DOCUMENT,field_report,MODULE,Possibility Theory,DOCUMENT -> MODULE,server/app/extraction_fields.py + server/app/extraction_merge.py; p0-baseline/module_renumbering_map.csv (via server/app/simulation/registry.py),_NUMERIC_EMISSIONS/_DATESTR_EMISSIONS for field_report; required inputs for B2.15,ESTABLISHED,"The document type emits docRiskScore, which this module declares as a required input."
DOCUMENT,field_report,MODULE,Spherical Fuzzy Sets,DOCUMENT -> MODULE,server/app/extraction_fields.py + server/app/extraction_merge.py; p0-baseline/module_renumbering_map.csv (via server/app/simulation/registry.py),_NUMERIC_EMISSIONS/_DATESTR_EMISSIONS for field_report; required inputs for B2.16,ESTABLISHED,"The document type emits docRiskScore, which this module declares as a required input."
DOCUMENT,field_report,MODULE,MARCOS Ranking,DOCUMENT -> MODULE,server/app/extraction_fields.py + server/app/extraction_merge.py; p0-baseline/module_renumbering_map.csv (via server/app/simulation/registry.py),_NUMERIC_EMISSIONS/_DATESTR_EMISSIONS for field_report; required inputs for B2.18,ESTABLISHED,"The document type emits docRiskScore, which this module declares as a required input."
DOCUMENT,field_report,MODULE,CRITIC-TOPSIS,DOCUMENT -> MODULE,server/app/extraction_fields.py + server/app/extraction_merge.py; p0-baseline/module_renumbering_map.csv (via server/app/simulation/registry.py),_NUMERIC_EMISSIONS/_DATESTR_EMISSIONS for field_report; required inputs for B2.19,ESTABLISHED,"The document type emits docRiskScore, which this module declares as a required input."
DOCUMENT,field_report,MODULE,Rough Sets,DOCUMENT -> MODULE,server/app/extraction_fields.py + server/app/extraction_merge.py; p0-baseline/module_renumbering_map.csv (via server/app/simulation/registry.py),_NUMERIC_EMISSIONS/_DATESTR_EMISSIONS for field_report; required inputs for B2.2,ESTABLISHED,"The document type emits docRiskScore, which this module declares as a required input."
DOCUMENT,field_report,MODULE,Hypersoft Sets,DOCUMENT -> MODULE,server/app/extraction_fields.py + server/app/extraction_merge.py; p0-baseline/module_renumbering_map.csv (via server/app/simulation/registry.py),_NUMERIC_EMISSIONS/_DATESTR_EMISSIONS for field_report; required inputs for B2.20,ESTABLISHED,"The document type emits docRiskScore, which this module declares as a required input."
DOCUMENT,field_report,MODULE,Neutrosophic Logic,DOCUMENT -> MODULE,server/app/extraction_fields.py + server/app/extraction_merge.py; p0-baseline/module_renumbering_map.csv (via server/app/simulation/registry.py),_NUMERIC_EMISSIONS/_DATESTR_EMISSIONS for field_report; required inputs for B2.3,ESTABLISHED,"The document type emits docRiskScore, which this module declares as a required input."
DOCUMENT,field_report,MODULE,Z-numbers,DOCUMENT -> MODULE,server/app/extraction_fields.py + server/app/extraction_merge.py; p0-baseline/module_renumbering_map.csv (via server/app/simulation/registry.py),_NUMERIC_EMISSIONS/_DATESTR_EMISSIONS for field_report; required inputs for B2.5,ESTABLISHED,"The document type emits docRiskScore, which this module declares as a required input."
DOCUMENT,field_report,MODULE,PLTS,DOCUMENT -> MODULE,server/app/extraction_fields.py + server/app/extraction_merge.py; p0-baseline/module_renumbering_map.csv (via server/app/simulation/registry.py),_NUMERIC_EMISSIONS/_DATESTR_EMISSIONS for field_report; required inputs for B2.6,ESTABLISHED,"The document type emits docRiskScore, which this module declares as a required input."
DOCUMENT,field_report,MODULE,Plithogenic Sets,DOCUMENT -> MODULE,server/app/extraction_fields.py + server/app/extraction_merge.py; p0-baseline/module_renumbering_map.csv (via server/app/simulation/registry.py),_NUMERIC_EMISSIONS/_DATESTR_EMISSIONS for field_report; required inputs for B2.7,ESTABLISHED,"The document type emits docRiskScore, which this module declares as a required input."
DOCUMENT,field_report,MODULE,Belief Rule Base,DOCUMENT -> MODULE,server/app/extraction_fields.py + server/app/extraction_merge.py; p0-baseline/module_renumbering_map.csv (via server/app/simulation/registry.py),_NUMERIC_EMISSIONS/_DATESTR_EMISSIONS for field_report; required inputs for B2.8,ESTABLISHED,"The document type emits docRiskScore, which this module declares as a required input."
DOCUMENT,field_report,MODULE,Quantum Probability,DOCUMENT -> MODULE,server/app/extraction_fields.py + server/app/extraction_merge.py; p0-baseline/module_renumbering_map.csv (via server/app/simulation/registry.py),_NUMERIC_EMISSIONS/_DATESTR_EMISSIONS for field_report; required inputs for B2.9,ESTABLISHED,"The document type emits docRiskScore, which this module declares as a required input."
DOCUMENT,field_report,MODULE,ABM Governance Layer,DOCUMENT -> MODULE,server/app/extraction_fields.py + server/app/extraction_merge.py; p0-baseline/module_renumbering_map.csv (via server/app/simulation/registry.py),_NUMERIC_EMISSIONS/_DATESTR_EMISSIONS for field_report; required inputs for B3.1,ESTABLISHED,"The document type emits docRiskScore, which this module declares as a required input."
DOCUMENT,field_report,MODULE,Multi-Objective Optimization,DOCUMENT -> MODULE,server/app/extraction_fields.py + server/app/extraction_merge.py; p0-baseline/module_renumbering_map.csv (via server/app/simulation/registry.py),_NUMERIC_EMISSIONS/_DATESTR_EMISSIONS for field_report; required inputs for B4.1,ESTABLISHED,"The document type emits docRiskScore, which this module declares as a required input."
DOCUMENT,field_report,MODULE,Decision Sensitivity Matrix,DOCUMENT -> MODULE,server/app/extraction_fields.py + server/app/extraction_merge.py; p0-baseline/module_renumbering_map.csv (via server/app/simulation/registry.py),_NUMERIC_EMISSIONS/_DATESTR_EMISSIONS for field_report; required inputs for B4.5,ESTABLISHED,"The document type emits docRiskScore, which this module declares as a required input."
DOCUMENT,field_report,MODULE,Pareto Frontier Analysis,DOCUMENT -> MODULE,server/app/extraction_fields.py + server/app/extraction_merge.py; p0-baseline/module_renumbering_map.csv (via server/app/simulation/registry.py),_NUMERIC_EMISSIONS/_DATESTR_EMISSIONS for field_report; required inputs for B4.6,ESTABLISHED,"The document type emits docRiskScore, which this module declares as a required input."
DOCUMENT,historical_data,MODULE,Analogous Estimating Ratio,DOCUMENT -> MODULE,server/app/extraction_fields.py + server/app/extraction_merge.py; p0-baseline/module_renumbering_map.csv (via server/app/simulation/registry.py),_NUMERIC_EMISSIONS/_DATESTR_EMISSIONS for historical_data; required inputs for A3.7,ESTABLISHED,"The document type emits analogousOverrunPct, which this module declares as a required input."
DOCUMENT,inspection_report,MODULE,Document Risk Score,DOCUMENT -> MODULE,server/app/extraction_fields.py + server/app/extraction_merge.py; p0-baseline/module_renumbering_map.csv (via server/app/simulation/registry.py),_NUMERIC_EMISSIONS/_DATESTR_EMISSIONS for inspection_report; required inputs for A4.1,ESTABLISHED,"The document type emits docRiskScore, which this module declares as a required input."
DOCUMENT,inspection_report,MODULE,Specification Conflict Density,DOCUMENT -> MODULE,server/app/extraction_fields.py + server/app/extraction_merge.py; p0-baseline/module_renumbering_map.csv (via server/app/simulation/registry.py),_NUMERIC_EMISSIONS/_DATESTR_EMISSIONS for inspection_report; required inputs for A4.10,ESTABLISHED,"The document type emits docRiskScore, which this module declares as a required input."
DOCUMENT,inspection_report,MODULE,Dispute Escalation Index,DOCUMENT -> MODULE,server/app/extraction_fields.py + server/app/extraction_merge.py; p0-baseline/module_renumbering_map.csv (via server/app/simulation/registry.py),_NUMERIC_EMISSIONS/_DATESTR_EMISSIONS for inspection_report; required inputs for A4.7,ESTABLISHED,"The document type emits docRiskScore, which this module declares as a required input."
DOCUMENT,inspection_report,MODULE,Tornado Risk Ranking,DOCUMENT -> MODULE,server/app/extraction_fields.py + server/app/extraction_merge.py; p0-baseline/module_renumbering_map.csv (via server/app/simulation/registry.py),_NUMERIC_EMISSIONS/_DATESTR_EMISSIONS for inspection_report; required inputs for A5.3,ESTABLISHED,"The document type emits docRiskScore, which this module declares as a required input."
DOCUMENT,inspection_report,MODULE,Quality Compliance Index,DOCUMENT -> MODULE,server/app/extraction_fields.py + server/app/extraction_merge.py; p0-baseline/module_renumbering_map.csv (via server/app/simulation/registry.py),_NUMERIC_EMISSIONS/_DATESTR_EMISSIONS for inspection_report; required inputs for A6.1,ESTABLISHED,"The document type emits qualityDeficienciesNoted, which this module declares as a required input."
DOCUMENT,inspection_report,MODULE,Conservative Dominance,DOCUMENT -> MODULE,server/app/extraction_fields.py + server/app/extraction_merge.py; p0-baseline/module_renumbering_map.csv (via server/app/simulation/registry.py),_NUMERIC_EMISSIONS/_DATESTR_EMISSIONS for inspection_report; required inputs for B1.1,ESTABLISHED,"The document type emits docRiskScore, which this module declares as a required input."
DOCUMENT,inspection_report,MODULE,Weighted Voting,DOCUMENT -> MODULE,server/app/extraction_fields.py + server/app/extraction_merge.py; p0-baseline/module_renumbering_map.csv (via server/app/simulation/registry.py),_NUMERIC_EMISSIONS/_DATESTR_EMISSIONS for inspection_report; required inputs for B1.2,ESTABLISHED,"The document type emits docRiskScore, which this module declares as a required input."
DOCUMENT,inspection_report,MODULE,Majority Rules,DOCUMENT -> MODULE,server/app/extraction_fields.py + server/app/extraction_merge.py; p0-baseline/module_renumbering_map.csv (via server/app/simulation/registry.py),_NUMERIC_EMISSIONS/_DATESTR_EMISSIONS for inspection_report; required inputs for B1.3,ESTABLISHED,"The document type emits docRiskScore, which this module declares as a required input."
DOCUMENT,inspection_report,MODULE,Worst-N-of-M,DOCUMENT -> MODULE,server/app/extraction_fields.py + server/app/extraction_merge.py; p0-baseline/module_renumbering_map.csv (via server/app/simulation/registry.py),_NUMERIC_EMISSIONS/_DATESTR_EMISSIONS for inspection_report; required inputs for B1.4,ESTABLISHED,"The document type emits docRiskScore, which this module declares as a required input."
DOCUMENT,inspection_report,MODULE,Dempster-Shafer,DOCUMENT -> MODULE,server/app/extraction_fields.py + server/app/extraction_merge.py; p0-baseline/module_renumbering_map.csv (via server/app/simulation/registry.py),_NUMERIC_EMISSIONS/_DATESTR_EMISSIONS for inspection_report; required inputs for B2.1,ESTABLISHED,"The document type emits docRiskScore, which this module declares as a required input."
DOCUMENT,inspection_report,MODULE,Pythagorean Fuzzy Sets,DOCUMENT -> MODULE,server/app/extraction_fields.py + server/app/extraction_merge.py; p0-baseline/module_renumbering_map.csv (via server/app/simulation/registry.py),_NUMERIC_EMISSIONS/_DATESTR_EMISSIONS for inspection_report; required inputs for B2.10,ESTABLISHED,"The document type emits docRiskScore, which this module declares as a required input."
DOCUMENT,inspection_report,MODULE,Picture Fuzzy Sets,DOCUMENT -> MODULE,server/app/extraction_fields.py + server/app/extraction_merge.py; p0-baseline/module_renumbering_map.csv (via server/app/simulation/registry.py),_NUMERIC_EMISSIONS/_DATESTR_EMISSIONS for inspection_report; required inputs for B2.11,ESTABLISHED,"The document type emits docRiskScore, which this module declares as a required input."
DOCUMENT,inspection_report,MODULE,Maximum Entropy,DOCUMENT -> MODULE,server/app/extraction_fields.py + server/app/extraction_merge.py; p0-baseline/module_renumbering_map.csv (via server/app/simulation/registry.py),_NUMERIC_EMISSIONS/_DATESTR_EMISSIONS for inspection_report; required inputs for B2.14,ESTABLISHED,"The document type emits docRiskScore, which this module declares as a required input."
DOCUMENT,inspection_report,MODULE,Possibility Theory,DOCUMENT -> MODULE,server/app/extraction_fields.py + server/app/extraction_merge.py; p0-baseline/module_renumbering_map.csv (via server/app/simulation/registry.py),_NUMERIC_EMISSIONS/_DATESTR_EMISSIONS for inspection_report; required inputs for B2.15,ESTABLISHED,"The document type emits docRiskScore, which this module declares as a required input."
DOCUMENT,inspection_report,MODULE,Spherical Fuzzy Sets,DOCUMENT -> MODULE,server/app/extraction_fields.py + server/app/extraction_merge.py; p0-baseline/module_renumbering_map.csv (via server/app/simulation/registry.py),_NUMERIC_EMISSIONS/_DATESTR_EMISSIONS for inspection_report; required inputs for B2.16,ESTABLISHED,"The document type emits docRiskScore, which this module declares as a required input."
DOCUMENT,inspection_report,MODULE,MARCOS Ranking,DOCUMENT -> MODULE,server/app/extraction_fields.py + server/app/extraction_merge.py; p0-baseline/module_renumbering_map.csv (via server/app/simulation/registry.py),_NUMERIC_EMISSIONS/_DATESTR_EMISSIONS for inspection_report; required inputs for B2.18,ESTABLISHED,"The document type emits docRiskScore, which this module declares as a required input."
DOCUMENT,inspection_report,MODULE,CRITIC-TOPSIS,DOCUMENT -> MODULE,server/app/extraction_fields.py + server/app/extraction_merge.py; p0-baseline/module_renumbering_map.csv (via server/app/simulation/registry.py),_NUMERIC_EMISSIONS/_DATESTR_EMISSIONS for inspection_report; required inputs for B2.19,ESTABLISHED,"The document type emits docRiskScore, which this module declares as a required input."
DOCUMENT,inspection_report,MODULE,Rough Sets,DOCUMENT -> MODULE,server/app/extraction_fields.py + server/app/extraction_merge.py; p0-baseline/module_renumbering_map.csv (via server/app/simulation/registry.py),_NUMERIC_EMISSIONS/_DATESTR_EMISSIONS for inspection_report; required inputs for B2.2,ESTABLISHED,"The document type emits docRiskScore, which this module declares as a required input."
DOCUMENT,inspection_report,MODULE,Hypersoft Sets,DOCUMENT -> MODULE,server/app/extraction_fields.py + server/app/extraction_merge.py; p0-baseline/module_renumbering_map.csv (via server/app/simulation/registry.py),_NUMERIC_EMISSIONS/_DATESTR_EMISSIONS for inspection_report; required inputs for B2.20,ESTABLISHED,"The document type emits docRiskScore, which this module declares as a required input."
DOCUMENT,inspection_report,MODULE,Neutrosophic Logic,DOCUMENT -> MODULE,server/app/extraction_fields.py + server/app/extraction_merge.py; p0-baseline/module_renumbering_map.csv (via server/app/simulation/registry.py),_NUMERIC_EMISSIONS/_DATESTR_EMISSIONS for inspection_report; required inputs for B2.3,ESTABLISHED,"The document type emits docRiskScore, which this module declares as a required input."
DOCUMENT,inspection_report,MODULE,Z-numbers,DOCUMENT -> MODULE,server/app/extraction_fields.py + server/app/extraction_merge.py; p0-baseline/module_renumbering_map.csv (via server/app/simulation/registry.py),_NUMERIC_EMISSIONS/_DATESTR_EMISSIONS for inspection_report; required inputs for B2.5,ESTABLISHED,"The document type emits docRiskScore, which this module declares as a required input."
DOCUMENT,inspection_report,MODULE,PLTS,DOCUMENT -> MODULE,server/app/extraction_fields.py + server/app/extraction_merge.py; p0-baseline/module_renumbering_map.csv (via server/app/simulation/registry.py),_NUMERIC_EMISSIONS/_DATESTR_EMISSIONS for inspection_report; required inputs for B2.6,ESTABLISHED,"The document type emits docRiskScore, which this module declares as a required input."
DOCUMENT,inspection_report,MODULE,Plithogenic Sets,DOCUMENT -> MODULE,server/app/extraction_fields.py + server/app/extraction_merge.py; p0-baseline/module_renumbering_map.csv (via server/app/simulation/registry.py),_NUMERIC_EMISSIONS/_DATESTR_EMISSIONS for inspection_report; required inputs for B2.7,ESTABLISHED,"The document type emits docRiskScore, which this module declares as a required input."
DOCUMENT,inspection_report,MODULE,Belief Rule Base,DOCUMENT -> MODULE,server/app/extraction_fields.py + server/app/extraction_merge.py; p0-baseline/module_renumbering_map.csv (via server/app/simulation/registry.py),_NUMERIC_EMISSIONS/_DATESTR_EMISSIONS for inspection_report; required inputs for B2.8,ESTABLISHED,"The document type emits docRiskScore, which this module declares as a required input."
DOCUMENT,inspection_report,MODULE,Quantum Probability,DOCUMENT -> MODULE,server/app/extraction_fields.py + server/app/extraction_merge.py; p0-baseline/module_renumbering_map.csv (via server/app/simulation/registry.py),_NUMERIC_EMISSIONS/_DATESTR_EMISSIONS for inspection_report; required inputs for B2.9,ESTABLISHED,"The document type emits docRiskScore, which this module declares as a required input."
DOCUMENT,inspection_report,MODULE,ABM Governance Layer,DOCUMENT -> MODULE,server/app/extraction_fields.py + server/app/extraction_merge.py; p0-baseline/module_renumbering_map.csv (via server/app/simulation/registry.py),_NUMERIC_EMISSIONS/_DATESTR_EMISSIONS for inspection_report; required inputs for B3.1,ESTABLISHED,"The document type emits docRiskScore, which this module declares as a required input."
DOCUMENT,inspection_report,MODULE,Multi-Objective Optimization,DOCUMENT -> MODULE,server/app/extraction_fields.py + server/app/extraction_merge.py; p0-baseline/module_renumbering_map.csv (via server/app/simulation/registry.py),_NUMERIC_EMISSIONS/_DATESTR_EMISSIONS for inspection_report; required inputs for B4.1,ESTABLISHED,"The document type emits docRiskScore, which this module declares as a required input."
DOCUMENT,inspection_report,MODULE,Decision Sensitivity Matrix,DOCUMENT -> MODULE,server/app/extraction_fields.py + server/app/extraction_merge.py; p0-baseline/module_renumbering_map.csv (via server/app/simulation/registry.py),_NUMERIC_EMISSIONS/_DATESTR_EMISSIONS for inspection_report; required inputs for B4.5,ESTABLISHED,"The document type emits docRiskScore, which this module declares as a required input."
DOCUMENT,inspection_report,MODULE,Pareto Frontier Analysis,DOCUMENT -> MODULE,server/app/extraction_fields.py + server/app/extraction_merge.py; p0-baseline/module_renumbering_map.csv (via server/app/simulation/registry.py),_NUMERIC_EMISSIONS/_DATESTR_EMISSIONS for inspection_report; required inputs for B4.6,ESTABLISHED,"The document type emits docRiskScore, which this module declares as a required input."
DOCUMENT,lookahead_schedule,MODULE,Look-Ahead Schedule Health,DOCUMENT -> MODULE,server/app/extraction_fields.py + server/app/extraction_merge.py; p0-baseline/module_renumbering_map.csv (via server/app/simulation/registry.py),_NUMERIC_EMISSIONS/_DATESTR_EMISSIONS for lookahead_schedule; required inputs for A2.8,ESTABLISHED,"The document type emits activitiesConstrained, activitiesPlanned, which this module declares as a required input."
DOCUMENT,lookahead_schedule,MODULE,Queueing Theory Bottleneck,DOCUMENT -> MODULE,server/app/extraction_fields.py + server/app/extraction_merge.py; p0-baseline/module_renumbering_map.csv (via server/app/simulation/registry.py),_NUMERIC_EMISSIONS/_DATESTR_EMISSIONS for lookahead_schedule; required inputs for A5.6,ESTABLISHED,"The document type emits activitiesConstrained, activitiesPlanned, which this module declares as a required input."
DOCUMENT,monthly_report,MODULE,Monte Carlo EAC Forecast,DOCUMENT -> MODULE,server/app/extraction_fields.py + server/app/extraction_merge.py; p0-baseline/module_renumbering_map.csv (via server/app/simulation/registry.py),_NUMERIC_EMISSIONS/_DATESTR_EMISSIONS for monthly_report; required inputs for A1.1,ESTABLISHED,"The document type emits bac, which this module declares as a required input."
DOCUMENT,monthly_report,MODULE,ICE Ratio,DOCUMENT -> MODULE,server/app/extraction_fields.py + server/app/extraction_merge.py; p0-baseline/module_renumbering_map.csv (via server/app/simulation/registry.py),_NUMERIC_EMISSIONS/_DATESTR_EMISSIONS for monthly_report; required inputs for A1.11,ESTABLISHED,"The document type emits ac, bac, ev, which this module declares as a required input."
DOCUMENT,monthly_report,MODULE,Bayesian EAC,DOCUMENT -> MODULE,server/app/extraction_fields.py + server/app/extraction_merge.py; p0-baseline/module_renumbering_map.csv (via server/app/simulation/registry.py),_NUMERIC_EMISSIONS/_DATESTR_EMISSIONS for monthly_report; required inputs for A1.3,ESTABLISHED,"The document type emits ac, bac, ev, which this module declares as a required input."
DOCUMENT,monthly_report,MODULE,Earned Schedule,DOCUMENT -> MODULE,server/app/extraction_fields.py + server/app/extraction_merge.py; p0-baseline/module_renumbering_map.csv (via server/app/simulation/registry.py),_NUMERIC_EMISSIONS/_DATESTR_EMISSIONS for monthly_report; required inputs for A1.6,ESTABLISHED,"The document type emits actualPctComplete, bac, ev, plannedPctComplete, pv, which this module declares as a required input."
DOCUMENT,monthly_report,MODULE,TCPI,DOCUMENT -> MODULE,server/app/extraction_fields.py + server/app/extraction_merge.py; p0-baseline/module_renumbering_map.csv (via server/app/simulation/registry.py),_NUMERIC_EMISSIONS/_DATESTR_EMISSIONS for monthly_report; required inputs for A1.7,ESTABLISHED,"The document type emits ac, bac, ev, which this module declares as a required input."
DOCUMENT,monthly_report,MODULE,Variance at Completion,DOCUMENT -> MODULE,server/app/extraction_fields.py + server/app/extraction_merge.py; p0-baseline/module_renumbering_map.csv (via server/app/simulation/registry.py),_NUMERIC_EMISSIONS/_DATESTR_EMISSIONS for monthly_report; required inputs for A1.8,ESTABLISHED,"The document type emits bac, which this module declares as a required input."
DOCUMENT,monthly_report,MODULE,Budget Execution Rate,DOCUMENT -> MODULE,server/app/extraction_fields.py + server/app/extraction_merge.py; p0-baseline/module_renumbering_map.csv (via server/app/simulation/registry.py),_NUMERIC_EMISSIONS/_DATESTR_EMISSIONS for monthly_report; required inputs for A1.9,ESTABLISHED,"The document type emits ac, actualPctComplete, bac, which this module declares as a required input."
DOCUMENT,monthly_report,MODULE,PERT Network Criticality,DOCUMENT -> MODULE,server/app/extraction_fields.py + server/app/extraction_merge.py; p0-baseline/module_renumbering_map.csv (via server/app/simulation/registry.py),_NUMERIC_EMISSIONS/_DATESTR_EMISSIONS for monthly_report; required inputs for A2.1,ESTABLISHED,"The document type emits bac, which this module declares as a required input."
DOCUMENT,monthly_report,MODULE,Schedule Risk Analysis P80,DOCUMENT -> MODULE,server/app/extraction_fields.py + server/app/extraction_merge.py; p0-baseline/module_renumbering_map.csv (via server/app/simulation/registry.py),_NUMERIC_EMISSIONS/_DATESTR_EMISSIONS for monthly_report; required inputs for A2.10,ESTABLISHED,"The document type emits actualPctComplete, which this module declares as a required input."
DOCUMENT,monthly_report,MODULE,Critical Path Index,DOCUMENT -> MODULE,server/app/extraction_fields.py + server/app/extraction_merge.py; p0-baseline/module_renumbering_map.csv (via server/app/simulation/registry.py),_NUMERIC_EMISSIONS/_DATESTR_EMISSIONS for monthly_report; required inputs for A2.11,ESTABLISHED,"The document type emits actualPctComplete, plannedPctComplete, which this module declares as a required input."
DOCUMENT,monthly_report,MODULE,Line of Balance,DOCUMENT -> MODULE,server/app/extraction_fields.py + server/app/extraction_merge.py; p0-baseline/module_renumbering_map.csv (via server/app/simulation/registry.py),_NUMERIC_EMISSIONS/_DATESTR_EMISSIONS for monthly_report; required inputs for A2.2,ESTABLISHED,"The document type emits actualPctComplete, plannedPctComplete, which this module declares as a required input."
DOCUMENT,monthly_report,MODULE,CCPM Buffer Health,DOCUMENT -> MODULE,server/app/extraction_fields.py + server/app/extraction_merge.py; p0-baseline/module_renumbering_map.csv (via server/app/simulation/registry.py),_NUMERIC_EMISSIONS/_DATESTR_EMISSIONS for monthly_report; required inputs for A2.3,ESTABLISHED,"The document type emits actualPctComplete, plannedPctComplete, which this module declares as a required input."
DOCUMENT,monthly_report,MODULE,Schedule Compression Index,DOCUMENT -> MODULE,server/app/extraction_fields.py + server/app/extraction_merge.py; p0-baseline/module_renumbering_map.csv (via server/app/simulation/registry.py),_NUMERIC_EMISSIONS/_DATESTR_EMISSIONS for monthly_report; required inputs for A2.4,ESTABLISHED,"The document type emits actualPctComplete, which this module declares as a required input."
DOCUMENT,monthly_report,MODULE,S-Curve Deviation,DOCUMENT -> MODULE,server/app/extraction_fields.py + server/app/extraction_merge.py; p0-baseline/module_renumbering_map.csv (via server/app/simulation/registry.py),_NUMERIC_EMISSIONS/_DATESTR_EMISSIONS for monthly_report; required inputs for A2.6,ESTABLISHED,"The document type emits actualPctComplete, ev, plannedPctComplete, pv, which this module declares as a required input."
DOCUMENT,monthly_report,MODULE,Reference Class Forecasting,DOCUMENT -> MODULE,server/app/extraction_fields.py + server/app/extraction_merge.py; p0-baseline/module_renumbering_map.csv (via server/app/simulation/registry.py),_NUMERIC_EMISSIONS/_DATESTR_EMISSIONS for monthly_report; required inputs for A3.1,ESTABLISHED,"The document type emits bac, which this module declares as a required input."
DOCUMENT,monthly_report,MODULE,Contingency Burn Rate,DOCUMENT -> MODULE,server/app/extraction_fields.py + server/app/extraction_merge.py; p0-baseline/module_renumbering_map.csv (via server/app/simulation/registry.py),_NUMERIC_EMISSIONS/_DATESTR_EMISSIONS for monthly_report; required inputs for A3.2,ESTABLISHED,"The document type emits actualPctComplete, which this module declares as a required input."
DOCUMENT,monthly_report,MODULE,Labor Productivity Index,DOCUMENT -> MODULE,server/app/extraction_fields.py + server/app/extraction_merge.py; p0-baseline/module_renumbering_map.csv (via server/app/simulation/registry.py),_NUMERIC_EMISSIONS/_DATESTR_EMISSIONS for monthly_report; required inputs for A3.3,ESTABLISHED,"The document type emits actualPctComplete, which this module declares as a required input."
DOCUMENT,monthly_report,MODULE,Cost Risk Analysis P80,DOCUMENT -> MODULE,server/app/extraction_fields.py + server/app/extraction_merge.py; p0-baseline/module_renumbering_map.csv (via server/app/simulation/registry.py),_NUMERIC_EMISSIONS/_DATESTR_EMISSIONS for monthly_report; required inputs for A3.6,ESTABLISHED,"The document type emits ac, bac, ev, which this module declares as a required input."
DOCUMENT,monthly_report,MODULE,Analogous Estimating Ratio,DOCUMENT -> MODULE,server/app/extraction_fields.py + server/app/extraction_merge.py; p0-baseline/module_renumbering_map.csv (via server/app/simulation/registry.py),_NUMERIC_EMISSIONS/_DATESTR_EMISSIONS for monthly_report; required inputs for A3.7,ESTABLISHED,"The document type emits bac, which this module declares as a required input."
DOCUMENT,monthly_report,MODULE,Parametric Cost Index,DOCUMENT -> MODULE,server/app/extraction_fields.py + server/app/extraction_merge.py; p0-baseline/module_renumbering_map.csv (via server/app/simulation/registry.py),_NUMERIC_EMISSIONS/_DATESTR_EMISSIONS for monthly_report; required inputs for A3.8,ESTABLISHED,"The document type emits ac, actualPctComplete, bac, ev, which this module declares as a required input."
DOCUMENT,monthly_report,MODULE,Sensitivity Analysis,DOCUMENT -> MODULE,server/app/extraction_fields.py + server/app/extraction_merge.py; p0-baseline/module_renumbering_map.csv (via server/app/simulation/registry.py),_NUMERIC_EMISSIONS/_DATESTR_EMISSIONS for monthly_report; required inputs for A5.2,ESTABLISHED,"The document type emits ac, bac, ev, pv, which this module declares as a required input."
DOCUMENT,monthly_report,MODULE,Tornado Risk Ranking,DOCUMENT -> MODULE,server/app/extraction_fields.py + server/app/extraction_merge.py; p0-baseline/module_renumbering_map.csv (via server/app/simulation/registry.py),_NUMERIC_EMISSIONS/_DATESTR_EMISSIONS for monthly_report; required inputs for A5.3,ESTABLISHED,"The document type emits actualPctComplete, plannedPctComplete, which this module declares as a required input."
DOCUMENT,monthly_report,MODULE,Scenario Modeling,DOCUMENT -> MODULE,server/app/extraction_fields.py + server/app/extraction_merge.py; p0-baseline/module_renumbering_map.csv (via server/app/simulation/registry.py),_NUMERIC_EMISSIONS/_DATESTR_EMISSIONS for monthly_report; required inputs for A5.4,ESTABLISHED,"The document type emits ac, bac, ev, which this module declares as a required input."
DOCUMENT,monthly_report,MODULE,Discrete Event Simulation,DOCUMENT -> MODULE,server/app/extraction_fields.py + server/app/extraction_merge.py; p0-baseline/module_renumbering_map.csv (via server/app/simulation/registry.py),_NUMERIC_EMISSIONS/_DATESTR_EMISSIONS for monthly_report; required inputs for A5.8,ESTABLISHED,"The document type emits actualPctComplete, plannedPctComplete, which this module declares as a required input."
DOCUMENT,monthly_report,MODULE,FAR Threshold Monitor,DOCUMENT -> MODULE,server/app/extraction_fields.py + server/app/extraction_merge.py; p0-baseline/module_renumbering_map.csv (via server/app/simulation/registry.py),_NUMERIC_EMISSIONS/_DATESTR_EMISSIONS for monthly_report; required inputs for B3.2,ESTABLISHED,"The document type emits ac, bac, ev, which this module declares as a required input."
DOCUMENT,monthly_report,MODULE,OMB A-11 Check,DOCUMENT -> MODULE,server/app/extraction_fields.py + server/app/extraction_merge.py; p0-baseline/module_renumbering_map.csv (via server/app/simulation/registry.py),_NUMERIC_EMISSIONS/_DATESTR_EMISSIONS for monthly_report; required inputs for B3.3,ESTABLISHED,"The document type emits actualPctComplete, bac, which this module declares as a required input."
DOCUMENT,monthly_report,MODULE,EVM Reporting Threshold,DOCUMENT -> MODULE,server/app/extraction_fields.py + server/app/extraction_merge.py; p0-baseline/module_renumbering_map.csv (via server/app/simulation/registry.py),_NUMERIC_EMISSIONS/_DATESTR_EMISSIONS for monthly_report; required inputs for B3.4,ESTABLISHED,"The document type emits bac, which this module declares as a required input."
DOCUMENT,monthly_report,MODULE,Linear Programming,DOCUMENT -> MODULE,server/app/extraction_fields.py + server/app/extraction_merge.py; p0-baseline/module_renumbering_map.csv (via server/app/simulation/registry.py),_NUMERIC_EMISSIONS/_DATESTR_EMISSIONS for monthly_report; required inputs for B4.2,ESTABLISHED,"The document type emits ac, bac, ev, which this module declares as a required input."
DOCUMENT,monthly_report,MODULE,Constraint Satisfaction Analysis,DOCUMENT -> MODULE,server/app/extraction_fields.py + server/app/extraction_merge.py; p0-baseline/module_renumbering_map.csv (via server/app/simulation/registry.py),_NUMERIC_EMISSIONS/_DATESTR_EMISSIONS for monthly_report; required inputs for B4.3,ESTABLISHED,"The document type emits bac, which this module declares as a required input."
DOCUMENT,monthly_report,MODULE,What-If Scenario Matrix,DOCUMENT -> MODULE,server/app/extraction_fields.py + server/app/extraction_merge.py; p0-baseline/module_renumbering_map.csv (via server/app/simulation/registry.py),_NUMERIC_EMISSIONS/_DATESTR_EMISSIONS for monthly_report; required inputs for B4.4,ESTABLISHED,"The document type emits ac, bac, ev, which this module declares as a required input."
DOCUMENT,monthly_report,MODULE,Regret Minimization Index,DOCUMENT -> MODULE,server/app/extraction_fields.py + server/app/extraction_merge.py; p0-baseline/module_renumbering_map.csv (via server/app/simulation/registry.py),_NUMERIC_EMISSIONS/_DATESTR_EMISSIONS for monthly_report; required inputs for B4.7,ESTABLISHED,"The document type emits bac, which this module declares as a required input."
DOCUMENT,monthly_report,MODULE,Missing Data Index,DOCUMENT -> MODULE,server/app/extraction_fields.py + server/app/extraction_merge.py; p0-baseline/module_renumbering_map.csv (via server/app/simulation/registry.py),_NUMERIC_EMISSIONS/_DATESTR_EMISSIONS for monthly_report; required inputs for C1.1,ESTABLISHED,"The document type emits bac, which this module declares as a required input."
DOCUMENT,monthly_report,MODULE,Source Reliability Weighting,DOCUMENT -> MODULE,server/app/extraction_fields.py + server/app/extraction_merge.py; p0-baseline/module_renumbering_map.csv (via server/app/simulation/registry.py),_NUMERIC_EMISSIONS/_DATESTR_EMISSIONS for monthly_report; required inputs for C1.3,ESTABLISHED,"The document type emits bac, which this module declares as a required input."
DOCUMENT,monthly_report,MODULE,Audit Trail Completeness,DOCUMENT -> MODULE,server/app/extraction_fields.py + server/app/extraction_merge.py; p0-baseline/module_renumbering_map.csv (via server/app/simulation/registry.py),_NUMERIC_EMISSIONS/_DATESTR_EMISSIONS for monthly_report; required inputs for C1.4,ESTABLISHED,"The document type emits bac, which this module declares as a required input."
DOCUMENT,monthly_report,MODULE,Information Completeness Ratio,DOCUMENT -> MODULE,server/app/extraction_fields.py + server/app/extraction_merge.py; p0-baseline/module_renumbering_map.csv (via server/app/simulation/registry.py),_NUMERIC_EMISSIONS/_DATESTR_EMISSIONS for monthly_report; required inputs for C1.5,ESTABLISHED,"The document type emits bac, which this module declares as a required input."
DOCUMENT,monthly_report,MODULE,Cross-document Consistency Score,DOCUMENT -> MODULE,server/app/extraction_fields.py + server/app/extraction_merge.py; p0-baseline/module_renumbering_map.csv (via server/app/simulation/registry.py),_NUMERIC_EMISSIONS/_DATESTR_EMISSIONS for monthly_report; required inputs for C1.6,ESTABLISHED,"The document type emits ac, ev, which this module declares as a required input."
DOCUMENT,ncr_log,MODULE,NCR Rate,DOCUMENT -> MODULE,server/app/extraction_fields.py + server/app/extraction_merge.py; p0-baseline/module_renumbering_map.csv (via server/app/simulation/registry.py),_NUMERIC_EMISSIONS/_DATESTR_EMISSIONS for ncr_log; required inputs for A4.4,ESTABLISHED,"The document type emits ncrClosed, ncrIssued, ncrOpen, which this module declares as a required input."
DOCUMENT,oac_minutes,MODULE,Document Risk Score,DOCUMENT -> MODULE,server/app/extraction_fields.py + server/app/extraction_merge.py; p0-baseline/module_renumbering_map.csv (via server/app/simulation/registry.py),_NUMERIC_EMISSIONS/_DATESTR_EMISSIONS for oac_minutes; required inputs for A4.1,ESTABLISHED,"The document type emits docRiskScore, which this module declares as a required input."
DOCUMENT,oac_minutes,MODULE,Specification Conflict Density,DOCUMENT -> MODULE,server/app/extraction_fields.py + server/app/extraction_merge.py; p0-baseline/module_renumbering_map.csv (via server/app/simulation/registry.py),_NUMERIC_EMISSIONS/_DATESTR_EMISSIONS for oac_minutes; required inputs for A4.10,ESTABLISHED,"The document type emits docRiskScore, which this module declares as a required input."
DOCUMENT,oac_minutes,MODULE,Dispute Escalation Index,DOCUMENT -> MODULE,server/app/extraction_fields.py + server/app/extraction_merge.py; p0-baseline/module_renumbering_map.csv (via server/app/simulation/registry.py),_NUMERIC_EMISSIONS/_DATESTR_EMISSIONS for oac_minutes; required inputs for A4.7,ESTABLISHED,"The document type emits docRiskScore, which this module declares as a required input."
DOCUMENT,oac_minutes,MODULE,Tornado Risk Ranking,DOCUMENT -> MODULE,server/app/extraction_fields.py + server/app/extraction_merge.py; p0-baseline/module_renumbering_map.csv (via server/app/simulation/registry.py),_NUMERIC_EMISSIONS/_DATESTR_EMISSIONS for oac_minutes; required inputs for A5.3,ESTABLISHED,"The document type emits docRiskScore, which this module declares as a required input."
DOCUMENT,oac_minutes,MODULE,Safety Performance Index,DOCUMENT -> MODULE,server/app/extraction_fields.py + server/app/extraction_merge.py; p0-baseline/module_renumbering_map.csv (via server/app/simulation/registry.py),_NUMERIC_EMISSIONS/_DATESTR_EMISSIONS for oac_minutes; required inputs for A6.2,ESTABLISHED,"The document type emits safetyIncidentsDiscussed, which this module declares as a required input."
DOCUMENT,oac_minutes,MODULE,Environmental Compliance Rate,DOCUMENT -> MODULE,server/app/extraction_fields.py + server/app/extraction_merge.py; p0-baseline/module_renumbering_map.csv (via server/app/simulation/registry.py),_NUMERIC_EMISSIONS/_DATESTR_EMISSIONS for oac_minutes; required inputs for A6.3,ESTABLISHED,"The document type emits environmentalIssuesDiscussed, which this module declares as a required input."
DOCUMENT,oac_minutes,MODULE,Conservative Dominance,DOCUMENT -> MODULE,server/app/extraction_fields.py + server/app/extraction_merge.py; p0-baseline/module_renumbering_map.csv (via server/app/simulation/registry.py),_NUMERIC_EMISSIONS/_DATESTR_EMISSIONS for oac_minutes; required inputs for B1.1,ESTABLISHED,"The document type emits docRiskScore, which this module declares as a required input."
DOCUMENT,oac_minutes,MODULE,Weighted Voting,DOCUMENT -> MODULE,server/app/extraction_fields.py + server/app/extraction_merge.py; p0-baseline/module_renumbering_map.csv (via server/app/simulation/registry.py),_NUMERIC_EMISSIONS/_DATESTR_EMISSIONS for oac_minutes; required inputs for B1.2,ESTABLISHED,"The document type emits docRiskScore, which this module declares as a required input."
DOCUMENT,oac_minutes,MODULE,Majority Rules,DOCUMENT -> MODULE,server/app/extraction_fields.py + server/app/extraction_merge.py; p0-baseline/module_renumbering_map.csv (via server/app/simulation/registry.py),_NUMERIC_EMISSIONS/_DATESTR_EMISSIONS for oac_minutes; required inputs for B1.3,ESTABLISHED,"The document type emits docRiskScore, which this module declares as a required input."
DOCUMENT,oac_minutes,MODULE,Worst-N-of-M,DOCUMENT -> MODULE,server/app/extraction_fields.py + server/app/extraction_merge.py; p0-baseline/module_renumbering_map.csv (via server/app/simulation/registry.py),_NUMERIC_EMISSIONS/_DATESTR_EMISSIONS for oac_minutes; required inputs for B1.4,ESTABLISHED,"The document type emits docRiskScore, which this module declares as a required input."
DOCUMENT,oac_minutes,MODULE,Dempster-Shafer,DOCUMENT -> MODULE,server/app/extraction_fields.py + server/app/extraction_merge.py; p0-baseline/module_renumbering_map.csv (via server/app/simulation/registry.py),_NUMERIC_EMISSIONS/_DATESTR_EMISSIONS for oac_minutes; required inputs for B2.1,ESTABLISHED,"The document type emits docRiskScore, which this module declares as a required input."
DOCUMENT,oac_minutes,MODULE,Pythagorean Fuzzy Sets,DOCUMENT -> MODULE,server/app/extraction_fields.py + server/app/extraction_merge.py; p0-baseline/module_renumbering_map.csv (via server/app/simulation/registry.py),_NUMERIC_EMISSIONS/_DATESTR_EMISSIONS for oac_minutes; required inputs for B2.10,ESTABLISHED,"The document type emits docRiskScore, which this module declares as a required input."
DOCUMENT,oac_minutes,MODULE,Picture Fuzzy Sets,DOCUMENT -> MODULE,server/app/extraction_fields.py + server/app/extraction_merge.py; p0-baseline/module_renumbering_map.csv (via server/app/simulation/registry.py),_NUMERIC_EMISSIONS/_DATESTR_EMISSIONS for oac_minutes; required inputs for B2.11,ESTABLISHED,"The document type emits docRiskScore, which this module declares as a required input."
DOCUMENT,oac_minutes,MODULE,Maximum Entropy,DOCUMENT -> MODULE,server/app/extraction_fields.py + server/app/extraction_merge.py; p0-baseline/module_renumbering_map.csv (via server/app/simulation/registry.py),_NUMERIC_EMISSIONS/_DATESTR_EMISSIONS for oac_minutes; required inputs for B2.14,ESTABLISHED,"The document type emits docRiskScore, which this module declares as a required input."
DOCUMENT,oac_minutes,MODULE,Possibility Theory,DOCUMENT -> MODULE,server/app/extraction_fields.py + server/app/extraction_merge.py; p0-baseline/module_renumbering_map.csv (via server/app/simulation/registry.py),_NUMERIC_EMISSIONS/_DATESTR_EMISSIONS for oac_minutes; required inputs for B2.15,ESTABLISHED,"The document type emits docRiskScore, which this module declares as a required input."
DOCUMENT,oac_minutes,MODULE,Spherical Fuzzy Sets,DOCUMENT -> MODULE,server/app/extraction_fields.py + server/app/extraction_merge.py; p0-baseline/module_renumbering_map.csv (via server/app/simulation/registry.py),_NUMERIC_EMISSIONS/_DATESTR_EMISSIONS for oac_minutes; required inputs for B2.16,ESTABLISHED,"The document type emits docRiskScore, which this module declares as a required input."
DOCUMENT,oac_minutes,MODULE,MARCOS Ranking,DOCUMENT -> MODULE,server/app/extraction_fields.py + server/app/extraction_merge.py; p0-baseline/module_renumbering_map.csv (via server/app/simulation/registry.py),_NUMERIC_EMISSIONS/_DATESTR_EMISSIONS for oac_minutes; required inputs for B2.18,ESTABLISHED,"The document type emits docRiskScore, which this module declares as a required input."
DOCUMENT,oac_minutes,MODULE,CRITIC-TOPSIS,DOCUMENT -> MODULE,server/app/extraction_fields.py + server/app/extraction_merge.py; p0-baseline/module_renumbering_map.csv (via server/app/simulation/registry.py),_NUMERIC_EMISSIONS/_DATESTR_EMISSIONS for oac_minutes; required inputs for B2.19,ESTABLISHED,"The document type emits docRiskScore, which this module declares as a required input."
DOCUMENT,oac_minutes,MODULE,Rough Sets,DOCUMENT -> MODULE,server/app/extraction_fields.py + server/app/extraction_merge.py; p0-baseline/module_renumbering_map.csv (via server/app/simulation/registry.py),_NUMERIC_EMISSIONS/_DATESTR_EMISSIONS for oac_minutes; required inputs for B2.2,ESTABLISHED,"The document type emits docRiskScore, which this module declares as a required input."
DOCUMENT,oac_minutes,MODULE,Hypersoft Sets,DOCUMENT -> MODULE,server/app/extraction_fields.py + server/app/extraction_merge.py; p0-baseline/module_renumbering_map.csv (via server/app/simulation/registry.py),_NUMERIC_EMISSIONS/_DATESTR_EMISSIONS for oac_minutes; required inputs for B2.20,ESTABLISHED,"The document type emits docRiskScore, which this module declares as a required input."
DOCUMENT,oac_minutes,MODULE,Neutrosophic Logic,DOCUMENT -> MODULE,server/app/extraction_fields.py + server/app/extraction_merge.py; p0-baseline/module_renumbering_map.csv (via server/app/simulation/registry.py),_NUMERIC_EMISSIONS/_DATESTR_EMISSIONS for oac_minutes; required inputs for B2.3,ESTABLISHED,"The document type emits docRiskScore, which this module declares as a required input."
DOCUMENT,oac_minutes,MODULE,Z-numbers,DOCUMENT -> MODULE,server/app/extraction_fields.py + server/app/extraction_merge.py; p0-baseline/module_renumbering_map.csv (via server/app/simulation/registry.py),_NUMERIC_EMISSIONS/_DATESTR_EMISSIONS for oac_minutes; required inputs for B2.5,ESTABLISHED,"The document type emits docRiskScore, which this module declares as a required input."
DOCUMENT,oac_minutes,MODULE,PLTS,DOCUMENT -> MODULE,server/app/extraction_fields.py + server/app/extraction_merge.py; p0-baseline/module_renumbering_map.csv (via server/app/simulation/registry.py),_NUMERIC_EMISSIONS/_DATESTR_EMISSIONS for oac_minutes; required inputs for B2.6,ESTABLISHED,"The document type emits docRiskScore, which this module declares as a required input."
DOCUMENT,oac_minutes,MODULE,Plithogenic Sets,DOCUMENT -> MODULE,server/app/extraction_fields.py + server/app/extraction_merge.py; p0-baseline/module_renumbering_map.csv (via server/app/simulation/registry.py),_NUMERIC_EMISSIONS/_DATESTR_EMISSIONS for oac_minutes; required inputs for B2.7,ESTABLISHED,"The document type emits docRiskScore, which this module declares as a required input."
DOCUMENT,oac_minutes,MODULE,Belief Rule Base,DOCUMENT -> MODULE,server/app/extraction_fields.py + server/app/extraction_merge.py; p0-baseline/module_renumbering_map.csv (via server/app/simulation/registry.py),_NUMERIC_EMISSIONS/_DATESTR_EMISSIONS for oac_minutes; required inputs for B2.8,ESTABLISHED,"The document type emits docRiskScore, which this module declares as a required input."
DOCUMENT,oac_minutes,MODULE,Quantum Probability,DOCUMENT -> MODULE,server/app/extraction_fields.py + server/app/extraction_merge.py; p0-baseline/module_renumbering_map.csv (via server/app/simulation/registry.py),_NUMERIC_EMISSIONS/_DATESTR_EMISSIONS for oac_minutes; required inputs for B2.9,ESTABLISHED,"The document type emits docRiskScore, which this module declares as a required input."
DOCUMENT,oac_minutes,MODULE,ABM Governance Layer,DOCUMENT -> MODULE,server/app/extraction_fields.py + server/app/extraction_merge.py; p0-baseline/module_renumbering_map.csv (via server/app/simulation/registry.py),_NUMERIC_EMISSIONS/_DATESTR_EMISSIONS for oac_minutes; required inputs for B3.1,ESTABLISHED,"The document type emits docRiskScore, which this module declares as a required input."
DOCUMENT,oac_minutes,MODULE,Multi-Objective Optimization,DOCUMENT -> MODULE,server/app/extraction_fields.py + server/app/extraction_merge.py; p0-baseline/module_renumbering_map.csv (via server/app/simulation/registry.py),_NUMERIC_EMISSIONS/_DATESTR_EMISSIONS for oac_minutes; required inputs for B4.1,ESTABLISHED,"The document type emits docRiskScore, which this module declares as a required input."
DOCUMENT,oac_minutes,MODULE,Decision Sensitivity Matrix,DOCUMENT -> MODULE,server/app/extraction_fields.py + server/app/extraction_merge.py; p0-baseline/module_renumbering_map.csv (via server/app/simulation/registry.py),_NUMERIC_EMISSIONS/_DATESTR_EMISSIONS for oac_minutes; required inputs for B4.5,ESTABLISHED,"The document type emits docRiskScore, which this module declares as a required input."
DOCUMENT,oac_minutes,MODULE,Pareto Frontier Analysis,DOCUMENT -> MODULE,server/app/extraction_fields.py + server/app/extraction_merge.py; p0-baseline/module_renumbering_map.csv (via server/app/simulation/registry.py),_NUMERIC_EMISSIONS/_DATESTR_EMISSIONS for oac_minutes; required inputs for B4.6,ESTABLISHED,"The document type emits docRiskScore, which this module declares as a required input."
DOCUMENT,past_performance_report,MODULE,Contractor Performance Score,DOCUMENT -> MODULE,server/app/extraction_fields.py + server/app/extraction_merge.py; p0-baseline/module_renumbering_map.csv (via server/app/simulation/registry.py),_NUMERIC_EMISSIONS/_DATESTR_EMISSIONS for past_performance_report; required inputs for A6.4,ESTABLISHED,"The document type emits costRating, overallRating, scheduleRating, which this module declares as a required input."
DOCUMENT,pay_application,MODULE,Monte Carlo EAC Forecast,DOCUMENT -> MODULE,server/app/extraction_fields.py + server/app/extraction_merge.py; p0-baseline/module_renumbering_map.csv (via server/app/simulation/registry.py),_NUMERIC_EMISSIONS/_DATESTR_EMISSIONS for pay_application; required inputs for A1.1,ESTABLISHED,"The document type emits bac, which this module declares as a required input."
DOCUMENT,pay_application,MODULE,ICE Ratio,DOCUMENT -> MODULE,server/app/extraction_fields.py + server/app/extraction_merge.py; p0-baseline/module_renumbering_map.csv (via server/app/simulation/registry.py),_NUMERIC_EMISSIONS/_DATESTR_EMISSIONS for pay_application; required inputs for A1.11,ESTABLISHED,"The document type emits ac, bac, ev, which this module declares as a required input."
DOCUMENT,pay_application,MODULE,Bayesian EAC,DOCUMENT -> MODULE,server/app/extraction_fields.py + server/app/extraction_merge.py; p0-baseline/module_renumbering_map.csv (via server/app/simulation/registry.py),_NUMERIC_EMISSIONS/_DATESTR_EMISSIONS for pay_application; required inputs for A1.3,ESTABLISHED,"The document type emits ac, bac, ev, which this module declares as a required input."
DOCUMENT,pay_application,MODULE,Earned Schedule,DOCUMENT -> MODULE,server/app/extraction_fields.py + server/app/extraction_merge.py; p0-baseline/module_renumbering_map.csv (via server/app/simulation/registry.py),_NUMERIC_EMISSIONS/_DATESTR_EMISSIONS for pay_application; required inputs for A1.6,ESTABLISHED,"The document type emits actualPctComplete, bac, ev, which this module declares as a required input."
DOCUMENT,pay_application,MODULE,TCPI,DOCUMENT -> MODULE,server/app/extraction_fields.py + server/app/extraction_merge.py; p0-baseline/module_renumbering_map.csv (via server/app/simulation/registry.py),_NUMERIC_EMISSIONS/_DATESTR_EMISSIONS for pay_application; required inputs for A1.7,ESTABLISHED,"The document type emits ac, bac, ev, which this module declares as a required input."
DOCUMENT,pay_application,MODULE,Variance at Completion,DOCUMENT -> MODULE,server/app/extraction_fields.py + server/app/extraction_merge.py; p0-baseline/module_renumbering_map.csv (via server/app/simulation/registry.py),_NUMERIC_EMISSIONS/_DATESTR_EMISSIONS for pay_application; required inputs for A1.8,ESTABLISHED,"The document type emits bac, which this module declares as a required input."
DOCUMENT,pay_application,MODULE,Budget Execution Rate,DOCUMENT -> MODULE,server/app/extraction_fields.py + server/app/extraction_merge.py; p0-baseline/module_renumbering_map.csv (via server/app/simulation/registry.py),_NUMERIC_EMISSIONS/_DATESTR_EMISSIONS for pay_application; required inputs for A1.9,ESTABLISHED,"The document type emits ac, actualPctComplete, bac, which this module declares as a required input."
DOCUMENT,pay_application,MODULE,PERT Network Criticality,DOCUMENT -> MODULE,server/app/extraction_fields.py + server/app/extraction_merge.py; p0-baseline/module_renumbering_map.csv (via server/app/simulation/registry.py),_NUMERIC_EMISSIONS/_DATESTR_EMISSIONS for pay_application; required inputs for A2.1,ESTABLISHED,"The document type emits bac, which this module declares as a required input."
DOCUMENT,pay_application,MODULE,Schedule Risk Analysis P80,DOCUMENT -> MODULE,server/app/extraction_fields.py + server/app/extraction_merge.py; p0-baseline/module_renumbering_map.csv (via server/app/simulation/registry.py),_NUMERIC_EMISSIONS/_DATESTR_EMISSIONS for pay_application; required inputs for A2.10,ESTABLISHED,"The document type emits actualPctComplete, which this module declares as a required input."
DOCUMENT,pay_application,MODULE,Critical Path Index,DOCUMENT -> MODULE,server/app/extraction_fields.py + server/app/extraction_merge.py; p0-baseline/module_renumbering_map.csv (via server/app/simulation/registry.py),_NUMERIC_EMISSIONS/_DATESTR_EMISSIONS for pay_application; required inputs for A2.11,ESTABLISHED,"The document type emits actualPctComplete, which this module declares as a required input."
DOCUMENT,pay_application,MODULE,Line of Balance,DOCUMENT -> MODULE,server/app/extraction_fields.py + server/app/extraction_merge.py; p0-baseline/module_renumbering_map.csv (via server/app/simulation/registry.py),_NUMERIC_EMISSIONS/_DATESTR_EMISSIONS for pay_application; required inputs for A2.2,ESTABLISHED,"The document type emits actualPctComplete, which this module declares as a required input."
DOCUMENT,pay_application,MODULE,CCPM Buffer Health,DOCUMENT -> MODULE,server/app/extraction_fields.py + server/app/extraction_merge.py; p0-baseline/module_renumbering_map.csv (via server/app/simulation/registry.py),_NUMERIC_EMISSIONS/_DATESTR_EMISSIONS for pay_application; required inputs for A2.3,ESTABLISHED,"The document type emits actualPctComplete, which this module declares as a required input."
DOCUMENT,pay_application,MODULE,Schedule Compression Index,DOCUMENT -> MODULE,server/app/extraction_fields.py + server/app/extraction_merge.py; p0-baseline/module_renumbering_map.csv (via server/app/simulation/registry.py),_NUMERIC_EMISSIONS/_DATESTR_EMISSIONS for pay_application; required inputs for A2.4,ESTABLISHED,"The document type emits actualPctComplete, which this module declares as a required input."
DOCUMENT,pay_application,MODULE,S-Curve Deviation,DOCUMENT -> MODULE,server/app/extraction_fields.py + server/app/extraction_merge.py; p0-baseline/module_renumbering_map.csv (via server/app/simulation/registry.py),_NUMERIC_EMISSIONS/_DATESTR_EMISSIONS for pay_application; required inputs for A2.6,ESTABLISHED,"The document type emits actualPctComplete, ev, which this module declares as a required input."
DOCUMENT,pay_application,MODULE,Reference Class Forecasting,DOCUMENT -> MODULE,server/app/extraction_fields.py + server/app/extraction_merge.py; p0-baseline/module_renumbering_map.csv (via server/app/simulation/registry.py),_NUMERIC_EMISSIONS/_DATESTR_EMISSIONS for pay_application; required inputs for A3.1,ESTABLISHED,"The document type emits bac, which this module declares as a required input."
DOCUMENT,pay_application,MODULE,Contingency Burn Rate,DOCUMENT -> MODULE,server/app/extraction_fields.py + server/app/extraction_merge.py; p0-baseline/module_renumbering_map.csv (via server/app/simulation/registry.py),_NUMERIC_EMISSIONS/_DATESTR_EMISSIONS for pay_application; required inputs for A3.2,ESTABLISHED,"The document type emits actualPctComplete, originalContingency, remainingContingency, which this module declares as a required input."
DOCUMENT,pay_application,MODULE,Labor Productivity Index,DOCUMENT -> MODULE,server/app/extraction_fields.py + server/app/extraction_merge.py; p0-baseline/module_renumbering_map.csv (via server/app/simulation/registry.py),_NUMERIC_EMISSIONS/_DATESTR_EMISSIONS for pay_application; required inputs for A3.3,ESTABLISHED,"The document type emits actualPctComplete, which this module declares as a required input."
DOCUMENT,pay_application,MODULE,Cost Risk Analysis P80,DOCUMENT -> MODULE,server/app/extraction_fields.py + server/app/extraction_merge.py; p0-baseline/module_renumbering_map.csv (via server/app/simulation/registry.py),_NUMERIC_EMISSIONS/_DATESTR_EMISSIONS for pay_application; required inputs for A3.6,ESTABLISHED,"The document type emits ac, bac, ev, which this module declares as a required input."
DOCUMENT,pay_application,MODULE,Analogous Estimating Ratio,DOCUMENT -> MODULE,server/app/extraction_fields.py + server/app/extraction_merge.py; p0-baseline/module_renumbering_map.csv (via server/app/simulation/registry.py),_NUMERIC_EMISSIONS/_DATESTR_EMISSIONS for pay_application; required inputs for A3.7,ESTABLISHED,"The document type emits bac, which this module declares as a required input."
DOCUMENT,pay_application,MODULE,Parametric Cost Index,DOCUMENT -> MODULE,server/app/extraction_fields.py + server/app/extraction_merge.py; p0-baseline/module_renumbering_map.csv (via server/app/simulation/registry.py),_NUMERIC_EMISSIONS/_DATESTR_EMISSIONS for pay_application; required inputs for A3.8,ESTABLISHED,"The document type emits ac, actualPctComplete, bac, ev, which this module declares as a required input."
DOCUMENT,pay_application,MODULE,Sensitivity Analysis,DOCUMENT -> MODULE,server/app/extraction_fields.py + server/app/extraction_merge.py; p0-baseline/module_renumbering_map.csv (via server/app/simulation/registry.py),_NUMERIC_EMISSIONS/_DATESTR_EMISSIONS for pay_application; required inputs for A5.2,ESTABLISHED,"The document type emits ac, bac, ev, which this module declares as a required input."
DOCUMENT,pay_application,MODULE,Tornado Risk Ranking,DOCUMENT -> MODULE,server/app/extraction_fields.py + server/app/extraction_merge.py; p0-baseline/module_renumbering_map.csv (via server/app/simulation/registry.py),_NUMERIC_EMISSIONS/_DATESTR_EMISSIONS for pay_application; required inputs for A5.3,ESTABLISHED,"The document type emits actualPctComplete, which this module declares as a required input."
DOCUMENT,pay_application,MODULE,Scenario Modeling,DOCUMENT -> MODULE,server/app/extraction_fields.py + server/app/extraction_merge.py; p0-baseline/module_renumbering_map.csv (via server/app/simulation/registry.py),_NUMERIC_EMISSIONS/_DATESTR_EMISSIONS for pay_application; required inputs for A5.4,ESTABLISHED,"The document type emits ac, bac, ev, which this module declares as a required input."
DOCUMENT,pay_application,MODULE,Discrete Event Simulation,DOCUMENT -> MODULE,server/app/extraction_fields.py + server/app/extraction_merge.py; p0-baseline/module_renumbering_map.csv (via server/app/simulation/registry.py),_NUMERIC_EMISSIONS/_DATESTR_EMISSIONS for pay_application; required inputs for A5.8,ESTABLISHED,"The document type emits actualPctComplete, which this module declares as a required input."
DOCUMENT,pay_application,MODULE,FAR Threshold Monitor,DOCUMENT -> MODULE,server/app/extraction_fields.py + server/app/extraction_merge.py; p0-baseline/module_renumbering_map.csv (via server/app/simulation/registry.py),_NUMERIC_EMISSIONS/_DATESTR_EMISSIONS for pay_application; required inputs for B3.2,ESTABLISHED,"The document type emits ac, bac, ev, which this module declares as a required input."
DOCUMENT,pay_application,MODULE,OMB A-11 Check,DOCUMENT -> MODULE,server/app/extraction_fields.py + server/app/extraction_merge.py; p0-baseline/module_renumbering_map.csv (via server/app/simulation/registry.py),_NUMERIC_EMISSIONS/_DATESTR_EMISSIONS for pay_application; required inputs for B3.3,ESTABLISHED,"The document type emits actualPctComplete, bac, which this module declares as a required input."
DOCUMENT,pay_application,MODULE,EVM Reporting Threshold,DOCUMENT -> MODULE,server/app/extraction_fields.py + server/app/extraction_merge.py; p0-baseline/module_renumbering_map.csv (via server/app/simulation/registry.py),_NUMERIC_EMISSIONS/_DATESTR_EMISSIONS for pay_application; required inputs for B3.4,ESTABLISHED,"The document type emits bac, which this module declares as a required input."
DOCUMENT,pay_application,MODULE,Linear Programming,DOCUMENT -> MODULE,server/app/extraction_fields.py + server/app/extraction_merge.py; p0-baseline/module_renumbering_map.csv (via server/app/simulation/registry.py),_NUMERIC_EMISSIONS/_DATESTR_EMISSIONS for pay_application; required inputs for B4.2,ESTABLISHED,"The document type emits ac, bac, ev, which this module declares as a required input."
DOCUMENT,pay_application,MODULE,Constraint Satisfaction Analysis,DOCUMENT -> MODULE,server/app/extraction_fields.py + server/app/extraction_merge.py; p0-baseline/module_renumbering_map.csv (via server/app/simulation/registry.py),_NUMERIC_EMISSIONS/_DATESTR_EMISSIONS for pay_application; required inputs for B4.3,ESTABLISHED,"The document type emits bac, which this module declares as a required input."
DOCUMENT,pay_application,MODULE,What-If Scenario Matrix,DOCUMENT -> MODULE,server/app/extraction_fields.py + server/app/extraction_merge.py; p0-baseline/module_renumbering_map.csv (via server/app/simulation/registry.py),_NUMERIC_EMISSIONS/_DATESTR_EMISSIONS for pay_application; required inputs for B4.4,ESTABLISHED,"The document type emits ac, bac, ev, which this module declares as a required input."
DOCUMENT,pay_application,MODULE,Regret Minimization Index,DOCUMENT -> MODULE,server/app/extraction_fields.py + server/app/extraction_merge.py; p0-baseline/module_renumbering_map.csv (via server/app/simulation/registry.py),_NUMERIC_EMISSIONS/_DATESTR_EMISSIONS for pay_application; required inputs for B4.7,ESTABLISHED,"The document type emits bac, which this module declares as a required input."
DOCUMENT,pay_application,MODULE,Missing Data Index,DOCUMENT -> MODULE,server/app/extraction_fields.py + server/app/extraction_merge.py; p0-baseline/module_renumbering_map.csv (via server/app/simulation/registry.py),_NUMERIC_EMISSIONS/_DATESTR_EMISSIONS for pay_application; required inputs for C1.1,ESTABLISHED,"The document type emits bac, which this module declares as a required input."
DOCUMENT,pay_application,MODULE,Source Reliability Weighting,DOCUMENT -> MODULE,server/app/extraction_fields.py + server/app/extraction_merge.py; p0-baseline/module_renumbering_map.csv (via server/app/simulation/registry.py),_NUMERIC_EMISSIONS/_DATESTR_EMISSIONS for pay_application; required inputs for C1.3,ESTABLISHED,"The document type emits bac, which this module declares as a required input."
DOCUMENT,pay_application,MODULE,Audit Trail Completeness,DOCUMENT -> MODULE,server/app/extraction_fields.py + server/app/extraction_merge.py; p0-baseline/module_renumbering_map.csv (via server/app/simulation/registry.py),_NUMERIC_EMISSIONS/_DATESTR_EMISSIONS for pay_application; required inputs for C1.4,ESTABLISHED,"The document type emits bac, which this module declares as a required input."
DOCUMENT,pay_application,MODULE,Information Completeness Ratio,DOCUMENT -> MODULE,server/app/extraction_fields.py + server/app/extraction_merge.py; p0-baseline/module_renumbering_map.csv (via server/app/simulation/registry.py),_NUMERIC_EMISSIONS/_DATESTR_EMISSIONS for pay_application; required inputs for C1.5,ESTABLISHED,"The document type emits bac, which this module declares as a required input."
DOCUMENT,pay_application,MODULE,Cross-document Consistency Score,DOCUMENT -> MODULE,server/app/extraction_fields.py + server/app/extraction_merge.py; p0-baseline/module_renumbering_map.csv (via server/app/simulation/registry.py),_NUMERIC_EMISSIONS/_DATESTR_EMISSIONS for pay_application; required inputs for C1.6,ESTABLISHED,"The document type emits ac, ev, which this module declares as a required input."
DOCUMENT,procurement_log,MODULE,Procurement Lead Time Monitor,DOCUMENT -> MODULE,server/app/extraction_fields.py + server/app/extraction_merge.py; p0-baseline/module_renumbering_map.csv (via server/app/simulation/registry.py),_NUMERIC_EMISSIONS/_DATESTR_EMISSIONS for procurement_log; required inputs for A4.9,ESTABLISHED,"The document type emits longLeadAtRisk, longLeadDelayed, longLeadItemsTotal, which this module declares as a required input."
DOCUMENT,procurement_log,MODULE,Agent-Based Supply Chain,DOCUMENT -> MODULE,server/app/extraction_fields.py + server/app/extraction_merge.py; p0-baseline/module_renumbering_map.csv (via server/app/simulation/registry.py),_NUMERIC_EMISSIONS/_DATESTR_EMISSIONS for procurement_log; required inputs for A5.7,ESTABLISHED,"The document type emits longLeadAtRisk, longLeadItemsTotal, which this module declares as a required input."
DOCUMENT,resource_report,MODULE,Resource Loading Index,DOCUMENT -> MODULE,server/app/extraction_fields.py + server/app/extraction_merge.py; p0-baseline/module_renumbering_map.csv (via server/app/simulation/registry.py),_NUMERIC_EMISSIONS/_DATESTR_EMISSIONS for resource_report; required inputs for A2.9,ESTABLISHED,"The document type emits actualLaborHours, plannedLaborHours, which this module declares as a required input."
DOCUMENT,resource_report,MODULE,Labor Productivity Index,DOCUMENT -> MODULE,server/app/extraction_fields.py + server/app/extraction_merge.py; p0-baseline/module_renumbering_map.csv (via server/app/simulation/registry.py),_NUMERIC_EMISSIONS/_DATESTR_EMISSIONS for resource_report; required inputs for A3.3,ESTABLISHED,"The document type emits actualLaborHours, plannedLaborHours, which this module declares as a required input."
DOCUMENT,rfa_log,MODULE,Submittal Rejection Rate,DOCUMENT -> MODULE,server/app/extraction_fields.py + server/app/extraction_merge.py; p0-baseline/module_renumbering_map.csv (via server/app/simulation/registry.py),_NUMERIC_EMISSIONS/_DATESTR_EMISSIONS for rfa_log; required inputs for A4.3,ESTABLISHED,"The document type emits submittalsRejected, submittalsTotal, which this module declares as a required input."
DOCUMENT,rfi_log,MODULE,Specification Conflict Density,DOCUMENT -> MODULE,server/app/extraction_fields.py + server/app/extraction_merge.py; p0-baseline/module_renumbering_map.csv (via server/app/simulation/registry.py),_NUMERIC_EMISSIONS/_DATESTR_EMISSIONS for rfi_log; required inputs for A4.10,ESTABLISHED,"The document type emits rfiCount, which this module declares as a required input."
DOCUMENT,rfi_log,MODULE,RFI Velocity,DOCUMENT -> MODULE,server/app/extraction_fields.py + server/app/extraction_merge.py; p0-baseline/module_renumbering_map.csv (via server/app/simulation/registry.py),_NUMERIC_EMISSIONS/_DATESTR_EMISSIONS for rfi_log; required inputs for A4.2,ESTABLISHED,"The document type emits rfiCount, rfiPeriodDays, which this module declares as a required input."
DOCUMENT,rfi_log,MODULE,Dispute Escalation Index,DOCUMENT -> MODULE,server/app/extraction_fields.py + server/app/extraction_merge.py; p0-baseline/module_renumbering_map.csv (via server/app/simulation/registry.py),_NUMERIC_EMISSIONS/_DATESTR_EMISSIONS for rfi_log; required inputs for A4.7,ESTABLISHED,"The document type emits rfiCount, which this module declares as a required input."
DOCUMENT,rfi_log,MODULE,Rework Feedback Loop,DOCUMENT -> MODULE,server/app/extraction_fields.py + server/app/extraction_merge.py; p0-baseline/module_renumbering_map.csv (via server/app/simulation/registry.py),_NUMERIC_EMISSIONS/_DATESTR_EMISSIONS for rfi_log; required inputs for A5.5,ESTABLISHED,"The document type emits rfiCount, which this module declares as a required input."
DOCUMENT,risk_register,MODULE,Document Risk Score,DOCUMENT -> MODULE,server/app/extraction_fields.py + server/app/extraction_merge.py; p0-baseline/module_renumbering_map.csv (via server/app/simulation/registry.py),_NUMERIC_EMISSIONS/_DATESTR_EMISSIONS for risk_register; required inputs for A4.1,ESTABLISHED,"The document type emits docRiskScore, which this module declares as a required input."
DOCUMENT,risk_register,MODULE,Specification Conflict Density,DOCUMENT -> MODULE,server/app/extraction_fields.py + server/app/extraction_merge.py; p0-baseline/module_renumbering_map.csv (via server/app/simulation/registry.py),_NUMERIC_EMISSIONS/_DATESTR_EMISSIONS for risk_register; required inputs for A4.10,ESTABLISHED,"The document type emits docRiskScore, which this module declares as a required input."
DOCUMENT,risk_register,MODULE,Dispute Escalation Index,DOCUMENT -> MODULE,server/app/extraction_fields.py + server/app/extraction_merge.py; p0-baseline/module_renumbering_map.csv (via server/app/simulation/registry.py),_NUMERIC_EMISSIONS/_DATESTR_EMISSIONS for risk_register; required inputs for A4.7,ESTABLISHED,"The document type emits docRiskScore, which this module declares as a required input."
DOCUMENT,risk_register,MODULE,Tornado Risk Ranking,DOCUMENT -> MODULE,server/app/extraction_fields.py + server/app/extraction_merge.py; p0-baseline/module_renumbering_map.csv (via server/app/simulation/registry.py),_NUMERIC_EMISSIONS/_DATESTR_EMISSIONS for risk_register; required inputs for A5.3,ESTABLISHED,"The document type emits docRiskScore, which this module declares as a required input."
DOCUMENT,risk_register,MODULE,Conservative Dominance,DOCUMENT -> MODULE,server/app/extraction_fields.py + server/app/extraction_merge.py; p0-baseline/module_renumbering_map.csv (via server/app/simulation/registry.py),_NUMERIC_EMISSIONS/_DATESTR_EMISSIONS for risk_register; required inputs for B1.1,ESTABLISHED,"The document type emits docRiskScore, which this module declares as a required input."
DOCUMENT,risk_register,MODULE,Weighted Voting,DOCUMENT -> MODULE,server/app/extraction_fields.py + server/app/extraction_merge.py; p0-baseline/module_renumbering_map.csv (via server/app/simulation/registry.py),_NUMERIC_EMISSIONS/_DATESTR_EMISSIONS for risk_register; required inputs for B1.2,ESTABLISHED,"The document type emits docRiskScore, which this module declares as a required input."
DOCUMENT,risk_register,MODULE,Majority Rules,DOCUMENT -> MODULE,server/app/extraction_fields.py + server/app/extraction_merge.py; p0-baseline/module_renumbering_map.csv (via server/app/simulation/registry.py),_NUMERIC_EMISSIONS/_DATESTR_EMISSIONS for risk_register; required inputs for B1.3,ESTABLISHED,"The document type emits docRiskScore, which this module declares as a required input."
DOCUMENT,risk_register,MODULE,Worst-N-of-M,DOCUMENT -> MODULE,server/app/extraction_fields.py + server/app/extraction_merge.py; p0-baseline/module_renumbering_map.csv (via server/app/simulation/registry.py),_NUMERIC_EMISSIONS/_DATESTR_EMISSIONS for risk_register; required inputs for B1.4,ESTABLISHED,"The document type emits docRiskScore, which this module declares as a required input."
DOCUMENT,risk_register,MODULE,Dempster-Shafer,DOCUMENT -> MODULE,server/app/extraction_fields.py + server/app/extraction_merge.py; p0-baseline/module_renumbering_map.csv (via server/app/simulation/registry.py),_NUMERIC_EMISSIONS/_DATESTR_EMISSIONS for risk_register; required inputs for B2.1,ESTABLISHED,"The document type emits docRiskScore, which this module declares as a required input."
DOCUMENT,risk_register,MODULE,Pythagorean Fuzzy Sets,DOCUMENT -> MODULE,server/app/extraction_fields.py + server/app/extraction_merge.py; p0-baseline/module_renumbering_map.csv (via server/app/simulation/registry.py),_NUMERIC_EMISSIONS/_DATESTR_EMISSIONS for risk_register; required inputs for B2.10,ESTABLISHED,"The document type emits docRiskScore, which this module declares as a required input."
DOCUMENT,risk_register,MODULE,Picture Fuzzy Sets,DOCUMENT -> MODULE,server/app/extraction_fields.py + server/app/extraction_merge.py; p0-baseline/module_renumbering_map.csv (via server/app/simulation/registry.py),_NUMERIC_EMISSIONS/_DATESTR_EMISSIONS for risk_register; required inputs for B2.11,ESTABLISHED,"The document type emits docRiskScore, which this module declares as a required input."
DOCUMENT,risk_register,MODULE,Maximum Entropy,DOCUMENT -> MODULE,server/app/extraction_fields.py + server/app/extraction_merge.py; p0-baseline/module_renumbering_map.csv (via server/app/simulation/registry.py),_NUMERIC_EMISSIONS/_DATESTR_EMISSIONS for risk_register; required inputs for B2.14,ESTABLISHED,"The document type emits docRiskScore, which this module declares as a required input."
DOCUMENT,risk_register,MODULE,Possibility Theory,DOCUMENT -> MODULE,server/app/extraction_fields.py + server/app/extraction_merge.py; p0-baseline/module_renumbering_map.csv (via server/app/simulation/registry.py),_NUMERIC_EMISSIONS/_DATESTR_EMISSIONS for risk_register; required inputs for B2.15,ESTABLISHED,"The document type emits docRiskScore, which this module declares as a required input."
DOCUMENT,risk_register,MODULE,Spherical Fuzzy Sets,DOCUMENT -> MODULE,server/app/extraction_fields.py + server/app/extraction_merge.py; p0-baseline/module_renumbering_map.csv (via server/app/simulation/registry.py),_NUMERIC_EMISSIONS/_DATESTR_EMISSIONS for risk_register; required inputs for B2.16,ESTABLISHED,"The document type emits docRiskScore, which this module declares as a required input."
DOCUMENT,risk_register,MODULE,MARCOS Ranking,DOCUMENT -> MODULE,server/app/extraction_fields.py + server/app/extraction_merge.py; p0-baseline/module_renumbering_map.csv (via server/app/simulation/registry.py),_NUMERIC_EMISSIONS/_DATESTR_EMISSIONS for risk_register; required inputs for B2.18,ESTABLISHED,"The document type emits docRiskScore, which this module declares as a required input."
DOCUMENT,risk_register,MODULE,CRITIC-TOPSIS,DOCUMENT -> MODULE,server/app/extraction_fields.py + server/app/extraction_merge.py; p0-baseline/module_renumbering_map.csv (via server/app/simulation/registry.py),_NUMERIC_EMISSIONS/_DATESTR_EMISSIONS for risk_register; required inputs for B2.19,ESTABLISHED,"The document type emits docRiskScore, which this module declares as a required input."
DOCUMENT,risk_register,MODULE,Rough Sets,DOCUMENT -> MODULE,server/app/extraction_fields.py + server/app/extraction_merge.py; p0-baseline/module_renumbering_map.csv (via server/app/simulation/registry.py),_NUMERIC_EMISSIONS/_DATESTR_EMISSIONS for risk_register; required inputs for B2.2,ESTABLISHED,"The document type emits docRiskScore, which this module declares as a required input."
DOCUMENT,risk_register,MODULE,Hypersoft Sets,DOCUMENT -> MODULE,server/app/extraction_fields.py + server/app/extraction_merge.py; p0-baseline/module_renumbering_map.csv (via server/app/simulation/registry.py),_NUMERIC_EMISSIONS/_DATESTR_EMISSIONS for risk_register; required inputs for B2.20,ESTABLISHED,"The document type emits docRiskScore, which this module declares as a required input."
DOCUMENT,risk_register,MODULE,Neutrosophic Logic,DOCUMENT -> MODULE,server/app/extraction_fields.py + server/app/extraction_merge.py; p0-baseline/module_renumbering_map.csv (via server/app/simulation/registry.py),_NUMERIC_EMISSIONS/_DATESTR_EMISSIONS for risk_register; required inputs for B2.3,ESTABLISHED,"The document type emits docRiskScore, which this module declares as a required input."
DOCUMENT,risk_register,MODULE,Z-numbers,DOCUMENT -> MODULE,server/app/extraction_fields.py + server/app/extraction_merge.py; p0-baseline/module_renumbering_map.csv (via server/app/simulation/registry.py),_NUMERIC_EMISSIONS/_DATESTR_EMISSIONS for risk_register; required inputs for B2.5,ESTABLISHED,"The document type emits docRiskScore, which this module declares as a required input."
DOCUMENT,risk_register,MODULE,PLTS,DOCUMENT -> MODULE,server/app/extraction_fields.py + server/app/extraction_merge.py; p0-baseline/module_renumbering_map.csv (via server/app/simulation/registry.py),_NUMERIC_EMISSIONS/_DATESTR_EMISSIONS for risk_register; required inputs for B2.6,ESTABLISHED,"The document type emits docRiskScore, which this module declares as a required input."
DOCUMENT,risk_register,MODULE,Plithogenic Sets,DOCUMENT -> MODULE,server/app/extraction_fields.py + server/app/extraction_merge.py; p0-baseline/module_renumbering_map.csv (via server/app/simulation/registry.py),_NUMERIC_EMISSIONS/_DATESTR_EMISSIONS for risk_register; required inputs for B2.7,ESTABLISHED,"The document type emits docRiskScore, which this module declares as a required input."
DOCUMENT,risk_register,MODULE,Belief Rule Base,DOCUMENT -> MODULE,server/app/extraction_fields.py + server/app/extraction_merge.py; p0-baseline/module_renumbering_map.csv (via server/app/simulation/registry.py),_NUMERIC_EMISSIONS/_DATESTR_EMISSIONS for risk_register; required inputs for B2.8,ESTABLISHED,"The document type emits docRiskScore, which this module declares as a required input."
DOCUMENT,risk_register,MODULE,Quantum Probability,DOCUMENT -> MODULE,server/app/extraction_fields.py + server/app/extraction_merge.py; p0-baseline/module_renumbering_map.csv (via server/app/simulation/registry.py),_NUMERIC_EMISSIONS/_DATESTR_EMISSIONS for risk_register; required inputs for B2.9,ESTABLISHED,"The document type emits docRiskScore, which this module declares as a required input."
DOCUMENT,risk_register,MODULE,ABM Governance Layer,DOCUMENT -> MODULE,server/app/extraction_fields.py + server/app/extraction_merge.py; p0-baseline/module_renumbering_map.csv (via server/app/simulation/registry.py),_NUMERIC_EMISSIONS/_DATESTR_EMISSIONS for risk_register; required inputs for B3.1,ESTABLISHED,"The document type emits docRiskScore, which this module declares as a required input."
DOCUMENT,risk_register,MODULE,Multi-Objective Optimization,DOCUMENT -> MODULE,server/app/extraction_fields.py + server/app/extraction_merge.py; p0-baseline/module_renumbering_map.csv (via server/app/simulation/registry.py),_NUMERIC_EMISSIONS/_DATESTR_EMISSIONS for risk_register; required inputs for B4.1,ESTABLISHED,"The document type emits docRiskScore, which this module declares as a required input."
DOCUMENT,risk_register,MODULE,Decision Sensitivity Matrix,DOCUMENT -> MODULE,server/app/extraction_fields.py + server/app/extraction_merge.py; p0-baseline/module_renumbering_map.csv (via server/app/simulation/registry.py),_NUMERIC_EMISSIONS/_DATESTR_EMISSIONS for risk_register; required inputs for B4.5,ESTABLISHED,"The document type emits docRiskScore, which this module declares as a required input."
DOCUMENT,risk_register,MODULE,Pareto Frontier Analysis,DOCUMENT -> MODULE,server/app/extraction_fields.py + server/app/extraction_merge.py; p0-baseline/module_renumbering_map.csv (via server/app/simulation/registry.py),_NUMERIC_EMISSIONS/_DATESTR_EMISSIONS for risk_register; required inputs for B4.6,ESTABLISHED,"The document type emits docRiskScore, which this module declares as a required input."
DOCUMENT,schedule_of_values,MODULE,Monte Carlo EAC Forecast,DOCUMENT -> MODULE,server/app/extraction_fields.py + server/app/extraction_merge.py; p0-baseline/module_renumbering_map.csv (via server/app/simulation/registry.py),_NUMERIC_EMISSIONS/_DATESTR_EMISSIONS for schedule_of_values; required inputs for A1.1,ESTABLISHED,"The document type emits bac, which this module declares as a required input."
DOCUMENT,schedule_of_values,MODULE,ICE Ratio,DOCUMENT -> MODULE,server/app/extraction_fields.py + server/app/extraction_merge.py; p0-baseline/module_renumbering_map.csv (via server/app/simulation/registry.py),_NUMERIC_EMISSIONS/_DATESTR_EMISSIONS for schedule_of_values; required inputs for A1.11,ESTABLISHED,"The document type emits bac, ev, which this module declares as a required input."
DOCUMENT,schedule_of_values,MODULE,Bayesian EAC,DOCUMENT -> MODULE,server/app/extraction_fields.py + server/app/extraction_merge.py; p0-baseline/module_renumbering_map.csv (via server/app/simulation/registry.py),_NUMERIC_EMISSIONS/_DATESTR_EMISSIONS for schedule_of_values; required inputs for A1.3,ESTABLISHED,"The document type emits bac, ev, which this module declares as a required input."
DOCUMENT,schedule_of_values,MODULE,Earned Schedule,DOCUMENT -> MODULE,server/app/extraction_fields.py + server/app/extraction_merge.py; p0-baseline/module_renumbering_map.csv (via server/app/simulation/registry.py),_NUMERIC_EMISSIONS/_DATESTR_EMISSIONS for schedule_of_values; required inputs for A1.6,ESTABLISHED,"The document type emits bac, ev, which this module declares as a required input."
DOCUMENT,schedule_of_values,MODULE,TCPI,DOCUMENT -> MODULE,server/app/extraction_fields.py + server/app/extraction_merge.py; p0-baseline/module_renumbering_map.csv (via server/app/simulation/registry.py),_NUMERIC_EMISSIONS/_DATESTR_EMISSIONS for schedule_of_values; required inputs for A1.7,ESTABLISHED,"The document type emits bac, ev, which this module declares as a required input."
DOCUMENT,schedule_of_values,MODULE,Variance at Completion,DOCUMENT -> MODULE,server/app/extraction_fields.py + server/app/extraction_merge.py; p0-baseline/module_renumbering_map.csv (via server/app/simulation/registry.py),_NUMERIC_EMISSIONS/_DATESTR_EMISSIONS for schedule_of_values; required inputs for A1.8,ESTABLISHED,"The document type emits bac, which this module declares as a required input."
DOCUMENT,schedule_of_values,MODULE,Budget Execution Rate,DOCUMENT -> MODULE,server/app/extraction_fields.py + server/app/extraction_merge.py; p0-baseline/module_renumbering_map.csv (via server/app/simulation/registry.py),_NUMERIC_EMISSIONS/_DATESTR_EMISSIONS for schedule_of_values; required inputs for A1.9,ESTABLISHED,"The document type emits bac, which this module declares as a required input."
DOCUMENT,schedule_of_values,MODULE,PERT Network Criticality,DOCUMENT -> MODULE,server/app/extraction_fields.py + server/app/extraction_merge.py; p0-baseline/module_renumbering_map.csv (via server/app/simulation/registry.py),_NUMERIC_EMISSIONS/_DATESTR_EMISSIONS for schedule_of_values; required inputs for A2.1,ESTABLISHED,"The document type emits bac, which this module declares as a required input."
DOCUMENT,schedule_of_values,MODULE,S-Curve Deviation,DOCUMENT -> MODULE,server/app/extraction_fields.py + server/app/extraction_merge.py; p0-baseline/module_renumbering_map.csv (via server/app/simulation/registry.py),_NUMERIC_EMISSIONS/_DATESTR_EMISSIONS for schedule_of_values; required inputs for A2.6,ESTABLISHED,"The document type emits ev, which this module declares as a required input."
DOCUMENT,schedule_of_values,MODULE,Reference Class Forecasting,DOCUMENT -> MODULE,server/app/extraction_fields.py + server/app/extraction_merge.py; p0-baseline/module_renumbering_map.csv (via server/app/simulation/registry.py),_NUMERIC_EMISSIONS/_DATESTR_EMISSIONS for schedule_of_values; required inputs for A3.1,ESTABLISHED,"The document type emits bac, which this module declares as a required input."
DOCUMENT,schedule_of_values,MODULE,Cost Risk Analysis P80,DOCUMENT -> MODULE,server/app/extraction_fields.py + server/app/extraction_merge.py; p0-baseline/module_renumbering_map.csv (via server/app/simulation/registry.py),_NUMERIC_EMISSIONS/_DATESTR_EMISSIONS for schedule_of_values; required inputs for A3.6,ESTABLISHED,"The document type emits bac, ev, which this module declares as a required input."
DOCUMENT,schedule_of_values,MODULE,Analogous Estimating Ratio,DOCUMENT -> MODULE,server/app/extraction_fields.py + server/app/extraction_merge.py; p0-baseline/module_renumbering_map.csv (via server/app/simulation/registry.py),_NUMERIC_EMISSIONS/_DATESTR_EMISSIONS for schedule_of_values; required inputs for A3.7,ESTABLISHED,"The document type emits bac, which this module declares as a required input."
DOCUMENT,schedule_of_values,MODULE,Parametric Cost Index,DOCUMENT -> MODULE,server/app/extraction_fields.py + server/app/extraction_merge.py; p0-baseline/module_renumbering_map.csv (via server/app/simulation/registry.py),_NUMERIC_EMISSIONS/_DATESTR_EMISSIONS for schedule_of_values; required inputs for A3.8,ESTABLISHED,"The document type emits bac, ev, which this module declares as a required input."
DOCUMENT,schedule_of_values,MODULE,Sensitivity Analysis,DOCUMENT -> MODULE,server/app/extraction_fields.py + server/app/extraction_merge.py; p0-baseline/module_renumbering_map.csv (via server/app/simulation/registry.py),_NUMERIC_EMISSIONS/_DATESTR_EMISSIONS for schedule_of_values; required inputs for A5.2,ESTABLISHED,"The document type emits bac, ev, which this module declares as a required input."
DOCUMENT,schedule_of_values,MODULE,Scenario Modeling,DOCUMENT -> MODULE,server/app/extraction_fields.py + server/app/extraction_merge.py; p0-baseline/module_renumbering_map.csv (via server/app/simulation/registry.py),_NUMERIC_EMISSIONS/_DATESTR_EMISSIONS for schedule_of_values; required inputs for A5.4,ESTABLISHED,"The document type emits bac, ev, which this module declares as a required input."
DOCUMENT,schedule_of_values,MODULE,FAR Threshold Monitor,DOCUMENT -> MODULE,server/app/extraction_fields.py + server/app/extraction_merge.py; p0-baseline/module_renumbering_map.csv (via server/app/simulation/registry.py),_NUMERIC_EMISSIONS/_DATESTR_EMISSIONS for schedule_of_values; required inputs for B3.2,ESTABLISHED,"The document type emits bac, ev, which this module declares as a required input."
DOCUMENT,schedule_of_values,MODULE,OMB A-11 Check,DOCUMENT -> MODULE,server/app/extraction_fields.py + server/app/extraction_merge.py; p0-baseline/module_renumbering_map.csv (via server/app/simulation/registry.py),_NUMERIC_EMISSIONS/_DATESTR_EMISSIONS for schedule_of_values; required inputs for B3.3,ESTABLISHED,"The document type emits bac, which this module declares as a required input."
DOCUMENT,schedule_of_values,MODULE,EVM Reporting Threshold,DOCUMENT -> MODULE,server/app/extraction_fields.py + server/app/extraction_merge.py; p0-baseline/module_renumbering_map.csv (via server/app/simulation/registry.py),_NUMERIC_EMISSIONS/_DATESTR_EMISSIONS for schedule_of_values; required inputs for B3.4,ESTABLISHED,"The document type emits bac, which this module declares as a required input."
DOCUMENT,schedule_of_values,MODULE,Linear Programming,DOCUMENT -> MODULE,server/app/extraction_fields.py + server/app/extraction_merge.py; p0-baseline/module_renumbering_map.csv (via server/app/simulation/registry.py),_NUMERIC_EMISSIONS/_DATESTR_EMISSIONS for schedule_of_values; required inputs for B4.2,ESTABLISHED,"The document type emits bac, ev, which this module declares as a required input."
DOCUMENT,schedule_of_values,MODULE,Constraint Satisfaction Analysis,DOCUMENT -> MODULE,server/app/extraction_fields.py + server/app/extraction_merge.py; p0-baseline/module_renumbering_map.csv (via server/app/simulation/registry.py),_NUMERIC_EMISSIONS/_DATESTR_EMISSIONS for schedule_of_values; required inputs for B4.3,ESTABLISHED,"The document type emits bac, which this module declares as a required input."
DOCUMENT,schedule_of_values,MODULE,What-If Scenario Matrix,DOCUMENT -> MODULE,server/app/extraction_fields.py + server/app/extraction_merge.py; p0-baseline/module_renumbering_map.csv (via server/app/simulation/registry.py),_NUMERIC_EMISSIONS/_DATESTR_EMISSIONS for schedule_of_values; required inputs for B4.4,ESTABLISHED,"The document type emits bac, ev, which this module declares as a required input."
DOCUMENT,schedule_of_values,MODULE,Regret Minimization Index,DOCUMENT -> MODULE,server/app/extraction_fields.py + server/app/extraction_merge.py; p0-baseline/module_renumbering_map.csv (via server/app/simulation/registry.py),_NUMERIC_EMISSIONS/_DATESTR_EMISSIONS for schedule_of_values; required inputs for B4.7,ESTABLISHED,"The document type emits bac, which this module declares as a required input."
DOCUMENT,schedule_of_values,MODULE,Missing Data Index,DOCUMENT -> MODULE,server/app/extraction_fields.py + server/app/extraction_merge.py; p0-baseline/module_renumbering_map.csv (via server/app/simulation/registry.py),_NUMERIC_EMISSIONS/_DATESTR_EMISSIONS for schedule_of_values; required inputs for C1.1,ESTABLISHED,"The document type emits bac, which this module declares as a required input."
DOCUMENT,schedule_of_values,MODULE,Source Reliability Weighting,DOCUMENT -> MODULE,server/app/extraction_fields.py + server/app/extraction_merge.py; p0-baseline/module_renumbering_map.csv (via server/app/simulation/registry.py),_NUMERIC_EMISSIONS/_DATESTR_EMISSIONS for schedule_of_values; required inputs for C1.3,ESTABLISHED,"The document type emits bac, which this module declares as a required input."
DOCUMENT,schedule_of_values,MODULE,Audit Trail Completeness,DOCUMENT -> MODULE,server/app/extraction_fields.py + server/app/extraction_merge.py; p0-baseline/module_renumbering_map.csv (via server/app/simulation/registry.py),_NUMERIC_EMISSIONS/_DATESTR_EMISSIONS for schedule_of_values; required inputs for C1.4,ESTABLISHED,"The document type emits bac, which this module declares as a required input."
DOCUMENT,schedule_of_values,MODULE,Information Completeness Ratio,DOCUMENT -> MODULE,server/app/extraction_fields.py + server/app/extraction_merge.py; p0-baseline/module_renumbering_map.csv (via server/app/simulation/registry.py),_NUMERIC_EMISSIONS/_DATESTR_EMISSIONS for schedule_of_values; required inputs for C1.5,ESTABLISHED,"The document type emits bac, which this module declares as a required input."
DOCUMENT,schedule_of_values,MODULE,Cross-document Consistency Score,DOCUMENT -> MODULE,server/app/extraction_fields.py + server/app/extraction_merge.py; p0-baseline/module_renumbering_map.csv (via server/app/simulation/registry.py),_NUMERIC_EMISSIONS/_DATESTR_EMISSIONS for schedule_of_values; required inputs for C1.6,ESTABLISHED,"The document type emits ev, which this module declares as a required input."
DOCUMENT,schedule_update,MODULE,Earned Schedule,DOCUMENT -> MODULE,server/app/extraction_fields.py + server/app/extraction_merge.py; p0-baseline/module_renumbering_map.csv (via server/app/simulation/registry.py),_NUMERIC_EMISSIONS/_DATESTR_EMISSIONS for schedule_update; required inputs for A1.6,ESTABLISHED,"The document type emits plannedPctComplete, pv, which this module declares as a required input."
DOCUMENT,schedule_update,MODULE,Critical Path Index,DOCUMENT -> MODULE,server/app/extraction_fields.py + server/app/extraction_merge.py; p0-baseline/module_renumbering_map.csv (via server/app/simulation/registry.py),_NUMERIC_EMISSIONS/_DATESTR_EMISSIONS for schedule_update; required inputs for A2.11,ESTABLISHED,"The document type emits plannedPctComplete, which this module declares as a required input."
DOCUMENT,schedule_update,MODULE,Line of Balance,DOCUMENT -> MODULE,server/app/extraction_fields.py + server/app/extraction_merge.py; p0-baseline/module_renumbering_map.csv (via server/app/simulation/registry.py),_NUMERIC_EMISSIONS/_DATESTR_EMISSIONS for schedule_update; required inputs for A2.2,ESTABLISHED,"The document type emits plannedPctComplete, which this module declares as a required input."
DOCUMENT,schedule_update,MODULE,CCPM Buffer Health,DOCUMENT -> MODULE,server/app/extraction_fields.py + server/app/extraction_merge.py; p0-baseline/module_renumbering_map.csv (via server/app/simulation/registry.py),_NUMERIC_EMISSIONS/_DATESTR_EMISSIONS for schedule_update; required inputs for A2.3,ESTABLISHED,"The document type emits plannedPctComplete, which this module declares as a required input."
DOCUMENT,schedule_update,MODULE,Float Consumption Rate,DOCUMENT -> MODULE,server/app/extraction_fields.py + server/app/extraction_merge.py; p0-baseline/module_renumbering_map.csv (via server/app/simulation/registry.py),_NUMERIC_EMISSIONS/_DATESTR_EMISSIONS for schedule_update; required inputs for A2.5,ESTABLISHED,"The document type emits consumedFloat, totalFloat, which this module declares as a required input."
DOCUMENT,schedule_update,MODULE,S-Curve Deviation,DOCUMENT -> MODULE,server/app/extraction_fields.py + server/app/extraction_merge.py; p0-baseline/module_renumbering_map.csv (via server/app/simulation/registry.py),_NUMERIC_EMISSIONS/_DATESTR_EMISSIONS for schedule_update; required inputs for A2.6,ESTABLISHED,"The document type emits plannedPctComplete, pv, which this module declares as a required input."
DOCUMENT,schedule_update,MODULE,Look-Ahead Schedule Health,DOCUMENT -> MODULE,server/app/extraction_fields.py + server/app/extraction_merge.py; p0-baseline/module_renumbering_map.csv (via server/app/simulation/registry.py),_NUMERIC_EMISSIONS/_DATESTR_EMISSIONS for schedule_update; required inputs for A2.8,ESTABLISHED,"The document type emits activitiesConstrained, activitiesPlanned, which this module declares as a required input."
DOCUMENT,schedule_update,MODULE,Sensitivity Analysis,DOCUMENT -> MODULE,server/app/extraction_fields.py + server/app/extraction_merge.py; p0-baseline/module_renumbering_map.csv (via server/app/simulation/registry.py),_NUMERIC_EMISSIONS/_DATESTR_EMISSIONS for schedule_update; required inputs for A5.2,ESTABLISHED,"The document type emits pv, which this module declares as a required input."
DOCUMENT,schedule_update,MODULE,Tornado Risk Ranking,DOCUMENT -> MODULE,server/app/extraction_fields.py + server/app/extraction_merge.py; p0-baseline/module_renumbering_map.csv (via server/app/simulation/registry.py),_NUMERIC_EMISSIONS/_DATESTR_EMISSIONS for schedule_update; required inputs for A5.3,ESTABLISHED,"The document type emits plannedPctComplete, which this module declares as a required input."
DOCUMENT,schedule_update,MODULE,Queueing Theory Bottleneck,DOCUMENT -> MODULE,server/app/extraction_fields.py + server/app/extraction_merge.py; p0-baseline/module_renumbering_map.csv (via server/app/simulation/registry.py),_NUMERIC_EMISSIONS/_DATESTR_EMISSIONS for schedule_update; required inputs for A5.6,ESTABLISHED,"The document type emits activitiesConstrained, activitiesPlanned, which this module declares as a required input."
DOCUMENT,schedule_update,MODULE,Discrete Event Simulation,DOCUMENT -> MODULE,server/app/extraction_fields.py + server/app/extraction_merge.py; p0-baseline/module_renumbering_map.csv (via server/app/simulation/registry.py),_NUMERIC_EMISSIONS/_DATESTR_EMISSIONS for schedule_update; required inputs for A5.8,ESTABLISHED,"The document type emits plannedPctComplete, which this module declares as a required input."
DOCUMENT,subcontractor_report,MODULE,Subcontractor Performance,DOCUMENT -> MODULE,server/app/extraction_fields.py + server/app/extraction_merge.py; p0-baseline/module_renumbering_map.csv (via server/app/simulation/registry.py),_NUMERIC_EMISSIONS/_DATESTR_EMISSIONS for subcontractor_report; required inputs for A4.8,ESTABLISHED,"The document type emits subcontractorComplianceScore, which this module declares as a required input."
DOCUMENT,submittal_register,MODULE,Document Risk Score,DOCUMENT -> MODULE,server/app/extraction_fields.py + server/app/extraction_merge.py; p0-baseline/module_renumbering_map.csv (via server/app/simulation/registry.py),_NUMERIC_EMISSIONS/_DATESTR_EMISSIONS for submittal_register; required inputs for A4.1,ESTABLISHED,"The document type emits docRiskScore, which this module declares as a required input."
DOCUMENT,submittal_register,MODULE,Specification Conflict Density,DOCUMENT -> MODULE,server/app/extraction_fields.py + server/app/extraction_merge.py; p0-baseline/module_renumbering_map.csv (via server/app/simulation/registry.py),_NUMERIC_EMISSIONS/_DATESTR_EMISSIONS for submittal_register; required inputs for A4.10,ESTABLISHED,"The document type emits docRiskScore, which this module declares as a required input."
DOCUMENT,submittal_register,MODULE,Submittal Rejection Rate,DOCUMENT -> MODULE,server/app/extraction_fields.py + server/app/extraction_merge.py; p0-baseline/module_renumbering_map.csv (via server/app/simulation/registry.py),_NUMERIC_EMISSIONS/_DATESTR_EMISSIONS for submittal_register; required inputs for A4.3,ESTABLISHED,"The document type emits submittalsRejected, submittalsTotal, which this module declares as a required input."
DOCUMENT,submittal_register,MODULE,Dispute Escalation Index,DOCUMENT -> MODULE,server/app/extraction_fields.py + server/app/extraction_merge.py; p0-baseline/module_renumbering_map.csv (via server/app/simulation/registry.py),_NUMERIC_EMISSIONS/_DATESTR_EMISSIONS for submittal_register; required inputs for A4.7,ESTABLISHED,"The document type emits docRiskScore, which this module declares as a required input."
DOCUMENT,submittal_register,MODULE,Tornado Risk Ranking,DOCUMENT -> MODULE,server/app/extraction_fields.py + server/app/extraction_merge.py; p0-baseline/module_renumbering_map.csv (via server/app/simulation/registry.py),_NUMERIC_EMISSIONS/_DATESTR_EMISSIONS for submittal_register; required inputs for A5.3,ESTABLISHED,"The document type emits docRiskScore, which this module declares as a required input."
DOCUMENT,submittal_register,MODULE,Conservative Dominance,DOCUMENT -> MODULE,server/app/extraction_fields.py + server/app/extraction_merge.py; p0-baseline/module_renumbering_map.csv (via server/app/simulation/registry.py),_NUMERIC_EMISSIONS/_DATESTR_EMISSIONS for submittal_register; required inputs for B1.1,ESTABLISHED,"The document type emits docRiskScore, which this module declares as a required input."
DOCUMENT,submittal_register,MODULE,Weighted Voting,DOCUMENT -> MODULE,server/app/extraction_fields.py + server/app/extraction_merge.py; p0-baseline/module_renumbering_map.csv (via server/app/simulation/registry.py),_NUMERIC_EMISSIONS/_DATESTR_EMISSIONS for submittal_register; required inputs for B1.2,ESTABLISHED,"The document type emits docRiskScore, which this module declares as a required input."
DOCUMENT,submittal_register,MODULE,Majority Rules,DOCUMENT -> MODULE,server/app/extraction_fields.py + server/app/extraction_merge.py; p0-baseline/module_renumbering_map.csv (via server/app/simulation/registry.py),_NUMERIC_EMISSIONS/_DATESTR_EMISSIONS for submittal_register; required inputs for B1.3,ESTABLISHED,"The document type emits docRiskScore, which this module declares as a required input."
DOCUMENT,submittal_register,MODULE,Worst-N-of-M,DOCUMENT -> MODULE,server/app/extraction_fields.py + server/app/extraction_merge.py; p0-baseline/module_renumbering_map.csv (via server/app/simulation/registry.py),_NUMERIC_EMISSIONS/_DATESTR_EMISSIONS for submittal_register; required inputs for B1.4,ESTABLISHED,"The document type emits docRiskScore, which this module declares as a required input."
DOCUMENT,submittal_register,MODULE,Dempster-Shafer,DOCUMENT -> MODULE,server/app/extraction_fields.py + server/app/extraction_merge.py; p0-baseline/module_renumbering_map.csv (via server/app/simulation/registry.py),_NUMERIC_EMISSIONS/_DATESTR_EMISSIONS for submittal_register; required inputs for B2.1,ESTABLISHED,"The document type emits docRiskScore, which this module declares as a required input."
DOCUMENT,submittal_register,MODULE,Pythagorean Fuzzy Sets,DOCUMENT -> MODULE,server/app/extraction_fields.py + server/app/extraction_merge.py; p0-baseline/module_renumbering_map.csv (via server/app/simulation/registry.py),_NUMERIC_EMISSIONS/_DATESTR_EMISSIONS for submittal_register; required inputs for B2.10,ESTABLISHED,"The document type emits docRiskScore, which this module declares as a required input."
DOCUMENT,submittal_register,MODULE,Picture Fuzzy Sets,DOCUMENT -> MODULE,server/app/extraction_fields.py + server/app/extraction_merge.py; p0-baseline/module_renumbering_map.csv (via server/app/simulation/registry.py),_NUMERIC_EMISSIONS/_DATESTR_EMISSIONS for submittal_register; required inputs for B2.11,ESTABLISHED,"The document type emits docRiskScore, which this module declares as a required input."
DOCUMENT,submittal_register,MODULE,Maximum Entropy,DOCUMENT -> MODULE,server/app/extraction_fields.py + server/app/extraction_merge.py; p0-baseline/module_renumbering_map.csv (via server/app/simulation/registry.py),_NUMERIC_EMISSIONS/_DATESTR_EMISSIONS for submittal_register; required inputs for B2.14,ESTABLISHED,"The document type emits docRiskScore, which this module declares as a required input."
DOCUMENT,submittal_register,MODULE,Possibility Theory,DOCUMENT -> MODULE,server/app/extraction_fields.py + server/app/extraction_merge.py; p0-baseline/module_renumbering_map.csv (via server/app/simulation/registry.py),_NUMERIC_EMISSIONS/_DATESTR_EMISSIONS for submittal_register; required inputs for B2.15,ESTABLISHED,"The document type emits docRiskScore, which this module declares as a required input."
DOCUMENT,submittal_register,MODULE,Spherical Fuzzy Sets,DOCUMENT -> MODULE,server/app/extraction_fields.py + server/app/extraction_merge.py; p0-baseline/module_renumbering_map.csv (via server/app/simulation/registry.py),_NUMERIC_EMISSIONS/_DATESTR_EMISSIONS for submittal_register; required inputs for B2.16,ESTABLISHED,"The document type emits docRiskScore, which this module declares as a required input."
DOCUMENT,submittal_register,MODULE,MARCOS Ranking,DOCUMENT -> MODULE,server/app/extraction_fields.py + server/app/extraction_merge.py; p0-baseline/module_renumbering_map.csv (via server/app/simulation/registry.py),_NUMERIC_EMISSIONS/_DATESTR_EMISSIONS for submittal_register; required inputs for B2.18,ESTABLISHED,"The document type emits docRiskScore, which this module declares as a required input."
DOCUMENT,submittal_register,MODULE,CRITIC-TOPSIS,DOCUMENT -> MODULE,server/app/extraction_fields.py + server/app/extraction_merge.py; p0-baseline/module_renumbering_map.csv (via server/app/simulation/registry.py),_NUMERIC_EMISSIONS/_DATESTR_EMISSIONS for submittal_register; required inputs for B2.19,ESTABLISHED,"The document type emits docRiskScore, which this module declares as a required input."
DOCUMENT,submittal_register,MODULE,Rough Sets,DOCUMENT -> MODULE,server/app/extraction_fields.py + server/app/extraction_merge.py; p0-baseline/module_renumbering_map.csv (via server/app/simulation/registry.py),_NUMERIC_EMISSIONS/_DATESTR_EMISSIONS for submittal_register; required inputs for B2.2,ESTABLISHED,"The document type emits docRiskScore, which this module declares as a required input."
DOCUMENT,submittal_register,MODULE,Hypersoft Sets,DOCUMENT -> MODULE,server/app/extraction_fields.py + server/app/extraction_merge.py; p0-baseline/module_renumbering_map.csv (via server/app/simulation/registry.py),_NUMERIC_EMISSIONS/_DATESTR_EMISSIONS for submittal_register; required inputs for B2.20,ESTABLISHED,"The document type emits docRiskScore, which this module declares as a required input."
DOCUMENT,submittal_register,MODULE,Neutrosophic Logic,DOCUMENT -> MODULE,server/app/extraction_fields.py + server/app/extraction_merge.py; p0-baseline/module_renumbering_map.csv (via server/app/simulation/registry.py),_NUMERIC_EMISSIONS/_DATESTR_EMISSIONS for submittal_register; required inputs for B2.3,ESTABLISHED,"The document type emits docRiskScore, which this module declares as a required input."
DOCUMENT,submittal_register,MODULE,Z-numbers,DOCUMENT -> MODULE,server/app/extraction_fields.py + server/app/extraction_merge.py; p0-baseline/module_renumbering_map.csv (via server/app/simulation/registry.py),_NUMERIC_EMISSIONS/_DATESTR_EMISSIONS for submittal_register; required inputs for B2.5,ESTABLISHED,"The document type emits docRiskScore, which this module declares as a required input."
DOCUMENT,submittal_register,MODULE,PLTS,DOCUMENT -> MODULE,server/app/extraction_fields.py + server/app/extraction_merge.py; p0-baseline/module_renumbering_map.csv (via server/app/simulation/registry.py),_NUMERIC_EMISSIONS/_DATESTR_EMISSIONS for submittal_register; required inputs for B2.6,ESTABLISHED,"The document type emits docRiskScore, which this module declares as a required input."
DOCUMENT,submittal_register,MODULE,Plithogenic Sets,DOCUMENT -> MODULE,server/app/extraction_fields.py + server/app/extraction_merge.py; p0-baseline/module_renumbering_map.csv (via server/app/simulation/registry.py),_NUMERIC_EMISSIONS/_DATESTR_EMISSIONS for submittal_register; required inputs for B2.7,ESTABLISHED,"The document type emits docRiskScore, which this module declares as a required input."
DOCUMENT,submittal_register,MODULE,Belief Rule Base,DOCUMENT -> MODULE,server/app/extraction_fields.py + server/app/extraction_merge.py; p0-baseline/module_renumbering_map.csv (via server/app/simulation/registry.py),_NUMERIC_EMISSIONS/_DATESTR_EMISSIONS for submittal_register; required inputs for B2.8,ESTABLISHED,"The document type emits docRiskScore, which this module declares as a required input."
DOCUMENT,submittal_register,MODULE,Quantum Probability,DOCUMENT -> MODULE,server/app/extraction_fields.py + server/app/extraction_merge.py; p0-baseline/module_renumbering_map.csv (via server/app/simulation/registry.py),_NUMERIC_EMISSIONS/_DATESTR_EMISSIONS for submittal_register; required inputs for B2.9,ESTABLISHED,"The document type emits docRiskScore, which this module declares as a required input."
DOCUMENT,submittal_register,MODULE,ABM Governance Layer,DOCUMENT -> MODULE,server/app/extraction_fields.py + server/app/extraction_merge.py; p0-baseline/module_renumbering_map.csv (via server/app/simulation/registry.py),_NUMERIC_EMISSIONS/_DATESTR_EMISSIONS for submittal_register; required inputs for B3.1,ESTABLISHED,"The document type emits docRiskScore, which this module declares as a required input."
DOCUMENT,submittal_register,MODULE,Multi-Objective Optimization,DOCUMENT -> MODULE,server/app/extraction_fields.py + server/app/extraction_merge.py; p0-baseline/module_renumbering_map.csv (via server/app/simulation/registry.py),_NUMERIC_EMISSIONS/_DATESTR_EMISSIONS for submittal_register; required inputs for B4.1,ESTABLISHED,"The document type emits docRiskScore, which this module declares as a required input."
DOCUMENT,submittal_register,MODULE,Decision Sensitivity Matrix,DOCUMENT -> MODULE,server/app/extraction_fields.py + server/app/extraction_merge.py; p0-baseline/module_renumbering_map.csv (via server/app/simulation/registry.py),_NUMERIC_EMISSIONS/_DATESTR_EMISSIONS for submittal_register; required inputs for B4.5,ESTABLISHED,"The document type emits docRiskScore, which this module declares as a required input."
DOCUMENT,submittal_register,MODULE,Pareto Frontier Analysis,DOCUMENT -> MODULE,server/app/extraction_fields.py + server/app/extraction_merge.py; p0-baseline/module_renumbering_map.csv (via server/app/simulation/registry.py),_NUMERIC_EMISSIONS/_DATESTR_EMISSIONS for submittal_register; required inputs for B4.6,ESTABLISHED,"The document type emits docRiskScore, which this module declares as a required input."
DOCUMENT,time_phased_schedule,MODULE,Earned Schedule,DOCUMENT -> MODULE,server/app/extraction_fields.py + server/app/extraction_merge.py; p0-baseline/module_renumbering_map.csv (via server/app/simulation/registry.py),_NUMERIC_EMISSIONS/_DATESTR_EMISSIONS for time_phased_schedule; required inputs for A1.6,ESTABLISHED,"The document type emits plannedPctComplete, pv, which this module declares as a required input."
DOCUMENT,time_phased_schedule,MODULE,Critical Path Index,DOCUMENT -> MODULE,server/app/extraction_fields.py + server/app/extraction_merge.py; p0-baseline/module_renumbering_map.csv (via server/app/simulation/registry.py),_NUMERIC_EMISSIONS/_DATESTR_EMISSIONS for time_phased_schedule; required inputs for A2.11,ESTABLISHED,"The document type emits plannedPctComplete, which this module declares as a required input."
DOCUMENT,time_phased_schedule,MODULE,Line of Balance,DOCUMENT -> MODULE,server/app/extraction_fields.py + server/app/extraction_merge.py; p0-baseline/module_renumbering_map.csv (via server/app/simulation/registry.py),_NUMERIC_EMISSIONS/_DATESTR_EMISSIONS for time_phased_schedule; required inputs for A2.2,ESTABLISHED,"The document type emits plannedPctComplete, which this module declares as a required input."
DOCUMENT,time_phased_schedule,MODULE,CCPM Buffer Health,DOCUMENT -> MODULE,server/app/extraction_fields.py + server/app/extraction_merge.py; p0-baseline/module_renumbering_map.csv (via server/app/simulation/registry.py),_NUMERIC_EMISSIONS/_DATESTR_EMISSIONS for time_phased_schedule; required inputs for A2.3,ESTABLISHED,"The document type emits plannedPctComplete, which this module declares as a required input."
DOCUMENT,time_phased_schedule,MODULE,Float Consumption Rate,DOCUMENT -> MODULE,server/app/extraction_fields.py + server/app/extraction_merge.py; p0-baseline/module_renumbering_map.csv (via server/app/simulation/registry.py),_NUMERIC_EMISSIONS/_DATESTR_EMISSIONS for time_phased_schedule; required inputs for A2.5,ESTABLISHED,"The document type emits consumedFloat, totalFloat, which this module declares as a required input."
DOCUMENT,time_phased_schedule,MODULE,S-Curve Deviation,DOCUMENT -> MODULE,server/app/extraction_fields.py + server/app/extraction_merge.py; p0-baseline/module_renumbering_map.csv (via server/app/simulation/registry.py),_NUMERIC_EMISSIONS/_DATESTR_EMISSIONS for time_phased_schedule; required inputs for A2.6,ESTABLISHED,"The document type emits plannedPctComplete, pv, which this module declares as a required input."
DOCUMENT,time_phased_schedule,MODULE,Sensitivity Analysis,DOCUMENT -> MODULE,server/app/extraction_fields.py + server/app/extraction_merge.py; p0-baseline/module_renumbering_map.csv (via server/app/simulation/registry.py),_NUMERIC_EMISSIONS/_DATESTR_EMISSIONS for time_phased_schedule; required inputs for A5.2,ESTABLISHED,"The document type emits pv, which this module declares as a required input."
DOCUMENT,time_phased_schedule,MODULE,Tornado Risk Ranking,DOCUMENT -> MODULE,server/app/extraction_fields.py + server/app/extraction_merge.py; p0-baseline/module_renumbering_map.csv (via server/app/simulation/registry.py),_NUMERIC_EMISSIONS/_DATESTR_EMISSIONS for time_phased_schedule; required inputs for A5.3,ESTABLISHED,"The document type emits plannedPctComplete, which this module declares as a required input."
DOCUMENT,time_phased_schedule,MODULE,Discrete Event Simulation,DOCUMENT -> MODULE,server/app/extraction_fields.py + server/app/extraction_merge.py; p0-baseline/module_renumbering_map.csv (via server/app/simulation/registry.py),_NUMERIC_EMISSIONS/_DATESTR_EMISSIONS for time_phased_schedule; required inputs for A5.8,ESTABLISHED,"The document type emits plannedPctComplete, which this module declares as a required input."
MODULE,Monte Carlo EAC Forecast,CATEGORY,Cost and EVM Performance,MODULE -> CATEGORY,p0-baseline/module_renumbering_map.csv (via server/app/simulation/registry.py),"row A1.1, category column",ESTABLISHED,Registry category membership: the module's output is one of the inputs the category's state is formed from.
MODULE,CUSUM Anomaly Monitor,CATEGORY,Cost and EVM Performance,MODULE -> CATEGORY,p0-baseline/module_renumbering_map.csv (via server/app/simulation/registry.py),"row A1.2, category column",ESTABLISHED,Registry category membership: the module's output is one of the inputs the category's state is formed from.
MODULE,Bayesian EAC,CATEGORY,Cost and EVM Performance,MODULE -> CATEGORY,p0-baseline/module_renumbering_map.csv (via server/app/simulation/registry.py),"row A1.3, category column",ESTABLISHED,Registry category membership: the module's output is one of the inputs the category's state is formed from.
MODULE,Kalman Filter SPI Smoother,CATEGORY,Cost and EVM Performance,MODULE -> CATEGORY,p0-baseline/module_renumbering_map.csv (via server/app/simulation/registry.py),"row A1.4, category column",ESTABLISHED,Registry category membership: the module's output is one of the inputs the category's state is formed from.
MODULE,ARIMA CPI Forecast,CATEGORY,Cost and EVM Performance,MODULE -> CATEGORY,p0-baseline/module_renumbering_map.csv (via server/app/simulation/registry.py),"row A1.5, category column",ESTABLISHED,Registry category membership: the module's output is one of the inputs the category's state is formed from.
MODULE,Earned Schedule,CATEGORY,Cost and EVM Performance,MODULE -> CATEGORY,p0-baseline/module_renumbering_map.csv (via server/app/simulation/registry.py),"row A1.6, category column",ESTABLISHED,Registry category membership: the module's output is one of the inputs the category's state is formed from.
MODULE,TCPI,CATEGORY,Cost and EVM Performance,MODULE -> CATEGORY,p0-baseline/module_renumbering_map.csv (via server/app/simulation/registry.py),"row A1.7, category column",ESTABLISHED,Registry category membership: the module's output is one of the inputs the category's state is formed from.
MODULE,Variance at Completion,CATEGORY,Cost and EVM Performance,MODULE -> CATEGORY,p0-baseline/module_renumbering_map.csv (via server/app/simulation/registry.py),"row A1.8, category column",ESTABLISHED,Registry category membership: the module's output is one of the inputs the category's state is formed from.
MODULE,Budget Execution Rate,CATEGORY,Cost and EVM Performance,MODULE -> CATEGORY,p0-baseline/module_renumbering_map.csv (via server/app/simulation/registry.py),"row A1.9, category column",ESTABLISHED,Registry category membership: the module's output is one of the inputs the category's state is formed from.
MODULE,Regression to Mean CPI,CATEGORY,Cost and EVM Performance,MODULE -> CATEGORY,p0-baseline/module_renumbering_map.csv (via server/app/simulation/registry.py),"row A1.10, category column",ESTABLISHED,Registry category membership: the module's output is one of the inputs the category's state is formed from.
MODULE,ICE Ratio,CATEGORY,Cost and EVM Performance,MODULE -> CATEGORY,p0-baseline/module_renumbering_map.csv (via server/app/simulation/registry.py),"row A1.11, category column",ESTABLISHED,Registry category membership: the module's output is one of the inputs the category's state is formed from.
MODULE,PERT Network Criticality,CATEGORY,Schedule Performance,MODULE -> CATEGORY,p0-baseline/module_renumbering_map.csv (via server/app/simulation/registry.py),"row A2.1, category column",ESTABLISHED,Registry category membership: the module's output is one of the inputs the category's state is formed from.
MODULE,Line of Balance,CATEGORY,Schedule Performance,MODULE -> CATEGORY,p0-baseline/module_renumbering_map.csv (via server/app/simulation/registry.py),"row A2.2, category column",ESTABLISHED,Registry category membership: the module's output is one of the inputs the category's state is formed from.
MODULE,CCPM Buffer Health,CATEGORY,Schedule Performance,MODULE -> CATEGORY,p0-baseline/module_renumbering_map.csv (via server/app/simulation/registry.py),"row A2.3, category column",ESTABLISHED,Registry category membership: the module's output is one of the inputs the category's state is formed from.
MODULE,Schedule Compression Index,CATEGORY,Schedule Performance,MODULE -> CATEGORY,p0-baseline/module_renumbering_map.csv (via server/app/simulation/registry.py),"row A2.4, category column",ESTABLISHED,Registry category membership: the module's output is one of the inputs the category's state is formed from.
MODULE,Float Consumption Rate,CATEGORY,Schedule Performance,MODULE -> CATEGORY,p0-baseline/module_renumbering_map.csv (via server/app/simulation/registry.py),"row A2.5, category column",ESTABLISHED,Registry category membership: the module's output is one of the inputs the category's state is formed from.
MODULE,S-Curve Deviation,CATEGORY,Schedule Performance,MODULE -> CATEGORY,p0-baseline/module_renumbering_map.csv (via server/app/simulation/registry.py),"row A2.6, category column",ESTABLISHED,Registry category membership: the module's output is one of the inputs the category's state is formed from.
MODULE,Milestone Trend Analysis,CATEGORY,Schedule Performance,MODULE -> CATEGORY,p0-baseline/module_renumbering_map.csv (via server/app/simulation/registry.py),"row A2.7, category column",ESTABLISHED,Registry category membership: the module's output is one of the inputs the category's state is formed from.
MODULE,Look-Ahead Schedule Health,CATEGORY,Schedule Performance,MODULE -> CATEGORY,p0-baseline/module_renumbering_map.csv (via server/app/simulation/registry.py),"row A2.8, category column",ESTABLISHED,Registry category membership: the module's output is one of the inputs the category's state is formed from.
MODULE,Resource Loading Index,CATEGORY,Schedule Performance,MODULE -> CATEGORY,p0-baseline/module_renumbering_map.csv (via server/app/simulation/registry.py),"row A2.9, category column",ESTABLISHED,Registry category membership: the module's output is one of the inputs the category's state is formed from.
MODULE,Schedule Risk Analysis P80,CATEGORY,Schedule Performance,MODULE -> CATEGORY,p0-baseline/module_renumbering_map.csv (via server/app/simulation/registry.py),"row A2.10, category column",ESTABLISHED,Registry category membership: the module's output is one of the inputs the category's state is formed from.
MODULE,Critical Path Index,CATEGORY,Schedule Performance,MODULE -> CATEGORY,p0-baseline/module_renumbering_map.csv (via server/app/simulation/registry.py),"row A2.11, category column",ESTABLISHED,Registry category membership: the module's output is one of the inputs the category's state is formed from.
MODULE,Reference Class Forecasting,CATEGORY,Cost Risk,MODULE -> CATEGORY,p0-baseline/module_renumbering_map.csv (via server/app/simulation/registry.py),"row A3.1, category column",ESTABLISHED,Registry category membership: the module's output is one of the inputs the category's state is formed from.
MODULE,Contingency Burn Rate,CATEGORY,Cost Risk,MODULE -> CATEGORY,p0-baseline/module_renumbering_map.csv (via server/app/simulation/registry.py),"row A3.2, category column",ESTABLISHED,Registry category membership: the module's output is one of the inputs the category's state is formed from.
MODULE,Labor Productivity Index,CATEGORY,Cost Risk,MODULE -> CATEGORY,p0-baseline/module_renumbering_map.csv (via server/app/simulation/registry.py),"row A3.3, category column",ESTABLISHED,Registry category membership: the module's output is one of the inputs the category's state is formed from.
MODULE,Material Cost Variance,CATEGORY,Cost Risk,MODULE -> CATEGORY,p0-baseline/module_renumbering_map.csv (via server/app/simulation/registry.py),"row A3.4, category column",ESTABLISHED,Registry category membership: the module's output is one of the inputs the category's state is formed from.
MODULE,Overhead Absorption Rate,CATEGORY,Cost Risk,MODULE -> CATEGORY,p0-baseline/module_renumbering_map.csv (via server/app/simulation/registry.py),"row A3.5, category column",ESTABLISHED,Registry category membership: the module's output is one of the inputs the category's state is formed from.
MODULE,Cost Risk Analysis P80,CATEGORY,Cost Risk,MODULE -> CATEGORY,p0-baseline/module_renumbering_map.csv (via server/app/simulation/registry.py),"row A3.6, category column",ESTABLISHED,Registry category membership: the module's output is one of the inputs the category's state is formed from.
MODULE,Analogous Estimating Ratio,CATEGORY,Cost Risk,MODULE -> CATEGORY,p0-baseline/module_renumbering_map.csv (via server/app/simulation/registry.py),"row A3.7, category column",ESTABLISHED,Registry category membership: the module's output is one of the inputs the category's state is formed from.
MODULE,Parametric Cost Index,CATEGORY,Cost Risk,MODULE -> CATEGORY,p0-baseline/module_renumbering_map.csv (via server/app/simulation/registry.py),"row A3.8, category column",ESTABLISHED,Registry category membership: the module's output is one of the inputs the category's state is formed from.
MODULE,Inflation Adjustment Index,CATEGORY,Cost Risk,MODULE -> CATEGORY,p0-baseline/module_renumbering_map.csv (via server/app/simulation/registry.py),"row A3.9, category column",ESTABLISHED,Registry category membership: the module's output is one of the inputs the category's state is formed from.
MODULE,Document Risk Score,CATEGORY,Document-Derived Condition Signals,MODULE -> CATEGORY,p0-baseline/module_renumbering_map.csv (via server/app/simulation/registry.py),"row A4.1, category column",ESTABLISHED,Registry category membership: the module's output is one of the inputs the category's state is formed from.
MODULE,RFI Velocity,CATEGORY,Document-Derived Condition Signals,MODULE -> CATEGORY,p0-baseline/module_renumbering_map.csv (via server/app/simulation/registry.py),"row A4.2, category column",ESTABLISHED,Registry category membership: the module's output is one of the inputs the category's state is formed from.
MODULE,Submittal Rejection Rate,CATEGORY,Document-Derived Condition Signals,MODULE -> CATEGORY,p0-baseline/module_renumbering_map.csv (via server/app/simulation/registry.py),"row A4.3, category column",ESTABLISHED,Registry category membership: the module's output is one of the inputs the category's state is formed from.
MODULE,NCR Rate,CATEGORY,Document-Derived Condition Signals,MODULE -> CATEGORY,p0-baseline/module_renumbering_map.csv (via server/app/simulation/registry.py),"row A4.4, category column",ESTABLISHED,Registry category membership: the module's output is one of the inputs the category's state is formed from.
MODULE,Weather Day Impact,CATEGORY,Document-Derived Condition Signals,MODULE -> CATEGORY,p0-baseline/module_renumbering_map.csv (via server/app/simulation/registry.py),"row A4.5, category column",ESTABLISHED,Registry category membership: the module's output is one of the inputs the category's state is formed from.
MODULE,Change Order Frequency,CATEGORY,Document-Derived Condition Signals,MODULE -> CATEGORY,p0-baseline/module_renumbering_map.csv (via server/app/simulation/registry.py),"row A4.6, category column",ESTABLISHED,Registry category membership: the module's output is one of the inputs the category's state is formed from.
MODULE,Dispute Escalation Index,CATEGORY,Document-Derived Condition Signals,MODULE -> CATEGORY,p0-baseline/module_renumbering_map.csv (via server/app/simulation/registry.py),"row A4.7, category column",ESTABLISHED,Registry category membership: the module's output is one of the inputs the category's state is formed from.
MODULE,Subcontractor Performance,CATEGORY,Document-Derived Condition Signals,MODULE -> CATEGORY,p0-baseline/module_renumbering_map.csv (via server/app/simulation/registry.py),"row A4.8, category column",ESTABLISHED,Registry category membership: the module's output is one of the inputs the category's state is formed from.
MODULE,Procurement Lead Time Monitor,CATEGORY,Document-Derived Condition Signals,MODULE -> CATEGORY,p0-baseline/module_renumbering_map.csv (via server/app/simulation/registry.py),"row A4.9, category column",ESTABLISHED,Registry category membership: the module's output is one of the inputs the category's state is formed from.
MODULE,Specification Conflict Density,CATEGORY,Document-Derived Condition Signals,MODULE -> CATEGORY,p0-baseline/module_renumbering_map.csv (via server/app/simulation/registry.py),"row A4.10, category column",ESTABLISHED,Registry category membership: the module's output is one of the inputs the category's state is formed from.
MODULE,DSM Rework Propagation,CATEGORY,System Dynamics and Complexity,MODULE -> CATEGORY,p0-baseline/module_renumbering_map.csv (via server/app/simulation/registry.py),"row A5.1, category column",ESTABLISHED,Registry category membership: the module's output is one of the inputs the category's state is formed from.
MODULE,Sensitivity Analysis,CATEGORY,System Dynamics and Complexity,MODULE -> CATEGORY,p0-baseline/module_renumbering_map.csv (via server/app/simulation/registry.py),"row A5.2, category column",ESTABLISHED,Registry category membership: the module's output is one of the inputs the category's state is formed from.
MODULE,Tornado Risk Ranking,CATEGORY,System Dynamics and Complexity,MODULE -> CATEGORY,p0-baseline/module_renumbering_map.csv (via server/app/simulation/registry.py),"row A5.3, category column",ESTABLISHED,Registry category membership: the module's output is one of the inputs the category's state is formed from.
MODULE,Scenario Modeling,CATEGORY,System Dynamics and Complexity,MODULE -> CATEGORY,p0-baseline/module_renumbering_map.csv (via server/app/simulation/registry.py),"row A5.4, category column",ESTABLISHED,Registry category membership: the module's output is one of the inputs the category's state is formed from.
MODULE,Rework Feedback Loop,CATEGORY,System Dynamics and Complexity,MODULE -> CATEGORY,p0-baseline/module_renumbering_map.csv (via server/app/simulation/registry.py),"row A5.5, category column",ESTABLISHED,Registry category membership: the module's output is one of the inputs the category's state is formed from.
MODULE,Queueing Theory Bottleneck,CATEGORY,System Dynamics and Complexity,MODULE -> CATEGORY,p0-baseline/module_renumbering_map.csv (via server/app/simulation/registry.py),"row A5.6, category column",ESTABLISHED,Registry category membership: the module's output is one of the inputs the category's state is formed from.
MODULE,Agent-Based Supply Chain,CATEGORY,System Dynamics and Complexity,MODULE -> CATEGORY,p0-baseline/module_renumbering_map.csv (via server/app/simulation/registry.py),"row A5.7, category column",ESTABLISHED,Registry category membership: the module's output is one of the inputs the category's state is formed from.
MODULE,Discrete Event Simulation,CATEGORY,System Dynamics and Complexity,MODULE -> CATEGORY,p0-baseline/module_renumbering_map.csv (via server/app/simulation/registry.py),"row A5.8, category column",ESTABLISHED,Registry category membership: the module's output is one of the inputs the category's state is formed from.
MODULE,Quality Compliance Index,CATEGORY,Delivery Quality Performance,MODULE -> CATEGORY,p0-baseline/module_renumbering_map.csv (via server/app/simulation/registry.py),"row A6.1, category column",ESTABLISHED,Registry category membership: the module's output is one of the inputs the category's state is formed from.
MODULE,Safety Performance Index,CATEGORY,Delivery Quality Performance,MODULE -> CATEGORY,p0-baseline/module_renumbering_map.csv (via server/app/simulation/registry.py),"row A6.2, category column",ESTABLISHED,Registry category membership: the module's output is one of the inputs the category's state is formed from.
MODULE,Environmental Compliance Rate,CATEGORY,Delivery Quality Performance,MODULE -> CATEGORY,p0-baseline/module_renumbering_map.csv (via server/app/simulation/registry.py),"row A6.3, category column",ESTABLISHED,Registry category membership: the module's output is one of the inputs the category's state is formed from.
MODULE,Contractor Performance Score,CATEGORY,Delivery Quality Performance,MODULE -> CATEGORY,p0-baseline/module_renumbering_map.csv (via server/app/simulation/registry.py),"row A6.4, category column",ESTABLISHED,Registry category membership: the module's output is one of the inputs the category's state is formed from.
MODULE,Conservative Dominance,CATEGORY,Signal Synthesis,MODULE -> CATEGORY,p0-baseline/module_renumbering_map.csv (via server/app/simulation/registry.py),"row B1.1, category column",ESTABLISHED,Registry category membership: the module's output is one of the inputs the category's state is formed from.
MODULE,Weighted Voting,CATEGORY,Signal Synthesis,MODULE -> CATEGORY,p0-baseline/module_renumbering_map.csv (via server/app/simulation/registry.py),"row B1.2, category column",ESTABLISHED,Registry category membership: the module's output is one of the inputs the category's state is formed from.
MODULE,Majority Rules,CATEGORY,Signal Synthesis,MODULE -> CATEGORY,p0-baseline/module_renumbering_map.csv (via server/app/simulation/registry.py),"row B1.3, category column",ESTABLISHED,Registry category membership: the module's output is one of the inputs the category's state is formed from.
MODULE,Worst-N-of-M,CATEGORY,Signal Synthesis,MODULE -> CATEGORY,p0-baseline/module_renumbering_map.csv (via server/app/simulation/registry.py),"row B1.4, category column",ESTABLISHED,Registry category membership: the module's output is one of the inputs the category's state is formed from.
MODULE,Dempster-Shafer,CATEGORY,Evidence Combination,MODULE -> CATEGORY,p0-baseline/module_renumbering_map.csv (via server/app/simulation/registry.py),"row B2.1, category column",ESTABLISHED,Registry category membership: the module's output is one of the inputs the category's state is formed from.
MODULE,Rough Sets,CATEGORY,Evidence Combination,MODULE -> CATEGORY,p0-baseline/module_renumbering_map.csv (via server/app/simulation/registry.py),"row B2.2, category column",ESTABLISHED,Registry category membership: the module's output is one of the inputs the category's state is formed from.
MODULE,Neutrosophic Logic,CATEGORY,Evidence Combination,MODULE -> CATEGORY,p0-baseline/module_renumbering_map.csv (via server/app/simulation/registry.py),"row B2.3, category column",ESTABLISHED,Registry category membership: the module's output is one of the inputs the category's state is formed from.
MODULE,Interval Fuzzy Sets,CATEGORY,Evidence Combination,MODULE -> CATEGORY,p0-baseline/module_renumbering_map.csv (via server/app/simulation/registry.py),"row B2.4, category column",ESTABLISHED,Registry category membership: the module's output is one of the inputs the category's state is formed from.
MODULE,Z-numbers,CATEGORY,Evidence Combination,MODULE -> CATEGORY,p0-baseline/module_renumbering_map.csv (via server/app/simulation/registry.py),"row B2.5, category column",ESTABLISHED,Registry category membership: the module's output is one of the inputs the category's state is formed from.
MODULE,PLTS,CATEGORY,Evidence Combination,MODULE -> CATEGORY,p0-baseline/module_renumbering_map.csv (via server/app/simulation/registry.py),"row B2.6, category column",ESTABLISHED,Registry category membership: the module's output is one of the inputs the category's state is formed from.
MODULE,Plithogenic Sets,CATEGORY,Evidence Combination,MODULE -> CATEGORY,p0-baseline/module_renumbering_map.csv (via server/app/simulation/registry.py),"row B2.7, category column",ESTABLISHED,Registry category membership: the module's output is one of the inputs the category's state is formed from.
MODULE,Belief Rule Base,CATEGORY,Evidence Combination,MODULE -> CATEGORY,p0-baseline/module_renumbering_map.csv (via server/app/simulation/registry.py),"row B2.8, category column",ESTABLISHED,Registry category membership: the module's output is one of the inputs the category's state is formed from.
MODULE,Quantum Probability,CATEGORY,Evidence Combination,MODULE -> CATEGORY,p0-baseline/module_renumbering_map.csv (via server/app/simulation/registry.py),"row B2.9, category column",ESTABLISHED,Registry category membership: the module's output is one of the inputs the category's state is formed from.
MODULE,Pythagorean Fuzzy Sets,CATEGORY,Evidence Combination,MODULE -> CATEGORY,p0-baseline/module_renumbering_map.csv (via server/app/simulation/registry.py),"row B2.10, category column",ESTABLISHED,Registry category membership: the module's output is one of the inputs the category's state is formed from.
MODULE,Picture Fuzzy Sets,CATEGORY,Evidence Combination,MODULE -> CATEGORY,p0-baseline/module_renumbering_map.csv (via server/app/simulation/registry.py),"row B2.11, category column",ESTABLISHED,Registry category membership: the module's output is one of the inputs the category's state is formed from.
MODULE,Hesitant Fuzzy Sets,CATEGORY,Evidence Combination,MODULE -> CATEGORY,p0-baseline/module_renumbering_map.csv (via server/app/simulation/registry.py),"row B2.12, category column",ESTABLISHED,Registry category membership: the module's output is one of the inputs the category's state is formed from.
MODULE,Type-2 Fuzzy Sets,CATEGORY,Evidence Combination,MODULE -> CATEGORY,p0-baseline/module_renumbering_map.csv (via server/app/simulation/registry.py),"row B2.13, category column",ESTABLISHED,Registry category membership: the module's output is one of the inputs the category's state is formed from.
MODULE,Maximum Entropy,CATEGORY,Evidence Combination,MODULE -> CATEGORY,p0-baseline/module_renumbering_map.csv (via server/app/simulation/registry.py),"row B2.14, category column",ESTABLISHED,Registry category membership: the module's output is one of the inputs the category's state is formed from.
MODULE,Possibility Theory,CATEGORY,Evidence Combination,MODULE -> CATEGORY,p0-baseline/module_renumbering_map.csv (via server/app/simulation/registry.py),"row B2.15, category column",ESTABLISHED,Registry category membership: the module's output is one of the inputs the category's state is formed from.
MODULE,Spherical Fuzzy Sets,CATEGORY,Evidence Combination,MODULE -> CATEGORY,p0-baseline/module_renumbering_map.csv (via server/app/simulation/registry.py),"row B2.16, category column",ESTABLISHED,Registry category membership: the module's output is one of the inputs the category's state is formed from.
MODULE,Fermatean Fuzzy Sets,CATEGORY,Evidence Combination,MODULE -> CATEGORY,p0-baseline/module_renumbering_map.csv (via server/app/simulation/registry.py),"row B2.17, category column",ESTABLISHED,Registry category membership: the module's output is one of the inputs the category's state is formed from.
MODULE,MARCOS Ranking,CATEGORY,Evidence Combination,MODULE -> CATEGORY,p0-baseline/module_renumbering_map.csv (via server/app/simulation/registry.py),"row B2.18, category column",ESTABLISHED,Registry category membership: the module's output is one of the inputs the category's state is formed from.
MODULE,CRITIC-TOPSIS,CATEGORY,Evidence Combination,MODULE -> CATEGORY,p0-baseline/module_renumbering_map.csv (via server/app/simulation/registry.py),"row B2.19, category column",ESTABLISHED,Registry category membership: the module's output is one of the inputs the category's state is formed from.
MODULE,Hypersoft Sets,CATEGORY,Evidence Combination,MODULE -> CATEGORY,p0-baseline/module_renumbering_map.csv (via server/app/simulation/registry.py),"row B2.20, category column",ESTABLISHED,Registry category membership: the module's output is one of the inputs the category's state is formed from.
MODULE,ABM Governance Layer,CATEGORY,Regulatory and Authority Thresholds,MODULE -> CATEGORY,p0-baseline/module_renumbering_map.csv (via server/app/simulation/registry.py),"row B3.1, category column",ESTABLISHED,Registry category membership: the module's output is one of the inputs the category's state is formed from.
MODULE,FAR Threshold Monitor,CATEGORY,Regulatory and Authority Thresholds,MODULE -> CATEGORY,p0-baseline/module_renumbering_map.csv (via server/app/simulation/registry.py),"row B3.2, category column",ESTABLISHED,Registry category membership: the module's output is one of the inputs the category's state is formed from.
MODULE,OMB A-11 Check,CATEGORY,Regulatory and Authority Thresholds,MODULE -> CATEGORY,p0-baseline/module_renumbering_map.csv (via server/app/simulation/registry.py),"row B3.3, category column",ESTABLISHED,Registry category membership: the module's output is one of the inputs the category's state is formed from.
MODULE,EVM Reporting Threshold,CATEGORY,Regulatory and Authority Thresholds,MODULE -> CATEGORY,p0-baseline/module_renumbering_map.csv (via server/app/simulation/registry.py),"row B3.4, category column",ESTABLISHED,Registry category membership: the module's output is one of the inputs the category's state is formed from.
MODULE,Contract Modification Frequency,CATEGORY,Regulatory and Authority Thresholds,MODULE -> CATEGORY,p0-baseline/module_renumbering_map.csv (via server/app/simulation/registry.py),"row B3.5, category column",ESTABLISHED,Registry category membership: the module's output is one of the inputs the category's state is formed from.
MODULE,Multi-Objective Optimization,CATEGORY,Decision Optimization,MODULE -> CATEGORY,p0-baseline/module_renumbering_map.csv (via server/app/simulation/registry.py),"row B4.1, category column",ESTABLISHED,Registry category membership: the module's output is one of the inputs the category's state is formed from.
MODULE,Linear Programming,CATEGORY,Decision Optimization,MODULE -> CATEGORY,p0-baseline/module_renumbering_map.csv (via server/app/simulation/registry.py),"row B4.2, category column",ESTABLISHED,Registry category membership: the module's output is one of the inputs the category's state is formed from.
MODULE,Constraint Satisfaction Analysis,CATEGORY,Decision Optimization,MODULE -> CATEGORY,p0-baseline/module_renumbering_map.csv (via server/app/simulation/registry.py),"row B4.3, category column",ESTABLISHED,Registry category membership: the module's output is one of the inputs the category's state is formed from.
MODULE,What-If Scenario Matrix,CATEGORY,Decision Optimization,MODULE -> CATEGORY,p0-baseline/module_renumbering_map.csv (via server/app/simulation/registry.py),"row B4.4, category column",ESTABLISHED,Registry category membership: the module's output is one of the inputs the category's state is formed from.
MODULE,Decision Sensitivity Matrix,CATEGORY,Decision Optimization,MODULE -> CATEGORY,p0-baseline/module_renumbering_map.csv (via server/app/simulation/registry.py),"row B4.5, category column",ESTABLISHED,Registry category membership: the module's output is one of the inputs the category's state is formed from.
MODULE,Pareto Frontier Analysis,CATEGORY,Decision Optimization,MODULE -> CATEGORY,p0-baseline/module_renumbering_map.csv (via server/app/simulation/registry.py),"row B4.6, category column",ESTABLISHED,Registry category membership: the module's output is one of the inputs the category's state is formed from.
MODULE,Regret Minimization Index,CATEGORY,Decision Optimization,MODULE -> CATEGORY,p0-baseline/module_renumbering_map.csv (via server/app/simulation/registry.py),"row B4.7, category column",ESTABLISHED,Registry category membership: the module's output is one of the inputs the category's state is formed from.
MODULE,Missing Data Index,CATEGORY,Data Integrity,MODULE -> CATEGORY,p0-baseline/module_renumbering_map.csv (via server/app/simulation/registry.py),"row C1.1, category column",ESTABLISHED,Registry category membership: the module's output is one of the inputs the category's state is formed from.
MODULE,Data Timeliness Score,CATEGORY,Data Integrity,MODULE -> CATEGORY,p0-baseline/module_renumbering_map.csv (via server/app/simulation/registry.py),"row C1.2, category column",ESTABLISHED,Registry category membership: the module's output is one of the inputs the category's state is formed from.
MODULE,Source Reliability Weighting,CATEGORY,Data Integrity,MODULE -> CATEGORY,p0-baseline/module_renumbering_map.csv (via server/app/simulation/registry.py),"row C1.3, category column",ESTABLISHED,Registry category membership: the module's output is one of the inputs the category's state is formed from.
MODULE,Audit Trail Completeness,CATEGORY,Data Integrity,MODULE -> CATEGORY,p0-baseline/module_renumbering_map.csv (via server/app/simulation/registry.py),"row C1.4, category column",ESTABLISHED,Registry category membership: the module's output is one of the inputs the category's state is formed from.
MODULE,Information Completeness Ratio,CATEGORY,Data Integrity,MODULE -> CATEGORY,p0-baseline/module_renumbering_map.csv (via server/app/simulation/registry.py),"row C1.5, category column",ESTABLISHED,Registry category membership: the module's output is one of the inputs the category's state is formed from.
MODULE,Cross-document Consistency Score,CATEGORY,Data Integrity,MODULE -> CATEGORY,p0-baseline/module_renumbering_map.csv (via server/app/simulation/registry.py),"row C1.6, category column",ESTABLISHED,Registry category membership: the module's output is one of the inputs the category's state is formed from.
MODULE,Reporting Frequency Index,CATEGORY,Data Integrity,MODULE -> CATEGORY,p0-baseline/module_renumbering_map.csv (via server/app/simulation/registry.py),"row C1.7, category column",ESTABLISHED,Registry category membership: the module's output is one of the inputs the category's state is formed from.
CATEGORY,Data Integrity,CATEGORY,Signal Synthesis,CATEGORY -> CATEGORY,research/methodology/PCEIF_100_MODULE_SUPERVISORY_METHOD_SPECIFICATION_v1.md,section 18 (Category 9 target architecture) and section 22 item 2,ESTABLISHED,The master states raw evidence is qualified by Category 9 and that this downstream category consumes qualified governed objects. The qualification gate is the stated immediate dependency.
CATEGORY,Data Integrity,CATEGORY,Evidence Combination,CATEGORY -> CATEGORY,research/methodology/PCEIF_100_MODULE_SUPERVISORY_METHOD_SPECIFICATION_v1.md,section 18 (Category 9 target architecture) and section 22 item 2,ESTABLISHED,The master states raw evidence is qualified by Category 9 and that this downstream category consumes qualified governed objects. The qualification gate is the stated immediate dependency.
CATEGORY,Data Integrity,CATEGORY,Regulatory and Authority Thresholds,CATEGORY -> CATEGORY,research/methodology/PCEIF_100_MODULE_SUPERVISORY_METHOD_SPECIFICATION_v1.md,section 18 (Category 9 target architecture) and section 22 item 2,ESTABLISHED,The master states raw evidence is qualified by Category 9 and that this downstream category consumes qualified governed objects. The qualification gate is the stated immediate dependency.
CATEGORY,Data Integrity,CATEGORY,Decision Optimization,CATEGORY -> CATEGORY,research/methodology/PCEIF_100_MODULE_SUPERVISORY_METHOD_SPECIFICATION_v1.md,section 18 (Category 9 target architecture) and section 22 item 2,ESTABLISHED,The master states raw evidence is qualified by Category 9 and that this downstream category consumes qualified governed objects. The qualification gate is the stated immediate dependency.
CATEGORY,(not stated),CATEGORY,Signal Synthesis,CATEGORY -> CATEGORY,research/methodology/PCEIF_100_MODULE_SUPERVISORY_METHOD_SPECIFICATION_v1.md,"sections 15, 16, 17, 19",SILENT,"The master states this category consumes qualified signal states or a qualified project state, and never enumerates which categories supply them. No edge is asserted. Reported as an unresolved architecture mapping."
CATEGORY,(not stated),CATEGORY,Evidence Combination,CATEGORY -> CATEGORY,research/methodology/PCEIF_100_MODULE_SUPERVISORY_METHOD_SPECIFICATION_v1.md,"sections 15, 16, 17, 19",SILENT,"The master states this category consumes qualified signal states or a qualified project state, and never enumerates which categories supply them. No edge is asserted. Reported as an unresolved architecture mapping."
CATEGORY,(not stated),CATEGORY,Regulatory and Authority Thresholds,CATEGORY -> CATEGORY,research/methodology/PCEIF_100_MODULE_SUPERVISORY_METHOD_SPECIFICATION_v1.md,"sections 15, 16, 17, 19",SILENT,"The master states this category consumes qualified signal states or a qualified project state, and never enumerates which categories supply them. No edge is asserted. Reported as an unresolved architecture mapping."
CATEGORY,(not stated),CATEGORY,Decision Optimization,CATEGORY -> CATEGORY,research/methodology/PCEIF_100_MODULE_SUPERVISORY_METHOD_SPECIFICATION_v1.md,"sections 15, 16, 17, 19",SILENT,"The master states this category consumes qualified signal states or a qualified project state, and never enumerates which categories supply them. No edge is asserted. Reported as an unresolved architecture mapping."
CATEGORY,(not stated),CATEGORY,"(ordering among B1, B2, B3, B4)",CATEGORY -> CATEGORY,research/methodology/PCEIF_100_MODULE_SUPERVISORY_METHOD_SPECIFICATION_v1.md,"sections 15, 16, 17, 19, 22",SILENT,"The master never states that Signal Synthesis feeds Evidence Combination, nor any other ordering among the four downstream categories. The proposition in the brief that they form a chain is NOT established by the master and is not adopted."
CATEGORY,Cost and EVM Performance,PROJECT STATUS,Project status,CATEGORY -> PROJECT STATUS,GROUP_ASSIGNMENT.md,"'How to use this in user-facing text'; Group A and Group B contribute, Group C does not, Group D is portfolio level",ESTABLISHED,A project-level Group A or Group B category rolls up to project status.
CATEGORY,Schedule Performance,PROJECT STATUS,Project status,CATEGORY -> PROJECT STATUS,GROUP_ASSIGNMENT.md,"'How to use this in user-facing text'; Group A and Group B contribute, Group C does not, Group D is portfolio level",ESTABLISHED,A project-level Group A or Group B category rolls up to project status.
CATEGORY,Cost Risk,PROJECT STATUS,Project status,CATEGORY -> PROJECT STATUS,GROUP_ASSIGNMENT.md,"'How to use this in user-facing text'; Group A and Group B contribute, Group C does not, Group D is portfolio level",ESTABLISHED,A project-level Group A or Group B category rolls up to project status.
CATEGORY,Document-Derived Condition Signals,PROJECT STATUS,Project status,CATEGORY -> PROJECT STATUS,GROUP_ASSIGNMENT.md,"'How to use this in user-facing text'; Group A and Group B contribute, Group C does not, Group D is portfolio level",ESTABLISHED,A project-level Group A or Group B category rolls up to project status.
CATEGORY,System Dynamics and Complexity,PROJECT STATUS,Project status,CATEGORY -> PROJECT STATUS,GROUP_ASSIGNMENT.md,"'How to use this in user-facing text'; Group A and Group B contribute, Group C does not, Group D is portfolio level",ESTABLISHED,A project-level Group A or Group B category rolls up to project status.
CATEGORY,Delivery Quality Performance,PROJECT STATUS,Project status,CATEGORY -> PROJECT STATUS,GROUP_ASSIGNMENT.md,"'How to use this in user-facing text'; Group A and Group B contribute, Group C does not, Group D is portfolio level",ESTABLISHED,A project-level Group A or Group B category rolls up to project status.
CATEGORY,Signal Synthesis,PROJECT STATUS,Project status,CATEGORY -> PROJECT STATUS,GROUP_ASSIGNMENT.md,"'How to use this in user-facing text'; Group A and Group B contribute, Group C does not, Group D is portfolio level",ESTABLISHED,A project-level Group A or Group B category rolls up to project status.
CATEGORY,Evidence Combination,PROJECT STATUS,Project status,CATEGORY -> PROJECT STATUS,GROUP_ASSIGNMENT.md,"'How to use this in user-facing text'; Group A and Group B contribute, Group C does not, Group D is portfolio level",ESTABLISHED,A project-level Group A or Group B category rolls up to project status.
CATEGORY,Regulatory and Authority Thresholds,PROJECT STATUS,Project status,CATEGORY -> PROJECT STATUS,GROUP_ASSIGNMENT.md,"'How to use this in user-facing text'; Group A and Group B contribute, Group C does not, Group D is portfolio level",ESTABLISHED,A project-level Group A or Group B category rolls up to project status.
CATEGORY,Decision Optimization,PROJECT STATUS,Project status,CATEGORY -> PROJECT STATUS,GROUP_ASSIGNMENT.md,"'How to use this in user-facing text'; Group A and Group B contribute, Group C does not, Group D is portfolio level",ESTABLISHED,A project-level Group A or Group B category rolls up to project status.
CATEGORY,Data Integrity,PROJECT STATUS,Project status,CATEGORY -> PROJECT STATUS,GROUP_ASSIGNMENT.md,'Group C does not contribute to project status',EXCLUDED,Positively excluded by the authority. The edge must NOT be rendered.
