file,field,pandas_dtype,role,description,unit
module_asset_map.csv,module_id,float64,identifier,Synthetic programme field; see package README and module map.,as_named
module_asset_map.csv,module_name,object,attribute,Synthetic programme field; see package README and module map.,as_named
module_asset_map.csv,category_number,int64,attribute,Synthetic programme field; see package README and module map.,as_named
module_asset_map.csv,category_name,object,attribute,Synthetic programme field; see package README and module map.,as_named
module_asset_map.csv,synthetic_package,object,attribute,Synthetic programme field; see package README and module map.,as_named
module_asset_map.csv,primary_files,object,attribute,Synthetic programme field; see package README and module map.,as_named
module_asset_map.csv,proposed_owner_action,object,attribute,Synthetic programme field; see package README and module map.,as_named
module_asset_map.csv,data_origin,object,provenance,Synthetic programme field; see package README and module map.,as_named
module_asset_map.csv,programme_version,object,provenance,Synthetic programme field; see package README and module map.,as_named
module_asset_map.csv,package_version,object,provenance,Synthetic programme field; see package README and module map.,as_named
module_asset_map.csv,generator_version,object,provenance,Synthetic programme field; see package README and module map.,as_named
module_asset_map.csv,random_seed,int64,provenance,Synthetic programme field; see package README and module map.,as_named
module_asset_map.csv,not_for_empirical_validation,bool,provenance,Synthetic programme field; see package README and module map.,as_named
module_asset_map.csv,record_hash,object,integrity,Synthetic programme field; see package README and module map.,as_named
package_A_project_structures/abm_ground_truth.csv,project_id,object,identifier,Synthetic programme field; see package README and module map.,as_named
package_A_project_structures/abm_ground_truth.csv,agents,int64,attribute,Synthetic programme field; see package README and module map.,as_named
package_A_project_structures/abm_ground_truth.csv,time_steps,int64,attribute,Synthetic programme field; see package README and module map.,as_named
package_A_project_structures/abm_ground_truth.csv,service_level,float64,attribute,Synthetic programme field; see package README and module map.,as_named
package_A_project_structures/abm_ground_truth.csv,average_lead_time_steps,float64,attribute,Synthetic programme field; see package README and module map.,as_named
package_A_project_structures/abm_ground_truth.csv,disruption_events,int64,attribute,Synthetic programme field; see package README and module map.,as_named
package_A_project_structures/abm_ground_truth.csv,data_origin,object,provenance,Synthetic programme field; see package README and module map.,as_named
package_A_project_structures/abm_ground_truth.csv,programme_version,object,provenance,Synthetic programme field; see package README and module map.,as_named
package_A_project_structures/abm_ground_truth.csv,package_version,object,provenance,Synthetic programme field; see package README and module map.,as_named
package_A_project_structures/abm_ground_truth.csv,generator_version,object,provenance,Synthetic programme field; see package README and module map.,as_named
package_A_project_structures/abm_ground_truth.csv,random_seed,int64,provenance,Synthetic programme field; see package README and module map.,as_named
package_A_project_structures/abm_ground_truth.csv,not_for_empirical_validation,bool,provenance,Synthetic programme field; see package README and module map.,as_named
package_A_project_structures/abm_ground_truth.csv,record_hash,object,integrity,Synthetic programme field; see package README and module map.,as_named
package_A_project_structures/activity_weather_impacts.csv,project_id,object,identifier,Synthetic programme field; see package README and module map.,as_named
package_A_project_structures/activity_weather_impacts.csv,weather_event_id,object,identifier,Synthetic programme field; see package README and module map.,as_named
package_A_project_structures/activity_weather_impacts.csv,affected_activity_id,object,identifier,Synthetic programme field; see package README and module map.,as_named
package_A_project_structures/activity_weather_impacts.csv,critical_at_event,bool,attribute,Synthetic programme field; see package README and module map.,as_named
package_A_project_structures/activity_weather_impacts.csv,productivity_loss_fraction,float64,attribute,Synthetic programme field; see package README and module map.,0_to_1
package_A_project_structures/activity_weather_impacts.csv,ground_truth_schedule_impact_days,float64,analytical,Synthetic programme field; see package README and module map.,day
package_A_project_structures/activity_weather_impacts.csv,excusable_flag,bool,attribute,Synthetic programme field; see package README and module map.,as_named
package_A_project_structures/activity_weather_impacts.csv,data_origin,object,provenance,Synthetic programme field; see package README and module map.,as_named
package_A_project_structures/activity_weather_impacts.csv,programme_version,object,provenance,Synthetic programme field; see package README and module map.,as_named
package_A_project_structures/activity_weather_impacts.csv,package_version,object,provenance,Synthetic programme field; see package README and module map.,as_named
package_A_project_structures/activity_weather_impacts.csv,generator_version,object,provenance,Synthetic programme field; see package README and module map.,as_named
package_A_project_structures/activity_weather_impacts.csv,random_seed,int64,provenance,Synthetic programme field; see package README and module map.,as_named
package_A_project_structures/activity_weather_impacts.csv,not_for_empirical_validation,bool,provenance,Synthetic programme field; see package README and module map.,as_named
package_A_project_structures/activity_weather_impacts.csv,record_hash,object,integrity,Synthetic programme field; see package README and module map.,as_named
package_A_project_structures/agent_state_history.csv,project_id,object,identifier,Synthetic programme field; see package README and module map.,as_named
package_A_project_structures/agent_state_history.csv,time_step,int64,attribute,Synthetic programme field; see package README and module map.,as_named
package_A_project_structures/agent_state_history.csv,agent_id,object,identifier,Synthetic programme field; see package README and module map.,as_named
package_A_project_structures/agent_state_history.csv,state,object,attribute,Synthetic programme field; see package README and module map.,as_named
package_A_project_structures/agent_state_history.csv,demand_units,float64,attribute,Synthetic programme field; see package README and module map.,as_named
package_A_project_structures/agent_state_history.csv,delivered_units,float64,attribute,Synthetic programme field; see package README and module map.,as_named
package_A_project_structures/agent_state_history.csv,inventory_end_units,float64,attribute,Synthetic programme field; see package README and module map.,as_named
package_A_project_structures/agent_state_history.csv,effective_capacity_units,float64,attribute,Synthetic programme field; see package README and module map.,as_named
package_A_project_structures/agent_state_history.csv,lead_time_steps,int64,attribute,Synthetic programme field; see package README and module map.,as_named
package_A_project_structures/agent_state_history.csv,data_origin,object,provenance,Synthetic programme field; see package README and module map.,as_named
package_A_project_structures/agent_state_history.csv,programme_version,object,provenance,Synthetic programme field; see package README and module map.,as_named
package_A_project_structures/agent_state_history.csv,package_version,object,provenance,Synthetic programme field; see package README and module map.,as_named
package_A_project_structures/agent_state_history.csv,generator_version,object,provenance,Synthetic programme field; see package README and module map.,as_named
package_A_project_structures/agent_state_history.csv,random_seed,int64,provenance,Synthetic programme field; see package README and module map.,as_named
package_A_project_structures/agent_state_history.csv,not_for_empirical_validation,bool,provenance,Synthetic programme field; see package README and module map.,as_named
package_A_project_structures/agent_state_history.csv,record_hash,object,integrity,Synthetic programme field; see package README and module map.,as_named
package_A_project_structures/agents.csv,project_id,object,identifier,Synthetic programme field; see package README and module map.,as_named
package_A_project_structures/agents.csv,agent_id,object,identifier,Synthetic programme field; see package README and module map.,as_named
package_A_project_structures/agents.csv,agent_type,object,attribute,Synthetic programme field; see package README and module map.,as_named
package_A_project_structures/agents.csv,base_capacity_units,int64,attribute,Synthetic programme field; see package README and module map.,as_named
package_A_project_structures/agents.csv,base_lead_time_steps,int64,attribute,Synthetic programme field; see package README and module map.,as_named
package_A_project_structures/agents.csv,reliability,float64,attribute,Synthetic programme field; see package README and module map.,0_to_1
package_A_project_structures/agents.csv,decision_rule_id,object,identifier,Synthetic programme field; see package README and module map.,as_named
package_A_project_structures/agents.csv,network_group,object,attribute,Synthetic programme field; see package README and module map.,as_named
package_A_project_structures/agents.csv,data_origin,object,provenance,Synthetic programme field; see package README and module map.,as_named
package_A_project_structures/agents.csv,programme_version,object,provenance,Synthetic programme field; see package README and module map.,as_named
package_A_project_structures/agents.csv,package_version,object,provenance,Synthetic programme field; see package README and module map.,as_named
package_A_project_structures/agents.csv,generator_version,object,provenance,Synthetic programme field; see package README and module map.,as_named
package_A_project_structures/agents.csv,random_seed,int64,provenance,Synthetic programme field; see package README and module map.,as_named
package_A_project_structures/agents.csv,not_for_empirical_validation,bool,provenance,Synthetic programme field; see package README and module map.,as_named
package_A_project_structures/agents.csv,record_hash,object,integrity,Synthetic programme field; see package README and module map.,as_named
package_A_project_structures/ccpm_buffers.csv,project_id,object,identifier,Synthetic programme field; see package README and module map.,as_named
package_A_project_structures/ccpm_buffers.csv,period_id,object,identifier,Synthetic programme field; see package README and module map.,as_named
package_A_project_structures/ccpm_buffers.csv,buffer_id,object,identifier,Synthetic programme field; see package README and module map.,as_named
package_A_project_structures/ccpm_buffers.csv,buffer_type,object,attribute,Synthetic programme field; see package README and module map.,as_named
package_A_project_structures/ccpm_buffers.csv,chain_id,object,identifier,Synthetic programme field; see package README and module map.,as_named
package_A_project_structures/ccpm_buffers.csv,original_buffer_days,float64,analytical,Synthetic programme field; see package README and module map.,day
package_A_project_structures/ccpm_buffers.csv,remaining_buffer_days,float64,analytical,Synthetic programme field; see package README and module map.,day
package_A_project_structures/ccpm_buffers.csv,chain_progress_fraction,float64,attribute,Synthetic programme field; see package README and module map.,0_to_1
package_A_project_structures/ccpm_buffers.csv,buffer_sizing_method,object,attribute,Synthetic programme field; see package README and module map.,as_named
package_A_project_structures/ccpm_buffers.csv,data_origin,object,provenance,Synthetic programme field; see package README and module map.,as_named
package_A_project_structures/ccpm_buffers.csv,programme_version,object,provenance,Synthetic programme field; see package README and module map.,as_named
package_A_project_structures/ccpm_buffers.csv,package_version,object,provenance,Synthetic programme field; see package README and module map.,as_named
package_A_project_structures/ccpm_buffers.csv,generator_version,object,provenance,Synthetic programme field; see package README and module map.,as_named
package_A_project_structures/ccpm_buffers.csv,random_seed,int64,provenance,Synthetic programme field; see package README and module map.,as_named
package_A_project_structures/ccpm_buffers.csv,not_for_empirical_validation,bool,provenance,Synthetic programme field; see package README and module map.,as_named
package_A_project_structures/ccpm_buffers.csv,record_hash,object,integrity,Synthetic programme field; see package README and module map.,as_named
package_A_project_structures/ccpm_ground_truth.csv,project_id,object,identifier,Synthetic programme field; see package README and module map.,as_named
package_A_project_structures/ccpm_ground_truth.csv,period_id,object,identifier,Synthetic programme field; see package README and module map.,as_named
package_A_project_structures/ccpm_ground_truth.csv,project_buffer_consumed_days,float64,analytical,Synthetic programme field; see package README and module map.,day
package_A_project_structures/ccpm_ground_truth.csv,project_buffer_consumption_ratio,float64,analytical,Synthetic programme field; see package README and module map.,0_to_1
package_A_project_structures/ccpm_ground_truth.csv,buffer_to_progress_ratio,float64,analytical,Synthetic programme field; see package README and module map.,0_to_1
package_A_project_structures/ccpm_ground_truth.csv,buffer_exhausted,bool,attribute,Synthetic programme field; see package README and module map.,as_named
package_A_project_structures/ccpm_ground_truth.csv,data_origin,object,provenance,Synthetic programme field; see package README and module map.,as_named
package_A_project_structures/ccpm_ground_truth.csv,programme_version,object,provenance,Synthetic programme field; see package README and module map.,as_named
package_A_project_structures/ccpm_ground_truth.csv,package_version,object,provenance,Synthetic programme field; see package README and module map.,as_named
package_A_project_structures/ccpm_ground_truth.csv,generator_version,object,provenance,Synthetic programme field; see package README and module map.,as_named
package_A_project_structures/ccpm_ground_truth.csv,random_seed,int64,provenance,Synthetic programme field; see package README and module map.,as_named
package_A_project_structures/ccpm_ground_truth.csv,not_for_empirical_validation,bool,provenance,Synthetic programme field; see package README and module map.,as_named
package_A_project_structures/ccpm_ground_truth.csv,record_hash,object,integrity,Synthetic programme field; see package README and module map.,as_named
package_A_project_structures/claims.csv,project_id,object,identifier,Synthetic programme field; see package README and module map.,as_named
package_A_project_structures/claims.csv,claim_id,object,identifier,Synthetic programme field; see package README and module map.,as_named
package_A_project_structures/claims.csv,notice_id,object,identifier,Synthetic programme field; see package README and module map.,as_named
package_A_project_structures/claims.csv,claim_type,object,attribute,Synthetic programme field; see package README and module map.,as_named
package_A_project_structures/claims.csv,claim_value_usd,float64,analytical,Synthetic programme field; see package README and module map.,USD
package_A_project_structures/claims.csv,submitted_day,int64,attribute,Synthetic programme field; see package README and module map.,day
package_A_project_structures/claims.csv,current_stage,object,attribute,Synthetic programme field; see package README and module map.,as_named
package_A_project_structures/claims.csv,unresolved_age_days,int64,analytical,Synthetic programme field; see package README and module map.,day
package_A_project_structures/claims.csv,adjudication_status,object,attribute,Synthetic programme field; see package README and module map.,as_named
package_A_project_structures/claims.csv,data_origin,object,provenance,Synthetic programme field; see package README and module map.,as_named
package_A_project_structures/claims.csv,programme_version,object,provenance,Synthetic programme field; see package README and module map.,as_named
package_A_project_structures/claims.csv,package_version,object,provenance,Synthetic programme field; see package README and module map.,as_named
package_A_project_structures/claims.csv,generator_version,object,provenance,Synthetic programme field; see package README and module map.,as_named
package_A_project_structures/claims.csv,random_seed,int64,provenance,Synthetic programme field; see package README and module map.,as_named
package_A_project_structures/claims.csv,not_for_empirical_validation,bool,provenance,Synthetic programme field; see package README and module map.,as_named
package_A_project_structures/claims.csv,record_hash,object,integrity,Synthetic programme field; see package README and module map.,as_named
package_A_project_structures/cost_correlations.csv,project_id,object,identifier,Synthetic programme field; see package README and module map.,as_named
package_A_project_structures/cost_correlations.csv,cost_element_id_a,object,analytical,Synthetic programme field; see package README and module map.,as_named
package_A_project_structures/cost_correlations.csv,cost_element_id_b,object,analytical,Synthetic programme field; see package README and module map.,as_named
package_A_project_structures/cost_correlations.csv,correlation,float64,attribute,Synthetic programme field; see package README and module map.,as_named
package_A_project_structures/cost_correlations.csv,data_origin,object,provenance,Synthetic programme field; see package README and module map.,as_named
package_A_project_structures/cost_correlations.csv,programme_version,object,provenance,Synthetic programme field; see package README and module map.,as_named
package_A_project_structures/cost_correlations.csv,package_version,object,provenance,Synthetic programme field; see package README and module map.,as_named
package_A_project_structures/cost_correlations.csv,generator_version,object,provenance,Synthetic programme field; see package README and module map.,as_named
package_A_project_structures/cost_correlations.csv,random_seed,int64,provenance,Synthetic programme field; see package README and module map.,as_named
package_A_project_structures/cost_correlations.csv,not_for_empirical_validation,bool,provenance,Synthetic programme field; see package README and module map.,as_named
package_A_project_structures/cost_correlations.csv,record_hash,object,integrity,Synthetic programme field; see package README and module map.,as_named
package_A_project_structures/cost_elements.csv,project_id,object,identifier,Synthetic programme field; see package README and module map.,as_named
package_A_project_structures/cost_elements.csv,cost_element_id,object,identifier,Synthetic programme field; see package README and module map.,as_named
package_A_project_structures/cost_elements.csv,cost_element_name,object,analytical,Synthetic programme field; see package README and module map.,as_named
package_A_project_structures/cost_elements.csv,low_cost_usd,float64,analytical,Synthetic programme field; see package README and module map.,USD
package_A_project_structures/cost_elements.csv,most_likely_cost_usd,float64,analytical,Synthetic programme field; see package README and module map.,USD
package_A_project_structures/cost_elements.csv,high_cost_usd,float64,analytical,Synthetic programme field; see package README and module map.,USD
package_A_project_structures/cost_elements.csv,correlation_group,object,attribute,Synthetic programme field; see package README and module map.,as_named
package_A_project_structures/cost_elements.csv,data_origin,object,provenance,Synthetic programme field; see package README and module map.,as_named
package_A_project_structures/cost_elements.csv,programme_version,object,provenance,Synthetic programme field; see package README and module map.,as_named
package_A_project_structures/cost_elements.csv,package_version,object,provenance,Synthetic programme field; see package README and module map.,as_named
package_A_project_structures/cost_elements.csv,generator_version,object,provenance,Synthetic programme field; see package README and module map.,as_named
package_A_project_structures/cost_elements.csv,random_seed,int64,provenance,Synthetic programme field; see package README and module map.,as_named
package_A_project_structures/cost_elements.csv,not_for_empirical_validation,bool,provenance,Synthetic programme field; see package README and module map.,as_named
package_A_project_structures/cost_elements.csv,record_hash,object,integrity,Synthetic programme field; see package README and module map.,as_named
package_A_project_structures/cost_risk_events.csv,project_id,object,identifier,Synthetic programme field; see package README and module map.,as_named
package_A_project_structures/cost_risk_events.csv,risk_event_id,object,identifier,Synthetic programme field; see package README and module map.,0_to_1
package_A_project_structures/cost_risk_events.csv,risk_name,object,analytical,Synthetic programme field; see package README and module map.,0_to_1
package_A_project_structures/cost_risk_events.csv,probability,float64,analytical,Synthetic programme field; see package README and module map.,0_to_1
package_A_project_structures/cost_risk_events.csv,low_impact_usd,float64,attribute,Synthetic programme field; see package README and module map.,USD
package_A_project_structures/cost_risk_events.csv,most_likely_impact_usd,float64,attribute,Synthetic programme field; see package README and module map.,USD
package_A_project_structures/cost_risk_events.csv,high_impact_usd,float64,attribute,Synthetic programme field; see package README and module map.,USD
package_A_project_structures/cost_risk_events.csv,data_origin,object,provenance,Synthetic programme field; see package README and module map.,as_named
package_A_project_structures/cost_risk_events.csv,programme_version,object,provenance,Synthetic programme field; see package README and module map.,as_named
package_A_project_structures/cost_risk_events.csv,package_version,object,provenance,Synthetic programme field; see package README and module map.,as_named
package_A_project_structures/cost_risk_events.csv,generator_version,object,provenance,Synthetic programme field; see package README and module map.,as_named
package_A_project_structures/cost_risk_events.csv,random_seed,int64,provenance,Synthetic programme field; see package README and module map.,as_named
package_A_project_structures/cost_risk_events.csv,not_for_empirical_validation,bool,provenance,Synthetic programme field; see package README and module map.,as_named
package_A_project_structures/cost_risk_events.csv,record_hash,object,integrity,Synthetic programme field; see package README and module map.,as_named
package_A_project_structures/cost_risk_ground_truth.csv,project_id,object,identifier,Synthetic programme field; see package README and module map.,as_named
package_A_project_structures/cost_risk_ground_truth.csv,monte_carlo_iterations,int64,analytical,Synthetic programme field; see package README and module map.,0_to_1
package_A_project_structures/cost_risk_ground_truth.csv,p50_total_cost_usd,float64,analytical,Synthetic programme field; see package README and module map.,USD
package_A_project_structures/cost_risk_ground_truth.csv,p80_total_cost_usd,float64,analytical,Synthetic programme field; see package README and module map.,USD
package_A_project_structures/cost_risk_ground_truth.csv,mean_total_cost_usd,float64,analytical,Synthetic programme field; see package README and module map.,USD
package_A_project_structures/cost_risk_ground_truth.csv,probability_exceed_baseline_budget,float64,analytical,Synthetic programme field; see package README and module map.,0_to_1
package_A_project_structures/cost_risk_ground_truth.csv,data_origin,object,provenance,Synthetic programme field; see package README and module map.,as_named
package_A_project_structures/cost_risk_ground_truth.csv,programme_version,object,provenance,Synthetic programme field; see package README and module map.,as_named
package_A_project_structures/cost_risk_ground_truth.csv,package_version,object,provenance,Synthetic programme field; see package README and module map.,as_named
package_A_project_structures/cost_risk_ground_truth.csv,generator_version,object,provenance,Synthetic programme field; see package README and module map.,as_named
package_A_project_structures/cost_risk_ground_truth.csv,random_seed,int64,provenance,Synthetic programme field; see package README and module map.,as_named
package_A_project_structures/cost_risk_ground_truth.csv,not_for_empirical_validation,bool,provenance,Synthetic programme field; see package README and module map.,as_named
package_A_project_structures/cost_risk_ground_truth.csv,record_hash,object,integrity,Synthetic programme field; see package README and module map.,as_named
package_A_project_structures/des_entities.csv,project_id,object,identifier,Synthetic programme field; see package README and module map.,as_named
package_A_project_structures/des_entities.csv,entity_id,object,identifier,Synthetic programme field; see package README and module map.,as_named
package_A_project_structures/des_entities.csv,entity_type,object,attribute,Synthetic programme field; see package README and module map.,as_named
package_A_project_structures/des_entities.csv,priority,object,attribute,Synthetic programme field; see package README and module map.,as_named
package_A_project_structures/des_entities.csv,data_origin,object,provenance,Synthetic programme field; see package README and module map.,as_named
package_A_project_structures/des_entities.csv,programme_version,object,provenance,Synthetic programme field; see package README and module map.,as_named
package_A_project_structures/des_entities.csv,package_version,object,provenance,Synthetic programme field; see package README and module map.,as_named
package_A_project_structures/des_entities.csv,generator_version,object,provenance,Synthetic programme field; see package README and module map.,as_named
package_A_project_structures/des_entities.csv,random_seed,int64,provenance,Synthetic programme field; see package README and module map.,as_named
package_A_project_structures/des_entities.csv,not_for_empirical_validation,bool,provenance,Synthetic programme field; see package README and module map.,as_named
package_A_project_structures/des_entities.csv,record_hash,object,integrity,Synthetic programme field; see package README and module map.,as_named
package_A_project_structures/des_events.csv,project_id,object,identifier,Synthetic programme field; see package README and module map.,as_named
package_A_project_structures/des_events.csv,entity_id,object,identifier,Synthetic programme field; see package README and module map.,as_named
package_A_project_structures/des_events.csv,event_id,object,identifier,Synthetic programme field; see package README and module map.,as_named
package_A_project_structures/des_events.csv,event_type,object,attribute,Synthetic programme field; see package README and module map.,as_named
package_A_project_structures/des_events.csv,queue_id,object,identifier,Synthetic programme field; see package README and module map.,as_named
package_A_project_structures/des_events.csv,resource_id,object,identifier,Synthetic programme field; see package README and module map.,as_named
package_A_project_structures/des_events.csv,event_arrival_day,float64,attribute,Synthetic programme field; see package README and module map.,day
package_A_project_structures/des_events.csv,event_start_day,float64,attribute,Synthetic programme field; see package README and module map.,day
package_A_project_structures/des_events.csv,event_end_day,float64,attribute,Synthetic programme field; see package README and module map.,day
package_A_project_structures/des_events.csv,wait_days,float64,analytical,Synthetic programme field; see package README and module map.,day
package_A_project_structures/des_events.csv,service_duration_days,float64,analytical,Synthetic programme field; see package README and module map.,day
package_A_project_structures/des_events.csv,routing_rule,object,attribute,Synthetic programme field; see package README and module map.,as_named
package_A_project_structures/des_events.csv,data_origin,object,provenance,Synthetic programme field; see package README and module map.,as_named
package_A_project_structures/des_events.csv,programme_version,object,provenance,Synthetic programme field; see package README and module map.,as_named
package_A_project_structures/des_events.csv,package_version,object,provenance,Synthetic programme field; see package README and module map.,as_named
package_A_project_structures/des_events.csv,generator_version,object,provenance,Synthetic programme field; see package README and module map.,as_named
package_A_project_structures/des_events.csv,random_seed,int64,provenance,Synthetic programme field; see package README and module map.,as_named
package_A_project_structures/des_events.csv,not_for_empirical_validation,bool,provenance,Synthetic programme field; see package README and module map.,as_named
package_A_project_structures/des_events.csv,record_hash,object,integrity,Synthetic programme field; see package README and module map.,as_named
package_A_project_structures/des_ground_truth.csv,project_id,object,identifier,Synthetic programme field; see package README and module map.,as_named
package_A_project_structures/des_ground_truth.csv,entities,int64,attribute,Synthetic programme field; see package README and module map.,as_named
package_A_project_structures/des_ground_truth.csv,mean_cycle_time_days,float64,analytical,Synthetic programme field; see package README and module map.,day
package_A_project_structures/des_ground_truth.csv,p80_cycle_time_days,float64,analytical,Synthetic programme field; see package README and module map.,day
package_A_project_structures/des_ground_truth.csv,bottleneck_stage,object,attribute,Synthetic programme field; see package README and module map.,as_named
package_A_project_structures/des_ground_truth.csv,mean_wait_by_stage_json,object,attribute,Synthetic programme field; see package README and module map.,as_named
package_A_project_structures/des_ground_truth.csv,data_origin,object,provenance,Synthetic programme field; see package README and module map.,as_named
package_A_project_structures/des_ground_truth.csv,programme_version,object,provenance,Synthetic programme field; see package README and module map.,as_named
package_A_project_structures/des_ground_truth.csv,package_version,object,provenance,Synthetic programme field; see package README and module map.,as_named
package_A_project_structures/des_ground_truth.csv,generator_version,object,provenance,Synthetic programme field; see package README and module map.,as_named
package_A_project_structures/des_ground_truth.csv,random_seed,int64,provenance,Synthetic programme field; see package README and module map.,as_named
package_A_project_structures/des_ground_truth.csv,not_for_empirical_validation,bool,provenance,Synthetic programme field; see package README and module map.,as_named
package_A_project_structures/des_ground_truth.csv,record_hash,object,integrity,Synthetic programme field; see package README and module map.,as_named
package_A_project_structures/dispute_events.csv,project_id,object,identifier,Synthetic programme field; see package README and module map.,as_named
package_A_project_structures/dispute_events.csv,claim_id,object,identifier,Synthetic programme field; see package README and module map.,as_named
package_A_project_structures/dispute_events.csv,event_sequence,int64,attribute,Synthetic programme field; see package README and module map.,as_named
package_A_project_structures/dispute_events.csv,stage,object,attribute,Synthetic programme field; see package README and module map.,as_named
package_A_project_structures/dispute_events.csv,event_day,int64,attribute,Synthetic programme field; see package README and module map.,day
package_A_project_structures/dispute_events.csv,event_type,object,attribute,Synthetic programme field; see package README and module map.,as_named
package_A_project_structures/dispute_events.csv,data_origin,object,provenance,Synthetic programme field; see package README and module map.,as_named
package_A_project_structures/dispute_events.csv,programme_version,object,provenance,Synthetic programme field; see package README and module map.,as_named
package_A_project_structures/dispute_events.csv,package_version,object,provenance,Synthetic programme field; see package README and module map.,as_named
package_A_project_structures/dispute_events.csv,generator_version,object,provenance,Synthetic programme field; see package README and module map.,as_named
package_A_project_structures/dispute_events.csv,random_seed,int64,provenance,Synthetic programme field; see package README and module map.,as_named
package_A_project_structures/dispute_events.csv,not_for_empirical_validation,bool,provenance,Synthetic programme field; see package README and module map.,as_named
package_A_project_structures/dispute_events.csv,record_hash,object,integrity,Synthetic programme field; see package README and module map.,as_named
package_A_project_structures/dispute_ground_truth.csv,project_id,object,identifier,Synthetic programme field; see package README and module map.,as_named
package_A_project_structures/dispute_ground_truth.csv,claim_id,object,identifier,Synthetic programme field; see package README and module map.,as_named
package_A_project_structures/dispute_ground_truth.csv,ground_truth_stage_index,int64,analytical,Synthetic programme field; see package README and module map.,as_named
package_A_project_structures/dispute_ground_truth.csv,ground_truth_escalation_severity,float64,analytical,Synthetic programme field; see package README and module map.,as_named
package_A_project_structures/dispute_ground_truth.csv,direct_dispute_evidence_present,bool,attribute,Synthetic programme field; see package README and module map.,as_named
package_A_project_structures/dispute_ground_truth.csv,data_origin,object,provenance,Synthetic programme field; see package README and module map.,as_named
package_A_project_structures/dispute_ground_truth.csv,programme_version,object,provenance,Synthetic programme field; see package README and module map.,as_named
package_A_project_structures/dispute_ground_truth.csv,package_version,object,provenance,Synthetic programme field; see package README and module map.,as_named
package_A_project_structures/dispute_ground_truth.csv,generator_version,object,provenance,Synthetic programme field; see package README and module map.,as_named
package_A_project_structures/dispute_ground_truth.csv,random_seed,int64,provenance,Synthetic programme field; see package README and module map.,as_named
package_A_project_structures/dispute_ground_truth.csv,not_for_empirical_validation,bool,provenance,Synthetic programme field; see package README and module map.,as_named
package_A_project_structures/dispute_ground_truth.csv,record_hash,object,integrity,Synthetic programme field; see package README and module map.,as_named
package_A_project_structures/dsm_edges.csv,project_id,object,identifier,Synthetic programme field; see package README and module map.,as_named
package_A_project_structures/dsm_edges.csv,source_node_id,object,identifier,Synthetic programme field; see package README and module map.,as_named
package_A_project_structures/dsm_edges.csv,target_node_id,object,identifier,Synthetic programme field; see package README and module map.,as_named
package_A_project_structures/dsm_edges.csv,dependency_type,object,attribute,Synthetic programme field; see package README and module map.,as_named
package_A_project_structures/dsm_edges.csv,dependency_strength,float64,attribute,Synthetic programme field; see package README and module map.,as_named
package_A_project_structures/dsm_edges.csv,propagation_delay_periods,int64,attribute,Synthetic programme field; see package README and module map.,as_named
package_A_project_structures/dsm_edges.csv,data_origin,object,provenance,Synthetic programme field; see package README and module map.,as_named
package_A_project_structures/dsm_edges.csv,programme_version,object,provenance,Synthetic programme field; see package README and module map.,as_named
package_A_project_structures/dsm_edges.csv,package_version,object,provenance,Synthetic programme field; see package README and module map.,as_named
package_A_project_structures/dsm_edges.csv,generator_version,object,provenance,Synthetic programme field; see package README and module map.,as_named
package_A_project_structures/dsm_edges.csv,random_seed,int64,provenance,Synthetic programme field; see package README and module map.,as_named
package_A_project_structures/dsm_edges.csv,not_for_empirical_validation,bool,provenance,Synthetic programme field; see package README and module map.,as_named
package_A_project_structures/dsm_edges.csv,record_hash,object,integrity,Synthetic programme field; see package README and module map.,as_named
package_A_project_structures/dsm_ground_truth.csv,project_id,object,identifier,Synthetic programme field; see package README and module map.,as_named
package_A_project_structures/dsm_ground_truth.csv,period_id,object,identifier,Synthetic programme field; see package README and module map.,as_named
package_A_project_structures/dsm_ground_truth.csv,seed_node_id,object,identifier,Synthetic programme field; see package README and module map.,as_named
package_A_project_structures/dsm_ground_truth.csv,propagation_steps,int64,attribute,Synthetic programme field; see package README and module map.,as_named
package_A_project_structures/dsm_ground_truth.csv,total_propagated_rework,float64,attribute,Synthetic programme field; see package README and module map.,as_named
package_A_project_structures/dsm_ground_truth.csv,impacted_node_count,int64,attribute,Synthetic programme field; see package README and module map.,as_named
package_A_project_structures/dsm_ground_truth.csv,cumulative_impact_vector,object,attribute,Synthetic programme field; see package README and module map.,as_named
package_A_project_structures/dsm_ground_truth.csv,data_origin,object,provenance,Synthetic programme field; see package README and module map.,as_named
package_A_project_structures/dsm_ground_truth.csv,programme_version,object,provenance,Synthetic programme field; see package README and module map.,as_named
package_A_project_structures/dsm_ground_truth.csv,package_version,object,provenance,Synthetic programme field; see package README and module map.,as_named
package_A_project_structures/dsm_ground_truth.csv,generator_version,object,provenance,Synthetic programme field; see package README and module map.,as_named
package_A_project_structures/dsm_ground_truth.csv,random_seed,int64,provenance,Synthetic programme field; see package README and module map.,as_named
package_A_project_structures/dsm_ground_truth.csv,not_for_empirical_validation,bool,provenance,Synthetic programme field; see package README and module map.,as_named
package_A_project_structures/dsm_ground_truth.csv,record_hash,object,integrity,Synthetic programme field; see package README and module map.,as_named
package_A_project_structures/dsm_nodes.csv,project_id,object,identifier,Synthetic programme field; see package README and module map.,as_named
package_A_project_structures/dsm_nodes.csv,node_id,object,identifier,Synthetic programme field; see package README and module map.,as_named
package_A_project_structures/dsm_nodes.csv,node_name,object,attribute,Synthetic programme field; see package README and module map.,as_named
package_A_project_structures/dsm_nodes.csv,node_type,object,attribute,Synthetic programme field; see package README and module map.,as_named
package_A_project_structures/dsm_nodes.csv,data_origin,object,provenance,Synthetic programme field; see package README and module map.,as_named
package_A_project_structures/dsm_nodes.csv,programme_version,object,provenance,Synthetic programme field; see package README and module map.,as_named
package_A_project_structures/dsm_nodes.csv,package_version,object,provenance,Synthetic programme field; see package README and module map.,as_named
package_A_project_structures/dsm_nodes.csv,generator_version,object,provenance,Synthetic programme field; see package README and module map.,as_named
package_A_project_structures/dsm_nodes.csv,random_seed,int64,provenance,Synthetic programme field; see package README and module map.,as_named
package_A_project_structures/dsm_nodes.csv,not_for_empirical_validation,bool,provenance,Synthetic programme field; see package README and module map.,as_named
package_A_project_structures/dsm_nodes.csv,record_hash,object,integrity,Synthetic programme field; see package README and module map.,as_named
package_A_project_structures/lob_ground_truth.csv,project_id,object,identifier,Synthetic programme field; see package README and module map.,as_named
package_A_project_structures/lob_ground_truth.csv,period_id,object,identifier,Synthetic programme field; see package README and module map.,as_named
package_A_project_structures/lob_ground_truth.csv,leading_work_type,object,attribute,Synthetic programme field; see package README and module map.,as_named
package_A_project_structures/lob_ground_truth.csv,following_work_type,object,attribute,Synthetic programme field; see package README and module map.,as_named
package_A_project_structures/lob_ground_truth.csv,leading_rate,float64,attribute,Synthetic programme field; see package README and module map.,as_named
package_A_project_structures/lob_ground_truth.csv,following_rate,float64,attribute,Synthetic programme field; see package README and module map.,as_named
package_A_project_structures/lob_ground_truth.csv,catch_up_location,float64,attribute,Synthetic programme field; see package README and module map.,as_named
package_A_project_structures/lob_ground_truth.csv,interference_within_project,bool,attribute,Synthetic programme field; see package README and module map.,as_named
package_A_project_structures/lob_ground_truth.csv,data_origin,object,provenance,Synthetic programme field; see package README and module map.,as_named
package_A_project_structures/lob_ground_truth.csv,programme_version,object,provenance,Synthetic programme field; see package README and module map.,as_named
package_A_project_structures/lob_ground_truth.csv,package_version,object,provenance,Synthetic programme field; see package README and module map.,as_named
package_A_project_structures/lob_ground_truth.csv,generator_version,object,provenance,Synthetic programme field; see package README and module map.,as_named
package_A_project_structures/lob_ground_truth.csv,random_seed,int64,provenance,Synthetic programme field; see package README and module map.,as_named
package_A_project_structures/lob_ground_truth.csv,not_for_empirical_validation,bool,provenance,Synthetic programme field; see package README and module map.,as_named
package_A_project_structures/lob_ground_truth.csv,record_hash,object,integrity,Synthetic programme field; see package README and module map.,as_named
package_A_project_structures/lob_work_packages.csv,project_id,object,identifier,Synthetic programme field; see package README and module map.,as_named
package_A_project_structures/lob_work_packages.csv,period_id,object,identifier,Synthetic programme field; see package README and module map.,as_named
package_A_project_structures/lob_work_packages.csv,location_id,object,identifier,Synthetic programme field; see package README and module map.,as_named
package_A_project_structures/lob_work_packages.csv,location_sequence,int64,attribute,Synthetic programme field; see package README and module map.,as_named
package_A_project_structures/lob_work_packages.csv,work_type_id,object,identifier,Synthetic programme field; see package README and module map.,as_named
package_A_project_structures/lob_work_packages.csv,crew_id,object,identifier,Synthetic programme field; see package README and module map.,as_named
package_A_project_structures/lob_work_packages.csv,quantity,int64,attribute,Synthetic programme field; see package README and module map.,as_named
package_A_project_structures/lob_work_packages.csv,unit,object,attribute,Synthetic programme field; see package README and module map.,as_named
package_A_project_structures/lob_work_packages.csv,planned_production_rate_locations_per_day,float64,attribute,Synthetic programme field; see package README and module map.,day
package_A_project_structures/lob_work_packages.csv,actual_production_rate_locations_per_day,float64,attribute,Synthetic programme field; see package README and module map.,day
package_A_project_structures/lob_work_packages.csv,planned_start_day,float64,attribute,Synthetic programme field; see package README and module map.,day
package_A_project_structures/lob_work_packages.csv,actual_start_day,float64,attribute,Synthetic programme field; see package README and module map.,day
package_A_project_structures/lob_work_packages.csv,minimum_separation_days,int64,analytical,Synthetic programme field; see package README and module map.,day
package_A_project_structures/lob_work_packages.csv,data_origin,object,provenance,Synthetic programme field; see package README and module map.,as_named
package_A_project_structures/lob_work_packages.csv,programme_version,object,provenance,Synthetic programme field; see package README and module map.,as_named
package_A_project_structures/lob_work_packages.csv,package_version,object,provenance,Synthetic programme field; see package README and module map.,as_named
package_A_project_structures/lob_work_packages.csv,generator_version,object,provenance,Synthetic programme field; see package README and module map.,as_named
package_A_project_structures/lob_work_packages.csv,random_seed,int64,provenance,Synthetic programme field; see package README and module map.,as_named
package_A_project_structures/lob_work_packages.csv,not_for_empirical_validation,bool,provenance,Synthetic programme field; see package README and module map.,as_named
package_A_project_structures/lob_work_packages.csv,record_hash,object,integrity,Synthetic programme field; see package README and module map.,as_named
package_A_project_structures/projects.csv,project_id,object,identifier,Synthetic programme field; see package README and module map.,as_named
package_A_project_structures/projects.csv,project_name,object,attribute,Synthetic programme field; see package README and module map.,as_named
package_A_project_structures/projects.csv,archetype,object,attribute,Synthetic programme field; see package README and module map.,as_named
package_A_project_structures/projects.csv,start_date,object,attribute,Synthetic programme field; see package README and module map.,as_named
package_A_project_structures/projects.csv,baseline_finish_day,int64,attribute,Synthetic programme field; see package README and module map.,day
package_A_project_structures/projects.csv,required_finish_day,int64,attribute,Synthetic programme field; see package README and module map.,day
package_A_project_structures/projects.csv,required_finish_date,object,attribute,Synthetic programme field; see package README and module map.,as_named
package_A_project_structures/projects.csv,baseline_budget_usd,int64,attribute,Synthetic programme field; see package README and module map.,USD
package_A_project_structures/projects.csv,delivery_method,object,attribute,Synthetic programme field; see package README and module map.,as_named
package_A_project_structures/projects.csv,region,object,attribute,Synthetic programme field; see package README and module map.,as_named
package_A_project_structures/projects.csv,study_project_candidate,bool,attribute,Synthetic programme field; see package README and module map.,as_named
package_A_project_structures/projects.csv,data_origin,object,provenance,Synthetic programme field; see package README and module map.,as_named
package_A_project_structures/projects.csv,programme_version,object,provenance,Synthetic programme field; see package README and module map.,as_named
package_A_project_structures/projects.csv,package_version,object,provenance,Synthetic programme field; see package README and module map.,as_named
package_A_project_structures/projects.csv,generator_version,object,provenance,Synthetic programme field; see package README and module map.,as_named
package_A_project_structures/projects.csv,random_seed,int64,provenance,Synthetic programme field; see package README and module map.,as_named
package_A_project_structures/projects.csv,not_for_empirical_validation,bool,provenance,Synthetic programme field; see package README and module map.,as_named
package_A_project_structures/projects.csv,record_hash,object,integrity,Synthetic programme field; see package README and module map.,as_named
package_A_project_structures/queue_events.csv,project_id,object,identifier,Synthetic programme field; see package README and module map.,as_named
package_A_project_structures/queue_events.csv,queue_id,object,identifier,Synthetic programme field; see package README and module map.,as_named
package_A_project_structures/queue_events.csv,entity_id,object,identifier,Synthetic programme field; see package README and module map.,as_named
package_A_project_structures/queue_events.csv,arrival_time_day,float64,attribute,Synthetic programme field; see package README and module map.,day
package_A_project_structures/queue_events.csv,service_start_day,float64,attribute,Synthetic programme field; see package README and module map.,day
package_A_project_structures/queue_events.csv,service_end_day,float64,attribute,Synthetic programme field; see package README and module map.,day
package_A_project_structures/queue_events.csv,service_duration_days,float64,analytical,Synthetic programme field; see package README and module map.,day
package_A_project_structures/queue_events.csv,wait_time_days,float64,analytical,Synthetic programme field; see package README and module map.,day
package_A_project_structures/queue_events.csv,server_id,object,identifier,Synthetic programme field; see package README and module map.,as_named
package_A_project_structures/queue_events.csv,queue_discipline,object,attribute,Synthetic programme field; see package README and module map.,as_named
package_A_project_structures/queue_events.csv,data_origin,object,provenance,Synthetic programme field; see package README and module map.,as_named
package_A_project_structures/queue_events.csv,programme_version,object,provenance,Synthetic programme field; see package README and module map.,as_named
package_A_project_structures/queue_events.csv,package_version,object,provenance,Synthetic programme field; see package README and module map.,as_named
package_A_project_structures/queue_events.csv,generator_version,object,provenance,Synthetic programme field; see package README and module map.,as_named
package_A_project_structures/queue_events.csv,random_seed,int64,provenance,Synthetic programme field; see package README and module map.,as_named
package_A_project_structures/queue_events.csv,not_for_empirical_validation,bool,provenance,Synthetic programme field; see package README and module map.,as_named
package_A_project_structures/queue_events.csv,record_hash,object,integrity,Synthetic programme field; see package README and module map.,as_named
package_A_project_structures/queue_ground_truth.csv,project_id,object,identifier,Synthetic programme field; see package README and module map.,as_named
package_A_project_structures/queue_ground_truth.csv,queue_id,object,identifier,Synthetic programme field; see package README and module map.,as_named
package_A_project_structures/queue_ground_truth.csv,entities,int64,attribute,Synthetic programme field; see package README and module map.,as_named
package_A_project_structures/queue_ground_truth.csv,servers,int64,attribute,Synthetic programme field; see package README and module map.,as_named
package_A_project_structures/queue_ground_truth.csv,mean_wait_days,float64,analytical,Synthetic programme field; see package README and module map.,day
package_A_project_structures/queue_ground_truth.csv,p90_wait_days,float64,analytical,Synthetic programme field; see package README and module map.,day
package_A_project_structures/queue_ground_truth.csv,throughput_per_day,float64,attribute,Synthetic programme field; see package README and module map.,day
package_A_project_structures/queue_ground_truth.csv,server_1_utilization,float64,attribute,Synthetic programme field; see package README and module map.,as_named
package_A_project_structures/queue_ground_truth.csv,server_2_utilization,float64,attribute,Synthetic programme field; see package README and module map.,as_named
package_A_project_structures/queue_ground_truth.csv,data_origin,object,provenance,Synthetic programme field; see package README and module map.,as_named
package_A_project_structures/queue_ground_truth.csv,programme_version,object,provenance,Synthetic programme field; see package README and module map.,as_named
package_A_project_structures/queue_ground_truth.csv,package_version,object,provenance,Synthetic programme field; see package README and module map.,as_named
package_A_project_structures/queue_ground_truth.csv,generator_version,object,provenance,Synthetic programme field; see package README and module map.,as_named
package_A_project_structures/queue_ground_truth.csv,random_seed,int64,provenance,Synthetic programme field; see package README and module map.,as_named
package_A_project_structures/queue_ground_truth.csv,not_for_empirical_validation,bool,provenance,Synthetic programme field; see package README and module map.,as_named
package_A_project_structures/queue_ground_truth.csv,record_hash,object,integrity,Synthetic programme field; see package README and module map.,as_named
package_A_project_structures/reporting_periods.csv,project_id,object,identifier,Synthetic programme field; see package README and module map.,as_named
package_A_project_structures/reporting_periods.csv,period_id,object,identifier,Synthetic programme field; see package README and module map.,as_named
package_A_project_structures/reporting_periods.csv,period_number,int64,attribute,Synthetic programme field; see package README and module map.,as_named
package_A_project_structures/reporting_periods.csv,period_start,object,attribute,Synthetic programme field; see package README and module map.,as_named
package_A_project_structures/reporting_periods.csv,period_end,object,attribute,Synthetic programme field; see package README and module map.,as_named
package_A_project_structures/reporting_periods.csv,status_date,object,attribute,Synthetic programme field; see package README and module map.,as_named
package_A_project_structures/reporting_periods.csv,status_day,int64,attribute,Synthetic programme field; see package README and module map.,day
package_A_project_structures/reporting_periods.csv,data_origin,object,provenance,Synthetic programme field; see package README and module map.,as_named
package_A_project_structures/reporting_periods.csv,programme_version,object,provenance,Synthetic programme field; see package README and module map.,as_named
package_A_project_structures/reporting_periods.csv,package_version,object,provenance,Synthetic programme field; see package README and module map.,as_named
package_A_project_structures/reporting_periods.csv,generator_version,object,provenance,Synthetic programme field; see package README and module map.,as_named
package_A_project_structures/reporting_periods.csv,random_seed,int64,provenance,Synthetic programme field; see package README and module map.,as_named
package_A_project_structures/reporting_periods.csv,not_for_empirical_validation,bool,provenance,Synthetic programme field; see package README and module map.,as_named
package_A_project_structures/reporting_periods.csv,record_hash,object,integrity,Synthetic programme field; see package README and module map.,as_named
package_A_project_structures/schedule_activities.csv,project_id,object,identifier,Synthetic programme field; see package README and module map.,as_named
package_A_project_structures/schedule_activities.csv,activity_id,object,identifier,Synthetic programme field; see package README and module map.,as_named
package_A_project_structures/schedule_activities.csv,activity_name,object,attribute,Synthetic programme field; see package README and module map.,as_named
package_A_project_structures/schedule_activities.csv,wbs_id,object,identifier,Synthetic programme field; see package README and module map.,as_named
package_A_project_structures/schedule_activities.csv,activity_type,object,attribute,Synthetic programme field; see package README and module map.,as_named
package_A_project_structures/schedule_activities.csv,baseline_duration_days,float64,analytical,Synthetic programme field; see package README and module map.,day
package_A_project_structures/schedule_activities.csv,optimistic_duration_days,float64,analytical,Synthetic programme field; see package README and module map.,day
package_A_project_structures/schedule_activities.csv,most_likely_duration_days,float64,analytical,Synthetic programme field; see package README and module map.,day
package_A_project_structures/schedule_activities.csv,pessimistic_duration_days,float64,analytical,Synthetic programme field; see package README and module map.,day
package_A_project_structures/schedule_activities.csv,calendar_id,object,identifier,Synthetic programme field; see package README and module map.,as_named
package_A_project_structures/schedule_activities.csv,resource_group,object,attribute,Synthetic programme field; see package README and module map.,as_named
package_A_project_structures/schedule_activities.csv,location_id,object,identifier,Synthetic programme field; see package README and module map.,as_named
package_A_project_structures/schedule_activities.csv,critical_chain_flag,bool,attribute,Synthetic programme field; see package README and module map.,as_named
package_A_project_structures/schedule_activities.csv,data_origin,object,provenance,Synthetic programme field; see package README and module map.,as_named
package_A_project_structures/schedule_activities.csv,programme_version,object,provenance,Synthetic programme field; see package README and module map.,as_named
package_A_project_structures/schedule_activities.csv,package_version,object,provenance,Synthetic programme field; see package README and module map.,as_named
package_A_project_structures/schedule_activities.csv,generator_version,object,provenance,Synthetic programme field; see package README and module map.,as_named
package_A_project_structures/schedule_activities.csv,random_seed,int64,provenance,Synthetic programme field; see package README and module map.,as_named
package_A_project_structures/schedule_activities.csv,not_for_empirical_validation,bool,provenance,Synthetic programme field; see package README and module map.,as_named
package_A_project_structures/schedule_activities.csv,record_hash,object,integrity,Synthetic programme field; see package README and module map.,as_named
package_A_project_structures/schedule_dependencies.csv,project_id,object,identifier,Synthetic programme field; see package README and module map.,as_named
package_A_project_structures/schedule_dependencies.csv,predecessor_activity_id,object,identifier,Synthetic programme field; see package README and module map.,as_named
package_A_project_structures/schedule_dependencies.csv,successor_activity_id,object,identifier,Synthetic programme field; see package README and module map.,as_named
package_A_project_structures/schedule_dependencies.csv,relationship_type,object,attribute,Synthetic programme field; see package README and module map.,as_named
package_A_project_structures/schedule_dependencies.csv,lag_days,int64,analytical,Synthetic programme field; see package README and module map.,day
package_A_project_structures/schedule_dependencies.csv,data_origin,object,provenance,Synthetic programme field; see package README and module map.,as_named
package_A_project_structures/schedule_dependencies.csv,programme_version,object,provenance,Synthetic programme field; see package README and module map.,as_named
package_A_project_structures/schedule_dependencies.csv,package_version,object,provenance,Synthetic programme field; see package README and module map.,as_named
package_A_project_structures/schedule_dependencies.csv,generator_version,object,provenance,Synthetic programme field; see package README and module map.,as_named
package_A_project_structures/schedule_dependencies.csv,random_seed,int64,provenance,Synthetic programme field; see package README and module map.,as_named
package_A_project_structures/schedule_dependencies.csv,not_for_empirical_validation,bool,provenance,Synthetic programme field; see package README and module map.,as_named
package_A_project_structures/schedule_dependencies.csv,record_hash,object,integrity,Synthetic programme field; see package README and module map.,as_named
package_A_project_structures/schedule_ground_truth.csv,project_id,object,identifier,Synthetic programme field; see package README and module map.,as_named
package_A_project_structures/schedule_ground_truth.csv,period_id,object,identifier,Synthetic programme field; see package README and module map.,as_named
package_A_project_structures/schedule_ground_truth.csv,status_day,int64,attribute,Synthetic programme field; see package README and module map.,day
package_A_project_structures/schedule_ground_truth.csv,baseline_finish_day,int64,attribute,Synthetic programme field; see package README and module map.,day
package_A_project_structures/schedule_ground_truth.csv,current_forecast_finish_day,float64,attribute,Synthetic programme field; see package README and module map.,day
package_A_project_structures/schedule_ground_truth.csv,required_finish_day,int64,attribute,Synthetic programme field; see package README and module map.,day
package_A_project_structures/schedule_ground_truth.csv,schedule_margin_days,float64,analytical,Synthetic programme field; see package README and module map.,day
package_A_project_structures/schedule_ground_truth.csv,p50_finish_day,float64,analytical,Synthetic programme field; see package README and module map.,day
package_A_project_structures/schedule_ground_truth.csv,p80_finish_day,float64,analytical,Synthetic programme field; see package README and module map.,day
package_A_project_structures/schedule_ground_truth.csv,p80_overrun_days,float64,analytical,Synthetic programme field; see package README and module map.,day
package_A_project_structures/schedule_ground_truth.csv,probability_finish_by_required_date,float64,analytical,Synthetic programme field; see package README and module map.,0_to_1
package_A_project_structures/schedule_ground_truth.csv,critical_path_activity_ids,object,attribute,Synthetic programme field; see package README and module map.,as_named
package_A_project_structures/schedule_ground_truth.csv,schedule_compression_index,float64,attribute,Synthetic programme field; see package README and module map.,as_named
package_A_project_structures/schedule_ground_truth.csv,monte_carlo_iterations,int64,analytical,Synthetic programme field; see package README and module map.,0_to_1
package_A_project_structures/schedule_ground_truth.csv,data_origin,object,provenance,Synthetic programme field; see package README and module map.,as_named
package_A_project_structures/schedule_ground_truth.csv,programme_version,object,provenance,Synthetic programme field; see package README and module map.,as_named
package_A_project_structures/schedule_ground_truth.csv,package_version,object,provenance,Synthetic programme field; see package README and module map.,as_named
package_A_project_structures/schedule_ground_truth.csv,generator_version,object,provenance,Synthetic programme field; see package README and module map.,as_named
package_A_project_structures/schedule_ground_truth.csv,random_seed,int64,provenance,Synthetic programme field; see package README and module map.,as_named
package_A_project_structures/schedule_ground_truth.csv,not_for_empirical_validation,bool,provenance,Synthetic programme field; see package README and module map.,as_named
package_A_project_structures/schedule_ground_truth.csv,record_hash,object,integrity,Synthetic programme field; see package README and module map.,as_named
package_A_project_structures/schedule_status.csv,project_id,object,identifier,Synthetic programme field; see package README and module map.,as_named
package_A_project_structures/schedule_status.csv,period_id,object,identifier,Synthetic programme field; see package README and module map.,as_named
package_A_project_structures/schedule_status.csv,activity_id,object,identifier,Synthetic programme field; see package README and module map.,as_named
package_A_project_structures/schedule_status.csv,progress_fraction,float64,attribute,Synthetic programme field; see package README and module map.,0_to_1
package_A_project_structures/schedule_status.csv,actual_start_day,float64,attribute,Synthetic programme field; see package README and module map.,day
package_A_project_structures/schedule_status.csv,actual_finish_day,float64,attribute,Synthetic programme field; see package README and module map.,day
package_A_project_structures/schedule_status.csv,current_remaining_duration_days,float64,analytical,Synthetic programme field; see package README and module map.,day
package_A_project_structures/schedule_status.csv,forecast_start_day,float64,attribute,Synthetic programme field; see package README and module map.,day
package_A_project_structures/schedule_status.csv,forecast_finish_day,float64,attribute,Synthetic programme field; see package README and module map.,day
package_A_project_structures/schedule_status.csv,current_total_float_days,float64,analytical,Synthetic programme field; see package README and module map.,day
package_A_project_structures/schedule_status.csv,current_critical_flag,bool,attribute,Synthetic programme field; see package README and module map.,as_named
package_A_project_structures/schedule_status.csv,schedule_version,object,attribute,Synthetic programme field; see package README and module map.,as_named
package_A_project_structures/schedule_status.csv,data_origin,object,provenance,Synthetic programme field; see package README and module map.,as_named
package_A_project_structures/schedule_status.csv,programme_version,object,provenance,Synthetic programme field; see package README and module map.,as_named
package_A_project_structures/schedule_status.csv,package_version,object,provenance,Synthetic programme field; see package README and module map.,as_named
package_A_project_structures/schedule_status.csv,generator_version,object,provenance,Synthetic programme field; see package README and module map.,as_named
package_A_project_structures/schedule_status.csv,random_seed,int64,provenance,Synthetic programme field; see package README and module map.,as_named
package_A_project_structures/schedule_status.csv,not_for_empirical_validation,bool,provenance,Synthetic programme field; see package README and module map.,as_named
package_A_project_structures/schedule_status.csv,record_hash,object,integrity,Synthetic programme field; see package README and module map.,as_named
package_A_project_structures/specification_conflicts.csv,project_id,object,identifier,Synthetic programme field; see package README and module map.,as_named
package_A_project_structures/specification_conflicts.csv,conflict_id,object,identifier,Synthetic programme field; see package README and module map.,as_named
package_A_project_structures/specification_conflicts.csv,document_a_id,object,identifier,Synthetic programme field; see package README and module map.,as_named
package_A_project_structures/specification_conflicts.csv,document_b_id,object,identifier,Synthetic programme field; see package README and module map.,as_named
package_A_project_structures/specification_conflicts.csv,clause_a,float64,attribute,Synthetic programme field; see package README and module map.,as_named
package_A_project_structures/specification_conflicts.csv,clause_b,object,attribute,Synthetic programme field; see package README and module map.,as_named
package_A_project_structures/specification_conflicts.csv,discipline,object,attribute,Synthetic programme field; see package README and module map.,as_named
package_A_project_structures/specification_conflicts.csv,conflict_type,object,attribute,Synthetic programme field; see package README and module map.,as_named
package_A_project_structures/specification_conflicts.csv,review_status,object,attribute,Synthetic programme field; see package README and module map.,as_named
package_A_project_structures/specification_conflicts.csv,data_origin,object,provenance,Synthetic programme field; see package README and module map.,as_named
package_A_project_structures/specification_conflicts.csv,programme_version,object,provenance,Synthetic programme field; see package README and module map.,as_named
package_A_project_structures/specification_conflicts.csv,package_version,object,provenance,Synthetic programme field; see package README and module map.,as_named
package_A_project_structures/specification_conflicts.csv,generator_version,object,provenance,Synthetic programme field; see package README and module map.,as_named
package_A_project_structures/specification_conflicts.csv,random_seed,int64,provenance,Synthetic programme field; see package README and module map.,as_named
package_A_project_structures/specification_conflicts.csv,not_for_empirical_validation,bool,provenance,Synthetic programme field; see package README and module map.,as_named
package_A_project_structures/specification_conflicts.csv,record_hash,object,integrity,Synthetic programme field; see package README and module map.,as_named
package_A_project_structures/specification_exposure.csv,project_id,object,identifier,Synthetic programme field; see package README and module map.,as_named
package_A_project_structures/specification_exposure.csv,specification_sections_reviewed,int64,attribute,Synthetic programme field; see package README and module map.,as_named
package_A_project_structures/specification_exposure.csv,clauses_reviewed,int64,attribute,Synthetic programme field; see package README and module map.,as_named
package_A_project_structures/specification_exposure.csv,exposure_unit,object,attribute,Synthetic programme field; see package README and module map.,as_named
package_A_project_structures/specification_exposure.csv,data_origin,object,provenance,Synthetic programme field; see package README and module map.,as_named
package_A_project_structures/specification_exposure.csv,programme_version,object,provenance,Synthetic programme field; see package README and module map.,as_named
package_A_project_structures/specification_exposure.csv,package_version,object,provenance,Synthetic programme field; see package README and module map.,as_named
package_A_project_structures/specification_exposure.csv,generator_version,object,provenance,Synthetic programme field; see package README and module map.,as_named
package_A_project_structures/specification_exposure.csv,random_seed,int64,provenance,Synthetic programme field; see package README and module map.,as_named
package_A_project_structures/specification_exposure.csv,not_for_empirical_validation,bool,provenance,Synthetic programme field; see package README and module map.,as_named
package_A_project_structures/specification_exposure.csv,record_hash,object,integrity,Synthetic programme field; see package README and module map.,as_named
package_A_project_structures/specification_ground_truth.csv,project_id,object,identifier,Synthetic programme field; see package README and module map.,as_named
package_A_project_structures/specification_ground_truth.csv,confirmed_conflicts,int64,attribute,Synthetic programme field; see package README and module map.,as_named
package_A_project_structures/specification_ground_truth.csv,clauses_reviewed,int64,attribute,Synthetic programme field; see package README and module map.,as_named
package_A_project_structures/specification_ground_truth.csv,conflicts_per_1000_clauses,float64,attribute,Synthetic programme field; see package README and module map.,as_named
package_A_project_structures/specification_ground_truth.csv,data_origin,object,provenance,Synthetic programme field; see package README and module map.,as_named
package_A_project_structures/specification_ground_truth.csv,programme_version,object,provenance,Synthetic programme field; see package README and module map.,as_named
package_A_project_structures/specification_ground_truth.csv,package_version,object,provenance,Synthetic programme field; see package README and module map.,as_named
package_A_project_structures/specification_ground_truth.csv,generator_version,object,provenance,Synthetic programme field; see package README and module map.,as_named
package_A_project_structures/specification_ground_truth.csv,random_seed,int64,provenance,Synthetic programme field; see package README and module map.,as_named
package_A_project_structures/specification_ground_truth.csv,not_for_empirical_validation,bool,provenance,Synthetic programme field; see package README and module map.,as_named
package_A_project_structures/specification_ground_truth.csv,record_hash,object,integrity,Synthetic programme field; see package README and module map.,as_named
package_A_project_structures/system_dynamics_parameters.csv,project_id,object,identifier,Synthetic programme field; see package README and module map.,as_named
package_A_project_structures/system_dynamics_parameters.csv,parameter_name,object,attribute,Synthetic programme field; see package README and module map.,as_named
package_A_project_structures/system_dynamics_parameters.csv,parameter_value,float64,analytical,Synthetic programme field; see package README and module map.,as_named
package_A_project_structures/system_dynamics_parameters.csv,unit,object,attribute,Synthetic programme field; see package README and module map.,as_named
package_A_project_structures/system_dynamics_parameters.csv,data_origin,object,provenance,Synthetic programme field; see package README and module map.,as_named
package_A_project_structures/system_dynamics_parameters.csv,programme_version,object,provenance,Synthetic programme field; see package README and module map.,as_named
package_A_project_structures/system_dynamics_parameters.csv,package_version,object,provenance,Synthetic programme field; see package README and module map.,as_named
package_A_project_structures/system_dynamics_parameters.csv,generator_version,object,provenance,Synthetic programme field; see package README and module map.,as_named
package_A_project_structures/system_dynamics_parameters.csv,random_seed,int64,provenance,Synthetic programme field; see package README and module map.,as_named
package_A_project_structures/system_dynamics_parameters.csv,not_for_empirical_validation,bool,provenance,Synthetic programme field; see package README and module map.,as_named
package_A_project_structures/system_dynamics_parameters.csv,record_hash,object,integrity,Synthetic programme field; see package README and module map.,as_named
package_A_project_structures/system_dynamics_timeseries.csv,project_id,object,identifier,Synthetic programme field; see package README and module map.,as_named
package_A_project_structures/system_dynamics_timeseries.csv,time_step,int64,attribute,Synthetic programme field; see package README and module map.,as_named
package_A_project_structures/system_dynamics_timeseries.csv,backlog_start,float64,attribute,Synthetic programme field; see package README and module map.,as_named
package_A_project_structures/system_dynamics_timeseries.csv,new_work,float64,attribute,Synthetic programme field; see package README and module map.,as_named
package_A_project_structures/system_dynamics_timeseries.csv,work_completed,float64,attribute,Synthetic programme field; see package README and module map.,as_named
package_A_project_structures/system_dynamics_timeseries.csv,rework_generated,float64,attribute,Synthetic programme field; see package README and module map.,as_named
package_A_project_structures/system_dynamics_timeseries.csv,backlog_end,float64,attribute,Synthetic programme field; see package README and module map.,as_named
package_A_project_structures/system_dynamics_timeseries.csv,cumulative_rework,float64,attribute,Synthetic programme field; see package README and module map.,as_named
package_A_project_structures/system_dynamics_timeseries.csv,data_origin,object,provenance,Synthetic programme field; see package README and module map.,as_named
package_A_project_structures/system_dynamics_timeseries.csv,programme_version,object,provenance,Synthetic programme field; see package README and module map.,as_named
package_A_project_structures/system_dynamics_timeseries.csv,package_version,object,provenance,Synthetic programme field; see package README and module map.,as_named
package_A_project_structures/system_dynamics_timeseries.csv,generator_version,object,provenance,Synthetic programme field; see package README and module map.,as_named
package_A_project_structures/system_dynamics_timeseries.csv,random_seed,int64,provenance,Synthetic programme field; see package README and module map.,as_named
package_A_project_structures/system_dynamics_timeseries.csv,not_for_empirical_validation,bool,provenance,Synthetic programme field; see package README and module map.,as_named
package_A_project_structures/system_dynamics_timeseries.csv,record_hash,object,integrity,Synthetic programme field; see package README and module map.,as_named
package_A_project_structures/weather_events.csv,project_id,object,identifier,Synthetic programme field; see package README and module map.,as_named
package_A_project_structures/weather_events.csv,weather_event_id,object,identifier,Synthetic programme field; see package README and module map.,as_named
package_A_project_structures/weather_events.csv,event_day,int64,attribute,Synthetic programme field; see package README and module map.,day
package_A_project_structures/weather_events.csv,weather_type,object,attribute,Synthetic programme field; see package README and module map.,as_named
package_A_project_structures/weather_events.csv,threshold_exceedance_index,float64,attribute,Synthetic programme field; see package README and module map.,as_named
package_A_project_structures/weather_events.csv,normal_allowance_days,float64,analytical,Synthetic programme field; see package README and module map.,day
package_A_project_structures/weather_events.csv,lost_work_days,float64,analytical,Synthetic programme field; see package README and module map.,day
package_A_project_structures/weather_events.csv,data_origin,object,provenance,Synthetic programme field; see package README and module map.,as_named
package_A_project_structures/weather_events.csv,programme_version,object,provenance,Synthetic programme field; see package README and module map.,as_named
package_A_project_structures/weather_events.csv,package_version,object,provenance,Synthetic programme field; see package README and module map.,as_named
package_A_project_structures/weather_events.csv,generator_version,object,provenance,Synthetic programme field; see package README and module map.,as_named
package_A_project_structures/weather_events.csv,random_seed,int64,provenance,Synthetic programme field; see package README and module map.,as_named
package_A_project_structures/weather_events.csv,not_for_empirical_validation,bool,provenance,Synthetic programme field; see package README and module map.,as_named
package_A_project_structures/weather_events.csv,record_hash,object,integrity,Synthetic programme field; see package README and module map.,as_named
package_B_reference_training_decisions/B1_reference_population/analogous_pairs.csv,target_project_id,object,identifier,Synthetic programme field; see package README and module map.,as_named
package_B_reference_training_decisions/B1_reference_population/analogous_pairs.csv,analog_project_id,object,identifier,Synthetic programme field; see package README and module map.,as_named
package_B_reference_training_decisions/B1_reference_population/analogous_pairs.csv,similarity_rank,int64,attribute,Synthetic programme field; see package README and module map.,as_named
package_B_reference_training_decisions/B1_reference_population/analogous_pairs.csv,distance,float64,attribute,Synthetic programme field; see package README and module map.,as_named
package_B_reference_training_decisions/B1_reference_population/analogous_pairs.csv,analog_cost_overrun_pct,float64,analytical,Synthetic programme field; see package README and module map.,as_named
package_B_reference_training_decisions/B1_reference_population/analogous_pairs.csv,analog_schedule_overrun_pct,float64,attribute,Synthetic programme field; see package README and module map.,as_named
package_B_reference_training_decisions/B1_reference_population/analogous_pairs.csv,data_origin,object,provenance,Synthetic programme field; see package README and module map.,as_named
package_B_reference_training_decisions/B1_reference_population/analogous_pairs.csv,programme_version,object,provenance,Synthetic programme field; see package README and module map.,as_named
package_B_reference_training_decisions/B1_reference_population/analogous_pairs.csv,package_version,object,provenance,Synthetic programme field; see package README and module map.,as_named
package_B_reference_training_decisions/B1_reference_population/analogous_pairs.csv,generator_version,object,provenance,Synthetic programme field; see package README and module map.,as_named
package_B_reference_training_decisions/B1_reference_population/analogous_pairs.csv,random_seed,int64,provenance,Synthetic programme field; see package README and module map.,as_named
package_B_reference_training_decisions/B1_reference_population/analogous_pairs.csv,not_for_empirical_validation,bool,provenance,Synthetic programme field; see package README and module map.,as_named
package_B_reference_training_decisions/B1_reference_population/analogous_pairs.csv,record_hash,object,integrity,Synthetic programme field; see package README and module map.,as_named
package_B_reference_training_decisions/B1_reference_population/anomaly_labels.csv,reference_project_id,object,identifier,Synthetic programme field; see package README and module map.,as_named
package_B_reference_training_decisions/B1_reference_population/anomaly_labels.csv,known_anomaly_label,bool,attribute,Synthetic programme field; see package README and module map.,as_named
package_B_reference_training_decisions/B1_reference_population/anomaly_labels.csv,anomaly_reason,object,attribute,Synthetic programme field; see package README and module map.,as_named
package_B_reference_training_decisions/B1_reference_population/anomaly_labels.csv,data_origin,object,provenance,Synthetic programme field; see package README and module map.,as_named
package_B_reference_training_decisions/B1_reference_population/anomaly_labels.csv,programme_version,object,provenance,Synthetic programme field; see package README and module map.,as_named
package_B_reference_training_decisions/B1_reference_population/anomaly_labels.csv,package_version,object,provenance,Synthetic programme field; see package README and module map.,as_named
package_B_reference_training_decisions/B1_reference_population/anomaly_labels.csv,generator_version,object,provenance,Synthetic programme field; see package README and module map.,as_named
package_B_reference_training_decisions/B1_reference_population/anomaly_labels.csv,random_seed,int64,provenance,Synthetic programme field; see package README and module map.,as_named
package_B_reference_training_decisions/B1_reference_population/anomaly_labels.csv,not_for_empirical_validation,bool,provenance,Synthetic programme field; see package README and module map.,as_named
package_B_reference_training_decisions/B1_reference_population/anomaly_labels.csv,record_hash,object,integrity,Synthetic programme field; see package README and module map.,as_named
package_B_reference_training_decisions/B1_reference_population/inflation_index.csv,region,object,attribute,Synthetic programme field; see package README and module map.,as_named
package_B_reference_training_decisions/B1_reference_population/inflation_index.csv,basket,object,attribute,Synthetic programme field; see package README and module map.,as_named
package_B_reference_training_decisions/B1_reference_population/inflation_index.csv,month,object,attribute,Synthetic programme field; see package README and module map.,as_named
package_B_reference_training_decisions/B1_reference_population/inflation_index.csv,index_value,float64,analytical,Synthetic programme field; see package README and module map.,as_named
package_B_reference_training_decisions/B1_reference_population/inflation_index.csv,base_month,object,attribute,Synthetic programme field; see package README and module map.,as_named
package_B_reference_training_decisions/B1_reference_population/inflation_index.csv,base_value,float64,analytical,Synthetic programme field; see package README and module map.,as_named
package_B_reference_training_decisions/B1_reference_population/inflation_index.csv,data_origin,object,provenance,Synthetic programme field; see package README and module map.,as_named
package_B_reference_training_decisions/B1_reference_population/inflation_index.csv,programme_version,object,provenance,Synthetic programme field; see package README and module map.,as_named
package_B_reference_training_decisions/B1_reference_population/inflation_index.csv,package_version,object,provenance,Synthetic programme field; see package README and module map.,as_named
package_B_reference_training_decisions/B1_reference_population/inflation_index.csv,generator_version,object,provenance,Synthetic programme field; see package README and module map.,as_named
package_B_reference_training_decisions/B1_reference_population/inflation_index.csv,random_seed,int64,provenance,Synthetic programme field; see package README and module map.,as_named
package_B_reference_training_decisions/B1_reference_population/inflation_index.csv,not_for_empirical_validation,bool,provenance,Synthetic programme field; see package README and module map.,as_named
package_B_reference_training_decisions/B1_reference_population/inflation_index.csv,record_hash,object,integrity,Synthetic programme field; see package README and module map.,as_named
package_B_reference_training_decisions/B1_reference_population/parametric_cost_training.csv,reference_project_id,object,identifier,Synthetic programme field; see package README and module map.,as_named
package_B_reference_training_decisions/B1_reference_population/parametric_cost_training.csv,project_type,object,attribute,Synthetic programme field; see package README and module map.,as_named
package_B_reference_training_decisions/B1_reference_population/parametric_cost_training.csv,delivery_method,object,attribute,Synthetic programme field; see package README and module map.,as_named
package_B_reference_training_decisions/B1_reference_population/parametric_cost_training.csv,region,object,attribute,Synthetic programme field; see package README and module map.,as_named
package_B_reference_training_decisions/B1_reference_population/parametric_cost_training.csv,gross_area_m2,float64,attribute,Synthetic programme field; see package README and module map.,as_named
package_B_reference_training_decisions/B1_reference_population/parametric_cost_training.csv,length_km,float64,attribute,Synthetic programme field; see package README and module map.,as_named
package_B_reference_training_decisions/B1_reference_population/parametric_cost_training.csv,capacity_units,float64,attribute,Synthetic programme field; see package README and module map.,as_named
package_B_reference_training_decisions/B1_reference_population/parametric_cost_training.csv,floors,int64,attribute,Synthetic programme field; see package README and module map.,as_named
package_B_reference_training_decisions/B1_reference_population/parametric_cost_training.csv,complexity_index,float64,attribute,Synthetic programme field; see package README and module map.,as_named
package_B_reference_training_decisions/B1_reference_population/parametric_cost_training.csv,design_completeness,float64,attribute,Synthetic programme field; see package README and module map.,as_named
package_B_reference_training_decisions/B1_reference_population/parametric_cost_training.csv,location_factor,float64,attribute,Synthetic programme field; see package README and module map.,as_named
package_B_reference_training_decisions/B1_reference_population/parametric_cost_training.csv,baseline_cost_usd,float64,analytical,Synthetic programme field; see package README and module map.,USD
package_B_reference_training_decisions/B1_reference_population/parametric_cost_training.csv,split,object,attribute,Synthetic programme field; see package README and module map.,as_named
package_B_reference_training_decisions/B1_reference_population/parametric_cost_training.csv,data_origin,object,provenance,Synthetic programme field; see package README and module map.,as_named
package_B_reference_training_decisions/B1_reference_population/parametric_cost_training.csv,programme_version,object,provenance,Synthetic programme field; see package README and module map.,as_named
package_B_reference_training_decisions/B1_reference_population/parametric_cost_training.csv,package_version,object,provenance,Synthetic programme field; see package README and module map.,as_named
package_B_reference_training_decisions/B1_reference_population/parametric_cost_training.csv,generator_version,object,provenance,Synthetic programme field; see package README and module map.,as_named
package_B_reference_training_decisions/B1_reference_population/parametric_cost_training.csv,random_seed,int64,provenance,Synthetic programme field; see package README and module map.,as_named
package_B_reference_training_decisions/B1_reference_population/parametric_cost_training.csv,not_for_empirical_validation,bool,provenance,Synthetic programme field; see package README and module map.,as_named
package_B_reference_training_decisions/B1_reference_population/parametric_cost_training.csv,record_hash,object,integrity,Synthetic programme field; see package README and module map.,as_named
package_B_reference_training_decisions/B1_reference_population/reference_class_membership.csv,reference_project_id,object,identifier,Synthetic programme field; see package README and module map.,as_named
package_B_reference_training_decisions/B1_reference_population/reference_class_membership.csv,reference_class_id,object,identifier,Synthetic programme field; see package README and module map.,as_named
package_B_reference_training_decisions/B1_reference_population/reference_class_membership.csv,membership_rule,object,attribute,Synthetic programme field; see package README and module map.,0_to_1
package_B_reference_training_decisions/B1_reference_population/reference_class_membership.csv,inclusion_flag,bool,attribute,Synthetic programme field; see package README and module map.,as_named
package_B_reference_training_decisions/B1_reference_population/reference_class_membership.csv,data_origin,object,provenance,Synthetic programme field; see package README and module map.,as_named
package_B_reference_training_decisions/B1_reference_population/reference_class_membership.csv,programme_version,object,provenance,Synthetic programme field; see package README and module map.,as_named
package_B_reference_training_decisions/B1_reference_population/reference_class_membership.csv,package_version,object,provenance,Synthetic programme field; see package README and module map.,as_named
package_B_reference_training_decisions/B1_reference_population/reference_class_membership.csv,generator_version,object,provenance,Synthetic programme field; see package README and module map.,as_named
package_B_reference_training_decisions/B1_reference_population/reference_class_membership.csv,random_seed,int64,provenance,Synthetic programme field; see package README and module map.,as_named
package_B_reference_training_decisions/B1_reference_population/reference_class_membership.csv,not_for_empirical_validation,bool,provenance,Synthetic programme field; see package README and module map.,as_named
package_B_reference_training_decisions/B1_reference_population/reference_class_membership.csv,record_hash,object,integrity,Synthetic programme field; see package README and module map.,as_named
package_B_reference_training_decisions/B1_reference_population/reference_outcomes.csv,reference_project_id,object,identifier,Synthetic programme field; see package README and module map.,as_named
package_B_reference_training_decisions/B1_reference_population/reference_outcomes.csv,final_cost_usd,float64,analytical,Synthetic programme field; see package README and module map.,USD
package_B_reference_training_decisions/B1_reference_population/reference_outcomes.csv,final_duration_days,float64,analytical,Synthetic programme field; see package README and module map.,day
package_B_reference_training_decisions/B1_reference_population/reference_outcomes.csv,cost_overrun_pct,float64,analytical,Synthetic programme field; see package README and module map.,as_named
package_B_reference_training_decisions/B1_reference_population/reference_outcomes.csv,schedule_overrun_pct,float64,attribute,Synthetic programme field; see package README and module map.,as_named
package_B_reference_training_decisions/B1_reference_population/reference_outcomes.csv,outcome_class,object,attribute,Synthetic programme field; see package README and module map.,as_named
package_B_reference_training_decisions/B1_reference_population/reference_outcomes.csv,known_anomaly_label,bool,attribute,Synthetic programme field; see package README and module map.,as_named
package_B_reference_training_decisions/B1_reference_population/reference_outcomes.csv,data_origin,object,provenance,Synthetic programme field; see package README and module map.,as_named
package_B_reference_training_decisions/B1_reference_population/reference_outcomes.csv,programme_version,object,provenance,Synthetic programme field; see package README and module map.,as_named
package_B_reference_training_decisions/B1_reference_population/reference_outcomes.csv,package_version,object,provenance,Synthetic programme field; see package README and module map.,as_named
package_B_reference_training_decisions/B1_reference_population/reference_outcomes.csv,generator_version,object,provenance,Synthetic programme field; see package README and module map.,as_named
package_B_reference_training_decisions/B1_reference_population/reference_outcomes.csv,random_seed,int64,provenance,Synthetic programme field; see package README and module map.,as_named
package_B_reference_training_decisions/B1_reference_population/reference_outcomes.csv,not_for_empirical_validation,bool,provenance,Synthetic programme field; see package README and module map.,as_named
package_B_reference_training_decisions/B1_reference_population/reference_outcomes.csv,record_hash,object,integrity,Synthetic programme field; see package README and module map.,as_named
package_B_reference_training_decisions/B1_reference_population/reference_project_periods.csv,reference_project_id,object,identifier,Synthetic programme field; see package README and module map.,as_named
package_B_reference_training_decisions/B1_reference_population/reference_project_periods.csv,period_number,int64,attribute,Synthetic programme field; see package README and module map.,as_named
package_B_reference_training_decisions/B1_reference_population/reference_project_periods.csv,progress_fraction,float64,attribute,Synthetic programme field; see package README and module map.,0_to_1
package_B_reference_training_decisions/B1_reference_population/reference_project_periods.csv,cpi,float64,analytical,Synthetic programme field; see package README and module map.,as_named
package_B_reference_training_decisions/B1_reference_population/reference_project_periods.csv,spi,float64,analytical,Synthetic programme field; see package README and module map.,as_named
package_B_reference_training_decisions/B1_reference_population/reference_project_periods.csv,document_risk_score,float64,analytical,Synthetic programme field; see package README and module map.,0_to_1
package_B_reference_training_decisions/B1_reference_population/reference_project_periods.csv,rfi_open,int64,attribute,Synthetic programme field; see package README and module map.,as_named
package_B_reference_training_decisions/B1_reference_population/reference_project_periods.csv,change_order_count,int64,attribute,Synthetic programme field; see package README and module map.,as_named
package_B_reference_training_decisions/B1_reference_population/reference_project_periods.csv,quality_findings,int64,attribute,Synthetic programme field; see package README and module map.,as_named
package_B_reference_training_decisions/B1_reference_population/reference_project_periods.csv,procurement_items_at_risk,int64,analytical,Synthetic programme field; see package README and module map.,0_to_1
package_B_reference_training_decisions/B1_reference_population/reference_project_periods.csv,split,object,attribute,Synthetic programme field; see package README and module map.,as_named
package_B_reference_training_decisions/B1_reference_population/reference_project_periods.csv,data_origin,object,provenance,Synthetic programme field; see package README and module map.,as_named
package_B_reference_training_decisions/B1_reference_population/reference_project_periods.csv,programme_version,object,provenance,Synthetic programme field; see package README and module map.,as_named
package_B_reference_training_decisions/B1_reference_population/reference_project_periods.csv,package_version,object,provenance,Synthetic programme field; see package README and module map.,as_named
package_B_reference_training_decisions/B1_reference_population/reference_project_periods.csv,generator_version,object,provenance,Synthetic programme field; see package README and module map.,as_named
package_B_reference_training_decisions/B1_reference_population/reference_project_periods.csv,random_seed,int64,provenance,Synthetic programme field; see package README and module map.,as_named
package_B_reference_training_decisions/B1_reference_population/reference_project_periods.csv,not_for_empirical_validation,bool,provenance,Synthetic programme field; see package README and module map.,as_named
package_B_reference_training_decisions/B1_reference_population/reference_project_periods.csv,record_hash,object,integrity,Synthetic programme field; see package README and module map.,as_named
package_B_reference_training_decisions/B1_reference_population/reference_projects.csv,reference_project_id,object,identifier,Synthetic programme field; see package README and module map.,as_named
package_B_reference_training_decisions/B1_reference_population/reference_projects.csv,project_type,object,attribute,Synthetic programme field; see package README and module map.,as_named
package_B_reference_training_decisions/B1_reference_population/reference_projects.csv,delivery_method,object,attribute,Synthetic programme field; see package README and module map.,as_named
package_B_reference_training_decisions/B1_reference_population/reference_projects.csv,region,object,attribute,Synthetic programme field; see package README and module map.,as_named
package_B_reference_training_decisions/B1_reference_population/reference_projects.csv,gross_area_m2,float64,attribute,Synthetic programme field; see package README and module map.,as_named
package_B_reference_training_decisions/B1_reference_population/reference_projects.csv,length_km,float64,attribute,Synthetic programme field; see package README and module map.,as_named
package_B_reference_training_decisions/B1_reference_population/reference_projects.csv,capacity_units,float64,attribute,Synthetic programme field; see package README and module map.,as_named
package_B_reference_training_decisions/B1_reference_population/reference_projects.csv,floors,int64,attribute,Synthetic programme field; see package README and module map.,as_named
package_B_reference_training_decisions/B1_reference_population/reference_projects.csv,complexity_index,float64,attribute,Synthetic programme field; see package README and module map.,as_named
package_B_reference_training_decisions/B1_reference_population/reference_projects.csv,design_completeness,float64,attribute,Synthetic programme field; see package README and module map.,as_named
package_B_reference_training_decisions/B1_reference_population/reference_projects.csv,location_factor,float64,attribute,Synthetic programme field; see package README and module map.,as_named
package_B_reference_training_decisions/B1_reference_population/reference_projects.csv,baseline_cost_usd,float64,analytical,Synthetic programme field; see package README and module map.,USD
package_B_reference_training_decisions/B1_reference_population/reference_projects.csv,final_cost_usd,float64,analytical,Synthetic programme field; see package README and module map.,USD
package_B_reference_training_decisions/B1_reference_population/reference_projects.csv,baseline_duration_days,int64,analytical,Synthetic programme field; see package README and module map.,day
package_B_reference_training_decisions/B1_reference_population/reference_projects.csv,final_duration_days,float64,analytical,Synthetic programme field; see package README and module map.,day
package_B_reference_training_decisions/B1_reference_population/reference_projects.csv,cost_overrun_pct,float64,analytical,Synthetic programme field; see package README and module map.,as_named
package_B_reference_training_decisions/B1_reference_population/reference_projects.csv,schedule_overrun_pct,float64,attribute,Synthetic programme field; see package README and module map.,as_named
package_B_reference_training_decisions/B1_reference_population/reference_projects.csv,outcome_class,object,attribute,Synthetic programme field; see package README and module map.,as_named
package_B_reference_training_decisions/B1_reference_population/reference_projects.csv,known_anomaly_label,bool,attribute,Synthetic programme field; see package README and module map.,as_named
package_B_reference_training_decisions/B1_reference_population/reference_projects.csv,split,object,attribute,Synthetic programme field; see package README and module map.,as_named
package_B_reference_training_decisions/B1_reference_population/reference_projects.csv,data_origin,object,provenance,Synthetic programme field; see package README and module map.,as_named
package_B_reference_training_decisions/B1_reference_population/reference_projects.csv,programme_version,object,provenance,Synthetic programme field; see package README and module map.,as_named
package_B_reference_training_decisions/B1_reference_population/reference_projects.csv,package_version,object,provenance,Synthetic programme field; see package README and module map.,as_named
package_B_reference_training_decisions/B1_reference_population/reference_projects.csv,generator_version,object,provenance,Synthetic programme field; see package README and module map.,as_named
package_B_reference_training_decisions/B1_reference_population/reference_projects.csv,random_seed,int64,provenance,Synthetic programme field; see package README and module map.,as_named
package_B_reference_training_decisions/B1_reference_population/reference_projects.csv,not_for_empirical_validation,bool,provenance,Synthetic programme field; see package README and module map.,as_named
package_B_reference_training_decisions/B1_reference_population/reference_projects.csv,record_hash,object,integrity,Synthetic programme field; see package README and module map.,as_named
package_B_reference_training_decisions/B1_reference_population/rough_set_decision_table.csv,reference_project_id,object,identifier,Synthetic programme field; see package README and module map.,as_named
package_B_reference_training_decisions/B1_reference_population/rough_set_decision_table.csv,complexity_band,object,attribute,Synthetic programme field; see package README and module map.,as_named
package_B_reference_training_decisions/B1_reference_population/rough_set_decision_table.csv,early_cpi_band,object,analytical,Synthetic programme field; see package README and module map.,as_named
package_B_reference_training_decisions/B1_reference_population/rough_set_decision_table.csv,early_spi_band,object,analytical,Synthetic programme field; see package README and module map.,as_named
package_B_reference_training_decisions/B1_reference_population/rough_set_decision_table.csv,document_risk_band,object,analytical,Synthetic programme field; see package README and module map.,0_to_1
package_B_reference_training_decisions/B1_reference_population/rough_set_decision_table.csv,decision_class,object,attribute,Synthetic programme field; see package README and module map.,as_named
package_B_reference_training_decisions/B1_reference_population/rough_set_decision_table.csv,split,object,attribute,Synthetic programme field; see package README and module map.,as_named
package_B_reference_training_decisions/B1_reference_population/rough_set_decision_table.csv,data_origin,object,provenance,Synthetic programme field; see package README and module map.,as_named
package_B_reference_training_decisions/B1_reference_population/rough_set_decision_table.csv,programme_version,object,provenance,Synthetic programme field; see package README and module map.,as_named
package_B_reference_training_decisions/B1_reference_population/rough_set_decision_table.csv,package_version,object,provenance,Synthetic programme field; see package README and module map.,as_named
package_B_reference_training_decisions/B1_reference_population/rough_set_decision_table.csv,generator_version,object,provenance,Synthetic programme field; see package README and module map.,as_named
package_B_reference_training_decisions/B1_reference_population/rough_set_decision_table.csv,random_seed,int64,provenance,Synthetic programme field; see package README and module map.,as_named
package_B_reference_training_decisions/B1_reference_population/rough_set_decision_table.csv,not_for_empirical_validation,bool,provenance,Synthetic programme field; see package README and module map.,as_named
package_B_reference_training_decisions/B1_reference_population/rough_set_decision_table.csv,record_hash,object,integrity,Synthetic programme field; see package README and module map.,as_named
package_B_reference_training_decisions/B1_reference_population/split_manifest.csv,reference_project_id,object,identifier,Synthetic programme field; see package README and module map.,as_named
package_B_reference_training_decisions/B1_reference_population/split_manifest.csv,split,object,attribute,Synthetic programme field; see package README and module map.,as_named
package_B_reference_training_decisions/B1_reference_population/split_manifest.csv,split_unit,object,attribute,Synthetic programme field; see package README and module map.,as_named
package_B_reference_training_decisions/B1_reference_population/split_manifest.csv,data_origin,object,provenance,Synthetic programme field; see package README and module map.,as_named
package_B_reference_training_decisions/B1_reference_population/split_manifest.csv,programme_version,object,provenance,Synthetic programme field; see package README and module map.,as_named
package_B_reference_training_decisions/B1_reference_population/split_manifest.csv,package_version,object,provenance,Synthetic programme field; see package README and module map.,as_named
package_B_reference_training_decisions/B1_reference_population/split_manifest.csv,generator_version,object,provenance,Synthetic programme field; see package README and module map.,as_named
package_B_reference_training_decisions/B1_reference_population/split_manifest.csv,random_seed,int64,provenance,Synthetic programme field; see package README and module map.,as_named
package_B_reference_training_decisions/B1_reference_population/split_manifest.csv,not_for_empirical_validation,bool,provenance,Synthetic programme field; see package README and module map.,as_named
package_B_reference_training_decisions/B1_reference_population/split_manifest.csv,record_hash,object,integrity,Synthetic programme field; see package README and module map.,as_named
package_B_reference_training_decisions/B2_expert_epistemic/ds_mass_assignments.csv,source_id,object,identifier,Synthetic programme field; see package README and module map.,as_named
package_B_reference_training_decisions/B2_expert_epistemic/ds_mass_assignments.csv,scenario_id,object,identifier,Synthetic programme field; see package README and module map.,as_named
package_B_reference_training_decisions/B2_expert_epistemic/ds_mass_assignments.csv,mass_green,float64,attribute,Synthetic programme field; see package README and module map.,as_named
package_B_reference_training_decisions/B2_expert_epistemic/ds_mass_assignments.csv,mass_amber,float64,attribute,Synthetic programme field; see package README and module map.,as_named
package_B_reference_training_decisions/B2_expert_epistemic/ds_mass_assignments.csv,mass_red,float64,attribute,Synthetic programme field; see package README and module map.,as_named
package_B_reference_training_decisions/B2_expert_epistemic/ds_mass_assignments.csv,mass_theta,float64,attribute,Synthetic programme field; see package README and module map.,as_named
package_B_reference_training_decisions/B2_expert_epistemic/ds_mass_assignments.csv,mass_sum,float64,attribute,Synthetic programme field; see package README and module map.,as_named
package_B_reference_training_decisions/B2_expert_epistemic/ds_mass_assignments.csv,data_origin,object,provenance,Synthetic programme field; see package README and module map.,as_named
package_B_reference_training_decisions/B2_expert_epistemic/ds_mass_assignments.csv,programme_version,object,provenance,Synthetic programme field; see package README and module map.,as_named
package_B_reference_training_decisions/B2_expert_epistemic/ds_mass_assignments.csv,package_version,object,provenance,Synthetic programme field; see package README and module map.,as_named
package_B_reference_training_decisions/B2_expert_epistemic/ds_mass_assignments.csv,generator_version,object,provenance,Synthetic programme field; see package README and module map.,as_named
package_B_reference_training_decisions/B2_expert_epistemic/ds_mass_assignments.csv,random_seed,int64,provenance,Synthetic programme field; see package README and module map.,as_named
package_B_reference_training_decisions/B2_expert_epistemic/ds_mass_assignments.csv,not_for_empirical_validation,bool,provenance,Synthetic programme field; see package README and module map.,as_named
package_B_reference_training_decisions/B2_expert_epistemic/ds_mass_assignments.csv,record_hash,object,integrity,Synthetic programme field; see package README and module map.,as_named
package_B_reference_training_decisions/B2_expert_epistemic/epistemic_scenarios.csv,scenario_id,object,identifier,Synthetic programme field; see package README and module map.,as_named
package_B_reference_training_decisions/B2_expert_epistemic/epistemic_scenarios.csv,scenario_name,object,attribute,Synthetic programme field; see package README and module map.,as_named
package_B_reference_training_decisions/B2_expert_epistemic/epistemic_scenarios.csv,ground_truth_severity,float64,analytical,Synthetic programme field; see package README and module map.,as_named
package_B_reference_training_decisions/B2_expert_epistemic/epistemic_scenarios.csv,evidence_completeness,float64,attribute,Synthetic programme field; see package README and module map.,as_named
package_B_reference_training_decisions/B2_expert_epistemic/epistemic_scenarios.csv,ground_truth_status,object,analytical,Synthetic programme field; see package README and module map.,as_named
package_B_reference_training_decisions/B2_expert_epistemic/epistemic_scenarios.csv,data_origin,object,provenance,Synthetic programme field; see package README and module map.,as_named
package_B_reference_training_decisions/B2_expert_epistemic/epistemic_scenarios.csv,programme_version,object,provenance,Synthetic programme field; see package README and module map.,as_named
package_B_reference_training_decisions/B2_expert_epistemic/epistemic_scenarios.csv,package_version,object,provenance,Synthetic programme field; see package README and module map.,as_named
package_B_reference_training_decisions/B2_expert_epistemic/epistemic_scenarios.csv,generator_version,object,provenance,Synthetic programme field; see package README and module map.,as_named
package_B_reference_training_decisions/B2_expert_epistemic/epistemic_scenarios.csv,random_seed,int64,provenance,Synthetic programme field; see package README and module map.,as_named
package_B_reference_training_decisions/B2_expert_epistemic/epistemic_scenarios.csv,not_for_empirical_validation,bool,provenance,Synthetic programme field; see package README and module map.,as_named
package_B_reference_training_decisions/B2_expert_epistemic/epistemic_scenarios.csv,record_hash,object,integrity,Synthetic programme field; see package README and module map.,as_named
package_B_reference_training_decisions/B2_expert_epistemic/expert_profiles.csv,expert_id,object,identifier,Synthetic programme field; see package README and module map.,as_named
package_B_reference_training_decisions/B2_expert_epistemic/expert_profiles.csv,expert_role,object,attribute,Synthetic programme field; see package README and module map.,as_named
package_B_reference_training_decisions/B2_expert_epistemic/expert_profiles.csv,experience_years,int64,attribute,Synthetic programme field; see package README and module map.,as_named
package_B_reference_training_decisions/B2_expert_epistemic/expert_profiles.csv,base_reliability,float64,attribute,Synthetic programme field; see package README and module map.,0_to_1
package_B_reference_training_decisions/B2_expert_epistemic/expert_profiles.csv,bias,float64,attribute,Synthetic programme field; see package README and module map.,as_named
package_B_reference_training_decisions/B2_expert_epistemic/expert_profiles.csv,data_origin,object,provenance,Synthetic programme field; see package README and module map.,as_named
package_B_reference_training_decisions/B2_expert_epistemic/expert_profiles.csv,programme_version,object,provenance,Synthetic programme field; see package README and module map.,as_named
package_B_reference_training_decisions/B2_expert_epistemic/expert_profiles.csv,package_version,object,provenance,Synthetic programme field; see package README and module map.,as_named
package_B_reference_training_decisions/B2_expert_epistemic/expert_profiles.csv,generator_version,object,provenance,Synthetic programme field; see package README and module map.,as_named
package_B_reference_training_decisions/B2_expert_epistemic/expert_profiles.csv,random_seed,int64,provenance,Synthetic programme field; see package README and module map.,as_named
package_B_reference_training_decisions/B2_expert_epistemic/expert_profiles.csv,not_for_empirical_validation,bool,provenance,Synthetic programme field; see package README and module map.,as_named
package_B_reference_training_decisions/B2_expert_epistemic/expert_profiles.csv,record_hash,object,integrity,Synthetic programme field; see package README and module map.,as_named
package_B_reference_training_decisions/B2_expert_epistemic/fuzzy_memberships.csv,expert_id,object,identifier,Synthetic programme field; see package README and module map.,as_named
package_B_reference_training_decisions/B2_expert_epistemic/fuzzy_memberships.csv,scenario_id,object,identifier,Synthetic programme field; see package README and module map.,as_named
package_B_reference_training_decisions/B2_expert_epistemic/fuzzy_memberships.csv,severity_score,float64,analytical,Synthetic programme field; see package README and module map.,as_named
package_B_reference_training_decisions/B2_expert_epistemic/fuzzy_memberships.csv,picture_positive,float64,attribute,Synthetic programme field; see package README and module map.,as_named
package_B_reference_training_decisions/B2_expert_epistemic/fuzzy_memberships.csv,picture_neutral,float64,attribute,Synthetic programme field; see package README and module map.,as_named
package_B_reference_training_decisions/B2_expert_epistemic/fuzzy_memberships.csv,picture_negative,float64,attribute,Synthetic programme field; see package README and module map.,as_named
package_B_reference_training_decisions/B2_expert_epistemic/fuzzy_memberships.csv,hesitant_memberships_json,object,attribute,Synthetic programme field; see package README and module map.,0_to_1
package_B_reference_training_decisions/B2_expert_epistemic/fuzzy_memberships.csv,type2_lower_membership,float64,attribute,Synthetic programme field; see package README and module map.,0_to_1
package_B_reference_training_decisions/B2_expert_epistemic/fuzzy_memberships.csv,type2_upper_membership,float64,attribute,Synthetic programme field; see package README and module map.,0_to_1
package_B_reference_training_decisions/B2_expert_epistemic/fuzzy_memberships.csv,pythagorean_membership,float64,attribute,Synthetic programme field; see package README and module map.,0_to_1
package_B_reference_training_decisions/B2_expert_epistemic/fuzzy_memberships.csv,pythagorean_nonmembership,float64,attribute,Synthetic programme field; see package README and module map.,0_to_1
package_B_reference_training_decisions/B2_expert_epistemic/fuzzy_memberships.csv,data_origin,object,provenance,Synthetic programme field; see package README and module map.,as_named
package_B_reference_training_decisions/B2_expert_epistemic/fuzzy_memberships.csv,programme_version,object,provenance,Synthetic programme field; see package README and module map.,as_named
package_B_reference_training_decisions/B2_expert_epistemic/fuzzy_memberships.csv,package_version,object,provenance,Synthetic programme field; see package README and module map.,as_named
package_B_reference_training_decisions/B2_expert_epistemic/fuzzy_memberships.csv,generator_version,object,provenance,Synthetic programme field; see package README and module map.,as_named
package_B_reference_training_decisions/B2_expert_epistemic/fuzzy_memberships.csv,random_seed,int64,provenance,Synthetic programme field; see package README and module map.,as_named
package_B_reference_training_decisions/B2_expert_epistemic/fuzzy_memberships.csv,not_for_empirical_validation,bool,provenance,Synthetic programme field; see package README and module map.,as_named
package_B_reference_training_decisions/B2_expert_epistemic/fuzzy_memberships.csv,record_hash,object,integrity,Synthetic programme field; see package README and module map.,as_named
package_B_reference_training_decisions/B2_expert_epistemic/plts_assessments.csv,expert_id,object,identifier,Synthetic programme field; see package README and module map.,as_named
package_B_reference_training_decisions/B2_expert_epistemic/plts_assessments.csv,scenario_id,object,identifier,Synthetic programme field; see package README and module map.,as_named
package_B_reference_training_decisions/B2_expert_epistemic/plts_assessments.csv,p_green,float64,attribute,Synthetic programme field; see package README and module map.,as_named
package_B_reference_training_decisions/B2_expert_epistemic/plts_assessments.csv,p_yellow,float64,attribute,Synthetic programme field; see package README and module map.,as_named
package_B_reference_training_decisions/B2_expert_epistemic/plts_assessments.csv,p_amber,float64,attribute,Synthetic programme field; see package README and module map.,as_named
package_B_reference_training_decisions/B2_expert_epistemic/plts_assessments.csv,p_red,float64,attribute,Synthetic programme field; see package README and module map.,as_named
package_B_reference_training_decisions/B2_expert_epistemic/plts_assessments.csv,probability_sum,float64,analytical,Synthetic programme field; see package README and module map.,0_to_1
package_B_reference_training_decisions/B2_expert_epistemic/plts_assessments.csv,data_origin,object,provenance,Synthetic programme field; see package README and module map.,as_named
package_B_reference_training_decisions/B2_expert_epistemic/plts_assessments.csv,programme_version,object,provenance,Synthetic programme field; see package README and module map.,as_named
package_B_reference_training_decisions/B2_expert_epistemic/plts_assessments.csv,package_version,object,provenance,Synthetic programme field; see package README and module map.,as_named
package_B_reference_training_decisions/B2_expert_epistemic/plts_assessments.csv,generator_version,object,provenance,Synthetic programme field; see package README and module map.,as_named
package_B_reference_training_decisions/B2_expert_epistemic/plts_assessments.csv,random_seed,int64,provenance,Synthetic programme field; see package README and module map.,as_named
package_B_reference_training_decisions/B2_expert_epistemic/plts_assessments.csv,not_for_empirical_validation,bool,provenance,Synthetic programme field; see package README and module map.,as_named
package_B_reference_training_decisions/B2_expert_epistemic/plts_assessments.csv,record_hash,object,integrity,Synthetic programme field; see package README and module map.,as_named
package_B_reference_training_decisions/B2_expert_epistemic/possibility_distributions.csv,expert_id,object,identifier,Synthetic programme field; see package README and module map.,as_named
package_B_reference_training_decisions/B2_expert_epistemic/possibility_distributions.csv,scenario_id,object,identifier,Synthetic programme field; see package README and module map.,as_named
package_B_reference_training_decisions/B2_expert_epistemic/possibility_distributions.csv,poss_green,float64,attribute,Synthetic programme field; see package README and module map.,as_named
package_B_reference_training_decisions/B2_expert_epistemic/possibility_distributions.csv,poss_yellow,float64,attribute,Synthetic programme field; see package README and module map.,as_named
package_B_reference_training_decisions/B2_expert_epistemic/possibility_distributions.csv,poss_amber,float64,attribute,Synthetic programme field; see package README and module map.,as_named
package_B_reference_training_decisions/B2_expert_epistemic/possibility_distributions.csv,poss_red,float64,attribute,Synthetic programme field; see package README and module map.,as_named
package_B_reference_training_decisions/B2_expert_epistemic/possibility_distributions.csv,max_possibility,float64,attribute,Synthetic programme field; see package README and module map.,as_named
package_B_reference_training_decisions/B2_expert_epistemic/possibility_distributions.csv,data_origin,object,provenance,Synthetic programme field; see package README and module map.,as_named
package_B_reference_training_decisions/B2_expert_epistemic/possibility_distributions.csv,programme_version,object,provenance,Synthetic programme field; see package README and module map.,as_named
package_B_reference_training_decisions/B2_expert_epistemic/possibility_distributions.csv,package_version,object,provenance,Synthetic programme field; see package README and module map.,as_named
package_B_reference_training_decisions/B2_expert_epistemic/possibility_distributions.csv,generator_version,object,provenance,Synthetic programme field; see package README and module map.,as_named
package_B_reference_training_decisions/B2_expert_epistemic/possibility_distributions.csv,random_seed,int64,provenance,Synthetic programme field; see package README and module map.,as_named
package_B_reference_training_decisions/B2_expert_epistemic/possibility_distributions.csv,not_for_empirical_validation,bool,provenance,Synthetic programme field; see package README and module map.,as_named
package_B_reference_training_decisions/B2_expert_epistemic/possibility_distributions.csv,record_hash,object,integrity,Synthetic programme field; see package README and module map.,as_named
package_B_reference_training_decisions/B2_expert_epistemic/z_number_assessments.csv,expert_id,object,identifier,Synthetic programme field; see package README and module map.,as_named
package_B_reference_training_decisions/B2_expert_epistemic/z_number_assessments.csv,scenario_id,object,identifier,Synthetic programme field; see package README and module map.,as_named
package_B_reference_training_decisions/B2_expert_epistemic/z_number_assessments.csv,assessment_low,float64,attribute,Synthetic programme field; see package README and module map.,as_named
package_B_reference_training_decisions/B2_expert_epistemic/z_number_assessments.csv,assessment_mode,float64,attribute,Synthetic programme field; see package README and module map.,as_named
package_B_reference_training_decisions/B2_expert_epistemic/z_number_assessments.csv,assessment_high,float64,attribute,Synthetic programme field; see package README and module map.,as_named
package_B_reference_training_decisions/B2_expert_epistemic/z_number_assessments.csv,reliability,float64,attribute,Synthetic programme field; see package README and module map.,0_to_1
package_B_reference_training_decisions/B2_expert_epistemic/z_number_assessments.csv,reliability_source,object,attribute,Synthetic programme field; see package README and module map.,0_to_1
package_B_reference_training_decisions/B2_expert_epistemic/z_number_assessments.csv,data_origin,object,provenance,Synthetic programme field; see package README and module map.,as_named
package_B_reference_training_decisions/B2_expert_epistemic/z_number_assessments.csv,programme_version,object,provenance,Synthetic programme field; see package README and module map.,as_named
package_B_reference_training_decisions/B2_expert_epistemic/z_number_assessments.csv,package_version,object,provenance,Synthetic programme field; see package README and module map.,as_named
package_B_reference_training_decisions/B2_expert_epistemic/z_number_assessments.csv,generator_version,object,provenance,Synthetic programme field; see package README and module map.,as_named
package_B_reference_training_decisions/B2_expert_epistemic/z_number_assessments.csv,random_seed,int64,provenance,Synthetic programme field; see package README and module map.,as_named
package_B_reference_training_decisions/B2_expert_epistemic/z_number_assessments.csv,not_for_empirical_validation,bool,provenance,Synthetic programme field; see package README and module map.,as_named
package_B_reference_training_decisions/B2_expert_epistemic/z_number_assessments.csv,record_hash,object,integrity,Synthetic programme field; see package README and module map.,as_named
package_B_reference_training_decisions/B3_decision_optimization/action_scenario_outcomes.csv,decision_problem_id,object,identifier,Synthetic programme field; see package README and module map.,as_named
package_B_reference_training_decisions/B3_decision_optimization/action_scenario_outcomes.csv,action_id,object,identifier,Synthetic programme field; see package README and module map.,as_named
package_B_reference_training_decisions/B3_decision_optimization/action_scenario_outcomes.csv,scenario_id,object,identifier,Synthetic programme field; see package README and module map.,as_named
package_B_reference_training_decisions/B3_decision_optimization/action_scenario_outcomes.csv,cost_delta_usd,float64,analytical,Synthetic programme field; see package README and module map.,USD
package_B_reference_training_decisions/B3_decision_optimization/action_scenario_outcomes.csv,delay_days,float64,analytical,Synthetic programme field; see package README and module map.,day
package_B_reference_training_decisions/B3_decision_optimization/action_scenario_outcomes.csv,quality_risk,float64,analytical,Synthetic programme field; see package README and module map.,0_to_1
package_B_reference_training_decisions/B3_decision_optimization/action_scenario_outcomes.csv,safety_risk,float64,analytical,Synthetic programme field; see package README and module map.,0_to_1
package_B_reference_training_decisions/B3_decision_optimization/action_scenario_outcomes.csv,residual_risk,float64,analytical,Synthetic programme field; see package README and module map.,0_to_1
package_B_reference_training_decisions/B3_decision_optimization/action_scenario_outcomes.csv,feasible,bool,attribute,Synthetic programme field; see package README and module map.,as_named
package_B_reference_training_decisions/B3_decision_optimization/action_scenario_outcomes.csv,data_origin,object,provenance,Synthetic programme field; see package README and module map.,as_named
package_B_reference_training_decisions/B3_decision_optimization/action_scenario_outcomes.csv,programme_version,object,provenance,Synthetic programme field; see package README and module map.,as_named
package_B_reference_training_decisions/B3_decision_optimization/action_scenario_outcomes.csv,package_version,object,provenance,Synthetic programme field; see package README and module map.,as_named
package_B_reference_training_decisions/B3_decision_optimization/action_scenario_outcomes.csv,generator_version,object,provenance,Synthetic programme field; see package README and module map.,as_named
package_B_reference_training_decisions/B3_decision_optimization/action_scenario_outcomes.csv,random_seed,int64,provenance,Synthetic programme field; see package README and module map.,as_named
package_B_reference_training_decisions/B3_decision_optimization/action_scenario_outcomes.csv,not_for_empirical_validation,bool,provenance,Synthetic programme field; see package README and module map.,as_named
package_B_reference_training_decisions/B3_decision_optimization/action_scenario_outcomes.csv,record_hash,object,integrity,Synthetic programme field; see package README and module map.,as_named
package_B_reference_training_decisions/B3_decision_optimization/actions.csv,decision_problem_id,object,identifier,Synthetic programme field; see package README and module map.,as_named
package_B_reference_training_decisions/B3_decision_optimization/actions.csv,action_id,object,identifier,Synthetic programme field; see package README and module map.,as_named
package_B_reference_training_decisions/B3_decision_optimization/actions.csv,action_name,object,attribute,Synthetic programme field; see package README and module map.,as_named
package_B_reference_training_decisions/B3_decision_optimization/actions.csv,base_direct_cost_usd,float64,analytical,Synthetic programme field; see package README and module map.,USD
package_B_reference_training_decisions/B3_decision_optimization/actions.csv,base_delay_effect_days,float64,analytical,Synthetic programme field; see package README and module map.,day
package_B_reference_training_decisions/B3_decision_optimization/actions.csv,quality_risk_effect,float64,analytical,Synthetic programme field; see package README and module map.,0_to_1
package_B_reference_training_decisions/B3_decision_optimization/actions.csv,safety_risk_effect,float64,analytical,Synthetic programme field; see package README and module map.,0_to_1
package_B_reference_training_decisions/B3_decision_optimization/actions.csv,residual_risk_effect,float64,analytical,Synthetic programme field; see package README and module map.,0_to_1
package_B_reference_training_decisions/B3_decision_optimization/actions.csv,crew_increment,int64,attribute,Synthetic programme field; see package README and module map.,as_named
package_B_reference_training_decisions/B3_decision_optimization/actions.csv,overtime_fraction,float64,attribute,Synthetic programme field; see package README and module map.,0_to_1
package_B_reference_training_decisions/B3_decision_optimization/actions.csv,requires_executive_authority,bool,attribute,Synthetic programme field; see package README and module map.,as_named
package_B_reference_training_decisions/B3_decision_optimization/actions.csv,data_origin,object,provenance,Synthetic programme field; see package README and module map.,as_named
package_B_reference_training_decisions/B3_decision_optimization/actions.csv,programme_version,object,provenance,Synthetic programme field; see package README and module map.,as_named
package_B_reference_training_decisions/B3_decision_optimization/actions.csv,package_version,object,provenance,Synthetic programme field; see package README and module map.,as_named
package_B_reference_training_decisions/B3_decision_optimization/actions.csv,generator_version,object,provenance,Synthetic programme field; see package README and module map.,as_named
package_B_reference_training_decisions/B3_decision_optimization/actions.csv,random_seed,int64,provenance,Synthetic programme field; see package README and module map.,as_named
package_B_reference_training_decisions/B3_decision_optimization/actions.csv,not_for_empirical_validation,bool,provenance,Synthetic programme field; see package README and module map.,as_named
package_B_reference_training_decisions/B3_decision_optimization/actions.csv,record_hash,object,integrity,Synthetic programme field; see package README and module map.,as_named
package_B_reference_training_decisions/B3_decision_optimization/alternative_criteria_matrix.csv,decision_problem_id,object,identifier,Synthetic programme field; see package README and module map.,as_named
package_B_reference_training_decisions/B3_decision_optimization/alternative_criteria_matrix.csv,action_id,object,identifier,Synthetic programme field; see package README and module map.,as_named
package_B_reference_training_decisions/B3_decision_optimization/alternative_criteria_matrix.csv,expected_cost_delta_usd,float64,analytical,Synthetic programme field; see package README and module map.,USD
package_B_reference_training_decisions/B3_decision_optimization/alternative_criteria_matrix.csv,expected_delay_days,float64,analytical,Synthetic programme field; see package README and module map.,day
package_B_reference_training_decisions/B3_decision_optimization/alternative_criteria_matrix.csv,quality_risk,float64,analytical,Synthetic programme field; see package README and module map.,0_to_1
package_B_reference_training_decisions/B3_decision_optimization/alternative_criteria_matrix.csv,safety_risk,float64,analytical,Synthetic programme field; see package README and module map.,0_to_1
package_B_reference_training_decisions/B3_decision_optimization/alternative_criteria_matrix.csv,residual_risk,float64,analytical,Synthetic programme field; see package README and module map.,0_to_1
package_B_reference_training_decisions/B3_decision_optimization/alternative_criteria_matrix.csv,data_origin,object,provenance,Synthetic programme field; see package README and module map.,as_named
package_B_reference_training_decisions/B3_decision_optimization/alternative_criteria_matrix.csv,programme_version,object,provenance,Synthetic programme field; see package README and module map.,as_named
package_B_reference_training_decisions/B3_decision_optimization/alternative_criteria_matrix.csv,package_version,object,provenance,Synthetic programme field; see package README and module map.,as_named
package_B_reference_training_decisions/B3_decision_optimization/alternative_criteria_matrix.csv,generator_version,object,provenance,Synthetic programme field; see package README and module map.,as_named
package_B_reference_training_decisions/B3_decision_optimization/alternative_criteria_matrix.csv,random_seed,int64,provenance,Synthetic programme field; see package README and module map.,as_named
package_B_reference_training_decisions/B3_decision_optimization/alternative_criteria_matrix.csv,not_for_empirical_validation,bool,provenance,Synthetic programme field; see package README and module map.,as_named
package_B_reference_training_decisions/B3_decision_optimization/alternative_criteria_matrix.csv,record_hash,object,integrity,Synthetic programme field; see package README and module map.,as_named
package_B_reference_training_decisions/B3_decision_optimization/constraints.csv,decision_problem_id,object,identifier,Synthetic programme field; see package README and module map.,as_named
package_B_reference_training_decisions/B3_decision_optimization/constraints.csv,constraint_id,object,identifier,Synthetic programme field; see package README and module map.,as_named
package_B_reference_training_decisions/B3_decision_optimization/constraints.csv,constraint_type,object,attribute,Synthetic programme field; see package README and module map.,as_named
package_B_reference_training_decisions/B3_decision_optimization/constraints.csv,expression,object,attribute,Synthetic programme field; see package README and module map.,as_named
package_B_reference_training_decisions/B3_decision_optimization/constraints.csv,right_hand_side,float64,attribute,Synthetic programme field; see package README and module map.,as_named
package_B_reference_training_decisions/B3_decision_optimization/constraints.csv,data_origin,object,provenance,Synthetic programme field; see package README and module map.,as_named
package_B_reference_training_decisions/B3_decision_optimization/constraints.csv,programme_version,object,provenance,Synthetic programme field; see package README and module map.,as_named
package_B_reference_training_decisions/B3_decision_optimization/constraints.csv,package_version,object,provenance,Synthetic programme field; see package README and module map.,as_named
package_B_reference_training_decisions/B3_decision_optimization/constraints.csv,generator_version,object,provenance,Synthetic programme field; see package README and module map.,as_named
package_B_reference_training_decisions/B3_decision_optimization/constraints.csv,random_seed,int64,provenance,Synthetic programme field; see package README and module map.,as_named
package_B_reference_training_decisions/B3_decision_optimization/constraints.csv,not_for_empirical_validation,bool,provenance,Synthetic programme field; see package README and module map.,as_named
package_B_reference_training_decisions/B3_decision_optimization/constraints.csv,record_hash,object,integrity,Synthetic programme field; see package README and module map.,as_named
package_B_reference_training_decisions/B3_decision_optimization/criteria.csv,decision_problem_id,object,identifier,Synthetic programme field; see package README and module map.,as_named
package_B_reference_training_decisions/B3_decision_optimization/criteria.csv,criterion_id,object,identifier,Synthetic programme field; see package README and module map.,as_named
package_B_reference_training_decisions/B3_decision_optimization/criteria.csv,criterion_name,object,attribute,Synthetic programme field; see package README and module map.,as_named
package_B_reference_training_decisions/B3_decision_optimization/criteria.csv,direction,object,attribute,Synthetic programme field; see package README and module map.,as_named
package_B_reference_training_decisions/B3_decision_optimization/criteria.csv,owner_weight,float64,attribute,Synthetic programme field; see package README and module map.,as_named
package_B_reference_training_decisions/B3_decision_optimization/criteria.csv,unit,object,attribute,Synthetic programme field; see package README and module map.,as_named
package_B_reference_training_decisions/B3_decision_optimization/criteria.csv,data_origin,object,provenance,Synthetic programme field; see package README and module map.,as_named
package_B_reference_training_decisions/B3_decision_optimization/criteria.csv,programme_version,object,provenance,Synthetic programme field; see package README and module map.,as_named
package_B_reference_training_decisions/B3_decision_optimization/criteria.csv,package_version,object,provenance,Synthetic programme field; see package README and module map.,as_named
package_B_reference_training_decisions/B3_decision_optimization/criteria.csv,generator_version,object,provenance,Synthetic programme field; see package README and module map.,as_named
package_B_reference_training_decisions/B3_decision_optimization/criteria.csv,random_seed,int64,provenance,Synthetic programme field; see package README and module map.,as_named
package_B_reference_training_decisions/B3_decision_optimization/criteria.csv,not_for_empirical_validation,bool,provenance,Synthetic programme field; see package README and module map.,as_named
package_B_reference_training_decisions/B3_decision_optimization/criteria.csv,record_hash,object,integrity,Synthetic programme field; see package README and module map.,as_named
package_B_reference_training_decisions/B3_decision_optimization/decision_problems.csv,decision_problem_id,object,identifier,Synthetic programme field; see package README and module map.,as_named
package_B_reference_training_decisions/B3_decision_optimization/decision_problems.csv,project_id,object,identifier,Synthetic programme field; see package README and module map.,as_named
package_B_reference_training_decisions/B3_decision_optimization/decision_problems.csv,reporting_period,object,attribute,Synthetic programme field; see package README and module map.,as_named
package_B_reference_training_decisions/B3_decision_optimization/decision_problems.csv,decision_horizon_days,int64,analytical,Synthetic programme field; see package README and module map.,day
package_B_reference_training_decisions/B3_decision_optimization/decision_problems.csv,authority_required,object,attribute,Synthetic programme field; see package README and module map.,as_named
package_B_reference_training_decisions/B3_decision_optimization/decision_problems.csv,budget_cap_usd,float64,attribute,Synthetic programme field; see package README and module map.,USD
package_B_reference_training_decisions/B3_decision_optimization/decision_problems.csv,crew_capacity_increment,int64,attribute,Synthetic programme field; see package README and module map.,as_named
package_B_reference_training_decisions/B3_decision_optimization/decision_problems.csv,max_overtime_fraction,float64,attribute,Synthetic programme field; see package README and module map.,0_to_1
package_B_reference_training_decisions/B3_decision_optimization/decision_problems.csv,data_origin,object,provenance,Synthetic programme field; see package README and module map.,as_named
package_B_reference_training_decisions/B3_decision_optimization/decision_problems.csv,programme_version,object,provenance,Synthetic programme field; see package README and module map.,as_named
package_B_reference_training_decisions/B3_decision_optimization/decision_problems.csv,package_version,object,provenance,Synthetic programme field; see package README and module map.,as_named
package_B_reference_training_decisions/B3_decision_optimization/decision_problems.csv,generator_version,object,provenance,Synthetic programme field; see package README and module map.,as_named
package_B_reference_training_decisions/B3_decision_optimization/decision_problems.csv,random_seed,int64,provenance,Synthetic programme field; see package README and module map.,as_named
package_B_reference_training_decisions/B3_decision_optimization/decision_problems.csv,not_for_empirical_validation,bool,provenance,Synthetic programme field; see package README and module map.,as_named
package_B_reference_training_decisions/B3_decision_optimization/decision_problems.csv,record_hash,object,integrity,Synthetic programme field; see package README and module map.,as_named
package_B_reference_training_decisions/B3_decision_optimization/ground_truth_decisions.csv,decision_problem_id,object,identifier,Synthetic programme field; see package README and module map.,as_named
package_B_reference_training_decisions/B3_decision_optimization/ground_truth_decisions.csv,critic_weights_json,object,attribute,Synthetic programme field; see package README and module map.,as_named
package_B_reference_training_decisions/B3_decision_optimization/ground_truth_decisions.csv,critic_topsis_top_action_id,object,identifier,Synthetic programme field; see package README and module map.,as_named
package_B_reference_training_decisions/B3_decision_optimization/ground_truth_decisions.csv,marcos_top_action_id,object,identifier,Synthetic programme field; see package README and module map.,as_named
package_B_reference_training_decisions/B3_decision_optimization/ground_truth_decisions.csv,minimax_regret_action_id,object,identifier,Synthetic programme field; see package README and module map.,as_named
package_B_reference_training_decisions/B3_decision_optimization/ground_truth_decisions.csv,minimax_regret_value,float64,analytical,Synthetic programme field; see package README and module map.,as_named
package_B_reference_training_decisions/B3_decision_optimization/ground_truth_decisions.csv,pareto_action_ids,object,attribute,Synthetic programme field; see package README and module map.,as_named
package_B_reference_training_decisions/B3_decision_optimization/ground_truth_decisions.csv,lp_success,bool,attribute,Synthetic programme field; see package README and module map.,as_named
package_B_reference_training_decisions/B3_decision_optimization/ground_truth_decisions.csv,lp_objective_value,float64,analytical,Synthetic programme field; see package README and module map.,as_named
package_B_reference_training_decisions/B3_decision_optimization/ground_truth_decisions.csv,lp_solution_json,object,attribute,Synthetic programme field; see package README and module map.,as_named
package_B_reference_training_decisions/B3_decision_optimization/ground_truth_decisions.csv,decision_sensitivity_change_rate,float64,attribute,Synthetic programme field; see package README and module map.,as_named
package_B_reference_training_decisions/B3_decision_optimization/ground_truth_decisions.csv,data_origin,object,provenance,Synthetic programme field; see package README and module map.,as_named
package_B_reference_training_decisions/B3_decision_optimization/ground_truth_decisions.csv,programme_version,object,provenance,Synthetic programme field; see package README and module map.,as_named
package_B_reference_training_decisions/B3_decision_optimization/ground_truth_decisions.csv,package_version,object,provenance,Synthetic programme field; see package README and module map.,as_named
package_B_reference_training_decisions/B3_decision_optimization/ground_truth_decisions.csv,generator_version,object,provenance,Synthetic programme field; see package README and module map.,as_named
package_B_reference_training_decisions/B3_decision_optimization/ground_truth_decisions.csv,random_seed,int64,provenance,Synthetic programme field; see package README and module map.,as_named
package_B_reference_training_decisions/B3_decision_optimization/ground_truth_decisions.csv,not_for_empirical_validation,bool,provenance,Synthetic programme field; see package README and module map.,as_named
package_B_reference_training_decisions/B3_decision_optimization/ground_truth_decisions.csv,record_hash,object,integrity,Synthetic programme field; see package README and module map.,as_named
package_B_reference_training_decisions/B3_decision_optimization/payoff_matrices.csv,decision_problem_id,object,identifier,Synthetic programme field; see package README and module map.,as_named
package_B_reference_training_decisions/B3_decision_optimization/payoff_matrices.csv,action_id,object,identifier,Synthetic programme field; see package README and module map.,as_named
package_B_reference_training_decisions/B3_decision_optimization/payoff_matrices.csv,scenario_id,object,identifier,Synthetic programme field; see package README and module map.,as_named
package_B_reference_training_decisions/B3_decision_optimization/payoff_matrices.csv,loss_value,float64,analytical,Synthetic programme field; see package README and module map.,as_named
package_B_reference_training_decisions/B3_decision_optimization/payoff_matrices.csv,regret_value,float64,analytical,Synthetic programme field; see package README and module map.,as_named
package_B_reference_training_decisions/B3_decision_optimization/payoff_matrices.csv,data_origin,object,provenance,Synthetic programme field; see package README and module map.,as_named
package_B_reference_training_decisions/B3_decision_optimization/payoff_matrices.csv,programme_version,object,provenance,Synthetic programme field; see package README and module map.,as_named
package_B_reference_training_decisions/B3_decision_optimization/payoff_matrices.csv,package_version,object,provenance,Synthetic programme field; see package README and module map.,as_named
package_B_reference_training_decisions/B3_decision_optimization/payoff_matrices.csv,generator_version,object,provenance,Synthetic programme field; see package README and module map.,as_named
package_B_reference_training_decisions/B3_decision_optimization/payoff_matrices.csv,random_seed,int64,provenance,Synthetic programme field; see package README and module map.,as_named
package_B_reference_training_decisions/B3_decision_optimization/payoff_matrices.csv,not_for_empirical_validation,bool,provenance,Synthetic programme field; see package README and module map.,as_named
package_B_reference_training_decisions/B3_decision_optimization/payoff_matrices.csv,record_hash,object,integrity,Synthetic programme field; see package README and module map.,as_named
package_B_reference_training_decisions/B3_decision_optimization/scenarios.csv,decision_problem_id,object,identifier,Synthetic programme field; see package README and module map.,as_named
package_B_reference_training_decisions/B3_decision_optimization/scenarios.csv,scenario_id,object,identifier,Synthetic programme field; see package README and module map.,as_named
package_B_reference_training_decisions/B3_decision_optimization/scenarios.csv,scenario_name,object,attribute,Synthetic programme field; see package README and module map.,as_named
package_B_reference_training_decisions/B3_decision_optimization/scenarios.csv,scenario_probability,float64,analytical,Synthetic programme field; see package README and module map.,0_to_1
package_B_reference_training_decisions/B3_decision_optimization/scenarios.csv,delay_shock_days,float64,analytical,Synthetic programme field; see package README and module map.,day
package_B_reference_training_decisions/B3_decision_optimization/scenarios.csv,quality_shock,float64,attribute,Synthetic programme field; see package README and module map.,as_named
package_B_reference_training_decisions/B3_decision_optimization/scenarios.csv,safety_shock,float64,attribute,Synthetic programme field; see package README and module map.,as_named
package_B_reference_training_decisions/B3_decision_optimization/scenarios.csv,risk_shock,float64,analytical,Synthetic programme field; see package README and module map.,0_to_1
package_B_reference_training_decisions/B3_decision_optimization/scenarios.csv,data_origin,object,provenance,Synthetic programme field; see package README and module map.,as_named
package_B_reference_training_decisions/B3_decision_optimization/scenarios.csv,programme_version,object,provenance,Synthetic programme field; see package README and module map.,as_named
package_B_reference_training_decisions/B3_decision_optimization/scenarios.csv,package_version,object,provenance,Synthetic programme field; see package README and module map.,as_named
package_B_reference_training_decisions/B3_decision_optimization/scenarios.csv,generator_version,object,provenance,Synthetic programme field; see package README and module map.,as_named
package_B_reference_training_decisions/B3_decision_optimization/scenarios.csv,random_seed,int64,provenance,Synthetic programme field; see package README and module map.,as_named
package_B_reference_training_decisions/B3_decision_optimization/scenarios.csv,not_for_empirical_validation,bool,provenance,Synthetic programme field; see package README and module map.,as_named
package_B_reference_training_decisions/B3_decision_optimization/scenarios.csv,record_hash,object,integrity,Synthetic programme field; see package README and module map.,as_named
package_B_reference_training_decisions/B3_decision_optimization/sensitivity_cases.csv,decision_problem_id,object,identifier,Synthetic programme field; see package README and module map.,as_named
package_B_reference_training_decisions/B3_decision_optimization/sensitivity_cases.csv,criterion_name,object,attribute,Synthetic programme field; see package README and module map.,as_named
package_B_reference_training_decisions/B3_decision_optimization/sensitivity_cases.csv,weight_factor,float64,attribute,Synthetic programme field; see package README and module map.,as_named
package_B_reference_training_decisions/B3_decision_optimization/sensitivity_cases.csv,selected_action_id,object,identifier,Synthetic programme field; see package README and module map.,as_named
package_B_reference_training_decisions/B3_decision_optimization/sensitivity_cases.csv,base_selected_action_id,object,identifier,Synthetic programme field; see package README and module map.,as_named
package_B_reference_training_decisions/B3_decision_optimization/sensitivity_cases.csv,selection_changed,bool,attribute,Synthetic programme field; see package README and module map.,as_named
package_B_reference_training_decisions/B3_decision_optimization/sensitivity_cases.csv,data_origin,object,provenance,Synthetic programme field; see package README and module map.,as_named
package_B_reference_training_decisions/B3_decision_optimization/sensitivity_cases.csv,programme_version,object,provenance,Synthetic programme field; see package README and module map.,as_named
package_B_reference_training_decisions/B3_decision_optimization/sensitivity_cases.csv,package_version,object,provenance,Synthetic programme field; see package README and module map.,as_named
package_B_reference_training_decisions/B3_decision_optimization/sensitivity_cases.csv,generator_version,object,provenance,Synthetic programme field; see package README and module map.,as_named
package_B_reference_training_decisions/B3_decision_optimization/sensitivity_cases.csv,random_seed,int64,provenance,Synthetic programme field; see package README and module map.,as_named
package_B_reference_training_decisions/B3_decision_optimization/sensitivity_cases.csv,not_for_empirical_validation,bool,provenance,Synthetic programme field; see package README and module map.,as_named
package_B_reference_training_decisions/B3_decision_optimization/sensitivity_cases.csv,record_hash,object,integrity,Synthetic programme field; see package README and module map.,as_named
package_C_optional_activation_lab/activation_benchmark_plan.csv,module_id,float64,identifier,Synthetic programme field; see package README and module map.,as_named
package_C_optional_activation_lab/activation_benchmark_plan.csv,module_name,object,attribute,Synthetic programme field; see package README and module map.,as_named
package_C_optional_activation_lab/activation_benchmark_plan.csv,baseline_comparator,object,attribute,Synthetic programme field; see package README and module map.,as_named
package_C_optional_activation_lab/activation_benchmark_plan.csv,required_metrics,object,attribute,Synthetic programme field; see package README and module map.,as_named
package_C_optional_activation_lab/activation_benchmark_plan.csv,activation_rule,object,attribute,Synthetic programme field; see package README and module map.,as_named
package_C_optional_activation_lab/activation_benchmark_plan.csv,default_state,object,attribute,Synthetic programme field; see package README and module map.,as_named
package_C_optional_activation_lab/activation_benchmark_plan.csv,data_origin,object,provenance,Synthetic programme field; see package README and module map.,as_named
package_C_optional_activation_lab/activation_benchmark_plan.csv,programme_version,object,provenance,Synthetic programme field; see package README and module map.,as_named
package_C_optional_activation_lab/activation_benchmark_plan.csv,package_version,object,provenance,Synthetic programme field; see package README and module map.,as_named
package_C_optional_activation_lab/activation_benchmark_plan.csv,generator_version,object,provenance,Synthetic programme field; see package README and module map.,as_named
package_C_optional_activation_lab/activation_benchmark_plan.csv,random_seed,int64,provenance,Synthetic programme field; see package README and module map.,as_named
package_C_optional_activation_lab/activation_benchmark_plan.csv,not_for_empirical_validation,bool,provenance,Synthetic programme field; see package README and module map.,as_named
package_C_optional_activation_lab/activation_benchmark_plan.csv,record_hash,object,integrity,Synthetic programme field; see package README and module map.,as_named
package_C_optional_activation_lab/activation_candidates.csv,module_id,float64,identifier,Synthetic programme field; see package README and module map.,as_named
package_C_optional_activation_lab/activation_candidates.csv,module_name,object,attribute,Synthetic programme field; see package README and module map.,as_named
package_C_optional_activation_lab/activation_candidates.csv,category_number,int64,attribute,Synthetic programme field; see package README and module map.,as_named
package_C_optional_activation_lab/activation_candidates.csv,activation_recommendation,object,attribute,Synthetic programme field; see package README and module map.,as_named
package_C_optional_activation_lab/activation_candidates.csv,required_source_package,object,attribute,Synthetic programme field; see package README and module map.,as_named
package_C_optional_activation_lab/activation_candidates.csv,activation_basis,object,attribute,Synthetic programme field; see package README and module map.,as_named
package_C_optional_activation_lab/activation_candidates.csv,data_origin,object,provenance,Synthetic programme field; see package README and module map.,as_named
package_C_optional_activation_lab/activation_candidates.csv,programme_version,object,provenance,Synthetic programme field; see package README and module map.,as_named
package_C_optional_activation_lab/activation_candidates.csv,package_version,object,provenance,Synthetic programme field; see package README and module map.,as_named
package_C_optional_activation_lab/activation_candidates.csv,generator_version,object,provenance,Synthetic programme field; see package README and module map.,as_named
package_C_optional_activation_lab/activation_candidates.csv,random_seed,int64,provenance,Synthetic programme field; see package README and module map.,as_named
package_C_optional_activation_lab/activation_candidates.csv,not_for_empirical_validation,bool,provenance,Synthetic programme field; see package README and module map.,as_named
package_C_optional_activation_lab/activation_candidates.csv,record_hash,object,integrity,Synthetic programme field; see package README and module map.,as_named
package_C_optional_activation_lab/hypersoft_approximation.csv,combination_id,object,identifier,Synthetic programme field; see package README and module map.,as_named
package_C_optional_activation_lab/hypersoft_approximation.csv,cost_level,object,analytical,Synthetic programme field; see package README and module map.,as_named
package_C_optional_activation_lab/hypersoft_approximation.csv,delivery_speed,object,attribute,Synthetic programme field; see package README and module map.,as_named
package_C_optional_activation_lab/hypersoft_approximation.csv,quality_level,object,attribute,Synthetic programme field; see package README and module map.,as_named
package_C_optional_activation_lab/hypersoft_approximation.csv,carbon_level,object,attribute,Synthetic programme field; see package README and module map.,as_named
package_C_optional_activation_lab/hypersoft_approximation.csv,alternative_id,object,identifier,Synthetic programme field; see package README and module map.,as_named
package_C_optional_activation_lab/hypersoft_approximation.csv,membership_degree,float64,attribute,Synthetic programme field; see package README and module map.,0_to_1
package_C_optional_activation_lab/hypersoft_approximation.csv,data_origin,object,provenance,Synthetic programme field; see package README and module map.,as_named
package_C_optional_activation_lab/hypersoft_approximation.csv,programme_version,object,provenance,Synthetic programme field; see package README and module map.,as_named
package_C_optional_activation_lab/hypersoft_approximation.csv,package_version,object,provenance,Synthetic programme field; see package README and module map.,as_named
package_C_optional_activation_lab/hypersoft_approximation.csv,generator_version,object,provenance,Synthetic programme field; see package README and module map.,as_named
package_C_optional_activation_lab/hypersoft_approximation.csv,random_seed,int64,provenance,Synthetic programme field; see package README and module map.,as_named
package_C_optional_activation_lab/hypersoft_approximation.csv,not_for_empirical_validation,bool,provenance,Synthetic programme field; see package README and module map.,as_named
package_C_optional_activation_lab/hypersoft_approximation.csv,record_hash,object,integrity,Synthetic programme field; see package README and module map.,as_named
package_C_optional_activation_lab/hypersoft_parameters.csv,parameter_group,object,attribute,Synthetic programme field; see package README and module map.,as_named
package_C_optional_activation_lab/hypersoft_parameters.csv,parameter_value,object,analytical,Synthetic programme field; see package README and module map.,as_named
package_C_optional_activation_lab/hypersoft_parameters.csv,data_origin,object,provenance,Synthetic programme field; see package README and module map.,as_named
package_C_optional_activation_lab/hypersoft_parameters.csv,programme_version,object,provenance,Synthetic programme field; see package README and module map.,as_named
package_C_optional_activation_lab/hypersoft_parameters.csv,package_version,object,provenance,Synthetic programme field; see package README and module map.,as_named
package_C_optional_activation_lab/hypersoft_parameters.csv,generator_version,object,provenance,Synthetic programme field; see package README and module map.,as_named
package_C_optional_activation_lab/hypersoft_parameters.csv,random_seed,int64,provenance,Synthetic programme field; see package README and module map.,as_named
package_C_optional_activation_lab/hypersoft_parameters.csv,not_for_empirical_validation,bool,provenance,Synthetic programme field; see package README and module map.,as_named
package_C_optional_activation_lab/hypersoft_parameters.csv,record_hash,object,integrity,Synthetic programme field; see package README and module map.,as_named
package_C_optional_activation_lab/hypersoft_universe.csv,alternative_id,object,identifier,Synthetic programme field; see package README and module map.,as_named
package_C_optional_activation_lab/hypersoft_universe.csv,alternative_name,object,attribute,Synthetic programme field; see package README and module map.,as_named
package_C_optional_activation_lab/hypersoft_universe.csv,data_origin,object,provenance,Synthetic programme field; see package README and module map.,as_named
package_C_optional_activation_lab/hypersoft_universe.csv,programme_version,object,provenance,Synthetic programme field; see package README and module map.,as_named
package_C_optional_activation_lab/hypersoft_universe.csv,package_version,object,provenance,Synthetic programme field; see package README and module map.,as_named
package_C_optional_activation_lab/hypersoft_universe.csv,generator_version,object,provenance,Synthetic programme field; see package README and module map.,as_named
package_C_optional_activation_lab/hypersoft_universe.csv,random_seed,int64,provenance,Synthetic programme field; see package README and module map.,as_named
package_C_optional_activation_lab/hypersoft_universe.csv,not_for_empirical_validation,bool,provenance,Synthetic programme field; see package README and module map.,as_named
package_C_optional_activation_lab/hypersoft_universe.csv,record_hash,object,integrity,Synthetic programme field; see package README and module map.,as_named
package_C_optional_activation_lab/parametric_cost_benchmark.csv,module_id,float64,identifier,Synthetic programme field; see package README and module map.,as_named
package_C_optional_activation_lab/parametric_cost_benchmark.csv,model,object,attribute,Synthetic programme field; see package README and module map.,as_named
package_C_optional_activation_lab/parametric_cost_benchmark.csv,holdout_projects,int64,attribute,Synthetic programme field; see package README and module map.,as_named
package_C_optional_activation_lab/parametric_cost_benchmark.csv,holdout_mae_usd,float64,attribute,Synthetic programme field; see package README and module map.,USD
package_C_optional_activation_lab/parametric_cost_benchmark.csv,naive_archetype_mean_mae_usd,float64,attribute,Synthetic programme field; see package README and module map.,USD
package_C_optional_activation_lab/parametric_cost_benchmark.csv,improvement_fraction,float64,attribute,Synthetic programme field; see package README and module map.,0_to_1
package_C_optional_activation_lab/parametric_cost_benchmark.csv,activation_gate_passed,bool,attribute,Synthetic programme field; see package README and module map.,as_named
package_C_optional_activation_lab/parametric_cost_benchmark.csv,data_origin,object,provenance,Synthetic programme field; see package README and module map.,as_named
package_C_optional_activation_lab/parametric_cost_benchmark.csv,programme_version,object,provenance,Synthetic programme field; see package README and module map.,as_named
package_C_optional_activation_lab/parametric_cost_benchmark.csv,package_version,object,provenance,Synthetic programme field; see package README and module map.,as_named
package_C_optional_activation_lab/parametric_cost_benchmark.csv,generator_version,object,provenance,Synthetic programme field; see package README and module map.,as_named
package_C_optional_activation_lab/parametric_cost_benchmark.csv,random_seed,int64,provenance,Synthetic programme field; see package README and module map.,as_named
package_C_optional_activation_lab/parametric_cost_benchmark.csv,not_for_empirical_validation,bool,provenance,Synthetic programme field; see package README and module map.,as_named
package_C_optional_activation_lab/parametric_cost_benchmark.csv,record_hash,object,integrity,Synthetic programme field; see package README and module map.,as_named
package_C_optional_activation_lab/plithogenic_appurtenance.csv,alternative_id,object,identifier,Synthetic programme field; see package README and module map.,as_named
package_C_optional_activation_lab/plithogenic_appurtenance.csv,attribute,object,attribute,Synthetic programme field; see package README and module map.,as_named
package_C_optional_activation_lab/plithogenic_appurtenance.csv,attribute_value,object,analytical,Synthetic programme field; see package README and module map.,as_named
package_C_optional_activation_lab/plithogenic_appurtenance.csv,appurtenance_degree,float64,attribute,Synthetic programme field; see package README and module map.,as_named
package_C_optional_activation_lab/plithogenic_appurtenance.csv,data_origin,object,provenance,Synthetic programme field; see package README and module map.,as_named
package_C_optional_activation_lab/plithogenic_appurtenance.csv,programme_version,object,provenance,Synthetic programme field; see package README and module map.,as_named
package_C_optional_activation_lab/plithogenic_appurtenance.csv,package_version,object,provenance,Synthetic programme field; see package README and module map.,as_named
package_C_optional_activation_lab/plithogenic_appurtenance.csv,generator_version,object,provenance,Synthetic programme field; see package README and module map.,as_named
package_C_optional_activation_lab/plithogenic_appurtenance.csv,random_seed,int64,provenance,Synthetic programme field; see package README and module map.,as_named
package_C_optional_activation_lab/plithogenic_appurtenance.csv,not_for_empirical_validation,bool,provenance,Synthetic programme field; see package README and module map.,as_named
package_C_optional_activation_lab/plithogenic_appurtenance.csv,record_hash,object,integrity,Synthetic programme field; see package README and module map.,as_named
package_C_optional_activation_lab/plithogenic_attributes.csv,attribute,object,attribute,Synthetic programme field; see package README and module map.,as_named
package_C_optional_activation_lab/plithogenic_attributes.csv,attribute_value,object,analytical,Synthetic programme field; see package README and module map.,as_named
package_C_optional_activation_lab/plithogenic_attributes.csv,dominant_value,object,analytical,Synthetic programme field; see package README and module map.,as_named
package_C_optional_activation_lab/plithogenic_attributes.csv,value_rank,int64,analytical,Synthetic programme field; see package README and module map.,as_named
package_C_optional_activation_lab/plithogenic_attributes.csv,data_origin,object,provenance,Synthetic programme field; see package README and module map.,as_named
package_C_optional_activation_lab/plithogenic_attributes.csv,programme_version,object,provenance,Synthetic programme field; see package README and module map.,as_named
package_C_optional_activation_lab/plithogenic_attributes.csv,package_version,object,provenance,Synthetic programme field; see package README and module map.,as_named
package_C_optional_activation_lab/plithogenic_attributes.csv,generator_version,object,provenance,Synthetic programme field; see package README and module map.,as_named
package_C_optional_activation_lab/plithogenic_attributes.csv,random_seed,int64,provenance,Synthetic programme field; see package README and module map.,as_named
package_C_optional_activation_lab/plithogenic_attributes.csv,not_for_empirical_validation,bool,provenance,Synthetic programme field; see package README and module map.,as_named
package_C_optional_activation_lab/plithogenic_attributes.csv,record_hash,object,integrity,Synthetic programme field; see package README and module map.,as_named
package_C_optional_activation_lab/plithogenic_contradictions.csv,attribute,object,attribute,Synthetic programme field; see package README and module map.,as_named
package_C_optional_activation_lab/plithogenic_contradictions.csv,value_a,object,analytical,Synthetic programme field; see package README and module map.,as_named
package_C_optional_activation_lab/plithogenic_contradictions.csv,value_b,object,analytical,Synthetic programme field; see package README and module map.,as_named
package_C_optional_activation_lab/plithogenic_contradictions.csv,contradiction_degree,float64,attribute,Synthetic programme field; see package README and module map.,as_named
package_C_optional_activation_lab/plithogenic_contradictions.csv,data_origin,object,provenance,Synthetic programme field; see package README and module map.,as_named
package_C_optional_activation_lab/plithogenic_contradictions.csv,programme_version,object,provenance,Synthetic programme field; see package README and module map.,as_named
package_C_optional_activation_lab/plithogenic_contradictions.csv,package_version,object,provenance,Synthetic programme field; see package README and module map.,as_named
package_C_optional_activation_lab/plithogenic_contradictions.csv,generator_version,object,provenance,Synthetic programme field; see package README and module map.,as_named
package_C_optional_activation_lab/plithogenic_contradictions.csv,random_seed,int64,provenance,Synthetic programme field; see package README and module map.,as_named
package_C_optional_activation_lab/plithogenic_contradictions.csv,not_for_empirical_validation,bool,provenance,Synthetic programme field; see package README and module map.,as_named
package_C_optional_activation_lab/plithogenic_contradictions.csv,record_hash,object,integrity,Synthetic programme field; see package README and module map.,as_named
package_C_optional_activation_lab/quantum_order_effects.csv,synthetic_respondent_id,object,identifier,Synthetic programme field; see package README and module map.,as_named
package_C_optional_activation_lab/quantum_order_effects.csv,question_order,object,attribute,Synthetic programme field; see package README and module map.,as_named
package_C_optional_activation_lab/quantum_order_effects.csv,response_a_yes,bool,attribute,Synthetic programme field; see package README and module map.,as_named
package_C_optional_activation_lab/quantum_order_effects.csv,response_b_yes,bool,attribute,Synthetic programme field; see package README and module map.,as_named
package_C_optional_activation_lab/quantum_order_effects.csv,data_origin,object,provenance,Synthetic programme field; see package README and module map.,as_named
package_C_optional_activation_lab/quantum_order_effects.csv,programme_version,object,provenance,Synthetic programme field; see package README and module map.,as_named
package_C_optional_activation_lab/quantum_order_effects.csv,package_version,object,provenance,Synthetic programme field; see package README and module map.,as_named
package_C_optional_activation_lab/quantum_order_effects.csv,generator_version,object,provenance,Synthetic programme field; see package README and module map.,as_named
package_C_optional_activation_lab/quantum_order_effects.csv,random_seed,int64,provenance,Synthetic programme field; see package README and module map.,as_named
package_C_optional_activation_lab/quantum_order_effects.csv,not_for_empirical_validation,bool,provenance,Synthetic programme field; see package README and module map.,as_named
package_C_optional_activation_lab/quantum_order_effects.csv,record_hash,object,integrity,Synthetic programme field; see package README and module map.,as_named
package_C_optional_activation_lab/reuse_manifest.csv,module_id,float64,identifier,Synthetic programme field; see package README and module map.,as_named
package_C_optional_activation_lab/reuse_manifest.csv,module_name,object,attribute,Synthetic programme field; see package README and module map.,as_named
package_C_optional_activation_lab/reuse_manifest.csv,reused_package,object,attribute,Synthetic programme field; see package README and module map.,as_named
package_C_optional_activation_lab/reuse_manifest.csv,additional_c_fixture_required,bool,attribute,Synthetic programme field; see package README and module map.,as_named
package_C_optional_activation_lab/reuse_manifest.csv,data_origin,object,provenance,Synthetic programme field; see package README and module map.,as_named
package_C_optional_activation_lab/reuse_manifest.csv,programme_version,object,provenance,Synthetic programme field; see package README and module map.,as_named
package_C_optional_activation_lab/reuse_manifest.csv,package_version,object,provenance,Synthetic programme field; see package README and module map.,as_named
package_C_optional_activation_lab/reuse_manifest.csv,generator_version,object,provenance,Synthetic programme field; see package README and module map.,as_named
package_C_optional_activation_lab/reuse_manifest.csv,random_seed,int64,provenance,Synthetic programme field; see package README and module map.,as_named
package_C_optional_activation_lab/reuse_manifest.csv,not_for_empirical_validation,bool,provenance,Synthetic programme field; see package README and module map.,as_named
package_C_optional_activation_lab/reuse_manifest.csv,record_hash,object,integrity,Synthetic programme field; see package README and module map.,as_named
