reference_project_id,project_type,delivery_method,region,gross_area_m2,length_km,capacity_units,floors,complexity_index,design_completeness,location_factor,baseline_cost_usd,final_cost_usd,baseline_duration_days,final_duration_days,cost_overrun_pct,schedule_overrun_pct,outcome_class,known_anomaly_label,split,data_origin,programme_version,package_version,generator_version,random_seed,not_for_empirical_validation,record_hash
REF-0001,AIRPORT_TERMINAL,DESIGN_BID_BUILD,US-NORTHEAST,64223.272,0.0,89.45,2,0.416027,0.754427,1.18,220671195.49,269521859.71,618,744.019,0.221373,0.203914,RED,False,VALIDATION,SYNTHETIC_RESEARCH_FIXTURE,OG-SYNTH-0.1,B1-0.1,generate_opus_synthetic_programme.py@0.1,20260811,True,2274f56d9e111c87e7b0d12e74a6604424074850a10ebb095180a698843fd5ed
REF-0002,HIGHWAY_CORRIDOR,DESIGN_BID_BUILD,US-NORTHEAST,19949.337,18.723,46.952,6,0.48043,0.652273,1.18,195656317.53,247710186.22,536,623.235,0.266047,0.162751,RED,False,VALIDATION,SYNTHETIC_RESEARCH_FIXTURE,OG-SYNTH-0.1,B1-0.1,generate_opus_synthetic_programme.py@0.1,20260811,True,ad8a841e0faedd73ebd1280196aaaa76a91a082db728e930e773b418f2301ea3
REF-0003,VERTICAL_HOSPITAL,DESIGN_BID_BUILD,US-NORTHEAST,44906.862,1.587,116.6,11,0.411374,0.951176,1.18,248710215.14,273469374.73,631,750.956,0.09955,0.190104,AMBER,False,DEVELOPMENT,SYNTHETIC_RESEARCH_FIXTURE,OG-SYNTH-0.1,B1-0.1,generate_opus_synthetic_programme.py@0.1,20260811,True,f0508e86955bb8aa221738f360874034a43a8a88cfc5df3c6eb848335a4fd8f1
REF-0004,WATER_TREATMENT,DESIGN_BID_BUILD,US-NORTHEAST,24925.698,1.487,122.879,6,0.321805,0.668265,1.18,159804928.27,184665577.02,473,550.347,0.155569,0.163525,AMBER,False,DEVELOPMENT,SYNTHETIC_RESEARCH_FIXTURE,OG-SYNTH-0.1,B1-0.1,generate_opus_synthetic_programme.py@0.1,20260811,True,a875271d0b61b76b36e866ed0d1ff3335ec306e96fb805515e607cb9b3760c57
REF-0005,RAIL_STATION,DESIGN_BID_BUILD,US-NORTHEAST,16234.638,20.432,35.071,6,0.575846,0.91787,1.18,228158119.45,254159770.27,565,645.224,0.113963,0.141989,AMBER,False,VALIDATION,SYNTHETIC_RESEARCH_FIXTURE,OG-SYNTH-0.1,B1-0.1,generate_opus_synthetic_programme.py@0.1,20260811,True,c877bb9c31999c7348fd261cad7175faa34ccf68324a755b32af8c3317b34775
REF-0006,DATA_CENTER,DESIGN_BID_BUILD,US-NORTHEAST,44556.752,0.0,151.955,6,0.443134,0.951609,1.18,191884929.22,204728503.89,591,626.576,0.066934,0.060196,GREEN,False,VALIDATION,SYNTHETIC_RESEARCH_FIXTURE,OG-SYNTH-0.1,B1-0.1,generate_opus_synthetic_programme.py@0.1,20260811,True,36118f4563ba562f7527ead1c217c075da74a02b593d4c8abc7a68be7aa95f58
REF-0007,AIRPORT_TERMINAL,DESIGN_BUILD,US-NORTHEAST,18352.979,0.0,86.654,6,0.671891,0.91179,1.18,195491567.74,227901902.59,505,634.881,0.165789,0.25719,RED,False,DEVELOPMENT,SYNTHETIC_RESEARCH_FIXTURE,OG-SYNTH-0.1,B1-0.1,generate_opus_synthetic_programme.py@0.1,20260811,True,c7fbce482ca8a4c4cafd78b5ccbfbded3a8ddb86eda474263f73d08678cf056a
REF-0008,HIGHWAY_CORRIDOR,DESIGN_BUILD,US-NORTHEAST,8187.743,13.496,52.752,4,0.302203,0.398651,1.18,125525059.63,181297261.24,522,751.501,0.444311,0.439657,RED,True,DEVELOPMENT,SYNTHETIC_RESEARCH_FIXTURE,OG-SYNTH-0.1,B1-0.1,generate_opus_synthetic_programme.py@0.1,20260811,True,50db145ff5e21a278113499130a5aaa011f932f6a15f47a1e46410258fe7f4ce
REF-0009,VERTICAL_HOSPITAL,DESIGN_BUILD,US-NORTHEAST,49255.337,0.278,47.974,10,0.844661,0.35,1.18,264287739.0,347436203.81,662,848.442,0.314613,0.281635,RED,False,DEVELOPMENT,SYNTHETIC_RESEARCH_FIXTURE,OG-SYNTH-0.1,B1-0.1,generate_opus_synthetic_programme.py@0.1,20260811,True,e2a9a579466f3465db1970d0e0065ae977f3c75741c441636ee0ba9dc0e6c673
REF-0010,WATER_TREATMENT,DESIGN_BUILD,US-NORTHEAST,4698.112,8.602,124.82,3,0.747359,0.988626,1.18,170619770.5,185164565.55,457,532.627,0.085247,0.165486,AMBER,False,DEVELOPMENT,SYNTHETIC_RESEARCH_FIXTURE,OG-SYNTH-0.1,B1-0.1,generate_opus_synthetic_programme.py@0.1,20260811,True,adfe2ba95a1b8771a3720edf516ad6b13f1d2c1983fe1c207de9b29013dcd0ef
REF-0011,RAIL_STATION,DESIGN_BUILD,US-NORTHEAST,17940.878,14.216,64.873,3,0.572476,0.840683,1.18,194347168.28,223788342.77,518,512.932,0.151488,-0.009784,AMBER,False,DEVELOPMENT,SYNTHETIC_RESEARCH_FIXTURE,OG-SYNTH-0.1,B1-0.1,generate_opus_synthetic_programme.py@0.1,20260811,True,1851431b51554e8112d68691178f1171257c7006cdc23627ba46728d6edbc9b3
REF-0012,DATA_CENTER,DESIGN_BUILD,US-NORTHEAST,52134.234,0.0,117.521,2,0.349732,0.35,1.18,161225878.51,200357361.68,549,629.713,0.242712,0.147019,RED,False,LOCKED_HOLDOUT,SYNTHETIC_RESEARCH_FIXTURE,OG-SYNTH-0.1,B1-0.1,generate_opus_synthetic_programme.py@0.1,20260811,True,b6decaa29cee4897245f15f27dc3fe065a5cc75a583bfd3b3ab0699acb12ec20
REF-0013,AIRPORT_TERMINAL,CMAR,US-NORTHEAST,61852.178,0.0,19.988,3,0.269658,0.499466,1.18,189208052.28,233819243.12,551,629.26,0.235779,0.142032,RED,False,LOCKED_HOLDOUT,SYNTHETIC_RESEARCH_FIXTURE,OG-SYNTH-0.1,B1-0.1,generate_opus_synthetic_programme.py@0.1,20260811,True,e5727a637af2d77a334b52f4802b98b9a475f790bbeb44353c7e1e20d7929d30
REF-0014,HIGHWAY_CORRIDOR,CMAR,US-NORTHEAST,10078.128,23.574,81.606,1,0.568899,0.371825,1.18,192050394.03,238226786.17,510,583.13,0.240439,0.143393,RED,False,DEVELOPMENT,SYNTHETIC_RESEARCH_FIXTURE,OG-SYNTH-0.1,B1-0.1,generate_opus_synthetic_programme.py@0.1,20260811,True,c7277fd3012fbfaf49cf14d3b663a6d8023bbd3e3e9637d1f7048a3f9f818dff
REF-0015,VERTICAL_HOSPITAL,CMAR,US-NORTHEAST,28607.542,7.826,75.371,8,0.740407,0.821206,1.18,260563763.04,308901464.16,595,687.018,0.185512,0.154652,AMBER,False,DEVELOPMENT,SYNTHETIC_RESEARCH_FIXTURE,OG-SYNTH-0.1,B1-0.1,generate_opus_synthetic_programme.py@0.1,20260811,True,667cf2909fa052bc2ed524f292987eb84edf96d062a9ac85358227b6b9d9a0ea
REF-0016,WATER_TREATMENT,CMAR,US-NORTHEAST,0.0,0.691,105.535,1,0.934291,0.921696,1.18,162891787.48,184694968.39,387,517.898,0.133851,0.338238,RED,False,VALIDATION,SYNTHETIC_RESEARCH_FIXTURE,OG-SYNTH-0.1,B1-0.1,generate_opus_synthetic_programme.py@0.1,20260811,True,62a1dcecc6867210e591f1a0ea5c6e8590559bd808164ca146df4f70283087bc
REF-0017,RAIL_STATION,CMAR,US-NORTHEAST,16671.7,20.746,62.104,4,0.295602,0.35,1.18,212761105.24,310331357.09,621,942.014,0.458591,0.516931,RED,True,DEVELOPMENT,SYNTHETIC_RESEARCH_FIXTURE,OG-SYNTH-0.1,B1-0.1,generate_opus_synthetic_programme.py@0.1,20260811,True,98c0ba8ecb1ad8f584361fe0e9fc13bcfcb48baaaed6e70759c7e62b37a41f8c
REF-0018,DATA_CENTER,CMAR,US-NORTHEAST,38913.166,7.016,146.283,1,0.690246,0.556839,1.18,207578466.99,219096704.98,639,708.825,0.055489,0.109272,AMBER,False,DEVELOPMENT,SYNTHETIC_RESEARCH_FIXTURE,OG-SYNTH-0.1,B1-0.1,generate_opus_synthetic_programme.py@0.1,20260811,True,af35cb978815528c3b164ef50b18cb9c80d029cbfb0799fc34940161176c18ae
REF-0019,AIRPORT_TERMINAL,EPCM,US-NORTHEAST,54486.902,3.562,1.0,2,0.332861,0.773104,1.18,201014453.56,210097479.04,561,694.66,0.045186,0.238253,RED,False,VALIDATION,SYNTHETIC_RESEARCH_FIXTURE,OG-SYNTH-0.1,B1-0.1,generate_opus_synthetic_programme.py@0.1,20260811,True,e2ec4da8ef634ffd51a79117c6854091d6c92dc078965edc8d5a304c6b1acb7e
REF-0020,HIGHWAY_CORRIDOR,EPCM,US-NORTHEAST,18723.051,15.691,21.519,5,0.710355,0.801947,1.18,192725360.53,230090209.66,654,745.582,0.193876,0.140033,AMBER,False,DEVELOPMENT,SYNTHETIC_RESEARCH_FIXTURE,OG-SYNTH-0.1,B1-0.1,generate_opus_synthetic_programme.py@0.1,20260811,True,a0f172fe4fbf57766c690e861be93787b9ff20d6aa85461f2b66e78e7dc24327
REF-0021,VERTICAL_HOSPITAL,EPCM,US-NORTHEAST,49559.273,0.0,33.567,10,0.609769,0.736864,1.18,244956678.22,263751168.51,586,680.356,0.076726,0.161018,AMBER,False,LOCKED_HOLDOUT,SYNTHETIC_RESEARCH_FIXTURE,OG-SYNTH-0.1,B1-0.1,generate_opus_synthetic_programme.py@0.1,20260811,True,b00d009936a6744538bf0d8d81156b7bca44f629712783564ec75163b180be23
REF-0022,WATER_TREATMENT,EPCM,US-NORTHEAST,12292.804,5.377,87.873,7,0.498695,0.8701,1.18,173685133.41,190031188.1,519,656.889,0.094113,0.265681,RED,False,DEVELOPMENT,SYNTHETIC_RESEARCH_FIXTURE,OG-SYNTH-0.1,B1-0.1,generate_opus_synthetic_programme.py@0.1,20260811,True,7e70a00fccf9393fcbe8991b475ddc12e483af6f2a4430be31cac4031377eecc
REF-0023,RAIL_STATION,EPCM,US-NORTHEAST,21414.871,11.451,92.096,4,0.824618,0.707129,1.18,233799884.58,272738809.49,643,690.281,0.166548,0.073532,AMBER,False,DEVELOPMENT,SYNTHETIC_RESEARCH_FIXTURE,OG-SYNTH-0.1,B1-0.1,generate_opus_synthetic_programme.py@0.1,20260811,True,f32a9060a0e4ae5bcbdce578d988716d7dbd3ede101e2e7db281c99139cf4f17
REF-0024,DATA_CENTER,EPCM,US-NORTHEAST,53055.789,0.0,143.776,7,0.37732,0.902535,1.18,196171471.36,231667957.73,572,563.988,0.180946,-0.014007,AMBER,False,LOCKED_HOLDOUT,SYNTHETIC_RESEARCH_FIXTURE,OG-SYNTH-0.1,B1-0.1,generate_opus_synthetic_programme.py@0.1,20260811,True,84be848b46f2b3e770bf5ddf1ca20caa7d0eaef02f0c2a0468dab6226f60f39f
REF-0025,AIRPORT_TERMINAL,DESIGN_BID_BUILD,US-SOUTHEAST,38817.623,0.0,61.714,9,0.792735,0.550949,0.94,183867305.85,220688373.59,578,759.995,0.200259,0.314871,RED,False,DEVELOPMENT,SYNTHETIC_RESEARCH_FIXTURE,OG-SYNTH-0.1,B1-0.1,generate_opus_synthetic_programme.py@0.1,20260811,True,ebca6e72ee8ecda657a1d70a3ed70c57d0f26c41b6bc138c95d14e25aa8a24a9
REF-0026,HIGHWAY_CORRIDOR,DESIGN_BID_BUILD,US-SOUTHEAST,29517.429,16.186,56.867,2,0.826252,0.893248,0.94,167552011.36,204075329.23,622,704.718,0.217982,0.132988,AMBER,False,DEVELOPMENT,SYNTHETIC_RESEARCH_FIXTURE,OG-SYNTH-0.1,B1-0.1,generate_opus_synthetic_programme.py@0.1,20260811,True,6126dec104d6c7e08ea37d4a41712eb4172dea0a089e07f3fc0a7ce71387957b
REF-0027,VERTICAL_HOSPITAL,DESIGN_BID_BUILD,US-SOUTHEAST,32529.427,2.672,84.345,9,0.819023,0.865486,0.94,210091691.17,257247546.13,630,758.539,0.224454,0.20403,RED,False,VALIDATION,SYNTHETIC_RESEARCH_FIXTURE,OG-SYNTH-0.1,B1-0.1,generate_opus_synthetic_programme.py@0.1,20260811,True,23c79fa197df7d587fb4c46527c57d254afd6fb1807a996caccd46e3a13e8147
REF-0028,WATER_TREATMENT,DESIGN_BID_BUILD,US-SOUTHEAST,3777.958,0.0,127.6,2,0.623647,0.777787,0.94,120240894.8,139883362.8,390,465.521,0.163359,0.193644,AMBER,False,DEVELOPMENT,SYNTHETIC_RESEARCH_FIXTURE,OG-SYNTH-0.1,B1-0.1,generate_opus_synthetic_programme.py@0.1,20260811,True,89c830334126c04776f0c14d8fb84f0ce69d655fe9f71160ef53a8a1a901cb3a
REF-0029,RAIL_STATION,DESIGN_BID_BUILD,US-SOUTHEAST,19715.688,13.183,44.398,7,0.639267,0.848014,0.94,176519334.92,222904400.32,551,652.148,0.262776,0.183572,RED,False,DEVELOPMENT,SYNTHETIC_RESEARCH_FIXTURE,OG-SYNTH-0.1,B1-0.1,generate_opus_synthetic_programme.py@0.1,20260811,True,2404b51e1f8112b2e9ca158903e62e6f75a95f84c7cb5a7ee613e736eb33c8af
REF-0030,DATA_CENTER,DESIGN_BID_BUILD,US-SOUTHEAST,59032.513,6.618,129.818,2,0.280792,0.790318,0.94,160422191.65,177888181.15,591,668.444,0.108875,0.131039,AMBER,False,DEVELOPMENT,SYNTHETIC_RESEARCH_FIXTURE,OG-SYNTH-0.1,B1-0.1,generate_opus_synthetic_programme.py@0.1,20260811,True,f9ab2e60ef569c1bb353bacf8674315ea579ef26c29936d4f63ed1a772089e06
REF-0031,AIRPORT_TERMINAL,DESIGN_BUILD,US-SOUTHEAST,41765.624,0.0,35.502,1,0.636049,0.584453,0.94,157644027.98,175827302.53,574,637.624,0.115344,0.110843,AMBER,False,DEVELOPMENT,SYNTHETIC_RESEARCH_FIXTURE,OG-SYNTH-0.1,B1-0.1,generate_opus_synthetic_programme.py@0.1,20260811,True,0f9ba97853e1a32f38958efdc30250dc30ba5082c05d5ca633b8a49877dffd5c
REF-0032,HIGHWAY_CORRIDOR,DESIGN_BUILD,US-SOUTHEAST,0.0,13.238,29.794,1,0.553999,0.938296,0.94,110112129.63,134165234.82,360,411.389,0.218442,0.142746,AMBER,False,DEVELOPMENT,SYNTHETIC_RESEARCH_FIXTURE,OG-SYNTH-0.1,B1-0.1,generate_opus_synthetic_programme.py@0.1,20260811,True,e1842d9d5167d327a3fc401abbd5c5187430461924c649af57df7d3fa0cdb728
REF-0033,VERTICAL_HOSPITAL,DESIGN_BUILD,US-SOUTHEAST,56676.208,0.928,61.783,13,0.557849,0.691135,0.94,207045918.97,230058599.0,590,726.678,0.111148,0.231657,RED,False,DEVELOPMENT,SYNTHETIC_RESEARCH_FIXTURE,OG-SYNTH-0.1,B1-0.1,generate_opus_synthetic_programme.py@0.1,20260811,True,5effa69ccecfe6e051767f1067f9382a920765816aacfa4698d0b7d4d247a7db
REF-0034,WATER_TREATMENT,DESIGN_BUILD,US-SOUTHEAST,2055.943,7.551,92.18,10,0.657346,0.522301,0.94,134582480.93,150987011.33,396,482.7,0.121892,0.218938,AMBER,False,DEVELOPMENT,SYNTHETIC_RESEARCH_FIXTURE,OG-SYNTH-0.1,B1-0.1,generate_opus_synthetic_programme.py@0.1,20260811,True,bcade977935c657f7be945c72065a75d3679b843648dade0f166ed8f4c286f47
REF-0035,RAIL_STATION,DESIGN_BUILD,US-SOUTHEAST,26920.258,20.571,46.709,1,0.438663,0.736513,0.94,172630022.41,197889670.27,613,684.717,0.146322,0.116994,AMBER,False,LOCKED_HOLDOUT,SYNTHETIC_RESEARCH_FIXTURE,OG-SYNTH-0.1,B1-0.1,generate_opus_synthetic_programme.py@0.1,20260811,True,a8cc80958ad65a2209190ed43b364aa46502490fb48142f5e22b5e1e9b9eae80
REF-0036,DATA_CENTER,DESIGN_BUILD,US-SOUTHEAST,57279.167,5.133,133.874,7,0.237314,0.753267,0.94,169865936.81,193972050.82,609,621.672,0.141913,0.020807,AMBER,False,DEVELOPMENT,SYNTHETIC_RESEARCH_FIXTURE,OG-SYNTH-0.1,B1-0.1,generate_opus_synthetic_programme.py@0.1,20260811,True,3750eb1ebdcbcd43a166419fb82f9c4a8532d8a4220d84b8c71fa2c537e624e8
REF-0037,AIRPORT_TERMINAL,CMAR,US-SOUTHEAST,51956.428,6.449,29.112,3,0.637935,0.806464,0.94,183726812.15,212033395.68,652,738.776,0.154069,0.133092,AMBER,False,LOCKED_HOLDOUT,SYNTHETIC_RESEARCH_FIXTURE,OG-SYNTH-0.1,B1-0.1,generate_opus_synthetic_programme.py@0.1,20260811,True,e0d30034595fb1a9d97b0576ed7babf279daae3da3c1e8e9897be01bc440bc79
REF-0038,HIGHWAY_CORRIDOR,CMAR,US-SOUTHEAST,6879.569,12.015,72.627,3,0.655082,0.939394,0.94,132529046.17,161449506.99,579,678.37,0.21822,0.171623,AMBER,False,DEVELOPMENT,SYNTHETIC_RESEARCH_FIXTURE,OG-SYNTH-0.1,B1-0.1,generate_opus_synthetic_programme.py@0.1,20260811,True,2e9428c75202a33c5548b3c118cd71813b01b9ecf931765563a4448e4d664076
REF-0039,VERTICAL_HOSPITAL,CMAR,US-SOUTHEAST,35490.93,0.0,57.726,9,0.519617,0.902746,0.94,171879302.68,196033455.26,484,502.545,0.14053,0.038316,AMBER,False,DEVELOPMENT,SYNTHETIC_RESEARCH_FIXTURE,OG-SYNTH-0.1,B1-0.1,generate_opus_synthetic_programme.py@0.1,20260811,True,8aec46a92174875bc2b207e2eab003071415b198eb3575eb9a8a55820ccdafbd
REF-0040,WATER_TREATMENT,CMAR,US-SOUTHEAST,18924.941,12.365,92.859,7,0.685487,0.547904,0.94,152392813.38,202122583.51,597,729.718,0.326326,0.222309,RED,False,DEVELOPMENT,SYNTHETIC_RESEARCH_FIXTURE,OG-SYNTH-0.1,B1-0.1,generate_opus_synthetic_programme.py@0.1,20260811,True,9ffeec914d8efe55039d9a83d80115c8ef42d0fe42f83a4690744eab78a04fc8
REF-0041,RAIL_STATION,CMAR,US-SOUTHEAST,1514.84,19.809,57.412,1,0.830303,0.88557,0.94,163806267.49,195851352.74,438,503.036,0.195628,0.148485,AMBER,False,DEVELOPMENT,SYNTHETIC_RESEARCH_FIXTURE,OG-SYNTH-0.1,B1-0.1,generate_opus_synthetic_programme.py@0.1,20260811,True,57c89f273d54aae04c627101a33d80ffab34682cea2eaf3d7fd306c8e29a0f08
REF-0042,DATA_CENTER,CMAR,US-SOUTHEAST,30505.946,6.254,82.3,1,0.859766,0.585251,0.94,161486724.55,199732368.31,563,685.498,0.236835,0.217581,RED,False,DEVELOPMENT,SYNTHETIC_RESEARCH_FIXTURE,OG-SYNTH-0.1,B1-0.1,generate_opus_synthetic_programme.py@0.1,20260811,True,e0db0249bbc24ecfb3ced9293ee1d2c1a0b95d9bfe9d53b1e885c8f7dbcfbb63
REF-0043,AIRPORT_TERMINAL,EPCM,US-SOUTHEAST,48466.941,0.0,38.589,1,0.585912,0.461098,0.94,162933027.48,283531001.05,596,841.537,0.740169,0.411976,RED,True,DEVELOPMENT,SYNTHETIC_RESEARCH_FIXTURE,OG-SYNTH-0.1,B1-0.1,generate_opus_synthetic_programme.py@0.1,20260811,True,75a70f9389db9094afacc767107b5f79b571bb1acd02df076d8a23822225f7fb
REF-0044,HIGHWAY_CORRIDOR,EPCM,US-SOUTHEAST,12869.739,0.0,48.056,1,0.445295,0.754255,0.94,78594035.64,89462817.05,495,581.588,0.13829,0.174925,AMBER,False,DEVELOPMENT,SYNTHETIC_RESEARCH_FIXTURE,OG-SYNTH-0.1,B1-0.1,generate_opus_synthetic_programme.py@0.1,20260811,True,d0e8259c3e49d1138f451e9d1f112767710728f1130eafbce80c82c57bc9b4f1
REF-0045,VERTICAL_HOSPITAL,EPCM,US-SOUTHEAST,60220.229,9.926,87.761,10,0.710797,0.827764,0.94,232400014.1,277965870.31,675,723.103,0.196066,0.071264,AMBER,False,LOCKED_HOLDOUT,SYNTHETIC_RESEARCH_FIXTURE,OG-SYNTH-0.1,B1-0.1,generate_opus_synthetic_programme.py@0.1,20260811,True,bb4fe029b78e1a23f97f49f09af4412be45a949436eeaf7754ef96571ffeda0e
REF-0046,WATER_TREATMENT,EPCM,US-SOUTHEAST,11467.667,5.242,106.463,1,0.693819,0.45781,0.94,135468095.48,174317648.69,518,634.06,0.28678,0.224055,RED,False,DEVELOPMENT,SYNTHETIC_RESEARCH_FIXTURE,OG-SYNTH-0.1,B1-0.1,generate_opus_synthetic_programme.py@0.1,20260811,True,e44d0e96bdd68a226314d6ce5ae926e1cbecd6c784a6d5211af48e4c4330fc03
REF-0047,RAIL_STATION,EPCM,US-SOUTHEAST,3847.332,23.006,36.12,3,0.787959,0.35,0.94,182702379.02,233288370.12,515,639.056,0.276876,0.240886,RED,False,DEVELOPMENT,SYNTHETIC_RESEARCH_FIXTURE,OG-SYNTH-0.1,B1-0.1,generate_opus_synthetic_programme.py@0.1,20260811,True,293b0b91eb1de2fcb4123db472b6082bce5972043558d8f27efbc05275ae2a1b
REF-0048,DATA_CENTER,EPCM,US-SOUTHEAST,61395.499,7.65,141.654,9,0.2927,0.763948,0.94,191157863.48,209217473.55,666,737.415,0.094475,0.107229,AMBER,False,DEVELOPMENT,SYNTHETIC_RESEARCH_FIXTURE,OG-SYNTH-0.1,B1-0.1,generate_opus_synthetic_programme.py@0.1,20260811,True,de793dc7b9dead0b5ab385e1f8e3d0241c1af102fa5cb78c97f091e2ae26fd39
REF-0049,AIRPORT_TERMINAL,DESIGN_BID_BUILD,US-MIDWEST,38778.478,10.937,49.438,4,0.282455,0.890305,0.91,173864959.26,199317014.58,590,583.471,0.14639,-0.011066,AMBER,False,LOCKED_HOLDOUT,SYNTHETIC_RESEARCH_FIXTURE,OG-SYNTH-0.1,B1-0.1,generate_opus_synthetic_programme.py@0.1,20260811,True,4cc06915e6aaf9e4280885ec570874dfa44acda03997fbb69ae210c3fcfa94e3
REF-0050,HIGHWAY_CORRIDOR,DESIGN_BID_BUILD,US-MIDWEST,20203.448,14.11,97.533,1,0.54195,0.740168,0.91,141147272.37,163371998.21,577,670.515,0.157458,0.162071,AMBER,False,DEVELOPMENT,SYNTHETIC_RESEARCH_FIXTURE,OG-SYNTH-0.1,B1-0.1,generate_opus_synthetic_programme.py@0.1,20260811,True,a038e32c0910bea1164df4b99b85be636c3e0224833f3b0e25efaa718a707fab
REF-0051,VERTICAL_HOSPITAL,DESIGN_BID_BUILD,US-MIDWEST,48720.777,8.579,23.304,3,0.712124,0.757447,0.91,209750891.98,323363336.96,632,1003.712,0.541654,0.588152,RED,True,VALIDATION,SYNTHETIC_RESEARCH_FIXTURE,OG-SYNTH-0.1,B1-0.1,generate_opus_synthetic_programme.py@0.1,20260811,True,adb9ac87eed43cd50ae5cd5b975a84a07a42049673009206121f0265083c8b51
REF-0052,WATER_TREATMENT,DESIGN_BID_BUILD,US-MIDWEST,1063.731,8.591,96.323,2,0.367575,0.729084,0.91,101584681.53,112153473.42,340,383.86,0.104039,0.129,AMBER,False,LOCKED_HOLDOUT,SYNTHETIC_RESEARCH_FIXTURE,OG-SYNTH-0.1,B1-0.1,generate_opus_synthetic_programme.py@0.1,20260811,True,ca2f5ce67b43480478dc88370b600bd9fa93424b22785b9af7880f7c78694ff3
REF-0053,RAIL_STATION,DESIGN_BID_BUILD,US-MIDWEST,729.759,23.185,65.987,7,0.497823,0.922758,0.91,177819595.52,221887103.31,468,554.478,0.247821,0.184783,RED,False,DEVELOPMENT,SYNTHETIC_RESEARCH_FIXTURE,OG-SYNTH-0.1,B1-0.1,generate_opus_synthetic_programme.py@0.1,20260811,True,24d6674ff6fa0e6c2a76515e43bc9c134f292f9c4b78523768fe5b2c966c76d8
REF-0054,DATA_CENTER,DESIGN_BID_BUILD,US-MIDWEST,35598.419,7.609,143.934,1,0.702639,0.862434,0.91,164906570.36,191979340.53,598,595.226,0.16417,-0.004639,AMBER,False,DEVELOPMENT,SYNTHETIC_RESEARCH_FIXTURE,OG-SYNTH-0.1,B1-0.1,generate_opus_synthetic_programme.py@0.1,20260811,True,6b996b28806fa7b2acf2a8c73281d49c603d693eb662d602a6ba7178940f8dd9
REF-0055,AIRPORT_TERMINAL,DESIGN_BUILD,US-MIDWEST,33923.501,0.0,81.154,3,0.739889,0.759129,0.91,165202429.52,199109428.26,624,820.118,0.205245,0.314291,RED,False,LOCKED_HOLDOUT,SYNTHETIC_RESEARCH_FIXTURE,OG-SYNTH-0.1,B1-0.1,generate_opus_synthetic_programme.py@0.1,20260811,True,2881e45d96c4a365ffd4e011fac4b0ac0858ba955aa49ca032abe3e3fea455eb
REF-0056,HIGHWAY_CORRIDOR,DESIGN_BUILD,US-MIDWEST,1580.684,17.041,68.849,1,0.547596,0.758276,0.91,127236700.9,145874237.11,457,509.361,0.146479,0.114575,AMBER,False,DEVELOPMENT,SYNTHETIC_RESEARCH_FIXTURE,OG-SYNTH-0.1,B1-0.1,generate_opus_synthetic_programme.py@0.1,20260811,True,4a9d8e7ca1c0b06110feaa40fbce8d1952f70caca5cce8756ba50d00e42ec7ef
REF-0057,VERTICAL_HOSPITAL,DESIGN_BUILD,US-MIDWEST,27570.869,2.976,52.919,15,0.222411,0.760029,0.91,153512079.21,173818560.09,475,538.998,0.132279,0.134732,AMBER,False,DEVELOPMENT,SYNTHETIC_RESEARCH_FIXTURE,OG-SYNTH-0.1,B1-0.1,generate_opus_synthetic_programme.py@0.1,20260811,True,a02d715c7fcd0cd912edb5d3b2552c24c5d09d47de2b88161570ff662ecb9cd9
REF-0058,WATER_TREATMENT,DESIGN_BUILD,US-MIDWEST,37760.973,0.0,92.687,5,0.560504,0.805462,0.91,132363914.68,137779675.12,598,816.095,0.040916,0.364708,RED,False,DEVELOPMENT,SYNTHETIC_RESEARCH_FIXTURE,OG-SYNTH-0.1,B1-0.1,generate_opus_synthetic_programme.py@0.1,20260811,True,4ab6ada91043c825a25f3bb47bc20d6d167670cf3dd6115c1fe51144e96ee3e9
REF-0059,RAIL_STATION,DESIGN_BUILD,US-MIDWEST,12795.853,15.714,72.792,5,0.310596,0.482514,0.91,148718228.91,156587166.54,479,579.611,0.052912,0.210043,AMBER,False,LOCKED_HOLDOUT,SYNTHETIC_RESEARCH_FIXTURE,OG-SYNTH-0.1,B1-0.1,generate_opus_synthetic_programme.py@0.1,20260811,True,2fffd1290d3a3886c0846942837130f82a6f758e8d7b44a8fc5e111e8ec59e40
REF-0060,DATA_CENTER,DESIGN_BUILD,US-MIDWEST,70346.668,5.799,135.538,6,0.6957,0.496326,0.91,183567645.92,312729939.89,693,1186.427,0.703622,0.712016,RED,True,DEVELOPMENT,SYNTHETIC_RESEARCH_FIXTURE,OG-SYNTH-0.1,B1-0.1,generate_opus_synthetic_programme.py@0.1,20260811,True,f074e176c874671aeeeab11ef08c197e71219e0fb2ab5cf20ff32ccbeeae72f0
REF-0061,AIRPORT_TERMINAL,CMAR,US-MIDWEST,56780.144,0.0,1.0,7,0.684198,0.690562,0.91,163162415.65,207380234.81,648,734.443,0.271005,0.133399,RED,False,LOCKED_HOLDOUT,SYNTHETIC_RESEARCH_FIXTURE,OG-SYNTH-0.1,B1-0.1,generate_opus_synthetic_programme.py@0.1,20260811,True,1e5e4f687cb57bffa1790030d5c8eef0aef3c986f66d6548965cf90c269aabb7
REF-0062,HIGHWAY_CORRIDOR,CMAR,US-MIDWEST,4950.027,24.755,40.525,3,0.218624,0.430084,0.91,127176658.48,145543972.28,455,543.288,0.144424,0.194039,AMBER,False,DEVELOPMENT,SYNTHETIC_RESEARCH_FIXTURE,OG-SYNTH-0.1,B1-0.1,generate_opus_synthetic_programme.py@0.1,20260811,True,9e79c0b68c7124e5335873cf454b4853499a49991e18c7ebe876e58a1fb73b83
REF-0063,VERTICAL_HOSPITAL,CMAR,US-MIDWEST,37708.93,5.239,76.239,8,0.90983,0.705978,0.91,193634442.51,221623252.61,602,758.921,0.144545,0.260666,RED,False,VALIDATION,SYNTHETIC_RESEARCH_FIXTURE,OG-SYNTH-0.1,B1-0.1,generate_opus_synthetic_programme.py@0.1,20260811,True,cbf421ecdebe48f8541281e01466f5d7920e63e879b38102ea381de3d7e1e8fe
REF-0064,WATER_TREATMENT,CMAR,US-MIDWEST,0.0,5.479,138.63,4,0.2105,0.35,0.91,106005107.04,162621097.64,324,477.51,0.534087,0.473797,RED,True,LOCKED_HOLDOUT,SYNTHETIC_RESEARCH_FIXTURE,OG-SYNTH-0.1,B1-0.1,generate_opus_synthetic_programme.py@0.1,20260811,True,f41ed19941b788303c0d6c15a1a400c22718326ace37281ef42d8da01f2026b1
REF-0065,RAIL_STATION,CMAR,US-MIDWEST,21424.631,21.241,25.136,7,0.567552,0.454696,0.91,178236221.34,230606152.26,559,689.529,0.293823,0.233505,RED,False,DEVELOPMENT,SYNTHETIC_RESEARCH_FIXTURE,OG-SYNTH-0.1,B1-0.1,generate_opus_synthetic_programme.py@0.1,20260811,True,8c334ca08a84f5b8e16876156cb66cd09f106edbd2754c8eaa48a6033033fac9
REF-0066,DATA_CENTER,CMAR,US-MIDWEST,54499.17,2.196,88.291,2,0.260774,0.661837,0.91,137238092.72,153462993.72,530,634.686,0.118224,0.197521,AMBER,False,DEVELOPMENT,SYNTHETIC_RESEARCH_FIXTURE,OG-SYNTH-0.1,B1-0.1,generate_opus_synthetic_programme.py@0.1,20260811,True,ef42c0133e105477ae2a992e2510471908003ca262b3270cfca5db8d3a067c64
REF-0067,AIRPORT_TERMINAL,EPCM,US-MIDWEST,51170.867,8.065,47.138,2,0.442319,0.916844,0.91,183427402.96,212373395.78,571,668.254,0.157806,0.170322,AMBER,False,VALIDATION,SYNTHETIC_RESEARCH_FIXTURE,OG-SYNTH-0.1,B1-0.1,generate_opus_synthetic_programme.py@0.1,20260811,True,03ea93ae93144ad73d543795efabdbf0464e1807c501be0db5d1495ed5d6dc95
REF-0068,HIGHWAY_CORRIDOR,EPCM,US-MIDWEST,21347.006,16.759,21.419,2,0.373819,0.581329,0.91,139268906.34,160020371.25,542,598.636,0.149003,0.104495,AMBER,False,DEVELOPMENT,SYNTHETIC_RESEARCH_FIXTURE,OG-SYNTH-0.1,B1-0.1,generate_opus_synthetic_programme.py@0.1,20260811,True,2af3df449e0c3e3a41e0da4f5a3653547d2c32d465f0ac2922a13b23f733519f
REF-0069,VERTICAL_HOSPITAL,EPCM,US-MIDWEST,47850.478,0.0,66.999,10,0.489227,0.648783,0.91,175632598.7,214447584.04,572,682.149,0.221001,0.192569,RED,False,DEVELOPMENT,SYNTHETIC_RESEARCH_FIXTURE,OG-SYNTH-0.1,B1-0.1,generate_opus_synthetic_programme.py@0.1,20260811,True,171ef1d145a15e08a6db9e315a237409b2bf39f5993eecf658595d2dcf636927
REF-0070,WATER_TREATMENT,EPCM,US-MIDWEST,0.0,0.0,116.501,1,0.681741,0.902183,0.91,107668498.62,128588782.7,324,411.493,0.194303,0.270039,RED,False,DEVELOPMENT,SYNTHETIC_RESEARCH_FIXTURE,OG-SYNTH-0.1,B1-0.1,generate_opus_synthetic_programme.py@0.1,20260811,True,ac150e932e4322a00c0e4edd2bd95b82b6d025a7c6a1bf9eb8ab30b3831a8f98
REF-0071,RAIL_STATION,EPCM,US-MIDWEST,10602.495,18.179,36.767,3,0.501753,0.788793,0.91,146137069.85,172981848.56,533,578.185,0.183696,0.084776,AMBER,False,VALIDATION,SYNTHETIC_RESEARCH_FIXTURE,OG-SYNTH-0.1,B1-0.1,generate_opus_synthetic_programme.py@0.1,20260811,True,0990c6afa28ec9a1d06d7f005266bb433cd3376502a57e051b526cce987ca6c5
REF-0072,DATA_CENTER,EPCM,US-MIDWEST,48417.239,10.93,132.365,2,0.589785,0.826685,0.91,184207267.38,211789954.14,696,630.35,0.149737,-0.094325,AMBER,False,VALIDATION,SYNTHETIC_RESEARCH_FIXTURE,OG-SYNTH-0.1,B1-0.1,generate_opus_synthetic_programme.py@0.1,20260811,True,5f21da8c5bf2fe363f734222a1cb8a7497e19dedd64f2315ac865ba5bac5d8db
REF-0073,AIRPORT_TERMINAL,DESIGN_BID_BUILD,US-WEST,43420.737,0.561,58.903,3,0.76886,0.772086,1.12,213286750.4,268973159.38,657,769.583,0.261087,0.171359,RED,False,DEVELOPMENT,SYNTHETIC_RESEARCH_FIXTURE,OG-SYNTH-0.1,B1-0.1,generate_opus_synthetic_programme.py@0.1,20260811,True,180998d03931788ccee8f7bb7f942da27e9c60d009b136d96981eb27cff4e55b
REF-0074,HIGHWAY_CORRIDOR,DESIGN_BID_BUILD,US-WEST,11545.065,15.137,87.182,6,0.90545,0.455064,1.12,197058310.06,253148927.81,649,843.041,0.28464,0.298984,RED,False,DEVELOPMENT,SYNTHETIC_RESEARCH_FIXTURE,OG-SYNTH-0.1,B1-0.1,generate_opus_synthetic_programme.py@0.1,20260811,True,2e05eeb3a02aa902e2d55360e03d7f527cd8ff752f32a566d8e2409f5e4e9a24
REF-0075,VERTICAL_HOSPITAL,DESIGN_BID_BUILD,US-WEST,49043.053,6.895,26.84,12,0.47514,0.661656,1.12,240968809.6,288665561.34,619,635.639,0.197937,0.02688,AMBER,False,LOCKED_HOLDOUT,SYNTHETIC_RESEARCH_FIXTURE,OG-SYNTH-0.1,B1-0.1,generate_opus_synthetic_programme.py@0.1,20260811,True,7fb46a2cb4139ec0283892d744f4103c1db8b26db720879a446b5b87bf6dc044
REF-0076,WATER_TREATMENT,DESIGN_BID_BUILD,US-WEST,0.0,11.874,147.544,4,0.604051,0.938435,1.12,180557259.95,211566533.34,450,536.879,0.171742,0.193065,AMBER,False,DEVELOPMENT,SYNTHETIC_RESEARCH_FIXTURE,OG-SYNTH-0.1,B1-0.1,generate_opus_synthetic_programme.py@0.1,20260811,True,361f2a25572ee59bd1332978526651e536432582be48e11627f9ecc108a80fb9
REF-0077,RAIL_STATION,DESIGN_BID_BUILD,US-WEST,20620.38,18.307,60.761,1,0.811647,0.786195,1.12,214780796.53,277638169.36,560,743.982,0.292658,0.328539,RED,False,DEVELOPMENT,SYNTHETIC_RESEARCH_FIXTURE,OG-SYNTH-0.1,B1-0.1,generate_opus_synthetic_programme.py@0.1,20260811,True,c4c7242897150192c5c458488de545516ed039f6e375b5d2e3efefbe1ccf7108
REF-0078,DATA_CENTER,DESIGN_BID_BUILD,US-WEST,49590.378,0.0,104.712,1,0.085065,0.6618,1.12,153274158.97,155744123.7,501,570.888,0.016115,0.139497,AMBER,False,VALIDATION,SYNTHETIC_RESEARCH_FIXTURE,OG-SYNTH-0.1,B1-0.1,generate_opus_synthetic_programme.py@0.1,20260811,True,b15213ee527e9fdea7e8627277a7d7f7cf1f4b95b4182534d9ad9e04092b3a50
REF-0079,AIRPORT_TERMINAL,DESIGN_BUILD,US-WEST,48940.637,0.0,81.22,5,0.260301,0.784346,1.12,194999670.58,199505304.16,513,552.359,0.023106,0.076723,GREEN,False,LOCKED_HOLDOUT,SYNTHETIC_RESEARCH_FIXTURE,OG-SYNTH-0.1,B1-0.1,generate_opus_synthetic_programme.py@0.1,20260811,True,034840cf66eeda511678f961194b5f55a0a43713adf6f0a535c8a410fef5f9a8
REF-0080,HIGHWAY_CORRIDOR,DESIGN_BUILD,US-WEST,21377.742,25.412,130.367,1,0.677178,0.564919,1.12,210039357.78,246269520.04,625,795.79,0.172492,0.273264,RED,False,LOCKED_HOLDOUT,SYNTHETIC_RESEARCH_FIXTURE,OG-SYNTH-0.1,B1-0.1,generate_opus_synthetic_programme.py@0.1,20260811,True,e3fd72c899b89f54e431087f532fcfe90edaca3ef607b4d4ec640b46ff0f7674
REF-0081,VERTICAL_HOSPITAL,DESIGN_BUILD,US-WEST,64069.937,5.304,56.469,8,0.480693,0.884542,1.12,246709205.54,255949622.53,652,765.551,0.037455,0.174158,AMBER,False,DEVELOPMENT,SYNTHETIC_RESEARCH_FIXTURE,OG-SYNTH-0.1,B1-0.1,generate_opus_synthetic_programme.py@0.1,20260811,True,4773309d58c5a024c341b692b07bd870144b1e86c3ff011e87a8f50ba05198f5
REF-0082,WATER_TREATMENT,DESIGN_BUILD,US-WEST,0.0,1.641,97.527,7,0.733095,0.842918,1.12,140968080.11,152440718.23,395,444.077,0.081385,0.124245,AMBER,False,VALIDATION,SYNTHETIC_RESEARCH_FIXTURE,OG-SYNTH-0.1,B1-0.1,generate_opus_synthetic_programme.py@0.1,20260811,True,305e9edb205d39f2a5a5a90144998de8c5e4d752d1abdfc3795d0901feb4c785
REF-0083,RAIL_STATION,DESIGN_BUILD,US-WEST,6546.658,26.04,62.161,1,0.469431,0.35,1.12,195775236.83,238020665.76,546,676.731,0.215785,0.239435,RED,False,DEVELOPMENT,SYNTHETIC_RESEARCH_FIXTURE,OG-SYNTH-0.1,B1-0.1,generate_opus_synthetic_programme.py@0.1,20260811,True,fd92d8e9580aea093d857dbd29893712a2033fe1517b4a7df2f97e3157fb9db7
REF-0084,DATA_CENTER,DESIGN_BUILD,US-WEST,36128.687,0.0,73.882,4,0.142743,0.526909,1.12,137375785.16,153641037.47,541,578.854,0.1184,0.06997,AMBER,False,DEVELOPMENT,SYNTHETIC_RESEARCH_FIXTURE,OG-SYNTH-0.1,B1-0.1,generate_opus_synthetic_programme.py@0.1,20260811,True,669a7916b008c15f65ef0057581c93d8867259291939ed91acd0ce9317c445a6
REF-0085,AIRPORT_TERMINAL,CMAR,US-WEST,47937.274,0.0,78.674,4,0.624011,0.719783,1.12,211277691.92,243650152.87,591,745.111,0.153222,0.260764,RED,False,DEVELOPMENT,SYNTHETIC_RESEARCH_FIXTURE,OG-SYNTH-0.1,B1-0.1,generate_opus_synthetic_programme.py@0.1,20260811,True,8d1650771dd07a5583259c25aa039152bd126cd871f4c663dbd130753be1a4b9
REF-0086,HIGHWAY_CORRIDOR,CMAR,US-WEST,0.0,20.066,64.935,10,0.687845,0.99,1.12,188404982.71,222444483.23,443,515.406,0.180672,0.163446,AMBER,False,DEVELOPMENT,SYNTHETIC_RESEARCH_FIXTURE,OG-SYNTH-0.1,B1-0.1,generate_opus_synthetic_programme.py@0.1,20260811,True,69e44a21a42c70ad79e76e069d704b2bfcb2fe02483bb78274d9f977f5063ced
REF-0087,VERTICAL_HOSPITAL,CMAR,US-WEST,53536.193,4.537,20.548,14,0.690767,0.823083,1.12,247443234.39,297827050.8,654,833.19,0.203618,0.273991,RED,False,DEVELOPMENT,SYNTHETIC_RESEARCH_FIXTURE,OG-SYNTH-0.1,B1-0.1,generate_opus_synthetic_programme.py@0.1,20260811,True,3cef7d34f65e80f8e298786cddb4f82eaac68d02b3b57fa1e40992ddbb30f5b4
REF-0088,WATER_TREATMENT,CMAR,US-WEST,10420.102,0.0,120.723,4,0.368964,0.729949,1.12,126604259.4,130608276.19,470,527.582,0.031626,0.122514,AMBER,False,VALIDATION,SYNTHETIC_RESEARCH_FIXTURE,OG-SYNTH-0.1,B1-0.1,generate_opus_synthetic_programme.py@0.1,20260811,True,28651501891e173450b39d3f7918d425dbfe11ead15b4628b8212bf2a895e35c
REF-0089,RAIL_STATION,CMAR,US-WEST,24959.884,19.767,107.125,4,0.808758,0.533611,1.12,223300652.22,279374943.7,668,797.063,0.251116,0.193208,RED,False,DEVELOPMENT,SYNTHETIC_RESEARCH_FIXTURE,OG-SYNTH-0.1,B1-0.1,generate_opus_synthetic_programme.py@0.1,20260811,True,4ff6cc6ba0217c71a98c39300e667dc4420a22ba41e853c5b27cc4bbe6e2fbfb
REF-0090,DATA_CENTER,CMAR,US-WEST,50927.472,6.946,137.182,7,0.467337,0.678902,1.12,199098572.3,239834496.93,630,698.179,0.204602,0.10822,AMBER,False,DEVELOPMENT,SYNTHETIC_RESEARCH_FIXTURE,OG-SYNTH-0.1,B1-0.1,generate_opus_synthetic_programme.py@0.1,20260811,True,88f999a0c2e31b624206b0651580deab264ae22c4eb0024de6b78148f1a68710
REF-0091,AIRPORT_TERMINAL,EPCM,US-WEST,59268.883,8.658,54.557,1,0.467333,0.928456,1.12,243098078.77,267258977.97,644,684.532,0.099387,0.062938,AMBER,False,DEVELOPMENT,SYNTHETIC_RESEARCH_FIXTURE,OG-SYNTH-0.1,B1-0.1,generate_opus_synthetic_programme.py@0.1,20260811,True,e0a6f71899beb1efdfbdea790de65ddb2e6127006264281fd13c413652e1e3c1
REF-0092,HIGHWAY_CORRIDOR,EPCM,US-WEST,21599.922,19.246,15.031,1,0.574276,0.977096,1.12,170747632.96,185331106.8,581,649.588,0.08541,0.118052,AMBER,False,VALIDATION,SYNTHETIC_RESEARCH_FIXTURE,OG-SYNTH-0.1,B1-0.1,generate_opus_synthetic_programme.py@0.1,20260811,True,f962d679aad4006efedd4c67ce3edc0a7e66e4f0b7df9f15dd0b024a09a22007
REF-0093,VERTICAL_HOSPITAL,EPCM,US-WEST,41820.092,2.491,63.825,3,0.730888,0.576481,1.12,239889546.24,289850109.11,726,806.049,0.208265,0.110261,AMBER,False,DEVELOPMENT,SYNTHETIC_RESEARCH_FIXTURE,OG-SYNTH-0.1,B1-0.1,generate_opus_synthetic_programme.py@0.1,20260811,True,736eaa6a147256946692f792257964aff841ab79f8ca973b62df93f3ce04a308
REF-0094,WATER_TREATMENT,EPCM,US-WEST,42591.005,1.623,172.809,5,0.355676,0.796134,1.12,181165525.81,204858826.17,631,797.03,0.130783,0.263121,RED,False,DEVELOPMENT,SYNTHETIC_RESEARCH_FIXTURE,OG-SYNTH-0.1,B1-0.1,generate_opus_synthetic_programme.py@0.1,20260811,True,2eb4ea614e0fd91a4e019aca03bffcc6ea7795d88dfd15a87716ecf98eb7b123
REF-0095,RAIL_STATION,EPCM,US-WEST,16593.175,20.485,28.477,1,0.378458,0.35,1.12,189218236.35,223773817.23,500,625.647,0.182623,0.251293,RED,False,VALIDATION,SYNTHETIC_RESEARCH_FIXTURE,OG-SYNTH-0.1,B1-0.1,generate_opus_synthetic_programme.py@0.1,20260811,True,f872edb7864bc9dc1cdb777de7a28526b096d1ea41a829175166449dc2108f7e
REF-0096,DATA_CENTER,EPCM,US-WEST,15583.781,1.717,147.013,4,0.490661,0.756515,1.12,146738652.71,169092611.1,453,530.586,0.152339,0.171272,AMBER,False,LOCKED_HOLDOUT,SYNTHETIC_RESEARCH_FIXTURE,OG-SYNTH-0.1,B1-0.1,generate_opus_synthetic_programme.py@0.1,20260811,True,c804163a7e522c2b6245d2b07d1b905ed8181e1fa6dfc2f177143ff82ebaab87
REF-0097,AIRPORT_TERMINAL,DESIGN_BID_BUILD,US-NORTHEAST,43574.153,9.738,27.804,6,0.557897,0.718367,1.18,240933740.15,273518526.95,639,714.381,0.135244,0.117967,AMBER,False,LOCKED_HOLDOUT,SYNTHETIC_RESEARCH_FIXTURE,OG-SYNTH-0.1,B1-0.1,generate_opus_synthetic_programme.py@0.1,20260811,True,c20f94ed87122f1d8b58590baa9dd746fc8e2947de81dedda3f4d64673dd4d36
REF-0098,HIGHWAY_CORRIDOR,DESIGN_BID_BUILD,US-NORTHEAST,0.0,21.168,32.172,4,0.844121,0.902715,1.18,196461348.52,233534100.72,493,608.573,0.188703,0.234427,RED,False,VALIDATION,SYNTHETIC_RESEARCH_FIXTURE,OG-SYNTH-0.1,B1-0.1,generate_opus_synthetic_programme.py@0.1,20260811,True,052be10cf9edd8ff7b1d34050f74e39c2f973053e58d5172f59fff5ed239595c
REF-0099,VERTICAL_HOSPITAL,DESIGN_BID_BUILD,US-NORTHEAST,47994.029,0.0,72.581,9,0.805836,0.743887,1.18,259168304.34,321785271.62,634,813.42,0.241607,0.282997,RED,False,DEVELOPMENT,SYNTHETIC_RESEARCH_FIXTURE,OG-SYNTH-0.1,B1-0.1,generate_opus_synthetic_programme.py@0.1,20260811,True,1d8b9223b35e7cf92269b3c211fc1c8891ddc9a87a8cdbb50517aa3894c1f5d5
REF-0100,WATER_TREATMENT,DESIGN_BID_BUILD,US-NORTHEAST,2997.539,0.0,130.949,5,0.122843,0.584721,1.18,117164936.01,134217016.16,326,369.501,0.145539,0.133438,AMBER,False,DEVELOPMENT,SYNTHETIC_RESEARCH_FIXTURE,OG-SYNTH-0.1,B1-0.1,generate_opus_synthetic_programme.py@0.1,20260811,True,3a993496b3e7d5c5a7ee03b24944cbb6021c98b7702182346359b4506565aea6
REF-0101,RAIL_STATION,DESIGN_BID_BUILD,US-NORTHEAST,7696.49,23.216,48.117,2,0.862494,0.789579,1.18,248726373.65,320943208.7,582,764.785,0.290347,0.314063,RED,False,DEVELOPMENT,SYNTHETIC_RESEARCH_FIXTURE,OG-SYNTH-0.1,B1-0.1,generate_opus_synthetic_programme.py@0.1,20260811,True,8736feba9031882399aba57d38a2b16abd724583e10e16488ccd123a45ec8ba9
REF-0102,DATA_CENTER,DESIGN_BID_BUILD,US-NORTHEAST,57750.9,1.737,148.949,6,0.247963,0.942057,1.18,206295423.51,232568425.3,546,529.773,0.127356,-0.029719,AMBER,False,LOCKED_HOLDOUT,SYNTHETIC_RESEARCH_FIXTURE,OG-SYNTH-0.1,B1-0.1,generate_opus_synthetic_programme.py@0.1,20260811,True,c3852126f826c78e62b88c4721075d4f84815b72c208e1e88022236f486c8aa0
REF-0103,AIRPORT_TERMINAL,DESIGN_BUILD,US-NORTHEAST,38632.29,0.0,26.664,4,0.092168,0.693093,1.18,167875505.1,177331911.77,539,498.042,0.05633,-0.07599,GREEN,False,LOCKED_HOLDOUT,SYNTHETIC_RESEARCH_FIXTURE,OG-SYNTH-0.1,B1-0.1,generate_opus_synthetic_programme.py@0.1,20260811,True,5aa3a9096a7cef5292a7c19de1c9abf27a4a54e5294dd741ce4bb875762d3f45
REF-0104,HIGHWAY_CORRIDOR,DESIGN_BUILD,US-NORTHEAST,1682.586,15.007,54.514,3,0.571356,0.734535,1.18,156177306.61,189461835.78,415,473.075,0.21312,0.139939,AMBER,False,LOCKED_HOLDOUT,SYNTHETIC_RESEARCH_FIXTURE,OG-SYNTH-0.1,B1-0.1,generate_opus_synthetic_programme.py@0.1,20260811,True,63b634e270cb7566267a02626d2e7d386816cdbac4aaa07f5d19a50a0aea87e7
REF-0105,VERTICAL_HOSPITAL,DESIGN_BUILD,US-NORTHEAST,47739.306,0.0,10.07,12,0.354708,0.878045,1.18,210128778.77,231107948.98,532,579.493,0.09984,0.089272,AMBER,False,DEVELOPMENT,SYNTHETIC_RESEARCH_FIXTURE,OG-SYNTH-0.1,B1-0.1,generate_opus_synthetic_programme.py@0.1,20260811,True,dd162bc558e33c4004871ba30a1499b38204efb252c0046e21b64da734a8291b
REF-0106,WATER_TREATMENT,DESIGN_BUILD,US-NORTHEAST,13593.605,5.932,157.75,6,0.099109,0.761011,1.18,150842631.05,166462330.12,349,359.241,0.10355,0.029344,AMBER,False,VALIDATION,SYNTHETIC_RESEARCH_FIXTURE,OG-SYNTH-0.1,B1-0.1,generate_opus_synthetic_programme.py@0.1,20260811,True,f381d7d2a59efb2e94dfce29637157901f5f19eaaba19ef49ed0f599cb61087b
REF-0107,RAIL_STATION,DESIGN_BUILD,US-NORTHEAST,8844.253,28.982,47.857,5,0.209503,0.923677,1.18,219251448.65,212176742.52,502,542.332,-0.032268,0.080343,AMBER,False,DEVELOPMENT,SYNTHETIC_RESEARCH_FIXTURE,OG-SYNTH-0.1,B1-0.1,generate_opus_synthetic_programme.py@0.1,20260811,True,64dd1b708227db58115f8613216d29a52bce50d654543d89a2c2d3c998aa551c
REF-0108,DATA_CENTER,DESIGN_BUILD,US-NORTHEAST,34013.162,4.254,90.099,6,0.546721,0.742582,1.18,191970140.12,313231868.67,531,756.942,0.63167,0.425503,RED,True,DEVELOPMENT,SYNTHETIC_RESEARCH_FIXTURE,OG-SYNTH-0.1,B1-0.1,generate_opus_synthetic_programme.py@0.1,20260811,True,8732c9e2e99b9e56d543600b372ebe6892128d5cd9dba3bfdcdc57238fe165db
REF-0109,AIRPORT_TERMINAL,CMAR,US-NORTHEAST,35532.146,0.778,70.937,4,0.699427,0.622652,1.18,209421473.94,333295156.41,589,872.608,0.591504,0.481507,RED,True,DEVELOPMENT,SYNTHETIC_RESEARCH_FIXTURE,OG-SYNTH-0.1,B1-0.1,generate_opus_synthetic_programme.py@0.1,20260811,True,4cd7c7187028bf39f49bb376ef479dfb6006b9be474909154137fb0b94d0d86e
REF-0110,HIGHWAY_CORRIDOR,CMAR,US-NORTHEAST,4200.15,14.069,41.922,1,0.378307,0.870397,1.18,140033362.62,158282875.71,420,413.432,0.130323,-0.015637,AMBER,False,DEVELOPMENT,SYNTHETIC_RESEARCH_FIXTURE,OG-SYNTH-0.1,B1-0.1,generate_opus_synthetic_programme.py@0.1,20260811,True,4a5c1f18b799c370964e96dc2436ffebe61093f328e68b75c90c0eac13c6ee43
REF-0111,VERTICAL_HOSPITAL,CMAR,US-NORTHEAST,47604.028,5.518,77.906,10,0.88781,0.84348,1.18,276090112.23,326530318.68,713,882.66,0.182695,0.237953,RED,False,VALIDATION,SYNTHETIC_RESEARCH_FIXTURE,OG-SYNTH-0.1,B1-0.1,generate_opus_synthetic_programme.py@0.1,20260811,True,3e1df449c182063e50b7c6bcae91c7df948162e3ae41f7836827b1be146df26e
REF-0112,WATER_TREATMENT,CMAR,US-NORTHEAST,14722.347,0.0,91.451,2,0.758834,0.718771,1.18,159096687.21,189314763.29,547,674.089,0.189935,0.232338,RED,False,DEVELOPMENT,SYNTHETIC_RESEARCH_FIXTURE,OG-SYNTH-0.1,B1-0.1,generate_opus_synthetic_programme.py@0.1,20260811,True,1b21100b0b48d25dbf50e6019f64c2eb0649f707ab4907ae708bdc379f33a378
REF-0113,RAIL_STATION,CMAR,US-NORTHEAST,21622.664,27.533,98.407,2,0.621595,0.355711,1.18,263493622.13,416309395.73,602,861.599,0.57996,0.431227,RED,True,DEVELOPMENT,SYNTHETIC_RESEARCH_FIXTURE,OG-SYNTH-0.1,B1-0.1,generate_opus_synthetic_programme.py@0.1,20260811,True,138f15e1b835c4bc3f03d02565802235af4fa2706cea5847e8dc3015179619bf
REF-0114,DATA_CENTER,CMAR,US-NORTHEAST,35842.764,7.231,111.934,6,0.390465,0.572833,1.18,196593773.73,217100577.45,540,614.327,0.104311,0.137642,AMBER,False,DEVELOPMENT,SYNTHETIC_RESEARCH_FIXTURE,OG-SYNTH-0.1,B1-0.1,generate_opus_synthetic_programme.py@0.1,20260811,True,47229c0fd3a4629ba84b3cce953bc0a606059fc46c1c948a44c476828333d807
REF-0115,AIRPORT_TERMINAL,EPCM,US-NORTHEAST,47864.574,1.578,47.759,1,0.613592,0.727923,1.18,221536855.47,261767336.25,636,679.001,0.181597,0.067612,AMBER,False,LOCKED_HOLDOUT,SYNTHETIC_RESEARCH_FIXTURE,OG-SYNTH-0.1,B1-0.1,generate_opus_synthetic_programme.py@0.1,20260811,True,8f1695f75bd13ce18c8cb9016fb7e07913d24cb5d8ed76d2ea9c1c3697976837
REF-0116,HIGHWAY_CORRIDOR,EPCM,US-NORTHEAST,0.0,16.32,100.666,4,0.311704,0.870274,1.18,161471372.54,192344348.71,349,364.726,0.191198,0.045061,AMBER,False,VALIDATION,SYNTHETIC_RESEARCH_FIXTURE,OG-SYNTH-0.1,B1-0.1,generate_opus_synthetic_programme.py@0.1,20260811,True,e53806c78a091b757018fcf1b7647536e158953675aabb1041a16cdbf435bc90
REF-0117,VERTICAL_HOSPITAL,EPCM,US-NORTHEAST,59059.49,0.628,32.144,11,0.387914,0.35,1.18,234879439.08,274250560.14,625,780.359,0.167623,0.248574,RED,False,DEVELOPMENT,SYNTHETIC_RESEARCH_FIXTURE,OG-SYNTH-0.1,B1-0.1,generate_opus_synthetic_programme.py@0.1,20260811,True,052770ff692125edea60ad8e77f991f0300bf124b86f4d330bbaee93b72eae05
REF-0118,WATER_TREATMENT,EPCM,US-NORTHEAST,10711.738,5.294,126.179,6,0.642605,0.417907,1.18,176179304.46,260276923.2,451,676.95,0.477341,0.500998,RED,True,DEVELOPMENT,SYNTHETIC_RESEARCH_FIXTURE,OG-SYNTH-0.1,B1-0.1,generate_opus_synthetic_programme.py@0.1,20260811,True,27c9b3340a262200493290ee23308c5e3eb0d76661aaf9ade0fc5fbce0cbdda2
REF-0119,RAIL_STATION,EPCM,US-NORTHEAST,488.519,16.851,58.209,9,0.271612,0.941706,1.18,203302874.69,224462381.15,397,416.759,0.104079,0.04977,AMBER,False,DEVELOPMENT,SYNTHETIC_RESEARCH_FIXTURE,OG-SYNTH-0.1,B1-0.1,generate_opus_synthetic_programme.py@0.1,20260811,True,9df15e65736a9c52254d727d2ee774d215b8661b1020a9deb2336ca08ee986da
REF-0120,DATA_CENTER,EPCM,US-NORTHEAST,60077.241,2.797,165.938,6,0.586286,0.525908,1.18,234407964.0,382657443.65,659,841.363,0.632442,0.276727,RED,True,DEVELOPMENT,SYNTHETIC_RESEARCH_FIXTURE,OG-SYNTH-0.1,B1-0.1,generate_opus_synthetic_programme.py@0.1,20260811,True,0df5036e57e6193ce341bcacb483b7fccb0a6984bc7b6fadd6f9e806174131c9
REF-0121,AIRPORT_TERMINAL,DESIGN_BID_BUILD,US-SOUTHEAST,21863.66,0.633,96.954,1,0.65639,0.35,0.94,146311834.88,188162184.27,489,549.779,0.286035,0.124292,RED,False,DEVELOPMENT,SYNTHETIC_RESEARCH_FIXTURE,OG-SYNTH-0.1,B1-0.1,generate_opus_synthetic_programme.py@0.1,20260811,True,09934bf93f7eb2047bfb0fa51b95f537e20da00d1f3e223d8368a66c96a9f899
REF-0122,HIGHWAY_CORRIDOR,DESIGN_BID_BUILD,US-SOUTHEAST,22429.773,24.497,1.0,1,0.645581,0.904852,0.94,162455576.92,197794609.69,580,620.572,0.21753,0.069952,AMBER,False,DEVELOPMENT,SYNTHETIC_RESEARCH_FIXTURE,OG-SYNTH-0.1,B1-0.1,generate_opus_synthetic_programme.py@0.1,20260811,True,3770683f337655fb53ec8f7efc3851577214731baf93794696c1995776ff61be
REF-0123,VERTICAL_HOSPITAL,DESIGN_BID_BUILD,US-SOUTHEAST,46030.144,4.895,61.352,9,0.694079,0.802191,0.94,206253832.99,249756487.82,686,757.515,0.210918,0.104249,AMBER,False,DEVELOPMENT,SYNTHETIC_RESEARCH_FIXTURE,OG-SYNTH-0.1,B1-0.1,generate_opus_synthetic_programme.py@0.1,20260811,True,984577ce203ac2690c7f75f4227538a4c6c9e95a31f47f89879b2b014581e7ce
REF-0124,WATER_TREATMENT,DESIGN_BID_BUILD,US-SOUTHEAST,4539.875,0.0,143.175,1,0.284234,0.77855,0.94,103461911.87,113088380.42,409,426.765,0.093044,0.043435,AMBER,False,DEVELOPMENT,SYNTHETIC_RESEARCH_FIXTURE,OG-SYNTH-0.1,B1-0.1,generate_opus_synthetic_programme.py@0.1,20260811,True,0fc078c2cab65d423f8c44e3aef14bbe4076d8c7e697f5802bedc856f525511f
REF-0125,RAIL_STATION,DESIGN_BID_BUILD,US-SOUTHEAST,12153.18,21.081,25.452,3,0.740883,0.727265,0.94,179473134.54,226250788.8,625,766.615,0.260639,0.226583,RED,False,DEVELOPMENT,SYNTHETIC_RESEARCH_FIXTURE,OG-SYNTH-0.1,B1-0.1,generate_opus_synthetic_programme.py@0.1,20260811,True,d029ee789a53351a44ab6475a02ef37dcee010444d5661add113ea8ac343df4d
REF-0126,DATA_CENTER,DESIGN_BID_BUILD,US-SOUTHEAST,43644.732,3.165,145.997,9,0.579743,0.868821,0.94,198886705.22,243224423.33,609,667.422,0.22293,0.09593,RED,False,DEVELOPMENT,SYNTHETIC_RESEARCH_FIXTURE,OG-SYNTH-0.1,B1-0.1,generate_opus_synthetic_programme.py@0.1,20260811,True,cc55f23afdba9eed962a42f777489e956e42a0cef3e457c70c2af8effbbb6a6d
REF-0127,AIRPORT_TERMINAL,DESIGN_BUILD,US-SOUTHEAST,50065.821,5.688,52.92,8,0.672565,0.57664,0.94,183189225.22,203037001.2,661,799.389,0.108346,0.209364,AMBER,False,DEVELOPMENT,SYNTHETIC_RESEARCH_FIXTURE,OG-SYNTH-0.1,B1-0.1,generate_opus_synthetic_programme.py@0.1,20260811,True,f7f311e77c85db4ffbfda973bc2066e235c506dab035888c1432d43856b2cf6f
REF-0128,HIGHWAY_CORRIDOR,DESIGN_BUILD,US-SOUTHEAST,19619.681,22.427,70.254,7,0.749978,0.78653,0.94,163030018.75,192086949.02,616,742.656,0.178231,0.205611,AMBER,False,VALIDATION,SYNTHETIC_RESEARCH_FIXTURE,OG-SYNTH-0.1,B1-0.1,generate_opus_synthetic_programme.py@0.1,20260811,True,379d6d0b6a99e64f31dc3ee9b770b391371a959e6b1e540d6e963802646ade59
REF-0129,VERTICAL_HOSPITAL,DESIGN_BUILD,US-SOUTHEAST,55180.075,4.31,45.971,12,0.651581,0.742147,0.94,206900069.62,325830840.4,624,862.214,0.574822,0.381753,RED,True,LOCKED_HOLDOUT,SYNTHETIC_RESEARCH_FIXTURE,OG-SYNTH-0.1,B1-0.1,generate_opus_synthetic_programme.py@0.1,20260811,True,7424a3d5c2ffc524ce8e92da0ae828c25f562cae96ee80a171878ef3c7522650
REF-0130,WATER_TREATMENT,DESIGN_BUILD,US-SOUTHEAST,18284.671,0.0,127.642,3,0.915116,0.798956,0.94,136871673.56,151742962.9,563,679.391,0.108651,0.206734,AMBER,False,LOCKED_HOLDOUT,SYNTHETIC_RESEARCH_FIXTURE,OG-SYNTH-0.1,B1-0.1,generate_opus_synthetic_programme.py@0.1,20260811,True,727d8b0525aab1318161f2dc68406afb3401a0a9422dbfe5ce42d2565abdb751
REF-0131,RAIL_STATION,DESIGN_BUILD,US-SOUTHEAST,2719.533,16.352,72.042,5,0.77593,0.836912,0.94,159314692.57,278800712.0,508,880.981,0.75,0.734215,RED,True,DEVELOPMENT,SYNTHETIC_RESEARCH_FIXTURE,OG-SYNTH-0.1,B1-0.1,generate_opus_synthetic_programme.py@0.1,20260811,True,42a64ee368092e580f28d2a8a5e8e37aa5dcc7fefa16bcf74ac9bc9956416674
REF-0132,DATA_CENTER,DESIGN_BUILD,US-SOUTHEAST,48582.884,0.0,130.72,5,0.930742,0.906528,0.94,178995742.28,183167729.04,677,825.674,0.023308,0.219608,AMBER,False,DEVELOPMENT,SYNTHETIC_RESEARCH_FIXTURE,OG-SYNTH-0.1,B1-0.1,generate_opus_synthetic_programme.py@0.1,20260811,True,1db7c76589db65602fbfd38edd05ff0b69bf223843936b1f73564d5a72e5497e
REF-0133,AIRPORT_TERMINAL,CMAR,US-SOUTHEAST,37593.767,1.478,73.99,1,0.934217,0.404251,0.94,172235969.56,220370859.79,611,777.273,0.279471,0.272133,RED,False,DEVELOPMENT,SYNTHETIC_RESEARCH_FIXTURE,OG-SYNTH-0.1,B1-0.1,generate_opus_synthetic_programme.py@0.1,20260811,True,25d308f14ba662877286f7f2cb5e8ac867468bebaba734a15450b56867298c92
REF-0134,HIGHWAY_CORRIDOR,CMAR,US-SOUTHEAST,0.0,15.89,39.076,3,0.331338,0.690467,0.94,123548325.02,190513486.31,296,519.998,0.542016,0.756749,RED,True,DEVELOPMENT,SYNTHETIC_RESEARCH_FIXTURE,OG-SYNTH-0.1,B1-0.1,generate_opus_synthetic_programme.py@0.1,20260811,True,03791e362a1122c0d0f76eedccc4358a56e986b1590def8c552b9d18952e3079
REF-0135,VERTICAL_HOSPITAL,CMAR,US-SOUTHEAST,32981.333,0.0,70.564,10,0.168561,0.791503,0.94,158112541.45,170059572.19,524,477.917,0.07556,-0.087946,GREEN,False,DEVELOPMENT,SYNTHETIC_RESEARCH_FIXTURE,OG-SYNTH-0.1,B1-0.1,generate_opus_synthetic_programme.py@0.1,20260811,True,c6827fc679822fff3669cfe970fd34cf031d86fc06b5495936e7e8e89d35ee5f
REF-0136,WATER_TREATMENT,CMAR,US-SOUTHEAST,18964.355,7.221,119.142,4,0.557242,0.496899,0.94,126724736.27,145575767.0,554,664.079,0.148756,0.198699,AMBER,False,DEVELOPMENT,SYNTHETIC_RESEARCH_FIXTURE,OG-SYNTH-0.1,B1-0.1,generate_opus_synthetic_programme.py@0.1,20260811,True,48678c624fc0764950ca4dc8c4400b48de697f3b25f9bc01382c1a9c3953d25d
REF-0137,RAIL_STATION,CMAR,US-SOUTHEAST,4367.85,21.499,54.409,9,0.614075,0.834864,0.94,187638351.89,203274683.61,474,581.003,0.083332,0.225746,RED,False,DEVELOPMENT,SYNTHETIC_RESEARCH_FIXTURE,OG-SYNTH-0.1,B1-0.1,generate_opus_synthetic_programme.py@0.1,20260811,True,46a506664830f052b3c4bf989319086b04cdec4498ae46ac4b4f2b4983912f07
REF-0138,DATA_CENTER,CMAR,US-SOUTHEAST,47040.033,7.492,122.452,2,0.451097,0.764516,0.94,163993766.58,193788450.37,572,588.443,0.181682,0.028747,AMBER,False,DEVELOPMENT,SYNTHETIC_RESEARCH_FIXTURE,OG-SYNTH-0.1,B1-0.1,generate_opus_synthetic_programme.py@0.1,20260811,True,7c7011a615d2becff891b94c441a187c540be668147fbd1fe31e11253ed8176d
REF-0139,AIRPORT_TERMINAL,EPCM,US-SOUTHEAST,31234.187,9.851,63.341,3,0.621431,0.640422,0.94,170961226.22,215432715.33,592,705.468,0.260126,0.191668,RED,False,DEVELOPMENT,SYNTHETIC_RESEARCH_FIXTURE,OG-SYNTH-0.1,B1-0.1,generate_opus_synthetic_programme.py@0.1,20260811,True,4849cc60f617ae74a7865dcd2b9c2d16444b84c9a1f5556cdf20a3dc2df5d9b7
REF-0140,HIGHWAY_CORRIDOR,EPCM,US-SOUTHEAST,9629.433,16.302,96.999,1,0.305438,0.59717,0.94,133471967.9,156771508.89,442,492.516,0.174565,0.11429,AMBER,False,DEVELOPMENT,SYNTHETIC_RESEARCH_FIXTURE,OG-SYNTH-0.1,B1-0.1,generate_opus_synthetic_programme.py@0.1,20260811,True,8da4e9b2a3940399b70666649c89a7830a864a50a332a146ef733b25a4bdc67a
REF-0141,VERTICAL_HOSPITAL,EPCM,US-SOUTHEAST,39371.479,1.038,42.849,13,0.48099,0.957038,0.94,195953234.7,217071698.04,584,622.884,0.107773,0.066583,AMBER,False,DEVELOPMENT,SYNTHETIC_RESEARCH_FIXTURE,OG-SYNTH-0.1,B1-0.1,generate_opus_synthetic_programme.py@0.1,20260811,True,877f99f367079a7951876c3acc1ae6f5df28ac364e06f3b8ec0984a56ce423c6
REF-0142,WATER_TREATMENT,EPCM,US-SOUTHEAST,0.0,0.0,146.866,4,0.232203,0.63202,0.94,88122484.79,101825788.35,308,332.026,0.155503,0.078007,AMBER,False,DEVELOPMENT,SYNTHETIC_RESEARCH_FIXTURE,OG-SYNTH-0.1,B1-0.1,generate_opus_synthetic_programme.py@0.1,20260811,True,b403c9c015d27674c722658e22b0b99ac32ce0a96f5e7e9c4d390e00c77dbac1
REF-0143,RAIL_STATION,EPCM,US-SOUTHEAST,15355.7,28.431,58.225,2,0.579027,0.762786,0.94,194879742.0,224143659.74,631,720.764,0.150164,0.142257,AMBER,False,DEVELOPMENT,SYNTHETIC_RESEARCH_FIXTURE,OG-SYNTH-0.1,B1-0.1,generate_opus_synthetic_programme.py@0.1,20260811,True,15e39d205f2b17bf3432ec655e46e82317e20fe6bdb592b46a05e1020c825322
REF-0144,DATA_CENTER,EPCM,US-SOUTHEAST,44747.512,0.0,126.749,7,0.490563,0.70944,0.94,158520020.35,191430837.2,619,668.191,0.207613,0.079469,AMBER,False,DEVELOPMENT,SYNTHETIC_RESEARCH_FIXTURE,OG-SYNTH-0.1,B1-0.1,generate_opus_synthetic_programme.py@0.1,20260811,True,3a88ffed6775fde3c10af701f048216aa6d3e4a3cba58bf743d5731869b80fc5
REF-0145,AIRPORT_TERMINAL,DESIGN_BID_BUILD,US-MIDWEST,84880.603,0.0,65.555,4,0.49491,0.35,0.91,200067779.68,240516487.5,711,810.187,0.202175,0.139504,AMBER,False,LOCKED_HOLDOUT,SYNTHETIC_RESEARCH_FIXTURE,OG-SYNTH-0.1,B1-0.1,generate_opus_synthetic_programme.py@0.1,20260811,True,b46b3ee803b3f848aa3f283705837ab52abcd2a0a10132ac5461ece78a6efe3e
REF-0146,HIGHWAY_CORRIDOR,DESIGN_BID_BUILD,US-MIDWEST,0.0,22.65,103.495,4,0.303161,0.792314,0.91,134585005.31,156665946.58,401,425.93,0.164067,0.062169,AMBER,False,VALIDATION,SYNTHETIC_RESEARCH_FIXTURE,OG-SYNTH-0.1,B1-0.1,generate_opus_synthetic_programme.py@0.1,20260811,True,dbe4b10357e3b64e85efb512dbbd83b1317eaedcbab5c89a2bb97aaa96baf991
REF-0147,VERTICAL_HOSPITAL,DESIGN_BID_BUILD,US-MIDWEST,38636.794,2.342,47.297,9,0.247173,0.843873,0.91,167068869.1,193966074.66,573,564.443,0.160995,-0.014934,AMBER,False,VALIDATION,SYNTHETIC_RESEARCH_FIXTURE,OG-SYNTH-0.1,B1-0.1,generate_opus_synthetic_programme.py@0.1,20260811,True,f53f9778df9db7c2074bb058570182cbc5a8ab518c8ffc2ef9ae4e8e3d0c145a
REF-0148,WATER_TREATMENT,DESIGN_BID_BUILD,US-MIDWEST,6191.87,1.443,172.615,5,0.546439,0.701004,0.91,133993879.72,150778601.09,483,620.165,0.125265,0.283986,RED,False,VALIDATION,SYNTHETIC_RESEARCH_FIXTURE,OG-SYNTH-0.1,B1-0.1,generate_opus_synthetic_programme.py@0.1,20260811,True,2ba946817ae626d2f4ba9a7b9f0ab0b2f36917e108784fe901cabdfff09ac0f0
REF-0149,RAIL_STATION,DESIGN_BID_BUILD,US-MIDWEST,26210.982,21.678,116.839,5,0.431314,0.64984,0.91,184896743.8,227227795.06,595,686.827,0.228944,0.154331,RED,False,LOCKED_HOLDOUT,SYNTHETIC_RESEARCH_FIXTURE,OG-SYNTH-0.1,B1-0.1,generate_opus_synthetic_programme.py@0.1,20260811,True,f220110fecec0cc214ae85bc8c6d607a683ddd282bda22f74b5019d381e0c899
REF-0150,DATA_CENTER,DESIGN_BID_BUILD,US-MIDWEST,54514.973,2.368,93.506,4,0.149313,0.857695,0.91,156842638.29,175269358.98,547,584.645,0.117485,0.068821,AMBER,False,DEVELOPMENT,SYNTHETIC_RESEARCH_FIXTURE,OG-SYNTH-0.1,B1-0.1,generate_opus_synthetic_programme.py@0.1,20260811,True,5b39cc8fc49c3aac5cc84abf441518f83affac5580d17b3024e7c19ef9d669f1
REF-0151,AIRPORT_TERMINAL,DESIGN_BUILD,US-MIDWEST,53055.972,1.259,29.977,2,0.206756,0.637107,0.91,147998863.3,156521307.76,557,661.733,0.057585,0.18803,AMBER,False,VALIDATION,SYNTHETIC_RESEARCH_FIXTURE,OG-SYNTH-0.1,B1-0.1,generate_opus_synthetic_programme.py@0.1,20260811,True,c8b6d6dc42b422fe5f7d6c80dee66c265a49ec588c8259dc09d2c49332c6f90d
REF-0152,HIGHWAY_CORRIDOR,DESIGN_BUILD,US-MIDWEST,25633.626,9.212,54.639,6,0.652903,0.946345,0.91,133110084.68,161703965.18,548,644.746,0.214814,0.176543,AMBER,False,DEVELOPMENT,SYNTHETIC_RESEARCH_FIXTURE,OG-SYNTH-0.1,B1-0.1,generate_opus_synthetic_programme.py@0.1,20260811,True,0af47cfb7686c29cb6df0417b1bd08ab5db9436d4f694c64a3895ed04f6879c9
REF-0153,VERTICAL_HOSPITAL,DESIGN_BUILD,US-MIDWEST,51892.087,2.837,29.633,12,0.431315,0.957104,0.91,182646266.16,191652614.3,633,669.527,0.04931,0.057705,GREEN,False,DEVELOPMENT,SYNTHETIC_RESEARCH_FIXTURE,OG-SYNTH-0.1,B1-0.1,generate_opus_synthetic_programme.py@0.1,20260811,True,6591067e0213310a6693e6f829889e0cdd68bb3f1616c9f49693e2fbf91dd326
REF-0154,WATER_TREATMENT,DESIGN_BUILD,US-MIDWEST,0.0,2.698,120.871,2,0.483346,0.838237,0.91,96255092.3,109609026.07,400,488.902,0.138735,0.222256,RED,False,DEVELOPMENT,SYNTHETIC_RESEARCH_FIXTURE,OG-SYNTH-0.1,B1-0.1,generate_opus_synthetic_programme.py@0.1,20260811,True,8f1e991b0de01e214649aecca359add3fae2985b80a8b6adbde0ca0f68c5e59a
REF-0155,RAIL_STATION,DESIGN_BUILD,US-MIDWEST,14622.032,21.242,112.756,4,0.344055,0.678129,0.91,162148733.76,166846625.19,533,584.496,0.028973,0.096615,AMBER,False,LOCKED_HOLDOUT,SYNTHETIC_RESEARCH_FIXTURE,OG-SYNTH-0.1,B1-0.1,generate_opus_synthetic_programme.py@0.1,20260811,True,268996fefeee7fa4ee03f5d043182751e1172c8e29d7b0b73bdc85e3b89dc3fa
REF-0156,DATA_CENTER,DESIGN_BUILD,US-MIDWEST,36110.393,0.0,101.945,1,0.586257,0.819362,0.91,122207471.81,128450729.67,558,669.439,0.051087,0.199712,AMBER,False,DEVELOPMENT,SYNTHETIC_RESEARCH_FIXTURE,OG-SYNTH-0.1,B1-0.1,generate_opus_synthetic_programme.py@0.1,20260811,True,0c1431ff7c5d3e499cf307c65c3899c539bea863a91e091dd622b10c1db9c2e0
REF-0157,AIRPORT_TERMINAL,CMAR,US-MIDWEST,30189.812,3.287,91.404,3,0.72025,0.78183,0.91,161364447.89,195771447.88,547,638.048,0.213225,0.166449,AMBER,False,LOCKED_HOLDOUT,SYNTHETIC_RESEARCH_FIXTURE,OG-SYNTH-0.1,B1-0.1,generate_opus_synthetic_programme.py@0.1,20260811,True,a5cbdf115845d513cbccd3009a90f30a62e62df1957409e9e4fe2cbb15ea73a0
REF-0158,HIGHWAY_CORRIDOR,CMAR,US-MIDWEST,0.0,17.017,24.257,1,0.337571,0.548183,0.91,95314311.44,110957602.23,308,306.469,0.164123,-0.00497,AMBER,False,VALIDATION,SYNTHETIC_RESEARCH_FIXTURE,OG-SYNTH-0.1,B1-0.1,generate_opus_synthetic_programme.py@0.1,20260811,True,b3c5396bac0bef93ec3085b403fd2187eaaf4e8a6481f79fa689382e5800030c
REF-0159,VERTICAL_HOSPITAL,CMAR,US-MIDWEST,44016.098,0.0,67.324,7,0.658437,0.761632,0.91,165351653.96,190802325.67,620,736.949,0.153918,0.188627,AMBER,False,DEVELOPMENT,SYNTHETIC_RESEARCH_FIXTURE,OG-SYNTH-0.1,B1-0.1,generate_opus_synthetic_programme.py@0.1,20260811,True,e5e38ab9166c19afc0f4f5896de5a9d28d979e72693f5a8eabda3f936b0ccd71
REF-0160,WATER_TREATMENT,CMAR,US-MIDWEST,0.0,0.0,131.579,5,0.64582,0.484523,0.91,106432909.99,122253347.58,334,413.62,0.148642,0.238383,RED,False,DEVELOPMENT,SYNTHETIC_RESEARCH_FIXTURE,OG-SYNTH-0.1,B1-0.1,generate_opus_synthetic_programme.py@0.1,20260811,True,4c23217d9d2dcb60c9f5db435f380f62e195bfe2699c897ad320babff5c27fb8
REF-0161,RAIL_STATION,CMAR,US-MIDWEST,25517.823,21.785,35.654,3,0.675095,0.98702,0.91,181166279.52,207925463.61,633,711.795,0.147705,0.124479,AMBER,False,DEVELOPMENT,SYNTHETIC_RESEARCH_FIXTURE,OG-SYNTH-0.1,B1-0.1,generate_opus_synthetic_programme.py@0.1,20260811,True,57ebcde9973e52750a7925d3597d44e42b0c9d1bdc306cb419b21fd062a3b587
REF-0162,DATA_CENTER,CMAR,US-MIDWEST,55097.24,3.848,88.224,5,0.168938,0.6914,0.91,146501965.28,145793302.32,554,606.994,-0.004837,0.095658,AMBER,False,DEVELOPMENT,SYNTHETIC_RESEARCH_FIXTURE,OG-SYNTH-0.1,B1-0.1,generate_opus_synthetic_programme.py@0.1,20260811,True,790120072acd3f0f8f92cc56804352701d445640cf3dcd260abfe8ada24c9007
REF-0163,AIRPORT_TERMINAL,EPCM,US-MIDWEST,14720.69,0.0,60.785,2,0.79327,0.571434,0.91,152438165.93,184776774.26,430,500.055,0.212142,0.162919,AMBER,False,LOCKED_HOLDOUT,SYNTHETIC_RESEARCH_FIXTURE,OG-SYNTH-0.1,B1-0.1,generate_opus_synthetic_programme.py@0.1,20260811,True,5c3b61613b87e04dad4780403429b15d594e6e310d5ba6a40cc9d94176d6d74b
REF-0164,HIGHWAY_CORRIDOR,EPCM,US-MIDWEST,6916.798,10.914,55.643,6,0.685305,0.773651,0.91,127755716.02,152329062.51,468,576.986,0.192346,0.232877,RED,False,DEVELOPMENT,SYNTHETIC_RESEARCH_FIXTURE,OG-SYNTH-0.1,B1-0.1,generate_opus_synthetic_programme.py@0.1,20260811,True,5559a019525e1b2dc93b7f26e04c3014f45b0d0a8b012ca4a772d5666cb52d2d
REF-0165,VERTICAL_HOSPITAL,EPCM,US-MIDWEST,40081.399,0.0,56.266,17,0.175234,0.699441,0.91,178015422.25,198525891.49,540,571.867,0.115217,0.059014,AMBER,False,LOCKED_HOLDOUT,SYNTHETIC_RESEARCH_FIXTURE,OG-SYNTH-0.1,B1-0.1,generate_opus_synthetic_programme.py@0.1,20260811,True,9223506b7af786cfcdd1158f3c3483e703b38da665e441fc8f1dcbf6507acb33
REF-0166,WATER_TREATMENT,EPCM,US-MIDWEST,24620.235,1.754,101.646,5,0.273862,0.919776,0.91,110759035.45,121656942.73,504,539.587,0.098393,0.07061,AMBER,False,DEVELOPMENT,SYNTHETIC_RESEARCH_FIXTURE,OG-SYNTH-0.1,B1-0.1,generate_opus_synthetic_programme.py@0.1,20260811,True,de139eefb3b52b196be9fcca13d66d5d2b24d31a8cbf3c6c24dda6d52d3c82bd
REF-0167,RAIL_STATION,EPCM,US-MIDWEST,6508.799,19.038,43.482,5,0.32859,0.758459,0.91,141967392.03,197579204.61,451,707.224,0.391722,0.568123,RED,True,VALIDATION,SYNTHETIC_RESEARCH_FIXTURE,OG-SYNTH-0.1,B1-0.1,generate_opus_synthetic_programme.py@0.1,20260811,True,f68ff10b13e54f9340cf09b84f350b41a63548f99c82cef314e41d151362ac67
REF-0168,DATA_CENTER,EPCM,US-MIDWEST,59225.824,4.764,117.488,7,0.718163,0.615752,0.91,177865237.93,209902225.48,634,748.898,0.180119,0.181227,AMBER,False,DEVELOPMENT,SYNTHETIC_RESEARCH_FIXTURE,OG-SYNTH-0.1,B1-0.1,generate_opus_synthetic_programme.py@0.1,20260811,True,9f313589159fcbfd7c59f86960c27e3c19cf10e65cb5e6a948358f0b84064a67
REF-0169,AIRPORT_TERMINAL,DESIGN_BID_BUILD,US-WEST,57480.284,0.0,35.501,2,0.550923,0.75748,1.12,211083385.82,245577472.17,642,790.361,0.163415,0.231092,RED,False,VALIDATION,SYNTHETIC_RESEARCH_FIXTURE,OG-SYNTH-0.1,B1-0.1,generate_opus_synthetic_programme.py@0.1,20260811,True,ff53db57ff088c18b00da6afc4581a4074bf657e15407bb44bc40fcb0627b87f
REF-0170,HIGHWAY_CORRIDOR,DESIGN_BID_BUILD,US-WEST,6257.61,15.035,1.0,10,0.28335,0.922725,1.12,135409769.79,153258939.37,452,505.089,0.131816,0.117453,AMBER,False,DEVELOPMENT,SYNTHETIC_RESEARCH_FIXTURE,OG-SYNTH-0.1,B1-0.1,generate_opus_synthetic_programme.py@0.1,20260811,True,8450cfef0269653a7146ce0cc1a19de838b047f344be9fae506b4a9792e04c71
REF-0171,VERTICAL_HOSPITAL,DESIGN_BID_BUILD,US-WEST,44495.984,3.37,15.439,7,0.82533,0.810988,1.12,241268605.28,304686775.51,669,706.675,0.262853,0.056315,RED,False,DEVELOPMENT,SYNTHETIC_RESEARCH_FIXTURE,OG-SYNTH-0.1,B1-0.1,generate_opus_synthetic_programme.py@0.1,20260811,True,6d75ea959c070957d665c33168e7219b4857ee6bace3b53dc4011e020d98749c
REF-0172,WATER_TREATMENT,DESIGN_BID_BUILD,US-WEST,31651.787,3.25,102.451,6,0.200015,0.35,1.12,148141694.59,175818464.95,518,636.855,0.186826,0.22945,RED,False,LOCKED_HOLDOUT,SYNTHETIC_RESEARCH_FIXTURE,OG-SYNTH-0.1,B1-0.1,generate_opus_synthetic_programme.py@0.1,20260811,True,06650284fb6dac842a35746797cf693d0d805e9b3e4633447f5d48b1a4688e07
REF-0173,RAIL_STATION,DESIGN_BID_BUILD,US-WEST,0.0,13.98,49.303,8,0.692986,0.532071,1.12,193968886.12,239445347.17,326,366.566,0.234452,0.124436,RED,False,LOCKED_HOLDOUT,SYNTHETIC_RESEARCH_FIXTURE,OG-SYNTH-0.1,B1-0.1,generate_opus_synthetic_programme.py@0.1,20260811,True,7681dff9381e684b920b76636d251f43f7c066ff148a711207f117a966d6aec2
REF-0174,DATA_CENTER,DESIGN_BID_BUILD,US-WEST,52616.06,0.0,107.914,1,0.698102,0.932804,1.12,196926376.87,221904839.72,641,799.966,0.126842,0.247997,RED,False,DEVELOPMENT,SYNTHETIC_RESEARCH_FIXTURE,OG-SYNTH-0.1,B1-0.1,generate_opus_synthetic_programme.py@0.1,20260811,True,b59f97a73c362dd7f2015ff181575809a94ffc67fae958d36e9fb1a72d61f03a
REF-0175,AIRPORT_TERMINAL,DESIGN_BUILD,US-WEST,36366.275,4.408,70.862,2,0.531352,0.387805,1.12,195657505.78,219867590.85,562,660.889,0.123737,0.175958,AMBER,False,VALIDATION,SYNTHETIC_RESEARCH_FIXTURE,OG-SYNTH-0.1,B1-0.1,generate_opus_synthetic_programme.py@0.1,20260811,True,d3e1585f5b5df90b7a296edf71e9a2ec188cfbb3093fe02562e15fa0e8fa271c
REF-0176,HIGHWAY_CORRIDOR,DESIGN_BUILD,US-WEST,24832.511,24.529,98.79,1,0.699279,0.784123,1.12,217733377.76,241728445.81,571,669.556,0.110204,0.172602,AMBER,False,DEVELOPMENT,SYNTHETIC_RESEARCH_FIXTURE,OG-SYNTH-0.1,B1-0.1,generate_opus_synthetic_programme.py@0.1,20260811,True,f5d52fd7fb9c50e9f159f7d3d1cb978fb12a64674e99b723fe52872f6e9c41cd
REF-0177,VERTICAL_HOSPITAL,DESIGN_BUILD,US-WEST,57274.32,0.0,42.544,9,0.575933,0.584688,1.12,226522130.77,264403155.22,664,704.794,0.167229,0.061437,AMBER,False,LOCKED_HOLDOUT,SYNTHETIC_RESEARCH_FIXTURE,OG-SYNTH-0.1,B1-0.1,generate_opus_synthetic_programme.py@0.1,20260811,True,a47aa4c43131119f50402925a88840f98eb1e395afe0463816e71c35d800c7d2
REF-0178,WATER_TREATMENT,DESIGN_BUILD,US-WEST,2981.832,8.129,95.093,1,0.535104,0.544958,1.12,136553019.23,156322336.34,439,523.519,0.144774,0.192526,AMBER,False,DEVELOPMENT,SYNTHETIC_RESEARCH_FIXTURE,OG-SYNTH-0.1,B1-0.1,generate_opus_synthetic_programme.py@0.1,20260811,True,3ae1b2a517daf43b978aa1fe9c6e9592b764ca7e41a22f762e8e3bfff72aa966
REF-0179,RAIL_STATION,DESIGN_BUILD,US-WEST,27789.805,20.416,57.399,1,0.897233,0.722934,1.12,237471055.75,287089104.01,691,893.951,0.208944,0.293707,RED,False,DEVELOPMENT,SYNTHETIC_RESEARCH_FIXTURE,OG-SYNTH-0.1,B1-0.1,generate_opus_synthetic_programme.py@0.1,20260811,True,78e73ce1fc8eafeacedca955925806e2fd44a04d7f29a2dcd4d612dfc8c690de
REF-0180,DATA_CENTER,DESIGN_BUILD,US-WEST,26743.254,0.0,125.676,9,0.814317,0.793831,1.12,178239073.62,205945381.19,571,688.802,0.155445,0.206309,AMBER,False,VALIDATION,SYNTHETIC_RESEARCH_FIXTURE,OG-SYNTH-0.1,B1-0.1,generate_opus_synthetic_programme.py@0.1,20260811,True,862becd153c1afaaee7d5c70a08b27e87993e9c18f9fdfb69fe05c9c5675ee35
REF-0181,AIRPORT_TERMINAL,CMAR,US-WEST,71560.775,10.816,57.39,8,0.447199,0.868974,1.12,260393988.36,314284424.58,626,748.095,0.206957,0.195039,AMBER,False,DEVELOPMENT,SYNTHETIC_RESEARCH_FIXTURE,OG-SYNTH-0.1,B1-0.1,generate_opus_synthetic_programme.py@0.1,20260811,True,bbdaa73592d5f35c4659a43973e4c4649c18e0b132a9f66d1a040e9aef3871a7
REF-0182,HIGHWAY_CORRIDOR,CMAR,US-WEST,12047.43,12.08,45.547,3,0.598774,0.483657,1.12,151758331.05,177611091.71,535,605.956,0.170355,0.132627,AMBER,False,VALIDATION,SYNTHETIC_RESEARCH_FIXTURE,OG-SYNTH-0.1,B1-0.1,generate_opus_synthetic_programme.py@0.1,20260811,True,183bb8e584c6d84e0c3f08bafa710388e2d7aeedd5f41c1f455d0c73282ad76d
REF-0183,VERTICAL_HOSPITAL,CMAR,US-WEST,43531.24,4.035,87.461,13,0.602929,0.730614,1.12,254821888.33,292202304.83,609,742.005,0.146692,0.2184,AMBER,False,DEVELOPMENT,SYNTHETIC_RESEARCH_FIXTURE,OG-SYNTH-0.1,B1-0.1,generate_opus_synthetic_programme.py@0.1,20260811,True,08406dee6383dae615993c5f631db090f0a51d16d4377348c711675f36f21b42
REF-0184,WATER_TREATMENT,CMAR,US-WEST,0.0,4.977,123.933,4,0.644271,0.639028,1.12,144326899.05,181494847.4,339,406.521,0.257526,0.199177,RED,False,VALIDATION,SYNTHETIC_RESEARCH_FIXTURE,OG-SYNTH-0.1,B1-0.1,generate_opus_synthetic_programme.py@0.1,20260811,True,1b0bc966f1880114cc06daa2a972f0e988955349c2aa4e5ce038c5525b4ba22e
REF-0185,RAIL_STATION,CMAR,US-WEST,0.0,15.273,60.387,7,0.622849,0.638795,1.12,183359535.69,208500667.64,418,473.57,0.137114,0.132942,AMBER,False,LOCKED_HOLDOUT,SYNTHETIC_RESEARCH_FIXTURE,OG-SYNTH-0.1,B1-0.1,generate_opus_synthetic_programme.py@0.1,20260811,True,8264f3b5fd2d97800375ddf7739a09dc6e7da50538e1a7608f102d7d8b9cc342
REF-0186,DATA_CENTER,CMAR,US-WEST,39667.745,5.127,149.445,4,0.5348,0.871868,1.12,196833308.7,227627149.18,592,688.742,0.156446,0.163416,AMBER,False,DEVELOPMENT,SYNTHETIC_RESEARCH_FIXTURE,OG-SYNTH-0.1,B1-0.1,generate_opus_synthetic_programme.py@0.1,20260811,True,1d37892e4b4fcd3853ce9c9404004c6179d5ed83685728024bcf2d0b79c85d40
REF-0187,AIRPORT_TERMINAL,EPCM,US-WEST,28573.833,2.632,80.15,2,0.237125,0.813357,1.12,183336382.35,205312957.75,474,511.34,0.11987,0.078777,AMBER,False,DEVELOPMENT,SYNTHETIC_RESEARCH_FIXTURE,OG-SYNTH-0.1,B1-0.1,generate_opus_synthetic_programme.py@0.1,20260811,True,66362dae111865ffb2272d52a6feec7f31861a5f84c9c802ebe21dfd5af967d8
REF-0188,HIGHWAY_CORRIDOR,EPCM,US-WEST,9160.385,12.01,70.093,6,0.259,0.720601,1.12,138973902.43,153705543.67,463,460.737,0.106003,-0.004887,AMBER,False,LOCKED_HOLDOUT,SYNTHETIC_RESEARCH_FIXTURE,OG-SYNTH-0.1,B1-0.1,generate_opus_synthetic_programme.py@0.1,20260811,True,deb24a734a42b58faf53d03f712765fc69b2daf2bf6a5083484a5d577246ae82
REF-0189,VERTICAL_HOSPITAL,EPCM,US-WEST,42248.631,0.0,72.75,11,0.695463,0.766982,1.12,221221898.72,319074806.93,585,881.022,0.442329,0.506021,RED,True,LOCKED_HOLDOUT,SYNTHETIC_RESEARCH_FIXTURE,OG-SYNTH-0.1,B1-0.1,generate_opus_synthetic_programme.py@0.1,20260811,True,8769938cd44098ee0cc70cf3e1862fd8829802efd093cc1d2f62ac6923c6433b
REF-0190,WATER_TREATMENT,EPCM,US-WEST,12969.729,4.112,150.194,3,0.545148,0.44509,1.12,145322147.0,186835685.91,451,520.98,0.285666,0.155167,RED,False,LOCKED_HOLDOUT,SYNTHETIC_RESEARCH_FIXTURE,OG-SYNTH-0.1,B1-0.1,generate_opus_synthetic_programme.py@0.1,20260811,True,d9d4f891b9a08f8f7b71c7847e5614ed32a83e288065acda5328e809c5e5831d
REF-0191,RAIL_STATION,EPCM,US-WEST,0.0,16.949,82.848,1,0.341485,0.625072,1.12,168247550.17,192824688.62,334,366.811,0.146077,0.098237,AMBER,False,DEVELOPMENT,SYNTHETIC_RESEARCH_FIXTURE,OG-SYNTH-0.1,B1-0.1,generate_opus_synthetic_programme.py@0.1,20260811,True,ef5ffe7c8bce7ec31bf9661c7bfbe2573cd43169cf5e41ad414133723643616e
REF-0192,DATA_CENTER,EPCM,US-WEST,27960.022,1.793,139.134,2,0.682925,0.86121,1.12,184611164.52,229857605.6,619,710.125,0.24509,0.147214,RED,False,VALIDATION,SYNTHETIC_RESEARCH_FIXTURE,OG-SYNTH-0.1,B1-0.1,generate_opus_synthetic_programme.py@0.1,20260811,True,7d57e9662f9758af6d194d44fd2abffe02d4164d9ef30a4e6f69f8368c2706e5
REF-0193,AIRPORT_TERMINAL,DESIGN_BID_BUILD,US-NORTHEAST,53093.207,6.344,76.093,5,0.933072,0.782396,1.18,270767022.81,320360046.26,668,873.639,0.183158,0.307843,RED,False,DEVELOPMENT,SYNTHETIC_RESEARCH_FIXTURE,OG-SYNTH-0.1,B1-0.1,generate_opus_synthetic_programme.py@0.1,20260811,True,0f4d5b8d71c0ed6bef760ade4ccb80d4112e0028fb8661c63b25154596d9f41c
REF-0194,HIGHWAY_CORRIDOR,DESIGN_BID_BUILD,US-NORTHEAST,9274.8,23.006,97.195,1,0.850416,0.35,1.18,207231980.02,254167014.54,558,676.386,0.226485,0.212161,RED,False,LOCKED_HOLDOUT,SYNTHETIC_RESEARCH_FIXTURE,OG-SYNTH-0.1,B1-0.1,generate_opus_synthetic_programme.py@0.1,20260811,True,ab7a3fab8fe2815004f8ec545022db19f9d99f63abf742354a3266cc47977eee
REF-0195,VERTICAL_HOSPITAL,DESIGN_BID_BUILD,US-NORTHEAST,15871.654,7.356,47.679,14,0.177885,0.495822,1.18,200968753.97,347446834.62,476,742.424,0.72886,0.559714,RED,True,DEVELOPMENT,SYNTHETIC_RESEARCH_FIXTURE,OG-SYNTH-0.1,B1-0.1,generate_opus_synthetic_programme.py@0.1,20260811,True,1b22b831978e3655505f64c135beacfd98476629a6afe9b04a04317461d1e472
REF-0196,WATER_TREATMENT,DESIGN_BID_BUILD,US-NORTHEAST,12196.519,0.0,125.602,5,0.494037,0.356118,1.18,150380398.22,179069729.15,476,556.6,0.190778,0.169328,AMBER,False,DEVELOPMENT,SYNTHETIC_RESEARCH_FIXTURE,OG-SYNTH-0.1,B1-0.1,generate_opus_synthetic_programme.py@0.1,20260811,True,d88f2ee1d3dcf32d3872ead73070e4581a3d876e76c9b01b0b07c94da7ad0e4f
REF-0197,RAIL_STATION,DESIGN_BID_BUILD,US-NORTHEAST,17268.223,24.913,31.094,4,0.430162,0.622442,1.18,228410197.57,263901835.82,576,660.444,0.155386,0.146604,AMBER,False,DEVELOPMENT,SYNTHETIC_RESEARCH_FIXTURE,OG-SYNTH-0.1,B1-0.1,generate_opus_synthetic_programme.py@0.1,20260811,True,107db857f2c4af1dfde91901465503d8fa2d78819cd2e915517f0aeeb90607ff
REF-0198,DATA_CENTER,DESIGN_BID_BUILD,US-NORTHEAST,31767.375,0.0,147.223,6,0.892856,0.778203,1.18,202253656.39,259222203.25,621,782.873,0.281669,0.260666,RED,False,DEVELOPMENT,SYNTHETIC_RESEARCH_FIXTURE,OG-SYNTH-0.1,B1-0.1,generate_opus_synthetic_programme.py@0.1,20260811,True,86c389fc4ac52f63f601915f20cd6b5dcf10cb7e45588281225dccb4613116cd
REF-0199,AIRPORT_TERMINAL,DESIGN_BUILD,US-NORTHEAST,39046.179,0.0,63.991,6,0.465863,0.99,1.18,206640185.83,228536215.12,538,544.734,0.105962,0.012516,AMBER,False,DEVELOPMENT,SYNTHETIC_RESEARCH_FIXTURE,OG-SYNTH-0.1,B1-0.1,generate_opus_synthetic_programme.py@0.1,20260811,True,bd5b87ae53d72c473ab92a478ec890ed9bca73957779bd17d8bb52b1bbf63c34
REF-0200,HIGHWAY_CORRIDOR,DESIGN_BUILD,US-NORTHEAST,24843.966,10.122,69.862,5,0.179961,0.640153,1.18,154357350.94,163786291.91,524,602.998,0.061085,0.15076,AMBER,False,DEVELOPMENT,SYNTHETIC_RESEARCH_FIXTURE,OG-SYNTH-0.1,B1-0.1,generate_opus_synthetic_programme.py@0.1,20260811,True,bc5ab7b42269cd466639b0583983870060be6dce4b613e32208af01c14b01de4
REF-0201,VERTICAL_HOSPITAL,DESIGN_BUILD,US-NORTHEAST,36049.512,0.0,18.646,11,0.67091,0.940909,1.18,214324312.88,273584022.15,578,642.94,0.276496,0.112352,RED,False,DEVELOPMENT,SYNTHETIC_RESEARCH_FIXTURE,OG-SYNTH-0.1,B1-0.1,generate_opus_synthetic_programme.py@0.1,20260811,True,486f3124984b66b2a68b9b4832edc4afcec6c7711ce4d5acc158f644ea962ac8
REF-0202,WATER_TREATMENT,DESIGN_BUILD,US-NORTHEAST,10964.191,1.889,77.271,1,0.121438,0.35,1.18,91980168.04,94746100.6,388,409.605,0.030071,0.055683,GREEN,False,LOCKED_HOLDOUT,SYNTHETIC_RESEARCH_FIXTURE,OG-SYNTH-0.1,B1-0.1,generate_opus_synthetic_programme.py@0.1,20260811,True,bcf924aa1e847a95e4a0e037df92b4fc10358288877bf9856a8cb0c3910de9e2
REF-0203,RAIL_STATION,DESIGN_BUILD,US-NORTHEAST,0.0,12.631,39.932,3,0.745867,0.541064,1.18,185595953.7,218603526.7,463,584.971,0.177846,0.263436,RED,False,DEVELOPMENT,SYNTHETIC_RESEARCH_FIXTURE,OG-SYNTH-0.1,B1-0.1,generate_opus_synthetic_programme.py@0.1,20260811,True,f757fd785ba5eb83bc56fde79c8029fcc0386c9cb618827e778a79d7113b4db9
REF-0204,DATA_CENTER,DESIGN_BUILD,US-NORTHEAST,46473.014,4.299,148.743,1,0.129173,0.92267,1.18,170158558.31,180948897.17,550,620.62,0.063413,0.1284,AMBER,False,DEVELOPMENT,SYNTHETIC_RESEARCH_FIXTURE,OG-SYNTH-0.1,B1-0.1,generate_opus_synthetic_programme.py@0.1,20260811,True,755419e3876438b2908353af7d57cc4bfa0eae760a78fd2518d9b69f29b60415
REF-0205,AIRPORT_TERMINAL,CMAR,US-NORTHEAST,43490.344,0.664,35.717,4,0.552785,0.702778,1.18,200664126.83,231678254.46,563,691.691,0.154557,0.228581,RED,False,VALIDATION,SYNTHETIC_RESEARCH_FIXTURE,OG-SYNTH-0.1,B1-0.1,generate_opus_synthetic_programme.py@0.1,20260811,True,7beb0262f93ddec121624d70b62eb26b613e544478e0febd9de85e2ee5ba82d9
REF-0206,HIGHWAY_CORRIDOR,CMAR,US-NORTHEAST,0.0,15.525,68.893,4,0.552097,0.641783,1.18,151675604.87,195293696.51,406,501.821,0.287575,0.236011,RED,False,DEVELOPMENT,SYNTHETIC_RESEARCH_FIXTURE,OG-SYNTH-0.1,B1-0.1,generate_opus_synthetic_programme.py@0.1,20260811,True,59a1e56b2f2db33f4c9df347642417e802e1b4ca069e1df1d90a09798d1fb7a8
REF-0207,VERTICAL_HOSPITAL,CMAR,US-NORTHEAST,49143.485,0.0,52.397,10,0.678766,0.823885,1.18,229117438.52,276234533.34,647,722.221,0.205646,0.116261,AMBER,False,DEVELOPMENT,SYNTHETIC_RESEARCH_FIXTURE,OG-SYNTH-0.1,B1-0.1,generate_opus_synthetic_programme.py@0.1,20260811,True,e1a3b28e6848e4a3815dbdf141d9306acd35d62f8d45d891918b4c1231734f7b
REF-0208,WATER_TREATMENT,CMAR,US-NORTHEAST,606.149,0.0,97.215,6,0.709389,0.932086,1.18,142225667.92,175570401.36,426,532.777,0.234449,0.250651,RED,False,DEVELOPMENT,SYNTHETIC_RESEARCH_FIXTURE,OG-SYNTH-0.1,B1-0.1,generate_opus_synthetic_programme.py@0.1,20260811,True,77d1d6cd80262b041015ca32028f90d1f0c585bcf66451526dfc9e90d93535f2
REF-0209,RAIL_STATION,CMAR,US-NORTHEAST,5147.539,31.381,41.289,1,0.330727,0.785532,1.18,224102439.85,211623736.32,527,546.894,-0.055683,0.03775,GREEN,False,LOCKED_HOLDOUT,SYNTHETIC_RESEARCH_FIXTURE,OG-SYNTH-0.1,B1-0.1,generate_opus_synthetic_programme.py@0.1,20260811,True,58c305c9b42a380f234f07e66c1f9c85ad797d2bb30fb14601288efdd276fa7b
REF-0210,DATA_CENTER,CMAR,US-NORTHEAST,41425.246,0.0,117.978,4,0.164981,0.500318,1.18,160701156.5,171748360.54,561,641.943,0.068744,0.144283,AMBER,False,VALIDATION,SYNTHETIC_RESEARCH_FIXTURE,OG-SYNTH-0.1,B1-0.1,generate_opus_synthetic_programme.py@0.1,20260811,True,ab0354bb46365f9b275efaa8231b525adb5f9e15ad5ca5fdd878b2e02ef92554
REF-0211,AIRPORT_TERMINAL,EPCM,US-NORTHEAST,31610.284,9.972,37.276,3,0.361056,0.735673,1.18,207875803.1,231619192.53,558,685.06,0.114219,0.227707,RED,False,DEVELOPMENT,SYNTHETIC_RESEARCH_FIXTURE,OG-SYNTH-0.1,B1-0.1,generate_opus_synthetic_programme.py@0.1,20260811,True,cf6c0b23bb278acf43012f7199664ae9df0e42ad42939753fb29aecfbf732250
REF-0212,HIGHWAY_CORRIDOR,EPCM,US-NORTHEAST,32926.183,27.502,65.664,7,0.333639,0.519591,1.18,230571722.62,239568504.99,560,658.743,0.039019,0.176327,AMBER,False,VALIDATION,SYNTHETIC_RESEARCH_FIXTURE,OG-SYNTH-0.1,B1-0.1,generate_opus_synthetic_programme.py@0.1,20260811,True,99ade88cf606ac5e8f699f90f7355371d8dd95c76c0a7196bdd1d50058fe25d5
REF-0213,VERTICAL_HOSPITAL,EPCM,US-NORTHEAST,34237.137,0.0,89.229,14,0.310764,0.881879,1.18,215244657.59,238600355.56,494,572.13,0.108508,0.158157,AMBER,False,LOCKED_HOLDOUT,SYNTHETIC_RESEARCH_FIXTURE,OG-SYNTH-0.1,B1-0.1,generate_opus_synthetic_programme.py@0.1,20260811,True,f7faac5872ccc13df3dd8882112f723d987b5ff82c426ce5400117556e3b5b6c
REF-0214,WATER_TREATMENT,EPCM,US-NORTHEAST,0.0,5.629,152.38,3,0.461926,0.819748,1.18,141927821.62,167990947.64,375,466.358,0.183636,0.243623,RED,False,VALIDATION,SYNTHETIC_RESEARCH_FIXTURE,OG-SYNTH-0.1,B1-0.1,generate_opus_synthetic_programme.py@0.1,20260811,True,c927734bc679128f6c9eecffdceb3996111bee796ae30d1b4deddf26dc63c00e
REF-0215,RAIL_STATION,EPCM,US-NORTHEAST,1989.193,18.882,71.571,6,0.427911,0.9682,1.18,200136177.98,241573686.19,429,514.002,0.207047,0.19814,AMBER,False,VALIDATION,SYNTHETIC_RESEARCH_FIXTURE,OG-SYNTH-0.1,B1-0.1,generate_opus_synthetic_programme.py@0.1,20260811,True,f412fb9b64a6fa808d1aae31368d8e75a8c4c4bffe4a930172c050a8b67aaec9
REF-0216,DATA_CENTER,EPCM,US-NORTHEAST,34665.84,0.0,125.089,14,0.527362,0.884478,1.18,204863114.83,230638543.64,542,670.125,0.125818,0.236392,RED,False,DEVELOPMENT,SYNTHETIC_RESEARCH_FIXTURE,OG-SYNTH-0.1,B1-0.1,generate_opus_synthetic_programme.py@0.1,20260811,True,99817844ccce11ab2e78c22240694ebda7a539ef23731f3244ca680d72f27471
REF-0217,AIRPORT_TERMINAL,DESIGN_BID_BUILD,US-SOUTHEAST,49428.267,0.917,48.665,3,0.408501,0.626798,0.94,161614724.85,181559217.24,573,635.629,0.123408,0.1093,AMBER,False,LOCKED_HOLDOUT,SYNTHETIC_RESEARCH_FIXTURE,OG-SYNTH-0.1,B1-0.1,generate_opus_synthetic_programme.py@0.1,20260811,True,1de3b7e59015b207f44ebec31e1a142404ecb5a02273ed285435d94d5ee9b4c8
REF-0218,HIGHWAY_CORRIDOR,DESIGN_BID_BUILD,US-SOUTHEAST,5900.487,20.37,14.763,2,0.538905,0.360553,0.94,125747267.72,156606743.33,514,582.834,0.245409,0.133918,RED,False,DEVELOPMENT,SYNTHETIC_RESEARCH_FIXTURE,OG-SYNTH-0.1,B1-0.1,generate_opus_synthetic_programme.py@0.1,20260811,True,acbffbf409400e86bb8c0f616f692e7003c79d73792f6170e8310f3bf5027212
REF-0219,VERTICAL_HOSPITAL,DESIGN_BID_BUILD,US-SOUTHEAST,40737.728,5.38,80.068,9,0.593273,0.890721,0.94,205028361.8,253966608.4,611,754.126,0.23869,0.234248,RED,False,DEVELOPMENT,SYNTHETIC_RESEARCH_FIXTURE,OG-SYNTH-0.1,B1-0.1,generate_opus_synthetic_programme.py@0.1,20260811,True,32298c8aff23a12406a12dce1cc49a4e6700e3efd66b1f315c38452ef79dc0b0
REF-0220,WATER_TREATMENT,DESIGN_BID_BUILD,US-SOUTHEAST,28568.485,0.858,143.827,2,0.740904,0.95555,0.94,164100405.57,181582081.92,596,755.11,0.10653,0.266963,RED,False,DEVELOPMENT,SYNTHETIC_RESEARCH_FIXTURE,OG-SYNTH-0.1,B1-0.1,generate_opus_synthetic_programme.py@0.1,20260811,True,63cf6160adcea36fcf446109d76431883ce5cee12eb5f9fae47d4a35457011e5
REF-0221,RAIL_STATION,DESIGN_BID_BUILD,US-SOUTHEAST,9813.724,15.87,89.282,3,0.109237,0.577218,0.94,148939301.7,166265519.46,458,507.389,0.116331,0.107836,AMBER,False,VALIDATION,SYNTHETIC_RESEARCH_FIXTURE,OG-SYNTH-0.1,B1-0.1,generate_opus_synthetic_programme.py@0.1,20260811,True,a919dda03ab5faf62b5b94e0e21a4ea43ac66e7248e793ccf59175b8dab14f5e
REF-0222,DATA_CENTER,DESIGN_BID_BUILD,US-SOUTHEAST,40392.68,6.877,99.014,1,0.563244,0.371318,0.94,174792664.06,230710382.84,569,690.791,0.319909,0.214043,RED,False,VALIDATION,SYNTHETIC_RESEARCH_FIXTURE,OG-SYNTH-0.1,B1-0.1,generate_opus_synthetic_programme.py@0.1,20260811,True,b28f1c462369de772c2492b1ff6f2acf75739ed314821f38efd9d3cf0ea45324
REF-0223,AIRPORT_TERMINAL,DESIGN_BUILD,US-SOUTHEAST,42899.385,0.0,41.539,4,0.110714,0.573216,0.94,134611828.01,140576874.17,520,553.785,0.044313,0.064971,GREEN,False,DEVELOPMENT,SYNTHETIC_RESEARCH_FIXTURE,OG-SYNTH-0.1,B1-0.1,generate_opus_synthetic_programme.py@0.1,20260811,True,7bf856a18ef31b677cc106b46bcc84022bda2709de998633c3d653cf31f6102d
REF-0224,HIGHWAY_CORRIDOR,DESIGN_BUILD,US-SOUTHEAST,0.0,18.228,78.604,3,0.343028,0.556295,0.94,124210971.03,124050868.17,362,407.804,-0.001289,0.126531,AMBER,False,DEVELOPMENT,SYNTHETIC_RESEARCH_FIXTURE,OG-SYNTH-0.1,B1-0.1,generate_opus_synthetic_programme.py@0.1,20260811,True,d6b68ec96794953dac3b0b0c46a857d05845a45e1b3ce47701a3c57435fa2bb3
REF-0225,VERTICAL_HOSPITAL,DESIGN_BUILD,US-SOUTHEAST,47199.289,0.0,59.699,11,0.509524,0.864908,0.94,179579127.95,196013268.46,575,623.113,0.091515,0.083675,AMBER,False,DEVELOPMENT,SYNTHETIC_RESEARCH_FIXTURE,OG-SYNTH-0.1,B1-0.1,generate_opus_synthetic_programme.py@0.1,20260811,True,b688413cffa272125b945b2315fa2ad7cb6a1b261feff9b835b6493514739137
REF-0226,WATER_TREATMENT,DESIGN_BUILD,US-SOUTHEAST,9002.632,0.0,150.342,4,0.326034,0.916581,0.94,118662376.81,118578342.84,431,484.617,-0.000708,0.124401,AMBER,False,LOCKED_HOLDOUT,SYNTHETIC_RESEARCH_FIXTURE,OG-SYNTH-0.1,B1-0.1,generate_opus_synthetic_programme.py@0.1,20260811,True,e607a4318ae5344362c9a7c1d38f1b046169e1ca7be99023c41f4150b0d06fee
REF-0227,RAIL_STATION,DESIGN_BUILD,US-SOUTHEAST,34335.208,14.718,43.046,5,0.500242,0.756328,0.94,165925464.59,181847602.69,559,663.049,0.09596,0.186135,AMBER,False,DEVELOPMENT,SYNTHETIC_RESEARCH_FIXTURE,OG-SYNTH-0.1,B1-0.1,generate_opus_synthetic_programme.py@0.1,20260811,True,5897ff0a49e2a859472fe879093a46c6aa426a85f11ffc711d1d3fa12d27d1c8
REF-0228,DATA_CENTER,DESIGN_BUILD,US-SOUTHEAST,55800.829,5.083,109.858,1,0.257511,0.74201,0.94,147256250.48,157718510.12,597,634.409,0.071048,0.062662,GREEN,False,LOCKED_HOLDOUT,SYNTHETIC_RESEARCH_FIXTURE,OG-SYNTH-0.1,B1-0.1,generate_opus_synthetic_programme.py@0.1,20260811,True,7cf712ce7f4fe31f8f7ceb01a0f20222ba7c4f1953cad7323a2c2b121af38702
REF-0229,AIRPORT_TERMINAL,CMAR,US-SOUTHEAST,44694.343,0.0,85.537,5,0.299528,0.740241,0.94,146259368.16,169843860.26,518,548.551,0.161251,0.05898,AMBER,False,LOCKED_HOLDOUT,SYNTHETIC_RESEARCH_FIXTURE,OG-SYNTH-0.1,B1-0.1,generate_opus_synthetic_programme.py@0.1,20260811,True,bb7e53e114af2c96ca5bb6ba6c1b49d9659024f6f081bf623b6340cfec441cd4
REF-0230,HIGHWAY_CORRIDOR,CMAR,US-SOUTHEAST,15478.259,10.417,67.46,5,0.934049,0.779846,0.94,140340089.53,162148533.51,664,788.607,0.155397,0.187661,AMBER,False,VALIDATION,SYNTHETIC_RESEARCH_FIXTURE,OG-SYNTH-0.1,B1-0.1,generate_opus_synthetic_programme.py@0.1,20260811,True,39ad7d3b1a68c8bcb7be2fd658de427c1613cbedf209bc4757c5d057151f4a66
REF-0231,VERTICAL_HOSPITAL,CMAR,US-SOUTHEAST,48446.441,0.0,132.781,11,0.587389,0.672648,0.94,210672683.31,235028471.44,656,742.224,0.11561,0.13144,AMBER,False,DEVELOPMENT,SYNTHETIC_RESEARCH_FIXTURE,OG-SYNTH-0.1,B1-0.1,generate_opus_synthetic_programme.py@0.1,20260811,True,e281afcfcfd32be5afce87d59499c96a59a70e2d6906a633194059c15cb12e78
REF-0232,WATER_TREATMENT,CMAR,US-SOUTHEAST,0.0,7.994,109.59,6,0.794987,0.606181,0.94,146526940.67,178966770.0,404,496.884,0.221392,0.22991,RED,False,DEVELOPMENT,SYNTHETIC_RESEARCH_FIXTURE,OG-SYNTH-0.1,B1-0.1,generate_opus_synthetic_programme.py@0.1,20260811,True,0d46aee2e671e6dde2be77e978f25c78d4442b750fb7d34adc319141abdd306e
REF-0233,RAIL_STATION,CMAR,US-SOUTHEAST,9401.276,10.647,7.227,1,0.401881,0.951907,0.94,112686592.52,118908385.79,511,544.638,0.055213,0.065828,GREEN,False,DEVELOPMENT,SYNTHETIC_RESEARCH_FIXTURE,OG-SYNTH-0.1,B1-0.1,generate_opus_synthetic_programme.py@0.1,20260811,True,24487181aef1f1fb43297ebbceb22d6019eecafa0eeb513e9ff9a79f97717d36
REF-0234,DATA_CENTER,CMAR,US-SOUTHEAST,35260.445,0.0,132.132,9,0.337074,0.458834,0.94,145727068.09,158174493.41,520,622.92,0.085416,0.197923,AMBER,False,DEVELOPMENT,SYNTHETIC_RESEARCH_FIXTURE,OG-SYNTH-0.1,B1-0.1,generate_opus_synthetic_programme.py@0.1,20260811,True,d87c24786ae0562d3f2092f21ca04b31b97e15c56f1ca8d1695205165382a110
REF-0235,AIRPORT_TERMINAL,EPCM,US-SOUTHEAST,44323.027,5.204,53.202,1,0.725261,0.793048,0.94,193652035.7,221109053.41,643,808.068,0.141785,0.256716,RED,False,DEVELOPMENT,SYNTHETIC_RESEARCH_FIXTURE,OG-SYNTH-0.1,B1-0.1,generate_opus_synthetic_programme.py@0.1,20260811,True,dbdd1799453bb2eac79e95cf166bf655da2a6e9311821c30438858a059336ffa
REF-0236,HIGHWAY_CORRIDOR,EPCM,US-SOUTHEAST,11373.488,26.119,58.026,3,0.841828,0.761511,0.94,181538908.41,234369674.77,685,847.67,0.291016,0.237474,RED,False,DEVELOPMENT,SYNTHETIC_RESEARCH_FIXTURE,OG-SYNTH-0.1,B1-0.1,generate_opus_synthetic_programme.py@0.1,20260811,True,21d8986567b05681778fad69343740db1170de7114dc17a8d2379c05c6d2472f
REF-0237,VERTICAL_HOSPITAL,EPCM,US-SOUTHEAST,50194.825,2.907,77.052,6,0.506569,0.686174,0.94,201930031.17,234140422.91,539,566.854,0.159513,0.051676,AMBER,False,VALIDATION,SYNTHETIC_RESEARCH_FIXTURE,OG-SYNTH-0.1,B1-0.1,generate_opus_synthetic_programme.py@0.1,20260811,True,ce952dbf0ea60c511e5cbd7994e18799a2ba91bf8a431227dfe4958769cbadaf
REF-0238,WATER_TREATMENT,EPCM,US-SOUTHEAST,0.0,0.0,93.394,9,0.321143,0.878982,0.94,102804477.03,114609647.5,332,366.33,0.114831,0.103405,AMBER,False,DEVELOPMENT,SYNTHETIC_RESEARCH_FIXTURE,OG-SYNTH-0.1,B1-0.1,generate_opus_synthetic_programme.py@0.1,20260811,True,82e2efdb8a53147da2bd3506bd7e380040af756464f6c91073b8995d642acc84
REF-0239,RAIL_STATION,EPCM,US-SOUTHEAST,0.0,26.201,68.896,4,0.335534,0.501089,0.94,161159044.22,279945526.84,352,472.729,0.737076,0.342981,RED,True,DEVELOPMENT,SYNTHETIC_RESEARCH_FIXTURE,OG-SYNTH-0.1,B1-0.1,generate_opus_synthetic_programme.py@0.1,20260811,True,cba04f3aee7a13f1ee4402e6eebbed1861dabf905d1a4b06177ed09f4540354d
REF-0240,DATA_CENTER,EPCM,US-SOUTHEAST,34059.213,4.908,159.157,6,0.763455,0.657102,0.94,171613090.86,189871646.09,631,770.052,0.106394,0.220367,RED,False,LOCKED_HOLDOUT,SYNTHETIC_RESEARCH_FIXTURE,OG-SYNTH-0.1,B1-0.1,generate_opus_synthetic_programme.py@0.1,20260811,True,9a11efcc75977889019dfff11ec2459a1754e0d44ef69a869e3b66bf992eada9
REF-0241,AIRPORT_TERMINAL,DESIGN_BID_BUILD,US-MIDWEST,53758.267,8.145,119.102,5,0.491139,0.838584,0.91,189259262.61,216475839.52,676,806.494,0.143806,0.193038,AMBER,False,LOCKED_HOLDOUT,SYNTHETIC_RESEARCH_FIXTURE,OG-SYNTH-0.1,B1-0.1,generate_opus_synthetic_programme.py@0.1,20260811,True,936be3bbe0f40d0243cd5a97dffbcdb9a223135b66202c5cab67b1daed421560
REF-0242,HIGHWAY_CORRIDOR,DESIGN_BID_BUILD,US-MIDWEST,7741.467,19.002,66.135,3,0.360947,0.864111,0.91,134419497.91,154460670.01,513,552.593,0.149094,0.07718,AMBER,False,DEVELOPMENT,SYNTHETIC_RESEARCH_FIXTURE,OG-SYNTH-0.1,B1-0.1,generate_opus_synthetic_programme.py@0.1,20260811,True,d6a0c00dd1d4301b792ecec413c854b26e1d22aa6bf59589e45021a356bdb4f2
REF-0243,VERTICAL_HOSPITAL,DESIGN_BID_BUILD,US-MIDWEST,60750.687,0.0,59.994,4,0.430345,0.838261,0.91,198604592.99,315563364.31,620,1020.679,0.588903,0.646257,RED,True,DEVELOPMENT,SYNTHETIC_RESEARCH_FIXTURE,OG-SYNTH-0.1,B1-0.1,generate_opus_synthetic_programme.py@0.1,20260811,True,53e6f6b087f87fd41d512e97ca298b578f645193dfb6a35381c86075cbe9bcc4
REF-0244,WATER_TREATMENT,DESIGN_BID_BUILD,US-MIDWEST,4496.953,0.0,170.837,4,0.434945,0.955,0.91,115418460.08,127484360.47,390,448.932,0.10454,0.151108,AMBER,False,DEVELOPMENT,SYNTHETIC_RESEARCH_FIXTURE,OG-SYNTH-0.1,B1-0.1,generate_opus_synthetic_programme.py@0.1,20260811,True,0c8ec599389276be870c4fb4a1cc8ad925c116ae7962ec04f456c40af4ca0580
REF-0245,RAIL_STATION,DESIGN_BID_BUILD,US-MIDWEST,10283.351,12.398,53.994,1,0.626558,0.571117,0.91,160236436.87,236342277.79,544,937.663,0.47496,0.723645,RED,True,DEVELOPMENT,SYNTHETIC_RESEARCH_FIXTURE,OG-SYNTH-0.1,B1-0.1,generate_opus_synthetic_programme.py@0.1,20260811,True,879bba1805bedf73fe67020e31ee61d22a8c3a8977e79d7f2543a93229174123
REF-0246,DATA_CENTER,DESIGN_BID_BUILD,US-MIDWEST,33649.902,4.205,157.508,5,0.784053,0.979183,0.91,172176570.76,197543660.75,612,733.23,0.147332,0.198088,AMBER,False,VALIDATION,SYNTHETIC_RESEARCH_FIXTURE,OG-SYNTH-0.1,B1-0.1,generate_opus_synthetic_programme.py@0.1,20260811,True,2b545af71e25fb0a9fb7b4d63aa39555e2591224f578439a7b838269f846bf84
REF-0247,AIRPORT_TERMINAL,DESIGN_BUILD,US-MIDWEST,32436.77,0.633,86.46,3,0.519264,0.843034,0.91,154016950.89,176515181.01,555,640.75,0.146076,0.154505,AMBER,False,DEVELOPMENT,SYNTHETIC_RESEARCH_FIXTURE,OG-SYNTH-0.1,B1-0.1,generate_opus_synthetic_programme.py@0.1,20260811,True,f460f40e691e7664c82f765432ec1db39a582eab5c7b77cfa13ae6d517729004
REF-0248,HIGHWAY_CORRIDOR,DESIGN_BUILD,US-MIDWEST,35233.345,26.934,71.332,3,0.299162,0.662991,0.91,171092906.6,265387683.23,586,819.891,0.551132,0.399131,RED,True,VALIDATION,SYNTHETIC_RESEARCH_FIXTURE,OG-SYNTH-0.1,B1-0.1,generate_opus_synthetic_programme.py@0.1,20260811,True,7aeaf6eed486ee47d3974e673f8db6227234914a50be1e86e459858b820c7d3d
REF-0249,VERTICAL_HOSPITAL,DESIGN_BUILD,US-MIDWEST,46809.022,0.303,70.667,11,0.242607,0.702886,0.91,157580741.71,183147025.68,497,530.977,0.162242,0.068365,AMBER,False,DEVELOPMENT,SYNTHETIC_RESEARCH_FIXTURE,OG-SYNTH-0.1,B1-0.1,generate_opus_synthetic_programme.py@0.1,20260811,True,8fab657a31b9be6daeef7d4330c37b2e5d7f15f63d24444c6b39360947fd81e9
REF-0250,WATER_TREATMENT,DESIGN_BUILD,US-MIDWEST,9012.818,0.0,159.214,2,0.52025,0.781901,0.91,110096641.08,125672285.06,508,576.154,0.141472,0.134161,AMBER,False,LOCKED_HOLDOUT,SYNTHETIC_RESEARCH_FIXTURE,OG-SYNTH-0.1,B1-0.1,generate_opus_synthetic_programme.py@0.1,20260811,True,9ef34692866b491765f3fab2f8d10241fef1c8b0090dc997a2ee2a253233f5c3
REF-0251,RAIL_STATION,DESIGN_BUILD,US-MIDWEST,21198.935,28.492,71.735,10,0.701204,0.717442,0.91,206205447.23,245910853.84,636,784.02,0.192553,0.232736,RED,False,LOCKED_HOLDOUT,SYNTHETIC_RESEARCH_FIXTURE,OG-SYNTH-0.1,B1-0.1,generate_opus_synthetic_programme.py@0.1,20260811,True,3718a459080322cb55ee6cef7dc57c8ee3c718633642a5194c9e8bb48e49e3a5
REF-0252,DATA_CENTER,DESIGN_BUILD,US-MIDWEST,39839.205,0.0,84.466,3,0.522203,0.805442,0.91,129450320.71,142838991.82,581,601.665,0.103427,0.035567,AMBER,False,DEVELOPMENT,SYNTHETIC_RESEARCH_FIXTURE,OG-SYNTH-0.1,B1-0.1,generate_opus_synthetic_programme.py@0.1,20260811,True,1e573b463e6b27adaf42af57ac19cda503d81555f7d13a2e48ad80ae3d432e09
REF-0253,AIRPORT_TERMINAL,CMAR,US-MIDWEST,37458.255,4.343,68.665,1,0.729643,0.756263,0.91,170352529.06,178226625.48,592,762.762,0.046222,0.288449,RED,False,VALIDATION,SYNTHETIC_RESEARCH_FIXTURE,OG-SYNTH-0.1,B1-0.1,generate_opus_synthetic_programme.py@0.1,20260811,True,3f9aa3a827147e9950d565fda43ba488ba133909a5b05988e18e019fbffb32f9
REF-0254,HIGHWAY_CORRIDOR,CMAR,US-MIDWEST,9813.811,18.813,117.054,5,0.439898,0.880865,0.91,136207720.68,157829537.1,452,510.366,0.158741,0.129127,AMBER,False,DEVELOPMENT,SYNTHETIC_RESEARCH_FIXTURE,OG-SYNTH-0.1,B1-0.1,generate_opus_synthetic_programme.py@0.1,20260811,True,f4513c9a9f783389075f266eab74f8218410411c13d6f8e8bf15f684e1b9d7c6
REF-0255,VERTICAL_HOSPITAL,CMAR,US-MIDWEST,55705.635,8.74,58.363,9,0.072013,0.964065,0.91,179364506.78,185448513.09,659,726.376,0.03392,0.10224,AMBER,False,DEVELOPMENT,SYNTHETIC_RESEARCH_FIXTURE,OG-SYNTH-0.1,B1-0.1,generate_opus_synthetic_programme.py@0.1,20260811,True,3d0cbc436060f3e993a6a65ae61031658dbc559720ff0fe6801ce433cbe3880e
REF-0256,WATER_TREATMENT,CMAR,US-MIDWEST,18046.713,0.0,123.662,6,0.545109,0.732187,0.91,110617264.89,129859127.57,529,610.596,0.17395,0.154246,AMBER,False,VALIDATION,SYNTHETIC_RESEARCH_FIXTURE,OG-SYNTH-0.1,B1-0.1,generate_opus_synthetic_programme.py@0.1,20260811,True,ed0f5ed891588168cc00c9a7100b2b0ce80076753e92d2e0efe5670ef721bfa7
REF-0257,RAIL_STATION,CMAR,US-MIDWEST,15736.529,14.44,77.016,1,0.145362,0.880257,0.91,136272706.12,143735623.01,448,452.863,0.054765,0.010856,GREEN,False,VALIDATION,SYNTHETIC_RESEARCH_FIXTURE,OG-SYNTH-0.1,B1-0.1,generate_opus_synthetic_programme.py@0.1,20260811,True,ee748972e0d83729f59de77ecec510521379fd63a02c635251150651b0ff4662
REF-0258,DATA_CENTER,CMAR,US-MIDWEST,42120.935,1.391,109.844,1,0.694249,0.819828,0.91,145338275.33,173873198.93,684,797.463,0.196335,0.165882,AMBER,False,DEVELOPMENT,SYNTHETIC_RESEARCH_FIXTURE,OG-SYNTH-0.1,B1-0.1,generate_opus_synthetic_programme.py@0.1,20260811,True,fc0e65874e338ac7663f889e9e4a2c708bac23d700ae763f23847311eafdfdc6
REF-0259,AIRPORT_TERMINAL,EPCM,US-MIDWEST,39943.664,9.917,9.521,1,0.882909,0.861166,0.91,177233081.9,215629291.88,636,754.777,0.216642,0.186757,AMBER,False,LOCKED_HOLDOUT,SYNTHETIC_RESEARCH_FIXTURE,OG-SYNTH-0.1,B1-0.1,generate_opus_synthetic_programme.py@0.1,20260811,True,5f433ee578be075f2dd5a74b41b399ced8886f8b8bf38dc3f06a4b5e9f411137
REF-0260,HIGHWAY_CORRIDOR,EPCM,US-MIDWEST,6278.878,21.696,38.501,6,0.837554,0.723305,0.91,157363042.73,186962695.89,546,705.021,0.188098,0.291247,RED,False,LOCKED_HOLDOUT,SYNTHETIC_RESEARCH_FIXTURE,OG-SYNTH-0.1,B1-0.1,generate_opus_synthetic_programme.py@0.1,20260811,True,4adc7625c1afcc5339a1eb0b9c4f23ad91cebec38397849e50c54e5f4cb85619
REF-0261,VERTICAL_HOSPITAL,EPCM,US-MIDWEST,46631.966,0.0,103.867,11,0.778503,0.532268,0.91,182409613.3,218985933.42,631,786.853,0.200518,0.246993,RED,False,DEVELOPMENT,SYNTHETIC_RESEARCH_FIXTURE,OG-SYNTH-0.1,B1-0.1,generate_opus_synthetic_programme.py@0.1,20260811,True,a1abe98a38d88cb5d4d97a229015a68f290ccb662e0e660be309c354190c9cf5
REF-0262,WATER_TREATMENT,EPCM,US-MIDWEST,0.0,10.663,116.294,2,0.235428,0.675675,0.91,117108644.12,131481423.46,356,387.8,0.12273,0.089327,AMBER,False,LOCKED_HOLDOUT,SYNTHETIC_RESEARCH_FIXTURE,OG-SYNTH-0.1,B1-0.1,generate_opus_synthetic_programme.py@0.1,20260811,True,393e24b3ffad97cd55136ae51ac3605328033b3c570d7c10eabdc1f70885b96c
REF-0263,RAIL_STATION,EPCM,US-MIDWEST,0.0,18.108,54.958,7,0.748752,0.727648,0.91,170600860.14,219596912.56,443,432.624,0.287197,-0.023423,RED,False,DEVELOPMENT,SYNTHETIC_RESEARCH_FIXTURE,OG-SYNTH-0.1,B1-0.1,generate_opus_synthetic_programme.py@0.1,20260811,True,5621cc983a52da5eccdd7ef6c288e55c3ddb0b498727e485d61bc58d6cf849d3
REF-0264,DATA_CENTER,EPCM,US-MIDWEST,64140.361,4.772,116.5,7,0.432638,0.498288,0.91,171273613.95,208379052.56,557,533.129,0.216644,-0.042856,AMBER,False,VALIDATION,SYNTHETIC_RESEARCH_FIXTURE,OG-SYNTH-0.1,B1-0.1,generate_opus_synthetic_programme.py@0.1,20260811,True,bf5e65a9740c286af50af42cc16b956cdac5d6091b6f150dbe302145f76b4ad4
REF-0265,AIRPORT_TERMINAL,DESIGN_BID_BUILD,US-WEST,33685.895,13.344,29.659,6,0.429354,0.446629,1.12,219783733.29,262106378.61,567,633.825,0.192565,0.117857,AMBER,False,DEVELOPMENT,SYNTHETIC_RESEARCH_FIXTURE,OG-SYNTH-0.1,B1-0.1,generate_opus_synthetic_programme.py@0.1,20260811,True,6fd143775fb2d28a0500bb72146abcb2ae760ba25f775977f141cd85097d207a
REF-0266,HIGHWAY_CORRIDOR,DESIGN_BID_BUILD,US-WEST,30302.499,26.577,55.732,4,0.763735,0.521998,1.12,238383765.35,300382680.75,728,914.614,0.26008,0.256339,RED,False,VALIDATION,SYNTHETIC_RESEARCH_FIXTURE,OG-SYNTH-0.1,B1-0.1,generate_opus_synthetic_programme.py@0.1,20260811,True,7f72961ae66206716c31d2c3f424194fdcbb151aaa4d28632bda2f1730c35993
REF-0267,VERTICAL_HOSPITAL,DESIGN_BID_BUILD,US-WEST,19340.722,4.746,62.319,14,0.588054,0.653778,1.12,228252017.43,281034334.69,500,536.165,0.231246,0.072331,RED,False,DEVELOPMENT,SYNTHETIC_RESEARCH_FIXTURE,OG-SYNTH-0.1,B1-0.1,generate_opus_synthetic_programme.py@0.1,20260811,True,26cf52b452120991a3f0fc4cbd28d5e057f607aee56d8ae4aea8c6e7fde2317e
REF-0268,WATER_TREATMENT,DESIGN_BID_BUILD,US-WEST,37091.873,0.0,106.025,2,0.766455,0.861078,1.12,173728777.13,206547971.11,518,554.942,0.188911,0.071318,AMBER,False,DEVELOPMENT,SYNTHETIC_RESEARCH_FIXTURE,OG-SYNTH-0.1,B1-0.1,generate_opus_synthetic_programme.py@0.1,20260811,True,9fbd36eb3cb017fda211ffa036fd1db9e7cd098103ff0f4fcbc13ee2325a01e6
REF-0269,RAIL_STATION,DESIGN_BID_BUILD,US-WEST,6457.535,12.353,17.63,6,0.954815,0.35,1.12,203501629.25,352376492.41,506,780.181,0.731566,0.54186,RED,True,VALIDATION,SYNTHETIC_RESEARCH_FIXTURE,OG-SYNTH-0.1,B1-0.1,generate_opus_synthetic_programme.py@0.1,20260811,True,28527e80d027d52b1a663361b9fc22b24677051a8a042d926af44b13a6267f2a
REF-0270,DATA_CENTER,DESIGN_BID_BUILD,US-WEST,36155.379,0.0,197.671,4,0.186149,0.772854,1.12,176488558.54,178808122.51,454,455.94,0.013143,0.004272,GREEN,False,DEVELOPMENT,SYNTHETIC_RESEARCH_FIXTURE,OG-SYNTH-0.1,B1-0.1,generate_opus_synthetic_programme.py@0.1,20260811,True,a141fbb829600b317649e2d7e2e7cd94ce0fca5f1a09db47db5828c904462490
REF-0271,AIRPORT_TERMINAL,DESIGN_BUILD,US-WEST,47980.889,0.139,66.039,4,0.351707,0.970649,1.12,171059103.58,180092288.57,581,653.592,0.052807,0.124944,AMBER,False,LOCKED_HOLDOUT,SYNTHETIC_RESEARCH_FIXTURE,OG-SYNTH-0.1,B1-0.1,generate_opus_synthetic_programme.py@0.1,20260811,True,f5d342d99879dd9195da4bb19dda665cb33d5d96d4f8be6bacddf147eb2ee33e
REF-0272,HIGHWAY_CORRIDOR,DESIGN_BUILD,US-WEST,8853.05,12.175,68.027,4,0.27717,0.79192,1.12,136665708.57,130919552.6,453,482.16,-0.042045,0.06437,GREEN,False,VALIDATION,SYNTHETIC_RESEARCH_FIXTURE,OG-SYNTH-0.1,B1-0.1,generate_opus_synthetic_programme.py@0.1,20260811,True,59385fde70534e7ac0efc78fbb43823a2ea23b43976f011ea02a9321149f720e
REF-0273,VERTICAL_HOSPITAL,DESIGN_BUILD,US-WEST,56975.124,9.411,11.729,10,0.297886,0.413284,1.12,217437438.3,246245017.65,623,661.405,0.132487,0.061645,AMBER,False,LOCKED_HOLDOUT,SYNTHETIC_RESEARCH_FIXTURE,OG-SYNTH-0.1,B1-0.1,generate_opus_synthetic_programme.py@0.1,20260811,True,ff3f45886949a98c6085a2f217f729f99ed94bb59e9358c2bc17b1497bfe083e
REF-0274,WATER_TREATMENT,DESIGN_BUILD,US-WEST,10759.304,0.0,135.563,1,0.503321,0.553826,1.12,127050160.96,144968579.1,471,543.455,0.141034,0.153832,AMBER,False,VALIDATION,SYNTHETIC_RESEARCH_FIXTURE,OG-SYNTH-0.1,B1-0.1,generate_opus_synthetic_programme.py@0.1,20260811,True,dd510849af3d7db76d462641ae10aa463e4e6bfa8ec476c2120ef2aac0254b74
REF-0275,RAIL_STATION,DESIGN_BUILD,US-WEST,17521.971,14.922,62.077,4,0.557906,0.571459,1.12,194600006.43,218354337.22,564,677.313,0.122067,0.20091,AMBER,False,LOCKED_HOLDOUT,SYNTHETIC_RESEARCH_FIXTURE,OG-SYNTH-0.1,B1-0.1,generate_opus_synthetic_programme.py@0.1,20260811,True,94b2b7b633aa35b099b28b8b52e1fe8d3c6324f76340caaff8e699d257ef1b59
REF-0276,DATA_CENTER,DESIGN_BUILD,US-WEST,62233.752,0.0,114.676,4,0.535362,0.830919,1.12,189322433.24,218315898.07,674,759.954,0.153143,0.127528,AMBER,False,DEVELOPMENT,SYNTHETIC_RESEARCH_FIXTURE,OG-SYNTH-0.1,B1-0.1,generate_opus_synthetic_programme.py@0.1,20260811,True,b417c86ece8c479be9b7e99fd05fb9b0d1aa1af6b0e4633c6fae6ab8c4b5eee1
REF-0277,AIRPORT_TERMINAL,CMAR,US-WEST,48001.642,0.0,79.459,1,0.702155,0.693503,1.12,200147247.34,238145492.68,568,691.384,0.189851,0.217225,AMBER,False,DEVELOPMENT,SYNTHETIC_RESEARCH_FIXTURE,OG-SYNTH-0.1,B1-0.1,generate_opus_synthetic_programme.py@0.1,20260811,True,a252222b28fa93ab976d44bb45df0e97bd1f5abee935487945203d5d74d2a7ab
REF-0278,HIGHWAY_CORRIDOR,CMAR,US-WEST,28728.869,14.846,50.266,3,0.40682,0.446355,1.12,158069923.05,197433455.18,594,712.926,0.249026,0.200213,RED,False,DEVELOPMENT,SYNTHETIC_RESEARCH_FIXTURE,OG-SYNTH-0.1,B1-0.1,generate_opus_synthetic_programme.py@0.1,20260811,True,f31bd6ffcd2968c994c3707575eb65156e4b9bd5fb1102b9a56265cb4b72ff1e
REF-0279,VERTICAL_HOSPITAL,CMAR,US-WEST,49972.328,0.0,29.943,10,0.462182,0.833847,1.12,219856650.74,259902174.95,598,713.054,0.182144,0.192397,AMBER,False,DEVELOPMENT,SYNTHETIC_RESEARCH_FIXTURE,OG-SYNTH-0.1,B1-0.1,generate_opus_synthetic_programme.py@0.1,20260811,True,8951380612562c1ea8cb66f3e013e64826763b36875d651b9257eda2591e9007
REF-0280,WATER_TREATMENT,CMAR,US-WEST,15608.288,4.686,152.535,6,0.367273,0.400821,1.12,172735315.49,189929528.07,433,506.916,0.099541,0.170707,AMBER,False,DEVELOPMENT,SYNTHETIC_RESEARCH_FIXTURE,OG-SYNTH-0.1,B1-0.1,generate_opus_synthetic_programme.py@0.1,20260811,True,10cc4c540157930ba57b8e0de29c20ca2f6dc4950a499563174198776c64dff4
REF-0281,RAIL_STATION,CMAR,US-WEST,14751.296,13.504,14.942,7,0.541096,0.636238,1.12,181431216.39,203658282.34,541,612.986,0.12251,0.133061,AMBER,False,VALIDATION,SYNTHETIC_RESEARCH_FIXTURE,OG-SYNTH-0.1,B1-0.1,generate_opus_synthetic_programme.py@0.1,20260811,True,084cd3c1dc5a939e9f84e6c5c4eb028aa1a87cc3bed946bd080d311d64ba1f34
REF-0282,DATA_CENTER,CMAR,US-WEST,61632.838,0.0,88.752,4,0.813549,0.883779,1.12,220180956.75,247281767.04,665,802.524,0.123084,0.206803,AMBER,False,DEVELOPMENT,SYNTHETIC_RESEARCH_FIXTURE,OG-SYNTH-0.1,B1-0.1,generate_opus_synthetic_programme.py@0.1,20260811,True,f74cd972380aec4a8aea15b654966e937da143656e7494e8db5467a202e53f45
REF-0283,AIRPORT_TERMINAL,EPCM,US-WEST,45298.848,0.0,64.406,1,0.818321,0.538915,1.12,222974960.53,287575798.62,639,777.968,0.289722,0.217477,RED,False,DEVELOPMENT,SYNTHETIC_RESEARCH_FIXTURE,OG-SYNTH-0.1,B1-0.1,generate_opus_synthetic_programme.py@0.1,20260811,True,bd6cabebf78c0b5c4803e02783c367a992abb5e378f4a36b95e37bda1ca26761
REF-0284,HIGHWAY_CORRIDOR,EPCM,US-WEST,6182.294,15.66,22.842,3,0.369053,0.895087,1.12,150265097.41,164030608.16,435,492.916,0.091608,0.13314,AMBER,False,DEVELOPMENT,SYNTHETIC_RESEARCH_FIXTURE,OG-SYNTH-0.1,B1-0.1,generate_opus_synthetic_programme.py@0.1,20260811,True,e32ed0cc577f99b4f10d1224bda0f10a9f86346b9c7e559f41ac4772471e29eb
REF-0285,VERTICAL_HOSPITAL,EPCM,US-WEST,28734.602,2.708,60.229,11,0.515761,0.866796,1.12,196692905.88,248122293.51,533,654.623,0.26147,0.228185,RED,False,VALIDATION,SYNTHETIC_RESEARCH_FIXTURE,OG-SYNTH-0.1,B1-0.1,generate_opus_synthetic_programme.py@0.1,20260811,True,bc30248df3cd29d692653da63209678a341d10cb7668a7ddb9943034eb1b7260
REF-0286,WATER_TREATMENT,EPCM,US-WEST,4771.414,0.0,150.861,3,0.19959,0.715412,1.12,124939068.82,136889527.88,291,331.402,0.09565,0.138838,AMBER,False,DEVELOPMENT,SYNTHETIC_RESEARCH_FIXTURE,OG-SYNTH-0.1,B1-0.1,generate_opus_synthetic_programme.py@0.1,20260811,True,605084bdc4e1db9aacce49046f50de89b17a0582af3a5fb959f7a95753453fad
REF-0287,RAIL_STATION,EPCM,US-WEST,2383.594,6.823,28.352,3,0.431049,0.832517,1.12,131519828.5,151945603.96,350,373.645,0.155306,0.067557,AMBER,False,VALIDATION,SYNTHETIC_RESEARCH_FIXTURE,OG-SYNTH-0.1,B1-0.1,generate_opus_synthetic_programme.py@0.1,20260811,True,053506faa04bfbe572a27ef7705b58afabffdf8f43eaa0f8a36d48f33a3afcc0
REF-0288,DATA_CENTER,EPCM,US-WEST,41734.818,6.605,74.955,1,0.98,0.388537,1.12,206749179.22,259423165.51,696,853.491,0.254772,0.22628,RED,False,DEVELOPMENT,SYNTHETIC_RESEARCH_FIXTURE,OG-SYNTH-0.1,B1-0.1,generate_opus_synthetic_programme.py@0.1,20260811,True,bed83b2101d03649b2596a5587442944c73e81436db47c4540dd7e65636b0296
REF-0289,AIRPORT_TERMINAL,DESIGN_BID_BUILD,US-NORTHEAST,35657.29,0.0,28.962,1,0.445321,0.777065,1.18,182852746.64,199582343.18,569,653.428,0.091492,0.148379,AMBER,False,VALIDATION,SYNTHETIC_RESEARCH_FIXTURE,OG-SYNTH-0.1,B1-0.1,generate_opus_synthetic_programme.py@0.1,20260811,True,30ff41f507ca8bcfcbd069a13cf725f4da2132cfaae7249994d7d43221db33db
REF-0290,HIGHWAY_CORRIDOR,DESIGN_BID_BUILD,US-NORTHEAST,39764.231,17.832,65.391,1,0.262462,0.451325,1.18,172078756.51,202346433.66,627,750.571,0.175894,0.197083,AMBER,False,DEVELOPMENT,SYNTHETIC_RESEARCH_FIXTURE,OG-SYNTH-0.1,B1-0.1,generate_opus_synthetic_programme.py@0.1,20260811,True,9891abbd6ce9171bedc8358748f9192a80754d9ee41fc30b1c0fafa77093cdd8
REF-0291,VERTICAL_HOSPITAL,DESIGN_BID_BUILD,US-NORTHEAST,65146.223,0.164,6.732,10,0.204341,0.932289,1.18,233811323.25,257499962.1,579,651.611,0.101315,0.125408,AMBER,False,VALIDATION,SYNTHETIC_RESEARCH_FIXTURE,OG-SYNTH-0.1,B1-0.1,generate_opus_synthetic_programme.py@0.1,20260811,True,92650db64bd7cc20621a989aee3df30f1f21288f3209d473ab75165a80ea0d64
REF-0292,WATER_TREATMENT,DESIGN_BID_BUILD,US-NORTHEAST,0.0,0.0,127.464,2,0.817367,0.708789,1.18,154459945.89,193194610.39,360,483.888,0.250775,0.344133,RED,False,VALIDATION,SYNTHETIC_RESEARCH_FIXTURE,OG-SYNTH-0.1,B1-0.1,generate_opus_synthetic_programme.py@0.1,20260811,True,e99fd23b2b13c7e2ae0f7afa61d77c93a1187228e9c0b5667195f5d7c69e310e
REF-0293,RAIL_STATION,DESIGN_BID_BUILD,US-NORTHEAST,10895.223,10.155,6.771,7,0.411127,0.617858,1.18,178009348.19,216240564.49,447,494.574,0.214771,0.106429,AMBER,False,DEVELOPMENT,SYNTHETIC_RESEARCH_FIXTURE,OG-SYNTH-0.1,B1-0.1,generate_opus_synthetic_programme.py@0.1,20260811,True,ab119540846463c58384b5cc46eb92208f4dae1b38337d925577925de503bf2e
REF-0294,DATA_CENTER,DESIGN_BID_BUILD,US-NORTHEAST,38396.103,7.152,192.174,5,0.660574,0.473265,1.18,233219976.57,408134959.01,590,837.718,0.75,0.419862,RED,True,DEVELOPMENT,SYNTHETIC_RESEARCH_FIXTURE,OG-SYNTH-0.1,B1-0.1,generate_opus_synthetic_programme.py@0.1,20260811,True,29bfa2e3f94124491f2444d3775cef18542e8c1aae892127198ccb68854cdf35
REF-0295,AIRPORT_TERMINAL,DESIGN_BUILD,US-NORTHEAST,47424.607,0.537,87.094,3,0.264059,0.491937,1.18,182065469.83,202566677.1,549,642.277,0.112603,0.169904,AMBER,False,DEVELOPMENT,SYNTHETIC_RESEARCH_FIXTURE,OG-SYNTH-0.1,B1-0.1,generate_opus_synthetic_programme.py@0.1,20260811,True,ac00507a28fbae6271752f86375eb35868f605893928e4a0f4cd0aa0f80b3385
REF-0296,HIGHWAY_CORRIDOR,DESIGN_BUILD,US-NORTHEAST,0.0,20.708,98.641,1,0.24716,0.593348,1.18,167452765.66,187437951.29,417,499.807,0.119348,0.198577,AMBER,False,VALIDATION,SYNTHETIC_RESEARCH_FIXTURE,OG-SYNTH-0.1,B1-0.1,generate_opus_synthetic_programme.py@0.1,20260811,True,7ea59f090c15c0933da3d46ff73b818181c3d383847bd456c821bfd7a46595d5
REF-0297,VERTICAL_HOSPITAL,DESIGN_BUILD,US-NORTHEAST,35497.739,6.263,72.474,7,0.587438,0.707792,1.18,221652841.71,245665528.72,595,647.354,0.108335,0.08799,AMBER,False,DEVELOPMENT,SYNTHETIC_RESEARCH_FIXTURE,OG-SYNTH-0.1,B1-0.1,generate_opus_synthetic_programme.py@0.1,20260811,True,4a33cb3c294fe0498826b706a206711ce10df18a067fdfeee32555e48585de09
REF-0298,WATER_TREATMENT,DESIGN_BUILD,US-NORTHEAST,4474.302,7.367,149.328,1,0.752957,0.608898,1.18,183929304.63,221196923.01,473,599.427,0.202619,0.267287,RED,False,DEVELOPMENT,SYNTHETIC_RESEARCH_FIXTURE,OG-SYNTH-0.1,B1-0.1,generate_opus_synthetic_programme.py@0.1,20260811,True,8ddf1bfca883c9785660d2221d5453952aac97bdc70ed968888fac87bc0de23d
REF-0299,RAIL_STATION,DESIGN_BUILD,US-NORTHEAST,0.0,20.171,64.638,8,0.550992,0.824754,1.18,209975129.11,238819473.29,410,466.431,0.13737,0.137637,AMBER,False,VALIDATION,SYNTHETIC_RESEARCH_FIXTURE,OG-SYNTH-0.1,B1-0.1,generate_opus_synthetic_programme.py@0.1,20260811,True,16777b1434b386882789da1e0d2236010d686c0b0464b16217aa1cae9bb7d2c8
REF-0300,DATA_CENTER,DESIGN_BUILD,US-NORTHEAST,68720.712,3.733,120.45,3,0.680648,0.441516,1.18,237292613.84,305978740.19,682,799.059,0.289457,0.171641,RED,False,LOCKED_HOLDOUT,SYNTHETIC_RESEARCH_FIXTURE,OG-SYNTH-0.1,B1-0.1,generate_opus_synthetic_programme.py@0.1,20260811,True,05f768c839ef9fc97282128578f9b02e0cacb94149d758c8262ca6d1ddfe3767
REF-0301,AIRPORT_TERMINAL,CMAR,US-NORTHEAST,54925.562,0.0,56.679,7,0.438628,0.634834,1.18,206227261.04,234131639.76,523,535.054,0.135309,0.023048,AMBER,False,DEVELOPMENT,SYNTHETIC_RESEARCH_FIXTURE,OG-SYNTH-0.1,B1-0.1,generate_opus_synthetic_programme.py@0.1,20260811,True,ae6a5ae64c52bcc1799888c040d3f22502bdd310ce9f4718b0c442fad500a628
REF-0302,HIGHWAY_CORRIDOR,CMAR,US-NORTHEAST,5699.774,12.945,82.768,3,0.813838,0.493939,1.18,180868508.24,231140021.35,503,593.259,0.277945,0.179441,RED,False,LOCKED_HOLDOUT,SYNTHETIC_RESEARCH_FIXTURE,OG-SYNTH-0.1,B1-0.1,generate_opus_synthetic_programme.py@0.1,20260811,True,1818aefa90d339c452b71fab1308b58435169c291b3a9e64eb4995957db0021a
REF-0303,VERTICAL_HOSPITAL,CMAR,US-NORTHEAST,34076.035,2.898,53.287,12,0.32686,0.620371,1.18,214509873.2,228494690.76,480,564.172,0.065194,0.175358,AMBER,False,DEVELOPMENT,SYNTHETIC_RESEARCH_FIXTURE,OG-SYNTH-0.1,B1-0.1,generate_opus_synthetic_programme.py@0.1,20260811,True,ff302c4c83e5caf7c865ef4e4df56d59e6f32b0f211bf901cf77266dfcc184ae
REF-0304,WATER_TREATMENT,CMAR,US-NORTHEAST,0.0,4.617,161.687,4,0.639275,0.35,1.18,175912750.38,199770699.94,375,451.841,0.135624,0.20491,AMBER,False,LOCKED_HOLDOUT,SYNTHETIC_RESEARCH_FIXTURE,OG-SYNTH-0.1,B1-0.1,generate_opus_synthetic_programme.py@0.1,20260811,True,4b1b483842e0e972cba616ec24e2b12e0dcea691da8fbaa50a4b8f8cf6b0dc3d
REF-0305,RAIL_STATION,CMAR,US-NORTHEAST,12046.025,15.858,52.06,1,0.616765,0.896126,1.18,190783192.49,235934440.15,555,617.069,0.236663,0.111837,RED,False,DEVELOPMENT,SYNTHETIC_RESEARCH_FIXTURE,OG-SYNTH-0.1,B1-0.1,generate_opus_synthetic_programme.py@0.1,20260811,True,15921b0fc9f6f0bb98fcc2c8f726366d022834198c9c0a1940a86256a9b67fd1
REF-0306,DATA_CENTER,CMAR,US-NORTHEAST,30285.464,7.262,142.676,5,0.263896,0.656454,1.18,185164487.13,202697356.61,548,610.406,0.094688,0.113879,AMBER,False,DEVELOPMENT,SYNTHETIC_RESEARCH_FIXTURE,OG-SYNTH-0.1,B1-0.1,generate_opus_synthetic_programme.py@0.1,20260811,True,42416d4655bcf2e1ba5851d29d3d985564cc143dc89c9e37651df24c19111b73
REF-0307,AIRPORT_TERMINAL,EPCM,US-NORTHEAST,41552.239,0.0,50.579,9,0.493099,0.986234,1.18,212787207.0,306155868.83,622,1051.115,0.438789,0.689895,RED,True,DEVELOPMENT,SYNTHETIC_RESEARCH_FIXTURE,OG-SYNTH-0.1,B1-0.1,generate_opus_synthetic_programme.py@0.1,20260811,True,2aae2325053fe505432fc91a46f06cf3068cab41fcdf30ea6ae12e7a0c676ba8
REF-0308,HIGHWAY_CORRIDOR,EPCM,US-NORTHEAST,21897.18,18.078,63.944,5,0.340961,0.764608,1.18,180126024.93,192574765.56,550,648.42,0.069111,0.178945,AMBER,False,DEVELOPMENT,SYNTHETIC_RESEARCH_FIXTURE,OG-SYNTH-0.1,B1-0.1,generate_opus_synthetic_programme.py@0.1,20260811,True,60ada785df61426f333f909464c0cf32e6fe62e159e0b5e7d86d2f7958f72d77
REF-0309,VERTICAL_HOSPITAL,EPCM,US-NORTHEAST,46535.267,3.835,57.12,10,0.192865,0.545322,1.18,214203117.94,239514622.48,577,555.117,0.118166,-0.037925,AMBER,False,LOCKED_HOLDOUT,SYNTHETIC_RESEARCH_FIXTURE,OG-SYNTH-0.1,B1-0.1,generate_opus_synthetic_programme.py@0.1,20260811,True,67f8833c28b4ca3e7eeef096cfdb0956dc542697e04b71afa3a96a8e763e8f10
REF-0310,WATER_TREATMENT,EPCM,US-NORTHEAST,0.0,7.649,180.344,5,0.53819,0.491447,1.18,167687959.05,182140081.91,364,412.791,0.086185,0.134041,AMBER,False,LOCKED_HOLDOUT,SYNTHETIC_RESEARCH_FIXTURE,OG-SYNTH-0.1,B1-0.1,generate_opus_synthetic_programme.py@0.1,20260811,True,a963f3eb86c1e2fd199b6145b350c683f5c2cfbac5b140822f7d331145b6e747
REF-0311,RAIL_STATION,EPCM,US-NORTHEAST,0.0,10.998,64.472,4,0.322716,0.665657,1.18,162322008.35,167960949.68,305,400.988,0.034739,0.314714,RED,False,DEVELOPMENT,SYNTHETIC_RESEARCH_FIXTURE,OG-SYNTH-0.1,B1-0.1,generate_opus_synthetic_programme.py@0.1,20260811,True,6e380b74ca2b3920959c02176d6ba8bda3ebc0bdf3296436c06ec290afd67244
REF-0312,DATA_CENTER,EPCM,US-NORTHEAST,17904.751,0.0,64.687,1,0.324313,0.560289,1.18,132352628.38,161821096.8,446,479.923,0.222651,0.07606,RED,False,DEVELOPMENT,SYNTHETIC_RESEARCH_FIXTURE,OG-SYNTH-0.1,B1-0.1,generate_opus_synthetic_programme.py@0.1,20260811,True,7c68ef8f0b286cfe9668139486dc3aae5eb7678695fa54ee38f79751c59e9e7f
REF-0313,AIRPORT_TERMINAL,DESIGN_BID_BUILD,US-SOUTHEAST,49220.979,1.419,17.154,1,0.503384,0.966817,0.94,166046539.9,191109633.78,533,633.144,0.15094,0.187888,AMBER,False,LOCKED_HOLDOUT,SYNTHETIC_RESEARCH_FIXTURE,OG-SYNTH-0.1,B1-0.1,generate_opus_synthetic_programme.py@0.1,20260811,True,7aed4822864e0684e017575c2347997c02d8a8446d1c7bd05045d10e0162e7a6
REF-0314,HIGHWAY_CORRIDOR,DESIGN_BID_BUILD,US-SOUTHEAST,2864.245,13.466,38.689,2,0.705905,0.696711,0.94,130223338.92,156434873.7,471,587.308,0.201281,0.246938,RED,False,VALIDATION,SYNTHETIC_RESEARCH_FIXTURE,OG-SYNTH-0.1,B1-0.1,generate_opus_synthetic_programme.py@0.1,20260811,True,d79b0cdc74a92ff19512623046a99a6e7ef641c39d9976ae934c06ddf6bdc36b
REF-0315,VERTICAL_HOSPITAL,DESIGN_BID_BUILD,US-SOUTHEAST,33803.05,0.0,92.64,12,0.545321,0.799622,0.94,198310905.71,233534845.54,600,695.939,0.17762,0.159899,AMBER,False,DEVELOPMENT,SYNTHETIC_RESEARCH_FIXTURE,OG-SYNTH-0.1,B1-0.1,generate_opus_synthetic_programme.py@0.1,20260811,True,3ce71e17e0b4027c6e49688d8b704a057e6da3fd468ce9111ddb4d4221e9ceb8
REF-0316,WATER_TREATMENT,DESIGN_BID_BUILD,US-SOUTHEAST,23835.276,8.113,128.618,1,0.851263,0.407168,0.94,170804892.32,209562120.39,645,822.259,0.226909,0.27482,RED,False,DEVELOPMENT,SYNTHETIC_RESEARCH_FIXTURE,OG-SYNTH-0.1,B1-0.1,generate_opus_synthetic_programme.py@0.1,20260811,True,58eccb4774e5ba9779561f1c283ebf49e805291025768a02e84bd390b3e8a086
REF-0317,RAIL_STATION,DESIGN_BID_BUILD,US-SOUTHEAST,0.0,17.093,5.964,6,0.296999,0.606095,0.94,142305198.29,162649192.59,348,419.159,0.14296,0.20448,AMBER,False,VALIDATION,SYNTHETIC_RESEARCH_FIXTURE,OG-SYNTH-0.1,B1-0.1,generate_opus_synthetic_programme.py@0.1,20260811,True,c5dfd17ca368d0a23ad89fbb138ec773fb9809c1bdcf56ab0647af76ad77d88e
REF-0318,DATA_CENTER,DESIGN_BID_BUILD,US-SOUTHEAST,61925.092,0.384,146.638,1,0.723157,0.861336,0.94,180816052.98,225148101.46,637,739.883,0.245178,0.161511,RED,False,DEVELOPMENT,SYNTHETIC_RESEARCH_FIXTURE,OG-SYNTH-0.1,B1-0.1,generate_opus_synthetic_programme.py@0.1,20260811,True,527f4361d1295da1246cf6a5e49a7e752314d84cdd035da510c77a157270d355
REF-0319,AIRPORT_TERMINAL,DESIGN_BUILD,US-SOUTHEAST,52668.734,0.0,60.397,1,0.669357,0.573026,0.94,169076804.27,195314707.31,636,712.984,0.155183,0.121043,AMBER,False,DEVELOPMENT,SYNTHETIC_RESEARCH_FIXTURE,OG-SYNTH-0.1,B1-0.1,generate_opus_synthetic_programme.py@0.1,20260811,True,7fb632c324d0f51705f4588811875952c6bdcbd066616e178c79b5874f196b64
REF-0320,HIGHWAY_CORRIDOR,DESIGN_BUILD,US-SOUTHEAST,2923.604,15.387,53.107,4,0.727257,0.742632,0.94,127062565.66,151593295.38,527,644.739,0.19306,0.223413,RED,False,VALIDATION,SYNTHETIC_RESEARCH_FIXTURE,OG-SYNTH-0.1,B1-0.1,generate_opus_synthetic_programme.py@0.1,20260811,True,025e1c77ff25f498d56b2fa74e7b016891ff866f0e579b48f9730be7e435333e
REF-0321,VERTICAL_HOSPITAL,DESIGN_BUILD,US-SOUTHEAST,50925.489,0.0,64.718,9,0.587467,0.569573,0.94,174536084.22,262456445.43,624,967.976,0.503737,0.551244,RED,True,VALIDATION,SYNTHETIC_RESEARCH_FIXTURE,OG-SYNTH-0.1,B1-0.1,generate_opus_synthetic_programme.py@0.1,20260811,True,85c13bc0e5aac2f26f3f176546e32b3bdc7c831b5456217b0ec200145c3f0514
REF-0322,WATER_TREATMENT,DESIGN_BUILD,US-SOUTHEAST,3640.593,1.997,114.038,1,0.603249,0.799311,0.94,99255293.6,114379569.1,498,574.517,0.152378,0.153648,AMBER,False,LOCKED_HOLDOUT,SYNTHETIC_RESEARCH_FIXTURE,OG-SYNTH-0.1,B1-0.1,generate_opus_synthetic_programme.py@0.1,20260811,True,4277c22b85499434fd246b75f41a35f0d36802350de158900c8b2b83cc4c1c20
REF-0323,RAIL_STATION,DESIGN_BUILD,US-SOUTHEAST,1485.44,10.038,37.683,7,0.403474,0.502319,0.94,130151824.86,145462532.0,377,447.673,0.117637,0.187461,AMBER,False,VALIDATION,SYNTHETIC_RESEARCH_FIXTURE,OG-SYNTH-0.1,B1-0.1,generate_opus_synthetic_programme.py@0.1,20260811,True,7e57664981a5dedd75385e6d68a55cf6b799632386a617a05d77f5c664ad0279
REF-0324,DATA_CENTER,DESIGN_BUILD,US-SOUTHEAST,38942.082,2.609,122.82,4,0.781028,0.715796,0.94,175433279.5,201052263.16,583,743.791,0.146033,0.275799,RED,False,LOCKED_HOLDOUT,SYNTHETIC_RESEARCH_FIXTURE,OG-SYNTH-0.1,B1-0.1,generate_opus_synthetic_programme.py@0.1,20260811,True,6cff27487b6ed4c89776fbdf77a69476ad5d589d33dae5529ed292a56ce657a7
REF-0325,AIRPORT_TERMINAL,CMAR,US-SOUTHEAST,35027.302,0.0,73.881,5,0.695649,0.704869,0.94,178495782.25,224221168.14,560,688.233,0.256171,0.228987,RED,False,LOCKED_HOLDOUT,SYNTHETIC_RESEARCH_FIXTURE,OG-SYNTH-0.1,B1-0.1,generate_opus_synthetic_programme.py@0.1,20260811,True,34c345882b1c714799fda927bc039bc2fc9f10ba442d2ec916d1af9630167064
REF-0326,HIGHWAY_CORRIDOR,CMAR,US-SOUTHEAST,0.0,15.739,53.503,4,0.113253,0.84589,0.94,105302442.85,113513909.17,300,328.864,0.07798,0.096213,AMBER,False,DEVELOPMENT,SYNTHETIC_RESEARCH_FIXTURE,OG-SYNTH-0.1,B1-0.1,generate_opus_synthetic_programme.py@0.1,20260811,True,f9ae627e9d889a83fa7d9eaaa3e75ed31256bbe2eb512de85d8ce0b5b722bdaf
REF-0327,VERTICAL_HOSPITAL,CMAR,US-SOUTHEAST,69740.624,0.0,56.308,11,0.666628,0.620704,0.94,210550886.42,232806971.11,703,766.485,0.105704,0.090305,AMBER,False,VALIDATION,SYNTHETIC_RESEARCH_FIXTURE,OG-SYNTH-0.1,B1-0.1,generate_opus_synthetic_programme.py@0.1,20260811,True,00157e85fb3ae5f63f4ced3ec4a923974070c9401751d1c189f7ba6787d9d848
REF-0328,WATER_TREATMENT,CMAR,US-SOUTHEAST,5361.793,0.0,79.179,4,0.507572,0.728202,0.94,107562575.96,165674952.21,440,675.527,0.540266,0.535288,RED,True,DEVELOPMENT,SYNTHETIC_RESEARCH_FIXTURE,OG-SYNTH-0.1,B1-0.1,generate_opus_synthetic_programme.py@0.1,20260811,True,eb77242d0ad6c798e87bbc36ccc565dbad965816ae494ba4a005829374a19e02
REF-0329,RAIL_STATION,CMAR,US-SOUTHEAST,0.0,19.162,1.0,1,0.577312,0.948186,0.94,130397631.81,150786438.85,401,463.232,0.156359,0.155192,AMBER,False,DEVELOPMENT,SYNTHETIC_RESEARCH_FIXTURE,OG-SYNTH-0.1,B1-0.1,generate_opus_synthetic_programme.py@0.1,20260811,True,15304d7a0f0afaa52e4642bd9e861e8dbf6e8ed6c51732ab448858e6995e9988
REF-0330,DATA_CENTER,CMAR,US-SOUTHEAST,31174.169,0.0,132.46,3,0.645577,0.433326,0.94,155764686.64,188764783.16,557,714.548,0.211859,0.282851,RED,False,VALIDATION,SYNTHETIC_RESEARCH_FIXTURE,OG-SYNTH-0.1,B1-0.1,generate_opus_synthetic_programme.py@0.1,20260811,True,bb00c46ff4c736ef46148ed09b27c547e7cb1fbf246efb9eacb3a060f80f6ca7
REF-0331,AIRPORT_TERMINAL,EPCM,US-SOUTHEAST,51562.827,0.0,102.796,8,0.537055,0.858,0.94,187929341.62,202845836.45,522,597.094,0.079373,0.143858,AMBER,False,LOCKED_HOLDOUT,SYNTHETIC_RESEARCH_FIXTURE,OG-SYNTH-0.1,B1-0.1,generate_opus_synthetic_programme.py@0.1,20260811,True,0870d043ea435ad13711ca332b77201169deb80b3b799af54ed9fc88b52a533a
REF-0332,HIGHWAY_CORRIDOR,EPCM,US-SOUTHEAST,17203.86,15.925,77.91,7,0.312906,0.584726,0.94,131084296.05,158307132.04,551,564.417,0.207674,0.024351,AMBER,False,DEVELOPMENT,SYNTHETIC_RESEARCH_FIXTURE,OG-SYNTH-0.1,B1-0.1,generate_opus_synthetic_programme.py@0.1,20260811,True,2cb0343e51145e6b72e1e9dfd559d84298e15b21ebc68505ecb095dbdff8be85
REF-0333,VERTICAL_HOSPITAL,EPCM,US-SOUTHEAST,42097.414,0.0,61.622,15,0.564502,0.535337,0.94,186756834.6,221543468.29,592,681.32,0.186267,0.150879,AMBER,False,LOCKED_HOLDOUT,SYNTHETIC_RESEARCH_FIXTURE,OG-SYNTH-0.1,B1-0.1,generate_opus_synthetic_programme.py@0.1,20260811,True,b0e7068b704f3106b34c993bb66fd64d98bfc19f22498243254754765f6a5988
REF-0334,WATER_TREATMENT,EPCM,US-SOUTHEAST,2324.053,4.287,130.483,1,0.19568,0.76129,0.94,91752363.16,92918740.66,366,400.262,0.012712,0.093611,AMBER,False,VALIDATION,SYNTHETIC_RESEARCH_FIXTURE,OG-SYNTH-0.1,B1-0.1,generate_opus_synthetic_programme.py@0.1,20260811,True,fb673a4c91476e428025e9bdc674b1a117eab81194c776b485585c4a31a1944f
REF-0335,RAIL_STATION,EPCM,US-SOUTHEAST,2531.789,20.565,34.39,8,0.170011,0.71913,0.94,153809393.85,163378781.93,339,387.261,0.062216,0.142362,AMBER,False,LOCKED_HOLDOUT,SYNTHETIC_RESEARCH_FIXTURE,OG-SYNTH-0.1,B1-0.1,generate_opus_synthetic_programme.py@0.1,20260811,True,91a6a2f8b575b9b530ca38bc1e1086071ca4bfb86e9ffc1aa994bc0736b53531
REF-0336,DATA_CENTER,EPCM,US-SOUTHEAST,6671.534,4.615,145.535,4,0.566025,0.903005,0.94,138753283.25,163786500.83,464,604.888,0.180415,0.303639,RED,False,VALIDATION,SYNTHETIC_RESEARCH_FIXTURE,OG-SYNTH-0.1,B1-0.1,generate_opus_synthetic_programme.py@0.1,20260811,True,4fe2000112c009f2ea1cc64349d51bfd4b43066679a3007257d34a7354c23eaa
REF-0337,AIRPORT_TERMINAL,DESIGN_BID_BUILD,US-MIDWEST,28041.46,0.0,73.754,6,0.198672,0.923356,0.91,145073451.12,149698380.54,509,499.783,0.03188,-0.018109,GREEN,False,DEVELOPMENT,SYNTHETIC_RESEARCH_FIXTURE,OG-SYNTH-0.1,B1-0.1,generate_opus_synthetic_programme.py@0.1,20260811,True,b54cf1468550b76e62287e3d32e15179afea77c21650bcd56edd813cdfc206b5
REF-0338,HIGHWAY_CORRIDOR,DESIGN_BID_BUILD,US-MIDWEST,14579.832,16.94,39.916,4,0.514122,0.871111,0.91,130657315.05,155044011.86,538,596.035,0.186646,0.107872,AMBER,False,LOCKED_HOLDOUT,SYNTHETIC_RESEARCH_FIXTURE,OG-SYNTH-0.1,B1-0.1,generate_opus_synthetic_programme.py@0.1,20260811,True,16c4a0b23559e30026e88ff20788c813ab3f1ff74545db9f01932215e730897e
REF-0339,VERTICAL_HOSPITAL,DESIGN_BID_BUILD,US-MIDWEST,36192.789,0.0,45.08,11,0.670514,0.632443,0.91,178565317.37,210389294.27,616,710.679,0.17822,0.153699,AMBER,False,DEVELOPMENT,SYNTHETIC_RESEARCH_FIXTURE,OG-SYNTH-0.1,B1-0.1,generate_opus_synthetic_programme.py@0.1,20260811,True,0dc0d9d95386f3689b2296672f798325a0b13b716b954a1b8b44f56cf052d0fc
REF-0340,WATER_TREATMENT,DESIGN_BID_BUILD,US-MIDWEST,0.0,1.579,96.678,3,0.491118,0.906226,0.91,105683639.71,124996154.08,384,483.549,0.182739,0.259243,RED,False,DEVELOPMENT,SYNTHETIC_RESEARCH_FIXTURE,OG-SYNTH-0.1,B1-0.1,generate_opus_synthetic_programme.py@0.1,20260811,True,7b564f7e0d64ebb634b4931d49614634277701f861de21f05c300dd26314983c
REF-0341,RAIL_STATION,DESIGN_BID_BUILD,US-MIDWEST,1129.227,14.514,45.32,2,0.618796,0.35,0.91,154233340.97,200560594.6,420,521.591,0.300371,0.241883,RED,False,DEVELOPMENT,SYNTHETIC_RESEARCH_FIXTURE,OG-SYNTH-0.1,B1-0.1,generate_opus_synthetic_programme.py@0.1,20260811,True,588bbe6a9e5c390a3c834597cfdefd2bf732de3c37015840016d2e4317b00b02
REF-0342,DATA_CENTER,DESIGN_BID_BUILD,US-MIDWEST,37797.549,0.0,105.366,3,0.674814,0.893409,0.91,162959974.41,194742626.16,596,659.47,0.195033,0.106493,AMBER,False,DEVELOPMENT,SYNTHETIC_RESEARCH_FIXTURE,OG-SYNTH-0.1,B1-0.1,generate_opus_synthetic_programme.py@0.1,20260811,True,7f0edcdbf9158b9a91974026b81aedac372f4375fbe72536bd78dbd3acb5a45d
REF-0343,AIRPORT_TERMINAL,DESIGN_BUILD,US-MIDWEST,58492.606,0.0,33.618,4,0.483209,0.89301,0.91,170354596.79,205765603.26,654,755.886,0.207866,0.155789,AMBER,False,LOCKED_HOLDOUT,SYNTHETIC_RESEARCH_FIXTURE,OG-SYNTH-0.1,B1-0.1,generate_opus_synthetic_programme.py@0.1,20260811,True,dad5115a9f1688145a2d9500b25c73277dda3eb0333e992e274d661af7cae485
REF-0344,HIGHWAY_CORRIDOR,DESIGN_BUILD,US-MIDWEST,24977.724,22.962,79.387,3,0.275873,0.813682,0.91,140976473.29,144827775.45,574,682.026,0.027319,0.188199,AMBER,False,DEVELOPMENT,SYNTHETIC_RESEARCH_FIXTURE,OG-SYNTH-0.1,B1-0.1,generate_opus_synthetic_programme.py@0.1,20260811,True,597c4859664793d91b6ecf6a0a41524a0a1d896ce64d0dece876c487bee6c51a
REF-0345,VERTICAL_HOSPITAL,DESIGN_BUILD,US-MIDWEST,38249.334,0.0,54.635,11,0.659425,0.68178,0.91,177646595.05,206846682.46,608,787.819,0.164372,0.295754,RED,False,DEVELOPMENT,SYNTHETIC_RESEARCH_FIXTURE,OG-SYNTH-0.1,B1-0.1,generate_opus_synthetic_programme.py@0.1,20260811,True,7519976478277427efef2afd0969844d29067267959640a2b9821f991bc99371
REF-0346,WATER_TREATMENT,DESIGN_BUILD,US-MIDWEST,20747.563,0.0,116.977,7,0.353214,0.565608,0.91,119641059.11,127579508.9,466,547.085,0.066352,0.174001,AMBER,False,DEVELOPMENT,SYNTHETIC_RESEARCH_FIXTURE,OG-SYNTH-0.1,B1-0.1,generate_opus_synthetic_programme.py@0.1,20260811,True,9f428d8d4c7f1dce9596d6aebff62028689e94547cd3206f51034e5a88f427bc
REF-0347,RAIL_STATION,DESIGN_BUILD,US-MIDWEST,17200.262,17.01,37.375,6,0.288138,0.976762,0.91,149008331.51,163832006.04,492,498.954,0.099482,0.014133,AMBER,False,DEVELOPMENT,SYNTHETIC_RESEARCH_FIXTURE,OG-SYNTH-0.1,B1-0.1,generate_opus_synthetic_programme.py@0.1,20260811,True,f8db1caa0f8cc90d8d39b98d19adae92d4da9ff5e4b08a0a403813317660fb2d
REF-0348,DATA_CENTER,DESIGN_BUILD,US-MIDWEST,27882.102,3.363,101.104,3,0.175625,0.801671,0.91,113797124.34,128770358.65,451,491.634,0.131578,0.090097,AMBER,False,DEVELOPMENT,SYNTHETIC_RESEARCH_FIXTURE,OG-SYNTH-0.1,B1-0.1,generate_opus_synthetic_programme.py@0.1,20260811,True,109a9a1a91faf76f65e4600c3a74d7d80455080ccc78e30cfe2a74d210ff8361
REF-0349,AIRPORT_TERMINAL,CMAR,US-MIDWEST,40321.871,3.461,80.166,6,0.790083,0.356961,0.91,184983276.47,212459345.53,629,722.065,0.148533,0.147957,AMBER,False,LOCKED_HOLDOUT,SYNTHETIC_RESEARCH_FIXTURE,OG-SYNTH-0.1,B1-0.1,generate_opus_synthetic_programme.py@0.1,20260811,True,d5a0f7af0efa4687b1958b875ad941b981824225a6c27565c71624be3c6533b2
REF-0350,HIGHWAY_CORRIDOR,CMAR,US-MIDWEST,6894.488,19.904,41.785,1,0.673505,0.780321,0.91,127516333.54,169183922.44,446,527.099,0.326763,0.181837,RED,False,LOCKED_HOLDOUT,SYNTHETIC_RESEARCH_FIXTURE,OG-SYNTH-0.1,B1-0.1,generate_opus_synthetic_programme.py@0.1,20260811,True,2173e987cde4954f184432eb7419e29c7d25e8eecf07f337bc09511fc7f2fbfc
REF-0351,VERTICAL_HOSPITAL,CMAR,US-MIDWEST,47839.507,2.318,41.452,9,0.690178,0.35,0.91,193267382.7,253987951.32,649,750.571,0.314179,0.156503,RED,False,VALIDATION,SYNTHETIC_RESEARCH_FIXTURE,OG-SYNTH-0.1,B1-0.1,generate_opus_synthetic_programme.py@0.1,20260811,True,50415b79e43b1f5969d83a4dade03f5f4f455803f4c3a693c15bd98e43c08b36
REF-0352,WATER_TREATMENT,CMAR,US-MIDWEST,9372.065,1.658,122.719,3,0.629426,0.85327,0.91,113310585.65,163279631.87,443,638.858,0.440992,0.442118,RED,True,DEVELOPMENT,SYNTHETIC_RESEARCH_FIXTURE,OG-SYNTH-0.1,B1-0.1,generate_opus_synthetic_programme.py@0.1,20260811,True,66a4037adb7f829cddc63ce1e552c4048b14bb08c2310d32fc0842888481715f
REF-0353,RAIL_STATION,CMAR,US-MIDWEST,7164.168,19.445,61.884,9,0.353483,0.832986,0.91,154941137.49,217196749.87,457,650.278,0.401802,0.422929,RED,True,DEVELOPMENT,SYNTHETIC_RESEARCH_FIXTURE,OG-SYNTH-0.1,B1-0.1,generate_opus_synthetic_programme.py@0.1,20260811,True,bf3624324e847963805fc20baf40ad8fcc845a2b61b76d11a85ff373a17c9818
REF-0354,DATA_CENTER,CMAR,US-MIDWEST,45843.142,5.842,75.6,1,0.418253,0.657026,0.91,137729004.1,161150518.45,555,620.512,0.170055,0.11804,AMBER,False,DEVELOPMENT,SYNTHETIC_RESEARCH_FIXTURE,OG-SYNTH-0.1,B1-0.1,generate_opus_synthetic_programme.py@0.1,20260811,True,351ba02e31e009661a45fd6265aee655fa4fff9e01ee1bd089e9f43b6f11aee3
REF-0355,AIRPORT_TERMINAL,EPCM,US-MIDWEST,58729.024,0.0,15.861,4,0.37624,0.855087,0.91,158588675.76,189253259.62,625,654.241,0.193359,0.046786,AMBER,False,DEVELOPMENT,SYNTHETIC_RESEARCH_FIXTURE,OG-SYNTH-0.1,B1-0.1,generate_opus_synthetic_programme.py@0.1,20260811,True,4df5b5e8ea4c2a2868ed22d2839d36ea04cd6b4fa8528b5ac27c3fb28dee79ae
REF-0356,HIGHWAY_CORRIDOR,EPCM,US-MIDWEST,12802.979,13.242,45.381,5,0.356277,0.883518,0.91,127467860.63,127527988.33,419,480.021,0.000472,0.145634,AMBER,False,DEVELOPMENT,SYNTHETIC_RESEARCH_FIXTURE,OG-SYNTH-0.1,B1-0.1,generate_opus_synthetic_programme.py@0.1,20260811,True,6a3da263d553f4fe10a79f3570f20537889bf6e756ee66a4aa2d877dd763b153
REF-0357,VERTICAL_HOSPITAL,EPCM,US-MIDWEST,47915.228,0.0,62.4,10,0.724593,0.741342,0.91,202988885.53,232030162.98,641,735.78,0.143068,0.147862,AMBER,False,DEVELOPMENT,SYNTHETIC_RESEARCH_FIXTURE,OG-SYNTH-0.1,B1-0.1,generate_opus_synthetic_programme.py@0.1,20260811,True,467abceaf8985bc44bcd7d977d3c9c200d80257312c7abad57f526c7afffd6d1
REF-0358,WATER_TREATMENT,EPCM,US-MIDWEST,10791.138,0.0,132.709,5,0.193417,0.854601,0.91,104157378.92,109106279.21,394,451.417,0.047514,0.145728,AMBER,False,VALIDATION,SYNTHETIC_RESEARCH_FIXTURE,OG-SYNTH-0.1,B1-0.1,generate_opus_synthetic_programme.py@0.1,20260811,True,8c64d293a82cccba0d00b419ec64c3c7c53d7e8cc6c0cff35204ebbd3a17889b
REF-0359,RAIL_STATION,EPCM,US-MIDWEST,0.0,30.735,96.967,1,0.730925,0.748371,0.91,187102031.05,223276663.18,478,556.292,0.193342,0.163791,AMBER,False,LOCKED_HOLDOUT,SYNTHETIC_RESEARCH_FIXTURE,OG-SYNTH-0.1,B1-0.1,generate_opus_synthetic_programme.py@0.1,20260811,True,bf69162598a8432a373e8c2d5890bbc1a47656297a32f2fad419fbb757a0c051
REF-0360,DATA_CENTER,EPCM,US-MIDWEST,40998.038,5.793,143.98,6,0.318362,0.509627,0.91,147278043.46,166424129.95,590,678.065,0.13,0.149262,AMBER,False,DEVELOPMENT,SYNTHETIC_RESEARCH_FIXTURE,OG-SYNTH-0.1,B1-0.1,generate_opus_synthetic_programme.py@0.1,20260811,True,67a03b22f9afc930d6716b6d4e73e50e20e44f9269f744c6a3db7c9cba44f7da
