project_id,period_id,location_id,location_sequence,work_type_id,crew_id,quantity,unit,planned_production_rate_locations_per_day,actual_production_rate_locations_per_day,planned_start_day,actual_start_day,minimum_separation_days,data_origin,programme_version,package_version,generator_version,random_seed,not_for_empirical_validation,record_hash
PRJ-HWY,P01,L01,1,EARLY_WORK,PRJ-HWY-EARLY_WORK-CREW,1,location,0.22,0.232027,0.0,0.08,5,SYNTHETIC_RESEARCH_FIXTURE,OG-SYNTH-0.1,A-0.1,generate_opus_synthetic_programme.py@0.1,20260811,True,990fff19817383d1cf099706b18fdcae399fae5f3295045b30bb25f0c844958a
PRJ-HWY,P01,L02,2,EARLY_WORK,PRJ-HWY-EARLY_WORK-CREW,1,location,0.22,0.232027,4.545455,4.389841,5,SYNTHETIC_RESEARCH_FIXTURE,OG-SYNTH-0.1,A-0.1,generate_opus_synthetic_programme.py@0.1,20260811,True,2df1b2e47d7e200ff5518a20ad3274c8f8376aad34cd2f96725989608781845a
PRJ-HWY,P01,L03,3,EARLY_WORK,PRJ-HWY-EARLY_WORK-CREW,1,location,0.22,0.232027,9.090909,8.699683,5,SYNTHETIC_RESEARCH_FIXTURE,OG-SYNTH-0.1,A-0.1,generate_opus_synthetic_programme.py@0.1,20260811,True,455ec1e623c346585a4930548825994f420eb5649f776195e2311cfff1322204
PRJ-HWY,P01,L04,4,EARLY_WORK,PRJ-HWY-EARLY_WORK-CREW,1,location,0.22,0.232027,13.636364,13.009524,5,SYNTHETIC_RESEARCH_FIXTURE,OG-SYNTH-0.1,A-0.1,generate_opus_synthetic_programme.py@0.1,20260811,True,f1618a3b2a17936e5c20c20a76c10274ceea0c5b8e7af0855e1f47a06d72b649
PRJ-HWY,P01,L05,5,EARLY_WORK,PRJ-HWY-EARLY_WORK-CREW,1,location,0.22,0.232027,18.181818,17.319365,5,SYNTHETIC_RESEARCH_FIXTURE,OG-SYNTH-0.1,A-0.1,generate_opus_synthetic_programme.py@0.1,20260811,True,a021afd7dd2b12485118114719d1ff7f67b1f347f1ae9bfaa2b443b89137e4e4
PRJ-HWY,P01,L06,6,EARLY_WORK,PRJ-HWY-EARLY_WORK-CREW,1,location,0.22,0.232027,22.727273,21.629206,5,SYNTHETIC_RESEARCH_FIXTURE,OG-SYNTH-0.1,A-0.1,generate_opus_synthetic_programme.py@0.1,20260811,True,c4f642380fff4d48296e795cc958dfac1b261432736c4c7e9122a9ea264c8bbe
PRJ-HWY,P01,L01,1,STRUCTURE,PRJ-HWY-STRUCTURE-CREW,1,location,0.18,0.167813,18.0,18.08,5,SYNTHETIC_RESEARCH_FIXTURE,OG-SYNTH-0.1,A-0.1,generate_opus_synthetic_programme.py@0.1,20260811,True,81ffb27a524b06a155fecc999bb66f4b24193f938d98104eb1ad3934ec12b235
PRJ-HWY,P01,L02,2,STRUCTURE,PRJ-HWY-STRUCTURE-CREW,1,location,0.18,0.167813,23.555556,24.03901,5,SYNTHETIC_RESEARCH_FIXTURE,OG-SYNTH-0.1,A-0.1,generate_opus_synthetic_programme.py@0.1,20260811,True,cea07385c93fca2071c85a989863b5a2f4d7ffa3458196f6f5120cc02a5c40a2
PRJ-HWY,P01,L03,3,STRUCTURE,PRJ-HWY-STRUCTURE-CREW,1,location,0.18,0.167813,29.111111,29.998021,5,SYNTHETIC_RESEARCH_FIXTURE,OG-SYNTH-0.1,A-0.1,generate_opus_synthetic_programme.py@0.1,20260811,True,39cce6030303f08398a96013c0a2fac9d030f7ba0a1235797c53b37fed2943c3
PRJ-HWY,P01,L04,4,STRUCTURE,PRJ-HWY-STRUCTURE-CREW,1,location,0.18,0.167813,34.666667,35.957031,5,SYNTHETIC_RESEARCH_FIXTURE,OG-SYNTH-0.1,A-0.1,generate_opus_synthetic_programme.py@0.1,20260811,True,6e8b015b7bdbfdfb4ffe3cd9b7f8b47ace2ee3d79cba21bf191713f1555a4e5d
PRJ-HWY,P01,L05,5,STRUCTURE,PRJ-HWY-STRUCTURE-CREW,1,location,0.18,0.167813,40.222222,41.916042,5,SYNTHETIC_RESEARCH_FIXTURE,OG-SYNTH-0.1,A-0.1,generate_opus_synthetic_programme.py@0.1,20260811,True,20a5a4fe6ee091c15d5ecef307b4c37aa0a0c4c2ad09fb958408af9935734c50
PRJ-HWY,P01,L06,6,STRUCTURE,PRJ-HWY-STRUCTURE-CREW,1,location,0.18,0.167813,45.777778,47.875052,5,SYNTHETIC_RESEARCH_FIXTURE,OG-SYNTH-0.1,A-0.1,generate_opus_synthetic_programme.py@0.1,20260811,True,3397960cf2d3e1ed1d0aaad035078a1c824d35c4da25cece26767e6a4ab6e022
PRJ-HWY,P01,L01,1,SYSTEMS,PRJ-HWY-SYSTEMS-CREW,1,location,0.16,0.159846,38.0,38.08,5,SYNTHETIC_RESEARCH_FIXTURE,OG-SYNTH-0.1,A-0.1,generate_opus_synthetic_programme.py@0.1,20260811,True,da10959fbd50cf11d026c85c68dd85ce527b6b761e4621672a9fa847c6d95975
PRJ-HWY,P01,L02,2,SYSTEMS,PRJ-HWY-SYSTEMS-CREW,1,location,0.16,0.159846,44.25,44.336027,5,SYNTHETIC_RESEARCH_FIXTURE,OG-SYNTH-0.1,A-0.1,generate_opus_synthetic_programme.py@0.1,20260811,True,d2d911b33574e16093cfec49074f186dfcb73b23b5ba991a16f80306bd12a144
PRJ-HWY,P01,L03,3,SYSTEMS,PRJ-HWY-SYSTEMS-CREW,1,location,0.16,0.159846,50.5,50.592055,5,SYNTHETIC_RESEARCH_FIXTURE,OG-SYNTH-0.1,A-0.1,generate_opus_synthetic_programme.py@0.1,20260811,True,cb80d95baa3b2df63bb924a4cc42c279149ee9bacdbab56e5ec3feba92b5cd4e
PRJ-HWY,P01,L04,4,SYSTEMS,PRJ-HWY-SYSTEMS-CREW,1,location,0.16,0.159846,56.75,56.848082,5,SYNTHETIC_RESEARCH_FIXTURE,OG-SYNTH-0.1,A-0.1,generate_opus_synthetic_programme.py@0.1,20260811,True,8069d1c3301703f8bf7d982d57608ad672fe3614bb760c69a94c437d80d49d8a
PRJ-HWY,P01,L05,5,SYSTEMS,PRJ-HWY-SYSTEMS-CREW,1,location,0.16,0.159846,63.0,63.104109,5,SYNTHETIC_RESEARCH_FIXTURE,OG-SYNTH-0.1,A-0.1,generate_opus_synthetic_programme.py@0.1,20260811,True,c64708422aaeb04e094e8e179bf6717d68a51bd0a9d1ab0fdfa753115b0729b8
PRJ-HWY,P01,L06,6,SYSTEMS,PRJ-HWY-SYSTEMS-CREW,1,location,0.16,0.159846,69.25,69.360137,5,SYNTHETIC_RESEARCH_FIXTURE,OG-SYNTH-0.1,A-0.1,generate_opus_synthetic_programme.py@0.1,20260811,True,48bb99f4b4844c99aee19b82cd8af1ae20ff777e437a9a990d1b2ac882319a5e
PRJ-HWY,P01,L01,1,FINISH,PRJ-HWY-FINISH-CREW,1,location,0.2,0.209413,62.0,62.08,5,SYNTHETIC_RESEARCH_FIXTURE,OG-SYNTH-0.1,A-0.1,generate_opus_synthetic_programme.py@0.1,20260811,True,d1cd33af2c192f1fedf5e308990517ed8005e096023a61dfa2d38df49e393ecd
PRJ-HWY,P01,L02,2,FINISH,PRJ-HWY-FINISH-CREW,1,location,0.2,0.209413,67.0,66.855263,5,SYNTHETIC_RESEARCH_FIXTURE,OG-SYNTH-0.1,A-0.1,generate_opus_synthetic_programme.py@0.1,20260811,True,0a7698afaabaa8f85b37edb72a78fc48b77630d51e21a25db318d4c77f15c419
PRJ-HWY,P01,L03,3,FINISH,PRJ-HWY-FINISH-CREW,1,location,0.2,0.209413,72.0,71.630526,5,SYNTHETIC_RESEARCH_FIXTURE,OG-SYNTH-0.1,A-0.1,generate_opus_synthetic_programme.py@0.1,20260811,True,8e072c2da9441313a7abb5be4de42d318aec0af18f8da683b3d612d6333db0e3
PRJ-HWY,P01,L04,4,FINISH,PRJ-HWY-FINISH-CREW,1,location,0.2,0.209413,77.0,76.405789,5,SYNTHETIC_RESEARCH_FIXTURE,OG-SYNTH-0.1,A-0.1,generate_opus_synthetic_programme.py@0.1,20260811,True,3728a40d072cdd86c533930a52bdc08d1d033fbec25dc58572db6c2936e2ed5c
PRJ-HWY,P01,L05,5,FINISH,PRJ-HWY-FINISH-CREW,1,location,0.2,0.209413,82.0,81.181052,5,SYNTHETIC_RESEARCH_FIXTURE,OG-SYNTH-0.1,A-0.1,generate_opus_synthetic_programme.py@0.1,20260811,True,8eaa5a7c3fc92097ff7aab3e0cefa288cf6073bd139181c5922de22022340764
PRJ-HWY,P01,L06,6,FINISH,PRJ-HWY-FINISH-CREW,1,location,0.2,0.209413,87.0,85.956315,5,SYNTHETIC_RESEARCH_FIXTURE,OG-SYNTH-0.1,A-0.1,generate_opus_synthetic_programme.py@0.1,20260811,True,45b0ee31e301be11d94b84bca2e8b78dddfb3127f2d894ba3125646d97609e9d
PRJ-HWY,P02,L01,1,EARLY_WORK,PRJ-HWY-EARLY_WORK-CREW,1,location,0.22,0.206778,0.0,0.16,5,SYNTHETIC_RESEARCH_FIXTURE,OG-SYNTH-0.1,A-0.1,generate_opus_synthetic_programme.py@0.1,20260811,True,7fc529eb2046eeb25d6c3d6ea7adf87b451f93955e9241fa07eec2c044d8b9f4
PRJ-HWY,P02,L02,2,EARLY_WORK,PRJ-HWY-EARLY_WORK-CREW,1,location,0.22,0.206778,4.545455,4.996093,5,SYNTHETIC_RESEARCH_FIXTURE,OG-SYNTH-0.1,A-0.1,generate_opus_synthetic_programme.py@0.1,20260811,True,500675bb7b11554f58cfa9dee72be21342bffc68a536827c73babd623d491092
PRJ-HWY,P02,L03,3,EARLY_WORK,PRJ-HWY-EARLY_WORK-CREW,1,location,0.22,0.206778,9.090909,9.832186,5,SYNTHETIC_RESEARCH_FIXTURE,OG-SYNTH-0.1,A-0.1,generate_opus_synthetic_programme.py@0.1,20260811,True,a0d7b85caf20e3ceb51904e84a70b52c2c07ebbad046c7bf0e465b07fc4d4fd5
PRJ-HWY,P02,L04,4,EARLY_WORK,PRJ-HWY-EARLY_WORK-CREW,1,location,0.22,0.206778,13.636364,14.66828,5,SYNTHETIC_RESEARCH_FIXTURE,OG-SYNTH-0.1,A-0.1,generate_opus_synthetic_programme.py@0.1,20260811,True,9c88dfd48137d582d42c409fc191c67615efee9ebd4c5e5a07564c4dd4a2b877
PRJ-HWY,P02,L05,5,EARLY_WORK,PRJ-HWY-EARLY_WORK-CREW,1,location,0.22,0.206778,18.181818,19.504373,5,SYNTHETIC_RESEARCH_FIXTURE,OG-SYNTH-0.1,A-0.1,generate_opus_synthetic_programme.py@0.1,20260811,True,736dc6679e30455256fa2751126b9908c3d25f7a7ff2e3bc608f56d7a8ddf8f8
PRJ-HWY,P02,L06,6,EARLY_WORK,PRJ-HWY-EARLY_WORK-CREW,1,location,0.22,0.206778,22.727273,24.340466,5,SYNTHETIC_RESEARCH_FIXTURE,OG-SYNTH-0.1,A-0.1,generate_opus_synthetic_programme.py@0.1,20260811,True,64053cb4406e47360663d98cc79ab5f4f6adbf76105bf0f49fa5bb8669af8154
PRJ-HWY,P02,L01,1,STRUCTURE,PRJ-HWY-STRUCTURE-CREW,1,location,0.18,0.182297,18.0,18.16,5,SYNTHETIC_RESEARCH_FIXTURE,OG-SYNTH-0.1,A-0.1,generate_opus_synthetic_programme.py@0.1,20260811,True,2e15afd8368dcbfd670fab78b746b8b8091295dc1d39ac84f25ec8853f823fca
PRJ-HWY,P02,L02,2,STRUCTURE,PRJ-HWY-STRUCTURE-CREW,1,location,0.18,0.182297,23.555556,23.645566,5,SYNTHETIC_RESEARCH_FIXTURE,OG-SYNTH-0.1,A-0.1,generate_opus_synthetic_programme.py@0.1,20260811,True,ff1a73d1753fd41068979919c434ed0bac7b3cb118540ffa09c0339b12ce4b7d
PRJ-HWY,P02,L03,3,STRUCTURE,PRJ-HWY-STRUCTURE-CREW,1,location,0.18,0.182297,29.111111,29.131132,5,SYNTHETIC_RESEARCH_FIXTURE,OG-SYNTH-0.1,A-0.1,generate_opus_synthetic_programme.py@0.1,20260811,True,1ddf897aaeb011fb07885d76d58984b72c6d058e705965f513ac83d5bfe9cb09
PRJ-HWY,P02,L04,4,STRUCTURE,PRJ-HWY-STRUCTURE-CREW,1,location,0.18,0.182297,34.666667,34.616698,5,SYNTHETIC_RESEARCH_FIXTURE,OG-SYNTH-0.1,A-0.1,generate_opus_synthetic_programme.py@0.1,20260811,True,a356b7380eb105b68188578a5d6663d3e55e4f141ff2a75e8a0ef40b42840d86
PRJ-HWY,P02,L05,5,STRUCTURE,PRJ-HWY-STRUCTURE-CREW,1,location,0.18,0.182297,40.222222,40.102264,5,SYNTHETIC_RESEARCH_FIXTURE,OG-SYNTH-0.1,A-0.1,generate_opus_synthetic_programme.py@0.1,20260811,True,275f6d6ad64632d2635aaadc470869f5a125a5494956e8af59baccc21cd7c4b1
PRJ-HWY,P02,L06,6,STRUCTURE,PRJ-HWY-STRUCTURE-CREW,1,location,0.18,0.182297,45.777778,45.58783,5,SYNTHETIC_RESEARCH_FIXTURE,OG-SYNTH-0.1,A-0.1,generate_opus_synthetic_programme.py@0.1,20260811,True,bf41496495b9583dd27ff586c94bbd68e2f2bd7aeee4beccebefbb8621814b71
PRJ-HWY,P02,L01,1,SYSTEMS,PRJ-HWY-SYSTEMS-CREW,1,location,0.16,0.160764,38.0,38.16,5,SYNTHETIC_RESEARCH_FIXTURE,OG-SYNTH-0.1,A-0.1,generate_opus_synthetic_programme.py@0.1,20260811,True,7f6d7309b8307ad6959df62094e3d88478d7ce51caa637bb6a005910a8e3c170
PRJ-HWY,P02,L02,2,SYSTEMS,PRJ-HWY-SYSTEMS-CREW,1,location,0.16,0.160764,44.25,44.380295,5,SYNTHETIC_RESEARCH_FIXTURE,OG-SYNTH-0.1,A-0.1,generate_opus_synthetic_programme.py@0.1,20260811,True,957fd0cf1d5238ee24acd7aa182b4ebc02cfc980780f5cc076084a3eedceced5
PRJ-HWY,P02,L03,3,SYSTEMS,PRJ-HWY-SYSTEMS-CREW,1,location,0.16,0.160764,50.5,50.60059,5,SYNTHETIC_RESEARCH_FIXTURE,OG-SYNTH-0.1,A-0.1,generate_opus_synthetic_programme.py@0.1,20260811,True,93e9658f05976fe4968ecb661c043eb1b9a15fc3d8a63d880c49a05f7c1e961a
PRJ-HWY,P02,L04,4,SYSTEMS,PRJ-HWY-SYSTEMS-CREW,1,location,0.16,0.160764,56.75,56.820886,5,SYNTHETIC_RESEARCH_FIXTURE,OG-SYNTH-0.1,A-0.1,generate_opus_synthetic_programme.py@0.1,20260811,True,ea9471701346cede04f142d382c54b38d6c9dd133cb4f8cab36cad092e5e4660
PRJ-HWY,P02,L05,5,SYSTEMS,PRJ-HWY-SYSTEMS-CREW,1,location,0.16,0.160764,63.0,63.041181,5,SYNTHETIC_RESEARCH_FIXTURE,OG-SYNTH-0.1,A-0.1,generate_opus_synthetic_programme.py@0.1,20260811,True,e6ccf00e97481ba0399841bc9e2a2bc6d65f5c4f5e9398722df9619513d3d876
PRJ-HWY,P02,L06,6,SYSTEMS,PRJ-HWY-SYSTEMS-CREW,1,location,0.16,0.160764,69.25,69.261476,5,SYNTHETIC_RESEARCH_FIXTURE,OG-SYNTH-0.1,A-0.1,generate_opus_synthetic_programme.py@0.1,20260811,True,5be59d8c3a0a3bfb5e1ca0ff33d8be1de3a3b3edbed420646ba54b439e457180
PRJ-HWY,P02,L01,1,FINISH,PRJ-HWY-FINISH-CREW,1,location,0.2,0.192646,62.0,62.16,5,SYNTHETIC_RESEARCH_FIXTURE,OG-SYNTH-0.1,A-0.1,generate_opus_synthetic_programme.py@0.1,20260811,True,0e0383abb6e848c0a6140526deef2a3808f5e520363b7101cdaef7ec96dfaceb
PRJ-HWY,P02,L02,2,FINISH,PRJ-HWY-FINISH-CREW,1,location,0.2,0.192646,67.0,67.35087,5,SYNTHETIC_RESEARCH_FIXTURE,OG-SYNTH-0.1,A-0.1,generate_opus_synthetic_programme.py@0.1,20260811,True,54a6456b0a453810033053b2217a67e1681e867f3c4322d9c171341a6383c186
PRJ-HWY,P02,L03,3,FINISH,PRJ-HWY-FINISH-CREW,1,location,0.2,0.192646,72.0,72.54174,5,SYNTHETIC_RESEARCH_FIXTURE,OG-SYNTH-0.1,A-0.1,generate_opus_synthetic_programme.py@0.1,20260811,True,e2df5d24e2ab56dcbbf59d0b34e621e2d49d374c12ca4cc052fe231123f5965f
PRJ-HWY,P02,L04,4,FINISH,PRJ-HWY-FINISH-CREW,1,location,0.2,0.192646,77.0,77.73261,5,SYNTHETIC_RESEARCH_FIXTURE,OG-SYNTH-0.1,A-0.1,generate_opus_synthetic_programme.py@0.1,20260811,True,101a5b86db3e5fa4ccafbd633eeb4d1a3d0a24f08d230f7f0f06011300739998
PRJ-HWY,P02,L05,5,FINISH,PRJ-HWY-FINISH-CREW,1,location,0.2,0.192646,82.0,82.92348,5,SYNTHETIC_RESEARCH_FIXTURE,OG-SYNTH-0.1,A-0.1,generate_opus_synthetic_programme.py@0.1,20260811,True,b41d131743c2cd85ed1e49c29f4493396eb6dd7ad0fda6b80726ab49795d3ca6
PRJ-HWY,P02,L06,6,FINISH,PRJ-HWY-FINISH-CREW,1,location,0.2,0.192646,87.0,88.11435,5,SYNTHETIC_RESEARCH_FIXTURE,OG-SYNTH-0.1,A-0.1,generate_opus_synthetic_programme.py@0.1,20260811,True,1368ae871196fa9754e937414a79e9231e942a0e35d4d29ee1883da926b3c70e
PRJ-HWY,P03,L01,1,EARLY_WORK,PRJ-HWY-EARLY_WORK-CREW,1,location,0.22,0.239972,0.0,0.24,5,SYNTHETIC_RESEARCH_FIXTURE,OG-SYNTH-0.1,A-0.1,generate_opus_synthetic_programme.py@0.1,20260811,True,6b96bd3d7d8a9ef6768d34948f0e919ff9a2b4f080d06ba78ed4ed1f43d528de
PRJ-HWY,P03,L02,2,EARLY_WORK,PRJ-HWY-EARLY_WORK-CREW,1,location,0.22,0.239972,4.545455,4.407151,5,SYNTHETIC_RESEARCH_FIXTURE,OG-SYNTH-0.1,A-0.1,generate_opus_synthetic_programme.py@0.1,20260811,True,016ccd1e926ef7f0b1951d47e4d59b8a02fe48f55850d319eebdd1420c6e4112
PRJ-HWY,P03,L03,3,EARLY_WORK,PRJ-HWY-EARLY_WORK-CREW,1,location,0.22,0.239972,9.090909,8.574302,5,SYNTHETIC_RESEARCH_FIXTURE,OG-SYNTH-0.1,A-0.1,generate_opus_synthetic_programme.py@0.1,20260811,True,9167e70486e6c173673872f7a0a08358ac4f7656b78d9afd0f09ba6be5a665db
PRJ-HWY,P03,L04,4,EARLY_WORK,PRJ-HWY-EARLY_WORK-CREW,1,location,0.22,0.239972,13.636364,12.741453,5,SYNTHETIC_RESEARCH_FIXTURE,OG-SYNTH-0.1,A-0.1,generate_opus_synthetic_programme.py@0.1,20260811,True,322b0842705c7f1249a40b586b4f260db8d9cb068410b6d4037e38ddf11ff02e
PRJ-HWY,P03,L05,5,EARLY_WORK,PRJ-HWY-EARLY_WORK-CREW,1,location,0.22,0.239972,18.181818,16.908604,5,SYNTHETIC_RESEARCH_FIXTURE,OG-SYNTH-0.1,A-0.1,generate_opus_synthetic_programme.py@0.1,20260811,True,c666b33b01986058eb29d2fbdb90f04805478263fefb60cd864c2fd51ca86fe8
PRJ-HWY,P03,L06,6,EARLY_WORK,PRJ-HWY-EARLY_WORK-CREW,1,location,0.22,0.239972,22.727273,21.075755,5,SYNTHETIC_RESEARCH_FIXTURE,OG-SYNTH-0.1,A-0.1,generate_opus_synthetic_programme.py@0.1,20260811,True,be46e8d668e99fd9db9fda8a478fc83947b3f8c70220a3c2b68c3427a89da2b4
PRJ-HWY,P03,L01,1,STRUCTURE,PRJ-HWY-STRUCTURE-CREW,1,location,0.18,0.181905,18.0,18.24,5,SYNTHETIC_RESEARCH_FIXTURE,OG-SYNTH-0.1,A-0.1,generate_opus_synthetic_programme.py@0.1,20260811,True,554600b138ab675290e75cada75e337ed847da7b1b3a6b922150903cae78c99e
PRJ-HWY,P03,L02,2,STRUCTURE,PRJ-HWY-STRUCTURE-CREW,1,location,0.18,0.181905,23.555556,23.737367,5,SYNTHETIC_RESEARCH_FIXTURE,OG-SYNTH-0.1,A-0.1,generate_opus_synthetic_programme.py@0.1,20260811,True,34fbd425851bc947851dd0588df241700d8164bede00ab72ed2eaa52ad75844b
PRJ-HWY,P03,L03,3,STRUCTURE,PRJ-HWY-STRUCTURE-CREW,1,location,0.18,0.181905,29.111111,29.234733,5,SYNTHETIC_RESEARCH_FIXTURE,OG-SYNTH-0.1,A-0.1,generate_opus_synthetic_programme.py@0.1,20260811,True,25402cf86826ef8367b4c91a054e5e7d9a98a5a79c958532d0da2aff0a98e098
PRJ-HWY,P03,L04,4,STRUCTURE,PRJ-HWY-STRUCTURE-CREW,1,location,0.18,0.181905,34.666667,34.7321,5,SYNTHETIC_RESEARCH_FIXTURE,OG-SYNTH-0.1,A-0.1,generate_opus_synthetic_programme.py@0.1,20260811,True,a838545baa03af4844e94fef2d862ff329fc9e3bb365c1051bd21de937dc4543
PRJ-HWY,P03,L05,5,STRUCTURE,PRJ-HWY-STRUCTURE-CREW,1,location,0.18,0.181905,40.222222,40.229466,5,SYNTHETIC_RESEARCH_FIXTURE,OG-SYNTH-0.1,A-0.1,generate_opus_synthetic_programme.py@0.1,20260811,True,1175aaf35ce740f71baf9bf56130c398cfb940ab0ea5c073ad1815f45f50546e
PRJ-HWY,P03,L06,6,STRUCTURE,PRJ-HWY-STRUCTURE-CREW,1,location,0.18,0.181905,45.777778,45.726833,5,SYNTHETIC_RESEARCH_FIXTURE,OG-SYNTH-0.1,A-0.1,generate_opus_synthetic_programme.py@0.1,20260811,True,6d032c9cdcad4bd668998b9c433cc07c2ffd2a3983c7aa1875b6bab8cc20b8af
PRJ-HWY,P03,L01,1,SYSTEMS,PRJ-HWY-SYSTEMS-CREW,1,location,0.16,0.171288,38.0,38.24,5,SYNTHETIC_RESEARCH_FIXTURE,OG-SYNTH-0.1,A-0.1,generate_opus_synthetic_programme.py@0.1,20260811,True,aaf5dd660b0e1df180221928950d6d5f56ccce7b6cf2c7ec77c2c3a6f4b0da6f
PRJ-HWY,P03,L02,2,SYSTEMS,PRJ-HWY-SYSTEMS-CREW,1,location,0.16,0.171288,44.25,44.078107,5,SYNTHETIC_RESEARCH_FIXTURE,OG-SYNTH-0.1,A-0.1,generate_opus_synthetic_programme.py@0.1,20260811,True,762409a7905094d2a12b6592e176e4e76a5063714908c8491c480e94be5d18cb
PRJ-HWY,P03,L03,3,SYSTEMS,PRJ-HWY-SYSTEMS-CREW,1,location,0.16,0.171288,50.5,49.916213,5,SYNTHETIC_RESEARCH_FIXTURE,OG-SYNTH-0.1,A-0.1,generate_opus_synthetic_programme.py@0.1,20260811,True,20931ad170dc5aa2fad20b4f4ff6741f74bf6c10e5a6dfdf99f5885b9a0e3b87
PRJ-HWY,P03,L04,4,SYSTEMS,PRJ-HWY-SYSTEMS-CREW,1,location,0.16,0.171288,56.75,55.75432,5,SYNTHETIC_RESEARCH_FIXTURE,OG-SYNTH-0.1,A-0.1,generate_opus_synthetic_programme.py@0.1,20260811,True,9886364e96eb7dec834ea03dbc095d60d8a3809932a4f2afb62f6fe1866c2a3c
PRJ-HWY,P03,L05,5,SYSTEMS,PRJ-HWY-SYSTEMS-CREW,1,location,0.16,0.171288,63.0,61.592427,5,SYNTHETIC_RESEARCH_FIXTURE,OG-SYNTH-0.1,A-0.1,generate_opus_synthetic_programme.py@0.1,20260811,True,7967d72da8b7a9c2e141602bad3eb2e7d2bed0bdd50e5194544d16977c1e603f
PRJ-HWY,P03,L06,6,SYSTEMS,PRJ-HWY-SYSTEMS-CREW,1,location,0.16,0.171288,69.25,67.430533,5,SYNTHETIC_RESEARCH_FIXTURE,OG-SYNTH-0.1,A-0.1,generate_opus_synthetic_programme.py@0.1,20260811,True,67cfc28a53908f6f1ca000552e5a2aa0622d50f9ffa389c879a849302c7b9639
PRJ-HWY,P03,L01,1,FINISH,PRJ-HWY-FINISH-CREW,1,location,0.2,0.174183,62.0,62.24,5,SYNTHETIC_RESEARCH_FIXTURE,OG-SYNTH-0.1,A-0.1,generate_opus_synthetic_programme.py@0.1,20260811,True,45f9a9ce29c603967954507a0e294da944f8ba34342b90766b17e7a74c5f7ce8
PRJ-HWY,P03,L02,2,FINISH,PRJ-HWY-FINISH-CREW,1,location,0.2,0.174183,67.0,67.981079,5,SYNTHETIC_RESEARCH_FIXTURE,OG-SYNTH-0.1,A-0.1,generate_opus_synthetic_programme.py@0.1,20260811,True,fc56a4333f53207a9cbbabeaa1814b7945aecc73126e3a199dad4e46b398f301
PRJ-HWY,P03,L03,3,FINISH,PRJ-HWY-FINISH-CREW,1,location,0.2,0.174183,72.0,73.722158,5,SYNTHETIC_RESEARCH_FIXTURE,OG-SYNTH-0.1,A-0.1,generate_opus_synthetic_programme.py@0.1,20260811,True,2c178cd7d2e409db249857da8f8bfbd38244e2f3acb1f8f9500d588eca481540
PRJ-HWY,P03,L04,4,FINISH,PRJ-HWY-FINISH-CREW,1,location,0.2,0.174183,77.0,79.463237,5,SYNTHETIC_RESEARCH_FIXTURE,OG-SYNTH-0.1,A-0.1,generate_opus_synthetic_programme.py@0.1,20260811,True,59dd5c7d1f4996d84792086307192e17569620a8854849a94e1540f8860e90cc
PRJ-HWY,P03,L05,5,FINISH,PRJ-HWY-FINISH-CREW,1,location,0.2,0.174183,82.0,85.204316,5,SYNTHETIC_RESEARCH_FIXTURE,OG-SYNTH-0.1,A-0.1,generate_opus_synthetic_programme.py@0.1,20260811,True,800e813b0f9de7e0d740da2228c1aa19242a88256ec3f7b58b081e25b3a3a94d
PRJ-HWY,P03,L06,6,FINISH,PRJ-HWY-FINISH-CREW,1,location,0.2,0.174183,87.0,90.945394,5,SYNTHETIC_RESEARCH_FIXTURE,OG-SYNTH-0.1,A-0.1,generate_opus_synthetic_programme.py@0.1,20260811,True,dab1dd66b4d8763ea132d5caf60c328e6967a71a90b2cf5bcda98109c84fc68c
PRJ-HWY,P04,L01,1,EARLY_WORK,PRJ-HWY-EARLY_WORK-CREW,1,location,0.22,0.227695,0.0,0.32,5,SYNTHETIC_RESEARCH_FIXTURE,OG-SYNTH-0.1,A-0.1,generate_opus_synthetic_programme.py@0.1,20260811,True,e8249ee6a448f97245b7c5ccc54b3daed790a643faf1a1a31d611cb3f6e90885
PRJ-HWY,P04,L02,2,EARLY_WORK,PRJ-HWY-EARLY_WORK-CREW,1,location,0.22,0.227695,4.545455,4.711842,5,SYNTHETIC_RESEARCH_FIXTURE,OG-SYNTH-0.1,A-0.1,generate_opus_synthetic_programme.py@0.1,20260811,True,a8477afa87e405044d1767e4360cb25c10bd15f6df9a9e9a984456d3cda0e850
PRJ-HWY,P04,L03,3,EARLY_WORK,PRJ-HWY-EARLY_WORK-CREW,1,location,0.22,0.227695,9.090909,9.103685,5,SYNTHETIC_RESEARCH_FIXTURE,OG-SYNTH-0.1,A-0.1,generate_opus_synthetic_programme.py@0.1,20260811,True,99ae52982436bfb3a022f31a1b68a015f400331c40c62cc561b265caa50af4bf
PRJ-HWY,P04,L04,4,EARLY_WORK,PRJ-HWY-EARLY_WORK-CREW,1,location,0.22,0.227695,13.636364,13.495527,5,SYNTHETIC_RESEARCH_FIXTURE,OG-SYNTH-0.1,A-0.1,generate_opus_synthetic_programme.py@0.1,20260811,True,2c970ae687ac35f4a96101fa58ffd69c2d154ad03a0137252478c96cd8914ed2
PRJ-HWY,P04,L05,5,EARLY_WORK,PRJ-HWY-EARLY_WORK-CREW,1,location,0.22,0.227695,18.181818,17.88737,5,SYNTHETIC_RESEARCH_FIXTURE,OG-SYNTH-0.1,A-0.1,generate_opus_synthetic_programme.py@0.1,20260811,True,f61c7f100b0cf28d69aca6a9c4754d083db6d683d333d6e15aa974af1d7bff69
PRJ-HWY,P04,L06,6,EARLY_WORK,PRJ-HWY-EARLY_WORK-CREW,1,location,0.22,0.227695,22.727273,22.279212,5,SYNTHETIC_RESEARCH_FIXTURE,OG-SYNTH-0.1,A-0.1,generate_opus_synthetic_programme.py@0.1,20260811,True,1e3864c19dc274eba749e3be04a2a8677de6b7cfa930e49dec990936830557d2
PRJ-HWY,P04,L01,1,STRUCTURE,PRJ-HWY-STRUCTURE-CREW,1,location,0.18,0.185652,18.0,18.32,5,SYNTHETIC_RESEARCH_FIXTURE,OG-SYNTH-0.1,A-0.1,generate_opus_synthetic_programme.py@0.1,20260811,True,86d2dcfbe73722517ad4a4f54f01fef514eb09668172f58da625d7c1c21df88b
PRJ-HWY,P04,L02,2,STRUCTURE,PRJ-HWY-STRUCTURE-CREW,1,location,0.18,0.185652,23.555556,23.706433,5,SYNTHETIC_RESEARCH_FIXTURE,OG-SYNTH-0.1,A-0.1,generate_opus_synthetic_programme.py@0.1,20260811,True,d6296bca6b7a9aac35f1fe4fb0ba1466a0ca4fd0c5ec29f42974f372ab48c58f
PRJ-HWY,P04,L03,3,STRUCTURE,PRJ-HWY-STRUCTURE-CREW,1,location,0.18,0.185652,29.111111,29.092866,5,SYNTHETIC_RESEARCH_FIXTURE,OG-SYNTH-0.1,A-0.1,generate_opus_synthetic_programme.py@0.1,20260811,True,31e7c8cc84204a1239318faf46e88b575a5990f96ac088f5d99609ad8180995c
PRJ-HWY,P04,L04,4,STRUCTURE,PRJ-HWY-STRUCTURE-CREW,1,location,0.18,0.185652,34.666667,34.479298,5,SYNTHETIC_RESEARCH_FIXTURE,OG-SYNTH-0.1,A-0.1,generate_opus_synthetic_programme.py@0.1,20260811,True,00fb9d9d76d3d0bf73df72a1ff8bc0d9a3c9c751d38a0bdef309fa412791648f
PRJ-HWY,P04,L05,5,STRUCTURE,PRJ-HWY-STRUCTURE-CREW,1,location,0.18,0.185652,40.222222,39.865731,5,SYNTHETIC_RESEARCH_FIXTURE,OG-SYNTH-0.1,A-0.1,generate_opus_synthetic_programme.py@0.1,20260811,True,90278660bd617bced0951f8958e5d40a5c11bdfa94ceadac24135bc4946c2dce
PRJ-HWY,P04,L06,6,STRUCTURE,PRJ-HWY-STRUCTURE-CREW,1,location,0.18,0.185652,45.777778,45.252164,5,SYNTHETIC_RESEARCH_FIXTURE,OG-SYNTH-0.1,A-0.1,generate_opus_synthetic_programme.py@0.1,20260811,True,819acdf749c6745e3766faf0edb66129d9f74e8746cba9cb333c8fc894cdeb43
PRJ-HWY,P04,L01,1,SYSTEMS,PRJ-HWY-SYSTEMS-CREW,1,location,0.16,0.152545,38.0,38.32,5,SYNTHETIC_RESEARCH_FIXTURE,OG-SYNTH-0.1,A-0.1,generate_opus_synthetic_programme.py@0.1,20260811,True,6184ad8109eaf9d4b3549964f2c4ebf2f62a42247532c7f012a43af3f16b9bfe
PRJ-HWY,P04,L02,2,SYSTEMS,PRJ-HWY-SYSTEMS-CREW,1,location,0.16,0.152545,44.25,44.87545,5,SYNTHETIC_RESEARCH_FIXTURE,OG-SYNTH-0.1,A-0.1,generate_opus_synthetic_programme.py@0.1,20260811,True,7051cb1930fc16a5e80cf2b385ce3c0fb3153ae32035a6888bec956eab99e4cc
PRJ-HWY,P04,L03,3,SYSTEMS,PRJ-HWY-SYSTEMS-CREW,1,location,0.16,0.152545,50.5,51.430901,5,SYNTHETIC_RESEARCH_FIXTURE,OG-SYNTH-0.1,A-0.1,generate_opus_synthetic_programme.py@0.1,20260811,True,5e0f1dd80f5035e03d1d7ad7c5a36a2df7d4d16411f3b981d131d5b8ed1ed6a3
PRJ-HWY,P04,L04,4,SYSTEMS,PRJ-HWY-SYSTEMS-CREW,1,location,0.16,0.152545,56.75,57.986351,5,SYNTHETIC_RESEARCH_FIXTURE,OG-SYNTH-0.1,A-0.1,generate_opus_synthetic_programme.py@0.1,20260811,True,46256c0c843434aaa8ec1334285d355960d30507fc180450fbebf8eaea6dc048
PRJ-HWY,P04,L05,5,SYSTEMS,PRJ-HWY-SYSTEMS-CREW,1,location,0.16,0.152545,63.0,64.541801,5,SYNTHETIC_RESEARCH_FIXTURE,OG-SYNTH-0.1,A-0.1,generate_opus_synthetic_programme.py@0.1,20260811,True,9ec7d6a4f06657c425bac99f7f231855b1c26782ae9d92d49430202e0a380a1e
PRJ-HWY,P04,L06,6,SYSTEMS,PRJ-HWY-SYSTEMS-CREW,1,location,0.16,0.152545,69.25,71.097251,5,SYNTHETIC_RESEARCH_FIXTURE,OG-SYNTH-0.1,A-0.1,generate_opus_synthetic_programme.py@0.1,20260811,True,5f7926e98bc2b2ff4d839717315569e6c880503b9572b91c5e97e291d1241d41
PRJ-HWY,P04,L01,1,FINISH,PRJ-HWY-FINISH-CREW,1,location,0.2,0.192825,62.0,62.32,5,SYNTHETIC_RESEARCH_FIXTURE,OG-SYNTH-0.1,A-0.1,generate_opus_synthetic_programme.py@0.1,20260811,True,d051a71cda176511afd4e175be35789fc51fce69e24acc0ee27a5fefe4902e45
PRJ-HWY,P04,L02,2,FINISH,PRJ-HWY-FINISH-CREW,1,location,0.2,0.192825,67.0,67.50604,5,SYNTHETIC_RESEARCH_FIXTURE,OG-SYNTH-0.1,A-0.1,generate_opus_synthetic_programme.py@0.1,20260811,True,c2aeb4c97e4b6a99a7145f1bfdd3c4260ce5dc408c2e9107cf7169d1781eee9d
PRJ-HWY,P04,L03,3,FINISH,PRJ-HWY-FINISH-CREW,1,location,0.2,0.192825,72.0,72.69208,5,SYNTHETIC_RESEARCH_FIXTURE,OG-SYNTH-0.1,A-0.1,generate_opus_synthetic_programme.py@0.1,20260811,True,928246010391a5159ade9a9e0c0d0aa79b3e33ed4b0a8360b6d91b93753c2da5
PRJ-HWY,P04,L04,4,FINISH,PRJ-HWY-FINISH-CREW,1,location,0.2,0.192825,77.0,77.87812,5,SYNTHETIC_RESEARCH_FIXTURE,OG-SYNTH-0.1,A-0.1,generate_opus_synthetic_programme.py@0.1,20260811,True,c4e2ed122a544975c1d99d288390b26ec611ff7e71d9a74bc9794c0697258ef0
PRJ-HWY,P04,L05,5,FINISH,PRJ-HWY-FINISH-CREW,1,location,0.2,0.192825,82.0,83.06416,5,SYNTHETIC_RESEARCH_FIXTURE,OG-SYNTH-0.1,A-0.1,generate_opus_synthetic_programme.py@0.1,20260811,True,bbddc4dbfdb55062d314b6ec6b3a71cf173ea0ecc9a76ce4daf9a08e4f7aa2c9
PRJ-HWY,P04,L06,6,FINISH,PRJ-HWY-FINISH-CREW,1,location,0.2,0.192825,87.0,88.2502,5,SYNTHETIC_RESEARCH_FIXTURE,OG-SYNTH-0.1,A-0.1,generate_opus_synthetic_programme.py@0.1,20260811,True,1ddd22c3d5104976f3a6e90f81b4dd93bbf0ab2f07737a34227e15175451218e
PRJ-HWY,P05,L01,1,EARLY_WORK,PRJ-HWY-EARLY_WORK-CREW,1,location,0.22,0.226039,0.0,0.4,5,SYNTHETIC_RESEARCH_FIXTURE,OG-SYNTH-0.1,A-0.1,generate_opus_synthetic_programme.py@0.1,20260811,True,a7b3ee3837ba5a7c4aa4ce077554082e861bd625e719a996ef831ef06515c6c8
PRJ-HWY,P05,L02,2,EARLY_WORK,PRJ-HWY-EARLY_WORK-CREW,1,location,0.22,0.226039,4.545455,4.824011,5,SYNTHETIC_RESEARCH_FIXTURE,OG-SYNTH-0.1,A-0.1,generate_opus_synthetic_programme.py@0.1,20260811,True,a80873b2cd83ce55ecae4073e261649d9516889267e1a3d366c0ac07698d7364
PRJ-HWY,P05,L03,3,EARLY_WORK,PRJ-HWY-EARLY_WORK-CREW,1,location,0.22,0.226039,9.090909,9.248021,5,SYNTHETIC_RESEARCH_FIXTURE,OG-SYNTH-0.1,A-0.1,generate_opus_synthetic_programme.py@0.1,20260811,True,a2fd22ae444f709c9f91152c60f5ec706e5d9968b1e47c887cb27846079bf090
PRJ-HWY,P05,L04,4,EARLY_WORK,PRJ-HWY-EARLY_WORK-CREW,1,location,0.22,0.226039,13.636364,13.672032,5,SYNTHETIC_RESEARCH_FIXTURE,OG-SYNTH-0.1,A-0.1,generate_opus_synthetic_programme.py@0.1,20260811,True,95dbfb39c5791f5ffa1f835a6fe0ee74a434aa7513587a0e48a73894ce402de8
PRJ-HWY,P05,L05,5,EARLY_WORK,PRJ-HWY-EARLY_WORK-CREW,1,location,0.22,0.226039,18.181818,18.096043,5,SYNTHETIC_RESEARCH_FIXTURE,OG-SYNTH-0.1,A-0.1,generate_opus_synthetic_programme.py@0.1,20260811,True,082ad3129909df59f081bb830d3107ebda8658fc3b4223dac9f40824519307e0
PRJ-HWY,P05,L06,6,EARLY_WORK,PRJ-HWY-EARLY_WORK-CREW,1,location,0.22,0.226039,22.727273,22.520053,5,SYNTHETIC_RESEARCH_FIXTURE,OG-SYNTH-0.1,A-0.1,generate_opus_synthetic_programme.py@0.1,20260811,True,e03afba079b4a00d7681021dce0f6df08a23c8419d6cf8b013bd9459f7c67ca8
PRJ-HWY,P05,L01,1,STRUCTURE,PRJ-HWY-STRUCTURE-CREW,1,location,0.18,0.202062,18.0,18.4,5,SYNTHETIC_RESEARCH_FIXTURE,OG-SYNTH-0.1,A-0.1,generate_opus_synthetic_programme.py@0.1,20260811,True,0884443f29769cfa28675e59212ec19b7811b406264433dd055599abcc3611ac
PRJ-HWY,P05,L02,2,STRUCTURE,PRJ-HWY-STRUCTURE-CREW,1,location,0.18,0.202062,23.555556,23.348985,5,SYNTHETIC_RESEARCH_FIXTURE,OG-SYNTH-0.1,A-0.1,generate_opus_synthetic_programme.py@0.1,20260811,True,872cd7f275d437f0dc1c55bee8c7a07363df66dac1c00ec3e3cd5b2a19eefda7
PRJ-HWY,P05,L03,3,STRUCTURE,PRJ-HWY-STRUCTURE-CREW,1,location,0.18,0.202062,29.111111,28.29797,5,SYNTHETIC_RESEARCH_FIXTURE,OG-SYNTH-0.1,A-0.1,generate_opus_synthetic_programme.py@0.1,20260811,True,93a9aab926f4bc24b9eebcd96f9a24598d06255e8899d38a24fa5c826785d02d
PRJ-HWY,P05,L04,4,STRUCTURE,PRJ-HWY-STRUCTURE-CREW,1,location,0.18,0.202062,34.666667,33.246956,5,SYNTHETIC_RESEARCH_FIXTURE,OG-SYNTH-0.1,A-0.1,generate_opus_synthetic_programme.py@0.1,20260811,True,cc8933061be3ee06d1e190630c8ef97638ff11fdd8377be7a97b6d187a2e9c6e
PRJ-HWY,P05,L05,5,STRUCTURE,PRJ-HWY-STRUCTURE-CREW,1,location,0.18,0.202062,40.222222,38.195941,5,SYNTHETIC_RESEARCH_FIXTURE,OG-SYNTH-0.1,A-0.1,generate_opus_synthetic_programme.py@0.1,20260811,True,c3f55e0e608eb977a4eb4c62826262f965d5b2ed9e6aa62ce8f20bdd1700f27e
PRJ-HWY,P05,L06,6,STRUCTURE,PRJ-HWY-STRUCTURE-CREW,1,location,0.18,0.202062,45.777778,43.144926,5,SYNTHETIC_RESEARCH_FIXTURE,OG-SYNTH-0.1,A-0.1,generate_opus_synthetic_programme.py@0.1,20260811,True,8a72a165cf20757e16e9ecd24a0791f8b3c300c78e65713beb2b267f1eaa3fe8
PRJ-HWY,P05,L01,1,SYSTEMS,PRJ-HWY-SYSTEMS-CREW,1,location,0.16,0.149641,38.0,38.4,5,SYNTHETIC_RESEARCH_FIXTURE,OG-SYNTH-0.1,A-0.1,generate_opus_synthetic_programme.py@0.1,20260811,True,6ced1107a6a195c20f3f8031a6734ab709d72d0995a4e03a73688209639dcce7
PRJ-HWY,P05,L02,2,SYSTEMS,PRJ-HWY-SYSTEMS-CREW,1,location,0.16,0.149641,44.25,45.082643,5,SYNTHETIC_RESEARCH_FIXTURE,OG-SYNTH-0.1,A-0.1,generate_opus_synthetic_programme.py@0.1,20260811,True,5d985b5efce1f5864063eace00ca2f3316c250e8ac1c6202315511b2517ab1b4
PRJ-HWY,P05,L03,3,SYSTEMS,PRJ-HWY-SYSTEMS-CREW,1,location,0.16,0.149641,50.5,51.765286,5,SYNTHETIC_RESEARCH_FIXTURE,OG-SYNTH-0.1,A-0.1,generate_opus_synthetic_programme.py@0.1,20260811,True,094ccfb4a68a4156a8d3a8c855c172368914b97df3492c1af60243a8d00c1cd0
PRJ-HWY,P05,L04,4,SYSTEMS,PRJ-HWY-SYSTEMS-CREW,1,location,0.16,0.149641,56.75,58.447929,5,SYNTHETIC_RESEARCH_FIXTURE,OG-SYNTH-0.1,A-0.1,generate_opus_synthetic_programme.py@0.1,20260811,True,68dff791418d5999dc24b917a322c271b8098d0a9a6066fb18e9852c5216f1ad
PRJ-HWY,P05,L05,5,SYSTEMS,PRJ-HWY-SYSTEMS-CREW,1,location,0.16,0.149641,63.0,65.130572,5,SYNTHETIC_RESEARCH_FIXTURE,OG-SYNTH-0.1,A-0.1,generate_opus_synthetic_programme.py@0.1,20260811,True,fa44487c80b5eab544e101214f699b25a3516304d0e4fa0af44ec5885d88c1c7
PRJ-HWY,P05,L06,6,SYSTEMS,PRJ-HWY-SYSTEMS-CREW,1,location,0.16,0.149641,69.25,71.813215,5,SYNTHETIC_RESEARCH_FIXTURE,OG-SYNTH-0.1,A-0.1,generate_opus_synthetic_programme.py@0.1,20260811,True,eff7e3045931e3f7f2cdea900861cfd22fcaf3de715c944022d7ca8b7bdf59dd
PRJ-HWY,P05,L01,1,FINISH,PRJ-HWY-FINISH-CREW,1,location,0.2,0.21901,62.0,62.4,5,SYNTHETIC_RESEARCH_FIXTURE,OG-SYNTH-0.1,A-0.1,generate_opus_synthetic_programme.py@0.1,20260811,True,ef07487d536c1eefbfb625aa70b29279c30cdd5110afa727dae6b709e1fe96d4
PRJ-HWY,P05,L02,2,FINISH,PRJ-HWY-FINISH-CREW,1,location,0.2,0.21901,67.0,66.965994,5,SYNTHETIC_RESEARCH_FIXTURE,OG-SYNTH-0.1,A-0.1,generate_opus_synthetic_programme.py@0.1,20260811,True,b0669b8b1048ebbc4094fe4f84ad62f16f8bb868b319fce9d828ba8ce0dfe25b
PRJ-HWY,P05,L03,3,FINISH,PRJ-HWY-FINISH-CREW,1,location,0.2,0.21901,72.0,71.531988,5,SYNTHETIC_RESEARCH_FIXTURE,OG-SYNTH-0.1,A-0.1,generate_opus_synthetic_programme.py@0.1,20260811,True,24d882fe2aa0ab51d0c39472e8061123cf952b3d439b6b034ae0519262e264fe
PRJ-HWY,P05,L04,4,FINISH,PRJ-HWY-FINISH-CREW,1,location,0.2,0.21901,77.0,76.097982,5,SYNTHETIC_RESEARCH_FIXTURE,OG-SYNTH-0.1,A-0.1,generate_opus_synthetic_programme.py@0.1,20260811,True,07493574640dc0ba473994eaef5618ed17634e88c4837a85f6c631dc8a543490
PRJ-HWY,P05,L05,5,FINISH,PRJ-HWY-FINISH-CREW,1,location,0.2,0.21901,82.0,80.663975,5,SYNTHETIC_RESEARCH_FIXTURE,OG-SYNTH-0.1,A-0.1,generate_opus_synthetic_programme.py@0.1,20260811,True,c0f171d710224bf9722c2c8a37bcb764691c167b58ae9047b198ba24f3e7012b
PRJ-HWY,P05,L06,6,FINISH,PRJ-HWY-FINISH-CREW,1,location,0.2,0.21901,87.0,85.229969,5,SYNTHETIC_RESEARCH_FIXTURE,OG-SYNTH-0.1,A-0.1,generate_opus_synthetic_programme.py@0.1,20260811,True,d011dd397374fc76d8adb949e609eab87bf6f1f1062db3b2a9c0a95e17db4ac8
PRJ-HWY,P06,L01,1,EARLY_WORK,PRJ-HWY-EARLY_WORK-CREW,1,location,0.22,0.20462,0.0,0.48,5,SYNTHETIC_RESEARCH_FIXTURE,OG-SYNTH-0.1,A-0.1,generate_opus_synthetic_programme.py@0.1,20260811,True,e3fc08e4aff44d0cb906b126568faf134fbbe16356c311440323074d4115027c
PRJ-HWY,P06,L02,2,EARLY_WORK,PRJ-HWY-EARLY_WORK-CREW,1,location,0.22,0.20462,4.545455,5.36711,5,SYNTHETIC_RESEARCH_FIXTURE,OG-SYNTH-0.1,A-0.1,generate_opus_synthetic_programme.py@0.1,20260811,True,4f8c4c5331ea3fd6982b83f87827bbdd6c21a4a58e4a403378160451fff89a0e
PRJ-HWY,P06,L03,3,EARLY_WORK,PRJ-HWY-EARLY_WORK-CREW,1,location,0.22,0.20462,9.090909,10.254219,5,SYNTHETIC_RESEARCH_FIXTURE,OG-SYNTH-0.1,A-0.1,generate_opus_synthetic_programme.py@0.1,20260811,True,a40886df3eec893b783e34980a5415226ab20f8ad4892f1ef1d9f7360293e227
PRJ-HWY,P06,L04,4,EARLY_WORK,PRJ-HWY-EARLY_WORK-CREW,1,location,0.22,0.20462,13.636364,15.141329,5,SYNTHETIC_RESEARCH_FIXTURE,OG-SYNTH-0.1,A-0.1,generate_opus_synthetic_programme.py@0.1,20260811,True,76f58c89a1ecb08081ab03ac8927ac5b939f533dc844e75d53079c986ba99bac
PRJ-HWY,P06,L05,5,EARLY_WORK,PRJ-HWY-EARLY_WORK-CREW,1,location,0.22,0.20462,18.181818,20.028438,5,SYNTHETIC_RESEARCH_FIXTURE,OG-SYNTH-0.1,A-0.1,generate_opus_synthetic_programme.py@0.1,20260811,True,b5ebfde2f9a3d928121c589f07a481ba3d0197236184d516e483f5c5160d8b51
PRJ-HWY,P06,L06,6,EARLY_WORK,PRJ-HWY-EARLY_WORK-CREW,1,location,0.22,0.20462,22.727273,24.915548,5,SYNTHETIC_RESEARCH_FIXTURE,OG-SYNTH-0.1,A-0.1,generate_opus_synthetic_programme.py@0.1,20260811,True,20c0c575acd9c38199b82b548b6973d934932d496944257512220ee50d3c1323
PRJ-HWY,P06,L01,1,STRUCTURE,PRJ-HWY-STRUCTURE-CREW,1,location,0.18,0.184093,18.0,18.48,5,SYNTHETIC_RESEARCH_FIXTURE,OG-SYNTH-0.1,A-0.1,generate_opus_synthetic_programme.py@0.1,20260811,True,44f75f36596ac5d9b9e327520d4dd2c71b8bcc98f746718468f9bbadfed88dd6
PRJ-HWY,P06,L02,2,STRUCTURE,PRJ-HWY-STRUCTURE-CREW,1,location,0.18,0.184093,23.555556,23.912031,5,SYNTHETIC_RESEARCH_FIXTURE,OG-SYNTH-0.1,A-0.1,generate_opus_synthetic_programme.py@0.1,20260811,True,7dc6b3ad4dcee83a3e364a7a48a3625a1b9113bc90e8edf2f6ce5400cc45e59f
PRJ-HWY,P06,L03,3,STRUCTURE,PRJ-HWY-STRUCTURE-CREW,1,location,0.18,0.184093,29.111111,29.344062,5,SYNTHETIC_RESEARCH_FIXTURE,OG-SYNTH-0.1,A-0.1,generate_opus_synthetic_programme.py@0.1,20260811,True,63456780ca4c74c5da51b4ce4efa523084c314be4d5136fc9fa5c67384c0b9b3
PRJ-HWY,P06,L04,4,STRUCTURE,PRJ-HWY-STRUCTURE-CREW,1,location,0.18,0.184093,34.666667,34.776093,5,SYNTHETIC_RESEARCH_FIXTURE,OG-SYNTH-0.1,A-0.1,generate_opus_synthetic_programme.py@0.1,20260811,True,a2055b82b2fb60dbdf1da51e3d0217cc9f987471bf951fe3da41b27f5eaac86c
PRJ-HWY,P06,L05,5,STRUCTURE,PRJ-HWY-STRUCTURE-CREW,1,location,0.18,0.184093,40.222222,40.208124,5,SYNTHETIC_RESEARCH_FIXTURE,OG-SYNTH-0.1,A-0.1,generate_opus_synthetic_programme.py@0.1,20260811,True,967d283af1dd27882846eff4f347a24dee0a78a763fb1d54bb694222ac9be92d
PRJ-HWY,P06,L06,6,STRUCTURE,PRJ-HWY-STRUCTURE-CREW,1,location,0.18,0.184093,45.777778,45.640155,5,SYNTHETIC_RESEARCH_FIXTURE,OG-SYNTH-0.1,A-0.1,generate_opus_synthetic_programme.py@0.1,20260811,True,b71c45240b0b3d8adc45092eb4c5f3d8dcb5e84ef92a188cc584dd5828f6161e
PRJ-HWY,P06,L01,1,SYSTEMS,PRJ-HWY-SYSTEMS-CREW,1,location,0.16,0.16324,38.0,38.48,5,SYNTHETIC_RESEARCH_FIXTURE,OG-SYNTH-0.1,A-0.1,generate_opus_synthetic_programme.py@0.1,20260811,True,9bafa945e477c00f71449b7e94040d78d03c4fd2c8442a9db2e16cb46aafd9a2
PRJ-HWY,P06,L02,2,SYSTEMS,PRJ-HWY-SYSTEMS-CREW,1,location,0.16,0.16324,44.25,44.605948,5,SYNTHETIC_RESEARCH_FIXTURE,OG-SYNTH-0.1,A-0.1,generate_opus_synthetic_programme.py@0.1,20260811,True,623d335a9864a1afebbd047fc08e2aabcf9467960fc693458bb95d4e4b74ea63
PRJ-HWY,P06,L03,3,SYSTEMS,PRJ-HWY-SYSTEMS-CREW,1,location,0.16,0.16324,50.5,50.731895,5,SYNTHETIC_RESEARCH_FIXTURE,OG-SYNTH-0.1,A-0.1,generate_opus_synthetic_programme.py@0.1,20260811,True,93ee5b5e95ef32020fb369d0297fe25aefbb61033aecbd5ecdefb2822e07ed91
PRJ-HWY,P06,L04,4,SYSTEMS,PRJ-HWY-SYSTEMS-CREW,1,location,0.16,0.16324,56.75,56.857843,5,SYNTHETIC_RESEARCH_FIXTURE,OG-SYNTH-0.1,A-0.1,generate_opus_synthetic_programme.py@0.1,20260811,True,fab6ef01a9decf5b82fb1dfb80ee7bb65f2f6167aaaac75a31adcc04e8696186
PRJ-HWY,P06,L05,5,SYSTEMS,PRJ-HWY-SYSTEMS-CREW,1,location,0.16,0.16324,63.0,62.98379,5,SYNTHETIC_RESEARCH_FIXTURE,OG-SYNTH-0.1,A-0.1,generate_opus_synthetic_programme.py@0.1,20260811,True,564e7b0efdc71795b74707b94e6a44ef0e93c5c8f39e01802aa31be072ada636
PRJ-HWY,P06,L06,6,SYSTEMS,PRJ-HWY-SYSTEMS-CREW,1,location,0.16,0.16324,69.25,69.109738,5,SYNTHETIC_RESEARCH_FIXTURE,OG-SYNTH-0.1,A-0.1,generate_opus_synthetic_programme.py@0.1,20260811,True,7d25189b8877efa50d42c7271b9e81fbe3990c358660b61796219a67888e5c4e
PRJ-HWY,P06,L01,1,FINISH,PRJ-HWY-FINISH-CREW,1,location,0.2,0.193288,62.0,62.48,5,SYNTHETIC_RESEARCH_FIXTURE,OG-SYNTH-0.1,A-0.1,generate_opus_synthetic_programme.py@0.1,20260811,True,c095aafdeabe862ade3c2dc4d12da1f85cf3e24419136e2481350a017f5a7e93
PRJ-HWY,P06,L02,2,FINISH,PRJ-HWY-FINISH-CREW,1,location,0.2,0.193288,67.0,67.653624,5,SYNTHETIC_RESEARCH_FIXTURE,OG-SYNTH-0.1,A-0.1,generate_opus_synthetic_programme.py@0.1,20260811,True,9431177914d915b5f0a07f6faaf2fead580c1664698a69d9010b6c0c1dd7e9bb
PRJ-HWY,P06,L03,3,FINISH,PRJ-HWY-FINISH-CREW,1,location,0.2,0.193288,72.0,72.827248,5,SYNTHETIC_RESEARCH_FIXTURE,OG-SYNTH-0.1,A-0.1,generate_opus_synthetic_programme.py@0.1,20260811,True,39e900cd0c79ba9e6f6c935974536a2a248ac92bb6265bbe4370ea93fb30ff55
PRJ-HWY,P06,L04,4,FINISH,PRJ-HWY-FINISH-CREW,1,location,0.2,0.193288,77.0,78.000873,5,SYNTHETIC_RESEARCH_FIXTURE,OG-SYNTH-0.1,A-0.1,generate_opus_synthetic_programme.py@0.1,20260811,True,4e166bdc3067902b4a3f1c8c2043032fdc18d47e09df2e8f1a32c478d7613f11
PRJ-HWY,P06,L05,5,FINISH,PRJ-HWY-FINISH-CREW,1,location,0.2,0.193288,82.0,83.174497,5,SYNTHETIC_RESEARCH_FIXTURE,OG-SYNTH-0.1,A-0.1,generate_opus_synthetic_programme.py@0.1,20260811,True,c0edc4a28a607fd2b73f012b229031b129290705c879ff3b3e4b6994db75cec9
PRJ-HWY,P06,L06,6,FINISH,PRJ-HWY-FINISH-CREW,1,location,0.2,0.193288,87.0,88.348121,5,SYNTHETIC_RESEARCH_FIXTURE,OG-SYNTH-0.1,A-0.1,generate_opus_synthetic_programme.py@0.1,20260811,True,a18f051593ec4b1436f26bf41fe03aaf14f2f0656f2513e2d50ebc47957e470a
PRJ-HSP,P01,L01,1,EARLY_WORK,PRJ-HSP-EARLY_WORK-CREW,1,location,0.22,0.226191,0.0,0.26,5,SYNTHETIC_RESEARCH_FIXTURE,OG-SYNTH-0.1,A-0.1,generate_opus_synthetic_programme.py@0.1,20260811,True,82c1844e8ff05b4fe328bc88a5c2e8d066bad1b8d38dbeb5833e60d175125308
PRJ-HSP,P01,L02,2,EARLY_WORK,PRJ-HSP-EARLY_WORK-CREW,1,location,0.22,0.226191,4.545455,4.681037,5,SYNTHETIC_RESEARCH_FIXTURE,OG-SYNTH-0.1,A-0.1,generate_opus_synthetic_programme.py@0.1,20260811,True,197b5d4696fb233f6c6dcaf0a1a52732d80b1944956984c236c001b2d2de44f8
PRJ-HSP,P01,L03,3,EARLY_WORK,PRJ-HSP-EARLY_WORK-CREW,1,location,0.22,0.226191,9.090909,9.102074,5,SYNTHETIC_RESEARCH_FIXTURE,OG-SYNTH-0.1,A-0.1,generate_opus_synthetic_programme.py@0.1,20260811,True,ea8d58afbd9081cbce964e6c97093ef2fbc52237208584eaa4c6e386f889c8ec
PRJ-HSP,P01,L04,4,EARLY_WORK,PRJ-HSP-EARLY_WORK-CREW,1,location,0.22,0.226191,13.636364,13.523112,5,SYNTHETIC_RESEARCH_FIXTURE,OG-SYNTH-0.1,A-0.1,generate_opus_synthetic_programme.py@0.1,20260811,True,1da22670dcc65123740712b43a034b9978b8f05c430cbeab2bd1c9d2236f557f
PRJ-HSP,P01,L05,5,EARLY_WORK,PRJ-HSP-EARLY_WORK-CREW,1,location,0.22,0.226191,18.181818,17.944149,5,SYNTHETIC_RESEARCH_FIXTURE,OG-SYNTH-0.1,A-0.1,generate_opus_synthetic_programme.py@0.1,20260811,True,a6412d1b3b79cd3338299b0fc690d36cf52c9c29a3f6edfa34c6b529c41faf41
PRJ-HSP,P01,L06,6,EARLY_WORK,PRJ-HSP-EARLY_WORK-CREW,1,location,0.22,0.226191,22.727273,22.365186,5,SYNTHETIC_RESEARCH_FIXTURE,OG-SYNTH-0.1,A-0.1,generate_opus_synthetic_programme.py@0.1,20260811,True,9c26b28f8b191a2207d5e4011737b658a4ef7068d20ddf4429e106cd40ad2172
PRJ-HSP,P01,L01,1,STRUCTURE,PRJ-HSP-STRUCTURE-CREW,1,location,0.18,0.169523,18.0,18.26,5,SYNTHETIC_RESEARCH_FIXTURE,OG-SYNTH-0.1,A-0.1,generate_opus_synthetic_programme.py@0.1,20260811,True,6153d9d01d29e38369c17ca815c197b626b52aa755b55529b3a79a929b1fd26d
PRJ-HSP,P01,L02,2,STRUCTURE,PRJ-HSP-STRUCTURE-CREW,1,location,0.18,0.169523,23.555556,24.158898,5,SYNTHETIC_RESEARCH_FIXTURE,OG-SYNTH-0.1,A-0.1,generate_opus_synthetic_programme.py@0.1,20260811,True,2d6f5cb29092cabd2db91ebf8472a24afea7b53bd01c5ce5b4f184c533c8a7d1
PRJ-HSP,P01,L03,3,STRUCTURE,PRJ-HSP-STRUCTURE-CREW,1,location,0.18,0.169523,29.111111,30.057795,5,SYNTHETIC_RESEARCH_FIXTURE,OG-SYNTH-0.1,A-0.1,generate_opus_synthetic_programme.py@0.1,20260811,True,5ac8f6978ffe83cfeb38bdeb429e10bfa9d961b799ca4f3fc6130ffcda7e3464
PRJ-HSP,P01,L04,4,STRUCTURE,PRJ-HSP-STRUCTURE-CREW,1,location,0.18,0.169523,34.666667,35.956693,5,SYNTHETIC_RESEARCH_FIXTURE,OG-SYNTH-0.1,A-0.1,generate_opus_synthetic_programme.py@0.1,20260811,True,c27a8a87b0b368ff3fc6cccff1315a4859a0a5c6e8e19be098378ef65d89080e
PRJ-HSP,P01,L05,5,STRUCTURE,PRJ-HSP-STRUCTURE-CREW,1,location,0.18,0.169523,40.222222,41.855591,5,SYNTHETIC_RESEARCH_FIXTURE,OG-SYNTH-0.1,A-0.1,generate_opus_synthetic_programme.py@0.1,20260811,True,412f22b66b0d4cd63afcaf0bef24700fadfe62c2912f84a2c9f1db2a65053afa
PRJ-HSP,P01,L06,6,STRUCTURE,PRJ-HSP-STRUCTURE-CREW,1,location,0.18,0.169523,45.777778,47.754489,5,SYNTHETIC_RESEARCH_FIXTURE,OG-SYNTH-0.1,A-0.1,generate_opus_synthetic_programme.py@0.1,20260811,True,6da19e66c8a842fe4af52283462e86daa75db333ae4a547373e458e5426c5786
PRJ-HSP,P01,L01,1,SYSTEMS,PRJ-HSP-SYSTEMS-CREW,1,location,0.16,0.145768,38.0,38.26,5,SYNTHETIC_RESEARCH_FIXTURE,OG-SYNTH-0.1,A-0.1,generate_opus_synthetic_programme.py@0.1,20260811,True,9d87a5bd4be4a3b1a0955a9cc3b08e5c79e1b9cfddb0ca6279cfc8cde524cb8d
PRJ-HSP,P01,L02,2,SYSTEMS,PRJ-HSP-SYSTEMS-CREW,1,location,0.16,0.145768,44.25,45.120226,5,SYNTHETIC_RESEARCH_FIXTURE,OG-SYNTH-0.1,A-0.1,generate_opus_synthetic_programme.py@0.1,20260811,True,d9ffb33aa8e7cf603c4c7d728d0a8aa3c04b84cb61403f4726adfa8fe2905323
PRJ-HSP,P01,L03,3,SYSTEMS,PRJ-HSP-SYSTEMS-CREW,1,location,0.16,0.145768,50.5,51.980452,5,SYNTHETIC_RESEARCH_FIXTURE,OG-SYNTH-0.1,A-0.1,generate_opus_synthetic_programme.py@0.1,20260811,True,a992a25e5c2b354710b8764a88d7e225b92d8df57f3be0162ea08c9de1119f79
PRJ-HSP,P01,L04,4,SYSTEMS,PRJ-HSP-SYSTEMS-CREW,1,location,0.16,0.145768,56.75,58.840678,5,SYNTHETIC_RESEARCH_FIXTURE,OG-SYNTH-0.1,A-0.1,generate_opus_synthetic_programme.py@0.1,20260811,True,ac863662aef54d1a3f330231c0c7639352335e62aeb3b6f507c0c450120c0112
PRJ-HSP,P01,L05,5,SYSTEMS,PRJ-HSP-SYSTEMS-CREW,1,location,0.16,0.145768,63.0,65.700904,5,SYNTHETIC_RESEARCH_FIXTURE,OG-SYNTH-0.1,A-0.1,generate_opus_synthetic_programme.py@0.1,20260811,True,c9fac78201a6511a53eb4a79f0e66f87b5be5fcf806a2b22a82046f2decfb76c
PRJ-HSP,P01,L06,6,SYSTEMS,PRJ-HSP-SYSTEMS-CREW,1,location,0.16,0.145768,69.25,72.56113,5,SYNTHETIC_RESEARCH_FIXTURE,OG-SYNTH-0.1,A-0.1,generate_opus_synthetic_programme.py@0.1,20260811,True,266721a72a48618a89c47b96f5de105a48a1be4799ed33336b7f516510511947
PRJ-HSP,P01,L01,1,FINISH,PRJ-HSP-FINISH-CREW,1,location,0.2,0.171956,62.0,62.26,5,SYNTHETIC_RESEARCH_FIXTURE,OG-SYNTH-0.1,A-0.1,generate_opus_synthetic_programme.py@0.1,20260811,True,e67c7657a6e8df7312e84f3ee89805f926176cde8cf28eaaa3e9b045017fee96
PRJ-HSP,P01,L02,2,FINISH,PRJ-HSP-FINISH-CREW,1,location,0.2,0.171956,67.0,68.075443,5,SYNTHETIC_RESEARCH_FIXTURE,OG-SYNTH-0.1,A-0.1,generate_opus_synthetic_programme.py@0.1,20260811,True,7ada2a26b88aa3ecbf566bb75d27b1c333ad99d293bc660994d5c1650aafda3c
PRJ-HSP,P01,L03,3,FINISH,PRJ-HSP-FINISH-CREW,1,location,0.2,0.171956,72.0,73.890885,5,SYNTHETIC_RESEARCH_FIXTURE,OG-SYNTH-0.1,A-0.1,generate_opus_synthetic_programme.py@0.1,20260811,True,a2b18e64b672f0d6d5327e4bdeb6d7842b72654a709d4ca84b26c5dd8784ee6c
PRJ-HSP,P01,L04,4,FINISH,PRJ-HSP-FINISH-CREW,1,location,0.2,0.171956,77.0,79.706328,5,SYNTHETIC_RESEARCH_FIXTURE,OG-SYNTH-0.1,A-0.1,generate_opus_synthetic_programme.py@0.1,20260811,True,b66c9a95647f9b152c33f7413999b001d320dc6c3eb95f025f75312a11ca7fc9
PRJ-HSP,P01,L05,5,FINISH,PRJ-HSP-FINISH-CREW,1,location,0.2,0.171956,82.0,85.52177,5,SYNTHETIC_RESEARCH_FIXTURE,OG-SYNTH-0.1,A-0.1,generate_opus_synthetic_programme.py@0.1,20260811,True,c033e45f5af79d48a73f1437aa55bb3efeb1146f576c45a48b0e1f4fb41d9472
PRJ-HSP,P01,L06,6,FINISH,PRJ-HSP-FINISH-CREW,1,location,0.2,0.171956,87.0,91.337213,5,SYNTHETIC_RESEARCH_FIXTURE,OG-SYNTH-0.1,A-0.1,generate_opus_synthetic_programme.py@0.1,20260811,True,185e8e8e6c0ba0fe3899e24fd4889b949de0befcef183361d29b133dd9d17ae0
PRJ-HSP,P02,L01,1,EARLY_WORK,PRJ-HSP-EARLY_WORK-CREW,1,location,0.22,0.20585,0.0,0.52,5,SYNTHETIC_RESEARCH_FIXTURE,OG-SYNTH-0.1,A-0.1,generate_opus_synthetic_programme.py@0.1,20260811,True,50a0df7b3fc704a327fd81167ccd504a893e6df82f5920e06726da73eb18e267
PRJ-HSP,P02,L02,2,EARLY_WORK,PRJ-HSP-EARLY_WORK-CREW,1,location,0.22,0.20585,4.545455,5.377896,5,SYNTHETIC_RESEARCH_FIXTURE,OG-SYNTH-0.1,A-0.1,generate_opus_synthetic_programme.py@0.1,20260811,True,8e01f68dbf7d664443ede26d01b8938be9bb939fc4a4e9b6f734718dce89853a
PRJ-HSP,P02,L03,3,EARLY_WORK,PRJ-HSP-EARLY_WORK-CREW,1,location,0.22,0.20585,9.090909,10.235792,5,SYNTHETIC_RESEARCH_FIXTURE,OG-SYNTH-0.1,A-0.1,generate_opus_synthetic_programme.py@0.1,20260811,True,9f6ba0de0e785e301fccbb1024172661efb0bb4477e81d7b615aaa3845f7948f
PRJ-HSP,P02,L04,4,EARLY_WORK,PRJ-HSP-EARLY_WORK-CREW,1,location,0.22,0.20585,13.636364,15.093688,5,SYNTHETIC_RESEARCH_FIXTURE,OG-SYNTH-0.1,A-0.1,generate_opus_synthetic_programme.py@0.1,20260811,True,861d37f210182bd832f99eddc724109f17f7c0d229dacd17c2934db1a0631144
PRJ-HSP,P02,L05,5,EARLY_WORK,PRJ-HSP-EARLY_WORK-CREW,1,location,0.22,0.20585,18.181818,19.951584,5,SYNTHETIC_RESEARCH_FIXTURE,OG-SYNTH-0.1,A-0.1,generate_opus_synthetic_programme.py@0.1,20260811,True,048aa5386d500ce626d8f6e930309e405864433160dd0cf48c2bfeb82ea37cb1
PRJ-HSP,P02,L06,6,EARLY_WORK,PRJ-HSP-EARLY_WORK-CREW,1,location,0.22,0.20585,22.727273,24.809479,5,SYNTHETIC_RESEARCH_FIXTURE,OG-SYNTH-0.1,A-0.1,generate_opus_synthetic_programme.py@0.1,20260811,True,8c17208a14de2a8e497e41e8b267a897521edd169672d45c4e038ebfa5ad8f64
PRJ-HSP,P02,L01,1,STRUCTURE,PRJ-HSP-STRUCTURE-CREW,1,location,0.18,0.168088,18.0,18.52,5,SYNTHETIC_RESEARCH_FIXTURE,OG-SYNTH-0.1,A-0.1,generate_opus_synthetic_programme.py@0.1,20260811,True,289cbebd1fc3c2e7ac49f05970cd2772b1f586f96af5d955a82c11b6a7d593db
PRJ-HSP,P02,L02,2,STRUCTURE,PRJ-HSP-STRUCTURE-CREW,1,location,0.18,0.168088,23.555556,24.469262,5,SYNTHETIC_RESEARCH_FIXTURE,OG-SYNTH-0.1,A-0.1,generate_opus_synthetic_programme.py@0.1,20260811,True,924a87e7f225027243abba0fb75bb3fcefe6223ab7461a8d5d3aa2a0b9cef5de
PRJ-HSP,P02,L03,3,STRUCTURE,PRJ-HSP-STRUCTURE-CREW,1,location,0.18,0.168088,29.111111,30.418525,5,SYNTHETIC_RESEARCH_FIXTURE,OG-SYNTH-0.1,A-0.1,generate_opus_synthetic_programme.py@0.1,20260811,True,94c84c0799269561683d06075ae89d24d9d34c1085bcf59db19c6ca417fbe015
PRJ-HSP,P02,L04,4,STRUCTURE,PRJ-HSP-STRUCTURE-CREW,1,location,0.18,0.168088,34.666667,36.367787,5,SYNTHETIC_RESEARCH_FIXTURE,OG-SYNTH-0.1,A-0.1,generate_opus_synthetic_programme.py@0.1,20260811,True,0f5a508e868493e66fc84eaebb3e87e2ed0cde765dc6cbde9f046fa30689c04c
PRJ-HSP,P02,L05,5,STRUCTURE,PRJ-HSP-STRUCTURE-CREW,1,location,0.18,0.168088,40.222222,42.317049,5,SYNTHETIC_RESEARCH_FIXTURE,OG-SYNTH-0.1,A-0.1,generate_opus_synthetic_programme.py@0.1,20260811,True,39ae0d7c8b25585f9a4a8855353555aa065f9fe3791af812838e7574b28aab79
PRJ-HSP,P02,L06,6,STRUCTURE,PRJ-HSP-STRUCTURE-CREW,1,location,0.18,0.168088,45.777778,48.266312,5,SYNTHETIC_RESEARCH_FIXTURE,OG-SYNTH-0.1,A-0.1,generate_opus_synthetic_programme.py@0.1,20260811,True,5deededeeca75656849a6448ccfa9dc4284d3c522288c7f7ac246cbc15654db4
PRJ-HSP,P02,L01,1,SYSTEMS,PRJ-HSP-SYSTEMS-CREW,1,location,0.16,0.146423,38.0,38.52,5,SYNTHETIC_RESEARCH_FIXTURE,OG-SYNTH-0.1,A-0.1,generate_opus_synthetic_programme.py@0.1,20260811,True,f76fde1cda8fccab0ebe71dbb0e3a8595054fbe1f66425ca246ad8b9a27a4b85
PRJ-HSP,P02,L02,2,SYSTEMS,PRJ-HSP-SYSTEMS-CREW,1,location,0.16,0.146423,44.25,45.349506,5,SYNTHETIC_RESEARCH_FIXTURE,OG-SYNTH-0.1,A-0.1,generate_opus_synthetic_programme.py@0.1,20260811,True,30be535df240f6d4537aaf99e645db2b81ae8c68214feed65ed7d4dabff40222
PRJ-HSP,P02,L03,3,SYSTEMS,PRJ-HSP-SYSTEMS-CREW,1,location,0.16,0.146423,50.5,52.179013,5,SYNTHETIC_RESEARCH_FIXTURE,OG-SYNTH-0.1,A-0.1,generate_opus_synthetic_programme.py@0.1,20260811,True,08629ede5e18e39bc1396745c319a9fa37b01ff670f5c6b901af1f27b30c59c1
PRJ-HSP,P02,L04,4,SYSTEMS,PRJ-HSP-SYSTEMS-CREW,1,location,0.16,0.146423,56.75,59.008519,5,SYNTHETIC_RESEARCH_FIXTURE,OG-SYNTH-0.1,A-0.1,generate_opus_synthetic_programme.py@0.1,20260811,True,6633db1f0498d9aa85ed78c9d32c787cd3b9316f8d706f340ac6b3f720b3a16c
PRJ-HSP,P02,L05,5,SYSTEMS,PRJ-HSP-SYSTEMS-CREW,1,location,0.16,0.146423,63.0,65.838026,5,SYNTHETIC_RESEARCH_FIXTURE,OG-SYNTH-0.1,A-0.1,generate_opus_synthetic_programme.py@0.1,20260811,True,a0f1218b7f5182f478dfa36c06c02ac8306ae0f4c5b6c23b3200fb8a83ff2a80
PRJ-HSP,P02,L06,6,SYSTEMS,PRJ-HSP-SYSTEMS-CREW,1,location,0.16,0.146423,69.25,72.667532,5,SYNTHETIC_RESEARCH_FIXTURE,OG-SYNTH-0.1,A-0.1,generate_opus_synthetic_programme.py@0.1,20260811,True,ade790084c31c45038c7c26ccb6ce1dbf233258c310381cb032ba73dc75a94f9
PRJ-HSP,P02,L01,1,FINISH,PRJ-HSP-FINISH-CREW,1,location,0.2,0.175174,62.0,62.52,5,SYNTHETIC_RESEARCH_FIXTURE,OG-SYNTH-0.1,A-0.1,generate_opus_synthetic_programme.py@0.1,20260811,True,2752cf1f4f2ebf88a90317f85bddad49483d7a33a8f7baec75acb43316debe43
PRJ-HSP,P02,L02,2,FINISH,PRJ-HSP-FINISH-CREW,1,location,0.2,0.175174,67.0,68.228621,5,SYNTHETIC_RESEARCH_FIXTURE,OG-SYNTH-0.1,A-0.1,generate_opus_synthetic_programme.py@0.1,20260811,True,9827a23c40e6d46d022cc0f437bca254571fc7311c701bc6ee5cea4f6f7ca3f8
PRJ-HSP,P02,L03,3,FINISH,PRJ-HSP-FINISH-CREW,1,location,0.2,0.175174,72.0,73.937242,5,SYNTHETIC_RESEARCH_FIXTURE,OG-SYNTH-0.1,A-0.1,generate_opus_synthetic_programme.py@0.1,20260811,True,32deeecd144f78c4785c6ad16cc41aee0826d1a1b46cf499c4b5d263c9cabf12
PRJ-HSP,P02,L04,4,FINISH,PRJ-HSP-FINISH-CREW,1,location,0.2,0.175174,77.0,79.645863,5,SYNTHETIC_RESEARCH_FIXTURE,OG-SYNTH-0.1,A-0.1,generate_opus_synthetic_programme.py@0.1,20260811,True,24eabca773f51ead32cea646994f1d8c6bdf1d867dae409b83c74464d0b533d2
PRJ-HSP,P02,L05,5,FINISH,PRJ-HSP-FINISH-CREW,1,location,0.2,0.175174,82.0,85.354484,5,SYNTHETIC_RESEARCH_FIXTURE,OG-SYNTH-0.1,A-0.1,generate_opus_synthetic_programme.py@0.1,20260811,True,875d02890efc1f615421f081080d483484c52a8a4abbbfbd01c86bcee17812ee
PRJ-HSP,P02,L06,6,FINISH,PRJ-HSP-FINISH-CREW,1,location,0.2,0.175174,87.0,91.063105,5,SYNTHETIC_RESEARCH_FIXTURE,OG-SYNTH-0.1,A-0.1,generate_opus_synthetic_programme.py@0.1,20260811,True,3237fe857b7183471ab787bd5c6355c387e34ff8b7ad533d19ca83a870edf545
PRJ-HSP,P03,L01,1,EARLY_WORK,PRJ-HSP-EARLY_WORK-CREW,1,location,0.22,0.193666,0.0,0.78,5,SYNTHETIC_RESEARCH_FIXTURE,OG-SYNTH-0.1,A-0.1,generate_opus_synthetic_programme.py@0.1,20260811,True,3bc991f38fc2fadff2ef7be48e95c52d605f91313a790e056646ab9939572d0a
PRJ-HSP,P03,L02,2,EARLY_WORK,PRJ-HSP-EARLY_WORK-CREW,1,location,0.22,0.193666,4.545455,5.943521,5,SYNTHETIC_RESEARCH_FIXTURE,OG-SYNTH-0.1,A-0.1,generate_opus_synthetic_programme.py@0.1,20260811,True,6c5dc25a5caa01e4abbd65cb6cd2c95ae44b401feeb29d983f3b1e75b3c07c9b
PRJ-HSP,P03,L03,3,EARLY_WORK,PRJ-HSP-EARLY_WORK-CREW,1,location,0.22,0.193666,9.090909,11.107041,5,SYNTHETIC_RESEARCH_FIXTURE,OG-SYNTH-0.1,A-0.1,generate_opus_synthetic_programme.py@0.1,20260811,True,d9e191094de1a02571f15cc2ac5476b50b6b7a5f3b9c6230a2980da7233b27cd
PRJ-HSP,P03,L04,4,EARLY_WORK,PRJ-HSP-EARLY_WORK-CREW,1,location,0.22,0.193666,13.636364,16.270562,5,SYNTHETIC_RESEARCH_FIXTURE,OG-SYNTH-0.1,A-0.1,generate_opus_synthetic_programme.py@0.1,20260811,True,f0af4d96d8b0a667266760819b953f4e2d82f4d307902ea2aa160b4d1a5d931a
PRJ-HSP,P03,L05,5,EARLY_WORK,PRJ-HSP-EARLY_WORK-CREW,1,location,0.22,0.193666,18.181818,21.434083,5,SYNTHETIC_RESEARCH_FIXTURE,OG-SYNTH-0.1,A-0.1,generate_opus_synthetic_programme.py@0.1,20260811,True,0c151fd4b26973e00010c689f26f3eddd8bfef0dd3a1bf41700c917c03a14179
PRJ-HSP,P03,L06,6,EARLY_WORK,PRJ-HSP-EARLY_WORK-CREW,1,location,0.22,0.193666,22.727273,26.597603,5,SYNTHETIC_RESEARCH_FIXTURE,OG-SYNTH-0.1,A-0.1,generate_opus_synthetic_programme.py@0.1,20260811,True,e42df982a8defed889cf2fda5f7369a8fce320039c64025ab41553722d7f1c1d
PRJ-HSP,P03,L01,1,STRUCTURE,PRJ-HSP-STRUCTURE-CREW,1,location,0.18,0.175089,18.0,18.78,5,SYNTHETIC_RESEARCH_FIXTURE,OG-SYNTH-0.1,A-0.1,generate_opus_synthetic_programme.py@0.1,20260811,True,83432ed9336ec87df229363fe4fc859a1273df17eec9904bbdcca8f7a63b25a1
PRJ-HSP,P03,L02,2,STRUCTURE,PRJ-HSP-STRUCTURE-CREW,1,location,0.18,0.175089,23.555556,24.49138,5,SYNTHETIC_RESEARCH_FIXTURE,OG-SYNTH-0.1,A-0.1,generate_opus_synthetic_programme.py@0.1,20260811,True,cc910e485846fa8ae807ec363a540ce149af988455a6da6944ddd297247cba99
PRJ-HSP,P03,L03,3,STRUCTURE,PRJ-HSP-STRUCTURE-CREW,1,location,0.18,0.175089,29.111111,30.20276,5,SYNTHETIC_RESEARCH_FIXTURE,OG-SYNTH-0.1,A-0.1,generate_opus_synthetic_programme.py@0.1,20260811,True,fec051582b579e9d85203ea6c02f85384dc87125e1e2afc73cb5a06ef9183326
PRJ-HSP,P03,L04,4,STRUCTURE,PRJ-HSP-STRUCTURE-CREW,1,location,0.18,0.175089,34.666667,35.91414,5,SYNTHETIC_RESEARCH_FIXTURE,OG-SYNTH-0.1,A-0.1,generate_opus_synthetic_programme.py@0.1,20260811,True,1846c2ee99f5e7367230beb4339dbae2027b6498d307abcf3308adaad9c0c921
PRJ-HSP,P03,L05,5,STRUCTURE,PRJ-HSP-STRUCTURE-CREW,1,location,0.18,0.175089,40.222222,41.62552,5,SYNTHETIC_RESEARCH_FIXTURE,OG-SYNTH-0.1,A-0.1,generate_opus_synthetic_programme.py@0.1,20260811,True,a892110718eb7cacd8f217602e336c3a8f2debb47197bbcccf7e466c5b88d589
PRJ-HSP,P03,L06,6,STRUCTURE,PRJ-HSP-STRUCTURE-CREW,1,location,0.18,0.175089,45.777778,47.3369,5,SYNTHETIC_RESEARCH_FIXTURE,OG-SYNTH-0.1,A-0.1,generate_opus_synthetic_programme.py@0.1,20260811,True,d44e324093f10b78dd90fd3409c34a1e5702bbf56235ecf5345abe1b47f21b14
PRJ-HSP,P03,L01,1,SYSTEMS,PRJ-HSP-SYSTEMS-CREW,1,location,0.16,0.155467,38.0,38.78,5,SYNTHETIC_RESEARCH_FIXTURE,OG-SYNTH-0.1,A-0.1,generate_opus_synthetic_programme.py@0.1,20260811,True,8eef73f70a44d8c0882b77bfe9a8875bcd2b9da1a0d2e6de6c4579d40599ef3b
PRJ-HSP,P03,L02,2,SYSTEMS,PRJ-HSP-SYSTEMS-CREW,1,location,0.16,0.155467,44.25,45.212229,5,SYNTHETIC_RESEARCH_FIXTURE,OG-SYNTH-0.1,A-0.1,generate_opus_synthetic_programme.py@0.1,20260811,True,7eabe24286fe532138f1f3ca647af2947e9c73367a6dc0c268eee0cbfecfdc40
PRJ-HSP,P03,L03,3,SYSTEMS,PRJ-HSP-SYSTEMS-CREW,1,location,0.16,0.155467,50.5,51.644459,5,SYNTHETIC_RESEARCH_FIXTURE,OG-SYNTH-0.1,A-0.1,generate_opus_synthetic_programme.py@0.1,20260811,True,d1760beed4093b9412b2d45c741b51d47512da1490628cb505b5701fc05103a8
PRJ-HSP,P03,L04,4,SYSTEMS,PRJ-HSP-SYSTEMS-CREW,1,location,0.16,0.155467,56.75,58.076688,5,SYNTHETIC_RESEARCH_FIXTURE,OG-SYNTH-0.1,A-0.1,generate_opus_synthetic_programme.py@0.1,20260811,True,30108447d0dcd09bc08401dcd618c27e5b73be0132eeaa93106d138f8557e991
PRJ-HSP,P03,L05,5,SYSTEMS,PRJ-HSP-SYSTEMS-CREW,1,location,0.16,0.155467,63.0,64.508918,5,SYNTHETIC_RESEARCH_FIXTURE,OG-SYNTH-0.1,A-0.1,generate_opus_synthetic_programme.py@0.1,20260811,True,08b5ba223c7a07e5dd0bc901545bc274624a8d296408f88a7eebc90a732288f5
PRJ-HSP,P03,L06,6,SYSTEMS,PRJ-HSP-SYSTEMS-CREW,1,location,0.16,0.155467,69.25,70.941147,5,SYNTHETIC_RESEARCH_FIXTURE,OG-SYNTH-0.1,A-0.1,generate_opus_synthetic_programme.py@0.1,20260811,True,dbfce1fa61cbce6f58fa13f0cf800a30279e0e2274b8c871c5025ffcae6e4746
PRJ-HSP,P03,L01,1,FINISH,PRJ-HSP-FINISH-CREW,1,location,0.2,0.175767,62.0,62.78,5,SYNTHETIC_RESEARCH_FIXTURE,OG-SYNTH-0.1,A-0.1,generate_opus_synthetic_programme.py@0.1,20260811,True,c3fa9dbcf4e371e3796350d6f148d367a1f13a2a3d031405e5f5540cd5ea8b87
PRJ-HSP,P03,L02,2,FINISH,PRJ-HSP-FINISH-CREW,1,location,0.2,0.175767,67.0,68.469356,5,SYNTHETIC_RESEARCH_FIXTURE,OG-SYNTH-0.1,A-0.1,generate_opus_synthetic_programme.py@0.1,20260811,True,e1c2102ada0f705b80c799a4dc705808f5ee75e730fdc587c38acad046fa4eb6
PRJ-HSP,P03,L03,3,FINISH,PRJ-HSP-FINISH-CREW,1,location,0.2,0.175767,72.0,74.158712,5,SYNTHETIC_RESEARCH_FIXTURE,OG-SYNTH-0.1,A-0.1,generate_opus_synthetic_programme.py@0.1,20260811,True,f7f92ebc911988e5d6aaece5686a538a807fad9a83dd873c29c231cf864150fe
PRJ-HSP,P03,L04,4,FINISH,PRJ-HSP-FINISH-CREW,1,location,0.2,0.175767,77.0,79.848069,5,SYNTHETIC_RESEARCH_FIXTURE,OG-SYNTH-0.1,A-0.1,generate_opus_synthetic_programme.py@0.1,20260811,True,f88a7894f8358ecf6ea6b25919745413cc6c1e2730d46bfcec6bdfbadf896789
PRJ-HSP,P03,L05,5,FINISH,PRJ-HSP-FINISH-CREW,1,location,0.2,0.175767,82.0,85.537425,5,SYNTHETIC_RESEARCH_FIXTURE,OG-SYNTH-0.1,A-0.1,generate_opus_synthetic_programme.py@0.1,20260811,True,c8be1e9a638f6c7a3edc6475721aa4a08e47900a633037f646b4c9566323d644
PRJ-HSP,P03,L06,6,FINISH,PRJ-HSP-FINISH-CREW,1,location,0.2,0.175767,87.0,91.226781,5,SYNTHETIC_RESEARCH_FIXTURE,OG-SYNTH-0.1,A-0.1,generate_opus_synthetic_programme.py@0.1,20260811,True,5cff4979afa306923c7010ecc82c4a3d99642b5a6ed3afc6abb55637e3064b81
PRJ-HSP,P04,L01,1,EARLY_WORK,PRJ-HSP-EARLY_WORK-CREW,1,location,0.22,0.184552,0.0,1.04,5,SYNTHETIC_RESEARCH_FIXTURE,OG-SYNTH-0.1,A-0.1,generate_opus_synthetic_programme.py@0.1,20260811,True,44af07547859cb12f8de27fd4b6de4e04a460b5c63b690a7401be3b860533fa8
PRJ-HSP,P04,L02,2,EARLY_WORK,PRJ-HSP-EARLY_WORK-CREW,1,location,0.22,0.184552,4.545455,6.458527,5,SYNTHETIC_RESEARCH_FIXTURE,OG-SYNTH-0.1,A-0.1,generate_opus_synthetic_programme.py@0.1,20260811,True,44e7e9a50911494c235d8d45fa23e443413be3a1012bf0b2d58ddb1714642e54
PRJ-HSP,P04,L03,3,EARLY_WORK,PRJ-HSP-EARLY_WORK-CREW,1,location,0.22,0.184552,9.090909,11.877055,5,SYNTHETIC_RESEARCH_FIXTURE,OG-SYNTH-0.1,A-0.1,generate_opus_synthetic_programme.py@0.1,20260811,True,b46d01ed72bcb594129c20d1f7a1975907a4a12c671a0719ea92c0da9596f608
PRJ-HSP,P04,L04,4,EARLY_WORK,PRJ-HSP-EARLY_WORK-CREW,1,location,0.22,0.184552,13.636364,17.295582,5,SYNTHETIC_RESEARCH_FIXTURE,OG-SYNTH-0.1,A-0.1,generate_opus_synthetic_programme.py@0.1,20260811,True,8e683504e0023511ce71fd33a9525d700e72a83ff64606e45dd8053baf93675f
PRJ-HSP,P04,L05,5,EARLY_WORK,PRJ-HSP-EARLY_WORK-CREW,1,location,0.22,0.184552,18.181818,22.71411,5,SYNTHETIC_RESEARCH_FIXTURE,OG-SYNTH-0.1,A-0.1,generate_opus_synthetic_programme.py@0.1,20260811,True,6f8dae68213e2a1b61781d23a0fbd8fae496e83c17e7ce0f5ffa48514520ba55
PRJ-HSP,P04,L06,6,EARLY_WORK,PRJ-HSP-EARLY_WORK-CREW,1,location,0.22,0.184552,22.727273,28.132637,5,SYNTHETIC_RESEARCH_FIXTURE,OG-SYNTH-0.1,A-0.1,generate_opus_synthetic_programme.py@0.1,20260811,True,e73f100595ab55fb5ef5466697c69a238d3e56470b9a21a29085f196d9697bb9
PRJ-HSP,P04,L01,1,STRUCTURE,PRJ-HSP-STRUCTURE-CREW,1,location,0.18,0.160872,18.0,19.04,5,SYNTHETIC_RESEARCH_FIXTURE,OG-SYNTH-0.1,A-0.1,generate_opus_synthetic_programme.py@0.1,20260811,True,1902edde5ded720a40752a9561823f0673e00e8be7eea2181d90f019051a6189
PRJ-HSP,P04,L02,2,STRUCTURE,PRJ-HSP-STRUCTURE-CREW,1,location,0.18,0.160872,23.555556,25.256132,5,SYNTHETIC_RESEARCH_FIXTURE,OG-SYNTH-0.1,A-0.1,generate_opus_synthetic_programme.py@0.1,20260811,True,89de41a0374fe068ba7af5515e06c64de624f595ea042fcdb593399f36c39be3
PRJ-HSP,P04,L03,3,STRUCTURE,PRJ-HSP-STRUCTURE-CREW,1,location,0.18,0.160872,29.111111,31.472264,5,SYNTHETIC_RESEARCH_FIXTURE,OG-SYNTH-0.1,A-0.1,generate_opus_synthetic_programme.py@0.1,20260811,True,7553485b3e8e8c1479d9e012668710c01c2ca4e89cb65c7248ab17799ed02c6b
PRJ-HSP,P04,L04,4,STRUCTURE,PRJ-HSP-STRUCTURE-CREW,1,location,0.18,0.160872,34.666667,37.688396,5,SYNTHETIC_RESEARCH_FIXTURE,OG-SYNTH-0.1,A-0.1,generate_opus_synthetic_programme.py@0.1,20260811,True,547473ed31bc5d1df36ebf6d0c165aaffef2db0751f536f7f12ecb66a47c48cb
PRJ-HSP,P04,L05,5,STRUCTURE,PRJ-HSP-STRUCTURE-CREW,1,location,0.18,0.160872,40.222222,43.904528,5,SYNTHETIC_RESEARCH_FIXTURE,OG-SYNTH-0.1,A-0.1,generate_opus_synthetic_programme.py@0.1,20260811,True,44ad7eda7909661dab87f0fd9d2da0cc2e7903434a25eba8ba4a0397f1423e7b
PRJ-HSP,P04,L06,6,STRUCTURE,PRJ-HSP-STRUCTURE-CREW,1,location,0.18,0.160872,45.777778,50.12066,5,SYNTHETIC_RESEARCH_FIXTURE,OG-SYNTH-0.1,A-0.1,generate_opus_synthetic_programme.py@0.1,20260811,True,3ba954b8cdd6187b46c5d33216c264fe33c0b09fbe3c19202b7acf26227eb56f
PRJ-HSP,P04,L01,1,SYSTEMS,PRJ-HSP-SYSTEMS-CREW,1,location,0.16,0.147066,38.0,39.04,5,SYNTHETIC_RESEARCH_FIXTURE,OG-SYNTH-0.1,A-0.1,generate_opus_synthetic_programme.py@0.1,20260811,True,1de417459bf955bb2cb0401e2c8bfe571d2fb16537cbe25c1f2ec064ab5a8f54
PRJ-HSP,P04,L02,2,SYSTEMS,PRJ-HSP-SYSTEMS-CREW,1,location,0.16,0.147066,44.25,45.839653,5,SYNTHETIC_RESEARCH_FIXTURE,OG-SYNTH-0.1,A-0.1,generate_opus_synthetic_programme.py@0.1,20260811,True,68afca675ef9fcde8b3b5d6a68deb4c127a1e457c389c85dc043be0d4fb250ec
PRJ-HSP,P04,L03,3,SYSTEMS,PRJ-HSP-SYSTEMS-CREW,1,location,0.16,0.147066,50.5,52.639307,5,SYNTHETIC_RESEARCH_FIXTURE,OG-SYNTH-0.1,A-0.1,generate_opus_synthetic_programme.py@0.1,20260811,True,5de27d4af9d1726a2586cf2c1f9d511382b42dd14a197dbd55977ef9175b04c5
PRJ-HSP,P04,L04,4,SYSTEMS,PRJ-HSP-SYSTEMS-CREW,1,location,0.16,0.147066,56.75,59.43896,5,SYNTHETIC_RESEARCH_FIXTURE,OG-SYNTH-0.1,A-0.1,generate_opus_synthetic_programme.py@0.1,20260811,True,040c66499ddd42418e2ee744acf8b1b9eb4653cdaadf356c01ee92806d9323a5
PRJ-HSP,P04,L05,5,SYSTEMS,PRJ-HSP-SYSTEMS-CREW,1,location,0.16,0.147066,63.0,66.238614,5,SYNTHETIC_RESEARCH_FIXTURE,OG-SYNTH-0.1,A-0.1,generate_opus_synthetic_programme.py@0.1,20260811,True,9843ba3e8ce6fceb6837fb9728bee2f085d05347371854ecd663d5181710f7c2
PRJ-HSP,P04,L06,6,SYSTEMS,PRJ-HSP-SYSTEMS-CREW,1,location,0.16,0.147066,69.25,73.038267,5,SYNTHETIC_RESEARCH_FIXTURE,OG-SYNTH-0.1,A-0.1,generate_opus_synthetic_programme.py@0.1,20260811,True,9b7562a82e10d39601839a1609cba37ba56b6b070fcb645768ec5287fd5d3190
PRJ-HSP,P04,L01,1,FINISH,PRJ-HSP-FINISH-CREW,1,location,0.2,0.190036,62.0,63.04,5,SYNTHETIC_RESEARCH_FIXTURE,OG-SYNTH-0.1,A-0.1,generate_opus_synthetic_programme.py@0.1,20260811,True,91cfb13e36001fd451d168615d7e1209289d2463356961b0e098330e03b1f874
PRJ-HSP,P04,L02,2,FINISH,PRJ-HSP-FINISH-CREW,1,location,0.2,0.190036,67.0,68.30215,5,SYNTHETIC_RESEARCH_FIXTURE,OG-SYNTH-0.1,A-0.1,generate_opus_synthetic_programme.py@0.1,20260811,True,8b8a216a559e179a6fda111ad7ec1d2bfa420141b4570627d6af3018b02dd0fc
PRJ-HSP,P04,L03,3,FINISH,PRJ-HSP-FINISH-CREW,1,location,0.2,0.190036,72.0,73.5643,5,SYNTHETIC_RESEARCH_FIXTURE,OG-SYNTH-0.1,A-0.1,generate_opus_synthetic_programme.py@0.1,20260811,True,aefc5ab2d5281a6c6b0c0c890864a038ad8d2a45c25ab024d21e686e6d608cb2
PRJ-HSP,P04,L04,4,FINISH,PRJ-HSP-FINISH-CREW,1,location,0.2,0.190036,77.0,78.82645,5,SYNTHETIC_RESEARCH_FIXTURE,OG-SYNTH-0.1,A-0.1,generate_opus_synthetic_programme.py@0.1,20260811,True,64d7b6e31aec82c2fc09528bc96663ee04a57ea751be715ef5b907e344970983
PRJ-HSP,P04,L05,5,FINISH,PRJ-HSP-FINISH-CREW,1,location,0.2,0.190036,82.0,84.088601,5,SYNTHETIC_RESEARCH_FIXTURE,OG-SYNTH-0.1,A-0.1,generate_opus_synthetic_programme.py@0.1,20260811,True,a38744a692495600c4296dc4057609aaed0dffcf46e5bc91918932c80102bdb9
PRJ-HSP,P04,L06,6,FINISH,PRJ-HSP-FINISH-CREW,1,location,0.2,0.190036,87.0,89.350751,5,SYNTHETIC_RESEARCH_FIXTURE,OG-SYNTH-0.1,A-0.1,generate_opus_synthetic_programme.py@0.1,20260811,True,ef1f61bfb67c0057d95a474ddf9a2bf615212dbf5fa98e7cf2a8bf781ffaf5a6
PRJ-HSP,P05,L01,1,EARLY_WORK,PRJ-HSP-EARLY_WORK-CREW,1,location,0.22,0.230517,0.0,1.3,5,SYNTHETIC_RESEARCH_FIXTURE,OG-SYNTH-0.1,A-0.1,generate_opus_synthetic_programme.py@0.1,20260811,True,ef83dbdd5f86ee06098559ddef6d7af15483ba30ad20528f29d21cd6f4cc65b7
PRJ-HSP,P05,L02,2,EARLY_WORK,PRJ-HSP-EARLY_WORK-CREW,1,location,0.22,0.230517,4.545455,5.638066,5,SYNTHETIC_RESEARCH_FIXTURE,OG-SYNTH-0.1,A-0.1,generate_opus_synthetic_programme.py@0.1,20260811,True,e67c2b1123ee1cba899db90f810b4e6b78fd83ad834f6bab37ab36529e1f5722
PRJ-HSP,P05,L03,3,EARLY_WORK,PRJ-HSP-EARLY_WORK-CREW,1,location,0.22,0.230517,9.090909,9.976131,5,SYNTHETIC_RESEARCH_FIXTURE,OG-SYNTH-0.1,A-0.1,generate_opus_synthetic_programme.py@0.1,20260811,True,09d66ec8e9feed2041d79cd973acc3ab35d0f201b47a3f2f6e65040b39bda93b
PRJ-HSP,P05,L04,4,EARLY_WORK,PRJ-HSP-EARLY_WORK-CREW,1,location,0.22,0.230517,13.636364,14.314197,5,SYNTHETIC_RESEARCH_FIXTURE,OG-SYNTH-0.1,A-0.1,generate_opus_synthetic_programme.py@0.1,20260811,True,23aa6e40c32c7198b10f64d5c811e8b8af140f092d40fc98a15dfeae71249412
PRJ-HSP,P05,L05,5,EARLY_WORK,PRJ-HSP-EARLY_WORK-CREW,1,location,0.22,0.230517,18.181818,18.652263,5,SYNTHETIC_RESEARCH_FIXTURE,OG-SYNTH-0.1,A-0.1,generate_opus_synthetic_programme.py@0.1,20260811,True,b20d4b319bbaa189926033ad3b8008619563ad15d45533fc50a0a3fc93688a4a
PRJ-HSP,P05,L06,6,EARLY_WORK,PRJ-HSP-EARLY_WORK-CREW,1,location,0.22,0.230517,22.727273,22.990328,5,SYNTHETIC_RESEARCH_FIXTURE,OG-SYNTH-0.1,A-0.1,generate_opus_synthetic_programme.py@0.1,20260811,True,e0722d916a67c28a47e7626d9d2fe5b9c7394e27e035034c6c0a343b19d5bb77
PRJ-HSP,P05,L01,1,STRUCTURE,PRJ-HSP-STRUCTURE-CREW,1,location,0.18,0.167542,18.0,19.3,5,SYNTHETIC_RESEARCH_FIXTURE,OG-SYNTH-0.1,A-0.1,generate_opus_synthetic_programme.py@0.1,20260811,True,609f1abcf278dad441d2026b6478686f76c614ee8186eb3fc7c7697a3f61a413
PRJ-HSP,P05,L02,2,STRUCTURE,PRJ-HSP-STRUCTURE-CREW,1,location,0.18,0.167542,23.555556,25.268638,5,SYNTHETIC_RESEARCH_FIXTURE,OG-SYNTH-0.1,A-0.1,generate_opus_synthetic_programme.py@0.1,20260811,True,b2778ced8b593d99c29d4fe7055f33f3cb13f8862f5de6117dc62e55ed5528a8
PRJ-HSP,P05,L03,3,STRUCTURE,PRJ-HSP-STRUCTURE-CREW,1,location,0.18,0.167542,29.111111,31.237277,5,SYNTHETIC_RESEARCH_FIXTURE,OG-SYNTH-0.1,A-0.1,generate_opus_synthetic_programme.py@0.1,20260811,True,e654321bfaa172d74e271d7dced25c6e4d63b041785d3de632886a85f5ed516b
PRJ-HSP,P05,L04,4,STRUCTURE,PRJ-HSP-STRUCTURE-CREW,1,location,0.18,0.167542,34.666667,37.205915,5,SYNTHETIC_RESEARCH_FIXTURE,OG-SYNTH-0.1,A-0.1,generate_opus_synthetic_programme.py@0.1,20260811,True,e90e4110ac0487e919260cd30d73d24c761f914d47d8bac7907aea18fcca7db4
PRJ-HSP,P05,L05,5,STRUCTURE,PRJ-HSP-STRUCTURE-CREW,1,location,0.18,0.167542,40.222222,43.174554,5,SYNTHETIC_RESEARCH_FIXTURE,OG-SYNTH-0.1,A-0.1,generate_opus_synthetic_programme.py@0.1,20260811,True,6c6e885592764d2283f6fb3ff3bca4c273aff279af8bf2cf95b1c309d479daf5
PRJ-HSP,P05,L06,6,STRUCTURE,PRJ-HSP-STRUCTURE-CREW,1,location,0.18,0.167542,45.777778,49.143192,5,SYNTHETIC_RESEARCH_FIXTURE,OG-SYNTH-0.1,A-0.1,generate_opus_synthetic_programme.py@0.1,20260811,True,b2e146d0bcc47238f674fbba032f225d962f009882db336d3e5cff8275ef71fe
PRJ-HSP,P05,L01,1,SYSTEMS,PRJ-HSP-SYSTEMS-CREW,1,location,0.16,0.162518,38.0,39.3,5,SYNTHETIC_RESEARCH_FIXTURE,OG-SYNTH-0.1,A-0.1,generate_opus_synthetic_programme.py@0.1,20260811,True,99cd8d2f839cddb2bf65678fa9d79a2fb67c287c4310a0bc4daaa93736adec8f
PRJ-HSP,P05,L02,2,SYSTEMS,PRJ-HSP-SYSTEMS-CREW,1,location,0.16,0.162518,44.25,45.453151,5,SYNTHETIC_RESEARCH_FIXTURE,OG-SYNTH-0.1,A-0.1,generate_opus_synthetic_programme.py@0.1,20260811,True,0eee6ab272500738e02ba703f9f142f877adab51e22867a11a7bc0273103bef3
PRJ-HSP,P05,L03,3,SYSTEMS,PRJ-HSP-SYSTEMS-CREW,1,location,0.16,0.162518,50.5,51.606301,5,SYNTHETIC_RESEARCH_FIXTURE,OG-SYNTH-0.1,A-0.1,generate_opus_synthetic_programme.py@0.1,20260811,True,8039859925e35007b5ea16c8655e2f2a3fec82aab808a268c5d765305e958ac9
PRJ-HSP,P05,L04,4,SYSTEMS,PRJ-HSP-SYSTEMS-CREW,1,location,0.16,0.162518,56.75,57.759452,5,SYNTHETIC_RESEARCH_FIXTURE,OG-SYNTH-0.1,A-0.1,generate_opus_synthetic_programme.py@0.1,20260811,True,48b289be66f904c5be320095f556f0544ac048248abd31361e048d6b5155a6ab
PRJ-HSP,P05,L05,5,SYSTEMS,PRJ-HSP-SYSTEMS-CREW,1,location,0.16,0.162518,63.0,63.912603,5,SYNTHETIC_RESEARCH_FIXTURE,OG-SYNTH-0.1,A-0.1,generate_opus_synthetic_programme.py@0.1,20260811,True,96b42633591240e54826859d85ae66e37f06c37b9155165de491dc4bbf4bc758
PRJ-HSP,P05,L06,6,SYSTEMS,PRJ-HSP-SYSTEMS-CREW,1,location,0.16,0.162518,69.25,70.065753,5,SYNTHETIC_RESEARCH_FIXTURE,OG-SYNTH-0.1,A-0.1,generate_opus_synthetic_programme.py@0.1,20260811,True,9adabdb514e2ef9aba5f7bdb788bc08226142adef5d45dd6eb70ceada7e54b53
PRJ-HSP,P05,L01,1,FINISH,PRJ-HSP-FINISH-CREW,1,location,0.2,0.174123,62.0,63.3,5,SYNTHETIC_RESEARCH_FIXTURE,OG-SYNTH-0.1,A-0.1,generate_opus_synthetic_programme.py@0.1,20260811,True,06cb375730988349946aa8dc22b84a0132758607a5b26783c10c92c18ed4f7a7
PRJ-HSP,P05,L02,2,FINISH,PRJ-HSP-FINISH-CREW,1,location,0.2,0.174123,67.0,69.043059,5,SYNTHETIC_RESEARCH_FIXTURE,OG-SYNTH-0.1,A-0.1,generate_opus_synthetic_programme.py@0.1,20260811,True,6a98f8e6c63d55ac0408dc29642a939943b8c0ac3bacfb79fc4b53397cfb77a7
PRJ-HSP,P05,L03,3,FINISH,PRJ-HSP-FINISH-CREW,1,location,0.2,0.174123,72.0,74.786118,5,SYNTHETIC_RESEARCH_FIXTURE,OG-SYNTH-0.1,A-0.1,generate_opus_synthetic_programme.py@0.1,20260811,True,7a90a4f7f0b15e5ae9411ee13abe4061d077f8090d852408283952b777c2afc2
PRJ-HSP,P05,L04,4,FINISH,PRJ-HSP-FINISH-CREW,1,location,0.2,0.174123,77.0,80.529177,5,SYNTHETIC_RESEARCH_FIXTURE,OG-SYNTH-0.1,A-0.1,generate_opus_synthetic_programme.py@0.1,20260811,True,94558a4c74c7783fdc5c7380d68d411c647f0c16e4890aea109543065ca864e4
PRJ-HSP,P05,L05,5,FINISH,PRJ-HSP-FINISH-CREW,1,location,0.2,0.174123,82.0,86.272236,5,SYNTHETIC_RESEARCH_FIXTURE,OG-SYNTH-0.1,A-0.1,generate_opus_synthetic_programme.py@0.1,20260811,True,153c7b4ed69158d67adb2d696c67d30007daee0f2d69be713c6ed66389af5a77
PRJ-HSP,P05,L06,6,FINISH,PRJ-HSP-FINISH-CREW,1,location,0.2,0.174123,87.0,92.015295,5,SYNTHETIC_RESEARCH_FIXTURE,OG-SYNTH-0.1,A-0.1,generate_opus_synthetic_programme.py@0.1,20260811,True,916b62ff261eb74a2cbe49b5daee9a4627e37e64cbc04632566012a77226298f
PRJ-HSP,P06,L01,1,EARLY_WORK,PRJ-HSP-EARLY_WORK-CREW,1,location,0.22,0.211682,0.0,1.56,5,SYNTHETIC_RESEARCH_FIXTURE,OG-SYNTH-0.1,A-0.1,generate_opus_synthetic_programme.py@0.1,20260811,True,4b9889dee4580a6dbdf9eda4b40505b8ee5bed59b98834fd164f232483974673
PRJ-HSP,P06,L02,2,EARLY_WORK,PRJ-HSP-EARLY_WORK-CREW,1,location,0.22,0.211682,4.545455,6.284074,5,SYNTHETIC_RESEARCH_FIXTURE,OG-SYNTH-0.1,A-0.1,generate_opus_synthetic_programme.py@0.1,20260811,True,01ac2c18f3e10b48d4f68bcc036b1530ec32c401e4f5603ee65e0782d2ac162e
PRJ-HSP,P06,L03,3,EARLY_WORK,PRJ-HSP-EARLY_WORK-CREW,1,location,0.22,0.211682,9.090909,11.008148,5,SYNTHETIC_RESEARCH_FIXTURE,OG-SYNTH-0.1,A-0.1,generate_opus_synthetic_programme.py@0.1,20260811,True,5184ab9e8cd78a4f5510ffe16eb518b244d241bc140338eb50289b6303661b87
PRJ-HSP,P06,L04,4,EARLY_WORK,PRJ-HSP-EARLY_WORK-CREW,1,location,0.22,0.211682,13.636364,15.732222,5,SYNTHETIC_RESEARCH_FIXTURE,OG-SYNTH-0.1,A-0.1,generate_opus_synthetic_programme.py@0.1,20260811,True,133024ffddd6c8436446349b9ac2a3d5f6e21a23c430af41684f8cc26960b8b7
PRJ-HSP,P06,L05,5,EARLY_WORK,PRJ-HSP-EARLY_WORK-CREW,1,location,0.22,0.211682,18.181818,20.456297,5,SYNTHETIC_RESEARCH_FIXTURE,OG-SYNTH-0.1,A-0.1,generate_opus_synthetic_programme.py@0.1,20260811,True,f41e57d4b2418be4f8f3f6619d8551d90305e3502049e93b6f54bab88a548aa7
PRJ-HSP,P06,L06,6,EARLY_WORK,PRJ-HSP-EARLY_WORK-CREW,1,location,0.22,0.211682,22.727273,25.180371,5,SYNTHETIC_RESEARCH_FIXTURE,OG-SYNTH-0.1,A-0.1,generate_opus_synthetic_programme.py@0.1,20260811,True,347cc2b8973de9b593717cf2b5d38f0f01d7b6a63bb01cf3e947c9d4202b9281
PRJ-HSP,P06,L01,1,STRUCTURE,PRJ-HSP-STRUCTURE-CREW,1,location,0.18,0.157563,18.0,19.56,5,SYNTHETIC_RESEARCH_FIXTURE,OG-SYNTH-0.1,A-0.1,generate_opus_synthetic_programme.py@0.1,20260811,True,6ff102dedc9e78b7116653913dc5e2a0715ab74f17c3bf3c32bde72b17ee677c
PRJ-HSP,P06,L02,2,STRUCTURE,PRJ-HSP-STRUCTURE-CREW,1,location,0.18,0.157563,23.555556,25.906649,5,SYNTHETIC_RESEARCH_FIXTURE,OG-SYNTH-0.1,A-0.1,generate_opus_synthetic_programme.py@0.1,20260811,True,bdf0e62757f1a319b1425a65af8741e435b4719cac26007fea957a4e26e173d8
PRJ-HSP,P06,L03,3,STRUCTURE,PRJ-HSP-STRUCTURE-CREW,1,location,0.18,0.157563,29.111111,32.253298,5,SYNTHETIC_RESEARCH_FIXTURE,OG-SYNTH-0.1,A-0.1,generate_opus_synthetic_programme.py@0.1,20260811,True,a782b39d8882d132f023bde4431d75e5bf5bb1b84b9d76b59272718a1070ca43
PRJ-HSP,P06,L04,4,STRUCTURE,PRJ-HSP-STRUCTURE-CREW,1,location,0.18,0.157563,34.666667,38.599948,5,SYNTHETIC_RESEARCH_FIXTURE,OG-SYNTH-0.1,A-0.1,generate_opus_synthetic_programme.py@0.1,20260811,True,d155d609cd0d14721ae471d23e46de61ffa9f5a17e688c8afe610a723f04b0a5
PRJ-HSP,P06,L05,5,STRUCTURE,PRJ-HSP-STRUCTURE-CREW,1,location,0.18,0.157563,40.222222,44.946597,5,SYNTHETIC_RESEARCH_FIXTURE,OG-SYNTH-0.1,A-0.1,generate_opus_synthetic_programme.py@0.1,20260811,True,a2865776791ac23179929a4edb6789366c5e50f4f55463e4df274b7e3e95a2cc
PRJ-HSP,P06,L06,6,STRUCTURE,PRJ-HSP-STRUCTURE-CREW,1,location,0.18,0.157563,45.777778,51.293246,5,SYNTHETIC_RESEARCH_FIXTURE,OG-SYNTH-0.1,A-0.1,generate_opus_synthetic_programme.py@0.1,20260811,True,f509034669d42a92ec08f0a1fe28d9439028ead1b02b7b445816f74b6b6be00c
PRJ-HSP,P06,L01,1,SYSTEMS,PRJ-HSP-SYSTEMS-CREW,1,location,0.16,0.158161,38.0,39.56,5,SYNTHETIC_RESEARCH_FIXTURE,OG-SYNTH-0.1,A-0.1,generate_opus_synthetic_programme.py@0.1,20260811,True,e57c7bb41c4e6ebd9fa5c9506d8029191ced8ed4604a3e81a481ee78be9f773e
PRJ-HSP,P06,L02,2,SYSTEMS,PRJ-HSP-SYSTEMS-CREW,1,location,0.16,0.158161,44.25,45.882657,5,SYNTHETIC_RESEARCH_FIXTURE,OG-SYNTH-0.1,A-0.1,generate_opus_synthetic_programme.py@0.1,20260811,True,f46107a3a8ae8572c8c73d81dda97783d7d64c106ff9e28a3042a84ec8ff8c21
PRJ-HSP,P06,L03,3,SYSTEMS,PRJ-HSP-SYSTEMS-CREW,1,location,0.16,0.158161,50.5,52.205314,5,SYNTHETIC_RESEARCH_FIXTURE,OG-SYNTH-0.1,A-0.1,generate_opus_synthetic_programme.py@0.1,20260811,True,01a7ed403c636df1862308baa34b229791d880acb556b17ebf82ad28066526c1
PRJ-HSP,P06,L04,4,SYSTEMS,PRJ-HSP-SYSTEMS-CREW,1,location,0.16,0.158161,56.75,58.527971,5,SYNTHETIC_RESEARCH_FIXTURE,OG-SYNTH-0.1,A-0.1,generate_opus_synthetic_programme.py@0.1,20260811,True,301ae0ebf468bffdb13fbb2c9ad49b0e8f0a5313e5bb6142ebc2f9339e8ce28b
PRJ-HSP,P06,L05,5,SYSTEMS,PRJ-HSP-SYSTEMS-CREW,1,location,0.16,0.158161,63.0,64.850628,5,SYNTHETIC_RESEARCH_FIXTURE,OG-SYNTH-0.1,A-0.1,generate_opus_synthetic_programme.py@0.1,20260811,True,52c9647568775a17432755551176eb594daa932548313b885d3f91ee613a1f92
PRJ-HSP,P06,L06,6,SYSTEMS,PRJ-HSP-SYSTEMS-CREW,1,location,0.16,0.158161,69.25,71.173285,5,SYNTHETIC_RESEARCH_FIXTURE,OG-SYNTH-0.1,A-0.1,generate_opus_synthetic_programme.py@0.1,20260811,True,4d36c073694e89a99fd5c5bf576f0f252f533d5c0dba89b3044e9ebd12dfbaa0
PRJ-HSP,P06,L01,1,FINISH,PRJ-HSP-FINISH-CREW,1,location,0.2,0.198729,62.0,63.56,5,SYNTHETIC_RESEARCH_FIXTURE,OG-SYNTH-0.1,A-0.1,generate_opus_synthetic_programme.py@0.1,20260811,True,6ba42b284749fe24169a5ac3c977f0b2a81727b69def204923bcefe1da140f23
PRJ-HSP,P06,L02,2,FINISH,PRJ-HSP-FINISH-CREW,1,location,0.2,0.198729,67.0,68.591971,5,SYNTHETIC_RESEARCH_FIXTURE,OG-SYNTH-0.1,A-0.1,generate_opus_synthetic_programme.py@0.1,20260811,True,89b889222b9928f0d7182056653612db3a44e44a4be36f7ba94a3fb342ceb34a
PRJ-HSP,P06,L03,3,FINISH,PRJ-HSP-FINISH-CREW,1,location,0.2,0.198729,72.0,73.623941,5,SYNTHETIC_RESEARCH_FIXTURE,OG-SYNTH-0.1,A-0.1,generate_opus_synthetic_programme.py@0.1,20260811,True,b4d098ec1ecb3ec29611f9aa1a0684369b13766c4d08219d5c104488dc016e3a
PRJ-HSP,P06,L04,4,FINISH,PRJ-HSP-FINISH-CREW,1,location,0.2,0.198729,77.0,78.655912,5,SYNTHETIC_RESEARCH_FIXTURE,OG-SYNTH-0.1,A-0.1,generate_opus_synthetic_programme.py@0.1,20260811,True,5954783a6879992844722e6402d38bcc50a06867ef8070b96cafaf4ffce3060d
PRJ-HSP,P06,L05,5,FINISH,PRJ-HSP-FINISH-CREW,1,location,0.2,0.198729,82.0,83.687882,5,SYNTHETIC_RESEARCH_FIXTURE,OG-SYNTH-0.1,A-0.1,generate_opus_synthetic_programme.py@0.1,20260811,True,6ebfa0722c0e14421aeda9e9fd97745c5f61a216005ebc8e0053ee9233b141df
PRJ-HSP,P06,L06,6,FINISH,PRJ-HSP-FINISH-CREW,1,location,0.2,0.198729,87.0,88.719853,5,SYNTHETIC_RESEARCH_FIXTURE,OG-SYNTH-0.1,A-0.1,generate_opus_synthetic_programme.py@0.1,20260811,True,2bb5b0e61ca9b17a0fa302738606bea0666a4676a7415c2d92515a253f42d2d3
PRJ-RAL,P01,L01,1,EARLY_WORK,PRJ-RAL-EARLY_WORK-CREW,1,location,0.22,0.226295,0.0,0.16,5,SYNTHETIC_RESEARCH_FIXTURE,OG-SYNTH-0.1,A-0.1,generate_opus_synthetic_programme.py@0.1,20260811,True,37780dc5cc7d8005b7d71349e2f5ee2f5b810a540214e210e158d528b6c6e6f8
PRJ-RAL,P01,L02,2,EARLY_WORK,PRJ-RAL-EARLY_WORK-CREW,1,location,0.22,0.226295,4.545455,4.579017,5,SYNTHETIC_RESEARCH_FIXTURE,OG-SYNTH-0.1,A-0.1,generate_opus_synthetic_programme.py@0.1,20260811,True,5591ea42f9a942f46024c78a47462bf4ae77cb906672182fffbcda3f004ba8ab
PRJ-RAL,P01,L03,3,EARLY_WORK,PRJ-RAL-EARLY_WORK-CREW,1,location,0.22,0.226295,9.090909,8.998034,5,SYNTHETIC_RESEARCH_FIXTURE,OG-SYNTH-0.1,A-0.1,generate_opus_synthetic_programme.py@0.1,20260811,True,d0826ddfdc31ba4a20e0adeb13f0ed86969e023d85cf7430935bd549e8d61230
PRJ-RAL,P01,L04,4,EARLY_WORK,PRJ-RAL-EARLY_WORK-CREW,1,location,0.22,0.226295,13.636364,13.417051,5,SYNTHETIC_RESEARCH_FIXTURE,OG-SYNTH-0.1,A-0.1,generate_opus_synthetic_programme.py@0.1,20260811,True,ad9643e9e22f73cc8804ebf91a0af4fbbdad22d89dd864ef37f05965dfee48da
PRJ-RAL,P01,L05,5,EARLY_WORK,PRJ-RAL-EARLY_WORK-CREW,1,location,0.22,0.226295,18.181818,17.836068,5,SYNTHETIC_RESEARCH_FIXTURE,OG-SYNTH-0.1,A-0.1,generate_opus_synthetic_programme.py@0.1,20260811,True,942bd16c55d681c6327700f3f09f553a72cddb6bfbceb4419d4258b913ee07aa
PRJ-RAL,P01,L06,6,EARLY_WORK,PRJ-RAL-EARLY_WORK-CREW,1,location,0.22,0.226295,22.727273,22.255085,5,SYNTHETIC_RESEARCH_FIXTURE,OG-SYNTH-0.1,A-0.1,generate_opus_synthetic_programme.py@0.1,20260811,True,873ccd48d6b7c6311ef469908ebeb9a3ad58b6688ae567fb428399d651bd4474
PRJ-RAL,P01,L01,1,STRUCTURE,PRJ-RAL-STRUCTURE-CREW,1,location,0.18,0.177183,18.0,18.16,5,SYNTHETIC_RESEARCH_FIXTURE,OG-SYNTH-0.1,A-0.1,generate_opus_synthetic_programme.py@0.1,20260811,True,d840b3c1d3a38ca9c31c494658f14fad21f19e20ccb65d2f0404dfe0c0309d61
PRJ-RAL,P01,L02,2,STRUCTURE,PRJ-RAL-STRUCTURE-CREW,1,location,0.18,0.177183,23.555556,23.803886,5,SYNTHETIC_RESEARCH_FIXTURE,OG-SYNTH-0.1,A-0.1,generate_opus_synthetic_programme.py@0.1,20260811,True,7baa5179149a34b2da96ab669ff09415ae7ab4280d964718895bb5ddc49c3f8f
PRJ-RAL,P01,L03,3,STRUCTURE,PRJ-RAL-STRUCTURE-CREW,1,location,0.18,0.177183,29.111111,29.447773,5,SYNTHETIC_RESEARCH_FIXTURE,OG-SYNTH-0.1,A-0.1,generate_opus_synthetic_programme.py@0.1,20260811,True,28b32497a3e092e28368be2558e9d69f6935020d49479f0940d96bb2b18d8d93
PRJ-RAL,P01,L04,4,STRUCTURE,PRJ-RAL-STRUCTURE-CREW,1,location,0.18,0.177183,34.666667,35.091659,5,SYNTHETIC_RESEARCH_FIXTURE,OG-SYNTH-0.1,A-0.1,generate_opus_synthetic_programme.py@0.1,20260811,True,be570d8f6f94d87902f923fa2f66784d94213bc5bd1ee8a57c0941121021adbf
PRJ-RAL,P01,L05,5,STRUCTURE,PRJ-RAL-STRUCTURE-CREW,1,location,0.18,0.177183,40.222222,40.735546,5,SYNTHETIC_RESEARCH_FIXTURE,OG-SYNTH-0.1,A-0.1,generate_opus_synthetic_programme.py@0.1,20260811,True,4e2c947992eff7a63930e0cc8474ea2858af9a9f85ea2d776c781e97dfd7a20c
PRJ-RAL,P01,L06,6,STRUCTURE,PRJ-RAL-STRUCTURE-CREW,1,location,0.18,0.177183,45.777778,46.379432,5,SYNTHETIC_RESEARCH_FIXTURE,OG-SYNTH-0.1,A-0.1,generate_opus_synthetic_programme.py@0.1,20260811,True,60daa31abdfd80515aac75fdb7e856d39adcddc04f0809e1d3d6330d5d23a4fe
PRJ-RAL,P01,L01,1,SYSTEMS,PRJ-RAL-SYSTEMS-CREW,1,location,0.16,0.143686,38.0,38.16,5,SYNTHETIC_RESEARCH_FIXTURE,OG-SYNTH-0.1,A-0.1,generate_opus_synthetic_programme.py@0.1,20260811,True,274367ace28281ead959d6aa8fac42d03b96a01f544010042f979b986d860619
PRJ-RAL,P01,L02,2,SYSTEMS,PRJ-RAL-SYSTEMS-CREW,1,location,0.16,0.143686,44.25,45.119597,5,SYNTHETIC_RESEARCH_FIXTURE,OG-SYNTH-0.1,A-0.1,generate_opus_synthetic_programme.py@0.1,20260811,True,35c455679aa59360a1f0bc1d5cd80e30b7526641a96f33488d3ff0e1a5eeed1b
PRJ-RAL,P01,L03,3,SYSTEMS,PRJ-RAL-SYSTEMS-CREW,1,location,0.16,0.143686,50.5,52.079194,5,SYNTHETIC_RESEARCH_FIXTURE,OG-SYNTH-0.1,A-0.1,generate_opus_synthetic_programme.py@0.1,20260811,True,7d3b0dcbd35858c60331be7e2fbf7bee0ef7fde3e82d204ea9e0722bfed07826
PRJ-RAL,P01,L04,4,SYSTEMS,PRJ-RAL-SYSTEMS-CREW,1,location,0.16,0.143686,56.75,59.038792,5,SYNTHETIC_RESEARCH_FIXTURE,OG-SYNTH-0.1,A-0.1,generate_opus_synthetic_programme.py@0.1,20260811,True,b7f031b2dc0eb5a35e21e5e1ab783864e5133d369472cb0f3f5284415b3e3fe1
PRJ-RAL,P01,L05,5,SYSTEMS,PRJ-RAL-SYSTEMS-CREW,1,location,0.16,0.143686,63.0,65.998389,5,SYNTHETIC_RESEARCH_FIXTURE,OG-SYNTH-0.1,A-0.1,generate_opus_synthetic_programme.py@0.1,20260811,True,7553f0a74edfce26907c28a1684be6bc84d34fdf20cd8746ddeae5d742216734
PRJ-RAL,P01,L06,6,SYSTEMS,PRJ-RAL-SYSTEMS-CREW,1,location,0.16,0.143686,69.25,72.957986,5,SYNTHETIC_RESEARCH_FIXTURE,OG-SYNTH-0.1,A-0.1,generate_opus_synthetic_programme.py@0.1,20260811,True,fcd3125422a597f069fa0253dad55b08c56ca24e9911ebcbc03ff8e316bd679d
PRJ-RAL,P01,L01,1,FINISH,PRJ-RAL-FINISH-CREW,1,location,0.2,0.180756,62.0,62.16,5,SYNTHETIC_RESEARCH_FIXTURE,OG-SYNTH-0.1,A-0.1,generate_opus_synthetic_programme.py@0.1,20260811,True,87e00248c75fe341272125c167c80245616de4006843e3d12f6a7631708faf8e
PRJ-RAL,P01,L02,2,FINISH,PRJ-RAL-FINISH-CREW,1,location,0.2,0.180756,67.0,67.692322,5,SYNTHETIC_RESEARCH_FIXTURE,OG-SYNTH-0.1,A-0.1,generate_opus_synthetic_programme.py@0.1,20260811,True,31a8360b422c7aabb81bf1efa53f7706cd1b8a9dba427f1019186a50898c9d79
PRJ-RAL,P01,L03,3,FINISH,PRJ-RAL-FINISH-CREW,1,location,0.2,0.180756,72.0,73.224644,5,SYNTHETIC_RESEARCH_FIXTURE,OG-SYNTH-0.1,A-0.1,generate_opus_synthetic_programme.py@0.1,20260811,True,5eebd82eae456621169b045919f6345cb7c0115db7a4c14c8dfdcffdcbe17553
PRJ-RAL,P01,L04,4,FINISH,PRJ-RAL-FINISH-CREW,1,location,0.2,0.180756,77.0,78.756965,5,SYNTHETIC_RESEARCH_FIXTURE,OG-SYNTH-0.1,A-0.1,generate_opus_synthetic_programme.py@0.1,20260811,True,bed987adeef3cf818cf70fd697d1a0b375767a2b6b253d589aa496fea76a8517
PRJ-RAL,P01,L05,5,FINISH,PRJ-RAL-FINISH-CREW,1,location,0.2,0.180756,82.0,84.289287,5,SYNTHETIC_RESEARCH_FIXTURE,OG-SYNTH-0.1,A-0.1,generate_opus_synthetic_programme.py@0.1,20260811,True,8b352a19fe929f0416799531be22424f42f1cd5f188d926d852addd6750ca5c4
PRJ-RAL,P01,L06,6,FINISH,PRJ-RAL-FINISH-CREW,1,location,0.2,0.180756,87.0,89.821609,5,SYNTHETIC_RESEARCH_FIXTURE,OG-SYNTH-0.1,A-0.1,generate_opus_synthetic_programme.py@0.1,20260811,True,60a9e29c86923affba101d77c101d83fd4c6d99a254028f57059a3b7e2c3c6d5
PRJ-RAL,P02,L01,1,EARLY_WORK,PRJ-RAL-EARLY_WORK-CREW,1,location,0.22,0.227648,0.0,0.32,5,SYNTHETIC_RESEARCH_FIXTURE,OG-SYNTH-0.1,A-0.1,generate_opus_synthetic_programme.py@0.1,20260811,True,59b5325941eba3e65466820a196114201ba222236177d29a2f2c4b4288b783f3
PRJ-RAL,P02,L02,2,EARLY_WORK,PRJ-RAL-EARLY_WORK-CREW,1,location,0.22,0.227648,4.545455,4.712756,5,SYNTHETIC_RESEARCH_FIXTURE,OG-SYNTH-0.1,A-0.1,generate_opus_synthetic_programme.py@0.1,20260811,True,01e307629bb3ddc5154a0984cc2dbaf20c495f2a2371470b365749ec696c9b5f
PRJ-RAL,P02,L03,3,EARLY_WORK,PRJ-RAL-EARLY_WORK-CREW,1,location,0.22,0.227648,9.090909,9.105512,5,SYNTHETIC_RESEARCH_FIXTURE,OG-SYNTH-0.1,A-0.1,generate_opus_synthetic_programme.py@0.1,20260811,True,b792a41bbba6009f665b47945df1c27ef7fd113057a5586b9bd2c08d635ab81d
PRJ-RAL,P02,L04,4,EARLY_WORK,PRJ-RAL-EARLY_WORK-CREW,1,location,0.22,0.227648,13.636364,13.498268,5,SYNTHETIC_RESEARCH_FIXTURE,OG-SYNTH-0.1,A-0.1,generate_opus_synthetic_programme.py@0.1,20260811,True,b572e56967d5c3f6c372c237489f2ca0748a3a43b07f4214a012a5e4b92d8470
PRJ-RAL,P02,L05,5,EARLY_WORK,PRJ-RAL-EARLY_WORK-CREW,1,location,0.22,0.227648,18.181818,17.891024,5,SYNTHETIC_RESEARCH_FIXTURE,OG-SYNTH-0.1,A-0.1,generate_opus_synthetic_programme.py@0.1,20260811,True,f97ef432b119bd396ee24db49b31800b8df0af6366596cb9866457f3da05bb79
PRJ-RAL,P02,L06,6,EARLY_WORK,PRJ-RAL-EARLY_WORK-CREW,1,location,0.22,0.227648,22.727273,22.28378,5,SYNTHETIC_RESEARCH_FIXTURE,OG-SYNTH-0.1,A-0.1,generate_opus_synthetic_programme.py@0.1,20260811,True,290f562a06f96bd764824b02b3056c4a2ca7a66e023600f39450bde6eb469dd7
PRJ-RAL,P02,L01,1,STRUCTURE,PRJ-RAL-STRUCTURE-CREW,1,location,0.18,0.171586,18.0,18.32,5,SYNTHETIC_RESEARCH_FIXTURE,OG-SYNTH-0.1,A-0.1,generate_opus_synthetic_programme.py@0.1,20260811,True,206da7158cdff9e51893b9e23935294e5e1e864c50086caa8ea7964a797919e4
PRJ-RAL,P02,L02,2,STRUCTURE,PRJ-RAL-STRUCTURE-CREW,1,location,0.18,0.171586,23.555556,24.147993,5,SYNTHETIC_RESEARCH_FIXTURE,OG-SYNTH-0.1,A-0.1,generate_opus_synthetic_programme.py@0.1,20260811,True,dcba3b21562b5761c3b6cae0c56b6b93579bea2e229b966fb22a7d35d0d05c7d
PRJ-RAL,P02,L03,3,STRUCTURE,PRJ-RAL-STRUCTURE-CREW,1,location,0.18,0.171586,29.111111,29.975986,5,SYNTHETIC_RESEARCH_FIXTURE,OG-SYNTH-0.1,A-0.1,generate_opus_synthetic_programme.py@0.1,20260811,True,9f9715893a1bce3219e974a8bc0910077c6961b9f9d9bb96d6a175484219bae9
PRJ-RAL,P02,L04,4,STRUCTURE,PRJ-RAL-STRUCTURE-CREW,1,location,0.18,0.171586,34.666667,35.803979,5,SYNTHETIC_RESEARCH_FIXTURE,OG-SYNTH-0.1,A-0.1,generate_opus_synthetic_programme.py@0.1,20260811,True,4bb282d9a42a2787d32faa91969dc58818b522cb710090a538a2411c57e66748
PRJ-RAL,P02,L05,5,STRUCTURE,PRJ-RAL-STRUCTURE-CREW,1,location,0.18,0.171586,40.222222,41.631973,5,SYNTHETIC_RESEARCH_FIXTURE,OG-SYNTH-0.1,A-0.1,generate_opus_synthetic_programme.py@0.1,20260811,True,73f0bf82054c8cba0185c85d932e9409bedf51215da5873bab7dcd691f6edcf4
PRJ-RAL,P02,L06,6,STRUCTURE,PRJ-RAL-STRUCTURE-CREW,1,location,0.18,0.171586,45.777778,47.459966,5,SYNTHETIC_RESEARCH_FIXTURE,OG-SYNTH-0.1,A-0.1,generate_opus_synthetic_programme.py@0.1,20260811,True,4ba900606150a2c3fb3d5438856fb66994912f0c90f61b02d7034b4b753dd7a0
PRJ-RAL,P02,L01,1,SYSTEMS,PRJ-RAL-SYSTEMS-CREW,1,location,0.16,0.164843,38.0,38.32,5,SYNTHETIC_RESEARCH_FIXTURE,OG-SYNTH-0.1,A-0.1,generate_opus_synthetic_programme.py@0.1,20260811,True,b6e7147b4ae1b419580e4087df0729a77b3a348a819224de6692c73cb8965f41
PRJ-RAL,P02,L02,2,SYSTEMS,PRJ-RAL-SYSTEMS-CREW,1,location,0.16,0.164843,44.25,44.386393,5,SYNTHETIC_RESEARCH_FIXTURE,OG-SYNTH-0.1,A-0.1,generate_opus_synthetic_programme.py@0.1,20260811,True,8b1faf7b892744a2a04b8915d19af4e7eb90cca6c20ad80770f3bf23869fd1a1
PRJ-RAL,P02,L03,3,SYSTEMS,PRJ-RAL-SYSTEMS-CREW,1,location,0.16,0.164843,50.5,50.452787,5,SYNTHETIC_RESEARCH_FIXTURE,OG-SYNTH-0.1,A-0.1,generate_opus_synthetic_programme.py@0.1,20260811,True,564ee9cc468bbb9902600f067c0f7c0612c892907b7c309a3bcb2a0c43c71959
PRJ-RAL,P02,L04,4,SYSTEMS,PRJ-RAL-SYSTEMS-CREW,1,location,0.16,0.164843,56.75,56.51918,5,SYNTHETIC_RESEARCH_FIXTURE,OG-SYNTH-0.1,A-0.1,generate_opus_synthetic_programme.py@0.1,20260811,True,f64bf2d26b3f144f1b71b4c47cafd542a04f50163533a281ee1c4acbbb3971c1
PRJ-RAL,P02,L05,5,SYSTEMS,PRJ-RAL-SYSTEMS-CREW,1,location,0.16,0.164843,63.0,62.585574,5,SYNTHETIC_RESEARCH_FIXTURE,OG-SYNTH-0.1,A-0.1,generate_opus_synthetic_programme.py@0.1,20260811,True,b69660fcb7f1a1c69435bdcc9a22300923994585bc0f4fc51186181c71113b1d
PRJ-RAL,P02,L06,6,SYSTEMS,PRJ-RAL-SYSTEMS-CREW,1,location,0.16,0.164843,69.25,68.651967,5,SYNTHETIC_RESEARCH_FIXTURE,OG-SYNTH-0.1,A-0.1,generate_opus_synthetic_programme.py@0.1,20260811,True,a27409fefc6f5352c762784a62ec9eb6ad5ea251125eebcb7fa18d6821b7403e
PRJ-RAL,P02,L01,1,FINISH,PRJ-RAL-FINISH-CREW,1,location,0.2,0.20284,62.0,62.32,5,SYNTHETIC_RESEARCH_FIXTURE,OG-SYNTH-0.1,A-0.1,generate_opus_synthetic_programme.py@0.1,20260811,True,0e0e1cafcd75dde47bca361ce5292f1c2a036c3abb254cd8e909e6a7bed80e73
PRJ-RAL,P02,L02,2,FINISH,PRJ-RAL-FINISH-CREW,1,location,0.2,0.20284,67.0,67.249987,5,SYNTHETIC_RESEARCH_FIXTURE,OG-SYNTH-0.1,A-0.1,generate_opus_synthetic_programme.py@0.1,20260811,True,6c47e4bfa33de9cc46f87d37039134f8af332e72b3a953c443b64f585f53e97a
PRJ-RAL,P02,L03,3,FINISH,PRJ-RAL-FINISH-CREW,1,location,0.2,0.20284,72.0,72.179974,5,SYNTHETIC_RESEARCH_FIXTURE,OG-SYNTH-0.1,A-0.1,generate_opus_synthetic_programme.py@0.1,20260811,True,f789ddc3f9dd1cc16208c51528d6f98a7786909d5f392f8ce25d35b2f1139b7b
PRJ-RAL,P02,L04,4,FINISH,PRJ-RAL-FINISH-CREW,1,location,0.2,0.20284,77.0,77.109961,5,SYNTHETIC_RESEARCH_FIXTURE,OG-SYNTH-0.1,A-0.1,generate_opus_synthetic_programme.py@0.1,20260811,True,c63fb590520a3cc8dab97bac7f9a507eb13d938d8be7b7939104175ceffa7482
PRJ-RAL,P02,L05,5,FINISH,PRJ-RAL-FINISH-CREW,1,location,0.2,0.20284,82.0,82.039948,5,SYNTHETIC_RESEARCH_FIXTURE,OG-SYNTH-0.1,A-0.1,generate_opus_synthetic_programme.py@0.1,20260811,True,231b42c867b6ebf83fc7177f52334b6c30fe51d91cafb6c9ea6f1da3a4e6bbba
PRJ-RAL,P02,L06,6,FINISH,PRJ-RAL-FINISH-CREW,1,location,0.2,0.20284,87.0,86.969935,5,SYNTHETIC_RESEARCH_FIXTURE,OG-SYNTH-0.1,A-0.1,generate_opus_synthetic_programme.py@0.1,20260811,True,84c8e21aa95e061c515bef918f460d9aa88511dc5f2a765fe64fc3e64de61de1
PRJ-RAL,P03,L01,1,EARLY_WORK,PRJ-RAL-EARLY_WORK-CREW,1,location,0.22,0.211609,0.0,0.48,5,SYNTHETIC_RESEARCH_FIXTURE,OG-SYNTH-0.1,A-0.1,generate_opus_synthetic_programme.py@0.1,20260811,True,a68e701cc3063632a8a4805887ea44051da592a8e41003a9ad94fe291c672e5e
PRJ-RAL,P03,L02,2,EARLY_WORK,PRJ-RAL-EARLY_WORK-CREW,1,location,0.22,0.211609,4.545455,5.205707,5,SYNTHETIC_RESEARCH_FIXTURE,OG-SYNTH-0.1,A-0.1,generate_opus_synthetic_programme.py@0.1,20260811,True,d4a60806089d99d3949bf4707b3e8d8308372078e5a24cd90f7c6f542faf7f9f
PRJ-RAL,P03,L03,3,EARLY_WORK,PRJ-RAL-EARLY_WORK-CREW,1,location,0.22,0.211609,9.090909,9.931414,5,SYNTHETIC_RESEARCH_FIXTURE,OG-SYNTH-0.1,A-0.1,generate_opus_synthetic_programme.py@0.1,20260811,True,5ab3d31b7fda67dfa658a6997e9a02f5417932d52c591aa65e389258d7d64938
PRJ-RAL,P03,L04,4,EARLY_WORK,PRJ-RAL-EARLY_WORK-CREW,1,location,0.22,0.211609,13.636364,14.65712,5,SYNTHETIC_RESEARCH_FIXTURE,OG-SYNTH-0.1,A-0.1,generate_opus_synthetic_programme.py@0.1,20260811,True,398bff85222a347ff2714ed4fa1656a6fc739dcb64c10f4e09111627c7e687c0
PRJ-RAL,P03,L05,5,EARLY_WORK,PRJ-RAL-EARLY_WORK-CREW,1,location,0.22,0.211609,18.181818,19.382827,5,SYNTHETIC_RESEARCH_FIXTURE,OG-SYNTH-0.1,A-0.1,generate_opus_synthetic_programme.py@0.1,20260811,True,1df7bf434a915a6ba9068934a82fa6c24ab743c4e8634f1fb31bf58a47ebaf79
PRJ-RAL,P03,L06,6,EARLY_WORK,PRJ-RAL-EARLY_WORK-CREW,1,location,0.22,0.211609,22.727273,24.108534,5,SYNTHETIC_RESEARCH_FIXTURE,OG-SYNTH-0.1,A-0.1,generate_opus_synthetic_programme.py@0.1,20260811,True,9549d0435805f71de294bd356567c2de1b7d8b6bb712a5f7e6f23842c0e73587
PRJ-RAL,P03,L01,1,STRUCTURE,PRJ-RAL-STRUCTURE-CREW,1,location,0.18,0.17021,18.0,18.48,5,SYNTHETIC_RESEARCH_FIXTURE,OG-SYNTH-0.1,A-0.1,generate_opus_synthetic_programme.py@0.1,20260811,True,45706a4158075eff72dc86f2af21ff1e919afef93fef47133d0a177e7267a508
PRJ-RAL,P03,L02,2,STRUCTURE,PRJ-RAL-STRUCTURE-CREW,1,location,0.18,0.17021,23.555556,24.355087,5,SYNTHETIC_RESEARCH_FIXTURE,OG-SYNTH-0.1,A-0.1,generate_opus_synthetic_programme.py@0.1,20260811,True,19763af967d988f8725ec21e23123c4063a019a69b3a94b2e55ac9d600a78eb6
PRJ-RAL,P03,L03,3,STRUCTURE,PRJ-RAL-STRUCTURE-CREW,1,location,0.18,0.17021,29.111111,30.230174,5,SYNTHETIC_RESEARCH_FIXTURE,OG-SYNTH-0.1,A-0.1,generate_opus_synthetic_programme.py@0.1,20260811,True,29281b0a2ab580250ea87f2d2933b1d99b5954bc9314abf4bcb616f9bd4459a2
PRJ-RAL,P03,L04,4,STRUCTURE,PRJ-RAL-STRUCTURE-CREW,1,location,0.18,0.17021,34.666667,36.105262,5,SYNTHETIC_RESEARCH_FIXTURE,OG-SYNTH-0.1,A-0.1,generate_opus_synthetic_programme.py@0.1,20260811,True,60a0ce8485061c8b407cc371dd0054d1a7b19a306b38ad7b233f7d560de192fa
PRJ-RAL,P03,L05,5,STRUCTURE,PRJ-RAL-STRUCTURE-CREW,1,location,0.18,0.17021,40.222222,41.980349,5,SYNTHETIC_RESEARCH_FIXTURE,OG-SYNTH-0.1,A-0.1,generate_opus_synthetic_programme.py@0.1,20260811,True,9970b18ba2c86d6d3b6326861307e9b1e02a6ca4a4e8f68fc0bb4569e8c53d20
PRJ-RAL,P03,L06,6,STRUCTURE,PRJ-RAL-STRUCTURE-CREW,1,location,0.18,0.17021,45.777778,47.855436,5,SYNTHETIC_RESEARCH_FIXTURE,OG-SYNTH-0.1,A-0.1,generate_opus_synthetic_programme.py@0.1,20260811,True,59ab2e71e73e5648aca53c84d6513a05094122179f2523aa5578f6a18a2bbd84
PRJ-RAL,P03,L01,1,SYSTEMS,PRJ-RAL-SYSTEMS-CREW,1,location,0.16,0.126391,38.0,38.48,5,SYNTHETIC_RESEARCH_FIXTURE,OG-SYNTH-0.1,A-0.1,generate_opus_synthetic_programme.py@0.1,20260811,True,eb99060890d2c1108d9353d4ec1fe4d84374cdc9ec1e6cfde09fe71d5f36967e
PRJ-RAL,P03,L02,2,SYSTEMS,PRJ-RAL-SYSTEMS-CREW,1,location,0.16,0.126391,44.25,46.391935,5,SYNTHETIC_RESEARCH_FIXTURE,OG-SYNTH-0.1,A-0.1,generate_opus_synthetic_programme.py@0.1,20260811,True,14301b78dafdc6b8c890a99a4b8b2dcd752ba54d323bdd7d26a97a0ee9468126
PRJ-RAL,P03,L03,3,SYSTEMS,PRJ-RAL-SYSTEMS-CREW,1,location,0.16,0.126391,50.5,54.303871,5,SYNTHETIC_RESEARCH_FIXTURE,OG-SYNTH-0.1,A-0.1,generate_opus_synthetic_programme.py@0.1,20260811,True,a2e3dab814e2946f08df3c6d86dacd52dc3902ecdd9f6cb695e865fd41b76792
PRJ-RAL,P03,L04,4,SYSTEMS,PRJ-RAL-SYSTEMS-CREW,1,location,0.16,0.126391,56.75,62.215806,5,SYNTHETIC_RESEARCH_FIXTURE,OG-SYNTH-0.1,A-0.1,generate_opus_synthetic_programme.py@0.1,20260811,True,9b202dbee2354d9d38d1cb39c35f8937fe0bfecf1b641e18e20ebfd51ff6e13f
PRJ-RAL,P03,L05,5,SYSTEMS,PRJ-RAL-SYSTEMS-CREW,1,location,0.16,0.126391,63.0,70.127741,5,SYNTHETIC_RESEARCH_FIXTURE,OG-SYNTH-0.1,A-0.1,generate_opus_synthetic_programme.py@0.1,20260811,True,ede7a83be40d112a698e534e6585d9cb45442109fc6e7891aab2874c95e19ac5
PRJ-RAL,P03,L06,6,SYSTEMS,PRJ-RAL-SYSTEMS-CREW,1,location,0.16,0.126391,69.25,78.039677,5,SYNTHETIC_RESEARCH_FIXTURE,OG-SYNTH-0.1,A-0.1,generate_opus_synthetic_programme.py@0.1,20260811,True,8aebbcb97d77e32a93112b7fd9f5e69f6181153b6646209faf973baf0b973ece
PRJ-RAL,P03,L01,1,FINISH,PRJ-RAL-FINISH-CREW,1,location,0.2,0.182753,62.0,62.48,5,SYNTHETIC_RESEARCH_FIXTURE,OG-SYNTH-0.1,A-0.1,generate_opus_synthetic_programme.py@0.1,20260811,True,4818470d6c65858ef8eeaf46b5e7df88ecb83a1832ed0f826c2b8f4946677453
PRJ-RAL,P03,L02,2,FINISH,PRJ-RAL-FINISH-CREW,1,location,0.2,0.182753,67.0,67.951857,5,SYNTHETIC_RESEARCH_FIXTURE,OG-SYNTH-0.1,A-0.1,generate_opus_synthetic_programme.py@0.1,20260811,True,b35b2561dc136aebaf4f411043ca3ea528d2fee0a588f6309670fd3c4529fc17
PRJ-RAL,P03,L03,3,FINISH,PRJ-RAL-FINISH-CREW,1,location,0.2,0.182753,72.0,73.423714,5,SYNTHETIC_RESEARCH_FIXTURE,OG-SYNTH-0.1,A-0.1,generate_opus_synthetic_programme.py@0.1,20260811,True,4383c28b29654d06ec988b4757a90387a96bccbba478cce93d4ec8e51728ab7c
PRJ-RAL,P03,L04,4,FINISH,PRJ-RAL-FINISH-CREW,1,location,0.2,0.182753,77.0,78.89557,5,SYNTHETIC_RESEARCH_FIXTURE,OG-SYNTH-0.1,A-0.1,generate_opus_synthetic_programme.py@0.1,20260811,True,04e20f632364f503492b2b8546efbb2b095700244c49f6c1927731047cf3cccf
PRJ-RAL,P03,L05,5,FINISH,PRJ-RAL-FINISH-CREW,1,location,0.2,0.182753,82.0,84.367427,5,SYNTHETIC_RESEARCH_FIXTURE,OG-SYNTH-0.1,A-0.1,generate_opus_synthetic_programme.py@0.1,20260811,True,108c289ec07241c424d2cc4c465c5cb92e0fc4567666a51fee59f89ba8d7541b
PRJ-RAL,P03,L06,6,FINISH,PRJ-RAL-FINISH-CREW,1,location,0.2,0.182753,87.0,89.839284,5,SYNTHETIC_RESEARCH_FIXTURE,OG-SYNTH-0.1,A-0.1,generate_opus_synthetic_programme.py@0.1,20260811,True,fc02bfbe2485b13889b99aeb4db6b4aad5318fee5b796b5447b41223fe26276a
PRJ-RAL,P04,L01,1,EARLY_WORK,PRJ-RAL-EARLY_WORK-CREW,1,location,0.22,0.18801,0.0,0.64,5,SYNTHETIC_RESEARCH_FIXTURE,OG-SYNTH-0.1,A-0.1,generate_opus_synthetic_programme.py@0.1,20260811,True,0c22518f6ac27af74084d68cb982aad75eb1ffc2dcc47dcc8784077ed941d97a
PRJ-RAL,P04,L02,2,EARLY_WORK,PRJ-RAL-EARLY_WORK-CREW,1,location,0.22,0.18801,4.545455,5.958869,5,SYNTHETIC_RESEARCH_FIXTURE,OG-SYNTH-0.1,A-0.1,generate_opus_synthetic_programme.py@0.1,20260811,True,875b8f4c4af34c2108bbb69b2674004a95910fce272563198e022882e13485c0
PRJ-RAL,P04,L03,3,EARLY_WORK,PRJ-RAL-EARLY_WORK-CREW,1,location,0.22,0.18801,9.090909,11.277738,5,SYNTHETIC_RESEARCH_FIXTURE,OG-SYNTH-0.1,A-0.1,generate_opus_synthetic_programme.py@0.1,20260811,True,0e12d514d81ba7d6203892fb599776f8810bb35879917c376a32dbd7b8a119bd
PRJ-RAL,P04,L04,4,EARLY_WORK,PRJ-RAL-EARLY_WORK-CREW,1,location,0.22,0.18801,13.636364,16.596607,5,SYNTHETIC_RESEARCH_FIXTURE,OG-SYNTH-0.1,A-0.1,generate_opus_synthetic_programme.py@0.1,20260811,True,427322276e0cedafd29384d0f92f0838397a97cb5c96ebfc557615633b8f2b5e
PRJ-RAL,P04,L05,5,EARLY_WORK,PRJ-RAL-EARLY_WORK-CREW,1,location,0.22,0.18801,18.181818,21.915475,5,SYNTHETIC_RESEARCH_FIXTURE,OG-SYNTH-0.1,A-0.1,generate_opus_synthetic_programme.py@0.1,20260811,True,eb535c39626433ba775376eaa922067dc7af701fdb1b2f786b744dba5c21b995
PRJ-RAL,P04,L06,6,EARLY_WORK,PRJ-RAL-EARLY_WORK-CREW,1,location,0.22,0.18801,22.727273,27.234344,5,SYNTHETIC_RESEARCH_FIXTURE,OG-SYNTH-0.1,A-0.1,generate_opus_synthetic_programme.py@0.1,20260811,True,bf5787c0ba039744512f56b390439da5a0ef61e54061b84737dd29b8f5393a2a
PRJ-RAL,P04,L01,1,STRUCTURE,PRJ-RAL-STRUCTURE-CREW,1,location,0.18,0.173574,18.0,18.64,5,SYNTHETIC_RESEARCH_FIXTURE,OG-SYNTH-0.1,A-0.1,generate_opus_synthetic_programme.py@0.1,20260811,True,5ed12969e0489efeacf47bfcbeab786a125a8d75a8d9ae23f047e472bde8756f
PRJ-RAL,P04,L02,2,STRUCTURE,PRJ-RAL-STRUCTURE-CREW,1,location,0.18,0.173574,23.555556,24.401239,5,SYNTHETIC_RESEARCH_FIXTURE,OG-SYNTH-0.1,A-0.1,generate_opus_synthetic_programme.py@0.1,20260811,True,4789b178c55857ec158de4c2468393de10f342c5f7d348bd3a91f18751d4c3b3
PRJ-RAL,P04,L03,3,STRUCTURE,PRJ-RAL-STRUCTURE-CREW,1,location,0.18,0.173574,29.111111,30.162479,5,SYNTHETIC_RESEARCH_FIXTURE,OG-SYNTH-0.1,A-0.1,generate_opus_synthetic_programme.py@0.1,20260811,True,ca6c36647674cfc22470b89831eaf0981efddcd372b88e6045b2d09695a16a7c
PRJ-RAL,P04,L04,4,STRUCTURE,PRJ-RAL-STRUCTURE-CREW,1,location,0.18,0.173574,34.666667,35.923718,5,SYNTHETIC_RESEARCH_FIXTURE,OG-SYNTH-0.1,A-0.1,generate_opus_synthetic_programme.py@0.1,20260811,True,56fce532da250251dee0ac3c85022c9eb0ef2e08f17580e2ccbda4c16080d7f4
PRJ-RAL,P04,L05,5,STRUCTURE,PRJ-RAL-STRUCTURE-CREW,1,location,0.18,0.173574,40.222222,41.684958,5,SYNTHETIC_RESEARCH_FIXTURE,OG-SYNTH-0.1,A-0.1,generate_opus_synthetic_programme.py@0.1,20260811,True,cead45aa7a39b743aeb2f8d1102d4d3a752d067d521a113fae3a2879bc463ee7
PRJ-RAL,P04,L06,6,STRUCTURE,PRJ-RAL-STRUCTURE-CREW,1,location,0.18,0.173574,45.777778,47.446197,5,SYNTHETIC_RESEARCH_FIXTURE,OG-SYNTH-0.1,A-0.1,generate_opus_synthetic_programme.py@0.1,20260811,True,31299018e0bd9ee1c9dcedb080a25b467533ada4075e8d18ee7a7d04d84d8441
PRJ-RAL,P04,L01,1,SYSTEMS,PRJ-RAL-SYSTEMS-CREW,1,location,0.16,0.151017,38.0,38.64,5,SYNTHETIC_RESEARCH_FIXTURE,OG-SYNTH-0.1,A-0.1,generate_opus_synthetic_programme.py@0.1,20260811,True,1d5e423aa7edd23228e9cd83ce97ce6f612d1653d3b420b0a6dc28b79ab7ad26
PRJ-RAL,P04,L02,2,SYSTEMS,PRJ-RAL-SYSTEMS-CREW,1,location,0.16,0.151017,44.25,45.261763,5,SYNTHETIC_RESEARCH_FIXTURE,OG-SYNTH-0.1,A-0.1,generate_opus_synthetic_programme.py@0.1,20260811,True,40a58f27cd1c8099ed84ae23034970e9b2556a0a61da213a558387fc9bc52966
PRJ-RAL,P04,L03,3,SYSTEMS,PRJ-RAL-SYSTEMS-CREW,1,location,0.16,0.151017,50.5,51.883526,5,SYNTHETIC_RESEARCH_FIXTURE,OG-SYNTH-0.1,A-0.1,generate_opus_synthetic_programme.py@0.1,20260811,True,2710e22d87bfcd546a01cb34b73383b0d4dfd27690db75595d778f52ec7d8edd
PRJ-RAL,P04,L04,4,SYSTEMS,PRJ-RAL-SYSTEMS-CREW,1,location,0.16,0.151017,56.75,58.505289,5,SYNTHETIC_RESEARCH_FIXTURE,OG-SYNTH-0.1,A-0.1,generate_opus_synthetic_programme.py@0.1,20260811,True,a96ba515d630ca9b4b39831a6d2a4f6a003774151caec5dd13cef8498fee264d
PRJ-RAL,P04,L05,5,SYSTEMS,PRJ-RAL-SYSTEMS-CREW,1,location,0.16,0.151017,63.0,65.127052,5,SYNTHETIC_RESEARCH_FIXTURE,OG-SYNTH-0.1,A-0.1,generate_opus_synthetic_programme.py@0.1,20260811,True,bad756023137e813d52ba17d3172d0f7ba7005a459214e31cd2dfaba07352ee3
PRJ-RAL,P04,L06,6,SYSTEMS,PRJ-RAL-SYSTEMS-CREW,1,location,0.16,0.151017,69.25,71.748815,5,SYNTHETIC_RESEARCH_FIXTURE,OG-SYNTH-0.1,A-0.1,generate_opus_synthetic_programme.py@0.1,20260811,True,6132771daa12f64a59cddccac22203ac67a2b5a6841589d7aab375e3dd0acfdd
PRJ-RAL,P04,L01,1,FINISH,PRJ-RAL-FINISH-CREW,1,location,0.2,0.190092,62.0,62.64,5,SYNTHETIC_RESEARCH_FIXTURE,OG-SYNTH-0.1,A-0.1,generate_opus_synthetic_programme.py@0.1,20260811,True,d117e4687decb1bfdf0f855f77b0aab505944c04bbb2b2e9a7bc739dabad5fcc
PRJ-RAL,P04,L02,2,FINISH,PRJ-RAL-FINISH-CREW,1,location,0.2,0.190092,67.0,67.900616,5,SYNTHETIC_RESEARCH_FIXTURE,OG-SYNTH-0.1,A-0.1,generate_opus_synthetic_programme.py@0.1,20260811,True,15e43a3ae8c24f45dc8bdf9f94b7488f09a4342be0e42563d5ffd1d130bd794d
PRJ-RAL,P04,L03,3,FINISH,PRJ-RAL-FINISH-CREW,1,location,0.2,0.190092,72.0,73.161233,5,SYNTHETIC_RESEARCH_FIXTURE,OG-SYNTH-0.1,A-0.1,generate_opus_synthetic_programme.py@0.1,20260811,True,da85f4c0def29cecdc1783d6db0bd2ac598fd70d7fa46af11ed8c37bc93126bf
PRJ-RAL,P04,L04,4,FINISH,PRJ-RAL-FINISH-CREW,1,location,0.2,0.190092,77.0,78.421849,5,SYNTHETIC_RESEARCH_FIXTURE,OG-SYNTH-0.1,A-0.1,generate_opus_synthetic_programme.py@0.1,20260811,True,7c04a8f011197e80cf53d6b1e36e6da6b6cf1f754757b8575c0f5685f0f2d411
PRJ-RAL,P04,L05,5,FINISH,PRJ-RAL-FINISH-CREW,1,location,0.2,0.190092,82.0,83.682465,5,SYNTHETIC_RESEARCH_FIXTURE,OG-SYNTH-0.1,A-0.1,generate_opus_synthetic_programme.py@0.1,20260811,True,e0c17399d2204579032d02efee6d24b8208b99af7b28929eb1d73d18c16d1c8c
PRJ-RAL,P04,L06,6,FINISH,PRJ-RAL-FINISH-CREW,1,location,0.2,0.190092,87.0,88.943082,5,SYNTHETIC_RESEARCH_FIXTURE,OG-SYNTH-0.1,A-0.1,generate_opus_synthetic_programme.py@0.1,20260811,True,5539b53e95c8ffe841a3121426483b4ae39c6e8f5afa8dae6c76fe012a1ae718
PRJ-RAL,P05,L01,1,EARLY_WORK,PRJ-RAL-EARLY_WORK-CREW,1,location,0.22,0.218409,0.0,0.8,5,SYNTHETIC_RESEARCH_FIXTURE,OG-SYNTH-0.1,A-0.1,generate_opus_synthetic_programme.py@0.1,20260811,True,410b43be8d26062c9b6cf885b3f2e8cae5301a2f780678c99f7f4be924550bb6
PRJ-RAL,P05,L02,2,EARLY_WORK,PRJ-RAL-EARLY_WORK-CREW,1,location,0.22,0.218409,4.545455,5.37857,5,SYNTHETIC_RESEARCH_FIXTURE,OG-SYNTH-0.1,A-0.1,generate_opus_synthetic_programme.py@0.1,20260811,True,84954901afa684fb4698224eeb5dea84583780e5adfee355588a8676668d0493
PRJ-RAL,P05,L03,3,EARLY_WORK,PRJ-RAL-EARLY_WORK-CREW,1,location,0.22,0.218409,9.090909,9.957139,5,SYNTHETIC_RESEARCH_FIXTURE,OG-SYNTH-0.1,A-0.1,generate_opus_synthetic_programme.py@0.1,20260811,True,d2995809deeb2ebb03da0fc699acbf0cd1f720dfe860acc351e952591006ab8a
PRJ-RAL,P05,L04,4,EARLY_WORK,PRJ-RAL-EARLY_WORK-CREW,1,location,0.22,0.218409,13.636364,14.535709,5,SYNTHETIC_RESEARCH_FIXTURE,OG-SYNTH-0.1,A-0.1,generate_opus_synthetic_programme.py@0.1,20260811,True,8c36f13d3aff3a76505bad2b043e4e35b20c13a5fa04e6afc7b9d822d2bc1059
PRJ-RAL,P05,L05,5,EARLY_WORK,PRJ-RAL-EARLY_WORK-CREW,1,location,0.22,0.218409,18.181818,19.114278,5,SYNTHETIC_RESEARCH_FIXTURE,OG-SYNTH-0.1,A-0.1,generate_opus_synthetic_programme.py@0.1,20260811,True,f62afa891b8114ebb4244b85607aaec6a789a768f69783025c57dde2fe4772b4
PRJ-RAL,P05,L06,6,EARLY_WORK,PRJ-RAL-EARLY_WORK-CREW,1,location,0.22,0.218409,22.727273,23.692848,5,SYNTHETIC_RESEARCH_FIXTURE,OG-SYNTH-0.1,A-0.1,generate_opus_synthetic_programme.py@0.1,20260811,True,7e3479ed696c70d9860e71af20a63362e5df7caf687d2cbbf4dd9c68c3047936
PRJ-RAL,P05,L01,1,STRUCTURE,PRJ-RAL-STRUCTURE-CREW,1,location,0.18,0.185995,18.0,18.8,5,SYNTHETIC_RESEARCH_FIXTURE,OG-SYNTH-0.1,A-0.1,generate_opus_synthetic_programme.py@0.1,20260811,True,ea760b74357b4434968fbb29972e66b858432242cf722389fc01b9ec680c81b3
PRJ-RAL,P05,L02,2,STRUCTURE,PRJ-RAL-STRUCTURE-CREW,1,location,0.18,0.185995,23.555556,24.176478,5,SYNTHETIC_RESEARCH_FIXTURE,OG-SYNTH-0.1,A-0.1,generate_opus_synthetic_programme.py@0.1,20260811,True,8b1c78cd8e3d00463385189c0cd4c93bede93085542b898e518d3918943726da
PRJ-RAL,P05,L03,3,STRUCTURE,PRJ-RAL-STRUCTURE-CREW,1,location,0.18,0.185995,29.111111,29.552956,5,SYNTHETIC_RESEARCH_FIXTURE,OG-SYNTH-0.1,A-0.1,generate_opus_synthetic_programme.py@0.1,20260811,True,dc87187b00c98fcfb75d08a3a8afc0f8a03fee842b05cf62ef1b7656e003729f
PRJ-RAL,P05,L04,4,STRUCTURE,PRJ-RAL-STRUCTURE-CREW,1,location,0.18,0.185995,34.666667,34.929434,5,SYNTHETIC_RESEARCH_FIXTURE,OG-SYNTH-0.1,A-0.1,generate_opus_synthetic_programme.py@0.1,20260811,True,249e52b01b0f80386af2747fd4449a9537a722ee6cde7cee9dd3473084713b4f
PRJ-RAL,P05,L05,5,STRUCTURE,PRJ-RAL-STRUCTURE-CREW,1,location,0.18,0.185995,40.222222,40.305912,5,SYNTHETIC_RESEARCH_FIXTURE,OG-SYNTH-0.1,A-0.1,generate_opus_synthetic_programme.py@0.1,20260811,True,743a0bbbcd2a3f5d5c81dbcb092ee13a465dd5e4d6b9c9e3406000ceb41951a2
PRJ-RAL,P05,L06,6,STRUCTURE,PRJ-RAL-STRUCTURE-CREW,1,location,0.18,0.185995,45.777778,45.68239,5,SYNTHETIC_RESEARCH_FIXTURE,OG-SYNTH-0.1,A-0.1,generate_opus_synthetic_programme.py@0.1,20260811,True,eb3eca831c67d6de02d9538cfd5cd83b02d3d84aeadce36596d6a0a17daa9d25
PRJ-RAL,P05,L01,1,SYSTEMS,PRJ-RAL-SYSTEMS-CREW,1,location,0.16,0.159432,38.0,38.8,5,SYNTHETIC_RESEARCH_FIXTURE,OG-SYNTH-0.1,A-0.1,generate_opus_synthetic_programme.py@0.1,20260811,True,0f068fedbc7d5881027252185abb51418f4317929c504ff8ed8ecff6455aa218
PRJ-RAL,P05,L02,2,SYSTEMS,PRJ-RAL-SYSTEMS-CREW,1,location,0.16,0.159432,44.25,45.07227,5,SYNTHETIC_RESEARCH_FIXTURE,OG-SYNTH-0.1,A-0.1,generate_opus_synthetic_programme.py@0.1,20260811,True,21b71850a38234f00c4ba814b3241dcc83d3b76029f8120ea89efa16a2885ad2
PRJ-RAL,P05,L03,3,SYSTEMS,PRJ-RAL-SYSTEMS-CREW,1,location,0.16,0.159432,50.5,51.344541,5,SYNTHETIC_RESEARCH_FIXTURE,OG-SYNTH-0.1,A-0.1,generate_opus_synthetic_programme.py@0.1,20260811,True,cda75df4020e2d070c4d454efe29363119c4c91a80620f349de7cb94994ec911
PRJ-RAL,P05,L04,4,SYSTEMS,PRJ-RAL-SYSTEMS-CREW,1,location,0.16,0.159432,56.75,57.616811,5,SYNTHETIC_RESEARCH_FIXTURE,OG-SYNTH-0.1,A-0.1,generate_opus_synthetic_programme.py@0.1,20260811,True,d5e1b81d416e3eb8233a1a682032060c20551922fb79c0b5405aead32f3f972f
PRJ-RAL,P05,L05,5,SYSTEMS,PRJ-RAL-SYSTEMS-CREW,1,location,0.16,0.159432,63.0,63.889081,5,SYNTHETIC_RESEARCH_FIXTURE,OG-SYNTH-0.1,A-0.1,generate_opus_synthetic_programme.py@0.1,20260811,True,b5259b5b1c41886ad2d7e71536734bc03458637d8b1597315377bf6389e44ec0
PRJ-RAL,P05,L06,6,SYSTEMS,PRJ-RAL-SYSTEMS-CREW,1,location,0.16,0.159432,69.25,70.161352,5,SYNTHETIC_RESEARCH_FIXTURE,OG-SYNTH-0.1,A-0.1,generate_opus_synthetic_programme.py@0.1,20260811,True,f0e13932df397d875099766d32fe25146f364d45f60b9b5348e46d243dd06763
PRJ-RAL,P05,L01,1,FINISH,PRJ-RAL-FINISH-CREW,1,location,0.2,0.186191,62.0,62.8,5,SYNTHETIC_RESEARCH_FIXTURE,OG-SYNTH-0.1,A-0.1,generate_opus_synthetic_programme.py@0.1,20260811,True,56f7670d5e753182d78cffb40d27d3dddb87b24818fcc1beaa4e10ba2b2b032b
PRJ-RAL,P05,L02,2,FINISH,PRJ-RAL-FINISH-CREW,1,location,0.2,0.186191,67.0,68.170824,5,SYNTHETIC_RESEARCH_FIXTURE,OG-SYNTH-0.1,A-0.1,generate_opus_synthetic_programme.py@0.1,20260811,True,6f1f9f1f30274b230ecaa07912fe01e08a8784d079a5e980fb36b2293d8725c1
PRJ-RAL,P05,L03,3,FINISH,PRJ-RAL-FINISH-CREW,1,location,0.2,0.186191,72.0,73.541648,5,SYNTHETIC_RESEARCH_FIXTURE,OG-SYNTH-0.1,A-0.1,generate_opus_synthetic_programme.py@0.1,20260811,True,e89ab02924508c02958b0958ab6e4eda55b10daf768c50aee11ba8d1cf645e1a
PRJ-RAL,P05,L04,4,FINISH,PRJ-RAL-FINISH-CREW,1,location,0.2,0.186191,77.0,78.912471,5,SYNTHETIC_RESEARCH_FIXTURE,OG-SYNTH-0.1,A-0.1,generate_opus_synthetic_programme.py@0.1,20260811,True,c1accdb568a1810af0cc494246c4c39da7ee0d82db98f055289ed19e0393a671
PRJ-RAL,P05,L05,5,FINISH,PRJ-RAL-FINISH-CREW,1,location,0.2,0.186191,82.0,84.283295,5,SYNTHETIC_RESEARCH_FIXTURE,OG-SYNTH-0.1,A-0.1,generate_opus_synthetic_programme.py@0.1,20260811,True,1386d145a87dfae58f91b2e4991ec6440b1f8398f7b4b96a1d0e448ab55797e3
PRJ-RAL,P05,L06,6,FINISH,PRJ-RAL-FINISH-CREW,1,location,0.2,0.186191,87.0,89.654119,5,SYNTHETIC_RESEARCH_FIXTURE,OG-SYNTH-0.1,A-0.1,generate_opus_synthetic_programme.py@0.1,20260811,True,64218ed5c2a331afc24aa9e93ba8dfe7e9ae03cf7058c439eb53dd76041616c5
PRJ-RAL,P06,L01,1,EARLY_WORK,PRJ-RAL-EARLY_WORK-CREW,1,location,0.22,0.192772,0.0,0.96,5,SYNTHETIC_RESEARCH_FIXTURE,OG-SYNTH-0.1,A-0.1,generate_opus_synthetic_programme.py@0.1,20260811,True,73be04494d53e222844a5fa2004e741d9bcc960945bf553fb16ceeb5b1590c59
PRJ-RAL,P06,L02,2,EARLY_WORK,PRJ-RAL-EARLY_WORK-CREW,1,location,0.22,0.192772,4.545455,6.147488,5,SYNTHETIC_RESEARCH_FIXTURE,OG-SYNTH-0.1,A-0.1,generate_opus_synthetic_programme.py@0.1,20260811,True,ebeea147da08a4ce8a613e751f575cf9a0777036d0eb3fb70371dc0b6f23199a
PRJ-RAL,P06,L03,3,EARLY_WORK,PRJ-RAL-EARLY_WORK-CREW,1,location,0.22,0.192772,9.090909,11.334976,5,SYNTHETIC_RESEARCH_FIXTURE,OG-SYNTH-0.1,A-0.1,generate_opus_synthetic_programme.py@0.1,20260811,True,1ee5a89be2f5a326af6a1acd9ab7a124fdfcafc7a4fd5c94c42ff147e12c38cd
PRJ-RAL,P06,L04,4,EARLY_WORK,PRJ-RAL-EARLY_WORK-CREW,1,location,0.22,0.192772,13.636364,16.522464,5,SYNTHETIC_RESEARCH_FIXTURE,OG-SYNTH-0.1,A-0.1,generate_opus_synthetic_programme.py@0.1,20260811,True,71a9b7832c3ba79bac93f1cc478a9958fd115054031928eba667d6e7badf0065
PRJ-RAL,P06,L05,5,EARLY_WORK,PRJ-RAL-EARLY_WORK-CREW,1,location,0.22,0.192772,18.181818,21.709951,5,SYNTHETIC_RESEARCH_FIXTURE,OG-SYNTH-0.1,A-0.1,generate_opus_synthetic_programme.py@0.1,20260811,True,b93b5e6239c9e1e97f180604cd07f373aa1d86c51d227cdf8cd0d2a0c836730d
PRJ-RAL,P06,L06,6,EARLY_WORK,PRJ-RAL-EARLY_WORK-CREW,1,location,0.22,0.192772,22.727273,26.897439,5,SYNTHETIC_RESEARCH_FIXTURE,OG-SYNTH-0.1,A-0.1,generate_opus_synthetic_programme.py@0.1,20260811,True,f28674959847da86142bced60e19a693a7ef55085e5e55a3a774bbc07bfae9e9
PRJ-RAL,P06,L01,1,STRUCTURE,PRJ-RAL-STRUCTURE-CREW,1,location,0.18,0.175556,18.0,18.96,5,SYNTHETIC_RESEARCH_FIXTURE,OG-SYNTH-0.1,A-0.1,generate_opus_synthetic_programme.py@0.1,20260811,True,2be22cd520e64820a2763bcfcd3da81f634fbdee22697e198db552e11a4e511d
PRJ-RAL,P06,L02,2,STRUCTURE,PRJ-RAL-STRUCTURE-CREW,1,location,0.18,0.175556,23.555556,24.656176,5,SYNTHETIC_RESEARCH_FIXTURE,OG-SYNTH-0.1,A-0.1,generate_opus_synthetic_programme.py@0.1,20260811,True,3d1c319a60297cbf5345b37042bb2bbec3443e3ae8bffe5aea2ea49a9627776a
PRJ-RAL,P06,L03,3,STRUCTURE,PRJ-RAL-STRUCTURE-CREW,1,location,0.18,0.175556,29.111111,30.352352,5,SYNTHETIC_RESEARCH_FIXTURE,OG-SYNTH-0.1,A-0.1,generate_opus_synthetic_programme.py@0.1,20260811,True,8e1c98477eb3384167c35332d57df7b4c4c492fa2478721bc491265b14e382bd
PRJ-RAL,P06,L04,4,STRUCTURE,PRJ-RAL-STRUCTURE-CREW,1,location,0.18,0.175556,34.666667,36.048528,5,SYNTHETIC_RESEARCH_FIXTURE,OG-SYNTH-0.1,A-0.1,generate_opus_synthetic_programme.py@0.1,20260811,True,c6c9a0376aae5758e6233cab4ad67f30fd30e9f38c3b9ef9b2b73c520ba2557c
PRJ-RAL,P06,L05,5,STRUCTURE,PRJ-RAL-STRUCTURE-CREW,1,location,0.18,0.175556,40.222222,41.744704,5,SYNTHETIC_RESEARCH_FIXTURE,OG-SYNTH-0.1,A-0.1,generate_opus_synthetic_programme.py@0.1,20260811,True,44beaadb82cbdb1e43e779e62fd2b2a547cdafd883aa55ca30f7b4e4d0137d3b
PRJ-RAL,P06,L06,6,STRUCTURE,PRJ-RAL-STRUCTURE-CREW,1,location,0.18,0.175556,45.777778,47.44088,5,SYNTHETIC_RESEARCH_FIXTURE,OG-SYNTH-0.1,A-0.1,generate_opus_synthetic_programme.py@0.1,20260811,True,9f95f31c27cb5bcbb59a01e3308d9cfaef2a8f2897bcf1114fe5a390aca2e989
PRJ-RAL,P06,L01,1,SYSTEMS,PRJ-RAL-SYSTEMS-CREW,1,location,0.16,0.147489,38.0,38.96,5,SYNTHETIC_RESEARCH_FIXTURE,OG-SYNTH-0.1,A-0.1,generate_opus_synthetic_programme.py@0.1,20260811,True,db88359ec1e19a81e6b7693cd26f296f8caba47c67f668917bed0057d7c45317
PRJ-RAL,P06,L02,2,SYSTEMS,PRJ-RAL-SYSTEMS-CREW,1,location,0.16,0.147489,44.25,45.740158,5,SYNTHETIC_RESEARCH_FIXTURE,OG-SYNTH-0.1,A-0.1,generate_opus_synthetic_programme.py@0.1,20260811,True,4acf3386cfe0eb9a1e4f468912d1c639bf49e269580a881cc73ada7eeb9c738c
PRJ-RAL,P06,L03,3,SYSTEMS,PRJ-RAL-SYSTEMS-CREW,1,location,0.16,0.147489,50.5,52.520316,5,SYNTHETIC_RESEARCH_FIXTURE,OG-SYNTH-0.1,A-0.1,generate_opus_synthetic_programme.py@0.1,20260811,True,d3859ff98e0cbea3c3ebbccaf5b56c45e7acabd7640d0f3ac06a88d9958cf390
PRJ-RAL,P06,L04,4,SYSTEMS,PRJ-RAL-SYSTEMS-CREW,1,location,0.16,0.147489,56.75,59.300474,5,SYNTHETIC_RESEARCH_FIXTURE,OG-SYNTH-0.1,A-0.1,generate_opus_synthetic_programme.py@0.1,20260811,True,ffd0602987be563d916717032dd4e274710c0a2e103fd6dcb9a39c8d77893a8c
PRJ-RAL,P06,L05,5,SYSTEMS,PRJ-RAL-SYSTEMS-CREW,1,location,0.16,0.147489,63.0,66.080631,5,SYNTHETIC_RESEARCH_FIXTURE,OG-SYNTH-0.1,A-0.1,generate_opus_synthetic_programme.py@0.1,20260811,True,201a587aa0a3d9c22866805f3643f34c118914698872200033c74b460be1bfe9
PRJ-RAL,P06,L06,6,SYSTEMS,PRJ-RAL-SYSTEMS-CREW,1,location,0.16,0.147489,69.25,72.860789,5,SYNTHETIC_RESEARCH_FIXTURE,OG-SYNTH-0.1,A-0.1,generate_opus_synthetic_programme.py@0.1,20260811,True,e5252db5412c6a3f76d78286d913e325a0574288dd2cfae42631606789cd37b8
PRJ-RAL,P06,L01,1,FINISH,PRJ-RAL-FINISH-CREW,1,location,0.2,0.211527,62.0,62.96,5,SYNTHETIC_RESEARCH_FIXTURE,OG-SYNTH-0.1,A-0.1,generate_opus_synthetic_programme.py@0.1,20260811,True,dd24f7478c601f6b6fccc60a4c5f47a266680486b78cfa97efe31eaab8f7391d
PRJ-RAL,P06,L02,2,FINISH,PRJ-RAL-FINISH-CREW,1,location,0.2,0.211527,67.0,67.687529,5,SYNTHETIC_RESEARCH_FIXTURE,OG-SYNTH-0.1,A-0.1,generate_opus_synthetic_programme.py@0.1,20260811,True,4c7257fa00b365a8d7310fa761d346530d0208de24ff9a510f802fe290490e39
PRJ-RAL,P06,L03,3,FINISH,PRJ-RAL-FINISH-CREW,1,location,0.2,0.211527,72.0,72.415058,5,SYNTHETIC_RESEARCH_FIXTURE,OG-SYNTH-0.1,A-0.1,generate_opus_synthetic_programme.py@0.1,20260811,True,aec1ac6b194c60328c17eb0784f52404ce1fc42a3067ea883f9c452ff5334aa3
PRJ-RAL,P06,L04,4,FINISH,PRJ-RAL-FINISH-CREW,1,location,0.2,0.211527,77.0,77.142587,5,SYNTHETIC_RESEARCH_FIXTURE,OG-SYNTH-0.1,A-0.1,generate_opus_synthetic_programme.py@0.1,20260811,True,455dda9998ad2b734297feee7e002f8da268474c218c7be3d210e75321046020
PRJ-RAL,P06,L05,5,FINISH,PRJ-RAL-FINISH-CREW,1,location,0.2,0.211527,82.0,81.870116,5,SYNTHETIC_RESEARCH_FIXTURE,OG-SYNTH-0.1,A-0.1,generate_opus_synthetic_programme.py@0.1,20260811,True,702b3e1255e658789047fbde049dc774e354f665656ae568e12af626fde894c9
PRJ-RAL,P06,L06,6,FINISH,PRJ-RAL-FINISH-CREW,1,location,0.2,0.211527,87.0,86.597645,5,SYNTHETIC_RESEARCH_FIXTURE,OG-SYNTH-0.1,A-0.1,generate_opus_synthetic_programme.py@0.1,20260811,True,1e43ecd5ece3352502fb908b4959f1801dba266969c01b190a2320e9089f5659
