expert_id,scenario_id,severity_score,picture_positive,picture_neutral,picture_negative,hesitant_memberships_json,type2_lower_membership,type2_upper_membership,pythagorean_membership,pythagorean_nonmembership,data_origin,programme_version,package_version,generator_version,random_seed,not_for_empirical_validation,record_hash
EXP-01,ESC-01,0.0,0.840559,0.159441,0.0,"[0.0, 0.0, 0.087937]",0.0,0.175874,0.0,1.0,SYNTHETIC_RESEARCH_FIXTURE,OG-SYNTH-0.1,B2-0.1,generate_opus_synthetic_programme.py@0.1,20260811,True,a5e6a5e753d748bbb70fbfb5ea671831bf2729ea6bcf83a99ec36ba75f8fd205
EXP-01,ESC-02,0.07133,0.739174,0.204051,0.056775,"[0.0, 0.07133, 0.172602]",0.0,0.273875,0.07133,0.997453,SYNTHETIC_RESEARCH_FIXTURE,OG-SYNTH-0.1,B2-0.1,generate_opus_synthetic_programme.py@0.1,20260811,True,2d1605b16fd3a0f65e22d1082d7c216aa61f971a7f700363a67aafb888d67256
EXP-01,ESC-03,0.0,0.828626,0.171374,0.0,"[0.0, 0.0, 0.091363]",0.0,0.182727,0.0,1.0,SYNTHETIC_RESEARCH_FIXTURE,OG-SYNTH-0.1,B2-0.1,generate_opus_synthetic_programme.py@0.1,20260811,True,34f90fe2bf4c241c878f71fd687d809f041938eea430ff29d1ddc5bd9b76c9ec
EXP-01,ESC-04,0.053356,0.795853,0.15929,0.044857,"[0.0, 0.053356, 0.14125]",0.0,0.229144,0.053356,0.998576,SYNTHETIC_RESEARCH_FIXTURE,OG-SYNTH-0.1,B2-0.1,generate_opus_synthetic_programme.py@0.1,20260811,True,ad9283adaed8ada95b03b94cefa7418d470380195b1908e3648777c420835573
EXP-01,ESC-05,0.292981,0.567245,0.197695,0.23506,"[0.1937, 0.292981, 0.392263]",0.094418,0.491545,0.292981,0.956118,SYNTHETIC_RESEARCH_FIXTURE,OG-SYNTH-0.1,B2-0.1,generate_opus_synthetic_programme.py@0.1,20260811,True,940b1f08782d3058415f306e9ea273c0c3f264782f94404658973fd282de8378
EXP-01,ESC-06,0.164137,0.678071,0.188777,0.133152,"[0.067596, 0.164137, 0.260679]",0.0,0.35722,0.164137,0.986438,SYNTHETIC_RESEARCH_FIXTURE,OG-SYNTH-0.1,B2-0.1,generate_opus_synthetic_programme.py@0.1,20260811,True,2c717f21dda4243cbd00a97e8aeaad674c2660c5eef251c914fbcaa2e554db62
EXP-01,ESC-07,0.167431,0.672682,0.192041,0.135278,"[0.069894, 0.167431, 0.264969]",0.0,0.362506,0.167431,0.985884,SYNTHETIC_RESEARCH_FIXTURE,OG-SYNTH-0.1,B2-0.1,generate_opus_synthetic_programme.py@0.1,20260811,True,eb91f52d2812bb38cb4a9ef9fe08f72d1fdad7e7abffba83db22d69507ee3cd5
EXP-01,ESC-08,0.289987,0.585601,0.175224,0.239175,"[0.197497, 0.289987, 0.382478]",0.105007,0.474968,0.289987,0.95703,SYNTHETIC_RESEARCH_FIXTURE,OG-SYNTH-0.1,B2-0.1,generate_opus_synthetic_programme.py@0.1,20260811,True,bf0900fdd2a1f4f5a2a52bed860564e01ae01d68f3b887cac2a73234a4cfc87a
EXP-01,ESC-09,0.237675,0.640429,0.159901,0.19967,"[0.149608, 0.237675, 0.325742]",0.06154,0.413809,0.237675,0.971345,SYNTHETIC_RESEARCH_FIXTURE,OG-SYNTH-0.1,B2-0.1,generate_opus_synthetic_programme.py@0.1,20260811,True,e52b9ed447415424194c02822a66b963a3d8ece3e36b9878d2c7ec508e33ba5b
EXP-01,ESC-10,0.220847,0.631102,0.190015,0.178883,"[0.123929, 0.220847, 0.317766]",0.027011,0.414684,0.220847,0.975308,SYNTHETIC_RESEARCH_FIXTURE,OG-SYNTH-0.1,B2-0.1,generate_opus_synthetic_programme.py@0.1,20260811,True,36618575abf71f0f8962985df29157543a32b68705ffb1e2631a9978049369c4
EXP-01,ESC-11,0.220706,0.671859,0.137863,0.190279,"[0.138724, 0.220706, 0.302687]",0.056742,0.384669,0.220706,0.97534,SYNTHETIC_RESEARCH_FIXTURE,OG-SYNTH-0.1,B2-0.1,generate_opus_synthetic_programme.py@0.1,20260811,True,1e31ca0a9082d27faf99cac7780c862beca313995b6b52cced1e525e21d92eb3
EXP-01,ESC-12,0.516831,0.411764,0.147784,0.440452,"[0.432149, 0.516831, 0.601514]",0.347467,0.686196,0.516831,0.856087,SYNTHETIC_RESEARCH_FIXTURE,OG-SYNTH-0.1,B2-0.1,generate_opus_synthetic_programme.py@0.1,20260811,True,40be0c35eda24f04295a7954d59970745d16869668db0af802c1306f45137b32
EXP-01,ESC-13,0.374394,0.509443,0.185681,0.304877,"[0.278791, 0.374394, 0.469998]",0.183187,0.565602,0.374394,0.92727,SYNTHETIC_RESEARCH_FIXTURE,OG-SYNTH-0.1,B2-0.1,generate_opus_synthetic_programme.py@0.1,20260811,True,313c5493a09e1ea0962870a65b08db44452f2262c5b83bd5eb7e59a9f4bce87f
EXP-01,ESC-14,0.50735,0.417771,0.151991,0.430238,"[0.421504, 0.50735, 0.593197]",0.335657,0.679044,0.50735,0.86174,SYNTHETIC_RESEARCH_FIXTURE,OG-SYNTH-0.1,B2-0.1,generate_opus_synthetic_programme.py@0.1,20260811,True,2b0b8f9e815589240a48d54b608814d8dc406e034a1f3b8d9b00cac6e85887e7
EXP-01,ESC-15,0.552138,0.380515,0.150375,0.469111,"[0.46674, 0.552138, 0.637536]",0.381342,0.722934,0.552138,0.833753,SYNTHETIC_RESEARCH_FIXTURE,OG-SYNTH-0.1,B2-0.1,generate_opus_synthetic_programme.py@0.1,20260811,True,3d0f6cef9bb0c53a9e03ea73cbf2a0a00cf921f892cd10b6a797b6c755791364
EXP-01,ESC-16,0.502769,0.419693,0.155941,0.424366,"[0.415818, 0.502769, 0.589719]",0.328868,0.676669,0.502769,0.864421,SYNTHETIC_RESEARCH_FIXTURE,OG-SYNTH-0.1,B2-0.1,generate_opus_synthetic_programme.py@0.1,20260811,True,d29e4db22ae413033a07c35217a23b8b9e7383b63d3f4122e6217b7c0965f957
EXP-01,ESC-17,0.772418,0.18654,0.180341,0.633119,"[0.678414, 0.772418, 0.866422]",0.58441,0.960425,0.772418,0.635115,SYNTHETIC_RESEARCH_FIXTURE,OG-SYNTH-0.1,B2-0.1,generate_opus_synthetic_programme.py@0.1,20260811,True,5b85e5640ae7218c7d0300d5d2dbb7b14466a5883591d3e8834ac7fb299c4104
EXP-01,ESC-18,0.573201,0.369936,0.133231,0.496833,"[0.492459, 0.573201, 0.653943]",0.411717,0.734685,0.573201,0.819415,SYNTHETIC_RESEARCH_FIXTURE,OG-SYNTH-0.1,B2-0.1,generate_opus_synthetic_programme.py@0.1,20260811,True,48618ba727199963a1a0ca5464e01a4afc90463162150911de28076dbeb19a1d
EXP-01,ESC-19,0.837307,0.133244,0.18101,0.685746,"[0.743104, 0.837307, 0.931511]",0.648901,1.0,0.837307,0.546732,SYNTHETIC_RESEARCH_FIXTURE,OG-SYNTH-0.1,B2-0.1,generate_opus_synthetic_programme.py@0.1,20260811,True,089bb203f706be506451c986ea284688d9e4eecfaf18dfdbd8a7256ff76a8e7e
EXP-01,ESC-20,0.597451,0.343597,0.146446,0.509957,"[0.513137, 0.597451, 0.681766]",0.428823,0.76608,0.597451,0.801905,SYNTHETIC_RESEARCH_FIXTURE,OG-SYNTH-0.1,B2-0.1,generate_opus_synthetic_programme.py@0.1,20260811,True,8b460caec3c7159d4b2e34459c1425784df46c2b83a8581ba9f98e377d8adbb2
EXP-01,ESC-21,0.892462,0.089535,0.167408,0.743057,"[0.802248, 0.892462, 0.982676]",0.712035,1.0,0.892462,0.451122,SYNTHETIC_RESEARCH_FIXTURE,OG-SYNTH-0.1,B2-0.1,generate_opus_synthetic_programme.py@0.1,20260811,True,e7ad5705b993a8ca983db3c43b524339e7a16fbc8489a4a9db284a2d9a7fc292
EXP-01,ESC-22,0.801851,0.163717,0.173767,0.662516,"[0.709789, 0.801851, 0.893914]",0.617726,0.985976,0.801851,0.597524,SYNTHETIC_RESEARCH_FIXTURE,OG-SYNTH-0.1,B2-0.1,generate_opus_synthetic_programme.py@0.1,20260811,True,f7901f02b50bd4c72fca6734151aa8a874f4153b9df58178e67c454896380643
EXP-01,ESC-23,0.85159,0.127754,0.139185,0.733061,"[0.769252, 0.85159, 0.933928]",0.686914,1.0,0.85159,0.524209,SYNTHETIC_RESEARCH_FIXTURE,OG-SYNTH-0.1,B2-0.1,generate_opus_synthetic_programme.py@0.1,20260811,True,4b1c8b1e10dbc7cc380781a0932cecefc14ecfab3e7cacdff279f13ca610b0e4
EXP-01,ESC-24,0.594173,0.325918,0.196902,0.47718,"[0.495138, 0.594173, 0.693209]",0.396102,0.792245,0.594173,0.804337,SYNTHETIC_RESEARCH_FIXTURE,OG-SYNTH-0.1,B2-0.1,generate_opus_synthetic_programme.py@0.1,20260811,True,1d38d917b8a1b35e088cf5dba9fb33760e6358552e84e7412b6b9538f8edfeec
EXP-02,ESC-01,0.0,0.846003,0.153997,0.0,"[0.0, 0.0, 0.086406]",0.0,0.172812,0.0,1.0,SYNTHETIC_RESEARCH_FIXTURE,OG-SYNTH-0.1,B2-0.1,generate_opus_synthetic_programme.py@0.1,20260811,True,d3dbb165c5d23df8619248afb15785ecb4acaa34592739f85e24562a0e82c6a3
EXP-02,ESC-02,0.0,0.799573,0.200427,0.0,"[0.0, 0.0, 0.100133]",0.0,0.200267,0.0,1.0,SYNTHETIC_RESEARCH_FIXTURE,OG-SYNTH-0.1,B2-0.1,generate_opus_synthetic_programme.py@0.1,20260811,True,5d0b7bbc66e6ca98ccc579d6afb68c4f18c1b147bb0437b654fdd22259e21546
EXP-02,ESC-03,0.05109,0.79098,0.166434,0.042587,"[0.0, 0.05109, 0.141023]",0.0,0.230956,0.05109,0.998694,SYNTHETIC_RESEARCH_FIXTURE,OG-SYNTH-0.1,B2-0.1,generate_opus_synthetic_programme.py@0.1,20260811,True,87bbcc37d6fd8a7486ff3636b7323c81673e04ad02ed66e703f482487a049c97
EXP-02,ESC-04,0.199971,0.676954,0.153839,0.169207,"[0.113609, 0.199971, 0.286332]",0.027247,0.372694,0.199971,0.979802,SYNTHETIC_RESEARCH_FIXTURE,OG-SYNTH-0.1,B2-0.1,generate_opus_synthetic_programme.py@0.1,20260811,True,742f68425356fa989ed31d7d381f1508a69f073e000fc144bf545e7d7800d5d9
EXP-02,ESC-05,0.154454,0.681661,0.193822,0.124517,"[0.05637, 0.154454, 0.252538]",0.0,0.350622,0.154454,0.988,SYNTHETIC_RESEARCH_FIXTURE,OG-SYNTH-0.1,B2-0.1,generate_opus_synthetic_programme.py@0.1,20260811,True,46a2b6b68cfa8ca7c0a5c71966fe3bbfe5eb9d5633ca525d34b02dd03c53f18a
EXP-02,ESC-06,0.04118,0.78187,0.18455,0.03358,"[0.0, 0.04118, 0.136443]",0.0,0.231707,0.04118,0.999152,SYNTHETIC_RESEARCH_FIXTURE,OG-SYNTH-0.1,B2-0.1,generate_opus_synthetic_programme.py@0.1,20260811,True,4d7091a81791fa40e4f0d3357f863aca7bbc2a82b39a16fb9fa337bc7d625eb2
EXP-02,ESC-07,0.401209,0.486252,0.187943,0.325805,"[0.304921, 0.401209, 0.497498]",0.208633,0.593786,0.401209,0.915986,SYNTHETIC_RESEARCH_FIXTURE,OG-SYNTH-0.1,B2-0.1,generate_opus_synthetic_programme.py@0.1,20260811,True,1915be2c4a67cf19b71c4f5493a48dce16abd44edc0c4600d3cf0bd2a9f9df66
EXP-02,ESC-08,0.133781,0.718577,0.170444,0.110979,"[0.042688, 0.133781, 0.224874]",0.0,0.315967,0.133781,0.991011,SYNTHETIC_RESEARCH_FIXTURE,OG-SYNTH-0.1,B2-0.1,generate_opus_synthetic_programme.py@0.1,20260811,True,3cd48215151ea1d710181a92c0d38bf3da79805eee7d98ece85afdeff4f825ce
EXP-02,ESC-09,0.192258,0.682965,0.154476,0.162559,"[0.105718, 0.192258, 0.278798]",0.019179,0.365338,0.192258,0.981344,SYNTHETIC_RESEARCH_FIXTURE,OG-SYNTH-0.1,B2-0.1,generate_opus_synthetic_programme.py@0.1,20260811,True,7ffc57796e8d1f0575807d42dfb304e29813a3d95741bc363631480f5bc921b5
EXP-02,ESC-10,0.255346,0.606269,0.185837,0.207893,"[0.159695, 0.255346, 0.350997]",0.064044,0.446649,0.255346,0.96685,SYNTHETIC_RESEARCH_FIXTURE,OG-SYNTH-0.1,B2-0.1,generate_opus_synthetic_programme.py@0.1,20260811,True,333d8f3f4fbc7bf9bd103ddf8d055f78a7185f09fa4653b4356d477fab40a45a
EXP-02,ESC-11,0.155992,0.733043,0.131474,0.135483,"[0.075717, 0.155992, 0.236267]",0.0,0.316542,0.155992,0.987758,SYNTHETIC_RESEARCH_FIXTURE,OG-SYNTH-0.1,B2-0.1,generate_opus_synthetic_programme.py@0.1,20260811,True,29c1fd184b6be48136578cccb16ad92fd1f6cda3bdb3ea31edfddf6a7e3ea91c
EXP-02,ESC-12,0.495014,0.433361,0.141835,0.424804,"[0.411959, 0.495014, 0.57807]",0.328903,0.661125,0.495014,0.868885,SYNTHETIC_RESEARCH_FIXTURE,OG-SYNTH-0.1,B2-0.1,generate_opus_synthetic_programme.py@0.1,20260811,True,744c22a072d345689aef547d3aa6534476ee6055d0ed8f17df2e0b3c38b440e3
EXP-02,ESC-13,0.570131,0.351921,0.181328,0.46675,"[0.475833, 0.570131, 0.66443]",0.381535,0.758728,0.570131,0.821554,SYNTHETIC_RESEARCH_FIXTURE,OG-SYNTH-0.1,B2-0.1,generate_opus_synthetic_programme.py@0.1,20260811,True,0d777ca1fe2e3b1fffc32a72f8f47dc383dc2805c99449b0e600037ca595dc4d
EXP-02,ESC-14,0.552742,0.381857,0.146225,0.471918,"[0.468489, 0.552742, 0.636996]",0.384235,0.72125,0.552742,0.833352,SYNTHETIC_RESEARCH_FIXTURE,OG-SYNTH-0.1,B2-0.1,generate_opus_synthetic_programme.py@0.1,20260811,True,0afeb82da1f1a5d89af217addb63d8d94f785d883864f76b062402dd3c27bd43
EXP-02,ESC-15,0.495594,0.4315,0.144539,0.423961,"[0.411802, 0.495594, 0.579386]",0.32801,0.663178,0.495594,0.868554,SYNTHETIC_RESEARCH_FIXTURE,OG-SYNTH-0.1,B2-0.1,generate_opus_synthetic_programme.py@0.1,20260811,True,b88fbfc2908100f4c305377ddf91f8b8721bd54e2684550c8741023af6e538fd
EXP-02,ESC-16,0.423365,0.48994,0.150346,0.359714,"[0.337975, 0.423365, 0.508755]",0.252585,0.594145,0.423365,0.905959,SYNTHETIC_RESEARCH_FIXTURE,OG-SYNTH-0.1,B2-0.1,generate_opus_synthetic_programme.py@0.1,20260811,True,b2c6af59b11a3ecb30d5c78657db80da4a9549a79d83c1221bab1d0d55b60d12
EXP-02,ESC-17,0.898233,0.083879,0.175771,0.74035,"[0.805582, 0.898233, 0.990884]",0.712931,1.0,0.898233,0.439519,SYNTHETIC_RESEARCH_FIXTURE,OG-SYNTH-0.1,B2-0.1,generate_opus_synthetic_programme.py@0.1,20260811,True,9d006decb7558fb54b219fc7f85ee7f1ee3f4106f7c63fe4c2d2763829ed9f9a
EXP-02,ESC-18,0.783235,0.189315,0.126634,0.684051,"[0.704236, 0.783235, 0.862234]",0.625237,0.941233,0.783235,0.621726,SYNTHETIC_RESEARCH_FIXTURE,OG-SYNTH-0.1,B2-0.1,generate_opus_synthetic_programme.py@0.1,20260811,True,8b9ce92e633ead986e449595c97c4f3414966ea0404577bcf5ff3043637018ea
EXP-02,ESC-19,0.672755,0.269497,0.176468,0.554035,"[0.579898, 0.672755, 0.765611]",0.487042,0.858467,0.672755,0.739866,SYNTHETIC_RESEARCH_FIXTURE,OG-SYNTH-0.1,B2-0.1,generate_opus_synthetic_programme.py@0.1,20260811,True,b31b2fa0f92bc093faa02b61c8df4d31797056dc028c8b05b5d370c54b99b868
EXP-02,ESC-20,0.644865,0.305261,0.140438,0.554302,"[0.562188, 0.644865, 0.727542]",0.479512,0.810218,0.644865,0.764297,SYNTHETIC_RESEARCH_FIXTURE,OG-SYNTH-0.1,B2-0.1,generate_opus_synthetic_programme.py@0.1,20260811,True,84f5bc1cbf89139f66b96ee66b61cd4f9ce77c6657b1c6a598ed8ce8555ce263
EXP-02,ESC-21,0.847727,0.127559,0.162301,0.710139,"[0.758977, 0.847727, 0.936476]",0.670228,1.0,0.847727,0.530433,SYNTHETIC_RESEARCH_FIXTURE,OG-SYNTH-0.1,B2-0.1,generate_opus_synthetic_programme.py@0.1,20260811,True,b6ab964981c77f7caf0af768496bc0819d59ad6cdc1fefca0120bfeccd986d76
EXP-02,ESC-22,0.859334,0.116904,0.168926,0.71417,"[0.768682, 0.859334, 0.949987]",0.678029,1.0,0.859334,0.511414,SYNTHETIC_RESEARCH_FIXTURE,OG-SYNTH-0.1,B2-0.1,generate_opus_synthetic_programme.py@0.1,20260811,True,2ba5e4b9939241d29debf86f3fc0a144fc5cb0e98dbfde47a12af87e880dc1d0
EXP-02,ESC-23,0.880817,0.103349,0.132855,0.763796,"[0.800175, 0.880817, 0.961459]",0.719533,1.0,0.880817,0.473457,SYNTHETIC_RESEARCH_FIXTURE,OG-SYNTH-0.1,B2-0.1,generate_opus_synthetic_programme.py@0.1,20260811,True,84632d28ee2901e29e8da529dcbdac769370037f4b26e4d580aa998f14769558
EXP-02,ESC-24,0.9891,0.008796,0.192998,0.798206,"[0.891269, 0.9891, 1.0]",0.793438,1.0,0.9891,0.147246,SYNTHETIC_RESEARCH_FIXTURE,OG-SYNTH-0.1,B2-0.1,generate_opus_synthetic_programme.py@0.1,20260811,True,d55c1795542baf63a36e58f3bfc7e21d40cb16eb6aa062e41ffe0325a2b28890
EXP-03,ESC-01,0.027747,0.827891,0.148481,0.023627,"[0.0, 0.027747, 0.112622]",0.0,0.197496,0.027747,0.999615,SYNTHETIC_RESEARCH_FIXTURE,OG-SYNTH-0.1,B2-0.1,generate_opus_synthetic_programme.py@0.1,20260811,True,95a26c288074e1373cca03bdf96412adb68d5e5bb72497177dfa97cb0a28ad3d
EXP-03,ESC-02,0.0,0.803231,0.196769,0.0,"[0.0, 0.0, 0.098994]",0.0,0.197989,0.0,1.0,SYNTHETIC_RESEARCH_FIXTURE,OG-SYNTH-0.1,B2-0.1,generate_opus_synthetic_programme.py@0.1,20260811,True,8fa23e50ff497a10268b9f1fa76efb4da17af454dfb9a4de3448ee7b1c56118e
EXP-03,ESC-03,0.192231,0.677368,0.161434,0.161198,"[0.103728, 0.192231, 0.280733]",0.015226,0.369236,0.192231,0.98135,SYNTHETIC_RESEARCH_FIXTURE,OG-SYNTH-0.1,B2-0.1,generate_opus_synthetic_programme.py@0.1,20260811,True,ac7868b8c6f0cb4f9b2d6ab63357abcf79389428acf331bc38ae35fe73958aa0
EXP-03,ESC-04,0.214187,0.669264,0.148317,0.182419,"[0.129358, 0.214187, 0.299016]",0.044529,0.383845,0.214187,0.976793,SYNTHETIC_RESEARCH_FIXTURE,OG-SYNTH-0.1,B2-0.1,generate_opus_synthetic_programme.py@0.1,20260811,True,fc8c6587739d903ca216a55248b7fb4d35f01d81b3c9b28a52785c83bd41857d
EXP-03,ESC-05,0.186565,0.658954,0.189911,0.151135,"[0.089679, 0.186565, 0.283452]",0.0,0.380338,0.186565,0.982443,SYNTHETIC_RESEARCH_FIXTURE,OG-SYNTH-0.1,B2-0.1,generate_opus_synthetic_programme.py@0.1,20260811,True,3bf812d57647cafb31a5cc7a9167348e78da73ff56640d131e22bbfc1d26d300
EXP-03,ESC-06,0.471085,0.433563,0.180278,0.386159,"[0.3771, 0.471085, 0.56507]",0.283115,0.659055,0.471085,0.882088,SYNTHETIC_RESEARCH_FIXTURE,OG-SYNTH-0.1,B2-0.1,generate_opus_synthetic_programme.py@0.1,20260811,True,c7c27ecf3a9a70183209952e695239f0ed686f4f7d7b4b9ff7b474f0682655bf
EXP-03,ESC-07,0.133627,0.707129,0.183805,0.109066,"[0.038588, 0.133627, 0.228667]",0.0,0.323706,0.133627,0.991032,SYNTHETIC_RESEARCH_FIXTURE,OG-SYNTH-0.1,B2-0.1,generate_opus_synthetic_programme.py@0.1,20260811,True,c8162d64f4999586b6ee7f490f570fb34a9d037ef1a35e5a336441af3a85e712
EXP-03,ESC-08,0.271783,0.607619,0.165608,0.226773,"[0.182087, 0.271783, 0.361478]",0.092392,0.451173,0.271783,0.962359,SYNTHETIC_RESEARCH_FIXTURE,OG-SYNTH-0.1,B2-0.1,generate_opus_synthetic_programme.py@0.1,20260811,True,8885508c469134f6586c1c6aee5f39d8b34c1ce6425fe69e20690b568db32a36
EXP-03,ESC-09,0.392548,0.516953,0.148981,0.334066,"[0.307536, 0.392548, 0.47756]",0.222523,0.562573,0.392548,0.919732,SYNTHETIC_RESEARCH_FIXTURE,OG-SYNTH-0.1,B2-0.1,generate_opus_synthetic_programme.py@0.1,20260811,True,64735988c490a387e06f6b42d1837102b3a8148badfff114ddb7702007d32aca
EXP-03,ESC-10,0.367308,0.517785,0.181616,0.300599,"[0.272924, 0.367308, 0.461692]",0.17854,0.556076,0.367308,0.930099,SYNTHETIC_RESEARCH_FIXTURE,OG-SYNTH-0.1,B2-0.1,generate_opus_synthetic_programme.py@0.1,20260811,True,4b9fff062098965e82601683ed3ecc9235117c18f92b17765f3e550e6b40cee5
EXP-03,ESC-11,0.344181,0.573848,0.12499,0.301162,"[0.265612, 0.344181, 0.42275]",0.187044,0.501319,0.344181,0.938903,SYNTHETIC_RESEARCH_FIXTURE,OG-SYNTH-0.1,B2-0.1,generate_opus_synthetic_programme.py@0.1,20260811,True,cf7b26db555a036e2a7b1c3182d97bb37b41481a9c811f99de5e85a0a963740d
EXP-03,ESC-12,0.3211,0.586704,0.135802,0.277494,"[0.239672, 0.3211, 0.402528]",0.158243,0.483957,0.3211,0.947045,SYNTHETIC_RESEARCH_FIXTURE,OG-SYNTH-0.1,B2-0.1,generate_opus_synthetic_programme.py@0.1,20260811,True,1f47552d7d5a54bfb6909337cc3b56fa06923a9eb01b38782f6485f3299f89be
EXP-03,ESC-13,0.71263,0.236526,0.176929,0.586545,"[0.619637, 0.71263, 0.805622]",0.526645,0.898615,0.71263,0.70154,SYNTHETIC_RESEARCH_FIXTURE,OG-SYNTH-0.1,B2-0.1,generate_opus_synthetic_programme.py@0.1,20260811,True,8e3a3030eaa10ec7909bbade2885395e693fabf9e43480960e8da70fe9adb0ad
EXP-03,ESC-14,0.600866,0.343103,0.14038,0.516516,"[0.518205, 0.600866, 0.683527]",0.435544,0.766188,0.600866,0.79935,SYNTHETIC_RESEARCH_FIXTURE,OG-SYNTH-0.1,B2-0.1,generate_opus_synthetic_programme.py@0.1,20260811,True,65cc059bd0cccfa386c8c5e5da66e1a84ea70a1fc47a72328b94e13f3328545a
EXP-03,ESC-15,0.647353,0.303762,0.138622,0.557616,"[0.565167, 0.647353, 0.729539]",0.482981,0.811725,0.647353,0.76219,SYNTHETIC_RESEARCH_FIXTURE,OG-SYNTH-0.1,B2-0.1,generate_opus_synthetic_programme.py@0.1,20260811,True,d19cbc4430ccee4f6b6b8bbb52a5bedf5e71abce53c55f25e414b332559d59c2
EXP-03,ESC-16,0.480907,0.443993,0.144677,0.411331,"[0.397077, 0.480907, 0.564736]",0.313247,0.648566,0.480907,0.876772,SYNTHETIC_RESEARCH_FIXTURE,OG-SYNTH-0.1,B2-0.1,generate_opus_synthetic_programme.py@0.1,20260811,True,9f81497c2716eff88cdd9f7c357be254df843d346a0934e275ce6dd3a15ca4da
EXP-03,ESC-17,0.648495,0.291345,0.17115,0.537505,"[0.557197, 0.648495, 0.739793]",0.465899,0.831091,0.648495,0.761219,SYNTHETIC_RESEARCH_FIXTURE,OG-SYNTH-0.1,B2-0.1,generate_opus_synthetic_programme.py@0.1,20260811,True,7504d86837530f537961630b5c9e7237c9453b2d7696b6d749f815cdd2cb8cf2
EXP-03,ESC-18,0.716667,0.249351,0.119936,0.630713,"[0.639411, 0.716667, 0.793924]",0.562155,0.87118,0.716667,0.697415,SYNTHETIC_RESEARCH_FIXTURE,OG-SYNTH-0.1,B2-0.1,generate_opus_synthetic_programme.py@0.1,20260811,True,92182c99655d9d20a09144f99a36c063e0edd6fe063413976c3b1b3a45786df5
EXP-03,ESC-19,0.605207,0.326938,0.171875,0.501187,"[0.513698, 0.605207, 0.696716]",0.422188,0.788226,0.605207,0.796068,SYNTHETIC_RESEARCH_FIXTURE,OG-SYNTH-0.1,B2-0.1,generate_opus_synthetic_programme.py@0.1,20260811,True,1fdeee03b8eb9e1f1482eae4cd79b53c9028340623cb1da852fd11c4ee7d644d
EXP-03,ESC-20,0.682606,0.274754,0.134344,0.590902,"[0.601568, 0.682606, 0.763645]",0.520529,0.844684,0.682606,0.730786,SYNTHETIC_RESEARCH_FIXTURE,OG-SYNTH-0.1,B2-0.1,generate_opus_synthetic_programme.py@0.1,20260811,True,dc477f4337b06e2cb3a99eba6426127206751d8b3621819bb45990c6bad0c1b3
EXP-03,ESC-21,0.760393,0.201957,0.157132,0.640911,"[0.673108, 0.760393, 0.847678]",0.585823,0.934963,0.760393,0.649463,SYNTHETIC_RESEARCH_FIXTURE,OG-SYNTH-0.1,B2-0.1,generate_opus_synthetic_programme.py@0.1,20260811,True,3f4d6f9ac839871207ca2758af06e8cd217a5b932d3be9538e09ed5eccb786ea
EXP-03,ESC-22,0.688487,0.260416,0.164029,0.575556,"[0.599245, 0.688487, 0.77773]",0.510002,0.866973,0.688487,0.725248,SYNTHETIC_RESEARCH_FIXTURE,OG-SYNTH-0.1,B2-0.1,generate_opus_synthetic_programme.py@0.1,20260811,True,e8bd5de86eb574af165c6d4549ba1861ed228a4537e2bf58d1f9e70fd3676544
EXP-03,ESC-23,0.830188,0.148342,0.126432,0.725226,"[0.751242, 0.830188, 0.909134]",0.672296,0.98808,0.830188,0.557483,SYNTHETIC_RESEARCH_FIXTURE,OG-SYNTH-0.1,B2-0.1,generate_opus_synthetic_programme.py@0.1,20260811,True,b1c77323e8657b5df129ca27c2b859efcf167e1c46235116b2e980dcbe7e08fb
EXP-03,ESC-24,0.734593,0.21523,0.189055,0.595714,"[0.637967, 0.734593, 0.831219]",0.541341,0.927845,0.734593,0.678508,SYNTHETIC_RESEARCH_FIXTURE,OG-SYNTH-0.1,B2-0.1,generate_opus_synthetic_programme.py@0.1,20260811,True,c61a98552112db911b9ac41ea6d25fadbdb57dfaae282c8c83f65c385fb2965d
EXP-04,ESC-01,0.0,0.857106,0.142894,0.0,"[0.0, 0.0, 0.083343]",0.0,0.166686,0.0,1.0,SYNTHETIC_RESEARCH_FIXTURE,OG-SYNTH-0.1,B2-0.1,generate_opus_synthetic_programme.py@0.1,20260811,True,7d5e48ff353030bd02d28451db5bd899bd247aee6961a0c79f71431c51f0741a
EXP-04,ESC-02,0.042408,0.772702,0.193078,0.03422,"[0.0, 0.042408, 0.140263]",0.0,0.238119,0.042408,0.9991,SYNTHETIC_RESEARCH_FIXTURE,OG-SYNTH-0.1,B2-0.1,generate_opus_synthetic_programme.py@0.1,20260811,True,ebca1eaff407317048c2ab09ebef25be1e4b8ca0365f964f800c7a3028044911
EXP-04,ESC-03,0.090661,0.767141,0.156374,0.076484,"[0.003589, 0.090661, 0.177733]",0.0,0.264805,0.090661,0.995882,SYNTHETIC_RESEARCH_FIXTURE,OG-SYNTH-0.1,B2-0.1,generate_opus_synthetic_programme.py@0.1,20260811,True,82320635002e4d5230783d29be01764ce4727b36d789881c78748a3032f76e2d
EXP-04,ESC-04,0.127247,0.748192,0.142722,0.109086,"[0.043951, 0.127247, 0.210544]",0.0,0.29384,0.127247,0.991871,SYNTHETIC_RESEARCH_FIXTURE,OG-SYNTH-0.1,B2-0.1,generate_opus_synthetic_programme.py@0.1,20260811,True,ac3b47bbc657c6def7ff1b3136c0381ceac96e8700c91d17125beba22eabc99a
EXP-04,ESC-05,0.011944,0.804315,0.185962,0.009723,"[0.0, 0.011944, 0.107633]",0.0,0.203321,0.011944,0.999929,SYNTHETIC_RESEARCH_FIXTURE,OG-SYNTH-0.1,B2-0.1,generate_opus_synthetic_programme.py@0.1,20260811,True,bf73a033e6a607eb1dcecdf0c35bac015fdfbfdc0bcfcdc95051bbe18ae66e0a
EXP-04,ESC-06,0.3756,0.51453,0.175961,0.309509,"[0.282893, 0.3756, 0.468307]",0.190186,0.561014,0.3756,0.926782,SYNTHETIC_RESEARCH_FIXTURE,OG-SYNTH-0.1,B2-0.1,generate_opus_synthetic_programme.py@0.1,20260811,True,27386088bef45c9ff1daad2f1577f84632ab7728c673f94d556c4a4d1326d18a
EXP-04,ESC-07,0.559265,0.361569,0.179623,0.458808,"[0.465475, 0.559265, 0.653055]",0.371684,0.746846,0.559265,0.828989,SYNTHETIC_RESEARCH_FIXTURE,OG-SYNTH-0.1,B2-0.1,generate_opus_synthetic_programme.py@0.1,20260811,True,5db6fd01a5aac77b7694552640112f5e63b5f1b3ce6c1e164a761c1bab9dd4ca
EXP-04,ESC-08,0.175978,0.69159,0.160715,0.147695,"[0.08768, 0.175978, 0.264276]",0.0,0.352574,0.175978,0.984394,SYNTHETIC_RESEARCH_FIXTURE,OG-SYNTH-0.1,B2-0.1,generate_opus_synthetic_programme.py@0.1,20260811,True,d75ac178178f062586d49c581448693768c1cc8f2b925648c210ff3838b89723
EXP-04,ESC-09,0.327489,0.576064,0.143414,0.280522,"[0.244004, 0.327489, 0.410974]",0.160519,0.494459,0.327489,0.944855,SYNTHETIC_RESEARCH_FIXTURE,OG-SYNTH-0.1,B2-0.1,generate_opus_synthetic_programme.py@0.1,20260811,True,3067b88956ce83bc6bf6d6e58cc306a6e36742a5a78e53a8c61fca991a9bf3bb
EXP-04,ESC-10,0.169454,0.683248,0.177351,0.139401,"[0.076337, 0.169454, 0.262571]",0.0,0.355688,0.169454,0.985538,SYNTHETIC_RESEARCH_FIXTURE,OG-SYNTH-0.1,B2-0.1,generate_opus_synthetic_programme.py@0.1,20260811,True,39aa4a266180035214f54d9337ec21138ea548c30b9f1fc86d0e08d1caa15291
EXP-04,ESC-11,0.330862,0.589906,0.118408,0.291686,"[0.254, 0.330862, 0.407725]",0.177138,0.484587,0.330862,0.943679,SYNTHETIC_RESEARCH_FIXTURE,OG-SYNTH-0.1,B2-0.1,generate_opus_synthetic_programme.py@0.1,20260811,True,ff7180eb85ca41620f5fc0231df2c62c79525c9fd1a1ea103be1e346dcc1f2d3
EXP-04,ESC-12,0.489994,0.443867,0.129683,0.42645,"[0.410193, 0.489994, 0.569795]",0.330391,0.649597,0.489994,0.871726,SYNTHETIC_RESEARCH_FIXTURE,OG-SYNTH-0.1,B2-0.1,generate_opus_synthetic_programme.py@0.1,20260811,True,b3cce6ba50210294c1dee0b420340cabf0e0d9e20b86e47a8f4cf732f56cd76c
EXP-04,ESC-13,0.457333,0.449066,0.172482,0.378451,"[0.365647, 0.457333, 0.54902]",0.27396,0.640706,0.457333,0.889295,SYNTHETIC_RESEARCH_FIXTURE,OG-SYNTH-0.1,B2-0.1,generate_opus_synthetic_programme.py@0.1,20260811,True,4add49d512fbfc1c3ec9f4cfd30b8a5be65eb87640006d071d34753e1805c673
EXP-04,ESC-14,0.591801,0.353315,0.134455,0.51223,"[0.510733, 0.591801, 0.672869]",0.429664,0.753938,0.591801,0.806084,SYNTHETIC_RESEARCH_FIXTURE,OG-SYNTH-0.1,B2-0.1,generate_opus_synthetic_programme.py@0.1,20260811,True,bc6f814bd6494212eeb192d2defba54b47cb31ed5c6a320a7af58b0b776642d7
EXP-04,ESC-15,0.607403,0.34053,0.132622,0.526848,"[0.526823, 0.607403, 0.687983]",0.446243,0.768563,0.607403,0.794394,SYNTHETIC_RESEARCH_FIXTURE,OG-SYNTH-0.1,B2-0.1,generate_opus_synthetic_programme.py@0.1,20260811,True,c885b4731b070fe448aa208c55074d04648ae05aba70afcec70aaae245b3ecb5
EXP-04,ESC-16,0.488453,0.440477,0.138931,0.420592,"[0.406183, 0.488453, 0.570722]",0.323914,0.652992,0.488453,0.87259,SYNTHETIC_RESEARCH_FIXTURE,OG-SYNTH-0.1,B2-0.1,generate_opus_synthetic_programme.py@0.1,20260811,True,d14348618e00510fc2f9c6ffcea6b4c2d6e74c21c4260037ca46a51cc3e7e00e
EXP-04,ESC-17,0.835474,0.137136,0.166477,0.696387,"[0.745529, 0.835474, 0.925419]",0.655583,1.0,0.835474,0.54953,SYNTHETIC_RESEARCH_FIXTURE,OG-SYNTH-0.1,B2-0.1,generate_opus_synthetic_programme.py@0.1,20260811,True,226ed49e5405f470bd0898641516325298688b0da1123ba53253cdd84cfbcf63
EXP-04,ESC-18,0.540002,0.407956,0.113135,0.478909,"[0.464489, 0.540002, 0.615516]",0.388976,0.691029,0.540002,0.841664,SYNTHETIC_RESEARCH_FIXTURE,OG-SYNTH-0.1,B2-0.1,generate_opus_synthetic_programme.py@0.1,20260811,True,cfcdd4579a412037307d9ef90b3d370c9aca9c69a4d37318f60f0cd0de36681a
EXP-04,ESC-19,0.809399,0.158727,0.16723,0.674043,"[0.719237, 0.809399, 0.899561]",0.629074,0.989724,0.809399,0.587259,SYNTHETIC_RESEARCH_FIXTURE,OG-SYNTH-0.1,B2-0.1,generate_opus_synthetic_programme.py@0.1,20260811,True,1bc7f14f939ba3037c1dd6f17f96cd0395b3bcf6fd70a832ea257a9a32e78d5e
EXP-04,ESC-20,0.663364,0.293491,0.128164,0.578345,"[0.583963, 0.663364, 0.742765]",0.504562,0.822166,0.663364,0.748297,SYNTHETIC_RESEARCH_FIXTURE,OG-SYNTH-0.1,B2-0.1,generate_opus_synthetic_programme.py@0.1,20260811,True,7a9fb1a326e64ba7770000b5e5bb87399b3e45a0cb9748ceae879b5f1673e1fc
EXP-04,ESC-21,0.831903,0.142563,0.151898,0.705539,"[0.746082, 0.831903, 0.917724]",0.660262,1.0,0.831903,0.554921,SYNTHETIC_RESEARCH_FIXTURE,OG-SYNTH-0.1,B2-0.1,generate_opus_synthetic_programme.py@0.1,20260811,True,187658627e4f371e148d4c7c0e044883c9a398ab564c51a5224065fec49b5d0c
EXP-04,ESC-22,0.765106,0.197528,0.159073,0.643399,"[0.677274, 0.765106, 0.852939]",0.589441,0.940772,0.765106,0.643904,SYNTHETIC_RESEARCH_FIXTURE,OG-SYNTH-0.1,B2-0.1,generate_opus_synthetic_programme.py@0.1,20260811,True,366c848245a6870b114b1ba40c78047ff110ddb8a8668c9d3b103e361b0fb742
EXP-04,ESC-23,0.728327,0.239096,0.119913,0.640991,"[0.651077, 0.728327, 0.805577]",0.573827,0.882827,0.728327,0.68523,SYNTHETIC_RESEARCH_FIXTURE,OG-SYNTH-0.1,B2-0.1,generate_opus_synthetic_programme.py@0.1,20260811,True,0a9d515dc7d338814ccea66b559fe2fdab42ecd96cd46a19b7a3a1a20dde6d1c
EXP-04,ESC-24,0.755919,0.198908,0.185074,0.616018,"[0.660498, 0.755919, 0.85134]",0.565077,0.946761,0.755919,0.654665,SYNTHETIC_RESEARCH_FIXTURE,OG-SYNTH-0.1,B2-0.1,generate_opus_synthetic_programme.py@0.1,20260811,True,e40b52b681f430a07061ce586c83b1cf43b9443c5f932d82e085e7d6e81eaf91
EXP-05,ESC-01,0.01547,0.849421,0.137232,0.013347,"[0.0, 0.01547, 0.097282]",0.0,0.179094,0.01547,0.99988,SYNTHETIC_RESEARCH_FIXTURE,OG-SYNTH-0.1,B2-0.1,generate_opus_synthetic_programme.py@0.1,20260811,True,a96bfc547d56328298ed5635d8084b83339ae3850ab7aa2f7ce17ed39ee21e72
EXP-05,ESC-02,0.171203,0.671862,0.189352,0.138785,"[0.074487, 0.171203, 0.267919]",0.0,0.364636,0.171203,0.985236,SYNTHETIC_RESEARCH_FIXTURE,OG-SYNTH-0.1,B2-0.1,generate_opus_synthetic_programme.py@0.1,20260811,True,58e8a1ae57e30348da9c1ebdd70cfa89a52da3c35c2d29007b1028ca4f51b6fd
EXP-05,ESC-03,0.044856,0.810675,0.151253,0.038072,"[0.0, 0.044856, 0.130498]",0.0,0.216139,0.044856,0.998993,SYNTHETIC_RESEARCH_FIXTURE,OG-SYNTH-0.1,B2-0.1,generate_opus_synthetic_programme.py@0.1,20260811,True,62346ae3a8c6fad3cdcd9149189f6f76f1c7f66239b5b6cc95b271dbbac36ff3
EXP-05,ESC-04,0.178179,0.709188,0.137054,0.153759,"[0.096415, 0.178179, 0.259943]",0.014651,0.341707,0.178179,0.983998,SYNTHETIC_RESEARCH_FIXTURE,OG-SYNTH-0.1,B2-0.1,generate_opus_synthetic_programme.py@0.1,20260811,True,b10c445bd58a779b9e5d2cbf9d87296d73414730814891d7799e954b6418e971
EXP-05,ESC-05,0.289429,0.581265,0.181975,0.23676,"[0.194938, 0.289429, 0.38392]",0.100446,0.478412,0.289429,0.957199,SYNTHETIC_RESEARCH_FIXTURE,OG-SYNTH-0.1,B2-0.1,generate_opus_synthetic_programme.py@0.1,20260811,True,3b21ae1004dad5c5a3b5a37d04227f6142f43a1c74c700a5b306f840cf8e0c29
EXP-05,ESC-06,0.265645,0.608341,0.171598,0.220061,"[0.174217, 0.265645, 0.357074]",0.082788,0.448503,0.265645,0.964071,SYNTHETIC_RESEARCH_FIXTURE,OG-SYNTH-0.1,B2-0.1,generate_opus_synthetic_programme.py@0.1,20260811,True,0dff8dd55bb90676e6a3606267890bcad62dcb195c6002ec3721d3714d47a2a9
EXP-05,ESC-07,0.29108,0.584576,0.175399,0.240025,"[0.198539, 0.29108, 0.383622]",0.105997,0.476163,0.29108,0.956699,SYNTHETIC_RESEARCH_FIXTURE,OG-SYNTH-0.1,B2-0.1,generate_opus_synthetic_programme.py@0.1,20260811,True,860b9965c6aac5661f066d8735bb700da24d752384c2ec962ed7f215f84b7890
EXP-05,ESC-08,0.372621,0.529656,0.155765,0.31458,"[0.28572, 0.372621, 0.459521]",0.198819,0.546422,0.372621,0.927984,SYNTHETIC_RESEARCH_FIXTURE,OG-SYNTH-0.1,B2-0.1,generate_opus_synthetic_programme.py@0.1,20260811,True,0daa7d62e14913d7e5496e0478546a6b1c433f69a7a1bbef050c5ced16a240ac
EXP-05,ESC-09,0.225635,0.667678,0.137773,0.194549,"[0.143678, 0.225635, 0.307593]",0.06172,0.38955,0.225635,0.974212,SYNTHETIC_RESEARCH_FIXTURE,OG-SYNTH-0.1,B2-0.1,generate_opus_synthetic_programme.py@0.1,20260811,True,618ac6d66a532a4a6a85b1cc791133a8269d3d9cfecdd8f820e4dcd56543a874
EXP-05,ESC-10,0.496345,0.416503,0.173041,0.410457,"[0.404495, 0.496345, 0.588195]",0.312645,0.680044,0.496345,0.868126,SYNTHETIC_RESEARCH_FIXTURE,OG-SYNTH-0.1,B2-0.1,generate_opus_synthetic_programme.py@0.1,20260811,True,784f893c579645d47efdd563121827b31ad360aa39373bf1abf1b8c2e2aeba17
EXP-05,ESC-11,0.363669,0.565236,0.111727,0.323037,"[0.288513, 0.363669, 0.438825]",0.213357,0.513981,0.363669,0.931528,SYNTHETIC_RESEARCH_FIXTURE,OG-SYNTH-0.1,B2-0.1,generate_opus_synthetic_programme.py@0.1,20260811,True,64271a0ebceaa2c77e6d4c07424bc36310e0b3e03d57d947015d6246a2d7c770
EXP-05,ESC-12,0.54469,0.39909,0.123477,0.477433,"[0.466515, 0.54469, 0.622864]",0.388341,0.701038,0.54469,0.838638,SYNTHETIC_RESEARCH_FIXTURE,OG-SYNTH-0.1,B2-0.1,generate_opus_synthetic_programme.py@0.1,20260811,True,7d17eb6b72626478678210d8c4cb6aab0ac60022e78c1bd800f79637a12db490
EXP-05,ESC-13,0.409436,0.491357,0.167987,0.340656,"[0.319055, 0.409436, 0.499817]",0.228674,0.590198,0.409436,0.912339,SYNTHETIC_RESEARCH_FIXTURE,OG-SYNTH-0.1,B2-0.1,generate_opus_synthetic_programme.py@0.1,20260811,True,3133a56a9b0d31e5123a6878395cf57a22ca7d9988715ada0a02194a7fa1476a
EXP-05,ESC-14,0.415221,0.509666,0.128448,0.361887,"[0.335745, 0.415221, 0.494697]",0.25627,0.574172,0.415221,0.909721,SYNTHETIC_RESEARCH_FIXTURE,OG-SYNTH-0.1,B2-0.1,generate_opus_synthetic_programme.py@0.1,20260811,True,1204e2d70c995141bb50e655351a7a1078265b10d37c855c6ebdd88931379214
EXP-05,ESC-15,0.510437,0.427615,0.126539,0.445846,"[0.431462, 0.510437, 0.589411]",0.352488,0.668385,0.510437,0.859915,SYNTHETIC_RESEARCH_FIXTURE,OG-SYNTH-0.1,B2-0.1,generate_opus_synthetic_programme.py@0.1,20260811,True,433664e5677304d71e1cbff6903c946bd20c9e24bbf0636d7bef9eb200479899
EXP-05,ESC-16,0.45736,0.47041,0.133108,0.396482,"[0.376651, 0.45736, 0.538069]",0.295942,0.618778,0.45736,0.889282,SYNTHETIC_RESEARCH_FIXTURE,OG-SYNTH-0.1,B2-0.1,generate_opus_synthetic_programme.py@0.1,20260811,True,2aa07797ecb817c0410752417e8a445cb8003e61c78903c1d19c6a20d7766eaa
EXP-05,ESC-17,0.814447,0.155539,0.161751,0.68271,"[0.725855, 0.814447, 0.90304]",0.637262,0.991632,0.814447,0.580237,SYNTHETIC_RESEARCH_FIXTURE,OG-SYNTH-0.1,B2-0.1,generate_opus_synthetic_programme.py@0.1,20260811,True,7d0ff5f70e7baa84c6d88aa586715ebc5a09bbaadea2aa3fa8f0092a63f35442
EXP-05,ESC-18,0.636065,0.325275,0.106227,0.568498,"[0.562295, 0.636065, 0.709836]",0.488524,0.783606,0.636065,0.771635,SYNTHETIC_RESEARCH_FIXTURE,OG-SYNTH-0.1,B2-0.1,generate_opus_synthetic_programme.py@0.1,20260811,True,2709042e3733bd8ca57aa6846e5dd12f9fd8f813a084f13f872b6eef4b02ad00
EXP-05,ESC-19,0.550719,0.376258,0.162533,0.461209,"[0.461904, 0.550719, 0.639535]",0.373088,0.72835,0.550719,0.834691,SYNTHETIC_RESEARCH_FIXTURE,OG-SYNTH-0.1,B2-0.1,generate_opus_synthetic_programme.py@0.1,20260811,True,e4694cc9e1337b1b62122efbe98161bf3dedf6c12c2d4d0b89b29a210779d678
EXP-05,ESC-20,0.669853,0.289904,0.121895,0.588201,"[0.592089, 0.669853, 0.747616]",0.514326,0.825379,0.669853,0.742494,SYNTHETIC_RESEARCH_FIXTURE,OG-SYNTH-0.1,B2-0.1,generate_opus_synthetic_programme.py@0.1,20260811,True,56dd44a61aa2c6c21c7785813ddfc5ae47512ccc7739510bd86e5e692ba5f3a5
EXP-05,ESC-21,0.991623,0.007149,0.146599,0.846252,"[0.907267, 0.991623, 1.0]",0.82291,1.0,0.991623,0.129163,SYNTHETIC_RESEARCH_FIXTURE,OG-SYNTH-0.1,B2-0.1,generate_opus_synthetic_programme.py@0.1,20260811,True,f33c12fcab481157825cbac7cb09daa9fc7a68ba33a0f2eeacf00c507d4b7231
EXP-05,ESC-22,0.78597,0.181057,0.154058,0.664885,"[0.699547, 0.78597, 0.872392]",0.613124,0.958815,0.78597,0.618265,SYNTHETIC_RESEARCH_FIXTURE,OG-SYNTH-0.1,B2-0.1,generate_opus_synthetic_programme.py@0.1,20260811,True,67e38600ce78e11b54e1da069aac07f5510c0d5046949c2a9f23b53bbee50336
EXP-05,ESC-23,0.821946,0.157881,0.113295,0.728823,"[0.746392, 0.821946, 0.8975]",0.670837,0.973054,0.821946,0.569566,SYNTHETIC_RESEARCH_FIXTURE,OG-SYNTH-0.1,B2-0.1,generate_opus_synthetic_programme.py@0.1,20260811,True,eb84c249c97d90e8a990ac2b5c73a10d475f95eacc40df0222fa4f79c9f1be82
EXP-05,ESC-24,1.0,0.0,0.181054,0.818946,"[0.905784, 1.0, 1.0]",0.811567,1.0,1.0,0.0,SYNTHETIC_RESEARCH_FIXTURE,OG-SYNTH-0.1,B2-0.1,generate_opus_synthetic_programme.py@0.1,20260811,True,7e790dfd112dbc175d3b81aae4f73cb3b104a1813e3c96c06d659937cc829c26
EXP-06,ESC-01,0.031941,0.840765,0.131495,0.027741,"[0.0, 0.031941, 0.112221]",0.0,0.192502,0.031941,0.99949,SYNTHETIC_RESEARCH_FIXTURE,OG-SYNTH-0.1,B2-0.1,generate_opus_synthetic_programme.py@0.1,20260811,True,38a9f1724421a5f57d33170f58c609f4235ff6c45eb53eb3a95a9833ab65321e
EXP-06,ESC-02,0.137865,0.70213,0.185592,0.112278,"[0.042288, 0.137865, 0.233442]",0.0,0.329019,0.137865,0.990451,SYNTHETIC_RESEARCH_FIXTURE,OG-SYNTH-0.1,B2-0.1,generate_opus_synthetic_programme.py@0.1,20260811,True,8c805e3878f44a684d1aae46fbc302c6b0700882be24fa4445a22ba3d22fe5cb
EXP-06,ESC-03,0.136264,0.73757,0.146069,0.11636,"[0.052053, 0.136264, 0.220475]",0.0,0.304686,0.136264,0.990672,SYNTHETIC_RESEARCH_FIXTURE,OG-SYNTH-0.1,B2-0.1,generate_opus_synthetic_programme.py@0.1,20260811,True,732d92b229a043ec3b89aef11be7dc387c8e6827ac93fd06aa0e50ae4f88405f
EXP-06,ESC-04,0.245859,0.655115,0.131309,0.213575,"[0.165627, 0.245859, 0.32609]",0.085396,0.406322,0.245859,0.969306,SYNTHETIC_RESEARCH_FIXTURE,OG-SYNTH-0.1,B2-0.1,generate_opus_synthetic_programme.py@0.1,20260811,True,36bb6c9d6a62742cc82d2e591a207c50871a62d752529a82298f636a03a2ff4d
EXP-06,ESC-05,0.108414,0.73293,0.177948,0.089122,"[0.01512, 0.108414, 0.201707]",0.0,0.295001,0.108414,0.994106,SYNTHETIC_RESEARCH_FIXTURE,OG-SYNTH-0.1,B2-0.1,generate_opus_synthetic_programme.py@0.1,20260811,True,fbe687b75f6fe3fe182ade393bd92ccd18b63706bf79333f161582b07297797d
EXP-06,ESC-06,0.155573,0.703248,0.167189,0.129563,"[0.065422, 0.155573, 0.245723]",0.0,0.335874,0.155573,0.987824,SYNTHETIC_RESEARCH_FIXTURE,OG-SYNTH-0.1,B2-0.1,generate_opus_synthetic_programme.py@0.1,20260811,True,51cadad1390b9636208312488baa66c0dd3cda47e06324cf8a5f8d692455c8d2
EXP-06,ESC-07,0.313645,0.568898,0.171131,0.259971,"[0.222353, 0.313645, 0.404938]",0.13106,0.496231,0.313645,0.94954,SYNTHETIC_RESEARCH_FIXTURE,OG-SYNTH-0.1,B2-0.1,generate_opus_synthetic_programme.py@0.1,20260811,True,2e675ceb5f04698e22b8f75b32b1af0c6e20e7487ff0c36f37e57ab1e35518f8
EXP-06,ESC-08,0.280286,0.611214,0.150755,0.238031,"[0.194782, 0.280286, 0.365789]",0.109279,0.451292,0.280286,0.959917,SYNTHETIC_RESEARCH_FIXTURE,OG-SYNTH-0.1,B2-0.1,generate_opus_synthetic_programme.py@0.1,20260811,True,2a1afec0211f461f0b1e9ab9dd3eef23b072d9d5bc4bcdbed531d680bc6cea58
EXP-06,ESC-09,0.360184,0.555324,0.132058,0.312619,"[0.279754, 0.360184, 0.440614]",0.199324,0.521044,0.360184,0.932881,SYNTHETIC_RESEARCH_FIXTURE,OG-SYNTH-0.1,B2-0.1,generate_opus_synthetic_programme.py@0.1,20260811,True,c73ae45a8677b3d348037c069d6c84066a962746ed4617d57500346afabe624d
EXP-06,ESC-10,0.307644,0.575566,0.168685,0.255749,"[0.217061, 0.307644, 0.398227]",0.126479,0.48881,0.307644,0.951501,SYNTHETIC_RESEARCH_FIXTURE,OG-SYNTH-0.1,B2-0.1,generate_opus_synthetic_programme.py@0.1,20260811,True,59b55d8ce064b0cf83912f9228401c588e0038a6de9d8dcc851b5281de782cc3
EXP-06,ESC-11,0.437999,0.503023,0.104943,0.392034,"[0.364549, 0.437999, 0.511448]",0.2911,0.584898,0.437999,0.898976,SYNTHETIC_RESEARCH_FIXTURE,OG-SYNTH-0.1,B2-0.1,generate_opus_synthetic_programme.py@0.1,20260811,True,1198bbb8acf1bdbbe4cca6c3579c511e2de83ef0bee8a3605cf65396ea298d2e
EXP-06,ESC-12,0.406242,0.52418,0.117183,0.358638,"[0.329695, 0.406242, 0.48279]",0.253147,0.559337,0.406242,0.913765,SYNTHETIC_RESEARCH_FIXTURE,OG-SYNTH-0.1,B2-0.1,generate_opus_synthetic_programme.py@0.1,20260811,True,3bccf43f6d91f0b3ae93eaa858264bdeec1577ba769c43910d1ee43218d2d3c2
EXP-06,ESC-13,0.327779,0.562351,0.163443,0.274206,"[0.238704, 0.327779, 0.416854]",0.149629,0.505929,0.327779,0.944754,SYNTHETIC_RESEARCH_FIXTURE,OG-SYNTH-0.1,B2-0.1,generate_opus_synthetic_programme.py@0.1,20260811,True,b3638cab9a201695ab0874000f25e05ba8ec69fa209f478b9b290bba10cf66f3
EXP-06,ESC-14,0.624233,0.32979,0.122356,0.547854,"[0.54635, 0.624233, 0.702116]",0.468467,0.779999,0.624233,0.781238,SYNTHETIC_RESEARCH_FIXTURE,OG-SYNTH-0.1,B2-0.1,generate_opus_synthetic_programme.py@0.1,20260811,True,47305f3fb4d46cdbeac5de7a768de8de70eee2aa57bcc612683812f9ef7e7b36
EXP-06,ESC-15,0.502645,0.437488,0.120369,0.442142,"[0.425277, 0.502645, 0.580014]",0.347909,0.657382,0.502645,0.864493,SYNTHETIC_RESEARCH_FIXTURE,OG-SYNTH-0.1,B2-0.1,generate_opus_synthetic_programme.py@0.1,20260811,True,17aa51d1083ef0eb5552bf9a125419dc00bedd2b62e26658ad0df7065bdd7e51
EXP-06,ESC-16,0.589744,0.358069,0.127205,0.514726,"[0.510595, 0.589744, 0.668893]",0.431446,0.748042,0.589744,0.80759,SYNTHETIC_RESEARCH_FIXTURE,OG-SYNTH-0.1,B2-0.1,generate_opus_synthetic_programme.py@0.1,20260811,True,326947a589e91746f858d99c11411728ac25b6b79651326d5c60d3b8b10290db
EXP-06,ESC-17,0.748731,0.211827,0.156971,0.631202,"[0.661491, 0.748731, 0.835971]",0.574251,0.92321,0.748731,0.662874,SYNTHETIC_RESEARCH_FIXTURE,OG-SYNTH-0.1,B2-0.1,generate_opus_synthetic_programme.py@0.1,20260811,True,f0648d2c255c6afd9a41feadc82c38d8db7ac9b83e4f65598011484e6f69502d
EXP-06,ESC-18,0.73682,0.23707,0.099211,0.663719,"[0.664792, 0.73682, 0.808847]",0.592765,0.880875,0.73682,0.676089,SYNTHETIC_RESEARCH_FIXTURE,OG-SYNTH-0.1,B2-0.1,generate_opus_synthetic_programme.py@0.1,20260811,True,c8d2685c1f2e1eed2eb9402f09e85509a9d05b2141b7138fec4ffd65c376f327
EXP-06,ESC-19,0.885144,0.096734,0.157783,0.745483,"[0.797676, 0.885144, 0.972613]",0.710207,1.0,0.885144,0.465317,SYNTHETIC_RESEARCH_FIXTURE,OG-SYNTH-0.1,B2-0.1,generate_opus_synthetic_programme.py@0.1,20260811,True,2ca9a5e58d86e8e1089e472add4fb77dad4d30fa0e1d5adc4e455392c8b61f5f
EXP-06,ESC-20,0.693163,0.271387,0.115535,0.613079,"[0.617038, 0.693163, 0.769288]",0.540912,0.845414,0.693163,0.720781,SYNTHETIC_RESEARCH_FIXTURE,OG-SYNTH-0.1,B2-0.1,generate_opus_synthetic_programme.py@0.1,20260811,True,608aa781221cee70771226a5808533b04939572c1ccc4f8758a4f2a3e73a7d10
EXP-06,ESC-21,0.888112,0.096086,0.141233,0.762681,"[0.80522, 0.888112, 0.971004]",0.722328,1.0,0.888112,0.459627,SYNTHETIC_RESEARCH_FIXTURE,OG-SYNTH-0.1,B2-0.1,generate_opus_synthetic_programme.py@0.1,20260811,True,a42bf5d70661e8c9d59a2e114bac0b5da10919d07161dfd2f55368da143e471f
EXP-06,ESC-22,0.85846,0.120453,0.148983,0.730564,"[0.773447, 0.85846, 0.943473]",0.688434,1.0,0.85846,0.51288,SYNTHETIC_RESEARCH_FIXTURE,OG-SYNTH-0.1,B2-0.1,generate_opus_synthetic_programme.py@0.1,20260811,True,743353362c7b376017b9ded729373ce9a9764effaaade1df896fce0e73b3398d
EXP-06,ESC-23,0.870031,0.116117,0.106578,0.777306,"[0.796173, 0.870031, 0.94389]",0.722315,1.0,0.870031,0.492996,SYNTHETIC_RESEARCH_FIXTURE,OG-SYNTH-0.1,B2-0.1,generate_opus_synthetic_programme.py@0.1,20260811,True,c1da45ffdf1d63acb80bba5f11aebc4fd58960c167dd0584b797ee2c059bf035
EXP-06,ESC-24,0.788317,0.174217,0.176993,0.64879,"[0.695305, 0.788317, 0.881328]",0.602294,0.97434,0.788317,0.61527,SYNTHETIC_RESEARCH_FIXTURE,OG-SYNTH-0.1,B2-0.1,generate_opus_synthetic_programme.py@0.1,20260811,True,3d7c84394bc84d42b1952c1580a8147b013f70d9f8aed004255590057fa538f5
EXP-07,ESC-01,0.123898,0.765992,0.125681,0.108327,"[0.045149, 0.123898, 0.202648]",0.0,0.281397,0.123898,0.992295,SYNTHETIC_RESEARCH_FIXTURE,OG-SYNTH-0.1,B2-0.1,generate_opus_synthetic_programme.py@0.1,20260811,True,9863fb6b4ffb240331f6bf4088fd43c781c0f261bdbf14d3de12ceca41800f3d
EXP-07,ESC-02,0.053887,0.774112,0.181797,0.044091,"[0.0, 0.053887, 0.148325]",0.0,0.242763,0.053887,0.998547,SYNTHETIC_RESEARCH_FIXTURE,OG-SYNTH-0.1,B2-0.1,generate_opus_synthetic_programme.py@0.1,20260811,True,c54e8b2ac525396c759e2fd6811e1d451fe4ec0d95b0e9976dd9ae93044a1799
EXP-07,ESC-03,0.0,0.859178,0.140822,0.0,"[0.0, 0.0, 0.082781]",0.0,0.165561,0.0,1.0,SYNTHETIC_RESEARCH_FIXTURE,OG-SYNTH-0.1,B2-0.1,generate_opus_synthetic_programme.py@0.1,20260811,True,52b510c4d20c752f5bffb883b9f93c95b6f29fa000bbd962e11308e8a6a01051
EXP-07,ESC-04,0.19738,0.701901,0.125488,0.172611,"[0.118681, 0.19738, 0.276079]",0.039982,0.354778,0.19738,0.980327,SYNTHETIC_RESEARCH_FIXTURE,OG-SYNTH-0.1,B2-0.1,generate_opus_synthetic_programme.py@0.1,20260811,True,bd58e4ebf83d4edb2b378fd551d6743f05022b932ef8c9c0ebca2afb775f6ae3
EXP-07,ESC-05,0.316894,0.564326,0.173882,0.261792,"[0.224798, 0.316894, 0.40899]",0.132702,0.501087,0.316894,0.948461,SYNTHETIC_RESEARCH_FIXTURE,OG-SYNTH-0.1,B2-0.1,generate_opus_synthetic_programme.py@0.1,20260811,True,aa4ac291276a78f00a39d4f05f05abbf06531d0613a253f07242e3f462373a97
EXP-07,ESC-06,0.162045,0.701592,0.162733,0.135675,"[0.073173, 0.162045, 0.250918]",0.0,0.33979,0.162045,0.986783,SYNTHETIC_RESEARCH_FIXTURE,OG-SYNTH-0.1,B2-0.1,generate_opus_synthetic_programme.py@0.1,20260811,True,90280635b45194d0b57a051d2c9fa66d96fff908f5f7ea162fe7cade33f9cd3a
EXP-07,ESC-07,0.306361,0.577928,0.166819,0.255254,"[0.216317, 0.306361, 0.396404]",0.126273,0.486448,0.306361,0.951916,SYNTHETIC_RESEARCH_FIXTURE,OG-SYNTH-0.1,B2-0.1,generate_opus_synthetic_programme.py@0.1,20260811,True,de48b00d6f95578b491a2d80f567dd421f86063d6d984c9449fcd79fe26bf189
EXP-07,ESC-08,0.244272,0.645629,0.145686,0.208685,"[0.160166, 0.244272, 0.328378]",0.07606,0.412484,0.244272,0.969707,SYNTHETIC_RESEARCH_FIXTURE,OG-SYNTH-0.1,B2-0.1,generate_opus_synthetic_programme.py@0.1,20260811,True,5792513ba25b4674bce85d74e93ba6733c9826d95c9354e332495bc87b7fd440
EXP-07,ESC-09,0.431209,0.496972,0.126266,0.376762,"[0.352306, 0.431209, 0.510111]",0.273404,0.589014,0.431209,0.902252,SYNTHETIC_RESEARCH_FIXTURE,OG-SYNTH-0.1,B2-0.1,generate_opus_synthetic_programme.py@0.1,20260811,True,7090052164335a1695ef7fd0c10be957e7abd58aa9280f61217214938e30934f
EXP-07,ESC-10,0.470003,0.442927,0.164283,0.39279,"[0.380688, 0.470003, 0.559319]",0.291372,0.648635,0.470003,0.882665,SYNTHETIC_RESEARCH_FIXTURE,OG-SYNTH-0.1,B2-0.1,generate_opus_synthetic_programme.py@0.1,20260811,True,7a2296c023f6f709170f3b7b674dfed397f91714c7ce1101573bdfa83d808127
EXP-07,ESC-11,0.394259,0.546345,0.098055,0.3556,"[0.322516, 0.394259, 0.466002]",0.250773,0.537745,0.394259,0.918999,SYNTHETIC_RESEARCH_FIXTURE,OG-SYNTH-0.1,B2-0.1,generate_opus_synthetic_programme.py@0.1,20260811,True,b6c0f12042b6aa6b2f0a2a29ffb847eab2c3dbf06c16aeedfa47dfee6bb69359
EXP-07,ESC-12,0.473584,0.468091,0.110797,0.421112,"[0.398663, 0.473584, 0.548504]",0.323743,0.623424,0.473584,0.880749,SYNTHETIC_RESEARCH_FIXTURE,OG-SYNTH-0.1,B2-0.1,generate_opus_synthetic_programme.py@0.1,20260811,True,ba008383e462fd355de2c274e507d9ac41bf72dfc0eaffe7ee87bc7cb7effc39
EXP-07,ESC-13,0.519441,0.404223,0.158849,0.436929,"[0.431672, 0.519441, 0.60721]",0.343902,0.69498,0.519441,0.854506,SYNTHETIC_RESEARCH_FIXTURE,OG-SYNTH-0.1,B2-0.1,generate_opus_synthetic_programme.py@0.1,20260811,True,7951a2596615a395d8adc6474bf6e030268fc5d0346d3ef2c0f3f0a36056bc00
EXP-07,ESC-14,0.581263,0.370089,0.116179,0.513732,"[0.504973, 0.581263, 0.657553]",0.428683,0.733843,0.581263,0.813716,SYNTHETIC_RESEARCH_FIXTURE,OG-SYNTH-0.1,B2-0.1,generate_opus_synthetic_programme.py@0.1,20260811,True,82e231e66fbd0606c3da02b336189b7b3cd12be6e1aad01241e1ce6b1ae57d07
EXP-07,ESC-15,0.588028,0.364961,0.114112,0.520927,"[0.512266, 0.588028, 0.66379]",0.436504,0.739553,0.588028,0.808841,SYNTHETIC_RESEARCH_FIXTURE,OG-SYNTH-0.1,B2-0.1,generate_opus_synthetic_programme.py@0.1,20260811,True,0b6fe3faa7035091e13d8cf2014ee0f7f6a34068bffb4c9057eea332cfcc7392
EXP-07,ESC-16,0.461278,0.473417,0.121221,0.405361,"[0.38369, 0.461278, 0.538867]",0.306101,0.616455,0.461278,0.887256,SYNTHETIC_RESEARCH_FIXTURE,OG-SYNTH-0.1,B2-0.1,generate_opus_synthetic_programme.py@0.1,20260811,True,f25799e4507c32554182099670ee92b08f000298abb9c980f22c1519059b09a1
EXP-07,ESC-17,0.706201,0.249102,0.152136,0.598762,"[0.620314, 0.706201, 0.792087]",0.534427,0.877974,0.706201,0.708012,SYNTHETIC_RESEARCH_FIXTURE,OG-SYNTH-0.1,B2-0.1,generate_opus_synthetic_programme.py@0.1,20260811,True,e2199167a34eb645b744c50e8af58c53042acfa09a70171b369c47c3cac72409
EXP-07,ESC-18,0.707722,0.265364,0.092084,0.642552,"[0.637437, 0.707722, 0.778007]",0.567153,0.848291,0.707722,0.706491,SYNTHETIC_RESEARCH_FIXTURE,OG-SYNTH-0.1,B2-0.1,generate_opus_synthetic_programme.py@0.1,20260811,True,27c78e69fc3b0006ab1f6db662d2bd6b09fda0c57b55503ec5cd6d4f60d247de
EXP-07,ESC-19,0.773164,0.192135,0.152979,0.654887,"[0.687043, 0.773164, 0.859286]",0.600921,0.945407,0.773164,0.634206,SYNTHETIC_RESEARCH_FIXTURE,OG-SYNTH-0.1,B2-0.1,generate_opus_synthetic_programme.py@0.1,20260811,True,486844cb2a9162d53b85d2accc3e0c65c8e8f8ddc13943cfed206e6193306912
EXP-07,ESC-20,0.755539,0.217794,0.109082,0.673124,"[0.681052, 0.755539, 0.830027]",0.606565,0.904514,0.755539,0.655103,SYNTHETIC_RESEARCH_FIXTURE,OG-SYNTH-0.1,B2-0.1,generate_opus_synthetic_programme.py@0.1,20260811,True,6594c22450762558253049d30ee78ebbaac1b5cc1206ea3c1c154a1b29b4093a
EXP-07,ESC-21,0.878576,0.104935,0.1358,0.759266,"[0.797148, 0.878576, 0.960004]",0.71572,1.0,0.878576,0.477602,SYNTHETIC_RESEARCH_FIXTURE,OG-SYNTH-0.1,B2-0.1,generate_opus_synthetic_programme.py@0.1,20260811,True,cffe48a91c79a8baa85ca673f886f462d8cef4d8dccf52e4087ce25aab32368d
EXP-07,ESC-22,0.924496,0.064643,0.143846,0.791511,"[0.840893, 0.924496, 1.0]",0.75729,1.0,0.924496,0.381191,SYNTHETIC_RESEARCH_FIXTURE,OG-SYNTH-0.1,B2-0.1,generate_opus_synthetic_programme.py@0.1,20260811,True,22079189a6f43e6c3f0b8ec584d4598638d1fc81d649c33661ba1278ef0cc3dc
EXP-07,ESC-23,0.897875,0.091937,0.099757,0.808306,"[0.825713, 0.897875, 0.970038]",0.753551,1.0,0.897875,0.44025,SYNTHETIC_RESEARCH_FIXTURE,OG-SYNTH-0.1,B2-0.1,generate_opus_synthetic_programme.py@0.1,20260811,True,a74cf1404ab6734e4f7108d2ef5a735b9da4bdedd96904b4d211c7ee56b9a95d
EXP-07,ESC-24,1.0,0.0,0.172893,0.827107,"[0.908193, 1.0, 1.0]",0.816387,1.0,1.0,0.0,SYNTHETIC_RESEARCH_FIXTURE,OG-SYNTH-0.1,B2-0.1,generate_opus_synthetic_programme.py@0.1,20260811,True,b117a345ac501fea7dbe51990f19bb860d7cfbd6a66f262575da9aa5fcc1a258
EXP-08,ESC-01,0.047712,0.838215,0.119789,0.041996,"[0.0, 0.047712, 0.12493]",0.0,0.202148,0.047712,0.998861,SYNTHETIC_RESEARCH_FIXTURE,OG-SYNTH-0.1,B2-0.1,generate_opus_synthetic_programme.py@0.1,20260811,True,76918b6925574d484affc0ab65638c4609cbc336bbd954e49e5e32b49da7ab59
EXP-08,ESC-02,0.199734,0.657845,0.177967,0.164188,"[0.106435, 0.199734, 0.293034]",0.013136,0.386333,0.199734,0.97985,SYNTHETIC_RESEARCH_FIXTURE,OG-SYNTH-0.1,B2-0.1,generate_opus_synthetic_programme.py@0.1,20260811,True,f3bbee37ab7bc3241891e9703f9b9589f98a8b8433f9821f0a13f0addb18a023
EXP-08,ESC-03,0.201719,0.690107,0.135509,0.174384,"[0.120369, 0.201719, 0.283069]",0.039019,0.364419,0.201719,0.979444,SYNTHETIC_RESEARCH_FIXTURE,OG-SYNTH-0.1,B2-0.1,generate_opus_synthetic_programme.py@0.1,20260811,True,35c67558a439f02dffc7b3878522c609d35f99d899c18cc4a948001420ecf090
EXP-08,ESC-04,0.185069,0.717474,0.119589,0.162937,"[0.107903, 0.185069, 0.262236]",0.030736,0.339402,0.185069,0.982725,SYNTHETIC_RESEARCH_FIXTURE,OG-SYNTH-0.1,B2-0.1,generate_opus_synthetic_programme.py@0.1,20260811,True,0178710b82296554223073effdbbed2c95e76081181cbe56f1e2a5855a25061a
EXP-08,ESC-05,0.276017,0.601069,0.169775,0.229156,"[0.185119, 0.276017, 0.366916]",0.09422,0.457814,0.276017,0.961153,SYNTHETIC_RESEARCH_FIXTURE,OG-SYNTH-0.1,B2-0.1,generate_opus_synthetic_programme.py@0.1,20260811,True,f7e9e6519641bdb8c276aafd9cb72b02a38f13c9fcc23079a1a1ca4796c67a88
EXP-08,ESC-06,0.328348,0.565378,0.158228,0.276394,"[0.240754, 0.328348, 0.415942]",0.15316,0.503536,0.328348,0.944557,SYNTHETIC_RESEARCH_FIXTURE,OG-SYNTH-0.1,B2-0.1,generate_opus_synthetic_programme.py@0.1,20260811,True,718f22e496888eea189077105b25511fb275e480198db9672b307625f60ee0a2
EXP-08,ESC-07,0.323257,0.566799,0.162461,0.27074,"[0.234462, 0.323257, 0.412051]",0.145667,0.500846,0.323257,0.946311,SYNTHETIC_RESEARCH_FIXTURE,OG-SYNTH-0.1,B2-0.1,generate_opus_synthetic_programme.py@0.1,20260811,True,2d7f6dc06baa13b23df21592610560d58eb1fdcfe3bd50834477af9b0938ea40
EXP-08,ESC-08,0.2792,0.619487,0.140556,0.239956,"[0.196491, 0.2792, 0.361908]",0.113782,0.444617,0.2792,0.960233,SYNTHETIC_RESEARCH_FIXTURE,OG-SYNTH-0.1,B2-0.1,generate_opus_synthetic_programme.py@0.1,20260811,True,185e3670fc04f7bb13e4c14af8467b51c916538e910cdfa413274b0a68cff0af
EXP-08,ESC-09,0.329309,0.589942,0.120396,0.289661,"[0.251934, 0.329309, 0.406684]",0.174559,0.484059,0.329309,0.944222,SYNTHETIC_RESEARCH_FIXTURE,OG-SYNTH-0.1,B2-0.1,generate_opus_synthetic_programme.py@0.1,20260811,True,de574d3ebdd3f41fc26d1c6966a7644347e9f48b6a0ff4a1bf59aaa6d5c1d60c
EXP-08,ESC-10,0.386486,0.515453,0.159835,0.324712,"[0.298437, 0.386486, 0.474534]",0.210389,0.562583,0.386486,0.922295,SYNTHETIC_RESEARCH_FIXTURE,OG-SYNTH-0.1,B2-0.1,generate_opus_synthetic_programme.py@0.1,20260811,True,b4cd62866ace84921f6d8c5981508738397a9720e5c65dfdee83d6825c0dfc70
EXP-08,ESC-11,0.456335,0.494158,0.09106,0.414781,"[0.386299, 0.456335, 0.526372]",0.316262,0.596409,0.456335,0.889808,SYNTHETIC_RESEARCH_FIXTURE,OG-SYNTH-0.1,B2-0.1,generate_opus_synthetic_programme.py@0.1,20260811,True,8127bf426d409b5c792a276c0cbf7d0e1f3eb567e3a46de39db949e38bc26b4f
EXP-08,ESC-12,0.437934,0.503432,0.104318,0.39225,"[0.364641, 0.437934, 0.511228]",0.291347,0.584521,0.437934,0.899007,SYNTHETIC_RESEARCH_FIXTURE,OG-SYNTH-0.1,B2-0.1,generate_opus_synthetic_programme.py@0.1,20260811,True,54f62ebc7429fa9e5e150316ddb5b2be8e1495a5d373b0565088a3abc3c49401
EXP-08,ESC-13,0.503977,0.419534,0.154204,0.426262,"[0.417513, 0.503977, 0.59044]",0.33105,0.676904,0.503977,0.863717,SYNTHETIC_RESEARCH_FIXTURE,OG-SYNTH-0.1,B2-0.1,generate_opus_synthetic_programme.py@0.1,20260811,True,e3abd038a24c1ff3f980c18b96131bdb0325225aeef08bfb8dae966bcbacef19
EXP-08,ESC-14,0.621211,0.337155,0.109914,0.552932,"[0.546514, 0.621211, 0.695909]",0.471817,0.770606,0.621211,0.783643,SYNTHETIC_RESEARCH_FIXTURE,OG-SYNTH-0.1,B2-0.1,generate_opus_synthetic_programme.py@0.1,20260811,True,bf4d0bf1b8fc6e43c775a0c3af0f918e46048020d1068aafc05637127dff16cb
EXP-08,ESC-15,0.552818,0.398991,0.107765,0.493243,"[0.478661, 0.552818, 0.626974]",0.404505,0.70113,0.552818,0.833302,SYNTHETIC_RESEARCH_FIXTURE,OG-SYNTH-0.1,B2-0.1,generate_opus_synthetic_programme.py@0.1,20260811,True,cc1490733c7d316192013e5c5557e7e4c3c456e8641b3637a4e6dd0c69a4ac4b
EXP-08,ESC-16,0.587424,0.365066,0.115155,0.519779,"[0.511396, 0.587424, 0.663452]",0.435367,0.73948,0.587424,0.809279,SYNTHETIC_RESEARCH_FIXTURE,OG-SYNTH-0.1,B2-0.1,generate_opus_synthetic_programme.py@0.1,20260811,True,c50348fb004d187e3f1b07923d775490c39c8521afc2a5fe16d916dc5f16018a
EXP-08,ESC-17,0.784806,0.183507,0.147245,0.669247,"[0.700272, 0.784806, 0.869341]",0.615738,0.953875,0.784806,0.619741,SYNTHETIC_RESEARCH_FIXTURE,OG-SYNTH-0.1,B2-0.1,generate_opus_synthetic_programme.py@0.1,20260811,True,735c08eb76f0076d8f58b36d95e37bfa67542e27eb1454c11cb6571ea18bfc37
EXP-08,ESC-18,0.815863,0.168514,0.084843,0.746643,"[0.747322, 0.815863, 0.884405]",0.67878,0.952947,0.815863,0.578245,SYNTHETIC_RESEARCH_FIXTURE,OG-SYNTH-0.1,B2-0.1,generate_opus_synthetic_programme.py@0.1,20260811,True,a3a71cab35a9bdd3e94508fa8c63c48c1424b2d93a3c7e90917224570339c836
EXP-08,ESC-19,0.695277,0.259588,0.148119,0.592293,"[0.610502, 0.695277, 0.780051]",0.525727,0.864826,0.695277,0.718742,SYNTHETIC_RESEARCH_FIXTURE,OG-SYNTH-0.1,B2-0.1,generate_opus_synthetic_programme.py@0.1,20260811,True,bdda379bdb8b043ff8d0d9d4a8a6655c417b8cc75f8c20fdb8131662fafb52af
EXP-08,ESC-20,0.728345,0.243801,0.102534,0.653665,"[0.655496, 0.728345, 0.801195]",0.582646,0.874045,0.728345,0.68521,SYNTHETIC_RESEARCH_FIXTURE,OG-SYNTH-0.1,B2-0.1,generate_opus_synthetic_programme.py@0.1,20260811,True,1b875eb310d801e0a06affa454b01200e529b0a5bde743864978b5f8756c8b7e
EXP-08,ESC-21,0.839245,0.13981,0.130297,0.729893,"[0.759281, 0.839245, 0.919208]",0.679317,0.999172,0.839245,0.543754,SYNTHETIC_RESEARCH_FIXTURE,OG-SYNTH-0.1,B2-0.1,generate_opus_synthetic_programme.py@0.1,20260811,True,468322233c66ee5a4c6192ff845cca248a8759ec468a716c8eb77004837ea4c6
EXP-08,ESC-22,0.860026,0.120567,0.138648,0.740785,"[0.777833, 0.860026, 0.942219]",0.69564,1.0,0.860026,0.510251,SYNTHETIC_RESEARCH_FIXTURE,OG-SYNTH-0.1,B2-0.1,generate_opus_synthetic_programme.py@0.1,20260811,True,46cc5f1a1883d732aec466f6d4944073d5c2b5c4e7669f18abd20dbba2788aca
EXP-08,ESC-23,0.924691,0.068318,0.092832,0.83885,"[0.854225, 0.924691, 0.995157]",0.783758,1.0,0.924691,0.380719,SYNTHETIC_RESEARCH_FIXTURE,OG-SYNTH-0.1,B2-0.1,generate_opus_synthetic_programme.py@0.1,20260811,True,25e2175620826ad7aab761087d7bf3eeb2c002cdd09779a87ac7c138cd461af0
EXP-08,ESC-24,0.932859,0.055811,0.168751,0.775438,"[0.842257, 0.932859, 1.0]",0.751655,1.0,0.932859,0.360242,SYNTHETIC_RESEARCH_FIXTURE,OG-SYNTH-0.1,B2-0.1,generate_opus_synthetic_programme.py@0.1,20260811,True,4f82847cb14092356393f01cff22364449aa982b37312a2a4978b809a48ed336
EXP-09,ESC-01,0.0,0.886183,0.113817,0.0,"[0.0, 0.0, 0.075687]",0.0,0.151374,0.0,1.0,SYNTHETIC_RESEARCH_FIXTURE,OG-SYNTH-0.1,B2-0.1,generate_opus_synthetic_programme.py@0.1,20260811,True,fdcbb214469195457095ac3035c585532480d3992fabd262f8e0eb5a3a142c7d
EXP-09,ESC-02,0.040417,0.79252,0.1741,0.03338,"[0.0, 0.040417, 0.132577]",0.0,0.224737,0.040417,0.999183,SYNTHETIC_RESEARCH_FIXTURE,OG-SYNTH-0.1,B2-0.1,generate_opus_synthetic_programme.py@0.1,20260811,True,274df7509233011be64acf7e52ce60768233462f8190896f57dc296993c903a8
EXP-09,ESC-03,0.192962,0.702017,0.130131,0.167852,"[0.113043, 0.192962, 0.272882]",0.033123,0.352802,0.192962,0.981206,SYNTHETIC_RESEARCH_FIXTURE,OG-SYNTH-0.1,B2-0.1,generate_opus_synthetic_programme.py@0.1,20260811,True,e049c1693c69c98d184de5eea572f4acaa7982472fa3372b9abd43a7e68fcf05
EXP-09,ESC-04,0.209273,0.700894,0.113609,0.185497,"[0.133639, 0.209273, 0.284907]",0.058005,0.360541,0.209273,0.977857,SYNTHETIC_RESEARCH_FIXTURE,OG-SYNTH-0.1,B2-0.1,generate_opus_synthetic_programme.py@0.1,20260811,True,b0bd49e319e1fbce23c547e002b05e3798974d23630dbfc58704a94aadb1a5de
EXP-09,ESC-05,0.366582,0.528507,0.165627,0.305866,"[0.276881, 0.366582, 0.456283]",0.18718,0.545984,0.366582,0.930386,SYNTHETIC_RESEARCH_FIXTURE,OG-SYNTH-0.1,B2-0.1,generate_opus_synthetic_programme.py@0.1,20260811,True,d6fdd3d23d8cac43f0c8489289feddcd8b4c4d998b9f4d485eafa9559f7e4945
EXP-09,ESC-06,0.392152,0.514437,0.153675,0.331888,"[0.305836, 0.392152, 0.478468]",0.21952,0.564784,0.392152,0.9199,SYNTHETIC_RESEARCH_FIXTURE,OG-SYNTH-0.1,B2-0.1,generate_opus_synthetic_programme.py@0.1,20260811,True,cd48b564f948609350d895c808675ba9d9ae5b0a3d8240ff029dfdf888b92285
EXP-09,ESC-07,0.292041,0.59606,0.158058,0.245882,"[0.204495, 0.292041, 0.379587]",0.11695,0.467133,0.292041,0.956406,SYNTHETIC_RESEARCH_FIXTURE,OG-SYNTH-0.1,B2-0.1,generate_opus_synthetic_programme.py@0.1,20260811,True,d96658add2b5a14c673f47dc5fe4c9374556afab44fce45a589c20449f340824
EXP-09,ESC-08,0.426177,0.496148,0.135364,0.368488,"[0.344866, 0.426177, 0.507488]",0.263554,0.5888,0.426177,0.90464,SYNTHETIC_RESEARCH_FIXTURE,OG-SYNTH-0.1,B2-0.1,generate_opus_synthetic_programme.py@0.1,20260811,True,6c1840bd63a0dd0ce4dc2781bf91cb7d33c275a8041da4b6fed51c2626713f71
EXP-09,ESC-09,0.326927,0.596042,0.114448,0.289511,"[0.251079, 0.326927, 0.402774]",0.175231,0.478622,0.326927,0.94505,SYNTHETIC_RESEARCH_FIXTURE,OG-SYNTH-0.1,B2-0.1,generate_opus_synthetic_programme.py@0.1,20260811,True,f2ac2bcaf47e51ca66babc043721ca3cefe5547cd1ce3172d7ac705b41cf7cef
EXP-09,ESC-10,0.448616,0.465733,0.155339,0.378928,"[0.361834, 0.448616, 0.535397]",0.275053,0.622178,0.448616,0.893725,SYNTHETIC_RESEARCH_FIXTURE,OG-SYNTH-0.1,B2-0.1,generate_opus_synthetic_programme.py@0.1,20260811,True,4f417ec97f1107a983d1bb7b14d33d18a556ae0c80de13a22916ff5f59a00a64
EXP-09,ESC-11,0.475148,0.480787,0.083956,0.435257,"[0.406818, 0.475148, 0.543478]",0.338488,0.611809,0.475148,0.879906,SYNTHETIC_RESEARCH_FIXTURE,OG-SYNTH-0.1,B2-0.1,generate_opus_synthetic_programme.py@0.1,20260811,True,822168cb85ed796bf9ef42397624c96b5bf4753a9d654ab77c0059421d077365
EXP-09,ESC-12,0.451254,0.495109,0.097743,0.407147,"[0.379588, 0.451254, 0.522921]",0.307921,0.594587,0.451254,0.892395,SYNTHETIC_RESEARCH_FIXTURE,OG-SYNTH-0.1,B2-0.1,generate_opus_synthetic_programme.py@0.1,20260811,True,d75c753edb4b36fea8f752d8dd364ab351fc1cdc8e7fa2ec36998157d953faa1
EXP-09,ESC-13,0.557476,0.376364,0.149507,0.474129,"[0.472318, 0.557476, 0.642633]",0.38716,0.727791,0.557476,0.830193,SYNTHETIC_RESEARCH_FIXTURE,OG-SYNTH-0.1,B2-0.1,generate_opus_synthetic_programme.py@0.1,20260811,True,59a68f9cc72d4779451f358e0919186aa1dc8e7dcab857e3060b391cde301925
EXP-09,ESC-14,0.477713,0.468199,0.103559,0.428241,"[0.404608, 0.477713, 0.550818]",0.331504,0.623922,0.477713,0.878516,SYNTHETIC_RESEARCH_FIXTURE,OG-SYNTH-0.1,B2-0.1,generate_opus_synthetic_programme.py@0.1,20260811,True,79ca40a284951e24dace83044e4f40fe56adff0965e9cf7e495ca212c824d1a0
EXP-09,ESC-15,0.571265,0.385293,0.101327,0.51338,"[0.498714, 0.571265, 0.643815]",0.426164,0.716365,0.571265,0.820766,SYNTHETIC_RESEARCH_FIXTURE,OG-SYNTH-0.1,B2-0.1,generate_opus_synthetic_programme.py@0.1,20260811,True,c73285ae3d729467afa92b6e754aeaebb9083b56952f21de121abb858648afcd
EXP-09,ESC-16,0.643205,0.317903,0.109005,0.573092,"[0.568737, 0.643205, 0.717673]",0.494268,0.792141,0.643205,0.765694,SYNTHETIC_RESEARCH_FIXTURE,OG-SYNTH-0.1,B2-0.1,generate_opus_synthetic_programme.py@0.1,20260811,True,60cc9ae59b04c5a2368dee0dab5e53d7985325938ec6ca52f1575f2503a7aa8a
EXP-09,ESC-17,0.768216,0.198801,0.142298,0.658901,"[0.685035, 0.768216, 0.851397]",0.601854,0.934579,0.768216,0.64019,SYNTHETIC_RESEARCH_FIXTURE,OG-SYNTH-0.1,B2-0.1,generate_opus_synthetic_programme.py@0.1,20260811,True,ea1d6913aab4c5d407164ec956d4de5a79430debe50192455354ffeb684a8a77
EXP-09,ESC-18,0.636806,0.335052,0.077486,0.587462,"[0.570007, 0.636806, 0.703605]",0.503208,0.770404,0.636806,0.771024,SYNTHETIC_RESEARCH_FIXTURE,OG-SYNTH-0.1,B2-0.1,generate_opus_synthetic_programme.py@0.1,20260811,True,420f3c317801a81527af151943c416e2f60628c5aedb7c145a77dd7666c4a2f2
EXP-09,ESC-19,0.803585,0.168288,0.143203,0.688509,"[0.720157, 0.803585, 0.887012]",0.63673,0.97044,0.803585,0.59519,SYNTHETIC_RESEARCH_FIXTURE,OG-SYNTH-0.1,B2-0.1,generate_opus_synthetic_programme.py@0.1,20260811,True,d27a00a3dcdf0c35a1f6eafd9be0fcef37780d1f870e4663491eb0deb9b49a65
EXP-09,ESC-20,0.596337,0.364956,0.095889,0.539154,"[0.525125, 0.596337, 0.667549]",0.453913,0.73876,0.596337,0.802734,SYNTHETIC_RESEARCH_FIXTURE,OG-SYNTH-0.1,B2-0.1,generate_opus_synthetic_programme.py@0.1,20260811,True,68d7c5b726b489b41473c37866da86a26f108d7fd93e7f458a8ecd006d607f11
EXP-09,ESC-21,0.760455,0.209668,0.124724,0.665608,"[0.681955, 0.760455, 0.838954]",0.603456,0.917453,0.760455,0.649391,SYNTHETIC_RESEARCH_FIXTURE,OG-SYNTH-0.1,B2-0.1,generate_opus_synthetic_programme.py@0.1,20260811,True,f8f2b7c47492b64bcffb69140dd4aa8954a5dea744ce94ed0ecee7a9755aa3e4
EXP-09,ESC-22,0.769479,0.199773,0.133385,0.666842,"[0.688696, 0.769479, 0.850262]",0.607913,0.931045,0.769479,0.638673,SYNTHETIC_RESEARCH_FIXTURE,OG-SYNTH-0.1,B2-0.1,generate_opus_synthetic_programme.py@0.1,20260811,True,fb6de29547d390eba60b15c14926b6b31d271fec2cc4312f7b87b7820f8a03ca
EXP-09,ESC-23,0.824159,0.160754,0.0858,0.753447,"[0.755389, 0.824159, 0.89293]",0.686618,0.9617,0.824159,0.566358,SYNTHETIC_RESEARCH_FIXTURE,OG-SYNTH-0.1,B2-0.1,generate_opus_synthetic_programme.py@0.1,20260811,True,86500302689cf8e67fb3888dab2286a532b22daca0542974fc11a589092d971f
EXP-09,ESC-24,0.825616,0.145686,0.164567,0.689747,"[0.73622, 0.825616, 0.915013]",0.646823,1.0,0.825616,0.564232,SYNTHETIC_RESEARCH_FIXTURE,OG-SYNTH-0.1,B2-0.1,generate_opus_synthetic_programme.py@0.1,20260811,True,8f820910278eeb45f2ddd9821261931ab9fa67b5235e6eee5dc118e9a7023eab
EXP-10,ESC-01,0.114117,0.790418,0.107763,0.101819,"[0.039961, 0.114117, 0.188272]",0.0,0.262428,0.114117,0.993467,SYNTHETIC_RESEARCH_FIXTURE,OG-SYNTH-0.1,B2-0.1,generate_opus_synthetic_programme.py@0.1,20260811,True,e4b228b3418177b86890fd61c763f9b3019bfdecd0bd0d6ed2a76d270e7b3daa
EXP-10,ESC-02,0.010157,0.821374,0.170197,0.008429,"[0.0, 0.010157, 0.101178]",0.0,0.1922,0.010157,0.999948,SYNTHETIC_RESEARCH_FIXTURE,OG-SYNTH-0.1,B2-0.1,generate_opus_synthetic_programme.py@0.1,20260811,True,e2166a92a2afe3bb69f72d931b12fd0be6017d029c88588ed5e7a5ad47fa49eb
EXP-10,ESC-03,0.23468,0.669896,0.124685,0.205419,"[0.156191, 0.23468, 0.31317]",0.077702,0.391659,0.23468,0.972073,SYNTHETIC_RESEARCH_FIXTURE,OG-SYNTH-0.1,B2-0.1,generate_opus_synthetic_programme.py@0.1,20260811,True,00039e7ba7de5b0dbe155275ddf5f3c375d8b1728a7650ac6a7cc4eabee57d50
EXP-10,ESC-04,0.254174,0.665614,0.107547,0.226839,"[0.180073, 0.254174, 0.328276]",0.105971,0.402377,0.254174,0.967158,SYNTHETIC_RESEARCH_FIXTURE,OG-SYNTH-0.1,B2-0.1,generate_opus_synthetic_programme.py@0.1,20260811,True,0d2ce66286e3e0cef0cca7eb5c4b8448221015e00cc908aa2c8ca8b7d549449a
EXP-10,ESC-05,0.237737,0.639205,0.161437,0.199357,"[0.149234, 0.237737, 0.32624]",0.06073,0.414744,0.237737,0.97133,SYNTHETIC_RESEARCH_FIXTURE,OG-SYNTH-0.1,B2-0.1,generate_opus_synthetic_programme.py@0.1,20260811,True,ca489d2a9dfb42e46d3591fee2b95fcc1cfdaaf62c6f2bc8928ef408c02f7a55
EXP-10,ESC-06,0.323957,0.575264,0.149073,0.275663,"[0.238919, 0.323957, 0.408994]",0.153881,0.494032,0.323957,0.946072,SYNTHETIC_RESEARCH_FIXTURE,OG-SYNTH-0.1,B2-0.1,generate_opus_synthetic_programme.py@0.1,20260811,True,7edad4d166f48f0fdccf787a35550a19cfec74d0b23eb94255da47be3c206983
EXP-10,ESC-07,0.278918,0.610318,0.153608,0.236074,"[0.192621, 0.278918, 0.365215]",0.106324,0.451512,0.278918,0.960315,SYNTHETIC_RESEARCH_FIXTURE,OG-SYNTH-0.1,B2-0.1,generate_opus_synthetic_programme.py@0.1,20260811,True,5398b169c2258369c80235ebb996ebeee0a7ec969f655676976bccf4c4be1068
EXP-10,ESC-08,0.373555,0.544938,0.130109,0.324952,"[0.293641, 0.373555, 0.453469]",0.213727,0.533383,0.373555,0.927608,SYNTHETIC_RESEARCH_FIXTURE,OG-SYNTH-0.1,B2-0.1,generate_opus_synthetic_programme.py@0.1,20260811,True,faf5001971e5f228dc1537839b11c0d6fd6ac0f3c7cc5854ff1f85642f10cf0a
EXP-10,ESC-09,0.403931,0.531445,0.108418,0.360137,"[0.32961, 0.403931, 0.478251]",0.25529,0.552571,0.403931,0.91479,SYNTHETIC_RESEARCH_FIXTURE,OG-SYNTH-0.1,B2-0.1,generate_opus_synthetic_programme.py@0.1,20260811,True,f1b4cf0391fd2f3f22b04ed9f44369c57328f2bbd2962f173176f18c2904cd65
EXP-10,ESC-10,0.574984,0.360926,0.150795,0.48828,"[0.48947, 0.574984, 0.660498]",0.403956,0.746013,0.574984,0.818165,SYNTHETIC_RESEARCH_FIXTURE,OG-SYNTH-0.1,B2-0.1,generate_opus_synthetic_programme.py@0.1,20260811,True,9660c9dd160fd77090ee61202e95bcf4926eaae0c3b2efdfaed37b7ba8295794
EXP-10,ESC-11,0.391481,0.561821,0.07674,0.361439,"[0.324857, 0.391481, 0.458105]",0.258234,0.524729,0.391481,0.920186,SYNTHETIC_RESEARCH_FIXTURE,OG-SYNTH-0.1,B2-0.1,generate_opus_synthetic_programme.py@0.1,20260811,True,947c6ca32b18174ed14ff4ee7c9c70c13ee673197d1a1b6fe2733a9c1971780e
EXP-10,ESC-12,0.475754,0.476502,0.091072,0.432426,"[0.405715, 0.475754, 0.545794]",0.335675,0.615833,0.475754,0.879578,SYNTHETIC_RESEARCH_FIXTURE,OG-SYNTH-0.1,B2-0.1,generate_opus_synthetic_programme.py@0.1,20260811,True,111bcbc8fec97c418324f37dd98bea8fb2163e5ee33ad5d6abecc9bb600dddc3
EXP-10,ESC-13,0.565334,0.371744,0.144758,0.483498,"[0.481482, 0.565334, 0.649186]",0.39763,0.733039,0.565334,0.824862,SYNTHETIC_RESEARCH_FIXTURE,OG-SYNTH-0.1,B2-0.1,generate_opus_synthetic_programme.py@0.1,20260811,True,9c1d12f5a3405e273cd15598e781d338fce8451f20c3fba76b1cbec4bf20ec38
EXP-10,ESC-14,0.598723,0.362307,0.097114,0.540579,"[0.527211, 0.598723, 0.670235]",0.455699,0.741747,0.598723,0.800956,SYNTHETIC_RESEARCH_FIXTURE,OG-SYNTH-0.1,B2-0.1,generate_opus_synthetic_programme.py@0.1,20260811,True,8947b58fdf294d15b04008f637f314634e6b9404b30c91ab5d589d02a0b726ae
EXP-10,ESC-15,0.630377,0.334584,0.094795,0.570621,"[0.559433, 0.630377, 0.701322]",0.488488,0.772266,0.630377,0.776289,SYNTHETIC_RESEARCH_FIXTURE,OG-SYNTH-0.1,B2-0.1,generate_opus_synthetic_programme.py@0.1,20260811,True,da9759e3f473f0352dc3a013ce97aab9e2c5175687c55af2d7c93ccc40ce4dbf
EXP-10,ESC-16,0.557505,0.397021,0.102768,0.500211,"[0.484597, 0.557505, 0.630413]",0.411689,0.70332,0.557505,0.830174,SYNTHETIC_RESEARCH_FIXTURE,OG-SYNTH-0.1,B2-0.1,generate_opus_synthetic_programme.py@0.1,20260811,True,88fd2f6473747c1be524488f1bfed4c34157fe4485b48000a1e1cf58ef7f0137
EXP-10,ESC-17,0.696732,0.261632,0.137293,0.601075,"[0.614903, 0.696732, 0.77856]",0.533075,0.860389,0.696732,0.717332,SYNTHETIC_RESEARCH_FIXTURE,OG-SYNTH-0.1,B2-0.1,generate_opus_synthetic_programme.py@0.1,20260811,True,5f82ffe55128f46dd023619038fb876a31b1f92c6453e2a60d565286a465abd4
EXP-10,ESC-18,0.751653,0.23096,0.07001,0.69903,"[0.686597, 0.751653, 0.816709]",0.621541,0.881765,0.751653,0.659559,SYNTHETIC_RESEARCH_FIXTURE,OG-SYNTH-0.1,B2-0.1,generate_opus_synthetic_programme.py@0.1,20260811,True,25f842b7c0089698f64ba314c6ccbd004ab45180fd973ad038c83755d063f831
EXP-10,ESC-19,0.681838,0.274182,0.138231,0.587588,"[0.599758, 0.681838, 0.763919]",0.517677,0.846,0.681838,0.731503,SYNTHETIC_RESEARCH_FIXTURE,OG-SYNTH-0.1,B2-0.1,generate_opus_synthetic_programme.py@0.1,20260811,True,a93fd6d0d55053f6fe719788ea79df79c68c49b173fd570c33fbfed6493b5636
EXP-10,ESC-20,0.829912,0.154925,0.089146,0.755929,"[0.760338, 0.829912, 0.899486]",0.690764,0.96906,0.829912,0.557894,SYNTHETIC_RESEARCH_FIXTURE,OG-SYNTH-0.1,B2-0.1,generate_opus_synthetic_programme.py@0.1,20260811,True,d73d05adee61321ada7222bd67b0328e7abddbece7b2bba8c31e17b1e4879de2
EXP-10,ESC-21,0.852489,0.129946,0.119078,0.750976,"[0.775454, 0.852489, 0.929524]",0.698419,1.0,0.852489,0.522746,SYNTHETIC_RESEARCH_FIXTURE,OG-SYNTH-0.1,B2-0.1,generate_opus_synthetic_programme.py@0.1,20260811,True,50a7557651aec11008db8c37183c824e55fd72b0248e974cc65840fb37206aeb
EXP-10,ESC-22,0.844028,0.135999,0.128058,0.735943,"[0.764654, 0.844028, 0.923401]",0.685281,1.0,0.844028,0.5363,SYNTHETIC_RESEARCH_FIXTURE,OG-SYNTH-0.1,B2-0.1,generate_opus_synthetic_programme.py@0.1,20260811,True,c905b57399fbcfb190447d6f04d7293ac8f338cafdfe7c8c70a16a2f7cb524cf
EXP-10,ESC-23,0.904413,0.088068,0.078657,0.833274,"[0.837338, 0.904413, 0.971487]",0.770264,1.0,0.904413,0.426658,SYNTHETIC_RESEARCH_FIXTURE,OG-SYNTH-0.1,B2-0.1,generate_opus_synthetic_programme.py@0.1,20260811,True,c0c29c53e52d41bc5d9e10f727f6dbd0c27ddf0636aaca0fcd1bece63efe29e5
EXP-10,ESC-24,0.940224,0.050192,0.160342,0.789467,"[0.852032, 0.940224, 1.0]",0.76384,1.0,0.940224,0.340557,SYNTHETIC_RESEARCH_FIXTURE,OG-SYNTH-0.1,B2-0.1,generate_opus_synthetic_programme.py@0.1,20260811,True,5a26654f9aabc5f32ad2be6807bf987eba4fd8af4a5b29ce82a3a816119a4739
EXP-11,ESC-01,0.148859,0.715434,0.159441,0.125125,"[0.060922, 0.148859, 0.236796]",0.0,0.324733,0.148859,0.988858,SYNTHETIC_RESEARCH_FIXTURE,OG-SYNTH-0.1,B2-0.1,generate_opus_synthetic_programme.py@0.1,20260811,True,799d03d676a0f56a1183647c47f02d641e05c4245922ba1e9df4ab14fd2947a9
EXP-11,ESC-02,0.190578,0.644259,0.204051,0.15169,"[0.089305, 0.190578, 0.29185]",0.0,0.393122,0.190578,0.981672,SYNTHETIC_RESEARCH_FIXTURE,OG-SYNTH-0.1,B2-0.1,generate_opus_synthetic_programme.py@0.1,20260811,True,25d068e00f5c39cf16b2a1abe8ef29777cc6d221a46f2bb7df54f644b7354557
EXP-11,ESC-03,0.137369,0.714798,0.171374,0.113828,"[0.046006, 0.137369, 0.228733]",0.0,0.320096,0.137369,0.99052,SYNTHETIC_RESEARCH_FIXTURE,OG-SYNTH-0.1,B2-0.1,generate_opus_synthetic_programme.py@0.1,20260811,True,ba553a57484e1a0417c143504fe96fbc4b5df8c15f215525a7f6dd2a17828405
EXP-11,ESC-04,0.156166,0.709419,0.15929,0.131291,"[0.068272, 0.156166, 0.244061]",0.0,0.331955,0.156166,0.987731,SYNTHETIC_RESEARCH_FIXTURE,OG-SYNTH-0.1,B2-0.1,generate_opus_synthetic_programme.py@0.1,20260811,True,37c4dfc00f3c5dc6ab2fbf65d9e93947531025d451e3847f6de423fd6e85de3b
EXP-11,ESC-05,0.283725,0.574672,0.197695,0.227634,"[0.184443, 0.283725, 0.383006]",0.085161,0.482288,0.283725,0.958906,SYNTHETIC_RESEARCH_FIXTURE,OG-SYNTH-0.1,B2-0.1,generate_opus_synthetic_programme.py@0.1,20260811,True,aaae0508ce3a9f26b093d8db8895760180b0919d6e115c59f06af0d2ee61a127
EXP-11,ESC-06,0.261455,0.599125,0.188777,0.212098,"[0.164913, 0.261455, 0.357996]",0.068372,0.454538,0.261455,0.965216,SYNTHETIC_RESEARCH_FIXTURE,OG-SYNTH-0.1,B2-0.1,generate_opus_synthetic_programme.py@0.1,20260811,True,49649e41b924f5214c154eb6d107638c1ac6aff439dc4b3d433d26333acb87ab
EXP-11,ESC-07,0.249476,0.606393,0.192041,0.201566,"[0.151939, 0.249476, 0.347013]",0.054402,0.44455,0.249476,0.968381,SYNTHETIC_RESEARCH_FIXTURE,OG-SYNTH-0.1,B2-0.1,generate_opus_synthetic_programme.py@0.1,20260811,True,edc0e1ea31ea212e69cfecb60482d51a3fc133fcafaaa1c5b21fbcbdac6142b7
EXP-11,ESC-08,0.425144,0.474127,0.175224,0.350648,"[0.332654, 0.425144, 0.517634]",0.240164,0.610124,0.425144,0.905126,SYNTHETIC_RESEARCH_FIXTURE,OG-SYNTH-0.1,B2-0.1,generate_opus_synthetic_programme.py@0.1,20260811,True,b0fa55a18bd72dd49283dc7efc2e66ddd36275cd7934e7d62434407bd27c62e8
EXP-11,ESC-09,0.290436,0.596104,0.159901,0.243995,"[0.202369, 0.290436, 0.378503]",0.114302,0.466571,0.290436,0.956894,SYNTHETIC_RESEARCH_FIXTURE,OG-SYNTH-0.1,B2-0.1,generate_opus_synthetic_programme.py@0.1,20260811,True,8eb5feb740133be5646d88b8b044034d1764116f6f27f347c138ec7a09c7450b
EXP-11,ESC-10,0.262922,0.597022,0.190015,0.212963,"[0.166004, 0.262922, 0.359841]",0.069086,0.456759,0.262922,0.964817,SYNTHETIC_RESEARCH_FIXTURE,OG-SYNTH-0.1,B2-0.1,generate_opus_synthetic_programme.py@0.1,20260811,True,8b62ccc606b68b92f2fe8122a8ee9a96a34153d63f4b447ef937f23ddabc0b9a
EXP-11,ESC-11,0.476592,0.451249,0.137863,0.410888,"[0.394611, 0.476592, 0.558574]",0.312629,0.640555,0.476592,0.879125,SYNTHETIC_RESEARCH_FIXTURE,OG-SYNTH-0.1,B2-0.1,generate_opus_synthetic_programme.py@0.1,20260811,True,cc899f3958d97c2032afc7bf6f153a6b80709ed42495e0b22fd58989000d26de
EXP-11,ESC-12,0.630331,0.315038,0.147784,0.537178,"[0.545649, 0.630331, 0.715013]",0.460966,0.799696,0.630331,0.776326,SYNTHETIC_RESEARCH_FIXTURE,OG-SYNTH-0.1,B2-0.1,generate_opus_synthetic_programme.py@0.1,20260811,True,5dd52b8b7c29dc7887848254c0a95f66d77be2c22d28b2df16b9c815936f138d
EXP-11,ESC-13,0.435511,0.459674,0.185681,0.354645,"[0.339907, 0.435511, 0.531115]",0.244304,0.626719,0.435511,0.900183,SYNTHETIC_RESEARCH_FIXTURE,OG-SYNTH-0.1,B2-0.1,generate_opus_synthetic_programme.py@0.1,20260811,True,cf40190fe98163037b318d568873e634a0722544bcb3c1aae0c9ed412ace985a
EXP-11,ESC-14,0.76461,0.199613,0.151991,0.648396,"[0.678764, 0.76461, 0.850457]",0.592917,0.936304,0.76461,0.644493,SYNTHETIC_RESEARCH_FIXTURE,OG-SYNTH-0.1,B2-0.1,generate_opus_synthetic_programme.py@0.1,20260811,True,70be7d24a7e183fc6f76948b51a9af7756f52ac7d10df47701fcc10753e5f0a9
EXP-11,ESC-15,0.786888,0.181066,0.150375,0.668559,"[0.70149, 0.786888, 0.872285]",0.616092,0.957683,0.786888,0.617096,SYNTHETIC_RESEARCH_FIXTURE,OG-SYNTH-0.1,B2-0.1,generate_opus_synthetic_programme.py@0.1,20260811,True,30c4d9c4313b366708aca68489057571ee542b3fa3d7d9cd138e413fef83b818
EXP-11,ESC-16,0.675057,0.274271,0.155941,0.569788,"[0.588107, 0.675057, 0.762008]",0.501157,0.848958,0.675057,0.737765,SYNTHETIC_RESEARCH_FIXTURE,OG-SYNTH-0.1,B2-0.1,generate_opus_synthetic_programme.py@0.1,20260811,True,27f88ba9eb2b48213afacec10db6aba621acf1c738e1a41037b0b0411be2d496
EXP-11,ESC-17,0.792996,0.169673,0.180341,0.649987,"[0.698992, 0.792996, 0.887]",0.604989,0.981004,0.792996,0.609227,SYNTHETIC_RESEARCH_FIXTURE,OG-SYNTH-0.1,B2-0.1,generate_opus_synthetic_programme.py@0.1,20260811,True,5b5d21d3ee605d01337144d0111d269e45fb9409d873943b926142a46792da43
EXP-11,ESC-18,0.714779,0.24722,0.133231,0.619549,"[0.634037, 0.714779, 0.795521]",0.553295,0.876263,0.714779,0.69935,SYNTHETIC_RESEARCH_FIXTURE,OG-SYNTH-0.1,B2-0.1,generate_opus_synthetic_programme.py@0.1,20260811,True,deaac091de90a306988dce385535eb4e44a2f63da205106b8e265a87b652a212
EXP-11,ESC-19,0.844201,0.127598,0.18101,0.691392,"[0.749998, 0.844201, 0.938404]",0.655794,1.0,0.844201,0.536027,SYNTHETIC_RESEARCH_FIXTURE,OG-SYNTH-0.1,B2-0.1,generate_opus_synthetic_programme.py@0.1,20260811,True,554f6fd694a5afd54ba0016a85ee807350e3a5de4520e79b73427dd4533d5d42
EXP-11,ESC-20,0.778179,0.189336,0.146446,0.664218,"[0.693864, 0.778179, 0.862493]",0.60955,0.946807,0.778179,0.628043,SYNTHETIC_RESEARCH_FIXTURE,OG-SYNTH-0.1,B2-0.1,generate_opus_synthetic_programme.py@0.1,20260811,True,7333ef4bcb8d3c54ee1f8ae3c1270e80337669705b8097f8b98de02f2e050cd3
EXP-11,ESC-21,0.971201,0.023978,0.167408,0.808614,"[0.880987, 0.971201, 1.0]",0.790774,1.0,0.971201,0.238262,SYNTHETIC_RESEARCH_FIXTURE,OG-SYNTH-0.1,B2-0.1,generate_opus_synthetic_programme.py@0.1,20260811,True,9152b83beba136d933063d2e36b9ae03196103e27272e00e8321ea257b6a6197
EXP-11,ESC-22,0.901427,0.081445,0.173767,0.744788,"[0.809364, 0.901427, 0.993489]",0.717302,1.0,0.901427,0.432932,SYNTHETIC_RESEARCH_FIXTURE,OG-SYNTH-0.1,B2-0.1,generate_opus_synthetic_programme.py@0.1,20260811,True,0bfa0fcfd7b5dd4db408db8f79ef7ed39e20bbce5c22f603a407125598bae663
EXP-11,ESC-23,0.95697,0.03704,0.139185,0.823774,"[0.874632, 0.95697, 1.0]",0.792295,1.0,0.95697,0.290185,SYNTHETIC_RESEARCH_FIXTURE,OG-SYNTH-0.1,B2-0.1,generate_opus_synthetic_programme.py@0.1,20260811,True,5e063420d7104094ae1bf3c629dd9d6a28d6e0d0d4d13c460d98e7e27cd45150
EXP-11,ESC-24,0.82483,0.140678,0.196902,0.66242,"[0.725795, 0.82483, 0.923866]",0.626759,1.0,0.82483,0.56538,SYNTHETIC_RESEARCH_FIXTURE,OG-SYNTH-0.1,B2-0.1,generate_opus_synthetic_programme.py@0.1,20260811,True,c24b884529e8e8aec674b36242cbe8d223d2cef4cf083ff3b75949e3806035f5
EXP-12,ESC-01,0.087239,0.772198,0.153997,0.073805,"[0.000833, 0.087239, 0.173645]",0.0,0.260051,0.087239,0.996187,SYNTHETIC_RESEARCH_FIXTURE,OG-SYNTH-0.1,B2-0.1,generate_opus_synthetic_programme.py@0.1,20260811,True,3c8bd378bf6ef70790d3fa5a8c8ea6a1b0f3b49cce62428c09d3d39d0882f7bb
EXP-12,ESC-02,0.14197,0.686058,0.200427,0.113516,"[0.041837, 0.14197, 0.242104]",0.0,0.342237,0.14197,0.989871,SYNTHETIC_RESEARCH_FIXTURE,OG-SYNTH-0.1,B2-0.1,generate_opus_synthetic_programme.py@0.1,20260811,True,cd18a5bb0459fc9a74155bfeef4fd0904aa17bc5883c7902a57601053f805905
EXP-12,ESC-03,0.12526,0.729154,0.166434,0.104412,"[0.035327, 0.12526, 0.215192]",0.0,0.305125,0.12526,0.992124,SYNTHETIC_RESEARCH_FIXTURE,OG-SYNTH-0.1,B2-0.1,generate_opus_synthetic_programme.py@0.1,20260811,True,d1d0ec76a2f64c51f26a1705ceca87a670bcc86850a7b000f96f86804ab2f731
EXP-12,ESC-04,0.254371,0.630922,0.153839,0.215239,"[0.16801, 0.254371, 0.340733]",0.081648,0.427095,0.254371,0.967107,SYNTHETIC_RESEARCH_FIXTURE,OG-SYNTH-0.1,B2-0.1,generate_opus_synthetic_programme.py@0.1,20260811,True,6dee062e01705bca27777480980f2daf5b3b285428eabc461ee8f5af27b5f394
EXP-12,ESC-05,0.358669,0.517027,0.193822,0.289151,"[0.260585, 0.358669, 0.456753]",0.162501,0.554837,0.358669,0.933465,SYNTHETIC_RESEARCH_FIXTURE,OG-SYNTH-0.1,B2-0.1,generate_opus_synthetic_programme.py@0.1,20260811,True,a059637c208a1dc87e4dc834356b4a1afc74677d90bbbf2ec2be090af1b51c1a
EXP-12,ESC-06,0.119653,0.717879,0.18455,0.097571,"[0.02439, 0.119653, 0.214916]",0.0,0.310179,0.119653,0.992816,SYNTHETIC_RESEARCH_FIXTURE,OG-SYNTH-0.1,B2-0.1,generate_opus_synthetic_programme.py@0.1,20260811,True,0cbc44ea1cafbdaeb373fe529821e63bc13282cb42a6831a02fb8ced32425e58
EXP-12,ESC-07,0.28225,0.582854,0.187943,0.229203,"[0.185962, 0.28225, 0.378538]",0.089673,0.474826,0.28225,0.959341,SYNTHETIC_RESEARCH_FIXTURE,OG-SYNTH-0.1,B2-0.1,generate_opus_synthetic_programme.py@0.1,20260811,True,9abc0e56bf80073d6e9a44a3672292a0e98e7726e170f82f6811779d13ee10b6
EXP-12,ESC-08,0.33251,0.553721,0.170444,0.275836,"[0.241417, 0.33251, 0.423603]",0.150324,0.514695,0.33251,0.9431,SYNTHETIC_RESEARCH_FIXTURE,OG-SYNTH-0.1,B2-0.1,generate_opus_synthetic_programme.py@0.1,20260811,True,dcd7467302d8c2fe89de7c23656b0418089b6a0a94140431d121690eaff4a316
EXP-12,ESC-09,0.572652,0.361333,0.154476,0.484191,"[0.486112, 0.572652, 0.659192]",0.399572,0.745731,0.572652,0.819799,SYNTHETIC_RESEARCH_FIXTURE,OG-SYNTH-0.1,B2-0.1,generate_opus_synthetic_programme.py@0.1,20260811,True,28ffcb077eb8867d09bef0d8a3f2d7f94bcba1c91ba09da6bd24054f4c5264af
EXP-12,ESC-10,0.147888,0.693758,0.185837,0.120405,"[0.052237, 0.147888, 0.243539]",0.0,0.33919,0.147888,0.989004,SYNTHETIC_RESEARCH_FIXTURE,OG-SYNTH-0.1,B2-0.1,generate_opus_synthetic_programme.py@0.1,20260811,True,a81287f00f140088b9596a8610f1d1f74d170c9c9c60fb1983964d6f3497bd98
EXP-12,ESC-11,0.479785,0.45182,0.131474,0.416706,"[0.39951, 0.479785, 0.560061]",0.319235,0.640336,0.479785,0.877386,SYNTHETIC_RESEARCH_FIXTURE,OG-SYNTH-0.1,B2-0.1,generate_opus_synthetic_programme.py@0.1,20260811,True,5e28347aa2a426d0a476c5e19605a4c9a2f7950077c36717232ace11a29ad9f8
EXP-12,ESC-12,0.477742,0.448183,0.141835,0.409982,"[0.394687, 0.477742, 0.560798]",0.311632,0.643853,0.477742,0.8785,SYNTHETIC_RESEARCH_FIXTURE,OG-SYNTH-0.1,B2-0.1,generate_opus_synthetic_programme.py@0.1,20260811,True,7afd939281ee6eb5eebb7a12e19e3cf00c225739cda640eaac6ce959400fbbd2
EXP-12,ESC-13,0.593803,0.332542,0.181328,0.48613,"[0.499505, 0.593803, 0.688101]",0.405206,0.782399,0.593803,0.804611,SYNTHETIC_RESEARCH_FIXTURE,OG-SYNTH-0.1,B2-0.1,generate_opus_synthetic_programme.py@0.1,20260811,True,d73d0515c7927fe4a5630a23b1a3b24ab04d2a03f16e484f45b67dd31d961d76
EXP-12,ESC-14,0.608521,0.334235,0.146225,0.51954,"[0.524267, 0.608521, 0.692775]",0.440014,0.777029,0.608521,0.793538,SYNTHETIC_RESEARCH_FIXTURE,OG-SYNTH-0.1,B2-0.1,generate_opus_synthetic_programme.py@0.1,20260811,True,a200827e9342b7605b5dfda873a943d1bc4b44c96aaf249ce517b0e0abd7ce7d
EXP-12,ESC-15,0.642075,0.306191,0.144539,0.549271,"[0.558283, 0.642075, 0.725867]",0.474491,0.809659,0.642075,0.766642,SYNTHETIC_RESEARCH_FIXTURE,OG-SYNTH-0.1,B2-0.1,generate_opus_synthetic_programme.py@0.1,20260811,True,990691fb3dd5cc372535fb84ef0a95548a5afa1cc5ebfa36b53f5b5df51843fb
EXP-12,ESC-16,0.52502,0.403568,0.150346,0.446085,"[0.43963, 0.52502, 0.61041]",0.35424,0.6958,0.52502,0.85109,SYNTHETIC_RESEARCH_FIXTURE,OG-SYNTH-0.1,B2-0.1,generate_opus_synthetic_programme.py@0.1,20260811,True,665251ce9949d82e738915bcd44291138319d2e1840b7d9b0863d6303fc9c54c
EXP-12,ESC-17,1.0,0.0,0.175771,0.824229,"[0.907349, 1.0, 1.0]",0.814698,1.0,1.0,0.0,SYNTHETIC_RESEARCH_FIXTURE,OG-SYNTH-0.1,B2-0.1,generate_opus_synthetic_programme.py@0.1,20260811,True,096b001130d46f7ea5b58d0087115e5c2c2f295cf6d0f559cdab73d45c1ab760
EXP-12,ESC-18,0.747803,0.22026,0.126634,0.653106,"[0.668804, 0.747803, 0.826802]",0.589805,0.905801,0.747803,0.66392,SYNTHETIC_RESEARCH_FIXTURE,OG-SYNTH-0.1,B2-0.1,generate_opus_synthetic_programme.py@0.1,20260811,True,f807d09e2229d2db148ad089f6621dbde7f1ab7a91f9ca3b8311d11586ac49b7
EXP-12,ESC-19,0.625433,0.308468,0.176468,0.515064,"[0.532577, 0.625433, 0.71829]",0.439721,0.811146,0.625433,0.780278,SYNTHETIC_RESEARCH_FIXTURE,OG-SYNTH-0.1,B2-0.1,generate_opus_synthetic_programme.py@0.1,20260811,True,06eaa772d753f4a621e014c17c5a972f3da22c75ad94ead28c58bb618d0c84e1
EXP-12,ESC-20,0.809397,0.163835,0.140438,0.695727,"[0.72672, 0.809397, 0.892074]",0.644044,0.97475,0.809397,0.587262,SYNTHETIC_RESEARCH_FIXTURE,OG-SYNTH-0.1,B2-0.1,generate_opus_synthetic_programme.py@0.1,20260811,True,6b337dc6c5b2d6c650a246856e11c7f282ef46287fc3b9a76a2a7e8ea5157354
EXP-12,ESC-21,0.862474,0.115205,0.162301,0.722493,"[0.773724, 0.862474, 0.951223]",0.684975,1.0,0.862474,0.506102,SYNTHETIC_RESEARCH_FIXTURE,OG-SYNTH-0.1,B2-0.1,generate_opus_synthetic_programme.py@0.1,20260811,True,837fef9a743148000c9662e65a6989aa0b1316f2856dd47b6ae2bced430f045e
EXP-12,ESC-22,0.807168,0.160258,0.168926,0.670816,"[0.716515, 0.807168, 0.89782]",0.625863,0.988473,0.807168,0.590322,SYNTHETIC_RESEARCH_FIXTURE,OG-SYNTH-0.1,B2-0.1,generate_opus_synthetic_programme.py@0.1,20260811,True,d0c35f67d6b2e28e3430906420d9f35b3e212203362a53cf0f528f6576bf4c51
EXP-12,ESC-23,0.979159,0.018072,0.132855,0.849072,"[0.898517, 0.979159, 1.0]",0.817875,1.0,0.979159,0.203095,SYNTHETIC_RESEARCH_FIXTURE,OG-SYNTH-0.1,B2-0.1,generate_opus_synthetic_programme.py@0.1,20260811,True,631f2c957b5c93cd592634f9aa8bf731a99be905f9a929508ed0eecfef4742ad
EXP-12,ESC-24,1.0,0.0,0.192998,0.807002,"[0.902169, 1.0, 1.0]",0.804338,1.0,1.0,0.0,SYNTHETIC_RESEARCH_FIXTURE,OG-SYNTH-0.1,B2-0.1,generate_opus_synthetic_programme.py@0.1,20260811,True,3a7c5de6c86ab9466e00d46e786b82683d97acc96d83d6a1efb0ff00a3761a34
EXP-13,ESC-01,0.0,0.851519,0.148481,0.0,"[0.0, 0.0, 0.084875]",0.0,0.169749,0.0,1.0,SYNTHETIC_RESEARCH_FIXTURE,OG-SYNTH-0.1,B2-0.1,generate_opus_synthetic_programme.py@0.1,20260811,True,bbc639961335c6524de31798a7919b6ee6622babb3681ba3adf5e26285deca04
EXP-13,ESC-02,0.0,0.803231,0.196769,0.0,"[0.0, 0.0, 0.098994]",0.0,0.197989,0.0,1.0,SYNTHETIC_RESEARCH_FIXTURE,OG-SYNTH-0.1,B2-0.1,generate_opus_synthetic_programme.py@0.1,20260811,True,779bad64a018fe9c791ff25004f28265965f71a30201216b956dc261b8523b68
EXP-13,ESC-03,0.146939,0.715348,0.161434,0.123218,"[0.058436, 0.146939, 0.235441]",0.0,0.323944,0.146939,0.989146,SYNTHETIC_RESEARCH_FIXTURE,OG-SYNTH-0.1,B2-0.1,generate_opus_synthetic_programme.py@0.1,20260811,True,f29caa84f2a0dc3b43beb0134413113726fd0c4a09d88d5633d79d527d98668f
EXP-13,ESC-04,0.212937,0.670328,0.148317,0.181355,"[0.128108, 0.212937, 0.297766]",0.043278,0.382595,0.212937,0.977066,SYNTHETIC_RESEARCH_FIXTURE,OG-SYNTH-0.1,B2-0.1,generate_opus_synthetic_programme.py@0.1,20260811,True,218f68111d9f0b826389afec403e82fbee2fcd1038b1179a77dbf4ece59a5dbf
EXP-13,ESC-05,0.291849,0.573665,0.189911,0.236424,"[0.194963, 0.291849, 0.388736]",0.098076,0.485622,0.291849,0.956464,SYNTHETIC_RESEARCH_FIXTURE,OG-SYNTH-0.1,B2-0.1,generate_opus_synthetic_programme.py@0.1,20260811,True,ecc05820308559da7f88b698686d691d7100e50a8c41e4cfba082abcaf04d424
EXP-13,ESC-06,0.169447,0.680823,0.180278,0.1389,"[0.075462, 0.169447, 0.263432]",0.0,0.357417,0.169447,0.985539,SYNTHETIC_RESEARCH_FIXTURE,OG-SYNTH-0.1,B2-0.1,generate_opus_synthetic_programme.py@0.1,20260811,True,5b95bd468d0fce53f8c455318298819f230bfe4923edcbe2ec254d43dcf6f8ac
EXP-13,ESC-07,0.257225,0.60625,0.183805,0.209946,"[0.162185, 0.257225, 0.352264]",0.067146,0.447303,0.257225,0.966352,SYNTHETIC_RESEARCH_FIXTURE,OG-SYNTH-0.1,B2-0.1,generate_opus_synthetic_programme.py@0.1,20260811,True,e89378c05ca5e914050023109f1f1daecf35f95ae23bb76df5471421dc99c549
EXP-13,ESC-08,0.376774,0.520015,0.165608,0.314377,"[0.287078, 0.376774, 0.466469]",0.197383,0.556165,0.376774,0.926305,SYNTHETIC_RESEARCH_FIXTURE,OG-SYNTH-0.1,B2-0.1,generate_opus_synthetic_programme.py@0.1,20260811,True,505d4ca3d42f062e6d0c6c11626892cf3d46bc9d4da2055e350a55a0cf26e5c5
EXP-13,ESC-09,0.502824,0.423106,0.148981,0.427913,"[0.417812, 0.502824, 0.587837]",0.3328,0.672849,0.502824,0.864389,SYNTHETIC_RESEARCH_FIXTURE,OG-SYNTH-0.1,B2-0.1,generate_opus_synthetic_programme.py@0.1,20260811,True,0029f6812e04887529e0f3250617b04c12e6b95afc09c96261f6525f6fef9746
EXP-13,ESC-10,0.512471,0.398986,0.181616,0.419398,"[0.418087, 0.512471, 0.606855]",0.323703,0.701239,0.512471,0.858705,SYNTHETIC_RESEARCH_FIXTURE,OG-SYNTH-0.1,B2-0.1,generate_opus_synthetic_programme.py@0.1,20260811,True,6eb18a1f83e0bf87c3932affc17187b7c705cb0118c7bfb88660a1fe8460b02a
EXP-13,ESC-11,0.426933,0.50144,0.12499,0.37357,"[0.348364, 0.426933, 0.505501]",0.269795,0.58407,0.426933,0.904283,SYNTHETIC_RESEARCH_FIXTURE,OG-SYNTH-0.1,B2-0.1,generate_opus_synthetic_programme.py@0.1,20260811,True,efe345b4dbab6aa1f2c816fcc8d0eacf92d9971d79568577ba8896224d52ce95
EXP-13,ESC-12,0.510284,0.423211,0.135802,0.440987,"[0.428856, 0.510284, 0.591713]",0.347428,0.673141,0.510284,0.860006,SYNTHETIC_RESEARCH_FIXTURE,OG-SYNTH-0.1,B2-0.1,generate_opus_synthetic_programme.py@0.1,20260811,True,054666ce4f30336d847d3881ac07b68198c41011769e89b23a1d5db7b625b113
EXP-13,ESC-13,0.527251,0.389106,0.176929,0.433965,"[0.434258, 0.527251, 0.620243]",0.341266,0.713236,0.527251,0.84971,SYNTHETIC_RESEARCH_FIXTURE,OG-SYNTH-0.1,B2-0.1,generate_opus_synthetic_programme.py@0.1,20260811,True,f57649a4ba9769ff8d0e7a8cf3a87acd956ba41ff43ce2457a7b6fd1fe2281d9
EXP-13,ESC-14,0.775838,0.192694,0.14038,0.666926,"[0.693177, 0.775838, 0.858499]",0.610516,0.94116,0.775838,0.630932,SYNTHETIC_RESEARCH_FIXTURE,OG-SYNTH-0.1,B2-0.1,generate_opus_synthetic_programme.py@0.1,20260811,True,4c327b9e394160568d5c33eaab8c7cc8fe335ec686bd6418e96d60a712dfd477
EXP-13,ESC-15,0.657125,0.295345,0.138622,0.566033,"[0.574939, 0.657125, 0.739311]",0.492753,0.821497,0.657125,0.753782,SYNTHETIC_RESEARCH_FIXTURE,OG-SYNTH-0.1,B2-0.1,generate_opus_synthetic_programme.py@0.1,20260811,True,2c88e43484fc36645c4272955e23780ed02424d3b49d0ec58351d6ae13f41e6d
EXP-13,ESC-16,0.701208,0.255564,0.144677,0.599759,"[0.617378, 0.701208, 0.785037]",0.533548,0.868867,0.701208,0.712957,SYNTHETIC_RESEARCH_FIXTURE,OG-SYNTH-0.1,B2-0.1,generate_opus_synthetic_programme.py@0.1,20260811,True,9a57e678929805b9fbf6f87f2499c404be2f32a656a4dd57b8c24e99e04ea2c1
EXP-13,ESC-17,0.861588,0.114723,0.17115,0.714127,"[0.77029, 0.861588, 0.952886]",0.678992,1.0,0.861588,0.507608,SYNTHETIC_RESEARCH_FIXTURE,OG-SYNTH-0.1,B2-0.1,generate_opus_synthetic_programme.py@0.1,20260811,True,7325fd821f423666e38fbe0cd211c7d9490a80090509ff54b92c9d8ddbaa524c
EXP-13,ESC-18,0.620586,0.333909,0.119936,0.546155,"[0.54333, 0.620586, 0.697842]",0.466073,0.775098,0.620586,0.784139,SYNTHETIC_RESEARCH_FIXTURE,OG-SYNTH-0.1,B2-0.1,generate_opus_synthetic_programme.py@0.1,20260811,True,14468cd934fde9adfd6ac914db09d3e60e0e8b9f474717cec6593f8e99d80549
EXP-13,ESC-19,0.627092,0.308815,0.171875,0.519311,"[0.535582, 0.627092, 0.718601]",0.444073,0.810111,0.627092,0.778945,SYNTHETIC_RESEARCH_FIXTURE,OG-SYNTH-0.1,B2-0.1,generate_opus_synthetic_programme.py@0.1,20260811,True,03d6d87242ca10e0b04d35b51b3cbed1000c9880d6bbcf4e0961ecf020d6d8d0
EXP-13,ESC-20,0.636024,0.315078,0.134344,0.550578,"[0.554985, 0.636024, 0.717063]",0.473947,0.798102,0.636024,0.771669,SYNTHETIC_RESEARCH_FIXTURE,OG-SYNTH-0.1,B2-0.1,generate_opus_synthetic_programme.py@0.1,20260811,True,8885e98ec79e10ff4548f858b4b938b55200443d5d5e22b674f79841b2e40696
EXP-13,ESC-21,0.937935,0.052312,0.157132,0.790556,"[0.85065, 0.937935, 1.0]",0.763365,1.0,0.937935,0.34681,SYNTHETIC_RESEARCH_FIXTURE,OG-SYNTH-0.1,B2-0.1,generate_opus_synthetic_programme.py@0.1,20260811,True,04d4a50f20e686981009c5e995730963e9bacb94ee999f9d6ae3f38843b70c1c
EXP-13,ESC-22,0.846444,0.128368,0.164029,0.707603,"[0.757201, 0.846444, 0.935687]",0.667959,1.0,0.846444,0.532478,SYNTHETIC_RESEARCH_FIXTURE,OG-SYNTH-0.1,B2-0.1,generate_opus_synthetic_programme.py@0.1,20260811,True,a3c23a22d1e47ef1adc8986a7ccbe4002cf3288f871ca9666bfb1fe80e5b14ea
EXP-13,ESC-23,0.93483,0.05693,0.126432,0.816638,"[0.855884, 0.93483, 1.0]",0.776938,1.0,0.93483,0.355095,SYNTHETIC_RESEARCH_FIXTURE,OG-SYNTH-0.1,B2-0.1,generate_opus_synthetic_programme.py@0.1,20260811,True,f17710a0923329a02775cda7314dc8617b1bb86634657b11b4f3c024ecc4b3f3
EXP-13,ESC-24,0.997418,0.002094,0.189055,0.808851,"[0.900792, 0.997418, 1.0]",0.804166,1.0,0.997418,0.071813,SYNTHETIC_RESEARCH_FIXTURE,OG-SYNTH-0.1,B2-0.1,generate_opus_synthetic_programme.py@0.1,20260811,True,f94f7ea729c7fe7dd85fe4ef247fbb124550f0c49383d59609aa0102f297666d
EXP-14,ESC-01,0.296708,0.602796,0.142894,0.25431,"[0.213365, 0.296708, 0.380051]",0.130022,0.463395,0.296708,0.954968,SYNTHETIC_RESEARCH_FIXTURE,OG-SYNTH-0.1,B2-0.1,generate_opus_synthetic_programme.py@0.1,20260811,True,befce58571605ae08c2ee87fd6d83abe7e4a52bebd37265dc1ea4e9c76d3d538
EXP-14,ESC-02,0.36306,0.513961,0.193078,0.292961,"[0.265205, 0.36306, 0.460915]",0.167349,0.558771,0.36306,0.931766,SYNTHETIC_RESEARCH_FIXTURE,OG-SYNTH-0.1,B2-0.1,generate_opus_synthetic_programme.py@0.1,20260811,True,190bdfa582687759703f603eefb0221ff2cb205396e7a507878db2aab73a7350
EXP-14,ESC-03,0.364495,0.536128,0.156374,0.307497,"[0.277423, 0.364495, 0.451567]",0.190351,0.538639,0.364495,0.931205,SYNTHETIC_RESEARCH_FIXTURE,OG-SYNTH-0.1,B2-0.1,generate_opus_synthetic_programme.py@0.1,20260811,True,82db12fcddd2bd0e89213e45318dcba807166c7206b374cd0fa9e4902704331c
EXP-14,ESC-04,0.30644,0.594573,0.142722,0.262704,"[0.223144, 0.30644, 0.389737]",0.139847,0.473034,0.30644,0.95189,SYNTHETIC_RESEARCH_FIXTURE,OG-SYNTH-0.1,B2-0.1,generate_opus_synthetic_programme.py@0.1,20260811,True,7fa860a15f69267051b665d6bdcbe55c4bcd039cfb2ab97993275447f6bc40bb
EXP-14,ESC-05,0.440887,0.455139,0.185962,0.358898,"[0.345198, 0.440887, 0.536575]",0.249509,0.632264,0.440887,0.897563,SYNTHETIC_RESEARCH_FIXTURE,OG-SYNTH-0.1,B2-0.1,generate_opus_synthetic_programme.py@0.1,20260811,True,9faef27d23931a358895ebd5539e4f1fc0f045923b2544ce1d159eb005527f2a
EXP-14,ESC-06,0.447114,0.455599,0.175961,0.36844,"[0.354408, 0.447114, 0.539821]",0.261701,0.632528,0.447114,0.894477,SYNTHETIC_RESEARCH_FIXTURE,OG-SYNTH-0.1,B2-0.1,generate_opus_synthetic_programme.py@0.1,20260811,True,434faa56eeb0e834f069238af15e6874a45353bd3a3e28cc515f31f8ba6740eb
EXP-14,ESC-07,0.257786,0.608895,0.179623,0.211482,"[0.163996, 0.257786, 0.351577]",0.070205,0.445367,0.257786,0.966202,SYNTHETIC_RESEARCH_FIXTURE,OG-SYNTH-0.1,B2-0.1,generate_opus_synthetic_programme.py@0.1,20260811,True,96f18f05fcc3b9df3ee726bb06ecd3fa980cac5d5ac0252dc7a0dabcb19f6279
EXP-14,ESC-08,0.344819,0.549883,0.160715,0.289402,"[0.256521, 0.344819, 0.433117]",0.168223,0.521415,0.344819,0.938669,SYNTHETIC_RESEARCH_FIXTURE,OG-SYNTH-0.1,B2-0.1,generate_opus_synthetic_programme.py@0.1,20260811,True,91029cc17ef966ca847f7dde986dae985e946eb450fee14597439022f7e84602
EXP-14,ESC-09,0.396381,0.517052,0.143414,0.339534,"[0.312896, 0.396381, 0.479865]",0.229411,0.56335,0.396381,0.918086,SYNTHETIC_RESEARCH_FIXTURE,OG-SYNTH-0.1,B2-0.1,generate_opus_synthetic_programme.py@0.1,20260811,True,653e2b9b90d564a0c3931115b013d33da91a8862926db4ad69dd5fe808ba8146
EXP-14,ESC-10,0.226029,0.636707,0.177351,0.185943,"[0.132912, 0.226029, 0.319146]",0.039795,0.412263,0.226029,0.974121,SYNTHETIC_RESEARCH_FIXTURE,OG-SYNTH-0.1,B2-0.1,generate_opus_synthetic_programme.py@0.1,20260811,True,cea884dea450b309b6f75f69440105b20e0fbf8a0bc4878e4ea5d334e73cd01f
EXP-14,ESC-11,0.511831,0.430366,0.118408,0.451226,"[0.434969, 0.511831, 0.588693]",0.358106,0.665556,0.511831,0.859086,SYNTHETIC_RESEARCH_FIXTURE,OG-SYNTH-0.1,B2-0.1,generate_opus_synthetic_programme.py@0.1,20260811,True,84519709b5ef5d3194f7553eb658d3f7e5d8d42788da9a619ff772608a29d968
EXP-14,ESC-12,0.585124,0.361073,0.129683,0.509243,"[0.505323, 0.585124, 0.664926]",0.425521,0.744727,0.585124,0.810944,SYNTHETIC_RESEARCH_FIXTURE,OG-SYNTH-0.1,B2-0.1,generate_opus_synthetic_programme.py@0.1,20260811,True,bb2a27ae20fd537d4e2ddb25c6670428e80b6286dba00a3e06c3c6239709254e
EXP-14,ESC-13,0.495681,0.417333,0.172482,0.410185,"[0.403994, 0.495681, 0.587367]",0.312308,0.679054,0.495681,0.868505,SYNTHETIC_RESEARCH_FIXTURE,OG-SYNTH-0.1,B2-0.1,generate_opus_synthetic_programme.py@0.1,20260811,True,abc7c415b147825a696c722d78e75ce4567b1a5e319a30a9db2378983fdd40a6
EXP-14,ESC-14,0.67731,0.279303,0.134455,0.586242,"[0.596241, 0.67731, 0.758378]",0.515173,0.839446,0.67731,0.735698,SYNTHETIC_RESEARCH_FIXTURE,OG-SYNTH-0.1,B2-0.1,generate_opus_synthetic_programme.py@0.1,20260811,True,3152e6bab8db0c3b814441ee507ac3d6925805a61b280472c240ce9e008de047
EXP-14,ESC-15,0.756059,0.211589,0.132622,0.655789,"[0.675479, 0.756059, 0.836639]",0.594899,0.917219,0.756059,0.654503,SYNTHETIC_RESEARCH_FIXTURE,OG-SYNTH-0.1,B2-0.1,generate_opus_synthetic_programme.py@0.1,20260811,True,7b244c222b28ea576d4a51f157ea36ebbcc9bf515971d4747230fb349c3aaa52
EXP-14,ESC-16,0.503648,0.427393,0.138931,0.433675,"[0.421378, 0.503648, 0.585917]",0.339109,0.668187,0.503648,0.863909,SYNTHETIC_RESEARCH_FIXTURE,OG-SYNTH-0.1,B2-0.1,generate_opus_synthetic_programme.py@0.1,20260811,True,14685efd632f7d74ba678cfe3bc5cafd4f093aa2258ba796d3fef3842ebd6613
EXP-14,ESC-17,0.74763,0.210356,0.166477,0.623167,"[0.657684, 0.74763, 0.837575]",0.567739,0.92752,0.74763,0.664116,SYNTHETIC_RESEARCH_FIXTURE,OG-SYNTH-0.1,B2-0.1,generate_opus_synthetic_programme.py@0.1,20260811,True,3ac2cd79aa01bf98a5e0b5cb4c82da6e06dc832eb3013da39752f68132d2f82f
EXP-14,ESC-18,0.690677,0.274328,0.113135,0.612538,"[0.615164, 0.690677, 0.766191]",0.539651,0.841704,0.690677,0.723163,SYNTHETIC_RESEARCH_FIXTURE,OG-SYNTH-0.1,B2-0.1,generate_opus_synthetic_programme.py@0.1,20260811,True,b786bbffab4b5cb39ac27ac2a9d61125366f329677f68b4d8e415c2bc191278c
EXP-14,ESC-19,0.791825,0.173362,0.16723,0.659408,"[0.701662, 0.791825, 0.881987]",0.6115,0.972149,0.791825,0.610749,SYNTHETIC_RESEARCH_FIXTURE,OG-SYNTH-0.1,B2-0.1,generate_opus_synthetic_programme.py@0.1,20260811,True,26752b8dc8f643c8116ae81a9277d72958bd01a9ee992ba9b060caba35f50e6e
EXP-14,ESC-20,0.812713,0.163284,0.128164,0.708553,"[0.733312, 0.812713, 0.892114]",0.653911,0.971515,0.812713,0.582664,SYNTHETIC_RESEARCH_FIXTURE,OG-SYNTH-0.1,B2-0.1,generate_opus_synthetic_programme.py@0.1,20260811,True,4cdc4665fc54f2cfa5224824da544417cb0420947e683bcb58369a65503b94db
EXP-14,ESC-21,0.742462,0.218419,0.151898,0.629683,"[0.656641, 0.742462, 0.828283]",0.57082,0.914103,0.742462,0.669888,SYNTHETIC_RESEARCH_FIXTURE,OG-SYNTH-0.1,B2-0.1,generate_opus_synthetic_programme.py@0.1,20260811,True,486d4b62a4f8f7186c753575dd8cc6da44473a8e1382fdc1cccd29d8e2ebc461
EXP-14,ESC-22,1.0,0.0,0.159073,0.840927,"[0.912167, 1.0, 1.0]",0.824335,1.0,1.0,0.0,SYNTHETIC_RESEARCH_FIXTURE,OG-SYNTH-0.1,B2-0.1,generate_opus_synthetic_programme.py@0.1,20260811,True,e4890d3df37af4689deb4892e77ac26ee2af2a8da32bba076960811100c7d1f7
EXP-14,ESC-23,0.913809,0.075856,0.119913,0.804232,"[0.836559, 0.913809, 0.991059]",0.759308,1.0,0.913809,0.406145,SYNTHETIC_RESEARCH_FIXTURE,OG-SYNTH-0.1,B2-0.1,generate_opus_synthetic_programme.py@0.1,20260811,True,b49a06a9950a714934bafda4b2344c81cc53b52ee80b9c45d22c79f07e36be35
EXP-14,ESC-24,0.813406,0.15206,0.185074,0.662865,"[0.717985, 0.813406, 0.908827]",0.622564,1.0,0.813406,0.581697,SYNTHETIC_RESEARCH_FIXTURE,OG-SYNTH-0.1,B2-0.1,generate_opus_synthetic_programme.py@0.1,20260811,True,4f6a26ca7a92d44e92b0f87558b07edfb52cddcf4a7a662e728b360f546ee230
EXP-15,ESC-01,0.116351,0.762385,0.137232,0.100384,"[0.034539, 0.116351, 0.198163]",0.0,0.279975,0.116351,0.993208,SYNTHETIC_RESEARCH_FIXTURE,OG-SYNTH-0.1,B2-0.1,generate_opus_synthetic_programme.py@0.1,20260811,True,9279bb547ddec30f6287a382ce9ecafc4a9741717b86d022cb60d30442c463f1
EXP-15,ESC-02,0.164583,0.677229,0.189352,0.133419,"[0.067867, 0.164583, 0.261299]",0.0,0.358015,0.164583,0.986363,SYNTHETIC_RESEARCH_FIXTURE,OG-SYNTH-0.1,B2-0.1,generate_opus_synthetic_programme.py@0.1,20260811,True,80d50d5b38b670fa3505115f2cbc1d32f698c19e6619e6e814c3041e4f472d43
EXP-15,ESC-03,0.310939,0.584838,0.151253,0.263909,"[0.225297, 0.310939, 0.39658]",0.139656,0.482222,0.310939,0.95043,SYNTHETIC_RESEARCH_FIXTURE,OG-SYNTH-0.1,B2-0.1,generate_opus_synthetic_programme.py@0.1,20260811,True,4bfece6ca1ee97164b06816645a38256cb2880320ca626bf1856f8faeb5bb684
EXP-15,ESC-04,0.235809,0.659456,0.137054,0.20349,"[0.154044, 0.235809, 0.317573]",0.07228,0.399337,0.235809,0.9718,SYNTHETIC_RESEARCH_FIXTURE,OG-SYNTH-0.1,B2-0.1,generate_opus_synthetic_programme.py@0.1,20260811,True,581c45be7c14b271be387efb61283d3a45c3a98746ef04ff638dcea5aae4cc33
EXP-15,ESC-05,0.427275,0.468503,0.181975,0.349522,"[0.332784, 0.427275, 0.521766]",0.238293,0.616258,0.427275,0.904122,SYNTHETIC_RESEARCH_FIXTURE,OG-SYNTH-0.1,B2-0.1,generate_opus_synthetic_programme.py@0.1,20260811,True,47319ac214ac979f2c3105af32800ee85cad112f73c0e4e26641779e1e680238
EXP-15,ESC-06,0.435588,0.46756,0.171598,0.360842,"[0.344159, 0.435588, 0.527017]",0.252731,0.618445,0.435588,0.900146,SYNTHETIC_RESEARCH_FIXTURE,OG-SYNTH-0.1,B2-0.1,generate_opus_synthetic_programme.py@0.1,20260811,True,104d8d3ff13bbe4e454d9167f51869d6984108d5249b6f88469b3f2a33046cd3
EXP-15,ESC-07,0.401374,0.493627,0.175399,0.330974,"[0.308833, 0.401374, 0.493916]",0.216291,0.586457,0.401374,0.915914,SYNTHETIC_RESEARCH_FIXTURE,OG-SYNTH-0.1,B2-0.1,generate_opus_synthetic_programme.py@0.1,20260811,True,a6ac3cbad8bdb486af061b6dbe8142c6e86d53b9cc77ac1b0eef972a671a7244
EXP-15,ESC-08,0.356194,0.543523,0.155765,0.300712,"[0.269294, 0.356194, 0.443095]",0.182393,0.529996,0.356194,0.934412,SYNTHETIC_RESEARCH_FIXTURE,OG-SYNTH-0.1,B2-0.1,generate_opus_synthetic_programme.py@0.1,20260811,True,15e4c87a8386440998cb2fa0bc4ffab0e536164ef184f06ef78222082c95658d
EXP-15,ESC-09,0.439634,0.483162,0.137773,0.379065,"[0.357677, 0.439634, 0.521592]",0.275719,0.603549,0.439634,0.898177,SYNTHETIC_RESEARCH_FIXTURE,OG-SYNTH-0.1,B2-0.1,generate_opus_synthetic_programme.py@0.1,20260811,True,944abf2a7a7cd3d3ad1a734e7824ed645c5e20e00504fa2263ff9f59417c6f96
EXP-15,ESC-10,0.519523,0.397335,0.173041,0.429624,"[0.427673, 0.519523, 0.611372]",0.335823,0.703222,0.519523,0.854457,SYNTHETIC_RESEARCH_FIXTURE,OG-SYNTH-0.1,B2-0.1,generate_opus_synthetic_programme.py@0.1,20260811,True,ee3e08e70c8fad11e5ab6b4d5711847fe0a9efa872ad11b6ec780988fbe43bac
EXP-15,ESC-11,0.409874,0.524193,0.111727,0.36408,"[0.334718, 0.409874, 0.48503]",0.259562,0.560186,0.409874,0.912142,SYNTHETIC_RESEARCH_FIXTURE,OG-SYNTH-0.1,B2-0.1,generate_opus_synthetic_programme.py@0.1,20260811,True,3515eb61e67eea6b142d78653192bbcac1ac8a5e848c078b41a7e291d9bfa239
EXP-15,ESC-12,0.550559,0.393945,0.123477,0.482577,"[0.472384, 0.550559, 0.628733]",0.39421,0.706908,0.550559,0.834796,SYNTHETIC_RESEARCH_FIXTURE,OG-SYNTH-0.1,B2-0.1,generate_opus_synthetic_programme.py@0.1,20260811,True,6bb23a2bc6ccc8e33e6d76131a39dd8c54829fb6fe7bdcbc1b38034c671615d1
EXP-15,ESC-13,0.605876,0.327916,0.167987,0.504097,"[0.515495, 0.605876, 0.696257]",0.425114,0.786638,0.605876,0.795559,SYNTHETIC_RESEARCH_FIXTURE,OG-SYNTH-0.1,B2-0.1,generate_opus_synthetic_programme.py@0.1,20260811,True,1d47073cc3dd1a1b0ccdd9f722877990c5777c51a73cfd35802bccd221ef18d3
EXP-15,ESC-14,0.699451,0.261944,0.128448,0.609608,"[0.619976, 0.699451, 0.778927]",0.5405,0.858402,0.699451,0.71468,SYNTHETIC_RESEARCH_FIXTURE,OG-SYNTH-0.1,B2-0.1,generate_opus_synthetic_programme.py@0.1,20260811,True,0713b35b4628c528d94b70fd423206ea9a9e629f964762a3283372496814ed60
EXP-15,ESC-15,0.808314,0.16743,0.126539,0.706031,"[0.72934, 0.808314, 0.887288]",0.650366,0.966262,0.808314,0.588752,SYNTHETIC_RESEARCH_FIXTURE,OG-SYNTH-0.1,B2-0.1,generate_opus_synthetic_programme.py@0.1,20260811,True,fb7645eedb0fe6a3b5a4607c8827c576b1d4556998950f8614ba771e9831a1a8
EXP-15,ESC-16,0.672431,0.283967,0.133108,0.582926,"[0.591722, 0.672431, 0.753141]",0.511013,0.83385,0.672431,0.740159,SYNTHETIC_RESEARCH_FIXTURE,OG-SYNTH-0.1,B2-0.1,generate_opus_synthetic_programme.py@0.1,20260811,True,d58fd3582c64da231333a6fe00594a18f6e546e5a9d31e6bfa4e5e9d765e5621
EXP-15,ESC-17,0.663075,0.282427,0.161751,0.555822,"[0.574482, 0.663075, 0.751667]",0.48589,0.84026,0.663075,0.748553,SYNTHETIC_RESEARCH_FIXTURE,OG-SYNTH-0.1,B2-0.1,generate_opus_synthetic_programme.py@0.1,20260811,True,0a5d60ced16f69915ba98645425c3bdbf0f99e69d8e7e2b62feb9ef354481b70
EXP-15,ESC-18,0.725857,0.245022,0.106227,0.648751,"[0.652086, 0.725857, 0.799627]",0.578316,0.873398,0.725857,0.687846,SYNTHETIC_RESEARCH_FIXTURE,OG-SYNTH-0.1,B2-0.1,generate_opus_synthetic_programme.py@0.1,20260811,True,2159b7a7375e2a8f404810ca894584bc382447d0a66291c81fedf36207b16b94
EXP-15,ESC-19,0.72407,0.231082,0.162533,0.606385,"[0.635255, 0.72407, 0.812886]",0.546439,0.901701,0.72407,0.689726,SYNTHETIC_RESEARCH_FIXTURE,OG-SYNTH-0.1,B2-0.1,generate_opus_synthetic_programme.py@0.1,20260811,True,2d8880e81de3f2e4256e6b3fd8578103a729bac3ace917b50eead2cb89c36753
EXP-15,ESC-20,0.841926,0.138805,0.121895,0.7393,"[0.764163, 0.841926, 0.91969]",0.6864,0.997453,0.841926,0.539592,SYNTHETIC_RESEARCH_FIXTURE,OG-SYNTH-0.1,B2-0.1,generate_opus_synthetic_programme.py@0.1,20260811,True,85a3e2b47435d61c7334a00abda416fe3b427103af2f82abca026eeec7a44c49
EXP-15,ESC-21,0.862408,0.117421,0.146599,0.73598,"[0.778051, 0.862408, 0.946764]",0.693695,1.0,0.862408,0.506214,SYNTHETIC_RESEARCH_FIXTURE,OG-SYNTH-0.1,B2-0.1,generate_opus_synthetic_programme.py@0.1,20260811,True,780ee0fa82aeba894f3e8dc83a7b89ae0197e7db69c0b02271f6dc3a9df02941
EXP-15,ESC-22,0.86158,0.117095,0.154058,0.728847,"[0.775158, 0.86158, 0.948003]",0.688735,1.0,0.86158,0.507621,SYNTHETIC_RESEARCH_FIXTURE,OG-SYNTH-0.1,B2-0.1,generate_opus_synthetic_programme.py@0.1,20260811,True,0874fa669432eaaa325c3c418ff307c09a43470671d4cd4d2302beb4f0445329
EXP-15,ESC-23,0.953111,0.041577,0.113295,0.845128,"[0.877557, 0.953111, 1.0]",0.802003,1.0,0.953111,0.302621,SYNTHETIC_RESEARCH_FIXTURE,OG-SYNTH-0.1,B2-0.1,generate_opus_synthetic_programme.py@0.1,20260811,True,ad2359ae0b4f8674f357a5534b38734570069c366020c42b9ff207836816f49f
EXP-15,ESC-24,0.688941,0.25474,0.181054,0.564206,"[0.594725, 0.688941, 0.783157]",0.500509,0.877374,0.688941,0.724817,SYNTHETIC_RESEARCH_FIXTURE,OG-SYNTH-0.1,B2-0.1,generate_opus_synthetic_programme.py@0.1,20260811,True,761fe026c51f5da2a181233983596ddb294d6713831c49c41e078524296b60d1
